S3150800000098A40020250400080D5500089D3E000808
S31508000010095500084D2B00086B7B000800000000FE
S315080000200000000000000000000000006503000852
S31508000030B12C000800000000C1030008555E000846
S315080000403F0400083F0400083F0400083F04000876
S315080000503F0400083F0400083F0400083F04000866
S315080000603F0400083F0400083F0400083F04000856
S315080000703F0400083F0400083F0400083F04000846
S315080000803F0400083F0400083F0400083F04000836
S31508000090FD7A00083F0400083F0400083F040008F2
S315080000A03F0400083F0400083F0400083F04000816
S315080000B03F0400083F0400083F0400083F04000806
S315080000C03F0400083F0400083F0400083F040008F6
S315080000D03F040008C96300083F0400087564000867
S315080000E04D2D00083F0400083F0400083F0400089F
S315080000F03F0400083F0400083F0400083F040008C6
S315080001003F0400083F0400083F0400083F040008B5
S315080001103F0400083F0400083F0400083F040008A5
S315080001203F0400083F0400083F0400083F04000895
S315080001303F0400083F0400083F0400083F04000885
S315080001403F0400083F0400083F04000800000000C0
S315080001500000000000000000000000000000000091
S315080001600000000000000000000000003F04000836
S315080001703F0400083F0400083F0400083F04000845
S315080001803F0400083F0400083F0400083F04000835
S315080001903F040008000000003F0400083F04000870
S315080001A03F0400083F0400083F0400083F04000815
S315080001B03F0400083F0400083F0400083F04000805
S315080001C03F0400083F0400083F0400083F040008F5
S315080001D03F0400083F04000800F002F800F0B2F8F7
S315080001E00AA090E8000C82448344AAF10107DA4584
S315080001F001D100F0A7F8AFF2090EBAE80F0013F024
S31508000200010F18BFFB1A43F00103184788A4000022
S31508000210A8A400000A444FF0000C10F8013B13F0A4
S31508000220070408BF10F8014B1D1108BF10F8015B41
S31508000230641E05D010F8016B641E01F8016BF9D134
S3150800024013F0080F1EBF10F8014BAD1C0C1B09D18B
S315080002506D1E58BF01F801CBFAD505E014F8016BFD
S3150800026001F8016B6D1EF9D59142D6D3704700008F
S315080002700023002400250026103A28BF78C1FBD8A1
S31508000280520728BF30C148BF0B6070476E2900F07F
S31508000290CF83702900F03F8766290AF075806529A3
S315080002A00AF0728067290AF06F8061290AF06E8069
S315080002B003681B0A28BF41F08001692900F07C8386
S315080002C0642900F07983752900F076836F2900F098
S315080002D0CC86782900F00B87E92900F06786E4299F
S315080002E000F06486F52900F06186EF2900F0C986DA
S315080002F0F82900F00A870368DB0928BF41F0800166
S31508000300632900F0E885732900F0ED85E32901F0FB
S31508000310B781F32901F0BC81002070471FB50AF0A8
S3150800032026F800F043FF04000020002109F0A6FD8E
S31508000330401C60600020002109F08AFDE0601FBDB6
S3150800034010B510BD01F090FA1146FFF7E7FF07F068
S31508000350E5FE01F0EBFA03B4FFF7F2FF03BC01F088
S315080003606FFD00002C4B19680868B0E8F04F80F361
S315080003700988BFF36F8F4FF0000080F3118870472C
S315080003800000000008480068006880F308884FF0FD
S31508000390000080F3148862B661B6BFF34F8FBFF3CF
S315080003A06F8F00DF00BF00BF08ED00E0DFF80C002C
S315080003B0016841F470010160704700BF88ED00E0F4
S315080003C0EFF30980BFF36F8F134B1A681EF0100FF7
S315080003D008BF20ED108A20E9F04F106009B44FF0ED
S315080003E0500080F31188BFF34F8FBFF36F8F08F06B
S315080003F029FE4FF0000080F3118809BC19680868C7
S31508000400B0E8F04F1EF0100F08BFB0EC108A80F36A
S315080004100988BFF36F8F704760000020EFF30580EF
S31508000420704700000948804709480047FEE7FEE78D
S31508000430FEE7FEE7FEE7FEE7FEE7FEE7FEE7FEE786
S3150800044004480549054A064B704700005D5F0008E9
S31508000450D9010008989E002098A4002098A00020A2
S3150800046098A000207CB51D4616460C00009001D0C9
S315080004702044401E074B7B442A4669460190304675
S3150800048000F0FFFC05461CB10020694600F00CFD93
S3150800049028467CBD390A00000FB47CB50C0009AAB1
S315080004A0009001D02044401E084B7B4469460190C9
S315080004B0089800F0E6FC05461CB10020694600F0E5
S315080004C0F3FC28467CBC5DF814FB0000050A000016
S315080004D070B50C460546012A05D02878800600D551
S315080004E0EA69002302E0012305E05B1C934202D27D
S315080004F0E05C0028F9D1A869E618C01AA861286A3C
S3150800050018442862284600F01EFA04E0D5E90121BD
S3150800051014F8010B9047B442F8D3284600F029FA9C
S3150800052070BD00002DE9F05F894604464FF0000AC9
S31508000530DFF874B1FB44C0F820A02046E16888477C
S31508000540002874D0252806D0D4E901219047206ACE
S31508000550401C2062F1E700265F462046E16888478E
S315080005602028054607DB312D05D2781910F8200C0E
S3150800057008B10643F1E7B00701D526F00406C4F82A
S315080005801CA00027C4F818A02A2D09D0284607F071
S3150800059086FC38B304EB8708303DC8F8185019E0D4
S315080005A059F8041B204604EB87029161E1688847E5
S315080005B0012F054618D1E069002820DA26F0200622
S315080005C01DE0D8F8180000EB800005EB4000303835
S315080005D0C8F818002046E1688847054607F05FFC1A
S315080005E00028EED1012F0AD02E2D08D12046E16829
S315080005F088477F1C0546022F46F02006C4DBA06903
S31508000600002803DA404246F00106A061F00701D04F
S3150800061026F010066C2D0BD0682D09D04C2D39D03C
S315080006206A2D35D0742D35D07A2D33D016E038E0C2
S31508000630E1682F4620468847B842054609D16C2FFF
S3150800064026D04FF48060E168064320468847054671
S3150800065004E06C2F1AD04FF4807006430DB3A5F151
S315080006604100192802D8203546F400664A4629462C
S31508000670204626604E46FFF709FE80B101280BD0BA
S31508000680F61D26F0070000F1080956E74020E4E7C2
S315080006908020D8E70020D6E706F104094DE728466A
S315080006A052E7206ABDE8F09FBC9F0000401ECAB210
S315080006B010F8011F8A4202D00029F9D1002070479C
S315080006C010B5431C02E010F8011B71B18107FAD17D
S315080006D04FF0013202C88C1A8C4314EAC211F9D0C1
S315080006E0C01A0A0603D0C01E10BDC01A10BD0A04DF
S315080006F001D0801E10BD0902FCD0401E10BD40EA84
S31508000700010370B59B072ED14FF00136042A2AD370
S3150800071008C810C99D1B9D43121F15EAC61517D098
S31508000720D8B2E1B2401A50EA056110D198B2A1B226
S31508000730401A50EA05410AD123F07F4024F07F4150
S31508000740401A50EA052102D1180EA0EB146070BDBC
S31508000750A342DBD018BA21BA884201D9012070BD5C
S315080007604FF0FF3070BD0AB9002070BD10F8013B8C
S3150800077011F8014B63B1A3420AD1521E08D010F8F2
S31508000780013B11F8014B1BB1A34201D1521EEDD119
S31508000790181B70BD032A40F2308010F0030C00F0DD
S315080007A0158011F8013BBCF1020F624498BF11F89D
S315080007B001CB00F8013B38BF11F8013BA2F1040256
S315080007C098BF00F801CB38BF00F8013B11F00303CE
S315080007D000F0B984083AC0F0088051F8043B083A9A
S315080007E051F804CBA0E80810F5E7121D5CBF51F8D4
S315080007F0043B40F8043BAFF30080D20724BF11F84E
S31508000800013B11F801CB48BF11F8012B24BF00F8B2
S31508000810013B00F801CB48BF00F8012B704702F0F6
S31508000820FF0343EA032242EA024200F002B84FF00D
S3150800083000020429C0F0128010F0030C00F01B809F
S31508000840CCF1040CBCF1020F18BF00F8012BA8BFAD
S3150800085020F8022BA1EB0C0100F00DB85FEAC17C71
S3150800086024BF00F8012B00F8012B48BF00F8012B24
S3150800087070474FF0000200B5134694469646203955
S3150800088022BFA0E80C50A0E80C50B1F12001BFF43B
S31508000890F7AF090728BFA0E80C5048BF0CC05DF8A1
S315080008A004EB890028BF40F8042B08BF704748BFEF
S315080008B020F8022B11F0804F18BF00F8012B704763
S315080008C04FF0013C50F8042B51F8043B9A4221D1D1
S315080008D0A2EB0C03934313EACC1317D150F8042B5D
S315080008E051F8043B9A4215D1A2EB0C03934313EA41
S315080008F0CC130BD150F8042B51F8043B9A4209D17A
S31508000900A2EB0C03934313EACC13DBD04FF00000A1
S31508000910704700BFD01A01BAB1FA81F101F0180187
S3150800092022FA01F0CB40C1F12001DBB2C0B2C01AF5
S315080009302CFA01F3D11A914311EAC311E6D1704793
S3150800094070477047704770B5044685690068C106E8
S3150800095001D5302600E02026C00707D070BDD4E9AF
S31508000960012130469047206A401C20626D1EF6D54C
S3150800097070BD70B5044685690078C00707D170BD9B
S31508000980D4E9012120209047206A401C20626D1E70
S31508000990F6D570BD09684A0501D540B27047C90544
S315080009A0FCD500B2704709684A0501D5C0B2704740
S315080009B0C905FCD580B270472DE9F04106460024EA
S315080009C010687529314616A510D0FFF7E3FF0028F1
S315080009D002DA404213A507E031688A0701D512A555
S315080009E002E0490704D511A5012401E0FFF7DBFF62
S315080009F000210A2206F1240709E0B0FBF2FCB0FB4D
S31508000A00F2F302FB1C00303078541846491C0028C3
S31508000A10F3D123462A463046BDE8F04100F00FBC24
S31508000A20000000002D0000002B0000002000000040
S31508000A3011680268006A530501D508700AE0D305F3
S31508000A4001D5088006E0130603D5C217C1E90002DE
S31508000A5000E008600120704770472DE9FF4F0C46FB
S31508000A601E464FF0FF378BB0D2E90001DDF86080F3
S31508000A700A908A46C1F30A5505B93D46002108463B
S31508000A804FF00000BAF1000F00F4400005DA00EB61
S31508000A9080004FF4400101EA50004FEA9059B9F13D
S31508000AA0010F00DDB9460A9850EA4A000ED044F60E
S31508000AB01050A5F2FF3545432F14B8F1000F1ED08C
S31508000AC07542291E1EDDC9F100021CE0B8F1010FAE
S31508000AD04FF0000001D0302103E0F24305E0215435
S31508000AE0401CB042FBDB30460022002121540B9902
S31508000AF0C1F80880C1E900200FB0BDE8F08FBD1B22
S31508000B006D1CDEE74A4600DA694206A800F016FEC2
S31508000B1006AB93E8070003AB83E8070050460A993B
S31508000B2001F0E0FB8DE80700A0F500501F380090A3
S31508000B300398002D0ADD42F21F014A4608440023A5
S31508000B4003A90390684601F08BFE09E0A0F5005062
S31508000B504A461F38002303A90390684601F0AAFEF7
S31508000B608DE807000004000C03D04FF0FF30410861
S31508000B7000E01046B8F1000F03D000220092154697
S31508000B801EE0751E05D400F015FB303262556D1E49
S31508000B90F9D5B3460122084302D000227F1C04E09F
S31508000BA02078302801D100227F1E002A099784D098
S31508000BB01DE0112D07DA00F0FDFA303262556D1C82
S31508000BC050EA0102F5D1084302D00098C8B10EE0F8
S31508000BD00021681E05E0235C625C63542254401EB3
S31508000BE0491C8142F7DBAB46A81B401E0990002032
S31508000BF004F80B000B98099AC0F80880C0E9002B86
S31508000C007AE711264FF0000857E72DE9F04F884696
S31508000C100446D21D22F0070191B0D1E90001CDE9C1
S31508000C200A0106F0EBFF02460B98C00F01D02D20F3
S31508000C3007E02068810701D52B2002E0202101EA80
S31508000C40C000032A099001D0072A05DB034641465E
S31508000C50204600F0CBFC0BE12078800601D5E06940
S31508000C6000E00620B8F1650F814606D0B8F1660F98
S31508000C7018D0B8F1670F70D131E00020B9F1110F23
S31508000C80009001DB112301E009F101030AAA01A979
S31508000C900CA8FFF7E2FEDDE90C70002609F1010554
S31508000CA0834647E001204B4600904FF000470AAACA
S31508000CB001A90CA8FFF7D1FEDDE90DB00C995D4638
S31508000CC0002610B909F101000D18B9EB050003D487
S31508000CD0C0F1FF3609F10105A5EB09002BE0B9F1D2
S31508000CE0010F01DA4FF001090020B9F1110F009048
S31508000CF0484601DD112300E003460AAA01A90CA80B
S31508000D00FFF7ABFEDDE90C704D46002683462078DA
S31508000D1000070AD4AB4500DA5D4601A8012D04DDBB
S31508000D20411911F8011C302907D04F4502DA17F18D
S31508000D30040F04DA012082460FE06D1EEEE7002F4D
S31508000D4002DCED1B3E4403E0781CA84200DD7D1C56
S31508000D50B81B00F1010A4FF000472078000703D4BA
S31508000D60AA4501DB4FF0FF3A0021B7F1004F0DF11C
S31508000D7043088DF8431024D002202B23002F01DAD4
S31508000D807F422D230A21021EA0F1010000DC5FB17B
S31508000D9097FBF1FC97FBF1F201FB1C7C17460CF163
S31508000DA0300C08F801CDEEE7A8F1010003702188A0
S31508000DB0090501D5452100E06521A0F1010800F8E3
S31508000DC0011C09980FA9A1EB0807FF1D00B1012016
S31508000DD0411901EBEA70A1693844081A401EA0615E
S31508000DE02078C00602D42046FFF7ADFD099828B141
S31508000DF0D4E901219047206A401C20622078C00669
S31508000E0022D52046FFF79FFD1EE0002E04DBB345E2
S31508000E1002DD01A8805D00E03020D4E90121904779
S31508000E20206A401C2062761CAAF101005FEA000ACB
S31508000E300AD100F0BBF9C0680168405CD4E9012119
S31508000E409047206A401C2062281EA5F10105DCDCBB
S31508000E5007E0D4E9012118F8010B9047206A401CE5
S31508000E602062381EA7F10107F3DC2046FFF781FD53
S31508000E70032011B041E6000001694A1C02610878A6
S31508000E80704700B58FB0CDE90131002105910549BC
S31508000E907944CDE9031011466846FFF743FB0FB0C6
S31508000EA000BD0000E5FFFFFF0A6802F8010B0A60B3
S31508000EB07047D1E900239A4202D2531C0B60107086
S31508000EC0704710B5436913B1AFF3008001E0FFF72F
S31508000ED0FFFA012010BD127800F124010A700022E1
S31508000EE04A700122EDE711684FF0FF32E9E700008A
S31508000EF02DE9FF5F15468A460446DFF8AC80F844BC
S31508000F000027D8E900103E46CDE9001010E03AF86F
S31508000F1016106A4602A800F083FC411C07D0217807
S31508000F20890603D5E269391891420DD80744761C1B
S31508000F302078800602D5E069B84205DDAE42E6DBD8
S31508000F403AF816000028E2D1A069C01BA061204625
S31508000F50FFF7F9FCD8E90010CDE90010002017E0EA
S31508000F603AF818106A4602A800F05AFCB0F1FF3F9A
S31508000F7081460BD000250DF1080B05E0D4E90121C7
S31508000F801BF8050090476D1C4D45F7D308F1010085
S31508000F90B0428046E4DB206A384420622046FFF7E8
S31508000FA0E8FCBDE8FF9F0000069600002DE9F04129
S31508000FB08046D21D22F007020025D2E90002F52953
S31508000FC015A614D0011E72F1000106DA0023D0EB33
S31508000FD0030063EB020211A608E0D8F800108B079D
S31508000FE001D50FA602E0490701D50EA6012511462F
S31508000FF0002408F1240704E000F0DCF830323A5502
S31508001000641C50EA0102F7D12B4632462146404677
S31508001010BDE8F04100F013B9000000002D00000003
S315080010202B0000002000000030B4002100F1240449
S3150800103008E002F00705D208303542EA4372DB08B9
S315080010406554491C52EA0305F3D10468002310A22B
S31508001050250707D5A40600D421B1C46901230DA22A
S31508001060641EC46130BC00F0EAB810B504462146D7
S315080010701068FFF798FC02462046BDE8104000239A
S31508001080D2E7D21D22F00701D1E90023CCE7000000
S315080010900000000030000000F0B40D460188090584
S315080010A002D5214C7C4402E01F4C7C440E340021BE
S315080010B000F1240608E002F00F071209E75D42EA8C
S315080010C003721B097754491C52EA0307F3D10278C5
S315080010D00023120704D5702D06D009B10223113456
S315080010E02246F0BC00F0ABB801231034F8E770B51F
S315080010F004460D4621461068FFF755FC0246294668
S315080011002046BDE870400023C6E7D21D22F007033B
S31508001110D3E90023C0E70368126843F0200303609D
S315080011200823C3610023B7E7689400007CB5054629
S3150800113000236846CDE9003300F0CCFA6946284614
S3150800114006F09AFE7CBD10B5203AC0F00B80B1E8D7
S315080011501850203AA0E81850B1E81850A0E81850DE
S31508001160BFF4F5AF5FEA027C24BFB1E81850A0E8E7
S31508001170185044BF18C918C0BDE810405FEA827C01
S3150800118024BF51F8043B40F8043B08BF7047D20718
S3150800119028BF31F8023B48BF11F8012B28BF20F8B9
S315080011A0023B48BF00F8012B704700000048704713
S315080011B0589E002030B5B0F10A024FEA900E71F140
S315080011C000034EEA817EB0EB0E0061EB91014FEA17
S315080011D0101E4EEA017E10EB0E0041EB11114FEA8C
S315080011E0102E4EEA016E10EB0E0041EB11214FEA6C
S315080011F0104E4EEA014E10EB0E0041EB114140181D
S3150800120041F100014FEAD00040EA41704FEAD101AE
S3150800121010EB80054FEA810444EA907444EB01041C
S315080012206D1944EB0404521BA3414FF0000348BF59
S315080012300A3200D530BD401C41F1000130BD2DE910
S31508001240F0470D4699469246044600F1240801687F
S31508001250880604D5E06921F01001216000E001202C
S31508001260A84201DD471B00E00027A1697A1902EBB5
S315080012700900081AA0612078C00602D42046FFF7A4
S3150800128062FB002608E0D4E901211AF80600904717
S31508001290206A401C761C20624E45F4DB2078C00686
S315080012A00AD52046FFF74FFB06E0D4E90121302096
S315080012B09047206A401C2062381EA7F10107F4DC1B
S315080012C007E0D4E9012118F805009047206A401C78
S315080012D02062281EA5F10105F3DC2046FFF749FB2D
S315080012E02078000602D50220BDE8F0870120FBE73A
S315080012F02DE9F04F04460D46D21D22F0070089B0AD
S31508001300D0E900974846394606F078FC0246F80FB9
S3150800131001D02D2307E02068810701D52B2302E0A1
S31508001320202101EAC0038DF820300BB1012000E02E
S315080013300020032A824601D0072A04DB29462046D4
S3150800134000F054F93FE12078800601D40D2500E02D
S31508001350E569C7F30A560D2D49DA00214FEA175BEE
S3150800136008464FF00000002F00F4400007DA00EBB3
S3150800137080004FF4400100EBD07001EA600081154F
S31508001380012901DD4FF0FF3100224FEA850CBCF13F
S31508001390180F06D31346ACF118004FF08052C2401E
S315080013A003E04FF4801323FA0CF30CF10C0CBCF198
S315080013B0200F04D3ACF1200C09FA0CF001E007FA6F
S315080013C00CF000294FF0004801DD18B90FE00ED1E6
S315080013D040450CD319EB02095F4121B9404502D1BA
S315080013E09F4329EA0209BBEB175F00D0761C2088C9
S315080013F0000502D57B48784402E07A4878441938D3
S3150800140008AA302302F80A30037C0AF10101002EEB
S315080014100AF1020A53546A4602DC4FF0300101E031
S315080014204FF031014FF001088DF8001002D0A6F2F6
S31508001430FF3603E059EA470100D06B4E002D02DC67
S315080014402178090704D54FF002082E218DF80110DE
S31508001450C44600210BE0C7F303433F01C35C491CA4
S315080014606D1E02F80830052908F1010801DA002D79
S31508001470F1DC00210CE000EB1973491C1B786D1E8A
S31508001480082902F808304FEA091908F1010801DAB3
S31508001490002DF0DC21688B0602D516E0A8F10108BC
S315080014A0E04505DD02EB080313F8013C302BF5D0C7
S315080014B0B8F1000F09DD02EB080313F8013C2E2BE7
S315080014C003D1090701D4A8F10108002D05DD3E2145
S315080014D002F808106D1E08F10108407C002E02F87B
S315080014E0080008F1010804DA2D20764202F80800FF
S315080014F002E02B2002F808000A214FF47A7086428F
S3150800150008F101080BDB96FBF0F3303302F80830DC
S3150800151096FBF0F308F1010800FB136601E0642E60
S315080015200CDB642096FBF0F3303302F8083096FBA8
S31508001530F0F308F1010800FB136601E00A2E06DB4A
S3150800154096FBF1F0303002F8080008F1010896FB26
S31508001550F1F001FB1060303002F80800A16908F1CB
S31508001560010808EB050202EB0A00081AA0612078B8
S31508001570C00602D42046FFF7E6F9216A08AE01EB59
S315080015800A00206204E0D4E9012116F8010B90470D
S31508001590BAF1010AF7D22078C00602D52046FFF72D
S315080015A0D2F96E4609E016F8010B3E280FD0D4E9A9
S315080015B001219047206A401C2062B8F10108F2D246
S315080015C02046FFF7D6F909B00320BDE8F08F206A58
S315080015D02844206203E0D4E90121302090476D1E9B
S315080015E0EBD3F8E75191000002FCFFFF2DE9F0412B
S315080015F01F46044603260168072A01F4006004DB37
S3150800160008B116A505E016A503E008B115A500E082
S3150800161015A521F010002060A069C01EA0610FB1B9
S31508001620401EA0612046FFF78EF94FB1D4E901218B
S3150800163038469047206A401C2062C01C206206E09B
S31508001640206AFAE7D4E9012115F8010B9047761EBE
S31508001650F8D22046FFF78DF9BDE8F0814E414E00DD
S315080016606E616E00494E4600696E660010B54369A4
S3150800167013B1AFF3008001E0FFF73AFC012010BD7B
S31508001680128800F1240182840022C2840122EDE737
S3150800169011684FF0FF32E9E70FB4002300B589B0AF
S315080016A00CA900910B99CB60214B7B440693214BE7
S315080016B07B44079304236FF00042CDE901321E4AAA
S315080016C07A446B4608920246002008F0C1FE09B02B
S315080016D05DF814FB70B506464FF0FF3015460C460C
S315080016E0324686B00091CDE9010169460020049092
S315080016F004A8FFF7D1FF02460498211825B108B1BE
S31508001700084600E020462860049800280DD0002AE4
S3150800171002DD0098884208D03246081B69460094C4
S31508001720CDE9010404A8FFF7B7FF06B070BD0000B5
S315080017303F02000057020000170200002DE9F0479B
S31508001740814616468AB0354878440DC88DE80D009E
S3150800175032487844801C03AC0DC884E80D0041F675
S315080017609B300844372190FBF1F290FBF1F5A5F187
S31508001770800501FB12041B3C02D56442012000E0EF
S315080017800020DFF898A080460027FA44AAF1BE0A8E
S315080017900EE0E0070AD03246684607EB4701012308
S315080017A00AEB810101F086F88DE8070064107F1CBA
S315080017B0002CEED1194F7F44AE3F19E0E80715D04B
S315080017C007EB04100DF1180A90E80E008AE80E00DF
S315080017D0C068F04201D1981908903246012306A93B
S315080017E003A801F067F803AB83E807006D10641CD3
S315080017F0002DE3D14FF0010332466946B8F1000FD8
S3150800180003A802D001F02CF801E001F053F8C9E969
S315080018100001C9F808200AB0BDE8F087908E0000DC
S3150800182070B516460C46054600F044F8036893F86A
S315080018300101012806D0FF2C0FD8185D68B10120D8
S315080018402C7070BDD3F807013246214603F2071300
S3150800185003442846BDE8704018474FF0FF3070BD76
S3150800186000487047389E00207546FFF7F9FFAE46D8
S3150800187005006946534620F00700854618B020B58E
S31508001880FEF7DEFDBDE820404FF000064FF00007EA
S315080018904FF000084FF0000B21F00701AC46ACE80A
S315080018A0C009ACE8C009ACE8C009ACE8C0098D4677
S315080018B07047000010B5FFF779FC001D10BD00BF8A
S315080018C0BD85000010B500F03BF8006810BD10B5E6
S315080018D0044600F035F8046010BD10B50446FFF75D
S315080018E0E9FF0068005D00F0010010BD426842B1E2
S315080018F0016811F8013B23B1521EC0E900121846CF
S3150800190070470121C160881E704742685AB1C36892
S31508001910016843B983688B4205D0491E521CC0E949
S315080019200012002070474FF0FF30704710B504468C
S31508001930AFF300802046BDE81040FEF70CBD00005E
S3150800194000487047389E00202DE9FF4F06468BB0A9
S315080019500878FF2806D0491C2D2805D000244FF00A
S31508001960000908E000200CE00124F8E709EB8903E8
S31508001970491C00EB43090878FF28F7D114B1C9F1CF
S3150800198000008146107800252C46AA4629462D28AF
S3150800199001D02B2804D1521C2D2813D000208246B2
S315080019A08B461078FF280FD04FF0000C0A21521CE6
S315080019B0A5FB017804FB018105FB0C11C5194BEB4E
S315080019C00104EEE70120EAE7002108464FF000008F
S315080019D0BAF1000F02D000EB80004008C0F381572F
S315080019E0012F01DD4FF0FF370E9955EA040009EB88
S315080019F001080BD04FF0020918F5FA7F16DA4FEAFC
S31508001A00CA70002F706008DD012007E04FEACA702F
S31508001A10C6E900B00FB0BDE8F08F00203060FFF7D0
S31508001A208FFFC0F800901821084616E0B8F5FA7F2F
S31508001A3018DD002F02DAF748784401E0F6487844C2
S31508001A40D0E90010C6E9001040EACA707060FFF7D6
S31508001A5077FFC0F80090142108460FB0BDE8F04F94
S31508001A6008F08FBC002108464FF00000B8F10001CD
S31508001A70099002DAC7F1000200E03A4601DAC8F135
S31508001A80000106A8FFF75AFE06AB93E8070003AB6A
S31508001A9083E8070044F23E005BEA040100905846DA
S31508001AA004D144F21E012C465D460091210C09041E
S31508001AB0014306D10099240444EA15442D0410393B
S31508001AC0009104F07F41014306D10099240244EABB
S31508001AD015642D020839009104F07041014306D1BE
S31508001AE00099240144EA15742D01091F009104F098
S31508001AF04041014306D10099A40044EA9574AD001B
S31508001B00891E009104F00041084304D100986D191C
S31508001B106441401E00904FF001033A466846B8F10A
S31508001B20000FCDE9014503A902DD00F0D8FE01E06A
S31508001B3000F0ABFEBAF1000F04460D4601D084F062
S31508001B400044002108464FF00000099940F2FF774B
S31508001B50484010F00C0F07D124F00040284303D06A
S31508001B60C4F30A50B84212D1FFF7EAFEC0F8009053
S31508001B70C4F30A50B8420AD1A8487844D0E90010FC
S31508001B80C6E9001004F000410843706042E7C6E960
S31508001B9000543FE72DE9FF4F1F464FF0000A4FF06C
S31508001BA0FF38454691B0D7E90146CDF83CA0FFF786
S31508001BB0FDFAC0680168405C1090B96912986D1CFE
S31508001BC08847396A814688470028F6D1B9F1FF3F28
S31508001BD00AD0002E24F4D06411DDB9F12B0F08D0F9
S31508001BE0B9F12D0F0BD102E0404615B013E744F4C6
S31508001BF08064B96912986D1C8847761E814660050F
S31508001C0004A901D52D2000E02B20002E01F1010B9F
S31508001C100DF130088DF810003FDDB9F1690F08D0D5
S31508001C20B9F1490F05D0B9F16E0F02D0B9F14E0FCF
S31508001C301CD13B4601A8009580E85002DDE9121246
S31508001C406FF0020008F008FCC11CCED10EE0B9699D
S31508001C5012986D1C884781461398761E44F40074C2
S31508001C6005600F98401C002E0F9016DDB9F1300F55
S31508001C70EDD0B9F1780F02D0B9F1580F0DD10F9800
S31508001C8001280AD13B46CDE90054DDE91212001FAE
S31508001C90029608F0DFFBC11CA7D1109989453ED1F1
S31508001CA044F0800406E01399681CAAF1010A44F47A
S31508001CB000740860B9696D1C1298761E884730282A
S31508001CC08146F0D02BE01099894505D1200603D42A
S31508001CD0761E44F0800418E0484606F0E0F808B39B
S31508001CE0761E0DF123018B4544F4007408D2A9F140
S31508001CF030000BF8010B200607D5AAF1010003E016
S31508001D00200602D40AF101008246A00502D51399DD
S31508001D10681C0860B96912986D1C88478146002EB0
S31508001D20D1DC53E0002E51DDB9F1650F02D0B9F1CF
S31508001D30450F4BD1A00549D5B9696D1C1298761E79
S31508001D4024F440748847002E81460CDD2B2804D0E5
S31508001D50B9F12D0F07D144F48074B96912986D1C36
S31508001D608847761E8146E00501D52D2100E02B2106
S31508001D7008F8011BCDF8008021E0761E0DF1390127
S31508001D80884544F400740CD2A9F1300010F0FF0025
S31508001D9088F8000002D10099884509D908F1010898
S31508001DA006E0E00501D51E4801E042F20F708246C2
S31508001DB0B96912986D1C8847814613980560002EEC
S31508001DC004DD484606F06BF80028D6D1F969129862
S31508001DD08847FF2053468BF8000088F8000000204B
S31508001DE00A900B9004AA0CA90AA8FFF7ADFDA00556
S31508001DF002D46FF00100F8E614F0240F12D0E007C1
S31508001E001CD13868DDE90A12031D3B600068C0E989
S31508001E10001213E0808C0000728C0000368B0000E4
S31508001E20F1D8FFFF0AA9684606F026F8E00705D1AB
S31508001E303868009A011D3960006802602846D4E6B1
S31508001E4001491820ABBEFEE7260002002DE9FF4F28
S31508001E501F464FF03C0987B04FF00042DDE91410E9
S31508001E6001F10108DDF858A002EA4050039000206D
S31508001E7005908346054604460490B969461E0898A7
S31508001E808847AAF1010A0290BAF1000F3BDD0298D1
S31508001E902E2815D0102100F017FA00282EDB4FF057
S31508001EA0010B0599014317D0B9F1000F0BDB4A4620
S31508001EB0C11700F0F6F905430C43A9F1040905E03A
S31508001EC0012004900BE008B145F0010501200590BA
S31508001ED0049820B9361D02E0049800B1361FB96986
S31508001EE0089808F101088847BBF1000FAAF1010A12
S31508001EF00290C9D00999C1F80080C5E702987028F0
S31508001F0008D0502806D0F96908988847BBF1000F11
S31508001F1014D04FE0002002900120BBF1000F04907E
S31508001F2009D0B969089808F101088847AAF1010992
S31508001F30B9F1000F07DCF969089888476FF00100C6
S31508001F400BB0BDE8F08F2B2804D02D280CD14FF00C
S31508001F50FF300490B969089808F101088847A9F183
S31508001F600109B9F1000FE6DD411CE4D00A2100F0B1
S31508001F70ABF90028DFDB029908F1010801EB8101C2
S31508001F8000EB41000290B969089888470A2100F0D9
S31508001F909BF9099AA9F10109B9F1000FC2F8008065
S31508001FA001DD0028E7DAF969089888470499029854
S31508001FB000FB016655EA040004D004F0404109001C
S31508001FC002D006E0039898E0A40044EA9574AD00B0
S31508001FD0B61E04F00041080002D16D196441761E50
S31508001FE0159810F0240F03D04FF00B095C4803E056
S31508001FF04FF028096FF07D008246564507DAAAEBAE
S3150800200006018944B9F1410F01DD4FF0410901206C
S315080020100021A9F1010200F044F9024628400B46C6
S315080020202140084301D0012100E00021501E029101
S3150800203043F1FF3128402140084301D0012000E048
S3150800204000200299834651EA0B014FD00021084629
S315080020504FF00000039900F4400039B100EB80000E
S315080020604FF4400100EBD07001EA600080150128AA
S3150800207002DD4FF0FF3000E013D0401C36D0029846
S3150800208060B3BBF1000F0CD14A460120002100F0D5
S3150800209008F928402140084301D0012000E000202B
S315080020A0E0B101204A46002100F0FBF8034640193A
S315080020B00A4661412D1A8C4111D3B9F1400F09DD49
S315080020C0159810F0240F02D0AAF1340603E0AAF1FD
S315080020D0170600E0761C00254FF0004406E05B1E5C
S315080020E042F1FF3220EA030521EA0204CAF101009F
S315080020F0B04206DA1B490398084301900020009075
S315080021000EE0039AC4F3D321E80A0A43164940EAC3
S3150800211044500A433146CDE90002684605F0B5FE4B
S31508002120159810F0240F0BD01598C00715D13868EC
S31508002130DDE90012031D3B600068C0E900120CE0EF
S3150800214002A8694605F098FE1598C00705D13868B3
S31508002150029A011D3960006802604046F0E60000F8
S3150800216002FCFFFF0000F07F0000F03F2DE9FF4F63
S3150800217092461D4685B04FF00041DDE9124BDDE978
S3150800218014727F1E01EA4B50414940F0FF4940EA6C
S315080021900108002122F020004928049102D04E2887
S315080021A028D04CE03BA0012607C88DE80700A9699E
S315080021B00698641C88477F1E014606D41DF806004B
S315080021C018B121F0200181420BD0E96906988847A9
S315080021D0032E34D0082E32D06FF0010009B0BDE8C6
S315080021E0F08F761C032E01D0082EE0D1601CCAF8A9
S315080021F00000DCE7A9690698641C88477F1E2AD474
S3150800220020F02000412826D1A9690698641C884731
S315080022107F1E20D420F020004E281CD1A9690698DC
S31508002220641C88477F1E48F4002849F48009CAF8C8
S31508002230004001D4282806D0E969069888475FEA4D
S31508002240CB7012D022E0A9690698641C88477F1EC5
S3150800225001D4002803DAE96906988847BCE72928E3
S31508002260F1D1641CCAF80040E9E71BF0240F07D037
S3150800227028680499031D2B600068C0E9001805E06A
S315080022802868021D2A600068C0F800902046A5E765
S315080022900000F07F494E46494E4954590000000057
S315080022A07047B2F120030AD5C2F1200301FA02F100
S315080022B020FA03F300FA02F041EA0301704700FA34
S315080022C003F14FF0000070473A2800D2303820F06A
S315080022D02002412A01D3A2F13700884201D34FF0E8
S315080022E0FF3070475FEA400C08BF91F0000F4FEAD5
S315080022F08C234FEAC12243EA51514FEA1C5018BFBA
S3150800230000F5F0404FEA300018BF41F000415FEA9F
S315080023106C5C00F02980BCF1FF3F08BF40F08040AC
S315080023207047130C06BF12044FF0100C4FF0000C48
S31508002330130E04BF12020CF1080C130F04BF12018E
S315080023400CF1040C930F04BF92000CF1020CD30F8E
S3150800235004BF52000CF1010C11464FF00002A0F127
S315080023601F00A0EB0C00704711F0004F08BF704724
S3150800237031F000413FF4D5AF0B0C06BF09044FF00E
S31508002380100C4FF0000C0B0E04BF09020CF1080CE0
S315080023900B0F04BF09010CF1040C8B0F04BF890055
S315080023A00CF1020CCB0F04BF49000CF1010CCCF167
S315080023B02003A0EB0C0022FA03F302FA0CF241EA1E
S315080023C0030100F10100704720F07F4C80EA03000A
S315080023D023F07F47ACEB070303F57C5300F000407E
S315080023E003F1FF032DE980494FEA154B09B44FEA7B
S315080023F0144325EA0B4E24EA03480FF2042606EB9B
S31508002400132749083E785FEA320203FB0667C7F5D9
S31508002410000707FB06F64FEA54374FEAD64606F199
S31508002420020607FB066CCCF1005C4FEA1C472CEA57
S31508002430074C07FB06F40CFB06F504EB15464FEABA
S31508002440961634BF00204FF000404FEAD13706FBFE
S3150800245007FC4FEA1C4C0CFB0BF7D21B03FB0CF7D3
S3150800246061EB07010CFB0EF7B0EB074072EB174266
S315080024700CFB08F734BFA2EB0742B2EB074261EB4D
S3150800248017414FEA0C444FEA910706FB07FC4FEA4F
S315080024901C4C0CFB0BF7B0EBC74072EB573203FB37
S315080024A00CF734BFA2EBC742B2EBC74261EB573118
S315080024B00CFB0EF7B0EBC70072EB57720CFB08F774
S315080024C034BFA2EBC702B2EBC70261EB5771039F99
S315080024D04FEA816141EA921104EBCC044FEAD13705
S315080024E04FEA826206FB07FC42EA90124FEA8060D6
S315080024F04FEA1C4C0CFB0BF7D21B03FB0CF761EBEA
S3150800250007010CFB0EF7B0EB074072EB17420CFB0A
S3150800251008F734BFA2EB0742B2EB074261EB17415B
S315080025204FEA8C554FEA910704EB9C2406FB07FCFF
S315080025304FEA1C4C0CFB0BF7B0EBC74072EB57325B
S3150800254003FB0CF734BFA2EBC742B2EBC74261EB01
S3150800255057310CFB0EF7B0EBC70072EB57720CFB4A
S3150800256008F734BFA2EBC702B2EBC70261EB57719B
S3150800257015EB4C254FEA816141EA92114FEA8262D6
S315080025804FEAD13742EA901206FB07FC44F10004F1
S315080025904FEA80604FEA1C4C0CFB0BF7D21B03FB7F
S315080025A00CF761EB07010CFB0EF7B0EB074072EB7B
S315080025B017420CFB08F734BFA2EB0742B2EB0742FF
S315080025C061EB174115EB1C154FEA813141EA92413F
S315080025D04FEA823242EA90424FEA80304FEA0C765E
S315080025E044F1000448EA03434EEA0B484FF0000E54
S315080025F0B2EB080C71EB030724BF624639464EEB73
S315080026000E0E4FF0000B0018524149414BEB0B0BD5
S31508002610B2EB080C71EB03077BF1000B24BF624693
S3150800262039464EEB0E0E4FF0000B00185241494149
S315080026304BEB0B0BB2EB080C71EB03077BF1000BB2
S3150800264024BF624639464EEB0E0E51EA020718BF02
S3150800265046F0010616EB0E7655F1000254F100011C
S3150800266003D5BDE88901BDE80088BDE88901BDE854
S315080026700048B619524141EB0101A3F10103704725
S3150800268080807F7E7D7C7B7A7978777676757473A1
S31508002690727171706F6E6E6D6C6C6B6A6A69686860
S315080026A0676666656464636362616160605F5F5EF6
S315080026B05E5D5D5C5C5B5B5A5A595958585757566C
S315080026C056555555545453535252525151505050D1
S315080026D04F4F4F4E4E4D4D4D4C4C4C4B4B4B4A4A23
S315080026E04A49494948484847474747464646454567
S315080026F045444444444343434342424242414141A0
S3150800270046EA0646A3F570534FEA164646EA425687
S315080027104FEAD22242EA415210B54FEAD121A3F13B
S31508002720010300F02FF820F0004000F1020C00F041
S31508002730004701EB00501146BCF5006F40EA070060
S3150800274000D210BDBAF1000F0AD01CB503B44FF081
S3150800275004004FF004014FF000000FBCBDE8104024
S315080027604FF00001BBF1010FB9BF04484FF0FF312C
S315080027700348002140EA070010BD00BFFFFFEF7FB6
S315080027800000F07F002B9C4630D477002BD01CB578
S315080027904FEA370703B44FF010004FF01001BAF1B3
S315080027A0000F06D0BCF1000FDCBF40F0080040F077
S315080027B008014FF000000FBCBDE810400BF1010BFB
S315080027C0BBF1010F08BF5FEA170722BF12F101022A
S315080027D011F101014FF0004143F1000300F0004000
S315080027E043EA00007047F9D35708D0E746EA064699
S315080027F013F1400F4FEA16461FDD13F1200FDFBF16
S3150800280016430A46002120335B42BED0C3F1200797
S3150800281046EA064602FA07F74FEA164646EA070662
S31508002820C3F1200722FA03F201FA07F721FA03F1A6
S315080028304FF0000342EA0702A7E746EA020646EA1D
S3150800284006464FEA164646EA0106BCBF46EA06466B
S31508002850360C4FF000034FF000024FF0000194E7EA
S315080028602DE9804C9A46934670B491E8380007C81B
S3150800287031EA400C48BF34EA430C03D5FFF7A4FD00
S31508002880FFF780FFF0BCBDE8008C2DE9804C9A4626
S31508002890934670B491E8380007C831EA400C48BF3F
S315080028A034EA430C03D5FFF78FFDFFF729FFF0BC89
S315080028B0BDE8008C2DE9804C9A46934670B491E8A1
S315080028C0380007C810F0804F08BF13F0804F03D1B7
S315080028D000F01AF8FFF756FFF0BCBDE8008C2DE9AA
S315080028E0804C9A46934670B491E8380007C810F0B1
S315080028F0804F08BF13F0804F03D100F005F8FFF7AB
S31508002900FFFEF0BCBDE8008C20F07F4780EA03009C
S3150800291023F07F4C07EB0C03A3F57C5300F0004033
S31508002920A3F1FE0392F0000F00F0B38095F0000FBC
S3150800293000F077802DE901494FEA11404FEA144625
S3150800294021EA004800FB06FC24EA064708FB06F6CF
S3150800295007FB08F800FB07F718EB06484CEB164C84
S315080029604FEA124B18EB07484FEA15464CEB17404F
S3150800297022EA0B4E0BFB06FC25EA06470EFB06F67B
S3150800298007FB0EFE0BFB07F71EEB064E4CEB164C31
S315080029904FF000061EEB074E4CEB174B18EB0B08D7
S315080029A040F1000018EB0E0B58EB000840F1000050
S315080029B08F1A4FF000013CBFC943661B14BFB5EB25
S315080029C0040C00213CBFC943F61B4FEA17444EEAE4
S315080029D08E0E27EA04454FEA1C4704FB07622CEAD9
S315080029E0074C05FB07F70CFB05F604FB0CFC16EB7E
S315080029F0074642EB174216EB0C4642EB1C421BEB12
S31508002A00060658EB0202414146EA9E0601D5BDE894
S31508002A100189B619524141EB0101A3F10103BDE851
S31508002A2001894FEA14454FEA114724EA054621EA87
S31508002A30074C05FB07F406FB07F70CFB06F105FB3D
S31508002A400CFC11EB074144EB17444FEA124711EB14
S31508002A500C4144EB1C4422EA074C05FB07F206FB33
S31508002A6007F70CFB06F605FB0CFC16EB074642EBD4
S31508002A70174216EB0C4642EB1C456A1854F1000146
S31508002A8048BF7047B619524141EB0101A3F1010352
S31508002A90704795F0000F37D04FEA11424FEA1447B6
S31508002AA021EA024624EA074C02FB07F106FB07F770
S31508002AB00CFB06F402FB0CFC14EB074441EB174134
S31508002AC04FEA154714EB0C4441EB1C4125EA074C29
S31508002AD002FB07F506FB07F70CFB06F602FB0CFCE8
S31508002AE016EB074645EB174516EB0C4645EB1C421D
S31508002AF0121951F1000148BF7047B619524141EB0E
S31508002B000101A3F1010370474FEA14454FEA114743
S31508002B1024EA054621EA074C05FB07F106FB07F7F9
S31508002B200CFB06F24FF0000605FB0CFC12EB074205
S31508002B3041EB174112EB0C4251EB1C4148BF704761
S31508002B40921841EB0101A3F101037047FEE700204B
S31508002B50704700207047000010B500220449054858
S31508002B6003F04FFE0449034803F042FE002010BD5F
S31508002B70BC8E0020EC830020BC86002010B50146E0
S31508002B80034803F035FE024803F0FAFD002010BDA5
S31508002B90EC830020002070471CB500210320CDE9F6
S31508002BA000010B464FF4806209A10B4806F0C4FEEB
S31508002BB00A490128086006D009A005F077F9BDE89A
S31508002BC01C4000F063BABDE81C400BA005F06EB9C6
S31508002BD0436F6D6D00000000CD900008580200207C
S31508002BE0436F6D6D207461736B20637265617465E4
S31508002BF0204661696C656400436F6D6D207461736E
S31508002C006B206372656174652053756363657373BE
S31508002C100000000010B580210348FDF72AFE03498D
S31508002C200020087010BD0000B89D00204C0200204E
S31508002C301CB500210320CDE900010B464FF4807234
S31508002C4009A10B4806F078FE0A490128086006D053
S31508002C5009A005F02BF9BDE81C4000F017BABDE83D
S31508002C601C400CA005F022B9436F6E74726F6C009D
S31508002C708587000858020020436F6E74726F6C20B7
S31508002C807461736B20637265617465204661696C53
S31508002C9065640000436F6E74726F6C207461736BA9
S31508002CA02063726561746520537563636573730089
S31508002CB0704700001CB500210220CDE900010B4633
S31508002CC042020AA10C4806F037FE0C4901280860A2
S31508002CD006D00BA005F0EAF8BDE81C4000F0D6B90E
S31508002CE0BDE81C400DA005F0E1B8000055617274FE
S31508002CF050726F6300000000ED9000085802002033
S31508002D004465627567207461736B206372656174CC
S31508002D1065204661696C656400000000446562755B
S31508002D2067207461736B20637265617465205375DF
S31508002D306363657373000000014601A005F0B6B829
S31508002D404572726F723A2025730000002DE9F84F1C
S31508002D5000204FF480490090484601F08FFBDFF8C9
S31508002D609C80274E274D284C4FF4004AD0B14F4639
S31508002D70C8F800906A460021286806F09DFC394686
S31508002D80304601F020FC20775146304601F01BFC06
S31508002D9010F0FF0F02D0A069401CA06169462868A0
S31508002DA006F09EFB5746504601F068FBC8B1C8F8C6
S31508002DB000706A460021286806F07EFC39463046CF
S31508002DC001F001FC60774946304601F0FCFB10F043
S31508002DD0FF0F02D0A069401EA0616946286806F068
S31508002DE07FFB0098002807D008494FF080500860FC
S31508002DF0BFF34F8FBFF36F8FBDE8F88F1404014000
S31508002E0000040048A0000020247B002004ED00E018
S31508002E1070B58AB018216846FDF72BFD00242248B4
S31508002E20069407940894C16C41F00201C164C16C10
S31508002E3001F002010991016E41F001010166006E7F
S31508002E4001254FF4404600F001000495CDE90064E1
S31508002E5009906946154801F01BFB1548416921F49C
S31508002E60E0614161416941F480714161416921F440
S31508002E70E0414161416941F4805141618DF8214049
S31508002E8002208DF8220006968DF8205006A801F03B
S31508002E9053FA0849602081F80004064928022439B3
S31508002EA0C1F800010AB070BD0010024000040048D5
S31508002EB00000014028E000E070B50C4605460328EE
S31508002EC018D2BCB1104E4FF0FF31306806F050FCF6
S31508002ED0012817D10D4905EB450001EB80000023B9
S31508002EE007C884E807003068BDE870401A461946E6
S31508002EF006F054BA502080F31188BFF34F8FBFF302
S31508002F006F8FFEE770BD0000A0000020247B002024
S31508002F1070B5012006F0A8F914490860F0B14FF021
S31508002F208040016841F001010160406A104CA060D0
S31508002F301048016841F001010160406A6061FFF7CD
S31508002F4067FF0D4D4FF48041284601F03CFB207782
S31508002F506901284601F037FB607770BD502080F381
S31508002F601188BFF34F8FBFF36F8FFEE7A0000020D5
S31508002F70247B0020000400400004004870B50C467D
S31508002F80054603280FD274B11D4E4FF0FF31306845
S31508002F9006F0EEFB012831D11A4965B1012D13D08F
S31508002FA0022D23D119E0502080F31188BFF34F8FEB
S31508002FB0BFF36F8FFEE74FF08042A068506220682B
S31508002FC00860A068886011E00F4AA068506220680F
S31508002FD0C8600C49A068486108E02068886109490A
S31508002FE0227901F118000A77617941713068BDE8E4
S31508002FF0704000231A46194606F0D0B970BD000085
S31508003000A0000020247B0020000400401CB50021FD
S315080030100320CDE900010B464FF4007209A10B48C5
S3150800302006F08AFC0A490128086006D009A004F0BF
S315080030303DFFBDE81C4000F029B8BDE81C400CA0C7
S3150800304004F034BF456E636F64657200058A000834
S3150800305058020020456E636F646572207461736B55
S3150800306020637265617465204661696C6564000059
S31508003070456E636F646572207461736B2063726555
S3150800308061746520537563636573730072B602A035
S3150800309004F00CFFFBE7000053797374656D204557
S315080030A072726F720D0A000010B50024032000F03A
S315080030B073F80F2000F008F808B1012401E000F0C9
S315080030C025F8204610BD000070B50E4E05460024B2
S315080030D0706898B14FF47A71B1FBF0F00A49096843
S315080030E0B1FBF0F000F070FD40B9102D06D20022B9
S315080030F02946501E00F030F8356000E001242046CD
S3150800310070BD00002C000020280000200A4882B06C
S31508003110016E41F001010166016E01F001010091A5
S31508003120816D41F080518165806D00F0805000907E
S3150800313002B000F041BD000000100240002809DB83
S3150800314000F01F02012191404009800000F1E020B3
S31508003150C0F8001170470000F0B40E4B1B680C460F
S31508003160C3F30223C3F10705042D00D90425191D4D
S31508003170072901D2002300E0DB1E012606FA05F125
S31508003180491E214099409E40761E16403143F0BCA8
S3150800319004F04CBD0CED00E0064900F00702086893
S315080031A04FF6FF03184040EA0220034A104308601E
S315080031B0704700000CED00E00000FA0501220168E6
S315080031C0C0F8D022002280F8C82231F8540F40F007
S315080031D001000880088840F0020008801046704701
S315080031E070B50F4D044669B101290AD1D4F8D80241
S315080031F003F021FE607A002803D0286840F0060014
S31508003200286070BD607A28B102F03AFE286820F07E
S3150800321006002860D4F8D802BDE8704003F0A3BDC4
S3150800322010ED00E010B50C0607D501F0070101EB1B
S31508003230810100EBC100103005E001EB810100EBD4
S31508003240C10000F5A87099B232B10122027301815A
S31508003250190C4181002010BD00220273C180F9E7D4
S3150800326001EB810200EBC202D0F8D802526A03F0E1
S3150800327059BC01EB810200EBC202D0F8D802D2F8A1
S31508003280642103F0A3BC70B504460B0601F00700E1
S3150800329000EB800104EBC1014FF001024FF000057D
S315080032A002D54A74103103E081F8515101F5A8712D
S315080032B0087094F89002012808D084F890222068B3
S315080032C004F06BF984F89052002070BD022070BD9E
S315080032D070B5044601F00F002279904201D9012009
S315080032E070BD0B0601F0070000EB800104EBC1017D
S315080032F04FF001024FF0000502D54A74103103E081
S3150800330081F8515101F5A8718D70087094F89002F2
S31508003310012808D084F89022206804F0DDF984F8A2
S315080033209052002070BD022070BD2DE9F047046858
S315080033305FEA42480B788D69B4F850804FF0000C6C
S315080033404BF68F7748F2800648F68F7948F2C00A1E
S31508003350444428D540F2024808EBC30834F808402C
S31508003360C4F30904A54203D32D1B8D6102D00BE0DB
S31508003370C1F818C0D0F800C03CF823503D4085F489
S31508003380005535432CF82350520609D50B780568A5
S3150800339035F8232002EA090242EA0A0225F8232020
S315080033A074B30A8927E040F2064808EBC30834F8E4
S315080033B00840C4F30904A54203D32D1B8D6102D02E
S315080033C00BE0C1F818C0D0F800C03CF823503D40C7
S315080033D085F4005535432CF82350520609D40D7848
S315080033E0036833F8252002EA090242EA0A0223F8AA
S315080033F025202CB14A8949690068234604F087FBD1
S315080034002046BDE8F0872DE9F05F054600680C46C2
S315080034105FEA42681646D1F818C02278B0F850809C
S3150800342048F6BF7A48F2800B48F68F774CF2800947
S315080034304FF6FF734FF4004E4FF0000140447DD520
S3150800344040F2024808EBC20830F80800C0F3090049
S31508003450844514D9BCEB000CC4F818C010D0760407
S3150800346008D5D5F800C03CF822603E4046EA090671
S315080034702CF8226094F82420012A60D076E1A16114
S31508003480607810B1012813D01AE02868B0F85030D7
S31508003490184400EBC200B0F80224C2F30902A0F8EF
S315080034A00224B0F8022442F40042A0F8022407E0FD
S315080034B02868B0F85030184400EBC200A0F802148F
S315080034C06278286812B1012A11D018E0B0F85010B5
S315080034D00844217800EBC100B0F80614C1F30901CD
S315080034E0A0F80614B0F8061441F4004105E0B0F857
S315080034F050201044227800EBC200A0F80614E078A9
S3150800350002280BD12278296831F8220000EA0A003D
S3150800351080F0200040EA0B0021F822002178284696
S31508003520FFF79EFE700408D521782A6832F8210034
S31508003530384040EA090022F82100C3E04DE06269FC
S3150800354002446261E2690244E2612669226AB24281
S3150800355002D33046111A03E084F824100AB1104643
S315080035602162617811B101292BD033E02968B1F8BD
S3150800357050201144227801EBC201B1F80224C2F3AB
S315080035800902A1F8022401F2024158B13E280ED8D8
S315080035904208C60700D0521C0E8803EA8222164348
S315080035A00E8017E00A8842F400420A8012E04209B7
S315080035B0C30600D1521E0B884EEA822213430B80A3
S315080035C008E02968B1F850201144227801EBC201BD
S315080035D0A1F8020483B22289C4E040F2064808EB47
S315080035E0C20830F80800C0F30900844514D3BCEBC0
S315080035F0000CC4F818C010D0760408D4D5F800C05A
S315080036003CF822603E4046EA09062CF8226094F807
S315080036102420012A59D0A9E0A161607810B10128B7
S3150800362013D01AE02868B0F85030184400EBC200EE
S31508003630B0F80224C2F30902A0F80224B0F8022462
S3150800364042F40042A0F8022407E02868B0F8503097
S31508003650184400EBC200A0F802146278286812B178
S31508003660012A11D018E0B0F850100844217800EB70
S31508003670C100B0F80614C1F30901A0F80614B0F8A1
S31508003680061441F4004105E0B0F8502010442278B1
S3150800369000EBC200A0F80614E07802280BD12178C6
S315080036A02A6832F8210000EA0A0080F0200040EA81
S315080036B00B0022F8210021782846FFF7D1FD700477
S315080036C07FF532AF0020BDE8F09F6269024462616F
S315080036D0E2690244E2612669226AB24203D33046AD
S315080036E0111A216204E00AB11046216284F82410F6
S315080036F06278296812B1012A2AD031E0B1F850203F
S315080037001144227801EBC201B1F80624C2F309027A
S31508003710A1F8062401F2064158B13E280ED84208FF
S31508003720C60700D0521C0E8803EA822216430E8072
S3150800373016E00A8842F400420A8011E04209C306EC
S3150800374000D1521E0B884EEA822213430B8007E0F3
S31508003750B1F850201144227801EBC201A1F8060401
S31508003760628983B26169286804F0ECF922782968CD
S3150800377031F8220000EA0A0080F0300040EA0B0027
S3150800378021F822009EE701F0070101EB810100EB19
S31508003790C100D0F86C0170472DE9F04104460F06C8
S315080037A001F0070000EB800104EBC1014FF00106B0
S315080037B04FF0000502D54E74103103E081F85151DF
S315080037C001F5A871022B0870C2F30A000861CB70D4
S315080037D000D10D7194F89002012809D084F89062FE
S315080037E0206803F025FD284684F89052BDE8F0814C
S315080037F00220FBE710B501F0070404EB840100EB97
S31508003800C101C1E959230022C1F86C2181F851216F
S3150800381081F85041006801F5A87103F0AFFF002058
S3150800382010BD70B5044601F007002279904201D90F
S31508003830012070BD0B064FF000054FF0010206D5BA
S3150800384000EB800104EBC1014A74103107E001EB7B
S31508003850810104EBC10181F8515101F5A8718A7003
S31508003860087094F89002012808D084F890222068FD
S3150800387003F06AFF84F89052002070BD022070BDE4
S3150800388010B501F0070404EB840100EBC101C1E99E
S315080038900923012281F834200B630023CB624A7482
S315080038A001F8104F006803F069FF002010BD10B53D
S315080038B00446006804F028F9010404D52046BDE84A
S315080038C0104001F024BE41050ED5206830F8441F8B
S315080038D021F480610180204600F000F92046BDE809
S315080038E01040002100F026B9410405D5206830F8BB
S315080038F0441F21F480417DE0810405D5206830F815
S31508003900441F21F4005175E0C1041FD5206830F822
S31508003910401F21F004010180206830F8401F21F083
S315080039200801018094F8C802012806D1002084F80D
S31508003930C80201462046FFF753FC204600F0E2F88D
S31508003940206830F8441F21F4805153E0010512D550
S31508003950206830F8401F41F008010180206830F8DF
S31508003960441F21F400610180206830F8401F41F0AF
S31508003970040101800AE0010629D5206830F8441FB1
S3150800398021F08001018094F8C80218B1204600F0A1
S3150800399001F910BD206830F8401F41F0040101808C
S315080039A0206830F8401F41F008010180012084F8A2
S315080039B0C8022068B0F854003C2101EA9000C4F817
S315080039C0CC022046BDE810400121FFF709BC81055D
S315080039D009D5206830F8441F21F40071018020467B
S315080039E000F0A4F810BDC005FCD5206830F8441FC7
S315080039F021F48071018010BD70B5040004D094F8DC
S31508003A009102002510B106E0012070BD84F890529D
S31508003A10204600F03FF8032084F89102206803F05E
S31508003A2053FE002001260BE000EB800104EBC101E8
S31508003A304E740874CD740D624D62401CC0B28D621E
S31508003A4021798142F0D8002012E000BF00EB800106
S31508003A5004EBC10181F8515181F8500181F85351A5
S31508003A60C1F86051C1F86451401CC0B2C1F8685130
S31508003A7021798142EAD894E8070003F01CFE2573F1
S31508003A8084F89162A07A012802D12046FFF796FBB6
S31508003A90002070BD08B500680E49884218D10E4846
S31508003AA050F8881F21F0406140F83019016841F448
S31508003AB0000101600068002200F400000090114631
S31508003AC01420FFF749FBBDE808401420FFF736BB72
S31508003AD008BD0000005C00400010024070B50446B6
S31508003AE040790125022801D0FFF7D0FA2946D4F8F3
S31508003AF0D80203F052F9D4F8D802BDE8704003F0B2
S31508003B0005B9000010B50446407A30B10648016888
S31508003B1021F00601016002F0B3F9D4F8D802BDE835
S31508003B20104003F020B9000010ED00E0D0F8D802EC
S31508003B3003F023B910B5044690F8900201280AD07C
S31508003B40012084F890022173206803F0F4FF002016
S31508003B5084F8900210BD022010BDD0F8D82200F5D6
S31508003B602671104603F025B910B5044690F8900260
S31508003B7001280CD0012084F89002206803F0B5FFD4
S31508003B80206803F091FD002084F8900210BD022001
S31508003B9010BD000010B50446D0F8D80203F04BF962
S31508003BA0607A002804D00348016841F006010160E4
S31508003BB010BD000010ED00E00248816841F4804124
S31508003BC0816070470070004010B5401EB0F1807FDC
S31508003BD001D3012010BD4FF0E02460610F2160176A
S31508003BE004F024F80020A06107202061002010BD01
S31508003BF001A2044900F066B85365744441435F4125
S31508003C0000000000E483002001A2044900F05AB82D
S31508003C105365744441435F4200000000E883002076
S31508003C2038B504000BD0694604F0F6F80098A042AF
S31508003C3001D0007840B10DA004F038F938BD12A1C2
S31508003C4013A004F033F938BD02F008FA164880EDDF
S31508003C50010A10EE100A06F019FB41EC100B13A02E
S31508003C6053EC102B04F022F938BD0000415F536570
S31508003C70743A20696E76616C696420706172616D50
S31508003C806574657200000000415F536574000000AA
S31508003C9025733A206D697373696E67207061726166
S31508003CA06D65746572000000E0830020415F53650E
S31508003CB074207570646174656420746F3A20252ECB
S31508003CC036660000F8B50D46164604000DD069465E
S31508003CD004F0A2F80098A04201D0007840B131461D
S31508003CE00BA000BF04F0E2F8F8BD11460EA0F9E7F4
S31508003CF085ED000A10EE100A06F0C8FA41EC100B22
S31508003D00314653EC102B0EA004F0D0F8F8BD000095
S31508003D1025733A20696E76616C69642070617261F8
S31508003D206D6574657200000025733A206D697373BA
S31508003D30696E6720706172616D6574657200000056
S31508003D402573207570646174656420746F3A202544
S31508003D502E34660010B504000ED00CA1FCF7B0FD99
S31508003D6080B10DA12046FCF7ABFD00280CD10CA0B4
S31508003D70BDE8104004F09AB8BDE810400EA111A0A5
S31508003D8004F094B815A0F3E710BD000053687574E5
S31508003D90446F776E000000004F70656E00000000EB
S31508003DA05365744761746865723A20446576696339
S31508003DB065204F70656E00005365744761746865C9
S31508003DC07200000025733A206D697373696E672067
S31508003DD0706172616D6574657200000053657447A1
S31508003DE061746865723A204465766963652053682C
S31508003DF0757420446F776E0038B504000BD0694699
S31508003E0004F00AF80098A04201D0007840B10DA04D
S31508003E1004F04CF838BD12A113A004F047F838BDD9
S31508003E2002F02AF9164880ED020A10EE100A06F08A
S31508003E302DFA41EC100B13A053EC102B04F036F8B6
S31508003E4038BD0000565F5365743A20696E76616C1A
S31508003E50696420706172616D6574657200000000A6
S31508003E60565F53657400000025733A206D697373B5
S31508003E70696E6720706172616D6574657200000015
S31508003E80E0830020565F536574207570646174651D
S31508003E906420746F3A20252E36660000FEE700007F
S31508003EA00B494CF6CC420A6045F255520A60032289
S31508003EB04A60B0F5805F01D340F6FF70C0F30B008F
S31508003EC08860C8684007FCD14AF6AA20086070478F
S31508003ED000300040174900BF51E8000F40F02000AD
S31508003EE041E80002002AF7D113480068C0F302200F
S31508003EF0C0F10701042900D90421021D072A01D2AD
S31508003F00002000E0C01E012202FA01F35B1E03F046
S31508003F10030181408240521E02F00100014308015C
S31508003F20064981F80004054980202339C1F80001B3
S31508003F3070470000004800400CED00E027E000E074
S31508003F401D4800BF50E8001F41F0200140E800135B
S31508003F50002BF7D150E8001F41F0400140E800135C
S31508003F60002BF7D115490968C1F30221C1F10702EF
S31508003F70042A00D904220B1D072B01D2002100E0D8
S31508003F80C91E012393405B1E03F002028A401101F9
S31508003F900B4A82F800140A4A2021213AC2F8001175
S31508003FA010F1080050E8001F41F0010140E8001236
S31508003FB0002AF7D170470000003801400CED00E0F8
S31508003FC025E000E010B500F06DF8FEF723FE01F0DD
S31508003FD0E1FCFEF79DFFBDE8104001A003F066BFB7
S31508003FE041707020496E69742053756363657373F5
S31508003FF00000000010B5FFF757F800F0CDFE02F0FC
S315080040004BF902F049F800F0F9FF01F055F901F013
S3150800401051FA00F087FF01F05DF801F0D1F804A02D
S3150800402003F044FFBDE810400AA003F03FBF0000BC
S315080040300D0A5B76657273696F6E5D485220434E52
S315080040404320504F57455220535550504C592056EF
S31508004050312E3000486172647761726520496E6955
S31508004060742053756363657373000000F0B500230D
S315080040700A24302537261F4611E000BFB4EB107F0F
S3150800408002D905EB107C01E006EB107C01F813C0A1
S3150800409001EB430C00015B1C8CF80170DBB2934208
S315080040A0ECD3F0BD70B5234D4FF40051284600F00F
S315080040B091FA214C4FF480412071284600F08AFA83
S315080040C060724FF40041284600F084FAA0734FF05E
S315080040D090454021284600F07DFAE0744FF480713F
S315080040E0284600F077FA20760221144800F072FA82
S315080040F0607700204FEA000200EB80031919401C84
S315080041000D79E5540B794B708A70CA700628F3DB73
S31508004110002240210A2005F0B9F80949002808605C
S3150800412007D1502080F31188BFF34F8FBFF36F8FED
S31508004130FEE770BD00080048487B002000040048E0
S31508004140A400002030B50D46174900EB80020C4646
S315080041508B5C91B01444AB421FD1E178491CC9B2BB
S31508004160E17003291CD32179A94219D025710121AF
S31508004170A1700E4951F820306DB10DA24021684654
S31508004180FCF78AF909480023001F1A4669460068A1
S3150800419005F004F904E00AA2F0E78D540020E07067
S315080041A0657011B030BD0000487B0020A8000020D3
S315080041B05B4B45595D20257320CACDB7C50A00005B
S315080041C05B4B45595D20257320B0B4CFC20A000069
S315080041D010B51C4C4FF40051204600F0FBF9C1B253
S315080041E00020FFF7AFFF4FF48041204600F0F2F9B8
S315080041F0C1B20120FFF7A6FF4FF40041204600F0A8
S31508004200E9F9C1B20220FFF79DFF4FF09044402123
S31508004210204600F0DFF9C1B20320FFF793FF4FF401
S315080042208071204600F0D6F9C1B20420FFF78AFF54
S315080042300221054800F0CEF9C1B2BDE810400520BC
S31508004240FFF780BF00080048000400481CB500219D
S315080042500320CDE900010B464FF4807209A10A48F4
S3150800426005F06AFB09490128086006D008A003F092
S315080042701DFEBDE81C40FEF709BFBDE81C400AA0AC
S3150800428003F014BE4B6579005D8A000858020020C9
S315080042904B6579207461736B206372656174652060
S315080042A04661696C656400004B6579207461736BBF
S315080042B02063726561746520537563636573730063
S315080042C0044908B5CA6C0243CA64C96C0140009126
S315080042D008BD000000100240044908B5CA6C024334
S315080042E0CA64C96C0140009108BD00000010024074
S315080042F0044908B5CA6C0243CA64C96C01400091F6
S3150800430008BD000000100240044908B5CA6C024303
S31508004310CA64C96C0140009108BD00000010024043
S31508004320044908B58A6D02438A65896D0140009182
S3150800433008BD000000100240F0B54F4B4E4A077A00
S3150800434020330026151F1C1F0168002F74D099B151
S31508004350477A5FB3012F31D0022F32D00126857AF2
S3150800436055B1454908310A1F012D32D0022D3AD0E0
S31508004370032D3CD046F002064168002979D0427ADE
S3150800438082B3012A44D0022A45D046F00406837A2D
S31508004390002B6ED0384928310A1F012B43D0022B37
S315080043A04BD0032B4DD046F0050662E017688F43C5
S315080043B0176001682A680A432A60D0E72F688F4386
S315080043C001E02F680F432F60016815680D431560DB
S315080043D0C5E705680F68AF430F60016815680D43A8
S315080043E01560C9E70CE005681768AF4302E0056881
S315080043F017682F43176002680D6815430D60BBE701
S315080044001A688A431A60416822680A432260BEE72E
S3150800441022688A4301E022680A43226041681A68D2
S315080044200A431A60B3E743680C689C430C6040680B
S315080044301168014311601CE00CE0436814689C4352
S3150800444002E0436814681C43146040680A68024323
S315080044500A600EE02F688F432F60016815688D4348
S315080044601560416822688A4322604068196881435A
S3150800447019603046F0BD000004040140034909688C
S31508004480884301D00020704701207047140401407A
S31508004490F0B50A680F2692FAA2F2B2FA82F303245A
S315080044A08AE001259D402A407ED04D68012D01D025
S315080044B0022D20D18D68876892FAA2FCBCFA8CFC82
S315080044C04FEA4C0E04FA0EFC27EA0C0792FAA2FCF5
S315080044D0BCFA8CFC4FEA4C0C05FA0CF52F438760A6
S315080044E0CF680D68D0F804C02CEA050C7D434CEA69
S315080044F0050CC0F804C00F69D0F80CC092FAA2F5F2
S31508004500B5FA85F54FEA450E04FA0EF52CEA050CC0
S3150800451092FAA2F5B5FA85F56D00AF404CEA070C9C
S31508004520C0F80CC04D68022D2FD1FF2A15D8D1F836
S3150800453014C0056A92FAA2F7B7FA87F7BF0006FA17
S3150800454007F7BD4392FAA2F7B7FA87F7BF000CFA46
S3150800455007FC45EA0C05056217E0D1F814E0476A3E
S31508004560150A95FAA5FCBCFA8CFC4FEA8C0C06FADF
S315080045700CFC95FAA5F5B5FA85F5AD0027EA0C0702
S315080045800EFA05FE47EA0E0747624D68076892FA73
S31508004590A2FCBCFA8CFC4FEA4C0C04FA0CFE27EA87
S315080045A00E0792FAA2F200E005E0B2FA82F2520091
S315080045B095402F4307605B1C0A6832FA03F57FF4BF
S315080045C070AF0020F0BD0069814301D0002070471C
S315080045D0012070470069814301D0002070470120FF
S315080045E07047000030B5C1F3090102F400621143B7
S315080045F0DDE90354DAB241EA02412943214342681C
S3150800460021F000414FF4806303EA5453034C03F648
S31508004610FF3323439A430A43426030BD0070FF03C9
S3150800462010B5026822F001020260D1E9023204687C
S3150800463043EA022224F4F854144304604A680261E7
S31508004640026842F001020260826822F40042826037
S315080046508B690A6984681A436FF30A0414438460F1
S315080046600A691AB1826842F4004282600A680368DD
S3150800467023F44013134303604969426822F4004255
S315080046800A434260002010BD70B500241F49204D22
S315080046904FF40046C02803D0B0F5407F1CD019E07F
S315080046A0D1F8880000F0C00040F440004038B0F56A
S315080046B0400027D0402804D080281CD106E00446B4
S315080046C008E000F083F828B12C4603E000F086F8ED
S315080046D000B13446204670BDD1F888000D4900F473
S315080046E0407040F0407040180CD0B0F5807FE8D09C
S315080046F0B0F5007FEAD001F01DF901F0EBF801F002
S31508004700F9F8DCE701F016F9D9E7000000100240D5
S315080047100024F40000FFFFFC70B5002429492A4D47
S315080047204FF40046032804D00C281AD030282FD07E
S3150800473040E0D1F888006FF4403100F0030040F4FF
S31508004740403040180AD0012836D002282ED001F071
S31508004750F1F801F0BFF801F0DDF817E001F0EAF82A
S3150800476014E0D1F8880000F00C0040F44020001F47
S31508004770B0F54020F2D004281ED0082816D000BF75
S3150800478001F0D8F801F0A6F801F0B4F8044611E0F3
S31508004790D1F8880000F0300040F440101038B0F529
S315080047A04010DBD0102807D02028E9D100F016F8F1
S315080047B000B13446204670BD00F008F80028F9D04C
S315080047C02C46F7E7001002400024F400024800686F
S315080047D0C0F3802070470000001002400248D0F85D
S315080047E09000C0F3400070470010024003498A68F1
S315080047F022F0F00202438A6070470000001002406F
S31508004800044951F8882F22EA104280B202430A600E
S31508004810704700000010024010B503680122C3F378
S31508004820801373BBD1E900231A43D1E90334234328
S315080048301A434B691A438B691A43CB691A430B6AA5
S315080048401A4303684FF6BF74A3431A4302604268CB
S3150800485040F604739A434B6942EA13428B681A433B
S3150800486042608A68B2F5006F03D2426842F4805209
S3150800487042600A6AB2F5005F02D1898C89B2016189
S315080048800022C16921F40061C161104610BD000013
S3150800489001490860704700002800002010B501296A
S315080048A025D0042925D0102925D0402925D0B1F5B1
S315080048B0807F24D0B1F5806F23D0B1F5805F22D0F8
S315080048C0B1F5804F21D0B1F5803F20D00921114B99
S315080048D018305B5C184403680E4C0A34615C032488
S315080048E08C40120CA3438A401343036010BD002179
S315080048F0EDE70121EBE70221E9E70321E7E70421D8
S31508004900E5E70521E3E70621E1E70721DFE70821D7
S31508004910DDE70000A4A4000810B5012925D0042964
S3150800492025D0102925D0402925D0B1F5807F24D05F
S31508004930B1F5806F23D0B1F5805F22D0B1F5804FF5
S3150800494021D0B1F5803F20D00921114B18305B5C8E
S31508004950184403680E4C0A34615CF0248C40120C2F
S31508004960A3438A401343036010BD0021EDE70121EC
S31508004970EBE70221E9E70321E7E70421E5E705215B
S31508004980E3E70621E1E70721DFE70821DDE7000085
S31508004990A4A4000810B501291FD004291FD0102986
S315080049A01FD040291FD0B1F5807F1ED0B1F5806F8A
S315080049B01DD0B1F5805F1CD0B1F5804F1BD0B1F585
S315080049C0803F1AD00921036A0D4C615C0A248C4089
S315080049D0A3438A401343036210BD0021F3E7012174
S315080049E0F1E70221EFE70321EDE70421EBE70521D3
S315080049F0E9E70621E7E70721E5E70821E3E70000FD
S31508004A00B8A4000810B5012925D0042925D01029F5
S31508004A1025D0402925D0B1F5807F24D0B1F5806F07
S31508004A2023D0B1F5805F22D0B1F5804F21D0B1F502
S31508004A30803F20D00921114B18305B5C184403686D
S31508004A400E4C0A34615C0C248C40120CA3438A4039
S31508004A501343036010BD0021EDE70121EBE70221B6
S31508004A60E9E70321E7E70421E5E70521E3E706216E
S31508004A70E1E70721DFE70821DDE70000A4A4000835
S31508004A802DE9F04F02682A4B2A4E2B4FDFF8ACC0AF
S31508004A902B4C2C4D4FF0804B98420BD0584509D0E3
S31508004AA0B04207D0B84205D0604503D0A04201D035
S31508004AB0A84205D1D1F8048022F0700242EA080221
S31508004AC0DFF88480DFF88490DFF884A0984211D05C
S31508004AD058450FD0B0420DD0B8420BD0604509D02A
S31508004AE0A04207D0404505D0484503D0504501D0DF
S31508004AF0A84203D1CE6822F44072324302608A6823
S31508004B00C2620A888262984209D0A04207D040450C
S31508004B1005D0484503D0504501D0A84201D10969BE
S31508004B200163416941F0010141610020BDE8F08F50
S31508004B30002C01400004004000080040000C004022
S31508004B40003401400050014000400140004401404B
S31508004B50004801402DE9F041044600680D4601264B
S31508004B6010F0010F52D12969A868EA6908436969F2
S31508004B701143084321682E4A114008432060E8681B
S31508004B80616821F4405101436160A869A16821F474
S31508004B9040710143A1602748844201D1032008E0FF
S31508004BA02548844201D10C2003E02448844203D1DD
S31508004BB03020FFF7B1FD0BE02148844201D1C02027
S31508004BC004E0204884421AD14FF44070FFF75CFD98
S31508004BD0A8B1696899B12A680026EB690B2A0ED82C
S31508004BE0194FD2B2B3F5004F57F82220B0FBF2F0B6
S31508004BF00FD000EB5100B0FBF1F080B2E0602888DE
S31508004C00E16A80B221F00F010143E1623046BDE856
S31508004C10F081400000EB5100B0FBF1F081B24FF695
S31508004C20F07201EA0200C1F342010843E6E7000018
S31508004C30F369FFEF00380140004400400048004097
S31508004C40004C004000500040C4A4000810F10800C1
S31508004C5050E8002F22F0606242EA416240E80023F1
S31508004C60002BF5D17047000010F1080050E8002F1E
S31508004C7061F35F7240E80023002BF7D17047B4EE6A
S31508004C80E00AF1EE10FA02D2B0EE600A7047B4EE0E
S31508004C90C10AF1EE10FAF9DDB0EE410A70474FF499
S31508004CA07A7003F00FBA30B589B01446B0F5005FD4
S31508004CB00AD24CB1202C07D8C20605D142095201A6
S31508004CC0031920329A4202D2032009B030BD020AE3
S31508004CD08DF800208DF8010000206A4604E00B5C80
S31508004CE01518401CAB7080B2A042F8D34FF47A7006
S31508004CF003F0E8F90028E8D1A41CA1B2012268460D
S31508004D0003F082F90028E0D10A2003F0DBF9DCE79A
S31508004D1038B50D46010A8DF800104FF400511446B7
S31508004D208DF80100884203D214B12044884201D983
S31508004D30032038BD4FF47A7003F0C4F90028F8D17F
S31508004D4000220221684603F05FF90028F1D12146C6
S31508004D50284603F017F938BD2DE9F04106461546F1
S31508004D600F4600200BE02C4622463946FFF79BFFEC
S31508004D7000280FD1291B8DB231198EB22744002D78
S31508004D8008D026F01F00311AC1F120018CB2A542C5
S31508004D90EAD2E8E7BDE8F0812DE9F04F87B018219F
S31508004DA06846FBF766FD0420FFF78AFA2020FFF71E
S31508004DB087FA0120FFF784FA0220FFF781FA4FF0FD
S31508004DC090470420B8610820B861544E0420B062A8
S31508004DD08002B0624FF40059C6F828900820B061E6
S31508004DE01020B8610120B0610024CDE90094DFF8F5
S31508004DF0308105460490694640460294FFF748FB11
S31508004E004FF48040CDE90004049569464046029473
S31508004E10FFF73EFB7001CDE900040495694640465C
S31508004E200294FFF735FB4FF0040A4FF00208CDE96C
S31508004E300284CDE900A5694638460494FFF728FBA5
S31508004E400820CDE90005CDE9028469460494384670
S31508004E50FFF71EFB1020CDE90005CDE9028469465F
S31508004E6004943846FFF714FB4FF0400BCDE900B425
S31508004E700495694638460294FFF70AFB0095CDE982
S31508004E8001540394694630460494FFF701FBCDE9C3
S31508004E9000840495694630460294FFF7F9FACDF87E
S31508004EA000A0CDE901540394694630460494FFF7FF
S31508004EB0EFFA4FF480500090CDE901540394694607
S31508004EC030460494FFF7E4FACDF80090CDE9015492
S31508004ED00394694630460494FFF7DAFA4FF4807073
S31508004EE0CDE900040495694638460294FFF7D0FADE
S31508004EF008200090CDE9015403946946304604948D
S31508004F00FFF7C6FACDE900B4049469463046029420
S31508004F10FFF7BEFA07B0BDE8F08F000000040048AE
S31508004F20000800482DE9F0418EB01C2106A8FBF7C1
S31508004F30A0FC18216846FBF79CFC2C4801684FF03A
S31508004F40030821F44051002401600120FFF7C4F949
S31508004F500220FFF7C1F94FF4004002260125CDE9EA
S31508004F6000060427CDE90285CDE9045769464FF0C6
S31508004F709040FFF78DFA8020CDE90006CDE902853D
S31508004F80CDE9045769461A48FFF782FA1748883860
S31508004F90816D41F400118165806D099400F400105B
S31508004FA00D9014480894CDE906400A940B940C9485
S31508004FB0114C06A92046FFF733FB606840F00070E5
S31508004FC06060E06840F2FE718843E060E06820F4C3
S31508004FD00040E060206820F400202060206820F46B
S31508004FE0003020600EB0BDE8F08100008810024055
S31508004FF000040048C285B240005400402DE9F04143
S3150800500092B0282106A8FBF734FC18216846FBF75E
S3150800501030FC2E48016E41F480510166016E01F4A0
S3150800502080511091C16C41F00101C164C06C022528
S3150800503000F00100109020200024CDE90005032689
S315080050400527CDE90264CDE904474FF09048694643
S315080050504046FFF71DFA8020CDE90005CDE9026438
S31508005060CDE9044769464046FFF712FA184E3068FC
S31508005070C0F3801018B1306820F0400030604FF45B
S31508005080404006904FF4827007904FF4E060CDE9F7
S31508005090080501200A9040020B901820CDE90C045F
S315080050A007200F9006A93046FFF7B6FB706820F078
S315080050B010007060706820F008007060306840F07A
S315080050C04000306012B0BDE8F081000000100240D8
S315080050D000300140F0B58BB0142106A8FBF7C9FBD8
S315080050E018216846FBF7C5FB0120FFF719F90120CF
S315080050F0FFF7FEF801240226CDE9004600254FF009
S31508005100904702950494694638460594FFF7C0F916
S31508005110009604940594CDE9016569463846FFF77B
S31508005120B7F9ADF81840A01ECDE90750A40706A99F
S3150800513020460995FFF7A4FC206820F0800020602F
S31508005140A0681D49084040F00300A060A5132A4640
S3150800515001212046FFF7A2FB4FF4402632460121E3
S315080051602046FFF74FFCFF113A4601212046FFF77C
S31508005170D3FB002201212046FFF70CFC2A4610210A
S315080051802046FFF78BFB324610212046FFF73AFCF4
S315080051903A4610212046FFF7BFFB0222102120467F
S315080051A0FFF7F8FB6068054908406060A06820F0D2
S315080051B08000A0600BB0F0BDF8FFFEFF8FFFFFFD7B
S315080051C0F0B58BB0142106A8FBF753FB18216846E7
S315080051D0FBF74FFB0220FFF7A3F80220FFF788F83A
S315080051E01020022400258DE8310001262E4FCDE936
S315080051F0046469463846FFF74BF920208DE83100EC
S31508005200CDE9046469463846FFF742F9ADF81860F7
S315080052104FF6FF70CDE90750244C06A9204609959C
S31508005220FFF72EFC206820F080002060A068204947
S31508005230084040F00300A060A5132A460121204635
S31508005240FFF72CFB4FF44026324601212046FFF794
S31508005250D9FB4FF410073A4601212046FFF75CFBBD
S31508005260002201212046FFF795FB2A4610212046F9
S31508005270FFF714FB324610212046FFF7C3FB3A46D8
S3150800528010212046FFF748FB022210212046FFF78F
S3150800529081FB6068074908406060A06820F08000CC
S315080052A0A0600BB0F0BD00000004004800040040F8
S315080052B0F8FFFEFF8FFFFFFD2DE9F04190B020219A
S315080052C006A8FBF7D6FA18216846FBF7D2FA4FF478
S315080052D04030FFF795FA3948016E41F4804101667E
S315080052E0006E00F480400E900120FFF70DF84FF491
S315080052F000700226CDE9000602AA03200024012533
S31508005300072782E8B1004FF0904869464046FFF704
S31508005310BFF8A8020090CDE9016403AA694682E8AD
S31508005320B0004046FFF7B4F825480068C0F30220ED
S31508005330011D072901D2002000E0C01E04FA00F171
S315080053400801204981F800041E4920202139C1F8A6
S3150800535000014FF4E130CDE906400C20CDE90A40C2
S31508005360089409940C940D94174C06A92046FFF747
S31508005370F1FB00212046FFF777FC00212046FFF7C6
S3150800538065FC206820F000502060606820F490409A
S315080053906060A06820F02A00A060206840F0010044
S315080053A02060E069C0F340500028FAD0E069C0F3F5
S315080053B080500028F5D010B0BDE8F08100100240FA
S315080053C00CED00E025E000E0003801402DE9F04151
S315080053D090B0202106A8FBF74CFA18216846FBF77F
S315080053E048FA4FF44010FFF70BFA2F48816D41F445
S315080053F080218165806D00F480200E900220FEF7E2
S3150800540083FF4FF4806002250024CDE900050326BA
S315080054100727CDE90264DFF89480CDE90447694699
S315080054204046FFF735F8A802CDE90005CDE9026444
S31508005430CDE9044769464046FFF72AF84FF4E130BC
S31508005440CDE906400C20CDE90A40089409940C944D
S315080054500D94174C06A92046FFF77CFB0021204631
S31508005460FFF702FC00212046FFF7F0FB206820F03A
S3150800547000502060606820F490406060A06820F0CA
S315080054802A00A060206840F001002060E069C0F3AF
S3150800549040500028FAD0E069C0F380500028F5D0C3
S315080054A010B0BDE8F081000000100240000400487A
S315080054B00048004010B500220F49104801F00DFBC6
S315080054C008B1FDF7E3FD0E490C4801F0DCFC08B114
S315080054D0FDF7DCFD0B49094801F066F908B1FDF74F
S315080054E0D5FD064801F04AFD002803D0BDE8104066
S315080054F0FDF7CCBD10BD0000F8010020EC830020AC
S31508005500A8010020E4010020FEE77047FEE72DE928
S31508005510F84F044640F68F7A40F2064B48F60F7865
S315080055204FF000098BE1B0F8441011F00F053AD09E
S3150800553030F8256031047DD530F8251001EA0A01D6
S3150800554041F0800120F8251005EB850004EBC00723
S3150800555097F85C0107F5A87700286CD0F878022838
S315080055606AD03978226832F8210048F68F731840D5
S3150800557048F2C003184322F821003878D4F800C04E
S315080055803CF820104904BCF8501001EB0C027ED5FB
S3150800559040F2024101EBC000105A8005800D0090D0
S315080055A076D03A89A7E0C9062AD4018801EA080113
S315080055B041F400410180206804F11005B0F850104C
S315080055C0227C014440F2024000EBC200085AC0F3B4
S315080055D00900E062616A0844606200212046FDF71E
S315080055E03FFE207B00289DD0A86900289AD1207B01
S315080055F040F080012068A0F84C1084F80C901EE159
S31508005600018804F5A8750A051ED5B0F850100A18C1
S3150800561029780BEBC100105A04F52671C0F309036B
S31508005620EB61EA88206802F072FA2168088800EAC5
S315080056300A0002E07BE03FE04EE040F08000088090
S315080056402046FEF78AFAFAE00904D8D5018801EA65
S315080056500A0141F0800101802068B0F850102A78CC
S3150800566008440BEBC201405A83059B0DEB610DD034
S31508005670696959B1EA88206802F049FAE9696869EE
S315080056800844686100212046FDF7F3FD01E02AE0A1
S3150800569028E0206801880A050DD4C1F301310329E1
S315080056A009D001884BF68F72114081F4405148F2B7
S315080056B0800211430180C2E02068B0F850103B78A0
S315080056C00A180BEBC301515A8905890D009117D0A9
S315080056D0FA887969009B11E0324639462046FDF77B
S315080056E024FE00900CE00BEBC000105A8005800DDC
S315080056F0009005D07A8903466046796902F007FA70
S31508005700F96900980844F86178690099084478614D
S31508005710B86918B139690098814204D939782046A0
S31508005720FDF7A7FD03E03946206802F027F83006A2
S315080057302DD505EB850004EBC001206830F825203F
S3150800574002EA080242F4004220F82520C87C1031FB
S3150800575001281DD0F0056ED42068B0F85020131823
S315080057600A7840F2024000EBC200185A8A69C0F370
S315080057700900824258D9121A8A6157D04A690244E6
S315080057804A61CA691044C861206801F0F7FF56E00B
S31508005790C1F818900A7B48461AB3720622D54A7889
S315080057A012B1012A14D041E02068B0F85020104404
S315080057B00A7800EBC200B0F80224C2F30902A0F886
S315080057C00224B0F8022442F40042A0F802242DE094
S315080057D02268B2F850301A440B7802EBC302A2F8DA
S315080057E0020423E04B78226813B1012B13D01DE085
S315080057F0B2F8500010440A7800EBC200B0F806244C
S31508005800C2F30902A0F80624B0F8062442F40042BE
S31508005810A0F806240AE0B2F850301A440B7802EBD6
S31508005820C302A2F8060401E0C1F8189009782046D8
S31508005830FDF716FD03E032462046FDF7E4FD206835
S31508005840B0F8441009043FF56EAE0020BDE8F88FA5
S315080058502DE9F04705002ED0287800282BD0002403
S31508005860DFF85880164E12E058F834703846FAF7C2
S3150800587027FF8146024639462846FAF740FF20B9EF
S3150800588015F809003A280CD058B1641CE4B23078EF
S315080058908442E9D3716800290DD00AA0BDE8F04713
S315080058A0084728463A21FAF701FF00B1401C08EBE1
S315080058B0C4014968F2E7BDE8F0870000B89D0020FA
S315080058C04C020020556E6B6E6F776E20636F6D6DA0
S315080058D0616E640005498968054A01F0F001090905
S315080058E0515C01F01F01C8407047000000100240DB
S315080058F08CA4000805498968054A01F4E06102EBB1
S315080059001121097801F01F01C840704700100240B4
S315080059109CA4000805498968054A01F4605102EB10
S31508005920D121097801F01F01C840704700100240D4
S315080059309CA400081549886800F00C031448042B39
S315080059400DD04210082B09D00C2B08D1CB6803F0D8
S315080059500303022B05D0032B03D101E01046704741
S315080059601046CA68C2F306224243C868C96800F0EE
S31508005970F003012000EB1313B2FBF3F201F0C06150
S3150800598000EB51604000B2FBF0F070470010024097
S315080059900024F40070B5074D002400BF05EBC400D1
S315080059A0416855F8340000F007F8641C052CF5D357
S315080059B070BD0000000000202DE9F041164C064697
S315080059C00F462078102805D227B11EB10025DFF82A
S315080059D04C800DE06168002915D011A019E000BFC0
S315080059E058F835003146FAF76BFF70B16D1CEDB209
S315080059F020788542F4D3C0B208EBC00148F830607D
S31508005A00401C4F602070BDE8F08161680029FAD01B
S31508005A100AA0BDE8F04108474C020020B89D0020C6
S31508005A20436F6D6D616E6420726567697374726128
S31508005A3074696F6E206661696C656400436F6D6D8D
S31508005A40616E6420616C726561647920657869733A
S31508005A50747300000CB50221CDE900010021EF2383
S31508005A6040F23F12084600F001F80CBDF8B5141ACA
S31508005A70DDE906575E1A641C761C74432E0AEDB2DD
S31508005A80009700F0F3F84FF0904310209862082032
S31508005A90986112498868C0F340000028FAD00020AF
S31508005AA0621E10E00E73904204D28F68C7F3400757
S31508005AB0002FF8D00D73904204D28F68C7F34007C1
S31508005AC0002FF8D0401CA042ECD38868C0F3C01061
S31508005AD00028FAD110209861F8BD00000030014076
S31508005AE010B54FF0904488B00420A061012003F05F
S31508005AF067F90420A0620A2003F062F90420A06175
S31508005B00C82003F05DF91020A062112000F01EF9EC
S31508005B10C82003F055F9362000F018F9702000F077
S31508005B2047F93A2000F012F9552000F041F90A2009
S31508005B3003F046F9B22000F009F90C2000F038F914
S31508005B400C2000F035F9002000F032F9332000F07F
S31508005B502FF9332000F02CF9B72000F0F7F875205C
S31508005B6000F026F9C22000F0F1F8012000F020F933
S31508005B70C32000F0EBF8162000F01AF9C42000F054
S31508005B80E5F8202000F014F9C62000F0DFF80F2011
S31508005B9000F00EF9D02000F0D9F8A42000F008F99A
S31508005BA0A12000F005F9D62000F0D0F8A12000F0D9
S31508005BB0FFF8BB2000F0CAF83B2000F0F9F8E02017
S31508005BC000F0C4F818A10FC98DE80F000E21684629
S31508005BD000F0C8F8E12000F0B9F817A30DF1100C91
S31508005BE00FCB8CE80F000E2104A800F0BBF8E420C8
S31508005BF000F0ACF8272000F0DBF8002000F0D8F819
S31508005C00002000F0D5F8292000F0A0F82C2000F09C
S31508005C109DF80A2003F0D4F80B4901208862102069
S31508005C20A06108B010BD0000F00B110E0D19363337
S31508005C304B0714142C2E0000F00D120B09033244E6
S31508005C40483916162D3000000004004806498A68AF
S31508005C50C2F34002002AFAD008738868C0F3C0105D
S31508005C600028FAD170470000003001407CB54FF09B
S31508005C7090451024AC620824AC62334CA668C6F37F
S31508005C804006002EFAD02A262673A668C6F3C01642
S31508005C90002EFAD10826AE61060A8DF800608DF846
S31508005CA00100100A8DF802008DF8032000206E46C8
S31508005CB0A268C2F34002002AFAD0325C2273401C62
S31508005CC00428F5D3A068C0F3C0100028FAD108202C
S31508005CD0A862A068C0F340000028FAD02B202073E1
S31508005CE0A068C0F3C0100028FAD10820A861080AE5
S31508005CF08DF804008DF80510180A8DF806008DF841
S31508005D000730002001AAA168C1F340010029FAD092
S31508005D10115C2173401C0428F5D3A068C0F3C01099
S31508005D200028FAD10820A862A068C0F3400000281D
S31508005D30FAD02C202073A068C0F3C0100028FAD12E
S31508005D401020A8617CBD00000030014010B54FF05E
S31508005D5090441021A1620821A162FFF777FF102065
S31508005D60A06110BD70B54FF090441022A2620822BF
S31508005D70A2610E4B9A68C2F34002002AFAD00022AA
S31508005D804D1E09E0865C1E73AA4204D29E68C6F3BD
S31508005D904006002EFAD0521C8A42F3D39868C0F304
S31508005DA0C0100028FAD11020A06170BD0030014053
S31508005DB010B54FF090441021A1620821A161FFF7A8
S31508005DC045FF1020A06110BD0178407841EA002007
S31508005DD0704700001CB500210220CDE900010B46E2
S31508005DE002020AA10B4803F0A7FD0B490128086027
S31508005DF006D00AA002F05AF8BDE81C40FDF746B9DD
S31508005E00BDE81C400CA002F051B8000053746F7234
S31508005E1061676500398C00085802002053746F7258
S31508005E20616765207461736B2063726561746520B0
S31508005E304661696C6564000053746F72616765201A
S31508005E407461736B2063726561746520537563634F
S31508005E506573730010B5502080F31188BFF34F8F18
S31508005E60BFF36F8F03F096FD18B104494FF08050C9
S31508005E700860002080F3118810BD000004ED00E0E2
S31508005E8038B53148016821F00F0141F0040101607D
S31508005E90016801F00F010429FAD12C4850F8801F37
S31508005EA021F4807101602A4C206840F4803020601B
S31508005EB02068C0F340400028FAD0D4F8980040F093
S31508005EC00100C4F8980000BFD4F89800C0F3400059
S31508005ED00028F9D0E16845F213501E4A11400843DC
S31508005EE0E060E06840F08070E060206840F0807014
S31508005EF020602068C0F340600028FAD0A06840F00F
S31508005F000300A0608020FEF771FCA06800F00C007A
S31508005F100C28FAD155200090401E0090FCD1FEF7BF
S31508005F2065FCA06820F4E060A060A06820F46050DA
S31508005F30A0600948FEF7ACFC0F20FDF7C5F800285D
S31508005F4001D0FDF7A3F838BD0020024000700040DC
S31508005F50001002400C80FFF980FE210A0248016801
S31508005F6041F470010160704788ED00E01CB500211E
S31508005F700120CDE900010B4682020AA10A4803F076
S31508005F80DBFC0A490128086006D009A001F08EFF4B
S31508005F90BDE81C40FDF77AB8BDE81C400AA001F030
S31508005FA085BF000054465400598D00085802002049
S31508005FB0544654207461736B20637265617465205E
S31508005FC04661696C65640000544654207461736BBD
S31508005FD02063726561746520537563636573730026
S31508005FE01CB500210120CDE900010B4602020AA1D9
S31508005FF00B4803F0A1FC0B490128086006D00AA04B
S3150800600001F054FFBDE81C40FDF740B8BDE81C4050
S315080060100BA001F04BBF00005072696E74000000BF
S31508006020118C00085802002054657374207461733B
S315080060306B20637265617465204661696C656400EE
S3150800604054657374207461736B206372656174653B
S31508006050205375636365737300000000F0EE400A11
S315080060609FED031A9FED030A00EE810A70470000B0
S315080060709A99193D3333D33FDFED020A20EE200A01
S3150800608070470000240C433D002804D001780029FD
S3150800609001D0FFF7DDBB704710B5FFF70DF9FDF727
S315080060A04FFF40F21E510848FAF7C1FB012003F0E2
S315080060B0DBF806490028486004D1BDE8104004A072
S315080060C001F0F4BE10BD0000B07E0020C80000201C
S315080060D04D757465782063726561746520666169BB
S315080060E06C6564002DE9F041264C002704F20A3855
S315080060F0254D2CE002F0EAFCB4F80202265CB4F85E
S315080061000202401CC0F30800A4F8020202F0FEFCDA
S31508006110287820B1012808D0022818D11FE0AA2E15
S3150800612015D184F80A7501200EE094F80A0512289C
S315080061300CD200F8086094F80A05401CC0B284F82E
S315080061400A05122803D10220287000E02F70B4F83F
S315080061500002B4F802128842CCD1BDE8F081552E6F
S31508006160F4D10A48122241460646FAF713FB02F012
S31508006170ADFC0648122231461330FAF70BFB02F043
S31508006180C5FCE3E7B07E0020C8000020BB830020E2
S315080061902DE9F047DFF8A8808A4617460A21D8F87D
S315080061A0040003F0E5FA012804D0BDE8F04725A06D
S315080061B001F07CBE0A26284C4FF00009274D02E064
S315080061C0012002F0FDFD95F8040310B1761EF7D202
S315080061D00AE04EB954E8000F20F0400044E80002F7
S315080061E0002AF7D185F804934FF48076B74200D891
S315080061F03E46324651461A48FAF7CCFAA5F80693AF
S31508006200A5F80863012085F80403B5F806032918DC
S31508006210401CA5F8060391F80402A06254E8000F92
S3150800622040F0400044E800010029F7D1D8F80400FE
S31508006230BDE8F04700231A46194603F0AFB8000038
S31508006240C80000204D7574657820676574206661FE
S31508006250696C65640000000000380140B07E0020CB
S31508006260B48000201FB5002813D0AA218DF800108D
S315080062700168CDF801104168CDF805108068CDF8A1
S31508006280090055208DF80D000E2269460148FFF7D2
S315080062907FFF1FBD0038014010B5FFF797F8FDF7DF
S315080062A019FE40F20A310C48FAF7C1FA0A490020E9
S315080062B0A1F80002A1F80202012002F0D5FF074961
S315080062C00028486007D1502080F31188BFF34F8F0C
S315080062D0BFF36F8FFEE710BD667B0020C00000206D
S315080062E02DE9F047DFF8C880DFF8C890324C98F8F7
S315080062F0000016468A46012801D0304812E00A21D5
S31508006300D9F8040003F034FA01284ED1642502E0D6
S31508006310012002F055FD94F8040340B16D1EF7D232
S3150800632005E000BF94F8041309B1401EF9D294F8A9
S315080063300403234D002748B155E8000F20F040001C
S3150800634045E80002002AF7D184F804734FF48070F8
S31508006350864200D90646324651461A48FAF71AFACC
S31508006360A4F80673A4F80863012084F80403B4F8B3
S3150800637006032118401CA4F8060391F80402A86233
S3150800638055E8000F40F0400045E800010029F7D124
S3150800639098F80000012808D1D9F80400BDE8F047AC
S315080063A000231A46194602F0F9BFBDE8F087000037
S315080063B054020020C0000020667B0020A086010051
S315080063C0004800406A7D0020284910B5C869C0F316
S315080063D0C00038B9C869C0F3400018B9C869C0F325
S315080063E0800030B108200862022008620420086292
S315080063F0486AC869C0F340121D487AB14A6AD3B2DE
S31508006400B0F80022B0F80242521CC2F308029442C5
S3150800641004D0B0F800420355A0F80022CA69C2F3B6
S315080064208012002A15D00A68C2F38012002A10D0FA
S3150800643040220A62B0F80623B0F808339A4209D215
S31508006440B0F806238318521CA0F8062393F8040212
S31508006450886210BD51E8002F22F0400241E800236F
S31508006460002BF7D1002180F8041310BD0038014035
S31508006470B07E00201F4810B5C169C1F340121E49FD
S315080064807AB1426AD3B2B1F80022B1F80242521C7C
S31508006490C2F30802944204D0B1F800420B55A1F8A1
S315080064A00022C269C2F38012002A15D00268C2F31C
S315080064B08012002A10D040220262B1F80623B1F8F1
S315080064C008339A4209D2B1F806238B18521CA1F850
S315080064D0062393F80412816210BD50E8002F22F0BB
S315080064E0400240E80023002BF7D1002081F804037E
S315080064F010BD000000480040667B002010B50A4623
S31508006500024903A000F0B9FA004810BDBC96002065
S3150800651043444320436F6E66696700002DE9F041E6
S315080065200C46D0F8C422D0F8BC12E9B104EB8406B4
S3150800653000EB86050027AB693BB102EBC602126A7F
S31508006540B3FBF2F602FB163282B1C1F81472D0F828
S31508006550C00203692BB1D1F80802224601F504717D
S3150800656098470020BDE8F0810320FBE700231A4680
S315080065702146AF6100F068FCF3E770B5D0F8BC427D
S3150800658005466CB100F058FBC4F80C02D5F8C012E9
S31508006590D4F80402CA6804F503719047002070BD58
S315080065A0032070BD70B50446812100F0B2FA0025BB
S315080065B025870121204600F0ACFAA4F878518221FB
S315080065C0204600F0A6FAA4F84C50A4F84E50D4F889
S315080065D0BC0248B1D4F8C00204F52F74406880475D
S315080065E0206800F020FE2560002070BD122008807B
S315080065F0004870471C02002010B5D0F8BC4284B190
S31508006600D0F8C01259B194F80002FF2807D08B6859
S3150800661094F8012221469847FF2084F800020020BA
S3150800662010BD032010BD00000A21018000487047F4
S31508006630D000002043210180004870472001002037
S315080066404321018000487047DC0000204321018077
S3150800665000487047640100202DE9F04704464FF4CE
S31508006660077000F0E1FD05004FF0000735D0C4F8CB
S31508006670BC52207C4FF010084FF40079012680B3F5
S31508006680402302228121204600F02BFB2687402347
S3150800669002220121204600F024FBA4F87861A4F820
S315080066A04E80082303228221204600F01AFBA4F814
S315080066B04C60D4F8C00200688047C5F81472C5F863
S315080066C01872207CD5F80422A8B14023012120465F
S315080066D000F013FB0020BDE8F0870220C4F8BC7266
S315080066E0F9E7FFE74B4602228121204600F0F9FA36
S315080066F026874B46CCE74B46E8E7000010B50A4626
S31508006700024903A000F0B9F9004810BDBC96002064
S3150800671043444320496E74657266616365000000F0
S3150800672004200880004870471802002010B50A4661
S31508006730024903A000F0A1F9004810BDBC9600204C
S3150800674053544D6963726F656C656374726F6E69D5
S315080067506373000010B50A46024903A000F08DF9DC
S31508006760004810BDBC96002053544D33322056695C
S31508006770727475616C20436F6D506F7274000000FF
S3150800678010B5D0F8BC1251B1027C002AD1F8042207
S3150800679007D04023012100F0B0FA002010BD0320E5
S315080067A010BD4FF40073F5E719B1C0F8C012002008
S315080067B0704703207047000010B51A2008800A4861
S315080067C00168001D0468001D0068081809D0082221
S315080067D00649FDF74BFC0549042210312046FDF712
S315080067E045FC0248801E10BD9075FF1F320200202E
S315080067F0D0F8BC0218B1C0F8041200207047032074
S315080068007047D0F8BC0228B1C0F81022C0F80812A8
S3150800681000207047032070472DE9FC410646D0F852
S31508006820BC7200200C468DF80000ADF80400054641
S3150800683037B1207810F0600128D0202944D102E031
S315080068400320BDE8FC81E288C2B1000660780AD55B
S31508006850D6F8C0128B6839469847E288072A00D9C5
S315080068600722394628E087F80002A07987F801024E
S31508006870E2883946304600F051F82AE0D6F8C012C8
S31508006880607800228B682146984722E0607830B10C
S3150800689001281ED00A2809D00B2815D110E096F831
S315080068A09C02032810D1022201A905E096F89C0251
S315080068B0032809D101226946304600F049F808E064
S315080068C096F89C02032804D02146304600F01BF8AF
S315080068D003252846B5E710B5D0F8B8220AB152689C
S315080068E09047002010BD134610B50A46002100F057
S315080068F004FA002010BD134610B50A46002100F020
S31508006900A3FA002010BD10B50446802100F081FAD4
S315080069102046BDE81040002100F07BBA10B50323DD
S31508006920C0F89432C0F858211346C0F85C210A46CC
S31508006930002100F0E2F9002010BD10B50521C0F8CD
S31508006940941200231A46194600F0D7F9002010BD04
S3150800695010B50223C0F8943282611346C2610A4612
S31508006960002100F071FA002010BD10B50421C0F80E
S31508006970941200231A46194600F066FA002010BD44
S31508006980F8B504460020ADF8000048880D46010A0F
S31508006990062947D006DC01290FD0022912D003297F
S315080069A062D11DE0072946D00F295DD1D4F8B4027B
S315080069B0C26920E0694690473BE0D4F8B412207CCF
S315080069C00A68F7E7207C02260028D4F8B80205D022
S315080069D0C16A684688470146467036E0816AF8E724
S315080069E0C0B2062840D2DFE800F003090D111519D8
S315080069F0D4F8B4024268B2B3207CDBE7D4F8B40218
S31508006A008268F8E7D4F8B402C268F4E7D4F8B402A6
S31508006A100269F0E7D4F8B4024269ECE7D4F8B402A4
S31508006A208269E8E7207CF0B9D4F8B802416B684679
S31508006A308847014609E0207CA8B9D4F8B802016B5A
S31508006A4068468847014607204870EA888AB1BDF833
S31508006A50000040B1824200D90246ADF80020204627
S31508006A60FFF776FFF8BDFFE729462046FFF74BFFFD
S31508006A70F8E72046FFF779FFF4E770B5002300280A
S31508006A801ED00025044602E06D1CEDB2641C267873
S31508006A90002EF9D1022404EB450414801278CA5456
S31508006AA05B1C0322CA5400245B1C06E0CA545B1C08
S31508006AB0DAB28C54521CD3B2401C0278002AF5D1A3
S31508006AC070BD01004FF0000004D0012901D0022951
S31508006AD001D0032070470120704778B10023C0F821
S31508006AE0B832C0F8C032C0F8CC3209B1C0F8B41216
S31508006AF0012180F89C12027000F0A2B803207047AA
S31508006B0010B5D0F8C402FCF7E3FBBDE81040FFF768
S31508006B10D8BF10B5D0F8C402FCF7B5FBBDE81040E5
S31508006B20FFF7CFBF70B51646044621B194F89C020C
S31508006B30032841D048E0D4F8941204F11400002543
S31508006B40022932D1D0E902318B4206D95A1A82601B
S31508006B5031462046FFF7CFFE0FE0994214D1406830
S31508006B60884211D3D4F8981288420DD200221146D1
S31508006B702046FFF7C0FEC4F8985200231A46194665
S31508006B80204600F0BAF810E094F89C02032805D1D4
S31508006B90D4F8B802C16809B1204688478021204642
S31508006BA000F037F92046FFF7C8FE94F8A00201283E
S31508006BB00AD184F8A05207E0D4F8B80242691AB19B
S31508006BC020469047002800D1002070BD10B5134616
S31508006BD0044621B194F89C02032823D02AE0D4F86D
S31508006BE0941204F5AA70032924D1D0E9021291421D
S31508006BF00AD98A1A8260C068824200D302461946B8
S31508006C002046FFF770FE15E094F89C02032805D18C
S31508006C10D4F8B802016909B1204688472046FFF72B
S31508006C20A4FE07E0D4F8B80282691AB12046904754
S31508006C30002800D1002010BDD0F8C402FCF7A3BD7F
S31508006C4010B51E490446C1F8D802C0F8C4121C483B
S31508006C5008600820087102204871C871002008726F
S31508006C6048728872C8720846FCF7C6FE08B1FCF777
S31508006C700DFA0022D4F8C4021823114604F531741B
S31508006C80FCF7D0FA5823002280212068FCF7CAFABC
S31508006C90C023002281212068FCF7C4FA4FF48873C8
S31508006CA0002201212068FCF7BDFA4FF48073002208
S31508006CB082212068FCF7B6FA002010BDDC9A002075
S31508006CC0005C00400A0601F07F01D0F8C40201EB1F
S31508006CD0810100EBC10001D5807C704790F8520114
S31508006CE0704710B51C461346D0F8C4022246FCF776
S31508006CF053FDBDE81040FFF7E4BE10B5D0F8C40256
S31508006D00FCF778FDBDE81040FFF7DBBE70B501253E
S31508006D10044680F89C520020C4F894026060C4F8C7
S31508006D20A402D4F8B802E0B1D4F8BC1221B1426882
S31508006D3012B10021204690470022402311462046E2
S31508006D40FFF7CFFF4026A4F864513346002280217E
S31508006D502046C4F86061FFF7C4FFA58400202662B8
S31508006D6070BD032070BD90F89C12042903D190F8D9
S31508006D709D1280F89C120020704710B5D0F8B81202
S31508006D8021B190F89C22032A02D004E0032010BD0A
S31508006D90C96901B18847002010BD017400207047F9
S31508006DA010B5D0F8C402FCF7C5FEBDE81040FFF7E1
S31508006DB088BE70B5044600F2AA20054600F04DF8D4
S31508006DC00120C4F89402B4F8B002C4F8980294F802
S31508006DD0AA0210F01F010AD001290ED0022912D0EA
S31508006DE000F080012046BDE8704000F012B8294640
S31508006DF02046BDE8704000F0C3B829462046BDE8E5
S31508006E00704000F0E7B929462046BDE8704000F01A
S31508006E1041B910B5D0F8C402FCF703FDBDE810402F
S31508006E20FFF74FBE10B5D0F8C402FCF79DFEBDE8CB
S31508006E301040FFF746BE90F89C1280F89D12042178
S31508006E4080F89C120020704710B5D0F8C402FCF7F1
S31508006E5017FDBDE81040FFF734BE70B5054611F8BA
S31508006E60010B2870087868704C1C2046FEF7ACFFAA
S31508006E706880A41C2046FEF7A7FFA880A01CFEF782
S31508006E80A3FFE88070BD38B504460020ADF80000C1
S31508006E9049B1C4F8B812C96A19B168468847C4F82E
S31508006EA0CC02002038BD032038BD02460320D2F8A4
S31508006EB0B832002B02D01B681046184770470000EE
S31508006EC02DE9F0410F462C4E89780025044631708D
S31508006ED0012906D939462046FFF715FD0320BDE8E6
S31508006EE0F08194F89C0202280CD003281DD039465C
S31508006EF02046FFF708FD31782046FFF7ECFC03250E
S31508006F002846ECE799B320466160FFF7CEFF0500F7
S31508006F1004D039462046FFF7F6FCF1E72046FFF78E
S31508006F2024FD032084F89C02EAE74FF00208C1B169
S31508006F30606888421BD0C1B22046FFF7CCFC317886
S31508006F4020466160FFF7B1FF050010D0394620469C
S31508006F50FFF7D9FC21792046FFF7BDFC84F89C820F
S31508006F60CEE784F89C8220466160FFF7B4FC204691
S31508006F70FFF7FBFCC4E70000E0010020FFF752BF63
S31508006F802DE9F0410A78002512F0600208D0202A7F
S31508006F9001D0402A71D1D0F8B8229268904731E0E2
S31508006FA04B78002201260A2B67D2DFE803F0415E00
S31508006FB06658660805662D29FFF7E2FC5FE0044679
S31508006FC08888D8B9C888C8B94888802816D200F0F1
S31508006FD07F0794F89C02032810D084F89E723946DD
S31508006FE02046FFF7DDFE2046FFF7BFFC1FB1022053
S31508006FF084F89C0243E084F89C6240E020463CE02A
S31508007000FFF75EFF05463AE0CB88012B35D190F8AD
S315080070109C32012B04D0022B02D0032B2DD104E085
S315080070208260012200F1080116E00122011D13E029
S3150800703090F89C22012A03D0022A01D0032A1CD1E7
S31508007040CA88022A19D1C660D0F8A41209B1032148
S31508007050C160022200F10C01FFF77AFC0FE04988B3
S3150800706001290CD1C0F8A46211E090F89C32012BDA
S3150800707008D0022B06D0032B04D0FFF744FC284681
S31508007080BDE8F08149880129F9D1C0F8A422FFF7A3
S315080070906CFCF4E72DE9F0410D46044628780026F5
S315080070A0097910F060000BD0202801D040286DD156
S315080070B0D4F8B8022946826820469047064686E0F4
S315080070C06878A8B3012822D003287CD194F89C02BA
S315080070D0022802D0032876D10BE0002973D0802934
S315080070E071D02046FFF795FE80212046FFF791FED6
S315080070F06DE0688838B931B1802904D0E88810B9BC
S315080071002046FFF786FE2046FFF72FFC5FE094F83F
S315080071109C020228E1D0032855D16888A8BB4806F6
S3150800712002D02046FFF7ECFC2046FFF71EFCBFE71F
S31508007130FFE794F89C020027022802D0032842D1D0
S3150800714011E009B180293ED1080601F07F0000EB65
S31508007150800004EB800101D5143101E001F5AA7124
S3150800716002220F602BE0080601F00F0000EB8000FA
S3150800717004EB80000BD5808C40B101F07F0000EB5A
S31508007180800004EB800514350CE020E01BE0B0F825
S315080071906401C0B101F07F0000EB800004EB8005BC
S315080071A005F5AA7541B1802906D02046FFF78AFD64
S315080071B010B10120286000E02F60022229462046EF
S315080071C0FFF7C6FB03E029462046FFF79CFB30463F
S315080071D0BDE8F08170B50646087800240D4610F023
S315080071E0600003D0202801D0402817D196F89C02C9
S315080071F0012803D0022801D003280FD128790128B5
S315080072000CD8D6F8B8028268304690470446E88813
S31508007210204306D13046FFF7A8FB02E03046FFF7C9
S3150800722072FB204670BD704700487047BC98002026
S315080072302DE9F04F0C78002530F8243048F68F12E7
S315080072401340CA78002A7DD0012A7CD0022A02D0AF
S31508007250032A79D0012548F28002134320F8243006
S315080072600E7830F8263048F68F742340334313439C
S3150800727020F826300B7B48F2C00A48F6BF774CF256
S3150800728080094BF68F764FF6FF7B4FF4004EE3B33B
S31508007290CB7891F800C0022B30F82C307ED048F617
S315080072A08F6803EA0803134320F82C30B0F85030EF
S315080072B091F800C0034403EBCC03B1F808C02CF0E6
S315080072C0010CA3F800C4B0F8503091F800C003448C
S315080072D003EBCC03B1F80AC02CF0010CA3F804C4E4
S315080072E04B7891F800C0002B30F82C304FEA434316
S315080072F07ED0002B06DA30F82C30234043EA090307
S3150800730020F82C3091F800C000E02EE030F82C3040
S315080073105B0606D530F82C30234043EA0A0320F8EA
S315080073202C30CB780C78012B30F8243003EA07038D
S3150800733001D083F02003134320F824300B7830F86B
S31508007340231002E008E00DE009E03140114320F87F
S3150800735023102846BDE8F08F43F400737BE743F417
S31508007360C06378E743F4806375E74B78002BB0F881
S315080073705030034424D00E7803EBC603CE8826F09B
S315080073800106A3F800640B7830F82360760608D562
S3150800739030F82360264046EA0A0600E061E020F855
S315080073A02360CB78012B06D00B7830F823103940B0
S315080073B081F02001CAE70B7830F823103940C5E779
S315080073C00F7803EBC703CF8827F00107A3F80474E7
S315080073D0B0F850300F78034403EBC703B3F80674CC
S315080073E0C7F30907A3F8067403F206430F6900E01A
S315080073F03DE05FB13E2F0DD84FEA570CFF0701D08D
S315080074000CF1010C1F880BEA8C2C0CE01F8847F442
S3150800741000470AE04FEA571CFF0601D1ACF1010C00
S315080074201F884EEA8C2C47EA0C071F800F7830F825
S3150800743027305B0406D530F82730234043EA090392
S3150800744020F827300B782BB130F82310314081F41F
S3150800745000517BE70188314081F440511143018096
S3150800746077E7234048F2801843EA08031CE7002B15
S3150800747006DA30F82C30234043EA090320F82C308A
S3150800748091F800C030F82C305B0606D530F82C3061
S31508007490234043EA0A0320F82C304B7813B1012B1A
S315080074A02DD035E0B0F850300C78034403EBC40314
S315080074B0B3F80244C4F30904A3F802440C6903F2BE
S315080074C002435CB13E2C0ED84FEA540CE40701D0B7
S315080074D00CF1010C1C880BEA8C2C0DE01C8844F47A
S315080074E000441C8014E04FEA541CE40601D1ACF1B8
S315080074F0010C1C884EEA8C2C44EA0C04F1E7B0F81F
S3150800750050300C78034403EBC4030C8AA3F80244F6
S315080075104B7813B1012B2DD035E0B0F850300C78EC
S31508007520034403EBC403B3F80644C4F30904A3F8FD
S3150800753006440C6903F206435CB13E2C0ED84FEAAA
S31508007540540CE40701D00CF1010C1C880BEA8C2CB6
S315080075500DE01C8844F400441C8014E04FEA541CD7
S31508007560E40601D1ACF1010C1C884EEA8C2C44EAE5
S315080075700C04F1E7B0F8504023180C7803EBC40369
S315080075800C8AA3F806440C7830F82430334083F488
S315080075904053134320F824300DE72DE9F04391F8C2
S315080075A00C804F780A7848F6BF7C4BF68F7948F2FC
S315080075B0800348F2C0054CF2800648F68F74B8F18D
S315080075C0000F28D0002F30F822704FEA474748D0DE
S315080075D0002F05DA30F822702740374320F822704A
S315080075E00A7830F822707F0605D530F822702740D1
S315080075F02F4320F822700D7830F825202240324398
S3150800760020F825200C7830F8242002EA0C021A43C8
S3150800761020F824201AE07FB130F82260760605D5D6
S3150800762030F8226026402E4320F822600A7830F887
S31508007630221001EA0C010EE030F822506D0405D53F
S3150800764030F822502540354320F822500A7830F881
S31508007650221001EA0901194320F822100020BDE88A
S31508007660F083002F05DA30F822702740374320F8D8
S3150800767022700A7830F82260760605D530F822603E
S3150800768026402E4320F822600E7830F82620224025
S315080076902A4320F826200C7830F8242002EA09022A
S315080076A01A4320F82420C1E730F8581F41F4004156
S315080076B0018000207047012120F8401F0021018029
S315080076C0818001820846704730F8401F4BF6807269
S315080076D0914301800020704730B54B780A78002B1B
S315080076E048F68F7530F8223048F2800415D05B06CC
S315080076F007D530F822302B4048F2C0052B4320F836
S315080077002230CA78012A1DD00A7830F8221048F6A5
S31508007710BF73194081F0200111E05B0407D530F8EA
S3150800772022302B404CF280052B4320F822300A7871
S3150800773030F822104BF68F73194081F440512143DB
S3150800774020F82210002030BD10B54A780978002AA2
S3150800775048F2800330F8212005D048F6BF7422404D
S3150800776082F0100204E04BF68F74224082F48052B5
S315080077701A4320F82120002010BD00002DE9F0470B
S3150800778006460C464878097B4FF0000848F68F7283
S3150800779048F2801748F68F6348F2800A012809D014
S315080077A0002971D0E07802286FD001286ED0012018
S315080077B0BDE8F087A5692069854200D9054691B1DB
S315080077C0E17802291ED0206A401B2062207836F80C
S315080077D020104906B6F85010314401EBC00075D5A3
S315080077E0A0F8065418E1ABB2E2883046616900F0A9
S315080077F0A9F9B6F850002178304400EBC100A0F88A
S3150800780002540FE1216A81427AD9217836F821009B
S315080078101040384326F82100206A401B2062207851
S3150800782036F820104FF6FF77490661784FF400497D
S3150800783067D511B101292AD030E0B6F85010314485
S3150800784001EBC000B0F80614C1F30901A0F806144C
S3150800785000F206404DB13E2D0CD86908EA0700D063
S31508007860491C028807EA81210BE0018841F400419E
S31508007870018013E06909EA0600D1491E028849EA2F
S3150800788081210A43028009E0EFE008E11DE1B6F82C
S315080078905020911901EBC000A0F806546289ABB2DA
S315080078A03046616900F04EF96069284460612169D3
S315080078B0206A884202D9401B206202E00546C4F8C5
S315080078C02080607818B101282BD032E02FE0B6F876
S315080078D050002178304400EBC100B0F80214C1F31F
S315080078E00901A0F8021400F202405DB13E2D0ED83F
S315080078F06908EA0700D0491C028807EA81210DE0D9
S31508007900A0E018E0018841F40041018011E069090E
S31508007910EA0600D1491E028849EA81210A43028003
S3150800792007E0B6F850002178304400EBC100A0F813
S315080079300254228971E011B1012927D02DE0B6F849
S315080079405010314401EBC000B0F80214C1F309012C
S31508007950A0F8021400F202404DB13E2D0CD8690879
S31508007960EA0700D0491C028807EA81210BE0018852
S3150800797041F40041018010E06909EA0600D1491E78
S31508007980028849EA81210A43028006E0B6F85010C7
S31508007990314401EBC000A0F802542289ABB230464C
S315080079A0616900F0CFF86069284460612169206A3E
S315080079B0884202D9401B206202E00546C4F82080AE
S315080079C0607810B1012836D026E0B6F85000217844
S315080079D0304400EBC100B0F80614C1F30901A0F861
S315080079E0061400F206404DB13E2D0CD86908EA0788
S315080079F000D0491C028807EA81210BE0018841F47E
S31508007A000041018008E06909EA0600D1491E02889A
S31508007A1049EA81210A4302806289ABB2304661692C
S31508007A2000F090F8217836F8210048F6BF72104029
S31508007A3080F0300053E0B6F850108819217800EB32
S31508007A40C100CDE6227836F82200184040EA0A003E
S31508007A5026F82200B6F850002278304400EBC2001F
S31508007A608BB2A0F802342289D8E7A06908B9E07871
S31508007A7078B1217836F82100184040EA0A0000BF9C
S31508007A8026F82100A169206981421ED9081AA06139
S31508007A901DE0217836F8210010403843F0E7E06908
S31508007AA0A8B1217836F82100430401D5430603D44A
S31508007AB044F2400318420AD136F82100104048F231
S31508007AC0C002104326F8210001E0C4F81880217886
S31508007AD036F821004BF68F72104080F4405040EA89
S31508007AE00A0026F82100002062E60021A0F84410CA
S31508007AF04BF68071A0F84010002070470148FBF74C
S31508007B00D6BE0000DC9A0020B0F84400704710B5D5
S31508007B1010445C0800F5806008D030F8022B01F8A4
S31508007B20012B120A01F8012B641EF6D1DA0701D0DF
S31508007B300088087010BD11B98021A0F84C100020EB
S31508007B407047000010B55B1C10445B0800F58060A8
S31508007B500AD000BF11F8012B11F8014B42EA0422A2
S31508007B6020F8022B5B1EF5D110BDFEE71CB540F6CA
S31508007B70B830FCF795F900210420CDE900010B4641
S31508007B8040220AA10C4801F0D7FE0C4901280860DA
S31508007B9006D00BA000F08AF9BDE81C40FBF776BAC0
S31508007BA0BDE81C400DA000F081B900005761746360
S31508007BB068646F67000000005D91000858020020A5
S31508007BC05761746368646F67207461736B206372AE
S31508007BD065617465204661696C6564005761746304
S31508007BE068646F67207461736B206372656174657E
S31508007BF020537563636573730000000003B401982E
S31508007C004100009850EAC12018BF04204A0D18BF49
S31508007C1040F0010040F2FF72B2EB515F08BF40F03E
S31508007C200200012808BF052002B070470907090E9F
S31508007C30002804DB00F1E02080F80014704700F00B
S31508007C400F0000F1E02080F8141D704700000000C6
S31508007C5030B52DED048B81B0B0EE408AF0EE608A27
S31508007C606A4651EC180B00F047F900989FED329BD5
S31508007C707E300090002821DC53EC192B51EC180BB0
S31508007C8002F058F91AD0002140F608004FF000001B
S31508007C90044651EC180B02F007F908EE100A40F6F4
S31508007CA0080004EA00014FF00000B5EEC08AF1EEC4
S31508007CB010FA04BF0220F9F70AFE2DE00098FF2803
S31508007CC030DB002108464FF0000000F4400553EC75
S31508007CD0192B51EC180B02F0A3FA8CBF00240124CF
S31508007CE00220F9F7F4FD9FED168A4DB1002C0CBF62
S31508007CF04FF400004FF48000A84218BF9FED118A88
S31508007D00042108464FF00000002C01BFB1EE480AD6
S31508007D1001B0BDEC048B30BDB0EE480A01B0BDEC35
S31508007D20048B30BD51EC180B02F0BEF801B000EE22
S31508007D30100ABDEC048B30BD0000000000000000F6
S31508007D400000807FFFFF7F7F30B540F2FF742DED86
S31508007D50048BF0EE608A18EE901A85B0B0EE408A71
S31508007D609FED2B9B05468DED008B34EA115147D0CC
S31508007D7053EC192B51EC180B02F0DCF840D02A46CC
S31508007D8051EC180B02F036FB41EC180B18EE900A72
S31508007D908DED008B34EA10501CD053EC192B51ECA6
S31508007DA0180B02F0C7F82BD10220F9F790FD00F066
S31508007DB053F810EE901A18EE900A8DED020B8DED21
S31508007DC0008B61F31E0003909DED020B05B0BDEC20
S31508007DD0048B30BD0220F9F77AFD00F02DF810EE7D
S31508007DE0901A18EE900A8DED020B8DED008B61F35B
S31508007DF01E0003909DED020B05B0BDEC048B30BD53
S31508007E0005B0B0EE480AF0EE680ABDEC048B30BD4A
S31508007E10000000000000000008B59FED060A0A46AB
S31508007E2001468DED000A6846F9F780F99DED000ACE
S31508007E3008BD0000000000009FED050B10B553ECCF
S31508007E40102B51EC100B02F0EDF841EC100B10BDA5
S31508007E5000000000000000709FED050B10B553EC04
S31508007E60102B51EC100B02F0DDF841EC100B10BD95
S31508007E70000000000000001010B5044691ED000B4C
S31508007E80FFF7E6FE84ED000A10BD10B5044690ED36
S31508007E90000B0846FFF758FF84ED000B10BD30387D
S31508007EA00A2801D201207047002070470FB44FF40A
S31508007EB0807110B5C0B043AB6846429AF8F7D2FA5B
S31508007EC000246846F8F7FCFBFE2809D20D220DF8B7
S31508007ED00020401C0A220DF80020401C0DF8004026
S31508007EE082B269460348FEF7FBF940B010BC5DF85C
S31508007EF014FB00000048004010B582B01446CDE9D6
S31508007F0000010023009A2360194B21F00040984293
S31508007F102ADA024328D0B0F5801FA8BF226810DAF3
S31508007F209FED150B53EC102B9DED000B51EC100B30
S31508007F3002F078F8CDE900016FF0350221F0004033
S31508007F4022600F4B6FF31E5103EB20501044206044
S31508007F5041F0FF5040F0005001909DED000B00BF2E
S31508007F6002B051EC100B10BD9DED000BF8E70000B8
S31508007F700000F07F000000000000000000005043F1
S31508007F8002FCFFFF2DE9FC4107464FF47A741C4DAD
S31508007F900E462046A96911F0010F0DD068B319499C
S31508007FA04FF00070CDE9000133460022A021284693
S31508007FB0FCF718FB00210CE0401EEBD2EFE7204649
S31508007FC0AA69C2F3800262B1B8B1686A7854491CDA
S31508007FD089B2B142F3D3A869C0F3401020B164B1A5
S31508007FE004E0401EECD2F0E7641EF4D2E86940F0E3
S31508007FF02000E8610020BDE8FC810220FBE70000C4
S3150800800000540040002400802DE9FC4180464FF4CE
S315080080107A742A4D16460F462046A96911F0010FB3
S3150800802004D0B8B3264826B1010303E0401EF4D2B3
S31508008030F8E70021CDE900103B460022A02128469A
S31508008040FCF7D0FA00201CE02146AA69C2F34002D8
S3150800805092B1F9B118F80010A962A969C1F3001123
S3150800806069B1E86940F01000E861686840F480404A
S3150800807068600120BDE8FC81491EE6D2EAE7401C9B
S3150800808080B2B842E0D34EB9A869C0F3801010B1E7
S3150800809004B10FE010E0641EF6D20BE0A869C0F345
S315080080A0401008B144B101E0641EF7D2E86940F017
S315080080B02000E8610020DDE70220DBE700540040ED
S315080080C0002000802DE9FC41642100FB01F5002613
S315080080D0104F114C13E000231A46A0212046CDE983
S315080080E00067FCF77FFAA069C0F3001060B1E06989
S315080080F040F01000E061606840F4804060606D1EEA
S31508008100E9D20220BDE8FC81606840F480406060E6
S315080081100020F7E70020008000540040FDF7B0FE7D
S31508008120FBF768FFFBF74EFFFFF720FDFAF7C2FDE6
S31508008130FDF7EBF9FAF730FDFDF718FFFDF74AFEF4
S31508008140FCF784F8FAF762FFFAF772FDFDF748FFC5
S3150800815002490120087000F039FFFEE754020020AA
S315080081602DE9F0411E4C0F460546E6682068001DBD
S3150800817000F0C2FA38B9206890F82C10012088401F
S31508008180216981432161681C15D1A7B11549226867
S315080081904868906023688268DA6022688368121DDE
S315080081A05A602268121D8260206841610868401C76
S315080081B00860BDE8F08120683544B542456021680D
S315080081C005D2E06BBDE8F041091D00F05BBCA06B71
S315080081D0091D00F057FCA06A8542EAD2A562E8E7C5
S315080081E060000020107B00202DE9F041054600F0D4
S315080081F06DFC364CA068401CA0602068344F10B156
S31508008200606940B32DE02560A068012829D10026C1
S3150800821006EB860007EB800000F026FC761C052E90
S31508008220F6D32B48643000F01FFC2948783000F05C
S315080082301BFC27488C3000F017FC2548A03000F0BE
S3150800824013FC2348B43000F00FFC21486430A063C7
S315080082501430E06305E02068E96AC06A884200D8FD
S315080082602560606A401C60626864E96A01202269C8
S3150800827088401043206101EB810007EB80004068CD
S31508008280A8608168E9608268291D51608160E86A92
S3150800829000EB800007EB8001696157F82010491C44
S315080082A047F8201000F032FC606900280CD02068DE
S315080082B0E96AC06A884207D206494FF080500860CA
S315080082C0BFF34F8FBFF36F8FBDE8F08160000020CA
S315080082D05C7A002004ED00E030B4026C0B46002AFC
S315080082E00BD0C1681144C1608468A14201D30168FA
S315080082F0C16030BC1846F8F74DBA30BC70472DE956
S31508008300F041856B174604460026026C82B1C7B158
S31508008310E068F8F73FFAE168206C091AE16022681C
S31508008320914202D2A168081AE060022F16D017E01F
S315080083302068A8B9A06801F0D3FB06460020A06013
S315080083400EE06068F8F726FA216C606808446060F9
S31508008350A168884204D32068606001E005B16D1EFB
S315080083606D1CA5633046BDE8F08110B50446006B68
S3150800837000F0E0FB2046BDE8104000F0DBBB000043
S315080083800E484FF4F041420706D0C01D0B4920F0B5
S315080083900700411AC1F5F041094A00230144C2E920
S315080083A000030839143A21F0070111604B600B608D
S315080083B00B1AC0E900139360536070475C020020F3
S315080083C04C000020154E164CA6F1A0074FF0805819
S315080083D0DFF8509012E000BF00F078FBF068C5683F
S315080083E0281D00F089F9A068401EA0606068401E3C
S315080083F0606000F08BFB2846FFF7B7FF606800282F
S31508008400EAD13868012805D9C9F80080BFF34F8F2B
S31508008410BFF36F8F00F08AF9F0E70000FC7A0020BE
S315080084206000002004ED00E02DE9F0470D46DDE987
S3150800843009841746824691009946089EA522206B14
S31508008440F8F7EDF96FF00301206B01EB870108449B
S3150800845020F00707780707D0502080F31188BFF36C
S315080084604F8FBFF36F8FFEE765B100202218295C96
S3150800847082F83410295C11B1401C1028F6D300206C
S3150800848084F84300052E07D3502080F31188BFF3E4
S315080084904F8FBFF36F8FFEE7E662201DE66400F09C
S315080084A0EEFA04F1180000F0EAFA2461C6F10500B4
S315080084B06462A0614A465146384600F007F92060D2
S315080084C0B8F1000F01D0C8F80040BDE8F0870000F9
S315080084D030B5114900E011460A688242FBD34B6861
S315080084E05C18844203D140681844486008464368CB
S315080084F01C18944209D1084C143C2468A24209D09D
S3150800850052681A4442600A6812680260814200D0C2
S31508008510086030BD0460F9E74C00002010B5044639
S3150800852000F0D4FAA06B28B15FF0000400F0EEFA70
S31508008530204610BD0124F9E70548816B096821B179
S31508008540816BC9680968816270474FF0FF31FAE7A5
S315080085506000002008484068401C4FF0500080F337
S31508008560118804D0BFF34F8FBFF36F8FFEE7BFF3B9
S315080085704F8FBFF36F8FFEE7540000202DE9F041BF
S31508008580044600F0A3FA94F9455004F1240609E0DC
S31508008590606A48B1304601F057FB08B100F096FC16
S315080085A06D1E6DB2002DF3DC4FF0FF3684F8456082
S315080085B000F0ACFA00F08AFA94F9445004F1100776
S315080085C009E0206948B1384601F03EFB08B100F0E1
S315080085D07DFC6D1E6DB2002DF3DC84F84460BDE8A9
S315080085E0F04100F093BA000070B50446002600F08A
S315080085F021FD2F4D286808B9FFF7C2FE94B304F091
S315080086000700C0F11000C1438C4202D82118002986
S3150800861002DC01F087FB3DE068688142F9D824480E
S3150800862014300246146801E02046144662688A42FD
S3150800863002D22268002AF7D12A689442E9D006684D
S315080086402268026060680836421A102A0FD9601834
S31508008650430708D0502080F31188BFF34F8FBFF32C
S315080086606F8FFEE713E042606160FFF731FF6168D4
S315080086706868401A6860AA68904200D2A86041F00B
S315080086800040606000202060E868401CE86001F057
S3150800869049FB0EB900F04CF8700707D0502080F35C
S315080086A01188BFF34F8FBFF36F8FFEE7304670BD5B
S315080086B0380000200449086818B10868026D521C81
S315080086C002650868704700006000002010B5031FA7
S315080086D04FF080741C601B1F21F001011960191FDF
S315080086E0044B0B6014390A60091F6FF00202443804
S315080086F00A6010BD55850008D0E9013201699A6003
S31508008700D0E901235A604A68824201D182684A60E8
S31508008710002202610868401E086008687047000069
S31508008720014880687047000060000020704700001C
S3150800873001A0FFF7BBFBFEE74170706C69636174CB
S31508008740696F6E206D616C6C6F63206661696C651C
S315080087506400000001A0FFF7A9FBFEE70D0A21212E
S315080087602120537461636B204F766572666C6F7750
S3150800877020696E202573202121210D0A00000000A2
S31508008780704700002DE9F0472DED0C8B9AB00120BB
S3150800879000F06AFD07007DD09FED7E9A04A90020AF
S315080087A0FAF78AFB07A90120FAF786FB9DED070A67
S315080087B0B8EEC00ADFED788AB3EE061AF0EE490A7B
S315080087C020EE280AFCF75BFAF0EE409A9DED040AC3
S315080087D0B8EEC00A20EE280ADFED70CAF0EE490AA4
S315080087E0B0EE6C1AFCF74BFAB0EE408AB0EE690AA6
S315080087F0FDF734FCB0EE041AF0EE490AFCF73FFA2E
S31508008800F0EE409AB0EE480A9FED65BAB0EE041A4B
S31508008810F0EE490A20EE0B0AFCF731FADFF88481FC
S31508008820614CB0EE40AA4FF00009B0EE49DA4FF0BD
S31508008830FF3A04A90020FAF73FFB07A90120FAF737
S315080088403BFB9DED070AB0EE4D9AB3EE061AB8EE5D
S31508008850C00AF0EE490A20EE28CA9DED040AB8EED1
S31508008860C00A60EE28BAB0EE4C0AFCF708FAF0EE39
S3150800887040AAB0EE6C1AF0EE490AB0EE6B0AFCF7A5
S31508008880FEF9B5EEC0CAB0EE408AF1EE10FA0AD289
S3150800889046A000E034E0FFF709FB07A90120CDF860
S315080088A01C90FAF76BFBF5EEC0BAF1EE10FA08D297
S315080088B041A0FFF7FBFA04A90020CDF81090FAF7BB
S315080088C05DFBB0EE6A0AFDF7C9FBF0EE49BAB0EEF9
S315080088D0041AF0EE6B0AFCF7D2F9B0EE409A28EECD
S315080088E00B0AB0EE041AF0EE6B0AFCF7C8F9F0EEC4
S315080088F040BA5146384600F03BFF01280BD014E039
S3150800890030A0FFF7D3FA002000F080FA1AB0BDECC9
S315080089100C8BBDE8F087002384ED019AC4ED02BAFA
S315080089201A461946384600F039FD94ED010A30EE2C
S31508008930690AB0EEC00A10EE101A414509DC94ED3A
S31508008940020A30EE4A0AB0EEC00A10EE101A414585
S315080089501CDD18EE100A01F099FC05460E461AEEC3
S31508008960900A01F093FC0A468DE865001CA2402196
S315080089700AA8F7F791FD2248002301220AA90068F0
S3150800898000F00CFDD4ED019A94ED02AA052000F042
S3150800899017FA4EE700000000CDCCCC3D0000484257
S315080089A0240C433DBD378635E083002054332055DB
S315080089B06E64657230000000543220556E6465722C
S315080089C03000000073656E645F6D757465782063AA
S315080089D07265617465206661696C6564210A0000C8
S315080089E043757272656E743D252E3266412C20568B
S315080089F06F6C746167653D252E3266560A00000065
S31508008A00A4000020124C4FF0FF352946206800F0DC
S31508008A10AFFE012818D18007416A0E48028903680B
S31508008A208A1A12B21A44026081600B494A6A818A1C
S31508008A30C368511A09B2194442610023C1601A4633
S31508008A401946206800F0AAFC0A2000F0B9F9DCE70C
S31508008A50A0000020247B002000040040FBF7B8FBA0
S31508008A60142000F0ADF9F9E700F108014FF0FF32E4
S31508008A70C0E90112C160016100210160704700214F
S31508008A800161704730B50B685A1C02D000F1080224
S31508008A9002E0026904E02246546825689D42FAD934
S31508008AA053684B6099608A60516008610168491C87
S31508008AB0016030BD42684A6093688B60936859606C
S31508008AC0916008610168491C01607047502080F375
S31508008AD01188BFF34F8FBFF36F8F0A494868401C50
S31508008AE0486001280CD10848006810F0FF0F07D02D
S31508008AF0502080F31188BFF34F8FBFF36F8FFEE7C7
S31508008B00704700005400002004ED00E0084948685A
S31508008B1028B1401E486001D180F311887047502063
S31508008B2080F31188BFF34F8FBFF36F8FFEE7000006
S31508008B305400002070B500282AD0A0F10804606807
S31508008B40002807DB502080F31188BFF34F8FBFF34F
S31508008B506F8FFEE7216839B1502080F31188BFF383
S31508008B604F8FBFF36F8FFEE720F00040606000F084
S31508008B7061FA084D60686968084468602046FFF72E
S31508008B80A7FC2869401C2861BDE8704001F0CAB8F6
S31508008B9070BD0000380000204FF0E0200021016180
S31508008BA0816105494FF47A720968B1FBF2F1491EF1
S31508008BB041610721016170472800002010B5F7F7C9
S31508008BC02DFC114910280ED300F1E02090F8F0038F
S31508008BD00A78904207D2502080F31188BFF34F8F4E
S31508008BE0BFF36F8FFEE709480068896800F4E06004
S31508008BF0884207D9502080F31188BFF34F8FBFF3FF
S31508008C006F8FFEE710BD0000540000200CED00E059
S31508008C10074D90B04FF0FF3422466946286800F0A9
S31508008C20BDFC0128F8D1694602A0FFF73FF9F3E732
S31508008C30A400002025730000A0B0FCF730F801005E
S31508008C4005D020A0FFF732F9002000F0DFF8002059
S31508008C506C46411C215488B24028FAD3402221464A
S31508008C600020FCF779F8010005D01EA0FFF71EF9D1
S31508008C70002000F0CBF8402210A90020FCF748F8A5
S31508008C80010005D01DA0FFF711F9002000F0BEF87D
S31508008C90002110A8635C425C9A4205D0D3B2625C9C
S31508008CA01CA0FFF703F906E0491C89B24029F1D355
S31508008CB024A0FFF7FBF84FF47A74204600F080F8FA
S31508008CC0FBE700004D3234433634B3F5CABCBBAFBC
S31508008CD0CAA7B0DCA3A1D7B4CCACC2EBA3BA2564AF
S31508008CE00A000000D2B3D0B4C8EBCAA7B0DCA3A16F
S31508008CF0D7B4CCACC2EBA3BA25640A00B6C1C8A1E6
S31508008D00CAA7B0DCA3A1D7B4CCACC2EBA3BA25647E
S31508008D100A000000CAFDBEDDB2BBC6A5C5E4A3A114
S31508008D20B5D8D6B7307825303458A3BAD0B4C8EBFE
S31508008D30307825303258A3ACB6C1B3F63078253032
S31508008D4032580A00CBF9D3D0CAFDBEDDD1E9D6A484
S31508008D50CDA8B9FDA3A10A001CB5FCF7C1FE0224E3
S31508008D604FF47840CDE9000440F23F1600214F2326
S31508008D7032460846FCF77AFE4FF4FC65CDE9005406
S31508008D809F23324650210020FCF770FE1F20CDE9B4
S31508008D900004EF233246A0210020FCF767FE4FF6B9
S31508008DA0E0744FF47A762846FCF754FE1F20FCF749
S31508008DB051FE2046FCF74EFE304600F001F8F2E779
S31508008DC010B5020014D00F48406B38B1502080F31C
S31508008DD01188BFF34F8FBFF36F8FFEE700F02AF9B4
S31508008DE000211046FFF7BCF900F09CFF002807D1C8
S31508008DF005494FF080500860BFF34F8FBFF36F8F60
S31508008E0010BD00006000002004ED00E070B50546C6
S31508008E10FFF75CFE264C05B92568281DFFF76CFC94
S31508008E2058B9E86A234A00EB800152F8211021B9A3
S31508008E3001218140206988432061A86A18B105F19B
S31508008E401800FFF759FC606A401C6062206885427A
S31508008E5008D11848291DA030FFF72CFE6068401C71
S31508008E60606004E0A068401EA060FFF765FBFFF79E
S31508008E704DFE2068854202D02846FFF776FA6069DB
S31508008E80002814D02068854211D1606B38B1502073
S31508008E9080F31188BFF34F8FBFF36F8FFEE7064944
S31508008EA04FF080500860BFF34F8FBFF36F8F70BDD0
S31508008EB0600000205C7A002004ED00E002490A6A9E
S31508008EC00260C968416070476000002001490120BE
S31508008ED0C86170476000002010B50C4650B10949BA
S31508008EE009681831FFF7CEFD2046BDE8104001217C
S31508008EF0FFF736B9502080F31188BFF34F8FBFF3C1
S31508008F006F8FFEE76000002070B5040058D0226D10
S31508008F10A2B1E06C884200D30146E06A88424FD08D
S31508008F20012A4DD1274D2A6894420FD1502080F34B
S31508008F301188BFF34F8FBFF36F8FFEE7502080F382
S31508008F401188BFF34F8FBFF36F8FFEE7E162A26907
S31508008F50002A02DBC1F10501A1611B4E00EB80006E
S31508008F60616906EB800081422AD1201DFFF7C4FB08
S31508008F70012130B994F82C002A6901FA00F08243DD
S31508008F802A61E06A2A6981401143296100EB800061
S31508008F9006EB80004068A0608168E1608268211D58
S31508008FA051608160E06A00EB800006EB800060613A
S31508008FB0E06A00EB800056F82010491C46F820109D
S31508008FC070BD0000600000205C7A00207CB5154862
S31508008FD00025CDE900502B46802213A1144800F045
S31508008FE0ABFC104C2C3C012802D0401C11D00EE0E2
S31508008FF0502080F31188BFF34F8FBFF36F8F4FF068
S31508009000FF30A06201206061E56000F0B3F8206BD4
S315080090107CBD502080F31188BFF34F8FBFF36F8F4D
S31508009020FEE700008C00002049444C450000000083
S31508009030C58300080248416B491C4163704700001C
S315080090406000002010B51F4C606B10B10120E06174
S3150800905010BD0020E06120684FF0A531006B026862
S315080090608A4208D142688A4205D182688A4202D178
S31508009070C068884204D0216820683431FFF76AFB4B
S3150800908020691149B0FA80F0C0F11F0000EB80009A
S3150800909051F820206AB101EB800000F1080241680E
S315080090A049684160914201D149684160C8682060B9
S315080090B010BD502080F31188BFF34F8FBFF36F8F19
S315080090C0FEE70000600000205C7A002006480121C7
S315080090D00170022141700448FDF7C4F8FDF702F853
S315080090E06420FFF76DFEF6E7E0830020184C194D63
S315080090F004F20A37B4F80002B4F80212884217D00C
S31508009100FFF7E4FCB4F80202265CB4F80202401C3D
S31508009110C0F30800A4F80202FFF7F8FC0D2E0BD0E6
S315080091200A2E09D028783F2802D23E54401C2870BF
S315080091300A20FFF745FEDDE7287800263E54064854
S31508009140FCF7A2FF2E7040210348F7F770FBEFE704
S31508009150667B0020C0000020707E0020044C4AF682
S31508009160AA264FF47A7526602846FFF729FEFAE7FD
S31508009170003000401CB537480168374A914207D18C
S31508009180502080F31188BFF34F8FBFF36F8FFEE730
S3150800919000683149491E884207D1502080F311885A
S315080091A0BFF34F8FBFF36F8FFEE72C490878019006
S315080091B0FF20087008788DF800009DF800009DF8DB
S315080091C0002000F0F000904207D0502080F311886C
S315080091D0BFF34F8FBFF36F8FFEE79DF80000204C5B
S315080091E000F0500020700720A06005E09DF80020E0
S315080091F052008DF80020401E9DF800201206F5D476
S31508009200A060032807D0502080F31188BFF34F8F42
S31508009210BFF36F8FFEE74FF44070A06001980870A7
S315080092200C482030016841F470010160016841F082
S3150800923070410160FFF7B0FC00206060F7F7B6F8F0
S315080092400848016841F040410160F7F79BF80020A3
S315080092501CBD000000ED00E071C20F4100E400E013
S315080092605400002034EF00E010B50246002101202A
S3150800927000F00CF8041E07D00021816001600B463F
S315080092800A46C16000F08AF8204610BD2DE9F04173
S3150800929017460E46050020D04FF0FF30B0FBF5F01C
S315080092A0B0421AD305FB06F010F1510F15D850300D
S315080092B0FFF79AF904000CD004F150005EB1206063
S315080092C0C4E90F562046012100F010F8204684F81C
S315080092D04C70BDE8F0812460F2E7502080F31188D5
S315080092E0BFF34F8FBFF36F8FFEE700002DE9F04104
S315080092F00F4604004FF001062DD0E06B98B3B51E5B
S31508009300B5FBF0F1206C81423ED3FFF7DFFBD4E9D1
S315080093100F20216802FB0011A1600021A1632168CA
S3150800932061600A46D4E90F01401E00FB0121204670
S31508009330E16000F8445F457004F11000A7B1FFF73B
S3150800934093FB04F12400FFF78FFB00BFFFF7DEFB5A
S315080093503046BDE8F081502080F31188BFF34F8F67
S31508009360BFF36F8FFEE70FE021690029EED000F00A
S315080093706BFC0028EAD008494FF080500860BFF31C
S315080093804F8FBFF36F8FE1E7502080F31188BFF34B
S315080093904F8FBFF36F8FFEE704ED00E02DE9FF471F
S315080093A082B01D468A464FF00008040003D0BAF181
S315080093B0000F08D011E0502080F31188BFF34F8FBB
S315080093C0BFF36F8FFEE7206C38B1502080F3118809
S315080093D0BFF34F8FBFF36F8FFEE7404F4FF0000983
S315080093E04FF08056022D0AD1E06B012807D0502095
S315080093F080F31188BFF34F8FBFF36F8FFEE7FFF738
S3150800940065FBA06BE16B884207D3022D05D0049853
S31508009410D0B1B8F1000F1AD01EE02A4651462046B0
S31508009420FEF76DFF616A19B104F1240000F00CFC27
S3150800943020B13E60BFF34F8FBFF36F8FFFF766FB18
S31508009440012006B0BDE8F087FFF760FB22E068461A
S31508009450FFF734FD4FF00108FFF758FBFFF7EAFD69
S31508009460FFF734FB94F94400401C01D184F844907A
S3150800947094F94500401C01D184F84590FFF746FB56
S3150800948004A9684600F01AFA30B12046FFF776F8C4
S3150800949000F048FC0020D4E7FFF718FBA06BE16B4F
S315080094A0884213D1FFF732FB04F110000499FFF745
S315080094B013FD2046FFF762F800F034FC00289ED121
S315080094C03E60BFF34F8FBFF36F8F98E7FFF71EFB22
S315080094D02046FFF753F800F025FC90E704ED00E07E
S315080094E02DE9F0410F46040009D0206C78B15020D0
S315080094F080F31188BFF34F8FBFF36F8FFEE75020BD
S3150800950080F31188BFF34F8FBFF36F8FFEE7206894
S3150800951048B9A06838B1502080F31188BFF34F8F3F
S31508009520BFF36F8FFEE7FFF749FB5020EFF3118675
S3150800953080F31188BFF34F8FBFF36F8FA06BE16B7A
S31508009540814226D994F94550401CA063681C0AD06C
S31508009550FFF7E6F8854204D27F2D12D06D1C84F8F9
S315080095604550012016E0606A0028FAD004F124006C
S3150800957000F06AFB0028F4D0002FF2D001203860F2
S31508009580EFE7502080F31188BFF34F8FBFF36F8F3B
S31508009590FEE7002086F31188BDE8F0812DE9F7473C
S315080095A0002683B08A46040008D0DFF80881B14651
S315080095B04FF08057BAF1000F08D011E0502080F321
S315080095C01188BFF34F8FBFF36F8FFEE7206C38B15A
S315080095D0502080F31188BFF34F8FBFF36F8FFEE7DC
S315080095E0FFF774FAA56BC5B151462046FEF774FE1F
S315080095F06D1EA563206950B104F1100000F024FB2C
S3150800960028B1C8F80070BFF34F8FBFF36F8FFFF70D
S315080096107DFA012006B0BDE8F087059808B11EB1AD
S3150800962006E0FFF773FA27E06846FFF747FC0126CE
S31508009630FFF76CFAFFF7FEFCFFF748FA94F94400C7
S31508009640401C01D184F8449094F94500401C01D18E
S3150800965084F84590FFF75AFA05A9684600F02EF9EE
S31508009660002820460AD0FEF789FF00F05BFB20465B
S31508009670FEF754FF0028B3D00020CBE7FEF74EFFD5
S3150800968090B104F124000599FFF726FC2046FEF761
S3150800969075FF00F047FB0028A2D1C8F80070BFF399
S315080096A04F8FBFF36F8F9BE72046FEF767FF00F0EB
S315080096B039FB95E704ED00E02DE9F0479046894629
S315080096C0040003D0B9F1000F08D011E0502080F350
S315080096D01188BFF34F8FBFF36F8FFEE7206C38B149
S315080096E0502080F31188BFF34F8FBFF36F8FFEE7CB
S315080096F0FFF764FA5020EFF3118680F31188BFF361
S315080097004F8FBFF36F8FA76B67B394F944504946E1
S315080097102046FEF7E1FD7F1EA763681C0AD0FEF708
S31508009720FFFF854204D27F2D14D06D1C84F8445067
S31508009730012018E020690028FAD004F1100000F092
S3150800974083FA0028F4D0B8F1000FF1D00121C8F847
S315080097500010EDE7502080F31188BFF34F8FBFF359
S315080097606F8FFEE7002086F31188BDE8F0870000BA
S315080097702DE9F343002683B0040035460ED0DFF802
S315080097803881206CB1464FF0805778B1502080F36D
S315080097901188BFF34F8FBFF36F8FFEE7502080F31A
S315080097A01188BFF34F8FBFF36F8FFEE7FFF78EF970
S315080097B0A06BC8B1401EA063206810B9FEF77AFFF7
S315080097C0A060206950B104F1100000F03DFA28B1FC
S315080097D0C8F80070BFF34F8FBFF36F8FFFF796F986
S315080097E0012005B0BDE8F083049808B11EB106E073
S315080097F0FFF78CF95EE06846FFF760FB0126FFF786
S3150800980085F9FFF717FCFFF761F994F94400401C46
S3150800981001D184F8449094F94500401C01D184F89C
S315080098204590FFF773F904A9684600F047F8002841
S31508009830204612D0FEF7A2FE00F074FA2046FEF784
S315080098406DFE0028B2D075B3FFF740F9606A58B3C9
S31508009850206B0068C0F1050128E0FEF75FFEE0B165
S31508009860206838B9FFF732F9A06800F095F905467F
S31508009870FFF74CF904F124000499FFF72DFB204665
S31508009880FEF77CFE00F04EFA00288FD1C8F800706B
S31508009890BFF34F8FBFF36F8F88E72046FEF76EFE44
S315080098A000F040FA82E705E0FFE70021A068FFF72D
S315080098B02BFB9DE7002094E704ED00E02DE9F0413D
S315080098C00C46050014D0DCB1FFF700F9194EF26812
S315080098D06B682068D11A471C1AD02F68D6F820C0A2
S315080098E00026674516D0934214D8012526601BE04A
S315080098F0502080F31188BFF34F8FBFF36F8FFEE7B9
S31508009900502080F31188BFF34F8FBFF36F8FFEE7A8
S31508009910002509E0884205D9401A20602846FFF745
S31508009920CDFAF5E701252660FFF7F0F82846BDE8E9
S31508009930F0810000600000202DE9FF5F8346DDE925
S315080099400E87994616468A469000FEF74DFE050094
S315080099501DD05C20FEF748FE040015D05C21F6F702
S3150800996088FF25630021CDE90241CDE900874B46F2
S31508009970324651465846FEF757FD2046FEF734FC58
S31508009980012004B0BDE8F09F2846FFF7D3F84FF052
S31508009990FF30F6E72DE9F0414F4C0026606B38B1F1
S315080099A0A069401CA061FEF7EBFE3046BDE8F081D9
S315080099B0E5686D1CE56013D1A06B006838B15020CE
S315080099C080F31188BFF34F8FBFF36F8FFEE7A06B4D
S315080099D0E16BA163E063206A401C2062FEF7ACFDE0
S315080099E0A16A3E488D420FD34FF0000EA16B09685D
S315080099F039B1A16BC968C9684A68954210D2A26292
S31508009A0002E04FF0FF31A1622168C96A01EB8101CA
S31508009A1050F82100012800D90126A069F0B355E0C5
S31508009A20D1E902724B69BA60D1E902277A605F68A8
S31508009A300A1D974201D1CF685F60C1F814E01F681C
S31508009A407F1E1F60D1F828C0BCF1000F15D0D1E9E0
S31508009A5007379F60D1E907377B60DCF8047001F1AE
S31508009A6018039F4202D10B6ACCF80430C1F828E0EB
S31508009A70DCF800305B1ECCF80030CB6A0127D4F83E
S31508009A8010C09F4047EA0C07276103EB830300EBEE
S31508009A9083035B688B609F68CF6000E014E09F6873
S31508009AA07A609A60CA6A02EB820200EB82034B6113
S31508009AB050F822305B1C40F82230C96A2268D26A04
S31508009AC0914293D9012691E7FEF75AFEE0690028EC
S31508009AD03FF46BAF012668E7600000205C7A00203F
S31508009AE070B504004FF000014FD0294D2868844214
S31508009AF007D0502080F31188BFF34F8FBFF36F8FC5
S31508009B00FEE7206D38B1401E2065E36CE26A9A4292
S31508009B103BD040B139E0502080F31188BFF34F8F16
S31508009B20BFF36F8FFEE7201DFEF7E6FD012130B972
S31508009B3094F82C002A6901FA00F082432A61E06C45
S31508009B40E062C0F10500A061E06A2A69814011431C
S31508009B502961104900EB800001EB80004068A06095
S31508009B608268E2608368221D5A608260E06A00EBC0
S31508009B70800001EB80006061E06A00EB800051F82C
S31508009B802020521C41F820200121084670BD000003
S31508009B90600000205C7A002070B504004FF00000D9
S31508009BA047D0274DE16A2A68D26A914242D2A06913
S31508009BB0002804DB2868C06AC0F10500A061214EB0
S31508009BC001EB8101606906EB810188422DD1201DD8
S31508009BD0FEF792FD012130B994F82C002A6901FAA2
S31508009BE000F082432A612868C06AE0622A698140D7
S31508009BF01143296100EB800006EB80004068A060F5
S31508009C008168E1608268211D51608160E06A00EB2D
S31508009C10800006EB80006061E06A00EB800056F881
S31508009C202010491C46F8201002E02868C06AE06245
S31508009C30012070BDE16C2A68D26A9142F8D370BDE2
S31508009C40600000205C7A002070B5C068C06850B318
S31508009C50D0E90732816A9A60D0E907235A604A68D0
S31508009C6000F118039A4201D1026A4A60002585620A
S31508009C700A68521E0A6029494A6B0124DAB1284D3E
S31508009C806A68C261966806629668736093608562C0
S31508009C902A68521C2A60C06A0A68D26A90423AD96F
S31508009CA00120CC6170BD502080F31188BFF34F8F1F
S31508009CB0BFF36F8FFEE7D0E902634269B360D0E96C
S31508009CC0023673605668031D9E4201D1C668566007
S31508009CD0456115686D1E1560C26A0E6904FA02F5BB
S31508009CE035430D610E4D02EB82028C3D05EB820277
S31508009CF0526882609668C660966873609360C26AA6
S31508009D0002EB820205EB8203436155F822305B1CA5
S31508009D1045F82230BFE7002070BD00006000002033
S31508009D20E87A00202DE9F041464D00242746686B65
S31508009D3038B1FEF7CBFE686B401E6863686B40B1AE
S31508009D407AE0502080F31188BFF34F8FBFF36F8FEF
S31508009D50FEE7A8683C4B00264FF00108F0BB6BE015
S31508009D60D868C468D4E90721A06A9160D4E90712C3
S31508009D705160426804F118018A4201D1216A4160A2
S31508009D80A6620168491E0160D4E9022160699160F2
S31508009D90D4E9021251604268211D8A4201D1E26863
S31508009DA0426066610268521E0260E26AD5F810C017
S31508009DB008FA02F040EA0C00286102EB8200224A07
S31508009DC08C3A02EB80004068A060D0F808C0C4F85E
S31508009DD00CC0D0F808C0CCF8041000E012E081608E
S31508009DE0E06A00EB800002EB8001616152F8201006
S31508009DF0491C42F82010E06A2968C96A884201D3DA
S31508009E00C5F81C8018680028AAD10CB1FEF794FB87
S31508009E10AC693CB1FFF7BEFD08B1C5F81C80641EED
S31508009E20F8D1AE61E86938B10849012738070860F2
S31508009E30BFF34F8FBFF36F8FFEF768FE3846BDE856
S31508009E40F081000060000020E87A002004ED00E0C0
S31508009E5010B500290AD00878002807D005487844A4
S31508009E60F6F72EFD002801D0002010BD02487844E0
S31508009E7010BD0000660800005E08000010B5002945
S31508009E800AD00878002807D005487844F6F718FD60
S31508009E90002801D0002010BD0248784410BD0000FB
S31508009EA0560800004E08000021F00042A2F1605258
S31508009EB0B2F5801F01F0004328BFD2F17F6C0BD9A1
S31508009EC05FEA001C43EAC20242EB507018BF7047B3
S31508009ED028BF20F001007047B2F5801FBCBF1846A6
S31508009EE070474FEA410C1CF5001F02D2084600F0E5
S31508009EF043BA70B500F040F900000089FFF7F6BFD5
S31508009F004FF00040A0F580007047000002494FF06E
S31508009F10000000F03DBA00BF0000F87F491058BFA6
S31508009F20C1F140415B1058BFC3F140438B42EFF388
S31508009F300080704751EA030C17D41CF5801F58BFE0
S31508009F40BCF5801F00F10680994218BF704708BF0C
S31508009F509042704707D711F5801F58BF13F5801F29
S31508009F6019D499427047894270471CF5801F08D555
S31508009F70BCF5801FF7D58B4218BF704708BF8242D1
S31508009F8070474FF4001C1CEB410F38BF1CEB430F06
S31508009F9001D28B42704770B500F0EEF89224490062
S31508009FA04FF000514FF08053FFF7B8BF51EA030C4A
S31508009FB017D41CF5801F58BFBCF5801F00F106801A
S31508009FC0994218BF704708BF9042704707D711F5E6
S31508009FD0801F58BF13F5801F19D4994270478942CC
S31508009FE070471CF5801F08D5BCF5801FF7D58B4236
S31508009FF018BF704708BF824270474FF4001C1CEB1D
S3150800A000410F38BF1CEB430F01D28B42704770B526
S3150800A01000F0B2F8922449004FF000514FF08053F7
S3150800A020FFF77CBFDFF848C170B51CEA111E1EBFDA
S3150800A0301CEA13159EEA0C0F95EA0C0F00F06F80C8
S3150800A04081EA030423EA4C134EEAD47E21EA4C1132
S3150800A05041F4801143F48013AE44A1FB024CA0FBEB
S3150800A0600365AEF17F7E361955EB0C05A1FB034C53
S3150800A0704CF10003A0FB021C16EB0C06654153F1DC
S3150800A0800003094218BF46F0010613F4007F0BD1FE
S3150800A0904FEA03314FEA0530340341EA155140EAE5
S3150800A0A016506FF003020AE04FEAC3214FEAC520B3
S3150800A0B0F40241EA555140EA56506FF0020202EBAB
S3150800A0C02E4201EB025585EACE710AD05FEA440CAE
S3150800A0D018BF24F0004450F1000041F1000120EAC5
S3150800A0E0D47040F2FE7C624500D270BDA84214BF0F
S3150800A0F04FF080444FF04044002E08BF0024BEF1C4
S3150800A100806FA8BFA1F1C041BDE8704080F282808F
S3150800A1104FF0000001F1C04101F0004170479EEA8E
S3150800A1200C0F0CEA131518BF95EA0C0F06D04FF062
S3150800A130000081EA030E0EF0004170BD00F01CF825
S3150800A1408900013E00F007B800F009B84FEA430C51
S3150800A1505FEA5C5C08D081EA030100F05BB84FEA6D
S3150800A160410C5FEA5C5CF6D14FF00000014970478C
S3150800A1700000FF070000F87F0EF1020E2EF0030E16
S3150800A1805EF8046B364205D4012A43EB030515F540
S3150800A190001F12D8012841EB010C1CF5001F0CD832
S3150800A1A00ED14FEAD17C15F5001F0CEB4C0C0CF1C7
S3150800A1B0020C08BF4CEBD37C04E04FF0080C01E01E
S3150800A1C04FEAD37C0CEB4C0526FA05F606F0070693
S3150800A1D0B6F1040C06D20EEB860CBDE870404CF0C6
S3150800A1E0010C6047DFE80CF0090B02024FF0004152
S3150800A1F04FF00000A1F5002170BD19461046012850
S3150800A20051EB010418BFD4F5001484BF002001F0F7
S3150800A210004170BD0808A0F500114FEA31017047EA
S3150800A22053EA010C17D41CF5801F58BFBCF5801FD4
S3150800A23000F106808B4218BF704708BF82427047FC
S3150800A24007D713F5801F58BF11F5801F19D48B4205
S3150800A25070479B4270471CF5801F08D5BCF5801FC8
S3150800A260F7D5994218BF704708BF904270474FF418
S3150800A270001C1CEB430F38BF1CEB410F01D299425F
S3150800A28070470FB40CBC03BCFFF7C1BE43004FEACE
S3150800A290D30C4FEA3C0C43401FBF40070CF16051FA
S3150800A2A013F0FE4F70471CF0006F03D100200CF02E
S3150800A2B0004170470CF0004343EA507010B540EA7D
S3150800A2C0CC0000F00EF800BF000000924FEA000133
S3150800A2D0FFF7A0BF4FF000414FF00000A1F50021A5
S3150800A2E070470EF1020E2EF0030E5EF8044B244260
S3150800A2F004D44FEA4102B2F17F4F11D84FEA400326
S3150800A300B3F17F4F0CD80ED14FEAD07CB2F17F4F14
S3150800A3100CEB4C0C0CF1020C08BF4CEBD17C04E0A6
S3150800A3204FF0080C01E04FEAD17C0CEB4C0324FA01
S3150800A33003F404F00704B4F1040C06D20EEB840C03
S3150800A340BDE810404CF0010C6047DFE80CF0070848
S3150800A35002024FF00040A0F5800010BD08464200FA
S3150800A36018BFD2F1807288BF00F0004010BD4FF0D0
S3150800A3704070E1EE100A7047FF2141EAD050C0054F
S3150800A38070474FF000007047F6F73FBCF6F7B0BFCE
S3150800A3900CF00F03092B08BF082000F05F800A2B7A
S3150800A3A00BD0082B18BF704708BF1CF0400F0AD007
S3150800A3B04FF000004FF0000170471CF0400F18BF27
S3150800A3C04FF0004070471CF0100F08D020F0704383
S3150800A3D000F07F4242EAD3014FEA4370704700F02B
S3150800A3E0604021F07F4242EA000201F07F4040EAE5
S3150800A3F0727070474FF0FF0C4CF4E06C1CEA115376
S3150800A4001CBF9CEA030C9445C2BFDA4201EB025119
S3150800A4107047002B0DD0BCF1000F0FD0002A01F0B9
S3150800A4200041A4BF41F0E04141F07F614FF00000D8
S3150800A430704701F000414FF00000704750EA0133C1
S3150800A4404FF09B0C18BF4CF0806C7FF45FAD7047E3
S3150800A450F7F7A0BBF7F7FABCF7F788BE1CF4801F1E
S3150800A46011D01CF4E02F03D06FEACC3149007047B5
S3150800A4704FF04050EFF3008222F0704242EA0002A9
S3150800A48082F3008870474FF0000070470000000014
S3150800A4900000000001020304060708090000000086
S3150800A4A00102030400000000040404043838000014
S3150800A4B0080000000800000000020406080A0C0E46
S3150800A4C01014000001000000020000000400000053
S3150800A4D006000000080000000A0000000C0000004A
S3150800A4E0100000002000000040000000800000006E
S3150800A4F0000100000400000800000000000000023F
S3150800A500000100001000000000000000000000002C
S3150800A510303132333435363738394142434445468B
S3150800A5204030580030313233343536373839616285
S3150800A53063646566403078003031323334353637F7
S3150800A5403839616263646566787000303132333455
S3150800A550353637383941424344454658500000009D
S3150800A56002400000000000A00000000005400000B6
S3150800A570000000C8000000000C4000000000409CDD
S3150800A58000000000194000000020BCBE00000000CA
S3150800A59034400000BFC91B8E00000004B54000000F
S3150800A5A0504BCFD06607E2CF010000006C41000097
S3150800A5B03E8251AADFEEA73401000000D94200000E
S3150800A5C0DCB5A0E23A301F97FFFFFFFFB445000055
S3150800A5D0FD25A0C8E9A3C14FFFFFFFFFFF3F00000D
S3150800A5E00000008000000000FF3F0000000000801F
S3150800A5F0000000005365744441435F4100000000B9
S3150800A6005365744441435F42000000005365744734
S3150800A6106174686572000000415F5365740000004C
S3150800A620565F5365740000004B45595F46554E43C7
S3150800A63033202850423129004B45595F454E435F28
S3150800A6403120285043313329000000004B45595F1B
S3150800A650454E435F3220285043313429000000001C
S3150800A6604B45595F454E435F3320285043313529C2
S3150800A670000000004B45595F46554E43312028508F
S3150800A680413629004B45595F46554E4332202850DE
S3150800A69041382900F0A70008000000205C020000ED
S3150800A6A014020008F8A800085C0200203CA200007A
S3150800A6B070020008000000000000F07FFFFFFFFFA7
S3150800A6C0FFFFEF7F1C00000043000000F8FFFFFFBC
S3150800A6D00C0000000E0000000F0000002E00000015
S3150800A6E01001000043000000F8FFFFFF0040404053
S3150800A6F04040404040404141414141404040404047
S3150800A70040404040404040404040404040050202F2
S3150800A71002020202020202020202020202202020B1
S3150800A720202020202020200202020202020290900D
S3150800A730909090901010101010101010101010100B
S3150800A740101010101010101002020202020288885F
S3150800A750888888880808080808080808080808086B
S3150800A7600808080808080808020202024000000053
S3150800A77000000000000000000000000000000000CB
S3150800A78000000000000000000000000000000000BB
S3150800A79000000000000000000000000000000000AB
S3150800A7A0000000000000000000000000000000009B
S3150800A7B0000000000000000000000000000000008B
S3150800A7C0000000000000000000000000000000007B
S3150800A7D0000000000000000000000000000000006B
S3150800A7E0000000000000000000000000000000005B
S3150800A7F013F4A51408F13B120812A61408093C1B09
S3150800A800080C0813553D1B0820081AF9081A1808D9
S3150800A8101A2118111324F432100227011AAA010169
S3150800A820340217041A38881A4C041A60041A740475
S3150800A8301A84041A28040110130A0632022A40A8A8
S3150800A840140902431302011CC03209561B01020BEC
S3150800A8501305241610010524011009010424020217
S3150800A8600524061701070582030815100904013394
S3150800A870020A1D07050102432C070581070938440A
S3150800A8802A40072A8107112B0907440A3B04441367
S3150800A89059661408A5654C081968F41AF90C1A1DA6
S3150800A8A0041A7B04C11A41281A35041A4D041A29B8
S3150800A8B0044113592B1B0853041A4F041A7D041A12
S3150800A8C095041AED381321671B082D041A55041A26
S3150800A8D0B9041BFD640459341E04030904128B13BE
S3150800A8E002021E4083044057C124020301031E1AB4
S30D0800A8F0038B392D90000000CE
S705080001D918
