ISO-10303-21;
HEADER;
FILE_DESCRIPTION((''),'2;1');
FILE_NAME('P028X101','2022-03-28T18:30:48',('Administrator'),(''),
'CREO PARAMETRIC BY PTC INC, 2018500','CREO PARAMETRIC BY PTC INC, 2018500','');
FILE_SCHEMA(('CONFIG_CONTROL_DESIGN','SHAPE_APPEARANCE_LAYERS_GROUPS'));
ENDSEC;
DATA;
#17=DIRECTION('',(0.E0,-1.E0,0.E0));
#18=VECTOR('',#17,6.92E1);
#19=CARTESIAN_POINT('',(-2.5E1,3.46E1,0.E0));
#20=LINE('',#19,#18);
#21=DRAUGHTING_PRE_DEFINED_CURVE_FONT('continuous');
#22=CURVE_STYLE('',#21,POSITIVE_LENGTH_MEASURE(2.E-2),#6);
#23=PRESENTATION_STYLE_ASSIGNMENT((#22));
#24=STYLED_ITEM('',(#23),#20);
#25=DIRECTION('',(-1.E0,0.E0,0.E0));
#26=VECTOR('',#25,5.E1);
#27=CARTESIAN_POINT('',(2.5E1,3.46E1,0.E0));
#28=LINE('',#27,#26);
#29=CURVE_STYLE('',#21,POSITIVE_LENGTH_MEASURE(2.E-2),#6);
#30=PRESENTATION_STYLE_ASSIGNMENT((#29));
#31=STYLED_ITEM('',(#30),#28);
#32=DIRECTION('',(0.E0,1.E0,0.E0));
#33=VECTOR('',#32,6.92E1);
#34=CARTESIAN_POINT('',(2.5E1,-3.46E1,0.E0));
#35=LINE('',#34,#33);
#36=CURVE_STYLE('',#21,POSITIVE_LENGTH_MEASURE(2.E-2),#6);
#37=PRESENTATION_STYLE_ASSIGNMENT((#36));
#38=STYLED_ITEM('',(#37),#35);
#39=DIRECTION('',(0.E0,-1.E0,0.E0));
#40=VECTOR('',#39,5.76E1);
#41=CARTESIAN_POINT('',(-2.16E1,3.14E1,0.E0));
#42=LINE('',#41,#40);
#43=CURVE_STYLE('',#21,POSITIVE_LENGTH_MEASURE(2.E-2),#6);
#44=PRESENTATION_STYLE_ASSIGNMENT((#43));
#45=STYLED_ITEM('',(#44),#42);
#46=DIRECTION('',(1.E0,0.E0,0.E0));
#47=VECTOR('',#46,4.32E1);
#48=CARTESIAN_POINT('',(-2.16E1,-2.62E1,0.E0));
#49=LINE('',#48,#47);
#50=CURVE_STYLE('',#21,POSITIVE_LENGTH_MEASURE(2.E-2),#6);
#51=PRESENTATION_STYLE_ASSIGNMENT((#50));
#52=STYLED_ITEM('',(#51),#49);
#53=DIRECTION('',(0.E0,1.E0,0.E0));
#54=VECTOR('',#53,5.76E1);
#55=CARTESIAN_POINT('',(2.16E1,-2.62E1,0.E0));
#56=LINE('',#55,#54);
#57=CURVE_STYLE('',#21,POSITIVE_LENGTH_MEASURE(2.E-2),#6);
#58=PRESENTATION_STYLE_ASSIGNMENT((#57));
#59=STYLED_ITEM('',(#58),#56);
#60=DIRECTION('',(-1.E0,0.E0,0.E0));
#61=VECTOR('',#60,4.32E1);
#62=CARTESIAN_POINT('',(2.16E1,3.14E1,0.E0));
#63=LINE('',#62,#61);
#64=CURVE_STYLE('',#21,POSITIVE_LENGTH_MEASURE(2.E-2),#6);
#65=PRESENTATION_STYLE_ASSIGNMENT((#64));
#66=STYLED_ITEM('',(#65),#63);
#67=DIRECTION('',(1.E0,0.E0,0.E0));
#68=VECTOR('',#67,5.E1);
#69=CARTESIAN_POINT('',(-2.5E1,-3.46E1,0.E0));
#70=LINE('',#69,#68);
#71=CURVE_STYLE('',#21,POSITIVE_LENGTH_MEASURE(2.E-2),#6);
#72=PRESENTATION_STYLE_ASSIGNMENT((#71));
#73=STYLED_ITEM('',(#72),#70);
#74=DIRECTION('',(0.E0,0.E0,-1.E0));
#75=VECTOR('',#74,3.2E0);
#76=CARTESIAN_POINT('',(-2.5E1,-3.46E1,0.E0));
#77=LINE('',#76,#75);
#78=CURVE_STYLE('',#21,POSITIVE_LENGTH_MEASURE(2.E-2),#6);
#79=PRESENTATION_STYLE_ASSIGNMENT((#78));
#80=STYLED_ITEM('',(#79),#77);
#81=DIRECTION('',(0.E0,0.E0,-1.E0));
#82=VECTOR('',#81,1.3E-1);
#83=CARTESIAN_POINT('',(1.144E1,-3.46E1,-1.57E0));
#84=LINE('',#83,#82);
#85=CURVE_STYLE('',#21,POSITIVE_LENGTH_MEASURE(2.E-2),#6);
#86=PRESENTATION_STYLE_ASSIGNMENT((#85));
#87=STYLED_ITEM('',(#86),#84);
#88=DIRECTION('',(0.E0,0.E0,-1.E0));
#89=VECTOR('',#88,1.3E-1);
#90=CARTESIAN_POINT('',(-1.007E1,-3.46E1,-1.57E0));
#91=LINE('',#90,#89);
#92=CURVE_STYLE('',#21,POSITIVE_LENGTH_MEASURE(2.E-2),#6);
#93=PRESENTATION_STYLE_ASSIGNMENT((#92));
#94=STYLED_ITEM('',(#93),#91);
#95=DIRECTION('',(1.E0,0.E0,0.E0));
#96=VECTOR('',#95,2.151E1);
#97=CARTESIAN_POINT('',(-1.007E1,-3.46E1,-1.7E0));
#98=LINE('',#97,#96);
#99=CURVE_STYLE('',#21,POSITIVE_LENGTH_MEASURE(2.E-2),#6);
#100=PRESENTATION_STYLE_ASSIGNMENT((#99));
#101=STYLED_ITEM('',(#100),#98);
#102=DIRECTION('',(0.E0,0.E0,-1.E0));
#103=VECTOR('',#102,1.3E-1);
#104=CARTESIAN_POINT('',(9.78E0,-3.46E1,-9.6E-1));
#105=LINE('',#104,#103);
#106=CURVE_STYLE('',#21,POSITIVE_LENGTH_MEASURE(2.E-2),#6);
#107=PRESENTATION_STYLE_ASSIGNMENT((#106));
#108=STYLED_ITEM('',(#107),#105);
#109=DIRECTION('',(0.E0,0.E0,-1.E0));
#110=VECTOR('',#109,1.3E-1);
#111=CARTESIAN_POINT('',(4.78E0,-3.46E1,-9.6E-1));
#112=LINE('',#111,#110);
#113=CURVE_STYLE('',#21,POSITIVE_LENGTH_MEASURE(2.E-2),#6);
#114=PRESENTATION_STYLE_ASSIGNMENT((#113));
#115=STYLED_ITEM('',(#114),#112);
#116=DIRECTION('',(1.E0,0.E0,0.E0));
#117=VECTOR('',#116,5.E0);
#118=CARTESIAN_POINT('',(4.78E0,-3.46E1,-1.09E0));
#119=LINE('',#118,#117);
#120=CURVE_STYLE('',#21,POSITIVE_LENGTH_MEASURE(2.E-2),#6);
#121=PRESENTATION_STYLE_ASSIGNMENT((#120));
#122=STYLED_ITEM('',(#121),#119);
#123=DIRECTION('',(0.E0,0.E0,-1.E0));
#124=VECTOR('',#123,3.2E0);
#125=CARTESIAN_POINT('',(2.5E1,-3.46E1,0.E0));
#126=LINE('',#125,#124);
#127=CURVE_STYLE('',#21,POSITIVE_LENGTH_MEASURE(2.E-2),#6);
#128=PRESENTATION_STYLE_ASSIGNMENT((#127));
#129=STYLED_ITEM('',(#128),#126);
#130=DIRECTION('',(0.E0,0.E0,-1.E0));
#131=VECTOR('',#130,3.2E0);
#132=CARTESIAN_POINT('',(2.5E1,3.46E1,0.E0));
#133=LINE('',#132,#131);
#134=CURVE_STYLE('',#21,POSITIVE_LENGTH_MEASURE(2.E-2),#6);
#135=PRESENTATION_STYLE_ASSIGNMENT((#134));
#136=STYLED_ITEM('',(#135),#133);
#137=DIRECTION('',(0.E0,0.E0,-1.E0));
#138=VECTOR('',#137,3.2E0);
#139=CARTESIAN_POINT('',(-2.5E1,3.46E1,0.E0));
#140=LINE('',#139,#138);
#141=CURVE_STYLE('',#21,POSITIVE_LENGTH_MEASURE(2.E-2),#6);
#142=PRESENTATION_STYLE_ASSIGNMENT((#141));
#143=STYLED_ITEM('',(#142),#140);
#144=DIRECTION('',(0.E0,-1.E0,0.E0));
#145=VECTOR('',#144,6.92E1);
#146=CARTESIAN_POINT('',(-2.5E1,3.46E1,-3.2E0));
#147=LINE('',#146,#145);
#148=CURVE_STYLE('',#21,POSITIVE_LENGTH_MEASURE(2.E-2),#6);
#149=PRESENTATION_STYLE_ASSIGNMENT((#148));
#150=STYLED_ITEM('',(#149),#147);
#151=DIRECTION('',(1.E0,0.E0,0.E0));
#152=VECTOR('',#151,5.E1);
#153=CARTESIAN_POINT('',(-2.5E1,-3.46E1,-3.2E0));
#154=LINE('',#153,#152);
#155=CURVE_STYLE('',#21,POSITIVE_LENGTH_MEASURE(2.E-2),#6);
#156=PRESENTATION_STYLE_ASSIGNMENT((#155));
#157=STYLED_ITEM('',(#156),#154);
#158=DIRECTION('',(0.E0,1.E0,0.E0));
#159=VECTOR('',#158,6.92E1);
#160=CARTESIAN_POINT('',(2.5E1,-3.46E1,-3.2E0));
#161=LINE('',#160,#159);
#162=CURVE_STYLE('',#21,POSITIVE_LENGTH_MEASURE(2.E-2),#6);
#163=PRESENTATION_STYLE_ASSIGNMENT((#162));
#164=STYLED_ITEM('',(#163),#161);
#165=DIRECTION('',(-1.E0,0.E0,0.E0));
#166=VECTOR('',#165,5.E1);
#167=CARTESIAN_POINT('',(2.5E1,3.46E1,-3.2E0));
#168=LINE('',#167,#166);
#169=CURVE_STYLE('',#21,POSITIVE_LENGTH_MEASURE(2.E-2),#6);
#170=PRESENTATION_STYLE_ASSIGNMENT((#169));
#171=STYLED_ITEM('',(#170),#168);
#172=DIRECTION('',(0.E0,0.E0,1.E0));
#173=VECTOR('',#172,1.3E-1);
#174=CARTESIAN_POINT('',(1.144E1,-3.557E1,-1.7E0));
#175=LINE('',#174,#173);
#176=CURVE_STYLE('',#21,POSITIVE_LENGTH_MEASURE(2.E-2),#6);
#177=PRESENTATION_STYLE_ASSIGNMENT((#176));
#178=STYLED_ITEM('',(#177),#175);
#179=DIRECTION('',(0.E0,1.E0,0.E0));
#180=VECTOR('',#179,9.7E-1);
#181=CARTESIAN_POINT('',(1.144E1,-3.557E1,-1.57E0));
#182=LINE('',#181,#180);
#183=CURVE_STYLE('',#21,POSITIVE_LENGTH_MEASURE(2.E-2),#6);
#184=PRESENTATION_STYLE_ASSIGNMENT((#183));
#185=STYLED_ITEM('',(#184),#182);
#186=CARTESIAN_POINT('',(1.204E1,-3.557E1,-1.7E0));
#187=DIRECTION('',(0.E0,0.E0,1.E0));
#188=DIRECTION('',(-1.E0,0.E0,0.E0));
#189=AXIS2_PLACEMENT_3D('',#186,#187,#188);
#191=CURVE_STYLE('',#21,POSITIVE_LENGTH_MEASURE(2.E-2),#6);
#192=PRESENTATION_STYLE_ASSIGNMENT((#191));
#193=STYLED_ITEM('',(#192),#190);
#194=CARTESIAN_POINT('',(1.204E1,-3.557E1,-1.57E0));
#195=DIRECTION('',(0.E0,0.E0,-1.E0));
#196=DIRECTION('',(0.E0,-1.E0,0.E0));
#197=AXIS2_PLACEMENT_3D('',#194,#195,#196);
#199=CURVE_STYLE('',#21,POSITIVE_LENGTH_MEASURE(2.E-2),#6);
#200=PRESENTATION_STYLE_ASSIGNMENT((#199));
#201=STYLED_ITEM('',(#200),#198);
#202=DIRECTION('',(0.E0,-1.E0,0.E0));
#203=VECTOR('',#202,3.5E0);
#204=CARTESIAN_POINT('',(3.11E0,-5.897E1,-1.7E0));
#205=LINE('',#204,#203);
#206=CURVE_STYLE('',#21,POSITIVE_LENGTH_MEASURE(2.E-2),#6);
#207=PRESENTATION_STYLE_ASSIGNMENT((#206));
#208=STYLED_ITEM('',(#207),#205);
#209=DIRECTION('',(-1.E0,0.E0,0.E0));
#210=VECTOR('',#209,3.5E-1);
#211=CARTESIAN_POINT('',(3.11E0,-6.247E1,-1.7E0));
#212=LINE('',#211,#210);
#213=CURVE_STYLE('',#21,POSITIVE_LENGTH_MEASURE(2.E-2),#6);
#214=PRESENTATION_STYLE_ASSIGNMENT((#213));
#215=STYLED_ITEM('',(#214),#212);
#216=DIRECTION('',(0.E0,1.E0,0.E0));
#217=VECTOR('',#216,3.5E0);
#218=CARTESIAN_POINT('',(2.76E0,-6.247E1,-1.7E0));
#219=LINE('',#218,#217);
#220=CURVE_STYLE('',#21,POSITIVE_LENGTH_MEASURE(2.E-2),#6);
#221=PRESENTATION_STYLE_ASSIGNMENT((#220));
#222=STYLED_ITEM('',(#221),#219);
#223=DIRECTION('',(1.E0,0.E0,0.E0));
#224=VECTOR('',#223,3.5E-1);
#225=CARTESIAN_POINT('',(2.76E0,-5.897E1,-1.7E0));
#226=LINE('',#225,#224);
#227=CURVE_STYLE('',#21,POSITIVE_LENGTH_MEASURE(2.E-2),#6);
#228=PRESENTATION_STYLE_ASSIGNMENT((#227));
#229=STYLED_ITEM('',(#228),#226);
#230=DIRECTION('',(0.E0,-1.E0,0.E0));
#231=VECTOR('',#230,3.5E0);
#232=CARTESIAN_POINT('',(2.61E0,-5.897E1,-1.7E0));
#233=LINE('',#232,#231);
#234=CURVE_STYLE('',#21,POSITIVE_LENGTH_MEASURE(2.E-2),#6);
#235=PRESENTATION_STYLE_ASSIGNMENT((#234));
#236=STYLED_ITEM('',(#235),#233);
#237=DIRECTION('',(-1.E0,0.E0,0.E0));
#238=VECTOR('',#237,3.5E-1);
#239=CARTESIAN_POINT('',(2.61E0,-6.247E1,-1.7E0));
#240=LINE('',#239,#238);
#241=CURVE_STYLE('',#21,POSITIVE_LENGTH_MEASURE(2.E-2),#6);
#242=PRESENTATION_STYLE_ASSIGNMENT((#241));
#243=STYLED_ITEM('',(#242),#240);
#244=DIRECTION('',(0.E0,1.E0,0.E0));
#245=VECTOR('',#244,3.5E0);
#246=CARTESIAN_POINT('',(2.26E0,-6.247E1,-1.7E0));
#247=LINE('',#246,#245);
#248=CURVE_STYLE('',#21,POSITIVE_LENGTH_MEASURE(2.E-2),#6);
#249=PRESENTATION_STYLE_ASSIGNMENT((#248));
#250=STYLED_ITEM('',(#249),#247);
#251=DIRECTION('',(1.E0,0.E0,0.E0));
#252=VECTOR('',#251,3.5E-1);
#253=CARTESIAN_POINT('',(2.26E0,-5.897E1,-1.7E0));
#254=LINE('',#253,#252);
#255=CURVE_STYLE('',#21,POSITIVE_LENGTH_MEASURE(2.E-2),#6);
#256=PRESENTATION_STYLE_ASSIGNMENT((#255));
#257=STYLED_ITEM('',(#256),#254);
#258=DIRECTION('',(0.E0,-1.E0,0.E0));
#259=VECTOR('',#258,3.5E0);
#260=CARTESIAN_POINT('',(2.11E0,-5.897E1,-1.7E0));
#261=LINE('',#260,#259);
#262=CURVE_STYLE('',#21,POSITIVE_LENGTH_MEASURE(2.E-2),#6);
#263=PRESENTATION_STYLE_ASSIGNMENT((#262));
#264=STYLED_ITEM('',(#263),#261);
#265=DIRECTION('',(-1.E0,0.E0,0.E0));
#266=VECTOR('',#265,3.5E-1);
#267=CARTESIAN_POINT('',(2.11E0,-6.247E1,-1.7E0));
#268=LINE('',#267,#266);
#269=CURVE_STYLE('',#21,POSITIVE_LENGTH_MEASURE(2.E-2),#6);
#270=PRESENTATION_STYLE_ASSIGNMENT((#269));
#271=STYLED_ITEM('',(#270),#268);
#272=DIRECTION('',(0.E0,1.E0,0.E0));
#273=VECTOR('',#272,3.5E0);
#274=CARTESIAN_POINT('',(1.76E0,-6.247E1,-1.7E0));
#275=LINE('',#274,#273);
#276=CURVE_STYLE('',#21,POSITIVE_LENGTH_MEASURE(2.E-2),#6);
#277=PRESENTATION_STYLE_ASSIGNMENT((#276));
#278=STYLED_ITEM('',(#277),#275);
#279=DIRECTION('',(1.E0,0.E0,0.E0));
#280=VECTOR('',#279,3.5E-1);
#281=CARTESIAN_POINT('',(1.76E0,-5.897E1,-1.7E0));
#282=LINE('',#281,#280);
#283=CURVE_STYLE('',#21,POSITIVE_LENGTH_MEASURE(2.E-2),#6);
#284=PRESENTATION_STYLE_ASSIGNMENT((#283));
#285=STYLED_ITEM('',(#284),#282);
#286=DIRECTION('',(0.E0,-1.E0,0.E0));
#287=VECTOR('',#286,3.5E0);
#288=CARTESIAN_POINT('',(1.61E0,-5.897E1,-1.7E0));
#289=LINE('',#288,#287);
#290=CURVE_STYLE('',#21,POSITIVE_LENGTH_MEASURE(2.E-2),#6);
#291=PRESENTATION_STYLE_ASSIGNMENT((#290));
#292=STYLED_ITEM('',(#291),#289);
#293=DIRECTION('',(-1.E0,0.E0,0.E0));
#294=VECTOR('',#293,3.5E-1);
#295=CARTESIAN_POINT('',(1.61E0,-6.247E1,-1.7E0));
#296=LINE('',#295,#294);
#297=CURVE_STYLE('',#21,POSITIVE_LENGTH_MEASURE(2.E-2),#6);
#298=PRESENTATION_STYLE_ASSIGNMENT((#297));
#299=STYLED_ITEM('',(#298),#296);
#300=DIRECTION('',(0.E0,1.E0,0.E0));
#301=VECTOR('',#300,3.5E0);
#302=CARTESIAN_POINT('',(1.26E0,-6.247E1,-1.7E0));
#303=LINE('',#302,#301);
#304=CURVE_STYLE('',#21,POSITIVE_LENGTH_MEASURE(2.E-2),#6);
#305=PRESENTATION_STYLE_ASSIGNMENT((#304));
#306=STYLED_ITEM('',(#305),#303);
#307=DIRECTION('',(1.E0,0.E0,0.E0));
#308=VECTOR('',#307,3.5E-1);
#309=CARTESIAN_POINT('',(1.26E0,-5.897E1,-1.7E0));
#310=LINE('',#309,#308);
#311=CURVE_STYLE('',#21,POSITIVE_LENGTH_MEASURE(2.E-2),#6);
#312=PRESENTATION_STYLE_ASSIGNMENT((#311));
#313=STYLED_ITEM('',(#312),#310);
#314=DIRECTION('',(0.E0,-1.E0,0.E0));
#315=VECTOR('',#314,3.5E0);
#316=CARTESIAN_POINT('',(1.11E0,-5.897E1,-1.7E0));
#317=LINE('',#316,#315);
#318=CURVE_STYLE('',#21,POSITIVE_LENGTH_MEASURE(2.E-2),#6);
#319=PRESENTATION_STYLE_ASSIGNMENT((#318));
#320=STYLED_ITEM('',(#319),#317);
#321=DIRECTION('',(-1.E0,0.E0,0.E0));
#322=VECTOR('',#321,3.5E-1);
#323=CARTESIAN_POINT('',(1.11E0,-6.247E1,-1.7E0));
#324=LINE('',#323,#322);
#325=CURVE_STYLE('',#21,POSITIVE_LENGTH_MEASURE(2.E-2),#6);
#326=PRESENTATION_STYLE_ASSIGNMENT((#325));
#327=STYLED_ITEM('',(#326),#324);
#328=DIRECTION('',(0.E0,1.E0,0.E0));
#329=VECTOR('',#328,3.5E0);
#330=CARTESIAN_POINT('',(7.6E-1,-6.247E1,-1.7E0));
#331=LINE('',#330,#329);
#332=CURVE_STYLE('',#21,POSITIVE_LENGTH_MEASURE(2.E-2),#6);
#333=PRESENTATION_STYLE_ASSIGNMENT((#332));
#334=STYLED_ITEM('',(#333),#331);
#335=DIRECTION('',(1.E0,0.E0,0.E0));
#336=VECTOR('',#335,3.5E-1);
#337=CARTESIAN_POINT('',(7.6E-1,-5.897E1,-1.7E0));
#338=LINE('',#337,#336);
#339=CURVE_STYLE('',#21,POSITIVE_LENGTH_MEASURE(2.E-2),#6);
#340=PRESENTATION_STYLE_ASSIGNMENT((#339));
#341=STYLED_ITEM('',(#340),#338);
#342=DIRECTION('',(0.E0,-1.E0,0.E0));
#343=VECTOR('',#342,3.5E0);
#344=CARTESIAN_POINT('',(6.1E-1,-5.897E1,-1.7E0));
#345=LINE('',#344,#343);
#346=CURVE_STYLE('',#21,POSITIVE_LENGTH_MEASURE(2.E-2),#6);
#347=PRESENTATION_STYLE_ASSIGNMENT((#346));
#348=STYLED_ITEM('',(#347),#345);
#349=DIRECTION('',(-1.E0,0.E0,0.E0));
#350=VECTOR('',#349,3.5E-1);
#351=CARTESIAN_POINT('',(6.1E-1,-6.247E1,-1.7E0));
#352=LINE('',#351,#350);
#353=CURVE_STYLE('',#21,POSITIVE_LENGTH_MEASURE(2.E-2),#6);
#354=PRESENTATION_STYLE_ASSIGNMENT((#353));
#355=STYLED_ITEM('',(#354),#352);
#356=DIRECTION('',(0.E0,1.E0,0.E0));
#357=VECTOR('',#356,3.5E0);
#358=CARTESIAN_POINT('',(2.6E-1,-6.247E1,-1.7E0));
#359=LINE('',#358,#357);
#360=CURVE_STYLE('',#21,POSITIVE_LENGTH_MEASURE(2.E-2),#6);
#361=PRESENTATION_STYLE_ASSIGNMENT((#360));
#362=STYLED_ITEM('',(#361),#359);
#363=DIRECTION('',(1.E0,0.E0,0.E0));
#364=VECTOR('',#363,3.5E-1);
#365=CARTESIAN_POINT('',(2.6E-1,-5.897E1,-1.7E0));
#366=LINE('',#365,#364);
#367=CURVE_STYLE('',#21,POSITIVE_LENGTH_MEASURE(2.E-2),#6);
#368=PRESENTATION_STYLE_ASSIGNMENT((#367));
#369=STYLED_ITEM('',(#368),#366);
#370=DIRECTION('',(0.E0,-1.E0,0.E0));
#371=VECTOR('',#370,3.5E0);
#372=CARTESIAN_POINT('',(1.1E-1,-5.897E1,-1.7E0));
#373=LINE('',#372,#371);
#374=CURVE_STYLE('',#21,POSITIVE_LENGTH_MEASURE(2.E-2),#6);
#375=PRESENTATION_STYLE_ASSIGNMENT((#374));
#376=STYLED_ITEM('',(#375),#373);
#377=DIRECTION('',(-1.E0,0.E0,0.E0));
#378=VECTOR('',#377,3.5E-1);
#379=CARTESIAN_POINT('',(1.1E-1,-6.247E1,-1.7E0));
#380=LINE('',#379,#378);
#381=CURVE_STYLE('',#21,POSITIVE_LENGTH_MEASURE(2.E-2),#6);
#382=PRESENTATION_STYLE_ASSIGNMENT((#381));
#383=STYLED_ITEM('',(#382),#380);
#384=DIRECTION('',(0.E0,1.E0,0.E0));
#385=VECTOR('',#384,3.5E0);
#386=CARTESIAN_POINT('',(-2.4E-1,-6.247E1,-1.7E0));
#387=LINE('',#386,#385);
#388=CURVE_STYLE('',#21,POSITIVE_LENGTH_MEASURE(2.E-2),#6);
#389=PRESENTATION_STYLE_ASSIGNMENT((#388));
#390=STYLED_ITEM('',(#389),#387);
#391=DIRECTION('',(1.E0,0.E0,0.E0));
#392=VECTOR('',#391,3.5E-1);
#393=CARTESIAN_POINT('',(-2.4E-1,-5.897E1,-1.7E0));
#394=LINE('',#393,#392);
#395=CURVE_STYLE('',#21,POSITIVE_LENGTH_MEASURE(2.E-2),#6);
#396=PRESENTATION_STYLE_ASSIGNMENT((#395));
#397=STYLED_ITEM('',(#396),#394);
#398=DIRECTION('',(0.E0,-1.E0,0.E0));
#399=VECTOR('',#398,3.5E0);
#400=CARTESIAN_POINT('',(-3.9E-1,-5.897E1,-1.7E0));
#401=LINE('',#400,#399);
#402=CURVE_STYLE('',#21,POSITIVE_LENGTH_MEASURE(2.E-2),#6);
#403=PRESENTATION_STYLE_ASSIGNMENT((#402));
#404=STYLED_ITEM('',(#403),#401);
#405=DIRECTION('',(-1.E0,0.E0,0.E0));
#406=VECTOR('',#405,3.5E-1);
#407=CARTESIAN_POINT('',(-3.9E-1,-6.247E1,-1.7E0));
#408=LINE('',#407,#406);
#409=CURVE_STYLE('',#21,POSITIVE_LENGTH_MEASURE(2.E-2),#6);
#410=PRESENTATION_STYLE_ASSIGNMENT((#409));
#411=STYLED_ITEM('',(#410),#408);
#412=DIRECTION('',(0.E0,1.E0,0.E0));
#413=VECTOR('',#412,3.5E0);
#414=CARTESIAN_POINT('',(-7.4E-1,-6.247E1,-1.7E0));
#415=LINE('',#414,#413);
#416=CURVE_STYLE('',#21,POSITIVE_LENGTH_MEASURE(2.E-2),#6);
#417=PRESENTATION_STYLE_ASSIGNMENT((#416));
#418=STYLED_ITEM('',(#417),#415);
#419=DIRECTION('',(1.E0,0.E0,0.E0));
#420=VECTOR('',#419,3.5E-1);
#421=CARTESIAN_POINT('',(-7.4E-1,-5.897E1,-1.7E0));
#422=LINE('',#421,#420);
#423=CURVE_STYLE('',#21,POSITIVE_LENGTH_MEASURE(2.E-2),#6);
#424=PRESENTATION_STYLE_ASSIGNMENT((#423));
#425=STYLED_ITEM('',(#424),#422);
#426=DIRECTION('',(0.E0,-1.E0,0.E0));
#427=VECTOR('',#426,3.5E0);
#428=CARTESIAN_POINT('',(-8.9E-1,-5.897E1,-1.7E0));
#429=LINE('',#428,#427);
#430=CURVE_STYLE('',#21,POSITIVE_LENGTH_MEASURE(2.E-2),#6);
#431=PRESENTATION_STYLE_ASSIGNMENT((#430));
#432=STYLED_ITEM('',(#431),#429);
#433=DIRECTION('',(-1.E0,0.E0,0.E0));
#434=VECTOR('',#433,3.5E-1);
#435=CARTESIAN_POINT('',(-8.9E-1,-6.247E1,-1.7E0));
#436=LINE('',#435,#434);
#437=CURVE_STYLE('',#21,POSITIVE_LENGTH_MEASURE(2.E-2),#6);
#438=PRESENTATION_STYLE_ASSIGNMENT((#437));
#439=STYLED_ITEM('',(#438),#436);
#440=DIRECTION('',(0.E0,1.E0,0.E0));
#441=VECTOR('',#440,3.5E0);
#442=CARTESIAN_POINT('',(-1.24E0,-6.247E1,-1.7E0));
#443=LINE('',#442,#441);
#444=CURVE_STYLE('',#21,POSITIVE_LENGTH_MEASURE(2.E-2),#6);
#445=PRESENTATION_STYLE_ASSIGNMENT((#444));
#446=STYLED_ITEM('',(#445),#443);
#447=DIRECTION('',(1.E0,0.E0,0.E0));
#448=VECTOR('',#447,3.5E-1);
#449=CARTESIAN_POINT('',(-1.24E0,-5.897E1,-1.7E0));
#450=LINE('',#449,#448);
#451=CURVE_STYLE('',#21,POSITIVE_LENGTH_MEASURE(2.E-2),#6);
#452=PRESENTATION_STYLE_ASSIGNMENT((#451));
#453=STYLED_ITEM('',(#452),#450);
#454=DIRECTION('',(0.E0,-1.E0,0.E0));
#455=VECTOR('',#454,3.5E0);
#456=CARTESIAN_POINT('',(-1.39E0,-5.897E1,-1.7E0));
#457=LINE('',#456,#455);
#458=CURVE_STYLE('',#21,POSITIVE_LENGTH_MEASURE(2.E-2),#6);
#459=PRESENTATION_STYLE_ASSIGNMENT((#458));
#460=STYLED_ITEM('',(#459),#457);
#461=DIRECTION('',(-1.E0,0.E0,0.E0));
#462=VECTOR('',#461,3.5E-1);
#463=CARTESIAN_POINT('',(-1.39E0,-6.247E1,-1.7E0));
#464=LINE('',#463,#462);
#465=CURVE_STYLE('',#21,POSITIVE_LENGTH_MEASURE(2.E-2),#6);
#466=PRESENTATION_STYLE_ASSIGNMENT((#465));
#467=STYLED_ITEM('',(#466),#464);
#468=DIRECTION('',(0.E0,1.E0,0.E0));
#469=VECTOR('',#468,3.5E0);
#470=CARTESIAN_POINT('',(-1.74E0,-6.247E1,-1.7E0));
#471=LINE('',#470,#469);
#472=CURVE_STYLE('',#21,POSITIVE_LENGTH_MEASURE(2.E-2),#6);
#473=PRESENTATION_STYLE_ASSIGNMENT((#472));
#474=STYLED_ITEM('',(#473),#471);
#475=DIRECTION('',(1.E0,0.E0,0.E0));
#476=VECTOR('',#475,3.5E-1);
#477=CARTESIAN_POINT('',(-1.74E0,-5.897E1,-1.7E0));
#478=LINE('',#477,#476);
#479=CURVE_STYLE('',#21,POSITIVE_LENGTH_MEASURE(2.E-2),#6);
#480=PRESENTATION_STYLE_ASSIGNMENT((#479));
#481=STYLED_ITEM('',(#480),#478);
#482=DIRECTION('',(-1.E0,0.E0,0.E0));
#483=VECTOR('',#482,6.94E0);
#484=CARTESIAN_POINT('',(1.898E1,-3.617E1,-1.7E0));
#485=LINE('',#484,#483);
#486=CURVE_STYLE('',#21,POSITIVE_LENGTH_MEASURE(2.E-2),#6);
#487=PRESENTATION_STYLE_ASSIGNMENT((#486));
#488=STYLED_ITEM('',(#487),#485);
#489=DIRECTION('',(0.E0,1.E0,0.E0));
#490=VECTOR('',#489,9.7E-1);
#491=CARTESIAN_POINT('',(1.144E1,-3.557E1,-1.7E0));
#492=LINE('',#491,#490);
#493=CURVE_STYLE('',#21,POSITIVE_LENGTH_MEASURE(2.E-2),#6);
#494=PRESENTATION_STYLE_ASSIGNMENT((#493));
#495=STYLED_ITEM('',(#494),#492);
#496=DIRECTION('',(0.E0,-1.E0,0.E0));
#497=VECTOR('',#496,8.52E0);
#498=CARTESIAN_POINT('',(-1.007E1,-3.46E1,-1.7E0));
#499=LINE('',#498,#497);
#500=CURVE_STYLE('',#21,POSITIVE_LENGTH_MEASURE(2.E-2),#6);
#501=PRESENTATION_STYLE_ASSIGNMENT((#500));
#502=STYLED_ITEM('',(#501),#499);
#503=CARTESIAN_POINT('',(-9.07E0,-4.312E1,-1.7E0));
#504=DIRECTION('',(0.E0,0.E0,-1.E0));
#505=DIRECTION('',(0.E0,-1.E0,0.E0));
#506=AXIS2_PLACEMENT_3D('',#503,#504,#505);
#508=CURVE_STYLE('',#21,POSITIVE_LENGTH_MEASURE(2.E-2),#6);
#509=PRESENTATION_STYLE_ASSIGNMENT((#508));
#510=STYLED_ITEM('',(#509),#507);
#511=DIRECTION('',(1.E0,0.E0,0.E0));
#512=VECTOR('',#511,6.E0);
#513=CARTESIAN_POINT('',(-9.07E0,-4.412E1,-1.7E0));
#514=LINE('',#513,#512);
#515=CURVE_STYLE('',#21,POSITIVE_LENGTH_MEASURE(2.E-2),#6);
#516=PRESENTATION_STYLE_ASSIGNMENT((#515));
#517=STYLED_ITEM('',(#516),#514);
#518=DIRECTION('',(0.E0,-1.E0,0.E0));
#519=VECTOR('',#518,1.735E1);
#520=CARTESIAN_POINT('',(-2.07E0,-4.512E1,-1.7E0));
#521=LINE('',#520,#519);
#522=CURVE_STYLE('',#21,POSITIVE_LENGTH_MEASURE(2.E-2),#6);
#523=PRESENTATION_STYLE_ASSIGNMENT((#522));
#524=STYLED_ITEM('',(#523),#521);
#525=CARTESIAN_POINT('',(-1.87E0,-6.247E1,-1.7E0));
#526=DIRECTION('',(0.E0,0.E0,-1.E0));
#527=DIRECTION('',(0.E0,-1.E0,0.E0));
#528=AXIS2_PLACEMENT_3D('',#525,#526,#527);
#530=CURVE_STYLE('',#21,POSITIVE_LENGTH_MEASURE(2.E-2),#6);
#531=PRESENTATION_STYLE_ASSIGNMENT((#530));
#532=STYLED_ITEM('',(#531),#529);
#533=DIRECTION('',(1.E0,0.E0,0.E0));
#534=VECTOR('',#533,5.1E0);
#535=CARTESIAN_POINT('',(-1.87E0,-6.267E1,-1.7E0));
#536=LINE('',#535,#534);
#537=CURVE_STYLE('',#21,POSITIVE_LENGTH_MEASURE(2.E-2),#6);
#538=PRESENTATION_STYLE_ASSIGNMENT((#537));
#539=STYLED_ITEM('',(#538),#536);
#540=CARTESIAN_POINT('',(3.23E0,-6.247E1,-1.7E0));
#541=DIRECTION('',(0.E0,0.E0,-1.E0));
#542=DIRECTION('',(1.E0,-3.552713678800E-14,0.E0));
#543=AXIS2_PLACEMENT_3D('',#540,#541,#542);
#545=CURVE_STYLE('',#21,POSITIVE_LENGTH_MEASURE(2.E-2),#6);
#546=PRESENTATION_STYLE_ASSIGNMENT((#545));
#547=STYLED_ITEM('',(#546),#544);
#548=DIRECTION('',(0.E0,1.E0,0.E0));
#549=VECTOR('',#548,1.735E1);
#550=CARTESIAN_POINT('',(3.43E0,-6.247E1,-1.7E0));
#551=LINE('',#550,#549);
#552=CURVE_STYLE('',#21,POSITIVE_LENGTH_MEASURE(2.E-2),#6);
#553=PRESENTATION_STYLE_ASSIGNMENT((#552));
#554=STYLED_ITEM('',(#553),#551);
#555=DIRECTION('',(1.E0,0.E0,0.E0));
#556=VECTOR('',#555,1.455E1);
#557=CARTESIAN_POINT('',(4.43E0,-4.412E1,-1.7E0));
#558=LINE('',#557,#556);
#559=CURVE_STYLE('',#21,POSITIVE_LENGTH_MEASURE(2.E-2),#6);
#560=PRESENTATION_STYLE_ASSIGNMENT((#559));
#561=STYLED_ITEM('',(#560),#558);
#562=CARTESIAN_POINT('',(1.898E1,-4.312E1,-1.7E0));
#563=DIRECTION('',(0.E0,0.E0,-1.E0));
#564=DIRECTION('',(1.E0,0.E0,0.E0));
#565=AXIS2_PLACEMENT_3D('',#562,#563,#564);
#567=CURVE_STYLE('',#21,POSITIVE_LENGTH_MEASURE(2.E-2),#6);
#568=PRESENTATION_STYLE_ASSIGNMENT((#567));
#569=STYLED_ITEM('',(#568),#566);
#570=DIRECTION('',(0.E0,1.E0,0.E0));
#571=VECTOR('',#570,5.95E0);
#572=CARTESIAN_POINT('',(1.998E1,-4.312E1,-1.7E0));
#573=LINE('',#572,#571);
#574=CURVE_STYLE('',#21,POSITIVE_LENGTH_MEASURE(2.E-2),#6);
#575=PRESENTATION_STYLE_ASSIGNMENT((#574));
#576=STYLED_ITEM('',(#575),#573);
#577=CARTESIAN_POINT('',(1.898E1,-3.717E1,-1.7E0));
#578=DIRECTION('',(0.E0,0.E0,-1.E0));
#579=DIRECTION('',(0.E0,1.E0,0.E0));
#580=AXIS2_PLACEMENT_3D('',#577,#578,#579);
#582=CURVE_STYLE('',#21,POSITIVE_LENGTH_MEASURE(2.E-2),#6);
#583=PRESENTATION_STYLE_ASSIGNMENT((#582));
#584=STYLED_ITEM('',(#583),#581);
#585=DIRECTION('',(0.E0,0.E0,1.E0));
#586=VECTOR('',#585,3.E-2);
#587=CARTESIAN_POINT('',(3.11E0,-5.897E1,-1.7E0));
#588=LINE('',#587,#586);
#589=CURVE_STYLE('',#21,POSITIVE_LENGTH_MEASURE(2.E-2),#6);
#590=PRESENTATION_STYLE_ASSIGNMENT((#589));
#591=STYLED_ITEM('',(#590),#588);
#592=DIRECTION('',(0.E0,0.E0,1.E0));
#593=VECTOR('',#592,3.E-2);
#594=CARTESIAN_POINT('',(2.76E0,-5.897E1,-1.7E0));
#595=LINE('',#594,#593);
#596=CURVE_STYLE('',#21,POSITIVE_LENGTH_MEASURE(2.E-2),#6);
#597=PRESENTATION_STYLE_ASSIGNMENT((#596));
#598=STYLED_ITEM('',(#597),#595);
#599=DIRECTION('',(0.E0,0.E0,1.E0));
#600=VECTOR('',#599,3.E-2);
#601=CARTESIAN_POINT('',(2.76E0,-6.247E1,-1.7E0));
#602=LINE('',#601,#600);
#603=CURVE_STYLE('',#21,POSITIVE_LENGTH_MEASURE(2.E-2),#6);
#604=PRESENTATION_STYLE_ASSIGNMENT((#603));
#605=STYLED_ITEM('',(#604),#602);
#606=DIRECTION('',(0.E0,0.E0,1.E0));
#607=VECTOR('',#606,3.E-2);
#608=CARTESIAN_POINT('',(3.11E0,-6.247E1,-1.7E0));
#609=LINE('',#608,#607);
#610=CURVE_STYLE('',#21,POSITIVE_LENGTH_MEASURE(2.E-2),#6);
#611=PRESENTATION_STYLE_ASSIGNMENT((#610));
#612=STYLED_ITEM('',(#611),#609);
#613=DIRECTION('',(0.E0,-1.E0,0.E0));
#614=VECTOR('',#613,3.5E0);
#615=CARTESIAN_POINT('',(3.11E0,-5.897E1,-1.67E0));
#616=LINE('',#615,#614);
#617=CURVE_STYLE('',#21,POSITIVE_LENGTH_MEASURE(2.E-2),#6);
#618=PRESENTATION_STYLE_ASSIGNMENT((#617));
#619=STYLED_ITEM('',(#618),#616);
#620=DIRECTION('',(1.E0,0.E0,0.E0));
#621=VECTOR('',#620,3.5E-1);
#622=CARTESIAN_POINT('',(2.76E0,-5.897E1,-1.67E0));
#623=LINE('',#622,#621);
#624=CURVE_STYLE('',#21,POSITIVE_LENGTH_MEASURE(2.E-2),#6);
#625=PRESENTATION_STYLE_ASSIGNMENT((#624));
#626=STYLED_ITEM('',(#625),#623);
#627=DIRECTION('',(0.E0,1.E0,0.E0));
#628=VECTOR('',#627,3.5E0);
#629=CARTESIAN_POINT('',(2.76E0,-6.247E1,-1.67E0));
#630=LINE('',#629,#628);
#631=CURVE_STYLE('',#21,POSITIVE_LENGTH_MEASURE(2.E-2),#6);
#632=PRESENTATION_STYLE_ASSIGNMENT((#631));
#633=STYLED_ITEM('',(#632),#630);
#634=DIRECTION('',(-1.E0,0.E0,0.E0));
#635=VECTOR('',#634,3.5E-1);
#636=CARTESIAN_POINT('',(3.11E0,-6.247E1,-1.67E0));
#637=LINE('',#636,#635);
#638=CURVE_STYLE('',#21,POSITIVE_LENGTH_MEASURE(2.E-2),#6);
#639=PRESENTATION_STYLE_ASSIGNMENT((#638));
#640=STYLED_ITEM('',(#639),#637);
#641=DIRECTION('',(0.E0,0.E0,1.E0));
#642=VECTOR('',#641,3.E-2);
#643=CARTESIAN_POINT('',(2.61E0,-5.897E1,-1.7E0));
#644=LINE('',#643,#642);
#645=CURVE_STYLE('',#21,POSITIVE_LENGTH_MEASURE(2.E-2),#6);
#646=PRESENTATION_STYLE_ASSIGNMENT((#645));
#647=STYLED_ITEM('',(#646),#644);
#648=DIRECTION('',(0.E0,0.E0,1.E0));
#649=VECTOR('',#648,3.E-2);
#650=CARTESIAN_POINT('',(2.26E0,-5.897E1,-1.7E0));
#651=LINE('',#650,#649);
#652=CURVE_STYLE('',#21,POSITIVE_LENGTH_MEASURE(2.E-2),#6);
#653=PRESENTATION_STYLE_ASSIGNMENT((#652));
#654=STYLED_ITEM('',(#653),#651);
#655=DIRECTION('',(0.E0,0.E0,1.E0));
#656=VECTOR('',#655,3.E-2);
#657=CARTESIAN_POINT('',(2.26E0,-6.247E1,-1.7E0));
#658=LINE('',#657,#656);
#659=CURVE_STYLE('',#21,POSITIVE_LENGTH_MEASURE(2.E-2),#6);
#660=PRESENTATION_STYLE_ASSIGNMENT((#659));
#661=STYLED_ITEM('',(#660),#658);
#662=DIRECTION('',(0.E0,0.E0,1.E0));
#663=VECTOR('',#662,3.E-2);
#664=CARTESIAN_POINT('',(2.61E0,-6.247E1,-1.7E0));
#665=LINE('',#664,#663);
#666=CURVE_STYLE('',#21,POSITIVE_LENGTH_MEASURE(2.E-2),#6);
#667=PRESENTATION_STYLE_ASSIGNMENT((#666));
#668=STYLED_ITEM('',(#667),#665);
#669=DIRECTION('',(0.E0,-1.E0,0.E0));
#670=VECTOR('',#669,3.5E0);
#671=CARTESIAN_POINT('',(2.61E0,-5.897E1,-1.67E0));
#672=LINE('',#671,#670);
#673=CURVE_STYLE('',#21,POSITIVE_LENGTH_MEASURE(2.E-2),#6);
#674=PRESENTATION_STYLE_ASSIGNMENT((#673));
#675=STYLED_ITEM('',(#674),#672);
#676=DIRECTION('',(1.E0,0.E0,0.E0));
#677=VECTOR('',#676,3.5E-1);
#678=CARTESIAN_POINT('',(2.26E0,-5.897E1,-1.67E0));
#679=LINE('',#678,#677);
#680=CURVE_STYLE('',#21,POSITIVE_LENGTH_MEASURE(2.E-2),#6);
#681=PRESENTATION_STYLE_ASSIGNMENT((#680));
#682=STYLED_ITEM('',(#681),#679);
#683=DIRECTION('',(0.E0,1.E0,0.E0));
#684=VECTOR('',#683,3.5E0);
#685=CARTESIAN_POINT('',(2.26E0,-6.247E1,-1.67E0));
#686=LINE('',#685,#684);
#687=CURVE_STYLE('',#21,POSITIVE_LENGTH_MEASURE(2.E-2),#6);
#688=PRESENTATION_STYLE_ASSIGNMENT((#687));
#689=STYLED_ITEM('',(#688),#686);
#690=DIRECTION('',(-1.E0,0.E0,0.E0));
#691=VECTOR('',#690,3.5E-1);
#692=CARTESIAN_POINT('',(2.61E0,-6.247E1,-1.67E0));
#693=LINE('',#692,#691);
#694=CURVE_STYLE('',#21,POSITIVE_LENGTH_MEASURE(2.E-2),#6);
#695=PRESENTATION_STYLE_ASSIGNMENT((#694));
#696=STYLED_ITEM('',(#695),#693);
#697=DIRECTION('',(0.E0,0.E0,1.E0));
#698=VECTOR('',#697,3.E-2);
#699=CARTESIAN_POINT('',(2.11E0,-5.897E1,-1.7E0));
#700=LINE('',#699,#698);
#701=CURVE_STYLE('',#21,POSITIVE_LENGTH_MEASURE(2.E-2),#6);
#702=PRESENTATION_STYLE_ASSIGNMENT((#701));
#703=STYLED_ITEM('',(#702),#700);
#704=DIRECTION('',(0.E0,0.E0,1.E0));
#705=VECTOR('',#704,3.E-2);
#706=CARTESIAN_POINT('',(1.76E0,-5.897E1,-1.7E0));
#707=LINE('',#706,#705);
#708=CURVE_STYLE('',#21,POSITIVE_LENGTH_MEASURE(2.E-2),#6);
#709=PRESENTATION_STYLE_ASSIGNMENT((#708));
#710=STYLED_ITEM('',(#709),#707);
#711=DIRECTION('',(0.E0,0.E0,1.E0));
#712=VECTOR('',#711,3.E-2);
#713=CARTESIAN_POINT('',(1.76E0,-6.247E1,-1.7E0));
#714=LINE('',#713,#712);
#715=CURVE_STYLE('',#21,POSITIVE_LENGTH_MEASURE(2.E-2),#6);
#716=PRESENTATION_STYLE_ASSIGNMENT((#715));
#717=STYLED_ITEM('',(#716),#714);
#718=DIRECTION('',(0.E0,0.E0,1.E0));
#719=VECTOR('',#718,3.E-2);
#720=CARTESIAN_POINT('',(2.11E0,-6.247E1,-1.7E0));
#721=LINE('',#720,#719);
#722=CURVE_STYLE('',#21,POSITIVE_LENGTH_MEASURE(2.E-2),#6);
#723=PRESENTATION_STYLE_ASSIGNMENT((#722));
#724=STYLED_ITEM('',(#723),#721);
#725=DIRECTION('',(0.E0,-1.E0,0.E0));
#726=VECTOR('',#725,3.5E0);
#727=CARTESIAN_POINT('',(2.11E0,-5.897E1,-1.67E0));
#728=LINE('',#727,#726);
#729=CURVE_STYLE('',#21,POSITIVE_LENGTH_MEASURE(2.E-2),#6);
#730=PRESENTATION_STYLE_ASSIGNMENT((#729));
#731=STYLED_ITEM('',(#730),#728);
#732=DIRECTION('',(1.E0,0.E0,0.E0));
#733=VECTOR('',#732,3.5E-1);
#734=CARTESIAN_POINT('',(1.76E0,-5.897E1,-1.67E0));
#735=LINE('',#734,#733);
#736=CURVE_STYLE('',#21,POSITIVE_LENGTH_MEASURE(2.E-2),#6);
#737=PRESENTATION_STYLE_ASSIGNMENT((#736));
#738=STYLED_ITEM('',(#737),#735);
#739=DIRECTION('',(0.E0,1.E0,0.E0));
#740=VECTOR('',#739,3.5E0);
#741=CARTESIAN_POINT('',(1.76E0,-6.247E1,-1.67E0));
#742=LINE('',#741,#740);
#743=CURVE_STYLE('',#21,POSITIVE_LENGTH_MEASURE(2.E-2),#6);
#744=PRESENTATION_STYLE_ASSIGNMENT((#743));
#745=STYLED_ITEM('',(#744),#742);
#746=DIRECTION('',(-1.E0,0.E0,0.E0));
#747=VECTOR('',#746,3.5E-1);
#748=CARTESIAN_POINT('',(2.11E0,-6.247E1,-1.67E0));
#749=LINE('',#748,#747);
#750=CURVE_STYLE('',#21,POSITIVE_LENGTH_MEASURE(2.E-2),#6);
#751=PRESENTATION_STYLE_ASSIGNMENT((#750));
#752=STYLED_ITEM('',(#751),#749);
#753=DIRECTION('',(0.E0,0.E0,1.E0));
#754=VECTOR('',#753,3.E-2);
#755=CARTESIAN_POINT('',(1.61E0,-5.897E1,-1.7E0));
#756=LINE('',#755,#754);
#757=CURVE_STYLE('',#21,POSITIVE_LENGTH_MEASURE(2.E-2),#6);
#758=PRESENTATION_STYLE_ASSIGNMENT((#757));
#759=STYLED_ITEM('',(#758),#756);
#760=DIRECTION('',(0.E0,0.E0,1.E0));
#761=VECTOR('',#760,3.E-2);
#762=CARTESIAN_POINT('',(1.26E0,-5.897E1,-1.7E0));
#763=LINE('',#762,#761);
#764=CURVE_STYLE('',#21,POSITIVE_LENGTH_MEASURE(2.E-2),#6);
#765=PRESENTATION_STYLE_ASSIGNMENT((#764));
#766=STYLED_ITEM('',(#765),#763);
#767=DIRECTION('',(0.E0,0.E0,1.E0));
#768=VECTOR('',#767,3.E-2);
#769=CARTESIAN_POINT('',(1.26E0,-6.247E1,-1.7E0));
#770=LINE('',#769,#768);
#771=CURVE_STYLE('',#21,POSITIVE_LENGTH_MEASURE(2.E-2),#6);
#772=PRESENTATION_STYLE_ASSIGNMENT((#771));
#773=STYLED_ITEM('',(#772),#770);
#774=DIRECTION('',(0.E0,0.E0,1.E0));
#775=VECTOR('',#774,3.E-2);
#776=CARTESIAN_POINT('',(1.61E0,-6.247E1,-1.7E0));
#777=LINE('',#776,#775);
#778=CURVE_STYLE('',#21,POSITIVE_LENGTH_MEASURE(2.E-2),#6);
#779=PRESENTATION_STYLE_ASSIGNMENT((#778));
#780=STYLED_ITEM('',(#779),#777);
#781=DIRECTION('',(0.E0,-1.E0,0.E0));
#782=VECTOR('',#781,3.5E0);
#783=CARTESIAN_POINT('',(1.61E0,-5.897E1,-1.67E0));
#784=LINE('',#783,#782);
#785=CURVE_STYLE('',#21,POSITIVE_LENGTH_MEASURE(2.E-2),#6);
#786=PRESENTATION_STYLE_ASSIGNMENT((#785));
#787=STYLED_ITEM('',(#786),#784);
#788=DIRECTION('',(1.E0,0.E0,0.E0));
#789=VECTOR('',#788,3.5E-1);
#790=CARTESIAN_POINT('',(1.26E0,-5.897E1,-1.67E0));
#791=LINE('',#790,#789);
#792=CURVE_STYLE('',#21,POSITIVE_LENGTH_MEASURE(2.E-2),#6);
#793=PRESENTATION_STYLE_ASSIGNMENT((#792));
#794=STYLED_ITEM('',(#793),#791);
#795=DIRECTION('',(0.E0,1.E0,0.E0));
#796=VECTOR('',#795,3.5E0);
#797=CARTESIAN_POINT('',(1.26E0,-6.247E1,-1.67E0));
#798=LINE('',#797,#796);
#799=CURVE_STYLE('',#21,POSITIVE_LENGTH_MEASURE(2.E-2),#6);
#800=PRESENTATION_STYLE_ASSIGNMENT((#799));
#801=STYLED_ITEM('',(#800),#798);
#802=DIRECTION('',(-1.E0,0.E0,0.E0));
#803=VECTOR('',#802,3.5E-1);
#804=CARTESIAN_POINT('',(1.61E0,-6.247E1,-1.67E0));
#805=LINE('',#804,#803);
#806=CURVE_STYLE('',#21,POSITIVE_LENGTH_MEASURE(2.E-2),#6);
#807=PRESENTATION_STYLE_ASSIGNMENT((#806));
#808=STYLED_ITEM('',(#807),#805);
#809=DIRECTION('',(0.E0,0.E0,1.E0));
#810=VECTOR('',#809,3.E-2);
#811=CARTESIAN_POINT('',(1.11E0,-5.897E1,-1.7E0));
#812=LINE('',#811,#810);
#813=CURVE_STYLE('',#21,POSITIVE_LENGTH_MEASURE(2.E-2),#6);
#814=PRESENTATION_STYLE_ASSIGNMENT((#813));
#815=STYLED_ITEM('',(#814),#812);
#816=DIRECTION('',(0.E0,0.E0,1.E0));
#817=VECTOR('',#816,3.E-2);
#818=CARTESIAN_POINT('',(7.6E-1,-5.897E1,-1.7E0));
#819=LINE('',#818,#817);
#820=CURVE_STYLE('',#21,POSITIVE_LENGTH_MEASURE(2.E-2),#6);
#821=PRESENTATION_STYLE_ASSIGNMENT((#820));
#822=STYLED_ITEM('',(#821),#819);
#823=DIRECTION('',(0.E0,0.E0,1.E0));
#824=VECTOR('',#823,3.E-2);
#825=CARTESIAN_POINT('',(7.6E-1,-6.247E1,-1.7E0));
#826=LINE('',#825,#824);
#827=CURVE_STYLE('',#21,POSITIVE_LENGTH_MEASURE(2.E-2),#6);
#828=PRESENTATION_STYLE_ASSIGNMENT((#827));
#829=STYLED_ITEM('',(#828),#826);
#830=DIRECTION('',(0.E0,0.E0,1.E0));
#831=VECTOR('',#830,3.E-2);
#832=CARTESIAN_POINT('',(1.11E0,-6.247E1,-1.7E0));
#833=LINE('',#832,#831);
#834=CURVE_STYLE('',#21,POSITIVE_LENGTH_MEASURE(2.E-2),#6);
#835=PRESENTATION_STYLE_ASSIGNMENT((#834));
#836=STYLED_ITEM('',(#835),#833);
#837=DIRECTION('',(0.E0,-1.E0,0.E0));
#838=VECTOR('',#837,3.5E0);
#839=CARTESIAN_POINT('',(1.11E0,-5.897E1,-1.67E0));
#840=LINE('',#839,#838);
#841=CURVE_STYLE('',#21,POSITIVE_LENGTH_MEASURE(2.E-2),#6);
#842=PRESENTATION_STYLE_ASSIGNMENT((#841));
#843=STYLED_ITEM('',(#842),#840);
#844=DIRECTION('',(1.E0,0.E0,0.E0));
#845=VECTOR('',#844,3.5E-1);
#846=CARTESIAN_POINT('',(7.6E-1,-5.897E1,-1.67E0));
#847=LINE('',#846,#845);
#848=CURVE_STYLE('',#21,POSITIVE_LENGTH_MEASURE(2.E-2),#6);
#849=PRESENTATION_STYLE_ASSIGNMENT((#848));
#850=STYLED_ITEM('',(#849),#847);
#851=DIRECTION('',(0.E0,1.E0,0.E0));
#852=VECTOR('',#851,3.5E0);
#853=CARTESIAN_POINT('',(7.6E-1,-6.247E1,-1.67E0));
#854=LINE('',#853,#852);
#855=CURVE_STYLE('',#21,POSITIVE_LENGTH_MEASURE(2.E-2),#6);
#856=PRESENTATION_STYLE_ASSIGNMENT((#855));
#857=STYLED_ITEM('',(#856),#854);
#858=DIRECTION('',(-1.E0,0.E0,0.E0));
#859=VECTOR('',#858,3.5E-1);
#860=CARTESIAN_POINT('',(1.11E0,-6.247E1,-1.67E0));
#861=LINE('',#860,#859);
#862=CURVE_STYLE('',#21,POSITIVE_LENGTH_MEASURE(2.E-2),#6);
#863=PRESENTATION_STYLE_ASSIGNMENT((#862));
#864=STYLED_ITEM('',(#863),#861);
#865=DIRECTION('',(0.E0,0.E0,1.E0));
#866=VECTOR('',#865,3.E-2);
#867=CARTESIAN_POINT('',(6.1E-1,-5.897E1,-1.7E0));
#868=LINE('',#867,#866);
#869=CURVE_STYLE('',#21,POSITIVE_LENGTH_MEASURE(2.E-2),#6);
#870=PRESENTATION_STYLE_ASSIGNMENT((#869));
#871=STYLED_ITEM('',(#870),#868);
#872=DIRECTION('',(0.E0,0.E0,1.E0));
#873=VECTOR('',#872,3.E-2);
#874=CARTESIAN_POINT('',(2.6E-1,-5.897E1,-1.7E0));
#875=LINE('',#874,#873);
#876=CURVE_STYLE('',#21,POSITIVE_LENGTH_MEASURE(2.E-2),#6);
#877=PRESENTATION_STYLE_ASSIGNMENT((#876));
#878=STYLED_ITEM('',(#877),#875);
#879=DIRECTION('',(0.E0,0.E0,1.E0));
#880=VECTOR('',#879,3.E-2);
#881=CARTESIAN_POINT('',(2.6E-1,-6.247E1,-1.7E0));
#882=LINE('',#881,#880);
#883=CURVE_STYLE('',#21,POSITIVE_LENGTH_MEASURE(2.E-2),#6);
#884=PRESENTATION_STYLE_ASSIGNMENT((#883));
#885=STYLED_ITEM('',(#884),#882);
#886=DIRECTION('',(0.E0,0.E0,1.E0));
#887=VECTOR('',#886,3.E-2);
#888=CARTESIAN_POINT('',(6.1E-1,-6.247E1,-1.7E0));
#889=LINE('',#888,#887);
#890=CURVE_STYLE('',#21,POSITIVE_LENGTH_MEASURE(2.E-2),#6);
#891=PRESENTATION_STYLE_ASSIGNMENT((#890));
#892=STYLED_ITEM('',(#891),#889);
#893=DIRECTION('',(0.E0,-1.E0,0.E0));
#894=VECTOR('',#893,3.5E0);
#895=CARTESIAN_POINT('',(6.1E-1,-5.897E1,-1.67E0));
#896=LINE('',#895,#894);
#897=CURVE_STYLE('',#21,POSITIVE_LENGTH_MEASURE(2.E-2),#6);
#898=PRESENTATION_STYLE_ASSIGNMENT((#897));
#899=STYLED_ITEM('',(#898),#896);
#900=DIRECTION('',(1.E0,0.E0,0.E0));
#901=VECTOR('',#900,3.5E-1);
#902=CARTESIAN_POINT('',(2.6E-1,-5.897E1,-1.67E0));
#903=LINE('',#902,#901);
#904=CURVE_STYLE('',#21,POSITIVE_LENGTH_MEASURE(2.E-2),#6);
#905=PRESENTATION_STYLE_ASSIGNMENT((#904));
#906=STYLED_ITEM('',(#905),#903);
#907=DIRECTION('',(0.E0,1.E0,0.E0));
#908=VECTOR('',#907,3.5E0);
#909=CARTESIAN_POINT('',(2.6E-1,-6.247E1,-1.67E0));
#910=LINE('',#909,#908);
#911=CURVE_STYLE('',#21,POSITIVE_LENGTH_MEASURE(2.E-2),#6);
#912=PRESENTATION_STYLE_ASSIGNMENT((#911));
#913=STYLED_ITEM('',(#912),#910);
#914=DIRECTION('',(-1.E0,0.E0,0.E0));
#915=VECTOR('',#914,3.5E-1);
#916=CARTESIAN_POINT('',(6.1E-1,-6.247E1,-1.67E0));
#917=LINE('',#916,#915);
#918=CURVE_STYLE('',#21,POSITIVE_LENGTH_MEASURE(2.E-2),#6);
#919=PRESENTATION_STYLE_ASSIGNMENT((#918));
#920=STYLED_ITEM('',(#919),#917);
#921=DIRECTION('',(0.E0,0.E0,1.E0));
#922=VECTOR('',#921,3.E-2);
#923=CARTESIAN_POINT('',(1.1E-1,-5.897E1,-1.7E0));
#924=LINE('',#923,#922);
#925=CURVE_STYLE('',#21,POSITIVE_LENGTH_MEASURE(2.E-2),#6);
#926=PRESENTATION_STYLE_ASSIGNMENT((#925));
#927=STYLED_ITEM('',(#926),#924);
#928=DIRECTION('',(0.E0,0.E0,1.E0));
#929=VECTOR('',#928,3.E-2);
#930=CARTESIAN_POINT('',(-2.4E-1,-5.897E1,-1.7E0));
#931=LINE('',#930,#929);
#932=CURVE_STYLE('',#21,POSITIVE_LENGTH_MEASURE(2.E-2),#6);
#933=PRESENTATION_STYLE_ASSIGNMENT((#932));
#934=STYLED_ITEM('',(#933),#931);
#935=DIRECTION('',(0.E0,0.E0,1.E0));
#936=VECTOR('',#935,3.E-2);
#937=CARTESIAN_POINT('',(-2.4E-1,-6.247E1,-1.7E0));
#938=LINE('',#937,#936);
#939=CURVE_STYLE('',#21,POSITIVE_LENGTH_MEASURE(2.E-2),#6);
#940=PRESENTATION_STYLE_ASSIGNMENT((#939));
#941=STYLED_ITEM('',(#940),#938);
#942=DIRECTION('',(0.E0,0.E0,1.E0));
#943=VECTOR('',#942,3.E-2);
#944=CARTESIAN_POINT('',(1.1E-1,-6.247E1,-1.7E0));
#945=LINE('',#944,#943);
#946=CURVE_STYLE('',#21,POSITIVE_LENGTH_MEASURE(2.E-2),#6);
#947=PRESENTATION_STYLE_ASSIGNMENT((#946));
#948=STYLED_ITEM('',(#947),#945);
#949=DIRECTION('',(0.E0,-1.E0,0.E0));
#950=VECTOR('',#949,3.5E0);
#951=CARTESIAN_POINT('',(1.1E-1,-5.897E1,-1.67E0));
#952=LINE('',#951,#950);
#953=CURVE_STYLE('',#21,POSITIVE_LENGTH_MEASURE(2.E-2),#6);
#954=PRESENTATION_STYLE_ASSIGNMENT((#953));
#955=STYLED_ITEM('',(#954),#952);
#956=DIRECTION('',(1.E0,0.E0,0.E0));
#957=VECTOR('',#956,3.5E-1);
#958=CARTESIAN_POINT('',(-2.4E-1,-5.897E1,-1.67E0));
#959=LINE('',#958,#957);
#960=CURVE_STYLE('',#21,POSITIVE_LENGTH_MEASURE(2.E-2),#6);
#961=PRESENTATION_STYLE_ASSIGNMENT((#960));
#962=STYLED_ITEM('',(#961),#959);
#963=DIRECTION('',(0.E0,1.E0,0.E0));
#964=VECTOR('',#963,3.5E0);
#965=CARTESIAN_POINT('',(-2.4E-1,-6.247E1,-1.67E0));
#966=LINE('',#965,#964);
#967=CURVE_STYLE('',#21,POSITIVE_LENGTH_MEASURE(2.E-2),#6);
#968=PRESENTATION_STYLE_ASSIGNMENT((#967));
#969=STYLED_ITEM('',(#968),#966);
#970=DIRECTION('',(-1.E0,0.E0,0.E0));
#971=VECTOR('',#970,3.5E-1);
#972=CARTESIAN_POINT('',(1.1E-1,-6.247E1,-1.67E0));
#973=LINE('',#972,#971);
#974=CURVE_STYLE('',#21,POSITIVE_LENGTH_MEASURE(2.E-2),#6);
#975=PRESENTATION_STYLE_ASSIGNMENT((#974));
#976=STYLED_ITEM('',(#975),#973);
#977=DIRECTION('',(0.E0,0.E0,1.E0));
#978=VECTOR('',#977,3.E-2);
#979=CARTESIAN_POINT('',(-3.9E-1,-5.897E1,-1.7E0));
#980=LINE('',#979,#978);
#981=CURVE_STYLE('',#21,POSITIVE_LENGTH_MEASURE(2.E-2),#6);
#982=PRESENTATION_STYLE_ASSIGNMENT((#981));
#983=STYLED_ITEM('',(#982),#980);
#984=DIRECTION('',(0.E0,0.E0,1.E0));
#985=VECTOR('',#984,3.E-2);
#986=CARTESIAN_POINT('',(-7.4E-1,-5.897E1,-1.7E0));
#987=LINE('',#986,#985);
#988=CURVE_STYLE('',#21,POSITIVE_LENGTH_MEASURE(2.E-2),#6);
#989=PRESENTATION_STYLE_ASSIGNMENT((#988));
#990=STYLED_ITEM('',(#989),#987);
#991=DIRECTION('',(0.E0,0.E0,1.E0));
#992=VECTOR('',#991,3.E-2);
#993=CARTESIAN_POINT('',(-7.4E-1,-6.247E1,-1.7E0));
#994=LINE('',#993,#992);
#995=CURVE_STYLE('',#21,POSITIVE_LENGTH_MEASURE(2.E-2),#6);
#996=PRESENTATION_STYLE_ASSIGNMENT((#995));
#997=STYLED_ITEM('',(#996),#994);
#998=DIRECTION('',(0.E0,0.E0,1.E0));
#999=VECTOR('',#998,3.E-2);
#1000=CARTESIAN_POINT('',(-3.9E-1,-6.247E1,-1.7E0));
#1001=LINE('',#1000,#999);
#1002=CURVE_STYLE('',#21,POSITIVE_LENGTH_MEASURE(2.E-2),#6);
#1003=PRESENTATION_STYLE_ASSIGNMENT((#1002));
#1004=STYLED_ITEM('',(#1003),#1001);
#1005=DIRECTION('',(0.E0,-1.E0,0.E0));
#1006=VECTOR('',#1005,3.5E0);
#1007=CARTESIAN_POINT('',(-3.9E-1,-5.897E1,-1.67E0));
#1008=LINE('',#1007,#1006);
#1009=CURVE_STYLE('',#21,POSITIVE_LENGTH_MEASURE(2.E-2),#6);
#1010=PRESENTATION_STYLE_ASSIGNMENT((#1009));
#1011=STYLED_ITEM('',(#1010),#1008);
#1012=DIRECTION('',(1.E0,0.E0,0.E0));
#1013=VECTOR('',#1012,3.5E-1);
#1014=CARTESIAN_POINT('',(-7.4E-1,-5.897E1,-1.67E0));
#1015=LINE('',#1014,#1013);
#1016=CURVE_STYLE('',#21,POSITIVE_LENGTH_MEASURE(2.E-2),#6);
#1017=PRESENTATION_STYLE_ASSIGNMENT((#1016));
#1018=STYLED_ITEM('',(#1017),#1015);
#1019=DIRECTION('',(0.E0,1.E0,0.E0));
#1020=VECTOR('',#1019,3.5E0);
#1021=CARTESIAN_POINT('',(-7.4E-1,-6.247E1,-1.67E0));
#1022=LINE('',#1021,#1020);
#1023=CURVE_STYLE('',#21,POSITIVE_LENGTH_MEASURE(2.E-2),#6);
#1024=PRESENTATION_STYLE_ASSIGNMENT((#1023));
#1025=STYLED_ITEM('',(#1024),#1022);
#1026=DIRECTION('',(-1.E0,0.E0,0.E0));
#1027=VECTOR('',#1026,3.5E-1);
#1028=CARTESIAN_POINT('',(-3.9E-1,-6.247E1,-1.67E0));
#1029=LINE('',#1028,#1027);
#1030=CURVE_STYLE('',#21,POSITIVE_LENGTH_MEASURE(2.E-2),#6);
#1031=PRESENTATION_STYLE_ASSIGNMENT((#1030));
#1032=STYLED_ITEM('',(#1031),#1029);
#1033=DIRECTION('',(0.E0,0.E0,1.E0));
#1034=VECTOR('',#1033,3.E-2);
#1035=CARTESIAN_POINT('',(-8.9E-1,-5.897E1,-1.7E0));
#1036=LINE('',#1035,#1034);
#1037=CURVE_STYLE('',#21,POSITIVE_LENGTH_MEASURE(2.E-2),#6);
#1038=PRESENTATION_STYLE_ASSIGNMENT((#1037));
#1039=STYLED_ITEM('',(#1038),#1036);
#1040=DIRECTION('',(0.E0,0.E0,1.E0));
#1041=VECTOR('',#1040,3.E-2);
#1042=CARTESIAN_POINT('',(-1.24E0,-5.897E1,-1.7E0));
#1043=LINE('',#1042,#1041);
#1044=CURVE_STYLE('',#21,POSITIVE_LENGTH_MEASURE(2.E-2),#6);
#1045=PRESENTATION_STYLE_ASSIGNMENT((#1044));
#1046=STYLED_ITEM('',(#1045),#1043);
#1047=DIRECTION('',(0.E0,0.E0,1.E0));
#1048=VECTOR('',#1047,3.E-2);
#1049=CARTESIAN_POINT('',(-1.24E0,-6.247E1,-1.7E0));
#1050=LINE('',#1049,#1048);
#1051=CURVE_STYLE('',#21,POSITIVE_LENGTH_MEASURE(2.E-2),#6);
#1052=PRESENTATION_STYLE_ASSIGNMENT((#1051));
#1053=STYLED_ITEM('',(#1052),#1050);
#1054=DIRECTION('',(0.E0,0.E0,1.E0));
#1055=VECTOR('',#1054,3.E-2);
#1056=CARTESIAN_POINT('',(-8.9E-1,-6.247E1,-1.7E0));
#1057=LINE('',#1056,#1055);
#1058=CURVE_STYLE('',#21,POSITIVE_LENGTH_MEASURE(2.E-2),#6);
#1059=PRESENTATION_STYLE_ASSIGNMENT((#1058));
#1060=STYLED_ITEM('',(#1059),#1057);
#1061=DIRECTION('',(0.E0,-1.E0,0.E0));
#1062=VECTOR('',#1061,3.5E0);
#1063=CARTESIAN_POINT('',(-8.9E-1,-5.897E1,-1.67E0));
#1064=LINE('',#1063,#1062);
#1065=CURVE_STYLE('',#21,POSITIVE_LENGTH_MEASURE(2.E-2),#6);
#1066=PRESENTATION_STYLE_ASSIGNMENT((#1065));
#1067=STYLED_ITEM('',(#1066),#1064);
#1068=DIRECTION('',(1.E0,0.E0,0.E0));
#1069=VECTOR('',#1068,3.5E-1);
#1070=CARTESIAN_POINT('',(-1.24E0,-5.897E1,-1.67E0));
#1071=LINE('',#1070,#1069);
#1072=CURVE_STYLE('',#21,POSITIVE_LENGTH_MEASURE(2.E-2),#6);
#1073=PRESENTATION_STYLE_ASSIGNMENT((#1072));
#1074=STYLED_ITEM('',(#1073),#1071);
#1075=DIRECTION('',(0.E0,1.E0,0.E0));
#1076=VECTOR('',#1075,3.5E0);
#1077=CARTESIAN_POINT('',(-1.24E0,-6.247E1,-1.67E0));
#1078=LINE('',#1077,#1076);
#1079=CURVE_STYLE('',#21,POSITIVE_LENGTH_MEASURE(2.E-2),#6);
#1080=PRESENTATION_STYLE_ASSIGNMENT((#1079));
#1081=STYLED_ITEM('',(#1080),#1078);
#1082=DIRECTION('',(-1.E0,0.E0,0.E0));
#1083=VECTOR('',#1082,3.5E-1);
#1084=CARTESIAN_POINT('',(-8.9E-1,-6.247E1,-1.67E0));
#1085=LINE('',#1084,#1083);
#1086=CURVE_STYLE('',#21,POSITIVE_LENGTH_MEASURE(2.E-2),#6);
#1087=PRESENTATION_STYLE_ASSIGNMENT((#1086));
#1088=STYLED_ITEM('',(#1087),#1085);
#1089=DIRECTION('',(0.E0,0.E0,1.E0));
#1090=VECTOR('',#1089,3.E-2);
#1091=CARTESIAN_POINT('',(-1.39E0,-5.897E1,-1.7E0));
#1092=LINE('',#1091,#1090);
#1093=CURVE_STYLE('',#21,POSITIVE_LENGTH_MEASURE(2.E-2),#6);
#1094=PRESENTATION_STYLE_ASSIGNMENT((#1093));
#1095=STYLED_ITEM('',(#1094),#1092);
#1096=DIRECTION('',(0.E0,0.E0,1.E0));
#1097=VECTOR('',#1096,3.E-2);
#1098=CARTESIAN_POINT('',(-1.74E0,-5.897E1,-1.7E0));
#1099=LINE('',#1098,#1097);
#1100=CURVE_STYLE('',#21,POSITIVE_LENGTH_MEASURE(2.E-2),#6);
#1101=PRESENTATION_STYLE_ASSIGNMENT((#1100));
#1102=STYLED_ITEM('',(#1101),#1099);
#1103=DIRECTION('',(0.E0,0.E0,1.E0));
#1104=VECTOR('',#1103,3.E-2);
#1105=CARTESIAN_POINT('',(-1.74E0,-6.247E1,-1.7E0));
#1106=LINE('',#1105,#1104);
#1107=CURVE_STYLE('',#21,POSITIVE_LENGTH_MEASURE(2.E-2),#6);
#1108=PRESENTATION_STYLE_ASSIGNMENT((#1107));
#1109=STYLED_ITEM('',(#1108),#1106);
#1110=DIRECTION('',(0.E0,0.E0,1.E0));
#1111=VECTOR('',#1110,3.E-2);
#1112=CARTESIAN_POINT('',(-1.39E0,-6.247E1,-1.7E0));
#1113=LINE('',#1112,#1111);
#1114=CURVE_STYLE('',#21,POSITIVE_LENGTH_MEASURE(2.E-2),#6);
#1115=PRESENTATION_STYLE_ASSIGNMENT((#1114));
#1116=STYLED_ITEM('',(#1115),#1113);
#1117=DIRECTION('',(0.E0,-1.E0,0.E0));
#1118=VECTOR('',#1117,3.5E0);
#1119=CARTESIAN_POINT('',(-1.39E0,-5.897E1,-1.67E0));
#1120=LINE('',#1119,#1118);
#1121=CURVE_STYLE('',#21,POSITIVE_LENGTH_MEASURE(2.E-2),#6);
#1122=PRESENTATION_STYLE_ASSIGNMENT((#1121));
#1123=STYLED_ITEM('',(#1122),#1120);
#1124=DIRECTION('',(1.E0,0.E0,0.E0));
#1125=VECTOR('',#1124,3.5E-1);
#1126=CARTESIAN_POINT('',(-1.74E0,-5.897E1,-1.67E0));
#1127=LINE('',#1126,#1125);
#1128=CURVE_STYLE('',#21,POSITIVE_LENGTH_MEASURE(2.E-2),#6);
#1129=PRESENTATION_STYLE_ASSIGNMENT((#1128));
#1130=STYLED_ITEM('',(#1129),#1127);
#1131=DIRECTION('',(0.E0,1.E0,0.E0));
#1132=VECTOR('',#1131,3.5E0);
#1133=CARTESIAN_POINT('',(-1.74E0,-6.247E1,-1.67E0));
#1134=LINE('',#1133,#1132);
#1135=CURVE_STYLE('',#21,POSITIVE_LENGTH_MEASURE(2.E-2),#6);
#1136=PRESENTATION_STYLE_ASSIGNMENT((#1135));
#1137=STYLED_ITEM('',(#1136),#1134);
#1138=DIRECTION('',(-1.E0,0.E0,0.E0));
#1139=VECTOR('',#1138,3.5E-1);
#1140=CARTESIAN_POINT('',(-1.39E0,-6.247E1,-1.67E0));
#1141=LINE('',#1140,#1139);
#1142=CURVE_STYLE('',#21,POSITIVE_LENGTH_MEASURE(2.E-2),#6);
#1143=PRESENTATION_STYLE_ASSIGNMENT((#1142));
#1144=STYLED_ITEM('',(#1143),#1141);
#1145=DIRECTION('',(0.E0,0.E0,1.E0));
#1146=VECTOR('',#1145,1.3E-1);
#1147=CARTESIAN_POINT('',(1.204E1,-3.617E1,-1.7E0));
#1148=LINE('',#1147,#1146);
#1149=CURVE_STYLE('',#21,POSITIVE_LENGTH_MEASURE(2.E-2),#6);
#1150=PRESENTATION_STYLE_ASSIGNMENT((#1149));
#1151=STYLED_ITEM('',(#1150),#1148);
#1152=DIRECTION('',(0.E0,0.E0,-1.E0));
#1153=VECTOR('',#1152,1.3E-1);
#1154=CARTESIAN_POINT('',(1.898E1,-3.617E1,-1.57E0));
#1155=LINE('',#1154,#1153);
#1156=CURVE_STYLE('',#21,POSITIVE_LENGTH_MEASURE(2.E-2),#6);
#1157=PRESENTATION_STYLE_ASSIGNMENT((#1156));
#1158=STYLED_ITEM('',(#1157),#1155);
#1159=DIRECTION('',(-1.E0,0.E0,0.E0));
#1160=VECTOR('',#1159,6.94E0);
#1161=CARTESIAN_POINT('',(1.898E1,-3.617E1,-1.57E0));
#1162=LINE('',#1161,#1160);
#1163=CURVE_STYLE('',#21,POSITIVE_LENGTH_MEASURE(2.E-2),#6);
#1164=PRESENTATION_STYLE_ASSIGNMENT((#1163));
#1165=STYLED_ITEM('',(#1164),#1162);
#1166=DIRECTION('',(0.E0,0.E0,-1.E0));
#1167=VECTOR('',#1166,1.3E-1);
#1168=CARTESIAN_POINT('',(1.998E1,-4.312E1,-1.57E0));
#1169=LINE('',#1168,#1167);
#1170=CURVE_STYLE('',#21,POSITIVE_LENGTH_MEASURE(2.E-2),#6);
#1171=PRESENTATION_STYLE_ASSIGNMENT((#1170));
#1172=STYLED_ITEM('',(#1171),#1169);
#1173=DIRECTION('',(0.E0,1.E0,0.E0));
#1174=VECTOR('',#1173,5.95E0);
#1175=CARTESIAN_POINT('',(1.998E1,-4.312E1,-1.57E0));
#1176=LINE('',#1175,#1174);
#1177=CURVE_STYLE('',#21,POSITIVE_LENGTH_MEASURE(2.E-2),#6);
#1178=PRESENTATION_STYLE_ASSIGNMENT((#1177));
#1179=STYLED_ITEM('',(#1178),#1176);
#1180=DIRECTION('',(0.E0,0.E0,-1.E0));
#1181=VECTOR('',#1180,1.3E-1);
#1182=CARTESIAN_POINT('',(1.998E1,-3.717E1,-1.57E0));
#1183=LINE('',#1182,#1181);
#1184=CURVE_STYLE('',#21,POSITIVE_LENGTH_MEASURE(2.E-2),#6);
#1185=PRESENTATION_STYLE_ASSIGNMENT((#1184));
#1186=STYLED_ITEM('',(#1185),#1183);
#1187=DIRECTION('',(0.E0,0.E0,-1.E0));
#1188=VECTOR('',#1187,1.3E-1);
#1189=CARTESIAN_POINT('',(1.898E1,-4.412E1,-1.57E0));
#1190=LINE('',#1189,#1188);
#1191=CURVE_STYLE('',#21,POSITIVE_LENGTH_MEASURE(2.E-2),#6);
#1192=PRESENTATION_STYLE_ASSIGNMENT((#1191));
#1193=STYLED_ITEM('',(#1192),#1190);
#1194=DIRECTION('',(0.E0,0.E0,1.E0));
#1195=VECTOR('',#1194,1.3E-1);
#1196=CARTESIAN_POINT('',(4.43E0,-4.412E1,-1.7E0));
#1197=LINE('',#1196,#1195);
#1198=CURVE_STYLE('',#21,POSITIVE_LENGTH_MEASURE(2.E-2),#6);
#1199=PRESENTATION_STYLE_ASSIGNMENT((#1198));
#1200=STYLED_ITEM('',(#1199),#1197);
#1201=DIRECTION('',(1.E0,0.E0,0.E0));
#1202=VECTOR('',#1201,1.455E1);
#1203=CARTESIAN_POINT('',(4.43E0,-4.412E1,-1.57E0));
#1204=LINE('',#1203,#1202);
#1205=CURVE_STYLE('',#21,POSITIVE_LENGTH_MEASURE(2.E-2),#6);
#1206=PRESENTATION_STYLE_ASSIGNMENT((#1205));
#1207=STYLED_ITEM('',(#1206),#1204);
#1208=CARTESIAN_POINT('',(4.43E0,-4.512E1,-1.7E0));
#1209=DIRECTION('',(0.E0,0.E0,1.E0));
#1210=DIRECTION('',(0.E0,1.E0,0.E0));
#1211=AXIS2_PLACEMENT_3D('',#1208,#1209,#1210);
#1213=CURVE_STYLE('',#21,POSITIVE_LENGTH_MEASURE(2.E-2),#6);
#1214=PRESENTATION_STYLE_ASSIGNMENT((#1213));
#1215=STYLED_ITEM('',(#1214),#1212);
#1216=CARTESIAN_POINT('',(4.43E0,-4.512E1,-1.57E0));
#1217=DIRECTION('',(0.E0,0.E0,-1.E0));
#1218=DIRECTION('',(-1.E0,0.E0,0.E0));
#1219=AXIS2_PLACEMENT_3D('',#1216,#1217,#1218);
#1221=CURVE_STYLE('',#21,POSITIVE_LENGTH_MEASURE(2.E-2),#6);
#1222=PRESENTATION_STYLE_ASSIGNMENT((#1221));
#1223=STYLED_ITEM('',(#1222),#1220);
#1224=DIRECTION('',(0.E0,0.E0,1.E0));
#1225=VECTOR('',#1224,1.3E-1);
#1226=CARTESIAN_POINT('',(3.43E0,-4.512E1,-1.7E0));
#1227=LINE('',#1226,#1225);
#1228=CURVE_STYLE('',#21,POSITIVE_LENGTH_MEASURE(2.E-2),#6);
#1229=PRESENTATION_STYLE_ASSIGNMENT((#1228));
#1230=STYLED_ITEM('',(#1229),#1227);
#1231=DIRECTION('',(0.E0,0.E0,1.E0));
#1232=VECTOR('',#1231,2.6E-1);
#1233=CARTESIAN_POINT('',(3.43E0,-6.247E1,-1.7E0));
#1234=LINE('',#1233,#1232);
#1235=CURVE_STYLE('',#21,POSITIVE_LENGTH_MEASURE(2.E-2),#6);
#1236=PRESENTATION_STYLE_ASSIGNMENT((#1235));
#1237=STYLED_ITEM('',(#1236),#1234);
#1238=DIRECTION('',(0.E0,1.E0,0.E0));
#1239=VECTOR('',#1238,1.255E1);
#1240=CARTESIAN_POINT('',(3.43E0,-5.767E1,-1.57E0));
#1241=LINE('',#1240,#1239);
#1242=CURVE_STYLE('',#21,POSITIVE_LENGTH_MEASURE(2.E-2),#6);
#1243=PRESENTATION_STYLE_ASSIGNMENT((#1242));
#1244=STYLED_ITEM('',(#1243),#1241);
#1245=DIRECTION('',(0.E0,0.E0,1.E0));
#1246=VECTOR('',#1245,2.6E-1);
#1247=CARTESIAN_POINT('',(3.23E0,-6.267E1,-1.7E0));
#1248=LINE('',#1247,#1246);
#1249=CURVE_STYLE('',#21,POSITIVE_LENGTH_MEASURE(2.E-2),#6);
#1250=PRESENTATION_STYLE_ASSIGNMENT((#1249));
#1251=STYLED_ITEM('',(#1250),#1248);
#1252=DIRECTION('',(0.E0,0.E0,1.E0));
#1253=VECTOR('',#1252,2.6E-1);
#1254=CARTESIAN_POINT('',(-2.07E0,-6.247E1,-1.7E0));
#1255=LINE('',#1254,#1253);
#1256=CURVE_STYLE('',#21,POSITIVE_LENGTH_MEASURE(2.E-2),#6);
#1257=PRESENTATION_STYLE_ASSIGNMENT((#1256));
#1258=STYLED_ITEM('',(#1257),#1255);
#1259=DIRECTION('',(0.E0,0.E0,-1.E0));
#1260=VECTOR('',#1259,2.6E-1);
#1261=CARTESIAN_POINT('',(-1.87E0,-6.267E1,-1.44E0));
#1262=LINE('',#1261,#1260);
#1263=CURVE_STYLE('',#21,POSITIVE_LENGTH_MEASURE(2.E-2),#6);
#1264=PRESENTATION_STYLE_ASSIGNMENT((#1263));
#1265=STYLED_ITEM('',(#1264),#1262);
#1266=DIRECTION('',(0.E0,0.E0,1.E0));
#1267=VECTOR('',#1266,1.3E-1);
#1268=CARTESIAN_POINT('',(-2.07E0,-4.512E1,-1.7E0));
#1269=LINE('',#1268,#1267);
#1270=CURVE_STYLE('',#21,POSITIVE_LENGTH_MEASURE(2.E-2),#6);
#1271=PRESENTATION_STYLE_ASSIGNMENT((#1270));
#1272=STYLED_ITEM('',(#1271),#1269);
#1273=DIRECTION('',(0.E0,-1.E0,0.E0));
#1274=VECTOR('',#1273,1.255E1);
#1275=CARTESIAN_POINT('',(-2.07E0,-4.512E1,-1.57E0));
#1276=LINE('',#1275,#1274);
#1277=CURVE_STYLE('',#21,POSITIVE_LENGTH_MEASURE(2.E-2),#6);
#1278=PRESENTATION_STYLE_ASSIGNMENT((#1277));
#1279=STYLED_ITEM('',(#1278),#1276);
#1280=DIRECTION('',(0.E0,0.E0,1.E0));
#1281=VECTOR('',#1280,1.3E-1);
#1282=CARTESIAN_POINT('',(-2.07E0,-5.767E1,-1.57E0));
#1283=LINE('',#1282,#1281);
#1284=CURVE_STYLE('',#21,POSITIVE_LENGTH_MEASURE(2.E-2),#6);
#1285=PRESENTATION_STYLE_ASSIGNMENT((#1284));
#1286=STYLED_ITEM('',(#1285),#1283);
#1287=CARTESIAN_POINT('',(-3.07E0,-4.512E1,-1.7E0));
#1288=DIRECTION('',(0.E0,0.E0,1.E0));
#1289=DIRECTION('',(1.E0,0.E0,0.E0));
#1290=AXIS2_PLACEMENT_3D('',#1287,#1288,#1289);
#1292=CURVE_STYLE('',#21,POSITIVE_LENGTH_MEASURE(2.E-2),#6);
#1293=PRESENTATION_STYLE_ASSIGNMENT((#1292));
#1294=STYLED_ITEM('',(#1293),#1291);
#1295=CARTESIAN_POINT('',(-3.07E0,-4.512E1,-1.57E0));
#1296=DIRECTION('',(0.E0,0.E0,-1.E0));
#1297=DIRECTION('',(0.E0,1.E0,0.E0));
#1298=AXIS2_PLACEMENT_3D('',#1295,#1296,#1297);
#1300=CURVE_STYLE('',#21,POSITIVE_LENGTH_MEASURE(2.E-2),#6);
#1301=PRESENTATION_STYLE_ASSIGNMENT((#1300));
#1302=STYLED_ITEM('',(#1301),#1299);
#1303=DIRECTION('',(0.E0,0.E0,-1.E0));
#1304=VECTOR('',#1303,1.3E-1);
#1305=CARTESIAN_POINT('',(-9.07E0,-4.412E1,-1.57E0));
#1306=LINE('',#1305,#1304);
#1307=CURVE_STYLE('',#21,POSITIVE_LENGTH_MEASURE(2.E-2),#6);
#1308=PRESENTATION_STYLE_ASSIGNMENT((#1307));
#1309=STYLED_ITEM('',(#1308),#1306);
#1310=DIRECTION('',(1.E0,0.E0,0.E0));
#1311=VECTOR('',#1310,6.E0);
#1312=CARTESIAN_POINT('',(-9.07E0,-4.412E1,-1.57E0));
#1313=LINE('',#1312,#1311);
#1314=CURVE_STYLE('',#21,POSITIVE_LENGTH_MEASURE(2.E-2),#6);
#1315=PRESENTATION_STYLE_ASSIGNMENT((#1314));
#1316=STYLED_ITEM('',(#1315),#1313);
#1317=DIRECTION('',(0.E0,0.E0,1.E0));
#1318=VECTOR('',#1317,1.3E-1);
#1319=CARTESIAN_POINT('',(-3.07E0,-4.412E1,-1.7E0));
#1320=LINE('',#1319,#1318);
#1321=CURVE_STYLE('',#21,POSITIVE_LENGTH_MEASURE(2.E-2),#6);
#1322=PRESENTATION_STYLE_ASSIGNMENT((#1321));
#1323=STYLED_ITEM('',(#1322),#1320);
#1324=DIRECTION('',(0.E0,0.E0,-1.E0));
#1325=VECTOR('',#1324,1.3E-1);
#1326=CARTESIAN_POINT('',(-1.007E1,-4.312E1,-1.57E0));
#1327=LINE('',#1326,#1325);
#1328=CURVE_STYLE('',#21,POSITIVE_LENGTH_MEASURE(2.E-2),#6);
#1329=PRESENTATION_STYLE_ASSIGNMENT((#1328));
#1330=STYLED_ITEM('',(#1329),#1327);
#1331=DIRECTION('',(0.E0,-1.E0,0.E0));
#1332=VECTOR('',#1331,8.52E0);
#1333=CARTESIAN_POINT('',(-1.007E1,-3.46E1,-1.57E0));
#1334=LINE('',#1333,#1332);
#1335=CURVE_STYLE('',#21,POSITIVE_LENGTH_MEASURE(2.E-2),#6);
#1336=PRESENTATION_STYLE_ASSIGNMENT((#1335));
#1337=STYLED_ITEM('',(#1336),#1334);
#1338=CARTESIAN_POINT('',(1.898E1,-3.717E1,-1.57E0));
#1339=DIRECTION('',(0.E0,0.E0,1.E0));
#1340=DIRECTION('',(1.E0,0.E0,0.E0));
#1341=AXIS2_PLACEMENT_3D('',#1338,#1339,#1340);
#1343=CURVE_STYLE('',#21,POSITIVE_LENGTH_MEASURE(2.E-2),#6);
#1344=PRESENTATION_STYLE_ASSIGNMENT((#1343));
#1345=STYLED_ITEM('',(#1344),#1342);
#1346=CARTESIAN_POINT('',(1.898E1,-4.312E1,-1.57E0));
#1347=DIRECTION('',(0.E0,0.E0,1.E0));
#1348=DIRECTION('',(0.E0,-1.E0,0.E0));
#1349=AXIS2_PLACEMENT_3D('',#1346,#1347,#1348);
#1351=CURVE_STYLE('',#21,POSITIVE_LENGTH_MEASURE(2.E-2),#6);
#1352=PRESENTATION_STYLE_ASSIGNMENT((#1351));
#1353=STYLED_ITEM('',(#1352),#1350);
#1354=DIRECTION('',(-1.E0,0.E0,0.E0));
#1355=VECTOR('',#1354,5.5E0);
#1356=CARTESIAN_POINT('',(3.43E0,-5.767E1,-1.57E0));
#1357=LINE('',#1356,#1355);
#1358=CURVE_STYLE('',#21,POSITIVE_LENGTH_MEASURE(2.E-2),#6);
#1359=PRESENTATION_STYLE_ASSIGNMENT((#1358));
#1360=STYLED_ITEM('',(#1359),#1357);
#1361=CARTESIAN_POINT('',(-9.07E0,-4.312E1,-1.57E0));
#1362=DIRECTION('',(0.E0,0.E0,1.E0));
#1363=DIRECTION('',(-1.E0,0.E0,0.E0));
#1364=AXIS2_PLACEMENT_3D('',#1361,#1362,#1363);
#1366=CURVE_STYLE('',#21,POSITIVE_LENGTH_MEASURE(2.E-2),#6);
#1367=PRESENTATION_STYLE_ASSIGNMENT((#1366));
#1368=STYLED_ITEM('',(#1367),#1365);
#1369=DIRECTION('',(-1.E0,0.E0,0.E0));
#1370=VECTOR('',#1369,2.151E1);
#1371=CARTESIAN_POINT('',(1.144E1,-3.46E1,-1.57E0));
#1372=LINE('',#1371,#1370);
#1373=CURVE_STYLE('',#21,POSITIVE_LENGTH_MEASURE(2.E-2),#6);
#1374=PRESENTATION_STYLE_ASSIGNMENT((#1373));
#1375=STYLED_ITEM('',(#1374),#1372);
#1376=DIRECTION('',(0.E0,0.E0,1.E0));
#1377=VECTOR('',#1376,1.3E-1);
#1378=CARTESIAN_POINT('',(3.43E0,-5.767E1,-1.57E0));
#1379=LINE('',#1378,#1377);
#1380=CURVE_STYLE('',#21,POSITIVE_LENGTH_MEASURE(2.E-2),#6);
#1381=PRESENTATION_STYLE_ASSIGNMENT((#1380));
#1382=STYLED_ITEM('',(#1381),#1379);
#1383=DIRECTION('',(1.E0,0.E0,0.E0));
#1384=VECTOR('',#1383,5.1E0);
#1385=CARTESIAN_POINT('',(-1.87E0,-6.267E1,-1.44E0));
#1386=LINE('',#1385,#1384);
#1387=CURVE_STYLE('',#21,POSITIVE_LENGTH_MEASURE(2.E-2),#6);
#1388=PRESENTATION_STYLE_ASSIGNMENT((#1387));
#1389=STYLED_ITEM('',(#1388),#1386);
#1390=CARTESIAN_POINT('',(-1.87E0,-6.247E1,-1.44E0));
#1391=DIRECTION('',(0.E0,0.E0,1.E0));
#1392=DIRECTION('',(-1.E0,-3.552713678801E-14,0.E0));
#1393=AXIS2_PLACEMENT_3D('',#1390,#1391,#1392);
#1395=CURVE_STYLE('',#21,POSITIVE_LENGTH_MEASURE(2.E-2),#6);
#1396=PRESENTATION_STYLE_ASSIGNMENT((#1395));
#1397=STYLED_ITEM('',(#1396),#1394);
#1398=DIRECTION('',(0.E0,-1.E0,0.E0));
#1399=VECTOR('',#1398,4.8E0);
#1400=CARTESIAN_POINT('',(-2.07E0,-5.767E1,-1.44E0));
#1401=LINE('',#1400,#1399);
#1402=CURVE_STYLE('',#21,POSITIVE_LENGTH_MEASURE(2.E-2),#6);
#1403=PRESENTATION_STYLE_ASSIGNMENT((#1402));
#1404=STYLED_ITEM('',(#1403),#1401);
#1405=DIRECTION('',(-1.E0,0.E0,0.E0));
#1406=VECTOR('',#1405,5.5E0);
#1407=CARTESIAN_POINT('',(3.43E0,-5.767E1,-1.44E0));
#1408=LINE('',#1407,#1406);
#1409=CURVE_STYLE('',#21,POSITIVE_LENGTH_MEASURE(2.E-2),#6);
#1410=PRESENTATION_STYLE_ASSIGNMENT((#1409));
#1411=STYLED_ITEM('',(#1410),#1408);
#1412=DIRECTION('',(0.E0,1.E0,0.E0));
#1413=VECTOR('',#1412,4.8E0);
#1414=CARTESIAN_POINT('',(3.43E0,-6.247E1,-1.44E0));
#1415=LINE('',#1414,#1413);
#1416=CURVE_STYLE('',#21,POSITIVE_LENGTH_MEASURE(2.E-2),#6);
#1417=PRESENTATION_STYLE_ASSIGNMENT((#1416));
#1418=STYLED_ITEM('',(#1417),#1415);
#1419=CARTESIAN_POINT('',(3.23E0,-6.247E1,-1.44E0));
#1420=DIRECTION('',(0.E0,0.E0,1.E0));
#1421=DIRECTION('',(0.E0,-1.E0,0.E0));
#1422=AXIS2_PLACEMENT_3D('',#1419,#1420,#1421);
#1424=CURVE_STYLE('',#21,POSITIVE_LENGTH_MEASURE(2.E-2),#6);
#1425=PRESENTATION_STYLE_ASSIGNMENT((#1424));
#1426=STYLED_ITEM('',(#1425),#1423);
#1427=DIRECTION('',(0.E0,0.E0,1.E0));
#1428=VECTOR('',#1427,1.3E-1);
#1429=CARTESIAN_POINT('',(9.78E0,-4.2E1,-1.09E0));
#1430=LINE('',#1429,#1428);
#1431=CURVE_STYLE('',#21,POSITIVE_LENGTH_MEASURE(2.E-2),#6);
#1432=PRESENTATION_STYLE_ASSIGNMENT((#1431));
#1433=STYLED_ITEM('',(#1432),#1430);
#1434=DIRECTION('',(0.E0,1.E0,0.E0));
#1435=VECTOR('',#1434,7.4E0);
#1436=CARTESIAN_POINT('',(9.78E0,-4.2E1,-9.6E-1));
#1437=LINE('',#1436,#1435);
#1438=CURVE_STYLE('',#21,POSITIVE_LENGTH_MEASURE(2.E-2),#6);
#1439=PRESENTATION_STYLE_ASSIGNMENT((#1438));
#1440=STYLED_ITEM('',(#1439),#1437);
#1441=CARTESIAN_POINT('',(1.078E1,-4.2E1,-1.09E0));
#1442=DIRECTION('',(0.E0,0.E0,1.E0));
#1443=DIRECTION('',(-1.E0,0.E0,0.E0));
#1444=AXIS2_PLACEMENT_3D('',#1441,#1442,#1443);
#1446=CURVE_STYLE('',#21,POSITIVE_LENGTH_MEASURE(2.E-2),#6);
#1447=PRESENTATION_STYLE_ASSIGNMENT((#1446));
#1448=STYLED_ITEM('',(#1447),#1445);
#1449=CARTESIAN_POINT('',(1.078E1,-4.2E1,-9.6E-1));
#1450=DIRECTION('',(0.E0,0.E0,-1.E0));
#1451=DIRECTION('',(0.E0,-1.E0,0.E0));
#1452=AXIS2_PLACEMENT_3D('',#1449,#1450,#1451);
#1454=CURVE_STYLE('',#21,POSITIVE_LENGTH_MEASURE(2.E-2),#6);
#1455=PRESENTATION_STYLE_ASSIGNMENT((#1454));
#1456=STYLED_ITEM('',(#1455),#1453);
#1457=DIRECTION('',(-1.E0,0.E0,0.E0));
#1458=VECTOR('',#1457,5.5E0);
#1459=CARTESIAN_POINT('',(1.003E1,-5.6E1,-1.09E0));
#1460=LINE('',#1459,#1458);
#1461=CURVE_STYLE('',#21,POSITIVE_LENGTH_MEASURE(2.E-2),#6);
#1462=PRESENTATION_STYLE_ASSIGNMENT((#1461));
#1463=STYLED_ITEM('',(#1462),#1460);
#1464=DIRECTION('',(0.E0,-1.E0,0.E0));
#1465=VECTOR('',#1464,9.E0);
#1466=CARTESIAN_POINT('',(5.53E0,-5.7E1,-1.09E0));
#1467=LINE('',#1466,#1465);
#1468=CURVE_STYLE('',#21,POSITIVE_LENGTH_MEASURE(2.E-2),#6);
#1469=PRESENTATION_STYLE_ASSIGNMENT((#1468));
#1470=STYLED_ITEM('',(#1469),#1467);
#1471=DIRECTION('',(1.E0,0.E0,0.E0));
#1472=VECTOR('',#1471,3.5E0);
#1473=CARTESIAN_POINT('',(5.53E0,-6.6E1,-1.09E0));
#1474=LINE('',#1473,#1472);
#1475=CURVE_STYLE('',#21,POSITIVE_LENGTH_MEASURE(2.E-2),#6);
#1476=PRESENTATION_STYLE_ASSIGNMENT((#1475));
#1477=STYLED_ITEM('',(#1476),#1474);
#1478=DIRECTION('',(0.E0,1.E0,0.E0));
#1479=VECTOR('',#1478,9.E0);
#1480=CARTESIAN_POINT('',(9.03E0,-6.6E1,-1.09E0));
#1481=LINE('',#1480,#1479);
#1482=CURVE_STYLE('',#21,POSITIVE_LENGTH_MEASURE(2.E-2),#6);
#1483=PRESENTATION_STYLE_ASSIGNMENT((#1482));
#1484=STYLED_ITEM('',(#1483),#1481);
#1485=DIRECTION('',(1.E0,0.E0,0.E0));
#1486=VECTOR('',#1485,7.E0);
#1487=CARTESIAN_POINT('',(3.78E0,-4.3E1,-1.09E0));
#1488=LINE('',#1487,#1486);
#1489=CURVE_STYLE('',#21,POSITIVE_LENGTH_MEASURE(2.E-2),#6);
#1490=PRESENTATION_STYLE_ASSIGNMENT((#1489));
#1491=STYLED_ITEM('',(#1490),#1488);
#1492=DIRECTION('',(0.E0,1.E0,0.E0));
#1493=VECTOR('',#1492,7.4E0);
#1494=CARTESIAN_POINT('',(9.78E0,-4.2E1,-1.09E0));
#1495=LINE('',#1494,#1493);
#1496=CURVE_STYLE('',#21,POSITIVE_LENGTH_MEASURE(2.E-2),#6);
#1497=PRESENTATION_STYLE_ASSIGNMENT((#1496));
#1498=STYLED_ITEM('',(#1497),#1495);
#1499=DIRECTION('',(0.E0,-1.E0,0.E0));
#1500=VECTOR('',#1499,7.4E0);
#1501=CARTESIAN_POINT('',(4.78E0,-3.46E1,-1.09E0));
#1502=LINE('',#1501,#1500);
#1503=CURVE_STYLE('',#21,POSITIVE_LENGTH_MEASURE(2.E-2),#6);
#1504=PRESENTATION_STYLE_ASSIGNMENT((#1503));
#1505=STYLED_ITEM('',(#1504),#1502);
#1506=DIRECTION('',(0.E0,0.E0,1.E0));
#1507=VECTOR('',#1506,1.3E-1);
#1508=CARTESIAN_POINT('',(1.003E1,-5.6E1,-1.09E0));
#1509=LINE('',#1508,#1507);
#1510=CURVE_STYLE('',#21,POSITIVE_LENGTH_MEASURE(2.E-2),#6);
#1511=PRESENTATION_STYLE_ASSIGNMENT((#1510));
#1512=STYLED_ITEM('',(#1511),#1509);
#1513=DIRECTION('',(1.E0,0.E0,0.E0));
#1514=VECTOR('',#1513,2.75E0);
#1515=CARTESIAN_POINT('',(1.003E1,-5.6E1,-9.6E-1));
#1516=LINE('',#1515,#1514);
#1517=CURVE_STYLE('',#21,POSITIVE_LENGTH_MEASURE(2.E-2),#6);
#1518=PRESENTATION_STYLE_ASSIGNMENT((#1517));
#1519=STYLED_ITEM('',(#1518),#1516);
#1520=DIRECTION('',(0.E0,0.E0,-1.E0));
#1521=VECTOR('',#1520,3.3E-1);
#1522=CARTESIAN_POINT('',(1.278E1,-5.6E1,-9.6E-1));
#1523=LINE('',#1522,#1521);
#1524=CURVE_STYLE('',#21,POSITIVE_LENGTH_MEASURE(2.E-2),#6);
#1525=PRESENTATION_STYLE_ASSIGNMENT((#1524));
#1526=STYLED_ITEM('',(#1525),#1523);
#1527=DIRECTION('',(0.E0,0.E0,1.E0));
#1528=VECTOR('',#1527,3.3E-1);
#1529=CARTESIAN_POINT('',(1.78E0,-5.6E1,-1.29E0));
#1530=LINE('',#1529,#1528);
#1531=CURVE_STYLE('',#21,POSITIVE_LENGTH_MEASURE(2.E-2),#6);
#1532=PRESENTATION_STYLE_ASSIGNMENT((#1531));
#1533=STYLED_ITEM('',(#1532),#1530);
#1534=DIRECTION('',(1.E0,0.E0,0.E0));
#1535=VECTOR('',#1534,2.75E0);
#1536=CARTESIAN_POINT('',(1.78E0,-5.6E1,-9.6E-1));
#1537=LINE('',#1536,#1535);
#1538=CURVE_STYLE('',#21,POSITIVE_LENGTH_MEASURE(2.E-2),#6);
#1539=PRESENTATION_STYLE_ASSIGNMENT((#1538));
#1540=STYLED_ITEM('',(#1539),#1537);
#1541=DIRECTION('',(0.E0,0.E0,1.E0));
#1542=VECTOR('',#1541,1.3E-1);
#1543=CARTESIAN_POINT('',(4.53E0,-5.6E1,-1.09E0));
#1544=LINE('',#1543,#1542);
#1545=CURVE_STYLE('',#21,POSITIVE_LENGTH_MEASURE(2.E-2),#6);
#1546=PRESENTATION_STYLE_ASSIGNMENT((#1545));
#1547=STYLED_ITEM('',(#1546),#1544);
#1548=CARTESIAN_POINT('',(1.003E1,-5.7E1,-1.09E0));
#1549=DIRECTION('',(0.E0,0.E0,1.E0));
#1550=DIRECTION('',(0.E0,1.E0,0.E0));
#1551=AXIS2_PLACEMENT_3D('',#1548,#1549,#1550);
#1553=CURVE_STYLE('',#21,POSITIVE_LENGTH_MEASURE(2.E-2),#6);
#1554=PRESENTATION_STYLE_ASSIGNMENT((#1553));
#1555=STYLED_ITEM('',(#1554),#1552);
#1556=CARTESIAN_POINT('',(1.003E1,-5.7E1,-9.6E-1));
#1557=DIRECTION('',(0.E0,0.E0,-1.E0));
#1558=DIRECTION('',(-1.E0,0.E0,0.E0));
#1559=AXIS2_PLACEMENT_3D('',#1556,#1557,#1558);
#1561=CURVE_STYLE('',#21,POSITIVE_LENGTH_MEASURE(2.E-2),#6);
#1562=PRESENTATION_STYLE_ASSIGNMENT((#1561));
#1563=STYLED_ITEM('',(#1562),#1560);
#1564=DIRECTION('',(0.E0,0.E0,1.E0));
#1565=VECTOR('',#1564,1.3E-1);
#1566=CARTESIAN_POINT('',(9.03E0,-5.7E1,-1.09E0));
#1567=LINE('',#1566,#1565);
#1568=CURVE_STYLE('',#21,POSITIVE_LENGTH_MEASURE(2.E-2),#6);
#1569=PRESENTATION_STYLE_ASSIGNMENT((#1568));
#1570=STYLED_ITEM('',(#1569),#1567);
#1571=DIRECTION('',(0.E0,0.E0,-1.E0));
#1572=VECTOR('',#1571,1.3E-1);
#1573=CARTESIAN_POINT('',(9.03E0,-6.6E1,-1.09E0));
#1574=LINE('',#1573,#1572);
#1575=CURVE_STYLE('',#21,POSITIVE_LENGTH_MEASURE(2.E-2),#6);
#1576=PRESENTATION_STYLE_ASSIGNMENT((#1575));
#1577=STYLED_ITEM('',(#1576),#1574);
#1578=DIRECTION('',(0.E0,0.E0,1.E0));
#1579=VECTOR('',#1578,2.6E-1);
#1580=CARTESIAN_POINT('',(9.03E0,-7.08E1,-1.22E0));
#1581=LINE('',#1580,#1579);
#1582=CURVE_STYLE('',#21,POSITIVE_LENGTH_MEASURE(2.E-2),#6);
#1583=PRESENTATION_STYLE_ASSIGNMENT((#1582));
#1584=STYLED_ITEM('',(#1583),#1581);
#1585=DIRECTION('',(0.E0,1.E0,0.E0));
#1586=VECTOR('',#1585,1.38E1);
#1587=CARTESIAN_POINT('',(9.03E0,-7.08E1,-9.6E-1));
#1588=LINE('',#1587,#1586);
#1589=CURVE_STYLE('',#21,POSITIVE_LENGTH_MEASURE(2.E-2),#6);
#1590=PRESENTATION_STYLE_ASSIGNMENT((#1589));
#1591=STYLED_ITEM('',(#1590),#1588);
#1592=DIRECTION('',(0.E0,0.E0,-1.E0));
#1593=VECTOR('',#1592,1.3E-1);
#1594=CARTESIAN_POINT('',(5.53E0,-6.6E1,-1.09E0));
#1595=LINE('',#1594,#1593);
#1596=CURVE_STYLE('',#21,POSITIVE_LENGTH_MEASURE(2.E-2),#6);
#1597=PRESENTATION_STYLE_ASSIGNMENT((#1596));
#1598=STYLED_ITEM('',(#1597),#1595);
#1599=DIRECTION('',(0.E0,0.E0,1.E0));
#1600=VECTOR('',#1599,1.3E-1);
#1601=CARTESIAN_POINT('',(5.53E0,-5.7E1,-1.09E0));
#1602=LINE('',#1601,#1600);
#1603=CURVE_STYLE('',#21,POSITIVE_LENGTH_MEASURE(2.E-2),#6);
#1604=PRESENTATION_STYLE_ASSIGNMENT((#1603));
#1605=STYLED_ITEM('',(#1604),#1602);
#1606=DIRECTION('',(0.E0,-1.E0,0.E0));
#1607=VECTOR('',#1606,1.38E1);
#1608=CARTESIAN_POINT('',(5.53E0,-5.7E1,-9.6E-1));
#1609=LINE('',#1608,#1607);
#1610=CURVE_STYLE('',#21,POSITIVE_LENGTH_MEASURE(2.E-2),#6);
#1611=PRESENTATION_STYLE_ASSIGNMENT((#1610));
#1612=STYLED_ITEM('',(#1611),#1609);
#1613=DIRECTION('',(0.E0,0.E0,-1.E0));
#1614=VECTOR('',#1613,2.6E-1);
#1615=CARTESIAN_POINT('',(5.53E0,-7.08E1,-9.6E-1));
#1616=LINE('',#1615,#1614);
#1617=CURVE_STYLE('',#21,POSITIVE_LENGTH_MEASURE(2.E-2),#6);
#1618=PRESENTATION_STYLE_ASSIGNMENT((#1617));
#1619=STYLED_ITEM('',(#1618),#1616);
#1620=CARTESIAN_POINT('',(4.53E0,-5.7E1,-1.09E0));
#1621=DIRECTION('',(0.E0,0.E0,1.E0));
#1622=DIRECTION('',(1.E0,0.E0,0.E0));
#1623=AXIS2_PLACEMENT_3D('',#1620,#1621,#1622);
#1625=CURVE_STYLE('',#21,POSITIVE_LENGTH_MEASURE(2.E-2),#6);
#1626=PRESENTATION_STYLE_ASSIGNMENT((#1625));
#1627=STYLED_ITEM('',(#1626),#1624);
#1628=CARTESIAN_POINT('',(4.53E0,-5.7E1,-9.6E-1));
#1629=DIRECTION('',(0.E0,0.E0,-1.E0));
#1630=DIRECTION('',(0.E0,1.E0,0.E0));
#1631=AXIS2_PLACEMENT_3D('',#1628,#1629,#1630);
#1633=CURVE_STYLE('',#21,POSITIVE_LENGTH_MEASURE(2.E-2),#6);
#1634=PRESENTATION_STYLE_ASSIGNMENT((#1633));
#1635=STYLED_ITEM('',(#1634),#1632);
#1636=DIRECTION('',(0.E0,-1.E0,0.E0));
#1637=VECTOR('',#1636,3.5E0);
#1638=CARTESIAN_POINT('',(5.88E0,-6.73E1,-9.6E-1));
#1639=LINE('',#1638,#1637);
#1640=CURVE_STYLE('',#21,POSITIVE_LENGTH_MEASURE(2.E-2),#6);
#1641=PRESENTATION_STYLE_ASSIGNMENT((#1640));
#1642=STYLED_ITEM('',(#1641),#1639);
#1643=DIRECTION('',(1.E0,0.E0,0.E0));
#1644=VECTOR('',#1643,3.E-1);
#1645=CARTESIAN_POINT('',(5.88E0,-7.08E1,-9.6E-1));
#1646=LINE('',#1645,#1644);
#1647=CURVE_STYLE('',#21,POSITIVE_LENGTH_MEASURE(2.E-2),#6);
#1648=PRESENTATION_STYLE_ASSIGNMENT((#1647));
#1649=STYLED_ITEM('',(#1648),#1646);
#1650=DIRECTION('',(0.E0,1.E0,0.E0));
#1651=VECTOR('',#1650,3.5E0);
#1652=CARTESIAN_POINT('',(6.18E0,-7.08E1,-9.6E-1));
#1653=LINE('',#1652,#1651);
#1654=CURVE_STYLE('',#21,POSITIVE_LENGTH_MEASURE(2.E-2),#6);
#1655=PRESENTATION_STYLE_ASSIGNMENT((#1654));
#1656=STYLED_ITEM('',(#1655),#1653);
#1657=DIRECTION('',(-1.E0,0.E0,0.E0));
#1658=VECTOR('',#1657,3.E-1);
#1659=CARTESIAN_POINT('',(6.18E0,-6.73E1,-9.6E-1));
#1660=LINE('',#1659,#1658);
#1661=CURVE_STYLE('',#21,POSITIVE_LENGTH_MEASURE(2.E-2),#6);
#1662=PRESENTATION_STYLE_ASSIGNMENT((#1661));
#1663=STYLED_ITEM('',(#1662),#1660);
#1664=DIRECTION('',(0.E0,-1.E0,0.E0));
#1665=VECTOR('',#1664,3.5E0);
#1666=CARTESIAN_POINT('',(6.38E0,-6.73E1,-9.6E-1));
#1667=LINE('',#1666,#1665);
#1668=CURVE_STYLE('',#21,POSITIVE_LENGTH_MEASURE(2.E-2),#6);
#1669=PRESENTATION_STYLE_ASSIGNMENT((#1668));
#1670=STYLED_ITEM('',(#1669),#1667);
#1671=DIRECTION('',(1.E0,0.E0,0.E0));
#1672=VECTOR('',#1671,3.E-1);
#1673=CARTESIAN_POINT('',(6.38E0,-7.08E1,-9.6E-1));
#1674=LINE('',#1673,#1672);
#1675=CURVE_STYLE('',#21,POSITIVE_LENGTH_MEASURE(2.E-2),#6);
#1676=PRESENTATION_STYLE_ASSIGNMENT((#1675));
#1677=STYLED_ITEM('',(#1676),#1674);
#1678=DIRECTION('',(0.E0,1.E0,0.E0));
#1679=VECTOR('',#1678,3.5E0);
#1680=CARTESIAN_POINT('',(6.68E0,-7.08E1,-9.6E-1));
#1681=LINE('',#1680,#1679);
#1682=CURVE_STYLE('',#21,POSITIVE_LENGTH_MEASURE(2.E-2),#6);
#1683=PRESENTATION_STYLE_ASSIGNMENT((#1682));
#1684=STYLED_ITEM('',(#1683),#1681);
#1685=DIRECTION('',(-1.E0,0.E0,0.E0));
#1686=VECTOR('',#1685,3.E-1);
#1687=CARTESIAN_POINT('',(6.68E0,-6.73E1,-9.6E-1));
#1688=LINE('',#1687,#1686);
#1689=CURVE_STYLE('',#21,POSITIVE_LENGTH_MEASURE(2.E-2),#6);
#1690=PRESENTATION_STYLE_ASSIGNMENT((#1689));
#1691=STYLED_ITEM('',(#1690),#1688);
#1692=DIRECTION('',(0.E0,-1.E0,0.E0));
#1693=VECTOR('',#1692,3.5E0);
#1694=CARTESIAN_POINT('',(6.88E0,-6.73E1,-9.6E-1));
#1695=LINE('',#1694,#1693);
#1696=CURVE_STYLE('',#21,POSITIVE_LENGTH_MEASURE(2.E-2),#6);
#1697=PRESENTATION_STYLE_ASSIGNMENT((#1696));
#1698=STYLED_ITEM('',(#1697),#1695);
#1699=DIRECTION('',(1.E0,0.E0,0.E0));
#1700=VECTOR('',#1699,3.E-1);
#1701=CARTESIAN_POINT('',(6.88E0,-7.08E1,-9.6E-1));
#1702=LINE('',#1701,#1700);
#1703=CURVE_STYLE('',#21,POSITIVE_LENGTH_MEASURE(2.E-2),#6);
#1704=PRESENTATION_STYLE_ASSIGNMENT((#1703));
#1705=STYLED_ITEM('',(#1704),#1702);
#1706=DIRECTION('',(0.E0,1.E0,0.E0));
#1707=VECTOR('',#1706,3.5E0);
#1708=CARTESIAN_POINT('',(7.18E0,-7.08E1,-9.6E-1));
#1709=LINE('',#1708,#1707);
#1710=CURVE_STYLE('',#21,POSITIVE_LENGTH_MEASURE(2.E-2),#6);
#1711=PRESENTATION_STYLE_ASSIGNMENT((#1710));
#1712=STYLED_ITEM('',(#1711),#1709);
#1713=DIRECTION('',(-1.E0,0.E0,0.E0));
#1714=VECTOR('',#1713,3.E-1);
#1715=CARTESIAN_POINT('',(7.18E0,-6.73E1,-9.6E-1));
#1716=LINE('',#1715,#1714);
#1717=CURVE_STYLE('',#21,POSITIVE_LENGTH_MEASURE(2.E-2),#6);
#1718=PRESENTATION_STYLE_ASSIGNMENT((#1717));
#1719=STYLED_ITEM('',(#1718),#1716);
#1720=DIRECTION('',(0.E0,-1.E0,0.E0));
#1721=VECTOR('',#1720,3.5E0);
#1722=CARTESIAN_POINT('',(7.38E0,-6.73E1,-9.6E-1));
#1723=LINE('',#1722,#1721);
#1724=CURVE_STYLE('',#21,POSITIVE_LENGTH_MEASURE(2.E-2),#6);
#1725=PRESENTATION_STYLE_ASSIGNMENT((#1724));
#1726=STYLED_ITEM('',(#1725),#1723);
#1727=DIRECTION('',(1.E0,0.E0,0.E0));
#1728=VECTOR('',#1727,3.E-1);
#1729=CARTESIAN_POINT('',(7.38E0,-7.08E1,-9.6E-1));
#1730=LINE('',#1729,#1728);
#1731=CURVE_STYLE('',#21,POSITIVE_LENGTH_MEASURE(2.E-2),#6);
#1732=PRESENTATION_STYLE_ASSIGNMENT((#1731));
#1733=STYLED_ITEM('',(#1732),#1730);
#1734=DIRECTION('',(0.E0,1.E0,0.E0));
#1735=VECTOR('',#1734,3.5E0);
#1736=CARTESIAN_POINT('',(7.68E0,-7.08E1,-9.6E-1));
#1737=LINE('',#1736,#1735);
#1738=CURVE_STYLE('',#21,POSITIVE_LENGTH_MEASURE(2.E-2),#6);
#1739=PRESENTATION_STYLE_ASSIGNMENT((#1738));
#1740=STYLED_ITEM('',(#1739),#1737);
#1741=DIRECTION('',(-1.E0,0.E0,0.E0));
#1742=VECTOR('',#1741,3.E-1);
#1743=CARTESIAN_POINT('',(7.68E0,-6.73E1,-9.6E-1));
#1744=LINE('',#1743,#1742);
#1745=CURVE_STYLE('',#21,POSITIVE_LENGTH_MEASURE(2.E-2),#6);
#1746=PRESENTATION_STYLE_ASSIGNMENT((#1745));
#1747=STYLED_ITEM('',(#1746),#1744);
#1748=DIRECTION('',(0.E0,-1.E0,0.E0));
#1749=VECTOR('',#1748,3.5E0);
#1750=CARTESIAN_POINT('',(7.88E0,-6.73E1,-9.6E-1));
#1751=LINE('',#1750,#1749);
#1752=CURVE_STYLE('',#21,POSITIVE_LENGTH_MEASURE(2.E-2),#6);
#1753=PRESENTATION_STYLE_ASSIGNMENT((#1752));
#1754=STYLED_ITEM('',(#1753),#1751);
#1755=DIRECTION('',(1.E0,0.E0,0.E0));
#1756=VECTOR('',#1755,3.E-1);
#1757=CARTESIAN_POINT('',(7.88E0,-7.08E1,-9.6E-1));
#1758=LINE('',#1757,#1756);
#1759=CURVE_STYLE('',#21,POSITIVE_LENGTH_MEASURE(2.E-2),#6);
#1760=PRESENTATION_STYLE_ASSIGNMENT((#1759));
#1761=STYLED_ITEM('',(#1760),#1758);
#1762=DIRECTION('',(0.E0,1.E0,0.E0));
#1763=VECTOR('',#1762,3.5E0);
#1764=CARTESIAN_POINT('',(8.18E0,-7.08E1,-9.6E-1));
#1765=LINE('',#1764,#1763);
#1766=CURVE_STYLE('',#21,POSITIVE_LENGTH_MEASURE(2.E-2),#6);
#1767=PRESENTATION_STYLE_ASSIGNMENT((#1766));
#1768=STYLED_ITEM('',(#1767),#1765);
#1769=DIRECTION('',(-1.E0,0.E0,0.E0));
#1770=VECTOR('',#1769,3.E-1);
#1771=CARTESIAN_POINT('',(8.18E0,-6.73E1,-9.6E-1));
#1772=LINE('',#1771,#1770);
#1773=CURVE_STYLE('',#21,POSITIVE_LENGTH_MEASURE(2.E-2),#6);
#1774=PRESENTATION_STYLE_ASSIGNMENT((#1773));
#1775=STYLED_ITEM('',(#1774),#1772);
#1776=DIRECTION('',(0.E0,-1.E0,0.E0));
#1777=VECTOR('',#1776,3.5E0);
#1778=CARTESIAN_POINT('',(8.38E0,-6.73E1,-9.6E-1));
#1779=LINE('',#1778,#1777);
#1780=CURVE_STYLE('',#21,POSITIVE_LENGTH_MEASURE(2.E-2),#6);
#1781=PRESENTATION_STYLE_ASSIGNMENT((#1780));
#1782=STYLED_ITEM('',(#1781),#1779);
#1783=DIRECTION('',(1.E0,0.E0,0.E0));
#1784=VECTOR('',#1783,3.E-1);
#1785=CARTESIAN_POINT('',(8.38E0,-7.08E1,-9.6E-1));
#1786=LINE('',#1785,#1784);
#1787=CURVE_STYLE('',#21,POSITIVE_LENGTH_MEASURE(2.E-2),#6);
#1788=PRESENTATION_STYLE_ASSIGNMENT((#1787));
#1789=STYLED_ITEM('',(#1788),#1786);
#1790=DIRECTION('',(0.E0,1.E0,0.E0));
#1791=VECTOR('',#1790,3.5E0);
#1792=CARTESIAN_POINT('',(8.68E0,-7.08E1,-9.6E-1));
#1793=LINE('',#1792,#1791);
#1794=CURVE_STYLE('',#21,POSITIVE_LENGTH_MEASURE(2.E-2),#6);
#1795=PRESENTATION_STYLE_ASSIGNMENT((#1794));
#1796=STYLED_ITEM('',(#1795),#1793);
#1797=DIRECTION('',(-1.E0,0.E0,0.E0));
#1798=VECTOR('',#1797,3.E-1);
#1799=CARTESIAN_POINT('',(8.68E0,-6.73E1,-9.6E-1));
#1800=LINE('',#1799,#1798);
#1801=CURVE_STYLE('',#21,POSITIVE_LENGTH_MEASURE(2.E-2),#6);
#1802=PRESENTATION_STYLE_ASSIGNMENT((#1801));
#1803=STYLED_ITEM('',(#1802),#1800);
#1804=CARTESIAN_POINT('',(1.78E0,-5.55E1,-9.6E-1));
#1805=DIRECTION('',(0.E0,0.E0,1.E0));
#1806=DIRECTION('',(-1.E0,0.E0,0.E0));
#1807=AXIS2_PLACEMENT_3D('',#1804,#1805,#1806);
#1809=CURVE_STYLE('',#21,POSITIVE_LENGTH_MEASURE(2.E-2),#6);
#1810=PRESENTATION_STYLE_ASSIGNMENT((#1809));
#1811=STYLED_ITEM('',(#1810),#1808);
#1812=CARTESIAN_POINT('',(1.78E0,-4.35E1,-9.6E-1));
#1813=DIRECTION('',(0.E0,0.E0,1.E0));
#1814=DIRECTION('',(0.E0,1.E0,0.E0));
#1815=AXIS2_PLACEMENT_3D('',#1812,#1813,#1814);
#1817=CURVE_STYLE('',#21,POSITIVE_LENGTH_MEASURE(2.E-2),#6);
#1818=PRESENTATION_STYLE_ASSIGNMENT((#1817));
#1819=STYLED_ITEM('',(#1818),#1816);
#1820=DIRECTION('',(-1.E0,0.E0,0.E0));
#1821=VECTOR('',#1820,5.E0);
#1822=CARTESIAN_POINT('',(9.78E0,-3.46E1,-9.6E-1));
#1823=LINE('',#1822,#1821);
#1824=CURVE_STYLE('',#21,POSITIVE_LENGTH_MEASURE(2.E-2),#6);
#1825=PRESENTATION_STYLE_ASSIGNMENT((#1824));
#1826=STYLED_ITEM('',(#1825),#1823);
#1827=CARTESIAN_POINT('',(1.278E1,-4.35E1,-9.6E-1));
#1828=DIRECTION('',(0.E0,0.E0,1.E0));
#1829=DIRECTION('',(1.E0,0.E0,0.E0));
#1830=AXIS2_PLACEMENT_3D('',#1827,#1828,#1829);
#1832=CURVE_STYLE('',#21,POSITIVE_LENGTH_MEASURE(2.E-2),#6);
#1833=PRESENTATION_STYLE_ASSIGNMENT((#1832));
#1834=STYLED_ITEM('',(#1833),#1831);
#1835=CARTESIAN_POINT('',(1.278E1,-5.55E1,-9.6E-1));
#1836=DIRECTION('',(0.E0,0.E0,1.E0));
#1837=DIRECTION('',(0.E0,-1.E0,0.E0));
#1838=AXIS2_PLACEMENT_3D('',#1835,#1836,#1837);
#1840=CURVE_STYLE('',#21,POSITIVE_LENGTH_MEASURE(2.E-2),#6);
#1841=PRESENTATION_STYLE_ASSIGNMENT((#1840));
#1842=STYLED_ITEM('',(#1841),#1839);
#1843=CARTESIAN_POINT('',(8.83E0,-7.08E1,-9.6E-1));
#1844=DIRECTION('',(0.E0,0.E0,1.E0));
#1845=DIRECTION('',(0.E0,-1.E0,0.E0));
#1846=AXIS2_PLACEMENT_3D('',#1843,#1844,#1845);
#1848=CURVE_STYLE('',#21,POSITIVE_LENGTH_MEASURE(2.E-2),#6);
#1849=PRESENTATION_STYLE_ASSIGNMENT((#1848));
#1850=STYLED_ITEM('',(#1849),#1847);
#1851=CARTESIAN_POINT('',(5.73E0,-7.08E1,-9.6E-1));
#1852=DIRECTION('',(0.E0,0.E0,1.E0));
#1853=DIRECTION('',(-1.E0,-7.105427357601E-14,0.E0));
#1854=AXIS2_PLACEMENT_3D('',#1851,#1852,#1853);
#1856=CURVE_STYLE('',#21,POSITIVE_LENGTH_MEASURE(2.E-2),#6);
#1857=PRESENTATION_STYLE_ASSIGNMENT((#1856));
#1858=STYLED_ITEM('',(#1857),#1855);
#1859=DIRECTION('',(0.E0,0.E0,-1.E0));
#1860=VECTOR('',#1859,3.E-2);
#1861=CARTESIAN_POINT('',(5.88E0,-6.73E1,-9.6E-1));
#1862=LINE('',#1861,#1860);
#1863=CURVE_STYLE('',#21,POSITIVE_LENGTH_MEASURE(2.E-2),#6);
#1864=PRESENTATION_STYLE_ASSIGNMENT((#1863));
#1865=STYLED_ITEM('',(#1864),#1862);
#1866=DIRECTION('',(0.E0,0.E0,-1.E0));
#1867=VECTOR('',#1866,3.E-2);
#1868=CARTESIAN_POINT('',(6.18E0,-6.73E1,-9.6E-1));
#1869=LINE('',#1868,#1867);
#1870=CURVE_STYLE('',#21,POSITIVE_LENGTH_MEASURE(2.E-2),#6);
#1871=PRESENTATION_STYLE_ASSIGNMENT((#1870));
#1872=STYLED_ITEM('',(#1871),#1869);
#1873=DIRECTION('',(0.E0,0.E0,-1.E0));
#1874=VECTOR('',#1873,3.E-2);
#1875=CARTESIAN_POINT('',(6.18E0,-7.08E1,-9.6E-1));
#1876=LINE('',#1875,#1874);
#1877=CURVE_STYLE('',#21,POSITIVE_LENGTH_MEASURE(2.E-2),#6);
#1878=PRESENTATION_STYLE_ASSIGNMENT((#1877));
#1879=STYLED_ITEM('',(#1878),#1876);
#1880=DIRECTION('',(0.E0,0.E0,-1.E0));
#1881=VECTOR('',#1880,3.E-2);
#1882=CARTESIAN_POINT('',(5.88E0,-7.08E1,-9.6E-1));
#1883=LINE('',#1882,#1881);
#1884=CURVE_STYLE('',#21,POSITIVE_LENGTH_MEASURE(2.E-2),#6);
#1885=PRESENTATION_STYLE_ASSIGNMENT((#1884));
#1886=STYLED_ITEM('',(#1885),#1883);
#1887=DIRECTION('',(0.E0,-1.E0,0.E0));
#1888=VECTOR('',#1887,3.5E0);
#1889=CARTESIAN_POINT('',(5.88E0,-6.73E1,-9.9E-1));
#1890=LINE('',#1889,#1888);
#1891=CURVE_STYLE('',#21,POSITIVE_LENGTH_MEASURE(2.E-2),#6);
#1892=PRESENTATION_STYLE_ASSIGNMENT((#1891));
#1893=STYLED_ITEM('',(#1892),#1890);
#1894=DIRECTION('',(-1.E0,0.E0,0.E0));
#1895=VECTOR('',#1894,3.E-1);
#1896=CARTESIAN_POINT('',(6.18E0,-6.73E1,-9.9E-1));
#1897=LINE('',#1896,#1895);
#1898=CURVE_STYLE('',#21,POSITIVE_LENGTH_MEASURE(2.E-2),#6);
#1899=PRESENTATION_STYLE_ASSIGNMENT((#1898));
#1900=STYLED_ITEM('',(#1899),#1897);
#1901=DIRECTION('',(0.E0,1.E0,0.E0));
#1902=VECTOR('',#1901,3.5E0);
#1903=CARTESIAN_POINT('',(6.18E0,-7.08E1,-9.9E-1));
#1904=LINE('',#1903,#1902);
#1905=CURVE_STYLE('',#21,POSITIVE_LENGTH_MEASURE(2.E-2),#6);
#1906=PRESENTATION_STYLE_ASSIGNMENT((#1905));
#1907=STYLED_ITEM('',(#1906),#1904);
#1908=DIRECTION('',(1.E0,0.E0,0.E0));
#1909=VECTOR('',#1908,3.E-1);
#1910=CARTESIAN_POINT('',(5.88E0,-7.08E1,-9.9E-1));
#1911=LINE('',#1910,#1909);
#1912=CURVE_STYLE('',#21,POSITIVE_LENGTH_MEASURE(2.E-2),#6);
#1913=PRESENTATION_STYLE_ASSIGNMENT((#1912));
#1914=STYLED_ITEM('',(#1913),#1911);
#1915=DIRECTION('',(0.E0,0.E0,-1.E0));
#1916=VECTOR('',#1915,3.E-2);
#1917=CARTESIAN_POINT('',(6.38E0,-6.73E1,-9.6E-1));
#1918=LINE('',#1917,#1916);
#1919=CURVE_STYLE('',#21,POSITIVE_LENGTH_MEASURE(2.E-2),#6);
#1920=PRESENTATION_STYLE_ASSIGNMENT((#1919));
#1921=STYLED_ITEM('',(#1920),#1918);
#1922=DIRECTION('',(0.E0,0.E0,-1.E0));
#1923=VECTOR('',#1922,3.E-2);
#1924=CARTESIAN_POINT('',(6.68E0,-6.73E1,-9.6E-1));
#1925=LINE('',#1924,#1923);
#1926=CURVE_STYLE('',#21,POSITIVE_LENGTH_MEASURE(2.E-2),#6);
#1927=PRESENTATION_STYLE_ASSIGNMENT((#1926));
#1928=STYLED_ITEM('',(#1927),#1925);
#1929=DIRECTION('',(0.E0,0.E0,-1.E0));
#1930=VECTOR('',#1929,3.E-2);
#1931=CARTESIAN_POINT('',(6.68E0,-7.08E1,-9.6E-1));
#1932=LINE('',#1931,#1930);
#1933=CURVE_STYLE('',#21,POSITIVE_LENGTH_MEASURE(2.E-2),#6);
#1934=PRESENTATION_STYLE_ASSIGNMENT((#1933));
#1935=STYLED_ITEM('',(#1934),#1932);
#1936=DIRECTION('',(0.E0,0.E0,-1.E0));
#1937=VECTOR('',#1936,3.E-2);
#1938=CARTESIAN_POINT('',(6.38E0,-7.08E1,-9.6E-1));
#1939=LINE('',#1938,#1937);
#1940=CURVE_STYLE('',#21,POSITIVE_LENGTH_MEASURE(2.E-2),#6);
#1941=PRESENTATION_STYLE_ASSIGNMENT((#1940));
#1942=STYLED_ITEM('',(#1941),#1939);
#1943=DIRECTION('',(0.E0,-1.E0,0.E0));
#1944=VECTOR('',#1943,3.5E0);
#1945=CARTESIAN_POINT('',(6.38E0,-6.73E1,-9.9E-1));
#1946=LINE('',#1945,#1944);
#1947=CURVE_STYLE('',#21,POSITIVE_LENGTH_MEASURE(2.E-2),#6);
#1948=PRESENTATION_STYLE_ASSIGNMENT((#1947));
#1949=STYLED_ITEM('',(#1948),#1946);
#1950=DIRECTION('',(-1.E0,0.E0,0.E0));
#1951=VECTOR('',#1950,3.E-1);
#1952=CARTESIAN_POINT('',(6.68E0,-6.73E1,-9.9E-1));
#1953=LINE('',#1952,#1951);
#1954=CURVE_STYLE('',#21,POSITIVE_LENGTH_MEASURE(2.E-2),#6);
#1955=PRESENTATION_STYLE_ASSIGNMENT((#1954));
#1956=STYLED_ITEM('',(#1955),#1953);
#1957=DIRECTION('',(0.E0,1.E0,0.E0));
#1958=VECTOR('',#1957,3.5E0);
#1959=CARTESIAN_POINT('',(6.68E0,-7.08E1,-9.9E-1));
#1960=LINE('',#1959,#1958);
#1961=CURVE_STYLE('',#21,POSITIVE_LENGTH_MEASURE(2.E-2),#6);
#1962=PRESENTATION_STYLE_ASSIGNMENT((#1961));
#1963=STYLED_ITEM('',(#1962),#1960);
#1964=DIRECTION('',(1.E0,0.E0,0.E0));
#1965=VECTOR('',#1964,3.E-1);
#1966=CARTESIAN_POINT('',(6.38E0,-7.08E1,-9.9E-1));
#1967=LINE('',#1966,#1965);
#1968=CURVE_STYLE('',#21,POSITIVE_LENGTH_MEASURE(2.E-2),#6);
#1969=PRESENTATION_STYLE_ASSIGNMENT((#1968));
#1970=STYLED_ITEM('',(#1969),#1967);
#1971=DIRECTION('',(0.E0,0.E0,-1.E0));
#1972=VECTOR('',#1971,3.E-2);
#1973=CARTESIAN_POINT('',(6.88E0,-6.73E1,-9.6E-1));
#1974=LINE('',#1973,#1972);
#1975=CURVE_STYLE('',#21,POSITIVE_LENGTH_MEASURE(2.E-2),#6);
#1976=PRESENTATION_STYLE_ASSIGNMENT((#1975));
#1977=STYLED_ITEM('',(#1976),#1974);
#1978=DIRECTION('',(0.E0,0.E0,-1.E0));
#1979=VECTOR('',#1978,3.E-2);
#1980=CARTESIAN_POINT('',(7.18E0,-6.73E1,-9.6E-1));
#1981=LINE('',#1980,#1979);
#1982=CURVE_STYLE('',#21,POSITIVE_LENGTH_MEASURE(2.E-2),#6);
#1983=PRESENTATION_STYLE_ASSIGNMENT((#1982));
#1984=STYLED_ITEM('',(#1983),#1981);
#1985=DIRECTION('',(0.E0,0.E0,-1.E0));
#1986=VECTOR('',#1985,3.E-2);
#1987=CARTESIAN_POINT('',(7.18E0,-7.08E1,-9.6E-1));
#1988=LINE('',#1987,#1986);
#1989=CURVE_STYLE('',#21,POSITIVE_LENGTH_MEASURE(2.E-2),#6);
#1990=PRESENTATION_STYLE_ASSIGNMENT((#1989));
#1991=STYLED_ITEM('',(#1990),#1988);
#1992=DIRECTION('',(0.E0,0.E0,-1.E0));
#1993=VECTOR('',#1992,3.E-2);
#1994=CARTESIAN_POINT('',(6.88E0,-7.08E1,-9.6E-1));
#1995=LINE('',#1994,#1993);
#1996=CURVE_STYLE('',#21,POSITIVE_LENGTH_MEASURE(2.E-2),#6);
#1997=PRESENTATION_STYLE_ASSIGNMENT((#1996));
#1998=STYLED_ITEM('',(#1997),#1995);
#1999=DIRECTION('',(0.E0,-1.E0,0.E0));
#2000=VECTOR('',#1999,3.5E0);
#2001=CARTESIAN_POINT('',(6.88E0,-6.73E1,-9.9E-1));
#2002=LINE('',#2001,#2000);
#2003=CURVE_STYLE('',#21,POSITIVE_LENGTH_MEASURE(2.E-2),#6);
#2004=PRESENTATION_STYLE_ASSIGNMENT((#2003));
#2005=STYLED_ITEM('',(#2004),#2002);
#2006=DIRECTION('',(-1.E0,0.E0,0.E0));
#2007=VECTOR('',#2006,3.E-1);
#2008=CARTESIAN_POINT('',(7.18E0,-6.73E1,-9.9E-1));
#2009=LINE('',#2008,#2007);
#2010=CURVE_STYLE('',#21,POSITIVE_LENGTH_MEASURE(2.E-2),#6);
#2011=PRESENTATION_STYLE_ASSIGNMENT((#2010));
#2012=STYLED_ITEM('',(#2011),#2009);
#2013=DIRECTION('',(0.E0,1.E0,0.E0));
#2014=VECTOR('',#2013,3.5E0);
#2015=CARTESIAN_POINT('',(7.18E0,-7.08E1,-9.9E-1));
#2016=LINE('',#2015,#2014);
#2017=CURVE_STYLE('',#21,POSITIVE_LENGTH_MEASURE(2.E-2),#6);
#2018=PRESENTATION_STYLE_ASSIGNMENT((#2017));
#2019=STYLED_ITEM('',(#2018),#2016);
#2020=DIRECTION('',(1.E0,0.E0,0.E0));
#2021=VECTOR('',#2020,3.E-1);
#2022=CARTESIAN_POINT('',(6.88E0,-7.08E1,-9.9E-1));
#2023=LINE('',#2022,#2021);
#2024=CURVE_STYLE('',#21,POSITIVE_LENGTH_MEASURE(2.E-2),#6);
#2025=PRESENTATION_STYLE_ASSIGNMENT((#2024));
#2026=STYLED_ITEM('',(#2025),#2023);
#2027=DIRECTION('',(0.E0,0.E0,-1.E0));
#2028=VECTOR('',#2027,3.E-2);
#2029=CARTESIAN_POINT('',(7.38E0,-6.73E1,-9.6E-1));
#2030=LINE('',#2029,#2028);
#2031=CURVE_STYLE('',#21,POSITIVE_LENGTH_MEASURE(2.E-2),#6);
#2032=PRESENTATION_STYLE_ASSIGNMENT((#2031));
#2033=STYLED_ITEM('',(#2032),#2030);
#2034=DIRECTION('',(0.E0,0.E0,-1.E0));
#2035=VECTOR('',#2034,3.E-2);
#2036=CARTESIAN_POINT('',(7.68E0,-6.73E1,-9.6E-1));
#2037=LINE('',#2036,#2035);
#2038=CURVE_STYLE('',#21,POSITIVE_LENGTH_MEASURE(2.E-2),#6);
#2039=PRESENTATION_STYLE_ASSIGNMENT((#2038));
#2040=STYLED_ITEM('',(#2039),#2037);
#2041=DIRECTION('',(0.E0,0.E0,-1.E0));
#2042=VECTOR('',#2041,3.E-2);
#2043=CARTESIAN_POINT('',(7.68E0,-7.08E1,-9.6E-1));
#2044=LINE('',#2043,#2042);
#2045=CURVE_STYLE('',#21,POSITIVE_LENGTH_MEASURE(2.E-2),#6);
#2046=PRESENTATION_STYLE_ASSIGNMENT((#2045));
#2047=STYLED_ITEM('',(#2046),#2044);
#2048=DIRECTION('',(0.E0,0.E0,-1.E0));
#2049=VECTOR('',#2048,3.E-2);
#2050=CARTESIAN_POINT('',(7.38E0,-7.08E1,-9.6E-1));
#2051=LINE('',#2050,#2049);
#2052=CURVE_STYLE('',#21,POSITIVE_LENGTH_MEASURE(2.E-2),#6);
#2053=PRESENTATION_STYLE_ASSIGNMENT((#2052));
#2054=STYLED_ITEM('',(#2053),#2051);
#2055=DIRECTION('',(0.E0,-1.E0,0.E0));
#2056=VECTOR('',#2055,3.5E0);
#2057=CARTESIAN_POINT('',(7.38E0,-6.73E1,-9.9E-1));
#2058=LINE('',#2057,#2056);
#2059=CURVE_STYLE('',#21,POSITIVE_LENGTH_MEASURE(2.E-2),#6);
#2060=PRESENTATION_STYLE_ASSIGNMENT((#2059));
#2061=STYLED_ITEM('',(#2060),#2058);
#2062=DIRECTION('',(-1.E0,0.E0,0.E0));
#2063=VECTOR('',#2062,3.E-1);
#2064=CARTESIAN_POINT('',(7.68E0,-6.73E1,-9.9E-1));
#2065=LINE('',#2064,#2063);
#2066=CURVE_STYLE('',#21,POSITIVE_LENGTH_MEASURE(2.E-2),#6);
#2067=PRESENTATION_STYLE_ASSIGNMENT((#2066));
#2068=STYLED_ITEM('',(#2067),#2065);
#2069=DIRECTION('',(0.E0,1.E0,0.E0));
#2070=VECTOR('',#2069,3.5E0);
#2071=CARTESIAN_POINT('',(7.68E0,-7.08E1,-9.9E-1));
#2072=LINE('',#2071,#2070);
#2073=CURVE_STYLE('',#21,POSITIVE_LENGTH_MEASURE(2.E-2),#6);
#2074=PRESENTATION_STYLE_ASSIGNMENT((#2073));
#2075=STYLED_ITEM('',(#2074),#2072);
#2076=DIRECTION('',(1.E0,0.E0,0.E0));
#2077=VECTOR('',#2076,3.E-1);
#2078=CARTESIAN_POINT('',(7.38E0,-7.08E1,-9.9E-1));
#2079=LINE('',#2078,#2077);
#2080=CURVE_STYLE('',#21,POSITIVE_LENGTH_MEASURE(2.E-2),#6);
#2081=PRESENTATION_STYLE_ASSIGNMENT((#2080));
#2082=STYLED_ITEM('',(#2081),#2079);
#2083=DIRECTION('',(0.E0,0.E0,-1.E0));
#2084=VECTOR('',#2083,3.E-2);
#2085=CARTESIAN_POINT('',(7.88E0,-6.73E1,-9.6E-1));
#2086=LINE('',#2085,#2084);
#2087=CURVE_STYLE('',#21,POSITIVE_LENGTH_MEASURE(2.E-2),#6);
#2088=PRESENTATION_STYLE_ASSIGNMENT((#2087));
#2089=STYLED_ITEM('',(#2088),#2086);
#2090=DIRECTION('',(0.E0,0.E0,-1.E0));
#2091=VECTOR('',#2090,3.E-2);
#2092=CARTESIAN_POINT('',(8.18E0,-6.73E1,-9.6E-1));
#2093=LINE('',#2092,#2091);
#2094=CURVE_STYLE('',#21,POSITIVE_LENGTH_MEASURE(2.E-2),#6);
#2095=PRESENTATION_STYLE_ASSIGNMENT((#2094));
#2096=STYLED_ITEM('',(#2095),#2093);
#2097=DIRECTION('',(0.E0,0.E0,-1.E0));
#2098=VECTOR('',#2097,3.E-2);
#2099=CARTESIAN_POINT('',(8.18E0,-7.08E1,-9.6E-1));
#2100=LINE('',#2099,#2098);
#2101=CURVE_STYLE('',#21,POSITIVE_LENGTH_MEASURE(2.E-2),#6);
#2102=PRESENTATION_STYLE_ASSIGNMENT((#2101));
#2103=STYLED_ITEM('',(#2102),#2100);
#2104=DIRECTION('',(0.E0,0.E0,-1.E0));
#2105=VECTOR('',#2104,3.E-2);
#2106=CARTESIAN_POINT('',(7.88E0,-7.08E1,-9.6E-1));
#2107=LINE('',#2106,#2105);
#2108=CURVE_STYLE('',#21,POSITIVE_LENGTH_MEASURE(2.E-2),#6);
#2109=PRESENTATION_STYLE_ASSIGNMENT((#2108));
#2110=STYLED_ITEM('',(#2109),#2107);
#2111=DIRECTION('',(0.E0,-1.E0,0.E0));
#2112=VECTOR('',#2111,3.5E0);
#2113=CARTESIAN_POINT('',(7.88E0,-6.73E1,-9.9E-1));
#2114=LINE('',#2113,#2112);
#2115=CURVE_STYLE('',#21,POSITIVE_LENGTH_MEASURE(2.E-2),#6);
#2116=PRESENTATION_STYLE_ASSIGNMENT((#2115));
#2117=STYLED_ITEM('',(#2116),#2114);
#2118=DIRECTION('',(-1.E0,0.E0,0.E0));
#2119=VECTOR('',#2118,3.E-1);
#2120=CARTESIAN_POINT('',(8.18E0,-6.73E1,-9.9E-1));
#2121=LINE('',#2120,#2119);
#2122=CURVE_STYLE('',#21,POSITIVE_LENGTH_MEASURE(2.E-2),#6);
#2123=PRESENTATION_STYLE_ASSIGNMENT((#2122));
#2124=STYLED_ITEM('',(#2123),#2121);
#2125=DIRECTION('',(0.E0,1.E0,0.E0));
#2126=VECTOR('',#2125,3.5E0);
#2127=CARTESIAN_POINT('',(8.18E0,-7.08E1,-9.9E-1));
#2128=LINE('',#2127,#2126);
#2129=CURVE_STYLE('',#21,POSITIVE_LENGTH_MEASURE(2.E-2),#6);
#2130=PRESENTATION_STYLE_ASSIGNMENT((#2129));
#2131=STYLED_ITEM('',(#2130),#2128);
#2132=DIRECTION('',(1.E0,0.E0,0.E0));
#2133=VECTOR('',#2132,3.E-1);
#2134=CARTESIAN_POINT('',(7.88E0,-7.08E1,-9.9E-1));
#2135=LINE('',#2134,#2133);
#2136=CURVE_STYLE('',#21,POSITIVE_LENGTH_MEASURE(2.E-2),#6);
#2137=PRESENTATION_STYLE_ASSIGNMENT((#2136));
#2138=STYLED_ITEM('',(#2137),#2135);
#2139=DIRECTION('',(0.E0,0.E0,-1.E0));
#2140=VECTOR('',#2139,3.E-2);
#2141=CARTESIAN_POINT('',(8.38E0,-6.73E1,-9.6E-1));
#2142=LINE('',#2141,#2140);
#2143=CURVE_STYLE('',#21,POSITIVE_LENGTH_MEASURE(2.E-2),#6);
#2144=PRESENTATION_STYLE_ASSIGNMENT((#2143));
#2145=STYLED_ITEM('',(#2144),#2142);
#2146=DIRECTION('',(0.E0,0.E0,-1.E0));
#2147=VECTOR('',#2146,3.E-2);
#2148=CARTESIAN_POINT('',(8.68E0,-6.73E1,-9.6E-1));
#2149=LINE('',#2148,#2147);
#2150=CURVE_STYLE('',#21,POSITIVE_LENGTH_MEASURE(2.E-2),#6);
#2151=PRESENTATION_STYLE_ASSIGNMENT((#2150));
#2152=STYLED_ITEM('',(#2151),#2149);
#2153=DIRECTION('',(0.E0,0.E0,-1.E0));
#2154=VECTOR('',#2153,3.E-2);
#2155=CARTESIAN_POINT('',(8.68E0,-7.08E1,-9.6E-1));
#2156=LINE('',#2155,#2154);
#2157=CURVE_STYLE('',#21,POSITIVE_LENGTH_MEASURE(2.E-2),#6);
#2158=PRESENTATION_STYLE_ASSIGNMENT((#2157));
#2159=STYLED_ITEM('',(#2158),#2156);
#2160=DIRECTION('',(0.E0,0.E0,-1.E0));
#2161=VECTOR('',#2160,3.E-2);
#2162=CARTESIAN_POINT('',(8.38E0,-7.08E1,-9.6E-1));
#2163=LINE('',#2162,#2161);
#2164=CURVE_STYLE('',#21,POSITIVE_LENGTH_MEASURE(2.E-2),#6);
#2165=PRESENTATION_STYLE_ASSIGNMENT((#2164));
#2166=STYLED_ITEM('',(#2165),#2163);
#2167=DIRECTION('',(0.E0,-1.E0,0.E0));
#2168=VECTOR('',#2167,3.5E0);
#2169=CARTESIAN_POINT('',(8.38E0,-6.73E1,-9.9E-1));
#2170=LINE('',#2169,#2168);
#2171=CURVE_STYLE('',#21,POSITIVE_LENGTH_MEASURE(2.E-2),#6);
#2172=PRESENTATION_STYLE_ASSIGNMENT((#2171));
#2173=STYLED_ITEM('',(#2172),#2170);
#2174=DIRECTION('',(-1.E0,0.E0,0.E0));
#2175=VECTOR('',#2174,3.E-1);
#2176=CARTESIAN_POINT('',(8.68E0,-6.73E1,-9.9E-1));
#2177=LINE('',#2176,#2175);
#2178=CURVE_STYLE('',#21,POSITIVE_LENGTH_MEASURE(2.E-2),#6);
#2179=PRESENTATION_STYLE_ASSIGNMENT((#2178));
#2180=STYLED_ITEM('',(#2179),#2177);
#2181=DIRECTION('',(0.E0,1.E0,0.E0));
#2182=VECTOR('',#2181,3.5E0);
#2183=CARTESIAN_POINT('',(8.68E0,-7.08E1,-9.9E-1));
#2184=LINE('',#2183,#2182);
#2185=CURVE_STYLE('',#21,POSITIVE_LENGTH_MEASURE(2.E-2),#6);
#2186=PRESENTATION_STYLE_ASSIGNMENT((#2185));
#2187=STYLED_ITEM('',(#2186),#2184);
#2188=DIRECTION('',(1.E0,0.E0,0.E0));
#2189=VECTOR('',#2188,3.E-1);
#2190=CARTESIAN_POINT('',(8.38E0,-7.08E1,-9.9E-1));
#2191=LINE('',#2190,#2189);
#2192=CURVE_STYLE('',#21,POSITIVE_LENGTH_MEASURE(2.E-2),#6);
#2193=PRESENTATION_STYLE_ASSIGNMENT((#2192));
#2194=STYLED_ITEM('',(#2193),#2191);
#2195=CARTESIAN_POINT('',(1.278E1,-5.55E1,-1.29E0));
#2196=DIRECTION('',(0.E0,0.E0,-1.E0));
#2197=DIRECTION('',(1.E0,0.E0,0.E0));
#2198=AXIS2_PLACEMENT_3D('',#2195,#2196,#2197);
#2200=CURVE_STYLE('',#21,POSITIVE_LENGTH_MEASURE(2.E-2),#6);
#2201=PRESENTATION_STYLE_ASSIGNMENT((#2200));
#2202=STYLED_ITEM('',(#2201),#2199);
#2203=DIRECTION('',(0.E0,-1.E0,0.E0));
#2204=VECTOR('',#2203,1.2E1);
#2205=CARTESIAN_POINT('',(1.328E1,-4.35E1,-1.29E0));
#2206=LINE('',#2205,#2204);
#2207=CURVE_STYLE('',#21,POSITIVE_LENGTH_MEASURE(2.E-2),#6);
#2208=PRESENTATION_STYLE_ASSIGNMENT((#2207));
#2209=STYLED_ITEM('',(#2208),#2206);
#2210=CARTESIAN_POINT('',(1.278E1,-4.35E1,-1.29E0));
#2211=DIRECTION('',(0.E0,0.E0,-1.E0));
#2212=DIRECTION('',(0.E0,1.E0,0.E0));
#2213=AXIS2_PLACEMENT_3D('',#2210,#2211,#2212);
#2215=CURVE_STYLE('',#21,POSITIVE_LENGTH_MEASURE(2.E-2),#6);
#2216=PRESENTATION_STYLE_ASSIGNMENT((#2215));
#2217=STYLED_ITEM('',(#2216),#2214);
#2218=DIRECTION('',(1.E0,0.E0,0.E0));
#2219=VECTOR('',#2218,1.1E1);
#2220=CARTESIAN_POINT('',(1.78E0,-4.3E1,-1.29E0));
#2221=LINE('',#2220,#2219);
#2222=CURVE_STYLE('',#21,POSITIVE_LENGTH_MEASURE(2.E-2),#6);
#2223=PRESENTATION_STYLE_ASSIGNMENT((#2222));
#2224=STYLED_ITEM('',(#2223),#2221);
#2225=CARTESIAN_POINT('',(1.78E0,-4.35E1,-1.29E0));
#2226=DIRECTION('',(0.E0,0.E0,-1.E0));
#2227=DIRECTION('',(-1.E0,0.E0,0.E0));
#2228=AXIS2_PLACEMENT_3D('',#2225,#2226,#2227);
#2230=CURVE_STYLE('',#21,POSITIVE_LENGTH_MEASURE(2.E-2),#6);
#2231=PRESENTATION_STYLE_ASSIGNMENT((#2230));
#2232=STYLED_ITEM('',(#2231),#2229);
#2233=DIRECTION('',(0.E0,1.E0,0.E0));
#2234=VECTOR('',#2233,1.2E1);
#2235=CARTESIAN_POINT('',(1.28E0,-5.55E1,-1.29E0));
#2236=LINE('',#2235,#2234);
#2237=CURVE_STYLE('',#21,POSITIVE_LENGTH_MEASURE(2.E-2),#6);
#2238=PRESENTATION_STYLE_ASSIGNMENT((#2237));
#2239=STYLED_ITEM('',(#2238),#2236);
#2240=CARTESIAN_POINT('',(1.78E0,-5.55E1,-1.29E0));
#2241=DIRECTION('',(0.E0,0.E0,-1.E0));
#2242=DIRECTION('',(0.E0,-1.E0,0.E0));
#2243=AXIS2_PLACEMENT_3D('',#2240,#2241,#2242);
#2245=CURVE_STYLE('',#21,POSITIVE_LENGTH_MEASURE(2.E-2),#6);
#2246=PRESENTATION_STYLE_ASSIGNMENT((#2245));
#2247=STYLED_ITEM('',(#2246),#2244);
#2248=DIRECTION('',(-1.E0,0.E0,0.E0));
#2249=VECTOR('',#2248,1.1E1);
#2250=CARTESIAN_POINT('',(1.278E1,-5.6E1,-1.29E0));
#2251=LINE('',#2250,#2249);
#2252=CURVE_STYLE('',#21,POSITIVE_LENGTH_MEASURE(2.E-2),#6);
#2253=PRESENTATION_STYLE_ASSIGNMENT((#2252));
#2254=STYLED_ITEM('',(#2253),#2251);
#2255=DIRECTION('',(0.E0,0.E0,-1.E0));
#2256=VECTOR('',#2255,3.3E-1);
#2257=CARTESIAN_POINT('',(1.328E1,-5.55E1,-9.6E-1));
#2258=LINE('',#2257,#2256);
#2259=CURVE_STYLE('',#21,POSITIVE_LENGTH_MEASURE(2.E-2),#6);
#2260=PRESENTATION_STYLE_ASSIGNMENT((#2259));
#2261=STYLED_ITEM('',(#2260),#2258);
#2262=DIRECTION('',(0.E0,1.E0,0.E0));
#2263=VECTOR('',#2262,1.2E1);
#2264=CARTESIAN_POINT('',(1.328E1,-5.55E1,-9.6E-1));
#2265=LINE('',#2264,#2263);
#2266=CURVE_STYLE('',#21,POSITIVE_LENGTH_MEASURE(2.E-2),#6);
#2267=PRESENTATION_STYLE_ASSIGNMENT((#2266));
#2268=STYLED_ITEM('',(#2267),#2265);
#2269=DIRECTION('',(0.E0,0.E0,1.E0));
#2270=VECTOR('',#2269,3.3E-1);
#2271=CARTESIAN_POINT('',(1.328E1,-4.35E1,-1.29E0));
#2272=LINE('',#2271,#2270);
#2273=CURVE_STYLE('',#21,POSITIVE_LENGTH_MEASURE(2.E-2),#6);
#2274=PRESENTATION_STYLE_ASSIGNMENT((#2273));
#2275=STYLED_ITEM('',(#2274),#2272);
#2276=DIRECTION('',(0.E0,0.E0,1.E0));
#2277=VECTOR('',#2276,1.3E-1);
#2278=CARTESIAN_POINT('',(1.078E1,-4.3E1,-1.09E0));
#2279=LINE('',#2278,#2277);
#2280=CURVE_STYLE('',#21,POSITIVE_LENGTH_MEASURE(2.E-2),#6);
#2281=PRESENTATION_STYLE_ASSIGNMENT((#2280));
#2282=STYLED_ITEM('',(#2281),#2279);
#2283=DIRECTION('',(0.E0,0.E0,1.E0));
#2284=VECTOR('',#2283,1.3E-1);
#2285=CARTESIAN_POINT('',(3.78E0,-4.3E1,-1.09E0));
#2286=LINE('',#2285,#2284);
#2287=CURVE_STYLE('',#21,POSITIVE_LENGTH_MEASURE(2.E-2),#6);
#2288=PRESENTATION_STYLE_ASSIGNMENT((#2287));
#2289=STYLED_ITEM('',(#2288),#2286);
#2290=DIRECTION('',(-1.E0,0.E0,0.E0));
#2291=VECTOR('',#2290,2.E0);
#2292=CARTESIAN_POINT('',(3.78E0,-4.3E1,-9.6E-1));
#2293=LINE('',#2292,#2291);
#2294=CURVE_STYLE('',#21,POSITIVE_LENGTH_MEASURE(2.E-2),#6);
#2295=PRESENTATION_STYLE_ASSIGNMENT((#2294));
#2296=STYLED_ITEM('',(#2295),#2293);
#2297=DIRECTION('',(0.E0,0.E0,1.E0));
#2298=VECTOR('',#2297,3.3E-1);
#2299=CARTESIAN_POINT('',(1.78E0,-4.3E1,-1.29E0));
#2300=LINE('',#2299,#2298);
#2301=CURVE_STYLE('',#21,POSITIVE_LENGTH_MEASURE(2.E-2),#6);
#2302=PRESENTATION_STYLE_ASSIGNMENT((#2301));
#2303=STYLED_ITEM('',(#2302),#2300);
#2304=DIRECTION('',(0.E0,0.E0,1.E0));
#2305=VECTOR('',#2304,3.3E-1);
#2306=CARTESIAN_POINT('',(1.278E1,-4.3E1,-1.29E0));
#2307=LINE('',#2306,#2305);
#2308=CURVE_STYLE('',#21,POSITIVE_LENGTH_MEASURE(2.E-2),#6);
#2309=PRESENTATION_STYLE_ASSIGNMENT((#2308));
#2310=STYLED_ITEM('',(#2309),#2307);
#2311=DIRECTION('',(-1.E0,0.E0,0.E0));
#2312=VECTOR('',#2311,2.E0);
#2313=CARTESIAN_POINT('',(1.278E1,-4.3E1,-9.6E-1));
#2314=LINE('',#2313,#2312);
#2315=CURVE_STYLE('',#21,POSITIVE_LENGTH_MEASURE(2.E-2),#6);
#2316=PRESENTATION_STYLE_ASSIGNMENT((#2315));
#2317=STYLED_ITEM('',(#2316),#2314);
#2318=CARTESIAN_POINT('',(3.78E0,-4.2E1,-1.09E0));
#2319=DIRECTION('',(0.E0,0.E0,1.E0));
#2320=DIRECTION('',(0.E0,-1.E0,0.E0));
#2321=AXIS2_PLACEMENT_3D('',#2318,#2319,#2320);
#2323=CURVE_STYLE('',#21,POSITIVE_LENGTH_MEASURE(2.E-2),#6);
#2324=PRESENTATION_STYLE_ASSIGNMENT((#2323));
#2325=STYLED_ITEM('',(#2324),#2322);
#2326=CARTESIAN_POINT('',(3.78E0,-4.2E1,-9.6E-1));
#2327=DIRECTION('',(0.E0,0.E0,-1.E0));
#2328=DIRECTION('',(1.E0,0.E0,0.E0));
#2329=AXIS2_PLACEMENT_3D('',#2326,#2327,#2328);
#2331=CURVE_STYLE('',#21,POSITIVE_LENGTH_MEASURE(2.E-2),#6);
#2332=PRESENTATION_STYLE_ASSIGNMENT((#2331));
#2333=STYLED_ITEM('',(#2332),#2330);
#2334=DIRECTION('',(0.E0,0.E0,1.E0));
#2335=VECTOR('',#2334,1.3E-1);
#2336=CARTESIAN_POINT('',(4.78E0,-4.2E1,-1.09E0));
#2337=LINE('',#2336,#2335);
#2338=CURVE_STYLE('',#21,POSITIVE_LENGTH_MEASURE(2.E-2),#6);
#2339=PRESENTATION_STYLE_ASSIGNMENT((#2338));
#2340=STYLED_ITEM('',(#2339),#2337);
#2341=DIRECTION('',(0.E0,-1.E0,0.E0));
#2342=VECTOR('',#2341,7.4E0);
#2343=CARTESIAN_POINT('',(4.78E0,-3.46E1,-9.6E-1));
#2344=LINE('',#2343,#2342);
#2345=CURVE_STYLE('',#21,POSITIVE_LENGTH_MEASURE(2.E-2),#6);
#2346=PRESENTATION_STYLE_ASSIGNMENT((#2345));
#2347=STYLED_ITEM('',(#2346),#2344);
#2348=DIRECTION('',(0.E0,0.E0,1.E0));
#2349=VECTOR('',#2348,3.3E-1);
#2350=CARTESIAN_POINT('',(1.28E0,-5.55E1,-1.29E0));
#2351=LINE('',#2350,#2349);
#2352=CURVE_STYLE('',#21,POSITIVE_LENGTH_MEASURE(2.E-2),#6);
#2353=PRESENTATION_STYLE_ASSIGNMENT((#2352));
#2354=STYLED_ITEM('',(#2353),#2351);
#2355=DIRECTION('',(0.E0,0.E0,1.E0));
#2356=VECTOR('',#2355,3.3E-1);
#2357=CARTESIAN_POINT('',(1.28E0,-4.35E1,-1.29E0));
#2358=LINE('',#2357,#2356);
#2359=CURVE_STYLE('',#21,POSITIVE_LENGTH_MEASURE(2.E-2),#6);
#2360=PRESENTATION_STYLE_ASSIGNMENT((#2359));
#2361=STYLED_ITEM('',(#2360),#2358);
#2362=DIRECTION('',(0.E0,-1.E0,0.E0));
#2363=VECTOR('',#2362,1.2E1);
#2364=CARTESIAN_POINT('',(1.28E0,-4.35E1,-9.6E-1));
#2365=LINE('',#2364,#2363);
#2366=CURVE_STYLE('',#21,POSITIVE_LENGTH_MEASURE(2.E-2),#6);
#2367=PRESENTATION_STYLE_ASSIGNMENT((#2366));
#2368=STYLED_ITEM('',(#2367),#2365);
#2369=CARTESIAN_POINT('',(8.83E0,-7.08E1,-1.22E0));
#2370=DIRECTION('',(0.E0,0.E0,-1.E0));
#2371=DIRECTION('',(1.E0,0.E0,0.E0));
#2372=AXIS2_PLACEMENT_3D('',#2369,#2370,#2371);
#2374=CURVE_STYLE('',#21,POSITIVE_LENGTH_MEASURE(2.E-2),#6);
#2375=PRESENTATION_STYLE_ASSIGNMENT((#2374));
#2376=STYLED_ITEM('',(#2375),#2373);
#2377=DIRECTION('',(0.E0,-1.E0,0.E0));
#2378=VECTOR('',#2377,4.8E0);
#2379=CARTESIAN_POINT('',(9.03E0,-6.6E1,-1.22E0));
#2380=LINE('',#2379,#2378);
#2381=CURVE_STYLE('',#21,POSITIVE_LENGTH_MEASURE(2.E-2),#6);
#2382=PRESENTATION_STYLE_ASSIGNMENT((#2381));
#2383=STYLED_ITEM('',(#2382),#2380);
#2384=DIRECTION('',(1.E0,0.E0,0.E0));
#2385=VECTOR('',#2384,3.5E0);
#2386=CARTESIAN_POINT('',(5.53E0,-6.6E1,-1.22E0));
#2387=LINE('',#2386,#2385);
#2388=CURVE_STYLE('',#21,POSITIVE_LENGTH_MEASURE(2.E-2),#6);
#2389=PRESENTATION_STYLE_ASSIGNMENT((#2388));
#2390=STYLED_ITEM('',(#2389),#2387);
#2391=DIRECTION('',(0.E0,1.E0,0.E0));
#2392=VECTOR('',#2391,4.8E0);
#2393=CARTESIAN_POINT('',(5.53E0,-7.08E1,-1.22E0));
#2394=LINE('',#2393,#2392);
#2395=CURVE_STYLE('',#21,POSITIVE_LENGTH_MEASURE(2.E-2),#6);
#2396=PRESENTATION_STYLE_ASSIGNMENT((#2395));
#2397=STYLED_ITEM('',(#2396),#2394);
#2398=CARTESIAN_POINT('',(5.73E0,-7.08E1,-1.22E0));
#2399=DIRECTION('',(0.E0,0.E0,-1.E0));
#2400=DIRECTION('',(0.E0,-1.E0,0.E0));
#2401=AXIS2_PLACEMENT_3D('',#2398,#2399,#2400);
#2403=CURVE_STYLE('',#21,POSITIVE_LENGTH_MEASURE(2.E-2),#6);
#2404=PRESENTATION_STYLE_ASSIGNMENT((#2403));
#2405=STYLED_ITEM('',(#2404),#2402);
#2406=DIRECTION('',(-1.E0,0.E0,0.E0));
#2407=VECTOR('',#2406,3.1E0);
#2408=CARTESIAN_POINT('',(8.83E0,-7.1E1,-1.22E0));
#2409=LINE('',#2408,#2407);
#2410=CURVE_STYLE('',#21,POSITIVE_LENGTH_MEASURE(2.E-2),#6);
#2411=PRESENTATION_STYLE_ASSIGNMENT((#2410));
#2412=STYLED_ITEM('',(#2411),#2409);
#2413=DIRECTION('',(0.E0,0.E0,-1.E0));
#2414=VECTOR('',#2413,2.6E-1);
#2415=CARTESIAN_POINT('',(5.73E0,-7.1E1,-9.6E-1));
#2416=LINE('',#2415,#2414);
#2417=CURVE_STYLE('',#21,POSITIVE_LENGTH_MEASURE(2.E-2),#6);
#2418=PRESENTATION_STYLE_ASSIGNMENT((#2417));
#2419=STYLED_ITEM('',(#2418),#2416);
#2420=DIRECTION('',(0.E0,0.E0,-1.E0));
#2421=VECTOR('',#2420,2.6E-1);
#2422=CARTESIAN_POINT('',(8.83E0,-7.1E1,-9.6E-1));
#2423=LINE('',#2422,#2421);
#2424=CURVE_STYLE('',#21,POSITIVE_LENGTH_MEASURE(2.E-2),#6);
#2425=PRESENTATION_STYLE_ASSIGNMENT((#2424));
#2426=STYLED_ITEM('',(#2425),#2423);
#2427=DIRECTION('',(1.E0,0.E0,0.E0));
#2428=VECTOR('',#2427,3.1E0);
#2429=CARTESIAN_POINT('',(5.73E0,-7.1E1,-9.6E-1));
#2430=LINE('',#2429,#2428);
#2431=CURVE_STYLE('',#21,POSITIVE_LENGTH_MEASURE(2.E-2),#6);
#2432=PRESENTATION_STYLE_ASSIGNMENT((#2431));
#2433=STYLED_ITEM('',(#2432),#2430);
#2434=DIRECTION('',(0.E0,0.E0,-1.E0));
#2435=VECTOR('',#2434,3.E-2);
#2436=CARTESIAN_POINT('',(-2.16E1,3.14E1,0.E0));
#2437=LINE('',#2436,#2435);
#2438=CURVE_STYLE('',#21,POSITIVE_LENGTH_MEASURE(2.E-2),#6);
#2439=PRESENTATION_STYLE_ASSIGNMENT((#2438));
#2440=STYLED_ITEM('',(#2439),#2437);
#2441=DIRECTION('',(0.E0,0.E0,-1.E0));
#2442=VECTOR('',#2441,3.E-2);
#2443=CARTESIAN_POINT('',(2.16E1,3.14E1,0.E0));
#2444=LINE('',#2443,#2442);
#2445=CURVE_STYLE('',#21,POSITIVE_LENGTH_MEASURE(2.E-2),#6);
#2446=PRESENTATION_STYLE_ASSIGNMENT((#2445));
#2447=STYLED_ITEM('',(#2446),#2444);
#2448=DIRECTION('',(0.E0,0.E0,-1.E0));
#2449=VECTOR('',#2448,3.E-2);
#2450=CARTESIAN_POINT('',(2.16E1,-2.62E1,0.E0));
#2451=LINE('',#2450,#2449);
#2452=CURVE_STYLE('',#21,POSITIVE_LENGTH_MEASURE(2.E-2),#6);
#2453=PRESENTATION_STYLE_ASSIGNMENT((#2452));
#2454=STYLED_ITEM('',(#2453),#2451);
#2455=DIRECTION('',(0.E0,0.E0,-1.E0));
#2456=VECTOR('',#2455,3.E-2);
#2457=CARTESIAN_POINT('',(-2.16E1,-2.62E1,0.E0));
#2458=LINE('',#2457,#2456);
#2459=CURVE_STYLE('',#21,POSITIVE_LENGTH_MEASURE(2.E-2),#6);
#2460=PRESENTATION_STYLE_ASSIGNMENT((#2459));
#2461=STYLED_ITEM('',(#2460),#2458);
#2462=DIRECTION('',(0.E0,-1.E0,0.E0));
#2463=VECTOR('',#2462,5.76E1);
#2464=CARTESIAN_POINT('',(-2.16E1,3.14E1,-3.E-2));
#2465=LINE('',#2464,#2463);
#2466=CURVE_STYLE('',#21,POSITIVE_LENGTH_MEASURE(2.E-2),#6);
#2467=PRESENTATION_STYLE_ASSIGNMENT((#2466));
#2468=STYLED_ITEM('',(#2467),#2465);
#2469=DIRECTION('',(-1.E0,0.E0,0.E0));
#2470=VECTOR('',#2469,4.32E1);
#2471=CARTESIAN_POINT('',(2.16E1,3.14E1,-3.E-2));
#2472=LINE('',#2471,#2470);
#2473=CURVE_STYLE('',#21,POSITIVE_LENGTH_MEASURE(2.E-2),#6);
#2474=PRESENTATION_STYLE_ASSIGNMENT((#2473));
#2475=STYLED_ITEM('',(#2474),#2472);
#2476=DIRECTION('',(0.E0,1.E0,0.E0));
#2477=VECTOR('',#2476,5.76E1);
#2478=CARTESIAN_POINT('',(2.16E1,-2.62E1,-3.E-2));
#2479=LINE('',#2478,#2477);
#2480=CURVE_STYLE('',#21,POSITIVE_LENGTH_MEASURE(2.E-2),#6);
#2481=PRESENTATION_STYLE_ASSIGNMENT((#2480));
#2482=STYLED_ITEM('',(#2481),#2479);
#2483=DIRECTION('',(1.E0,0.E0,0.E0));
#2484=VECTOR('',#2483,4.32E1);
#2485=CARTESIAN_POINT('',(-2.16E1,-2.62E1,-3.E-2));
#2486=LINE('',#2485,#2484);
#2487=CURVE_STYLE('',#21,POSITIVE_LENGTH_MEASURE(2.E-2),#6);
#2488=PRESENTATION_STYLE_ASSIGNMENT((#2487));
#2489=STYLED_ITEM('',(#2488),#2486);
#2490=CARTESIAN_POINT('',(-2.5E1,3.46E1,0.E0));
#2491=CARTESIAN_POINT('',(-2.5E1,-3.46E1,0.E0));
#2492=VERTEX_POINT('',#2490);
#2493=VERTEX_POINT('',#2491);
#2494=CARTESIAN_POINT('',(2.5E1,-3.46E1,0.E0));
#2495=CARTESIAN_POINT('',(2.5E1,3.46E1,0.E0));
#2496=VERTEX_POINT('',#2494);
#2497=VERTEX_POINT('',#2495);
#2498=CARTESIAN_POINT('',(-2.5E1,3.46E1,-3.2E0));
#2499=CARTESIAN_POINT('',(-2.5E1,-3.46E1,-3.2E0));
#2500=VERTEX_POINT('',#2498);
#2501=VERTEX_POINT('',#2499);
#2502=CARTESIAN_POINT('',(2.5E1,-3.46E1,-3.2E0));
#2503=VERTEX_POINT('',#2502);
#2504=CARTESIAN_POINT('',(2.5E1,3.46E1,-3.2E0));
#2505=VERTEX_POINT('',#2504);
#2506=CARTESIAN_POINT('',(-1.007E1,-3.46E1,-1.7E0));
#2507=CARTESIAN_POINT('',(1.144E1,-3.46E1,-1.7E0));
#2508=VERTEX_POINT('',#2506);
#2509=VERTEX_POINT('',#2507);
#2510=CARTESIAN_POINT('',(-1.007E1,-3.46E1,-1.57E0));
#2511=VERTEX_POINT('',#2510);
#2512=CARTESIAN_POINT('',(1.144E1,-3.46E1,-1.57E0));
#2513=VERTEX_POINT('',#2512);
#2514=CARTESIAN_POINT('',(4.78E0,-3.46E1,-1.09E0));
#2515=CARTESIAN_POINT('',(9.78E0,-3.46E1,-1.09E0));
#2516=VERTEX_POINT('',#2514);
#2517=VERTEX_POINT('',#2515);
#2518=CARTESIAN_POINT('',(4.78E0,-3.46E1,-9.6E-1));
#2519=VERTEX_POINT('',#2518);
#2520=CARTESIAN_POINT('',(9.78E0,-3.46E1,-9.6E-1));
#2521=VERTEX_POINT('',#2520);
#2522=CARTESIAN_POINT('',(5.88E0,-6.73E1,-9.9E-1));
#2523=CARTESIAN_POINT('',(5.88E0,-7.08E1,-9.9E-1));
#2524=VERTEX_POINT('',#2522);
#2525=VERTEX_POINT('',#2523);
#2526=CARTESIAN_POINT('',(6.18E0,-7.08E1,-9.9E-1));
#2527=VERTEX_POINT('',#2526);
#2528=CARTESIAN_POINT('',(6.18E0,-6.73E1,-9.9E-1));
#2529=VERTEX_POINT('',#2528);
#2530=CARTESIAN_POINT('',(5.88E0,-6.73E1,-9.6E-1));
#2531=CARTESIAN_POINT('',(5.88E0,-7.08E1,-9.6E-1));
#2532=VERTEX_POINT('',#2530);
#2533=VERTEX_POINT('',#2531);
#2534=CARTESIAN_POINT('',(6.18E0,-7.08E1,-9.6E-1));
#2535=VERTEX_POINT('',#2534);
#2536=CARTESIAN_POINT('',(6.18E0,-6.73E1,-9.6E-1));
#2537=VERTEX_POINT('',#2536);
#2538=CARTESIAN_POINT('',(6.38E0,-6.73E1,-9.9E-1));
#2539=CARTESIAN_POINT('',(6.38E0,-7.08E1,-9.9E-1));
#2540=VERTEX_POINT('',#2538);
#2541=VERTEX_POINT('',#2539);
#2542=CARTESIAN_POINT('',(6.68E0,-7.08E1,-9.9E-1));
#2543=VERTEX_POINT('',#2542);
#2544=CARTESIAN_POINT('',(6.68E0,-6.73E1,-9.9E-1));
#2545=VERTEX_POINT('',#2544);
#2546=CARTESIAN_POINT('',(6.38E0,-6.73E1,-9.6E-1));
#2547=CARTESIAN_POINT('',(6.38E0,-7.08E1,-9.6E-1));
#2548=VERTEX_POINT('',#2546);
#2549=VERTEX_POINT('',#2547);
#2550=CARTESIAN_POINT('',(6.68E0,-7.08E1,-9.6E-1));
#2551=VERTEX_POINT('',#2550);
#2552=CARTESIAN_POINT('',(6.68E0,-6.73E1,-9.6E-1));
#2553=VERTEX_POINT('',#2552);
#2554=CARTESIAN_POINT('',(6.88E0,-6.73E1,-9.9E-1));
#2555=CARTESIAN_POINT('',(6.88E0,-7.08E1,-9.9E-1));
#2556=VERTEX_POINT('',#2554);
#2557=VERTEX_POINT('',#2555);
#2558=CARTESIAN_POINT('',(7.18E0,-7.08E1,-9.9E-1));
#2559=VERTEX_POINT('',#2558);
#2560=CARTESIAN_POINT('',(7.18E0,-6.73E1,-9.9E-1));
#2561=VERTEX_POINT('',#2560);
#2562=CARTESIAN_POINT('',(6.88E0,-6.73E1,-9.6E-1));
#2563=CARTESIAN_POINT('',(6.88E0,-7.08E1,-9.6E-1));
#2564=VERTEX_POINT('',#2562);
#2565=VERTEX_POINT('',#2563);
#2566=CARTESIAN_POINT('',(7.18E0,-7.08E1,-9.6E-1));
#2567=VERTEX_POINT('',#2566);
#2568=CARTESIAN_POINT('',(7.18E0,-6.73E1,-9.6E-1));
#2569=VERTEX_POINT('',#2568);
#2570=CARTESIAN_POINT('',(7.38E0,-6.73E1,-9.9E-1));
#2571=CARTESIAN_POINT('',(7.38E0,-7.08E1,-9.9E-1));
#2572=VERTEX_POINT('',#2570);
#2573=VERTEX_POINT('',#2571);
#2574=CARTESIAN_POINT('',(7.68E0,-7.08E1,-9.9E-1));
#2575=VERTEX_POINT('',#2574);
#2576=CARTESIAN_POINT('',(7.68E0,-6.73E1,-9.9E-1));
#2577=VERTEX_POINT('',#2576);
#2578=CARTESIAN_POINT('',(7.38E0,-6.73E1,-9.6E-1));
#2579=CARTESIAN_POINT('',(7.38E0,-7.08E1,-9.6E-1));
#2580=VERTEX_POINT('',#2578);
#2581=VERTEX_POINT('',#2579);
#2582=CARTESIAN_POINT('',(7.68E0,-7.08E1,-9.6E-1));
#2583=VERTEX_POINT('',#2582);
#2584=CARTESIAN_POINT('',(7.68E0,-6.73E1,-9.6E-1));
#2585=VERTEX_POINT('',#2584);
#2586=CARTESIAN_POINT('',(7.88E0,-6.73E1,-9.9E-1));
#2587=CARTESIAN_POINT('',(7.88E0,-7.08E1,-9.9E-1));
#2588=VERTEX_POINT('',#2586);
#2589=VERTEX_POINT('',#2587);
#2590=CARTESIAN_POINT('',(8.18E0,-7.08E1,-9.9E-1));
#2591=VERTEX_POINT('',#2590);
#2592=CARTESIAN_POINT('',(8.18E0,-6.73E1,-9.9E-1));
#2593=VERTEX_POINT('',#2592);
#2594=CARTESIAN_POINT('',(7.88E0,-6.73E1,-9.6E-1));
#2595=CARTESIAN_POINT('',(7.88E0,-7.08E1,-9.6E-1));
#2596=VERTEX_POINT('',#2594);
#2597=VERTEX_POINT('',#2595);
#2598=CARTESIAN_POINT('',(8.18E0,-7.08E1,-9.6E-1));
#2599=VERTEX_POINT('',#2598);
#2600=CARTESIAN_POINT('',(8.18E0,-6.73E1,-9.6E-1));
#2601=VERTEX_POINT('',#2600);
#2602=CARTESIAN_POINT('',(8.38E0,-6.73E1,-9.9E-1));
#2603=CARTESIAN_POINT('',(8.38E0,-7.08E1,-9.9E-1));
#2604=VERTEX_POINT('',#2602);
#2605=VERTEX_POINT('',#2603);
#2606=CARTESIAN_POINT('',(8.68E0,-7.08E1,-9.9E-1));
#2607=VERTEX_POINT('',#2606);
#2608=CARTESIAN_POINT('',(8.68E0,-6.73E1,-9.9E-1));
#2609=VERTEX_POINT('',#2608);
#2610=CARTESIAN_POINT('',(8.38E0,-6.73E1,-9.6E-1));
#2611=CARTESIAN_POINT('',(8.38E0,-7.08E1,-9.6E-1));
#2612=VERTEX_POINT('',#2610);
#2613=VERTEX_POINT('',#2611);
#2614=CARTESIAN_POINT('',(8.68E0,-7.08E1,-9.6E-1));
#2615=VERTEX_POINT('',#2614);
#2616=CARTESIAN_POINT('',(8.68E0,-6.73E1,-9.6E-1));
#2617=VERTEX_POINT('',#2616);
#2618=CARTESIAN_POINT('',(5.53E0,-7.08E1,-9.6E-1));
#2619=CARTESIAN_POINT('',(5.73E0,-7.1E1,-9.6E-1));
#2620=VERTEX_POINT('',#2618);
#2621=VERTEX_POINT('',#2619);
#2622=CARTESIAN_POINT('',(8.83E0,-7.1E1,-9.6E-1));
#2623=CARTESIAN_POINT('',(9.03E0,-7.08E1,-9.6E-1));
#2624=VERTEX_POINT('',#2622);
#2625=VERTEX_POINT('',#2623);
#2626=CARTESIAN_POINT('',(3.11E0,-5.897E1,-1.67E0));
#2627=CARTESIAN_POINT('',(3.11E0,-6.247E1,-1.67E0));
#2628=VERTEX_POINT('',#2626);
#2629=VERTEX_POINT('',#2627);
#2630=CARTESIAN_POINT('',(2.76E0,-6.247E1,-1.67E0));
#2631=VERTEX_POINT('',#2630);
#2632=CARTESIAN_POINT('',(2.76E0,-5.897E1,-1.67E0));
#2633=VERTEX_POINT('',#2632);
#2634=CARTESIAN_POINT('',(3.11E0,-5.897E1,-1.7E0));
#2635=CARTESIAN_POINT('',(3.11E0,-6.247E1,-1.7E0));
#2636=VERTEX_POINT('',#2634);
#2637=VERTEX_POINT('',#2635);
#2638=CARTESIAN_POINT('',(2.76E0,-6.247E1,-1.7E0));
#2639=VERTEX_POINT('',#2638);
#2640=CARTESIAN_POINT('',(2.76E0,-5.897E1,-1.7E0));
#2641=VERTEX_POINT('',#2640);
#2642=CARTESIAN_POINT('',(2.61E0,-5.897E1,-1.67E0));
#2643=CARTESIAN_POINT('',(2.61E0,-6.247E1,-1.67E0));
#2644=VERTEX_POINT('',#2642);
#2645=VERTEX_POINT('',#2643);
#2646=CARTESIAN_POINT('',(2.26E0,-6.247E1,-1.67E0));
#2647=VERTEX_POINT('',#2646);
#2648=CARTESIAN_POINT('',(2.26E0,-5.897E1,-1.67E0));
#2649=VERTEX_POINT('',#2648);
#2650=CARTESIAN_POINT('',(2.61E0,-5.897E1,-1.7E0));
#2651=CARTESIAN_POINT('',(2.61E0,-6.247E1,-1.7E0));
#2652=VERTEX_POINT('',#2650);
#2653=VERTEX_POINT('',#2651);
#2654=CARTESIAN_POINT('',(2.26E0,-6.247E1,-1.7E0));
#2655=VERTEX_POINT('',#2654);
#2656=CARTESIAN_POINT('',(2.26E0,-5.897E1,-1.7E0));
#2657=VERTEX_POINT('',#2656);
#2658=CARTESIAN_POINT('',(2.11E0,-5.897E1,-1.67E0));
#2659=CARTESIAN_POINT('',(2.11E0,-6.247E1,-1.67E0));
#2660=VERTEX_POINT('',#2658);
#2661=VERTEX_POINT('',#2659);
#2662=CARTESIAN_POINT('',(1.76E0,-6.247E1,-1.67E0));
#2663=VERTEX_POINT('',#2662);
#2664=CARTESIAN_POINT('',(1.76E0,-5.897E1,-1.67E0));
#2665=VERTEX_POINT('',#2664);
#2666=CARTESIAN_POINT('',(2.11E0,-5.897E1,-1.7E0));
#2667=CARTESIAN_POINT('',(2.11E0,-6.247E1,-1.7E0));
#2668=VERTEX_POINT('',#2666);
#2669=VERTEX_POINT('',#2667);
#2670=CARTESIAN_POINT('',(1.76E0,-6.247E1,-1.7E0));
#2671=VERTEX_POINT('',#2670);
#2672=CARTESIAN_POINT('',(1.76E0,-5.897E1,-1.7E0));
#2673=VERTEX_POINT('',#2672);
#2674=CARTESIAN_POINT('',(1.61E0,-5.897E1,-1.67E0));
#2675=CARTESIAN_POINT('',(1.61E0,-6.247E1,-1.67E0));
#2676=VERTEX_POINT('',#2674);
#2677=VERTEX_POINT('',#2675);
#2678=CARTESIAN_POINT('',(1.26E0,-6.247E1,-1.67E0));
#2679=VERTEX_POINT('',#2678);
#2680=CARTESIAN_POINT('',(1.26E0,-5.897E1,-1.67E0));
#2681=VERTEX_POINT('',#2680);
#2682=CARTESIAN_POINT('',(1.61E0,-5.897E1,-1.7E0));
#2683=CARTESIAN_POINT('',(1.61E0,-6.247E1,-1.7E0));
#2684=VERTEX_POINT('',#2682);
#2685=VERTEX_POINT('',#2683);
#2686=CARTESIAN_POINT('',(1.26E0,-6.247E1,-1.7E0));
#2687=VERTEX_POINT('',#2686);
#2688=CARTESIAN_POINT('',(1.26E0,-5.897E1,-1.7E0));
#2689=VERTEX_POINT('',#2688);
#2690=CARTESIAN_POINT('',(1.11E0,-5.897E1,-1.67E0));
#2691=CARTESIAN_POINT('',(1.11E0,-6.247E1,-1.67E0));
#2692=VERTEX_POINT('',#2690);
#2693=VERTEX_POINT('',#2691);
#2694=CARTESIAN_POINT('',(7.6E-1,-6.247E1,-1.67E0));
#2695=VERTEX_POINT('',#2694);
#2696=CARTESIAN_POINT('',(7.6E-1,-5.897E1,-1.67E0));
#2697=VERTEX_POINT('',#2696);
#2698=CARTESIAN_POINT('',(1.11E0,-5.897E1,-1.7E0));
#2699=CARTESIAN_POINT('',(1.11E0,-6.247E1,-1.7E0));
#2700=VERTEX_POINT('',#2698);
#2701=VERTEX_POINT('',#2699);
#2702=CARTESIAN_POINT('',(7.6E-1,-6.247E1,-1.7E0));
#2703=VERTEX_POINT('',#2702);
#2704=CARTESIAN_POINT('',(7.6E-1,-5.897E1,-1.7E0));
#2705=VERTEX_POINT('',#2704);
#2706=CARTESIAN_POINT('',(6.1E-1,-5.897E1,-1.67E0));
#2707=CARTESIAN_POINT('',(6.1E-1,-6.247E1,-1.67E0));
#2708=VERTEX_POINT('',#2706);
#2709=VERTEX_POINT('',#2707);
#2710=CARTESIAN_POINT('',(2.6E-1,-6.247E1,-1.67E0));
#2711=VERTEX_POINT('',#2710);
#2712=CARTESIAN_POINT('',(2.6E-1,-5.897E1,-1.67E0));
#2713=VERTEX_POINT('',#2712);
#2714=CARTESIAN_POINT('',(6.1E-1,-5.897E1,-1.7E0));
#2715=CARTESIAN_POINT('',(6.1E-1,-6.247E1,-1.7E0));
#2716=VERTEX_POINT('',#2714);
#2717=VERTEX_POINT('',#2715);
#2718=CARTESIAN_POINT('',(2.6E-1,-6.247E1,-1.7E0));
#2719=VERTEX_POINT('',#2718);
#2720=CARTESIAN_POINT('',(2.6E-1,-5.897E1,-1.7E0));
#2721=VERTEX_POINT('',#2720);
#2722=CARTESIAN_POINT('',(1.1E-1,-5.897E1,-1.67E0));
#2723=CARTESIAN_POINT('',(1.1E-1,-6.247E1,-1.67E0));
#2724=VERTEX_POINT('',#2722);
#2725=VERTEX_POINT('',#2723);
#2726=CARTESIAN_POINT('',(-2.4E-1,-6.247E1,-1.67E0));
#2727=VERTEX_POINT('',#2726);
#2728=CARTESIAN_POINT('',(-2.4E-1,-5.897E1,-1.67E0));
#2729=VERTEX_POINT('',#2728);
#2730=CARTESIAN_POINT('',(1.1E-1,-5.897E1,-1.7E0));
#2731=CARTESIAN_POINT('',(1.1E-1,-6.247E1,-1.7E0));
#2732=VERTEX_POINT('',#2730);
#2733=VERTEX_POINT('',#2731);
#2734=CARTESIAN_POINT('',(-2.4E-1,-6.247E1,-1.7E0));
#2735=VERTEX_POINT('',#2734);
#2736=CARTESIAN_POINT('',(-2.4E-1,-5.897E1,-1.7E0));
#2737=VERTEX_POINT('',#2736);
#2738=CARTESIAN_POINT('',(-3.9E-1,-5.897E1,-1.67E0));
#2739=CARTESIAN_POINT('',(-3.9E-1,-6.247E1,-1.67E0));
#2740=VERTEX_POINT('',#2738);
#2741=VERTEX_POINT('',#2739);
#2742=CARTESIAN_POINT('',(-7.4E-1,-6.247E1,-1.67E0));
#2743=VERTEX_POINT('',#2742);
#2744=CARTESIAN_POINT('',(-7.4E-1,-5.897E1,-1.67E0));
#2745=VERTEX_POINT('',#2744);
#2746=CARTESIAN_POINT('',(-3.9E-1,-5.897E1,-1.7E0));
#2747=CARTESIAN_POINT('',(-3.9E-1,-6.247E1,-1.7E0));
#2748=VERTEX_POINT('',#2746);
#2749=VERTEX_POINT('',#2747);
#2750=CARTESIAN_POINT('',(-7.4E-1,-6.247E1,-1.7E0));
#2751=VERTEX_POINT('',#2750);
#2752=CARTESIAN_POINT('',(-7.4E-1,-5.897E1,-1.7E0));
#2753=VERTEX_POINT('',#2752);
#2754=CARTESIAN_POINT('',(-8.9E-1,-5.897E1,-1.67E0));
#2755=CARTESIAN_POINT('',(-8.9E-1,-6.247E1,-1.67E0));
#2756=VERTEX_POINT('',#2754);
#2757=VERTEX_POINT('',#2755);
#2758=CARTESIAN_POINT('',(-1.24E0,-6.247E1,-1.67E0));
#2759=VERTEX_POINT('',#2758);
#2760=CARTESIAN_POINT('',(-1.24E0,-5.897E1,-1.67E0));
#2761=VERTEX_POINT('',#2760);
#2762=CARTESIAN_POINT('',(-8.9E-1,-5.897E1,-1.7E0));
#2763=CARTESIAN_POINT('',(-8.9E-1,-6.247E1,-1.7E0));
#2764=VERTEX_POINT('',#2762);
#2765=VERTEX_POINT('',#2763);
#2766=CARTESIAN_POINT('',(-1.24E0,-6.247E1,-1.7E0));
#2767=VERTEX_POINT('',#2766);
#2768=CARTESIAN_POINT('',(-1.24E0,-5.897E1,-1.7E0));
#2769=VERTEX_POINT('',#2768);
#2770=CARTESIAN_POINT('',(-1.39E0,-5.897E1,-1.67E0));
#2771=CARTESIAN_POINT('',(-1.39E0,-6.247E1,-1.67E0));
#2772=VERTEX_POINT('',#2770);
#2773=VERTEX_POINT('',#2771);
#2774=CARTESIAN_POINT('',(-1.74E0,-6.247E1,-1.67E0));
#2775=VERTEX_POINT('',#2774);
#2776=CARTESIAN_POINT('',(-1.74E0,-5.897E1,-1.67E0));
#2777=VERTEX_POINT('',#2776);
#2778=CARTESIAN_POINT('',(-1.39E0,-5.897E1,-1.7E0));
#2779=CARTESIAN_POINT('',(-1.39E0,-6.247E1,-1.7E0));
#2780=VERTEX_POINT('',#2778);
#2781=VERTEX_POINT('',#2779);
#2782=CARTESIAN_POINT('',(-1.74E0,-6.247E1,-1.7E0));
#2783=VERTEX_POINT('',#2782);
#2784=CARTESIAN_POINT('',(-1.74E0,-5.897E1,-1.7E0));
#2785=VERTEX_POINT('',#2784);
#2786=CARTESIAN_POINT('',(3.43E0,-6.247E1,-1.7E0));
#2787=CARTESIAN_POINT('',(3.23E0,-6.267E1,-1.7E0));
#2788=VERTEX_POINT('',#2786);
#2789=VERTEX_POINT('',#2787);
#2790=CARTESIAN_POINT('',(-1.87E0,-6.267E1,-1.7E0));
#2791=CARTESIAN_POINT('',(-2.07E0,-6.247E1,-1.7E0));
#2792=VERTEX_POINT('',#2790);
#2793=VERTEX_POINT('',#2791);
#2794=CARTESIAN_POINT('',(-1.87E0,-6.267E1,-1.44E0));
#2795=CARTESIAN_POINT('',(3.23E0,-6.267E1,-1.44E0));
#2796=VERTEX_POINT('',#2794);
#2797=VERTEX_POINT('',#2795);
#2798=CARTESIAN_POINT('',(3.43E0,-6.247E1,-1.44E0));
#2799=VERTEX_POINT('',#2798);
#2800=CARTESIAN_POINT('',(3.43E0,-5.767E1,-1.44E0));
#2801=VERTEX_POINT('',#2800);
#2802=CARTESIAN_POINT('',(-2.07E0,-5.767E1,-1.44E0));
#2803=VERTEX_POINT('',#2802);
#2804=CARTESIAN_POINT('',(-2.07E0,-6.247E1,-1.44E0));
#2805=VERTEX_POINT('',#2804);
#2806=CARTESIAN_POINT('',(3.43E0,-5.767E1,-1.57E0));
#2807=CARTESIAN_POINT('',(-2.07E0,-5.767E1,-1.57E0));
#2808=VERTEX_POINT('',#2806);
#2809=VERTEX_POINT('',#2807);
#2810=CARTESIAN_POINT('',(9.03E0,-7.08E1,-1.22E0));
#2811=CARTESIAN_POINT('',(8.83E0,-7.1E1,-1.22E0));
#2812=VERTEX_POINT('',#2810);
#2813=VERTEX_POINT('',#2811);
#2814=CARTESIAN_POINT('',(5.73E0,-7.1E1,-1.22E0));
#2815=VERTEX_POINT('',#2814);
#2816=CARTESIAN_POINT('',(5.53E0,-7.08E1,-1.22E0));
#2817=VERTEX_POINT('',#2816);
#2818=CARTESIAN_POINT('',(5.53E0,-6.6E1,-1.22E0));
#2819=VERTEX_POINT('',#2818);
#2820=CARTESIAN_POINT('',(9.03E0,-6.6E1,-1.22E0));
#2821=VERTEX_POINT('',#2820);
#2822=CARTESIAN_POINT('',(5.53E0,-6.6E1,-1.09E0));
#2823=CARTESIAN_POINT('',(9.03E0,-6.6E1,-1.09E0));
#2824=VERTEX_POINT('',#2822);
#2825=VERTEX_POINT('',#2823);
#2826=CARTESIAN_POINT('',(1.328E1,-5.55E1,-1.29E0));
#2827=CARTESIAN_POINT('',(1.278E1,-5.6E1,-1.29E0));
#2828=VERTEX_POINT('',#2826);
#2829=VERTEX_POINT('',#2827);
#2830=CARTESIAN_POINT('',(1.278E1,-5.6E1,-9.6E-1));
#2831=VERTEX_POINT('',#2830);
#2832=CARTESIAN_POINT('',(1.328E1,-5.55E1,-9.6E-1));
#2833=VERTEX_POINT('',#2832);
#2834=CARTESIAN_POINT('',(1.28E0,-5.55E1,-9.6E-1));
#2835=CARTESIAN_POINT('',(1.78E0,-5.6E1,-9.6E-1));
#2836=VERTEX_POINT('',#2834);
#2837=VERTEX_POINT('',#2835);
#2838=CARTESIAN_POINT('',(1.78E0,-5.6E1,-1.29E0));
#2839=VERTEX_POINT('',#2838);
#2840=CARTESIAN_POINT('',(1.28E0,-5.55E1,-1.29E0));
#2841=VERTEX_POINT('',#2840);
#2842=CARTESIAN_POINT('',(1.328E1,-4.35E1,-9.6E-1));
#2843=CARTESIAN_POINT('',(1.278E1,-4.3E1,-9.6E-1));
#2844=VERTEX_POINT('',#2842);
#2845=VERTEX_POINT('',#2843);
#2846=CARTESIAN_POINT('',(1.278E1,-4.3E1,-1.29E0));
#2847=VERTEX_POINT('',#2846);
#2848=CARTESIAN_POINT('',(1.328E1,-4.35E1,-1.29E0));
#2849=VERTEX_POINT('',#2848);
#2850=CARTESIAN_POINT('',(1.78E0,-4.3E1,-9.6E-1));
#2851=CARTESIAN_POINT('',(1.28E0,-4.35E1,-9.6E-1));
#2852=VERTEX_POINT('',#2850);
#2853=VERTEX_POINT('',#2851);
#2854=CARTESIAN_POINT('',(1.28E0,-4.35E1,-1.29E0));
#2855=VERTEX_POINT('',#2854);
#2856=CARTESIAN_POINT('',(1.78E0,-4.3E1,-1.29E0));
#2857=VERTEX_POINT('',#2856);
#2858=CARTESIAN_POINT('',(1.003E1,-5.6E1,-1.09E0));
#2859=CARTESIAN_POINT('',(1.003E1,-5.6E1,-9.6E-1));
#2860=VERTEX_POINT('',#2858);
#2861=VERTEX_POINT('',#2859);
#2862=CARTESIAN_POINT('',(9.03E0,-5.7E1,-1.09E0));
#2863=CARTESIAN_POINT('',(9.03E0,-5.7E1,-9.6E-1));
#2864=VERTEX_POINT('',#2862);
#2865=VERTEX_POINT('',#2863);
#2866=CARTESIAN_POINT('',(5.53E0,-5.7E1,-1.09E0));
#2867=CARTESIAN_POINT('',(5.53E0,-5.7E1,-9.6E-1));
#2868=VERTEX_POINT('',#2866);
#2869=VERTEX_POINT('',#2867);
#2870=CARTESIAN_POINT('',(4.53E0,-5.6E1,-1.09E0));
#2871=CARTESIAN_POINT('',(4.53E0,-5.6E1,-9.6E-1));
#2872=VERTEX_POINT('',#2870);
#2873=VERTEX_POINT('',#2871);
#2874=CARTESIAN_POINT('',(9.78E0,-4.2E1,-1.09E0));
#2875=CARTESIAN_POINT('',(9.78E0,-4.2E1,-9.6E-1));
#2876=VERTEX_POINT('',#2874);
#2877=VERTEX_POINT('',#2875);
#2878=CARTESIAN_POINT('',(1.078E1,-4.3E1,-1.09E0));
#2879=CARTESIAN_POINT('',(1.078E1,-4.3E1,-9.6E-1));
#2880=VERTEX_POINT('',#2878);
#2881=VERTEX_POINT('',#2879);
#2882=CARTESIAN_POINT('',(3.78E0,-4.3E1,-1.09E0));
#2883=CARTESIAN_POINT('',(3.78E0,-4.3E1,-9.6E-1));
#2884=VERTEX_POINT('',#2882);
#2885=VERTEX_POINT('',#2883);
#2886=CARTESIAN_POINT('',(4.78E0,-4.2E1,-1.09E0));
#2887=CARTESIAN_POINT('',(4.78E0,-4.2E1,-9.6E-1));
#2888=VERTEX_POINT('',#2886);
#2889=VERTEX_POINT('',#2887);
#2890=CARTESIAN_POINT('',(-2.07E0,-4.512E1,-1.7E0));
#2891=CARTESIAN_POINT('',(-2.07E0,-4.512E1,-1.57E0));
#2892=VERTEX_POINT('',#2890);
#2893=VERTEX_POINT('',#2891);
#2894=CARTESIAN_POINT('',(-3.07E0,-4.412E1,-1.7E0));
#2895=CARTESIAN_POINT('',(-3.07E0,-4.412E1,-1.57E0));
#2896=VERTEX_POINT('',#2894);
#2897=VERTEX_POINT('',#2895);
#2898=CARTESIAN_POINT('',(4.43E0,-4.412E1,-1.7E0));
#2899=CARTESIAN_POINT('',(4.43E0,-4.412E1,-1.57E0));
#2900=VERTEX_POINT('',#2898);
#2901=VERTEX_POINT('',#2899);
#2902=CARTESIAN_POINT('',(3.43E0,-4.512E1,-1.7E0));
#2903=CARTESIAN_POINT('',(3.43E0,-4.512E1,-1.57E0));
#2904=VERTEX_POINT('',#2902);
#2905=VERTEX_POINT('',#2903);
#2906=CARTESIAN_POINT('',(1.998E1,-4.312E1,-1.7E0));
#2907=CARTESIAN_POINT('',(1.898E1,-4.412E1,-1.7E0));
#2908=VERTEX_POINT('',#2906);
#2909=VERTEX_POINT('',#2907);
#2910=CARTESIAN_POINT('',(1.898E1,-4.412E1,-1.57E0));
#2911=VERTEX_POINT('',#2910);
#2912=CARTESIAN_POINT('',(1.998E1,-4.312E1,-1.57E0));
#2913=VERTEX_POINT('',#2912);
#2914=CARTESIAN_POINT('',(1.898E1,-3.617E1,-1.7E0));
#2915=CARTESIAN_POINT('',(1.998E1,-3.717E1,-1.7E0));
#2916=VERTEX_POINT('',#2914);
#2917=VERTEX_POINT('',#2915);
#2918=CARTESIAN_POINT('',(1.998E1,-3.717E1,-1.57E0));
#2919=VERTEX_POINT('',#2918);
#2920=CARTESIAN_POINT('',(1.898E1,-3.617E1,-1.57E0));
#2921=VERTEX_POINT('',#2920);
#2922=CARTESIAN_POINT('',(-9.07E0,-4.412E1,-1.7E0));
#2923=CARTESIAN_POINT('',(-1.007E1,-4.312E1,-1.7E0));
#2924=VERTEX_POINT('',#2922);
#2925=VERTEX_POINT('',#2923);
#2926=CARTESIAN_POINT('',(-1.007E1,-4.312E1,-1.57E0));
#2927=VERTEX_POINT('',#2926);
#2928=CARTESIAN_POINT('',(-9.07E0,-4.412E1,-1.57E0));
#2929=VERTEX_POINT('',#2928);
#2930=CARTESIAN_POINT('',(1.144E1,-3.557E1,-1.7E0));
#2931=CARTESIAN_POINT('',(1.144E1,-3.557E1,-1.57E0));
#2932=VERTEX_POINT('',#2930);
#2933=VERTEX_POINT('',#2931);
#2934=CARTESIAN_POINT('',(1.204E1,-3.617E1,-1.7E0));
#2935=CARTESIAN_POINT('',(1.204E1,-3.617E1,-1.57E0));
#2936=VERTEX_POINT('',#2934);
#2937=VERTEX_POINT('',#2935);
#2938=CARTESIAN_POINT('',(-2.16E1,3.14E1,-3.E-2));
#2939=CARTESIAN_POINT('',(-2.16E1,-2.62E1,-3.E-2));
#2940=VERTEX_POINT('',#2938);
#2941=VERTEX_POINT('',#2939);
#2942=CARTESIAN_POINT('',(2.16E1,-2.62E1,-3.E-2));
#2943=VERTEX_POINT('',#2942);
#2944=CARTESIAN_POINT('',(2.16E1,3.14E1,-3.E-2));
#2945=VERTEX_POINT('',#2944);
#2946=CARTESIAN_POINT('',(-2.16E1,3.14E1,0.E0));
#2947=CARTESIAN_POINT('',(-2.16E1,-2.62E1,0.E0));
#2948=VERTEX_POINT('',#2946);
#2949=VERTEX_POINT('',#2947);
#2950=CARTESIAN_POINT('',(2.16E1,-2.62E1,0.E0));
#2951=VERTEX_POINT('',#2950);
#2952=CARTESIAN_POINT('',(2.16E1,3.14E1,0.E0));
#2953=VERTEX_POINT('',#2952);
#2954=CARTESIAN_POINT('',(0.E0,0.E0,0.E0));
#2955=DIRECTION('',(0.E0,0.E0,1.E0));
#2956=DIRECTION('',(1.E0,0.E0,0.E0));
#2957=AXIS2_PLACEMENT_3D('',#2954,#2955,#2956);
#2958=PLANE('',#2957);
#2960=ORIENTED_EDGE('',*,*,#2959,.F.);
#2962=ORIENTED_EDGE('',*,*,#2961,.F.);
#2964=ORIENTED_EDGE('',*,*,#2963,.F.);
#2966=ORIENTED_EDGE('',*,*,#2965,.F.);
#2967=EDGE_LOOP('',(#2960,#2962,#2964,#2966));
#2968=FACE_OUTER_BOUND('',#2967,.F.);
#2970=ORIENTED_EDGE('',*,*,#2969,.T.);
#2972=ORIENTED_EDGE('',*,*,#2971,.T.);
#2974=ORIENTED_EDGE('',*,*,#2973,.T.);
#2976=ORIENTED_EDGE('',*,*,#2975,.T.);
#2977=EDGE_LOOP('',(#2970,#2972,#2974,#2976));
#2978=FACE_BOUND('',#2977,.F.);
#2979=ADVANCED_FACE('',(#2968,#2978),#2958,.T.);
#2980=CARTESIAN_POINT('',(-2.5E1,-3.46E1,0.E0));
#2981=DIRECTION('',(0.E0,-1.E0,0.E0));
#2982=DIRECTION('',(1.E0,0.E0,0.E0));
#2983=AXIS2_PLACEMENT_3D('',#2980,#2981,#2982);
#2984=PLANE('',#2983);
#2985=ORIENTED_EDGE('',*,*,#2959,.T.);
#2987=ORIENTED_EDGE('',*,*,#2986,.T.);
#2989=ORIENTED_EDGE('',*,*,#2988,.F.);
#2991=ORIENTED_EDGE('',*,*,#2990,.F.);
#2992=EDGE_LOOP('',(#2985,#2987,#2989,#2991));
#2993=FACE_OUTER_BOUND('',#2992,.F.);
#2995=ORIENTED_EDGE('',*,*,#2994,.F.);
#2997=ORIENTED_EDGE('',*,*,#2996,.T.);
#2999=ORIENTED_EDGE('',*,*,#2998,.T.);
#3001=ORIENTED_EDGE('',*,*,#3000,.T.);
#3002=EDGE_LOOP('',(#2995,#2997,#2999,#3001));
#3003=FACE_BOUND('',#3002,.F.);
#3005=ORIENTED_EDGE('',*,*,#3004,.F.);
#3007=ORIENTED_EDGE('',*,*,#3006,.T.);
#3009=ORIENTED_EDGE('',*,*,#3008,.T.);
#3011=ORIENTED_EDGE('',*,*,#3010,.T.);
#3012=EDGE_LOOP('',(#3005,#3007,#3009,#3011));
#3013=FACE_BOUND('',#3012,.F.);
#3014=ADVANCED_FACE('',(#2993,#3003,#3013),#2984,.T.);
#3015=CARTESIAN_POINT('',(2.5E1,-3.46E1,0.E0));
#3016=DIRECTION('',(1.E0,0.E0,0.E0));
#3017=DIRECTION('',(0.E0,1.E0,0.E0));
#3018=AXIS2_PLACEMENT_3D('',#3015,#3016,#3017);
#3019=PLANE('',#3018);
#3020=ORIENTED_EDGE('',*,*,#2965,.T.);
#3022=ORIENTED_EDGE('',*,*,#3021,.T.);
#3024=ORIENTED_EDGE('',*,*,#3023,.F.);
#3025=ORIENTED_EDGE('',*,*,#2986,.F.);
#3026=EDGE_LOOP('',(#3020,#3022,#3024,#3025));
#3027=FACE_OUTER_BOUND('',#3026,.F.);
#3028=ADVANCED_FACE('',(#3027),#3019,.T.);
#3029=CARTESIAN_POINT('',(2.5E1,3.46E1,0.E0));
#3030=DIRECTION('',(0.E0,1.E0,0.E0));
#3031=DIRECTION('',(-1.E0,0.E0,0.E0));
#3032=AXIS2_PLACEMENT_3D('',#3029,#3030,#3031);
#3033=PLANE('',#3032);
#3034=ORIENTED_EDGE('',*,*,#2963,.T.);
#3036=ORIENTED_EDGE('',*,*,#3035,.T.);
#3038=ORIENTED_EDGE('',*,*,#3037,.F.);
#3039=ORIENTED_EDGE('',*,*,#3021,.F.);
#3040=EDGE_LOOP('',(#3034,#3036,#3038,#3039));
#3041=FACE_OUTER_BOUND('',#3040,.F.);
#3042=ADVANCED_FACE('',(#3041),#3033,.T.);
#3043=CARTESIAN_POINT('',(-2.5E1,3.46E1,0.E0));
#3044=DIRECTION('',(-1.E0,0.E0,0.E0));
#3045=DIRECTION('',(0.E0,-1.E0,0.E0));
#3046=AXIS2_PLACEMENT_3D('',#3043,#3044,#3045);
#3047=PLANE('',#3046);
#3048=ORIENTED_EDGE('',*,*,#2961,.T.);
#3049=ORIENTED_EDGE('',*,*,#2990,.T.);
#3051=ORIENTED_EDGE('',*,*,#3050,.F.);
#3052=ORIENTED_EDGE('',*,*,#3035,.F.);
#3053=EDGE_LOOP('',(#3048,#3049,#3051,#3052));
#3054=FACE_OUTER_BOUND('',#3053,.F.);
#3055=ADVANCED_FACE('',(#3054),#3047,.T.);
#3056=CARTESIAN_POINT('',(0.E0,0.E0,-3.2E0));
#3057=DIRECTION('',(0.E0,0.E0,1.E0));
#3058=DIRECTION('',(1.E0,0.E0,0.E0));
#3059=AXIS2_PLACEMENT_3D('',#3056,#3057,#3058);
#3060=PLANE('',#3059);
#3061=ORIENTED_EDGE('',*,*,#3050,.T.);
#3062=ORIENTED_EDGE('',*,*,#2988,.T.);
#3063=ORIENTED_EDGE('',*,*,#3023,.T.);
#3064=ORIENTED_EDGE('',*,*,#3037,.T.);
#3065=EDGE_LOOP('',(#3061,#3062,#3063,#3064));
#3066=FACE_OUTER_BOUND('',#3065,.F.);
#3067=ADVANCED_FACE('',(#3066),#3060,.F.);
#3068=CARTESIAN_POINT('',(1.144E1,-3.617E1,0.E0));
#3069=DIRECTION('',(1.E0,0.E0,0.E0));
#3070=DIRECTION('',(0.E0,1.E0,0.E0));
#3071=AXIS2_PLACEMENT_3D('',#3068,#3069,#3070);
#3072=PLANE('',#3071);
#3074=ORIENTED_EDGE('',*,*,#3073,.T.);
#3076=ORIENTED_EDGE('',*,*,#3075,.T.);
#3077=ORIENTED_EDGE('',*,*,#2994,.T.);
#3079=ORIENTED_EDGE('',*,*,#3078,.F.);
#3080=EDGE_LOOP('',(#3074,#3076,#3077,#3079));
#3081=FACE_OUTER_BOUND('',#3080,.F.);
#3082=ADVANCED_FACE('',(#3081),#3072,.T.);
#3083=CARTESIAN_POINT('',(1.204E1,-3.557E1,-7.37152E0));
#3084=DIRECTION('',(0.E0,0.E0,1.E0));
#3085=DIRECTION('',(-1.E0,0.E0,0.E0));
#3086=AXIS2_PLACEMENT_3D('',#3083,#3084,#3085);
#3087=CYLINDRICAL_SURFACE('',#3086,6.E-1);
#3088=ORIENTED_EDGE('',*,*,#3073,.F.);
#3090=ORIENTED_EDGE('',*,*,#3089,.T.);
#3092=ORIENTED_EDGE('',*,*,#3091,.T.);
#3094=ORIENTED_EDGE('',*,*,#3093,.T.);
#3095=EDGE_LOOP('',(#3088,#3090,#3092,#3094));
#3096=FACE_OUTER_BOUND('',#3095,.F.);
#3097=ADVANCED_FACE('',(#3096),#3087,.F.);
#3098=CARTESIAN_POINT('',(0.E0,0.E0,-1.7E0));
#3099=DIRECTION('',(0.E0,0.E0,1.E0));
#3100=DIRECTION('',(1.E0,0.E0,0.E0));
#3101=AXIS2_PLACEMENT_3D('',#3098,#3099,#3100);
#3102=PLANE('',#3101);
#3104=ORIENTED_EDGE('',*,*,#3103,.T.);
#3105=ORIENTED_EDGE('',*,*,#3089,.F.);
#3106=ORIENTED_EDGE('',*,*,#3078,.T.);
#3107=ORIENTED_EDGE('',*,*,#3000,.F.);
#3109=ORIENTED_EDGE('',*,*,#3108,.T.);
#3111=ORIENTED_EDGE('',*,*,#3110,.F.);
#3113=ORIENTED_EDGE('',*,*,#3112,.T.);
#3115=ORIENTED_EDGE('',*,*,#3114,.F.);
#3117=ORIENTED_EDGE('',*,*,#3116,.T.);
#3119=ORIENTED_EDGE('',*,*,#3118,.F.);
#3121=ORIENTED_EDGE('',*,*,#3120,.T.);
#3123=ORIENTED_EDGE('',*,*,#3122,.F.);
#3125=ORIENTED_EDGE('',*,*,#3124,.T.);
#3127=ORIENTED_EDGE('',*,*,#3126,.F.);
#3129=ORIENTED_EDGE('',*,*,#3128,.T.);
#3131=ORIENTED_EDGE('',*,*,#3130,.F.);
#3133=ORIENTED_EDGE('',*,*,#3132,.T.);
#3135=ORIENTED_EDGE('',*,*,#3134,.F.);
#3136=EDGE_LOOP('',(#3104,#3105,#3106,#3107,#3109,#3111,#3113,#3115,#3117,#3119,
#3121,#3123,#3125,#3127,#3129,#3131,#3133,#3135));
#3137=FACE_OUTER_BOUND('',#3136,.F.);
#3139=ORIENTED_EDGE('',*,*,#3138,.T.);
#3141=ORIENTED_EDGE('',*,*,#3140,.T.);
#3143=ORIENTED_EDGE('',*,*,#3142,.T.);
#3145=ORIENTED_EDGE('',*,*,#3144,.T.);
#3146=EDGE_LOOP('',(#3139,#3141,#3143,#3145));
#3147=FACE_BOUND('',#3146,.F.);
#3149=ORIENTED_EDGE('',*,*,#3148,.T.);
#3151=ORIENTED_EDGE('',*,*,#3150,.T.);
#3153=ORIENTED_EDGE('',*,*,#3152,.T.);
#3155=ORIENTED_EDGE('',*,*,#3154,.T.);
#3156=EDGE_LOOP('',(#3149,#3151,#3153,#3155));
#3157=FACE_BOUND('',#3156,.F.);
#3159=ORIENTED_EDGE('',*,*,#3158,.T.);
#3161=ORIENTED_EDGE('',*,*,#3160,.T.);
#3163=ORIENTED_EDGE('',*,*,#3162,.T.);
#3165=ORIENTED_EDGE('',*,*,#3164,.T.);
#3166=EDGE_LOOP('',(#3159,#3161,#3163,#3165));
#3167=FACE_BOUND('',#3166,.F.);
#3169=ORIENTED_EDGE('',*,*,#3168,.T.);
#3171=ORIENTED_EDGE('',*,*,#3170,.T.);
#3173=ORIENTED_EDGE('',*,*,#3172,.T.);
#3175=ORIENTED_EDGE('',*,*,#3174,.T.);
#3176=EDGE_LOOP('',(#3169,#3171,#3173,#3175));
#3177=FACE_BOUND('',#3176,.F.);
#3179=ORIENTED_EDGE('',*,*,#3178,.T.);
#3181=ORIENTED_EDGE('',*,*,#3180,.T.);
#3183=ORIENTED_EDGE('',*,*,#3182,.T.);
#3185=ORIENTED_EDGE('',*,*,#3184,.T.);
#3186=EDGE_LOOP('',(#3179,#3181,#3183,#3185));
#3187=FACE_BOUND('',#3186,.F.);
#3189=ORIENTED_EDGE('',*,*,#3188,.T.);
#3191=ORIENTED_EDGE('',*,*,#3190,.T.);
#3193=ORIENTED_EDGE('',*,*,#3192,.T.);
#3195=ORIENTED_EDGE('',*,*,#3194,.T.);
#3196=EDGE_LOOP('',(#3189,#3191,#3193,#3195));
#3197=FACE_BOUND('',#3196,.F.);
#3199=ORIENTED_EDGE('',*,*,#3198,.T.);
#3201=ORIENTED_EDGE('',*,*,#3200,.T.);
#3203=ORIENTED_EDGE('',*,*,#3202,.T.);
#3205=ORIENTED_EDGE('',*,*,#3204,.T.);
#3206=EDGE_LOOP('',(#3199,#3201,#3203,#3205));
#3207=FACE_BOUND('',#3206,.F.);
#3209=ORIENTED_EDGE('',*,*,#3208,.T.);
#3211=ORIENTED_EDGE('',*,*,#3210,.T.);
#3213=ORIENTED_EDGE('',*,*,#3212,.T.);
#3215=ORIENTED_EDGE('',*,*,#3214,.T.);
#3216=EDGE_LOOP('',(#3209,#3211,#3213,#3215));
#3217=FACE_BOUND('',#3216,.F.);
#3219=ORIENTED_EDGE('',*,*,#3218,.T.);
#3221=ORIENTED_EDGE('',*,*,#3220,.T.);
#3223=ORIENTED_EDGE('',*,*,#3222,.T.);
#3225=ORIENTED_EDGE('',*,*,#3224,.T.);
#3226=EDGE_LOOP('',(#3219,#3221,#3223,#3225));
#3227=FACE_BOUND('',#3226,.F.);
#3229=ORIENTED_EDGE('',*,*,#3228,.T.);
#3231=ORIENTED_EDGE('',*,*,#3230,.T.);
#3233=ORIENTED_EDGE('',*,*,#3232,.T.);
#3235=ORIENTED_EDGE('',*,*,#3234,.T.);
#3236=EDGE_LOOP('',(#3229,#3231,#3233,#3235));
#3237=FACE_BOUND('',#3236,.F.);
#3238=ADVANCED_FACE('',(#3137,#3147,#3157,#3167,#3177,#3187,#3197,#3207,#3217,
#3227,#3237),#3102,.F.);
#3239=CARTESIAN_POINT('',(3.11E0,-5.897E1,-1.7E0));
#3240=DIRECTION('',(1.E0,0.E0,0.E0));
#3241=DIRECTION('',(0.E0,-1.E0,0.E0));
#3242=AXIS2_PLACEMENT_3D('',#3239,#3240,#3241);
#3243=PLANE('',#3242);
#3244=ORIENTED_EDGE('',*,*,#3228,.F.);
#3246=ORIENTED_EDGE('',*,*,#3245,.T.);
#3248=ORIENTED_EDGE('',*,*,#3247,.T.);
#3250=ORIENTED_EDGE('',*,*,#3249,.F.);
#3251=EDGE_LOOP('',(#3244,#3246,#3248,#3250));
#3252=FACE_OUTER_BOUND('',#3251,.F.);
#3253=ADVANCED_FACE('',(#3252),#3243,.F.);
#3254=CARTESIAN_POINT('',(2.76E0,-5.897E1,-1.7E0));
#3255=DIRECTION('',(0.E0,1.E0,0.E0));
#3256=DIRECTION('',(1.E0,0.E0,0.E0));
#3257=AXIS2_PLACEMENT_3D('',#3254,#3255,#3256);
#3258=PLANE('',#3257);
#3259=ORIENTED_EDGE('',*,*,#3234,.F.);
#3261=ORIENTED_EDGE('',*,*,#3260,.T.);
#3263=ORIENTED_EDGE('',*,*,#3262,.T.);
#3264=ORIENTED_EDGE('',*,*,#3245,.F.);
#3265=EDGE_LOOP('',(#3259,#3261,#3263,#3264));
#3266=FACE_OUTER_BOUND('',#3265,.F.);
#3267=ADVANCED_FACE('',(#3266),#3258,.F.);
#3268=CARTESIAN_POINT('',(2.76E0,-6.247E1,-1.7E0));
#3269=DIRECTION('',(-1.E0,0.E0,0.E0));
#3270=DIRECTION('',(0.E0,1.E0,0.E0));
#3271=AXIS2_PLACEMENT_3D('',#3268,#3269,#3270);
#3272=PLANE('',#3271);
#3273=ORIENTED_EDGE('',*,*,#3232,.F.);
#3275=ORIENTED_EDGE('',*,*,#3274,.T.);
#3277=ORIENTED_EDGE('',*,*,#3276,.T.);
#3278=ORIENTED_EDGE('',*,*,#3260,.F.);
#3279=EDGE_LOOP('',(#3273,#3275,#3277,#3278));
#3280=FACE_OUTER_BOUND('',#3279,.F.);
#3281=ADVANCED_FACE('',(#3280),#3272,.F.);
#3282=CARTESIAN_POINT('',(3.11E0,-6.247E1,-1.7E0));
#3283=DIRECTION('',(0.E0,-1.E0,0.E0));
#3284=DIRECTION('',(-1.E0,0.E0,0.E0));
#3285=AXIS2_PLACEMENT_3D('',#3282,#3283,#3284);
#3286=PLANE('',#3285);
#3287=ORIENTED_EDGE('',*,*,#3230,.F.);
#3288=ORIENTED_EDGE('',*,*,#3249,.T.);
#3290=ORIENTED_EDGE('',*,*,#3289,.T.);
#3291=ORIENTED_EDGE('',*,*,#3274,.F.);
#3292=EDGE_LOOP('',(#3287,#3288,#3290,#3291));
#3293=FACE_OUTER_BOUND('',#3292,.F.);
#3294=ADVANCED_FACE('',(#3293),#3286,.F.);
#3295=CARTESIAN_POINT('',(0.E0,0.E0,-1.67E0));
#3296=DIRECTION('',(0.E0,0.E0,-1.E0));
#3297=DIRECTION('',(-1.E0,0.E0,0.E0));
#3298=AXIS2_PLACEMENT_3D('',#3295,#3296,#3297);
#3299=PLANE('',#3298);
#3300=ORIENTED_EDGE('',*,*,#3247,.F.);
#3301=ORIENTED_EDGE('',*,*,#3262,.F.);
#3302=ORIENTED_EDGE('',*,*,#3276,.F.);
#3303=ORIENTED_EDGE('',*,*,#3289,.F.);
#3304=EDGE_LOOP('',(#3300,#3301,#3302,#3303));
#3305=FACE_OUTER_BOUND('',#3304,.F.);
#3306=ADVANCED_FACE('',(#3305),#3299,.T.);
#3307=FILL_AREA_STYLE_COLOUR('',#12);
#3308=FILL_AREA_STYLE('',(#3307));
#3309=SURFACE_STYLE_FILL_AREA(#3308);
#3310=SURFACE_SIDE_STYLE('',(#3309));
#3311=SURFACE_STYLE_USAGE(.POSITIVE.,#3310);
#3312=FILL_AREA_STYLE_COLOUR('',#6);
#3313=FILL_AREA_STYLE('',(#3312));
#3314=SURFACE_STYLE_FILL_AREA(#3313);
#3315=SURFACE_SIDE_STYLE('',(#3314));
#3316=SURFACE_STYLE_USAGE(.NEGATIVE.,#3315);
#3317=PRESENTATION_STYLE_ASSIGNMENT((#3311,#3316));
#3318=OVER_RIDING_STYLED_ITEM('',(#3317),#3306,#16);
#3319=CARTESIAN_POINT('',(2.61E0,-5.897E1,-1.7E0));
#3320=DIRECTION('',(1.E0,0.E0,0.E0));
#3321=DIRECTION('',(0.E0,-1.E0,0.E0));
#3322=AXIS2_PLACEMENT_3D('',#3319,#3320,#3321);
#3323=PLANE('',#3322);
#3324=ORIENTED_EDGE('',*,*,#3138,.F.);
#3326=ORIENTED_EDGE('',*,*,#3325,.T.);
#3328=ORIENTED_EDGE('',*,*,#3327,.T.);
#3330=ORIENTED_EDGE('',*,*,#3329,.F.);
#3331=EDGE_LOOP('',(#3324,#3326,#3328,#3330));
#3332=FACE_OUTER_BOUND('',#3331,.F.);
#3333=ADVANCED_FACE('',(#3332),#3323,.F.);
#3334=CARTESIAN_POINT('',(2.26E0,-5.897E1,-1.7E0));
#3335=DIRECTION('',(0.E0,1.E0,0.E0));
#3336=DIRECTION('',(1.E0,0.E0,0.E0));
#3337=AXIS2_PLACEMENT_3D('',#3334,#3335,#3336);
#3338=PLANE('',#3337);
#3339=ORIENTED_EDGE('',*,*,#3144,.F.);
#3341=ORIENTED_EDGE('',*,*,#3340,.T.);
#3343=ORIENTED_EDGE('',*,*,#3342,.T.);
#3344=ORIENTED_EDGE('',*,*,#3325,.F.);
#3345=EDGE_LOOP('',(#3339,#3341,#3343,#3344));
#3346=FACE_OUTER_BOUND('',#3345,.F.);
#3347=ADVANCED_FACE('',(#3346),#3338,.F.);
#3348=CARTESIAN_POINT('',(2.26E0,-6.247E1,-1.7E0));
#3349=DIRECTION('',(-1.E0,0.E0,0.E0));
#3350=DIRECTION('',(0.E0,1.E0,0.E0));
#3351=AXIS2_PLACEMENT_3D('',#3348,#3349,#3350);
#3352=PLANE('',#3351);
#3353=ORIENTED_EDGE('',*,*,#3142,.F.);
#3355=ORIENTED_EDGE('',*,*,#3354,.T.);
#3357=ORIENTED_EDGE('',*,*,#3356,.T.);
#3358=ORIENTED_EDGE('',*,*,#3340,.F.);
#3359=EDGE_LOOP('',(#3353,#3355,#3357,#3358));
#3360=FACE_OUTER_BOUND('',#3359,.F.);
#3361=ADVANCED_FACE('',(#3360),#3352,.F.);
#3362=CARTESIAN_POINT('',(2.61E0,-6.247E1,-1.7E0));
#3363=DIRECTION('',(0.E0,-1.E0,0.E0));
#3364=DIRECTION('',(-1.E0,0.E0,0.E0));
#3365=AXIS2_PLACEMENT_3D('',#3362,#3363,#3364);
#3366=PLANE('',#3365);
#3367=ORIENTED_EDGE('',*,*,#3140,.F.);
#3368=ORIENTED_EDGE('',*,*,#3329,.T.);
#3370=ORIENTED_EDGE('',*,*,#3369,.T.);
#3371=ORIENTED_EDGE('',*,*,#3354,.F.);
#3372=EDGE_LOOP('',(#3367,#3368,#3370,#3371));
#3373=FACE_OUTER_BOUND('',#3372,.F.);
#3374=ADVANCED_FACE('',(#3373),#3366,.F.);
#3375=CARTESIAN_POINT('',(-5.E-1,0.E0,-1.67E0));
#3376=DIRECTION('',(0.E0,0.E0,-1.E0));
#3377=DIRECTION('',(-1.E0,0.E0,0.E0));
#3378=AXIS2_PLACEMENT_3D('',#3375,#3376,#3377);
#3379=PLANE('',#3378);
#3380=ORIENTED_EDGE('',*,*,#3327,.F.);
#3381=ORIENTED_EDGE('',*,*,#3342,.F.);
#3382=ORIENTED_EDGE('',*,*,#3356,.F.);
#3383=ORIENTED_EDGE('',*,*,#3369,.F.);
#3384=EDGE_LOOP('',(#3380,#3381,#3382,#3383));
#3385=FACE_OUTER_BOUND('',#3384,.F.);
#3386=ADVANCED_FACE('',(#3385),#3379,.T.);
#3387=FILL_AREA_STYLE_COLOUR('',#12);
#3388=FILL_AREA_STYLE('',(#3387));
#3389=SURFACE_STYLE_FILL_AREA(#3388);
#3390=SURFACE_SIDE_STYLE('',(#3389));
#3391=SURFACE_STYLE_USAGE(.POSITIVE.,#3390);
#3392=FILL_AREA_STYLE_COLOUR('',#6);
#3393=FILL_AREA_STYLE('',(#3392));
#3394=SURFACE_STYLE_FILL_AREA(#3393);
#3395=SURFACE_SIDE_STYLE('',(#3394));
#3396=SURFACE_STYLE_USAGE(.NEGATIVE.,#3395);
#3397=PRESENTATION_STYLE_ASSIGNMENT((#3391,#3396));
#3398=OVER_RIDING_STYLED_ITEM('',(#3397),#3386,#16);
#3399=CARTESIAN_POINT('',(2.11E0,-5.897E1,-1.7E0));
#3400=DIRECTION('',(1.E0,0.E0,0.E0));
#3401=DIRECTION('',(0.E0,-1.E0,0.E0));
#3402=AXIS2_PLACEMENT_3D('',#3399,#3400,#3401);
#3403=PLANE('',#3402);
#3404=ORIENTED_EDGE('',*,*,#3148,.F.);
#3406=ORIENTED_EDGE('',*,*,#3405,.T.);
#3408=ORIENTED_EDGE('',*,*,#3407,.T.);
#3410=ORIENTED_EDGE('',*,*,#3409,.F.);
#3411=EDGE_LOOP('',(#3404,#3406,#3408,#3410));
#3412=FACE_OUTER_BOUND('',#3411,.F.);
#3413=ADVANCED_FACE('',(#3412),#3403,.F.);
#3414=CARTESIAN_POINT('',(1.76E0,-5.897E1,-1.7E0));
#3415=DIRECTION('',(0.E0,1.E0,0.E0));
#3416=DIRECTION('',(1.E0,0.E0,0.E0));
#3417=AXIS2_PLACEMENT_3D('',#3414,#3415,#3416);
#3418=PLANE('',#3417);
#3419=ORIENTED_EDGE('',*,*,#3154,.F.);
#3421=ORIENTED_EDGE('',*,*,#3420,.T.);
#3423=ORIENTED_EDGE('',*,*,#3422,.T.);
#3424=ORIENTED_EDGE('',*,*,#3405,.F.);
#3425=EDGE_LOOP('',(#3419,#3421,#3423,#3424));
#3426=FACE_OUTER_BOUND('',#3425,.F.);
#3427=ADVANCED_FACE('',(#3426),#3418,.F.);
#3428=CARTESIAN_POINT('',(1.76E0,-6.247E1,-1.7E0));
#3429=DIRECTION('',(-1.E0,0.E0,0.E0));
#3430=DIRECTION('',(0.E0,1.E0,0.E0));
#3431=AXIS2_PLACEMENT_3D('',#3428,#3429,#3430);
#3432=PLANE('',#3431);
#3433=ORIENTED_EDGE('',*,*,#3152,.F.);
#3435=ORIENTED_EDGE('',*,*,#3434,.T.);
#3437=ORIENTED_EDGE('',*,*,#3436,.T.);
#3438=ORIENTED_EDGE('',*,*,#3420,.F.);
#3439=EDGE_LOOP('',(#3433,#3435,#3437,#3438));
#3440=FACE_OUTER_BOUND('',#3439,.F.);
#3441=ADVANCED_FACE('',(#3440),#3432,.F.);
#3442=CARTESIAN_POINT('',(2.11E0,-6.247E1,-1.7E0));
#3443=DIRECTION('',(0.E0,-1.E0,0.E0));
#3444=DIRECTION('',(-1.E0,0.E0,0.E0));
#3445=AXIS2_PLACEMENT_3D('',#3442,#3443,#3444);
#3446=PLANE('',#3445);
#3447=ORIENTED_EDGE('',*,*,#3150,.F.);
#3448=ORIENTED_EDGE('',*,*,#3409,.T.);
#3450=ORIENTED_EDGE('',*,*,#3449,.T.);
#3451=ORIENTED_EDGE('',*,*,#3434,.F.);
#3452=EDGE_LOOP('',(#3447,#3448,#3450,#3451));
#3453=FACE_OUTER_BOUND('',#3452,.F.);
#3454=ADVANCED_FACE('',(#3453),#3446,.F.);
#3455=CARTESIAN_POINT('',(-1.E0,0.E0,-1.67E0));
#3456=DIRECTION('',(0.E0,0.E0,-1.E0));
#3457=DIRECTION('',(-1.E0,0.E0,0.E0));
#3458=AXIS2_PLACEMENT_3D('',#3455,#3456,#3457);
#3459=PLANE('',#3458);
#3460=ORIENTED_EDGE('',*,*,#3407,.F.);
#3461=ORIENTED_EDGE('',*,*,#3422,.F.);
#3462=ORIENTED_EDGE('',*,*,#3436,.F.);
#3463=ORIENTED_EDGE('',*,*,#3449,.F.);
#3464=EDGE_LOOP('',(#3460,#3461,#3462,#3463));
#3465=FACE_OUTER_BOUND('',#3464,.F.);
#3466=ADVANCED_FACE('',(#3465),#3459,.T.);
#3467=FILL_AREA_STYLE_COLOUR('',#12);
#3468=FILL_AREA_STYLE('',(#3467));
#3469=SURFACE_STYLE_FILL_AREA(#3468);
#3470=SURFACE_SIDE_STYLE('',(#3469));
#3471=SURFACE_STYLE_USAGE(.POSITIVE.,#3470);
#3472=FILL_AREA_STYLE_COLOUR('',#6);
#3473=FILL_AREA_STYLE('',(#3472));
#3474=SURFACE_STYLE_FILL_AREA(#3473);
#3475=SURFACE_SIDE_STYLE('',(#3474));
#3476=SURFACE_STYLE_USAGE(.NEGATIVE.,#3475);
#3477=PRESENTATION_STYLE_ASSIGNMENT((#3471,#3476));
#3478=OVER_RIDING_STYLED_ITEM('',(#3477),#3466,#16);
#3479=CARTESIAN_POINT('',(1.61E0,-5.897E1,-1.7E0));
#3480=DIRECTION('',(1.E0,0.E0,0.E0));
#3481=DIRECTION('',(0.E0,-1.E0,0.E0));
#3482=AXIS2_PLACEMENT_3D('',#3479,#3480,#3481);
#3483=PLANE('',#3482);
#3484=ORIENTED_EDGE('',*,*,#3158,.F.);
#3486=ORIENTED_EDGE('',*,*,#3485,.T.);
#3488=ORIENTED_EDGE('',*,*,#3487,.T.);
#3490=ORIENTED_EDGE('',*,*,#3489,.F.);
#3491=EDGE_LOOP('',(#3484,#3486,#3488,#3490));
#3492=FACE_OUTER_BOUND('',#3491,.F.);
#3493=ADVANCED_FACE('',(#3492),#3483,.F.);
#3494=CARTESIAN_POINT('',(1.26E0,-5.897E1,-1.7E0));
#3495=DIRECTION('',(0.E0,1.E0,0.E0));
#3496=DIRECTION('',(1.E0,0.E0,0.E0));
#3497=AXIS2_PLACEMENT_3D('',#3494,#3495,#3496);
#3498=PLANE('',#3497);
#3499=ORIENTED_EDGE('',*,*,#3164,.F.);
#3501=ORIENTED_EDGE('',*,*,#3500,.T.);
#3503=ORIENTED_EDGE('',*,*,#3502,.T.);
#3504=ORIENTED_EDGE('',*,*,#3485,.F.);
#3505=EDGE_LOOP('',(#3499,#3501,#3503,#3504));
#3506=FACE_OUTER_BOUND('',#3505,.F.);
#3507=ADVANCED_FACE('',(#3506),#3498,.F.);
#3508=CARTESIAN_POINT('',(1.26E0,-6.247E1,-1.7E0));
#3509=DIRECTION('',(-1.E0,0.E0,0.E0));
#3510=DIRECTION('',(0.E0,1.E0,0.E0));
#3511=AXIS2_PLACEMENT_3D('',#3508,#3509,#3510);
#3512=PLANE('',#3511);
#3513=ORIENTED_EDGE('',*,*,#3162,.F.);
#3515=ORIENTED_EDGE('',*,*,#3514,.T.);
#3517=ORIENTED_EDGE('',*,*,#3516,.T.);
#3518=ORIENTED_EDGE('',*,*,#3500,.F.);
#3519=EDGE_LOOP('',(#3513,#3515,#3517,#3518));
#3520=FACE_OUTER_BOUND('',#3519,.F.);
#3521=ADVANCED_FACE('',(#3520),#3512,.F.);
#3522=CARTESIAN_POINT('',(1.61E0,-6.247E1,-1.7E0));
#3523=DIRECTION('',(0.E0,-1.E0,0.E0));
#3524=DIRECTION('',(-1.E0,0.E0,0.E0));
#3525=AXIS2_PLACEMENT_3D('',#3522,#3523,#3524);
#3526=PLANE('',#3525);
#3527=ORIENTED_EDGE('',*,*,#3160,.F.);
#3528=ORIENTED_EDGE('',*,*,#3489,.T.);
#3530=ORIENTED_EDGE('',*,*,#3529,.T.);
#3531=ORIENTED_EDGE('',*,*,#3514,.F.);
#3532=EDGE_LOOP('',(#3527,#3528,#3530,#3531));
#3533=FACE_OUTER_BOUND('',#3532,.F.);
#3534=ADVANCED_FACE('',(#3533),#3526,.F.);
#3535=CARTESIAN_POINT('',(-1.5E0,0.E0,-1.67E0));
#3536=DIRECTION('',(0.E0,0.E0,-1.E0));
#3537=DIRECTION('',(-1.E0,0.E0,0.E0));
#3538=AXIS2_PLACEMENT_3D('',#3535,#3536,#3537);
#3539=PLANE('',#3538);
#3540=ORIENTED_EDGE('',*,*,#3487,.F.);
#3541=ORIENTED_EDGE('',*,*,#3502,.F.);
#3542=ORIENTED_EDGE('',*,*,#3516,.F.);
#3543=ORIENTED_EDGE('',*,*,#3529,.F.);
#3544=EDGE_LOOP('',(#3540,#3541,#3542,#3543));
#3545=FACE_OUTER_BOUND('',#3544,.F.);
#3546=ADVANCED_FACE('',(#3545),#3539,.T.);
#3547=FILL_AREA_STYLE_COLOUR('',#12);
#3548=FILL_AREA_STYLE('',(#3547));
#3549=SURFACE_STYLE_FILL_AREA(#3548);
#3550=SURFACE_SIDE_STYLE('',(#3549));
#3551=SURFACE_STYLE_USAGE(.POSITIVE.,#3550);
#3552=FILL_AREA_STYLE_COLOUR('',#6);
#3553=FILL_AREA_STYLE('',(#3552));
#3554=SURFACE_STYLE_FILL_AREA(#3553);
#3555=SURFACE_SIDE_STYLE('',(#3554));
#3556=SURFACE_STYLE_USAGE(.NEGATIVE.,#3555);
#3557=PRESENTATION_STYLE_ASSIGNMENT((#3551,#3556));
#3558=OVER_RIDING_STYLED_ITEM('',(#3557),#3546,#16);
#3559=CARTESIAN_POINT('',(1.11E0,-5.897E1,-1.7E0));
#3560=DIRECTION('',(1.E0,0.E0,0.E0));
#3561=DIRECTION('',(0.E0,-1.E0,0.E0));
#3562=AXIS2_PLACEMENT_3D('',#3559,#3560,#3561);
#3563=PLANE('',#3562);
#3564=ORIENTED_EDGE('',*,*,#3168,.F.);
#3566=ORIENTED_EDGE('',*,*,#3565,.T.);
#3568=ORIENTED_EDGE('',*,*,#3567,.T.);
#3570=ORIENTED_EDGE('',*,*,#3569,.F.);
#3571=EDGE_LOOP('',(#3564,#3566,#3568,#3570));
#3572=FACE_OUTER_BOUND('',#3571,.F.);
#3573=ADVANCED_FACE('',(#3572),#3563,.F.);
#3574=CARTESIAN_POINT('',(7.6E-1,-5.897E1,-1.7E0));
#3575=DIRECTION('',(0.E0,1.E0,0.E0));
#3576=DIRECTION('',(1.E0,0.E0,0.E0));
#3577=AXIS2_PLACEMENT_3D('',#3574,#3575,#3576);
#3578=PLANE('',#3577);
#3579=ORIENTED_EDGE('',*,*,#3174,.F.);
#3581=ORIENTED_EDGE('',*,*,#3580,.T.);
#3583=ORIENTED_EDGE('',*,*,#3582,.T.);
#3584=ORIENTED_EDGE('',*,*,#3565,.F.);
#3585=EDGE_LOOP('',(#3579,#3581,#3583,#3584));
#3586=FACE_OUTER_BOUND('',#3585,.F.);
#3587=ADVANCED_FACE('',(#3586),#3578,.F.);
#3588=CARTESIAN_POINT('',(7.6E-1,-6.247E1,-1.7E0));
#3589=DIRECTION('',(-1.E0,0.E0,0.E0));
#3590=DIRECTION('',(0.E0,1.E0,0.E0));
#3591=AXIS2_PLACEMENT_3D('',#3588,#3589,#3590);
#3592=PLANE('',#3591);
#3593=ORIENTED_EDGE('',*,*,#3172,.F.);
#3595=ORIENTED_EDGE('',*,*,#3594,.T.);
#3597=ORIENTED_EDGE('',*,*,#3596,.T.);
#3598=ORIENTED_EDGE('',*,*,#3580,.F.);
#3599=EDGE_LOOP('',(#3593,#3595,#3597,#3598));
#3600=FACE_OUTER_BOUND('',#3599,.F.);
#3601=ADVANCED_FACE('',(#3600),#3592,.F.);
#3602=CARTESIAN_POINT('',(1.11E0,-6.247E1,-1.7E0));
#3603=DIRECTION('',(0.E0,-1.E0,0.E0));
#3604=DIRECTION('',(-1.E0,0.E0,0.E0));
#3605=AXIS2_PLACEMENT_3D('',#3602,#3603,#3604);
#3606=PLANE('',#3605);
#3607=ORIENTED_EDGE('',*,*,#3170,.F.);
#3608=ORIENTED_EDGE('',*,*,#3569,.T.);
#3610=ORIENTED_EDGE('',*,*,#3609,.T.);
#3611=ORIENTED_EDGE('',*,*,#3594,.F.);
#3612=EDGE_LOOP('',(#3607,#3608,#3610,#3611));
#3613=FACE_OUTER_BOUND('',#3612,.F.);
#3614=ADVANCED_FACE('',(#3613),#3606,.F.);
#3615=CARTESIAN_POINT('',(-2.E0,0.E0,-1.67E0));
#3616=DIRECTION('',(0.E0,0.E0,-1.E0));
#3617=DIRECTION('',(-1.E0,0.E0,0.E0));
#3618=AXIS2_PLACEMENT_3D('',#3615,#3616,#3617);
#3619=PLANE('',#3618);
#3620=ORIENTED_EDGE('',*,*,#3567,.F.);
#3621=ORIENTED_EDGE('',*,*,#3582,.F.);
#3622=ORIENTED_EDGE('',*,*,#3596,.F.);
#3623=ORIENTED_EDGE('',*,*,#3609,.F.);
#3624=EDGE_LOOP('',(#3620,#3621,#3622,#3623));
#3625=FACE_OUTER_BOUND('',#3624,.F.);
#3626=ADVANCED_FACE('',(#3625),#3619,.T.);
#3627=FILL_AREA_STYLE_COLOUR('',#12);
#3628=FILL_AREA_STYLE('',(#3627));
#3629=SURFACE_STYLE_FILL_AREA(#3628);
#3630=SURFACE_SIDE_STYLE('',(#3629));
#3631=SURFACE_STYLE_USAGE(.POSITIVE.,#3630);
#3632=FILL_AREA_STYLE_COLOUR('',#6);
#3633=FILL_AREA_STYLE('',(#3632));
#3634=SURFACE_STYLE_FILL_AREA(#3633);
#3635=SURFACE_SIDE_STYLE('',(#3634));
#3636=SURFACE_STYLE_USAGE(.NEGATIVE.,#3635);
#3637=PRESENTATION_STYLE_ASSIGNMENT((#3631,#3636));
#3638=OVER_RIDING_STYLED_ITEM('',(#3637),#3626,#16);
#3639=CARTESIAN_POINT('',(6.1E-1,-5.897E1,-1.7E0));
#3640=DIRECTION('',(1.E0,0.E0,0.E0));
#3641=DIRECTION('',(0.E0,-1.E0,0.E0));
#3642=AXIS2_PLACEMENT_3D('',#3639,#3640,#3641);
#3643=PLANE('',#3642);
#3644=ORIENTED_EDGE('',*,*,#3178,.F.);
#3646=ORIENTED_EDGE('',*,*,#3645,.T.);
#3648=ORIENTED_EDGE('',*,*,#3647,.T.);
#3650=ORIENTED_EDGE('',*,*,#3649,.F.);
#3651=EDGE_LOOP('',(#3644,#3646,#3648,#3650));
#3652=FACE_OUTER_BOUND('',#3651,.F.);
#3653=ADVANCED_FACE('',(#3652),#3643,.F.);
#3654=CARTESIAN_POINT('',(2.6E-1,-5.897E1,-1.7E0));
#3655=DIRECTION('',(0.E0,1.E0,0.E0));
#3656=DIRECTION('',(1.E0,0.E0,0.E0));
#3657=AXIS2_PLACEMENT_3D('',#3654,#3655,#3656);
#3658=PLANE('',#3657);
#3659=ORIENTED_EDGE('',*,*,#3184,.F.);
#3661=ORIENTED_EDGE('',*,*,#3660,.T.);
#3663=ORIENTED_EDGE('',*,*,#3662,.T.);
#3664=ORIENTED_EDGE('',*,*,#3645,.F.);
#3665=EDGE_LOOP('',(#3659,#3661,#3663,#3664));
#3666=FACE_OUTER_BOUND('',#3665,.F.);
#3667=ADVANCED_FACE('',(#3666),#3658,.F.);
#3668=CARTESIAN_POINT('',(2.6E-1,-6.247E1,-1.7E0));
#3669=DIRECTION('',(-1.E0,0.E0,0.E0));
#3670=DIRECTION('',(0.E0,1.E0,0.E0));
#3671=AXIS2_PLACEMENT_3D('',#3668,#3669,#3670);
#3672=PLANE('',#3671);
#3673=ORIENTED_EDGE('',*,*,#3182,.F.);
#3675=ORIENTED_EDGE('',*,*,#3674,.T.);
#3677=ORIENTED_EDGE('',*,*,#3676,.T.);
#3678=ORIENTED_EDGE('',*,*,#3660,.F.);
#3679=EDGE_LOOP('',(#3673,#3675,#3677,#3678));
#3680=FACE_OUTER_BOUND('',#3679,.F.);
#3681=ADVANCED_FACE('',(#3680),#3672,.F.);
#3682=CARTESIAN_POINT('',(6.1E-1,-6.247E1,-1.7E0));
#3683=DIRECTION('',(0.E0,-1.E0,0.E0));
#3684=DIRECTION('',(-1.E0,0.E0,0.E0));
#3685=AXIS2_PLACEMENT_3D('',#3682,#3683,#3684);
#3686=PLANE('',#3685);
#3687=ORIENTED_EDGE('',*,*,#3180,.F.);
#3688=ORIENTED_EDGE('',*,*,#3649,.T.);
#3690=ORIENTED_EDGE('',*,*,#3689,.T.);
#3691=ORIENTED_EDGE('',*,*,#3674,.F.);
#3692=EDGE_LOOP('',(#3687,#3688,#3690,#3691));
#3693=FACE_OUTER_BOUND('',#3692,.F.);
#3694=ADVANCED_FACE('',(#3693),#3686,.F.);
#3695=CARTESIAN_POINT('',(-2.5E0,0.E0,-1.67E0));
#3696=DIRECTION('',(0.E0,0.E0,-1.E0));
#3697=DIRECTION('',(-1.E0,0.E0,0.E0));
#3698=AXIS2_PLACEMENT_3D('',#3695,#3696,#3697);
#3699=PLANE('',#3698);
#3700=ORIENTED_EDGE('',*,*,#3647,.F.);
#3701=ORIENTED_EDGE('',*,*,#3662,.F.);
#3702=ORIENTED_EDGE('',*,*,#3676,.F.);
#3703=ORIENTED_EDGE('',*,*,#3689,.F.);
#3704=EDGE_LOOP('',(#3700,#3701,#3702,#3703));
#3705=FACE_OUTER_BOUND('',#3704,.F.);
#3706=ADVANCED_FACE('',(#3705),#3699,.T.);
#3707=FILL_AREA_STYLE_COLOUR('',#12);
#3708=FILL_AREA_STYLE('',(#3707));
#3709=SURFACE_STYLE_FILL_AREA(#3708);
#3710=SURFACE_SIDE_STYLE('',(#3709));
#3711=SURFACE_STYLE_USAGE(.POSITIVE.,#3710);
#3712=FILL_AREA_STYLE_COLOUR('',#6);
#3713=FILL_AREA_STYLE('',(#3712));
#3714=SURFACE_STYLE_FILL_AREA(#3713);
#3715=SURFACE_SIDE_STYLE('',(#3714));
#3716=SURFACE_STYLE_USAGE(.NEGATIVE.,#3715);
#3717=PRESENTATION_STYLE_ASSIGNMENT((#3711,#3716));
#3718=OVER_RIDING_STYLED_ITEM('',(#3717),#3706,#16);
#3719=CARTESIAN_POINT('',(1.1E-1,-5.897E1,-1.7E0));
#3720=DIRECTION('',(1.E0,0.E0,0.E0));
#3721=DIRECTION('',(0.E0,-1.E0,0.E0));
#3722=AXIS2_PLACEMENT_3D('',#3719,#3720,#3721);
#3723=PLANE('',#3722);
#3724=ORIENTED_EDGE('',*,*,#3188,.F.);
#3726=ORIENTED_EDGE('',*,*,#3725,.T.);
#3728=ORIENTED_EDGE('',*,*,#3727,.T.);
#3730=ORIENTED_EDGE('',*,*,#3729,.F.);
#3731=EDGE_LOOP('',(#3724,#3726,#3728,#3730));
#3732=FACE_OUTER_BOUND('',#3731,.F.);
#3733=ADVANCED_FACE('',(#3732),#3723,.F.);
#3734=CARTESIAN_POINT('',(-2.4E-1,-5.897E1,-1.7E0));
#3735=DIRECTION('',(0.E0,1.E0,0.E0));
#3736=DIRECTION('',(1.E0,0.E0,0.E0));
#3737=AXIS2_PLACEMENT_3D('',#3734,#3735,#3736);
#3738=PLANE('',#3737);
#3739=ORIENTED_EDGE('',*,*,#3194,.F.);
#3741=ORIENTED_EDGE('',*,*,#3740,.T.);
#3743=ORIENTED_EDGE('',*,*,#3742,.T.);
#3744=ORIENTED_EDGE('',*,*,#3725,.F.);
#3745=EDGE_LOOP('',(#3739,#3741,#3743,#3744));
#3746=FACE_OUTER_BOUND('',#3745,.F.);
#3747=ADVANCED_FACE('',(#3746),#3738,.F.);
#3748=CARTESIAN_POINT('',(-2.4E-1,-6.247E1,-1.7E0));
#3749=DIRECTION('',(-1.E0,0.E0,0.E0));
#3750=DIRECTION('',(0.E0,1.E0,0.E0));
#3751=AXIS2_PLACEMENT_3D('',#3748,#3749,#3750);
#3752=PLANE('',#3751);
#3753=ORIENTED_EDGE('',*,*,#3192,.F.);
#3755=ORIENTED_EDGE('',*,*,#3754,.T.);
#3757=ORIENTED_EDGE('',*,*,#3756,.T.);
#3758=ORIENTED_EDGE('',*,*,#3740,.F.);
#3759=EDGE_LOOP('',(#3753,#3755,#3757,#3758));
#3760=FACE_OUTER_BOUND('',#3759,.F.);
#3761=ADVANCED_FACE('',(#3760),#3752,.F.);
#3762=CARTESIAN_POINT('',(1.1E-1,-6.247E1,-1.7E0));
#3763=DIRECTION('',(0.E0,-1.E0,0.E0));
#3764=DIRECTION('',(-1.E0,0.E0,0.E0));
#3765=AXIS2_PLACEMENT_3D('',#3762,#3763,#3764);
#3766=PLANE('',#3765);
#3767=ORIENTED_EDGE('',*,*,#3190,.F.);
#3768=ORIENTED_EDGE('',*,*,#3729,.T.);
#3770=ORIENTED_EDGE('',*,*,#3769,.T.);
#3771=ORIENTED_EDGE('',*,*,#3754,.F.);
#3772=EDGE_LOOP('',(#3767,#3768,#3770,#3771));
#3773=FACE_OUTER_BOUND('',#3772,.F.);
#3774=ADVANCED_FACE('',(#3773),#3766,.F.);
#3775=CARTESIAN_POINT('',(-3.E0,0.E0,-1.67E0));
#3776=DIRECTION('',(0.E0,0.E0,-1.E0));
#3777=DIRECTION('',(-1.E0,0.E0,0.E0));
#3778=AXIS2_PLACEMENT_3D('',#3775,#3776,#3777);
#3779=PLANE('',#3778);
#3780=ORIENTED_EDGE('',*,*,#3727,.F.);
#3781=ORIENTED_EDGE('',*,*,#3742,.F.);
#3782=ORIENTED_EDGE('',*,*,#3756,.F.);
#3783=ORIENTED_EDGE('',*,*,#3769,.F.);
#3784=EDGE_LOOP('',(#3780,#3781,#3782,#3783));
#3785=FACE_OUTER_BOUND('',#3784,.F.);
#3786=ADVANCED_FACE('',(#3785),#3779,.T.);
#3787=FILL_AREA_STYLE_COLOUR('',#12);
#3788=FILL_AREA_STYLE('',(#3787));
#3789=SURFACE_STYLE_FILL_AREA(#3788);
#3790=SURFACE_SIDE_STYLE('',(#3789));
#3791=SURFACE_STYLE_USAGE(.POSITIVE.,#3790);
#3792=FILL_AREA_STYLE_COLOUR('',#6);
#3793=FILL_AREA_STYLE('',(#3792));
#3794=SURFACE_STYLE_FILL_AREA(#3793);
#3795=SURFACE_SIDE_STYLE('',(#3794));
#3796=SURFACE_STYLE_USAGE(.NEGATIVE.,#3795);
#3797=PRESENTATION_STYLE_ASSIGNMENT((#3791,#3796));
#3798=OVER_RIDING_STYLED_ITEM('',(#3797),#3786,#16);
#3799=CARTESIAN_POINT('',(-3.9E-1,-5.897E1,-1.7E0));
#3800=DIRECTION('',(1.E0,0.E0,0.E0));
#3801=DIRECTION('',(0.E0,-1.E0,0.E0));
#3802=AXIS2_PLACEMENT_3D('',#3799,#3800,#3801);
#3803=PLANE('',#3802);
#3804=ORIENTED_EDGE('',*,*,#3198,.F.);
#3806=ORIENTED_EDGE('',*,*,#3805,.T.);
#3808=ORIENTED_EDGE('',*,*,#3807,.T.);
#3810=ORIENTED_EDGE('',*,*,#3809,.F.);
#3811=EDGE_LOOP('',(#3804,#3806,#3808,#3810));
#3812=FACE_OUTER_BOUND('',#3811,.F.);
#3813=ADVANCED_FACE('',(#3812),#3803,.F.);
#3814=CARTESIAN_POINT('',(-7.4E-1,-5.897E1,-1.7E0));
#3815=DIRECTION('',(0.E0,1.E0,0.E0));
#3816=DIRECTION('',(1.E0,0.E0,0.E0));
#3817=AXIS2_PLACEMENT_3D('',#3814,#3815,#3816);
#3818=PLANE('',#3817);
#3819=ORIENTED_EDGE('',*,*,#3204,.F.);
#3821=ORIENTED_EDGE('',*,*,#3820,.T.);
#3823=ORIENTED_EDGE('',*,*,#3822,.T.);
#3824=ORIENTED_EDGE('',*,*,#3805,.F.);
#3825=EDGE_LOOP('',(#3819,#3821,#3823,#3824));
#3826=FACE_OUTER_BOUND('',#3825,.F.);
#3827=ADVANCED_FACE('',(#3826),#3818,.F.);
#3828=CARTESIAN_POINT('',(-7.4E-1,-6.247E1,-1.7E0));
#3829=DIRECTION('',(-1.E0,0.E0,0.E0));
#3830=DIRECTION('',(0.E0,1.E0,0.E0));
#3831=AXIS2_PLACEMENT_3D('',#3828,#3829,#3830);
#3832=PLANE('',#3831);
#3833=ORIENTED_EDGE('',*,*,#3202,.F.);
#3835=ORIENTED_EDGE('',*,*,#3834,.T.);
#3837=ORIENTED_EDGE('',*,*,#3836,.T.);
#3838=ORIENTED_EDGE('',*,*,#3820,.F.);
#3839=EDGE_LOOP('',(#3833,#3835,#3837,#3838));
#3840=FACE_OUTER_BOUND('',#3839,.F.);
#3841=ADVANCED_FACE('',(#3840),#3832,.F.);
#3842=CARTESIAN_POINT('',(-3.9E-1,-6.247E1,-1.7E0));
#3843=DIRECTION('',(0.E0,-1.E0,0.E0));
#3844=DIRECTION('',(-1.E0,0.E0,0.E0));
#3845=AXIS2_PLACEMENT_3D('',#3842,#3843,#3844);
#3846=PLANE('',#3845);
#3847=ORIENTED_EDGE('',*,*,#3200,.F.);
#3848=ORIENTED_EDGE('',*,*,#3809,.T.);
#3850=ORIENTED_EDGE('',*,*,#3849,.T.);
#3851=ORIENTED_EDGE('',*,*,#3834,.F.);
#3852=EDGE_LOOP('',(#3847,#3848,#3850,#3851));
#3853=FACE_OUTER_BOUND('',#3852,.F.);
#3854=ADVANCED_FACE('',(#3853),#3846,.F.);
#3855=CARTESIAN_POINT('',(-3.5E0,0.E0,-1.67E0));
#3856=DIRECTION('',(0.E0,0.E0,-1.E0));
#3857=DIRECTION('',(-1.E0,0.E0,0.E0));
#3858=AXIS2_PLACEMENT_3D('',#3855,#3856,#3857);
#3859=PLANE('',#3858);
#3860=ORIENTED_EDGE('',*,*,#3807,.F.);
#3861=ORIENTED_EDGE('',*,*,#3822,.F.);
#3862=ORIENTED_EDGE('',*,*,#3836,.F.);
#3863=ORIENTED_EDGE('',*,*,#3849,.F.);
#3864=EDGE_LOOP('',(#3860,#3861,#3862,#3863));
#3865=FACE_OUTER_BOUND('',#3864,.F.);
#3866=ADVANCED_FACE('',(#3865),#3859,.T.);
#3867=FILL_AREA_STYLE_COLOUR('',#12);
#3868=FILL_AREA_STYLE('',(#3867));
#3869=SURFACE_STYLE_FILL_AREA(#3868);
#3870=SURFACE_SIDE_STYLE('',(#3869));
#3871=SURFACE_STYLE_USAGE(.POSITIVE.,#3870);
#3872=FILL_AREA_STYLE_COLOUR('',#6);
#3873=FILL_AREA_STYLE('',(#3872));
#3874=SURFACE_STYLE_FILL_AREA(#3873);
#3875=SURFACE_SIDE_STYLE('',(#3874));
#3876=SURFACE_STYLE_USAGE(.NEGATIVE.,#3875);
#3877=PRESENTATION_STYLE_ASSIGNMENT((#3871,#3876));
#3878=OVER_RIDING_STYLED_ITEM('',(#3877),#3866,#16);
#3879=CARTESIAN_POINT('',(-8.9E-1,-5.897E1,-1.7E0));
#3880=DIRECTION('',(1.E0,0.E0,0.E0));
#3881=DIRECTION('',(0.E0,-1.E0,0.E0));
#3882=AXIS2_PLACEMENT_3D('',#3879,#3880,#3881);
#3883=PLANE('',#3882);
#3884=ORIENTED_EDGE('',*,*,#3208,.F.);
#3886=ORIENTED_EDGE('',*,*,#3885,.T.);
#3888=ORIENTED_EDGE('',*,*,#3887,.T.);
#3890=ORIENTED_EDGE('',*,*,#3889,.F.);
#3891=EDGE_LOOP('',(#3884,#3886,#3888,#3890));
#3892=FACE_OUTER_BOUND('',#3891,.F.);
#3893=ADVANCED_FACE('',(#3892),#3883,.F.);
#3894=CARTESIAN_POINT('',(-1.24E0,-5.897E1,-1.7E0));
#3895=DIRECTION('',(0.E0,1.E0,0.E0));
#3896=DIRECTION('',(1.E0,0.E0,0.E0));
#3897=AXIS2_PLACEMENT_3D('',#3894,#3895,#3896);
#3898=PLANE('',#3897);
#3899=ORIENTED_EDGE('',*,*,#3214,.F.);
#3901=ORIENTED_EDGE('',*,*,#3900,.T.);
#3903=ORIENTED_EDGE('',*,*,#3902,.T.);
#3904=ORIENTED_EDGE('',*,*,#3885,.F.);
#3905=EDGE_LOOP('',(#3899,#3901,#3903,#3904));
#3906=FACE_OUTER_BOUND('',#3905,.F.);
#3907=ADVANCED_FACE('',(#3906),#3898,.F.);
#3908=CARTESIAN_POINT('',(-1.24E0,-6.247E1,-1.7E0));
#3909=DIRECTION('',(-1.E0,0.E0,0.E0));
#3910=DIRECTION('',(0.E0,1.E0,0.E0));
#3911=AXIS2_PLACEMENT_3D('',#3908,#3909,#3910);
#3912=PLANE('',#3911);
#3913=ORIENTED_EDGE('',*,*,#3212,.F.);
#3915=ORIENTED_EDGE('',*,*,#3914,.T.);
#3917=ORIENTED_EDGE('',*,*,#3916,.T.);
#3918=ORIENTED_EDGE('',*,*,#3900,.F.);
#3919=EDGE_LOOP('',(#3913,#3915,#3917,#3918));
#3920=FACE_OUTER_BOUND('',#3919,.F.);
#3921=ADVANCED_FACE('',(#3920),#3912,.F.);
#3922=CARTESIAN_POINT('',(-8.9E-1,-6.247E1,-1.7E0));
#3923=DIRECTION('',(0.E0,-1.E0,0.E0));
#3924=DIRECTION('',(-1.E0,0.E0,0.E0));
#3925=AXIS2_PLACEMENT_3D('',#3922,#3923,#3924);
#3926=PLANE('',#3925);
#3927=ORIENTED_EDGE('',*,*,#3210,.F.);
#3928=ORIENTED_EDGE('',*,*,#3889,.T.);
#3930=ORIENTED_EDGE('',*,*,#3929,.T.);
#3931=ORIENTED_EDGE('',*,*,#3914,.F.);
#3932=EDGE_LOOP('',(#3927,#3928,#3930,#3931));
#3933=FACE_OUTER_BOUND('',#3932,.F.);
#3934=ADVANCED_FACE('',(#3933),#3926,.F.);
#3935=CARTESIAN_POINT('',(-4.E0,0.E0,-1.67E0));
#3936=DIRECTION('',(0.E0,0.E0,-1.E0));
#3937=DIRECTION('',(-1.E0,0.E0,0.E0));
#3938=AXIS2_PLACEMENT_3D('',#3935,#3936,#3937);
#3939=PLANE('',#3938);
#3940=ORIENTED_EDGE('',*,*,#3887,.F.);
#3941=ORIENTED_EDGE('',*,*,#3902,.F.);
#3942=ORIENTED_EDGE('',*,*,#3916,.F.);
#3943=ORIENTED_EDGE('',*,*,#3929,.F.);
#3944=EDGE_LOOP('',(#3940,#3941,#3942,#3943));
#3945=FACE_OUTER_BOUND('',#3944,.F.);
#3946=ADVANCED_FACE('',(#3945),#3939,.T.);
#3947=FILL_AREA_STYLE_COLOUR('',#12);
#3948=FILL_AREA_STYLE('',(#3947));
#3949=SURFACE_STYLE_FILL_AREA(#3948);
#3950=SURFACE_SIDE_STYLE('',(#3949));
#3951=SURFACE_STYLE_USAGE(.POSITIVE.,#3950);
#3952=FILL_AREA_STYLE_COLOUR('',#6);
#3953=FILL_AREA_STYLE('',(#3952));
#3954=SURFACE_STYLE_FILL_AREA(#3953);
#3955=SURFACE_SIDE_STYLE('',(#3954));
#3956=SURFACE_STYLE_USAGE(.NEGATIVE.,#3955);
#3957=PRESENTATION_STYLE_ASSIGNMENT((#3951,#3956));
#3958=OVER_RIDING_STYLED_ITEM('',(#3957),#3946,#16);
#3959=CARTESIAN_POINT('',(-1.39E0,-5.897E1,-1.7E0));
#3960=DIRECTION('',(1.E0,0.E0,0.E0));
#3961=DIRECTION('',(0.E0,-1.E0,0.E0));
#3962=AXIS2_PLACEMENT_3D('',#3959,#3960,#3961);
#3963=PLANE('',#3962);
#3964=ORIENTED_EDGE('',*,*,#3218,.F.);
#3966=ORIENTED_EDGE('',*,*,#3965,.T.);
#3968=ORIENTED_EDGE('',*,*,#3967,.T.);
#3970=ORIENTED_EDGE('',*,*,#3969,.F.);
#3971=EDGE_LOOP('',(#3964,#3966,#3968,#3970));
#3972=FACE_OUTER_BOUND('',#3971,.F.);
#3973=ADVANCED_FACE('',(#3972),#3963,.F.);
#3974=CARTESIAN_POINT('',(-1.74E0,-5.897E1,-1.7E0));
#3975=DIRECTION('',(0.E0,1.E0,0.E0));
#3976=DIRECTION('',(1.E0,0.E0,0.E0));
#3977=AXIS2_PLACEMENT_3D('',#3974,#3975,#3976);
#3978=PLANE('',#3977);
#3979=ORIENTED_EDGE('',*,*,#3224,.F.);
#3981=ORIENTED_EDGE('',*,*,#3980,.T.);
#3983=ORIENTED_EDGE('',*,*,#3982,.T.);
#3984=ORIENTED_EDGE('',*,*,#3965,.F.);
#3985=EDGE_LOOP('',(#3979,#3981,#3983,#3984));
#3986=FACE_OUTER_BOUND('',#3985,.F.);
#3987=ADVANCED_FACE('',(#3986),#3978,.F.);
#3988=CARTESIAN_POINT('',(-1.74E0,-6.247E1,-1.7E0));
#3989=DIRECTION('',(-1.E0,0.E0,0.E0));
#3990=DIRECTION('',(0.E0,1.E0,0.E0));
#3991=AXIS2_PLACEMENT_3D('',#3988,#3989,#3990);
#3992=PLANE('',#3991);
#3993=ORIENTED_EDGE('',*,*,#3222,.F.);
#3995=ORIENTED_EDGE('',*,*,#3994,.T.);
#3997=ORIENTED_EDGE('',*,*,#3996,.T.);
#3998=ORIENTED_EDGE('',*,*,#3980,.F.);
#3999=EDGE_LOOP('',(#3993,#3995,#3997,#3998));
#4000=FACE_OUTER_BOUND('',#3999,.F.);
#4001=ADVANCED_FACE('',(#4000),#3992,.F.);
#4002=CARTESIAN_POINT('',(-1.39E0,-6.247E1,-1.7E0));
#4003=DIRECTION('',(0.E0,-1.E0,0.E0));
#4004=DIRECTION('',(-1.E0,0.E0,0.E0));
#4005=AXIS2_PLACEMENT_3D('',#4002,#4003,#4004);
#4006=PLANE('',#4005);
#4007=ORIENTED_EDGE('',*,*,#3220,.F.);
#4008=ORIENTED_EDGE('',*,*,#3969,.T.);
#4010=ORIENTED_EDGE('',*,*,#4009,.T.);
#4011=ORIENTED_EDGE('',*,*,#3994,.F.);
#4012=EDGE_LOOP('',(#4007,#4008,#4010,#4011));
#4013=FACE_OUTER_BOUND('',#4012,.F.);
#4014=ADVANCED_FACE('',(#4013),#4006,.F.);
#4015=CARTESIAN_POINT('',(-4.5E0,0.E0,-1.67E0));
#4016=DIRECTION('',(0.E0,0.E0,-1.E0));
#4017=DIRECTION('',(-1.E0,0.E0,0.E0));
#4018=AXIS2_PLACEMENT_3D('',#4015,#4016,#4017);
#4019=PLANE('',#4018);
#4020=ORIENTED_EDGE('',*,*,#3967,.F.);
#4021=ORIENTED_EDGE('',*,*,#3982,.F.);
#4022=ORIENTED_EDGE('',*,*,#3996,.F.);
#4023=ORIENTED_EDGE('',*,*,#4009,.F.);
#4024=EDGE_LOOP('',(#4020,#4021,#4022,#4023));
#4025=FACE_OUTER_BOUND('',#4024,.F.);
#4026=ADVANCED_FACE('',(#4025),#4019,.T.);
#4027=FILL_AREA_STYLE_COLOUR('',#12);
#4028=FILL_AREA_STYLE('',(#4027));
#4029=SURFACE_STYLE_FILL_AREA(#4028);
#4030=SURFACE_SIDE_STYLE('',(#4029));
#4031=SURFACE_STYLE_USAGE(.POSITIVE.,#4030);
#4032=FILL_AREA_STYLE_COLOUR('',#6);
#4033=FILL_AREA_STYLE('',(#4032));
#4034=SURFACE_STYLE_FILL_AREA(#4033);
#4035=SURFACE_SIDE_STYLE('',(#4034));
#4036=SURFACE_STYLE_USAGE(.NEGATIVE.,#4035);
#4037=PRESENTATION_STYLE_ASSIGNMENT((#4031,#4036));
#4038=OVER_RIDING_STYLED_ITEM('',(#4037),#4026,#16);
#4039=CARTESIAN_POINT('',(1.998E1,-3.617E1,0.E0));
#4040=DIRECTION('',(0.E0,1.E0,0.E0));
#4041=DIRECTION('',(-1.E0,0.E0,0.E0));
#4042=AXIS2_PLACEMENT_3D('',#4039,#4040,#4041);
#4043=PLANE('',#4042);
#4044=ORIENTED_EDGE('',*,*,#3091,.F.);
#4045=ORIENTED_EDGE('',*,*,#3103,.F.);
#4047=ORIENTED_EDGE('',*,*,#4046,.F.);
#4049=ORIENTED_EDGE('',*,*,#4048,.T.);
#4050=EDGE_LOOP('',(#4044,#4045,#4047,#4049));
#4051=FACE_OUTER_BOUND('',#4050,.F.);
#4052=ADVANCED_FACE('',(#4051),#4043,.T.);
#4053=CARTESIAN_POINT('',(1.898E1,-3.717E1,4.17152E0));
#4054=DIRECTION('',(0.E0,0.E0,-1.E0));
#4055=DIRECTION('',(0.E0,1.E0,0.E0));
#4056=AXIS2_PLACEMENT_3D('',#4053,#4054,#4055);
#4057=CYLINDRICAL_SURFACE('',#4056,1.E0);
#4058=ORIENTED_EDGE('',*,*,#3134,.T.);
#4060=ORIENTED_EDGE('',*,*,#4059,.F.);
#4062=ORIENTED_EDGE('',*,*,#4061,.T.);
#4063=ORIENTED_EDGE('',*,*,#4046,.T.);
#4064=EDGE_LOOP('',(#4058,#4060,#4062,#4063));
#4065=FACE_OUTER_BOUND('',#4064,.F.);
#4066=ADVANCED_FACE('',(#4065),#4057,.T.);
#4067=CARTESIAN_POINT('',(1.998E1,-4.412E1,0.E0));
#4068=DIRECTION('',(1.E0,0.E0,0.E0));
#4069=DIRECTION('',(0.E0,1.E0,0.E0));
#4070=AXIS2_PLACEMENT_3D('',#4067,#4068,#4069);
#4071=PLANE('',#4070);
#4073=ORIENTED_EDGE('',*,*,#4072,.F.);
#4075=ORIENTED_EDGE('',*,*,#4074,.T.);
#4076=ORIENTED_EDGE('',*,*,#4059,.T.);
#4077=ORIENTED_EDGE('',*,*,#3132,.F.);
#4078=EDGE_LOOP('',(#4073,#4075,#4076,#4077));
#4079=FACE_OUTER_BOUND('',#4078,.F.);
#4080=ADVANCED_FACE('',(#4079),#4071,.T.);
#4081=CARTESIAN_POINT('',(1.898E1,-4.312E1,4.17152E0));
#4082=DIRECTION('',(0.E0,0.E0,-1.E0));
#4083=DIRECTION('',(1.E0,0.E0,0.E0));
#4084=AXIS2_PLACEMENT_3D('',#4081,#4082,#4083);
#4085=CYLINDRICAL_SURFACE('',#4084,1.E0);
#4086=ORIENTED_EDGE('',*,*,#3130,.T.);
#4088=ORIENTED_EDGE('',*,*,#4087,.F.);
#4090=ORIENTED_EDGE('',*,*,#4089,.T.);
#4091=ORIENTED_EDGE('',*,*,#4072,.T.);
#4092=EDGE_LOOP('',(#4086,#4088,#4090,#4091));
#4093=FACE_OUTER_BOUND('',#4092,.F.);
#4094=ADVANCED_FACE('',(#4093),#4085,.T.);
#4095=CARTESIAN_POINT('',(3.43E0,-4.412E1,0.E0));
#4096=DIRECTION('',(0.E0,-1.E0,0.E0));
#4097=DIRECTION('',(1.E0,0.E0,0.E0));
#4098=AXIS2_PLACEMENT_3D('',#4095,#4096,#4097);
#4099=PLANE('',#4098);
#4100=ORIENTED_EDGE('',*,*,#4087,.T.);
#4101=ORIENTED_EDGE('',*,*,#3128,.F.);
#4103=ORIENTED_EDGE('',*,*,#4102,.T.);
#4105=ORIENTED_EDGE('',*,*,#4104,.T.);
#4106=EDGE_LOOP('',(#4100,#4101,#4103,#4105));
#4107=FACE_OUTER_BOUND('',#4106,.F.);
#4108=ADVANCED_FACE('',(#4107),#4099,.T.);
#4109=CARTESIAN_POINT('',(4.43E0,-4.512E1,-7.37152E0));
#4110=DIRECTION('',(0.E0,0.E0,1.E0));
#4111=DIRECTION('',(0.E0,1.E0,0.E0));
#4112=AXIS2_PLACEMENT_3D('',#4109,#4110,#4111);
#4113=CYLINDRICAL_SURFACE('',#4112,1.E0);
#4114=ORIENTED_EDGE('',*,*,#4102,.F.);
#4115=ORIENTED_EDGE('',*,*,#3126,.T.);
#4117=ORIENTED_EDGE('',*,*,#4116,.T.);
#4119=ORIENTED_EDGE('',*,*,#4118,.T.);
#4120=EDGE_LOOP('',(#4114,#4115,#4117,#4119));
#4121=FACE_OUTER_BOUND('',#4120,.F.);
#4122=ADVANCED_FACE('',(#4121),#4113,.F.);
#4123=CARTESIAN_POINT('',(3.43E0,-6.267E1,0.E0));
#4124=DIRECTION('',(1.E0,0.E0,0.E0));
#4125=DIRECTION('',(0.E0,1.E0,0.E0));
#4126=AXIS2_PLACEMENT_3D('',#4123,#4124,#4125);
#4127=PLANE('',#4126);
#4128=ORIENTED_EDGE('',*,*,#4116,.F.);
#4129=ORIENTED_EDGE('',*,*,#3124,.F.);
#4131=ORIENTED_EDGE('',*,*,#4130,.T.);
#4133=ORIENTED_EDGE('',*,*,#4132,.T.);
#4135=ORIENTED_EDGE('',*,*,#4134,.F.);
#4137=ORIENTED_EDGE('',*,*,#4136,.T.);
#4138=EDGE_LOOP('',(#4128,#4129,#4131,#4133,#4135,#4137));
#4139=FACE_OUTER_BOUND('',#4138,.F.);
#4140=ADVANCED_FACE('',(#4139),#4127,.T.);
#4141=CARTESIAN_POINT('',(3.23E0,-6.247E1,4.17152E0));
#4142=DIRECTION('',(0.E0,0.E0,-1.E0));
#4143=DIRECTION('',(1.E0,-3.552713678800E-14,0.E0));
#4144=AXIS2_PLACEMENT_3D('',#4141,#4142,#4143);
#4145=CYLINDRICAL_SURFACE('',#4144,2.E-1);
#4147=ORIENTED_EDGE('',*,*,#4146,.T.);
#4149=ORIENTED_EDGE('',*,*,#4148,.T.);
#4150=ORIENTED_EDGE('',*,*,#4130,.F.);
#4151=ORIENTED_EDGE('',*,*,#3122,.T.);
#4152=EDGE_LOOP('',(#4147,#4149,#4150,#4151));
#4153=FACE_OUTER_BOUND('',#4152,.F.);
#4154=ADVANCED_FACE('',(#4153),#4145,.T.);
#4155=CARTESIAN_POINT('',(-2.07E0,-6.267E1,0.E0));
#4156=DIRECTION('',(0.E0,-1.E0,0.E0));
#4157=DIRECTION('',(1.E0,0.E0,0.E0));
#4158=AXIS2_PLACEMENT_3D('',#4155,#4156,#4157);
#4159=PLANE('',#4158);
#4161=ORIENTED_EDGE('',*,*,#4160,.F.);
#4163=ORIENTED_EDGE('',*,*,#4162,.T.);
#4164=ORIENTED_EDGE('',*,*,#4146,.F.);
#4165=ORIENTED_EDGE('',*,*,#3120,.F.);
#4166=EDGE_LOOP('',(#4161,#4163,#4164,#4165));
#4167=FACE_OUTER_BOUND('',#4166,.F.);
#4168=ADVANCED_FACE('',(#4167),#4159,.T.);
#4169=CARTESIAN_POINT('',(-1.87E0,-6.247E1,4.17152E0));
#4170=DIRECTION('',(0.E0,0.E0,-1.E0));
#4171=DIRECTION('',(0.E0,-1.E0,0.E0));
#4172=AXIS2_PLACEMENT_3D('',#4169,#4170,#4171);
#4173=CYLINDRICAL_SURFACE('',#4172,2.E-1);
#4175=ORIENTED_EDGE('',*,*,#4174,.T.);
#4177=ORIENTED_EDGE('',*,*,#4176,.T.);
#4178=ORIENTED_EDGE('',*,*,#4160,.T.);
#4179=ORIENTED_EDGE('',*,*,#3118,.T.);
#4180=EDGE_LOOP('',(#4175,#4177,#4178,#4179));
#4181=FACE_OUTER_BOUND('',#4180,.F.);
#4182=ADVANCED_FACE('',(#4181),#4173,.T.);
#4183=CARTESIAN_POINT('',(-2.07E0,-4.412E1,0.E0));
#4184=DIRECTION('',(-1.E0,0.E0,0.E0));
#4185=DIRECTION('',(0.E0,-1.E0,0.E0));
#4186=AXIS2_PLACEMENT_3D('',#4183,#4184,#4185);
#4187=PLANE('',#4186);
#4189=ORIENTED_EDGE('',*,*,#4188,.T.);
#4191=ORIENTED_EDGE('',*,*,#4190,.T.);
#4193=ORIENTED_EDGE('',*,*,#4192,.T.);
#4195=ORIENTED_EDGE('',*,*,#4194,.T.);
#4196=ORIENTED_EDGE('',*,*,#4174,.F.);
#4197=ORIENTED_EDGE('',*,*,#3116,.F.);
#4198=EDGE_LOOP('',(#4189,#4191,#4193,#4195,#4196,#4197));
#4199=FACE_OUTER_BOUND('',#4198,.F.);
#4200=ADVANCED_FACE('',(#4199),#4187,.T.);
#4201=CARTESIAN_POINT('',(-3.07E0,-4.512E1,-7.37152E0));
#4202=DIRECTION('',(0.E0,0.E0,1.E0));
#4203=DIRECTION('',(1.E0,0.E0,0.E0));
#4204=AXIS2_PLACEMENT_3D('',#4201,#4202,#4203);
#4205=CYLINDRICAL_SURFACE('',#4204,1.E0);
#4206=ORIENTED_EDGE('',*,*,#4188,.F.);
#4207=ORIENTED_EDGE('',*,*,#3114,.T.);
#4209=ORIENTED_EDGE('',*,*,#4208,.T.);
#4211=ORIENTED_EDGE('',*,*,#4210,.T.);
#4212=EDGE_LOOP('',(#4206,#4207,#4209,#4211));
#4213=FACE_OUTER_BOUND('',#4212,.F.);
#4214=ADVANCED_FACE('',(#4213),#4205,.F.);
#4215=CARTESIAN_POINT('',(-1.007E1,-4.412E1,0.E0));
#4216=DIRECTION('',(0.E0,-1.E0,0.E0));
#4217=DIRECTION('',(1.E0,0.E0,0.E0));
#4218=AXIS2_PLACEMENT_3D('',#4215,#4216,#4217);
#4219=PLANE('',#4218);
#4221=ORIENTED_EDGE('',*,*,#4220,.F.);
#4223=ORIENTED_EDGE('',*,*,#4222,.T.);
#4224=ORIENTED_EDGE('',*,*,#4208,.F.);
#4225=ORIENTED_EDGE('',*,*,#3112,.F.);
#4226=EDGE_LOOP('',(#4221,#4223,#4224,#4225));
#4227=FACE_OUTER_BOUND('',#4226,.F.);
#4228=ADVANCED_FACE('',(#4227),#4219,.T.);
#4229=CARTESIAN_POINT('',(-9.07E0,-4.312E1,4.17152E0));
#4230=DIRECTION('',(0.E0,0.E0,-1.E0));
#4231=DIRECTION('',(0.E0,-1.E0,0.E0));
#4232=AXIS2_PLACEMENT_3D('',#4229,#4230,#4231);
#4233=CYLINDRICAL_SURFACE('',#4232,1.E0);
#4234=ORIENTED_EDGE('',*,*,#3110,.T.);
#4236=ORIENTED_EDGE('',*,*,#4235,.F.);
#4238=ORIENTED_EDGE('',*,*,#4237,.T.);
#4239=ORIENTED_EDGE('',*,*,#4220,.T.);
#4240=EDGE_LOOP('',(#4234,#4236,#4238,#4239));
#4241=FACE_OUTER_BOUND('',#4240,.F.);
#4242=ADVANCED_FACE('',(#4241),#4233,.T.);
#4243=CARTESIAN_POINT('',(-1.007E1,-3.46E1,0.E0));
#4244=DIRECTION('',(-1.E0,0.E0,0.E0));
#4245=DIRECTION('',(0.E0,-1.E0,0.E0));
#4246=AXIS2_PLACEMENT_3D('',#4243,#4244,#4245);
#4247=PLANE('',#4246);
#4248=ORIENTED_EDGE('',*,*,#4235,.T.);
#4249=ORIENTED_EDGE('',*,*,#3108,.F.);
#4250=ORIENTED_EDGE('',*,*,#2998,.F.);
#4252=ORIENTED_EDGE('',*,*,#4251,.T.);
#4253=EDGE_LOOP('',(#4248,#4249,#4250,#4252));
#4254=FACE_OUTER_BOUND('',#4253,.F.);
#4255=ADVANCED_FACE('',(#4254),#4247,.T.);
#4256=CARTESIAN_POINT('',(0.E0,0.E0,-1.57E0));
#4257=DIRECTION('',(0.E0,0.E0,1.E0));
#4258=DIRECTION('',(1.E0,0.E0,0.E0));
#4259=AXIS2_PLACEMENT_3D('',#4256,#4257,#4258);
#4260=PLANE('',#4259);
#4261=ORIENTED_EDGE('',*,*,#3075,.F.);
#4262=ORIENTED_EDGE('',*,*,#3093,.F.);
#4263=ORIENTED_EDGE('',*,*,#4048,.F.);
#4264=ORIENTED_EDGE('',*,*,#4061,.F.);
#4265=ORIENTED_EDGE('',*,*,#4074,.F.);
#4266=ORIENTED_EDGE('',*,*,#4089,.F.);
#4267=ORIENTED_EDGE('',*,*,#4104,.F.);
#4268=ORIENTED_EDGE('',*,*,#4118,.F.);
#4269=ORIENTED_EDGE('',*,*,#4136,.F.);
#4271=ORIENTED_EDGE('',*,*,#4270,.T.);
#4272=ORIENTED_EDGE('',*,*,#4190,.F.);
#4273=ORIENTED_EDGE('',*,*,#4210,.F.);
#4274=ORIENTED_EDGE('',*,*,#4222,.F.);
#4275=ORIENTED_EDGE('',*,*,#4237,.F.);
#4276=ORIENTED_EDGE('',*,*,#4251,.F.);
#4277=ORIENTED_EDGE('',*,*,#2996,.F.);
#4278=EDGE_LOOP('',(#4261,#4262,#4263,#4264,#4265,#4266,#4267,#4268,#4269,#4271,
#4272,#4273,#4274,#4275,#4276,#4277));
#4279=FACE_OUTER_BOUND('',#4278,.F.);
#4280=ADVANCED_FACE('',(#4279),#4260,.T.);
#4281=CARTESIAN_POINT('',(3.43E0,-5.767E1,-1.57E0));
#4282=DIRECTION('',(0.E0,1.E0,0.E0));
#4283=DIRECTION('',(-1.E0,0.E0,0.E0));
#4284=AXIS2_PLACEMENT_3D('',#4281,#4282,#4283);
#4285=PLANE('',#4284);
#4286=ORIENTED_EDGE('',*,*,#4270,.F.);
#4287=ORIENTED_EDGE('',*,*,#4134,.T.);
#4289=ORIENTED_EDGE('',*,*,#4288,.T.);
#4290=ORIENTED_EDGE('',*,*,#4192,.F.);
#4291=EDGE_LOOP('',(#4286,#4287,#4289,#4290));
#4292=FACE_OUTER_BOUND('',#4291,.F.);
#4293=ADVANCED_FACE('',(#4292),#4285,.T.);
#4294=CARTESIAN_POINT('',(0.E0,0.E0,-1.44E0));
#4295=DIRECTION('',(0.E0,0.E0,1.E0));
#4296=DIRECTION('',(1.E0,0.E0,0.E0));
#4297=AXIS2_PLACEMENT_3D('',#4294,#4295,#4296);
#4298=PLANE('',#4297);
#4299=ORIENTED_EDGE('',*,*,#4162,.F.);
#4300=ORIENTED_EDGE('',*,*,#4176,.F.);
#4301=ORIENTED_EDGE('',*,*,#4194,.F.);
#4302=ORIENTED_EDGE('',*,*,#4288,.F.);
#4303=ORIENTED_EDGE('',*,*,#4132,.F.);
#4304=ORIENTED_EDGE('',*,*,#4148,.F.);
#4305=EDGE_LOOP('',(#4299,#4300,#4301,#4302,#4303,#4304));
#4306=FACE_OUTER_BOUND('',#4305,.F.);
#4307=ADVANCED_FACE('',(#4306),#4298,.T.);
#4308=CARTESIAN_POINT('',(9.78E0,-4.3E1,0.E0));
#4309=DIRECTION('',(1.E0,0.E0,0.E0));
#4310=DIRECTION('',(0.E0,1.E0,0.E0));
#4311=AXIS2_PLACEMENT_3D('',#4308,#4309,#4310);
#4312=PLANE('',#4311);
#4314=ORIENTED_EDGE('',*,*,#4313,.T.);
#4316=ORIENTED_EDGE('',*,*,#4315,.T.);
#4317=ORIENTED_EDGE('',*,*,#3004,.T.);
#4319=ORIENTED_EDGE('',*,*,#4318,.F.);
#4320=EDGE_LOOP('',(#4314,#4316,#4317,#4319));
#4321=FACE_OUTER_BOUND('',#4320,.F.);
#4322=ADVANCED_FACE('',(#4321),#4312,.T.);
#4323=CARTESIAN_POINT('',(1.078E1,-4.2E1,-7.37152E0));
#4324=DIRECTION('',(0.E0,0.E0,1.E0));
#4325=DIRECTION('',(-1.E0,0.E0,0.E0));
#4326=AXIS2_PLACEMENT_3D('',#4323,#4324,#4325);
#4327=CYLINDRICAL_SURFACE('',#4326,1.E0);
#4328=ORIENTED_EDGE('',*,*,#4313,.F.);
#4330=ORIENTED_EDGE('',*,*,#4329,.T.);
#4332=ORIENTED_EDGE('',*,*,#4331,.T.);
#4334=ORIENTED_EDGE('',*,*,#4333,.T.);
#4335=EDGE_LOOP('',(#4328,#4330,#4332,#4334));
#4336=FACE_OUTER_BOUND('',#4335,.F.);
#4337=ADVANCED_FACE('',(#4336),#4327,.F.);
#4338=CARTESIAN_POINT('',(0.E0,0.E0,-1.09E0));
#4339=DIRECTION('',(0.E0,0.E0,1.E0));
#4340=DIRECTION('',(1.E0,0.E0,0.E0));
#4341=AXIS2_PLACEMENT_3D('',#4338,#4339,#4340);
#4342=PLANE('',#4341);
#4344=ORIENTED_EDGE('',*,*,#4343,.T.);
#4346=ORIENTED_EDGE('',*,*,#4345,.F.);
#4348=ORIENTED_EDGE('',*,*,#4347,.T.);
#4350=ORIENTED_EDGE('',*,*,#4349,.T.);
#4352=ORIENTED_EDGE('',*,*,#4351,.T.);
#4354=ORIENTED_EDGE('',*,*,#4353,.F.);
#4355=EDGE_LOOP('',(#4344,#4346,#4348,#4350,#4352,#4354));
#4356=FACE_OUTER_BOUND('',#4355,.F.);
#4357=ADVANCED_FACE('',(#4356),#4342,.F.);
#4358=CARTESIAN_POINT('',(0.E0,0.E0,-1.09E0));
#4359=DIRECTION('',(0.E0,0.E0,1.E0));
#4360=DIRECTION('',(1.E0,0.E0,0.E0));
#4361=AXIS2_PLACEMENT_3D('',#4358,#4359,#4360);
#4362=PLANE('',#4361);
#4364=ORIENTED_EDGE('',*,*,#4363,.T.);
#4365=ORIENTED_EDGE('',*,*,#4329,.F.);
#4366=ORIENTED_EDGE('',*,*,#4318,.T.);
#4367=ORIENTED_EDGE('',*,*,#3010,.F.);
#4369=ORIENTED_EDGE('',*,*,#4368,.T.);
#4371=ORIENTED_EDGE('',*,*,#4370,.F.);
#4372=EDGE_LOOP('',(#4364,#4365,#4366,#4367,#4369,#4371));
#4373=FACE_OUTER_BOUND('',#4372,.F.);
#4374=ADVANCED_FACE('',(#4373),#4362,.F.);
#4375=CARTESIAN_POINT('',(1.28E0,-5.6E1,0.E0));
#4376=DIRECTION('',(0.E0,-1.E0,0.E0));
#4377=DIRECTION('',(1.E0,0.E0,0.E0));
#4378=AXIS2_PLACEMENT_3D('',#4375,#4376,#4377);
#4379=PLANE('',#4378);
#4381=ORIENTED_EDGE('',*,*,#4380,.T.);
#4383=ORIENTED_EDGE('',*,*,#4382,.T.);
#4385=ORIENTED_EDGE('',*,*,#4384,.T.);
#4387=ORIENTED_EDGE('',*,*,#4386,.T.);
#4389=ORIENTED_EDGE('',*,*,#4388,.T.);
#4391=ORIENTED_EDGE('',*,*,#4390,.T.);
#4393=ORIENTED_EDGE('',*,*,#4392,.F.);
#4394=ORIENTED_EDGE('',*,*,#4343,.F.);
#4395=EDGE_LOOP('',(#4381,#4383,#4385,#4387,#4389,#4391,#4393,#4394));
#4396=FACE_OUTER_BOUND('',#4395,.F.);
#4397=ADVANCED_FACE('',(#4396),#4379,.T.);
#4398=CARTESIAN_POINT('',(1.003E1,-5.7E1,-7.37152E0));
#4399=DIRECTION('',(0.E0,0.E0,1.E0));
#4400=DIRECTION('',(0.E0,1.E0,0.E0));
#4401=AXIS2_PLACEMENT_3D('',#4398,#4399,#4400);
#4402=CYLINDRICAL_SURFACE('',#4401,1.E0);
#4403=ORIENTED_EDGE('',*,*,#4380,.F.);
#4404=ORIENTED_EDGE('',*,*,#4353,.T.);
#4406=ORIENTED_EDGE('',*,*,#4405,.T.);
#4408=ORIENTED_EDGE('',*,*,#4407,.T.);
#4409=EDGE_LOOP('',(#4403,#4404,#4406,#4408));
#4410=FACE_OUTER_BOUND('',#4409,.F.);
#4411=ADVANCED_FACE('',(#4410),#4402,.F.);
#4412=CARTESIAN_POINT('',(9.03E0,-7.1E1,0.E0));
#4413=DIRECTION('',(1.E0,0.E0,0.E0));
#4414=DIRECTION('',(0.E0,1.E0,0.E0));
#4415=AXIS2_PLACEMENT_3D('',#4412,#4413,#4414);
#4416=PLANE('',#4415);
#4417=ORIENTED_EDGE('',*,*,#4405,.F.);
#4418=ORIENTED_EDGE('',*,*,#4351,.F.);
#4420=ORIENTED_EDGE('',*,*,#4419,.T.);
#4422=ORIENTED_EDGE('',*,*,#4421,.T.);
#4424=ORIENTED_EDGE('',*,*,#4423,.T.);
#4426=ORIENTED_EDGE('',*,*,#4425,.T.);
#4427=EDGE_LOOP('',(#4417,#4418,#4420,#4422,#4424,#4426));
#4428=FACE_OUTER_BOUND('',#4427,.F.);
#4429=ADVANCED_FACE('',(#4428),#4416,.T.);
#4430=CARTESIAN_POINT('',(5.53E0,-6.6E1,-1.09E0));
#4431=DIRECTION('',(0.E0,1.E0,0.E0));
#4432=DIRECTION('',(1.E0,0.E0,0.E0));
#4433=AXIS2_PLACEMENT_3D('',#4430,#4431,#4432);
#4434=PLANE('',#4433);
#4435=ORIENTED_EDGE('',*,*,#4349,.F.);
#4437=ORIENTED_EDGE('',*,*,#4436,.T.);
#4439=ORIENTED_EDGE('',*,*,#4438,.T.);
#4440=ORIENTED_EDGE('',*,*,#4419,.F.);
#4441=EDGE_LOOP('',(#4435,#4437,#4439,#4440));
#4442=FACE_OUTER_BOUND('',#4441,.F.);
#4443=ADVANCED_FACE('',(#4442),#4434,.T.);
#4444=CARTESIAN_POINT('',(5.53E0,-5.6E1,0.E0));
#4445=DIRECTION('',(-1.E0,0.E0,0.E0));
#4446=DIRECTION('',(0.E0,-1.E0,0.E0));
#4447=AXIS2_PLACEMENT_3D('',#4444,#4445,#4446);
#4448=PLANE('',#4447);
#4450=ORIENTED_EDGE('',*,*,#4449,.T.);
#4452=ORIENTED_EDGE('',*,*,#4451,.T.);
#4454=ORIENTED_EDGE('',*,*,#4453,.T.);
#4456=ORIENTED_EDGE('',*,*,#4455,.T.);
#4457=ORIENTED_EDGE('',*,*,#4436,.F.);
#4458=ORIENTED_EDGE('',*,*,#4347,.F.);
#4459=EDGE_LOOP('',(#4450,#4452,#4454,#4456,#4457,#4458));
#4460=FACE_OUTER_BOUND('',#4459,.F.);
#4461=ADVANCED_FACE('',(#4460),#4448,.T.);
#4462=CARTESIAN_POINT('',(4.53E0,-5.7E1,-7.37152E0));
#4463=DIRECTION('',(0.E0,0.E0,1.E0));
#4464=DIRECTION('',(1.E0,0.E0,0.E0));
#4465=AXIS2_PLACEMENT_3D('',#4462,#4463,#4464);
#4466=CYLINDRICAL_SURFACE('',#4465,1.E0);
#4467=ORIENTED_EDGE('',*,*,#4449,.F.);
#4468=ORIENTED_EDGE('',*,*,#4345,.T.);
#4469=ORIENTED_EDGE('',*,*,#4392,.T.);
#4471=ORIENTED_EDGE('',*,*,#4470,.T.);
#4472=EDGE_LOOP('',(#4467,#4468,#4469,#4471));
#4473=FACE_OUTER_BOUND('',#4472,.F.);
#4474=ADVANCED_FACE('',(#4473),#4466,.F.);
#4475=CARTESIAN_POINT('',(0.E0,0.E0,-9.6E-1));
#4476=DIRECTION('',(0.E0,0.E0,1.E0));
#4477=DIRECTION('',(1.E0,0.E0,0.E0));
#4478=AXIS2_PLACEMENT_3D('',#4475,#4476,#4477);
#4479=PLANE('',#4478);
#4480=ORIENTED_EDGE('',*,*,#4451,.F.);
#4481=ORIENTED_EDGE('',*,*,#4470,.F.);
#4482=ORIENTED_EDGE('',*,*,#4390,.F.);
#4484=ORIENTED_EDGE('',*,*,#4483,.F.);
#4486=ORIENTED_EDGE('',*,*,#4485,.F.);
#4488=ORIENTED_EDGE('',*,*,#4487,.F.);
#4490=ORIENTED_EDGE('',*,*,#4489,.F.);
#4492=ORIENTED_EDGE('',*,*,#4491,.F.);
#4494=ORIENTED_EDGE('',*,*,#4493,.F.);
#4495=ORIENTED_EDGE('',*,*,#3006,.F.);
#4496=ORIENTED_EDGE('',*,*,#4315,.F.);
#4497=ORIENTED_EDGE('',*,*,#4333,.F.);
#4499=ORIENTED_EDGE('',*,*,#4498,.F.);
#4501=ORIENTED_EDGE('',*,*,#4500,.F.);
#4503=ORIENTED_EDGE('',*,*,#4502,.F.);
#4505=ORIENTED_EDGE('',*,*,#4504,.F.);
#4506=ORIENTED_EDGE('',*,*,#4382,.F.);
#4507=ORIENTED_EDGE('',*,*,#4407,.F.);
#4508=ORIENTED_EDGE('',*,*,#4425,.F.);
#4510=ORIENTED_EDGE('',*,*,#4509,.F.);
#4512=ORIENTED_EDGE('',*,*,#4511,.F.);
#4514=ORIENTED_EDGE('',*,*,#4513,.F.);
#4515=EDGE_LOOP('',(#4480,#4481,#4482,#4484,#4486,#4488,#4490,#4492,#4494,#4495,
#4496,#4497,#4499,#4501,#4503,#4505,#4506,#4507,#4508,#4510,#4512,#4514));
#4516=FACE_OUTER_BOUND('',#4515,.F.);
#4518=ORIENTED_EDGE('',*,*,#4517,.T.);
#4520=ORIENTED_EDGE('',*,*,#4519,.T.);
#4522=ORIENTED_EDGE('',*,*,#4521,.T.);
#4524=ORIENTED_EDGE('',*,*,#4523,.T.);
#4525=EDGE_LOOP('',(#4518,#4520,#4522,#4524));
#4526=FACE_BOUND('',#4525,.F.);
#4528=ORIENTED_EDGE('',*,*,#4527,.T.);
#4530=ORIENTED_EDGE('',*,*,#4529,.T.);
#4532=ORIENTED_EDGE('',*,*,#4531,.T.);
#4534=ORIENTED_EDGE('',*,*,#4533,.T.);
#4535=EDGE_LOOP('',(#4528,#4530,#4532,#4534));
#4536=FACE_BOUND('',#4535,.F.);
#4538=ORIENTED_EDGE('',*,*,#4537,.T.);
#4540=ORIENTED_EDGE('',*,*,#4539,.T.);
#4542=ORIENTED_EDGE('',*,*,#4541,.T.);
#4544=ORIENTED_EDGE('',*,*,#4543,.T.);
#4545=EDGE_LOOP('',(#4538,#4540,#4542,#4544));
#4546=FACE_BOUND('',#4545,.F.);
#4548=ORIENTED_EDGE('',*,*,#4547,.T.);
#4550=ORIENTED_EDGE('',*,*,#4549,.T.);
#4552=ORIENTED_EDGE('',*,*,#4551,.T.);
#4554=ORIENTED_EDGE('',*,*,#4553,.T.);
#4555=EDGE_LOOP('',(#4548,#4550,#4552,#4554));
#4556=FACE_BOUND('',#4555,.F.);
#4558=ORIENTED_EDGE('',*,*,#4557,.T.);
#4560=ORIENTED_EDGE('',*,*,#4559,.T.);
#4562=ORIENTED_EDGE('',*,*,#4561,.T.);
#4564=ORIENTED_EDGE('',*,*,#4563,.T.);
#4565=EDGE_LOOP('',(#4558,#4560,#4562,#4564));
#4566=FACE_BOUND('',#4565,.F.);
#4568=ORIENTED_EDGE('',*,*,#4567,.T.);
#4570=ORIENTED_EDGE('',*,*,#4569,.T.);
#4572=ORIENTED_EDGE('',*,*,#4571,.T.);
#4574=ORIENTED_EDGE('',*,*,#4573,.T.);
#4575=EDGE_LOOP('',(#4568,#4570,#4572,#4574));
#4576=FACE_BOUND('',#4575,.F.);
#4577=ADVANCED_FACE('',(#4516,#4526,#4536,#4546,#4556,#4566,#4576),#4479,.T.);
#4578=CARTESIAN_POINT('',(5.88E0,-6.73E1,-9.6E-1));
#4579=DIRECTION('',(-1.E0,0.E0,0.E0));
#4580=DIRECTION('',(0.E0,-1.E0,0.E0));
#4581=AXIS2_PLACEMENT_3D('',#4578,#4579,#4580);
#4582=PLANE('',#4581);
#4583=ORIENTED_EDGE('',*,*,#4567,.F.);
#4585=ORIENTED_EDGE('',*,*,#4584,.T.);
#4587=ORIENTED_EDGE('',*,*,#4586,.T.);
#4589=ORIENTED_EDGE('',*,*,#4588,.F.);
#4590=EDGE_LOOP('',(#4583,#4585,#4587,#4589));
#4591=FACE_OUTER_BOUND('',#4590,.F.);
#4592=ADVANCED_FACE('',(#4591),#4582,.F.);
#4593=CARTESIAN_POINT('',(6.18E0,-6.73E1,-9.6E-1));
#4594=DIRECTION('',(0.E0,1.E0,0.E0));
#4595=DIRECTION('',(-1.E0,0.E0,0.E0));
#4596=AXIS2_PLACEMENT_3D('',#4593,#4594,#4595);
#4597=PLANE('',#4596);
#4598=ORIENTED_EDGE('',*,*,#4573,.F.);
#4600=ORIENTED_EDGE('',*,*,#4599,.T.);
#4602=ORIENTED_EDGE('',*,*,#4601,.T.);
#4603=ORIENTED_EDGE('',*,*,#4584,.F.);
#4604=EDGE_LOOP('',(#4598,#4600,#4602,#4603));
#4605=FACE_OUTER_BOUND('',#4604,.F.);
#4606=ADVANCED_FACE('',(#4605),#4597,.F.);
#4607=CARTESIAN_POINT('',(6.18E0,-7.08E1,-9.6E-1));
#4608=DIRECTION('',(1.E0,0.E0,0.E0));
#4609=DIRECTION('',(0.E0,1.E0,0.E0));
#4610=AXIS2_PLACEMENT_3D('',#4607,#4608,#4609);
#4611=PLANE('',#4610);
#4612=ORIENTED_EDGE('',*,*,#4571,.F.);
#4614=ORIENTED_EDGE('',*,*,#4613,.T.);
#4616=ORIENTED_EDGE('',*,*,#4615,.T.);
#4617=ORIENTED_EDGE('',*,*,#4599,.F.);
#4618=EDGE_LOOP('',(#4612,#4614,#4616,#4617));
#4619=FACE_OUTER_BOUND('',#4618,.F.);
#4620=ADVANCED_FACE('',(#4619),#4611,.F.);
#4621=CARTESIAN_POINT('',(5.88E0,-7.08E1,-9.6E-1));
#4622=DIRECTION('',(0.E0,-1.E0,0.E0));
#4623=DIRECTION('',(1.E0,0.E0,0.E0));
#4624=AXIS2_PLACEMENT_3D('',#4621,#4622,#4623);
#4625=PLANE('',#4624);
#4626=ORIENTED_EDGE('',*,*,#4569,.F.);
#4627=ORIENTED_EDGE('',*,*,#4588,.T.);
#4629=ORIENTED_EDGE('',*,*,#4628,.T.);
#4630=ORIENTED_EDGE('',*,*,#4613,.F.);
#4631=EDGE_LOOP('',(#4626,#4627,#4629,#4630));
#4632=FACE_OUTER_BOUND('',#4631,.F.);
#4633=ADVANCED_FACE('',(#4632),#4625,.F.);
#4634=CARTESIAN_POINT('',(0.E0,0.E0,-9.9E-1));
#4635=DIRECTION('',(0.E0,0.E0,1.E0));
#4636=DIRECTION('',(1.E0,0.E0,0.E0));
#4637=AXIS2_PLACEMENT_3D('',#4634,#4635,#4636);
#4638=PLANE('',#4637);
#4639=ORIENTED_EDGE('',*,*,#4586,.F.);
#4640=ORIENTED_EDGE('',*,*,#4601,.F.);
#4641=ORIENTED_EDGE('',*,*,#4615,.F.);
#4642=ORIENTED_EDGE('',*,*,#4628,.F.);
#4643=EDGE_LOOP('',(#4639,#4640,#4641,#4642));
#4644=FACE_OUTER_BOUND('',#4643,.F.);
#4645=ADVANCED_FACE('',(#4644),#4638,.T.);
#4646=FILL_AREA_STYLE_COLOUR('',#11);
#4647=FILL_AREA_STYLE('',(#4646));
#4648=SURFACE_STYLE_FILL_AREA(#4647);
#4649=SURFACE_SIDE_STYLE('',(#4648));
#4650=SURFACE_STYLE_USAGE(.POSITIVE.,#4649);
#4651=FILL_AREA_STYLE_COLOUR('',#6);
#4652=FILL_AREA_STYLE('',(#4651));
#4653=SURFACE_STYLE_FILL_AREA(#4652);
#4654=SURFACE_SIDE_STYLE('',(#4653));
#4655=SURFACE_STYLE_USAGE(.NEGATIVE.,#4654);
#4656=PRESENTATION_STYLE_ASSIGNMENT((#4650,#4655));
#4657=OVER_RIDING_STYLED_ITEM('',(#4656),#4645,#16);
#4658=CARTESIAN_POINT('',(6.38E0,-6.73E1,-9.6E-1));
#4659=DIRECTION('',(-1.E0,0.E0,0.E0));
#4660=DIRECTION('',(0.E0,-1.E0,0.E0));
#4661=AXIS2_PLACEMENT_3D('',#4658,#4659,#4660);
#4662=PLANE('',#4661);
#4663=ORIENTED_EDGE('',*,*,#4517,.F.);
#4665=ORIENTED_EDGE('',*,*,#4664,.T.);
#4667=ORIENTED_EDGE('',*,*,#4666,.T.);
#4669=ORIENTED_EDGE('',*,*,#4668,.F.);
#4670=EDGE_LOOP('',(#4663,#4665,#4667,#4669));
#4671=FACE_OUTER_BOUND('',#4670,.F.);
#4672=ADVANCED_FACE('',(#4671),#4662,.F.);
#4673=CARTESIAN_POINT('',(6.68E0,-6.73E1,-9.6E-1));
#4674=DIRECTION('',(0.E0,1.E0,0.E0));
#4675=DIRECTION('',(-1.E0,0.E0,0.E0));
#4676=AXIS2_PLACEMENT_3D('',#4673,#4674,#4675);
#4677=PLANE('',#4676);
#4678=ORIENTED_EDGE('',*,*,#4523,.F.);
#4680=ORIENTED_EDGE('',*,*,#4679,.T.);
#4682=ORIENTED_EDGE('',*,*,#4681,.T.);
#4683=ORIENTED_EDGE('',*,*,#4664,.F.);
#4684=EDGE_LOOP('',(#4678,#4680,#4682,#4683));
#4685=FACE_OUTER_BOUND('',#4684,.F.);
#4686=ADVANCED_FACE('',(#4685),#4677,.F.);
#4687=CARTESIAN_POINT('',(6.68E0,-7.08E1,-9.6E-1));
#4688=DIRECTION('',(1.E0,0.E0,0.E0));
#4689=DIRECTION('',(0.E0,1.E0,0.E0));
#4690=AXIS2_PLACEMENT_3D('',#4687,#4688,#4689);
#4691=PLANE('',#4690);
#4692=ORIENTED_EDGE('',*,*,#4521,.F.);
#4694=ORIENTED_EDGE('',*,*,#4693,.T.);
#4696=ORIENTED_EDGE('',*,*,#4695,.T.);
#4697=ORIENTED_EDGE('',*,*,#4679,.F.);
#4698=EDGE_LOOP('',(#4692,#4694,#4696,#4697));
#4699=FACE_OUTER_BOUND('',#4698,.F.);
#4700=ADVANCED_FACE('',(#4699),#4691,.F.);
#4701=CARTESIAN_POINT('',(6.38E0,-7.08E1,-9.6E-1));
#4702=DIRECTION('',(0.E0,-1.E0,0.E0));
#4703=DIRECTION('',(1.E0,0.E0,0.E0));
#4704=AXIS2_PLACEMENT_3D('',#4701,#4702,#4703);
#4705=PLANE('',#4704);
#4706=ORIENTED_EDGE('',*,*,#4519,.F.);
#4707=ORIENTED_EDGE('',*,*,#4668,.T.);
#4709=ORIENTED_EDGE('',*,*,#4708,.T.);
#4710=ORIENTED_EDGE('',*,*,#4693,.F.);
#4711=EDGE_LOOP('',(#4706,#4707,#4709,#4710));
#4712=FACE_OUTER_BOUND('',#4711,.F.);
#4713=ADVANCED_FACE('',(#4712),#4705,.F.);
#4714=CARTESIAN_POINT('',(5.E-1,0.E0,-9.9E-1));
#4715=DIRECTION('',(0.E0,0.E0,1.E0));
#4716=DIRECTION('',(1.E0,0.E0,0.E0));
#4717=AXIS2_PLACEMENT_3D('',#4714,#4715,#4716);
#4718=PLANE('',#4717);
#4719=ORIENTED_EDGE('',*,*,#4666,.F.);
#4720=ORIENTED_EDGE('',*,*,#4681,.F.);
#4721=ORIENTED_EDGE('',*,*,#4695,.F.);
#4722=ORIENTED_EDGE('',*,*,#4708,.F.);
#4723=EDGE_LOOP('',(#4719,#4720,#4721,#4722));
#4724=FACE_OUTER_BOUND('',#4723,.F.);
#4725=ADVANCED_FACE('',(#4724),#4718,.T.);
#4726=FILL_AREA_STYLE_COLOUR('',#11);
#4727=FILL_AREA_STYLE('',(#4726));
#4728=SURFACE_STYLE_FILL_AREA(#4727);
#4729=SURFACE_SIDE_STYLE('',(#4728));
#4730=SURFACE_STYLE_USAGE(.POSITIVE.,#4729);
#4731=FILL_AREA_STYLE_COLOUR('',#6);
#4732=FILL_AREA_STYLE('',(#4731));
#4733=SURFACE_STYLE_FILL_AREA(#4732);
#4734=SURFACE_SIDE_STYLE('',(#4733));
#4735=SURFACE_STYLE_USAGE(.NEGATIVE.,#4734);
#4736=PRESENTATION_STYLE_ASSIGNMENT((#4730,#4735));
#4737=OVER_RIDING_STYLED_ITEM('',(#4736),#4725,#16);
#4738=CARTESIAN_POINT('',(6.88E0,-6.73E1,-9.6E-1));
#4739=DIRECTION('',(-1.E0,0.E0,0.E0));
#4740=DIRECTION('',(0.E0,-1.E0,0.E0));
#4741=AXIS2_PLACEMENT_3D('',#4738,#4739,#4740);
#4742=PLANE('',#4741);
#4743=ORIENTED_EDGE('',*,*,#4527,.F.);
#4745=ORIENTED_EDGE('',*,*,#4744,.T.);
#4747=ORIENTED_EDGE('',*,*,#4746,.T.);
#4749=ORIENTED_EDGE('',*,*,#4748,.F.);
#4750=EDGE_LOOP('',(#4743,#4745,#4747,#4749));
#4751=FACE_OUTER_BOUND('',#4750,.F.);
#4752=ADVANCED_FACE('',(#4751),#4742,.F.);
#4753=CARTESIAN_POINT('',(7.18E0,-6.73E1,-9.6E-1));
#4754=DIRECTION('',(0.E0,1.E0,0.E0));
#4755=DIRECTION('',(-1.E0,0.E0,0.E0));
#4756=AXIS2_PLACEMENT_3D('',#4753,#4754,#4755);
#4757=PLANE('',#4756);
#4758=ORIENTED_EDGE('',*,*,#4533,.F.);
#4760=ORIENTED_EDGE('',*,*,#4759,.T.);
#4762=ORIENTED_EDGE('',*,*,#4761,.T.);
#4763=ORIENTED_EDGE('',*,*,#4744,.F.);
#4764=EDGE_LOOP('',(#4758,#4760,#4762,#4763));
#4765=FACE_OUTER_BOUND('',#4764,.F.);
#4766=ADVANCED_FACE('',(#4765),#4757,.F.);
#4767=CARTESIAN_POINT('',(7.18E0,-7.08E1,-9.6E-1));
#4768=DIRECTION('',(1.E0,0.E0,0.E0));
#4769=DIRECTION('',(0.E0,1.E0,0.E0));
#4770=AXIS2_PLACEMENT_3D('',#4767,#4768,#4769);
#4771=PLANE('',#4770);
#4772=ORIENTED_EDGE('',*,*,#4531,.F.);
#4774=ORIENTED_EDGE('',*,*,#4773,.T.);
#4776=ORIENTED_EDGE('',*,*,#4775,.T.);
#4777=ORIENTED_EDGE('',*,*,#4759,.F.);
#4778=EDGE_LOOP('',(#4772,#4774,#4776,#4777));
#4779=FACE_OUTER_BOUND('',#4778,.F.);
#4780=ADVANCED_FACE('',(#4779),#4771,.F.);
#4781=CARTESIAN_POINT('',(6.88E0,-7.08E1,-9.6E-1));
#4782=DIRECTION('',(0.E0,-1.E0,0.E0));
#4783=DIRECTION('',(1.E0,0.E0,0.E0));
#4784=AXIS2_PLACEMENT_3D('',#4781,#4782,#4783);
#4785=PLANE('',#4784);
#4786=ORIENTED_EDGE('',*,*,#4529,.F.);
#4787=ORIENTED_EDGE('',*,*,#4748,.T.);
#4789=ORIENTED_EDGE('',*,*,#4788,.T.);
#4790=ORIENTED_EDGE('',*,*,#4773,.F.);
#4791=EDGE_LOOP('',(#4786,#4787,#4789,#4790));
#4792=FACE_OUTER_BOUND('',#4791,.F.);
#4793=ADVANCED_FACE('',(#4792),#4785,.F.);
#4794=CARTESIAN_POINT('',(1.E0,0.E0,-9.9E-1));
#4795=DIRECTION('',(0.E0,0.E0,1.E0));
#4796=DIRECTION('',(1.E0,0.E0,0.E0));
#4797=AXIS2_PLACEMENT_3D('',#4794,#4795,#4796);
#4798=PLANE('',#4797);
#4799=ORIENTED_EDGE('',*,*,#4746,.F.);
#4800=ORIENTED_EDGE('',*,*,#4761,.F.);
#4801=ORIENTED_EDGE('',*,*,#4775,.F.);
#4802=ORIENTED_EDGE('',*,*,#4788,.F.);
#4803=EDGE_LOOP('',(#4799,#4800,#4801,#4802));
#4804=FACE_OUTER_BOUND('',#4803,.F.);
#4805=ADVANCED_FACE('',(#4804),#4798,.T.);
#4806=FILL_AREA_STYLE_COLOUR('',#11);
#4807=FILL_AREA_STYLE('',(#4806));
#4808=SURFACE_STYLE_FILL_AREA(#4807);
#4809=SURFACE_SIDE_STYLE('',(#4808));
#4810=SURFACE_STYLE_USAGE(.POSITIVE.,#4809);
#4811=FILL_AREA_STYLE_COLOUR('',#6);
#4812=FILL_AREA_STYLE('',(#4811));
#4813=SURFACE_STYLE_FILL_AREA(#4812);
#4814=SURFACE_SIDE_STYLE('',(#4813));
#4815=SURFACE_STYLE_USAGE(.NEGATIVE.,#4814);
#4816=PRESENTATION_STYLE_ASSIGNMENT((#4810,#4815));
#4817=OVER_RIDING_STYLED_ITEM('',(#4816),#4805,#16);
#4818=CARTESIAN_POINT('',(7.38E0,-6.73E1,-9.6E-1));
#4819=DIRECTION('',(-1.E0,0.E0,0.E0));
#4820=DIRECTION('',(0.E0,-1.E0,0.E0));
#4821=AXIS2_PLACEMENT_3D('',#4818,#4819,#4820);
#4822=PLANE('',#4821);
#4823=ORIENTED_EDGE('',*,*,#4537,.F.);
#4825=ORIENTED_EDGE('',*,*,#4824,.T.);
#4827=ORIENTED_EDGE('',*,*,#4826,.T.);
#4829=ORIENTED_EDGE('',*,*,#4828,.F.);
#4830=EDGE_LOOP('',(#4823,#4825,#4827,#4829));
#4831=FACE_OUTER_BOUND('',#4830,.F.);
#4832=ADVANCED_FACE('',(#4831),#4822,.F.);
#4833=CARTESIAN_POINT('',(7.68E0,-6.73E1,-9.6E-1));
#4834=DIRECTION('',(0.E0,1.E0,0.E0));
#4835=DIRECTION('',(-1.E0,0.E0,0.E0));
#4836=AXIS2_PLACEMENT_3D('',#4833,#4834,#4835);
#4837=PLANE('',#4836);
#4838=ORIENTED_EDGE('',*,*,#4543,.F.);
#4840=ORIENTED_EDGE('',*,*,#4839,.T.);
#4842=ORIENTED_EDGE('',*,*,#4841,.T.);
#4843=ORIENTED_EDGE('',*,*,#4824,.F.);
#4844=EDGE_LOOP('',(#4838,#4840,#4842,#4843));
#4845=FACE_OUTER_BOUND('',#4844,.F.);
#4846=ADVANCED_FACE('',(#4845),#4837,.F.);
#4847=CARTESIAN_POINT('',(7.68E0,-7.08E1,-9.6E-1));
#4848=DIRECTION('',(1.E0,0.E0,0.E0));
#4849=DIRECTION('',(0.E0,1.E0,0.E0));
#4850=AXIS2_PLACEMENT_3D('',#4847,#4848,#4849);
#4851=PLANE('',#4850);
#4852=ORIENTED_EDGE('',*,*,#4541,.F.);
#4854=ORIENTED_EDGE('',*,*,#4853,.T.);
#4856=ORIENTED_EDGE('',*,*,#4855,.T.);
#4857=ORIENTED_EDGE('',*,*,#4839,.F.);
#4858=EDGE_LOOP('',(#4852,#4854,#4856,#4857));
#4859=FACE_OUTER_BOUND('',#4858,.F.);
#4860=ADVANCED_FACE('',(#4859),#4851,.F.);
#4861=CARTESIAN_POINT('',(7.38E0,-7.08E1,-9.6E-1));
#4862=DIRECTION('',(0.E0,-1.E0,0.E0));
#4863=DIRECTION('',(1.E0,0.E0,0.E0));
#4864=AXIS2_PLACEMENT_3D('',#4861,#4862,#4863);
#4865=PLANE('',#4864);
#4866=ORIENTED_EDGE('',*,*,#4539,.F.);
#4867=ORIENTED_EDGE('',*,*,#4828,.T.);
#4869=ORIENTED_EDGE('',*,*,#4868,.T.);
#4870=ORIENTED_EDGE('',*,*,#4853,.F.);
#4871=EDGE_LOOP('',(#4866,#4867,#4869,#4870));
#4872=FACE_OUTER_BOUND('',#4871,.F.);
#4873=ADVANCED_FACE('',(#4872),#4865,.F.);
#4874=CARTESIAN_POINT('',(1.5E0,0.E0,-9.9E-1));
#4875=DIRECTION('',(0.E0,0.E0,1.E0));
#4876=DIRECTION('',(1.E0,0.E0,0.E0));
#4877=AXIS2_PLACEMENT_3D('',#4874,#4875,#4876);
#4878=PLANE('',#4877);
#4879=ORIENTED_EDGE('',*,*,#4826,.F.);
#4880=ORIENTED_EDGE('',*,*,#4841,.F.);
#4881=ORIENTED_EDGE('',*,*,#4855,.F.);
#4882=ORIENTED_EDGE('',*,*,#4868,.F.);
#4883=EDGE_LOOP('',(#4879,#4880,#4881,#4882));
#4884=FACE_OUTER_BOUND('',#4883,.F.);
#4885=ADVANCED_FACE('',(#4884),#4878,.T.);
#4886=FILL_AREA_STYLE_COLOUR('',#11);
#4887=FILL_AREA_STYLE('',(#4886));
#4888=SURFACE_STYLE_FILL_AREA(#4887);
#4889=SURFACE_SIDE_STYLE('',(#4888));
#4890=SURFACE_STYLE_USAGE(.POSITIVE.,#4889);
#4891=FILL_AREA_STYLE_COLOUR('',#6);
#4892=FILL_AREA_STYLE('',(#4891));
#4893=SURFACE_STYLE_FILL_AREA(#4892);
#4894=SURFACE_SIDE_STYLE('',(#4893));
#4895=SURFACE_STYLE_USAGE(.NEGATIVE.,#4894);
#4896=PRESENTATION_STYLE_ASSIGNMENT((#4890,#4895));
#4897=OVER_RIDING_STYLED_ITEM('',(#4896),#4885,#16);
#4898=CARTESIAN_POINT('',(7.88E0,-6.73E1,-9.6E-1));
#4899=DIRECTION('',(-1.E0,0.E0,0.E0));
#4900=DIRECTION('',(0.E0,-1.E0,0.E0));
#4901=AXIS2_PLACEMENT_3D('',#4898,#4899,#4900);
#4902=PLANE('',#4901);
#4903=ORIENTED_EDGE('',*,*,#4547,.F.);
#4905=ORIENTED_EDGE('',*,*,#4904,.T.);
#4907=ORIENTED_EDGE('',*,*,#4906,.T.);
#4909=ORIENTED_EDGE('',*,*,#4908,.F.);
#4910=EDGE_LOOP('',(#4903,#4905,#4907,#4909));
#4911=FACE_OUTER_BOUND('',#4910,.F.);
#4912=ADVANCED_FACE('',(#4911),#4902,.F.);
#4913=CARTESIAN_POINT('',(8.18E0,-6.73E1,-9.6E-1));
#4914=DIRECTION('',(0.E0,1.E0,0.E0));
#4915=DIRECTION('',(-1.E0,0.E0,0.E0));
#4916=AXIS2_PLACEMENT_3D('',#4913,#4914,#4915);
#4917=PLANE('',#4916);
#4918=ORIENTED_EDGE('',*,*,#4553,.F.);
#4920=ORIENTED_EDGE('',*,*,#4919,.T.);
#4922=ORIENTED_EDGE('',*,*,#4921,.T.);
#4923=ORIENTED_EDGE('',*,*,#4904,.F.);
#4924=EDGE_LOOP('',(#4918,#4920,#4922,#4923));
#4925=FACE_OUTER_BOUND('',#4924,.F.);
#4926=ADVANCED_FACE('',(#4925),#4917,.F.);
#4927=CARTESIAN_POINT('',(8.18E0,-7.08E1,-9.6E-1));
#4928=DIRECTION('',(1.E0,0.E0,0.E0));
#4929=DIRECTION('',(0.E0,1.E0,0.E0));
#4930=AXIS2_PLACEMENT_3D('',#4927,#4928,#4929);
#4931=PLANE('',#4930);
#4932=ORIENTED_EDGE('',*,*,#4551,.F.);
#4934=ORIENTED_EDGE('',*,*,#4933,.T.);
#4936=ORIENTED_EDGE('',*,*,#4935,.T.);
#4937=ORIENTED_EDGE('',*,*,#4919,.F.);
#4938=EDGE_LOOP('',(#4932,#4934,#4936,#4937));
#4939=FACE_OUTER_BOUND('',#4938,.F.);
#4940=ADVANCED_FACE('',(#4939),#4931,.F.);
#4941=CARTESIAN_POINT('',(7.88E0,-7.08E1,-9.6E-1));
#4942=DIRECTION('',(0.E0,-1.E0,0.E0));
#4943=DIRECTION('',(1.E0,0.E0,0.E0));
#4944=AXIS2_PLACEMENT_3D('',#4941,#4942,#4943);
#4945=PLANE('',#4944);
#4946=ORIENTED_EDGE('',*,*,#4549,.F.);
#4947=ORIENTED_EDGE('',*,*,#4908,.T.);
#4949=ORIENTED_EDGE('',*,*,#4948,.T.);
#4950=ORIENTED_EDGE('',*,*,#4933,.F.);
#4951=EDGE_LOOP('',(#4946,#4947,#4949,#4950));
#4952=FACE_OUTER_BOUND('',#4951,.F.);
#4953=ADVANCED_FACE('',(#4952),#4945,.F.);
#4954=CARTESIAN_POINT('',(2.E0,0.E0,-9.9E-1));
#4955=DIRECTION('',(0.E0,0.E0,1.E0));
#4956=DIRECTION('',(1.E0,0.E0,0.E0));
#4957=AXIS2_PLACEMENT_3D('',#4954,#4955,#4956);
#4958=PLANE('',#4957);
#4959=ORIENTED_EDGE('',*,*,#4906,.F.);
#4960=ORIENTED_EDGE('',*,*,#4921,.F.);
#4961=ORIENTED_EDGE('',*,*,#4935,.F.);
#4962=ORIENTED_EDGE('',*,*,#4948,.F.);
#4963=EDGE_LOOP('',(#4959,#4960,#4961,#4962));
#4964=FACE_OUTER_BOUND('',#4963,.F.);
#4965=ADVANCED_FACE('',(#4964),#4958,.T.);
#4966=FILL_AREA_STYLE_COLOUR('',#11);
#4967=FILL_AREA_STYLE('',(#4966));
#4968=SURFACE_STYLE_FILL_AREA(#4967);
#4969=SURFACE_SIDE_STYLE('',(#4968));
#4970=SURFACE_STYLE_USAGE(.POSITIVE.,#4969);
#4971=FILL_AREA_STYLE_COLOUR('',#6);
#4972=FILL_AREA_STYLE('',(#4971));
#4973=SURFACE_STYLE_FILL_AREA(#4972);
#4974=SURFACE_SIDE_STYLE('',(#4973));
#4975=SURFACE_STYLE_USAGE(.NEGATIVE.,#4974);
#4976=PRESENTATION_STYLE_ASSIGNMENT((#4970,#4975));
#4977=OVER_RIDING_STYLED_ITEM('',(#4976),#4965,#16);
#4978=CARTESIAN_POINT('',(8.38E0,-6.73E1,-9.6E-1));
#4979=DIRECTION('',(-1.E0,0.E0,0.E0));
#4980=DIRECTION('',(0.E0,-1.E0,0.E0));
#4981=AXIS2_PLACEMENT_3D('',#4978,#4979,#4980);
#4982=PLANE('',#4981);
#4983=ORIENTED_EDGE('',*,*,#4557,.F.);
#4985=ORIENTED_EDGE('',*,*,#4984,.T.);
#4987=ORIENTED_EDGE('',*,*,#4986,.T.);
#4989=ORIENTED_EDGE('',*,*,#4988,.F.);
#4990=EDGE_LOOP('',(#4983,#4985,#4987,#4989));
#4991=FACE_OUTER_BOUND('',#4990,.F.);
#4992=ADVANCED_FACE('',(#4991),#4982,.F.);
#4993=CARTESIAN_POINT('',(8.68E0,-6.73E1,-9.6E-1));
#4994=DIRECTION('',(0.E0,1.E0,0.E0));
#4995=DIRECTION('',(-1.E0,0.E0,0.E0));
#4996=AXIS2_PLACEMENT_3D('',#4993,#4994,#4995);
#4997=PLANE('',#4996);
#4998=ORIENTED_EDGE('',*,*,#4563,.F.);
#5000=ORIENTED_EDGE('',*,*,#4999,.T.);
#5002=ORIENTED_EDGE('',*,*,#5001,.T.);
#5003=ORIENTED_EDGE('',*,*,#4984,.F.);
#5004=EDGE_LOOP('',(#4998,#5000,#5002,#5003));
#5005=FACE_OUTER_BOUND('',#5004,.F.);
#5006=ADVANCED_FACE('',(#5005),#4997,.F.);
#5007=CARTESIAN_POINT('',(8.68E0,-7.08E1,-9.6E-1));
#5008=DIRECTION('',(1.E0,0.E0,0.E0));
#5009=DIRECTION('',(0.E0,1.E0,0.E0));
#5010=AXIS2_PLACEMENT_3D('',#5007,#5008,#5009);
#5011=PLANE('',#5010);
#5012=ORIENTED_EDGE('',*,*,#4561,.F.);
#5014=ORIENTED_EDGE('',*,*,#5013,.T.);
#5016=ORIENTED_EDGE('',*,*,#5015,.T.);
#5017=ORIENTED_EDGE('',*,*,#4999,.F.);
#5018=EDGE_LOOP('',(#5012,#5014,#5016,#5017));
#5019=FACE_OUTER_BOUND('',#5018,.F.);
#5020=ADVANCED_FACE('',(#5019),#5011,.F.);
#5021=CARTESIAN_POINT('',(8.38E0,-7.08E1,-9.6E-1));
#5022=DIRECTION('',(0.E0,-1.E0,0.E0));
#5023=DIRECTION('',(1.E0,0.E0,0.E0));
#5024=AXIS2_PLACEMENT_3D('',#5021,#5022,#5023);
#5025=PLANE('',#5024);
#5026=ORIENTED_EDGE('',*,*,#4559,.F.);
#5027=ORIENTED_EDGE('',*,*,#4988,.T.);
#5029=ORIENTED_EDGE('',*,*,#5028,.T.);
#5030=ORIENTED_EDGE('',*,*,#5013,.F.);
#5031=EDGE_LOOP('',(#5026,#5027,#5029,#5030));
#5032=FACE_OUTER_BOUND('',#5031,.F.);
#5033=ADVANCED_FACE('',(#5032),#5025,.F.);
#5034=CARTESIAN_POINT('',(2.5E0,0.E0,-9.9E-1));
#5035=DIRECTION('',(0.E0,0.E0,1.E0));
#5036=DIRECTION('',(1.E0,0.E0,0.E0));
#5037=AXIS2_PLACEMENT_3D('',#5034,#5035,#5036);
#5038=PLANE('',#5037);
#5039=ORIENTED_EDGE('',*,*,#4986,.F.);
#5040=ORIENTED_EDGE('',*,*,#5001,.F.);
#5041=ORIENTED_EDGE('',*,*,#5015,.F.);
#5042=ORIENTED_EDGE('',*,*,#5028,.F.);
#5043=EDGE_LOOP('',(#5039,#5040,#5041,#5042));
#5044=FACE_OUTER_BOUND('',#5043,.F.);
#5045=ADVANCED_FACE('',(#5044),#5038,.T.);
#5046=FILL_AREA_STYLE_COLOUR('',#11);
#5047=FILL_AREA_STYLE('',(#5046));
#5048=SURFACE_STYLE_FILL_AREA(#5047);
#5049=SURFACE_SIDE_STYLE('',(#5048));
#5050=SURFACE_STYLE_USAGE(.POSITIVE.,#5049);
#5051=FILL_AREA_STYLE_COLOUR('',#6);
#5052=FILL_AREA_STYLE('',(#5051));
#5053=SURFACE_STYLE_FILL_AREA(#5052);
#5054=SURFACE_SIDE_STYLE('',(#5053));
#5055=SURFACE_STYLE_USAGE(.NEGATIVE.,#5054);
#5056=PRESENTATION_STYLE_ASSIGNMENT((#5050,#5055));
#5057=OVER_RIDING_STYLED_ITEM('',(#5056),#5045,#16);
#5058=CARTESIAN_POINT('',(1.78E0,-5.55E1,-7.37152E0));
#5059=DIRECTION('',(0.E0,0.E0,1.E0));
#5060=DIRECTION('',(-1.E0,0.E0,0.E0));
#5061=AXIS2_PLACEMENT_3D('',#5058,#5059,#5060);
#5062=CYLINDRICAL_SURFACE('',#5061,5.E-1);
#5063=ORIENTED_EDGE('',*,*,#4483,.T.);
#5064=ORIENTED_EDGE('',*,*,#4388,.F.);
#5066=ORIENTED_EDGE('',*,*,#5065,.T.);
#5068=ORIENTED_EDGE('',*,*,#5067,.T.);
#5069=EDGE_LOOP('',(#5063,#5064,#5066,#5068));
#5070=FACE_OUTER_BOUND('',#5069,.F.);
#5071=ADVANCED_FACE('',(#5070),#5062,.T.);
#5072=CARTESIAN_POINT('',(0.E0,0.E0,-1.29E0));
#5073=DIRECTION('',(0.E0,0.E0,-1.E0));
#5074=DIRECTION('',(-1.E0,0.E0,0.E0));
#5075=AXIS2_PLACEMENT_3D('',#5072,#5073,#5074);
#5076=PLANE('',#5075);
#5078=ORIENTED_EDGE('',*,*,#5077,.F.);
#5080=ORIENTED_EDGE('',*,*,#5079,.F.);
#5082=ORIENTED_EDGE('',*,*,#5081,.F.);
#5084=ORIENTED_EDGE('',*,*,#5083,.F.);
#5086=ORIENTED_EDGE('',*,*,#5085,.F.);
#5088=ORIENTED_EDGE('',*,*,#5087,.F.);
#5089=ORIENTED_EDGE('',*,*,#5065,.F.);
#5090=ORIENTED_EDGE('',*,*,#4386,.F.);
#5091=EDGE_LOOP('',(#5078,#5080,#5082,#5084,#5086,#5088,#5089,#5090));
#5092=FACE_OUTER_BOUND('',#5091,.F.);
#5093=ADVANCED_FACE('',(#5092),#5076,.T.);
#5094=CARTESIAN_POINT('',(1.278E1,-5.55E1,4.17152E0));
#5095=DIRECTION('',(0.E0,0.E0,-1.E0));
#5096=DIRECTION('',(1.E0,0.E0,0.E0));
#5097=AXIS2_PLACEMENT_3D('',#5094,#5095,#5096);
#5098=CYLINDRICAL_SURFACE('',#5097,5.E-1);
#5099=ORIENTED_EDGE('',*,*,#5077,.T.);
#5100=ORIENTED_EDGE('',*,*,#4384,.F.);
#5101=ORIENTED_EDGE('',*,*,#4504,.T.);
#5103=ORIENTED_EDGE('',*,*,#5102,.T.);
#5104=EDGE_LOOP('',(#5099,#5100,#5101,#5103));
#5105=FACE_OUTER_BOUND('',#5104,.F.);
#5106=ADVANCED_FACE('',(#5105),#5098,.T.);
#5107=CARTESIAN_POINT('',(1.328E1,-5.6E1,0.E0));
#5108=DIRECTION('',(1.E0,0.E0,0.E0));
#5109=DIRECTION('',(0.E0,1.E0,0.E0));
#5110=AXIS2_PLACEMENT_3D('',#5107,#5108,#5109);
#5111=PLANE('',#5110);
#5112=ORIENTED_EDGE('',*,*,#5102,.F.);
#5113=ORIENTED_EDGE('',*,*,#4502,.T.);
#5115=ORIENTED_EDGE('',*,*,#5114,.F.);
#5116=ORIENTED_EDGE('',*,*,#5079,.T.);
#5117=EDGE_LOOP('',(#5112,#5113,#5115,#5116));
#5118=FACE_OUTER_BOUND('',#5117,.F.);
#5119=ADVANCED_FACE('',(#5118),#5111,.T.);
#5120=CARTESIAN_POINT('',(1.278E1,-4.35E1,-7.37152E0));
#5121=DIRECTION('',(0.E0,0.E0,1.E0));
#5122=DIRECTION('',(1.E0,0.E0,0.E0));
#5123=AXIS2_PLACEMENT_3D('',#5120,#5121,#5122);
#5124=CYLINDRICAL_SURFACE('',#5123,5.E-1);
#5125=ORIENTED_EDGE('',*,*,#4500,.T.);
#5127=ORIENTED_EDGE('',*,*,#5126,.F.);
#5128=ORIENTED_EDGE('',*,*,#5081,.T.);
#5129=ORIENTED_EDGE('',*,*,#5114,.T.);
#5130=EDGE_LOOP('',(#5125,#5127,#5128,#5129));
#5131=FACE_OUTER_BOUND('',#5130,.F.);
#5132=ADVANCED_FACE('',(#5131),#5124,.T.);
#5133=CARTESIAN_POINT('',(4.78E0,-4.3E1,0.E0));
#5134=DIRECTION('',(0.E0,1.E0,0.E0));
#5135=DIRECTION('',(-1.E0,0.E0,0.E0));
#5136=AXIS2_PLACEMENT_3D('',#5133,#5134,#5135);
#5137=PLANE('',#5136);
#5138=ORIENTED_EDGE('',*,*,#4331,.F.);
#5139=ORIENTED_EDGE('',*,*,#4363,.F.);
#5141=ORIENTED_EDGE('',*,*,#5140,.T.);
#5142=ORIENTED_EDGE('',*,*,#4489,.T.);
#5144=ORIENTED_EDGE('',*,*,#5143,.F.);
#5145=ORIENTED_EDGE('',*,*,#5083,.T.);
#5146=ORIENTED_EDGE('',*,*,#5126,.T.);
#5147=ORIENTED_EDGE('',*,*,#4498,.T.);
#5148=EDGE_LOOP('',(#5138,#5139,#5141,#5142,#5144,#5145,#5146,#5147));
#5149=FACE_OUTER_BOUND('',#5148,.F.);
#5150=ADVANCED_FACE('',(#5149),#5137,.T.);
#5151=CARTESIAN_POINT('',(3.78E0,-4.2E1,-7.37152E0));
#5152=DIRECTION('',(0.E0,0.E0,1.E0));
#5153=DIRECTION('',(0.E0,-1.E0,0.E0));
#5154=AXIS2_PLACEMENT_3D('',#5151,#5152,#5153);
#5155=CYLINDRICAL_SURFACE('',#5154,1.E0);
#5156=ORIENTED_EDGE('',*,*,#5140,.F.);
#5157=ORIENTED_EDGE('',*,*,#4370,.T.);
#5159=ORIENTED_EDGE('',*,*,#5158,.T.);
#5160=ORIENTED_EDGE('',*,*,#4491,.T.);
#5161=EDGE_LOOP('',(#5156,#5157,#5159,#5160));
#5162=FACE_OUTER_BOUND('',#5161,.F.);
#5163=ADVANCED_FACE('',(#5162),#5155,.F.);
#5164=CARTESIAN_POINT('',(4.78E0,-3.46E1,0.E0));
#5165=DIRECTION('',(-1.E0,0.E0,0.E0));
#5166=DIRECTION('',(0.E0,-1.E0,0.E0));
#5167=AXIS2_PLACEMENT_3D('',#5164,#5165,#5166);
#5168=PLANE('',#5167);
#5169=ORIENTED_EDGE('',*,*,#5158,.F.);
#5170=ORIENTED_EDGE('',*,*,#4368,.F.);
#5171=ORIENTED_EDGE('',*,*,#3008,.F.);
#5172=ORIENTED_EDGE('',*,*,#4493,.T.);
#5173=EDGE_LOOP('',(#5169,#5170,#5171,#5172));
#5174=FACE_OUTER_BOUND('',#5173,.F.);
#5175=ADVANCED_FACE('',(#5174),#5168,.T.);
#5176=CARTESIAN_POINT('',(1.78E0,-4.35E1,-7.37152E0));
#5177=DIRECTION('',(0.E0,0.E0,1.E0));
#5178=DIRECTION('',(0.E0,1.E0,0.E0));
#5179=AXIS2_PLACEMENT_3D('',#5176,#5177,#5178);
#5180=CYLINDRICAL_SURFACE('',#5179,5.E-1);
#5181=ORIENTED_EDGE('',*,*,#4487,.T.);
#5183=ORIENTED_EDGE('',*,*,#5182,.F.);
#5184=ORIENTED_EDGE('',*,*,#5085,.T.);
#5185=ORIENTED_EDGE('',*,*,#5143,.T.);
#5186=EDGE_LOOP('',(#5181,#5183,#5184,#5185));
#5187=FACE_OUTER_BOUND('',#5186,.F.);
#5188=ADVANCED_FACE('',(#5187),#5180,.T.);
#5189=CARTESIAN_POINT('',(1.28E0,-4.3E1,0.E0));
#5190=DIRECTION('',(-1.E0,0.E0,0.E0));
#5191=DIRECTION('',(0.E0,-1.E0,0.E0));
#5192=AXIS2_PLACEMENT_3D('',#5189,#5190,#5191);
#5193=PLANE('',#5192);
#5194=ORIENTED_EDGE('',*,*,#5067,.F.);
#5195=ORIENTED_EDGE('',*,*,#5087,.T.);
#5196=ORIENTED_EDGE('',*,*,#5182,.T.);
#5197=ORIENTED_EDGE('',*,*,#4485,.T.);
#5198=EDGE_LOOP('',(#5194,#5195,#5196,#5197));
#5199=FACE_OUTER_BOUND('',#5198,.F.);
#5200=ADVANCED_FACE('',(#5199),#5193,.T.);
#5201=CARTESIAN_POINT('',(8.83E0,-7.08E1,4.17152E0));
#5202=DIRECTION('',(0.E0,0.E0,-1.E0));
#5203=DIRECTION('',(1.E0,0.E0,0.E0));
#5204=AXIS2_PLACEMENT_3D('',#5201,#5202,#5203);
#5205=CYLINDRICAL_SURFACE('',#5204,2.E-1);
#5206=ORIENTED_EDGE('',*,*,#4423,.F.);
#5208=ORIENTED_EDGE('',*,*,#5207,.T.);
#5210=ORIENTED_EDGE('',*,*,#5209,.F.);
#5211=ORIENTED_EDGE('',*,*,#4509,.T.);
#5212=EDGE_LOOP('',(#5206,#5208,#5210,#5211));
#5213=FACE_OUTER_BOUND('',#5212,.F.);
#5214=ADVANCED_FACE('',(#5213),#5205,.T.);
#5215=CARTESIAN_POINT('',(0.E0,0.E0,-1.22E0));
#5216=DIRECTION('',(0.E0,0.E0,-1.E0));
#5217=DIRECTION('',(-1.E0,0.E0,0.E0));
#5218=AXIS2_PLACEMENT_3D('',#5215,#5216,#5217);
#5219=PLANE('',#5218);
#5220=ORIENTED_EDGE('',*,*,#5207,.F.);
#5221=ORIENTED_EDGE('',*,*,#4421,.F.);
#5222=ORIENTED_EDGE('',*,*,#4438,.F.);
#5223=ORIENTED_EDGE('',*,*,#4455,.F.);
#5225=ORIENTED_EDGE('',*,*,#5224,.F.);
#5227=ORIENTED_EDGE('',*,*,#5226,.F.);
#5228=EDGE_LOOP('',(#5220,#5221,#5222,#5223,#5225,#5227));
#5229=FACE_OUTER_BOUND('',#5228,.F.);
#5230=ADVANCED_FACE('',(#5229),#5219,.T.);
#5231=CARTESIAN_POINT('',(5.73E0,-7.08E1,4.17152E0));
#5232=DIRECTION('',(0.E0,0.E0,-1.E0));
#5233=DIRECTION('',(0.E0,-1.E0,0.E0));
#5234=AXIS2_PLACEMENT_3D('',#5231,#5232,#5233);
#5235=CYLINDRICAL_SURFACE('',#5234,2.E-1);
#5237=ORIENTED_EDGE('',*,*,#5236,.T.);
#5238=ORIENTED_EDGE('',*,*,#5224,.T.);
#5239=ORIENTED_EDGE('',*,*,#4453,.F.);
#5240=ORIENTED_EDGE('',*,*,#4513,.T.);
#5241=EDGE_LOOP('',(#5237,#5238,#5239,#5240));
#5242=FACE_OUTER_BOUND('',#5241,.F.);
#5243=ADVANCED_FACE('',(#5242),#5235,.T.);
#5244=CARTESIAN_POINT('',(5.53E0,-7.1E1,0.E0));
#5245=DIRECTION('',(0.E0,-1.E0,0.E0));
#5246=DIRECTION('',(1.E0,0.E0,0.E0));
#5247=AXIS2_PLACEMENT_3D('',#5244,#5245,#5246);
#5248=PLANE('',#5247);
#5249=ORIENTED_EDGE('',*,*,#5209,.T.);
#5250=ORIENTED_EDGE('',*,*,#5226,.T.);
#5251=ORIENTED_EDGE('',*,*,#5236,.F.);
#5252=ORIENTED_EDGE('',*,*,#4511,.T.);
#5253=EDGE_LOOP('',(#5249,#5250,#5251,#5252));
#5254=FACE_OUTER_BOUND('',#5253,.F.);
#5255=ADVANCED_FACE('',(#5254),#5248,.T.);
#5256=CARTESIAN_POINT('',(-2.16E1,3.14E1,0.E0));
#5257=DIRECTION('',(-1.E0,0.E0,0.E0));
#5258=DIRECTION('',(0.E0,-1.E0,0.E0));
#5259=AXIS2_PLACEMENT_3D('',#5256,#5257,#5258);
#5260=PLANE('',#5259);
#5261=ORIENTED_EDGE('',*,*,#2969,.F.);
#5263=ORIENTED_EDGE('',*,*,#5262,.T.);
#5265=ORIENTED_EDGE('',*,*,#5264,.T.);
#5267=ORIENTED_EDGE('',*,*,#5266,.F.);
#5268=EDGE_LOOP('',(#5261,#5263,#5265,#5267));
#5269=FACE_OUTER_BOUND('',#5268,.F.);
#5270=ADVANCED_FACE('',(#5269),#5260,.F.);
#5271=CARTESIAN_POINT('',(2.16E1,3.14E1,0.E0));
#5272=DIRECTION('',(0.E0,1.E0,0.E0));
#5273=DIRECTION('',(-1.E0,0.E0,0.E0));
#5274=AXIS2_PLACEMENT_3D('',#5271,#5272,#5273);
#5275=PLANE('',#5274);
#5276=ORIENTED_EDGE('',*,*,#2975,.F.);
#5278=ORIENTED_EDGE('',*,*,#5277,.T.);
#5280=ORIENTED_EDGE('',*,*,#5279,.T.);
#5281=ORIENTED_EDGE('',*,*,#5262,.F.);
#5282=EDGE_LOOP('',(#5276,#5278,#5280,#5281));
#5283=FACE_OUTER_BOUND('',#5282,.F.);
#5284=ADVANCED_FACE('',(#5283),#5275,.F.);
#5285=CARTESIAN_POINT('',(2.16E1,-2.62E1,0.E0));
#5286=DIRECTION('',(1.E0,0.E0,0.E0));
#5287=DIRECTION('',(0.E0,1.E0,0.E0));
#5288=AXIS2_PLACEMENT_3D('',#5285,#5286,#5287);
#5289=PLANE('',#5288);
#5290=ORIENTED_EDGE('',*,*,#2973,.F.);
#5292=ORIENTED_EDGE('',*,*,#5291,.T.);
#5294=ORIENTED_EDGE('',*,*,#5293,.T.);
#5295=ORIENTED_EDGE('',*,*,#5277,.F.);
#5296=EDGE_LOOP('',(#5290,#5292,#5294,#5295));
#5297=FACE_OUTER_BOUND('',#5296,.F.);
#5298=ADVANCED_FACE('',(#5297),#5289,.F.);
#5299=CARTESIAN_POINT('',(-2.16E1,-2.62E1,0.E0));
#5300=DIRECTION('',(0.E0,-1.E0,0.E0));
#5301=DIRECTION('',(1.E0,0.E0,0.E0));
#5302=AXIS2_PLACEMENT_3D('',#5299,#5300,#5301);
#5303=PLANE('',#5302);
#5304=ORIENTED_EDGE('',*,*,#2971,.F.);
#5305=ORIENTED_EDGE('',*,*,#5266,.T.);
#5307=ORIENTED_EDGE('',*,*,#5306,.T.);
#5308=ORIENTED_EDGE('',*,*,#5291,.F.);
#5309=EDGE_LOOP('',(#5304,#5305,#5307,#5308));
#5310=FACE_OUTER_BOUND('',#5309,.F.);
#5311=ADVANCED_FACE('',(#5310),#5303,.F.);
#5312=CARTESIAN_POINT('',(0.E0,0.E0,-3.E-2));
#5313=DIRECTION('',(0.E0,0.E0,1.E0));
#5314=DIRECTION('',(1.E0,0.E0,0.E0));
#5315=AXIS2_PLACEMENT_3D('',#5312,#5313,#5314);
#5316=PLANE('',#5315);
#5317=ORIENTED_EDGE('',*,*,#5264,.F.);
#5318=ORIENTED_EDGE('',*,*,#5279,.F.);
#5319=ORIENTED_EDGE('',*,*,#5293,.F.);
#5320=ORIENTED_EDGE('',*,*,#5306,.F.);
#5321=EDGE_LOOP('',(#5317,#5318,#5319,#5320));
#5322=FACE_OUTER_BOUND('',#5321,.F.);
#5323=ADVANCED_FACE('',(#5322),#5316,.T.);
#5324=FILL_AREA_STYLE_COLOUR('',#2);
#5325=FILL_AREA_STYLE('',(#5324));
#5326=SURFACE_STYLE_FILL_AREA(#5325);
#5327=SURFACE_SIDE_STYLE('',(#5326));
#5328=SURFACE_STYLE_USAGE(.POSITIVE.,#5327);
#5329=FILL_AREA_STYLE_COLOUR('',#6);
#5330=FILL_AREA_STYLE('',(#5329));
#5331=SURFACE_STYLE_FILL_AREA(#5330);
#5332=SURFACE_SIDE_STYLE('',(#5331));
#5333=SURFACE_STYLE_USAGE(.NEGATIVE.,#5332);
#5334=PRESENTATION_STYLE_ASSIGNMENT((#5328,#5333));
#5335=OVER_RIDING_STYLED_ITEM('',(#5334),#5323,#16);
#5336=CLOSED_SHELL('',(#2979,#3014,#3028,#3042,#3055,#3067,#3082,#3097,#3238,
#3253,#3267,#3281,#3294,#3306,#3333,#3347,#3361,#3374,#3386,#3413,#3427,#3441,
#3454,#3466,#3493,#3507,#3521,#3534,#3546,#3573,#3587,#3601,#3614,#3626,#3653,
#3667,#3681,#3694,#3706,#3733,#3747,#3761,#3774,#3786,#3813,#3827,#3841,#3854,
#3866,#3893,#3907,#3921,#3934,#3946,#3973,#3987,#4001,#4014,#4026,#4052,#4066,
#4080,#4094,#4108,#4122,#4140,#4154,#4168,#4182,#4200,#4214,#4228,#4242,#4255,
#4280,#4293,#4307,#4322,#4337,#4357,#4374,#4397,#4411,#4429,#4443,#4461,#4474,
#4577,#4592,#4606,#4620,#4633,#4645,#4672,#4686,#4700,#4713,#4725,#4752,#4766,
#4780,#4793,#4805,#4832,#4846,#4860,#4873,#4885,#4912,#4926,#4940,#4953,#4965,
#4992,#5006,#5020,#5033,#5045,#5071,#5093,#5106,#5119,#5132,#5150,#5163,#5175,
#5188,#5200,#5214,#5230,#5243,#5255,#5270,#5284,#5298,#5311,#5323));
#5337=MANIFOLD_SOLID_BREP('',#5336);
#5338=FILL_AREA_STYLE_COLOUR('',#6);
#5339=FILL_AREA_STYLE('',(#5338));
#5340=SURFACE_STYLE_FILL_AREA(#5339);
#5341=SURFACE_SIDE_STYLE('',(#5340));
#5342=SURFACE_STYLE_USAGE(.BOTH.,#5341);
#5343=PRESENTATION_STYLE_ASSIGNMENT((#5342));
#16=STYLED_ITEM('',(#5343),#5337);
#5344=CARTESIAN_POINT('',(0.E0,0.E0,0.E0));
#5345=DIRECTION('',(0.E0,0.E0,1.E0));
#5346=DIRECTION('',(1.E0,0.E0,0.E0));
#5347=AXIS2_PLACEMENT_3D('PRT_CSYS_DEF',#5344,#5345,#5346);
#5348=CURVE_STYLE('',#21,POSITIVE_LENGTH_MEASURE(2.E-2),#11);
#5349=PRESENTATION_STYLE_ASSIGNMENT((#5348));
#5350=STYLED_ITEM('',(#5349),#5347);
#5351=DIRECTION('',(0.E0,0.E0,1.E0));
#5352=VECTOR('',#5351,1.3E-1);
#5353=CARTESIAN_POINT('',(3.23E0,-6.247E1,-1.57E0));
#5354=LINE('',#5353,#5352);
#5356=CURVE_STYLE('',#21,POSITIVE_LENGTH_MEASURE(2.E-2),#11);
#5357=PRESENTATION_STYLE_ASSIGNMENT((#5356));
#5358=STYLED_ITEM('',(#5357),#5355);
#5360=DIRECTION('',(0.E0,0.E0,1.E0));
#5361=VECTOR('',#5360,1.3E-1);
#5362=CARTESIAN_POINT('',(-1.87E0,-6.247E1,-1.57E0));
#5363=LINE('',#5362,#5361);
#5365=CURVE_STYLE('',#21,POSITIVE_LENGTH_MEASURE(2.E-2),#11);
#5366=PRESENTATION_STYLE_ASSIGNMENT((#5365));
#5367=STYLED_ITEM('',(#5366),#5364);
#5368=DIRECTION('',(0.E0,0.E0,-1.E0));
#5369=VECTOR('',#5368,1.3E-1);
#5370=CARTESIAN_POINT('',(8.83E0,-7.08E1,-1.09E0));
#5371=LINE('',#5370,#5369);
#5373=CURVE_STYLE('',#21,POSITIVE_LENGTH_MEASURE(2.E-2),#11);
#5374=PRESENTATION_STYLE_ASSIGNMENT((#5373));
#5375=STYLED_ITEM('',(#5374),#5372);
#5376=DIRECTION('',(0.E0,0.E0,-1.E0));
#5377=VECTOR('',#5376,1.3E-1);
#5378=CARTESIAN_POINT('',(5.73E0,-7.08E1,-1.09E0));
#5379=LINE('',#5378,#5377);
#5381=CURVE_STYLE('',#21,POSITIVE_LENGTH_MEASURE(2.E-2),#11);
#5382=PRESENTATION_STYLE_ASSIGNMENT((#5381));
#5383=STYLED_ITEM('',(#5382),#5380);
#5384=DIRECTION('',(0.E0,-1.E0,0.E0));
#5385=VECTOR('',#5384,3.191489428282E-1);
#5386=CARTESIAN_POINT('',(-8.406813422729E0,1.850164274828E1,-3.E-2));
#5387=LINE('',#5386,#5385);
#5389=CURVE_STYLE('',#21,POSITIVE_LENGTH_MEASURE(2.E-2),#10);
#5390=PRESENTATION_STYLE_ASSIGNMENT((#5389));
#5391=STYLED_ITEM('',(#5390),#5388);
#5393=DIRECTION('',(1.E0,0.E0,0.E0));
#5394=VECTOR('',#5393,2.25E0);
#5395=CARTESIAN_POINT('',(-8.406813422729E0,1.818249380546E1,-3.E-2));
#5396=LINE('',#5395,#5394);
#5398=CURVE_STYLE('',#21,POSITIVE_LENGTH_MEASURE(2.E-2),#10);
#5399=PRESENTATION_STYLE_ASSIGNMENT((#5398));
#5400=STYLED_ITEM('',(#5399),#5397);
#5402=DIRECTION('',(0.E0,1.E0,0.E0));
#5403=VECTOR('',#5402,3.191489428282E-1);
#5404=CARTESIAN_POINT('',(-6.156813422729E0,1.818249380546E1,-3.E-2));
#5405=LINE('',#5404,#5403);
#5407=CURVE_STYLE('',#21,POSITIVE_LENGTH_MEASURE(2.E-2),#10);
#5408=PRESENTATION_STYLE_ASSIGNMENT((#5407));
#5409=STYLED_ITEM('',(#5408),#5406);
#5411=DIRECTION('',(-1.E0,0.E0,0.E0));
#5412=VECTOR('',#5411,1.749999985099E0);
#5413=CARTESIAN_POINT('',(-6.156813422729E0,1.850164274828E1,-3.E-2));
#5414=LINE('',#5413,#5412);
#5416=CURVE_STYLE('',#21,POSITIVE_LENGTH_MEASURE(2.E-2),#10);
#5417=PRESENTATION_STYLE_ASSIGNMENT((#5416));
#5418=STYLED_ITEM('',(#5417),#5415);
#5420=DIRECTION('',(7.437660872566E-1,6.684399804373E-1,0.E0));
#5421=VECTOR('',#5420,2.100794876064E0);
#5422=CARTESIAN_POINT('',(-7.906813407828E0,1.850164274828E1,-3.E-2));
#5423=LINE('',#5422,#5421);
#5425=CURVE_STYLE('',#21,POSITIVE_LENGTH_MEASURE(2.E-2),#10);
#5426=PRESENTATION_STYLE_ASSIGNMENT((#5425));
#5427=STYLED_ITEM('',(#5426),#5424);
#5429=DIRECTION('',(5.466227293958E-1,8.373790012342E-1,0.E0));
#5430=VECTOR('',#5429,2.286770250897E-1);
#5431=CARTESIAN_POINT('',(-6.344313422729E0,1.990589803414E1,-3.E-2));
#5432=LINE('',#5431,#5430);
#5434=CURVE_STYLE('',#21,POSITIVE_LENGTH_MEASURE(2.E-2),#10);
#5435=PRESENTATION_STYLE_ASSIGNMENT((#5434));
#5436=STYLED_ITEM('',(#5435),#5433);
#5438=DIRECTION('',(2.377711385310E-1,9.713212062349E-1,0.E0));
#5439=VECTOR('',#5438,2.628575561419E-1);
#5440=CARTESIAN_POINT('',(-6.219313363125E0,2.009738737302E1,-3.E-2));
#5441=LINE('',#5440,#5439);
#5443=CURVE_STYLE('',#21,POSITIVE_LENGTH_MEASURE(2.E-2),#10);
#5444=PRESENTATION_STYLE_ASSIGNMENT((#5443));
#5445=STYLED_ITEM('',(#5444),#5442);
#5447=DIRECTION('',(0.E0,1.E0,0.E0));
#5448=VECTOR('',#5447,1.276597380638E-1);
#5449=CARTESIAN_POINT('',(-6.156813422729E0,2.035270649152E1,-3.E-2));
#5450=LINE('',#5449,#5448);
#5452=CURVE_STYLE('',#21,POSITIVE_LENGTH_MEASURE(2.E-2),#10);
#5453=PRESENTATION_STYLE_ASSIGNMENT((#5452));
#5454=STYLED_ITEM('',(#5453),#5451);
#5456=DIRECTION('',(-2.377711385310E-1,9.713212062349E-1,0.E0));
#5457=VECTOR('',#5456,2.628575561419E-1);
#5458=CARTESIAN_POINT('',(-6.156813422729E0,2.048036622958E1,-3.E-2));
#5459=LINE('',#5458,#5457);
#5461=CURVE_STYLE('',#21,POSITIVE_LENGTH_MEASURE(2.E-2),#10);
#5462=PRESENTATION_STYLE_ASSIGNMENT((#5461));
#5463=STYLED_ITEM('',(#5462),#5460);
#5465=DIRECTION('',(-6.996250055017E-1,7.145102180353E-1,0.E0));
#5466=VECTOR('',#5465,3.573344538050E-1);
#5467=CARTESIAN_POINT('',(-6.219313363125E0,2.073568534808E1,-3.E-2));
#5468=LINE('',#5467,#5466);
#5470=CURVE_STYLE('',#21,POSITIVE_LENGTH_MEASURE(2.E-2),#10);
#5471=PRESENTATION_STYLE_ASSIGNMENT((#5470));
#5472=STYLED_ITEM('',(#5471),#5469);
#5474=DIRECTION('',(-8.906052429498E-1,4.547771995497E-1,0.E0));
#5475=VECTOR('',#5474,2.807079145047E-1);
#5476=CARTESIAN_POINT('',(-6.469313482334E0,2.099100446658E1,-3.E-2));
#5477=LINE('',#5476,#5475);
#5479=CURVE_STYLE('',#21,POSITIVE_LENGTH_MEASURE(2.E-2),#10);
#5480=PRESENTATION_STYLE_ASSIGNMENT((#5479));
#5481=STYLED_ITEM('',(#5480),#5478);
#5483=DIRECTION('',(-9.858211730931E-1,1.677993286083E-1,0.E0));
#5484=VECTOR('',#5483,3.803935340762E-1);
#5485=CARTESIAN_POINT('',(-6.719313422729E0,2.111866402583E1,-3.E-2));
#5486=LINE('',#5485,#5484);
#5488=CURVE_STYLE('',#21,POSITIVE_LENGTH_MEASURE(2.E-2),#10);
#5489=PRESENTATION_STYLE_ASSIGNMENT((#5488));
#5490=STYLED_ITEM('',(#5489),#5487);
#5492=DIRECTION('',(-1.E0,0.E0,0.E0));
#5493=VECTOR('',#5492,2.500000298023E-1);
#5494=CARTESIAN_POINT('',(-7.094313422729E0,2.118249380546E1,-3.E-2));
#5495=LINE('',#5494,#5493);
#5497=CURVE_STYLE('',#21,POSITIVE_LENGTH_MEASURE(2.E-2),#10);
#5498=PRESENTATION_STYLE_ASSIGNMENT((#5497));
#5499=STYLED_ITEM('',(#5498),#5496);
#5501=DIRECTION('',(-9.895240333173E-1,-1.443682357291E-1,0.E0));
#5502=VECTOR('',#5501,4.421317425027E-1);
#5503=CARTESIAN_POINT('',(-7.344313452532E0,2.118249380546E1,-3.E-2));
#5504=LINE('',#5503,#5502);
#5506=CURVE_STYLE('',#21,POSITIVE_LENGTH_MEASURE(2.E-2),#10);
#5507=PRESENTATION_STYLE_ASSIGNMENT((#5506));
#5508=STYLED_ITEM('',(#5507),#5505);
#5510=DIRECTION('',(-8.906052758868E-1,-4.547771350481E-1,0.E0));
#5511=VECTOR('',#5510,2.807079543178E-1);
#5512=CARTESIAN_POINT('',(-7.781813437630E0,2.111866402583E1,-3.E-2));
#5513=LINE('',#5512,#5511);
#5515=CURVE_STYLE('',#21,POSITIVE_LENGTH_MEASURE(2.E-2),#10);
#5516=PRESENTATION_STYLE_ASSIGNMENT((#5515));
#5517=STYLED_ITEM('',(#5516),#5514);
#5519=DIRECTION('',(-6.996248298646E-1,-7.145103900133E-1,0.E0));
#5520=VECTOR('',#5519,3.573343677970E-1);
#5521=CARTESIAN_POINT('',(-8.031813422729E0,2.099100446658E1,-3.E-2));
#5522=LINE('',#5521,#5520);
#5524=CURVE_STYLE('',#21,POSITIVE_LENGTH_MEASURE(2.E-2),#10);
#5525=PRESENTATION_STYLE_ASSIGNMENT((#5524));
#5526=STYLED_ITEM('',(#5525),#5523);
#5528=DIRECTION('',(-2.377713591533E-1,-9.713211522284E-1,0.E0));
#5529=VECTOR('',#5528,2.628575707571E-1);
#5530=CARTESIAN_POINT('',(-8.281813419004E0,2.073568534808E1,-3.E-2));
#5531=LINE('',#5530,#5529);
#5533=CURVE_STYLE('',#21,POSITIVE_LENGTH_MEASURE(2.E-2),#10);
#5534=PRESENTATION_STYLE_ASSIGNMENT((#5533));
#5535=STYLED_ITEM('',(#5534),#5532);
#5537=DIRECTION('',(1.E0,0.E0,0.E0));
#5538=VECTOR('',#5537,3.124999981374E-1);
#5539=CARTESIAN_POINT('',(-8.344313420867E0,2.048036622958E1,-3.E-2));
#5540=LINE('',#5539,#5538);
#5542=CURVE_STYLE('',#21,POSITIVE_LENGTH_MEASURE(2.E-2),#10);
#5543=PRESENTATION_STYLE_ASSIGNMENT((#5542));
#5544=STYLED_ITEM('',(#5543),#5541);
#5546=DIRECTION('',(5.466225923193E-1,8.373790907147E-1,0.E0));
#5547=VECTOR('',#5546,2.286770006538E-1);
#5548=CARTESIAN_POINT('',(-8.031813422729E0,2.048036622958E1,-3.E-2));
#5549=LINE('',#5548,#5547);
#5551=CURVE_STYLE('',#21,POSITIVE_LENGTH_MEASURE(2.E-2),#10);
#5552=PRESENTATION_STYLE_ASSIGNMENT((#5551));
#5553=STYLED_ITEM('',(#5552),#5550);
#5555=DIRECTION('',(8.265992787996E-1,5.627909312417E-1,0.E0));
#5556=VECTOR('',#5555,2.268330070071E-1);
#5557=CARTESIAN_POINT('',(-7.906813407828E0,2.067185556846E1,-3.E-2));
#5558=LINE('',#5557,#5556);
#5560=CURVE_STYLE('',#21,POSITIVE_LENGTH_MEASURE(2.E-2),#10);
#5561=PRESENTATION_STYLE_ASSIGNMENT((#5560));
#5562=STYLED_ITEM('',(#5561),#5559);
#5564=DIRECTION('',(9.797707111493E-1,2.001233458994E-1,0.E0));
#5565=VECTOR('',#5564,3.189521909004E-1);
#5566=CARTESIAN_POINT('',(-7.719313407828E0,2.079951512771E1,-3.E-2));
#5567=LINE('',#5566,#5565);
#5569=CURVE_STYLE('',#21,POSITIVE_LENGTH_MEASURE(2.E-2),#10);
#5570=PRESENTATION_STYLE_ASSIGNMENT((#5569));
#5571=STYLED_ITEM('',(#5570),#5568);
#5573=DIRECTION('',(1.E0,0.E0,0.E0));
#5574=VECTOR('',#5573,2.499999403954E-1);
#5575=CARTESIAN_POINT('',(-7.406813392927E0,2.086334490733E1,-3.E-2));
#5576=LINE('',#5575,#5574);
#5578=CURVE_STYLE('',#21,POSITIVE_LENGTH_MEASURE(2.E-2),#10);
#5579=PRESENTATION_STYLE_ASSIGNMENT((#5578));
#5580=STYLED_ITEM('',(#5579),#5577);
#5582=DIRECTION('',(9.797707055361E-1,-2.001233733807E-1,0.E0));
#5583=VECTOR('',#5582,3.189521471013E-1);
#5584=CARTESIAN_POINT('',(-7.156813452532E0,2.086334490733E1,-3.E-2));
#5585=LINE('',#5584,#5583);
#5587=CURVE_STYLE('',#21,POSITIVE_LENGTH_MEASURE(2.E-2),#10);
#5588=PRESENTATION_STYLE_ASSIGNMENT((#5587));
#5589=STYLED_ITEM('',(#5588),#5586);
#5591=DIRECTION('',(8.265992787996E-1,-5.627909312417E-1,0.E0));
#5592=VECTOR('',#5591,2.268330070071E-1);
#5593=CARTESIAN_POINT('',(-6.844313482334E0,2.079951512771E1,-3.E-2));
#5594=LINE('',#5593,#5592);
#5596=CURVE_STYLE('',#21,POSITIVE_LENGTH_MEASURE(2.E-2),#10);
#5597=PRESENTATION_STYLE_ASSIGNMENT((#5596));
#5598=STYLED_ITEM('',(#5597),#5595);
#5600=DIRECTION('',(5.466227293958E-1,-8.373790012342E-1,0.E0));
#5601=VECTOR('',#5600,2.286770250897E-1);
#5602=CARTESIAN_POINT('',(-6.656813482334E0,2.067185556846E1,-3.E-2));
#5603=LINE('',#5602,#5601);
#5605=CURVE_STYLE('',#21,POSITIVE_LENGTH_MEASURE(2.E-2),#10);
#5606=PRESENTATION_STYLE_ASSIGNMENT((#5605));
#5607=STYLED_ITEM('',(#5606),#5604);
#5609=DIRECTION('',(0.E0,-1.E0,0.E0));
#5610=VECTOR('',#5609,1.276597380638E-1);
#5611=CARTESIAN_POINT('',(-6.531813422729E0,2.048036622958E1,-3.E-2));
#5612=LINE('',#5611,#5610);
#5614=CURVE_STYLE('',#21,POSITIVE_LENGTH_MEASURE(2.E-2),#10);
#5615=PRESENTATION_STYLE_ASSIGNMENT((#5614));
#5616=STYLED_ITEM('',(#5615),#5613);
#5618=DIRECTION('',(-4.397136649566E-1,-8.981380143666E-1,0.E0));
#5619=VECTOR('',#5618,2.842760404478E-1);
#5620=CARTESIAN_POINT('',(-6.531813422729E0,2.035270649152E1,-3.E-2));
#5621=LINE('',#5620,#5619);
#5623=CURVE_STYLE('',#21,POSITIVE_LENGTH_MEASURE(2.E-2),#10);
#5624=PRESENTATION_STYLE_ASSIGNMENT((#5623));
#5625=STYLED_ITEM('',(#5624),#5622);
#5627=DIRECTION('',(-7.389229549020E-1,-6.737899277363E-1,0.E0));
#5628=VECTOR('',#5627,2.368311782420E0);
#5629=CARTESIAN_POINT('',(-6.656813482334E0,2.009738737302E1,-3.E-2));
#5630=LINE('',#5629,#5628);
#5632=CURVE_STYLE('',#21,POSITIVE_LENGTH_MEASURE(2.E-2),#10);
#5633=PRESENTATION_STYLE_ASSIGNMENT((#5632));
#5634=STYLED_ITEM('',(#5633),#5631);
#5637=DIRECTION('',(0.E0,1.E0,0.E0));
#5638=VECTOR('',#5637,3.191489428282E-1);
#5639=CARTESIAN_POINT('',(-5.344313303520E0,1.818249380546E1,-3.E-2));
#5640=LINE('',#5639,#5638);
#5642=CURVE_STYLE('',#21,POSITIVE_LENGTH_MEASURE(2.E-2),#10);
#5643=PRESENTATION_STYLE_ASSIGNMENT((#5642));
#5644=STYLED_ITEM('',(#5643),#5641);
#5646=DIRECTION('',(-1.E0,0.E0,0.E0));
#5647=VECTOR('',#5646,3.125000596046E-1);
#5648=CARTESIAN_POINT('',(-5.344313303520E0,1.850164274828E1,-3.E-2));
#5649=LINE('',#5648,#5647);
#5651=CURVE_STYLE('',#21,POSITIVE_LENGTH_MEASURE(2.E-2),#10);
#5652=PRESENTATION_STYLE_ASSIGNMENT((#5651));
#5653=STYLED_ITEM('',(#5652),#5650);
#5655=DIRECTION('',(0.E0,-1.E0,0.E0));
#5656=VECTOR('',#5655,3.191489428282E-1);
#5657=CARTESIAN_POINT('',(-5.656813363125E0,1.850164274828E1,-3.E-2));
#5658=LINE('',#5657,#5656);
#5660=CURVE_STYLE('',#21,POSITIVE_LENGTH_MEASURE(2.E-2),#10);
#5661=PRESENTATION_STYLE_ASSIGNMENT((#5660));
#5662=STYLED_ITEM('',(#5661),#5659);
#5664=DIRECTION('',(1.E0,0.E0,0.E0));
#5665=VECTOR('',#5664,3.125000596046E-1);
#5666=CARTESIAN_POINT('',(-5.656813363125E0,1.818249380546E1,-3.E-2));
#5667=LINE('',#5666,#5665);
#5669=CURVE_STYLE('',#21,POSITIVE_LENGTH_MEASURE(2.E-2),#10);
#5670=PRESENTATION_STYLE_ASSIGNMENT((#5669));
#5671=STYLED_ITEM('',(#5670),#5668);
#5674=DIRECTION('',(-8.906051112017E-1,-4.547774575564E-1,0.E0));
#5675=VECTOR('',#5674,1.403538776260E-1);
#5676=CARTESIAN_POINT('',(-4.344313541939E0,1.971440869527E1,-3.E-2));
#5677=LINE('',#5676,#5675);
#5679=CURVE_STYLE('',#21,POSITIVE_LENGTH_MEASURE(2.E-2),#10);
#5680=PRESENTATION_STYLE_ASSIGNMENT((#5679));
#5681=STYLED_ITEM('',(#5680),#5678);
#5683=DIRECTION('',(-7.938783209665E-1,-6.080766493621E-1,0.E0));
#5684=VECTOR('',#5683,3.149098704509E-1);
#5685=CARTESIAN_POINT('',(-4.469313422729E0,1.965057891564E1,-3.E-2));
#5686=LINE('',#5685,#5684);
#5688=CURVE_STYLE('',#21,POSITIVE_LENGTH_MEASURE(2.E-2),#10);
#5689=PRESENTATION_STYLE_ASSIGNMENT((#5688));
#5690=STYLED_ITEM('',(#5689),#5687);
#5692=DIRECTION('',(-3.646915457917E-1,-9.311283887994E-1,0.E0));
#5693=VECTOR('',#5692,3.427550822966E-1);
#5694=CARTESIAN_POINT('',(-4.719313541939E0,1.945908957677E1,-3.E-2));
#5695=LINE('',#5694,#5693);
#5697=CURVE_STYLE('',#21,POSITIVE_LENGTH_MEASURE(2.E-2),#10);
#5698=PRESENTATION_STYLE_ASSIGNMENT((#5697));
#5699=STYLED_ITEM('',(#5698),#5696);
#5701=DIRECTION('',(0.E0,-1.E0,0.E0));
#5702=VECTOR('',#5701,1.914893388748E-1);
#5703=CARTESIAN_POINT('',(-4.844313422729E0,1.913994058924E1,-3.E-2));
#5704=LINE('',#5703,#5702);
#5706=CURVE_STYLE('',#21,POSITIVE_LENGTH_MEASURE(2.E-2),#10);
#5707=PRESENTATION_STYLE_ASSIGNMENT((#5706));
#5708=STYLED_ITEM('',(#5707),#5705);
#5710=DIRECTION('',(3.646915900803E-1,-9.311283714530E-1,0.E0));
#5711=VECTOR('',#5710,3.427550406720E-1);
#5712=CARTESIAN_POINT('',(-4.844313422729E0,1.894845125036E1,-3.E-2));
#5713=LINE('',#5712,#5711);
#5715=CURVE_STYLE('',#21,POSITIVE_LENGTH_MEASURE(2.E-2),#10);
#5716=PRESENTATION_STYLE_ASSIGNMENT((#5715));
#5717=STYLED_ITEM('',(#5716),#5714);
#5719=DIRECTION('',(6.996247934953E-1,-7.145104256249E-1,0.E0));
#5720=VECTOR('',#5719,2.680007937730E-1);
#5721=CARTESIAN_POINT('',(-4.719313541939E0,1.862930230753E1,-3.E-2));
#5722=LINE('',#5721,#5720);
#5724=CURVE_STYLE('',#21,POSITIVE_LENGTH_MEASURE(2.E-2),#10);
#5725=PRESENTATION_STYLE_ASSIGNMENT((#5724));
#5726=STYLED_ITEM('',(#5725),#5723);
#5728=DIRECTION('',(8.526535798146E-1,-5.224766720432E-1,0.E0));
#5729=VECTOR('',#5728,3.665031682463E-1);
#5730=CARTESIAN_POINT('',(-4.531813541939E0,1.843781294631E1,-3.E-2));
#5731=LINE('',#5730,#5729);
#5733=CURVE_STYLE('',#21,POSITIVE_LENGTH_MEASURE(2.E-2),#10);
#5734=PRESENTATION_STYLE_ASSIGNMENT((#5733));
#5735=STYLED_ITEM('',(#5734),#5732);
#5737=DIRECTION('',(9.797706908745E-1,-2.001234451615E-1,0.E0));
#5738=VECTOR('',#5737,3.189520606212E-1);
#5739=CARTESIAN_POINT('',(-4.219313303520E0,1.824632359067E1,-3.E-2));
#5740=LINE('',#5739,#5738);
#5742=CURVE_STYLE('',#21,POSITIVE_LENGTH_MEASURE(2.E-2),#10);
#5743=PRESENTATION_STYLE_ASSIGNMENT((#5742));
#5744=STYLED_ITEM('',(#5743),#5741);
#5746=DIRECTION('',(1.E0,0.E0,0.E0));
#5747=VECTOR('',#5746,3.75E-1);
#5748=CARTESIAN_POINT('',(-3.906813422729E0,1.818249380546E1,-3.E-2));
#5749=LINE('',#5748,#5747);
#5751=CURVE_STYLE('',#21,POSITIVE_LENGTH_MEASURE(2.E-2),#10);
#5752=PRESENTATION_STYLE_ASSIGNMENT((#5751));
#5753=STYLED_ITEM('',(#5752),#5750);
#5755=DIRECTION('',(9.797706908745E-1,2.001234451615E-1,0.E0));
#5756=VECTOR('',#5755,3.189520606212E-1);
#5757=CARTESIAN_POINT('',(-3.531813422729E0,1.818249380546E1,-3.E-2));
#5758=LINE('',#5757,#5756);
#5760=CURVE_STYLE('',#21,POSITIVE_LENGTH_MEASURE(2.E-2),#10);
#5761=PRESENTATION_STYLE_ASSIGNMENT((#5760));
#5762=STYLED_ITEM('',(#5761),#5759);
#5764=DIRECTION('',(8.526535798146E-1,5.224766720432E-1,0.E0));
#5765=VECTOR('',#5764,3.665031682463E-1);
#5766=CARTESIAN_POINT('',(-3.219313541939E0,1.824632359067E1,-3.E-2));
#5767=LINE('',#5766,#5765);
#5769=CURVE_STYLE('',#21,POSITIVE_LENGTH_MEASURE(2.E-2),#10);
#5770=PRESENTATION_STYLE_ASSIGNMENT((#5769));
#5771=STYLED_ITEM('',(#5770),#5768);
#5773=DIRECTION('',(6.996247934953E-1,7.145104256249E-1,0.E0));
#5774=VECTOR('',#5773,2.680007937730E-1);
#5775=CARTESIAN_POINT('',(-2.906813303520E0,1.843781294631E1,-3.E-2));
#5776=LINE('',#5775,#5774);
#5778=CURVE_STYLE('',#21,POSITIVE_LENGTH_MEASURE(2.E-2),#10);
#5779=PRESENTATION_STYLE_ASSIGNMENT((#5778));
#5780=STYLED_ITEM('',(#5779),#5777);
#5782=DIRECTION('',(3.646915900803E-1,9.311283714530E-1,0.E0));
#5783=VECTOR('',#5782,3.427550406720E-1);
#5784=CARTESIAN_POINT('',(-2.719313303520E0,1.862930230753E1,-3.E-2));
#5785=LINE('',#5784,#5783);
#5787=CURVE_STYLE('',#21,POSITIVE_LENGTH_MEASURE(2.E-2),#10);
#5788=PRESENTATION_STYLE_ASSIGNMENT((#5787));
#5789=STYLED_ITEM('',(#5788),#5786);
#5791=DIRECTION('',(0.E0,1.E0,0.E0));
#5792=VECTOR('',#5791,1.914893388748E-1);
#5793=CARTESIAN_POINT('',(-2.594313422729E0,1.894845125036E1,-3.E-2));
#5794=LINE('',#5793,#5792);
#5796=CURVE_STYLE('',#21,POSITIVE_LENGTH_MEASURE(2.E-2),#10);
#5797=PRESENTATION_STYLE_ASSIGNMENT((#5796));
#5798=STYLED_ITEM('',(#5797),#5795);
#5800=DIRECTION('',(-3.646915457917E-1,9.311283887994E-1,0.E0));
#5801=VECTOR('',#5800,3.427550822966E-1);
#5802=CARTESIAN_POINT('',(-2.594313422729E0,1.913994058924E1,-3.E-2));
#5803=LINE('',#5802,#5801);
#5805=CURVE_STYLE('',#21,POSITIVE_LENGTH_MEASURE(2.E-2),#10);
#5806=PRESENTATION_STYLE_ASSIGNMENT((#5805));
#5807=STYLED_ITEM('',(#5806),#5804);
#5809=DIRECTION('',(-7.938783209665E-1,6.080766493621E-1,0.E0));
#5810=VECTOR('',#5809,3.149098704509E-1);
#5811=CARTESIAN_POINT('',(-2.719313303520E0,1.945908957677E1,-3.E-2));
#5812=LINE('',#5811,#5810);
#5814=CURVE_STYLE('',#21,POSITIVE_LENGTH_MEASURE(2.E-2),#10);
#5815=PRESENTATION_STYLE_ASSIGNMENT((#5814));
#5816=STYLED_ITEM('',(#5815),#5813);
#5818=DIRECTION('',(-8.906051112017E-1,4.547774575564E-1,0.E0));
#5819=VECTOR('',#5818,1.403538776260E-1);
#5820=CARTESIAN_POINT('',(-2.969313422729E0,1.965057891564E1,-3.E-2));
#5821=LINE('',#5820,#5819);
#5823=CURVE_STYLE('',#21,POSITIVE_LENGTH_MEASURE(2.E-2),#10);
#5824=PRESENTATION_STYLE_ASSIGNMENT((#5823));
#5825=STYLED_ITEM('',(#5824),#5822);
#5827=DIRECTION('',(8.906051112017E-1,4.547774575564E-1,0.E0));
#5828=VECTOR('',#5827,1.403538776260E-1);
#5829=CARTESIAN_POINT('',(-3.094313303520E0,1.971440869527E1,-3.E-2));
#5830=LINE('',#5829,#5828);
#5832=CURVE_STYLE('',#21,POSITIVE_LENGTH_MEASURE(2.E-2),#10);
#5833=PRESENTATION_STYLE_ASSIGNMENT((#5832));
#5834=STYLED_ITEM('',(#5833),#5831);
#5836=DIRECTION('',(6.996248351869E-1,7.145103848018E-1,0.E0));
#5837=VECTOR('',#5836,2.680007778024E-1);
#5838=CARTESIAN_POINT('',(-2.969313422729E0,1.977823847489E1,-3.E-2));
#5839=LINE('',#5838,#5837);
#5841=CURVE_STYLE('',#21,POSITIVE_LENGTH_MEASURE(2.E-2),#10);
#5842=PRESENTATION_STYLE_ASSIGNMENT((#5841));
#5843=STYLED_ITEM('',(#5842),#5840);
#5845=DIRECTION('',(4.397131575602E-1,8.981382627794E-1,0.E0));
#5846=VECTOR('',#5845,2.842759618209E-1);
#5847=CARTESIAN_POINT('',(-2.781813422729E0,1.996972781377E1,-3.E-2));
#5848=LINE('',#5847,#5846);
#5850=CURVE_STYLE('',#21,POSITIVE_LENGTH_MEASURE(2.E-2),#10);
#5851=PRESENTATION_STYLE_ASSIGNMENT((#5850));
#5852=STYLED_ITEM('',(#5851),#5849);
#5854=DIRECTION('',(0.E0,1.E0,0.E0));
#5855=VECTOR('',#5854,1.914893388748E-1);
#5856=CARTESIAN_POINT('',(-2.656813541939E0,2.022504693227E1,-3.E-2));
#5857=LINE('',#5856,#5855);
#5859=CURVE_STYLE('',#21,POSITIVE_LENGTH_MEASURE(2.E-2),#10);
#5860=PRESENTATION_STYLE_ASSIGNMENT((#5859));
#5861=STYLED_ITEM('',(#5860),#5858);
#5863=DIRECTION('',(-3.646914572143E-1,9.311284234921E-1,0.E0));
#5864=VECTOR('',#5863,3.427551655460E-1);
#5865=CARTESIAN_POINT('',(-2.656813541939E0,2.041653627114E1,-3.E-2));
#5866=LINE('',#5865,#5864);
#5868=CURVE_STYLE('',#21,POSITIVE_LENGTH_MEASURE(2.E-2),#10);
#5869=PRESENTATION_STYLE_ASSIGNMENT((#5868));
#5870=STYLED_ITEM('',(#5869),#5867);
#5872=DIRECTION('',(-6.996248351869E-1,7.145103848018E-1,0.E0));
#5873=VECTOR('',#5872,2.680007778024E-1);
#5874=CARTESIAN_POINT('',(-2.781813422729E0,2.073568534808E1,-3.E-2));
#5875=LINE('',#5874,#5873);
#5877=CURVE_STYLE('',#21,POSITIVE_LENGTH_MEASURE(2.E-2),#10);
#5878=PRESENTATION_STYLE_ASSIGNMENT((#5877));
#5879=STYLED_ITEM('',(#5878),#5876);
#5881=DIRECTION('',(-8.526533338197E-1,5.224770734933E-1,0.E0));
#5882=VECTOR('',#5881,3.665028545549E-1);
#5883=CARTESIAN_POINT('',(-2.969313422729E0,2.092717468696E1,-3.E-2));
#5884=LINE('',#5883,#5882);
#5886=CURVE_STYLE('',#21,POSITIVE_LENGTH_MEASURE(2.E-2),#10);
#5887=PRESENTATION_STYLE_ASSIGNMENT((#5886));
#5888=STYLED_ITEM('',(#5887),#5885);
#5890=DIRECTION('',(-9.797707392153E-1,2.001232084928E-1,0.E0));
#5891=VECTOR('',#5890,3.189524098963E-1);
#5892=CARTESIAN_POINT('',(-3.281813303520E0,2.111866402583E1,-3.E-2));
#5893=LINE('',#5892,#5891);
#5895=CURVE_STYLE('',#21,POSITIVE_LENGTH_MEASURE(2.E-2),#10);
#5896=PRESENTATION_STYLE_ASSIGNMENT((#5895));
#5897=STYLED_ITEM('',(#5896),#5894);
#5899=DIRECTION('',(-1.E0,0.E0,0.E0));
#5900=VECTOR('',#5899,2.499997615814E-1);
#5901=CARTESIAN_POINT('',(-3.594313541939E0,2.118249380546E1,-3.E-2));
#5902=LINE('',#5901,#5900);
#5904=CURVE_STYLE('',#21,POSITIVE_LENGTH_MEASURE(2.E-2),#10);
#5905=PRESENTATION_STYLE_ASSIGNMENT((#5904));
#5906=STYLED_ITEM('',(#5905),#5903);
#5908=DIRECTION('',(-9.797707392153E-1,-2.001232084928E-1,0.E0));
#5909=VECTOR('',#5908,3.189524098963E-1);
#5910=CARTESIAN_POINT('',(-3.844313303520E0,2.118249380546E1,-3.E-2));
#5911=LINE('',#5910,#5909);
#5913=CURVE_STYLE('',#21,POSITIVE_LENGTH_MEASURE(2.E-2),#10);
#5914=PRESENTATION_STYLE_ASSIGNMENT((#5913));
#5915=STYLED_ITEM('',(#5914),#5912);
#5917=DIRECTION('',(-8.526533338197E-1,-5.224770734933E-1,0.E0));
#5918=VECTOR('',#5917,3.665028545549E-1);
#5919=CARTESIAN_POINT('',(-4.156813541939E0,2.111866402583E1,-3.E-2));
#5920=LINE('',#5919,#5918);
#5922=CURVE_STYLE('',#21,POSITIVE_LENGTH_MEASURE(2.E-2),#10);
#5923=PRESENTATION_STYLE_ASSIGNMENT((#5922));
#5924=STYLED_ITEM('',(#5923),#5921);
#5926=DIRECTION('',(-6.996248351869E-1,-7.145103848018E-1,0.E0));
#5927=VECTOR('',#5926,2.680007778024E-1);
#5928=CARTESIAN_POINT('',(-4.469313422729E0,2.092717468696E1,-3.E-2));
#5929=LINE('',#5928,#5927);
#5931=CURVE_STYLE('',#21,POSITIVE_LENGTH_MEASURE(2.E-2),#10);
#5932=PRESENTATION_STYLE_ASSIGNMENT((#5931));
#5933=STYLED_ITEM('',(#5932),#5930);
#5935=DIRECTION('',(-3.646914572143E-1,-9.311284234921E-1,0.E0));
#5936=VECTOR('',#5935,3.427551655460E-1);
#5937=CARTESIAN_POINT('',(-4.656813422729E0,2.073568534808E1,-3.E-2));
#5938=LINE('',#5937,#5936);
#5940=CURVE_STYLE('',#21,POSITIVE_LENGTH_MEASURE(2.E-2),#10);
#5941=PRESENTATION_STYLE_ASSIGNMENT((#5940));
#5942=STYLED_ITEM('',(#5941),#5939);
#5944=DIRECTION('',(0.E0,-1.E0,0.E0));
#5945=VECTOR('',#5944,1.914893388748E-1);
#5946=CARTESIAN_POINT('',(-4.781813303520E0,2.041653627114E1,-3.E-2));
#5947=LINE('',#5946,#5945);
#5949=CURVE_STYLE('',#21,POSITIVE_LENGTH_MEASURE(2.E-2),#10);
#5950=PRESENTATION_STYLE_ASSIGNMENT((#5949));
#5951=STYLED_ITEM('',(#5950),#5948);
#5953=DIRECTION('',(4.397131575602E-1,-8.981382627794E-1,0.E0));
#5954=VECTOR('',#5953,2.842759618209E-1);
#5955=CARTESIAN_POINT('',(-4.781813303520E0,2.022504693227E1,-3.E-2));
#5956=LINE('',#5955,#5954);
#5958=CURVE_STYLE('',#21,POSITIVE_LENGTH_MEASURE(2.E-2),#10);
#5959=PRESENTATION_STYLE_ASSIGNMENT((#5958));
#5960=STYLED_ITEM('',(#5959),#5957);
#5962=DIRECTION('',(6.996248351869E-1,-7.145103848018E-1,0.E0));
#5963=VECTOR('',#5962,2.680007778024E-1);
#5964=CARTESIAN_POINT('',(-4.656813422729E0,1.996972781377E1,-3.E-2));
#5965=LINE('',#5964,#5963);
#5967=CURVE_STYLE('',#21,POSITIVE_LENGTH_MEASURE(2.E-2),#10);
#5968=PRESENTATION_STYLE_ASSIGNMENT((#5967));
#5969=STYLED_ITEM('',(#5968),#5966);
#5971=DIRECTION('',(8.906051112017E-1,-4.547774575564E-1,0.E0));
#5972=VECTOR('',#5971,1.403538776260E-1);
#5973=CARTESIAN_POINT('',(-4.469313422729E0,1.977823847489E1,-3.E-2));
#5974=LINE('',#5973,#5972);
#5976=CURVE_STYLE('',#21,POSITIVE_LENGTH_MEASURE(2.E-2),#10);
#5977=PRESENTATION_STYLE_ASSIGNMENT((#5976));
#5978=STYLED_ITEM('',(#5977),#5975);
#5981=DIRECTION('',(-9.689177459678E-1,2.473831068378E-1,0.E0));
#5982=VECTOR('',#5981,2.580199611883E-1);
#5983=CARTESIAN_POINT('',(-3.844313303520E0,1.850164274828E1,-3.E-2));
#5984=LINE('',#5983,#5982);
#5986=CURVE_STYLE('',#21,POSITIVE_LENGTH_MEASURE(2.E-2),#10);
#5987=PRESENTATION_STYLE_ASSIGNMENT((#5986));
#5988=STYLED_ITEM('',(#5987),#5985);
#5990=DIRECTION('',(-8.906053746977E-1,4.547769415434E-1,0.E0));
#5991=VECTOR('',#5990,2.807080737573E-1);
#5992=CARTESIAN_POINT('',(-4.094313422729E0,1.856547252791E1,-3.E-2));
#5993=LINE('',#5992,#5991);
#5995=CURVE_STYLE('',#21,POSITIVE_LENGTH_MEASURE(2.E-2),#10);
#5996=PRESENTATION_STYLE_ASSIGNMENT((#5995));
#5997=STYLED_ITEM('',(#5996),#5994);
#5999=DIRECTION('',(-5.919094814228E-1,8.060044452742E-1,0.E0));
#6000=VECTOR('',#5999,3.167714082723E-1);
#6001=CARTESIAN_POINT('',(-4.344313541939E0,1.869313208716E1,-3.E-2));
#6002=LINE('',#6001,#6000);
#6004=CURVE_STYLE('',#21,POSITIVE_LENGTH_MEASURE(2.E-2),#10);
#6005=PRESENTATION_STYLE_ASSIGNMENT((#6004));
#6006=STYLED_ITEM('',(#6005),#6003);
#6008=DIRECTION('',(0.E0,1.E0,0.E0));
#6009=VECTOR('',#6008,1.914893388748E-1);
#6010=CARTESIAN_POINT('',(-4.531813541939E0,1.894845125036E1,-3.E-2));
#6011=LINE('',#6010,#6009);
#6013=CURVE_STYLE('',#21,POSITIVE_LENGTH_MEASURE(2.E-2),#10);
#6014=PRESENTATION_STYLE_ASSIGNMENT((#6013));
#6015=STYLED_ITEM('',(#6014),#6012);
#6017=DIRECTION('',(5.919094140959E-1,8.060044947174E-1,0.E0));
#6018=VECTOR('',#6017,3.167714443035E-1);
#6019=CARTESIAN_POINT('',(-4.531813541939E0,1.913994058924E1,-3.E-2));
#6020=LINE('',#6019,#6018);
#6022=CURVE_STYLE('',#21,POSITIVE_LENGTH_MEASURE(2.E-2),#10);
#6023=PRESENTATION_STYLE_ASSIGNMENT((#6022));
#6024=STYLED_ITEM('',(#6023),#6021);
#6026=DIRECTION('',(8.906053746977E-1,4.547769415434E-1,0.E0));
#6027=VECTOR('',#6026,2.807080737573E-1);
#6028=CARTESIAN_POINT('',(-4.344313541939E0,1.939525979714E1,-3.E-2));
#6029=LINE('',#6028,#6027);
#6031=CURVE_STYLE('',#21,POSITIVE_LENGTH_MEASURE(2.E-2),#10);
#6032=PRESENTATION_STYLE_ASSIGNMENT((#6031));
#6033=STYLED_ITEM('',(#6032),#6030);
#6035=DIRECTION('',(9.689177459678E-1,2.473831068378E-1,0.E0));
#6036=VECTOR('',#6035,2.580199611883E-1);
#6037=CARTESIAN_POINT('',(-4.094313422729E0,1.952291935639E1,-3.E-2));
#6038=LINE('',#6037,#6036);
#6040=CURVE_STYLE('',#21,POSITIVE_LENGTH_MEASURE(2.E-2),#10);
#6041=PRESENTATION_STYLE_ASSIGNMENT((#6040));
#6042=STYLED_ITEM('',(#6041),#6039);
#6044=DIRECTION('',(1.E0,0.E0,0.E0));
#6045=VECTOR('',#6044,2.499997615814E-1);
#6046=CARTESIAN_POINT('',(-3.844313303520E0,1.958674913602E1,-3.E-2));
#6047=LINE('',#6046,#6045);
#6049=CURVE_STYLE('',#21,POSITIVE_LENGTH_MEASURE(2.E-2),#10);
#6050=PRESENTATION_STYLE_ASSIGNMENT((#6049));
#6051=STYLED_ITEM('',(#6050),#6048);
#6053=DIRECTION('',(9.689177459678E-1,-2.473831068378E-1,0.E0));
#6054=VECTOR('',#6053,2.580199611883E-1);
#6055=CARTESIAN_POINT('',(-3.594313541939E0,1.958674913602E1,-3.E-2));
#6056=LINE('',#6055,#6054);
#6058=CURVE_STYLE('',#21,POSITIVE_LENGTH_MEASURE(2.E-2),#10);
#6059=PRESENTATION_STYLE_ASSIGNMENT((#6058));
#6060=STYLED_ITEM('',(#6059),#6057);
#6062=DIRECTION('',(8.906053746977E-1,-4.547769415434E-1,0.E0));
#6063=VECTOR('',#6062,2.807080737573E-1);
#6064=CARTESIAN_POINT('',(-3.344313422729E0,1.952291935639E1,-3.E-2));
#6065=LINE('',#6064,#6063);
#6067=CURVE_STYLE('',#21,POSITIVE_LENGTH_MEASURE(2.E-2),#10);
#6068=PRESENTATION_STYLE_ASSIGNMENT((#6067));
#6069=STYLED_ITEM('',(#6068),#6066);
#6071=DIRECTION('',(5.919094140959E-1,-8.060044947174E-1,0.E0));
#6072=VECTOR('',#6071,3.167714443035E-1);
#6073=CARTESIAN_POINT('',(-3.094313303520E0,1.939525979714E1,-3.E-2));
#6074=LINE('',#6073,#6072);
#6076=CURVE_STYLE('',#21,POSITIVE_LENGTH_MEASURE(2.E-2),#10);
#6077=PRESENTATION_STYLE_ASSIGNMENT((#6076));
#6078=STYLED_ITEM('',(#6077),#6075);
#6080=DIRECTION('',(0.E0,-1.E0,0.E0));
#6081=VECTOR('',#6080,1.914893388748E-1);
#6082=CARTESIAN_POINT('',(-2.906813303520E0,1.913994058924E1,-3.E-2));
#6083=LINE('',#6082,#6081);
#6085=CURVE_STYLE('',#21,POSITIVE_LENGTH_MEASURE(2.E-2),#10);
#6086=PRESENTATION_STYLE_ASSIGNMENT((#6085));
#6087=STYLED_ITEM('',(#6086),#6084);
#6089=DIRECTION('',(-5.919094814228E-1,-8.060044452742E-1,0.E0));
#6090=VECTOR('',#6089,3.167714082723E-1);
#6091=CARTESIAN_POINT('',(-2.906813303520E0,1.894845125036E1,-3.E-2));
#6092=LINE('',#6091,#6090);
#6094=CURVE_STYLE('',#21,POSITIVE_LENGTH_MEASURE(2.E-2),#10);
#6095=PRESENTATION_STYLE_ASSIGNMENT((#6094));
#6096=STYLED_ITEM('',(#6095),#6093);
#6098=DIRECTION('',(-8.906053746977E-1,-4.547769415434E-1,0.E0));
#6099=VECTOR('',#6098,2.807080737573E-1);
#6100=CARTESIAN_POINT('',(-3.094313303520E0,1.869313208716E1,-3.E-2));
#6101=LINE('',#6100,#6099);
#6103=CURVE_STYLE('',#21,POSITIVE_LENGTH_MEASURE(2.E-2),#10);
#6104=PRESENTATION_STYLE_ASSIGNMENT((#6103));
#6105=STYLED_ITEM('',(#6104),#6102);
#6107=DIRECTION('',(-9.689177459678E-1,-2.473831068378E-1,0.E0));
#6108=VECTOR('',#6107,2.580199611883E-1);
#6109=CARTESIAN_POINT('',(-3.344313422729E0,1.856547252791E1,-3.E-2));
#6110=LINE('',#6109,#6108);
#6112=CURVE_STYLE('',#21,POSITIVE_LENGTH_MEASURE(2.E-2),#10);
#6113=PRESENTATION_STYLE_ASSIGNMENT((#6112));
#6114=STYLED_ITEM('',(#6113),#6111);
#6116=DIRECTION('',(-1.E0,0.E0,0.E0));
#6117=VECTOR('',#6116,2.499997615814E-1);
#6118=CARTESIAN_POINT('',(-3.594313541939E0,1.850164274828E1,-3.E-2));
#6119=LINE('',#6118,#6117);
#6121=CURVE_STYLE('',#21,POSITIVE_LENGTH_MEASURE(2.E-2),#10);
#6122=PRESENTATION_STYLE_ASSIGNMENT((#6121));
#6123=STYLED_ITEM('',(#6122),#6120);
#6126=DIRECTION('',(9.689177459678E-1,-2.473831068378E-1,0.E0));
#6127=VECTOR('',#6126,2.580199611883E-1);
#6128=CARTESIAN_POINT('',(-3.594313541939E0,2.086334490733E1,-3.E-2));
#6129=LINE('',#6128,#6127);
#6131=CURVE_STYLE('',#21,POSITIVE_LENGTH_MEASURE(2.E-2),#10);
#6132=PRESENTATION_STYLE_ASSIGNMENT((#6131));
#6133=STYLED_ITEM('',(#6132),#6130);
#6135=DIRECTION('',(7.938783209665E-1,-6.080766493621E-1,0.E0));
#6136=VECTOR('',#6135,3.149098704509E-1);
#6137=CARTESIAN_POINT('',(-3.344313422729E0,2.079951512771E1,-3.E-2));
#6138=LINE('',#6137,#6136);
#6140=CURVE_STYLE('',#21,POSITIVE_LENGTH_MEASURE(2.E-2),#10);
#6141=PRESENTATION_STYLE_ASSIGNMENT((#6140));
#6142=STYLED_ITEM('',(#6141),#6139);
#6144=DIRECTION('',(5.466218231676E-1,-8.373795927994E-1,0.E0));
#6145=VECTOR('',#6144,2.286770770811E-1);
#6146=CARTESIAN_POINT('',(-3.094313303520E0,2.060802578883E1,-3.E-2));
#6147=LINE('',#6146,#6145);
#6149=CURVE_STYLE('',#21,POSITIVE_LENGTH_MEASURE(2.E-2),#10);
#6150=PRESENTATION_STYLE_ASSIGNMENT((#6149));
#6151=STYLED_ITEM('',(#6150),#6148);
#6153=DIRECTION('',(0.E0,-1.E0,0.E0));
#6154=VECTOR('',#6153,1.276595592499E-1);
#6155=CARTESIAN_POINT('',(-2.969313422729E0,2.041653627114E1,-3.E-2));
#6156=LINE('',#6155,#6154);
#6158=CURVE_STYLE('',#21,POSITIVE_LENGTH_MEASURE(2.E-2),#10);
#6159=PRESENTATION_STYLE_ASSIGNMENT((#6158));
#6160=STYLED_ITEM('',(#6159),#6157);
#6162=DIRECTION('',(-5.466221810895E-1,-8.373793591563E-1,0.E0));
#6163=VECTOR('',#6162,2.286769273460E-1);
#6164=CARTESIAN_POINT('',(-2.969313422729E0,2.028887671189E1,-3.E-2));
#6165=LINE('',#6164,#6163);
#6167=CURVE_STYLE('',#21,POSITIVE_LENGTH_MEASURE(2.E-2),#10);
#6168=PRESENTATION_STYLE_ASSIGNMENT((#6167));
#6169=STYLED_ITEM('',(#6168),#6166);
#6171=DIRECTION('',(-7.938783209665E-1,-6.080766493621E-1,0.E0));
#6172=VECTOR('',#6171,3.149098704509E-1);
#6173=CARTESIAN_POINT('',(-3.094313303520E0,2.009738737302E1,-3.E-2));
#6174=LINE('',#6173,#6172);
#6176=CURVE_STYLE('',#21,POSITIVE_LENGTH_MEASURE(2.E-2),#10);
#6177=PRESENTATION_STYLE_ASSIGNMENT((#6176));
#6178=STYLED_ITEM('',(#6177),#6175);
#6180=DIRECTION('',(-9.689177459678E-1,-2.473831068378E-1,0.E0));
#6181=VECTOR('',#6180,2.580199611883E-1);
#6182=CARTESIAN_POINT('',(-3.344313422729E0,1.990589803414E1,-3.E-2));
#6183=LINE('',#6182,#6181);
#6185=CURVE_STYLE('',#21,POSITIVE_LENGTH_MEASURE(2.E-2),#10);
#6186=PRESENTATION_STYLE_ASSIGNMENT((#6185));
#6187=STYLED_ITEM('',(#6186),#6184);
#6189=DIRECTION('',(-1.E0,0.E0,0.E0));
#6190=VECTOR('',#6189,2.499997615814E-1);
#6191=CARTESIAN_POINT('',(-3.594313541939E0,1.984206825452E1,-3.E-2));
#6192=LINE('',#6191,#6190);
#6194=CURVE_STYLE('',#21,POSITIVE_LENGTH_MEASURE(2.E-2),#10);
#6195=PRESENTATION_STYLE_ASSIGNMENT((#6194));
#6196=STYLED_ITEM('',(#6195),#6193);
#6198=DIRECTION('',(-9.689177459678E-1,2.473831068378E-1,0.E0));
#6199=VECTOR('',#6198,2.580199611883E-1);
#6200=CARTESIAN_POINT('',(-3.844313303520E0,1.984206825452E1,-3.E-2));
#6201=LINE('',#6200,#6199);
#6203=CURVE_STYLE('',#21,POSITIVE_LENGTH_MEASURE(2.E-2),#10);
#6204=PRESENTATION_STYLE_ASSIGNMENT((#6203));
#6205=STYLED_ITEM('',(#6204),#6202);
#6207=DIRECTION('',(-7.938783209665E-1,6.080766493621E-1,0.E0));
#6208=VECTOR('',#6207,3.149098704509E-1);
#6209=CARTESIAN_POINT('',(-4.094313422729E0,1.990589803414E1,-3.E-2));
#6210=LINE('',#6209,#6208);
#6212=CURVE_STYLE('',#21,POSITIVE_LENGTH_MEASURE(2.E-2),#10);
#6213=PRESENTATION_STYLE_ASSIGNMENT((#6212));
#6214=STYLED_ITEM('',(#6213),#6211);
#6216=DIRECTION('',(-5.466221810895E-1,8.373793591563E-1,0.E0));
#6217=VECTOR('',#6216,2.286769273460E-1);
#6218=CARTESIAN_POINT('',(-4.344313541939E0,2.009738737302E1,-3.E-2));
#6219=LINE('',#6218,#6217);
#6221=CURVE_STYLE('',#21,POSITIVE_LENGTH_MEASURE(2.E-2),#10);
#6222=PRESENTATION_STYLE_ASSIGNMENT((#6221));
#6223=STYLED_ITEM('',(#6222),#6220);
#6225=DIRECTION('',(0.E0,1.E0,0.E0));
#6226=VECTOR('',#6225,1.276595592499E-1);
#6227=CARTESIAN_POINT('',(-4.469313422729E0,2.028887671189E1,-3.E-2));
#6228=LINE('',#6227,#6226);
#6230=CURVE_STYLE('',#21,POSITIVE_LENGTH_MEASURE(2.E-2),#10);
#6231=PRESENTATION_STYLE_ASSIGNMENT((#6230));
#6232=STYLED_ITEM('',(#6231),#6229);
#6234=DIRECTION('',(5.466218231676E-1,8.373795927994E-1,0.E0));
#6235=VECTOR('',#6234,2.286770770811E-1);
#6236=CARTESIAN_POINT('',(-4.469313422729E0,2.041653627114E1,-3.E-2));
#6237=LINE('',#6236,#6235);
#6239=CURVE_STYLE('',#21,POSITIVE_LENGTH_MEASURE(2.E-2),#10);
#6240=PRESENTATION_STYLE_ASSIGNMENT((#6239));
#6241=STYLED_ITEM('',(#6240),#6238);
#6243=DIRECTION('',(7.938783209665E-1,6.080766493621E-1,0.E0));
#6244=VECTOR('',#6243,3.149098704509E-1);
#6245=CARTESIAN_POINT('',(-4.344313541939E0,2.060802578883E1,-3.E-2));
#6246=LINE('',#6245,#6244);
#6248=CURVE_STYLE('',#21,POSITIVE_LENGTH_MEASURE(2.E-2),#10);
#6249=PRESENTATION_STYLE_ASSIGNMENT((#6248));
#6250=STYLED_ITEM('',(#6249),#6247);
#6252=DIRECTION('',(9.689177459678E-1,2.473831068378E-1,0.E0));
#6253=VECTOR('',#6252,2.580199611883E-1);
#6254=CARTESIAN_POINT('',(-4.094313422729E0,2.079951512771E1,-3.E-2));
#6255=LINE('',#6254,#6253);
#6257=CURVE_STYLE('',#21,POSITIVE_LENGTH_MEASURE(2.E-2),#10);
#6258=PRESENTATION_STYLE_ASSIGNMENT((#6257));
#6259=STYLED_ITEM('',(#6258),#6256);
#6261=DIRECTION('',(1.E0,0.E0,0.E0));
#6262=VECTOR('',#6261,2.499997615814E-1);
#6263=CARTESIAN_POINT('',(-3.844313303520E0,2.086334490733E1,-3.E-2));
#6264=LINE('',#6263,#6262);
#6266=CURVE_STYLE('',#21,POSITIVE_LENGTH_MEASURE(2.E-2),#10);
#6267=PRESENTATION_STYLE_ASSIGNMENT((#6266));
#6268=STYLED_ITEM('',(#6267),#6265);
#6271=DIRECTION('',(4.882875870131E-1,8.726827787741E-1,0.E0));
#6272=VECTOR('',#6271,5.119943317962E-1);
#6273=CARTESIAN_POINT('',(-1.781813661148E0,2.009738737302E1,-3.E-2));
#6274=LINE('',#6273,#6272);
#6276=CURVE_STYLE('',#21,POSITIVE_LENGTH_MEASURE(2.E-2),#10);
#6277=PRESENTATION_STYLE_ASSIGNMENT((#6276));
#6278=STYLED_ITEM('',(#6277),#6275);
#6280=DIRECTION('',(-1.E0,0.E0,0.E0));
#6281=VECTOR('',#6280,3.125002384186E-1);
#6282=CARTESIAN_POINT('',(-1.531813184311E0,2.054419600921E1,-3.E-2));
#6283=LINE('',#6282,#6281);
#6285=CURVE_STYLE('',#21,POSITIVE_LENGTH_MEASURE(2.E-2),#10);
#6286=PRESENTATION_STYLE_ASSIGNMENT((#6285));
#6287=STYLED_ITEM('',(#6286),#6284);
#6289=DIRECTION('',(-4.882865230919E-1,-8.726833740635E-1,0.E0));
#6290=VECTOR('',#6289,5.119939825461E-1);
#6291=CARTESIAN_POINT('',(-1.844313422729E0,2.054419600921E1,-3.E-2));
#6292=LINE('',#6291,#6290);
#6294=CURVE_STYLE('',#21,POSITIVE_LENGTH_MEASURE(2.E-2),#10);
#6295=PRESENTATION_STYLE_ASSIGNMENT((#6294));
#6296=STYLED_ITEM('',(#6295),#6293);
#6298=DIRECTION('',(1.E0,0.E0,0.E0));
#6299=VECTOR('',#6298,3.124995231628E-1);
#6300=CARTESIAN_POINT('',(-2.094313184311E0,2.009738737302E1,-3.E-2));
#6301=LINE('',#6300,#6299);
#6303=CURVE_STYLE('',#21,POSITIVE_LENGTH_MEASURE(2.E-2),#10);
#6304=PRESENTATION_STYLE_ASSIGNMENT((#6303));
#6305=STYLED_ITEM('',(#6304),#6302);
#6308=DIRECTION('',(4.882875870131E-1,8.726827787741E-1,0.E0));
#6309=VECTOR('',#6308,5.119943317962E-1);
#6310=CARTESIAN_POINT('',(-1.031813661148E0,2.009738737302E1,-3.E-2));
#6311=LINE('',#6310,#6309);
#6313=CURVE_STYLE('',#21,POSITIVE_LENGTH_MEASURE(2.E-2),#10);
#6314=PRESENTATION_STYLE_ASSIGNMENT((#6313));
#6315=STYLED_ITEM('',(#6314),#6312);
#6317=DIRECTION('',(-1.E0,0.E0,0.E0));
#6318=VECTOR('',#6317,3.125002384186E-1);
#6319=CARTESIAN_POINT('',(-7.818131843107E-1,2.054419600921E1,-3.E-2));
#6320=LINE('',#6319,#6318);
#6322=CURVE_STYLE('',#21,POSITIVE_LENGTH_MEASURE(2.E-2),#10);
#6323=PRESENTATION_STYLE_ASSIGNMENT((#6322));
#6324=STYLED_ITEM('',(#6323),#6321);
#6326=DIRECTION('',(-4.882865230919E-1,-8.726833740635E-1,0.E0));
#6327=VECTOR('',#6326,5.119939825461E-1);
#6328=CARTESIAN_POINT('',(-1.094313422729E0,2.054419600921E1,-3.E-2));
#6329=LINE('',#6328,#6327);
#6331=CURVE_STYLE('',#21,POSITIVE_LENGTH_MEASURE(2.E-2),#10);
#6332=PRESENTATION_STYLE_ASSIGNMENT((#6331));
#6333=STYLED_ITEM('',(#6332),#6330);
#6335=DIRECTION('',(1.E0,0.E0,0.E0));
#6336=VECTOR('',#6335,3.124995231628E-1);
#6337=CARTESIAN_POINT('',(-1.344313184311E0,2.009738737302E1,-3.E-2));
#6338=LINE('',#6337,#6336);
#6340=CURVE_STYLE('',#21,POSITIVE_LENGTH_MEASURE(2.E-2),#10);
#6341=PRESENTATION_STYLE_ASSIGNMENT((#6340));
#6342=STYLED_ITEM('',(#6341),#6339);
#6345=DIRECTION('',(-1.E0,0.E0,0.E0));
#6346=VECTOR('',#6345,2.375000238419E0);
#6347=CARTESIAN_POINT('',(5.093186577271E0,2.118249380546E1,-3.E-2));
#6348=LINE('',#6347,#6346);
#6350=CURVE_STYLE('',#21,POSITIVE_LENGTH_MEASURE(2.E-2),#10);
#6351=PRESENTATION_STYLE_ASSIGNMENT((#6350));
#6352=STYLED_ITEM('',(#6351),#6349);
#6354=DIRECTION('',(0.E0,-1.E0,0.E0));
#6355=VECTOR('',#6354,3.191488981247E-1);
#6356=CARTESIAN_POINT('',(2.718186338852E0,2.118249380546E1,-3.E-2));
#6357=LINE('',#6356,#6355);
#6359=CURVE_STYLE('',#21,POSITIVE_LENGTH_MEASURE(2.E-2),#10);
#6360=PRESENTATION_STYLE_ASSIGNMENT((#6359));
#6361=STYLED_ITEM('',(#6360),#6358);
#6363=DIRECTION('',(1.E0,0.E0,0.E0));
#6364=VECTOR('',#6363,9.999997615814E-1);
#6365=CARTESIAN_POINT('',(2.718186338852E0,2.086334490733E1,-3.E-2));
#6366=LINE('',#6365,#6364);
#6368=CURVE_STYLE('',#21,POSITIVE_LENGTH_MEASURE(2.E-2),#10);
#6369=PRESENTATION_STYLE_ASSIGNMENT((#6368));
#6370=STYLED_ITEM('',(#6369),#6367);
#6372=DIRECTION('',(0.E0,-1.E0,0.E0));
#6373=VECTOR('',#6372,2.680851101875E0);
#6374=CARTESIAN_POINT('',(3.718186100434E0,2.086334490733E1,-3.E-2));
#6375=LINE('',#6374,#6373);
#6377=CURVE_STYLE('',#21,POSITIVE_LENGTH_MEASURE(2.E-2),#10);
#6378=PRESENTATION_STYLE_ASSIGNMENT((#6377));
#6379=STYLED_ITEM('',(#6378),#6376);
#6381=DIRECTION('',(1.E0,0.E0,0.E0));
#6382=VECTOR('',#6381,3.75E-1);
#6383=CARTESIAN_POINT('',(3.718186100434E0,1.818249380546E1,-3.E-2));
#6384=LINE('',#6383,#6382);
#6386=CURVE_STYLE('',#21,POSITIVE_LENGTH_MEASURE(2.E-2),#10);
#6387=PRESENTATION_STYLE_ASSIGNMENT((#6386));
#6388=STYLED_ITEM('',(#6387),#6385);
#6390=DIRECTION('',(0.E0,1.E0,0.E0));
#6391=VECTOR('',#6390,2.680851101875E0);
#6392=CARTESIAN_POINT('',(4.093186100434E0,1.818249380546E1,-3.E-2));
#6393=LINE('',#6392,#6391);
#6395=CURVE_STYLE('',#21,POSITIVE_LENGTH_MEASURE(2.E-2),#10);
#6396=PRESENTATION_STYLE_ASSIGNMENT((#6395));
#6397=STYLED_ITEM('',(#6396),#6394);
#6399=DIRECTION('',(1.E0,0.E0,0.E0));
#6400=VECTOR('',#6399,1.000000476837E0);
#6401=CARTESIAN_POINT('',(4.093186100434E0,2.086334490733E1,-3.E-2));
#6402=LINE('',#6401,#6400);
#6404=CURVE_STYLE('',#21,POSITIVE_LENGTH_MEASURE(2.E-2),#10);
#6405=PRESENTATION_STYLE_ASSIGNMENT((#6404));
#6406=STYLED_ITEM('',(#6405),#6403);
#6408=DIRECTION('',(0.E0,1.E0,0.E0));
#6409=VECTOR('',#6408,3.191488981247E-1);
#6410=CARTESIAN_POINT('',(5.093186577271E0,2.086334490733E1,-3.E-2));
#6411=LINE('',#6410,#6409);
#6413=CURVE_STYLE('',#21,POSITIVE_LENGTH_MEASURE(2.E-2),#10);
#6414=PRESENTATION_STYLE_ASSIGNMENT((#6413));
#6415=STYLED_ITEM('',(#6414),#6412);
#6418=DIRECTION('',(0.E0,1.E0,0.E0));
#6419=VECTOR('',#6418,1.404255330563E0);
#6420=CARTESIAN_POINT('',(5.968186100434E0,1.818249380546E1,-3.E-2));
#6421=LINE('',#6420,#6419);
#6423=CURVE_STYLE('',#21,POSITIVE_LENGTH_MEASURE(2.E-2),#10);
#6424=PRESENTATION_STYLE_ASSIGNMENT((#6423));
#6425=STYLED_ITEM('',(#6424),#6422);
#6427=DIRECTION('',(1.E0,0.E0,0.E0));
#6428=VECTOR('',#6427,1.625000953674E0);
#6429=CARTESIAN_POINT('',(5.968186100434E0,1.958674913602E1,-3.E-2));
#6430=LINE('',#6429,#6428);
#6432=CURVE_STYLE('',#21,POSITIVE_LENGTH_MEASURE(2.E-2),#10);
#6433=PRESENTATION_STYLE_ASSIGNMENT((#6432));
#6434=STYLED_ITEM('',(#6433),#6431);
#6436=DIRECTION('',(0.E0,1.E0,0.E0));
#6437=VECTOR('',#6436,3.829786777496E-1);
#6438=CARTESIAN_POINT('',(7.593187054108E0,1.958674913602E1,-3.E-2));
#6439=LINE('',#6438,#6437);
#6441=CURVE_STYLE('',#21,POSITIVE_LENGTH_MEASURE(2.E-2),#10);
#6442=PRESENTATION_STYLE_ASSIGNMENT((#6441));
#6443=STYLED_ITEM('',(#6442),#6440);
#6445=DIRECTION('',(-1.E0,0.E0,0.E0));
#6446=VECTOR('',#6445,1.625000953674E0);
#6447=CARTESIAN_POINT('',(7.593187054108E0,1.996972781377E1,-3.E-2));
#6448=LINE('',#6447,#6446);
#6450=CURVE_STYLE('',#21,POSITIVE_LENGTH_MEASURE(2.E-2),#10);
#6451=PRESENTATION_STYLE_ASSIGNMENT((#6450));
#6452=STYLED_ITEM('',(#6451),#6449);
#6454=DIRECTION('',(0.E0,1.E0,0.E0));
#6455=VECTOR('',#6454,8.297873139381E-1);
#6456=CARTESIAN_POINT('',(5.968186100434E0,1.996972781377E1,-3.E-2));
#6457=LINE('',#6456,#6455);
#6459=CURVE_STYLE('',#21,POSITIVE_LENGTH_MEASURE(2.E-2),#10);
#6460=PRESENTATION_STYLE_ASSIGNMENT((#6459));
#6461=STYLED_ITEM('',(#6460),#6458);
#6463=DIRECTION('',(1.E0,0.E0,0.E0));
#6464=VECTOR('',#6463,1.875E0);
#6465=CARTESIAN_POINT('',(5.968186100434E0,2.079951512771E1,-3.E-2));
#6466=LINE('',#6465,#6464);
#6468=CURVE_STYLE('',#21,POSITIVE_LENGTH_MEASURE(2.E-2),#10);
#6469=PRESENTATION_STYLE_ASSIGNMENT((#6468));
#6470=STYLED_ITEM('',(#6469),#6467);
#6472=DIRECTION('',(0.E0,1.E0,0.E0));
#6473=VECTOR('',#6472,3.829786777496E-1);
#6474=CARTESIAN_POINT('',(7.843186100434E0,2.079951512771E1,-3.E-2));
#6475=LINE('',#6474,#6473);
#6477=CURVE_STYLE('',#21,POSITIVE_LENGTH_MEASURE(2.E-2),#10);
#6478=PRESENTATION_STYLE_ASSIGNMENT((#6477));
#6479=STYLED_ITEM('',(#6478),#6476);
#6481=DIRECTION('',(-1.E0,0.E0,0.E0));
#6482=VECTOR('',#6481,2.25E0);
#6483=CARTESIAN_POINT('',(7.843186100434E0,2.118249380546E1,-3.E-2));
#6484=LINE('',#6483,#6482);
#6486=CURVE_STYLE('',#21,POSITIVE_LENGTH_MEASURE(2.E-2),#10);
#6487=PRESENTATION_STYLE_ASSIGNMENT((#6486));
#6488=STYLED_ITEM('',(#6487),#6485);
#6490=DIRECTION('',(0.E0,-1.E0,0.E0));
#6491=VECTOR('',#6490,3.E0);
#6492=CARTESIAN_POINT('',(5.593186100434E0,2.118249380546E1,-3.E-2));
#6493=LINE('',#6492,#6491);
#6495=CURVE_STYLE('',#21,POSITIVE_LENGTH_MEASURE(2.E-2),#10);
#6496=PRESENTATION_STYLE_ASSIGNMENT((#6495));
#6497=STYLED_ITEM('',(#6496),#6494);
#6499=DIRECTION('',(1.E0,0.E0,0.E0));
#6500=VECTOR('',#6499,3.75E-1);
#6501=CARTESIAN_POINT('',(5.593186100434E0,1.818249380546E1,-3.E-2));
#6502=LINE('',#6501,#6500);
#6504=CURVE_STYLE('',#21,POSITIVE_LENGTH_MEASURE(2.E-2),#10);
#6505=PRESENTATION_STYLE_ASSIGNMENT((#6504));
#6506=STYLED_ITEM('',(#6505),#6503);
#6509=DIRECTION('',(-1.E0,0.E0,0.E0));
#6510=VECTOR('',#6509,2.374999523163E0);
#6511=CARTESIAN_POINT('',(1.071818657727E1,2.118249380546E1,-3.E-2));
#6512=LINE('',#6511,#6510);
#6514=CURVE_STYLE('',#21,POSITIVE_LENGTH_MEASURE(2.E-2),#10);
#6515=PRESENTATION_STYLE_ASSIGNMENT((#6514));
#6516=STYLED_ITEM('',(#6515),#6513);
#6518=DIRECTION('',(0.E0,-1.E0,0.E0));
#6519=VECTOR('',#6518,3.191488981247E-1);
#6520=CARTESIAN_POINT('',(8.343187054108E0,2.118249380546E1,-3.E-2));
#6521=LINE('',#6520,#6519);
#6523=CURVE_STYLE('',#21,POSITIVE_LENGTH_MEASURE(2.E-2),#10);
#6524=PRESENTATION_STYLE_ASSIGNMENT((#6523));
#6525=STYLED_ITEM('',(#6524),#6522);
#6527=DIRECTION('',(1.E0,0.E0,0.E0));
#6528=VECTOR('',#6527,9.999990463257E-1);
#6529=CARTESIAN_POINT('',(8.343187054108E0,2.086334490733E1,-3.E-2));
#6530=LINE('',#6529,#6528);
#6532=CURVE_STYLE('',#21,POSITIVE_LENGTH_MEASURE(2.E-2),#10);
#6533=PRESENTATION_STYLE_ASSIGNMENT((#6532));
#6534=STYLED_ITEM('',(#6533),#6531);
#6536=DIRECTION('',(0.E0,-1.E0,0.E0));
#6537=VECTOR('',#6536,2.680851101875E0);
#6538=CARTESIAN_POINT('',(9.343186100434E0,2.086334490733E1,-3.E-2));
#6539=LINE('',#6538,#6537);
#6541=CURVE_STYLE('',#21,POSITIVE_LENGTH_MEASURE(2.E-2),#10);
#6542=PRESENTATION_STYLE_ASSIGNMENT((#6541));
#6543=STYLED_ITEM('',(#6542),#6540);
#6545=DIRECTION('',(1.E0,0.E0,0.E0));
#6546=VECTOR('',#6545,3.75E-1);
#6547=CARTESIAN_POINT('',(9.343186100434E0,1.818249380546E1,-3.E-2));
#6548=LINE('',#6547,#6546);
#6550=CURVE_STYLE('',#21,POSITIVE_LENGTH_MEASURE(2.E-2),#10);
#6551=PRESENTATION_STYLE_ASSIGNMENT((#6550));
#6552=STYLED_ITEM('',(#6551),#6549);
#6554=DIRECTION('',(0.E0,1.E0,0.E0));
#6555=VECTOR('',#6554,2.680851101875E0);
#6556=CARTESIAN_POINT('',(9.718186100434E0,1.818249380546E1,-3.E-2));
#6557=LINE('',#6556,#6555);
#6559=CURVE_STYLE('',#21,POSITIVE_LENGTH_MEASURE(2.E-2),#10);
#6560=PRESENTATION_STYLE_ASSIGNMENT((#6559));
#6561=STYLED_ITEM('',(#6560),#6558);
#6563=DIRECTION('',(1.E0,0.E0,0.E0));
#6564=VECTOR('',#6563,1.000000476837E0);
#6565=CARTESIAN_POINT('',(9.718186100434E0,2.086334490733E1,-3.E-2));
#6566=LINE('',#6565,#6564);
#6568=CURVE_STYLE('',#21,POSITIVE_LENGTH_MEASURE(2.E-2),#10);
#6569=PRESENTATION_STYLE_ASSIGNMENT((#6568));
#6570=STYLED_ITEM('',(#6569),#6567);
#6572=DIRECTION('',(0.E0,1.E0,0.E0));
#6573=VECTOR('',#6572,3.191488981247E-1);
#6574=CARTESIAN_POINT('',(1.071818657727E1,2.086334490733E1,-3.E-2));
#6575=LINE('',#6574,#6573);
#6577=CURVE_STYLE('',#21,POSITIVE_LENGTH_MEASURE(2.E-2),#10);
#6578=PRESENTATION_STYLE_ASSIGNMENT((#6577));
#6579=STYLED_ITEM('',(#6578),#6576);
#6582=DIRECTION('',(0.E0,-1.E0,0.E0));
#6583=VECTOR('',#6582,3.191489428282E-1);
#6584=CARTESIAN_POINT('',(-1.605830271674E1,6.344276425575E0,-3.E-2));
#6585=LINE('',#6584,#6583);
#6587=CURVE_STYLE('',#21,POSITIVE_LENGTH_MEASURE(2.E-2),#10);
#6588=PRESENTATION_STYLE_ASSIGNMENT((#6587));
#6589=STYLED_ITEM('',(#6588),#6586);
#6591=DIRECTION('',(1.E0,0.E0,0.E0));
#6592=VECTOR('',#6591,2.25E0);
#6593=CARTESIAN_POINT('',(-1.605830271674E1,6.025127482747E0,-3.E-2));
#6594=LINE('',#6593,#6592);
#6596=CURVE_STYLE('',#21,POSITIVE_LENGTH_MEASURE(2.E-2),#10);
#6597=PRESENTATION_STYLE_ASSIGNMENT((#6596));
#6598=STYLED_ITEM('',(#6597),#6595);
#6600=DIRECTION('',(0.E0,1.E0,0.E0));
#6601=VECTOR('',#6600,3.191489428282E-1);
#6602=CARTESIAN_POINT('',(-1.380830271674E1,6.025127482747E0,-3.E-2));
#6603=LINE('',#6602,#6601);
#6605=CURVE_STYLE('',#21,POSITIVE_LENGTH_MEASURE(2.E-2),#10);
#6606=PRESENTATION_STYLE_ASSIGNMENT((#6605));
#6607=STYLED_ITEM('',(#6606),#6604);
#6609=DIRECTION('',(-1.E0,0.E0,0.E0));
#6610=VECTOR('',#6609,1.749999985099E0);
#6611=CARTESIAN_POINT('',(-1.380830271674E1,6.344276425575E0,-3.E-2));
#6612=LINE('',#6611,#6610);
#6614=CURVE_STYLE('',#21,POSITIVE_LENGTH_MEASURE(2.E-2),#10);
#6615=PRESENTATION_STYLE_ASSIGNMENT((#6614));
#6616=STYLED_ITEM('',(#6615),#6613);
#6618=DIRECTION('',(7.437660872566E-1,6.684399804373E-1,0.E0));
#6619=VECTOR('',#6618,2.100794876064E0);
#6620=CARTESIAN_POINT('',(-1.555830270184E1,6.344276425575E0,-3.E-2));
#6621=LINE('',#6620,#6619);
#6623=CURVE_STYLE('',#21,POSITIVE_LENGTH_MEASURE(2.E-2),#10);
#6624=PRESENTATION_STYLE_ASSIGNMENT((#6623));
#6625=STYLED_ITEM('',(#6624),#6622);
#6627=DIRECTION('',(5.466227293958E-1,8.373790012342E-1,0.E0));
#6628=VECTOR('',#6627,2.286770250897E-1);
#6629=CARTESIAN_POINT('',(-1.399580271674E1,7.748531711434E0,-3.E-2));
#6630=LINE('',#6629,#6628);
#6632=CURVE_STYLE('',#21,POSITIVE_LENGTH_MEASURE(2.E-2),#10);
#6633=PRESENTATION_STYLE_ASSIGNMENT((#6632));
#6634=STYLED_ITEM('',(#6633),#6631);
#6636=DIRECTION('',(2.377711385310E-1,9.713212062349E-1,0.E0));
#6637=VECTOR('',#6636,2.628575561419E-1);
#6638=CARTESIAN_POINT('',(-1.387080265714E1,7.940021050309E0,-3.E-2));
#6639=LINE('',#6638,#6637);
#6641=CURVE_STYLE('',#21,POSITIVE_LENGTH_MEASURE(2.E-2),#10);
#6642=PRESENTATION_STYLE_ASSIGNMENT((#6641));
#6643=STYLED_ITEM('',(#6642),#6640);
#6645=DIRECTION('',(0.E0,1.E0,0.E0));
#6646=VECTOR('',#6645,1.276597380638E-1);
#6647=CARTESIAN_POINT('',(-1.380830271674E1,8.195340168809E0,-3.E-2));
#6648=LINE('',#6647,#6646);
#6650=CURVE_STYLE('',#21,POSITIVE_LENGTH_MEASURE(2.E-2),#10);
#6651=PRESENTATION_STYLE_ASSIGNMENT((#6650));
#6652=STYLED_ITEM('',(#6651),#6649);
#6654=DIRECTION('',(-2.377711385310E-1,9.713212062349E-1,0.E0));
#6655=VECTOR('',#6654,2.628575561419E-1);
#6656=CARTESIAN_POINT('',(-1.380830271674E1,8.322999906873E0,-3.E-2));
#6657=LINE('',#6656,#6655);
#6659=CURVE_STYLE('',#21,POSITIVE_LENGTH_MEASURE(2.E-2),#10);
#6660=PRESENTATION_STYLE_ASSIGNMENT((#6659));
#6661=STYLED_ITEM('',(#6660),#6658);
#6663=DIRECTION('',(-6.996250055017E-1,7.145102180353E-1,0.E0));
#6664=VECTOR('',#6663,3.573344538050E-1);
#6665=CARTESIAN_POINT('',(-1.387080265714E1,8.578319025373E0,-3.E-2));
#6666=LINE('',#6665,#6664);
#6668=CURVE_STYLE('',#21,POSITIVE_LENGTH_MEASURE(2.E-2),#10);
#6669=PRESENTATION_STYLE_ASSIGNMENT((#6668));
#6670=STYLED_ITEM('',(#6669),#6667);
#6672=DIRECTION('',(-8.906052429498E-1,4.547771995497E-1,0.E0));
#6673=VECTOR('',#6672,2.807079145047E-1);
#6674=CARTESIAN_POINT('',(-1.412080277635E1,8.833638143872E0,-3.E-2));
#6675=LINE('',#6674,#6673);
#6677=CURVE_STYLE('',#21,POSITIVE_LENGTH_MEASURE(2.E-2),#10);
#6678=PRESENTATION_STYLE_ASSIGNMENT((#6677));
#6679=STYLED_ITEM('',(#6678),#6676);
#6681=DIRECTION('',(-9.858211730931E-1,1.677993286083E-1,0.E0));
#6682=VECTOR('',#6681,3.803935340762E-1);
#6683=CARTESIAN_POINT('',(-1.437080271674E1,8.961297703122E0,-3.E-2));
#6684=LINE('',#6683,#6682);
#6686=CURVE_STYLE('',#21,POSITIVE_LENGTH_MEASURE(2.E-2),#10);
#6687=PRESENTATION_STYLE_ASSIGNMENT((#6686));
#6688=STYLED_ITEM('',(#6687),#6685);
#6690=DIRECTION('',(-1.E0,0.E0,0.E0));
#6691=VECTOR('',#6690,2.500000298023E-1);
#6692=CARTESIAN_POINT('',(-1.474580271674E1,9.025127482747E0,-3.E-2));
#6693=LINE('',#6692,#6691);
#6695=CURVE_STYLE('',#21,POSITIVE_LENGTH_MEASURE(2.E-2),#10);
#6696=PRESENTATION_STYLE_ASSIGNMENT((#6695));
#6697=STYLED_ITEM('',(#6696),#6694);
#6699=DIRECTION('',(-9.895240333173E-1,-1.443682357291E-1,0.E0));
#6700=VECTOR('',#6699,4.421317425027E-1);
#6701=CARTESIAN_POINT('',(-1.499580274654E1,9.025127482747E0,-3.E-2));
#6702=LINE('',#6701,#6700);
#6704=CURVE_STYLE('',#21,POSITIVE_LENGTH_MEASURE(2.E-2),#10);
#6705=PRESENTATION_STYLE_ASSIGNMENT((#6704));
#6706=STYLED_ITEM('',(#6705),#6703);
#6708=DIRECTION('',(-8.906052758868E-1,-4.547771350481E-1,0.E0));
#6709=VECTOR('',#6708,2.807079543178E-1);
#6710=CARTESIAN_POINT('',(-1.543330273164E1,8.961297703122E0,-3.E-2));
#6711=LINE('',#6710,#6709);
#6713=CURVE_STYLE('',#21,POSITIVE_LENGTH_MEASURE(2.E-2),#10);
#6714=PRESENTATION_STYLE_ASSIGNMENT((#6713));
#6715=STYLED_ITEM('',(#6714),#6712);
#6717=DIRECTION('',(-6.996248298646E-1,-7.145103900133E-1,0.E0));
#6718=VECTOR('',#6717,3.573343677970E-1);
#6719=CARTESIAN_POINT('',(-1.568330271674E1,8.833638143872E0,-3.E-2));
#6720=LINE('',#6719,#6718);
#6722=CURVE_STYLE('',#21,POSITIVE_LENGTH_MEASURE(2.E-2),#10);
#6723=PRESENTATION_STYLE_ASSIGNMENT((#6722));
#6724=STYLED_ITEM('',(#6723),#6721);
#6726=DIRECTION('',(-2.377713591533E-1,-9.713211522284E-1,0.E0));
#6727=VECTOR('',#6726,2.628575707571E-1);
#6728=CARTESIAN_POINT('',(-1.593330271302E1,8.578319025373E0,-3.E-2));
#6729=LINE('',#6728,#6727);
#6731=CURVE_STYLE('',#21,POSITIVE_LENGTH_MEASURE(2.E-2),#10);
#6732=PRESENTATION_STYLE_ASSIGNMENT((#6731));
#6733=STYLED_ITEM('',(#6732),#6730);
#6735=DIRECTION('',(1.E0,0.E0,0.E0));
#6736=VECTOR('',#6735,3.124999981374E-1);
#6737=CARTESIAN_POINT('',(-1.599580271488E1,8.322999906873E0,-3.E-2));
#6738=LINE('',#6737,#6736);
#6740=CURVE_STYLE('',#21,POSITIVE_LENGTH_MEASURE(2.E-2),#10);
#6741=PRESENTATION_STYLE_ASSIGNMENT((#6740));
#6742=STYLED_ITEM('',(#6741),#6739);
#6744=DIRECTION('',(5.466225923193E-1,8.373790907147E-1,0.E0));
#6745=VECTOR('',#6744,2.286770006538E-1);
#6746=CARTESIAN_POINT('',(-1.568330271674E1,8.322999906873E0,-3.E-2));
#6747=LINE('',#6746,#6745);
#6749=CURVE_STYLE('',#21,POSITIVE_LENGTH_MEASURE(2.E-2),#10);
#6750=PRESENTATION_STYLE_ASSIGNMENT((#6749));
#6751=STYLED_ITEM('',(#6750),#6748);
#6753=DIRECTION('',(8.265992787996E-1,5.627909312417E-1,0.E0));
#6754=VECTOR('',#6753,2.268330070071E-1);
#6755=CARTESIAN_POINT('',(-1.555830270184E1,8.514489245748E0,-3.E-2));
#6756=LINE('',#6755,#6754);
#6758=CURVE_STYLE('',#21,POSITIVE_LENGTH_MEASURE(2.E-2),#10);
#6759=PRESENTATION_STYLE_ASSIGNMENT((#6758));
#6760=STYLED_ITEM('',(#6759),#6757);
#6762=DIRECTION('',(9.797707111493E-1,2.001233458994E-1,0.E0));
#6763=VECTOR('',#6762,3.189521909004E-1);
#6764=CARTESIAN_POINT('',(-1.537080270184E1,8.642148804998E0,-3.E-2));
#6765=LINE('',#6764,#6763);
#6767=CURVE_STYLE('',#21,POSITIVE_LENGTH_MEASURE(2.E-2),#10);
#6768=PRESENTATION_STYLE_ASSIGNMENT((#6767));
#6769=STYLED_ITEM('',(#6768),#6766);
#6771=DIRECTION('',(1.E0,0.E0,0.E0));
#6772=VECTOR('',#6771,2.499999403954E-1);
#6773=CARTESIAN_POINT('',(-1.505830268694E1,8.705978584622E0,-3.E-2));
#6774=LINE('',#6773,#6772);
#6776=CURVE_STYLE('',#21,POSITIVE_LENGTH_MEASURE(2.E-2),#10);
#6777=PRESENTATION_STYLE_ASSIGNMENT((#6776));
#6778=STYLED_ITEM('',(#6777),#6775);
#6780=DIRECTION('',(9.797707055361E-1,-2.001233733807E-1,0.E0));
#6781=VECTOR('',#6780,3.189521471013E-1);
#6782=CARTESIAN_POINT('',(-1.480830274654E1,8.705978584622E0,-3.E-2));
#6783=LINE('',#6782,#6781);
#6785=CURVE_STYLE('',#21,POSITIVE_LENGTH_MEASURE(2.E-2),#10);
#6786=PRESENTATION_STYLE_ASSIGNMENT((#6785));
#6787=STYLED_ITEM('',(#6786),#6784);
#6789=DIRECTION('',(8.265992787996E-1,-5.627909312417E-1,0.E0));
#6790=VECTOR('',#6789,2.268330070071E-1);
#6791=CARTESIAN_POINT('',(-1.449580277635E1,8.642148804998E0,-3.E-2));
#6792=LINE('',#6791,#6790);
#6794=CURVE_STYLE('',#21,POSITIVE_LENGTH_MEASURE(2.E-2),#10);
#6795=PRESENTATION_STYLE_ASSIGNMENT((#6794));
#6796=STYLED_ITEM('',(#6795),#6793);
#6798=DIRECTION('',(5.466227293958E-1,-8.373790012342E-1,0.E0));
#6799=VECTOR('',#6798,2.286770250897E-1);
#6800=CARTESIAN_POINT('',(-1.430830277635E1,8.514489245748E0,-3.E-2));
#6801=LINE('',#6800,#6799);
#6803=CURVE_STYLE('',#21,POSITIVE_LENGTH_MEASURE(2.E-2),#10);
#6804=PRESENTATION_STYLE_ASSIGNMENT((#6803));
#6805=STYLED_ITEM('',(#6804),#6802);
#6807=DIRECTION('',(0.E0,-1.E0,0.E0));
#6808=VECTOR('',#6807,1.276597380638E-1);
#6809=CARTESIAN_POINT('',(-1.418330271674E1,8.322999906873E0,-3.E-2));
#6810=LINE('',#6809,#6808);
#6812=CURVE_STYLE('',#21,POSITIVE_LENGTH_MEASURE(2.E-2),#10);
#6813=PRESENTATION_STYLE_ASSIGNMENT((#6812));
#6814=STYLED_ITEM('',(#6813),#6811);
#6816=DIRECTION('',(-4.397136649566E-1,-8.981380143666E-1,0.E0));
#6817=VECTOR('',#6816,2.842760404478E-1);
#6818=CARTESIAN_POINT('',(-1.418330271674E1,8.195340168809E0,-3.E-2));
#6819=LINE('',#6818,#6817);
#6821=CURVE_STYLE('',#21,POSITIVE_LENGTH_MEASURE(2.E-2),#10);
#6822=PRESENTATION_STYLE_ASSIGNMENT((#6821));
#6823=STYLED_ITEM('',(#6822),#6820);
#6825=DIRECTION('',(-7.389229549020E-1,-6.737899277363E-1,0.E0));
#6826=VECTOR('',#6825,2.368311782420E0);
#6827=CARTESIAN_POINT('',(-1.430830277635E1,7.940021050309E0,-3.E-2));
#6828=LINE('',#6827,#6826);
#6830=CURVE_STYLE('',#21,POSITIVE_LENGTH_MEASURE(2.E-2),#10);
#6831=PRESENTATION_STYLE_ASSIGNMENT((#6830));
#6832=STYLED_ITEM('',(#6831),#6829);
#6835=DIRECTION('',(-6.565244392656E-1,-7.543047531648E-1,0.E0));
#6836=VECTOR('',#6835,2.284758542826E0);
#6837=CARTESIAN_POINT('',(-1.180830283595E1,9.025127482747E0,-3.E-2));
#6838=LINE('',#6837,#6836);
#6840=CURVE_STYLE('',#21,POSITIVE_LENGTH_MEASURE(2.E-2),#10);
#6841=PRESENTATION_STYLE_ASSIGNMENT((#6840));
#6842=STYLED_ITEM('',(#6841),#6839);
#6844=DIRECTION('',(0.E0,-1.E0,0.E0));
#6845=VECTOR('',#6844,3.829787671566E-1);
#6846=CARTESIAN_POINT('',(-1.330830265714E1,7.301723254060E0,-3.E-2));
#6847=LINE('',#6846,#6845);
#6849=CURVE_STYLE('',#21,POSITIVE_LENGTH_MEASURE(2.E-2),#10);
#6850=PRESENTATION_STYLE_ASSIGNMENT((#6849));
#6851=STYLED_ITEM('',(#6850),#6848);
#6853=DIRECTION('',(1.E0,0.E0,0.E0));
#6854=VECTOR('',#6853,1.499999821186E0);
#6855=CARTESIAN_POINT('',(-1.330830265714E1,6.918744486903E0,-3.E-2));
#6856=LINE('',#6855,#6854);
#6858=CURVE_STYLE('',#21,POSITIVE_LENGTH_MEASURE(2.E-2),#10);
#6859=PRESENTATION_STYLE_ASSIGNMENT((#6858));
#6860=STYLED_ITEM('',(#6859),#6857);
#6862=DIRECTION('',(0.E0,-1.E0,0.E0));
#6863=VECTOR('',#6862,8.936170041561E-1);
#6864=CARTESIAN_POINT('',(-1.180830283595E1,6.918744486903E0,-3.E-2));
#6865=LINE('',#6864,#6863);
#6867=CURVE_STYLE('',#21,POSITIVE_LENGTH_MEASURE(2.E-2),#10);
#6868=PRESENTATION_STYLE_ASSIGNMENT((#6867));
#6869=STYLED_ITEM('',(#6868),#6866);
#6871=DIRECTION('',(1.E0,0.E0,0.E0));
#6872=VECTOR('',#6871,3.75E-1);
#6873=CARTESIAN_POINT('',(-1.180830283595E1,6.025127482747E0,-3.E-2));
#6874=LINE('',#6873,#6872);
#6876=CURVE_STYLE('',#21,POSITIVE_LENGTH_MEASURE(2.E-2),#10);
#6877=PRESENTATION_STYLE_ASSIGNMENT((#6876));
#6878=STYLED_ITEM('',(#6877),#6875);
#6880=DIRECTION('',(0.E0,1.E0,0.E0));
#6881=VECTOR('',#6880,8.936170041561E-1);
#6882=CARTESIAN_POINT('',(-1.143330283595E1,6.025127482747E0,-3.E-2));
#6883=LINE('',#6882,#6881);
#6885=CURVE_STYLE('',#21,POSITIVE_LENGTH_MEASURE(2.E-2),#10);
#6886=PRESENTATION_STYLE_ASSIGNMENT((#6885));
#6887=STYLED_ITEM('',(#6886),#6884);
#6889=DIRECTION('',(1.E0,0.E0,0.E0));
#6890=VECTOR('',#6889,6.250001192093E-1);
#6891=CARTESIAN_POINT('',(-1.143330283595E1,6.918744486903E0,-3.E-2));
#6892=LINE('',#6891,#6890);
#6894=CURVE_STYLE('',#21,POSITIVE_LENGTH_MEASURE(2.E-2),#10);
#6895=PRESENTATION_STYLE_ASSIGNMENT((#6894));
#6896=STYLED_ITEM('',(#6895),#6893);
#6898=DIRECTION('',(0.E0,1.E0,0.E0));
#6899=VECTOR('',#6898,3.829787671566E-1);
#6900=CARTESIAN_POINT('',(-1.080830271674E1,6.918744486903E0,-3.E-2));
#6901=LINE('',#6900,#6899);
#6903=CURVE_STYLE('',#21,POSITIVE_LENGTH_MEASURE(2.E-2),#10);
#6904=PRESENTATION_STYLE_ASSIGNMENT((#6903));
#6905=STYLED_ITEM('',(#6904),#6902);
#6907=DIRECTION('',(-1.E0,0.E0,0.E0));
#6908=VECTOR('',#6907,6.250001192093E-1);
#6909=CARTESIAN_POINT('',(-1.080830271674E1,7.301723254060E0,-3.E-2));
#6910=LINE('',#6909,#6908);
#6912=CURVE_STYLE('',#21,POSITIVE_LENGTH_MEASURE(2.E-2),#10);
#6913=PRESENTATION_STYLE_ASSIGNMENT((#6912));
#6914=STYLED_ITEM('',(#6913),#6911);
#6916=DIRECTION('',(0.E0,1.E0,0.E0));
#6917=VECTOR('',#6916,1.723404228687E0);
#6918=CARTESIAN_POINT('',(-1.143330283595E1,7.301723254060E0,-3.E-2));
#6919=LINE('',#6918,#6917);
#6921=CURVE_STYLE('',#21,POSITIVE_LENGTH_MEASURE(2.E-2),#10);
#6922=PRESENTATION_STYLE_ASSIGNMENT((#6921));
#6923=STYLED_ITEM('',(#6922),#6920);
#6925=DIRECTION('',(-1.E0,0.E0,0.E0));
#6926=VECTOR('',#6925,3.75E-1);
#6927=CARTESIAN_POINT('',(-1.143330283595E1,9.025127482747E0,-3.E-2));
#6928=LINE('',#6927,#6926);
#6930=CURVE_STYLE('',#21,POSITIVE_LENGTH_MEASURE(2.E-2),#10);
#6931=PRESENTATION_STYLE_ASSIGNMENT((#6930));
#6932=STYLED_ITEM('',(#6931),#6929);
#6935=DIRECTION('',(6.589715411217E-1,7.521678722145E-1,0.E0));
#6936=VECTOR('',#6935,1.612360799348E0);
#6937=CARTESIAN_POINT('',(-1.287080271674E1,7.301723254060E0,-3.E-2));
#6938=LINE('',#6937,#6936);
#6940=CURVE_STYLE('',#21,POSITIVE_LENGTH_MEASURE(2.E-2),#10);
#6941=PRESENTATION_STYLE_ASSIGNMENT((#6940));
#6942=STYLED_ITEM('',(#6941),#6939);
#6944=DIRECTION('',(0.E0,-1.E0,0.E0));
#6945=VECTOR('',#6944,1.212765991688E0);
#6946=CARTESIAN_POINT('',(-1.180830283595E1,8.514489245748E0,-3.E-2));
#6947=LINE('',#6946,#6945);
#6949=CURVE_STYLE('',#21,POSITIVE_LENGTH_MEASURE(2.E-2),#10);
#6950=PRESENTATION_STYLE_ASSIGNMENT((#6949));
#6951=STYLED_ITEM('',(#6950),#6948);
#6953=DIRECTION('',(-1.E0,0.E0,0.E0));
#6954=VECTOR('',#6953,1.062499880791E0);
#6955=CARTESIAN_POINT('',(-1.180830283595E1,7.301723254060E0,-3.E-2));
#6956=LINE('',#6955,#6954);
#6958=CURVE_STYLE('',#21,POSITIVE_LENGTH_MEASURE(2.E-2),#10);
#6959=PRESENTATION_STYLE_ASSIGNMENT((#6958));
#6960=STYLED_ITEM('',(#6959),#6957);
#6963=DIRECTION('',(0.E0,-1.E0,0.E0));
#6964=VECTOR('',#6963,5.744680166245E-1);
#6965=CARTESIAN_POINT('',(-1.030830283595E1,7.812361491059E0,-3.E-2));
#6966=LINE('',#6965,#6964);
#6968=CURVE_STYLE('',#21,POSITIVE_LENGTH_MEASURE(2.E-2),#10);
#6969=PRESENTATION_STYLE_ASSIGNMENT((#6968));
#6970=STYLED_ITEM('',(#6969),#6967);
#6972=DIRECTION('',(1.921831545859E-1,-9.813590755139E-1,0.E0));
#6973=VECTOR('',#6972,3.252112254269E-1);
#6974=CARTESIAN_POINT('',(-1.030830283595E1,7.237893474435E0,-3.E-2));
#6975=LINE('',#6974,#6973);
#6977=CURVE_STYLE('',#21,POSITIVE_LENGTH_MEASURE(2.E-2),#10);
#6978=PRESENTATION_STYLE_ASSIGNMENT((#6977));
#6979=STYLED_ITEM('',(#6978),#6976);
#6981=DIRECTION('',(3.102805998049E-1,-9.506450175458E-1,0.E0));
#6982=VECTOR('',#6981,2.014309603906E-1);
#6983=CARTESIAN_POINT('',(-1.024580271674E1,6.918744486903E0,-3.E-2));
#6984=LINE('',#6983,#6982);
#6986=CURVE_STYLE('',#21,POSITIVE_LENGTH_MEASURE(2.E-2),#10);
#6987=PRESENTATION_STYLE_ASSIGNMENT((#6986));
#6988=STYLED_ITEM('',(#6987),#6985);
#6990=DIRECTION('',(4.397130954570E-1,-8.981382931841E-1,0.E0));
#6991=VECTOR('',#6990,2.842760019708E-1);
#6992=CARTESIAN_POINT('',(-1.018330259753E1,6.727255148028E0,-3.E-2));
#6993=LINE('',#6992,#6991);
#6995=CURVE_STYLE('',#21,POSITIVE_LENGTH_MEASURE(2.E-2),#10);
#6996=PRESENTATION_STYLE_ASSIGNMENT((#6995));
#6997=STYLED_ITEM('',(#6996),#6994);
#6999=DIRECTION('',(6.996247934953E-1,-7.145104256249E-1,0.E0));
#7000=VECTOR('',#6999,2.680007937730E-1);
#7001=CARTESIAN_POINT('',(-1.005830271674E1,6.471935984825E0,-3.E-2));
#7002=LINE('',#7001,#7000);
#7004=CURVE_STYLE('',#21,POSITIVE_LENGTH_MEASURE(2.E-2),#10);
#7005=PRESENTATION_STYLE_ASSIGNMENT((#7004));
#7006=STYLED_ITEM('',(#7005),#7003);
#7008=DIRECTION('',(8.526535798146E-1,-5.224766720432E-1,0.E0));
#7009=VECTOR('',#7008,3.665031682463E-1);
#7010=CARTESIAN_POINT('',(-9.870802716741E0,6.280446623599E0,-3.E-2));
#7011=LINE('',#7010,#7009);
#7013=CURVE_STYLE('',#21,POSITIVE_LENGTH_MEASURE(2.E-2),#10);
#7014=PRESENTATION_STYLE_ASSIGNMENT((#7013));
#7015=STYLED_ITEM('',(#7014),#7012);
#7017=DIRECTION('',(9.858211706631E-1,-1.677993428846E-1,0.E0));
#7018=VECTOR('',#7017,3.803935350138E-1);
#7019=CARTESIAN_POINT('',(-9.558302478323E0,6.088957267960E0,-3.E-2));
#7020=LINE('',#7019,#7018);
#7022=CURVE_STYLE('',#21,POSITIVE_LENGTH_MEASURE(2.E-2),#10);
#7023=PRESENTATION_STYLE_ASSIGNMENT((#7022));
#7024=STYLED_ITEM('',(#7023),#7021);
#7026=DIRECTION('',(9.858211706631E-1,1.677993428846E-1,0.E0));
#7027=VECTOR('',#7026,3.803935350138E-1);
#7028=CARTESIAN_POINT('',(-9.183302478323E0,6.025127482747E0,-3.E-2));
#7029=LINE('',#7028,#7027);
#7031=CURVE_STYLE('',#21,POSITIVE_LENGTH_MEASURE(2.E-2),#10);
#7032=PRESENTATION_STYLE_ASSIGNMENT((#7031));
#7033=STYLED_ITEM('',(#7032),#7030);
#7035=DIRECTION('',(8.526530470707E-1,5.224775414514E-1,0.E0));
#7036=VECTOR('',#7035,3.665025583811E-1);
#7037=CARTESIAN_POINT('',(-8.808302478323E0,6.088957267960E0,-3.E-2));
#7038=LINE('',#7037,#7036);
#7040=CURVE_STYLE('',#21,POSITIVE_LENGTH_MEASURE(2.E-2),#10);
#7041=PRESENTATION_STYLE_ASSIGNMENT((#7040));
#7042=STYLED_ITEM('',(#7041),#7039);
#7044=DIRECTION('',(6.996247934953E-1,7.145104256249E-1,0.E0));
#7045=VECTOR('',#7044,2.680007937730E-1);
#7046=CARTESIAN_POINT('',(-8.495802955160E0,6.280446623599E0,-3.E-2));
#7047=LINE('',#7046,#7045);
#7049=CURVE_STYLE('',#21,POSITIVE_LENGTH_MEASURE(2.E-2),#10);
#7050=PRESENTATION_STYLE_ASSIGNMENT((#7049));
#7051=STYLED_ITEM('',(#7050),#7048);
#7053=DIRECTION('',(4.397141102494E-1,8.981377963584E-1,0.E0));
#7054=VECTOR('',#7053,2.842761592246E-1);
#7055=CARTESIAN_POINT('',(-8.308302955160E0,6.471935984825E0,-3.E-2));
#7056=LINE('',#7055,#7054);
#7058=CURVE_STYLE('',#21,POSITIVE_LENGTH_MEASURE(2.E-2),#10);
#7059=PRESENTATION_STYLE_ASSIGNMENT((#7058));
#7060=STYLED_ITEM('',(#7059),#7057);
#7062=DIRECTION('',(3.102789952956E-1,9.506455412394E-1,0.E0));
#7063=VECTOR('',#7062,2.014308494259E-1);
#7064=CARTESIAN_POINT('',(-8.183302716741E0,6.727255148028E0,-3.E-2));
#7065=LINE('',#7064,#7063);
#7067=CURVE_STYLE('',#21,POSITIVE_LENGTH_MEASURE(2.E-2),#10);
#7068=PRESENTATION_STYLE_ASSIGNMENT((#7067));
#7069=STYLED_ITEM('',(#7068),#7066);
#7071=DIRECTION('',(1.921842136484E-1,9.813588681132E-1,0.E0));
#7072=VECTOR('',#7071,3.252112941571E-1);
#7073=CARTESIAN_POINT('',(-8.120802955160E0,6.918744486903E0,-3.E-2));
#7074=LINE('',#7073,#7072);
#7076=CURVE_STYLE('',#21,POSITIVE_LENGTH_MEASURE(2.E-2),#10);
#7077=PRESENTATION_STYLE_ASSIGNMENT((#7076));
#7078=STYLED_ITEM('',(#7077),#7075);
#7080=DIRECTION('',(0.E0,1.E0,0.E0));
#7081=VECTOR('',#7080,5.744680166245E-1);
#7082=CARTESIAN_POINT('',(-8.058302478323E0,7.237893474435E0,-3.E-2));
#7083=LINE('',#7082,#7081);
#7085=CURVE_STYLE('',#21,POSITIVE_LENGTH_MEASURE(2.E-2),#10);
#7086=PRESENTATION_STYLE_ASSIGNMENT((#7085));
#7087=STYLED_ITEM('',(#7086),#7084);
#7089=DIRECTION('',(-1.921842654987E-1,9.813588579591E-1,0.E0));
#7090=VECTOR('',#7089,3.252112064168E-1);
#7091=CARTESIAN_POINT('',(-8.058302478323E0,7.812361491059E0,-3.E-2));
#7092=LINE('',#7091,#7090);
#7094=CURVE_STYLE('',#21,POSITIVE_LENGTH_MEASURE(2.E-2),#10);
#7095=PRESENTATION_STYLE_ASSIGNMENT((#7094));
#7096=STYLED_ITEM('',(#7095),#7093);
#7098=DIRECTION('',(-3.102787334496E-1,9.506456267027E-1,0.E0));
#7099=VECTOR('',#7098,2.014310194146E-1);
#7100=CARTESIAN_POINT('',(-8.120802955160E0,8.131510389184E0,-3.E-2));
#7101=LINE('',#7100,#7099);
#7103=CURVE_STYLE('',#21,POSITIVE_LENGTH_MEASURE(2.E-2),#10);
#7104=PRESENTATION_STYLE_ASSIGNMENT((#7103));
#7105=STYLED_ITEM('',(#7104),#7102);
#7107=DIRECTION('',(-4.397141723527E-1,8.981377659536E-1,0.E0));
#7108=VECTOR('',#7107,2.842761190747E-1);
#7109=CARTESIAN_POINT('',(-8.183302716741E0,8.322999906873E0,-3.E-2));
#7110=LINE('',#7109,#7108);
#7112=CURVE_STYLE('',#21,POSITIVE_LENGTH_MEASURE(2.E-2),#10);
#7113=PRESENTATION_STYLE_ASSIGNMENT((#7112));
#7114=STYLED_ITEM('',(#7113),#7111);
#7116=DIRECTION('',(-6.996248351869E-1,7.145103848018E-1,0.E0));
#7117=VECTOR('',#7116,2.680007778024E-1);
#7118=CARTESIAN_POINT('',(-8.308302955160E0,8.578319025373E0,-3.E-2));
#7119=LINE('',#7118,#7117);
#7121=CURVE_STYLE('',#21,POSITIVE_LENGTH_MEASURE(2.E-2),#10);
#7122=PRESENTATION_STYLE_ASSIGNMENT((#7121));
#7123=STYLED_ITEM('',(#7122),#7120);
#7125=DIRECTION('',(-8.526530674474E-1,5.224775081977E-1,0.E0));
#7126=VECTOR('',#7125,3.665025496224E-1);
#7127=CARTESIAN_POINT('',(-8.495802955160E0,8.769808364247E0,-3.E-2));
#7128=LINE('',#7127,#7126);
#7130=CURVE_STYLE('',#21,POSITIVE_LENGTH_MEASURE(2.E-2),#10);
#7131=PRESENTATION_STYLE_ASSIGNMENT((#7130));
#7132=STYLED_ITEM('',(#7131),#7129);
#7134=DIRECTION('',(-9.858211730931E-1,1.677993286083E-1,0.E0));
#7135=VECTOR('',#7134,3.803935340762E-1);
#7136=CARTESIAN_POINT('',(-8.808302478323E0,8.961297703122E0,-3.E-2));
#7137=LINE('',#7136,#7135);
#7139=CURVE_STYLE('',#21,POSITIVE_LENGTH_MEASURE(2.E-2),#10);
#7140=PRESENTATION_STYLE_ASSIGNMENT((#7139));
#7141=STYLED_ITEM('',(#7140),#7138);
#7143=DIRECTION('',(-9.858211730931E-1,-1.677993286083E-1,0.E0));
#7144=VECTOR('',#7143,3.803935340762E-1);
#7145=CARTESIAN_POINT('',(-9.183302478323E0,9.025127482747E0,-3.E-2));
#7146=LINE('',#7145,#7144);
#7148=CURVE_STYLE('',#21,POSITIVE_LENGTH_MEASURE(2.E-2),#10);
#7149=PRESENTATION_STYLE_ASSIGNMENT((#7148));
#7150=STYLED_ITEM('',(#7149),#7147);
#7152=DIRECTION('',(-8.526536001913E-1,-5.224766387895E-1,0.E0));
#7153=VECTOR('',#7152,3.665031594876E-1);
#7154=CARTESIAN_POINT('',(-9.558302478323E0,8.961297703122E0,-3.E-2));
#7155=LINE('',#7154,#7153);
#7157=CURVE_STYLE('',#21,POSITIVE_LENGTH_MEASURE(2.E-2),#10);
#7158=PRESENTATION_STYLE_ASSIGNMENT((#7157));
#7159=STYLED_ITEM('',(#7158),#7156);
#7161=DIRECTION('',(-6.996248351869E-1,-7.145103848018E-1,0.E0));
#7162=VECTOR('',#7161,2.680007778024E-1);
#7163=CARTESIAN_POINT('',(-9.870802716741E0,8.769808364247E0,-3.E-2));
#7164=LINE('',#7163,#7162);
#7166=CURVE_STYLE('',#21,POSITIVE_LENGTH_MEASURE(2.E-2),#10);
#7167=PRESENTATION_STYLE_ASSIGNMENT((#7166));
#7168=STYLED_ITEM('',(#7167),#7165);
#7170=DIRECTION('',(-4.397131575602E-1,-8.981382627794E-1,0.E0));
#7171=VECTOR('',#7170,2.842759618209E-1);
#7172=CARTESIAN_POINT('',(-1.005830271674E1,8.578319025373E0,-3.E-2));
#7173=LINE('',#7172,#7171);
#7175=CURVE_STYLE('',#21,POSITIVE_LENGTH_MEASURE(2.E-2),#10);
#7176=PRESENTATION_STYLE_ASSIGNMENT((#7175));
#7177=STYLED_ITEM('',(#7176),#7174);
#7179=DIRECTION('',(-3.102803379578E-1,-9.506451030099E-1,0.E0));
#7180=VECTOR('',#7179,2.014311303792E-1);
#7181=CARTESIAN_POINT('',(-1.018330259753E1,8.322999906873E0,-3.E-2));
#7182=LINE('',#7181,#7180);
#7184=CURVE_STYLE('',#21,POSITIVE_LENGTH_MEASURE(2.E-2),#10);
#7185=PRESENTATION_STYLE_ASSIGNMENT((#7184));
#7186=STYLED_ITEM('',(#7185),#7183);
#7188=DIRECTION('',(-1.921832064360E-1,-9.813590653599E-1,0.E0));
#7189=VECTOR('',#7188,3.252111376866E-1);
#7190=CARTESIAN_POINT('',(-1.024580271674E1,8.131510389184E0,-3.E-2));
#7191=LINE('',#7190,#7189);
#7193=CURVE_STYLE('',#21,POSITIVE_LENGTH_MEASURE(2.E-2),#10);
#7194=PRESENTATION_STYLE_ASSIGNMENT((#7193));
#7195=STYLED_ITEM('',(#7194),#7192);
#7198=DIRECTION('',(1.610649934498E-1,9.869438017866E-1,0.E0));
#7199=VECTOR('',#7198,3.880450711138E-1);
#7200=CARTESIAN_POINT('',(-9.995802955160E0,7.748531711434E0,-3.E-2));
#7201=LINE('',#7200,#7199);
#7203=CURVE_STYLE('',#21,POSITIVE_LENGTH_MEASURE(2.E-2),#10);
#7204=PRESENTATION_STYLE_ASSIGNMENT((#7203));
#7205=STYLED_ITEM('',(#7204),#7202);
#7207=DIRECTION('',(5.466220021285E-1,8.373794759779E-1,0.E0));
#7208=VECTOR('',#7207,4.573540044271E-1);
#7209=CARTESIAN_POINT('',(-9.933302478323E0,8.131510389184E0,-3.E-2));
#7210=LINE('',#7209,#7208);
#7212=CURVE_STYLE('',#21,POSITIVE_LENGTH_MEASURE(2.E-2),#10);
#7213=PRESENTATION_STYLE_ASSIGNMENT((#7212));
#7214=STYLED_ITEM('',(#7213),#7211);
#7216=DIRECTION('',(8.265992787996E-1,5.627909312417E-1,0.E0));
#7217=VECTOR('',#7216,2.268330070071E-1);
#7218=CARTESIAN_POINT('',(-9.683302716741E0,8.514489245748E0,-3.E-2));
#7219=LINE('',#7218,#7217);
#7221=CURVE_STYLE('',#21,POSITIVE_LENGTH_MEASURE(2.E-2),#10);
#7222=PRESENTATION_STYLE_ASSIGNMENT((#7221));
#7223=STYLED_ITEM('',(#7222),#7220);
#7225=DIRECTION('',(9.797707392153E-1,2.001232084928E-1,0.E0));
#7226=VECTOR('',#7225,3.189524098963E-1);
#7227=CARTESIAN_POINT('',(-9.495802716741E0,8.642148804998E0,-3.E-2));
#7228=LINE('',#7227,#7226);
#7230=CURVE_STYLE('',#21,POSITIVE_LENGTH_MEASURE(2.E-2),#10);
#7231=PRESENTATION_STYLE_ASSIGNMENT((#7230));
#7232=STYLED_ITEM('',(#7231),#7229);
#7234=DIRECTION('',(9.797706494039E-1,-2.001236481946E-1,0.E0));
#7235=VECTOR('',#7234,3.189517091097E-1);
#7236=CARTESIAN_POINT('',(-9.183302478323E0,8.705978584622E0,-3.E-2));
#7237=LINE('',#7236,#7235);
#7239=CURVE_STYLE('',#21,POSITIVE_LENGTH_MEASURE(2.E-2),#10);
#7240=PRESENTATION_STYLE_ASSIGNMENT((#7239));
#7241=STYLED_ITEM('',(#7240),#7238);
#7243=DIRECTION('',(8.265992787996E-1,-5.627909312417E-1,0.E0));
#7244=VECTOR('',#7243,2.268330070071E-1);
#7245=CARTESIAN_POINT('',(-8.870802955160E0,8.642148804998E0,-3.E-2));
#7246=LINE('',#7245,#7244);
#7248=CURVE_STYLE('',#21,POSITIVE_LENGTH_MEASURE(2.E-2),#10);
#7249=PRESENTATION_STYLE_ASSIGNMENT((#7248));
#7250=STYLED_ITEM('',(#7249),#7247);
#7252=DIRECTION('',(5.466230987403E-1,-8.373787601340E-1,0.E0));
#7253=VECTOR('',#7252,4.573543954020E-1);
#7254=CARTESIAN_POINT('',(-8.683302955160E0,8.514489245748E0,-3.E-2));
#7255=LINE('',#7254,#7253);
#7257=CURVE_STYLE('',#21,POSITIVE_LENGTH_MEASURE(2.E-2),#10);
#7258=PRESENTATION_STYLE_ASSIGNMENT((#7257));
#7259=STYLED_ITEM('',(#7258),#7256);
#7261=DIRECTION('',(1.610631980374E-1,-9.869440947885E-1,0.E0));
#7262=VECTOR('',#7261,3.880449559118E-1);
#7263=CARTESIAN_POINT('',(-8.433302478323E0,8.131510389184E0,-3.E-2));
#7264=LINE('',#7263,#7262);
#7266=CURVE_STYLE('',#21,POSITIVE_LENGTH_MEASURE(2.E-2),#10);
#7267=PRESENTATION_STYLE_ASSIGNMENT((#7266));
#7268=STYLED_ITEM('',(#7267),#7265);
#7270=DIRECTION('',(0.E0,-1.E0,0.E0));
#7271=VECTOR('',#7270,4.468084573746E-1);
#7272=CARTESIAN_POINT('',(-8.370802716741E0,7.748531711434E0,-3.E-2));
#7273=LINE('',#7272,#7271);
#7275=CURVE_STYLE('',#21,POSITIVE_LENGTH_MEASURE(2.E-2),#10);
#7276=PRESENTATION_STYLE_ASSIGNMENT((#7275));
#7277=STYLED_ITEM('',(#7276),#7274);
#7279=DIRECTION('',(-1.610631614123E-1,-9.869441007655E-1,0.E0));
#7280=VECTOR('',#7279,3.880450441515E-1);
#7281=CARTESIAN_POINT('',(-8.370802716741E0,7.301723254060E0,-3.E-2));
#7282=LINE('',#7281,#7280);
#7284=CURVE_STYLE('',#21,POSITIVE_LENGTH_MEASURE(2.E-2),#10);
#7285=PRESENTATION_STYLE_ASSIGNMENT((#7284));
#7286=STYLED_ITEM('',(#7285),#7283);
#7288=DIRECTION('',(-5.466232329611E-1,-8.373786725175E-1,0.E0));
#7289=VECTOR('',#7288,4.573542831008E-1);
#7290=CARTESIAN_POINT('',(-8.433302478323E0,6.918744486903E0,-3.E-2));
#7291=LINE('',#7290,#7289);
#7293=CURVE_STYLE('',#21,POSITIVE_LENGTH_MEASURE(2.E-2),#10);
#7294=PRESENTATION_STYLE_ASSIGNMENT((#7293));
#7295=STYLED_ITEM('',(#7294),#7292);
#7297=DIRECTION('',(-8.265992787996E-1,-5.627909312417E-1,0.E0));
#7298=VECTOR('',#7297,2.268330070071E-1);
#7299=CARTESIAN_POINT('',(-8.683302955160E0,6.535765764450E0,-3.E-2));
#7300=LINE('',#7299,#7298);
#7302=CURVE_STYLE('',#21,POSITIVE_LENGTH_MEASURE(2.E-2),#10);
#7303=PRESENTATION_STYLE_ASSIGNMENT((#7302));
#7304=STYLED_ITEM('',(#7303),#7301);
#7306=DIRECTION('',(-9.797706494039E-1,-2.001236481946E-1,0.E0));
#7307=VECTOR('',#7306,3.189517091097E-1);
#7308=CARTESIAN_POINT('',(-8.870802955160E0,6.408106205200E0,-3.E-2));
#7309=LINE('',#7308,#7307);
#7311=CURVE_STYLE('',#21,POSITIVE_LENGTH_MEASURE(2.E-2),#10);
#7312=PRESENTATION_STYLE_ASSIGNMENT((#7311));
#7313=STYLED_ITEM('',(#7312),#7310);
#7315=DIRECTION('',(-9.797707392153E-1,2.001232084928E-1,0.E0));
#7316=VECTOR('',#7315,3.189524098963E-1);
#7317=CARTESIAN_POINT('',(-9.183302478323E0,6.344276425575E0,-3.E-2));
#7318=LINE('',#7317,#7316);
#7320=CURVE_STYLE('',#21,POSITIVE_LENGTH_MEASURE(2.E-2),#10);
#7321=PRESENTATION_STYLE_ASSIGNMENT((#7320));
#7322=STYLED_ITEM('',(#7321),#7319);
#7324=DIRECTION('',(-8.265992787996E-1,5.627909312417E-1,0.E0));
#7325=VECTOR('',#7324,2.268330070071E-1);
#7326=CARTESIAN_POINT('',(-9.495802716741E0,6.408106205200E0,-3.E-2));
#7327=LINE('',#7326,#7325);
#7329=CURVE_STYLE('',#21,POSITIVE_LENGTH_MEASURE(2.E-2),#10);
#7330=PRESENTATION_STYLE_ASSIGNMENT((#7329));
#7331=STYLED_ITEM('',(#7330),#7328);
#7333=DIRECTION('',(-5.466221363492E-1,8.373793883617E-1,0.E0));
#7334=VECTOR('',#7333,4.573538921258E-1);
#7335=CARTESIAN_POINT('',(-9.683302716741E0,6.535765764450E0,-3.E-2));
#7336=LINE('',#7335,#7334);
#7338=CURVE_STYLE('',#21,POSITIVE_LENGTH_MEASURE(2.E-2),#10);
#7339=PRESENTATION_STYLE_ASSIGNMENT((#7338));
#7340=STYLED_ITEM('',(#7339),#7337);
#7342=DIRECTION('',(-1.610649568243E-1,9.869438077637E-1,0.E0));
#7343=VECTOR('',#7342,3.880451593535E-1);
#7344=CARTESIAN_POINT('',(-9.933302478323E0,6.918744486903E0,-3.E-2));
#7345=LINE('',#7344,#7343);
#7347=CURVE_STYLE('',#21,POSITIVE_LENGTH_MEASURE(2.E-2),#10);
#7348=PRESENTATION_STYLE_ASSIGNMENT((#7347));
#7349=STYLED_ITEM('',(#7348),#7346);
#7351=DIRECTION('',(0.E0,1.E0,0.E0));
#7352=VECTOR('',#7351,4.468084573746E-1);
#7353=CARTESIAN_POINT('',(-9.995802955160E0,7.301723254060E0,-3.E-2));
#7354=LINE('',#7353,#7352);
#7356=CURVE_STYLE('',#21,POSITIVE_LENGTH_MEASURE(2.E-2),#10);
#7357=PRESENTATION_STYLE_ASSIGNMENT((#7356));
#7358=STYLED_ITEM('',(#7357),#7355);
#7361=DIRECTION('',(1.E0,0.E0,0.E0));
#7362=VECTOR('',#7361,3.75E-1);
#7363=CARTESIAN_POINT('',(-5.433302478323E0,6.025127482747E0,-3.E-2));
#7364=LINE('',#7363,#7362);
#7366=CURVE_STYLE('',#21,POSITIVE_LENGTH_MEASURE(2.E-2),#10);
#7367=PRESENTATION_STYLE_ASSIGNMENT((#7366));
#7368=STYLED_ITEM('',(#7367),#7365);
#7370=DIRECTION('',(-5.699145823507E-1,8.217039423199E-1,0.E0));
#7371=VECTOR('',#7370,1.864314883883E0);
#7372=CARTESIAN_POINT('',(-5.058302478323E0,6.025127482747E0,-3.E-2));
#7373=LINE('',#7372,#7371);
#7375=CURVE_STYLE('',#21,POSITIVE_LENGTH_MEASURE(2.E-2),#10);
#7376=PRESENTATION_STYLE_ASSIGNMENT((#7375));
#7377=STYLED_ITEM('',(#7376),#7374);
#7379=DIRECTION('',(5.862940913059E-1,8.100982894068E-1,0.E0));
#7380=VECTOR('',#7379,1.812230848262E0);
#7381=CARTESIAN_POINT('',(-6.120802716741E0,7.557042372560E0,-3.E-2));
#7382=LINE('',#7381,#7380);
#7384=CURVE_STYLE('',#21,POSITIVE_LENGTH_MEASURE(2.E-2),#10);
#7385=PRESENTATION_STYLE_ASSIGNMENT((#7384));
#7386=STYLED_ITEM('',(#7385),#7383);
#7388=DIRECTION('',(-1.E0,0.E0,0.E0));
#7389=VECTOR('',#7388,3.75E-1);
#7390=CARTESIAN_POINT('',(-5.058302478323E0,9.025127482747E0,-3.E-2));
#7391=LINE('',#7390,#7389);
#7393=CURVE_STYLE('',#21,POSITIVE_LENGTH_MEASURE(2.E-2),#10);
#7394=PRESENTATION_STYLE_ASSIGNMENT((#7393));
#7395=STYLED_ITEM('',(#7394),#7392);
#7397=DIRECTION('',(-5.851009867210E-1,-8.109604400574E-1,0.E0));
#7398=VECTOR('',#7397,1.495468745186E0);
#7399=CARTESIAN_POINT('',(-5.433302478323E0,9.025127482747E0,-3.E-2));
#7400=LINE('',#7399,#7398);
#7402=CURVE_STYLE('',#21,POSITIVE_LENGTH_MEASURE(2.E-2),#10);
#7403=PRESENTATION_STYLE_ASSIGNMENT((#7402));
#7404=STYLED_ITEM('',(#7403),#7401);
#7406=DIRECTION('',(-5.851009867210E-1,8.109604400574E-1,0.E0));
#7407=VECTOR('',#7406,1.495468745186E0);
#7408=CARTESIAN_POINT('',(-6.308302716741E0,7.812361491059E0,-3.E-2));
#7409=LINE('',#7408,#7407);
#7411=CURVE_STYLE('',#21,POSITIVE_LENGTH_MEASURE(2.E-2),#10);
#7412=PRESENTATION_STYLE_ASSIGNMENT((#7411));
#7413=STYLED_ITEM('',(#7412),#7410);
#7415=DIRECTION('',(-1.E0,0.E0,0.E0));
#7416=VECTOR('',#7415,3.75E-1);
#7417=CARTESIAN_POINT('',(-7.183302955160E0,9.025127482747E0,-3.E-2));
#7418=LINE('',#7417,#7416);
#7420=CURVE_STYLE('',#21,POSITIVE_LENGTH_MEASURE(2.E-2),#10);
#7421=PRESENTATION_STYLE_ASSIGNMENT((#7420));
#7422=STYLED_ITEM('',(#7421),#7419);
#7424=DIRECTION('',(5.862940913059E-1,-8.100982894068E-1,0.E0));
#7425=VECTOR('',#7424,1.812230848262E0);
#7426=CARTESIAN_POINT('',(-7.558302955160E0,9.025127482747E0,-3.E-2));
#7427=LINE('',#7426,#7425);
#7429=CURVE_STYLE('',#21,POSITIVE_LENGTH_MEASURE(2.E-2),#10);
#7430=PRESENTATION_STYLE_ASSIGNMENT((#7429));
#7431=STYLED_ITEM('',(#7430),#7428);
#7433=DIRECTION('',(-5.699145823507E-1,-8.217039423199E-1,0.E0));
#7434=VECTOR('',#7433,1.864314883883E0);
#7435=CARTESIAN_POINT('',(-6.495802716741E0,7.557042372560E0,-3.E-2));
#7436=LINE('',#7435,#7434);
#7438=CURVE_STYLE('',#21,POSITIVE_LENGTH_MEASURE(2.E-2),#10);
#7439=PRESENTATION_STYLE_ASSIGNMENT((#7438));
#7440=STYLED_ITEM('',(#7439),#7437);
#7442=DIRECTION('',(1.E0,0.E0,0.E0));
#7443=VECTOR('',#7442,3.75E-1);
#7444=CARTESIAN_POINT('',(-7.558302955160E0,6.025127482747E0,-3.E-2));
#7445=LINE('',#7444,#7443);
#7447=CURVE_STYLE('',#21,POSITIVE_LENGTH_MEASURE(2.E-2),#10);
#7448=PRESENTATION_STYLE_ASSIGNMENT((#7447));
#7449=STYLED_ITEM('',(#7448),#7446);
#7451=DIRECTION('',(5.851009867210E-1,8.109604400574E-1,0.E0));
#7452=VECTOR('',#7451,1.495468745186E0);
#7453=CARTESIAN_POINT('',(-7.183302955160E0,6.025127482747E0,-3.E-2));
#7454=LINE('',#7453,#7452);
#7456=CURVE_STYLE('',#21,POSITIVE_LENGTH_MEASURE(2.E-2),#10);
#7457=PRESENTATION_STYLE_ASSIGNMENT((#7456));
#7458=STYLED_ITEM('',(#7457),#7455);
#7460=DIRECTION('',(5.851009867210E-1,-8.109604400574E-1,0.E0));
#7461=VECTOR('',#7460,1.495468745186E0);
#7462=CARTESIAN_POINT('',(-6.308302716741E0,7.237893474435E0,-3.E-2));
#7463=LINE('',#7462,#7461);
#7465=CURVE_STYLE('',#21,POSITIVE_LENGTH_MEASURE(2.E-2),#10);
#7466=PRESENTATION_STYLE_ASSIGNMENT((#7465));
#7467=STYLED_ITEM('',(#7466),#7464);
#7470=DIRECTION('',(1.E0,0.E0,0.E0));
#7471=VECTOR('',#7470,1.062500238419E0);
#7472=CARTESIAN_POINT('',(-4.183302955160E0,7.365553033685E0,-3.E-2));
#7473=LINE('',#7472,#7471);
#7475=CURVE_STYLE('',#21,POSITIVE_LENGTH_MEASURE(2.E-2),#10);
#7476=PRESENTATION_STYLE_ASSIGNMENT((#7475));
#7477=STYLED_ITEM('',(#7476),#7474);
#7479=DIRECTION('',(3.494927993883E-1,-9.369390498724E-1,0.E0));
#7480=VECTOR('',#7479,1.430643275163E0);
#7481=CARTESIAN_POINT('',(-3.120802716741E0,7.365553033685E0,-3.E-2));
#7482=LINE('',#7481,#7480);
#7484=CURVE_STYLE('',#21,POSITIVE_LENGTH_MEASURE(2.E-2),#10);
#7485=PRESENTATION_STYLE_ASSIGNMENT((#7484));
#7486=STYLED_ITEM('',(#7485),#7483);
#7488=DIRECTION('',(1.E0,0.E0,0.E0));
#7489=VECTOR('',#7488,4.375004768372E-1);
#7490=CARTESIAN_POINT('',(-2.620803193578E0,6.025127482747E0,-3.E-2));
#7491=LINE('',#7490,#7489);
#7493=CURVE_STYLE('',#21,POSITIVE_LENGTH_MEASURE(2.E-2),#10);
#7494=PRESENTATION_STYLE_ASSIGNMENT((#7493));
#7495=STYLED_ITEM('',(#7494),#7492);
#7497=DIRECTION('',(-3.577885126009E-1,9.338026452366E-1,0.E0));
#7498=VECTOR('',#7497,1.572157797664E0);
#7499=CARTESIAN_POINT('',(-2.183302716741E0,6.025127482747E0,-3.E-2));
#7500=LINE('',#7499,#7498);
#7502=CURVE_STYLE('',#21,POSITIVE_LENGTH_MEASURE(2.E-2),#10);
#7503=PRESENTATION_STYLE_ASSIGNMENT((#7502));
#7504=STYLED_ITEM('',(#7503),#7501);
#7506=DIRECTION('',(8.906056381928E-1,4.547764255314E-1,0.E0));
#7507=VECTOR('',#7506,2.807083922626E-1);
#7508=CARTESIAN_POINT('',(-2.745802716741E0,7.493212592935E0,-3.E-2));
#7509=LINE('',#7508,#7507);
#7511=CURVE_STYLE('',#21,POSITIVE_LENGTH_MEASURE(2.E-2),#10);
#7512=PRESENTATION_STYLE_ASSIGNMENT((#7511));
#7513=STYLED_ITEM('',(#7512),#7510);
#7515=DIRECTION('',(5.919095487496E-1,8.060043958311E-1,0.E0));
#7516=VECTOR('',#7515,3.167713722411E-1);
#7517=CARTESIAN_POINT('',(-2.495802239904E0,7.620872152185E0,-3.E-2));
#7518=LINE('',#7517,#7516);
#7520=CURVE_STYLE('',#21,POSITIVE_LENGTH_MEASURE(2.E-2),#10);
#7521=PRESENTATION_STYLE_ASSIGNMENT((#7520));
#7522=STYLED_ITEM('',(#7521),#7519);
#7524=DIRECTION('',(3.102757862690E-1,9.506465886201E-1,0.E0));
#7525=VECTOR('',#7524,2.014306274982E-1);
#7526=CARTESIAN_POINT('',(-2.308302239904E0,7.876191270684E0,-3.E-2));
#7527=LINE('',#7526,#7525);
#7529=CURVE_STYLE('',#21,POSITIVE_LENGTH_MEASURE(2.E-2),#10);
#7530=PRESENTATION_STYLE_ASSIGNMENT((#7529));
#7531=STYLED_ITEM('',(#7530),#7528);
#7533=DIRECTION('',(0.E0,1.E0,0.E0));
#7534=VECTOR('',#7533,2.553192973137E-1);
#7535=CARTESIAN_POINT('',(-2.245803193578E0,8.067680609559E0,-3.E-2));
#7536=LINE('',#7535,#7534);
#7538=CURVE_STYLE('',#21,POSITIVE_LENGTH_MEASURE(2.E-2),#10);
#7539=PRESENTATION_STYLE_ASSIGNMENT((#7538));
#7540=STYLED_ITEM('',(#7539),#7537);
#7542=DIRECTION('',(-3.102757862690E-1,9.506465886201E-1,0.E0));
#7543=VECTOR('',#7542,2.014306274982E-1);
#7544=CARTESIAN_POINT('',(-2.245803193578E0,8.322999906873E0,-3.E-2));
#7545=LINE('',#7544,#7543);
#7547=CURVE_STYLE('',#21,POSITIVE_LENGTH_MEASURE(2.E-2),#10);
#7548=PRESENTATION_STYLE_ASSIGNMENT((#7547));
#7549=STYLED_ITEM('',(#7548),#7546);
#7551=DIRECTION('',(-5.919095487496E-1,8.060043958311E-1,0.E0));
#7552=VECTOR('',#7551,3.167713722411E-1);
#7553=CARTESIAN_POINT('',(-2.308302239904E0,8.514489245748E0,-3.E-2));
#7554=LINE('',#7553,#7552);
#7556=CURVE_STYLE('',#21,POSITIVE_LENGTH_MEASURE(2.E-2),#10);
#7557=PRESENTATION_STYLE_ASSIGNMENT((#7556));
#7558=STYLED_ITEM('',(#7557),#7555);
#7560=DIRECTION('',(-7.938787408812E-1,6.080761011394E-1,0.E0));
#7561=VECTOR('',#7560,3.149101543639E-1);
#7562=CARTESIAN_POINT('',(-2.495802239904E0,8.769808364247E0,-3.E-2));
#7563=LINE('',#7562,#7561);
#7565=CURVE_STYLE('',#21,POSITIVE_LENGTH_MEASURE(2.E-2),#10);
#7566=PRESENTATION_STYLE_ASSIGNMENT((#7565));
#7567=STYLED_ITEM('',(#7566),#7564);
#7569=DIRECTION('',(-9.797706494039E-1,2.001236481946E-1,0.E0));
#7570=VECTOR('',#7569,3.189517091097E-1);
#7571=CARTESIAN_POINT('',(-2.745802716741E0,8.961297703122E0,-3.E-2));
#7572=LINE('',#7571,#7570);
#7574=CURVE_STYLE('',#21,POSITIVE_LENGTH_MEASURE(2.E-2),#10);
#7575=PRESENTATION_STYLE_ASSIGNMENT((#7574));
#7576=STYLED_ITEM('',(#7575),#7573);
#7578=DIRECTION('',(-1.E0,0.E0,0.E0));
#7579=VECTOR('',#7578,1.500000715256E0);
#7580=CARTESIAN_POINT('',(-3.058302239904E0,9.025127482747E0,-3.E-2));
#7581=LINE('',#7580,#7579);
#7583=CURVE_STYLE('',#21,POSITIVE_LENGTH_MEASURE(2.E-2),#10);
#7584=PRESENTATION_STYLE_ASSIGNMENT((#7583));
#7585=STYLED_ITEM('',(#7584),#7582);
#7587=DIRECTION('',(0.E0,-1.E0,0.E0));
#7588=VECTOR('',#7587,3.E0);
#7589=CARTESIAN_POINT('',(-4.558302955160E0,9.025127482747E0,-3.E-2));
#7590=LINE('',#7589,#7588);
#7592=CURVE_STYLE('',#21,POSITIVE_LENGTH_MEASURE(2.E-2),#10);
#7593=PRESENTATION_STYLE_ASSIGNMENT((#7592));
#7594=STYLED_ITEM('',(#7593),#7591);
#7596=DIRECTION('',(1.E0,0.E0,0.E0));
#7597=VECTOR('',#7596,3.75E-1);
#7598=CARTESIAN_POINT('',(-4.558302955160E0,6.025127482747E0,-3.E-2));
#7599=LINE('',#7598,#7597);
#7601=CURVE_STYLE('',#21,POSITIVE_LENGTH_MEASURE(2.E-2),#10);
#7602=PRESENTATION_STYLE_ASSIGNMENT((#7601));
#7603=STYLED_ITEM('',(#7602),#7600);
#7605=DIRECTION('',(0.E0,1.E0,0.E0));
#7606=VECTOR('',#7605,1.340425550938E0);
#7607=CARTESIAN_POINT('',(-4.183302955160E0,6.025127482747E0,-3.E-2));
#7608=LINE('',#7607,#7606);
#7610=CURVE_STYLE('',#21,POSITIVE_LENGTH_MEASURE(2.E-2),#10);
#7611=PRESENTATION_STYLE_ASSIGNMENT((#7610));
#7612=STYLED_ITEM('',(#7611),#7609);
#7615=DIRECTION('',(-1.E0,0.E0,0.E0));
#7616=VECTOR('',#7615,1.187499761581E0);
#7617=CARTESIAN_POINT('',(-2.995803193578E0,7.748531711434E0,-3.E-2));
#7618=LINE('',#7617,#7616);
#7620=CURVE_STYLE('',#21,POSITIVE_LENGTH_MEASURE(2.E-2),#10);
#7621=PRESENTATION_STYLE_ASSIGNMENT((#7620));
#7622=STYLED_ITEM('',(#7621),#7619);
#7624=DIRECTION('',(0.E0,1.E0,0.E0));
#7625=VECTOR('',#7624,9.574468731880E-1);
#7626=CARTESIAN_POINT('',(-4.183302955160E0,7.748531711434E0,-3.E-2));
#7627=LINE('',#7626,#7625);
#7629=CURVE_STYLE('',#21,POSITIVE_LENGTH_MEASURE(2.E-2),#10);
#7630=PRESENTATION_STYLE_ASSIGNMENT((#7629));
#7631=STYLED_ITEM('',(#7630),#7628);
#7633=DIRECTION('',(1.E0,0.E0,0.E0));
#7634=VECTOR('',#7633,1.187499761581E0);
#7635=CARTESIAN_POINT('',(-4.183302955160E0,8.705978584622E0,-3.E-2));
#7636=LINE('',#7635,#7634);
#7638=CURVE_STYLE('',#21,POSITIVE_LENGTH_MEASURE(2.E-2),#10);
#7639=PRESENTATION_STYLE_ASSIGNMENT((#7638));
#7640=STYLED_ITEM('',(#7639),#7637);
#7642=DIRECTION('',(9.466499177700E-1,-3.222637633772E-1,0.E0));
#7643=VECTOR('',#7642,1.980668845793E-1);
#7644=CARTESIAN_POINT('',(-2.995803193578E0,8.705978584622E0,-3.E-2));
#7645=LINE('',#7644,#7643);
#7647=CURVE_STYLE('',#21,POSITIVE_LENGTH_MEASURE(2.E-2),#10);
#7648=PRESENTATION_STYLE_ASSIGNMENT((#7647));
#7649=STYLED_ITEM('',(#7648),#7646);
#7651=DIRECTION('',(6.996275602085E-1,-7.145077165410E-1,0.E0));
#7652=VECTOR('',#7651,1.786678524172E-1);
#7653=CARTESIAN_POINT('',(-2.808303193578E0,8.642148804998E0,-3.E-2));
#7654=LINE('',#7653,#7652);
#7656=CURVE_STYLE('',#21,POSITIVE_LENGTH_MEASURE(2.E-2),#10);
#7657=PRESENTATION_STYLE_ASSIGNMENT((#7656));
#7658=STYLED_ITEM('',(#7657),#7655);
#7660=DIRECTION('',(3.102757862690E-1,-9.506465886201E-1,0.E0));
#7661=VECTOR('',#7660,2.014306274982E-1);
#7662=CARTESIAN_POINT('',(-2.683302239904E0,8.514489245748E0,-3.E-2));
#7663=LINE('',#7662,#7661);
#7665=CURVE_STYLE('',#21,POSITIVE_LENGTH_MEASURE(2.E-2),#10);
#7666=PRESENTATION_STYLE_ASSIGNMENT((#7665));
#7667=STYLED_ITEM('',(#7666),#7664);
#7669=DIRECTION('',(0.E0,-1.E0,0.E0));
#7670=VECTOR('',#7669,1.914895176888E-1);
#7671=CARTESIAN_POINT('',(-2.620803193578E0,8.322999906873E0,-3.E-2));
#7672=LINE('',#7671,#7670);
#7674=CURVE_STYLE('',#21,POSITIVE_LENGTH_MEASURE(2.E-2),#10);
#7675=PRESENTATION_STYLE_ASSIGNMENT((#7674));
#7676=STYLED_ITEM('',(#7675),#7673);
#7678=DIRECTION('',(-3.102757862690E-1,-9.506465886201E-1,0.E0));
#7679=VECTOR('',#7678,2.014306274982E-1);
#7680=CARTESIAN_POINT('',(-2.620803193578E0,8.131510389184E0,-3.E-2));
#7681=LINE('',#7680,#7679);
#7683=CURVE_STYLE('',#21,POSITIVE_LENGTH_MEASURE(2.E-2),#10);
#7684=PRESENTATION_STYLE_ASSIGNMENT((#7683));
#7685=STYLED_ITEM('',(#7684),#7682);
#7687=DIRECTION('',(-6.996275602085E-1,-7.145077165410E-1,0.E0));
#7688=VECTOR('',#7687,1.786678524172E-1);
#7689=CARTESIAN_POINT('',(-2.683302239904E0,7.940021050309E0,-3.E-2));
#7690=LINE('',#7689,#7688);
#7692=CURVE_STYLE('',#21,POSITIVE_LENGTH_MEASURE(2.E-2),#10);
#7693=PRESENTATION_STYLE_ASSIGNMENT((#7692));
#7694=STYLED_ITEM('',(#7693),#7691);
#7696=DIRECTION('',(-9.466499177700E-1,-3.222637633772E-1,0.E0));
#7697=VECTOR('',#7696,1.980668845793E-1);
#7698=CARTESIAN_POINT('',(-2.808303193578E0,7.812361491059E0,-3.E-2));
#7699=LINE('',#7698,#7697);
#7701=CURVE_STYLE('',#21,POSITIVE_LENGTH_MEASURE(2.E-2),#10);
#7702=PRESENTATION_STYLE_ASSIGNMENT((#7701));
#7703=STYLED_ITEM('',(#7702),#7700);
#7706=DIRECTION('',(0.E0,1.E0,0.E0));
#7707=VECTOR('',#7706,9.574467837811E-1);
#7708=CARTESIAN_POINT('',(7.541968064216E-1,6.727255148028E0,-3.E-2));
#7709=LINE('',#7708,#7707);
#7711=CURVE_STYLE('',#21,POSITIVE_LENGTH_MEASURE(2.E-2),#10);
#7712=PRESENTATION_STYLE_ASSIGNMENT((#7711));
#7713=STYLED_ITEM('',(#7712),#7710);
#7715=DIRECTION('',(-1.E0,0.E0,0.E0));
#7716=VECTOR('',#7715,9.375E-1);
#7717=CARTESIAN_POINT('',(7.541968064216E-1,7.684701931809E0,-3.E-2));
#7718=LINE('',#7717,#7716);
#7720=CURVE_STYLE('',#21,POSITIVE_LENGTH_MEASURE(2.E-2),#10);
#7721=PRESENTATION_STYLE_ASSIGNMENT((#7720));
#7722=STYLED_ITEM('',(#7721),#7719);
#7724=DIRECTION('',(0.E0,-1.E0,0.E0));
#7725=VECTOR('',#7724,3.829786777496E-1);
#7726=CARTESIAN_POINT('',(-1.833031935784E-1,7.684701931809E0,-3.E-2));
#7727=LINE('',#7726,#7725);
#7729=CURVE_STYLE('',#21,POSITIVE_LENGTH_MEASURE(2.E-2),#10);
#7730=PRESENTATION_STYLE_ASSIGNMENT((#7729));
#7731=STYLED_ITEM('',(#7730),#7728);
#7733=DIRECTION('',(1.E0,0.E0,0.E0));
#7734=VECTOR('',#7733,5.625E-1);
#7735=CARTESIAN_POINT('',(-1.833031935784E-1,7.301723254060E0,-3.E-2));
#7736=LINE('',#7735,#7734);
#7738=CURVE_STYLE('',#21,POSITIVE_LENGTH_MEASURE(2.E-2),#10);
#7739=PRESENTATION_STYLE_ASSIGNMENT((#7738));
#7740=STYLED_ITEM('',(#7739),#7737);
#7742=DIRECTION('',(0.E0,-1.E0,0.E0));
#7743=VECTOR('',#7742,5.106383264065E-1);
#7744=CARTESIAN_POINT('',(3.791968064216E-1,7.301723254060E0,-3.E-2));
#7745=LINE('',#7744,#7743);
#7747=CURVE_STYLE('',#21,POSITIVE_LENGTH_MEASURE(2.E-2),#10);
#7748=PRESENTATION_STYLE_ASSIGNMENT((#7747));
#7749=STYLED_ITEM('',(#7748),#7746);
#7751=DIRECTION('',(-3.102757862690E-1,-9.506465886201E-1,0.E0));
#7752=VECTOR('',#7751,2.014306274982E-1);
#7753=CARTESIAN_POINT('',(3.791968064216E-1,6.791084927653E0,-3.E-2));
#7754=LINE('',#7753,#7752);
#7756=CURVE_STYLE('',#21,POSITIVE_LENGTH_MEASURE(2.E-2),#10);
#7757=PRESENTATION_STYLE_ASSIGNMENT((#7756));
#7758=STYLED_ITEM('',(#7757),#7755);
#7760=DIRECTION('',(-8.265991871191E-1,-5.627910658975E-1,0.E0));
#7761=VECTOR('',#7760,2.268330321658E-1);
#7762=CARTESIAN_POINT('',(3.166977600959E-1,6.599595588779E0,-3.E-2));
#7763=LINE('',#7762,#7761);
#7765=CURVE_STYLE('',#21,POSITIVE_LENGTH_MEASURE(2.E-2),#10);
#7766=PRESENTATION_STYLE_ASSIGNMENT((#7765));
#7767=STYLED_ITEM('',(#7766),#7764);
#7769=DIRECTION('',(-9.689178307915E-1,-2.473827746112E-1,0.E0));
#7770=VECTOR('',#7769,2.580203077003E-1);
#7771=CARTESIAN_POINT('',(1.291977600959E-1,6.471935984825E0,-3.E-2));
#7772=LINE('',#7771,#7770);
#7774=CURVE_STYLE('',#21,POSITIVE_LENGTH_MEASURE(2.E-2),#10);
#7775=PRESENTATION_STYLE_ASSIGNMENT((#7774));
#7776=STYLED_ITEM('',(#7775),#7773);
#7778=DIRECTION('',(-1.E0,0.E0,0.E0));
#7779=VECTOR('',#7778,5.625E-1);
#7780=CARTESIAN_POINT('',(-1.208027167413E-1,6.408106205200E0,-3.E-2));
#7781=LINE('',#7780,#7779);
#7783=CURVE_STYLE('',#21,POSITIVE_LENGTH_MEASURE(2.E-2),#10);
#7784=PRESENTATION_STYLE_ASSIGNMENT((#7783));
#7785=STYLED_ITEM('',(#7784),#7782);
#7787=DIRECTION('',(-9.689178307915E-1,2.473827746112E-1,0.E0));
#7788=VECTOR('',#7787,2.580203077003E-1);
#7789=CARTESIAN_POINT('',(-6.833027167413E-1,6.408106205200E0,-3.E-2));
#7790=LINE('',#7789,#7788);
#7792=CURVE_STYLE('',#21,POSITIVE_LENGTH_MEASURE(2.E-2),#10);
#7793=PRESENTATION_STYLE_ASSIGNMENT((#7792));
#7794=STYLED_ITEM('',(#7793),#7791);
#7796=DIRECTION('',(-8.265991871191E-1,5.627910658975E-1,0.E0));
#7797=VECTOR('',#7796,2.268330321658E-1);
#7798=CARTESIAN_POINT('',(-9.333031935784E-1,6.471935984825E0,-3.E-2));
#7799=LINE('',#7798,#7797);
#7801=CURVE_STYLE('',#21,POSITIVE_LENGTH_MEASURE(2.E-2),#10);
#7802=PRESENTATION_STYLE_ASSIGNMENT((#7801));
#7803=STYLED_ITEM('',(#7802),#7800);
#7805=DIRECTION('',(-5.466210844748E-1,8.373800750004E-1,0.E0));
#7806=VECTOR('',#7805,2.286767318589E-1);
#7807=CARTESIAN_POINT('',(-1.120803193578E0,6.599595588779E0,-3.E-2));
#7808=LINE('',#7807,#7806);
#7810=CURVE_STYLE('',#21,POSITIVE_LENGTH_MEASURE(2.E-2),#10);
#7811=PRESENTATION_STYLE_ASSIGNMENT((#7810));
#7812=STYLED_ITEM('',(#7811),#7809);
#7814=DIRECTION('',(-2.377730639603E-1,9.713207349042E-1,0.E0));
#7815=VECTOR('',#7814,2.628576836928E-1);
#7816=CARTESIAN_POINT('',(-1.245802716741E0,6.791084927653E0,-3.E-2));
#7817=LINE('',#7816,#7815);
#7819=CURVE_STYLE('',#21,POSITIVE_LENGTH_MEASURE(2.E-2),#10);
#7820=PRESENTATION_STYLE_ASSIGNMENT((#7819));
#7821=STYLED_ITEM('',(#7820),#7818);
#7823=DIRECTION('',(0.E0,1.E0,0.E0));
#7824=VECTOR('',#7823,9.574467837811E-1);
#7825=CARTESIAN_POINT('',(-1.308303193578E0,7.046404046153E0,-3.E-2));
#7826=LINE('',#7825,#7824);
#7828=CURVE_STYLE('',#21,POSITIVE_LENGTH_MEASURE(2.E-2),#10);
#7829=PRESENTATION_STYLE_ASSIGNMENT((#7828));
#7830=STYLED_ITEM('',(#7829),#7827);
#7832=DIRECTION('',(2.377730639603E-1,9.713207349042E-1,0.E0));
#7833=VECTOR('',#7832,2.628576836928E-1);
#7834=CARTESIAN_POINT('',(-1.308303193578E0,8.003850829934E0,-3.E-2));
#7835=LINE('',#7834,#7833);
#7837=CURVE_STYLE('',#21,POSITIVE_LENGTH_MEASURE(2.E-2),#10);
#7838=PRESENTATION_STYLE_ASSIGNMENT((#7837));
#7839=STYLED_ITEM('',(#7838),#7836);
#7841=DIRECTION('',(5.466207265530E-1,8.373803086428E-1,0.E0));
#7842=VECTOR('',#7841,2.286768815941E-1);
#7843=CARTESIAN_POINT('',(-1.245802716741E0,8.259169948434E0,-3.E-2));
#7844=LINE('',#7843,#7842);
#7846=CURVE_STYLE('',#21,POSITIVE_LENGTH_MEASURE(2.E-2),#10);
#7847=PRESENTATION_STYLE_ASSIGNMENT((#7846));
#7848=STYLED_ITEM('',(#7847),#7845);
#7850=DIRECTION('',(8.265992787996E-1,5.627909312417E-1,0.E0));
#7851=VECTOR('',#7850,2.268330070071E-1);
#7852=CARTESIAN_POINT('',(-1.120803193578E0,8.450659466123E0,-3.E-2));
#7853=LINE('',#7852,#7851);
#7855=CURVE_STYLE('',#21,POSITIVE_LENGTH_MEASURE(2.E-2),#10);
#7856=PRESENTATION_STYLE_ASSIGNMENT((#7855));
#7857=STYLED_ITEM('',(#7856),#7854);
#7859=DIRECTION('',(9.689178307915E-1,2.473827746112E-1,0.E0));
#7860=VECTOR('',#7859,2.580203077003E-1);
#7861=CARTESIAN_POINT('',(-9.333031935784E-1,8.578319025373E0,-3.E-2));
#7862=LINE('',#7861,#7860);
#7864=CURVE_STYLE('',#21,POSITIVE_LENGTH_MEASURE(2.E-2),#10);
#7865=PRESENTATION_STYLE_ASSIGNMENT((#7864));
#7866=STYLED_ITEM('',(#7865),#7863);
#7868=DIRECTION('',(1.E0,0.E0,0.E0));
#7869=VECTOR('',#7868,5.625E-1);
#7870=CARTESIAN_POINT('',(-6.833027167413E-1,8.642148804998E0,-3.E-2));
#7871=LINE('',#7870,#7869);
#7873=CURVE_STYLE('',#21,POSITIVE_LENGTH_MEASURE(2.E-2),#10);
#7874=PRESENTATION_STYLE_ASSIGNMENT((#7873));
#7875=STYLED_ITEM('',(#7874),#7872);
#7877=DIRECTION('',(9.689178307915E-1,-2.473827746112E-1,0.E0));
#7878=VECTOR('',#7877,2.580203077003E-1);
#7879=CARTESIAN_POINT('',(-1.208027167413E-1,8.642148804998E0,-3.E-2));
#7880=LINE('',#7879,#7878);
#7882=CURVE_STYLE('',#21,POSITIVE_LENGTH_MEASURE(2.E-2),#10);
#7883=PRESENTATION_STYLE_ASSIGNMENT((#7882));
#7884=STYLED_ITEM('',(#7883),#7881);
#7886=DIRECTION('',(8.265992787996E-1,-5.627909312417E-1,0.E0));
#7887=VECTOR('',#7886,2.268330070071E-1);
#7888=CARTESIAN_POINT('',(1.291977600959E-1,8.578319025373E0,-3.E-2));
#7889=LINE('',#7888,#7887);
#7891=CURVE_STYLE('',#21,POSITIVE_LENGTH_MEASURE(2.E-2),#10);
#7892=PRESENTATION_STYLE_ASSIGNMENT((#7891));
#7893=STYLED_ITEM('',(#7892),#7890);
#7895=DIRECTION('',(3.102755244251E-1,-9.506466740818E-1,0.E0));
#7896=VECTOR('',#7895,2.014307974871E-1);
#7897=CARTESIAN_POINT('',(3.166977600959E-1,8.450659466123E0,-3.E-2));
#7898=LINE('',#7897,#7896);
#7900=CURVE_STYLE('',#21,POSITIVE_LENGTH_MEASURE(2.E-2),#10);
#7901=PRESENTATION_STYLE_ASSIGNMENT((#7900));
#7902=STYLED_ITEM('',(#7901),#7899);
#7904=DIRECTION('',(1.E0,0.E0,0.E0));
#7905=VECTOR('',#7904,3.75E-1);
#7906=CARTESIAN_POINT('',(3.791968064216E-1,8.259169948434E0,-3.E-2));
#7907=LINE('',#7906,#7905);
#7909=CURVE_STYLE('',#21,POSITIVE_LENGTH_MEASURE(2.E-2),#10);
#7910=PRESENTATION_STYLE_ASSIGNMENT((#7909));
#7911=STYLED_ITEM('',(#7910),#7908);
#7913=DIRECTION('',(-1.921799255453E-1,9.813597078632E-1,0.E0));
#7914=VECTOR('',#7913,3.252111069788E-1);
#7915=CARTESIAN_POINT('',(7.541968064216E-1,8.259169948434E0,-3.E-2));
#7916=LINE('',#7915,#7914);
#7918=CURVE_STYLE('',#21,POSITIVE_LENGTH_MEASURE(2.E-2),#10);
#7919=PRESENTATION_STYLE_ASSIGNMENT((#7918));
#7920=STYLED_ITEM('',(#7919),#7917);
#7922=DIRECTION('',(-6.996255164452E-1,7.145097177357E-1,0.E0));
#7923=VECTOR('',#7922,3.573347040105E-1);
#7924=CARTESIAN_POINT('',(6.916977600959E-1,8.578319025373E0,-3.E-2));
#7925=LINE('',#7924,#7923);
#7927=CURVE_STYLE('',#21,POSITIVE_LENGTH_MEASURE(2.E-2),#10);
#7928=PRESENTATION_STYLE_ASSIGNMENT((#7927));
#7929=STYLED_ITEM('',(#7928),#7926);
#7931=DIRECTION('',(-8.906056381928E-1,4.547764255314E-1,0.E0));
#7932=VECTOR('',#7931,2.807083922626E-1);
#7933=CARTESIAN_POINT('',(4.416972832587E-1,8.833638143872E0,-3.E-2));
#7934=LINE('',#7933,#7932);
#7936=CURVE_STYLE('',#21,POSITIVE_LENGTH_MEASURE(2.E-2),#10);
#7937=PRESENTATION_STYLE_ASSIGNMENT((#7936));
#7938=STYLED_ITEM('',(#7937),#7935);
#7940=DIRECTION('',(-9.797706494039E-1,2.001236481946E-1,0.E0));
#7941=VECTOR('',#7940,3.189517091097E-1);
#7942=CARTESIAN_POINT('',(1.916968064216E-1,8.961297703122E0,-3.E-2));
#7943=LINE('',#7942,#7941);
#7945=CURVE_STYLE('',#21,POSITIVE_LENGTH_MEASURE(2.E-2),#10);
#7946=PRESENTATION_STYLE_ASSIGNMENT((#7945));
#7947=STYLED_ITEM('',(#7946),#7944);
#7949=DIRECTION('',(-1.E0,0.E0,0.E0));
#7950=VECTOR('',#7949,5.625E-1);
#7951=CARTESIAN_POINT('',(-1.208027167413E-1,9.025127482747E0,-3.E-2));
#7952=LINE('',#7951,#7950);
#7954=CURVE_STYLE('',#21,POSITIVE_LENGTH_MEASURE(2.E-2),#10);
#7955=PRESENTATION_STYLE_ASSIGNMENT((#7954));
#7956=STYLED_ITEM('',(#7955),#7953);
#7958=DIRECTION('',(-9.797706494039E-1,-2.001236481946E-1,0.E0));
#7959=VECTOR('',#7958,3.189517091097E-1);
#7960=CARTESIAN_POINT('',(-6.833027167413E-1,9.025127482747E0,-3.E-2));
#7961=LINE('',#7960,#7959);
#7963=CURVE_STYLE('',#21,POSITIVE_LENGTH_MEASURE(2.E-2),#10);
#7964=PRESENTATION_STYLE_ASSIGNMENT((#7963));
#7965=STYLED_ITEM('',(#7964),#7962);
#7967=DIRECTION('',(-8.906056381928E-1,-4.547764255314E-1,0.E0));
#7968=VECTOR('',#7967,2.807083922626E-1);
#7969=CARTESIAN_POINT('',(-9.958022399041E-1,8.961297703122E0,-3.E-2));
#7970=LINE('',#7969,#7968);
#7972=CURVE_STYLE('',#21,POSITIVE_LENGTH_MEASURE(2.E-2),#10);
#7973=PRESENTATION_STYLE_ASSIGNMENT((#7972));
#7974=STYLED_ITEM('',(#7973),#7971);
#7976=DIRECTION('',(-6.996255164452E-1,-7.145097177357E-1,0.E0));
#7977=VECTOR('',#7976,3.573347040105E-1);
#7978=CARTESIAN_POINT('',(-1.245802716741E0,8.833638143872E0,-3.E-2));
#7979=LINE('',#7978,#7977);
#7981=CURVE_STYLE('',#21,POSITIVE_LENGTH_MEASURE(2.E-2),#10);
#7982=PRESENTATION_STYLE_ASSIGNMENT((#7981));
#7983=STYLED_ITEM('',(#7982),#7980);
#7985=DIRECTION('',(-4.397121427660E-1,-8.981387596046E-1,0.E0));
#7986=VECTOR('',#7985,2.842758045674E-1);
#7987=CARTESIAN_POINT('',(-1.495803193578E0,8.578319025373E0,-3.E-2));
#7988=LINE('',#7987,#7986);
#7990=CURVE_STYLE('',#21,POSITIVE_LENGTH_MEASURE(2.E-2),#10);
#7991=PRESENTATION_STYLE_ASSIGNMENT((#7990));
#7992=STYLED_ITEM('',(#7991),#7989);
#7994=DIRECTION('',(-1.921841617981E-1,-9.813588782673E-1,0.E0));
#7995=VECTOR('',#7994,3.252113818975E-1);
#7996=CARTESIAN_POINT('',(-1.620802716741E0,8.322999906873E0,-3.E-2));
#7997=LINE('',#7996,#7995);
#7999=CURVE_STYLE('',#21,POSITIVE_LENGTH_MEASURE(2.E-2),#10);
#8000=PRESENTATION_STYLE_ASSIGNMENT((#7999));
#8001=STYLED_ITEM('',(#8000),#7998);
#8003=DIRECTION('',(0.E0,-1.E0,0.E0));
#8004=VECTOR('',#8003,9.574467837811E-1);
#8005=CARTESIAN_POINT('',(-1.683303193578E0,8.003850829934E0,-3.E-2));
#8006=LINE('',#8005,#8004);
#8008=CURVE_STYLE('',#21,POSITIVE_LENGTH_MEASURE(2.E-2),#10);
#8009=PRESENTATION_STYLE_ASSIGNMENT((#8008));
#8010=STYLED_ITEM('',(#8009),#8007);
#8012=DIRECTION('',(1.921842654987E-1,-9.813588579591E-1,0.E0));
#8013=VECTOR('',#8012,3.252112064168E-1);
#8014=CARTESIAN_POINT('',(-1.683303193578E0,7.046404046153E0,-3.E-2));
#8015=LINE('',#8014,#8013);
#8017=CURVE_STYLE('',#21,POSITIVE_LENGTH_MEASURE(2.E-2),#10);
#8018=PRESENTATION_STYLE_ASSIGNMENT((#8017));
#8019=STYLED_ITEM('',(#8018),#8016);
#8021=DIRECTION('',(4.397120806629E-1,-8.981387900092E-1,0.E0));
#8022=VECTOR('',#8021,2.842758447173E-1);
#8023=CARTESIAN_POINT('',(-1.620802716741E0,6.727255148028E0,-3.E-2));
#8024=LINE('',#8023,#8022);
#8026=CURVE_STYLE('',#21,POSITIVE_LENGTH_MEASURE(2.E-2),#10);
#8027=PRESENTATION_STYLE_ASSIGNMENT((#8026));
#8028=STYLED_ITEM('',(#8027),#8025);
#8030=DIRECTION('',(6.996254851765E-1,-7.145097483531E-1,0.E0));
#8031=VECTOR('',#8030,3.573347199811E-1);
#8032=CARTESIAN_POINT('',(-1.495803193578E0,6.471935984825E0,-3.E-2));
#8033=LINE('',#8032,#8031);
#8035=CURVE_STYLE('',#21,POSITIVE_LENGTH_MEASURE(2.E-2),#10);
#8036=PRESENTATION_STYLE_ASSIGNMENT((#8035));
#8037=STYLED_ITEM('',(#8036),#8034);
#8039=DIRECTION('',(8.906056140048E-1,-4.547764728998E-1,0.E0));
#8040=VECTOR('',#8039,2.807083998864E-1);
#8041=CARTESIAN_POINT('',(-1.245802716741E0,6.216616843974E0,-3.E-2));
#8042=LINE('',#8041,#8040);
#8044=CURVE_STYLE('',#21,POSITIVE_LENGTH_MEASURE(2.E-2),#10);
#8045=PRESENTATION_STYLE_ASSIGNMENT((#8044));
#8046=STYLED_ITEM('',(#8045),#8043);
#8048=DIRECTION('',(9.797706459687E-1,-2.001236650127E-1,0.E0));
#8049=VECTOR('',#8048,3.189517102279E-1);
#8050=CARTESIAN_POINT('',(-9.958022399041E-1,6.088957267960E0,-3.E-2));
#8051=LINE('',#8050,#8049);
#8053=CURVE_STYLE('',#21,POSITIVE_LENGTH_MEASURE(2.E-2),#10);
#8054=PRESENTATION_STYLE_ASSIGNMENT((#8053));
#8055=STYLED_ITEM('',(#8054),#8052);
#8057=DIRECTION('',(1.E0,0.E0,0.E0));
#8058=VECTOR('',#8057,5.625E-1);
#8059=CARTESIAN_POINT('',(-6.833027167413E-1,6.025127482747E0,-3.E-2));
#8060=LINE('',#8059,#8058);
#8062=CURVE_STYLE('',#21,POSITIVE_LENGTH_MEASURE(2.E-2),#10);
#8063=PRESENTATION_STYLE_ASSIGNMENT((#8062));
#8064=STYLED_ITEM('',(#8063),#8061);
#8066=DIRECTION('',(9.797706459687E-1,2.001236650127E-1,0.E0));
#8067=VECTOR('',#8066,3.189517102279E-1);
#8068=CARTESIAN_POINT('',(-1.208027167413E-1,6.025127482747E0,-3.E-2));
#8069=LINE('',#8068,#8067);
#8071=CURVE_STYLE('',#21,POSITIVE_LENGTH_MEASURE(2.E-2),#10);
#8072=PRESENTATION_STYLE_ASSIGNMENT((#8071));
#8073=STYLED_ITEM('',(#8072),#8070);
#8075=DIRECTION('',(8.906056140048E-1,4.547764728998E-1,0.E0));
#8076=VECTOR('',#8075,2.807083998864E-1);
#8077=CARTESIAN_POINT('',(1.916968064216E-1,6.088957267960E0,-3.E-2));
#8078=LINE('',#8077,#8076);
#8080=CURVE_STYLE('',#21,POSITIVE_LENGTH_MEASURE(2.E-2),#10);
#8081=PRESENTATION_STYLE_ASSIGNMENT((#8080));
#8082=STYLED_ITEM('',(#8081),#8079);
#8084=DIRECTION('',(6.996254851765E-1,7.145097483531E-1,0.E0));
#8085=VECTOR('',#8084,3.573347199811E-1);
#8086=CARTESIAN_POINT('',(4.416972832587E-1,6.216616843974E0,-3.E-2));
#8087=LINE('',#8086,#8085);
#8089=CURVE_STYLE('',#21,POSITIVE_LENGTH_MEASURE(2.E-2),#10);
#8090=PRESENTATION_STYLE_ASSIGNMENT((#8089));
#8091=STYLED_ITEM('',(#8090),#8088);
#8093=DIRECTION('',(2.377678901991E-1,9.713220013931E-1,0.E0));
#8094=VECTOR('',#8093,2.628573869809E-1);
#8095=CARTESIAN_POINT('',(6.916977600959E-1,6.471935984825E0,-3.E-2));
#8096=LINE('',#8095,#8094);
#8098=CURVE_STYLE('',#21,POSITIVE_LENGTH_MEASURE(2.E-2),#10);
#8099=PRESENTATION_STYLE_ASSIGNMENT((#8098));
#8100=STYLED_ITEM('',(#8099),#8097);
#8103=DIRECTION('',(8.906066921644E-1,4.547743614938E-1,0.E0));
#8104=VECTOR('',#8103,1.403548331425E-1);
#8105=CARTESIAN_POINT('',(3.191696806422E0,7.557042372560E0,-3.E-2));
#8106=LINE('',#8105,#8104);
#8108=CURVE_STYLE('',#21,POSITIVE_LENGTH_MEASURE(2.E-2),#10);
#8109=PRESENTATION_STYLE_ASSIGNMENT((#8108));
#8110=STYLED_ITEM('',(#8109),#8107);
#8112=DIRECTION('',(5.919095487496E-1,8.060043958311E-1,0.E0));
#8113=VECTOR('',#8112,3.167713722411E-1);
#8114=CARTESIAN_POINT('',(3.316697760096E0,7.620872152185E0,-3.E-2));
#8115=LINE('',#8114,#8113);
#8117=CURVE_STYLE('',#21,POSITIVE_LENGTH_MEASURE(2.E-2),#10);
#8118=PRESENTATION_STYLE_ASSIGNMENT((#8117));
#8119=STYLED_ITEM('',(#8118),#8116);
#8121=DIRECTION('',(3.102757862690E-1,9.506465886201E-1,0.E0));
#8122=VECTOR('',#8121,2.014306274982E-1);
#8123=CARTESIAN_POINT('',(3.504197760096E0,7.876191270684E0,-3.E-2));
#8124=LINE('',#8123,#8122);
#8126=CURVE_STYLE('',#21,POSITIVE_LENGTH_MEASURE(2.E-2),#10);
#8127=PRESENTATION_STYLE_ASSIGNMENT((#8126));
#8128=STYLED_ITEM('',(#8127),#8125);
#8130=DIRECTION('',(0.E0,1.E0,0.E0));
#8131=VECTOR('',#8130,2.553192973137E-1);
#8132=CARTESIAN_POINT('',(3.566696806422E0,8.067680609559E0,-3.E-2));
#8133=LINE('',#8132,#8131);
#8135=CURVE_STYLE('',#21,POSITIVE_LENGTH_MEASURE(2.E-2),#10);
#8136=PRESENTATION_STYLE_ASSIGNMENT((#8135));
#8137=STYLED_ITEM('',(#8136),#8134);
#8139=DIRECTION('',(-3.102757862690E-1,9.506465886201E-1,0.E0));
#8140=VECTOR('',#8139,2.014306274982E-1);
#8141=CARTESIAN_POINT('',(3.566696806422E0,8.322999906873E0,-3.E-2));
#8142=LINE('',#8141,#8140);
#8144=CURVE_STYLE('',#21,POSITIVE_LENGTH_MEASURE(2.E-2),#10);
#8145=PRESENTATION_STYLE_ASSIGNMENT((#8144));
#8146=STYLED_ITEM('',(#8145),#8143);
#8148=DIRECTION('',(-5.919095487496E-1,8.060043958311E-1,0.E0));
#8149=VECTOR('',#8148,3.167713722411E-1);
#8150=CARTESIAN_POINT('',(3.504197760096E0,8.514489245748E0,-3.E-2));
#8151=LINE('',#8150,#8149);
#8153=CURVE_STYLE('',#21,POSITIVE_LENGTH_MEASURE(2.E-2),#10);
#8154=PRESENTATION_STYLE_ASSIGNMENT((#8153));
#8155=STYLED_ITEM('',(#8154),#8152);
#8157=DIRECTION('',(-7.938787408812E-1,6.080761011394E-1,0.E0));
#8158=VECTOR('',#8157,3.149101543639E-1);
#8159=CARTESIAN_POINT('',(3.316697760096E0,8.769808364247E0,-3.E-2));
#8160=LINE('',#8159,#8158);
#8162=CURVE_STYLE('',#21,POSITIVE_LENGTH_MEASURE(2.E-2),#10);
#8163=PRESENTATION_STYLE_ASSIGNMENT((#8162));
#8164=STYLED_ITEM('',(#8163),#8161);
#8166=DIRECTION('',(-9.797706494039E-1,2.001236481946E-1,0.E0));
#8167=VECTOR('',#8166,3.189517091097E-1);
#8168=CARTESIAN_POINT('',(3.066697283259E0,8.961297703122E0,-3.E-2));
#8169=LINE('',#8168,#8167);
#8171=CURVE_STYLE('',#21,POSITIVE_LENGTH_MEASURE(2.E-2),#10);
#8172=PRESENTATION_STYLE_ASSIGNMENT((#8171));
#8173=STYLED_ITEM('',(#8172),#8170);
#8175=DIRECTION('',(-1.E0,0.E0,0.E0));
#8176=VECTOR('',#8175,1.5E0);
#8177=CARTESIAN_POINT('',(2.754197760096E0,9.025127482747E0,-3.E-2));
#8178=LINE('',#8177,#8176);
#8180=CURVE_STYLE('',#21,POSITIVE_LENGTH_MEASURE(2.E-2),#10);
#8181=PRESENTATION_STYLE_ASSIGNMENT((#8180));
#8182=STYLED_ITEM('',(#8181),#8179);
#8184=DIRECTION('',(0.E0,-1.E0,0.E0));
#8185=VECTOR('',#8184,3.E0);
#8186=CARTESIAN_POINT('',(1.254197760096E0,9.025127482747E0,-3.E-2));
#8187=LINE('',#8186,#8185);
#8189=CURVE_STYLE('',#21,POSITIVE_LENGTH_MEASURE(2.E-2),#10);
#8190=PRESENTATION_STYLE_ASSIGNMENT((#8189));
#8191=STYLED_ITEM('',(#8190),#8188);
#8193=DIRECTION('',(1.E0,0.E0,0.E0));
#8194=VECTOR('',#8193,1.5E0);
#8195=CARTESIAN_POINT('',(1.254197760096E0,6.025127482747E0,-3.E-2));
#8196=LINE('',#8195,#8194);
#8198=CURVE_STYLE('',#21,POSITIVE_LENGTH_MEASURE(2.E-2),#10);
#8199=PRESENTATION_STYLE_ASSIGNMENT((#8198));
#8200=STYLED_ITEM('',(#8199),#8197);
#8202=DIRECTION('',(9.797706459687E-1,2.001236650127E-1,0.E0));
#8203=VECTOR('',#8202,3.189517102279E-1);
#8204=CARTESIAN_POINT('',(2.754197760096E0,6.025127482747E0,-3.E-2));
#8205=LINE('',#8204,#8203);
#8207=CURVE_STYLE('',#21,POSITIVE_LENGTH_MEASURE(2.E-2),#10);
#8208=PRESENTATION_STYLE_ASSIGNMENT((#8207));
#8209=STYLED_ITEM('',(#8208),#8206);
#8211=DIRECTION('',(7.938787151833E-1,6.080761346895E-1,0.E0));
#8212=VECTOR('',#8211,3.149101645576E-1);
#8213=CARTESIAN_POINT('',(3.066697283259E0,6.088957267960E0,-3.E-2));
#8214=LINE('',#8213,#8212);
#8216=CURVE_STYLE('',#21,POSITIVE_LENGTH_MEASURE(2.E-2),#10);
#8217=PRESENTATION_STYLE_ASSIGNMENT((#8216));
#8218=STYLED_ITEM('',(#8217),#8215);
#8220=DIRECTION('',(5.919095150862E-1,8.060044205527E-1,0.E0));
#8221=VECTOR('',#8220,3.167713902567E-1);
#8222=CARTESIAN_POINT('',(3.316697760096E0,6.280446623599E0,-3.E-2));
#8223=LINE('',#8222,#8221);
#8225=CURVE_STYLE('',#21,POSITIVE_LENGTH_MEASURE(2.E-2),#10);
#8226=PRESENTATION_STYLE_ASSIGNMENT((#8225));
#8227=STYLED_ITEM('',(#8226),#8224);
#8229=DIRECTION('',(3.102757208080E-1,9.506466099856E-1,0.E0));
#8230=VECTOR('',#8229,2.014306699955E-1);
#8231=CARTESIAN_POINT('',(3.504197760096E0,6.535765764450E0,-3.E-2));
#8232=LINE('',#8231,#8230);
#8234=CURVE_STYLE('',#21,POSITIVE_LENGTH_MEASURE(2.E-2),#10);
#8235=PRESENTATION_STYLE_ASSIGNMENT((#8234));
#8236=STYLED_ITEM('',(#8235),#8233);
#8238=DIRECTION('',(0.E0,1.E0,0.E0));
#8239=VECTOR('',#8238,3.191488981247E-1);
#8240=CARTESIAN_POINT('',(3.566696806422E0,6.727255148028E0,-3.E-2));
#8241=LINE('',#8240,#8239);
#8243=CURVE_STYLE('',#21,POSITIVE_LENGTH_MEASURE(2.E-2),#10);
#8244=PRESENTATION_STYLE_ASSIGNMENT((#8243));
#8245=STYLED_ITEM('',(#8244),#8242);
#8247=DIRECTION('',(-3.102756553470E-1,9.506466313510E-1,0.E0));
#8248=VECTOR('',#8247,2.014307124927E-1);
#8249=CARTESIAN_POINT('',(3.566696806422E0,7.046404046153E0,-3.E-2));
#8250=LINE('',#8249,#8248);
#8252=CURVE_STYLE('',#21,POSITIVE_LENGTH_MEASURE(2.E-2),#10);
#8253=PRESENTATION_STYLE_ASSIGNMENT((#8252));
#8254=STYLED_ITEM('',(#8253),#8251);
#8256=DIRECTION('',(-5.919095487496E-1,8.060043958311E-1,0.E0));
#8257=VECTOR('',#8256,3.167713722411E-1);
#8258=CARTESIAN_POINT('',(3.504197760096E0,7.237893474435E0,-3.E-2));
#8259=LINE('',#8258,#8257);
#8261=CURVE_STYLE('',#21,POSITIVE_LENGTH_MEASURE(2.E-2),#10);
#8262=PRESENTATION_STYLE_ASSIGNMENT((#8261));
#8263=STYLED_ITEM('',(#8262),#8260);
#8265=DIRECTION('',(-8.906066921644E-1,4.547743614938E-1,0.E0));
#8266=VECTOR('',#8265,1.403548331425E-1);
#8267=CARTESIAN_POINT('',(3.316697760096E0,7.493212592935E0,-3.E-2));
#8268=LINE('',#8267,#8266);
#8270=CURVE_STYLE('',#21,POSITIVE_LENGTH_MEASURE(2.E-2),#10);
#8271=PRESENTATION_STYLE_ASSIGNMENT((#8270));
#8272=STYLED_ITEM('',(#8271),#8269);
#8275=DIRECTION('',(1.E0,0.E0,0.E0));
#8276=VECTOR('',#8275,1.187499046326E0);
#8277=CARTESIAN_POINT('',(1.629197760096E0,8.642148804998E0,-3.E-2));
#8278=LINE('',#8277,#8276);
#8280=CURVE_STYLE('',#21,POSITIVE_LENGTH_MEASURE(2.E-2),#10);
#8281=PRESENTATION_STYLE_ASSIGNMENT((#8280));
#8282=STYLED_ITEM('',(#8281),#8279);
#8284=DIRECTION('',(9.466499177700E-1,-3.222637633772E-1,0.E0));
#8285=VECTOR('',#8284,1.980668845793E-1);
#8286=CARTESIAN_POINT('',(2.816696806422E0,8.642148804998E0,-3.E-2));
#8287=LINE('',#8286,#8285);
#8289=CURVE_STYLE('',#21,POSITIVE_LENGTH_MEASURE(2.E-2),#10);
#8290=PRESENTATION_STYLE_ASSIGNMENT((#8289));
#8291=STYLED_ITEM('',(#8290),#8288);
#8293=DIRECTION('',(6.996275602085E-1,-7.145077165410E-1,0.E0));
#8294=VECTOR('',#8293,1.786678524172E-1);
#8295=CARTESIAN_POINT('',(3.004196806422E0,8.578319025373E0,-3.E-2));
#8296=LINE('',#8295,#8294);
#8298=CURVE_STYLE('',#21,POSITIVE_LENGTH_MEASURE(2.E-2),#10);
#8299=PRESENTATION_STYLE_ASSIGNMENT((#8298));
#8300=STYLED_ITEM('',(#8299),#8297);
#8302=DIRECTION('',(3.102755244251E-1,-9.506466740818E-1,0.E0));
#8303=VECTOR('',#8302,2.014307974871E-1);
#8304=CARTESIAN_POINT('',(3.129197760096E0,8.450659466123E0,-3.E-2));
#8305=LINE('',#8304,#8303);
#8307=CURVE_STYLE('',#21,POSITIVE_LENGTH_MEASURE(2.E-2),#10);
#8308=PRESENTATION_STYLE_ASSIGNMENT((#8307));
#8309=STYLED_ITEM('',(#8308),#8306);
#8311=DIRECTION('',(0.E0,-1.E0,0.E0));
#8312=VECTOR('',#8311,1.276595592499E-1);
#8313=CARTESIAN_POINT('',(3.191696806422E0,8.259169948434E0,-3.E-2));
#8314=LINE('',#8313,#8312);
#8316=CURVE_STYLE('',#21,POSITIVE_LENGTH_MEASURE(2.E-2),#10);
#8317=PRESENTATION_STYLE_ASSIGNMENT((#8316));
#8318=STYLED_ITEM('',(#8317),#8315);
#8320=DIRECTION('',(-3.102757862690E-1,-9.506465886201E-1,0.E0));
#8321=VECTOR('',#8320,2.014306274982E-1);
#8322=CARTESIAN_POINT('',(3.191696806422E0,8.131510389184E0,-3.E-2));
#8323=LINE('',#8322,#8321);
#8325=CURVE_STYLE('',#21,POSITIVE_LENGTH_MEASURE(2.E-2),#10);
#8326=PRESENTATION_STYLE_ASSIGNMENT((#8325));
#8327=STYLED_ITEM('',(#8326),#8324);
#8329=DIRECTION('',(-6.996275602085E-1,-7.145077165410E-1,0.E0));
#8330=VECTOR('',#8329,1.786678524172E-1);
#8331=CARTESIAN_POINT('',(3.129197760096E0,7.940021050309E0,-3.E-2));
#8332=LINE('',#8331,#8330);
#8334=CURVE_STYLE('',#21,POSITIVE_LENGTH_MEASURE(2.E-2),#10);
#8335=PRESENTATION_STYLE_ASSIGNMENT((#8334));
#8336=STYLED_ITEM('',(#8335),#8333);
#8338=DIRECTION('',(-9.466499177700E-1,-3.222637633772E-1,0.E0));
#8339=VECTOR('',#8338,1.980668845793E-1);
#8340=CARTESIAN_POINT('',(3.004196806422E0,7.812361491059E0,-3.E-2));
#8341=LINE('',#8340,#8339);
#8343=CURVE_STYLE('',#21,POSITIVE_LENGTH_MEASURE(2.E-2),#10);
#8344=PRESENTATION_STYLE_ASSIGNMENT((#8343));
#8345=STYLED_ITEM('',(#8344),#8342);
#8347=DIRECTION('',(-1.E0,0.E0,0.E0));
#8348=VECTOR('',#8347,1.187499046326E0);
#8349=CARTESIAN_POINT('',(2.816696806422E0,7.748531711434E0,-3.E-2));
#8350=LINE('',#8349,#8348);
#8352=CURVE_STYLE('',#21,POSITIVE_LENGTH_MEASURE(2.E-2),#10);
#8353=PRESENTATION_STYLE_ASSIGNMENT((#8352));
#8354=STYLED_ITEM('',(#8353),#8351);
#8356=DIRECTION('',(0.E0,1.E0,0.E0));
#8357=VECTOR('',#8356,8.936170935631E-1);
#8358=CARTESIAN_POINT('',(1.629197760096E0,7.748531711434E0,-3.E-2));
#8359=LINE('',#8358,#8357);
#8361=CURVE_STYLE('',#21,POSITIVE_LENGTH_MEASURE(2.E-2),#10);
#8362=PRESENTATION_STYLE_ASSIGNMENT((#8361));
#8363=STYLED_ITEM('',(#8362),#8360);
#8366=DIRECTION('',(0.E0,-1.E0,0.E0));
#8367=VECTOR('',#8366,1.914893388748E-1);
#8368=CARTESIAN_POINT('',(3.191696806422E0,6.982574266528E0,-3.E-2));
#8369=LINE('',#8368,#8367);
#8371=CURVE_STYLE('',#21,POSITIVE_LENGTH_MEASURE(2.E-2),#10);
#8372=PRESENTATION_STYLE_ASSIGNMENT((#8371));
#8373=STYLED_ITEM('',(#8372),#8370);
#8375=DIRECTION('',(-3.102757862690E-1,-9.506465886201E-1,0.E0));
#8376=VECTOR('',#8375,2.014306274982E-1);
#8377=CARTESIAN_POINT('',(3.191696806422E0,6.791084927653E0,-3.E-2));
#8378=LINE('',#8377,#8376);
#8380=CURVE_STYLE('',#21,POSITIVE_LENGTH_MEASURE(2.E-2),#10);
#8381=PRESENTATION_STYLE_ASSIGNMENT((#8380));
#8382=STYLED_ITEM('',(#8381),#8379);
#8384=DIRECTION('',(-6.996274351340E-1,-7.145078390107E-1,0.E0));
#8385=VECTOR('',#8384,1.786678843582E-1);
#8386=CARTESIAN_POINT('',(3.129197760096E0,6.599595588779E0,-3.E-2));
#8387=LINE('',#8386,#8385);
#8389=CURVE_STYLE('',#21,POSITIVE_LENGTH_MEASURE(2.E-2),#10);
#8390=PRESENTATION_STYLE_ASSIGNMENT((#8389));
#8391=STYLED_ITEM('',(#8390),#8388);
#8393=DIRECTION('',(-9.466499177700E-1,-3.222637633772E-1,0.E0));
#8394=VECTOR('',#8393,1.980668845793E-1);
#8395=CARTESIAN_POINT('',(3.004196806422E0,6.471935984825E0,-3.E-2));
#8396=LINE('',#8395,#8394);
#8398=CURVE_STYLE('',#21,POSITIVE_LENGTH_MEASURE(2.E-2),#10);
#8399=PRESENTATION_STYLE_ASSIGNMENT((#8398));
#8400=STYLED_ITEM('',(#8399),#8397);
#8402=DIRECTION('',(-1.E0,0.E0,0.E0));
#8403=VECTOR('',#8402,1.187499046326E0);
#8404=CARTESIAN_POINT('',(2.816696806422E0,6.408106205200E0,-3.E-2));
#8405=LINE('',#8404,#8403);
#8407=CURVE_STYLE('',#21,POSITIVE_LENGTH_MEASURE(2.E-2),#10);
#8408=PRESENTATION_STYLE_ASSIGNMENT((#8407));
#8409=STYLED_ITEM('',(#8408),#8406);
#8411=DIRECTION('',(0.E0,1.E0,0.E0));
#8412=VECTOR('',#8411,9.574468284845E-1);
#8413=CARTESIAN_POINT('',(1.629197760096E0,6.408106205200E0,-3.E-2));
#8414=LINE('',#8413,#8412);
#8416=CURVE_STYLE('',#21,POSITIVE_LENGTH_MEASURE(2.E-2),#10);
#8417=PRESENTATION_STYLE_ASSIGNMENT((#8416));
#8418=STYLED_ITEM('',(#8417),#8415);
#8420=DIRECTION('',(1.E0,0.E0,0.E0));
#8421=VECTOR('',#8420,1.187499046326E0);
#8422=CARTESIAN_POINT('',(1.629197760096E0,7.365553033685E0,-3.E-2));
#8423=LINE('',#8422,#8421);
#8425=CURVE_STYLE('',#21,POSITIVE_LENGTH_MEASURE(2.E-2),#10);
#8426=PRESENTATION_STYLE_ASSIGNMENT((#8425));
#8427=STYLED_ITEM('',(#8426),#8424);
#8429=DIRECTION('',(9.466499177700E-1,-3.222637633772E-1,0.E0));
#8430=VECTOR('',#8429,1.980668845793E-1);
#8431=CARTESIAN_POINT('',(2.816696806422E0,7.365553033685E0,-3.E-2));
#8432=LINE('',#8431,#8430);
#8434=CURVE_STYLE('',#21,POSITIVE_LENGTH_MEASURE(2.E-2),#10);
#8435=PRESENTATION_STYLE_ASSIGNMENT((#8434));
#8436=STYLED_ITEM('',(#8435),#8433);
#8438=DIRECTION('',(6.996275602085E-1,-7.145077165410E-1,0.E0));
#8439=VECTOR('',#8438,1.786678524172E-1);
#8440=CARTESIAN_POINT('',(3.004196806422E0,7.301723254060E0,-3.E-2));
#8441=LINE('',#8440,#8439);
#8443=CURVE_STYLE('',#21,POSITIVE_LENGTH_MEASURE(2.E-2),#10);
#8444=PRESENTATION_STYLE_ASSIGNMENT((#8443));
#8445=STYLED_ITEM('',(#8444),#8442);
#8447=DIRECTION('',(3.102756553470E-1,-9.506466313510E-1,0.E0));
#8448=VECTOR('',#8447,2.014307124927E-1);
#8449=CARTESIAN_POINT('',(3.129197760096E0,7.174063694810E0,-3.E-2));
#8450=LINE('',#8449,#8448);
#8452=CURVE_STYLE('',#21,POSITIVE_LENGTH_MEASURE(2.E-2),#10);
#8453=PRESENTATION_STYLE_ASSIGNMENT((#8452));
#8454=STYLED_ITEM('',(#8453),#8451);
#8457=DIRECTION('',(1.E0,0.E0,0.E0));
#8458=VECTOR('',#8457,3.75E-1);
#8459=CARTESIAN_POINT('',(6.191696806422E0,6.025127482747E0,-3.E-2));
#8460=LINE('',#8459,#8458);
#8462=CURVE_STYLE('',#21,POSITIVE_LENGTH_MEASURE(2.E-2),#10);
#8463=PRESENTATION_STYLE_ASSIGNMENT((#8462));
#8464=STYLED_ITEM('',(#8463),#8461);
#8466=DIRECTION('',(-5.699143233071E-1,8.217041219864E-1,0.E0));
#8467=VECTOR('',#8466,1.864314476249E0);
#8468=CARTESIAN_POINT('',(6.566696806422E0,6.025127482747E0,-3.E-2));
#8469=LINE('',#8468,#8467);
#8471=CURVE_STYLE('',#21,POSITIVE_LENGTH_MEASURE(2.E-2),#10);
#8472=PRESENTATION_STYLE_ASSIGNMENT((#8471));
#8473=STYLED_ITEM('',(#8472),#8470);
#8475=DIRECTION('',(5.862938322918E-1,8.100984768635E-1,0.E0));
#8476=VECTOR('',#8475,1.812230428912E0);
#8477=CARTESIAN_POINT('',(5.504197283259E0,7.557042372560E0,-3.E-2));
#8478=LINE('',#8477,#8476);
#8480=CURVE_STYLE('',#21,POSITIVE_LENGTH_MEASURE(2.E-2),#10);
#8481=PRESENTATION_STYLE_ASSIGNMENT((#8480));
#8482=STYLED_ITEM('',(#8481),#8479);
#8484=DIRECTION('',(-1.E0,0.E0,0.E0));
#8485=VECTOR('',#8484,3.75E-1);
#8486=CARTESIAN_POINT('',(6.566696806422E0,9.025127482747E0,-3.E-2));
#8487=LINE('',#8486,#8485);
#8489=CURVE_STYLE('',#21,POSITIVE_LENGTH_MEASURE(2.E-2),#10);
#8490=PRESENTATION_STYLE_ASSIGNMENT((#8489));
#8491=STYLED_ITEM('',(#8490),#8488);
#8493=DIRECTION('',(-5.851006721755E-1,-8.109606669992E-1,0.E0));
#8494=VECTOR('',#8493,1.495468326689E0);
#8495=CARTESIAN_POINT('',(6.191696806422E0,9.025127482747E0,-3.E-2));
#8496=LINE('',#8495,#8494);
#8498=CURVE_STYLE('',#21,POSITIVE_LENGTH_MEASURE(2.E-2),#10);
#8499=PRESENTATION_STYLE_ASSIGNMENT((#8498));
#8500=STYLED_ITEM('',(#8499),#8497);
#8502=DIRECTION('',(-5.851006721755E-1,8.109606669992E-1,0.E0));
#8503=VECTOR('',#8502,1.495468326689E0);
#8504=CARTESIAN_POINT('',(5.316697283259E0,7.812361491059E0,-3.E-2));
#8505=LINE('',#8504,#8503);
#8507=CURVE_STYLE('',#21,POSITIVE_LENGTH_MEASURE(2.E-2),#10);
#8508=PRESENTATION_STYLE_ASSIGNMENT((#8507));
#8509=STYLED_ITEM('',(#8508),#8506);
#8511=DIRECTION('',(-1.E0,0.E0,0.E0));
#8512=VECTOR('',#8511,3.75E-1);
#8513=CARTESIAN_POINT('',(4.441697760096E0,9.025127482747E0,-3.E-2));
#8514=LINE('',#8513,#8512);
#8516=CURVE_STYLE('',#21,POSITIVE_LENGTH_MEASURE(2.E-2),#10);
#8517=PRESENTATION_STYLE_ASSIGNMENT((#8516));
#8518=STYLED_ITEM('',(#8517),#8515);
#8520=DIRECTION('',(5.862938322918E-1,-8.100984768635E-1,0.E0));
#8521=VECTOR('',#8520,1.812230428912E0);
#8522=CARTESIAN_POINT('',(4.066697760096E0,9.025127482747E0,-3.E-2));
#8523=LINE('',#8522,#8521);
#8525=CURVE_STYLE('',#21,POSITIVE_LENGTH_MEASURE(2.E-2),#10);
#8526=PRESENTATION_STYLE_ASSIGNMENT((#8525));
#8527=STYLED_ITEM('',(#8526),#8524);
#8529=DIRECTION('',(-5.699143233071E-1,-8.217041219864E-1,0.E0));
#8530=VECTOR('',#8529,1.864314476249E0);
#8531=CARTESIAN_POINT('',(5.129197283259E0,7.557042372560E0,-3.E-2));
#8532=LINE('',#8531,#8530);
#8534=CURVE_STYLE('',#21,POSITIVE_LENGTH_MEASURE(2.E-2),#10);
#8535=PRESENTATION_STYLE_ASSIGNMENT((#8534));
#8536=STYLED_ITEM('',(#8535),#8533);
#8538=DIRECTION('',(1.E0,0.E0,0.E0));
#8539=VECTOR('',#8538,3.75E-1);
#8540=CARTESIAN_POINT('',(4.066697760096E0,6.025127482747E0,-3.E-2));
#8541=LINE('',#8540,#8539);
#8543=CURVE_STYLE('',#21,POSITIVE_LENGTH_MEASURE(2.E-2),#10);
#8544=PRESENTATION_STYLE_ASSIGNMENT((#8543));
#8545=STYLED_ITEM('',(#8544),#8542);
#8547=DIRECTION('',(5.851006721755E-1,8.109606669992E-1,0.E0));
#8548=VECTOR('',#8547,1.495468326689E0);
#8549=CARTESIAN_POINT('',(4.441697760096E0,6.025127482747E0,-3.E-2));
#8550=LINE('',#8549,#8548);
#8552=CURVE_STYLE('',#21,POSITIVE_LENGTH_MEASURE(2.E-2),#10);
#8553=PRESENTATION_STYLE_ASSIGNMENT((#8552));
#8554=STYLED_ITEM('',(#8553),#8551);
#8556=DIRECTION('',(5.851006721755E-1,-8.109606669992E-1,0.E0));
#8557=VECTOR('',#8556,1.495468326689E0);
#8558=CARTESIAN_POINT('',(5.316697283259E0,7.237893474435E0,-3.E-2));
#8559=LINE('',#8558,#8557);
#8561=CURVE_STYLE('',#21,POSITIVE_LENGTH_MEASURE(2.E-2),#10);
#8562=PRESENTATION_STYLE_ASSIGNMENT((#8561));
#8563=STYLED_ITEM('',(#8562),#8560);
#8566=DIRECTION('',(5.466254709167E-1,8.373772116227E-1,0.E0));
#8567=VECTOR('',#8566,2.286775138097E-1);
#8568=CARTESIAN_POINT('',(9.129196329584E0,6.344276425575E0,-3.E-2));
#8569=LINE('',#8568,#8567);
#8571=CURVE_STYLE('',#21,POSITIVE_LENGTH_MEASURE(2.E-2),#10);
#8572=PRESENTATION_STYLE_ASSIGNMENT((#8571));
#8573=STYLED_ITEM('',(#8572),#8570);
#8575=DIRECTION('',(3.102757208080E-1,9.506466099856E-1,0.E0));
#8576=VECTOR('',#8575,2.014306699955E-1);
#8577=CARTESIAN_POINT('',(9.254197283259E0,6.535765764450E0,-3.E-2));
#8578=LINE('',#8577,#8576);
#8580=CURVE_STYLE('',#21,POSITIVE_LENGTH_MEASURE(2.E-2),#10);
#8581=PRESENTATION_STYLE_ASSIGNMENT((#8580));
#8582=STYLED_ITEM('',(#8581),#8579);
#8584=DIRECTION('',(0.E0,1.E0,0.E0));
#8585=VECTOR('',#8584,2.553191184998E-1);
#8586=CARTESIAN_POINT('',(9.316696329584E0,6.727255148028E0,-3.E-2));
#8587=LINE('',#8586,#8585);
#8589=CURVE_STYLE('',#21,POSITIVE_LENGTH_MEASURE(2.E-2),#10);
#8590=PRESENTATION_STYLE_ASSIGNMENT((#8589));
#8591=STYLED_ITEM('',(#8590),#8588);
#8593=DIRECTION('',(-2.377678509221E-1,9.713220110076E-1,0.E0));
#8594=VECTOR('',#8593,2.628574304024E-1);
#8595=CARTESIAN_POINT('',(9.316696329584E0,6.982574266528E0,-3.E-2));
#8596=LINE('',#8595,#8594);
#8598=CURVE_STYLE('',#21,POSITIVE_LENGTH_MEASURE(2.E-2),#10);
#8599=PRESENTATION_STYLE_ASSIGNMENT((#8598));
#8600=STYLED_ITEM('',(#8599),#8597);
#8602=DIRECTION('',(-5.466254709167E-1,8.373772116227E-1,0.E0));
#8603=VECTOR('',#8602,2.286775138097E-1);
#8604=CARTESIAN_POINT('',(9.254197283259E0,7.237893474435E0,-3.E-2));
#8605=LINE('',#8604,#8603);
#8607=CURVE_STYLE('',#21,POSITIVE_LENGTH_MEASURE(2.E-2),#10);
#8608=PRESENTATION_STYLE_ASSIGNMENT((#8607));
#8609=STYLED_ITEM('',(#8608),#8606);
#8611=DIRECTION('',(-9.257342991740E-1,3.781745725626E-1,0.E0));
#8612=VECTOR('',#8611,3.375678020467E-1);
#8613=CARTESIAN_POINT('',(9.129196329584E0,7.429382813310E0,-3.E-2));
#8614=LINE('',#8613,#8612);
#8616=CURVE_STYLE('',#21,POSITIVE_LENGTH_MEASURE(2.E-2),#10);
#8617=PRESENTATION_STYLE_ASSIGNMENT((#8616));
#8618=STYLED_ITEM('',(#8617),#8615);
#8620=DIRECTION('',(7.938770612153E-1,6.080782940346E-1,0.E0));
#8621=VECTOR('',#8620,3.149090187125E-1);
#8622=CARTESIAN_POINT('',(8.816698236933E0,7.557042372560E0,-3.E-2));
#8623=LINE('',#8622,#8621);
#8625=CURVE_STYLE('',#21,POSITIVE_LENGTH_MEASURE(2.E-2),#10);
#8626=PRESENTATION_STYLE_ASSIGNMENT((#8625));
#8627=STYLED_ITEM('',(#8626),#8624);
#8629=DIRECTION('',(5.466254709167E-1,8.373772116227E-1,0.E0));
#8630=VECTOR('',#8629,2.286775138097E-1);
#8631=CARTESIAN_POINT('',(9.066697283259E0,7.748531711434E0,-3.E-2));
#8632=LINE('',#8631,#8630);
#8634=CURVE_STYLE('',#21,POSITIVE_LENGTH_MEASURE(2.E-2),#10);
#8635=PRESENTATION_STYLE_ASSIGNMENT((#8634));
#8636=STYLED_ITEM('',(#8635),#8633);
#8638=DIRECTION('',(2.377679294760E-1,9.713219917786E-1,0.E0));
#8639=VECTOR('',#8638,2.628573435594E-1);
#8640=CARTESIAN_POINT('',(9.191698236933E0,7.940021050309E0,-3.E-2));
#8641=LINE('',#8640,#8639);
#8643=CURVE_STYLE('',#21,POSITIVE_LENGTH_MEASURE(2.E-2),#10);
#8644=PRESENTATION_STYLE_ASSIGNMENT((#8643));
#8645=STYLED_ITEM('',(#8644),#8642);
#8647=DIRECTION('',(0.E0,1.E0,0.E0));
#8648=VECTOR('',#8647,1.276597380638E-1);
#8649=CARTESIAN_POINT('',(9.254197283259E0,8.195340168809E0,-3.E-2));
#8650=LINE('',#8649,#8648);
#8652=CURVE_STYLE('',#21,POSITIVE_LENGTH_MEASURE(2.E-2),#10);
#8653=PRESENTATION_STYLE_ASSIGNMENT((#8652));
#8654=STYLED_ITEM('',(#8653),#8651);
#8656=DIRECTION('',(-2.377679294760E-1,9.713219917786E-1,0.E0));
#8657=VECTOR('',#8656,2.628573435594E-1);
#8658=CARTESIAN_POINT('',(9.254197283259E0,8.322999906873E0,-3.E-2));
#8659=LINE('',#8658,#8657);
#8661=CURVE_STYLE('',#21,POSITIVE_LENGTH_MEASURE(2.E-2),#10);
#8662=PRESENTATION_STYLE_ASSIGNMENT((#8661));
#8663=STYLED_ITEM('',(#8662),#8660);
#8665=DIRECTION('',(-6.996275602085E-1,7.145077165410E-1,0.E0));
#8666=VECTOR('',#8665,3.573357048343E-1);
#8667=CARTESIAN_POINT('',(9.191698236933E0,8.578319025373E0,-3.E-2));
#8668=LINE('',#8667,#8666);
#8670=CURVE_STYLE('',#21,POSITIVE_LENGTH_MEASURE(2.E-2),#10);
#8671=PRESENTATION_STYLE_ASSIGNMENT((#8670));
#8672=STYLED_ITEM('',(#8671),#8669);
#8674=DIRECTION('',(-8.906045842070E-1,4.547784895854E-1,0.E0));
#8675=VECTOR('',#8674,2.807071182418E-1);
#8676=CARTESIAN_POINT('',(8.941696329584E0,8.833638143872E0,-3.E-2));
#8677=LINE('',#8676,#8675);
#8679=CURVE_STYLE('',#21,POSITIVE_LENGTH_MEASURE(2.E-2),#10);
#8680=PRESENTATION_STYLE_ASSIGNMENT((#8679));
#8681=STYLED_ITEM('',(#8680),#8678);
#8683=DIRECTION('',(-9.895239890632E-1,1.443685390539E-1,0.E0));
#8684=VECTOR('',#8683,4.421308135641E-1);
#8685=CARTESIAN_POINT('',(8.691697283259E0,8.961297703122E0,-3.E-2));
#8686=LINE('',#8685,#8684);
#8688=CURVE_STYLE('',#21,POSITIVE_LENGTH_MEASURE(2.E-2),#10);
#8689=PRESENTATION_STYLE_ASSIGNMENT((#8688));
#8690=STYLED_ITEM('',(#8689),#8687);
#8692=DIRECTION('',(-1.E0,0.E0,0.E0));
#8693=VECTOR('',#8692,1.250009536743E-1);
#8694=CARTESIAN_POINT('',(8.254198236933E0,9.025127482747E0,-3.E-2));
#8695=LINE('',#8694,#8693);
#8697=CURVE_STYLE('',#21,POSITIVE_LENGTH_MEASURE(2.E-2),#10);
#8698=PRESENTATION_STYLE_ASSIGNMENT((#8697));
#8699=STYLED_ITEM('',(#8698),#8696);
#8701=DIRECTION('',(-9.895240564979E-1,-1.443680768452E-1,0.E0));
#8702=VECTOR('',#8701,4.421322290896E-1);
#8703=CARTESIAN_POINT('',(8.129197283259E0,9.025127482747E0,-3.E-2));
#8704=LINE('',#8703,#8702);
#8706=CURVE_STYLE('',#21,POSITIVE_LENGTH_MEASURE(2.E-2),#10);
#8707=PRESENTATION_STYLE_ASSIGNMENT((#8706));
#8708=STYLED_ITEM('',(#8707),#8705);
#8710=DIRECTION('',(-8.906045842070E-1,-4.547784895854E-1,0.E0));
#8711=VECTOR('',#8710,2.807071182418E-1);
#8712=CARTESIAN_POINT('',(7.691696806422E0,8.961297703122E0,-3.E-2));
#8713=LINE('',#8712,#8711);
#8715=CURVE_STYLE('',#21,POSITIVE_LENGTH_MEASURE(2.E-2),#10);
#8716=PRESENTATION_STYLE_ASSIGNMENT((#8715));
#8717=STYLED_ITEM('',(#8716),#8714);
#8719=DIRECTION('',(-6.996255164452E-1,-7.145097177357E-1,0.E0));
#8720=VECTOR('',#8719,3.573347040105E-1);
#8721=CARTESIAN_POINT('',(7.441697760096E0,8.833638143872E0,-3.E-2));
#8722=LINE('',#8721,#8720);
#8724=CURVE_STYLE('',#21,POSITIVE_LENGTH_MEASURE(2.E-2),#10);
#8725=PRESENTATION_STYLE_ASSIGNMENT((#8724));
#8726=STYLED_ITEM('',(#8725),#8723);
#8728=DIRECTION('',(-2.377730639603E-1,-9.713207349042E-1,0.E0));
#8729=VECTOR('',#8728,2.628576836928E-1);
#8730=CARTESIAN_POINT('',(7.191697283259E0,8.578319025373E0,-3.E-2));
#8731=LINE('',#8730,#8729);
#8733=CURVE_STYLE('',#21,POSITIVE_LENGTH_MEASURE(2.E-2),#10);
#8734=PRESENTATION_STYLE_ASSIGNMENT((#8733));
#8735=STYLED_ITEM('',(#8734),#8732);
#8737=DIRECTION('',(1.E0,0.E0,0.E0));
#8738=VECTOR('',#8737,3.125009536743E-1);
#8739=CARTESIAN_POINT('',(7.129196806422E0,8.322999906873E0,-3.E-2));
#8740=LINE('',#8739,#8738);
#8742=CURVE_STYLE('',#21,POSITIVE_LENGTH_MEASURE(2.E-2),#10);
#8743=PRESENTATION_STYLE_ASSIGNMENT((#8742));
#8744=STYLED_ITEM('',(#8743),#8741);
#8746=DIRECTION('',(5.466210844748E-1,8.373800750004E-1,0.E0));
#8747=VECTOR('',#8746,2.286767318589E-1);
#8748=CARTESIAN_POINT('',(7.441697760096E0,8.322999906873E0,-3.E-2));
#8749=LINE('',#8748,#8747);
#8751=CURVE_STYLE('',#21,POSITIVE_LENGTH_MEASURE(2.E-2),#10);
#8752=PRESENTATION_STYLE_ASSIGNMENT((#8751));
#8753=STYLED_ITEM('',(#8752),#8750);
#8755=DIRECTION('',(8.265992787996E-1,5.627909312417E-1,0.E0));
#8756=VECTOR('',#8755,2.268330070071E-1);
#8757=CARTESIAN_POINT('',(7.566697283259E0,8.514489245748E0,-3.E-2));
#8758=LINE('',#8757,#8756);
#8760=CURVE_STYLE('',#21,POSITIVE_LENGTH_MEASURE(2.E-2),#10);
#8761=PRESENTATION_STYLE_ASSIGNMENT((#8760));
#8762=STYLED_ITEM('',(#8761),#8759);
#8764=DIRECTION('',(9.797708290262E-1,2.001227687928E-1,0.E0));
#8765=VECTOR('',#8764,3.189531106829E-1);
#8766=CARTESIAN_POINT('',(7.754197283259E0,8.642148804998E0,-3.E-2));
#8767=LINE('',#8766,#8765);
#8769=CURVE_STYLE('',#21,POSITIVE_LENGTH_MEASURE(2.E-2),#10);
#8770=PRESENTATION_STYLE_ASSIGNMENT((#8769));
#8771=STYLED_ITEM('',(#8770),#8768);
#8773=DIRECTION('',(1.E0,0.E0,0.E0));
#8774=VECTOR('',#8773,2.499990463257E-1);
#8775=CARTESIAN_POINT('',(8.066698236933E0,8.705978584622E0,-3.E-2));
#8776=LINE('',#8775,#8774);
#8778=CURVE_STYLE('',#21,POSITIVE_LENGTH_MEASURE(2.E-2),#10);
#8779=PRESENTATION_STYLE_ASSIGNMENT((#8778));
#8780=STYLED_ITEM('',(#8779),#8777);
#8782=DIRECTION('',(9.797708290262E-1,-2.001227687928E-1,0.E0));
#8783=VECTOR('',#8782,3.189531106829E-1);
#8784=CARTESIAN_POINT('',(8.316697283259E0,8.705978584622E0,-3.E-2));
#8785=LINE('',#8784,#8783);
#8787=CURVE_STYLE('',#21,POSITIVE_LENGTH_MEASURE(2.E-2),#10);
#8788=PRESENTATION_STYLE_ASSIGNMENT((#8787));
#8789=STYLED_ITEM('',(#8788),#8786);
#8791=DIRECTION('',(8.265992787996E-1,-5.627909312417E-1,0.E0));
#8792=VECTOR('',#8791,2.268330070071E-1);
#8793=CARTESIAN_POINT('',(8.629198236933E0,8.642148804998E0,-3.E-2));
#8794=LINE('',#8793,#8792);
#8796=CURVE_STYLE('',#21,POSITIVE_LENGTH_MEASURE(2.E-2),#10);
#8797=PRESENTATION_STYLE_ASSIGNMENT((#8796));
#8798=STYLED_ITEM('',(#8797),#8795);
#8800=DIRECTION('',(5.466166979878E-1,-8.373829383746E-1,0.E0));
#8801=VECTOR('',#8800,2.286759499143E-1);
#8802=CARTESIAN_POINT('',(8.816698236933E0,8.514489245748E0,-3.E-2));
#8803=LINE('',#8802,#8801);
#8805=CURVE_STYLE('',#21,POSITIVE_LENGTH_MEASURE(2.E-2),#10);
#8806=PRESENTATION_STYLE_ASSIGNMENT((#8805));
#8807=STYLED_ITEM('',(#8806),#8804);
#8809=DIRECTION('',(0.E0,-1.E0,0.E0));
#8810=VECTOR('',#8809,1.276597380638E-1);
#8811=CARTESIAN_POINT('',(8.941696329584E0,8.322999906873E0,-3.E-2));
#8812=LINE('',#8811,#8810);
#8814=CURVE_STYLE('',#21,POSITIVE_LENGTH_MEASURE(2.E-2),#10);
#8815=PRESENTATION_STYLE_ASSIGNMENT((#8814));
#8816=STYLED_ITEM('',(#8815),#8813);
#8818=DIRECTION('',(-4.397080835723E-1,-8.981407468995E-1,0.E0));
#8819=VECTOR('',#8818,2.842751755570E-1);
#8820=CARTESIAN_POINT('',(8.941696329584E0,8.195340168809E0,-3.E-2));
#8821=LINE('',#8820,#8819);
#8823=CURVE_STYLE('',#21,POSITIVE_LENGTH_MEASURE(2.E-2),#10);
#8824=PRESENTATION_STYLE_ASSIGNMENT((#8823));
#8825=STYLED_ITEM('',(#8824),#8822);
#8827=DIRECTION('',(-6.996275602085E-1,-7.145077165410E-1,0.E0));
#8828=VECTOR('',#8827,1.786678524172E-1);
#8829=CARTESIAN_POINT('',(8.816698236933E0,7.940021050309E0,-3.E-2));
#8830=LINE('',#8829,#8828);
#8832=CURVE_STYLE('',#21,POSITIVE_LENGTH_MEASURE(2.E-2),#10);
#8833=PRESENTATION_STYLE_ASSIGNMENT((#8832));
#8834=STYLED_ITEM('',(#8833),#8831);
#8836=DIRECTION('',(-9.466499177700E-1,-3.222637633772E-1,0.E0));
#8837=VECTOR('',#8836,3.961337691587E-1);
#8838=CARTESIAN_POINT('',(8.691697283259E0,7.812361491059E0,-3.E-2));
#8839=LINE('',#8838,#8837);
#8841=CURVE_STYLE('',#21,POSITIVE_LENGTH_MEASURE(2.E-2),#10);
#8842=PRESENTATION_STYLE_ASSIGNMENT((#8841));
#8843=STYLED_ITEM('',(#8842),#8840);
#8845=DIRECTION('',(-1.E0,0.E0,0.E0));
#8846=VECTOR('',#8845,2.499990463257E-1);
#8847=CARTESIAN_POINT('',(8.316697283259E0,7.684701931809E0,-3.E-2));
#8848=LINE('',#8847,#8846);
#8850=CURVE_STYLE('',#21,POSITIVE_LENGTH_MEASURE(2.E-2),#10);
#8851=PRESENTATION_STYLE_ASSIGNMENT((#8850));
#8852=STYLED_ITEM('',(#8851),#8849);
#8854=DIRECTION('',(0.E0,-1.E0,0.E0));
#8855=VECTOR('',#8854,2.553191184998E-1);
#8856=CARTESIAN_POINT('',(8.066698236933E0,7.684701931809E0,-3.E-2));
#8857=LINE('',#8856,#8855);
#8859=CURVE_STYLE('',#21,POSITIVE_LENGTH_MEASURE(2.E-2),#10);
#8860=PRESENTATION_STYLE_ASSIGNMENT((#8859));
#8861=STYLED_ITEM('',(#8860),#8858);
#8863=DIRECTION('',(1.E0,0.E0,0.E0));
#8864=VECTOR('',#8863,2.499990463257E-1);
#8865=CARTESIAN_POINT('',(8.066698236933E0,7.429382813310E0,-3.E-2));
#8866=LINE('',#8865,#8864);
#8868=CURVE_STYLE('',#21,POSITIVE_LENGTH_MEASURE(2.E-2),#10);
#8869=PRESENTATION_STYLE_ASSIGNMENT((#8868));
#8870=STYLED_ITEM('',(#8869),#8867);
#8872=DIRECTION('',(9.858211730931E-1,-1.677993286083E-1,0.E0));
#8873=VECTOR('',#8872,3.803935340762E-1);
#8874=CARTESIAN_POINT('',(8.316697283259E0,7.429382813310E0,-3.E-2));
#8875=LINE('',#8874,#8873);
#8877=CURVE_STYLE('',#21,POSITIVE_LENGTH_MEASURE(2.E-2),#10);
#8878=PRESENTATION_STYLE_ASSIGNMENT((#8877));
#8879=STYLED_ITEM('',(#8878),#8876);
#8881=DIRECTION('',(8.265992787996E-1,-5.627909312417E-1,0.E0));
#8882=VECTOR('',#8881,2.268330070071E-1);
#8883=CARTESIAN_POINT('',(8.691697283259E0,7.365553033685E0,-3.E-2));
#8884=LINE('',#8883,#8882);
#8886=CURVE_STYLE('',#21,POSITIVE_LENGTH_MEASURE(2.E-2),#10);
#8887=PRESENTATION_STYLE_ASSIGNMENT((#8886));
#8888=STYLED_ITEM('',(#8887),#8885);
#8890=DIRECTION('',(4.397160777259E-1,-8.981368331103E-1,0.E0));
#8891=VECTOR('',#8890,2.842765138832E-1);
#8892=CARTESIAN_POINT('',(8.879197283259E0,7.237893474435E0,-3.E-2));
#8893=LINE('',#8892,#8891);
#8895=CURVE_STYLE('',#21,POSITIVE_LENGTH_MEASURE(2.E-2),#10);
#8896=PRESENTATION_STYLE_ASSIGNMENT((#8895));
#8897=STYLED_ITEM('',(#8896),#8894);
#8899=DIRECTION('',(0.E0,-1.E0,0.E0));
#8900=VECTOR('',#8899,2.553191184998E-1);
#8901=CARTESIAN_POINT('',(9.004198236933E0,6.982574266528E0,-3.E-2));
#8902=LINE('',#8901,#8900);
#8904=CURVE_STYLE('',#21,POSITIVE_LENGTH_MEASURE(2.E-2),#10);
#8905=PRESENTATION_STYLE_ASSIGNMENT((#8904));
#8906=STYLED_ITEM('',(#8905),#8903);
#8908=DIRECTION('',(-4.397243201852E-1,-8.981327976628E-1,0.E0));
#8909=VECTOR('',#8908,1.421388458167E-1);
#8910=CARTESIAN_POINT('',(9.004198236933E0,6.727255148028E0,-3.E-2));
#8911=LINE('',#8910,#8909);
#8913=CURVE_STYLE('',#21,POSITIVE_LENGTH_MEASURE(2.E-2),#10);
#8914=PRESENTATION_STYLE_ASSIGNMENT((#8913));
#8915=STYLED_ITEM('',(#8914),#8912);
#8917=DIRECTION('',(-6.996192599763E-1,-7.145158438203E-1,0.E0));
#8918=VECTOR('',#8917,1.786658827197E-1);
#8919=CARTESIAN_POINT('',(8.941696329584E0,6.599595588779E0,-3.E-2));
#8920=LINE('',#8919,#8918);
#8922=CURVE_STYLE('',#21,POSITIVE_LENGTH_MEASURE(2.E-2),#10);
#8923=PRESENTATION_STYLE_ASSIGNMENT((#8922));
#8924=STYLED_ITEM('',(#8923),#8921);
#8926=DIRECTION('',(-8.906066921644E-1,-4.547743614938E-1,0.E0));
#8927=VECTOR('',#8926,1.403548331425E-1);
#8928=CARTESIAN_POINT('',(8.816698236933E0,6.471935984825E0,-3.E-2));
#8929=LINE('',#8928,#8927);
#8931=CURVE_STYLE('',#21,POSITIVE_LENGTH_MEASURE(2.E-2),#10);
#8932=PRESENTATION_STYLE_ASSIGNMENT((#8931));
#8933=STYLED_ITEM('',(#8932),#8930);
#8935=DIRECTION('',(-9.797708290262E-1,-2.001227687928E-1,0.E0));
#8936=VECTOR('',#8935,3.189531106829E-1);
#8937=CARTESIAN_POINT('',(8.691697283259E0,6.408106205200E0,-3.E-2));
#8938=LINE('',#8937,#8936);
#8940=CURVE_STYLE('',#21,POSITIVE_LENGTH_MEASURE(2.E-2),#10);
#8941=PRESENTATION_STYLE_ASSIGNMENT((#8940));
#8942=STYLED_ITEM('',(#8941),#8939);
#8944=DIRECTION('',(-1.E0,0.E0,0.E0));
#8945=VECTOR('',#8944,3.75E-1);
#8946=CARTESIAN_POINT('',(8.379196329584E0,6.344276425575E0,-3.E-2));
#8947=LINE('',#8946,#8945);
#8949=CURVE_STYLE('',#21,POSITIVE_LENGTH_MEASURE(2.E-2),#10);
#8950=PRESENTATION_STYLE_ASSIGNMENT((#8949));
#8951=STYLED_ITEM('',(#8950),#8948);
#8953=DIRECTION('',(-9.797706494039E-1,2.001236481946E-1,0.E0));
#8954=VECTOR('',#8953,3.189517091097E-1);
#8955=CARTESIAN_POINT('',(8.004196329584E0,6.344276425575E0,-3.E-2));
#8956=LINE('',#8955,#8954);
#8958=CURVE_STYLE('',#21,POSITIVE_LENGTH_MEASURE(2.E-2),#10);
#8959=PRESENTATION_STYLE_ASSIGNMENT((#8958));
#8960=STYLED_ITEM('',(#8959),#8957);
#8962=DIRECTION('',(-8.906045842070E-1,4.547784895854E-1,0.E0));
#8963=VECTOR('',#8962,1.403535591209E-1);
#8964=CARTESIAN_POINT('',(7.691696806422E0,6.408106205200E0,-3.E-2));
#8965=LINE('',#8964,#8963);
#8967=CURVE_STYLE('',#21,POSITIVE_LENGTH_MEASURE(2.E-2),#10);
#8968=PRESENTATION_STYLE_ASSIGNMENT((#8967));
#8969=STYLED_ITEM('',(#8968),#8966);
#8971=DIRECTION('',(-6.996233475895E-1,7.145118414048E-1,0.E0));
#8972=VECTOR('',#8971,1.786668835360E-1);
#8973=CARTESIAN_POINT('',(7.566697283259E0,6.471935984825E0,-3.E-2));
#8974=LINE('',#8973,#8972);
#8976=CURVE_STYLE('',#21,POSITIVE_LENGTH_MEASURE(2.E-2),#10);
#8977=PRESENTATION_STYLE_ASSIGNMENT((#8976));
#8978=STYLED_ITEM('',(#8977),#8975);
#8980=DIRECTION('',(-4.397162019326E-1,8.981367723003E-1,0.E0));
#8981=VECTOR('',#8980,1.421382167918E-1);
#8982=CARTESIAN_POINT('',(7.441697760096E0,6.599595588779E0,-3.E-2));
#8983=LINE('',#8982,#8981);
#8985=CURVE_STYLE('',#21,POSITIVE_LENGTH_MEASURE(2.E-2),#10);
#8986=PRESENTATION_STYLE_ASSIGNMENT((#8985));
#8987=STYLED_ITEM('',(#8986),#8984);
#8989=DIRECTION('',(-1.E0,0.E0,0.E0));
#8990=VECTOR('',#8989,3.124995231628E-1);
#8991=CARTESIAN_POINT('',(7.379197283259E0,6.727255148028E0,-3.E-2));
#8992=LINE('',#8991,#8990);
#8994=CURVE_STYLE('',#21,POSITIVE_LENGTH_MEASURE(2.E-2),#10);
#8995=PRESENTATION_STYLE_ASSIGNMENT((#8994));
#8996=STYLED_ITEM('',(#8995),#8993);
#8998=DIRECTION('',(3.102757208080E-1,-9.506466099856E-1,0.E0));
#8999=VECTOR('',#8998,2.014306699955E-1);
#9000=CARTESIAN_POINT('',(7.066697760096E0,6.727255148028E0,-3.E-2));
#9001=LINE('',#9000,#8999);
#9003=CURVE_STYLE('',#21,POSITIVE_LENGTH_MEASURE(2.E-2),#10);
#9004=PRESENTATION_STYLE_ASSIGNMENT((#9003));
#9005=STYLED_ITEM('',(#9004),#9002);
#9007=DIRECTION('',(5.466254709167E-1,-8.373772116227E-1,0.E0));
#9008=VECTOR('',#9007,2.286775138097E-1);
#9009=CARTESIAN_POINT('',(7.129196806422E0,6.535765764450E0,-3.E-2));
#9010=LINE('',#9009,#9008);
#9012=CURVE_STYLE('',#21,POSITIVE_LENGTH_MEASURE(2.E-2),#10);
#9013=PRESENTATION_STYLE_ASSIGNMENT((#9012));
#9014=STYLED_ITEM('',(#9013),#9011);
#9016=DIRECTION('',(8.265992329593E-1,-5.627909985697E-1,0.E0));
#9017=VECTOR('',#9016,2.268330195864E-1);
#9018=CARTESIAN_POINT('',(7.254197760096E0,6.344276425575E0,-3.E-2));
#9019=LINE('',#9018,#9017);
#9021=CURVE_STYLE('',#21,POSITIVE_LENGTH_MEASURE(2.E-2),#10);
#9022=PRESENTATION_STYLE_ASSIGNMENT((#9021));
#9023=STYLED_ITEM('',(#9022),#9020);
#9025=DIRECTION('',(8.906045600187E-1,-4.547785369538E-1,0.E0));
#9026=VECTOR('',#9025,2.807071258656E-1);
#9027=CARTESIAN_POINT('',(7.441697760096E0,6.216616843974E0,-3.E-2));
#9028=LINE('',#9027,#9026);
#9030=CURVE_STYLE('',#21,POSITIVE_LENGTH_MEASURE(2.E-2),#10);
#9031=PRESENTATION_STYLE_ASSIGNMENT((#9030));
#9032=STYLED_ITEM('',(#9031),#9029);
#9034=DIRECTION('',(9.689178256004E-1,-2.473827949428E-1,0.E0));
#9035=VECTOR('',#9034,2.580203090827E-1);
#9036=CARTESIAN_POINT('',(7.691696806422E0,6.088957267960E0,-3.E-2));
#9037=LINE('',#9036,#9035);
#9039=CURVE_STYLE('',#21,POSITIVE_LENGTH_MEASURE(2.E-2),#10);
#9040=PRESENTATION_STYLE_ASSIGNMENT((#9039));
#9041=STYLED_ITEM('',(#9040),#9038);
#9043=DIRECTION('',(1.E0,0.E0,0.E0));
#9044=VECTOR('',#9043,5.000009536743E-1);
#9045=CARTESIAN_POINT('',(7.941697283259E0,6.025127482747E0,-3.E-2));
#9046=LINE('',#9045,#9044);
#9048=CURVE_STYLE('',#21,POSITIVE_LENGTH_MEASURE(2.E-2),#10);
#9049=PRESENTATION_STYLE_ASSIGNMENT((#9048));
#9050=STYLED_ITEM('',(#9049),#9047);
#9052=DIRECTION('',(9.689174863035E-1,2.473841238545E-1,0.E0));
#9053=VECTOR('',#9052,2.580189230349E-1);
#9054=CARTESIAN_POINT('',(8.441698236933E0,6.025127482747E0,-3.E-2));
#9055=LINE('',#9054,#9053);
#9057=CURVE_STYLE('',#21,POSITIVE_LENGTH_MEASURE(2.E-2),#10);
#9058=PRESENTATION_STYLE_ASSIGNMENT((#9057));
#9059=STYLED_ITEM('',(#9058),#9056);
#9061=DIRECTION('',(8.906045600187E-1,4.547785369538E-1,0.E0));
#9062=VECTOR('',#9061,2.807071258656E-1);
#9063=CARTESIAN_POINT('',(8.691697283259E0,6.088957267960E0,-3.E-2));
#9064=LINE('',#9063,#9062);
#9066=CURVE_STYLE('',#21,POSITIVE_LENGTH_MEASURE(2.E-2),#10);
#9067=PRESENTATION_STYLE_ASSIGNMENT((#9066));
#9068=STYLED_ITEM('',(#9067),#9065);
#9070=DIRECTION('',(8.265992329593E-1,5.627909985697E-1,0.E0));
#9071=VECTOR('',#9070,2.268330195864E-1);
#9072=CARTESIAN_POINT('',(8.941696329584E0,6.216616843974E0,-3.E-2));
#9073=LINE('',#9072,#9071);
#9075=CURVE_STYLE('',#21,POSITIVE_LENGTH_MEASURE(2.E-2),#10);
#9076=PRESENTATION_STYLE_ASSIGNMENT((#9075));
#9077=STYLED_ITEM('',(#9076),#9074);
#9080=DIRECTION('',(0.E0,-1.E0,0.E0));
#9081=VECTOR('',#9080,3.191489428282E-1);
#9082=CARTESIAN_POINT('',(9.816697283259E0,6.344276425575E0,-3.E-2));
#9083=LINE('',#9082,#9081);
#9085=CURVE_STYLE('',#21,POSITIVE_LENGTH_MEASURE(2.E-2),#10);
#9086=PRESENTATION_STYLE_ASSIGNMENT((#9085));
#9087=STYLED_ITEM('',(#9086),#9084);
#9089=DIRECTION('',(1.E0,0.E0,0.E0));
#9090=VECTOR('',#9089,2.25E0);
#9091=CARTESIAN_POINT('',(9.816697283259E0,6.025127482747E0,-3.E-2));
#9092=LINE('',#9091,#9090);
#9094=CURVE_STYLE('',#21,POSITIVE_LENGTH_MEASURE(2.E-2),#10);
#9095=PRESENTATION_STYLE_ASSIGNMENT((#9094));
#9096=STYLED_ITEM('',(#9095),#9093);
#9098=DIRECTION('',(0.E0,1.E0,0.E0));
#9099=VECTOR('',#9098,3.191489428282E-1);
#9100=CARTESIAN_POINT('',(1.206669728326E1,6.025127482747E0,-3.E-2));
#9101=LINE('',#9100,#9099);
#9103=CURVE_STYLE('',#21,POSITIVE_LENGTH_MEASURE(2.E-2),#10);
#9104=PRESENTATION_STYLE_ASSIGNMENT((#9103));
#9105=STYLED_ITEM('',(#9104),#9102);
#9107=DIRECTION('',(-1.E0,0.E0,0.E0));
#9108=VECTOR('',#9107,1.749999046326E0);
#9109=CARTESIAN_POINT('',(1.206669728326E1,6.344276425575E0,-3.E-2));
#9110=LINE('',#9109,#9108);
#9112=CURVE_STYLE('',#21,POSITIVE_LENGTH_MEASURE(2.E-2),#10);
#9113=PRESENTATION_STYLE_ASSIGNMENT((#9112));
#9114=STYLED_ITEM('',(#9113),#9111);
#9116=DIRECTION('',(7.437658875915E-1,6.684402026025E-1,0.E0));
#9117=VECTOR('',#9116,2.100794177837E0);
#9118=CARTESIAN_POINT('',(1.031669823693E1,6.344276425575E0,-3.E-2));
#9119=LINE('',#9118,#9117);
#9121=CURVE_STYLE('',#21,POSITIVE_LENGTH_MEASURE(2.E-2),#10);
#9122=PRESENTATION_STYLE_ASSIGNMENT((#9121));
#9123=STYLED_ITEM('',(#9122),#9120);
#9125=DIRECTION('',(5.466254709167E-1,8.373772116227E-1,0.E0));
#9126=VECTOR('',#9125,2.286775138097E-1);
#9127=CARTESIAN_POINT('',(1.187919728326E1,7.748531711434E0,-3.E-2));
#9128=LINE('',#9127,#9126);
#9130=CURVE_STYLE('',#21,POSITIVE_LENGTH_MEASURE(2.E-2),#10);
#9131=PRESENTATION_STYLE_ASSIGNMENT((#9130));
#9132=STYLED_ITEM('',(#9131),#9129);
#9134=DIRECTION('',(2.377679294760E-1,9.713219917786E-1,0.E0));
#9135=VECTOR('',#9134,2.628573435594E-1);
#9136=CARTESIAN_POINT('',(1.200419823693E1,7.940021050309E0,-3.E-2));
#9137=LINE('',#9136,#9135);
#9139=CURVE_STYLE('',#21,POSITIVE_LENGTH_MEASURE(2.E-2),#10);
#9140=PRESENTATION_STYLE_ASSIGNMENT((#9139));
#9141=STYLED_ITEM('',(#9140),#9138);
#9143=DIRECTION('',(0.E0,1.E0,0.E0));
#9144=VECTOR('',#9143,1.276597380638E-1);
#9145=CARTESIAN_POINT('',(1.206669728326E1,8.195340168809E0,-3.E-2));
#9146=LINE('',#9145,#9144);
#9148=CURVE_STYLE('',#21,POSITIVE_LENGTH_MEASURE(2.E-2),#10);
#9149=PRESENTATION_STYLE_ASSIGNMENT((#9148));
#9150=STYLED_ITEM('',(#9149),#9147);
#9152=DIRECTION('',(-2.377679294760E-1,9.713219917786E-1,0.E0));
#9153=VECTOR('',#9152,2.628573435594E-1);
#9154=CARTESIAN_POINT('',(1.206669728326E1,8.322999906873E0,-3.E-2));
#9155=LINE('',#9154,#9153);
#9157=CURVE_STYLE('',#21,POSITIVE_LENGTH_MEASURE(2.E-2),#10);
#9158=PRESENTATION_STYLE_ASSIGNMENT((#9157));
#9159=STYLED_ITEM('',(#9158),#9156);
#9161=DIRECTION('',(-6.996275602085E-1,7.145077165410E-1,0.E0));
#9162=VECTOR('',#9161,3.573357048343E-1);
#9163=CARTESIAN_POINT('',(1.200419823693E1,8.578319025373E0,-3.E-2));
#9164=LINE('',#9163,#9162);
#9166=CURVE_STYLE('',#21,POSITIVE_LENGTH_MEASURE(2.E-2),#10);
#9167=PRESENTATION_STYLE_ASSIGNMENT((#9166));
#9168=STYLED_ITEM('',(#9167),#9165);
#9170=DIRECTION('',(-8.906045842070E-1,4.547784895854E-1,0.E0));
#9171=VECTOR('',#9170,2.807071182418E-1);
#9172=CARTESIAN_POINT('',(1.175419632958E1,8.833638143872E0,-3.E-2));
#9173=LINE('',#9172,#9171);
#9175=CURVE_STYLE('',#21,POSITIVE_LENGTH_MEASURE(2.E-2),#10);
#9176=PRESENTATION_STYLE_ASSIGNMENT((#9175));
#9177=STYLED_ITEM('',(#9176),#9174);
#9179=DIRECTION('',(-9.858211730931E-1,1.677993286083E-1,0.E0));
#9180=VECTOR('',#9179,3.803935340762E-1);
#9181=CARTESIAN_POINT('',(1.150419728326E1,8.961297703122E0,-3.E-2));
#9182=LINE('',#9181,#9180);
#9184=CURVE_STYLE('',#21,POSITIVE_LENGTH_MEASURE(2.E-2),#10);
#9185=PRESENTATION_STYLE_ASSIGNMENT((#9184));
#9186=STYLED_ITEM('',(#9185),#9183);
#9188=DIRECTION('',(-1.E0,0.E0,0.E0));
#9189=VECTOR('',#9188,2.499990463257E-1);
#9190=CARTESIAN_POINT('',(1.112919728326E1,9.025127482747E0,-3.E-2));
#9191=LINE('',#9190,#9189);
#9193=CURVE_STYLE('',#21,POSITIVE_LENGTH_MEASURE(2.E-2),#10);
#9194=PRESENTATION_STYLE_ASSIGNMENT((#9193));
#9195=STYLED_ITEM('',(#9194),#9192);
#9197=DIRECTION('',(-9.895241239320E-1,-1.443676146395E-1,0.E0));
#9198=VECTOR('',#9197,4.421336446151E-1);
#9199=CARTESIAN_POINT('',(1.087919823693E1,9.025127482747E0,-3.E-2));
#9200=LINE('',#9199,#9198);
#9202=CURVE_STYLE('',#21,POSITIVE_LENGTH_MEASURE(2.E-2),#10);
#9203=PRESENTATION_STYLE_ASSIGNMENT((#9202));
#9204=STYLED_ITEM('',(#9203),#9201);
#9206=DIRECTION('',(-8.906045842070E-1,-4.547784895854E-1,0.E0));
#9207=VECTOR('',#9206,2.807071182418E-1);
#9208=CARTESIAN_POINT('',(1.044169632958E1,8.961297703122E0,-3.E-2));
#9209=LINE('',#9208,#9207);
#9211=CURVE_STYLE('',#21,POSITIVE_LENGTH_MEASURE(2.E-2),#10);
#9212=PRESENTATION_STYLE_ASSIGNMENT((#9211));
#9213=STYLED_ITEM('',(#9212),#9210);
#9215=DIRECTION('',(-6.996234726647E-1,-7.145117189358E-1,0.E0));
#9216=VECTOR('',#9215,3.573337031897E-1);
#9217=CARTESIAN_POINT('',(1.019169728326E1,8.833638143872E0,-3.E-2));
#9218=LINE('',#9217,#9216);
#9220=CURVE_STYLE('',#21,POSITIVE_LENGTH_MEASURE(2.E-2),#10);
#9221=PRESENTATION_STYLE_ASSIGNMENT((#9220));
#9222=STYLED_ITEM('',(#9221),#9219);
#9224=DIRECTION('',(-2.377781984247E-1,-9.713194780060E-1,0.E0));
#9225=VECTOR('',#9224,2.628580238336E-1);
#9226=CARTESIAN_POINT('',(9.941698236933E0,8.578319025373E0,-3.E-2));
#9227=LINE('',#9226,#9225);
#9229=CURVE_STYLE('',#21,POSITIVE_LENGTH_MEASURE(2.E-2),#10);
#9230=PRESENTATION_STYLE_ASSIGNMENT((#9229));
#9231=STYLED_ITEM('',(#9230),#9228);
#9233=DIRECTION('',(1.E0,0.E0,0.E0));
#9234=VECTOR('',#9233,3.125009536743E-1);
#9235=CARTESIAN_POINT('',(9.879196329584E0,8.322999906873E0,-3.E-2));
#9236=LINE('',#9235,#9234);
#9238=CURVE_STYLE('',#21,POSITIVE_LENGTH_MEASURE(2.E-2),#10);
#9239=PRESENTATION_STYLE_ASSIGNMENT((#9238));
#9240=STYLED_ITEM('',(#9239),#9237);
#9242=DIRECTION('',(5.466254709167E-1,8.373772116227E-1,0.E0));
#9243=VECTOR('',#9242,2.286775138097E-1);
#9244=CARTESIAN_POINT('',(1.019169728326E1,8.322999906873E0,-3.E-2));
#9245=LINE('',#9244,#9243);
#9247=CURVE_STYLE('',#21,POSITIVE_LENGTH_MEASURE(2.E-2),#10);
#9248=PRESENTATION_STYLE_ASSIGNMENT((#9247));
#9249=STYLED_ITEM('',(#9248),#9246);
#9251=DIRECTION('',(8.265992787996E-1,5.627909312417E-1,0.E0));
#9252=VECTOR('',#9251,2.268330070071E-1);
#9253=CARTESIAN_POINT('',(1.031669823693E1,8.514489245748E0,-3.E-2));
#9254=LINE('',#9253,#9252);
#9256=CURVE_STYLE('',#21,POSITIVE_LENGTH_MEASURE(2.E-2),#10);
#9257=PRESENTATION_STYLE_ASSIGNMENT((#9256));
#9258=STYLED_ITEM('',(#9257),#9255);
#9260=DIRECTION('',(9.797704697791E-1,2.001245276041E-1,0.E0));
#9261=VECTOR('',#9260,3.189503075366E-1);
#9262=CARTESIAN_POINT('',(1.050419823693E1,8.642148804998E0,-3.E-2));
#9263=LINE('',#9262,#9261);
#9265=CURVE_STYLE('',#21,POSITIVE_LENGTH_MEASURE(2.E-2),#10);
#9266=PRESENTATION_STYLE_ASSIGNMENT((#9265));
#9267=STYLED_ITEM('',(#9266),#9264);
#9269=DIRECTION('',(1.E0,0.E0,0.E0));
#9270=VECTOR('',#9269,2.500019073486E-1);
#9271=CARTESIAN_POINT('',(1.081669632958E1,8.705978584622E0,-3.E-2));
#9272=LINE('',#9271,#9270);
#9274=CURVE_STYLE('',#21,POSITIVE_LENGTH_MEASURE(2.E-2),#10);
#9275=PRESENTATION_STYLE_ASSIGNMENT((#9274));
#9276=STYLED_ITEM('',(#9275),#9273);
#9278=DIRECTION('',(9.797704697791E-1,-2.001245276041E-1,0.E0));
#9279=VECTOR('',#9278,3.189503075366E-1);
#9280=CARTESIAN_POINT('',(1.106669823693E1,8.705978584622E0,-3.E-2));
#9281=LINE('',#9280,#9279);
#9283=CURVE_STYLE('',#21,POSITIVE_LENGTH_MEASURE(2.E-2),#10);
#9284=PRESENTATION_STYLE_ASSIGNMENT((#9283));
#9285=STYLED_ITEM('',(#9284),#9282);
#9287=DIRECTION('',(8.265992787996E-1,-5.627909312417E-1,0.E0));
#9288=VECTOR('',#9287,2.268330070071E-1);
#9289=CARTESIAN_POINT('',(1.137919632958E1,8.642148804998E0,-3.E-2));
#9290=LINE('',#9289,#9288);
#9292=CURVE_STYLE('',#21,POSITIVE_LENGTH_MEASURE(2.E-2),#10);
#9293=PRESENTATION_STYLE_ASSIGNMENT((#9292));
#9294=STYLED_ITEM('',(#9293),#9291);
#9296=DIRECTION('',(5.466254709167E-1,-8.373772116227E-1,0.E0));
#9297=VECTOR('',#9296,2.286775138097E-1);
#9298=CARTESIAN_POINT('',(1.156669632958E1,8.514489245748E0,-3.E-2));
#9299=LINE('',#9298,#9297);
#9301=CURVE_STYLE('',#21,POSITIVE_LENGTH_MEASURE(2.E-2),#10);
#9302=PRESENTATION_STYLE_ASSIGNMENT((#9301));
#9303=STYLED_ITEM('',(#9302),#9300);
#9305=DIRECTION('',(0.E0,-1.E0,0.E0));
#9306=VECTOR('',#9305,1.276597380638E-1);
#9307=CARTESIAN_POINT('',(1.169169728326E1,8.322999906873E0,-3.E-2));
#9308=LINE('',#9307,#9306);
#9310=CURVE_STYLE('',#21,POSITIVE_LENGTH_MEASURE(2.E-2),#10);
#9311=PRESENTATION_STYLE_ASSIGNMENT((#9310));
#9312=STYLED_ITEM('',(#9311),#9309);
#9314=DIRECTION('',(-4.397162019326E-1,-8.981367723003E-1,0.E0));
#9315=VECTOR('',#9314,2.842764335835E-1);
#9316=CARTESIAN_POINT('',(1.169169728326E1,8.195340168809E0,-3.E-2));
#9317=LINE('',#9316,#9315);
#9319=CURVE_STYLE('',#21,POSITIVE_LENGTH_MEASURE(2.E-2),#10);
#9320=PRESENTATION_STYLE_ASSIGNMENT((#9319));
#9321=STYLED_ITEM('',(#9320),#9318);
#9323=DIRECTION('',(-7.389227835135E-1,-6.737901156923E-1,0.E0));
#9324=VECTOR('',#9323,2.368311121772E0);
#9325=CARTESIAN_POINT('',(1.156669632958E1,7.940021050309E0,-3.E-2));
#9326=LINE('',#9325,#9324);
#9328=CURVE_STYLE('',#21,POSITIVE_LENGTH_MEASURE(2.E-2),#10);
#9329=PRESENTATION_STYLE_ASSIGNMENT((#9328));
#9330=STYLED_ITEM('',(#9329),#9327);
#9333=DIRECTION('',(0.E0,-1.E0,0.E0));
#9334=VECTOR('',#9333,5.744680166245E-1);
#9335=CARTESIAN_POINT('',(1.256669823693E1,7.812361491059E0,-3.E-2));
#9336=LINE('',#9335,#9334);
#9338=CURVE_STYLE('',#21,POSITIVE_LENGTH_MEASURE(2.E-2),#10);
#9339=PRESENTATION_STYLE_ASSIGNMENT((#9338));
#9340=STYLED_ITEM('',(#9339),#9337);
#9342=DIRECTION('',(1.921799773945E-1,-9.813596977096E-1,0.E0));
#9343=VECTOR('',#9342,3.252110192384E-1);
#9344=CARTESIAN_POINT('',(1.256669823693E1,7.237893474435E0,-3.E-2));
#9345=LINE('',#9344,#9343);
#9347=CURVE_STYLE('',#21,POSITIVE_LENGTH_MEASURE(2.E-2),#10);
#9348=PRESENTATION_STYLE_ASSIGNMENT((#9347));
#9349=STYLED_ITEM('',(#9348),#9346);
#9351=DIRECTION('',(3.102757862690E-1,-9.506465886201E-1,0.E0));
#9352=VECTOR('',#9351,2.014306274982E-1);
#9353=CARTESIAN_POINT('',(1.262919728326E1,6.918744486903E0,-3.E-2));
#9354=LINE('',#9353,#9352);
#9356=CURVE_STYLE('',#21,POSITIVE_LENGTH_MEASURE(2.E-2),#10);
#9357=PRESENTATION_STYLE_ASSIGNMENT((#9356));
#9358=STYLED_ITEM('',(#9357),#9355);
#9360=DIRECTION('',(4.397161398292E-1,-8.981368027053E-1,0.E0));
#9361=VECTOR('',#9360,2.842764737334E-1);
#9362=CARTESIAN_POINT('',(1.269169632958E1,6.727255148028E0,-3.E-2));
#9363=LINE('',#9362,#9361);
#9365=CURVE_STYLE('',#21,POSITIVE_LENGTH_MEASURE(2.E-2),#10);
#9366=PRESENTATION_STYLE_ASSIGNMENT((#9365));
#9367=STYLED_ITEM('',(#9366),#9364);
#9369=DIRECTION('',(6.996247934953E-1,-7.145104256249E-1,0.E0));
#9370=VECTOR('',#9369,2.680007937730E-1);
#9371=CARTESIAN_POINT('',(1.281669728326E1,6.471935984825E0,-3.E-2));
#9372=LINE('',#9371,#9370);
#9374=CURVE_STYLE('',#21,POSITIVE_LENGTH_MEASURE(2.E-2),#10);
#9375=PRESENTATION_STYLE_ASSIGNMENT((#9374));
#9376=STYLED_ITEM('',(#9375),#9373);
#9378=DIRECTION('',(8.526541125558E-1,-5.224758026374E-1,0.E0));
#9379=VECTOR('',#9378,3.665037781118E-1);
#9380=CARTESIAN_POINT('',(1.300419728326E1,6.280446623599E0,-3.E-2));
#9381=LINE('',#9380,#9379);
#9383=CURVE_STYLE('',#21,POSITIVE_LENGTH_MEASURE(2.E-2),#10);
#9384=PRESENTATION_STYLE_ASSIGNMENT((#9383));
#9385=STYLED_ITEM('',(#9384),#9382);
#9387=DIRECTION('',(9.858211706631E-1,-1.677993428846E-1,0.E0));
#9388=VECTOR('',#9387,3.803935350138E-1);
#9389=CARTESIAN_POINT('',(1.331669823693E1,6.088957267960E0,-3.E-2));
#9390=LINE('',#9389,#9388);
#9392=CURVE_STYLE('',#21,POSITIVE_LENGTH_MEASURE(2.E-2),#10);
#9393=PRESENTATION_STYLE_ASSIGNMENT((#9392));
#9394=STYLED_ITEM('',(#9393),#9391);
#9396=DIRECTION('',(9.858211706631E-1,1.677993428846E-1,0.E0));
#9397=VECTOR('',#9396,3.803935350138E-1);
#9398=CARTESIAN_POINT('',(1.369169823693E1,6.025127482747E0,-3.E-2));
#9399=LINE('',#9398,#9397);
#9401=CURVE_STYLE('',#21,POSITIVE_LENGTH_MEASURE(2.E-2),#10);
#9402=PRESENTATION_STYLE_ASSIGNMENT((#9401));
#9403=STYLED_ITEM('',(#9402),#9400);
#9405=DIRECTION('',(8.526519815748E-1,5.224792802749E-1,0.E0));
#9406=VECTOR('',#9405,3.665013386519E-1);
#9407=CARTESIAN_POINT('',(1.406669823693E1,6.088957267960E0,-3.E-2));
#9408=LINE('',#9407,#9406);
#9410=CURVE_STYLE('',#21,POSITIVE_LENGTH_MEASURE(2.E-2),#10);
#9411=PRESENTATION_STYLE_ASSIGNMENT((#9410));
#9412=STYLED_ITEM('',(#9411),#9409);
#9414=DIRECTION('',(6.996247934953E-1,7.145104256249E-1,0.E0));
#9415=VECTOR('',#9414,2.680007937730E-1);
#9416=CARTESIAN_POINT('',(1.437919632958E1,6.280446623599E0,-3.E-2));
#9417=LINE('',#9416,#9415);
#9419=CURVE_STYLE('',#21,POSITIVE_LENGTH_MEASURE(2.E-2),#10);
#9420=PRESENTATION_STYLE_ASSIGNMENT((#9419));
#9421=STYLED_ITEM('',(#9420),#9418);
#9423=DIRECTION('',(4.397161398292E-1,8.981368027053E-1,0.E0));
#9424=VECTOR('',#9423,2.842764737334E-1);
#9425=CARTESIAN_POINT('',(1.456669632958E1,6.471935984825E0,-3.E-2));
#9426=LINE('',#9425,#9424);
#9428=CURVE_STYLE('',#21,POSITIVE_LENGTH_MEASURE(2.E-2),#10);
#9429=PRESENTATION_STYLE_ASSIGNMENT((#9428));
#9430=STYLED_ITEM('',(#9429),#9427);
#9432=DIRECTION('',(3.102757862690E-1,9.506465886201E-1,0.E0));
#9433=VECTOR('',#9432,2.014306274982E-1);
#9434=CARTESIAN_POINT('',(1.469169728326E1,6.727255148028E0,-3.E-2));
#9435=LINE('',#9434,#9433);
#9437=CURVE_STYLE('',#21,POSITIVE_LENGTH_MEASURE(2.E-2),#10);
#9438=PRESENTATION_STYLE_ASSIGNMENT((#9437));
#9439=STYLED_ITEM('',(#9438),#9436);
#9441=DIRECTION('',(1.921884498915E-1,9.813580384999E-1,0.E0));
#9442=VECTOR('',#9441,3.252115690819E-1);
#9443=CARTESIAN_POINT('',(1.475419632958E1,6.918744486903E0,-3.E-2));
#9444=LINE('',#9443,#9442);
#9446=CURVE_STYLE('',#21,POSITIVE_LENGTH_MEASURE(2.E-2),#10);
#9447=PRESENTATION_STYLE_ASSIGNMENT((#9446));
#9448=STYLED_ITEM('',(#9447),#9445);
#9450=DIRECTION('',(0.E0,1.E0,0.E0));
#9451=VECTOR('',#9450,5.744680166245E-1);
#9452=CARTESIAN_POINT('',(1.481669823693E1,7.237893474435E0,-3.E-2));
#9453=LINE('',#9452,#9451);
#9455=CURVE_STYLE('',#21,POSITIVE_LENGTH_MEASURE(2.E-2),#10);
#9456=PRESENTATION_STYLE_ASSIGNMENT((#9455));
#9457=STYLED_ITEM('',(#9456),#9454);
#9459=DIRECTION('',(-1.921885017429E-1,9.813580283453E-1,0.E0));
#9460=VECTOR('',#9459,3.252114813416E-1);
#9461=CARTESIAN_POINT('',(1.481669823693E1,7.812361491059E0,-3.E-2));
#9462=LINE('',#9461,#9460);
#9464=CURVE_STYLE('',#21,POSITIVE_LENGTH_MEASURE(2.E-2),#10);
#9465=PRESENTATION_STYLE_ASSIGNMENT((#9464));
#9466=STYLED_ITEM('',(#9465),#9463);
#9468=DIRECTION('',(-3.102755244251E-1,9.506466740818E-1,0.E0));
#9469=VECTOR('',#9468,2.014307974871E-1);
#9470=CARTESIAN_POINT('',(1.475419632958E1,8.131510389184E0,-3.E-2));
#9471=LINE('',#9470,#9469);
#9473=CURVE_STYLE('',#21,POSITIVE_LENGTH_MEASURE(2.E-2),#10);
#9474=PRESENTATION_STYLE_ASSIGNMENT((#9473));
#9475=STYLED_ITEM('',(#9474),#9472);
#9477=DIRECTION('',(-4.397162019326E-1,8.981367723003E-1,0.E0));
#9478=VECTOR('',#9477,2.842764335835E-1);
#9479=CARTESIAN_POINT('',(1.469169728326E1,8.322999906873E0,-3.E-2));
#9480=LINE('',#9479,#9478);
#9482=CURVE_STYLE('',#21,POSITIVE_LENGTH_MEASURE(2.E-2),#10);
#9483=PRESENTATION_STYLE_ASSIGNMENT((#9482));
#9484=STYLED_ITEM('',(#9483),#9481);
#9486=DIRECTION('',(-6.996248351869E-1,7.145103848018E-1,0.E0));
#9487=VECTOR('',#9486,2.680007778024E-1);
#9488=CARTESIAN_POINT('',(1.456669632958E1,8.578319025373E0,-3.E-2));
#9489=LINE('',#9488,#9487);
#9491=CURVE_STYLE('',#21,POSITIVE_LENGTH_MEASURE(2.E-2),#10);
#9492=PRESENTATION_STYLE_ASSIGNMENT((#9491));
#9493=STYLED_ITEM('',(#9492),#9490);
#9495=DIRECTION('',(-8.526520019517E-1,5.224792470211E-1,0.E0));
#9496=VECTOR('',#9495,3.665013298932E-1);
#9497=CARTESIAN_POINT('',(1.437919632958E1,8.769808364247E0,-3.E-2));
#9498=LINE('',#9497,#9496);
#9500=CURVE_STYLE('',#21,POSITIVE_LENGTH_MEASURE(2.E-2),#10);
#9501=PRESENTATION_STYLE_ASSIGNMENT((#9500));
#9502=STYLED_ITEM('',(#9501),#9499);
#9504=DIRECTION('',(-9.858211730931E-1,1.677993286083E-1,0.E0));
#9505=VECTOR('',#9504,3.803935340762E-1);
#9506=CARTESIAN_POINT('',(1.406669823693E1,8.961297703122E0,-3.E-2));
#9507=LINE('',#9506,#9505);
#9509=CURVE_STYLE('',#21,POSITIVE_LENGTH_MEASURE(2.E-2),#10);
#9510=PRESENTATION_STYLE_ASSIGNMENT((#9509));
#9511=STYLED_ITEM('',(#9510),#9508);
#9513=DIRECTION('',(-9.858211730931E-1,-1.677993286083E-1,0.E0));
#9514=VECTOR('',#9513,3.803935340762E-1);
#9515=CARTESIAN_POINT('',(1.369169823693E1,9.025127482747E0,-3.E-2));
#9516=LINE('',#9515,#9514);
#9518=CURVE_STYLE('',#21,POSITIVE_LENGTH_MEASURE(2.E-2),#10);
#9519=PRESENTATION_STYLE_ASSIGNMENT((#9518));
#9520=STYLED_ITEM('',(#9519),#9517);
#9522=DIRECTION('',(-8.526541329325E-1,-5.224757693837E-1,0.E0));
#9523=VECTOR('',#9522,3.665037693532E-1);
#9524=CARTESIAN_POINT('',(1.331669823693E1,8.961297703122E0,-3.E-2));
#9525=LINE('',#9524,#9523);
#9527=CURVE_STYLE('',#21,POSITIVE_LENGTH_MEASURE(2.E-2),#10);
#9528=PRESENTATION_STYLE_ASSIGNMENT((#9527));
#9529=STYLED_ITEM('',(#9528),#9526);
#9531=DIRECTION('',(-6.996248351869E-1,-7.145103848018E-1,0.E0));
#9532=VECTOR('',#9531,2.680007778024E-1);
#9533=CARTESIAN_POINT('',(1.300419728326E1,8.769808364247E0,-3.E-2));
#9534=LINE('',#9533,#9532);
#9536=CURVE_STYLE('',#21,POSITIVE_LENGTH_MEASURE(2.E-2),#10);
#9537=PRESENTATION_STYLE_ASSIGNMENT((#9536));
#9538=STYLED_ITEM('',(#9537),#9535);
#9540=DIRECTION('',(-4.397162019326E-1,-8.981367723003E-1,0.E0));
#9541=VECTOR('',#9540,2.842764335835E-1);
#9542=CARTESIAN_POINT('',(1.281669728326E1,8.578319025373E0,-3.E-2));
#9543=LINE('',#9542,#9541);
#9545=CURVE_STYLE('',#21,POSITIVE_LENGTH_MEASURE(2.E-2),#10);
#9546=PRESENTATION_STYLE_ASSIGNMENT((#9545));
#9547=STYLED_ITEM('',(#9546),#9544);
#9549=DIRECTION('',(-3.102755244251E-1,-9.506466740818E-1,0.E0));
#9550=VECTOR('',#9549,2.014307974871E-1);
#9551=CARTESIAN_POINT('',(1.269169632958E1,8.322999906873E0,-3.E-2));
#9552=LINE('',#9551,#9550);
#9554=CURVE_STYLE('',#21,POSITIVE_LENGTH_MEASURE(2.E-2),#10);
#9555=PRESENTATION_STYLE_ASSIGNMENT((#9554));
#9556=STYLED_ITEM('',(#9555),#9553);
#9558=DIRECTION('',(-1.921800292438E-1,-9.813596875559E-1,0.E0));
#9559=VECTOR('',#9558,3.252109314980E-1);
#9560=CARTESIAN_POINT('',(1.262919728326E1,8.131510389184E0,-3.E-2));
#9561=LINE('',#9560,#9559);
#9563=CURVE_STYLE('',#21,POSITIVE_LENGTH_MEASURE(2.E-2),#10);
#9564=PRESENTATION_STYLE_ASSIGNMENT((#9563));
#9565=STYLED_ITEM('',(#9564),#9562);
#9568=DIRECTION('',(1.610685842698E-1,9.869432157735E-1,0.E0));
#9569=VECTOR('',#9568,3.880453015217E-1);
#9570=CARTESIAN_POINT('',(1.287919632958E1,7.748531711434E0,-3.E-2));
#9571=LINE('',#9570,#9569);
#9573=CURVE_STYLE('',#21,POSITIVE_LENGTH_MEASURE(2.E-2),#10);
#9574=PRESENTATION_STYLE_ASSIGNMENT((#9573));
#9575=STYLED_ITEM('',(#9574),#9572);
#9577=DIRECTION('',(5.466209055138E-1,8.373801918216E-1,0.E0));
#9578=VECTOR('',#9577,4.573536134530E-1);
#9579=CARTESIAN_POINT('',(1.294169823693E1,8.131510389184E0,-3.E-2));
#9580=LINE('',#9579,#9578);
#9582=CURVE_STYLE('',#21,POSITIVE_LENGTH_MEASURE(2.E-2),#10);
#9583=PRESENTATION_STYLE_ASSIGNMENT((#9582));
#9584=STYLED_ITEM('',(#9583),#9581);
#9586=DIRECTION('',(8.265992787996E-1,5.627909312417E-1,0.E0));
#9587=VECTOR('',#9586,2.268330070071E-1);
#9588=CARTESIAN_POINT('',(1.319169728326E1,8.514489245748E0,-3.E-2));
#9589=LINE('',#9588,#9587);
#9591=CURVE_STYLE('',#21,POSITIVE_LENGTH_MEASURE(2.E-2),#10);
#9592=PRESENTATION_STYLE_ASSIGNMENT((#9591));
#9593=STYLED_ITEM('',(#9592),#9590);
#9595=DIRECTION('',(9.797708290262E-1,2.001227687928E-1,0.E0));
#9596=VECTOR('',#9595,3.189531106829E-1);
#9597=CARTESIAN_POINT('',(1.337919728326E1,8.642148804998E0,-3.E-2));
#9598=LINE('',#9597,#9596);
#9600=CURVE_STYLE('',#21,POSITIVE_LENGTH_MEASURE(2.E-2),#10);
#9601=PRESENTATION_STYLE_ASSIGNMENT((#9600));
#9602=STYLED_ITEM('',(#9601),#9599);
#9604=DIRECTION('',(9.797704697791E-1,-2.001245276041E-1,0.E0));
#9605=VECTOR('',#9604,3.189503075366E-1);
#9606=CARTESIAN_POINT('',(1.369169823693E1,8.705978584622E0,-3.E-2));
#9607=LINE('',#9606,#9605);
#9609=CURVE_STYLE('',#21,POSITIVE_LENGTH_MEASURE(2.E-2),#10);
#9610=PRESENTATION_STYLE_ASSIGNMENT((#9609));
#9611=STYLED_ITEM('',(#9610),#9608);
#9613=DIRECTION('',(8.265992787996E-1,-5.627909312417E-1,0.E0));
#9614=VECTOR('',#9613,2.268330070071E-1);
#9615=CARTESIAN_POINT('',(1.400419632958E1,8.642148804998E0,-3.E-2));
#9616=LINE('',#9615,#9614);
#9618=CURVE_STYLE('',#21,POSITIVE_LENGTH_MEASURE(2.E-2),#10);
#9619=PRESENTATION_STYLE_ASSIGNMENT((#9618));
#9620=STYLED_ITEM('',(#9619),#9617);
#9622=DIRECTION('',(5.466252919556E-1,-8.373773284455E-1,0.E0));
#9623=VECTOR('',#9622,4.573551773542E-1);
#9624=CARTESIAN_POINT('',(1.419169632958E1,8.514489245748E0,-3.E-2));
#9625=LINE('',#9624,#9623);
#9627=CURVE_STYLE('',#21,POSITIVE_LENGTH_MEASURE(2.E-2),#10);
#9628=PRESENTATION_STYLE_ASSIGNMENT((#9627));
#9629=STYLED_ITEM('',(#9628),#9626);
#9631=DIRECTION('',(1.610614026234E-1,-9.869443877874E-1,0.E0));
#9632=VECTOR('',#9631,3.880448407111E-1);
#9633=CARTESIAN_POINT('',(1.444169823693E1,8.131510389184E0,-3.E-2));
#9634=LINE('',#9633,#9632);
#9636=CURVE_STYLE('',#21,POSITIVE_LENGTH_MEASURE(2.E-2),#10);
#9637=PRESENTATION_STYLE_ASSIGNMENT((#9636));
#9638=STYLED_ITEM('',(#9637),#9635);
#9640=DIRECTION('',(0.E0,-1.E0,0.E0));
#9641=VECTOR('',#9640,4.468084573746E-1);
#9642=CARTESIAN_POINT('',(1.450419728326E1,7.748531711434E0,-3.E-2));
#9643=LINE('',#9642,#9641);
#9645=CURVE_STYLE('',#21,POSITIVE_LENGTH_MEASURE(2.E-2),#10);
#9646=PRESENTATION_STYLE_ASSIGNMENT((#9645));
#9647=STYLED_ITEM('',(#9646),#9644);
#9649=DIRECTION('',(-1.610613659987E-1,-9.869443937642E-1,0.E0));
#9650=VECTOR('',#9649,3.880449289508E-1);
#9651=CARTESIAN_POINT('',(1.450419728326E1,7.301723254060E0,-3.E-2));
#9652=LINE('',#9651,#9650);
#9654=CURVE_STYLE('',#21,POSITIVE_LENGTH_MEASURE(2.E-2),#10);
#9655=PRESENTATION_STYLE_ASSIGNMENT((#9654));
#9656=STYLED_ITEM('',(#9655),#9653);
#9658=DIRECTION('',(-5.466254261764E-1,-8.373772408284E-1,0.E0));
#9659=VECTOR('',#9658,4.573550650532E-1);
#9660=CARTESIAN_POINT('',(1.444169823693E1,6.918744486903E0,-3.E-2));
#9661=LINE('',#9660,#9659);
#9663=CURVE_STYLE('',#21,POSITIVE_LENGTH_MEASURE(2.E-2),#10);
#9664=PRESENTATION_STYLE_ASSIGNMENT((#9663));
#9665=STYLED_ITEM('',(#9664),#9662);
#9667=DIRECTION('',(-8.265992787996E-1,-5.627909312417E-1,0.E0));
#9668=VECTOR('',#9667,2.268330070071E-1);
#9669=CARTESIAN_POINT('',(1.419169632958E1,6.535765764450E0,-3.E-2));
#9670=LINE('',#9669,#9668);
#9672=CURVE_STYLE('',#21,POSITIVE_LENGTH_MEASURE(2.E-2),#10);
#9673=PRESENTATION_STYLE_ASSIGNMENT((#9672));
#9674=STYLED_ITEM('',(#9673),#9671);
#9676=DIRECTION('',(-9.797704697791E-1,-2.001245276041E-1,0.E0));
#9677=VECTOR('',#9676,3.189503075366E-1);
#9678=CARTESIAN_POINT('',(1.400419632958E1,6.408106205200E0,-3.E-2));
#9679=LINE('',#9678,#9677);
#9681=CURVE_STYLE('',#21,POSITIVE_LENGTH_MEASURE(2.E-2),#10);
#9682=PRESENTATION_STYLE_ASSIGNMENT((#9681));
#9683=STYLED_ITEM('',(#9682),#9680);
#9685=DIRECTION('',(-9.797708290262E-1,2.001227687928E-1,0.E0));
#9686=VECTOR('',#9685,3.189531106829E-1);
#9687=CARTESIAN_POINT('',(1.369169823693E1,6.344276425575E0,-3.E-2));
#9688=LINE('',#9687,#9686);
#9690=CURVE_STYLE('',#21,POSITIVE_LENGTH_MEASURE(2.E-2),#10);
#9691=PRESENTATION_STYLE_ASSIGNMENT((#9690));
#9692=STYLED_ITEM('',(#9691),#9689);
#9694=DIRECTION('',(-8.265992787996E-1,5.627909312417E-1,0.E0));
#9695=VECTOR('',#9694,2.268330070071E-1);
#9696=CARTESIAN_POINT('',(1.337919728326E1,6.408106205200E0,-3.E-2));
#9697=LINE('',#9696,#9695);
#9699=CURVE_STYLE('',#21,POSITIVE_LENGTH_MEASURE(2.E-2),#10);
#9700=PRESENTATION_STYLE_ASSIGNMENT((#9699));
#9701=STYLED_ITEM('',(#9700),#9698);
#9703=DIRECTION('',(-5.466210397345E-1,8.373801042057E-1,0.E0));
#9704=VECTOR('',#9703,4.573535011515E-1);
#9705=CARTESIAN_POINT('',(1.319169728326E1,6.535765764450E0,-3.E-2));
#9706=LINE('',#9705,#9704);
#9708=CURVE_STYLE('',#21,POSITIVE_LENGTH_MEASURE(2.E-2),#10);
#9709=PRESENTATION_STYLE_ASSIGNMENT((#9708));
#9710=STYLED_ITEM('',(#9709),#9707);
#9712=DIRECTION('',(-1.610685476436E-1,9.869432217509E-1,0.E0));
#9713=VECTOR('',#9712,3.880453897613E-1);
#9714=CARTESIAN_POINT('',(1.294169823693E1,6.918744486903E0,-3.E-2));
#9715=LINE('',#9714,#9713);
#9717=CURVE_STYLE('',#21,POSITIVE_LENGTH_MEASURE(2.E-2),#10);
#9718=PRESENTATION_STYLE_ASSIGNMENT((#9717));
#9719=STYLED_ITEM('',(#9718),#9716);
#9721=DIRECTION('',(0.E0,1.E0,0.E0));
#9722=VECTOR('',#9721,4.468084573746E-1);
#9723=CARTESIAN_POINT('',(1.287919632958E1,7.301723254060E0,-3.E-2));
#9724=LINE('',#9723,#9722);
#9726=CURVE_STYLE('',#21,POSITIVE_LENGTH_MEASURE(2.E-2),#10);
#9727=PRESENTATION_STYLE_ASSIGNMENT((#9726));
#9728=STYLED_ITEM('',(#9727),#9725);
#9731=DIRECTION('',(3.162277490531E-1,9.486833037051E-1,0.E0));
#9732=VECTOR('',#9731,2.108185094213E0);
#9733=CARTESIAN_POINT('',(-1.369803795336E1,-4.856990624292E0,-3.E-2));
#9734=LINE('',#9733,#9732);
#9736=CURVE_STYLE('',#21,POSITIVE_LENGTH_MEASURE(2.E-2),#10);
#9737=PRESENTATION_STYLE_ASSIGNMENT((#9736));
#9738=STYLED_ITEM('',(#9737),#9735);
#9740=DIRECTION('',(-1.E0,0.E0,0.E0));
#9741=VECTOR('',#9740,2.5E-1);
#9742=CARTESIAN_POINT('',(-1.303137132643E1,-2.856990624292E0,-3.E-2));
#9743=LINE('',#9742,#9741);
#9745=CURVE_STYLE('',#21,POSITIVE_LENGTH_MEASURE(2.E-2),#10);
#9746=PRESENTATION_STYLE_ASSIGNMENT((#9745));
#9747=STYLED_ITEM('',(#9746),#9744);
#9749=DIRECTION('',(-3.170950573229E-1,-9.483937603239E-1,0.E0));
#9750=VECTOR('',#9749,1.839616543979E0);
#9751=CARTESIAN_POINT('',(-1.328137132643E1,-2.856990624292E0,-3.E-2));
#9752=LINE('',#9751,#9750);
#9754=CURVE_STYLE('',#21,POSITIVE_LENGTH_MEASURE(2.E-2),#10);
#9755=PRESENTATION_STYLE_ASSIGNMENT((#9754));
#9756=STYLED_ITEM('',(#9755),#9753);
#9758=DIRECTION('',(-3.170950573229E-1,9.483937603239E-1,0.E0));
#9759=VECTOR('',#9758,1.839616543979E0);
#9760=CARTESIAN_POINT('',(-1.386470463990E1,-4.601671475990E0,-3.E-2));
#9761=LINE('',#9760,#9759);
#9763=CURVE_STYLE('',#21,POSITIVE_LENGTH_MEASURE(2.E-2),#10);
#9764=PRESENTATION_STYLE_ASSIGNMENT((#9763));
#9765=STYLED_ITEM('',(#9764),#9762);
#9767=DIRECTION('',(-1.E0,0.E0,0.E0));
#9768=VECTOR('',#9767,2.5E-1);
#9769=CARTESIAN_POINT('',(-1.444803795336E1,-2.856990624292E0,-3.E-2));
#9770=LINE('',#9769,#9768);
#9772=CURVE_STYLE('',#21,POSITIVE_LENGTH_MEASURE(2.E-2),#10);
#9773=PRESENTATION_STYLE_ASSIGNMENT((#9772));
#9774=STYLED_ITEM('',(#9773),#9771);
#9776=DIRECTION('',(3.162277744987E-1,-9.486832952232E-1,0.E0));
#9777=VECTOR('',#9776,2.108185113062E0);
#9778=CARTESIAN_POINT('',(-1.469803795336E1,-2.856990624292E0,-3.E-2));
#9779=LINE('',#9778,#9777);
#9781=CURVE_STYLE('',#21,POSITIVE_LENGTH_MEASURE(2.E-2),#10);
#9782=PRESENTATION_STYLE_ASSIGNMENT((#9781));
#9783=STYLED_ITEM('',(#9782),#9780);
#9785=DIRECTION('',(1.E0,0.E0,0.E0));
#9786=VECTOR('',#9785,3.333333134651E-1);
#9787=CARTESIAN_POINT('',(-1.403137126683E1,-4.856990624292E0,-3.E-2));
#9788=LINE('',#9787,#9786);
#9790=CURVE_STYLE('',#21,POSITIVE_LENGTH_MEASURE(2.E-2),#10);
#9791=PRESENTATION_STYLE_ASSIGNMENT((#9790));
#9792=STYLED_ITEM('',(#9791),#9789);
#9795=DIRECTION('',(0.E0,1.E0,0.E0));
#9796=VECTOR('',#9795,2.E0);
#9797=CARTESIAN_POINT('',(-1.244803795336E1,-4.856990624292E0,-3.E-2));
#9798=LINE('',#9797,#9796);
#9800=CURVE_STYLE('',#21,POSITIVE_LENGTH_MEASURE(2.E-2),#10);
#9801=PRESENTATION_STYLE_ASSIGNMENT((#9800));
#9802=STYLED_ITEM('',(#9801),#9799);
#9804=DIRECTION('',(-1.E0,0.E0,0.E0));
#9805=VECTOR('',#9804,2.5E-1);
#9806=CARTESIAN_POINT('',(-1.244803795336E1,-2.856990624292E0,-3.E-2));
#9807=LINE('',#9806,#9805);
#9809=CURVE_STYLE('',#21,POSITIVE_LENGTH_MEASURE(2.E-2),#10);
#9810=PRESENTATION_STYLE_ASSIGNMENT((#9809));
#9811=STYLED_ITEM('',(#9810),#9808);
#9813=DIRECTION('',(0.E0,-1.E0,0.E0));
#9814=VECTOR('',#9813,2.E0);
#9815=CARTESIAN_POINT('',(-1.269803795336E1,-2.856990624292E0,-3.E-2));
#9816=LINE('',#9815,#9814);
#9818=CURVE_STYLE('',#21,POSITIVE_LENGTH_MEASURE(2.E-2),#10);
#9819=PRESENTATION_STYLE_ASSIGNMENT((#9818));
#9820=STYLED_ITEM('',(#9819),#9817);
#9822=DIRECTION('',(1.E0,0.E0,0.E0));
#9823=VECTOR('',#9822,2.5E-1);
#9824=CARTESIAN_POINT('',(-1.269803795336E1,-4.856990624292E0,-3.E-2));
#9825=LINE('',#9824,#9823);
#9827=CURVE_STYLE('',#21,POSITIVE_LENGTH_MEASURE(2.E-2),#10);
#9828=PRESENTATION_STYLE_ASSIGNMENT((#9827));
#9829=STYLED_ITEM('',(#9828),#9826);
#9832=DIRECTION('',(-1.E0,0.E0,0.E0));
#9833=VECTOR('',#9832,1.250000238419E0);
#9834=CARTESIAN_POINT('',(-1.061470446108E1,-4.601671475990E0,-3.E-2));
#9835=LINE('',#9834,#9833);
#9837=CURVE_STYLE('',#21,POSITIVE_LENGTH_MEASURE(2.E-2),#10);
#9838=PRESENTATION_STYLE_ASSIGNMENT((#9837));
#9839=STYLED_ITEM('',(#9838),#9836);
#9841=DIRECTION('',(0.E0,1.E0,0.E0));
#9842=VECTOR('',#9841,6.808510720730E-1);
#9843=CARTESIAN_POINT('',(-1.186470469950E1,-4.601671475990E0,-3.E-2));
#9844=LINE('',#9843,#9842);
#9846=CURVE_STYLE('',#21,POSITIVE_LENGTH_MEASURE(2.E-2),#10);
#9847=PRESENTATION_STYLE_ASSIGNMENT((#9846));
#9848=STYLED_ITEM('',(#9847),#9845);
#9850=DIRECTION('',(1.E0,0.E0,0.E0));
#9851=VECTOR('',#9850,1.083333492279E0);
#9852=CARTESIAN_POINT('',(-1.186470469950E1,-3.920820403917E0,-3.E-2));
#9853=LINE('',#9852,#9851);
#9855=CURVE_STYLE('',#21,POSITIVE_LENGTH_MEASURE(2.E-2),#10);
#9856=PRESENTATION_STYLE_ASSIGNMENT((#9855));
#9857=STYLED_ITEM('',(#9856),#9854);
#9859=DIRECTION('',(0.E0,1.E0,0.E0));
#9860=VECTOR('',#9859,2.553191184998E-1);
#9861=CARTESIAN_POINT('',(-1.078137120722E1,-3.920820403917E0,-3.E-2));
#9862=LINE('',#9861,#9860);
#9864=CURVE_STYLE('',#21,POSITIVE_LENGTH_MEASURE(2.E-2),#10);
#9865=PRESENTATION_STYLE_ASSIGNMENT((#9864));
#9866=STYLED_ITEM('',(#9865),#9863);
#9868=DIRECTION('',(-1.E0,0.E0,0.E0));
#9869=VECTOR('',#9868,1.083333492279E0);
#9870=CARTESIAN_POINT('',(-1.078137120722E1,-3.665501285417E0,-3.E-2));
#9871=LINE('',#9870,#9869);
#9873=CURVE_STYLE('',#21,POSITIVE_LENGTH_MEASURE(2.E-2),#10);
#9874=PRESENTATION_STYLE_ASSIGNMENT((#9873));
#9875=STYLED_ITEM('',(#9874),#9872);
#9877=DIRECTION('',(0.E0,1.E0,0.E0));
#9878=VECTOR('',#9877,5.531915426254E-1);
#9879=CARTESIAN_POINT('',(-1.186470469950E1,-3.665501285417E0,-3.E-2));
#9880=LINE('',#9879,#9878);
#9882=CURVE_STYLE('',#21,POSITIVE_LENGTH_MEASURE(2.E-2),#10);
#9883=PRESENTATION_STYLE_ASSIGNMENT((#9882));
#9884=STYLED_ITEM('',(#9883),#9881);
#9886=DIRECTION('',(1.E0,0.E0,0.E0));
#9887=VECTOR('',#9886,1.250000238419E0);
#9888=CARTESIAN_POINT('',(-1.186470469950E1,-3.112309742792E0,-3.E-2));
#9889=LINE('',#9888,#9887);
#9891=CURVE_STYLE('',#21,POSITIVE_LENGTH_MEASURE(2.E-2),#10);
#9892=PRESENTATION_STYLE_ASSIGNMENT((#9891));
#9893=STYLED_ITEM('',(#9892),#9890);
#9895=DIRECTION('',(0.E0,1.E0,0.E0));
#9896=VECTOR('',#9895,2.553191184998E-1);
#9897=CARTESIAN_POINT('',(-1.061470446108E1,-3.112309742792E0,-3.E-2));
#9898=LINE('',#9897,#9896);
#9900=CURVE_STYLE('',#21,POSITIVE_LENGTH_MEASURE(2.E-2),#10);
#9901=PRESENTATION_STYLE_ASSIGNMENT((#9900));
#9902=STYLED_ITEM('',(#9901),#9899);
#9904=DIRECTION('',(-1.E0,0.E0,0.E0));
#9905=VECTOR('',#9904,1.500000238419E0);
#9906=CARTESIAN_POINT('',(-1.061470446108E1,-2.856990624292E0,-3.E-2));
#9907=LINE('',#9906,#9905);
#9909=CURVE_STYLE('',#21,POSITIVE_LENGTH_MEASURE(2.E-2),#10);
#9910=PRESENTATION_STYLE_ASSIGNMENT((#9909));
#9911=STYLED_ITEM('',(#9910),#9908);
#9913=DIRECTION('',(0.E0,-1.E0,0.E0));
#9914=VECTOR('',#9913,2.E0);
#9915=CARTESIAN_POINT('',(-1.211470469950E1,-2.856990624292E0,-3.E-2));
#9916=LINE('',#9915,#9914);
#9918=CURVE_STYLE('',#21,POSITIVE_LENGTH_MEASURE(2.E-2),#10);
#9919=PRESENTATION_STYLE_ASSIGNMENT((#9918));
#9920=STYLED_ITEM('',(#9919),#9917);
#9922=DIRECTION('',(1.E0,0.E0,0.E0));
#9923=VECTOR('',#9922,1.500000238419E0);
#9924=CARTESIAN_POINT('',(-1.211470469950E1,-4.856990624292E0,-3.E-2));
#9925=LINE('',#9924,#9923);
#9927=CURVE_STYLE('',#21,POSITIVE_LENGTH_MEASURE(2.E-2),#10);
#9928=PRESENTATION_STYLE_ASSIGNMENT((#9927));
#9929=STYLED_ITEM('',(#9928),#9926);
#9931=DIRECTION('',(0.E0,1.E0,0.E0));
#9932=VECTOR('',#9931,2.553191483021E-1);
#9933=CARTESIAN_POINT('',(-1.061470446108E1,-4.856990624292E0,-3.E-2));
#9934=LINE('',#9933,#9932);
#9936=CURVE_STYLE('',#21,POSITIVE_LENGTH_MEASURE(2.E-2),#10);
#9937=PRESENTATION_STYLE_ASSIGNMENT((#9936));
#9938=STYLED_ITEM('',(#9937),#9935);
#9941=DIRECTION('',(2.018951341861E-1,9.794071445482E-1,0.E0));
#9942=VECTOR('',#9941,1.651020549780E0);
#9943=CARTESIAN_POINT('',(-9.614704461082E0,-4.856990624292E0,-3.E-2));
#9944=LINE('',#9943,#9942);
#9946=CURVE_STYLE('',#21,POSITIVE_LENGTH_MEASURE(2.E-2),#10);
#9947=PRESENTATION_STYLE_ASSIGNMENT((#9946));
#9948=STYLED_ITEM('',(#9947),#9945);
#9950=DIRECTION('',(2.018954112272E-1,-9.794070874388E-1,0.E0));
#9951=VECTOR('',#9950,1.651020646051E0);
#9952=CARTESIAN_POINT('',(-9.281371445640E0,-3.239969302042E0,-3.E-2));
#9953=LINE('',#9952,#9951);
#9955=CURVE_STYLE('',#21,POSITIVE_LENGTH_MEASURE(2.E-2),#10);
#9956=PRESENTATION_STYLE_ASSIGNMENT((#9955));
#9957=STYLED_ITEM('',(#9956),#9954);
#9959=DIRECTION('',(1.E0,0.E0,0.E0));
#9960=VECTOR('',#9959,3.333334922791E-1);
#9961=CARTESIAN_POINT('',(-8.948037953361E0,-4.856990624292E0,-3.E-2));
#9962=LINE('',#9961,#9960);
#9964=CURVE_STYLE('',#21,POSITIVE_LENGTH_MEASURE(2.E-2),#10);
#9965=PRESENTATION_STYLE_ASSIGNMENT((#9964));
#9966=STYLED_ITEM('',(#9965),#9963);
#9968=DIRECTION('',(1.643988347596E-1,9.863939492564E-1,0.E0));
#9969=VECTOR('',#9968,2.027587457838E0);
#9970=CARTESIAN_POINT('',(-8.614704461082E0,-4.856990624292E0,-3.E-2));
#9971=LINE('',#9970,#9969);
#9973=CURVE_STYLE('',#21,POSITIVE_LENGTH_MEASURE(2.E-2),#10);
#9974=PRESENTATION_STYLE_ASSIGNMENT((#9973));
#9975=STYLED_ITEM('',(#9974),#9972);
#9977=DIRECTION('',(-1.E0,0.E0,0.E0));
#9978=VECTOR('',#9977,2.5E-1);
#9979=CARTESIAN_POINT('',(-8.281371445640E0,-2.856990624292E0,-3.E-2));
#9980=LINE('',#9979,#9978);
#9982=CURVE_STYLE('',#21,POSITIVE_LENGTH_MEASURE(2.E-2),#10);
#9983=PRESENTATION_STYLE_ASSIGNMENT((#9982));
#9984=STYLED_ITEM('',(#9983),#9981);
#9986=DIRECTION('',(-1.610637781958E-1,-9.869440001101E-1,0.E0));
#9987=VECTOR('',#9986,1.552180153729E0);
#9988=CARTESIAN_POINT('',(-8.531371445640E0,-2.856990624292E0,-3.E-2));
#9989=LINE('',#9988,#9987);
#9991=CURVE_STYLE('',#21,POSITIVE_LENGTH_MEASURE(2.E-2),#10);
#9992=PRESENTATION_STYLE_ASSIGNMENT((#9991));
#9993=STYLED_ITEM('',(#9992),#9990);
#9995=DIRECTION('',(-2.126172574863E-1,9.771355595919E-1,0.E0));
#9996=VECTOR('',#9995,1.567760864677E0);
#9997=CARTESIAN_POINT('',(-8.781371445640E0,-4.388905514105E0,-3.E-2));
#9998=LINE('',#9997,#9996);
#10000=CURVE_STYLE('',#21,POSITIVE_LENGTH_MEASURE(2.E-2),#10);
#10001=PRESENTATION_STYLE_ASSIGNMENT((#10000));
#10002=STYLED_ITEM('',(#10001),#9999);
#10004=DIRECTION('',(-1.E0,0.E0,0.E0));
#10005=VECTOR('',#10004,3.333334922791E-1);
#10006=CARTESIAN_POINT('',(-9.114704461082E0,-2.856990624292E0,-3.E-2));
#10007=LINE('',#10006,#10005);
#10009=CURVE_STYLE('',#21,POSITIVE_LENGTH_MEASURE(2.E-2),#10);
#10010=PRESENTATION_STYLE_ASSIGNMENT((#10009));
#10011=STYLED_ITEM('',(#10010),#10008);
#10013=DIRECTION('',(-2.126175478884E-1,-9.771354964026E-1,0.E0));
#10014=VECTOR('',#10013,1.567760966061E0);
#10015=CARTESIAN_POINT('',(-9.448037953361E0,-2.856990624292E0,-3.E-2));
#10016=LINE('',#10015,#10014);
#10018=CURVE_STYLE('',#21,POSITIVE_LENGTH_MEASURE(2.E-2),#10);
#10019=PRESENTATION_STYLE_ASSIGNMENT((#10018));
#10020=STYLED_ITEM('',(#10019),#10017);
#10022=DIRECTION('',(-1.610637781958E-1,9.869440001101E-1,0.E0));
#10023=VECTOR('',#10022,1.552180153729E0);
#10024=CARTESIAN_POINT('',(-9.781371445640E0,-4.388905514105E0,-3.E-2));
#10025=LINE('',#10024,#10023);
#10027=CURVE_STYLE('',#21,POSITIVE_LENGTH_MEASURE(2.E-2),#10);
#10028=PRESENTATION_STYLE_ASSIGNMENT((#10027));
#10029=STYLED_ITEM('',(#10028),#10026);
#10031=DIRECTION('',(-1.E0,0.E0,0.E0));
#10032=VECTOR('',#10031,2.5E-1);
#10033=CARTESIAN_POINT('',(-1.003137144564E1,-2.856990624292E0,-3.E-2));
#10034=LINE('',#10033,#10032);
#10036=CURVE_STYLE('',#21,POSITIVE_LENGTH_MEASURE(2.E-2),#10);
#10037=PRESENTATION_STYLE_ASSIGNMENT((#10036));
#10038=STYLED_ITEM('',(#10037),#10035);
#10040=DIRECTION('',(1.643990635782E-1,-9.863939111200E-1,0.E0));
#10041=VECTOR('',#10040,2.027587536230E0);
#10042=CARTESIAN_POINT('',(-1.028137144564E1,-2.856990624292E0,-3.E-2));
#10043=LINE('',#10042,#10041);
#10045=CURVE_STYLE('',#21,POSITIVE_LENGTH_MEASURE(2.E-2),#10);
#10046=PRESENTATION_STYLE_ASSIGNMENT((#10045));
#10047=STYLED_ITEM('',(#10046),#10044);
#10049=DIRECTION('',(1.E0,0.E0,0.E0));
#10050=VECTOR('',#10049,3.333334922791E-1);
#10051=CARTESIAN_POINT('',(-9.948037953361E0,-4.856990624292E0,-3.E-2));
#10052=LINE('',#10051,#10050);
#10054=CURVE_STYLE('',#21,POSITIVE_LENGTH_MEASURE(2.E-2),#10);
#10055=PRESENTATION_STYLE_ASSIGNMENT((#10054));
#10056=STYLED_ITEM('',(#10055),#10053);
#10059=DIRECTION('',(-1.E0,0.E0,0.E0));
#10060=VECTOR('',#10059,1.E0);
#10061=CARTESIAN_POINT('',(-4.948037953361E0,-2.856990624292E0,-3.E-2));
#10062=LINE('',#10061,#10060);
#10064=CURVE_STYLE('',#21,POSITIVE_LENGTH_MEASURE(2.E-2),#10);
#10065=PRESENTATION_STYLE_ASSIGNMENT((#10064));
#10066=STYLED_ITEM('',(#10065),#10063);
#10068=DIRECTION('',(0.E0,-1.E0,0.E0));
#10069=VECTOR('',#10068,2.E0);
#10070=CARTESIAN_POINT('',(-5.948037953361E0,-2.856990624292E0,-3.E-2));
#10071=LINE('',#10070,#10069);
#10073=CURVE_STYLE('',#21,POSITIVE_LENGTH_MEASURE(2.E-2),#10);
#10074=PRESENTATION_STYLE_ASSIGNMENT((#10073));
#10075=STYLED_ITEM('',(#10074),#10072);
#10077=DIRECTION('',(1.E0,0.E0,0.E0));
#10078=VECTOR('',#10077,1.E0);
#10079=CARTESIAN_POINT('',(-5.948037953361E0,-4.856990624292E0,-3.E-2));
#10080=LINE('',#10079,#10078);
#10082=CURVE_STYLE('',#21,POSITIVE_LENGTH_MEASURE(2.E-2),#10);
#10083=PRESENTATION_STYLE_ASSIGNMENT((#10082));
#10084=STYLED_ITEM('',(#10083),#10081);
#10086=DIRECTION('',(9.797706459687E-1,2.001236650127E-1,0.E0));
#10087=VECTOR('',#10086,2.126344734853E-1);
#10088=CARTESIAN_POINT('',(-4.948037953361E0,-4.856990624292E0,-3.E-2));
#10089=LINE('',#10088,#10087);
#10091=CURVE_STYLE('',#21,POSITIVE_LENGTH_MEASURE(2.E-2),#10);
#10092=PRESENTATION_STYLE_ASSIGNMENT((#10091));
#10093=STYLED_ITEM('',(#10092),#10090);
#10095=DIRECTION('',(8.906056140048E-1,4.547764728998E-1,0.E0));
#10096=VECTOR('',#10095,1.871389332576E-1);
#10097=CARTESIAN_POINT('',(-4.739704937919E0,-4.814437434150E0,-3.E-2));
#10098=LINE('',#10097,#10096);
#10100=CURVE_STYLE('',#21,POSITIVE_LENGTH_MEASURE(2.E-2),#10);
#10101=PRESENTATION_STYLE_ASSIGNMENT((#10100));
#10102=STYLED_ITEM('',(#10101),#10099);
#10104=DIRECTION('',(6.996254851765E-1,7.145097483531E-1,0.E0));
#10105=VECTOR('',#10104,2.382231466541E-1);
#10106=CARTESIAN_POINT('',(-4.573037953361E0,-4.729331050141E0,-3.E-2));
#10107=LINE('',#10106,#10105);
#10109=CURVE_STYLE('',#21,POSITIVE_LENGTH_MEASURE(2.E-2),#10);
#10110=PRESENTATION_STYLE_ASSIGNMENT((#10109));
#10111=STYLED_ITEM('',(#10110),#10108);
#10113=DIRECTION('',(4.397120806629E-1,8.981387900092E-1,0.E0));
#10114=VECTOR('',#10113,1.895172298115E-1);
#10115=CARTESIAN_POINT('',(-4.406370968803E0,-4.559118289573E0,-3.E-2));
#10116=LINE('',#10115,#10114);
#10118=CURVE_STYLE('',#21,POSITIVE_LENGTH_MEASURE(2.E-2),#10);
#10119=PRESENTATION_STYLE_ASSIGNMENT((#10118));
#10120=STYLED_ITEM('',(#10119),#10117);
#10122=DIRECTION('',(1.921842654987E-1,9.813588579591E-1,0.E0));
#10123=VECTOR('',#10122,2.168074709445E-1);
#10124=CARTESIAN_POINT('',(-4.323037953361E0,-4.388905514105E0,-3.E-2));
#10125=LINE('',#10124,#10123);
#10127=CURVE_STYLE('',#21,POSITIVE_LENGTH_MEASURE(2.E-2),#10);
#10128=PRESENTATION_STYLE_ASSIGNMENT((#10127));
#10129=STYLED_ITEM('',(#10128),#10126);
#10131=DIRECTION('',(0.E0,1.E0,0.E0));
#10132=VECTOR('',#10131,6.382978558540E-1);
#10133=CARTESIAN_POINT('',(-4.281370968803E0,-4.176139582022E0,-3.E-2));
#10134=LINE('',#10133,#10132);
#10136=CURVE_STYLE('',#21,POSITIVE_LENGTH_MEASURE(2.E-2),#10);
#10137=PRESENTATION_STYLE_ASSIGNMENT((#10136));
#10138=STYLED_ITEM('',(#10137),#10135);
#10140=DIRECTION('',(-1.921841617981E-1,9.813588782673E-1,0.E0));
#10141=VECTOR('',#10140,2.168075879316E-1);
#10142=CARTESIAN_POINT('',(-4.281370968803E0,-3.537841726167E0,-3.E-2));
#10143=LINE('',#10142,#10141);
#10145=CURVE_STYLE('',#21,POSITIVE_LENGTH_MEASURE(2.E-2),#10);
#10146=PRESENTATION_STYLE_ASSIGNMENT((#10145));
#10147=STYLED_ITEM('',(#10146),#10144);
#10149=DIRECTION('',(-4.397121427660E-1,8.981387596046E-1,0.E0));
#10150=VECTOR('',#10149,1.895172030449E-1);
#10151=CARTESIAN_POINT('',(-4.323037953361E0,-3.325075674875E0,-3.E-2));
#10152=LINE('',#10151,#10150);
#10154=CURVE_STYLE('',#21,POSITIVE_LENGTH_MEASURE(2.E-2),#10);
#10155=PRESENTATION_STYLE_ASSIGNMENT((#10154));
#10156=STYLED_ITEM('',(#10155),#10153);
#10158=DIRECTION('',(-6.996255164452E-1,7.145097177357E-1,0.E0));
#10159=VECTOR('',#10158,2.382231360070E-1);
#10160=CARTESIAN_POINT('',(-4.406370968803E0,-3.154862929209E0,-3.E-2));
#10161=LINE('',#10160,#10159);
#10163=CURVE_STYLE('',#21,POSITIVE_LENGTH_MEASURE(2.E-2),#10);
#10164=PRESENTATION_STYLE_ASSIGNMENT((#10163));
#10165=STYLED_ITEM('',(#10164),#10162);
#10167=DIRECTION('',(-8.906056381928E-1,4.547764255314E-1,0.E0));
#10168=VECTOR('',#10167,1.871389281751E-1);
#10169=CARTESIAN_POINT('',(-4.573037953361E0,-2.984650183542E0,-3.E-2));
#10170=LINE('',#10169,#10168);
#10172=CURVE_STYLE('',#21,POSITIVE_LENGTH_MEASURE(2.E-2),#10);
#10173=PRESENTATION_STYLE_ASSIGNMENT((#10172));
#10174=STYLED_ITEM('',(#10173),#10171);
#10176=DIRECTION('',(-9.797706494039E-1,2.001236481946E-1,0.E0));
#10177=VECTOR('',#10176,2.126344727398E-1);
#10178=CARTESIAN_POINT('',(-4.739704937919E0,-2.899543810709E0,-3.E-2));
#10179=LINE('',#10178,#10177);
#10181=CURVE_STYLE('',#21,POSITIVE_LENGTH_MEASURE(2.E-2),#10);
#10182=PRESENTATION_STYLE_ASSIGNMENT((#10181));
#10183=STYLED_ITEM('',(#10182),#10180);
#10186=DIRECTION('',(1.E0,0.E0,0.E0));
#10187=VECTOR('',#10186,7.5E-1);
#10188=CARTESIAN_POINT('',(-5.698037953361E0,-3.112309742792E0,-3.E-2));
#10189=LINE('',#10188,#10187);
#10191=CURVE_STYLE('',#21,POSITIVE_LENGTH_MEASURE(2.E-2),#10);
#10192=PRESENTATION_STYLE_ASSIGNMENT((#10191));
#10193=STYLED_ITEM('',(#10192),#10190);
#10195=DIRECTION('',(9.689178307915E-1,-2.473827746112E-1,0.E0));
#10196=VECTOR('',#10195,1.720135384669E-1);
#10197=CARTESIAN_POINT('',(-4.948037953361E0,-3.112309742792E0,-3.E-2));
#10198=LINE('',#10197,#10196);
#10200=CURVE_STYLE('',#21,POSITIVE_LENGTH_MEASURE(2.E-2),#10);
#10201=PRESENTATION_STYLE_ASSIGNMENT((#10200));
#10202=STYLED_ITEM('',(#10201),#10199);
#10204=DIRECTION('',(8.265992787996E-1,-5.627909312417E-1,0.E0));
#10205=VECTOR('',#10204,1.512220046714E-1);
#10206=CARTESIAN_POINT('',(-4.781370968803E0,-3.154862929209E0,-3.E-2));
#10207=LINE('',#10206,#10205);
#10209=CURVE_STYLE('',#21,POSITIVE_LENGTH_MEASURE(2.E-2),#10);
#10210=PRESENTATION_STYLE_ASSIGNMENT((#10209));
#10211=STYLED_ITEM('',(#10210),#10208);
#10213=DIRECTION('',(5.466207265530E-1,-8.373803086428E-1,0.E0));
#10214=VECTOR('',#10213,1.524512543961E-1);
#10215=CARTESIAN_POINT('',(-4.656370968803E0,-3.239969302042E0,-3.E-2));
#10216=LINE('',#10215,#10214);
#10218=CURVE_STYLE('',#21,POSITIVE_LENGTH_MEASURE(2.E-2),#10);
#10219=PRESENTATION_STYLE_ASSIGNMENT((#10218));
#10220=STYLED_ITEM('',(#10219),#10217);
#10222=DIRECTION('',(2.377730639603E-1,-9.713207349042E-1,0.E0));
#10223=VECTOR('',#10222,1.752384557952E-1);
#10224=CARTESIAN_POINT('',(-4.573037953361E0,-3.367628980501E0,-3.E-2));
#10225=LINE('',#10224,#10223);
#10227=CURVE_STYLE('',#21,POSITIVE_LENGTH_MEASURE(2.E-2),#10);
#10228=PRESENTATION_STYLE_ASSIGNMENT((#10227));
#10229=STYLED_ITEM('',(#10228),#10226);
#10231=DIRECTION('',(0.E0,-1.E0,0.E0));
#10232=VECTOR('',#10231,6.382978558540E-1);
#10233=CARTESIAN_POINT('',(-4.531370968803E0,-3.537841726167E0,-3.E-2));
#10234=LINE('',#10233,#10232);
#10236=CURVE_STYLE('',#21,POSITIVE_LENGTH_MEASURE(2.E-2),#10);
#10237=PRESENTATION_STYLE_ASSIGNMENT((#10236));
#10238=STYLED_ITEM('',(#10237),#10235);
#10240=DIRECTION('',(-2.377730639603E-1,-9.713207349042E-1,0.E0));
#10241=VECTOR('',#10240,1.752384557952E-1);
#10242=CARTESIAN_POINT('',(-4.531370968803E0,-4.176139582022E0,-3.E-2));
#10243=LINE('',#10242,#10241);
#10245=CURVE_STYLE('',#21,POSITIVE_LENGTH_MEASURE(2.E-2),#10);
#10246=PRESENTATION_STYLE_ASSIGNMENT((#10245));
#10247=STYLED_ITEM('',(#10246),#10244);
#10249=DIRECTION('',(-5.466210844748E-1,-8.373800750004E-1,0.E0));
#10250=VECTOR('',#10249,1.524511545726E-1);
#10251=CARTESIAN_POINT('',(-4.573037953361E0,-4.346352327688E0,-3.E-2));
#10252=LINE('',#10251,#10250);
#10254=CURVE_STYLE('',#21,POSITIVE_LENGTH_MEASURE(2.E-2),#10);
#10255=PRESENTATION_STYLE_ASSIGNMENT((#10254));
#10256=STYLED_ITEM('',(#10255),#10253);
#10258=DIRECTION('',(-8.265991871191E-1,-5.627910658975E-1,0.E0));
#10259=VECTOR('',#10258,1.512220214439E-1);
#10260=CARTESIAN_POINT('',(-4.656370968803E0,-4.474011886938E0,-3.E-2));
#10261=LINE('',#10260,#10259);
#10263=CURVE_STYLE('',#21,POSITIVE_LENGTH_MEASURE(2.E-2),#10);
#10264=PRESENTATION_STYLE_ASSIGNMENT((#10263));
#10265=STYLED_ITEM('',(#10264),#10262);
#10267=DIRECTION('',(-9.689178307915E-1,-2.473827746112E-1,0.E0));
#10268=VECTOR('',#10267,1.720135384669E-1);
#10269=CARTESIAN_POINT('',(-4.781370968803E0,-4.559118289573E0,-3.E-2));
#10270=LINE('',#10269,#10268);
#10272=CURVE_STYLE('',#21,POSITIVE_LENGTH_MEASURE(2.E-2),#10);
#10273=PRESENTATION_STYLE_ASSIGNMENT((#10272));
#10274=STYLED_ITEM('',(#10273),#10271);
#10276=DIRECTION('',(-1.E0,0.E0,0.E0));
#10277=VECTOR('',#10276,7.5E-1);
#10278=CARTESIAN_POINT('',(-4.948037953361E0,-4.601671475990E0,-3.E-2));
#10279=LINE('',#10278,#10277);
#10281=CURVE_STYLE('',#21,POSITIVE_LENGTH_MEASURE(2.E-2),#10);
#10282=PRESENTATION_STYLE_ASSIGNMENT((#10281));
#10283=STYLED_ITEM('',(#10282),#10280);
#10285=DIRECTION('',(0.E0,1.E0,0.E0));
#10286=VECTOR('',#10285,1.489361733198E0);
#10287=CARTESIAN_POINT('',(-5.698037953361E0,-4.601671475990E0,-3.E-2));
#10288=LINE('',#10287,#10286);
#10290=CURVE_STYLE('',#21,POSITIVE_LENGTH_MEASURE(2.E-2),#10);
#10291=PRESENTATION_STYLE_ASSIGNMENT((#10290));
#10292=STYLED_ITEM('',(#10291),#10289);
#10295=DIRECTION('',(0.E0,1.E0,0.E0));
#10296=VECTOR('',#10295,2.E0);
#10297=CARTESIAN_POINT('',(-3.698037953361E0,-4.856990624292E0,-3.E-2));
#10298=LINE('',#10297,#10296);
#10300=CURVE_STYLE('',#21,POSITIVE_LENGTH_MEASURE(2.E-2),#10);
#10301=PRESENTATION_STYLE_ASSIGNMENT((#10300));
#10302=STYLED_ITEM('',(#10301),#10299);
#10304=DIRECTION('',(-1.E0,0.E0,0.E0));
#10305=VECTOR('',#10304,2.5E-1);
#10306=CARTESIAN_POINT('',(-3.698037953361E0,-2.856990624292E0,-3.E-2));
#10307=LINE('',#10306,#10305);
#10309=CURVE_STYLE('',#21,POSITIVE_LENGTH_MEASURE(2.E-2),#10);
#10310=PRESENTATION_STYLE_ASSIGNMENT((#10309));
#10311=STYLED_ITEM('',(#10310),#10308);
#10313=DIRECTION('',(0.E0,-1.E0,0.E0));
#10314=VECTOR('',#10313,2.E0);
#10315=CARTESIAN_POINT('',(-3.948037953361E0,-2.856990624292E0,-3.E-2));
#10316=LINE('',#10315,#10314);
#10318=CURVE_STYLE('',#21,POSITIVE_LENGTH_MEASURE(2.E-2),#10);
#10319=PRESENTATION_STYLE_ASSIGNMENT((#10318));
#10320=STYLED_ITEM('',(#10319),#10317);
#10322=DIRECTION('',(1.E0,0.E0,0.E0));
#10323=VECTOR('',#10322,2.5E-1);
#10324=CARTESIAN_POINT('',(-3.948037953361E0,-4.856990624292E0,-3.E-2));
#10325=LINE('',#10324,#10323);
#10327=CURVE_STYLE('',#21,POSITIVE_LENGTH_MEASURE(2.E-2),#10);
#10328=PRESENTATION_STYLE_ASSIGNMENT((#10327));
#10329=STYLED_ITEM('',(#10328),#10326);
#10332=DIRECTION('',(1.E0,0.E0,0.E0));
#10333=VECTOR('',#10332,7.083339691162E-1);
#10334=CARTESIAN_POINT('',(-3.114704937919E0,-3.963373590334E0,-3.E-2));
#10335=LINE('',#10334,#10333);
#10337=CURVE_STYLE('',#21,POSITIVE_LENGTH_MEASURE(2.E-2),#10);
#10338=PRESENTATION_STYLE_ASSIGNMENT((#10337));
#10339=STYLED_ITEM('',(#10338),#10336);
#10341=DIRECTION('',(3.494927993883E-1,-9.369390498724E-1,0.E0));
#10342=VECTOR('',#10341,9.537621834421E-1);
#10343=CARTESIAN_POINT('',(-2.406370968803E0,-3.963373590334E0,-3.E-2));
#10344=LINE('',#10343,#10342);
#10346=CURVE_STYLE('',#21,POSITIVE_LENGTH_MEASURE(2.E-2),#10);
#10347=PRESENTATION_STYLE_ASSIGNMENT((#10346));
#10348=STYLED_ITEM('',(#10347),#10345);
#10350=DIRECTION('',(1.E0,0.E0,0.E0));
#10351=VECTOR('',#10350,2.916669845581E-1);
#10352=CARTESIAN_POINT('',(-2.073037953361E0,-4.856990624292E0,-3.E-2));
#10353=LINE('',#10352,#10351);
#10355=CURVE_STYLE('',#21,POSITIVE_LENGTH_MEASURE(2.E-2),#10);
#10356=PRESENTATION_STYLE_ASSIGNMENT((#10355));
#10357=STYLED_ITEM('',(#10356),#10354);
#10359=DIRECTION('',(-3.577885126009E-1,9.338026452366E-1,0.E0));
#10360=VECTOR('',#10359,1.048105198442E0);
#10361=CARTESIAN_POINT('',(-1.781370968803E0,-4.856990624292E0,-3.E-2));
#10362=LINE('',#10361,#10360);
#10364=CURVE_STYLE('',#21,POSITIVE_LENGTH_MEASURE(2.E-2),#10);
#10365=PRESENTATION_STYLE_ASSIGNMENT((#10364));
#10366=STYLED_ITEM('',(#10365),#10363);
#10368=DIRECTION('',(8.906045842070E-1,4.547784895854E-1,0.E0));
#10369=VECTOR('',#10368,1.871380788279E-1);
#10370=CARTESIAN_POINT('',(-2.156370968803E0,-3.878267217501E0,-3.E-2));
#10371=LINE('',#10370,#10369);
#10373=CURVE_STYLE('',#21,POSITIVE_LENGTH_MEASURE(2.E-2),#10);
#10374=PRESENTATION_STYLE_ASSIGNMENT((#10373));
#10375=STYLED_ITEM('',(#10374),#10372);
#10377=DIRECTION('',(5.919095487496E-1,8.060043958311E-1,0.E0));
#10378=VECTOR('',#10377,2.111809148274E-1);
#10379=CARTESIAN_POINT('',(-1.989704937919E0,-3.793160844667E0,-3.E-2));
#10380=LINE('',#10379,#10378);
#10382=CURVE_STYLE('',#21,POSITIVE_LENGTH_MEASURE(2.E-2),#10);
#10383=PRESENTATION_STYLE_ASSIGNMENT((#10382));
#10384=STYLED_ITEM('',(#10383),#10381);
#10386=DIRECTION('',(3.102822043116E-1,9.506444938501E-1,0.E0));
#10387=VECTOR('',#10386,1.342873809039E-1);
#10388=CARTESIAN_POINT('',(-1.864704937919E0,-3.622948099001E0,-3.E-2));
#10389=LINE('',#10388,#10387);
#10391=CURVE_STYLE('',#21,POSITIVE_LENGTH_MEASURE(2.E-2),#10);
#10392=PRESENTATION_STYLE_ASSIGNMENT((#10391));
#10393=STYLED_ITEM('',(#10392),#10390);
#10395=DIRECTION('',(0.E0,1.E0,0.E0));
#10396=VECTOR('',#10395,1.702128648758E-1);
#10397=CARTESIAN_POINT('',(-1.823037953361E0,-3.495288539751E0,-3.E-2));
#10398=LINE('',#10397,#10396);
#10400=CURVE_STYLE('',#21,POSITIVE_LENGTH_MEASURE(2.E-2),#10);
#10401=PRESENTATION_STYLE_ASSIGNMENT((#10400));
#10402=STYLED_ITEM('',(#10401),#10399);
#10404=DIRECTION('',(-3.102822043116E-1,9.506444938501E-1,0.E0));
#10405=VECTOR('',#10404,1.342873809039E-1);
#10406=CARTESIAN_POINT('',(-1.823037953361E0,-3.325075674875E0,-3.E-2));
#10407=LINE('',#10406,#10405);
#10409=CURVE_STYLE('',#21,POSITIVE_LENGTH_MEASURE(2.E-2),#10);
#10410=PRESENTATION_STYLE_ASSIGNMENT((#10409));
#10411=STYLED_ITEM('',(#10410),#10408);
#10413=DIRECTION('',(-5.919095487496E-1,8.060043958311E-1,0.E0));
#10414=VECTOR('',#10413,2.111809148274E-1);
#10415=CARTESIAN_POINT('',(-1.864704937919E0,-3.197416115625E0,-3.E-2));
#10416=LINE('',#10415,#10414);
#10418=CURVE_STYLE('',#21,POSITIVE_LENGTH_MEASURE(2.E-2),#10);
#10419=PRESENTATION_STYLE_ASSIGNMENT((#10418));
#10420=STYLED_ITEM('',(#10419),#10417);
#10422=DIRECTION('',(-7.938770612153E-1,6.080782940346E-1,0.E0));
#10423=VECTOR('',#10422,2.099393458083E-1);
#10424=CARTESIAN_POINT('',(-1.989704937919E0,-3.027203369959E0,-3.E-2));
#10425=LINE('',#10424,#10423);
#10427=CURVE_STYLE('',#21,POSITIVE_LENGTH_MEASURE(2.E-2),#10);
#10428=PRESENTATION_STYLE_ASSIGNMENT((#10427));
#10429=STYLED_ITEM('',(#10428),#10426);
#10431=DIRECTION('',(-9.797708290262E-1,2.001227687928E-1,0.E0));
#10432=VECTOR('',#10431,2.126354071220E-1);
#10433=CARTESIAN_POINT('',(-2.156370968803E0,-2.899543810709E0,-3.E-2));
#10434=LINE('',#10433,#10432);
#10436=CURVE_STYLE('',#21,POSITIVE_LENGTH_MEASURE(2.E-2),#10);
#10437=PRESENTATION_STYLE_ASSIGNMENT((#10436));
#10438=STYLED_ITEM('',(#10437),#10435);
#10440=DIRECTION('',(-1.E0,0.E0,0.E0));
#10441=VECTOR('',#10440,1.E0);
#10442=CARTESIAN_POINT('',(-2.364704937919E0,-2.856990624292E0,-3.E-2));
#10443=LINE('',#10442,#10441);
#10445=CURVE_STYLE('',#21,POSITIVE_LENGTH_MEASURE(2.E-2),#10);
#10446=PRESENTATION_STYLE_ASSIGNMENT((#10445));
#10447=STYLED_ITEM('',(#10446),#10444);
#10449=DIRECTION('',(0.E0,-1.E0,0.E0));
#10450=VECTOR('',#10449,2.E0);
#10451=CARTESIAN_POINT('',(-3.364704937919E0,-2.856990624292E0,-3.E-2));
#10452=LINE('',#10451,#10450);
#10454=CURVE_STYLE('',#21,POSITIVE_LENGTH_MEASURE(2.E-2),#10);
#10455=PRESENTATION_STYLE_ASSIGNMENT((#10454));
#10456=STYLED_ITEM('',(#10455),#10453);
#10458=DIRECTION('',(1.E0,0.E0,0.E0));
#10459=VECTOR('',#10458,2.5E-1);
#10460=CARTESIAN_POINT('',(-3.364704937919E0,-4.856990624292E0,-3.E-2));
#10461=LINE('',#10460,#10459);
#10463=CURVE_STYLE('',#21,POSITIVE_LENGTH_MEASURE(2.E-2),#10);
#10464=PRESENTATION_STYLE_ASSIGNMENT((#10463));
#10465=STYLED_ITEM('',(#10464),#10462);
#10467=DIRECTION('',(0.E0,1.E0,0.E0));
#10468=VECTOR('',#10467,8.936170339584E-1);
#10469=CARTESIAN_POINT('',(-3.114704937919E0,-4.856990624292E0,-3.E-2));
#10470=LINE('',#10469,#10468);
#10472=CURVE_STYLE('',#21,POSITIVE_LENGTH_MEASURE(2.E-2),#10);
#10473=PRESENTATION_STYLE_ASSIGNMENT((#10472));
#10474=STYLED_ITEM('',(#10473),#10471);
#10477=DIRECTION('',(-1.E0,0.E0,0.E0));
#10478=VECTOR('',#10477,7.916669845581E-1);
#10479=CARTESIAN_POINT('',(-2.323037953361E0,-3.708054471834E0,-3.E-2));
#10480=LINE('',#10479,#10478);
#10482=CURVE_STYLE('',#21,POSITIVE_LENGTH_MEASURE(2.E-2),#10);
#10483=PRESENTATION_STYLE_ASSIGNMENT((#10482));
#10484=STYLED_ITEM('',(#10483),#10481);
#10486=DIRECTION('',(0.E0,1.E0,0.E0));
#10487=VECTOR('',#10486,6.382979154587E-1);
#10488=CARTESIAN_POINT('',(-3.114704937919E0,-3.708054471834E0,-3.E-2));
#10489=LINE('',#10488,#10487);
#10491=CURVE_STYLE('',#21,POSITIVE_LENGTH_MEASURE(2.E-2),#10);
#10492=PRESENTATION_STYLE_ASSIGNMENT((#10491));
#10493=STYLED_ITEM('',(#10492),#10490);
#10495=DIRECTION('',(1.E0,0.E0,0.E0));
#10496=VECTOR('',#10495,7.916669845581E-1);
#10497=CARTESIAN_POINT('',(-3.114704937919E0,-3.069756556375E0,-3.E-2));
#10498=LINE('',#10497,#10496);
#10500=CURVE_STYLE('',#21,POSITIVE_LENGTH_MEASURE(2.E-2),#10);
#10501=PRESENTATION_STYLE_ASSIGNMENT((#10500));
#10502=STYLED_ITEM('',(#10501),#10499);
#10504=DIRECTION('',(9.466499177700E-1,-3.222637633772E-1,0.E0));
#10505=VECTOR('',#10504,1.320445897196E-1);
#10506=CARTESIAN_POINT('',(-2.323037953361E0,-3.069756556375E0,-3.E-2));
#10507=LINE('',#10506,#10505);
#10509=CURVE_STYLE('',#21,POSITIVE_LENGTH_MEASURE(2.E-2),#10);
#10510=PRESENTATION_STYLE_ASSIGNMENT((#10509));
#10511=STYLED_ITEM('',(#10510),#10508);
#10513=DIRECTION('',(6.996234726647E-1,-7.145117189358E-1,0.E0));
#10514=VECTOR('',#10513,1.191112343966E-1);
#10515=CARTESIAN_POINT('',(-2.198037953361E0,-3.112309742792E0,-3.E-2));
#10516=LINE('',#10515,#10514);
#10518=CURVE_STYLE('',#21,POSITIVE_LENGTH_MEASURE(2.E-2),#10);
#10519=PRESENTATION_STYLE_ASSIGNMENT((#10518));
#10520=STYLED_ITEM('',(#10519),#10517);
#10522=DIRECTION('',(3.102822043116E-1,-9.506444938501E-1,0.E0));
#10523=VECTOR('',#10522,1.342873809039E-1);
#10524=CARTESIAN_POINT('',(-2.114704937919E0,-3.197416115625E0,-3.E-2));
#10525=LINE('',#10524,#10523);
#10527=CURVE_STYLE('',#21,POSITIVE_LENGTH_MEASURE(2.E-2),#10);
#10528=PRESENTATION_STYLE_ASSIGNMENT((#10527));
#10529=STYLED_ITEM('',(#10528),#10526);
#10531=DIRECTION('',(0.E0,-1.E0,0.E0));
#10532=VECTOR('',#10531,1.276596784592E-1);
#10533=CARTESIAN_POINT('',(-2.073037953361E0,-3.325075674875E0,-3.E-2));
#10534=LINE('',#10533,#10532);
#10536=CURVE_STYLE('',#21,POSITIVE_LENGTH_MEASURE(2.E-2),#10);
#10537=PRESENTATION_STYLE_ASSIGNMENT((#10536));
#10538=STYLED_ITEM('',(#10537),#10535);
#10540=DIRECTION('',(-3.102822043116E-1,-9.506444938501E-1,0.E0));
#10541=VECTOR('',#10540,1.342873809039E-1);
#10542=CARTESIAN_POINT('',(-2.073037953361E0,-3.452735353334E0,-3.E-2));
#10543=LINE('',#10542,#10541);
#10545=CURVE_STYLE('',#21,POSITIVE_LENGTH_MEASURE(2.E-2),#10);
#10546=PRESENTATION_STYLE_ASSIGNMENT((#10545));
#10547=STYLED_ITEM('',(#10546),#10544);
#10549=DIRECTION('',(-6.996234726647E-1,-7.145117189358E-1,0.E0));
#10550=VECTOR('',#10549,1.191112343966E-1);
#10551=CARTESIAN_POINT('',(-2.114704937919E0,-3.580394912584E0,-3.E-2));
#10552=LINE('',#10551,#10550);
#10554=CURVE_STYLE('',#21,POSITIVE_LENGTH_MEASURE(2.E-2),#10);
#10555=PRESENTATION_STYLE_ASSIGNMENT((#10554));
#10556=STYLED_ITEM('',(#10555),#10553);
#10558=DIRECTION('',(-9.466499177700E-1,-3.222637633772E-1,0.E0));
#10559=VECTOR('',#10558,1.320445897196E-1);
#10560=CARTESIAN_POINT('',(-2.198037953361E0,-3.665501285417E0,-3.E-2));
#10561=LINE('',#10560,#10559);
#10563=CURVE_STYLE('',#21,POSITIVE_LENGTH_MEASURE(2.E-2),#10);
#10564=PRESENTATION_STYLE_ASSIGNMENT((#10563));
#10565=STYLED_ITEM('',(#10564),#10562);
#10568=DIRECTION('',(-1.E0,0.E0,0.E0));
#10569=VECTOR('',#10568,1.25E0);
#10570=CARTESIAN_POINT('',(5.196204663861E-2,-4.601671475990E0,-3.E-2));
#10571=LINE('',#10570,#10569);
#10573=CURVE_STYLE('',#21,POSITIVE_LENGTH_MEASURE(2.E-2),#10);
#10574=PRESENTATION_STYLE_ASSIGNMENT((#10573));
#10575=STYLED_ITEM('',(#10574),#10572);
#10577=DIRECTION('',(0.E0,1.E0,0.E0));
#10578=VECTOR('',#10577,6.808510720730E-1);
#10579=CARTESIAN_POINT('',(-1.198037953361E0,-4.601671475990E0,-3.E-2));
#10580=LINE('',#10579,#10578);
#10582=CURVE_STYLE('',#21,POSITIVE_LENGTH_MEASURE(2.E-2),#10);
#10583=PRESENTATION_STYLE_ASSIGNMENT((#10582));
#10584=STYLED_ITEM('',(#10583),#10581);
#10586=DIRECTION('',(1.E0,0.E0,0.E0));
#10587=VECTOR('',#10586,1.083333015442E0);
#10588=CARTESIAN_POINT('',(-1.198037953361E0,-3.920820403917E0,-3.E-2));
#10589=LINE('',#10588,#10587);
#10591=CURVE_STYLE('',#21,POSITIVE_LENGTH_MEASURE(2.E-2),#10);
#10592=PRESENTATION_STYLE_ASSIGNMENT((#10591));
#10593=STYLED_ITEM('',(#10592),#10590);
#10595=DIRECTION('',(0.E0,1.E0,0.E0));
#10596=VECTOR('',#10595,2.553191184998E-1);
#10597=CARTESIAN_POINT('',(-1.147049379195E-1,-3.920820403917E0,-3.E-2));
#10598=LINE('',#10597,#10596);
#10600=CURVE_STYLE('',#21,POSITIVE_LENGTH_MEASURE(2.E-2),#10);
#10601=PRESENTATION_STYLE_ASSIGNMENT((#10600));
#10602=STYLED_ITEM('',(#10601),#10599);
#10604=DIRECTION('',(-1.E0,0.E0,0.E0));
#10605=VECTOR('',#10604,1.083333015442E0);
#10606=CARTESIAN_POINT('',(-1.147049379195E-1,-3.665501285417E0,-3.E-2));
#10607=LINE('',#10606,#10605);
#10609=CURVE_STYLE('',#21,POSITIVE_LENGTH_MEASURE(2.E-2),#10);
#10610=PRESENTATION_STYLE_ASSIGNMENT((#10609));
#10611=STYLED_ITEM('',(#10610),#10608);
#10613=DIRECTION('',(0.E0,1.E0,0.E0));
#10614=VECTOR('',#10613,5.531915426254E-1);
#10615=CARTESIAN_POINT('',(-1.198037953361E0,-3.665501285417E0,-3.E-2));
#10616=LINE('',#10615,#10614);
#10618=CURVE_STYLE('',#21,POSITIVE_LENGTH_MEASURE(2.E-2),#10);
#10619=PRESENTATION_STYLE_ASSIGNMENT((#10618));
#10620=STYLED_ITEM('',(#10619),#10617);
#10622=DIRECTION('',(1.E0,0.E0,0.E0));
#10623=VECTOR('',#10622,1.25E0);
#10624=CARTESIAN_POINT('',(-1.198037953361E0,-3.112309742792E0,-3.E-2));
#10625=LINE('',#10624,#10623);
#10627=CURVE_STYLE('',#21,POSITIVE_LENGTH_MEASURE(2.E-2),#10);
#10628=PRESENTATION_STYLE_ASSIGNMENT((#10627));
#10629=STYLED_ITEM('',(#10628),#10626);
#10631=DIRECTION('',(0.E0,1.E0,0.E0));
#10632=VECTOR('',#10631,2.553191184998E-1);
#10633=CARTESIAN_POINT('',(5.196204663861E-2,-3.112309742792E0,-3.E-2));
#10634=LINE('',#10633,#10632);
#10636=CURVE_STYLE('',#21,POSITIVE_LENGTH_MEASURE(2.E-2),#10);
#10637=PRESENTATION_STYLE_ASSIGNMENT((#10636));
#10638=STYLED_ITEM('',(#10637),#10635);
#10640=DIRECTION('',(-1.E0,0.E0,0.E0));
#10641=VECTOR('',#10640,1.5E0);
#10642=CARTESIAN_POINT('',(5.196204663861E-2,-2.856990624292E0,-3.E-2));
#10643=LINE('',#10642,#10641);
#10645=CURVE_STYLE('',#21,POSITIVE_LENGTH_MEASURE(2.E-2),#10);
#10646=PRESENTATION_STYLE_ASSIGNMENT((#10645));
#10647=STYLED_ITEM('',(#10646),#10644);
#10649=DIRECTION('',(0.E0,-1.E0,0.E0));
#10650=VECTOR('',#10649,2.E0);
#10651=CARTESIAN_POINT('',(-1.448037953361E0,-2.856990624292E0,-3.E-2));
#10652=LINE('',#10651,#10650);
#10654=CURVE_STYLE('',#21,POSITIVE_LENGTH_MEASURE(2.E-2),#10);
#10655=PRESENTATION_STYLE_ASSIGNMENT((#10654));
#10656=STYLED_ITEM('',(#10655),#10653);
#10658=DIRECTION('',(1.E0,0.E0,0.E0));
#10659=VECTOR('',#10658,1.5E0);
#10660=CARTESIAN_POINT('',(-1.448037953361E0,-4.856990624292E0,-3.E-2));
#10661=LINE('',#10660,#10659);
#10663=CURVE_STYLE('',#21,POSITIVE_LENGTH_MEASURE(2.E-2),#10);
#10664=PRESENTATION_STYLE_ASSIGNMENT((#10663));
#10665=STYLED_ITEM('',(#10664),#10662);
#10667=DIRECTION('',(0.E0,1.E0,0.E0));
#10668=VECTOR('',#10667,2.553191483021E-1);
#10669=CARTESIAN_POINT('',(5.196204663861E-2,-4.856990624292E0,-3.E-2));
#10670=LINE('',#10669,#10668);
#10672=CURVE_STYLE('',#21,POSITIVE_LENGTH_MEASURE(2.E-2),#10);
#10673=PRESENTATION_STYLE_ASSIGNMENT((#10672));
#10674=STYLED_ITEM('',(#10673),#10671);
#10677=DIRECTION('',(-1.E0,0.E0,0.E0));
#10678=VECTOR('',#10677,2.5E-1);
#10679=CARTESIAN_POINT('',(2.010296015755E0,-4.346352327688E0,-3.E-2));
#10680=LINE('',#10679,#10678);
#10682=CURVE_STYLE('',#21,POSITIVE_LENGTH_MEASURE(2.E-2),#10);
#10683=PRESENTATION_STYLE_ASSIGNMENT((#10682));
#10684=STYLED_ITEM('',(#10683),#10681);
#10686=DIRECTION('',(-3.102886223117E-1,-9.506423990460E-1,0.E0));
#10687=VECTOR('',#10686,1.342876768152E-1);
#10688=CARTESIAN_POINT('',(1.760296015755E0,-4.346352327688E0,-3.E-2));
#10689=LINE('',#10688,#10687);
#10691=CURVE_STYLE('',#21,POSITIVE_LENGTH_MEASURE(2.E-2),#10);
#10692=PRESENTATION_STYLE_ASSIGNMENT((#10691));
#10693=STYLED_ITEM('',(#10692),#10690);
#10695=DIRECTION('',(-8.265991871191E-1,-5.627910658975E-1,0.E0));
#10696=VECTOR('',#10695,1.512220214439E-1);
#10697=CARTESIAN_POINT('',(1.718628077522E0,-4.474011886938E0,-3.E-2));
#10698=LINE('',#10697,#10696);
#10700=CURVE_STYLE('',#21,POSITIVE_LENGTH_MEASURE(2.E-2),#10);
#10701=PRESENTATION_STYLE_ASSIGNMENT((#10700));
#10702=STYLED_ITEM('',(#10701),#10699);
#10704=DIRECTION('',(-9.689174914946E-1,-2.473841035229E-1,0.E0));
#10705=VECTOR('',#10704,1.720126144350E-1);
#10706=CARTESIAN_POINT('',(1.593628077522E0,-4.559118289573E0,-3.E-2));
#10707=LINE('',#10706,#10705);
#10709=CURVE_STYLE('',#21,POSITIVE_LENGTH_MEASURE(2.E-2),#10);
#10710=PRESENTATION_STYLE_ASSIGNMENT((#10709));
#10711=STYLED_ITEM('',(#10710),#10708);
#10713=DIRECTION('',(-1.E0,0.E0,0.E0));
#10714=VECTOR('',#10713,3.75E-1);
#10715=CARTESIAN_POINT('',(1.426962046639E0,-4.601671475990E0,-3.E-2));
#10716=LINE('',#10715,#10714);
#10718=CURVE_STYLE('',#21,POSITIVE_LENGTH_MEASURE(2.E-2),#10);
#10719=PRESENTATION_STYLE_ASSIGNMENT((#10718));
#10720=STYLED_ITEM('',(#10719),#10717);
#10722=DIRECTION('',(-9.689178307915E-1,2.473827746112E-1,0.E0));
#10723=VECTOR('',#10722,1.720135384669E-1);
#10724=CARTESIAN_POINT('',(1.051962046639E0,-4.601671475990E0,-3.E-2));
#10725=LINE('',#10724,#10723);
#10727=CURVE_STYLE('',#21,POSITIVE_LENGTH_MEASURE(2.E-2),#10);
#10728=PRESENTATION_STYLE_ASSIGNMENT((#10727));
#10729=STYLED_ITEM('',(#10728),#10726);
#10731=DIRECTION('',(-8.265991871191E-1,5.627910658975E-1,0.E0));
#10732=VECTOR('',#10731,1.512220214439E-1);
#10733=CARTESIAN_POINT('',(8.852950620805E-1,-4.559118289573E0,-3.E-2));
#10734=LINE('',#10733,#10732);
#10736=CURVE_STYLE('',#21,POSITIVE_LENGTH_MEASURE(2.E-2),#10);
#10737=PRESENTATION_STYLE_ASSIGNMENT((#10736));
#10738=STYLED_ITEM('',(#10737),#10735);
#10740=DIRECTION('',(-5.466210844748E-1,8.373800750004E-1,0.E0));
#10741=VECTOR('',#10740,1.524511545726E-1);
#10742=CARTESIAN_POINT('',(7.602950620805E-1,-4.474011886938E0,-3.E-2));
#10743=LINE('',#10742,#10741);
#10745=CURVE_STYLE('',#21,POSITIVE_LENGTH_MEASURE(2.E-2),#10);
#10746=PRESENTATION_STYLE_ASSIGNMENT((#10745));
#10747=STYLED_ITEM('',(#10746),#10744);
#10749=DIRECTION('',(-2.377730639603E-1,9.713207349042E-1,0.E0));
#10750=VECTOR('',#10749,1.752384557952E-1);
#10751=CARTESIAN_POINT('',(6.769620466386E-1,-4.346352327688E0,-3.E-2));
#10752=LINE('',#10751,#10750);
#10754=CURVE_STYLE('',#21,POSITIVE_LENGTH_MEASURE(2.E-2),#10);
#10755=PRESENTATION_STYLE_ASSIGNMENT((#10754));
#10756=STYLED_ITEM('',(#10755),#10753);
#10758=DIRECTION('',(0.E0,1.E0,0.E0));
#10759=VECTOR('',#10758,6.382978558540E-1);
#10760=CARTESIAN_POINT('',(6.352950620805E-1,-4.176139582022E0,-3.E-2));
#10761=LINE('',#10760,#10759);
#10763=CURVE_STYLE('',#21,POSITIVE_LENGTH_MEASURE(2.E-2),#10);
#10764=PRESENTATION_STYLE_ASSIGNMENT((#10763));
#10765=STYLED_ITEM('',(#10764),#10762);
#10767=DIRECTION('',(2.377730639603E-1,9.713207349042E-1,0.E0));
#10768=VECTOR('',#10767,1.752384557952E-1);
#10769=CARTESIAN_POINT('',(6.352950620805E-1,-3.537841726167E0,-3.E-2));
#10770=LINE('',#10769,#10768);
#10772=CURVE_STYLE('',#21,POSITIVE_LENGTH_MEASURE(2.E-2),#10);
#10773=PRESENTATION_STYLE_ASSIGNMENT((#10772));
#10774=STYLED_ITEM('',(#10773),#10771);
#10776=DIRECTION('',(5.466207265530E-1,8.373803086428E-1,0.E0));
#10777=VECTOR('',#10776,1.524512543961E-1);
#10778=CARTESIAN_POINT('',(6.769620466386E-1,-3.367628980501E0,-3.E-2));
#10779=LINE('',#10778,#10777);
#10781=CURVE_STYLE('',#21,POSITIVE_LENGTH_MEASURE(2.E-2),#10);
#10782=PRESENTATION_STYLE_ASSIGNMENT((#10781));
#10783=STYLED_ITEM('',(#10782),#10780);
#10785=DIRECTION('',(8.265992787996E-1,5.627909312417E-1,0.E0));
#10786=VECTOR('',#10785,1.512220046714E-1);
#10787=CARTESIAN_POINT('',(7.602950620805E-1,-3.239969302042E0,-3.E-2));
#10788=LINE('',#10787,#10786);
#10790=CURVE_STYLE('',#21,POSITIVE_LENGTH_MEASURE(2.E-2),#10);
#10791=PRESENTATION_STYLE_ASSIGNMENT((#10790));
#10792=STYLED_ITEM('',(#10791),#10789);
#10794=DIRECTION('',(9.689178307915E-1,2.473827746112E-1,0.E0));
#10795=VECTOR('',#10794,1.720135384669E-1);
#10796=CARTESIAN_POINT('',(8.852950620805E-1,-3.154862929209E0,-3.E-2));
#10797=LINE('',#10796,#10795);
#10799=CURVE_STYLE('',#21,POSITIVE_LENGTH_MEASURE(2.E-2),#10);
#10800=PRESENTATION_STYLE_ASSIGNMENT((#10799));
#10801=STYLED_ITEM('',(#10800),#10798);
#10803=DIRECTION('',(1.E0,0.E0,0.E0));
#10804=VECTOR('',#10803,3.75E-1);
#10805=CARTESIAN_POINT('',(1.051962046639E0,-3.112309742792E0,-3.E-2));
#10806=LINE('',#10805,#10804);
#10808=CURVE_STYLE('',#21,POSITIVE_LENGTH_MEASURE(2.E-2),#10);
#10809=PRESENTATION_STYLE_ASSIGNMENT((#10808));
#10810=STYLED_ITEM('',(#10809),#10807);
#10812=DIRECTION('',(9.689174914946E-1,-2.473841035229E-1,0.E0));
#10813=VECTOR('',#10812,1.720126144350E-1);
#10814=CARTESIAN_POINT('',(1.426962046639E0,-3.112309742792E0,-3.E-2));
#10815=LINE('',#10814,#10813);
#10817=CURVE_STYLE('',#21,POSITIVE_LENGTH_MEASURE(2.E-2),#10);
#10818=PRESENTATION_STYLE_ASSIGNMENT((#10817));
#10819=STYLED_ITEM('',(#10818),#10816);
#10821=DIRECTION('',(8.265992787996E-1,-5.627909312417E-1,0.E0));
#10822=VECTOR('',#10821,1.512220046714E-1);
#10823=CARTESIAN_POINT('',(1.593628077522E0,-3.154862929209E0,-3.E-2));
#10824=LINE('',#10823,#10822);
#10826=CURVE_STYLE('',#21,POSITIVE_LENGTH_MEASURE(2.E-2),#10);
#10827=PRESENTATION_STYLE_ASSIGNMENT((#10826));
#10828=STYLED_ITEM('',(#10827),#10825);
#10830=DIRECTION('',(3.102883604593E-1,-9.506424845143E-1,0.E0));
#10831=VECTOR('',#10830,1.342877901406E-1);
#10832=CARTESIAN_POINT('',(1.718628077522E0,-3.239969302042E0,-3.E-2));
#10833=LINE('',#10832,#10831);
#10835=CURVE_STYLE('',#21,POSITIVE_LENGTH_MEASURE(2.E-2),#10);
#10836=PRESENTATION_STYLE_ASSIGNMENT((#10835));
#10837=STYLED_ITEM('',(#10836),#10834);
#10839=DIRECTION('',(1.E0,0.E0,0.E0));
#10840=VECTOR('',#10839,2.5E-1);
#10841=CARTESIAN_POINT('',(1.760296015755E0,-3.367628980501E0,-3.E-2));
#10842=LINE('',#10841,#10840);
#10844=CURVE_STYLE('',#21,POSITIVE_LENGTH_MEASURE(2.E-2),#10);
#10845=PRESENTATION_STYLE_ASSIGNMENT((#10844));
#10846=STYLED_ITEM('',(#10845),#10843);
#10848=DIRECTION('',(-1.921883980402E-1,9.813580486544E-1,0.E0));
#10849=VECTOR('',#10848,2.168077712148E-1);
#10850=CARTESIAN_POINT('',(2.010296015755E0,-3.367628980501E0,-3.E-2));
#10851=LINE('',#10850,#10849);
#10853=CURVE_STYLE('',#21,POSITIVE_LENGTH_MEASURE(2.E-2),#10);
#10854=PRESENTATION_STYLE_ASSIGNMENT((#10853));
#10855=STYLED_ITEM('',(#10854),#10852);
#10857=DIRECTION('',(-6.996234726647E-1,7.145117189358E-1,0.E0));
#10858=VECTOR('',#10857,2.382224687931E-1);
#10859=CARTESIAN_POINT('',(1.968628077522E0,-3.154862929209E0,-3.E-2));
#10860=LINE('',#10859,#10858);
#10862=CURVE_STYLE('',#21,POSITIVE_LENGTH_MEASURE(2.E-2),#10);
#10863=PRESENTATION_STYLE_ASSIGNMENT((#10862));
#10864=STYLED_ITEM('',(#10863),#10861);
#10866=DIRECTION('',(-8.906045842070E-1,4.547784895854E-1,0.E0));
#10867=VECTOR('',#10866,1.871380788279E-1);
#10868=CARTESIAN_POINT('',(1.801962046639E0,-2.984650183542E0,-3.E-2));
#10869=LINE('',#10868,#10867);
#10871=CURVE_STYLE('',#21,POSITIVE_LENGTH_MEASURE(2.E-2),#10);
#10872=PRESENTATION_STYLE_ASSIGNMENT((#10871));
#10873=STYLED_ITEM('',(#10872),#10870);
#10875=DIRECTION('',(-9.797708290262E-1,2.001227687928E-1,0.E0));
#10876=VECTOR('',#10875,2.126354071220E-1);
#10877=CARTESIAN_POINT('',(1.635296015755E0,-2.899543810709E0,-3.E-2));
#10878=LINE('',#10877,#10876);
#10880=CURVE_STYLE('',#21,POSITIVE_LENGTH_MEASURE(2.E-2),#10);
#10881=PRESENTATION_STYLE_ASSIGNMENT((#10880));
#10882=STYLED_ITEM('',(#10881),#10879);
#10884=DIRECTION('',(-1.E0,0.E0,0.E0));
#10885=VECTOR('',#10884,3.75E-1);
#10886=CARTESIAN_POINT('',(1.426962046639E0,-2.856990624292E0,-3.E-2));
#10887=LINE('',#10886,#10885);
#10889=CURVE_STYLE('',#21,POSITIVE_LENGTH_MEASURE(2.E-2),#10);
#10890=PRESENTATION_STYLE_ASSIGNMENT((#10889));
#10891=STYLED_ITEM('',(#10890),#10888);
#10893=DIRECTION('',(-9.797706494039E-1,-2.001236481946E-1,0.E0));
#10894=VECTOR('',#10893,2.126344727398E-1);
#10895=CARTESIAN_POINT('',(1.051962046639E0,-2.856990624292E0,-3.E-2));
#10896=LINE('',#10895,#10894);
#10898=CURVE_STYLE('',#21,POSITIVE_LENGTH_MEASURE(2.E-2),#10);
#10899=PRESENTATION_STYLE_ASSIGNMENT((#10898));
#10900=STYLED_ITEM('',(#10899),#10897);
#10902=DIRECTION('',(-8.906056381928E-1,-4.547764255314E-1,0.E0));
#10903=VECTOR('',#10902,1.871389281751E-1);
#10904=CARTESIAN_POINT('',(8.436290311967E-1,-2.899543810709E0,-3.E-2));
#10905=LINE('',#10904,#10903);
#10907=CURVE_STYLE('',#21,POSITIVE_LENGTH_MEASURE(2.E-2),#10);
#10908=PRESENTATION_STYLE_ASSIGNMENT((#10907));
#10909=STYLED_ITEM('',(#10908),#10906);
#10911=DIRECTION('',(-6.996255164452E-1,-7.145097177357E-1,0.E0));
#10912=VECTOR('',#10911,2.382231360070E-1);
#10913=CARTESIAN_POINT('',(6.769620466386E-1,-2.984650183542E0,-3.E-2));
#10914=LINE('',#10913,#10912);
#10916=CURVE_STYLE('',#21,POSITIVE_LENGTH_MEASURE(2.E-2),#10);
#10917=PRESENTATION_STYLE_ASSIGNMENT((#10916));
#10918=STYLED_ITEM('',(#10917),#10915);
#10920=DIRECTION('',(-4.397121427660E-1,-8.981387596046E-1,0.E0));
#10921=VECTOR('',#10920,1.895172030449E-1);
#10922=CARTESIAN_POINT('',(5.102950620805E-1,-3.154862929209E0,-3.E-2));
#10923=LINE('',#10922,#10921);
#10925=CURVE_STYLE('',#21,POSITIVE_LENGTH_MEASURE(2.E-2),#10);
#10926=PRESENTATION_STYLE_ASSIGNMENT((#10925));
#10927=STYLED_ITEM('',(#10926),#10924);
#10929=DIRECTION('',(-1.921841617981E-1,-9.813588782673E-1,0.E0));
#10930=VECTOR('',#10929,2.168075879316E-1);
#10931=CARTESIAN_POINT('',(4.269620466386E-1,-3.325075674875E0,-3.E-2));
#10932=LINE('',#10931,#10930);
#10934=CURVE_STYLE('',#21,POSITIVE_LENGTH_MEASURE(2.E-2),#10);
#10935=PRESENTATION_STYLE_ASSIGNMENT((#10934));
#10936=STYLED_ITEM('',(#10935),#10933);
#10938=DIRECTION('',(0.E0,-1.E0,0.E0));
#10939=VECTOR('',#10938,6.382978558540E-1);
#10940=CARTESIAN_POINT('',(3.852950620805E-1,-3.537841726167E0,-3.E-2));
#10941=LINE('',#10940,#10939);
#10943=CURVE_STYLE('',#21,POSITIVE_LENGTH_MEASURE(2.E-2),#10);
#10944=PRESENTATION_STYLE_ASSIGNMENT((#10943));
#10945=STYLED_ITEM('',(#10944),#10942);
#10947=DIRECTION('',(1.921842654987E-1,-9.813588579591E-1,0.E0));
#10948=VECTOR('',#10947,2.168074709445E-1);
#10949=CARTESIAN_POINT('',(3.852950620805E-1,-4.176139582022E0,-3.E-2));
#10950=LINE('',#10949,#10948);
#10952=CURVE_STYLE('',#21,POSITIVE_LENGTH_MEASURE(2.E-2),#10);
#10953=PRESENTATION_STYLE_ASSIGNMENT((#10952));
#10954=STYLED_ITEM('',(#10953),#10951);
#10956=DIRECTION('',(4.397120806629E-1,-8.981387900092E-1,0.E0));
#10957=VECTOR('',#10956,1.895172298115E-1);
#10958=CARTESIAN_POINT('',(4.269620466386E-1,-4.388905514105E0,-3.E-2));
#10959=LINE('',#10958,#10957);
#10961=CURVE_STYLE('',#21,POSITIVE_LENGTH_MEASURE(2.E-2),#10);
#10962=PRESENTATION_STYLE_ASSIGNMENT((#10961));
#10963=STYLED_ITEM('',(#10962),#10960);
#10965=DIRECTION('',(6.996254851765E-1,-7.145097483531E-1,0.E0));
#10966=VECTOR('',#10965,2.382231466541E-1);
#10967=CARTESIAN_POINT('',(5.102950620805E-1,-4.559118289573E0,-3.E-2));
#10968=LINE('',#10967,#10966);
#10970=CURVE_STYLE('',#21,POSITIVE_LENGTH_MEASURE(2.E-2),#10);
#10971=PRESENTATION_STYLE_ASSIGNMENT((#10970));
#10972=STYLED_ITEM('',(#10971),#10969);
#10974=DIRECTION('',(8.906056140048E-1,-4.547764728998E-1,0.E0));
#10975=VECTOR('',#10974,1.871389332576E-1);
#10976=CARTESIAN_POINT('',(6.769620466386E-1,-4.729331050141E0,-3.E-2));
#10977=LINE('',#10976,#10975);
#10979=CURVE_STYLE('',#21,POSITIVE_LENGTH_MEASURE(2.E-2),#10);
#10980=PRESENTATION_STYLE_ASSIGNMENT((#10979));
#10981=STYLED_ITEM('',(#10980),#10978);
#10983=DIRECTION('',(9.797706459687E-1,-2.001236650127E-1,0.E0));
#10984=VECTOR('',#10983,2.126344734853E-1);
#10985=CARTESIAN_POINT('',(8.436290311967E-1,-4.814437434150E0,-3.E-2));
#10986=LINE('',#10985,#10984);
#10988=CURVE_STYLE('',#21,POSITIVE_LENGTH_MEASURE(2.E-2),#10);
#10989=PRESENTATION_STYLE_ASSIGNMENT((#10988));
#10990=STYLED_ITEM('',(#10989),#10987);
#10992=DIRECTION('',(1.E0,0.E0,0.E0));
#10993=VECTOR('',#10992,3.75E-1);
#10994=CARTESIAN_POINT('',(1.051962046639E0,-4.856990624292E0,-3.E-2));
#10995=LINE('',#10994,#10993);
#10997=CURVE_STYLE('',#21,POSITIVE_LENGTH_MEASURE(2.E-2),#10);
#10998=PRESENTATION_STYLE_ASSIGNMENT((#10997));
#10999=STYLED_ITEM('',(#10998),#10996);
#11001=DIRECTION('',(9.797708255911E-1,2.001227856107E-1,0.E0));
#11002=VECTOR('',#11001,2.126354078675E-1);
#11003=CARTESIAN_POINT('',(1.426962046639E0,-4.856990624292E0,-3.E-2));
#11004=LINE('',#11003,#11002);
#11006=CURVE_STYLE('',#21,POSITIVE_LENGTH_MEASURE(2.E-2),#10);
#11007=PRESENTATION_STYLE_ASSIGNMENT((#11006));
#11008=STYLED_ITEM('',(#11007),#11005);
#11010=DIRECTION('',(8.906045600187E-1,4.547785369538E-1,0.E0));
#11011=VECTOR('',#11010,1.871380839104E-1);
#11012=CARTESIAN_POINT('',(1.635296015755E0,-4.814437434150E0,-3.E-2));
#11013=LINE('',#11012,#11011);
#11015=CURVE_STYLE('',#21,POSITIVE_LENGTH_MEASURE(2.E-2),#10);
#11016=PRESENTATION_STYLE_ASSIGNMENT((#11015));
#11017=STYLED_ITEM('',(#11016),#11014);
#11019=DIRECTION('',(6.996234413959E-1,7.145117495531E-1,0.E0));
#11020=VECTOR('',#11019,2.382224794402E-1);
#11021=CARTESIAN_POINT('',(1.801962046639E0,-4.729331050141E0,-3.E-2));
#11022=LINE('',#11021,#11020);
#11024=CURVE_STYLE('',#21,POSITIVE_LENGTH_MEASURE(2.E-2),#10);
#11025=PRESENTATION_STYLE_ASSIGNMENT((#11024));
#11026=STYLED_ITEM('',(#11025),#11023);
#11028=DIRECTION('',(1.921884758172E-1,9.813580334226E-1,0.E0));
#11029=VECTOR('',#11028,2.168076834745E-1);
#11030=CARTESIAN_POINT('',(1.968628077522E0,-4.559118289573E0,-3.E-2));
#11031=LINE('',#11030,#11029);
#11033=CURVE_STYLE('',#21,POSITIVE_LENGTH_MEASURE(2.E-2),#10);
#11034=PRESENTATION_STYLE_ASSIGNMENT((#11033));
#11035=STYLED_ITEM('',(#11034),#11032);
#11038=DIRECTION('',(-1.E0,0.E0,0.E0));
#11039=VECTOR('',#11038,1.583333969116E0);
#11040=CARTESIAN_POINT('',(3.926962046639E0,-2.856990624292E0,-3.E-2));
#11041=LINE('',#11040,#11039);
#11043=CURVE_STYLE('',#21,POSITIVE_LENGTH_MEASURE(2.E-2),#10);
#11044=PRESENTATION_STYLE_ASSIGNMENT((#11043));
#11045=STYLED_ITEM('',(#11044),#11042);
#11047=DIRECTION('',(0.E0,-1.E0,0.E0));
#11048=VECTOR('',#11047,2.127659320831E-1);
#11049=CARTESIAN_POINT('',(2.343628077522E0,-2.856990624292E0,-3.E-2));
#11050=LINE('',#11049,#11048);
#11052=CURVE_STYLE('',#21,POSITIVE_LENGTH_MEASURE(2.E-2),#10);
#11053=PRESENTATION_STYLE_ASSIGNMENT((#11052));
#11054=STYLED_ITEM('',(#11053),#11051);
#11056=DIRECTION('',(1.E0,0.E0,0.E0));
#11057=VECTOR('',#11056,6.666679382324E-1);
#11058=CARTESIAN_POINT('',(2.343628077522E0,-3.069756556375E0,-3.E-2));
#11059=LINE('',#11058,#11057);
#11061=CURVE_STYLE('',#21,POSITIVE_LENGTH_MEASURE(2.E-2),#10);
#11062=PRESENTATION_STYLE_ASSIGNMENT((#11061));
#11063=STYLED_ITEM('',(#11062),#11060);
#11065=DIRECTION('',(0.E0,-1.E0,0.E0));
#11066=VECTOR('',#11065,1.787234067917E0);
#11067=CARTESIAN_POINT('',(3.010296015755E0,-3.069756556375E0,-3.E-2));
#11068=LINE('',#11067,#11066);
#11070=CURVE_STYLE('',#21,POSITIVE_LENGTH_MEASURE(2.E-2),#10);
#11071=PRESENTATION_STYLE_ASSIGNMENT((#11070));
#11072=STYLED_ITEM('',(#11071),#11069);
#11074=DIRECTION('',(1.E0,0.E0,0.E0));
#11075=VECTOR('',#11074,2.5E-1);
#11076=CARTESIAN_POINT('',(3.010296015755E0,-4.856990624292E0,-3.E-2));
#11077=LINE('',#11076,#11075);
#11079=CURVE_STYLE('',#21,POSITIVE_LENGTH_MEASURE(2.E-2),#10);
#11080=PRESENTATION_STYLE_ASSIGNMENT((#11079));
#11081=STYLED_ITEM('',(#11080),#11078);
#11083=DIRECTION('',(0.E0,1.E0,0.E0));
#11084=VECTOR('',#11083,1.787234067917E0);
#11085=CARTESIAN_POINT('',(3.260296015755E0,-4.856990624292E0,-3.E-2));
#11086=LINE('',#11085,#11084);
#11088=CURVE_STYLE('',#21,POSITIVE_LENGTH_MEASURE(2.E-2),#10);
#11089=PRESENTATION_STYLE_ASSIGNMENT((#11088));
#11090=STYLED_ITEM('',(#11089),#11087);
#11092=DIRECTION('',(1.E0,0.E0,0.E0));
#11093=VECTOR('',#11092,6.666660308838E-1);
#11094=CARTESIAN_POINT('',(3.260296015755E0,-3.069756556375E0,-3.E-2));
#11095=LINE('',#11094,#11093);
#11097=CURVE_STYLE('',#21,POSITIVE_LENGTH_MEASURE(2.E-2),#10);
#11098=PRESENTATION_STYLE_ASSIGNMENT((#11097));
#11099=STYLED_ITEM('',(#11098),#11096);
#11101=DIRECTION('',(0.E0,1.E0,0.E0));
#11102=VECTOR('',#11101,2.127659320831E-1);
#11103=CARTESIAN_POINT('',(3.926962046639E0,-3.069756556375E0,-3.E-2));
#11104=LINE('',#11103,#11102);
#11106=CURVE_STYLE('',#21,POSITIVE_LENGTH_MEASURE(2.E-2),#10);
#11107=PRESENTATION_STYLE_ASSIGNMENT((#11106));
#11108=STYLED_ITEM('',(#11107),#11105);
#11111=DIRECTION('',(0.E0,1.E0,0.E0));
#11112=VECTOR('',#11111,2.E0);
#11113=CARTESIAN_POINT('',(4.510296015755E0,-4.856990624292E0,-3.E-2));
#11114=LINE('',#11113,#11112);
#11116=CURVE_STYLE('',#21,POSITIVE_LENGTH_MEASURE(2.E-2),#10);
#11117=PRESENTATION_STYLE_ASSIGNMENT((#11116));
#11118=STYLED_ITEM('',(#11117),#11115);
#11120=DIRECTION('',(-1.E0,0.E0,0.E0));
#11121=VECTOR('',#11120,2.5E-1);
#11122=CARTESIAN_POINT('',(4.510296015755E0,-2.856990624292E0,-3.E-2));
#11123=LINE('',#11122,#11121);
#11125=CURVE_STYLE('',#21,POSITIVE_LENGTH_MEASURE(2.E-2),#10);
#11126=PRESENTATION_STYLE_ASSIGNMENT((#11125));
#11127=STYLED_ITEM('',(#11126),#11124);
#11129=DIRECTION('',(0.E0,-1.E0,0.E0));
#11130=VECTOR('',#11129,2.E0);
#11131=CARTESIAN_POINT('',(4.260296015755E0,-2.856990624292E0,-3.E-2));
#11132=LINE('',#11131,#11130);
#11134=CURVE_STYLE('',#21,POSITIVE_LENGTH_MEASURE(2.E-2),#10);
#11135=PRESENTATION_STYLE_ASSIGNMENT((#11134));
#11136=STYLED_ITEM('',(#11135),#11133);
#11138=DIRECTION('',(1.E0,0.E0,0.E0));
#11139=VECTOR('',#11138,2.5E-1);
#11140=CARTESIAN_POINT('',(4.260296015755E0,-4.856990624292E0,-3.E-2));
#11141=LINE('',#11140,#11139);
#11143=CURVE_STYLE('',#21,POSITIVE_LENGTH_MEASURE(2.E-2),#10);
#11144=PRESENTATION_STYLE_ASSIGNMENT((#11143));
#11145=STYLED_ITEM('',(#11144),#11142);
#11148=DIRECTION('',(-9.797708290262E-1,-2.001227687928E-1,0.E0));
#11149=VECTOR('',#11148,2.126354071220E-1);
#11150=CARTESIAN_POINT('',(5.510296015755E0,-2.856990624292E0,-3.E-2));
#11151=LINE('',#11150,#11149);
#11153=CURVE_STYLE('',#21,POSITIVE_LENGTH_MEASURE(2.E-2),#10);
#11154=PRESENTATION_STYLE_ASSIGNMENT((#11153));
#11155=STYLED_ITEM('',(#11154),#11152);
#11157=DIRECTION('',(-8.906045842070E-1,-4.547784895854E-1,0.E0));
#11158=VECTOR('',#11157,1.871380788279E-1);
#11159=CARTESIAN_POINT('',(5.301962046639E0,-2.899543810709E0,-3.E-2));
#11160=LINE('',#11159,#11158);
#11162=CURVE_STYLE('',#21,POSITIVE_LENGTH_MEASURE(2.E-2),#10);
#11163=PRESENTATION_STYLE_ASSIGNMENT((#11162));
#11164=STYLED_ITEM('',(#11163),#11161);
#11166=DIRECTION('',(-6.996275602085E-1,-7.145077165410E-1,0.E0));
#11167=VECTOR('',#11166,2.382238032229E-1);
#11168=CARTESIAN_POINT('',(5.135296015755E0,-2.984650183542E0,-3.E-2));
#11169=LINE('',#11168,#11167);
#11171=CURVE_STYLE('',#21,POSITIVE_LENGTH_MEASURE(2.E-2),#10);
#11172=PRESENTATION_STYLE_ASSIGNMENT((#11171));
#11173=STYLED_ITEM('',(#11172),#11170);
#11175=DIRECTION('',(-4.397080835723E-1,-8.981407468995E-1,0.E0));
#11176=VECTOR('',#11175,1.895167837047E-1);
#11177=CARTESIAN_POINT('',(4.968628077522E0,-3.154862929209E0,-3.E-2));
#11178=LINE('',#11177,#11176);
#11180=CURVE_STYLE('',#21,POSITIVE_LENGTH_MEASURE(2.E-2),#10);
#11181=PRESENTATION_STYLE_ASSIGNMENT((#11180));
#11182=STYLED_ITEM('',(#11181),#11179);
#11184=DIRECTION('',(-1.921883980402E-1,-9.813580486544E-1,0.E0));
#11185=VECTOR('',#11184,2.168077712148E-1);
#11186=CARTESIAN_POINT('',(4.885296015755E0,-3.325075674875E0,-3.E-2));
#11187=LINE('',#11186,#11185);
#11189=CURVE_STYLE('',#21,POSITIVE_LENGTH_MEASURE(2.E-2),#10);
#11190=PRESENTATION_STYLE_ASSIGNMENT((#11189));
#11191=STYLED_ITEM('',(#11190),#11188);
#11193=DIRECTION('',(0.E0,-1.E0,0.E0));
#11194=VECTOR('',#11193,6.382978558540E-1);
#11195=CARTESIAN_POINT('',(4.843628077522E0,-3.537841726167E0,-3.E-2));
#11196=LINE('',#11195,#11194);
#11198=CURVE_STYLE('',#21,POSITIVE_LENGTH_MEASURE(2.E-2),#10);
#11199=PRESENTATION_STYLE_ASSIGNMENT((#11198));
#11200=STYLED_ITEM('',(#11199),#11197);
#11202=DIRECTION('',(1.921885017429E-1,-9.813580283453E-1,0.E0));
#11203=VECTOR('',#11202,2.168076542278E-1);
#11204=CARTESIAN_POINT('',(4.843628077522E0,-4.176139582022E0,-3.E-2));
#11205=LINE('',#11204,#11203);
#11207=CURVE_STYLE('',#21,POSITIVE_LENGTH_MEASURE(2.E-2),#10);
#11208=PRESENTATION_STYLE_ASSIGNMENT((#11207));
#11209=STYLED_ITEM('',(#11208),#11206);
#11211=DIRECTION('',(4.397080214695E-1,-8.981407773035E-1,0.E0));
#11212=VECTOR('',#11211,1.895168104714E-1);
#11213=CARTESIAN_POINT('',(4.885296015755E0,-4.388905514105E0,-3.E-2));
#11214=LINE('',#11213,#11212);
#11216=CURVE_STYLE('',#21,POSITIVE_LENGTH_MEASURE(2.E-2),#10);
#11217=PRESENTATION_STYLE_ASSIGNMENT((#11216));
#11218=STYLED_ITEM('',(#11217),#11215);
#11220=DIRECTION('',(6.996275289399E-1,-7.145077471585E-1,0.E0));
#11221=VECTOR('',#11220,2.382238138699E-1);
#11222=CARTESIAN_POINT('',(4.968628077522E0,-4.559118289573E0,-3.E-2));
#11223=LINE('',#11222,#11221);
#11225=CURVE_STYLE('',#21,POSITIVE_LENGTH_MEASURE(2.E-2),#10);
#11226=PRESENTATION_STYLE_ASSIGNMENT((#11225));
#11227=STYLED_ITEM('',(#11226),#11224);
#11229=DIRECTION('',(8.906045600187E-1,-4.547785369538E-1,0.E0));
#11230=VECTOR('',#11229,1.871380839104E-1);
#11231=CARTESIAN_POINT('',(5.135296015755E0,-4.729331050141E0,-3.E-2));
#11232=LINE('',#11231,#11230);
#11234=CURVE_STYLE('',#21,POSITIVE_LENGTH_MEASURE(2.E-2),#10);
#11235=PRESENTATION_STYLE_ASSIGNMENT((#11234));
#11236=STYLED_ITEM('',(#11235),#11233);
#11238=DIRECTION('',(9.797708255911E-1,-2.001227856107E-1,0.E0));
#11239=VECTOR('',#11238,2.126354078675E-1);
#11240=CARTESIAN_POINT('',(5.301962046639E0,-4.814437434150E0,-3.E-2));
#11241=LINE('',#11240,#11239);
#11243=CURVE_STYLE('',#21,POSITIVE_LENGTH_MEASURE(2.E-2),#10);
#11244=PRESENTATION_STYLE_ASSIGNMENT((#11243));
#11245=STYLED_ITEM('',(#11244),#11242);
#11247=DIRECTION('',(1.E0,0.E0,0.E0));
#11248=VECTOR('',#11247,3.333320617676E-1);
#11249=CARTESIAN_POINT('',(5.510296015755E0,-4.856990624292E0,-3.E-2));
#11250=LINE('',#11249,#11248);
#11252=CURVE_STYLE('',#21,POSITIVE_LENGTH_MEASURE(2.E-2),#10);
#11253=PRESENTATION_STYLE_ASSIGNMENT((#11252));
#11254=STYLED_ITEM('',(#11253),#11251);
#11256=DIRECTION('',(9.797708255911E-1,2.001227856107E-1,0.E0));
#11257=VECTOR('',#11256,2.126354078675E-1);
#11258=CARTESIAN_POINT('',(5.843628077522E0,-4.856990624292E0,-3.E-2));
#11259=LINE('',#11258,#11257);
#11261=CURVE_STYLE('',#21,POSITIVE_LENGTH_MEASURE(2.E-2),#10);
#11262=PRESENTATION_STYLE_ASSIGNMENT((#11261));
#11263=STYLED_ITEM('',(#11262),#11260);
#11265=DIRECTION('',(8.906045600187E-1,4.547785369538E-1,0.E0));
#11266=VECTOR('',#11265,1.871380839104E-1);
#11267=CARTESIAN_POINT('',(6.051962046639E0,-4.814437434150E0,-3.E-2));
#11268=LINE('',#11267,#11266);
#11270=CURVE_STYLE('',#21,POSITIVE_LENGTH_MEASURE(2.E-2),#10);
#11271=PRESENTATION_STYLE_ASSIGNMENT((#11270));
#11272=STYLED_ITEM('',(#11271),#11269);
#11274=DIRECTION('',(6.996275289399E-1,7.145077471585E-1,0.E0));
#11275=VECTOR('',#11274,2.382238138699E-1);
#11276=CARTESIAN_POINT('',(6.218628077522E0,-4.729331050141E0,-3.E-2));
#11277=LINE('',#11276,#11275);
#11279=CURVE_STYLE('',#21,POSITIVE_LENGTH_MEASURE(2.E-2),#10);
#11280=PRESENTATION_STYLE_ASSIGNMENT((#11279));
#11281=STYLED_ITEM('',(#11280),#11278);
#11283=DIRECTION('',(4.397080214695E-1,8.981407773035E-1,0.E0));
#11284=VECTOR('',#11283,1.895168104714E-1);
#11285=CARTESIAN_POINT('',(6.385296015755E0,-4.559118289573E0,-3.E-2));
#11286=LINE('',#11285,#11284);
#11288=CURVE_STYLE('',#21,POSITIVE_LENGTH_MEASURE(2.E-2),#10);
#11289=PRESENTATION_STYLE_ASSIGNMENT((#11288));
#11290=STYLED_ITEM('',(#11289),#11287);
#11292=DIRECTION('',(1.921885017429E-1,9.813580283453E-1,0.E0));
#11293=VECTOR('',#11292,2.168076542278E-1);
#11294=CARTESIAN_POINT('',(6.468628077522E0,-4.388905514105E0,-3.E-2));
#11295=LINE('',#11294,#11293);
#11297=CURVE_STYLE('',#21,POSITIVE_LENGTH_MEASURE(2.E-2),#10);
#11298=PRESENTATION_STYLE_ASSIGNMENT((#11297));
#11299=STYLED_ITEM('',(#11298),#11296);
#11301=DIRECTION('',(0.E0,1.E0,0.E0));
#11302=VECTOR('',#11301,6.382978558540E-1);
#11303=CARTESIAN_POINT('',(6.510296015755E0,-4.176139582022E0,-3.E-2));
#11304=LINE('',#11303,#11302);
#11306=CURVE_STYLE('',#21,POSITIVE_LENGTH_MEASURE(2.E-2),#10);
#11307=PRESENTATION_STYLE_ASSIGNMENT((#11306));
#11308=STYLED_ITEM('',(#11307),#11305);
#11310=DIRECTION('',(-1.921883980402E-1,9.813580486544E-1,0.E0));
#11311=VECTOR('',#11310,2.168077712148E-1);
#11312=CARTESIAN_POINT('',(6.510296015755E0,-3.537841726167E0,-3.E-2));
#11313=LINE('',#11312,#11311);
#11315=CURVE_STYLE('',#21,POSITIVE_LENGTH_MEASURE(2.E-2),#10);
#11316=PRESENTATION_STYLE_ASSIGNMENT((#11315));
#11317=STYLED_ITEM('',(#11316),#11314);
#11319=DIRECTION('',(-4.397080835723E-1,8.981407468995E-1,0.E0));
#11320=VECTOR('',#11319,1.895167837047E-1);
#11321=CARTESIAN_POINT('',(6.468628077522E0,-3.325075674875E0,-3.E-2));
#11322=LINE('',#11321,#11320);
#11324=CURVE_STYLE('',#21,POSITIVE_LENGTH_MEASURE(2.E-2),#10);
#11325=PRESENTATION_STYLE_ASSIGNMENT((#11324));
#11326=STYLED_ITEM('',(#11325),#11323);
#11328=DIRECTION('',(-6.996275602085E-1,7.145077165410E-1,0.E0));
#11329=VECTOR('',#11328,2.382238032229E-1);
#11330=CARTESIAN_POINT('',(6.385296015755E0,-3.154862929209E0,-3.E-2));
#11331=LINE('',#11330,#11329);
#11333=CURVE_STYLE('',#21,POSITIVE_LENGTH_MEASURE(2.E-2),#10);
#11334=PRESENTATION_STYLE_ASSIGNMENT((#11333));
#11335=STYLED_ITEM('',(#11334),#11332);
#11337=DIRECTION('',(-8.906045842070E-1,4.547784895854E-1,0.E0));
#11338=VECTOR('',#11337,1.871380788279E-1);
#11339=CARTESIAN_POINT('',(6.218628077522E0,-2.984650183542E0,-3.E-2));
#11340=LINE('',#11339,#11338);
#11342=CURVE_STYLE('',#21,POSITIVE_LENGTH_MEASURE(2.E-2),#10);
#11343=PRESENTATION_STYLE_ASSIGNMENT((#11342));
#11344=STYLED_ITEM('',(#11343),#11341);
#11346=DIRECTION('',(-9.797708290262E-1,2.001227687928E-1,0.E0));
#11347=VECTOR('',#11346,2.126354071220E-1);
#11348=CARTESIAN_POINT('',(6.051962046639E0,-2.899543810709E0,-3.E-2));
#11349=LINE('',#11348,#11347);
#11351=CURVE_STYLE('',#21,POSITIVE_LENGTH_MEASURE(2.E-2),#10);
#11352=PRESENTATION_STYLE_ASSIGNMENT((#11351));
#11353=STYLED_ITEM('',(#11352),#11350);
#11355=DIRECTION('',(-1.E0,0.E0,0.E0));
#11356=VECTOR('',#11355,3.333320617676E-1);
#11357=CARTESIAN_POINT('',(5.843628077522E0,-2.856990624292E0,-3.E-2));
#11358=LINE('',#11357,#11356);
#11360=CURVE_STYLE('',#21,POSITIVE_LENGTH_MEASURE(2.E-2),#10);
#11361=PRESENTATION_STYLE_ASSIGNMENT((#11360));
#11362=STYLED_ITEM('',(#11361),#11359);
#11365=DIRECTION('',(1.E0,0.E0,0.E0));
#11366=VECTOR('',#11365,3.333320617676E-1);
#11367=CARTESIAN_POINT('',(5.510296015755E0,-3.112309742792E0,-3.E-2));
#11368=LINE('',#11367,#11366);
#11370=CURVE_STYLE('',#21,POSITIVE_LENGTH_MEASURE(2.E-2),#10);
#11371=PRESENTATION_STYLE_ASSIGNMENT((#11370));
#11372=STYLED_ITEM('',(#11371),#11369);
#11374=DIRECTION('',(9.689181700829E-1,-2.473814457133E-1,0.E0));
#11375=VECTOR('',#11374,1.720144624991E-1);
#11376=CARTESIAN_POINT('',(5.843628077522E0,-3.112309742792E0,-3.E-2));
#11377=LINE('',#11376,#11375);
#11379=CURVE_STYLE('',#21,POSITIVE_LENGTH_MEASURE(2.E-2),#10);
#11380=PRESENTATION_STYLE_ASSIGNMENT((#11379));
#11381=STYLED_ITEM('',(#11380),#11378);
#11383=DIRECTION('',(8.265992787996E-1,-5.627909312417E-1,0.E0));
#11384=VECTOR('',#11383,1.512220046714E-1);
#11385=CARTESIAN_POINT('',(6.010296015755E0,-3.154862929209E0,-3.E-2));
#11386=LINE('',#11385,#11384);
#11388=CURVE_STYLE('',#21,POSITIVE_LENGTH_MEASURE(2.E-2),#10);
#11389=PRESENTATION_STYLE_ASSIGNMENT((#11388));
#11390=STYLED_ITEM('',(#11389),#11387);
#11392=DIRECTION('',(5.466163400664E-1,-8.373831720141E-1,0.E0));
#11393=VECTOR('',#11392,1.524507331E-1);
#11394=CARTESIAN_POINT('',(6.135296015755E0,-3.239969302042E0,-3.E-2));
#11395=LINE('',#11394,#11393);
#11397=CURVE_STYLE('',#21,POSITIVE_LENGTH_MEASURE(2.E-2),#10);
#11398=PRESENTATION_STYLE_ASSIGNMENT((#11397));
#11399=STYLED_ITEM('',(#11398),#11396);
#11401=DIRECTION('',(2.377781984247E-1,-9.713194780060E-1,0.E0));
#11402=VECTOR('',#11401,1.752386825557E-1);
#11403=CARTESIAN_POINT('',(6.218628077522E0,-3.367628980501E0,-3.E-2));
#11404=LINE('',#11403,#11402);
#11406=CURVE_STYLE('',#21,POSITIVE_LENGTH_MEASURE(2.E-2),#10);
#11407=PRESENTATION_STYLE_ASSIGNMENT((#11406));
#11408=STYLED_ITEM('',(#11407),#11405);
#11410=DIRECTION('',(0.E0,-1.E0,0.E0));
#11411=VECTOR('',#11410,6.382978558540E-1);
#11412=CARTESIAN_POINT('',(6.260296015755E0,-3.537841726167E0,-3.E-2));
#11413=LINE('',#11412,#11411);
#11415=CURVE_STYLE('',#21,POSITIVE_LENGTH_MEASURE(2.E-2),#10);
#11416=PRESENTATION_STYLE_ASSIGNMENT((#11415));
#11417=STYLED_ITEM('',(#11416),#11414);
#11419=DIRECTION('',(-2.377781984247E-1,-9.713194780060E-1,0.E0));
#11420=VECTOR('',#11419,1.752386825557E-1);
#11421=CARTESIAN_POINT('',(6.260296015755E0,-4.176139582022E0,-3.E-2));
#11422=LINE('',#11421,#11420);
#11424=CURVE_STYLE('',#21,POSITIVE_LENGTH_MEASURE(2.E-2),#10);
#11425=PRESENTATION_STYLE_ASSIGNMENT((#11424));
#11426=STYLED_ITEM('',(#11425),#11423);
#11428=DIRECTION('',(-5.466166979878E-1,-8.373829383746E-1,0.E0));
#11429=VECTOR('',#11428,1.524506332762E-1);
#11430=CARTESIAN_POINT('',(6.218628077522E0,-4.346352327688E0,-3.E-2));
#11431=LINE('',#11430,#11429);
#11433=CURVE_STYLE('',#21,POSITIVE_LENGTH_MEASURE(2.E-2),#10);
#11434=PRESENTATION_STYLE_ASSIGNMENT((#11433));
#11435=STYLED_ITEM('',(#11434),#11432);
#11437=DIRECTION('',(-8.265991871191E-1,-5.627910658975E-1,0.E0));
#11438=VECTOR('',#11437,1.512220214439E-1);
#11439=CARTESIAN_POINT('',(6.135296015755E0,-4.474011886938E0,-3.E-2));
#11440=LINE('',#11439,#11438);
#11442=CURVE_STYLE('',#21,POSITIVE_LENGTH_MEASURE(2.E-2),#10);
#11443=PRESENTATION_STYLE_ASSIGNMENT((#11442));
#11444=STYLED_ITEM('',(#11443),#11441);
#11446=DIRECTION('',(-9.689181700829E-1,-2.473814457133E-1,0.E0));
#11447=VECTOR('',#11446,1.720144624991E-1);
#11448=CARTESIAN_POINT('',(6.010296015755E0,-4.559118289573E0,-3.E-2));
#11449=LINE('',#11448,#11447);
#11451=CURVE_STYLE('',#21,POSITIVE_LENGTH_MEASURE(2.E-2),#10);
#11452=PRESENTATION_STYLE_ASSIGNMENT((#11451));
#11453=STYLED_ITEM('',(#11452),#11450);
#11455=DIRECTION('',(-1.E0,0.E0,0.E0));
#11456=VECTOR('',#11455,3.333320617676E-1);
#11457=CARTESIAN_POINT('',(5.843628077522E0,-4.601671475990E0,-3.E-2));
#11458=LINE('',#11457,#11456);
#11460=CURVE_STYLE('',#21,POSITIVE_LENGTH_MEASURE(2.E-2),#10);
#11461=PRESENTATION_STYLE_ASSIGNMENT((#11460));
#11462=STYLED_ITEM('',(#11461),#11459);
#11464=DIRECTION('',(-9.689181700829E-1,2.473814457133E-1,0.E0));
#11465=VECTOR('',#11464,1.720144624991E-1);
#11466=CARTESIAN_POINT('',(5.510296015755E0,-4.601671475990E0,-3.E-2));
#11467=LINE('',#11466,#11465);
#11469=CURVE_STYLE('',#21,POSITIVE_LENGTH_MEASURE(2.E-2),#10);
#11470=PRESENTATION_STYLE_ASSIGNMENT((#11469));
#11471=STYLED_ITEM('',(#11470),#11468);
#11473=DIRECTION('',(-8.265991871191E-1,5.627910658975E-1,0.E0));
#11474=VECTOR('',#11473,1.512220214439E-1);
#11475=CARTESIAN_POINT('',(5.343628077522E0,-4.559118289573E0,-3.E-2));
#11476=LINE('',#11475,#11474);
#11478=CURVE_STYLE('',#21,POSITIVE_LENGTH_MEASURE(2.E-2),#10);
#11479=PRESENTATION_STYLE_ASSIGNMENT((#11478));
#11480=STYLED_ITEM('',(#11479),#11477);
#11482=DIRECTION('',(-5.466166979878E-1,8.373829383746E-1,0.E0));
#11483=VECTOR('',#11482,1.524506332762E-1);
#11484=CARTESIAN_POINT('',(5.218628077522E0,-4.474011886938E0,-3.E-2));
#11485=LINE('',#11484,#11483);
#11487=CURVE_STYLE('',#21,POSITIVE_LENGTH_MEASURE(2.E-2),#10);
#11488=PRESENTATION_STYLE_ASSIGNMENT((#11487));
#11489=STYLED_ITEM('',(#11488),#11486);
#11491=DIRECTION('',(-2.377781984247E-1,9.713194780060E-1,0.E0));
#11492=VECTOR('',#11491,1.752386825557E-1);
#11493=CARTESIAN_POINT('',(5.135296015755E0,-4.346352327688E0,-3.E-2));
#11494=LINE('',#11493,#11492);
#11496=CURVE_STYLE('',#21,POSITIVE_LENGTH_MEASURE(2.E-2),#10);
#11497=PRESENTATION_STYLE_ASSIGNMENT((#11496));
#11498=STYLED_ITEM('',(#11497),#11495);
#11500=DIRECTION('',(0.E0,1.E0,0.E0));
#11501=VECTOR('',#11500,6.382978558540E-1);
#11502=CARTESIAN_POINT('',(5.093628077522E0,-4.176139582022E0,-3.E-2));
#11503=LINE('',#11502,#11501);
#11505=CURVE_STYLE('',#21,POSITIVE_LENGTH_MEASURE(2.E-2),#10);
#11506=PRESENTATION_STYLE_ASSIGNMENT((#11505));
#11507=STYLED_ITEM('',(#11506),#11504);
#11509=DIRECTION('',(2.377781984247E-1,9.713194780060E-1,0.E0));
#11510=VECTOR('',#11509,1.752386825557E-1);
#11511=CARTESIAN_POINT('',(5.093628077522E0,-3.537841726167E0,-3.E-2));
#11512=LINE('',#11511,#11510);
#11514=CURVE_STYLE('',#21,POSITIVE_LENGTH_MEASURE(2.E-2),#10);
#11515=PRESENTATION_STYLE_ASSIGNMENT((#11514));
#11516=STYLED_ITEM('',(#11515),#11513);
#11518=DIRECTION('',(5.466163400664E-1,8.373831720141E-1,0.E0));
#11519=VECTOR('',#11518,1.524507331E-1);
#11520=CARTESIAN_POINT('',(5.135296015755E0,-3.367628980501E0,-3.E-2));
#11521=LINE('',#11520,#11519);
#11523=CURVE_STYLE('',#21,POSITIVE_LENGTH_MEASURE(2.E-2),#10);
#11524=PRESENTATION_STYLE_ASSIGNMENT((#11523));
#11525=STYLED_ITEM('',(#11524),#11522);
#11527=DIRECTION('',(8.265992787996E-1,5.627909312417E-1,0.E0));
#11528=VECTOR('',#11527,1.512220046714E-1);
#11529=CARTESIAN_POINT('',(5.218628077522E0,-3.239969302042E0,-3.E-2));
#11530=LINE('',#11529,#11528);
#11532=CURVE_STYLE('',#21,POSITIVE_LENGTH_MEASURE(2.E-2),#10);
#11533=PRESENTATION_STYLE_ASSIGNMENT((#11532));
#11534=STYLED_ITEM('',(#11533),#11531);
#11536=DIRECTION('',(9.689181700829E-1,2.473814457133E-1,0.E0));
#11537=VECTOR('',#11536,1.720144624991E-1);
#11538=CARTESIAN_POINT('',(5.343628077522E0,-3.154862929209E0,-3.E-2));
#11539=LINE('',#11538,#11537);
#11541=CURVE_STYLE('',#21,POSITIVE_LENGTH_MEASURE(2.E-2),#10);
#11542=PRESENTATION_STYLE_ASSIGNMENT((#11541));
#11543=STYLED_ITEM('',(#11542),#11540);
#11546=DIRECTION('',(0.E0,1.E0,0.E0));
#11547=VECTOR('',#11546,1.744680881500E0);
#11548=CARTESIAN_POINT('',(7.093628077522E0,-4.856990624292E0,-3.E-2));
#11549=LINE('',#11548,#11547);
#11551=CURVE_STYLE('',#21,POSITIVE_LENGTH_MEASURE(2.E-2),#10);
#11552=PRESENTATION_STYLE_ASSIGNMENT((#11551));
#11553=STYLED_ITEM('',(#11552),#11550);
#11555=DIRECTION('',(5.126343752384E-1,-8.586070098269E-1,0.E0));
#11556=VECTOR('',#11555,2.031990027489E0);
#11557=CARTESIAN_POINT('',(7.093628077522E0,-3.112309742792E0,-3.E-2));
#11558=LINE('',#11557,#11556);
#11560=CURVE_STYLE('',#21,POSITIVE_LENGTH_MEASURE(2.E-2),#10);
#11561=PRESENTATION_STYLE_ASSIGNMENT((#11560));
#11562=STYLED_ITEM('',(#11561),#11559);
#11564=DIRECTION('',(1.E0,0.E0,0.E0));
#11565=VECTOR('',#11564,3.75E-1);
#11566=CARTESIAN_POINT('',(8.135296015755E0,-4.856990624292E0,-3.E-2));
#11567=LINE('',#11566,#11565);
#11569=CURVE_STYLE('',#21,POSITIVE_LENGTH_MEASURE(2.E-2),#10);
#11570=PRESENTATION_STYLE_ASSIGNMENT((#11569));
#11571=STYLED_ITEM('',(#11570),#11568);
#11573=DIRECTION('',(0.E0,1.E0,0.E0));
#11574=VECTOR('',#11573,2.E0);
#11575=CARTESIAN_POINT('',(8.510296015755E0,-4.856990624292E0,-3.E-2));
#11576=LINE('',#11575,#11574);
#11578=CURVE_STYLE('',#21,POSITIVE_LENGTH_MEASURE(2.E-2),#10);
#11579=PRESENTATION_STYLE_ASSIGNMENT((#11578));
#11580=STYLED_ITEM('',(#11579),#11577);
#11582=DIRECTION('',(-1.E0,0.E0,0.E0));
#11583=VECTOR('',#11582,2.5E-1);
#11584=CARTESIAN_POINT('',(8.510296015755E0,-2.856990624292E0,-3.E-2));
#11585=LINE('',#11584,#11583);
#11587=CURVE_STYLE('',#21,POSITIVE_LENGTH_MEASURE(2.E-2),#10);
#11588=PRESENTATION_STYLE_ASSIGNMENT((#11587));
#11589=STYLED_ITEM('',(#11588),#11586);
#11591=DIRECTION('',(0.E0,-1.E0,0.E0));
#11592=VECTOR('',#11591,1.702127665281E0);
#11593=CARTESIAN_POINT('',(8.260296015755E0,-2.856990624292E0,-3.E-2));
#11594=LINE('',#11593,#11592);
#11596=CURVE_STYLE('',#21,POSITIVE_LENGTH_MEASURE(2.E-2),#10);
#11597=PRESENTATION_STYLE_ASSIGNMENT((#11596));
#11598=STYLED_ITEM('',(#11597),#11595);
#11600=DIRECTION('',(-5.219894526617E-1,8.529519396250E-1,0.E0));
#11601=VECTOR('',#11600,1.995572770524E0);
#11602=CARTESIAN_POINT('',(8.260296015755E0,-4.559118289573E0,-3.E-2));
#11603=LINE('',#11602,#11601);
#11605=CURVE_STYLE('',#21,POSITIVE_LENGTH_MEASURE(2.E-2),#10);
#11606=PRESENTATION_STYLE_ASSIGNMENT((#11605));
#11607=STYLED_ITEM('',(#11606),#11604);
#11609=DIRECTION('',(-1.E0,0.E0,0.E0));
#11610=VECTOR('',#11609,3.75E-1);
#11611=CARTESIAN_POINT('',(7.218628077522E0,-2.856990624292E0,-3.E-2));
#11612=LINE('',#11611,#11610);
#11614=CURVE_STYLE('',#21,POSITIVE_LENGTH_MEASURE(2.E-2),#10);
#11615=PRESENTATION_STYLE_ASSIGNMENT((#11614));
#11616=STYLED_ITEM('',(#11615),#11613);
#11618=DIRECTION('',(0.E0,-1.E0,0.E0));
#11619=VECTOR('',#11618,2.E0);
#11620=CARTESIAN_POINT('',(6.843628077522E0,-2.856990624292E0,-3.E-2));
#11621=LINE('',#11620,#11619);
#11623=CURVE_STYLE('',#21,POSITIVE_LENGTH_MEASURE(2.E-2),#10);
#11624=PRESENTATION_STYLE_ASSIGNMENT((#11623));
#11625=STYLED_ITEM('',(#11624),#11622);
#11627=DIRECTION('',(1.E0,0.E0,0.E0));
#11628=VECTOR('',#11627,2.5E-1);
#11629=CARTESIAN_POINT('',(6.843628077522E0,-4.856990624292E0,-3.E-2));
#11630=LINE('',#11629,#11628);
#11632=CURVE_STYLE('',#21,POSITIVE_LENGTH_MEASURE(2.E-2),#10);
#11633=PRESENTATION_STYLE_ASSIGNMENT((#11632));
#11634=STYLED_ITEM('',(#11633),#11631);
#11637=DIRECTION('',(0.E0,1.E0,0.E0));
#11638=VECTOR('',#11637,2.E0);
#11639=CARTESIAN_POINT('',(1.134362807752E1,-4.856990624292E0,-3.E-2));
#11640=LINE('',#11639,#11638);
#11642=CURVE_STYLE('',#21,POSITIVE_LENGTH_MEASURE(2.E-2),#10);
#11643=PRESENTATION_STYLE_ASSIGNMENT((#11642));
#11644=STYLED_ITEM('',(#11643),#11641);
#11646=DIRECTION('',(-1.E0,0.E0,0.E0));
#11647=VECTOR('',#11646,2.5E-1);
#11648=CARTESIAN_POINT('',(1.134362807752E1,-2.856990624292E0,-3.E-2));
#11649=LINE('',#11648,#11647);
#11651=CURVE_STYLE('',#21,POSITIVE_LENGTH_MEASURE(2.E-2),#10);
#11652=PRESENTATION_STYLE_ASSIGNMENT((#11651));
#11653=STYLED_ITEM('',(#11652),#11650);
#11655=DIRECTION('',(-6.428712937139E-1,-7.659742160926E-1,0.E0));
#11656=VECTOR('',#11655,3.888803286825E-1);
#11657=CARTESIAN_POINT('',(1.109362807752E1,-2.856990624292E0,-3.E-2));
#11658=LINE('',#11657,#11656);
#11660=CURVE_STYLE('',#21,POSITIVE_LENGTH_MEASURE(2.E-2),#10);
#11661=PRESENTATION_STYLE_ASSIGNMENT((#11660));
#11662=STYLED_ITEM('',(#11661),#11659);
#11664=DIRECTION('',(0.E0,-1.E0,0.E0));
#11665=VECTOR('',#11664,3.404256105423E-1);
#11666=CARTESIAN_POINT('',(1.084362807752E1,-3.154862929209E0,-3.E-2));
#11667=LINE('',#11666,#11665);
#11669=CURVE_STYLE('',#21,POSITIVE_LENGTH_MEASURE(2.E-2),#10);
#11670=PRESENTATION_STYLE_ASSIGNMENT((#11669));
#11671=STYLED_ITEM('',(#11670),#11668);
#11673=DIRECTION('',(6.428711427642E-1,7.659743427825E-1,0.E0));
#11674=VECTOR('',#11673,3.888804199937E-1);
#11675=CARTESIAN_POINT('',(1.084362807752E1,-3.495288539751E0,-3.E-2));
#11676=LINE('',#11675,#11674);
#11678=CURVE_STYLE('',#21,POSITIVE_LENGTH_MEASURE(2.E-2),#10);
#11679=PRESENTATION_STYLE_ASSIGNMENT((#11678));
#11680=STYLED_ITEM('',(#11679),#11677);
#11682=DIRECTION('',(0.E0,-1.E0,0.E0));
#11683=VECTOR('',#11682,1.659574508667E0);
#11684=CARTESIAN_POINT('',(1.109362807752E1,-3.197416115625E0,-3.E-2));
#11685=LINE('',#11684,#11683);
#11687=CURVE_STYLE('',#21,POSITIVE_LENGTH_MEASURE(2.E-2),#10);
#11688=PRESENTATION_STYLE_ASSIGNMENT((#11687));
#11689=STYLED_ITEM('',(#11688),#11686);
#11691=DIRECTION('',(1.E0,0.E0,0.E0));
#11692=VECTOR('',#11691,2.5E-1);
#11693=CARTESIAN_POINT('',(1.109362807752E1,-4.856990624292E0,-3.E-2));
#11694=LINE('',#11693,#11692);
#11696=CURVE_STYLE('',#21,POSITIVE_LENGTH_MEASURE(2.E-2),#10);
#11697=PRESENTATION_STYLE_ASSIGNMENT((#11696));
#11698=STYLED_ITEM('',(#11697),#11695);
#11701=DIRECTION('',(0.E0,-1.E0,0.E0));
#11702=VECTOR('',#11701,2.127659618855E-1);
#11703=CARTESIAN_POINT('',(1.167696204664E1,-4.644224662407E0,-3.E-2));
#11704=LINE('',#11703,#11702);
#11706=CURVE_STYLE('',#21,POSITIVE_LENGTH_MEASURE(2.E-2),#10);
#11707=PRESENTATION_STYLE_ASSIGNMENT((#11706));
#11708=STYLED_ITEM('',(#11707),#11705);
#11710=DIRECTION('',(1.E0,0.E0,0.E0));
#11711=VECTOR('',#11710,1.5E0);
#11712=CARTESIAN_POINT('',(1.167696204664E1,-4.856990624292E0,-3.E-2));
#11713=LINE('',#11712,#11711);
#11715=CURVE_STYLE('',#21,POSITIVE_LENGTH_MEASURE(2.E-2),#10);
#11716=PRESENTATION_STYLE_ASSIGNMENT((#11715));
#11717=STYLED_ITEM('',(#11716),#11714);
#11719=DIRECTION('',(0.E0,1.E0,0.E0));
#11720=VECTOR('',#11719,2.127659618855E-1);
#11721=CARTESIAN_POINT('',(1.317696204664E1,-4.856990624292E0,-3.E-2));
#11722=LINE('',#11721,#11720);
#11724=CURVE_STYLE('',#21,POSITIVE_LENGTH_MEASURE(2.E-2),#10);
#11725=PRESENTATION_STYLE_ASSIGNMENT((#11724));
#11726=STYLED_ITEM('',(#11725),#11723);
#11728=DIRECTION('',(-1.E0,0.E0,0.E0));
#11729=VECTOR('',#11728,1.166666030884E0);
#11730=CARTESIAN_POINT('',(1.317696204664E1,-4.644224662407E0,-3.E-2));
#11731=LINE('',#11730,#11729);
#11733=CURVE_STYLE('',#21,POSITIVE_LENGTH_MEASURE(2.E-2),#10);
#11734=PRESENTATION_STYLE_ASSIGNMENT((#11733));
#11735=STYLED_ITEM('',(#11734),#11732);
#11737=DIRECTION('',(7.437658875915E-1,6.684402026025E-1,0.E0));
#11738=VECTOR('',#11737,1.400529451891E0);
#11739=CARTESIAN_POINT('',(1.201029601575E1,-4.644224662407E0,-3.E-2));
#11740=LINE('',#11739,#11738);
#11742=CURVE_STYLE('',#21,POSITIVE_LENGTH_MEASURE(2.E-2),#10);
#11743=PRESENTATION_STYLE_ASSIGNMENT((#11742));
#11744=STYLED_ITEM('',(#11743),#11741);
#11746=DIRECTION('',(5.466254709167E-1,8.373772116227E-1,0.E0));
#11747=VECTOR('',#11746,1.524516758732E-1);
#11748=CARTESIAN_POINT('',(1.305196204664E1,-3.708054471834E0,-3.E-2));
#11749=LINE('',#11748,#11747);
#11751=CURVE_STYLE('',#21,POSITIVE_LENGTH_MEASURE(2.E-2),#10);
#11752=PRESENTATION_STYLE_ASSIGNMENT((#11751));
#11753=STYLED_ITEM('',(#11752),#11750);
#11755=DIRECTION('',(2.377679294760E-1,9.713219917786E-1,0.E0));
#11756=VECTOR('',#11755,1.752382290396E-1);
#11757=CARTESIAN_POINT('',(1.313529601575E1,-3.580394912584E0,-3.E-2));
#11758=LINE('',#11757,#11756);
#11760=CURVE_STYLE('',#21,POSITIVE_LENGTH_MEASURE(2.E-2),#10);
#11761=PRESENTATION_STYLE_ASSIGNMENT((#11760));
#11762=STYLED_ITEM('',(#11761),#11759);
#11764=DIRECTION('',(0.E0,1.E0,0.E0));
#11765=VECTOR('',#11764,8.510649204254E-2);
#11766=CARTESIAN_POINT('',(1.317696204664E1,-3.410182166918E0,-3.E-2));
#11767=LINE('',#11766,#11765);
#11769=CURVE_STYLE('',#21,POSITIVE_LENGTH_MEASURE(2.E-2),#10);
#11770=PRESENTATION_STYLE_ASSIGNMENT((#11769));
#11771=STYLED_ITEM('',(#11770),#11768);
#11773=DIRECTION('',(-2.377679294760E-1,9.713219917786E-1,0.E0));
#11774=VECTOR('',#11773,1.752382290396E-1);
#11775=CARTESIAN_POINT('',(1.317696204664E1,-3.325075674875E0,-3.E-2));
#11776=LINE('',#11775,#11774);
#11778=CURVE_STYLE('',#21,POSITIVE_LENGTH_MEASURE(2.E-2),#10);
#11779=PRESENTATION_STYLE_ASSIGNMENT((#11778));
#11780=STYLED_ITEM('',(#11779),#11777);
#11782=DIRECTION('',(-6.996275602085E-1,7.145077165410E-1,0.E0));
#11783=VECTOR('',#11782,2.382238032229E-1);
#11784=CARTESIAN_POINT('',(1.313529601575E1,-3.154862929209E0,-3.E-2));
#11785=LINE('',#11784,#11783);
#11787=CURVE_STYLE('',#21,POSITIVE_LENGTH_MEASURE(2.E-2),#10);
#11788=PRESENTATION_STYLE_ASSIGNMENT((#11787));
#11789=STYLED_ITEM('',(#11788),#11786);
#11791=DIRECTION('',(-8.906045842070E-1,4.547784895854E-1,0.E0));
#11792=VECTOR('',#11791,1.871380788279E-1);
#11793=CARTESIAN_POINT('',(1.296862807752E1,-2.984650183542E0,-3.E-2));
#11794=LINE('',#11793,#11792);
#11796=CURVE_STYLE('',#21,POSITIVE_LENGTH_MEASURE(2.E-2),#10);
#11797=PRESENTATION_STYLE_ASSIGNMENT((#11796));
#11798=STYLED_ITEM('',(#11797),#11795);
#11800=DIRECTION('',(-9.858211730931E-1,1.677993286083E-1,0.E0));
#11801=VECTOR('',#11800,2.535956893841E-1);
#11802=CARTESIAN_POINT('',(1.280196204664E1,-2.899543810709E0,-3.E-2));
#11803=LINE('',#11802,#11801);
#11805=CURVE_STYLE('',#21,POSITIVE_LENGTH_MEASURE(2.E-2),#10);
#11806=PRESENTATION_STYLE_ASSIGNMENT((#11805));
#11807=STYLED_ITEM('',(#11806),#11804);
#11809=DIRECTION('',(-1.E0,0.E0,0.E0));
#11810=VECTOR('',#11809,1.666660308838E-1);
#11811=CARTESIAN_POINT('',(1.255196204664E1,-2.856990624292E0,-3.E-2));
#11812=LINE('',#11811,#11810);
#11814=CURVE_STYLE('',#21,POSITIVE_LENGTH_MEASURE(2.E-2),#10);
#11815=PRESENTATION_STYLE_ASSIGNMENT((#11814));
#11816=STYLED_ITEM('',(#11815),#11813);
#11818=DIRECTION('',(-9.895241239320E-1,-1.443676146395E-1,0.E0));
#11819=VECTOR('',#11818,2.947557630768E-1);
#11820=CARTESIAN_POINT('',(1.238529601575E1,-2.856990624292E0,-3.E-2));
#11821=LINE('',#11820,#11819);
#11823=CURVE_STYLE('',#21,POSITIVE_LENGTH_MEASURE(2.E-2),#10);
#11824=PRESENTATION_STYLE_ASSIGNMENT((#11823));
#11825=STYLED_ITEM('',(#11824),#11822);
#11827=DIRECTION('',(-8.906045842070E-1,-4.547784895854E-1,0.E0));
#11828=VECTOR('',#11827,1.871380788279E-1);
#11829=CARTESIAN_POINT('',(1.209362807752E1,-2.899543810709E0,-3.E-2));
#11830=LINE('',#11829,#11828);
#11832=CURVE_STYLE('',#21,POSITIVE_LENGTH_MEASURE(2.E-2),#10);
#11833=PRESENTATION_STYLE_ASSIGNMENT((#11832));
#11834=STYLED_ITEM('',(#11833),#11831);
#11836=DIRECTION('',(-6.996234726647E-1,-7.145117189358E-1,0.E0));
#11837=VECTOR('',#11836,2.382224687931E-1);
#11838=CARTESIAN_POINT('',(1.192696204664E1,-2.984650183542E0,-3.E-2));
#11839=LINE('',#11838,#11837);
#11841=CURVE_STYLE('',#21,POSITIVE_LENGTH_MEASURE(2.E-2),#10);
#11842=PRESENTATION_STYLE_ASSIGNMENT((#11841));
#11843=STYLED_ITEM('',(#11842),#11840);
#11845=DIRECTION('',(-2.377781984247E-1,-9.713194780060E-1,0.E0));
#11846=VECTOR('',#11845,1.752386825557E-1);
#11847=CARTESIAN_POINT('',(1.176029601575E1,-3.154862929209E0,-3.E-2));
#11848=LINE('',#11847,#11846);
#11850=CURVE_STYLE('',#21,POSITIVE_LENGTH_MEASURE(2.E-2),#10);
#11851=PRESENTATION_STYLE_ASSIGNMENT((#11850));
#11852=STYLED_ITEM('',(#11851),#11849);
#11854=DIRECTION('',(1.E0,0.E0,0.E0));
#11855=VECTOR('',#11854,2.083339691162E-1);
#11856=CARTESIAN_POINT('',(1.171862807752E1,-3.325075674875E0,-3.E-2));
#11857=LINE('',#11856,#11855);
#11859=CURVE_STYLE('',#21,POSITIVE_LENGTH_MEASURE(2.E-2),#10);
#11860=PRESENTATION_STYLE_ASSIGNMENT((#11859));
#11861=STYLED_ITEM('',(#11860),#11858);
#11863=DIRECTION('',(5.466254709167E-1,8.373772116227E-1,0.E0));
#11864=VECTOR('',#11863,1.524516758732E-1);
#11865=CARTESIAN_POINT('',(1.192696204664E1,-3.325075674875E0,-3.E-2));
#11866=LINE('',#11865,#11864);
#11868=CURVE_STYLE('',#21,POSITIVE_LENGTH_MEASURE(2.E-2),#10);
#11869=PRESENTATION_STYLE_ASSIGNMENT((#11868));
#11870=STYLED_ITEM('',(#11869),#11867);
#11872=DIRECTION('',(8.265992787996E-1,5.627909312417E-1,0.E0));
#11873=VECTOR('',#11872,1.512220046714E-1);
#11874=CARTESIAN_POINT('',(1.201029601575E1,-3.197416115625E0,-3.E-2));
#11875=LINE('',#11874,#11873);
#11877=CURVE_STYLE('',#21,POSITIVE_LENGTH_MEASURE(2.E-2),#10);
#11878=PRESENTATION_STYLE_ASSIGNMENT((#11877));
#11879=STYLED_ITEM('',(#11878),#11876);
#11881=DIRECTION('',(9.797704697791E-1,2.001245276041E-1,0.E0));
#11882=VECTOR('',#11881,2.126335383578E-1);
#11883=CARTESIAN_POINT('',(1.213529601575E1,-3.112309742792E0,-3.E-2));
#11884=LINE('',#11883,#11882);
#11886=CURVE_STYLE('',#21,POSITIVE_LENGTH_MEASURE(2.E-2),#10);
#11887=PRESENTATION_STYLE_ASSIGNMENT((#11886));
#11888=STYLED_ITEM('',(#11887),#11885);
#11890=DIRECTION('',(1.E0,0.E0,0.E0));
#11891=VECTOR('',#11890,1.666679382324E-1);
#11892=CARTESIAN_POINT('',(1.234362807752E1,-3.069756556375E0,-3.E-2));
#11893=LINE('',#11892,#11891);
#11895=CURVE_STYLE('',#21,POSITIVE_LENGTH_MEASURE(2.E-2),#10);
#11896=PRESENTATION_STYLE_ASSIGNMENT((#11895));
#11897=STYLED_ITEM('',(#11896),#11894);
#11899=DIRECTION('',(9.797704697791E-1,-2.001245276041E-1,0.E0));
#11900=VECTOR('',#11899,2.126335383578E-1);
#11901=CARTESIAN_POINT('',(1.251029601575E1,-3.069756556375E0,-3.E-2));
#11902=LINE('',#11901,#11900);
#11904=CURVE_STYLE('',#21,POSITIVE_LENGTH_MEASURE(2.E-2),#10);
#11905=PRESENTATION_STYLE_ASSIGNMENT((#11904));
#11906=STYLED_ITEM('',(#11905),#11903);
#11908=DIRECTION('',(8.265992787996E-1,-5.627909312417E-1,0.E0));
#11909=VECTOR('',#11908,1.512220046714E-1);
#11910=CARTESIAN_POINT('',(1.271862807752E1,-3.112309742792E0,-3.E-2));
#11911=LINE('',#11910,#11909);
#11913=CURVE_STYLE('',#21,POSITIVE_LENGTH_MEASURE(2.E-2),#10);
#11914=PRESENTATION_STYLE_ASSIGNMENT((#11913));
#11915=STYLED_ITEM('',(#11914),#11912);
#11917=DIRECTION('',(5.466254709167E-1,-8.373772116227E-1,0.E0));
#11918=VECTOR('',#11917,1.524516758732E-1);
#11919=CARTESIAN_POINT('',(1.284362807752E1,-3.197416115625E0,-3.E-2));
#11920=LINE('',#11919,#11918);
#11922=CURVE_STYLE('',#21,POSITIVE_LENGTH_MEASURE(2.E-2),#10);
#11923=PRESENTATION_STYLE_ASSIGNMENT((#11922));
#11924=STYLED_ITEM('',(#11923),#11921);
#11926=DIRECTION('',(0.E0,-1.E0,0.E0));
#11927=VECTOR('',#11926,8.510649204254E-2);
#11928=CARTESIAN_POINT('',(1.292696204664E1,-3.325075674875E0,-3.E-2));
#11929=LINE('',#11928,#11927);
#11931=CURVE_STYLE('',#21,POSITIVE_LENGTH_MEASURE(2.E-2),#10);
#11932=PRESENTATION_STYLE_ASSIGNMENT((#11931));
#11933=STYLED_ITEM('',(#11932),#11930);
#11935=DIRECTION('',(-4.397162019326E-1,-8.981367723003E-1,0.E0));
#11936=VECTOR('',#11935,1.895176223890E-1);
#11937=CARTESIAN_POINT('',(1.292696204664E1,-3.410182166918E0,-3.E-2));
#11938=LINE('',#11937,#11936);
#11940=CURVE_STYLE('',#21,POSITIVE_LENGTH_MEASURE(2.E-2),#10);
#11941=PRESENTATION_STYLE_ASSIGNMENT((#11940));
#11942=STYLED_ITEM('',(#11941),#11939);
#11944=DIRECTION('',(-7.389227835135E-1,-6.737901156923E-1,0.E0));
#11945=VECTOR('',#11944,1.578874081181E0);
#11946=CARTESIAN_POINT('',(1.284362807752E1,-3.580394912584E0,-3.E-2));
#11947=LINE('',#11946,#11945);
#11949=CURVE_STYLE('',#21,POSITIVE_LENGTH_MEASURE(2.E-2),#10);
#11950=PRESENTATION_STYLE_ASSIGNMENT((#11949));
#11951=STYLED_ITEM('',(#11950),#11948);
#11954=DIRECTION('',(4.882898636716E-1,8.726815049235E-1,0.E0));
#11955=VECTOR('',#11954,3.413299161674E-1);
#11956=CARTESIAN_POINT('',(1.371862807752E1,-3.154862929209E0,-3.E-2));
#11957=LINE('',#11956,#11955);
#11959=CURVE_STYLE('',#21,POSITIVE_LENGTH_MEASURE(2.E-2),#10);
#11960=PRESENTATION_STYLE_ASSIGNMENT((#11959));
#11961=STYLED_ITEM('',(#11960),#11958);
#11963=DIRECTION('',(-1.E0,0.E0,0.E0));
#11964=VECTOR('',#11963,2.083339691162E-1);
#11965=CARTESIAN_POINT('',(1.388529601575E1,-2.856990624292E0,-3.E-2));
#11966=LINE('',#11965,#11964);
#11968=CURVE_STYLE('',#21,POSITIVE_LENGTH_MEASURE(2.E-2),#10);
#11969=PRESENTATION_STYLE_ASSIGNMENT((#11968));
#11970=STYLED_ITEM('',(#11969),#11967);
#11972=DIRECTION('',(-4.882856079908E-1,-8.726838860831E-1,0.E0));
#11973=VECTOR('',#11972,3.413289848325E-1);
#11974=CARTESIAN_POINT('',(1.367696204664E1,-2.856990624292E0,-3.E-2));
#11975=LINE('',#11974,#11973);
#11977=CURVE_STYLE('',#21,POSITIVE_LENGTH_MEASURE(2.E-2),#10);
#11978=PRESENTATION_STYLE_ASSIGNMENT((#11977));
#11979=STYLED_ITEM('',(#11978),#11976);
#11981=DIRECTION('',(1.E0,0.E0,0.E0));
#11982=VECTOR('',#11981,2.083320617676E-1);
#11983=CARTESIAN_POINT('',(1.351029601575E1,-3.154862929209E0,-3.E-2));
#11984=LINE('',#11983,#11982);
#11986=CURVE_STYLE('',#21,POSITIVE_LENGTH_MEASURE(2.E-2),#10);
#11987=PRESENTATION_STYLE_ASSIGNMENT((#11986));
#11988=STYLED_ITEM('',(#11987),#11985);
#11991=DIRECTION('',(-9.797708290262E-1,-2.001227687928E-1,0.E0));
#11992=VECTOR('',#11991,2.126354071220E-1);
#11993=CARTESIAN_POINT('',(1.488529601575E1,-2.856990624292E0,-3.E-2));
#11994=LINE('',#11993,#11992);
#11996=CURVE_STYLE('',#21,POSITIVE_LENGTH_MEASURE(2.E-2),#10);
#11997=PRESENTATION_STYLE_ASSIGNMENT((#11996));
#11998=STYLED_ITEM('',(#11997),#11995);
#12000=DIRECTION('',(-8.906045842070E-1,-4.547784895854E-1,0.E0));
#12001=VECTOR('',#12000,1.871380788279E-1);
#12002=CARTESIAN_POINT('',(1.467696204664E1,-2.899543810709E0,-3.E-2));
#12003=LINE('',#12002,#12001);
#12005=CURVE_STYLE('',#21,POSITIVE_LENGTH_MEASURE(2.E-2),#10);
#12006=PRESENTATION_STYLE_ASSIGNMENT((#12005));
#12007=STYLED_ITEM('',(#12006),#12004);
#12009=DIRECTION('',(-6.996275602085E-1,-7.145077165410E-1,0.E0));
#12010=VECTOR('',#12009,2.382238032229E-1);
#12011=CARTESIAN_POINT('',(1.451029601575E1,-2.984650183542E0,-3.E-2));
#12012=LINE('',#12011,#12010);
#12014=CURVE_STYLE('',#21,POSITIVE_LENGTH_MEASURE(2.E-2),#10);
#12015=PRESENTATION_STYLE_ASSIGNMENT((#12014));
#12016=STYLED_ITEM('',(#12015),#12013);
#12018=DIRECTION('',(-4.397080835723E-1,-8.981407468995E-1,0.E0));
#12019=VECTOR('',#12018,1.895167837047E-1);
#12020=CARTESIAN_POINT('',(1.434362807752E1,-3.154862929209E0,-3.E-2));
#12021=LINE('',#12020,#12019);
#12023=CURVE_STYLE('',#21,POSITIVE_LENGTH_MEASURE(2.E-2),#10);
#12024=PRESENTATION_STYLE_ASSIGNMENT((#12023));
#12025=STYLED_ITEM('',(#12024),#12022);
#12027=DIRECTION('',(-1.921883980402E-1,-9.813580486544E-1,0.E0));
#12028=VECTOR('',#12027,2.168077712148E-1);
#12029=CARTESIAN_POINT('',(1.426029601575E1,-3.325075674875E0,-3.E-2));
#12030=LINE('',#12029,#12028);
#12032=CURVE_STYLE('',#21,POSITIVE_LENGTH_MEASURE(2.E-2),#10);
#12033=PRESENTATION_STYLE_ASSIGNMENT((#12032));
#12034=STYLED_ITEM('',(#12033),#12031);
#12036=DIRECTION('',(0.E0,-1.E0,0.E0));
#12037=VECTOR('',#12036,6.382978558540E-1);
#12038=CARTESIAN_POINT('',(1.421862807752E1,-3.537841726167E0,-3.E-2));
#12039=LINE('',#12038,#12037);
#12041=CURVE_STYLE('',#21,POSITIVE_LENGTH_MEASURE(2.E-2),#10);
#12042=PRESENTATION_STYLE_ASSIGNMENT((#12041));
#12043=STYLED_ITEM('',(#12042),#12040);
#12045=DIRECTION('',(1.921885017429E-1,-9.813580283453E-1,0.E0));
#12046=VECTOR('',#12045,2.168076542278E-1);
#12047=CARTESIAN_POINT('',(1.421862807752E1,-4.176139582022E0,-3.E-2));
#12048=LINE('',#12047,#12046);
#12050=CURVE_STYLE('',#21,POSITIVE_LENGTH_MEASURE(2.E-2),#10);
#12051=PRESENTATION_STYLE_ASSIGNMENT((#12050));
#12052=STYLED_ITEM('',(#12051),#12049);
#12054=DIRECTION('',(4.397080214695E-1,-8.981407773035E-1,0.E0));
#12055=VECTOR('',#12054,1.895168104714E-1);
#12056=CARTESIAN_POINT('',(1.426029601575E1,-4.388905514105E0,-3.E-2));
#12057=LINE('',#12056,#12055);
#12059=CURVE_STYLE('',#21,POSITIVE_LENGTH_MEASURE(2.E-2),#10);
#12060=PRESENTATION_STYLE_ASSIGNMENT((#12059));
#12061=STYLED_ITEM('',(#12060),#12058);
#12063=DIRECTION('',(6.996275289399E-1,-7.145077471585E-1,0.E0));
#12064=VECTOR('',#12063,2.382238138699E-1);
#12065=CARTESIAN_POINT('',(1.434362807752E1,-4.559118289573E0,-3.E-2));
#12066=LINE('',#12065,#12064);
#12068=CURVE_STYLE('',#21,POSITIVE_LENGTH_MEASURE(2.E-2),#10);
#12069=PRESENTATION_STYLE_ASSIGNMENT((#12068));
#12070=STYLED_ITEM('',(#12069),#12067);
#12072=DIRECTION('',(8.906045600187E-1,-4.547785369538E-1,0.E0));
#12073=VECTOR('',#12072,1.871380839104E-1);
#12074=CARTESIAN_POINT('',(1.451029601575E1,-4.729331050141E0,-3.E-2));
#12075=LINE('',#12074,#12073);
#12077=CURVE_STYLE('',#21,POSITIVE_LENGTH_MEASURE(2.E-2),#10);
#12078=PRESENTATION_STYLE_ASSIGNMENT((#12077));
#12079=STYLED_ITEM('',(#12078),#12076);
#12081=DIRECTION('',(9.797708255911E-1,-2.001227856107E-1,0.E0));
#12082=VECTOR('',#12081,2.126354078675E-1);
#12083=CARTESIAN_POINT('',(1.467696204664E1,-4.814437434150E0,-3.E-2));
#12084=LINE('',#12083,#12082);
#12086=CURVE_STYLE('',#21,POSITIVE_LENGTH_MEASURE(2.E-2),#10);
#12087=PRESENTATION_STYLE_ASSIGNMENT((#12086));
#12088=STYLED_ITEM('',(#12087),#12085);
#12090=DIRECTION('',(1.E0,0.E0,0.E0));
#12091=VECTOR('',#12090,3.333320617676E-1);
#12092=CARTESIAN_POINT('',(1.488529601575E1,-4.856990624292E0,-3.E-2));
#12093=LINE('',#12092,#12091);
#12095=CURVE_STYLE('',#21,POSITIVE_LENGTH_MEASURE(2.E-2),#10);
#12096=PRESENTATION_STYLE_ASSIGNMENT((#12095));
#12097=STYLED_ITEM('',(#12096),#12094);
#12099=DIRECTION('',(9.797708255911E-1,2.001227856107E-1,0.E0));
#12100=VECTOR('',#12099,2.126354078675E-1);
#12101=CARTESIAN_POINT('',(1.521862807752E1,-4.856990624292E0,-3.E-2));
#12102=LINE('',#12101,#12100);
#12104=CURVE_STYLE('',#21,POSITIVE_LENGTH_MEASURE(2.E-2),#10);
#12105=PRESENTATION_STYLE_ASSIGNMENT((#12104));
#12106=STYLED_ITEM('',(#12105),#12103);
#12108=DIRECTION('',(8.906045600187E-1,4.547785369538E-1,0.E0));
#12109=VECTOR('',#12108,1.871380839104E-1);
#12110=CARTESIAN_POINT('',(1.542696204664E1,-4.814437434150E0,-3.E-2));
#12111=LINE('',#12110,#12109);
#12113=CURVE_STYLE('',#21,POSITIVE_LENGTH_MEASURE(2.E-2),#10);
#12114=PRESENTATION_STYLE_ASSIGNMENT((#12113));
#12115=STYLED_ITEM('',(#12114),#12112);
#12117=DIRECTION('',(6.996275289399E-1,7.145077471585E-1,0.E0));
#12118=VECTOR('',#12117,2.382238138699E-1);
#12119=CARTESIAN_POINT('',(1.559362807752E1,-4.729331050141E0,-3.E-2));
#12120=LINE('',#12119,#12118);
#12122=CURVE_STYLE('',#21,POSITIVE_LENGTH_MEASURE(2.E-2),#10);
#12123=PRESENTATION_STYLE_ASSIGNMENT((#12122));
#12124=STYLED_ITEM('',(#12123),#12121);
#12126=DIRECTION('',(4.397080214695E-1,8.981407773035E-1,0.E0));
#12127=VECTOR('',#12126,1.895168104714E-1);
#12128=CARTESIAN_POINT('',(1.576029601575E1,-4.559118289573E0,-3.E-2));
#12129=LINE('',#12128,#12127);
#12131=CURVE_STYLE('',#21,POSITIVE_LENGTH_MEASURE(2.E-2),#10);
#12132=PRESENTATION_STYLE_ASSIGNMENT((#12131));
#12133=STYLED_ITEM('',(#12132),#12130);
#12135=DIRECTION('',(1.921885017429E-1,9.813580283453E-1,0.E0));
#12136=VECTOR('',#12135,2.168076542278E-1);
#12137=CARTESIAN_POINT('',(1.584362807752E1,-4.388905514105E0,-3.E-2));
#12138=LINE('',#12137,#12136);
#12140=CURVE_STYLE('',#21,POSITIVE_LENGTH_MEASURE(2.E-2),#10);
#12141=PRESENTATION_STYLE_ASSIGNMENT((#12140));
#12142=STYLED_ITEM('',(#12141),#12139);
#12144=DIRECTION('',(0.E0,1.E0,0.E0));
#12145=VECTOR('',#12144,6.382978558540E-1);
#12146=CARTESIAN_POINT('',(1.588529601575E1,-4.176139582022E0,-3.E-2));
#12147=LINE('',#12146,#12145);
#12149=CURVE_STYLE('',#21,POSITIVE_LENGTH_MEASURE(2.E-2),#10);
#12150=PRESENTATION_STYLE_ASSIGNMENT((#12149));
#12151=STYLED_ITEM('',(#12150),#12148);
#12153=DIRECTION('',(-1.921883980402E-1,9.813580486544E-1,0.E0));
#12154=VECTOR('',#12153,2.168077712148E-1);
#12155=CARTESIAN_POINT('',(1.588529601575E1,-3.537841726167E0,-3.E-2));
#12156=LINE('',#12155,#12154);
#12158=CURVE_STYLE('',#21,POSITIVE_LENGTH_MEASURE(2.E-2),#10);
#12159=PRESENTATION_STYLE_ASSIGNMENT((#12158));
#12160=STYLED_ITEM('',(#12159),#12157);
#12162=DIRECTION('',(-4.397080835723E-1,8.981407468995E-1,0.E0));
#12163=VECTOR('',#12162,1.895167837047E-1);
#12164=CARTESIAN_POINT('',(1.584362807752E1,-3.325075674875E0,-3.E-2));
#12165=LINE('',#12164,#12163);
#12167=CURVE_STYLE('',#21,POSITIVE_LENGTH_MEASURE(2.E-2),#10);
#12168=PRESENTATION_STYLE_ASSIGNMENT((#12167));
#12169=STYLED_ITEM('',(#12168),#12166);
#12171=DIRECTION('',(-6.996275602085E-1,7.145077165410E-1,0.E0));
#12172=VECTOR('',#12171,2.382238032229E-1);
#12173=CARTESIAN_POINT('',(1.576029601575E1,-3.154862929209E0,-3.E-2));
#12174=LINE('',#12173,#12172);
#12176=CURVE_STYLE('',#21,POSITIVE_LENGTH_MEASURE(2.E-2),#10);
#12177=PRESENTATION_STYLE_ASSIGNMENT((#12176));
#12178=STYLED_ITEM('',(#12177),#12175);
#12180=DIRECTION('',(-8.906045842070E-1,4.547784895854E-1,0.E0));
#12181=VECTOR('',#12180,1.871380788279E-1);
#12182=CARTESIAN_POINT('',(1.559362807752E1,-2.984650183542E0,-3.E-2));
#12183=LINE('',#12182,#12181);
#12185=CURVE_STYLE('',#21,POSITIVE_LENGTH_MEASURE(2.E-2),#10);
#12186=PRESENTATION_STYLE_ASSIGNMENT((#12185));
#12187=STYLED_ITEM('',(#12186),#12184);
#12189=DIRECTION('',(-9.797708290262E-1,2.001227687928E-1,0.E0));
#12190=VECTOR('',#12189,2.126354071220E-1);
#12191=CARTESIAN_POINT('',(1.542696204664E1,-2.899543810709E0,-3.E-2));
#12192=LINE('',#12191,#12190);
#12194=CURVE_STYLE('',#21,POSITIVE_LENGTH_MEASURE(2.E-2),#10);
#12195=PRESENTATION_STYLE_ASSIGNMENT((#12194));
#12196=STYLED_ITEM('',(#12195),#12193);
#12198=DIRECTION('',(-1.E0,0.E0,0.E0));
#12199=VECTOR('',#12198,3.333320617676E-1);
#12200=CARTESIAN_POINT('',(1.521862807752E1,-2.856990624292E0,-3.E-2));
#12201=LINE('',#12200,#12199);
#12203=CURVE_STYLE('',#21,POSITIVE_LENGTH_MEASURE(2.E-2),#10);
#12204=PRESENTATION_STYLE_ASSIGNMENT((#12203));
#12205=STYLED_ITEM('',(#12204),#12202);
#12208=DIRECTION('',(1.E0,0.E0,0.E0));
#12209=VECTOR('',#12208,3.333320617676E-1);
#12210=CARTESIAN_POINT('',(1.488529601575E1,-3.112309742792E0,-3.E-2));
#12211=LINE('',#12210,#12209);
#12213=CURVE_STYLE('',#21,POSITIVE_LENGTH_MEASURE(2.E-2),#10);
#12214=PRESENTATION_STYLE_ASSIGNMENT((#12213));
#12215=STYLED_ITEM('',(#12214),#12212);
#12217=DIRECTION('',(9.689181700829E-1,-2.473814457133E-1,0.E0));
#12218=VECTOR('',#12217,1.720144624991E-1);
#12219=CARTESIAN_POINT('',(1.521862807752E1,-3.112309742792E0,-3.E-2));
#12220=LINE('',#12219,#12218);
#12222=CURVE_STYLE('',#21,POSITIVE_LENGTH_MEASURE(2.E-2),#10);
#12223=PRESENTATION_STYLE_ASSIGNMENT((#12222));
#12224=STYLED_ITEM('',(#12223),#12221);
#12226=DIRECTION('',(8.265992787996E-1,-5.627909312417E-1,0.E0));
#12227=VECTOR('',#12226,1.512220046714E-1);
#12228=CARTESIAN_POINT('',(1.538529601575E1,-3.154862929209E0,-3.E-2));
#12229=LINE('',#12228,#12227);
#12231=CURVE_STYLE('',#21,POSITIVE_LENGTH_MEASURE(2.E-2),#10);
#12232=PRESENTATION_STYLE_ASSIGNMENT((#12231));
#12233=STYLED_ITEM('',(#12232),#12230);
#12235=DIRECTION('',(5.466163400664E-1,-8.373831720141E-1,0.E0));
#12236=VECTOR('',#12235,1.524507331E-1);
#12237=CARTESIAN_POINT('',(1.551029601575E1,-3.239969302042E0,-3.E-2));
#12238=LINE('',#12237,#12236);
#12240=CURVE_STYLE('',#21,POSITIVE_LENGTH_MEASURE(2.E-2),#10);
#12241=PRESENTATION_STYLE_ASSIGNMENT((#12240));
#12242=STYLED_ITEM('',(#12241),#12239);
#12244=DIRECTION('',(2.377781984247E-1,-9.713194780060E-1,0.E0));
#12245=VECTOR('',#12244,1.752386825557E-1);
#12246=CARTESIAN_POINT('',(1.559362807752E1,-3.367628980501E0,-3.E-2));
#12247=LINE('',#12246,#12245);
#12249=CURVE_STYLE('',#21,POSITIVE_LENGTH_MEASURE(2.E-2),#10);
#12250=PRESENTATION_STYLE_ASSIGNMENT((#12249));
#12251=STYLED_ITEM('',(#12250),#12248);
#12253=DIRECTION('',(0.E0,-1.E0,0.E0));
#12254=VECTOR('',#12253,6.382978558540E-1);
#12255=CARTESIAN_POINT('',(1.563529601575E1,-3.537841726167E0,-3.E-2));
#12256=LINE('',#12255,#12254);
#12258=CURVE_STYLE('',#21,POSITIVE_LENGTH_MEASURE(2.E-2),#10);
#12259=PRESENTATION_STYLE_ASSIGNMENT((#12258));
#12260=STYLED_ITEM('',(#12259),#12257);
#12262=DIRECTION('',(-2.377781984247E-1,-9.713194780060E-1,0.E0));
#12263=VECTOR('',#12262,1.752386825557E-1);
#12264=CARTESIAN_POINT('',(1.563529601575E1,-4.176139582022E0,-3.E-2));
#12265=LINE('',#12264,#12263);
#12267=CURVE_STYLE('',#21,POSITIVE_LENGTH_MEASURE(2.E-2),#10);
#12268=PRESENTATION_STYLE_ASSIGNMENT((#12267));
#12269=STYLED_ITEM('',(#12268),#12266);
#12271=DIRECTION('',(-5.466166979878E-1,-8.373829383746E-1,0.E0));
#12272=VECTOR('',#12271,1.524506332762E-1);
#12273=CARTESIAN_POINT('',(1.559362807752E1,-4.346352327688E0,-3.E-2));
#12274=LINE('',#12273,#12272);
#12276=CURVE_STYLE('',#21,POSITIVE_LENGTH_MEASURE(2.E-2),#10);
#12277=PRESENTATION_STYLE_ASSIGNMENT((#12276));
#12278=STYLED_ITEM('',(#12277),#12275);
#12280=DIRECTION('',(-8.265991871191E-1,-5.627910658975E-1,0.E0));
#12281=VECTOR('',#12280,1.512220214439E-1);
#12282=CARTESIAN_POINT('',(1.551029601575E1,-4.474011886938E0,-3.E-2));
#12283=LINE('',#12282,#12281);
#12285=CURVE_STYLE('',#21,POSITIVE_LENGTH_MEASURE(2.E-2),#10);
#12286=PRESENTATION_STYLE_ASSIGNMENT((#12285));
#12287=STYLED_ITEM('',(#12286),#12284);
#12289=DIRECTION('',(-9.689181700829E-1,-2.473814457133E-1,0.E0));
#12290=VECTOR('',#12289,1.720144624991E-1);
#12291=CARTESIAN_POINT('',(1.538529601575E1,-4.559118289573E0,-3.E-2));
#12292=LINE('',#12291,#12290);
#12294=CURVE_STYLE('',#21,POSITIVE_LENGTH_MEASURE(2.E-2),#10);
#12295=PRESENTATION_STYLE_ASSIGNMENT((#12294));
#12296=STYLED_ITEM('',(#12295),#12293);
#12298=DIRECTION('',(-1.E0,0.E0,0.E0));
#12299=VECTOR('',#12298,3.333320617676E-1);
#12300=CARTESIAN_POINT('',(1.521862807752E1,-4.601671475990E0,-3.E-2));
#12301=LINE('',#12300,#12299);
#12303=CURVE_STYLE('',#21,POSITIVE_LENGTH_MEASURE(2.E-2),#10);
#12304=PRESENTATION_STYLE_ASSIGNMENT((#12303));
#12305=STYLED_ITEM('',(#12304),#12302);
#12307=DIRECTION('',(-9.689181700829E-1,2.473814457133E-1,0.E0));
#12308=VECTOR('',#12307,1.720144624991E-1);
#12309=CARTESIAN_POINT('',(1.488529601575E1,-4.601671475990E0,-3.E-2));
#12310=LINE('',#12309,#12308);
#12312=CURVE_STYLE('',#21,POSITIVE_LENGTH_MEASURE(2.E-2),#10);
#12313=PRESENTATION_STYLE_ASSIGNMENT((#12312));
#12314=STYLED_ITEM('',(#12313),#12311);
#12316=DIRECTION('',(-8.265991871191E-1,5.627910658975E-1,0.E0));
#12317=VECTOR('',#12316,1.512220214439E-1);
#12318=CARTESIAN_POINT('',(1.471862807752E1,-4.559118289573E0,-3.E-2));
#12319=LINE('',#12318,#12317);
#12321=CURVE_STYLE('',#21,POSITIVE_LENGTH_MEASURE(2.E-2),#10);
#12322=PRESENTATION_STYLE_ASSIGNMENT((#12321));
#12323=STYLED_ITEM('',(#12322),#12320);
#12325=DIRECTION('',(-5.466166979878E-1,8.373829383746E-1,0.E0));
#12326=VECTOR('',#12325,1.524506332762E-1);
#12327=CARTESIAN_POINT('',(1.459362807752E1,-4.474011886938E0,-3.E-2));
#12328=LINE('',#12327,#12326);
#12330=CURVE_STYLE('',#21,POSITIVE_LENGTH_MEASURE(2.E-2),#10);
#12331=PRESENTATION_STYLE_ASSIGNMENT((#12330));
#12332=STYLED_ITEM('',(#12331),#12329);
#12334=DIRECTION('',(-2.377781984247E-1,9.713194780060E-1,0.E0));
#12335=VECTOR('',#12334,1.752386825557E-1);
#12336=CARTESIAN_POINT('',(1.451029601575E1,-4.346352327688E0,-3.E-2));
#12337=LINE('',#12336,#12335);
#12339=CURVE_STYLE('',#21,POSITIVE_LENGTH_MEASURE(2.E-2),#10);
#12340=PRESENTATION_STYLE_ASSIGNMENT((#12339));
#12341=STYLED_ITEM('',(#12340),#12338);
#12343=DIRECTION('',(0.E0,1.E0,0.E0));
#12344=VECTOR('',#12343,6.382978558540E-1);
#12345=CARTESIAN_POINT('',(1.446862807752E1,-4.176139582022E0,-3.E-2));
#12346=LINE('',#12345,#12344);
#12348=CURVE_STYLE('',#21,POSITIVE_LENGTH_MEASURE(2.E-2),#10);
#12349=PRESENTATION_STYLE_ASSIGNMENT((#12348));
#12350=STYLED_ITEM('',(#12349),#12347);
#12352=DIRECTION('',(2.377781984247E-1,9.713194780060E-1,0.E0));
#12353=VECTOR('',#12352,1.752386825557E-1);
#12354=CARTESIAN_POINT('',(1.446862807752E1,-3.537841726167E0,-3.E-2));
#12355=LINE('',#12354,#12353);
#12357=CURVE_STYLE('',#21,POSITIVE_LENGTH_MEASURE(2.E-2),#10);
#12358=PRESENTATION_STYLE_ASSIGNMENT((#12357));
#12359=STYLED_ITEM('',(#12358),#12356);
#12361=DIRECTION('',(5.466163400664E-1,8.373831720141E-1,0.E0));
#12362=VECTOR('',#12361,1.524507331E-1);
#12363=CARTESIAN_POINT('',(1.451029601575E1,-3.367628980501E0,-3.E-2));
#12364=LINE('',#12363,#12362);
#12366=CURVE_STYLE('',#21,POSITIVE_LENGTH_MEASURE(2.E-2),#10);
#12367=PRESENTATION_STYLE_ASSIGNMENT((#12366));
#12368=STYLED_ITEM('',(#12367),#12365);
#12370=DIRECTION('',(8.265992787996E-1,5.627909312417E-1,0.E0));
#12371=VECTOR('',#12370,1.512220046714E-1);
#12372=CARTESIAN_POINT('',(1.459362807752E1,-3.239969302042E0,-3.E-2));
#12373=LINE('',#12372,#12371);
#12375=CURVE_STYLE('',#21,POSITIVE_LENGTH_MEASURE(2.E-2),#10);
#12376=PRESENTATION_STYLE_ASSIGNMENT((#12375));
#12377=STYLED_ITEM('',(#12376),#12374);
#12379=DIRECTION('',(9.689181700829E-1,2.473814457133E-1,0.E0));
#12380=VECTOR('',#12379,1.720144624991E-1);
#12381=CARTESIAN_POINT('',(1.471862807752E1,-3.154862929209E0,-3.E-2));
#12382=LINE('',#12381,#12380);
#12384=CURVE_STYLE('',#21,POSITIVE_LENGTH_MEASURE(2.E-2),#10);
#12385=PRESENTATION_STYLE_ASSIGNMENT((#12384));
#12386=STYLED_ITEM('',(#12385),#12383);
#12389=DIRECTION('',(1.E0,0.E0,0.E0));
#12390=VECTOR('',#12389,2.5E-1);
#12391=CARTESIAN_POINT('',(-1.935495349492E1,-3.576981481952E0,-3.E-2));
#12392=LINE('',#12391,#12390);
#12394=CURVE_STYLE('',#21,POSITIVE_LENGTH_MEASURE(2.E-2),#10);
#12395=PRESENTATION_STYLE_ASSIGNMENT((#12394));
#12396=STYLED_ITEM('',(#12395),#12393);
#12398=DIRECTION('',(-5.699144852094E-1,8.217040096948E-1,0.E0));
#12399=VECTOR('',#12398,1.242876487347E0);
#12400=CARTESIAN_POINT('',(-1.910495349492E1,-3.576981481952E0,-3.E-2));
#12401=LINE('',#12400,#12399);
#12403=CURVE_STYLE('',#21,POSITIVE_LENGTH_MEASURE(2.E-2),#10);
#12404=PRESENTATION_STYLE_ASSIGNMENT((#12403));
#12405=STYLED_ITEM('',(#12404),#12402);
#12407=DIRECTION('',(5.862939941757E-1,8.100983597030E-1,0.E0));
#12408=VECTOR('',#12407,1.208153794004E0);
#12409=CARTESIAN_POINT('',(-1.981328680839E1,-2.555704888743E0,-3.E-2));
#12410=LINE('',#12409,#12408);
#12412=CURVE_STYLE('',#21,POSITIVE_LENGTH_MEASURE(2.E-2),#10);
#12413=PRESENTATION_STYLE_ASSIGNMENT((#12412));
#12414=STYLED_ITEM('',(#12413),#12411);
#12416=DIRECTION('',(-1.E0,0.E0,0.E0));
#12417=VECTOR('',#12416,2.5E-1);
#12418=CARTESIAN_POINT('',(-1.910495349492E1,-1.576981481952E0,-3.E-2));
#12419=LINE('',#12418,#12417);
#12421=CURVE_STYLE('',#21,POSITIVE_LENGTH_MEASURE(2.E-2),#10);
#12422=PRESENTATION_STYLE_ASSIGNMENT((#12421));
#12423=STYLED_ITEM('',(#12422),#12420);
#12425=DIRECTION('',(-5.851008687665E-1,-8.109605251606E-1,0.E0));
#12426=VECTOR('',#12425,9.969790588329E-1);
#12427=CARTESIAN_POINT('',(-1.935495349492E1,-1.576981481952E0,-3.E-2));
#12428=LINE('',#12427,#12426);
#12430=CURVE_STYLE('',#21,POSITIVE_LENGTH_MEASURE(2.E-2),#10);
#12431=PRESENTATION_STYLE_ASSIGNMENT((#12430));
#12432=STYLED_ITEM('',(#12431),#12429);
#12434=DIRECTION('',(-5.851008687665E-1,8.109605251606E-1,0.E0));
#12435=VECTOR('',#12434,9.969790588329E-1);
#12436=CARTESIAN_POINT('',(-1.993828680839E1,-2.385492143077E0,-3.E-2));
#12437=LINE('',#12436,#12435);
#12439=CURVE_STYLE('',#21,POSITIVE_LENGTH_MEASURE(2.E-2),#10);
#12440=PRESENTATION_STYLE_ASSIGNMENT((#12439));
#12441=STYLED_ITEM('',(#12440),#12438);
#12443=DIRECTION('',(-1.E0,0.E0,0.E0));
#12444=VECTOR('',#12443,2.5E-1);
#12445=CARTESIAN_POINT('',(-2.052162012185E1,-1.576981481952E0,-3.E-2));
#12446=LINE('',#12445,#12444);
#12448=CURVE_STYLE('',#21,POSITIVE_LENGTH_MEASURE(2.E-2),#10);
#12449=PRESENTATION_STYLE_ASSIGNMENT((#12448));
#12450=STYLED_ITEM('',(#12449),#12447);
#12452=DIRECTION('',(5.862939941757E-1,-8.100983597030E-1,0.E0));
#12453=VECTOR('',#12452,1.208153794004E0);
#12454=CARTESIAN_POINT('',(-2.077162012185E1,-1.576981481952E0,-3.E-2));
#12455=LINE('',#12454,#12453);
#12457=CURVE_STYLE('',#21,POSITIVE_LENGTH_MEASURE(2.E-2),#10);
#12458=PRESENTATION_STYLE_ASSIGNMENT((#12457));
#12459=STYLED_ITEM('',(#12458),#12456);
#12461=DIRECTION('',(-5.699144852094E-1,-8.217040096948E-1,0.E0));
#12462=VECTOR('',#12461,1.242876487347E0);
#12463=CARTESIAN_POINT('',(-2.006328680839E1,-2.555704888743E0,-3.E-2));
#12464=LINE('',#12463,#12462);
#12466=CURVE_STYLE('',#21,POSITIVE_LENGTH_MEASURE(2.E-2),#10);
#12467=PRESENTATION_STYLE_ASSIGNMENT((#12466));
#12468=STYLED_ITEM('',(#12467),#12465);
#12470=DIRECTION('',(1.E0,0.E0,0.E0));
#12471=VECTOR('',#12470,2.5E-1);
#12472=CARTESIAN_POINT('',(-2.077162012185E1,-3.576981481952E0,-3.E-2));
#12473=LINE('',#12472,#12471);
#12475=CURVE_STYLE('',#21,POSITIVE_LENGTH_MEASURE(2.E-2),#10);
#12476=PRESENTATION_STYLE_ASSIGNMENT((#12475));
#12477=STYLED_ITEM('',(#12476),#12474);
#12479=DIRECTION('',(5.851008687665E-1,8.109605251606E-1,0.E0));
#12480=VECTOR('',#12479,9.969790588329E-1);
#12481=CARTESIAN_POINT('',(-2.052162012185E1,-3.576981481952E0,-3.E-2));
#12482=LINE('',#12481,#12480);
#12484=CURVE_STYLE('',#21,POSITIVE_LENGTH_MEASURE(2.E-2),#10);
#12485=PRESENTATION_STYLE_ASSIGNMENT((#12484));
#12486=STYLED_ITEM('',(#12485),#12483);
#12488=DIRECTION('',(5.851008687665E-1,-8.109605251606E-1,0.E0));
#12489=VECTOR('',#12488,9.969790588329E-1);
#12490=CARTESIAN_POINT('',(-1.993828680839E1,-2.768470820826E0,-3.E-2));
#12491=LINE('',#12490,#12489);
#12493=CURVE_STYLE('',#21,POSITIVE_LENGTH_MEASURE(2.E-2),#10);
#12494=PRESENTATION_STYLE_ASSIGNMENT((#12493));
#12495=STYLED_ITEM('',(#12494),#12492);
#12498=DIRECTION('',(0.E0,-1.E0,0.E0));
#12499=VECTOR('',#12498,2.E0);
#12500=CARTESIAN_POINT('',(-1.877162012185E1,-1.576981481952E0,-3.E-2));
#12501=LINE('',#12500,#12499);
#12503=CURVE_STYLE('',#21,POSITIVE_LENGTH_MEASURE(2.E-2),#10);
#12504=PRESENTATION_STYLE_ASSIGNMENT((#12503));
#12505=STYLED_ITEM('',(#12504),#12502);
#12507=DIRECTION('',(1.E0,0.E0,0.E0));
#12508=VECTOR('',#12507,1.5E0);
#12509=CARTESIAN_POINT('',(-1.877162012185E1,-3.576981481952E0,-3.E-2));
#12510=LINE('',#12509,#12508);
#12512=CURVE_STYLE('',#21,POSITIVE_LENGTH_MEASURE(2.E-2),#10);
#12513=PRESENTATION_STYLE_ASSIGNMENT((#12512));
#12514=STYLED_ITEM('',(#12513),#12511);
#12516=DIRECTION('',(0.E0,1.E0,0.E0));
#12517=VECTOR('',#12516,2.553191483021E-1);
#12518=CARTESIAN_POINT('',(-1.727162012185E1,-3.576981481952E0,-3.E-2));
#12519=LINE('',#12518,#12517);
#12521=CURVE_STYLE('',#21,POSITIVE_LENGTH_MEASURE(2.E-2),#10);
#12522=PRESENTATION_STYLE_ASSIGNMENT((#12521));
#12523=STYLED_ITEM('',(#12522),#12520);
#12525=DIRECTION('',(-1.E0,0.E0,0.E0));
#12526=VECTOR('',#12525,1.25E0);
#12527=CARTESIAN_POINT('',(-1.727162012185E1,-3.321662333650E0,-3.E-2));
#12528=LINE('',#12527,#12526);
#12530=CURVE_STYLE('',#21,POSITIVE_LENGTH_MEASURE(2.E-2),#10);
#12531=PRESENTATION_STYLE_ASSIGNMENT((#12530));
#12532=STYLED_ITEM('',(#12531),#12529);
#12534=DIRECTION('',(0.E0,1.E0,0.E0));
#12535=VECTOR('',#12534,1.744680851698E0);
#12536=CARTESIAN_POINT('',(-1.852162012185E1,-3.321662333650E0,-3.E-2));
#12537=LINE('',#12536,#12535);
#12539=CURVE_STYLE('',#21,POSITIVE_LENGTH_MEASURE(2.E-2),#10);
#12540=PRESENTATION_STYLE_ASSIGNMENT((#12539));
#12541=STYLED_ITEM('',(#12540),#12538);
#12543=DIRECTION('',(-1.E0,0.E0,0.E0));
#12544=VECTOR('',#12543,2.5E-1);
#12545=CARTESIAN_POINT('',(-1.852162012185E1,-1.576981481952E0,-3.E-2));
#12546=LINE('',#12545,#12544);
#12548=CURVE_STYLE('',#21,POSITIVE_LENGTH_MEASURE(2.E-2),#10);
#12549=PRESENTATION_STYLE_ASSIGNMENT((#12548));
#12550=STYLED_ITEM('',(#12549),#12547);
#12553=DIRECTION('',(1.E0,0.E0,0.E0));
#12554=VECTOR('',#12553,2.5E-1);
#12555=CARTESIAN_POINT('',(1.905892342293E1,-3.576981481952E0,-3.E-2));
#12556=LINE('',#12555,#12554);
#12558=CURVE_STYLE('',#21,POSITIVE_LENGTH_MEASURE(2.E-2),#10);
#12559=PRESENTATION_STYLE_ASSIGNMENT((#12558));
#12560=STYLED_ITEM('',(#12559),#12557);
#12562=DIRECTION('',(-5.699144852094E-1,8.217040096948E-1,0.E0));
#12563=VECTOR('',#12562,1.242876487347E0);
#12564=CARTESIAN_POINT('',(1.930892342293E1,-3.576981481952E0,-3.E-2));
#12565=LINE('',#12564,#12563);
#12567=CURVE_STYLE('',#21,POSITIVE_LENGTH_MEASURE(2.E-2),#10);
#12568=PRESENTATION_STYLE_ASSIGNMENT((#12567));
#12569=STYLED_ITEM('',(#12568),#12566);
#12571=DIRECTION('',(5.862939941757E-1,8.100983597030E-1,0.E0));
#12572=VECTOR('',#12571,1.208153794004E0);
#12573=CARTESIAN_POINT('',(1.860059010946E1,-2.555704888743E0,-3.E-2));
#12574=LINE('',#12573,#12572);
#12576=CURVE_STYLE('',#21,POSITIVE_LENGTH_MEASURE(2.E-2),#10);
#12577=PRESENTATION_STYLE_ASSIGNMENT((#12576));
#12578=STYLED_ITEM('',(#12577),#12575);
#12580=DIRECTION('',(-1.E0,0.E0,0.E0));
#12581=VECTOR('',#12580,2.5E-1);
#12582=CARTESIAN_POINT('',(1.930892342293E1,-1.576981481952E0,-3.E-2));
#12583=LINE('',#12582,#12581);
#12585=CURVE_STYLE('',#21,POSITIVE_LENGTH_MEASURE(2.E-2),#10);
#12586=PRESENTATION_STYLE_ASSIGNMENT((#12585));
#12587=STYLED_ITEM('',(#12586),#12584);
#12589=DIRECTION('',(-5.851008687665E-1,-8.109605251606E-1,0.E0));
#12590=VECTOR('',#12589,9.969790588329E-1);
#12591=CARTESIAN_POINT('',(1.905892342293E1,-1.576981481952E0,-3.E-2));
#12592=LINE('',#12591,#12590);
#12594=CURVE_STYLE('',#21,POSITIVE_LENGTH_MEASURE(2.E-2),#10);
#12595=PRESENTATION_STYLE_ASSIGNMENT((#12594));
#12596=STYLED_ITEM('',(#12595),#12593);
#12598=DIRECTION('',(-5.851008687665E-1,8.109605251606E-1,0.E0));
#12599=VECTOR('',#12598,9.969790588329E-1);
#12600=CARTESIAN_POINT('',(1.847559010946E1,-2.385492143077E0,-3.E-2));
#12601=LINE('',#12600,#12599);
#12603=CURVE_STYLE('',#21,POSITIVE_LENGTH_MEASURE(2.E-2),#10);
#12604=PRESENTATION_STYLE_ASSIGNMENT((#12603));
#12605=STYLED_ITEM('',(#12604),#12602);
#12607=DIRECTION('',(-1.E0,0.E0,0.E0));
#12608=VECTOR('',#12607,2.5E-1);
#12609=CARTESIAN_POINT('',(1.789225679600E1,-1.576981481952E0,-3.E-2));
#12610=LINE('',#12609,#12608);
#12612=CURVE_STYLE('',#21,POSITIVE_LENGTH_MEASURE(2.E-2),#10);
#12613=PRESENTATION_STYLE_ASSIGNMENT((#12612));
#12614=STYLED_ITEM('',(#12613),#12611);
#12616=DIRECTION('',(5.862939941757E-1,-8.100983597030E-1,0.E0));
#12617=VECTOR('',#12616,1.208153794004E0);
#12618=CARTESIAN_POINT('',(1.764225679600E1,-1.576981481952E0,-3.E-2));
#12619=LINE('',#12618,#12617);
#12621=CURVE_STYLE('',#21,POSITIVE_LENGTH_MEASURE(2.E-2),#10);
#12622=PRESENTATION_STYLE_ASSIGNMENT((#12621));
#12623=STYLED_ITEM('',(#12622),#12620);
#12625=DIRECTION('',(-5.699144852094E-1,-8.217040096948E-1,0.E0));
#12626=VECTOR('',#12625,1.242876487347E0);
#12627=CARTESIAN_POINT('',(1.835059010946E1,-2.555704888743E0,-3.E-2));
#12628=LINE('',#12627,#12626);
#12630=CURVE_STYLE('',#21,POSITIVE_LENGTH_MEASURE(2.E-2),#10);
#12631=PRESENTATION_STYLE_ASSIGNMENT((#12630));
#12632=STYLED_ITEM('',(#12631),#12629);
#12634=DIRECTION('',(1.E0,0.E0,0.E0));
#12635=VECTOR('',#12634,2.5E-1);
#12636=CARTESIAN_POINT('',(1.764225679600E1,-3.576981481952E0,-3.E-2));
#12637=LINE('',#12636,#12635);
#12639=CURVE_STYLE('',#21,POSITIVE_LENGTH_MEASURE(2.E-2),#10);
#12640=PRESENTATION_STYLE_ASSIGNMENT((#12639));
#12641=STYLED_ITEM('',(#12640),#12638);
#12643=DIRECTION('',(5.851008687665E-1,8.109605251606E-1,0.E0));
#12644=VECTOR('',#12643,9.969790588329E-1);
#12645=CARTESIAN_POINT('',(1.789225679600E1,-3.576981481952E0,-3.E-2));
#12646=LINE('',#12645,#12644);
#12648=CURVE_STYLE('',#21,POSITIVE_LENGTH_MEASURE(2.E-2),#10);
#12649=PRESENTATION_STYLE_ASSIGNMENT((#12648));
#12650=STYLED_ITEM('',(#12649),#12647);
#12652=DIRECTION('',(5.851008687665E-1,-8.109605251606E-1,0.E0));
#12653=VECTOR('',#12652,9.969790588329E-1);
#12654=CARTESIAN_POINT('',(1.847559010946E1,-2.768470820826E0,-3.E-2));
#12655=LINE('',#12654,#12653);
#12657=CURVE_STYLE('',#21,POSITIVE_LENGTH_MEASURE(2.E-2),#10);
#12658=PRESENTATION_STYLE_ASSIGNMENT((#12657));
#12659=STYLED_ITEM('',(#12658),#12656);
#12662=DIRECTION('',(1.E0,0.E0,0.E0));
#12663=VECTOR('',#12662,7.083332538605E-1);
#12664=CARTESIAN_POINT('',(1.989225679600E1,-2.683364447993E0,-3.E-2));
#12665=LINE('',#12664,#12663);
#12667=CURVE_STYLE('',#21,POSITIVE_LENGTH_MEASURE(2.E-2),#10);
#12668=PRESENTATION_STYLE_ASSIGNMENT((#12667));
#12669=STYLED_ITEM('',(#12668),#12666);
#12671=DIRECTION('',(3.494932382752E-1,-9.369388861606E-1,0.E0));
#12672=VECTOR('',#12671,9.537623500934E-1);
#12673=CARTESIAN_POINT('',(2.060059004986E1,-2.683364447993E0,-3.E-2));
#12674=LINE('',#12673,#12672);
#12676=CURVE_STYLE('',#21,POSITIVE_LENGTH_MEASURE(2.E-2),#10);
#12677=PRESENTATION_STYLE_ASSIGNMENT((#12676));
#12678=STYLED_ITEM('',(#12677),#12675);
#12680=DIRECTION('',(1.E0,0.E0,0.E0));
#12681=VECTOR('',#12680,2.916665077209E-1);
#12682=CARTESIAN_POINT('',(2.093392354214E1,-3.576981481952E0,-3.E-2));
#12683=LINE('',#12682,#12681);
#12685=CURVE_STYLE('',#21,POSITIVE_LENGTH_MEASURE(2.E-2),#10);
#12686=PRESENTATION_STYLE_ASSIGNMENT((#12685));
#12687=STYLED_ITEM('',(#12686),#12684);
#12689=DIRECTION('',(-3.577885126009E-1,9.338026452366E-1,0.E0));
#12690=VECTOR('',#12689,1.048105198442E0);
#12691=CARTESIAN_POINT('',(2.122559004986E1,-3.576981481952E0,-3.E-2));
#12692=LINE('',#12691,#12690);
#12694=CURVE_STYLE('',#21,POSITIVE_LENGTH_MEASURE(2.E-2),#10);
#12695=PRESENTATION_STYLE_ASSIGNMENT((#12694));
#12696=STYLED_ITEM('',(#12695),#12693);
#12698=DIRECTION('',(8.906053746977E-1,4.547769415434E-1,0.E0));
#12699=VECTOR('',#12698,1.871387158382E-1);
#12700=CARTESIAN_POINT('',(2.085059004986E1,-2.598258075160E0,-3.E-2));
#12701=LINE('',#12700,#12699);
#12703=CURVE_STYLE('',#21,POSITIVE_LENGTH_MEASURE(2.E-2),#10);
#12704=PRESENTATION_STYLE_ASSIGNMENT((#12703));
#12705=STYLED_ITEM('',(#12704),#12702);
#12707=DIRECTION('',(5.919095487496E-1,8.060043958311E-1,0.E0));
#12708=VECTOR('',#12707,2.111809148274E-1);
#12709=CARTESIAN_POINT('',(2.101725679600E1,-2.513151702327E0,-3.E-2));
#12710=LINE('',#12709,#12708);
#12712=CURVE_STYLE('',#21,POSITIVE_LENGTH_MEASURE(2.E-2),#10);
#12713=PRESENTATION_STYLE_ASSIGNMENT((#12712));
#12714=STYLED_ITEM('',(#12713),#12711);
#12716=DIRECTION('',(3.102805998049E-1,9.506450175458E-1,0.E0));
#12717=VECTOR('',#12716,1.342873069271E-1);
#12718=CARTESIAN_POINT('',(2.114225679600E1,-2.342938956660E0,-3.E-2));
#12719=LINE('',#12718,#12717);
#12721=CURVE_STYLE('',#21,POSITIVE_LENGTH_MEASURE(2.E-2),#10);
#12722=PRESENTATION_STYLE_ASSIGNMENT((#12721));
#12723=STYLED_ITEM('',(#12722),#12720);
#12725=DIRECTION('',(0.E0,1.E0,0.E0));
#12726=VECTOR('',#12725,1.702128648758E-1);
#12727=CARTESIAN_POINT('',(2.118392354214E1,-2.215279397410E0,-3.E-2));
#12728=LINE('',#12727,#12726);
#12730=CURVE_STYLE('',#21,POSITIVE_LENGTH_MEASURE(2.E-2),#10);
#12731=PRESENTATION_STYLE_ASSIGNMENT((#12730));
#12732=STYLED_ITEM('',(#12731),#12729);
#12734=DIRECTION('',(-3.102805998049E-1,9.506450175458E-1,0.E0));
#12735=VECTOR('',#12734,1.342873069271E-1);
#12736=CARTESIAN_POINT('',(2.118392354214E1,-2.045066532535E0,-3.E-2));
#12737=LINE('',#12736,#12735);
#12739=CURVE_STYLE('',#21,POSITIVE_LENGTH_MEASURE(2.E-2),#10);
#12740=PRESENTATION_STYLE_ASSIGNMENT((#12739));
#12741=STYLED_ITEM('',(#12740),#12738);
#12743=DIRECTION('',(-5.919095487496E-1,8.060043958311E-1,0.E0));
#12744=VECTOR('',#12743,2.111809148274E-1);
#12745=CARTESIAN_POINT('',(2.114225679600E1,-1.917406973285E0,-3.E-2));
#12746=LINE('',#12745,#12744);
#12748=CURVE_STYLE('',#21,POSITIVE_LENGTH_MEASURE(2.E-2),#10);
#12749=PRESENTATION_STYLE_ASSIGNMENT((#12748));
#12750=STYLED_ITEM('',(#12749),#12747);
#12752=DIRECTION('',(-7.938783209665E-1,6.080766493621E-1,0.E0));
#12753=VECTOR('',#12752,2.099399136339E-1);
#12754=CARTESIAN_POINT('',(2.101725679600E1,-1.747194227618E0,-3.E-2));
#12755=LINE('',#12754,#12753);
#12757=CURVE_STYLE('',#21,POSITIVE_LENGTH_MEASURE(2.E-2),#10);
#12758=PRESENTATION_STYLE_ASSIGNMENT((#12757));
#12759=STYLED_ITEM('',(#12758),#12756);
#12761=DIRECTION('',(-9.797706943097E-1,2.001234283435E-1,0.E0));
#12762=VECTOR('',#12761,2.126347063353E-1);
#12763=CARTESIAN_POINT('',(2.085059004986E1,-1.619534668368E0,-3.E-2));
#12764=LINE('',#12763,#12762);
#12766=CURVE_STYLE('',#21,POSITIVE_LENGTH_MEASURE(2.E-2),#10);
#12767=PRESENTATION_STYLE_ASSIGNMENT((#12766));
#12768=STYLED_ITEM('',(#12767),#12765);
#12770=DIRECTION('',(-1.E0,0.E0,0.E0));
#12771=VECTOR('',#12770,1.E0);
#12772=CARTESIAN_POINT('',(2.064225679600E1,-1.576981481952E0,-3.E-2));
#12773=LINE('',#12772,#12771);
#12775=CURVE_STYLE('',#21,POSITIVE_LENGTH_MEASURE(2.E-2),#10);
#12776=PRESENTATION_STYLE_ASSIGNMENT((#12775));
#12777=STYLED_ITEM('',(#12776),#12774);
#12779=DIRECTION('',(0.E0,-1.E0,0.E0));
#12780=VECTOR('',#12779,2.E0);
#12781=CARTESIAN_POINT('',(1.964225679600E1,-1.576981481952E0,-3.E-2));
#12782=LINE('',#12781,#12780);
#12784=CURVE_STYLE('',#21,POSITIVE_LENGTH_MEASURE(2.E-2),#10);
#12785=PRESENTATION_STYLE_ASSIGNMENT((#12784));
#12786=STYLED_ITEM('',(#12785),#12783);
#12788=DIRECTION('',(1.E0,0.E0,0.E0));
#12789=VECTOR('',#12788,2.5E-1);
#12790=CARTESIAN_POINT('',(1.964225679600E1,-3.576981481952E0,-3.E-2));
#12791=LINE('',#12790,#12789);
#12793=CURVE_STYLE('',#21,POSITIVE_LENGTH_MEASURE(2.E-2),#10);
#12794=PRESENTATION_STYLE_ASSIGNMENT((#12793));
#12795=STYLED_ITEM('',(#12794),#12792);
#12797=DIRECTION('',(0.E0,1.E0,0.E0));
#12798=VECTOR('',#12797,8.936170339584E-1);
#12799=CARTESIAN_POINT('',(1.989225679600E1,-3.576981481952E0,-3.E-2));
#12800=LINE('',#12799,#12798);
#12802=CURVE_STYLE('',#21,POSITIVE_LENGTH_MEASURE(2.E-2),#10);
#12803=PRESENTATION_STYLE_ASSIGNMENT((#12802));
#12804=STYLED_ITEM('',(#12803),#12801);
#12807=DIRECTION('',(-1.E0,0.E0,0.E0));
#12808=VECTOR('',#12807,7.916667461395E-1);
#12809=CARTESIAN_POINT('',(2.068392354214E1,-2.428045329493E0,-3.E-2));
#12810=LINE('',#12809,#12808);
#12812=CURVE_STYLE('',#21,POSITIVE_LENGTH_MEASURE(2.E-2),#10);
#12813=PRESENTATION_STYLE_ASSIGNMENT((#12812));
#12814=STYLED_ITEM('',(#12813),#12811);
#12816=DIRECTION('',(0.E0,1.E0,0.E0));
#12817=VECTOR('',#12816,6.382979154587E-1);
#12818=CARTESIAN_POINT('',(1.989225679600E1,-2.428045329493E0,-3.E-2));
#12819=LINE('',#12818,#12817);
#12821=CURVE_STYLE('',#21,POSITIVE_LENGTH_MEASURE(2.E-2),#10);
#12822=PRESENTATION_STYLE_ASSIGNMENT((#12821));
#12823=STYLED_ITEM('',(#12822),#12820);
#12825=DIRECTION('',(1.E0,0.E0,0.E0));
#12826=VECTOR('',#12825,7.916667461395E-1);
#12827=CARTESIAN_POINT('',(1.989225679600E1,-1.789747414035E0,-3.E-2));
#12828=LINE('',#12827,#12826);
#12830=CURVE_STYLE('',#21,POSITIVE_LENGTH_MEASURE(2.E-2),#10);
#12831=PRESENTATION_STYLE_ASSIGNMENT((#12830));
#12832=STYLED_ITEM('',(#12831),#12829);
#12834=DIRECTION('',(9.466499177700E-1,-3.222637633772E-1,0.E0));
#12835=VECTOR('',#12834,1.320445897196E-1);
#12836=CARTESIAN_POINT('',(2.068392354214E1,-1.789747414035E0,-3.E-2));
#12837=LINE('',#12836,#12835);
#12839=CURVE_STYLE('',#21,POSITIVE_LENGTH_MEASURE(2.E-2),#10);
#12840=PRESENTATION_STYLE_ASSIGNMENT((#12839));
#12841=STYLED_ITEM('',(#12840),#12838);
#12843=DIRECTION('',(6.996244945571E-1,-7.145107183351E-1,0.E0));
#12844=VECTOR('',#12843,1.191114011999E-1);
#12845=CARTESIAN_POINT('',(2.080892354214E1,-1.832300600451E0,-3.E-2));
#12846=LINE('',#12845,#12844);
#12848=CURVE_STYLE('',#21,POSITIVE_LENGTH_MEASURE(2.E-2),#10);
#12849=PRESENTATION_STYLE_ASSIGNMENT((#12848));
#12850=STYLED_ITEM('',(#12849),#12847);
#12852=DIRECTION('',(3.102805998049E-1,-9.506450175458E-1,0.E0));
#12853=VECTOR('',#12852,1.342873069271E-1);
#12854=CARTESIAN_POINT('',(2.089225679600E1,-1.917406973285E0,-3.E-2));
#12855=LINE('',#12854,#12853);
#12857=CURVE_STYLE('',#21,POSITIVE_LENGTH_MEASURE(2.E-2),#10);
#12858=PRESENTATION_STYLE_ASSIGNMENT((#12857));
#12859=STYLED_ITEM('',(#12858),#12856);
#12861=DIRECTION('',(0.E0,-1.E0,0.E0));
#12862=VECTOR('',#12861,1.276596784592E-1);
#12863=CARTESIAN_POINT('',(2.093392354214E1,-2.045066532535E0,-3.E-2));
#12864=LINE('',#12863,#12862);
#12866=CURVE_STYLE('',#21,POSITIVE_LENGTH_MEASURE(2.E-2),#10);
#12867=PRESENTATION_STYLE_ASSIGNMENT((#12866));
#12868=STYLED_ITEM('',(#12867),#12865);
#12870=DIRECTION('',(-3.102805998049E-1,-9.506450175458E-1,0.E0));
#12871=VECTOR('',#12870,1.342873069271E-1);
#12872=CARTESIAN_POINT('',(2.093392354214E1,-2.172726210994E0,-3.E-2));
#12873=LINE('',#12872,#12871);
#12875=CURVE_STYLE('',#21,POSITIVE_LENGTH_MEASURE(2.E-2),#10);
#12876=PRESENTATION_STYLE_ASSIGNMENT((#12875));
#12877=STYLED_ITEM('',(#12876),#12874);
#12879=DIRECTION('',(-6.996244945571E-1,-7.145107183351E-1,0.E0));
#12880=VECTOR('',#12879,1.191114011999E-1);
#12881=CARTESIAN_POINT('',(2.089225679600E1,-2.300385770244E0,-3.E-2));
#12882=LINE('',#12881,#12880);
#12884=CURVE_STYLE('',#21,POSITIVE_LENGTH_MEASURE(2.E-2),#10);
#12885=PRESENTATION_STYLE_ASSIGNMENT((#12884));
#12886=STYLED_ITEM('',(#12885),#12883);
#12888=DIRECTION('',(-9.466499177700E-1,-3.222637633772E-1,0.E0));
#12889=VECTOR('',#12888,1.320445897196E-1);
#12890=CARTESIAN_POINT('',(2.080892354214E1,-2.385492143077E0,-3.E-2));
#12891=LINE('',#12890,#12889);
#12893=CURVE_STYLE('',#21,POSITIVE_LENGTH_MEASURE(2.E-2),#10);
#12894=PRESENTATION_STYLE_ASSIGNMENT((#12893));
#12895=STYLED_ITEM('',(#12894),#12892);
#12898=DIRECTION('',(-1.E0,0.E0,0.E0));
#12899=VECTOR('',#12898,3.75E-1);
#12900=CARTESIAN_POINT('',(6.776574211698E-1,2.996310487293E1,-3.E-2));
#12901=LINE('',#12900,#12899);
#12903=CURVE_STYLE('',#21,POSITIVE_LENGTH_MEASURE(2.E-2),#10);
#12904=PRESENTATION_STYLE_ASSIGNMENT((#12903));
#12905=STYLED_ITEM('',(#12904),#12902);
#12907=DIRECTION('',(-5.565907394837E-1,-8.307868250767E-1,0.E0));
#12908=VECTOR('',#12907,1.459780000213E0);
#12909=CARTESIAN_POINT('',(3.026574211698E-1,2.996310487293E1,-3.E-2));
#12910=LINE('',#12909,#12908);
#12912=CURVE_STYLE('',#21,POSITIVE_LENGTH_MEASURE(2.E-2),#10);
#12913=PRESENTATION_STYLE_ASSIGNMENT((#12912));
#12914=STYLED_ITEM('',(#12913),#12911);
#12916=DIRECTION('',(-5.565907394837E-1,8.307868250767E-1,0.E0));
#12917=VECTOR('',#12916,1.459780000213E0);
#12918=CARTESIAN_POINT('',(-5.098426086325E-1,2.875033888124E1,-3.E-2));
#12919=LINE('',#12918,#12917);
#12921=CURVE_STYLE('',#21,POSITIVE_LENGTH_MEASURE(2.E-2),#10);
#12922=PRESENTATION_STYLE_ASSIGNMENT((#12921));
#12923=STYLED_ITEM('',(#12922),#12920);
#12925=DIRECTION('',(-1.E0,0.E0,0.E0));
#12926=VECTOR('',#12925,3.75E-1);
#12927=CARTESIAN_POINT('',(-1.322342638435E0,2.996310487293E1,-3.E-2));
#12928=LINE('',#12927,#12926);
#12930=CURVE_STYLE('',#21,POSITIVE_LENGTH_MEASURE(2.E-2),#10);
#12931=PRESENTATION_STYLE_ASSIGNMENT((#12930));
#12932=STYLED_ITEM('',(#12931),#12929);
#12934=DIRECTION('',(5.629651059260E-1,-8.264806649340E-1,0.E0));
#12935=VECTOR('',#12934,1.776309080751E0);
#12936=CARTESIAN_POINT('',(-1.697342638435E0,2.996310487293E1,-3.E-2));
#12937=LINE('',#12936,#12935);
#12939=CURVE_STYLE('',#21,POSITIVE_LENGTH_MEASURE(2.E-2),#10);
#12940=PRESENTATION_STYLE_ASSIGNMENT((#12939));
#12941=STYLED_ITEM('',(#12940),#12938);
#12943=DIRECTION('',(0.E0,-1.E0,0.E0));
#12944=VECTOR('',#12943,1.531914889812E0);
#12945=CARTESIAN_POINT('',(-6.973426086325E-1,2.849501976274E1,-3.E-2));
#12946=LINE('',#12945,#12944);
#12948=CURVE_STYLE('',#21,POSITIVE_LENGTH_MEASURE(2.E-2),#10);
#12949=PRESENTATION_STYLE_ASSIGNMENT((#12948));
#12950=STYLED_ITEM('',(#12949),#12947);
#12952=DIRECTION('',(1.E0,0.E0,0.E0));
#12953=VECTOR('',#12952,3.75E-1);
#12954=CARTESIAN_POINT('',(-6.973426086325E-1,2.696310487293E1,-3.E-2));
#12955=LINE('',#12954,#12953);
#12957=CURVE_STYLE('',#21,POSITIVE_LENGTH_MEASURE(2.E-2),#10);
#12958=PRESENTATION_STYLE_ASSIGNMENT((#12957));
#12959=STYLED_ITEM('',(#12958),#12956);
#12961=DIRECTION('',(0.E0,1.E0,0.E0));
#12962=VECTOR('',#12961,1.531914889812E0);
#12963=CARTESIAN_POINT('',(-3.223426086325E-1,2.696310487293E1,-3.E-2));
#12964=LINE('',#12963,#12962);
#12966=CURVE_STYLE('',#21,POSITIVE_LENGTH_MEASURE(2.E-2),#10);
#12967=PRESENTATION_STYLE_ASSIGNMENT((#12966));
#12968=STYLED_ITEM('',(#12967),#12965);
#12970=DIRECTION('',(5.629651059260E-1,8.264806649340E-1,0.E0));
#12971=VECTOR('',#12970,1.776309080751E0);
#12972=CARTESIAN_POINT('',(-3.223426086325E-1,2.849501976274E1,-3.E-2));
#12973=LINE('',#12972,#12971);
#12975=CURVE_STYLE('',#21,POSITIVE_LENGTH_MEASURE(2.E-2),#10);
#12976=PRESENTATION_STYLE_ASSIGNMENT((#12975));
#12977=STYLED_ITEM('',(#12976),#12974);
#12980=DIRECTION('',(0.E0,1.E0,0.E0));
#12981=VECTOR('',#12980,1.978723436594E0);
#12982=CARTESIAN_POINT('',(3.427657480774E0,2.798438143634E1,-3.E-2));
#12983=LINE('',#12982,#12981);
#12985=CURVE_STYLE('',#21,POSITIVE_LENGTH_MEASURE(2.E-2),#10);
#12986=PRESENTATION_STYLE_ASSIGNMENT((#12985));
#12987=STYLED_ITEM('',(#12986),#12984);
#12989=DIRECTION('',(-1.E0,0.E0,0.E0));
#12990=VECTOR('',#12989,3.75E-1);
#12991=CARTESIAN_POINT('',(3.427657480774E0,2.996310487293E1,-3.E-2));
#12992=LINE('',#12991,#12990);
#12994=CURVE_STYLE('',#21,POSITIVE_LENGTH_MEASURE(2.E-2),#10);
#12995=PRESENTATION_STYLE_ASSIGNMENT((#12994));
#12996=STYLED_ITEM('',(#12995),#12993);
#12998=DIRECTION('',(0.E0,-1.E0,0.E0));
#12999=VECTOR('',#12998,1.978723436594E0);
#13000=CARTESIAN_POINT('',(3.052657480774E0,2.996310487293E1,-3.E-2));
#13001=LINE('',#13000,#12999);
#13003=CURVE_STYLE('',#21,POSITIVE_LENGTH_MEASURE(2.E-2),#10);
#13004=PRESENTATION_STYLE_ASSIGNMENT((#13003));
#13005=STYLED_ITEM('',(#13004),#13002);
#13007=DIRECTION('',(-2.377717803411E-1,-9.713210491251E-1,0.E0));
#13008=VECTOR('',#13007,2.628575986588E-1);
#13009=CARTESIAN_POINT('',(3.052657480774E0,2.798438143634E1,-3.E-2));
#13010=LINE('',#13009,#13008);
#13012=CURVE_STYLE('',#21,POSITIVE_LENGTH_MEASURE(2.E-2),#10);
#13013=PRESENTATION_STYLE_ASSIGNMENT((#13012));
#13014=STYLED_ITEM('',(#13013),#13011);
#13016=DIRECTION('',(-5.466221810895E-1,-8.373793591563E-1,0.E0));
#13017=VECTOR('',#13016,2.286769273460E-1);
#13018=CARTESIAN_POINT('',(2.990157361565E0,2.772906231784E1,-3.E-2));
#13019=LINE('',#13018,#13017);
#13021=CURVE_STYLE('',#21,POSITIVE_LENGTH_MEASURE(2.E-2),#10);
#13022=PRESENTATION_STYLE_ASSIGNMENT((#13021));
#13023=STYLED_ITEM('',(#13022),#13020);
#13025=DIRECTION('',(-8.265991871191E-1,-5.627910658975E-1,0.E0));
#13026=VECTOR('',#13025,2.268330321658E-1);
#13027=CARTESIAN_POINT('',(2.865157480774E0,2.753757297896E1,-3.E-2));
#13028=LINE('',#13027,#13026);
#13030=CURVE_STYLE('',#21,POSITIVE_LENGTH_MEASURE(2.E-2),#10);
#13031=PRESENTATION_STYLE_ASSIGNMENT((#13030));
#13032=STYLED_ITEM('',(#13031),#13029);
#13034=DIRECTION('',(-9.689177459678E-1,-2.473831068378E-1,0.E0));
#13035=VECTOR('',#13034,2.580199611883E-1);
#13036=CARTESIAN_POINT('',(2.677657480774E0,2.740991337501E1,-3.E-2));
#13037=LINE('',#13036,#13035);
#13039=CURVE_STYLE('',#21,POSITIVE_LENGTH_MEASURE(2.E-2),#10);
#13040=PRESENTATION_STYLE_ASSIGNMENT((#13039));
#13041=STYLED_ITEM('',(#13040),#13038);
#13043=DIRECTION('',(-1.E0,0.E0,0.E0));
#13044=VECTOR('',#13043,2.500001192093E-1);
#13045=CARTESIAN_POINT('',(2.427657361565E0,2.734608359538E1,-3.E-2));
#13046=LINE('',#13045,#13044);
#13048=CURVE_STYLE('',#21,POSITIVE_LENGTH_MEASURE(2.E-2),#10);
#13049=PRESENTATION_STYLE_ASSIGNMENT((#13048));
#13050=STYLED_ITEM('',(#13049),#13047);
#13052=DIRECTION('',(-9.689176611437E-1,2.473834390653E-1,0.E0));
#13053=VECTOR('',#13052,2.580196146764E-1);
#13054=CARTESIAN_POINT('',(2.177657242356E0,2.734608359538E1,-3.E-2));
#13055=LINE('',#13054,#13053);
#13057=CURVE_STYLE('',#21,POSITIVE_LENGTH_MEASURE(2.E-2),#10);
#13058=PRESENTATION_STYLE_ASSIGNMENT((#13057));
#13059=STYLED_ITEM('',(#13058),#13056);
#13061=DIRECTION('',(-8.265991871191E-1,5.627910658975E-1,0.E0));
#13062=VECTOR('',#13061,2.268330321658E-1);
#13063=CARTESIAN_POINT('',(1.927657480774E0,2.740991337501E1,-3.E-2));
#13064=LINE('',#13063,#13062);
#13066=CURVE_STYLE('',#21,POSITIVE_LENGTH_MEASURE(2.E-2),#10);
#13067=PRESENTATION_STYLE_ASSIGNMENT((#13066));
#13068=STYLED_ITEM('',(#13067),#13065);
#13070=DIRECTION('',(-5.466232777014E-1,8.373786433120E-1,0.E0));
#13071=VECTOR('',#13070,2.286771228335E-1);
#13072=CARTESIAN_POINT('',(1.740157480774E0,2.753757297896E1,-3.E-2));
#13073=LINE('',#13072,#13071);
#13075=CURVE_STYLE('',#21,POSITIVE_LENGTH_MEASURE(2.E-2),#10);
#13076=PRESENTATION_STYLE_ASSIGNMENT((#13075));
#13077=STYLED_ITEM('',(#13076),#13074);
#13079=DIRECTION('',(-2.377704967206E-1,9.713213633444E-1,0.E0));
#13080=VECTOR('',#13079,2.628575136252E-1);
#13081=CARTESIAN_POINT('',(1.615157242356E0,2.772906231784E1,-3.E-2));
#13082=LINE('',#13081,#13080);
#13084=CURVE_STYLE('',#21,POSITIVE_LENGTH_MEASURE(2.E-2),#10);
#13085=PRESENTATION_STYLE_ASSIGNMENT((#13084));
#13086=STYLED_ITEM('',(#13085),#13083);
#13088=DIRECTION('',(0.E0,1.E0,0.E0));
#13089=VECTOR('',#13088,1.978723436594E0);
#13090=CARTESIAN_POINT('',(1.552657480774E0,2.798438143634E1,-3.E-2));
#13091=LINE('',#13090,#13089);
#13093=CURVE_STYLE('',#21,POSITIVE_LENGTH_MEASURE(2.E-2),#10);
#13094=PRESENTATION_STYLE_ASSIGNMENT((#13093));
#13095=STYLED_ITEM('',(#13094),#13092);
#13097=DIRECTION('',(-1.E0,0.E0,0.E0));
#13098=VECTOR('',#13097,3.750001788139E-1);
#13099=CARTESIAN_POINT('',(1.552657480774E0,2.996310487293E1,-3.E-2));
#13100=LINE('',#13099,#13098);
#13102=CURVE_STYLE('',#21,POSITIVE_LENGTH_MEASURE(2.E-2),#10);
#13103=PRESENTATION_STYLE_ASSIGNMENT((#13102));
#13104=STYLED_ITEM('',(#13103),#13101);
#13106=DIRECTION('',(0.E0,-1.E0,0.E0));
#13107=VECTOR('',#13106,1.978723436594E0);
#13108=CARTESIAN_POINT('',(1.177657301961E0,2.996310487293E1,-3.E-2));
#13109=LINE('',#13108,#13107);
#13111=CURVE_STYLE('',#21,POSITIVE_LENGTH_MEASURE(2.E-2),#10);
#13112=PRESENTATION_STYLE_ASSIGNMENT((#13111));
#13113=STYLED_ITEM('',(#13112),#13110);
#13115=DIRECTION('',(1.921832064360E-1,-9.813590653599E-1,0.E0));
#13116=VECTOR('',#13115,3.252111376866E-1);
#13117=CARTESIAN_POINT('',(1.177657301961E0,2.798438143634E1,-3.E-2));
#13118=LINE('',#13117,#13116);
#13120=CURVE_STYLE('',#21,POSITIVE_LENGTH_MEASURE(2.E-2),#10);
#13121=PRESENTATION_STYLE_ASSIGNMENT((#13120));
#13122=STYLED_ITEM('',(#13121),#13119);
#13124=DIRECTION('',(4.397136028534E-1,-8.981380447713E-1,0.E0));
#13125=VECTOR('',#13124,2.842760805977E-1);
#13126=CARTESIAN_POINT('',(1.240157421170E0,2.766523253821E1,-3.E-2));
#13127=LINE('',#13126,#13125);
#13129=CURVE_STYLE('',#21,POSITIVE_LENGTH_MEASURE(2.E-2),#10);
#13130=PRESENTATION_STYLE_ASSIGNMENT((#13129));
#13131=STYLED_ITEM('',(#13130),#13128);
#13133=DIRECTION('',(6.996244632883E-1,-7.145107489524E-1,0.E0));
#13134=VECTOR('',#13133,3.573342195703E-1);
#13135=CARTESIAN_POINT('',(1.365157480774E0,2.740991337501E1,-3.E-2));
#13136=LINE('',#13135,#13134);
#13138=CURVE_STYLE('',#21,POSITIVE_LENGTH_MEASURE(2.E-2),#10);
#13139=PRESENTATION_STYLE_ASSIGNMENT((#13138));
#13140=STYLED_ITEM('',(#13139),#13137);
#13142=DIRECTION('',(8.906053505096E-1,-4.547769889117E-1,0.E0));
#13143=VECTOR('',#13142,2.807080813811E-1);
#13144=CARTESIAN_POINT('',(1.615157242356E0,2.715459423416E1,-3.E-2));
#13145=LINE('',#13144,#13143);
#13147=CURVE_STYLE('',#21,POSITIVE_LENGTH_MEASURE(2.E-2),#10);
#13148=PRESENTATION_STYLE_ASSIGNMENT((#13147));
#13149=STYLED_ITEM('',(#13148),#13146);
#13151=DIRECTION('',(9.797706908745E-1,-2.001234451615E-1,0.E0));
#13152=VECTOR('',#13151,3.189520606212E-1);
#13153=CARTESIAN_POINT('',(1.865157361565E0,2.702693465814E1,-3.E-2));
#13154=LINE('',#13153,#13152);
#13156=CURVE_STYLE('',#21,POSITIVE_LENGTH_MEASURE(2.E-2),#10);
#13157=PRESENTATION_STYLE_ASSIGNMENT((#13156));
#13158=STYLED_ITEM('',(#13157),#13155);
#13160=DIRECTION('',(1.E0,0.E0,0.E0));
#13161=VECTOR('',#13160,2.500001192093E-1);
#13162=CARTESIAN_POINT('',(2.177657242356E0,2.696310487293E1,-3.E-2));
#13163=LINE('',#13162,#13161);
#13165=CURVE_STYLE('',#21,POSITIVE_LENGTH_MEASURE(2.E-2),#10);
#13166=PRESENTATION_STYLE_ASSIGNMENT((#13165));
#13167=STYLED_ITEM('',(#13166),#13164);
#13169=DIRECTION('',(9.797706908745E-1,2.001234451615E-1,0.E0));
#13170=VECTOR('',#13169,3.189520606212E-1);
#13171=CARTESIAN_POINT('',(2.427657361565E0,2.696310487293E1,-3.E-2));
#13172=LINE('',#13171,#13170);
#13174=CURVE_STYLE('',#21,POSITIVE_LENGTH_MEASURE(2.E-2),#10);
#13175=PRESENTATION_STYLE_ASSIGNMENT((#13174));
#13176=STYLED_ITEM('',(#13175),#13173);
#13178=DIRECTION('',(8.906053505096E-1,4.547769889117E-1,0.E0));
#13179=VECTOR('',#13178,2.807080813811E-1);
#13180=CARTESIAN_POINT('',(2.740157242356E0,2.702693465814E1,-3.E-2));
#13181=LINE('',#13180,#13179);
#13183=CURVE_STYLE('',#21,POSITIVE_LENGTH_MEASURE(2.E-2),#10);
#13184=PRESENTATION_STYLE_ASSIGNMENT((#13183));
#13185=STYLED_ITEM('',(#13184),#13182);
#13187=DIRECTION('',(6.996249742329E-1,7.145102486526E-1,0.E0));
#13188=VECTOR('',#13187,3.573344697756E-1);
#13189=CARTESIAN_POINT('',(2.990157361565E0,2.715459423416E1,-3.E-2));
#13190=LINE('',#13189,#13188);
#13192=CURVE_STYLE('',#21,POSITIVE_LENGTH_MEASURE(2.E-2),#10);
#13193=PRESENTATION_STYLE_ASSIGNMENT((#13192));
#13194=STYLED_ITEM('',(#13193),#13191);
#13196=DIRECTION('',(4.397130954570E-1,8.981382931841E-1,0.E0));
#13197=VECTOR('',#13196,2.842760019708E-1);
#13198=CARTESIAN_POINT('',(3.240157480774E0,2.740991337501E1,-3.E-2));
#13199=LINE('',#13198,#13197);
#13201=CURVE_STYLE('',#21,POSITIVE_LENGTH_MEASURE(2.E-2),#10);
#13202=PRESENTATION_STYLE_ASSIGNMENT((#13201));
#13203=STYLED_ITEM('',(#13202),#13200);
#13205=DIRECTION('',(1.921832064360E-1,9.813590653599E-1,0.E0));
#13206=VECTOR('',#13205,3.252111376866E-1);
#13207=CARTESIAN_POINT('',(3.365157361565E0,2.766523253821E1,-3.E-2));
#13208=LINE('',#13207,#13206);
#13210=CURVE_STYLE('',#21,POSITIVE_LENGTH_MEASURE(2.E-2),#10);
#13211=PRESENTATION_STYLE_ASSIGNMENT((#13210));
#13212=STYLED_ITEM('',(#13211),#13209);
#13215=DIRECTION('',(-1.E0,0.E0,0.E0));
#13216=VECTOR('',#13215,2.5E-1);
#13217=CARTESIAN_POINT('',(-1.140092653651E-1,-2.241837576143E1,-3.E-2));
#13218=LINE('',#13217,#13216);
#13220=CURVE_STYLE('',#21,POSITIVE_LENGTH_MEASURE(2.E-2),#10);
#13221=PRESENTATION_STYLE_ASSIGNMENT((#13220));
#13222=STYLED_ITEM('',(#13221),#13219);
#13224=DIRECTION('',(-5.565907394837E-1,-8.307868250767E-1,0.E0));
#13225=VECTOR('',#13224,9.731866668090E-1);
#13226=CARTESIAN_POINT('',(-3.640092653651E-1,-2.241837576143E1,-3.E-2));
#13227=LINE('',#13226,#13225);
#13229=CURVE_STYLE('',#21,POSITIVE_LENGTH_MEASURE(2.E-2),#10);
#13230=PRESENTATION_STYLE_ASSIGNMENT((#13229));
#13231=STYLED_ITEM('',(#13230),#13228);
#13233=DIRECTION('',(-5.565907394837E-1,8.307868250767E-1,0.E0));
#13234=VECTOR('',#13233,9.731866668090E-1);
#13235=CARTESIAN_POINT('',(-9.056759519E-1,-2.322688642255E1,-3.E-2));
#13236=LINE('',#13235,#13234);
#13238=CURVE_STYLE('',#21,POSITIVE_LENGTH_MEASURE(2.E-2),#10);
#13239=PRESENTATION_STYLE_ASSIGNMENT((#13238));
#13240=STYLED_ITEM('',(#13239),#13237);
#13242=DIRECTION('',(-1.E0,0.E0,0.E0));
#13243=VECTOR('',#13242,2.5E-1);
#13244=CARTESIAN_POINT('',(-1.447342638435E0,-2.241837576143E1,-3.E-2));
#13245=LINE('',#13244,#13243);
#13247=CURVE_STYLE('',#21,POSITIVE_LENGTH_MEASURE(2.E-2),#10);
#13248=PRESENTATION_STYLE_ASSIGNMENT((#13247));
#13249=STYLED_ITEM('',(#13248),#13246);
#13251=DIRECTION('',(5.629651059260E-1,-8.264806649340E-1,0.E0));
#13252=VECTOR('',#13251,1.184206053834E0);
#13253=CARTESIAN_POINT('',(-1.697342638435E0,-2.241837576143E1,-3.E-2));
#13254=LINE('',#13253,#13252);
#13256=CURVE_STYLE('',#21,POSITIVE_LENGTH_MEASURE(2.E-2),#10);
#13257=PRESENTATION_STYLE_ASSIGNMENT((#13256));
#13258=STYLED_ITEM('',(#13257),#13255);
#13260=DIRECTION('',(0.E0,-1.E0,0.E0));
#13261=VECTOR('',#13260,1.021276593208E0);
#13262=CARTESIAN_POINT('',(-1.030675951900E0,-2.339709916822E1,-3.E-2));
#13263=LINE('',#13262,#13261);
#13265=CURVE_STYLE('',#21,POSITIVE_LENGTH_MEASURE(2.E-2),#10);
#13266=PRESENTATION_STYLE_ASSIGNMENT((#13265));
#13267=STYLED_ITEM('',(#13266),#13264);
#13269=DIRECTION('',(1.E0,0.E0,0.E0));
#13270=VECTOR('',#13269,2.5E-1);
#13271=CARTESIAN_POINT('',(-1.030675951900E0,-2.441837576143E1,-3.E-2));
#13272=LINE('',#13271,#13270);
#13274=CURVE_STYLE('',#21,POSITIVE_LENGTH_MEASURE(2.E-2),#10);
#13275=PRESENTATION_STYLE_ASSIGNMENT((#13274));
#13276=STYLED_ITEM('',(#13275),#13273);
#13278=DIRECTION('',(0.E0,1.E0,0.E0));
#13279=VECTOR('',#13278,1.021276593208E0);
#13280=CARTESIAN_POINT('',(-7.806759519E-1,-2.441837576143E1,-3.E-2));
#13281=LINE('',#13280,#13279);
#13283=CURVE_STYLE('',#21,POSITIVE_LENGTH_MEASURE(2.E-2),#10);
#13284=PRESENTATION_STYLE_ASSIGNMENT((#13283));
#13285=STYLED_ITEM('',(#13284),#13282);
#13287=DIRECTION('',(5.629651059260E-1,8.264806649340E-1,0.E0));
#13288=VECTOR('',#13287,1.184206053834E0);
#13289=CARTESIAN_POINT('',(-7.806759519E-1,-2.339709916822E1,-3.E-2));
#13290=LINE('',#13289,#13288);
#13292=CURVE_STYLE('',#21,POSITIVE_LENGTH_MEASURE(2.E-2),#10);
#13293=PRESENTATION_STYLE_ASSIGNMENT((#13292));
#13294=STYLED_ITEM('',(#13293),#13291);
#13297=DIRECTION('',(-1.E0,0.E0,0.E0));
#13298=VECTOR('',#13297,1.000000119209E0);
#13299=CARTESIAN_POINT('',(1.219324107705E0,-2.241837576143E1,-3.E-2));
#13300=LINE('',#13299,#13298);
#13302=CURVE_STYLE('',#21,POSITIVE_LENGTH_MEASURE(2.E-2),#10);
#13303=PRESENTATION_STYLE_ASSIGNMENT((#13302));
#13304=STYLED_ITEM('',(#13303),#13301);
#13306=DIRECTION('',(0.E0,-1.E0,0.E0));
#13307=VECTOR('',#13306,2.E0);
#13308=CARTESIAN_POINT('',(2.193239884954E-1,-2.241837576143E1,-3.E-2));
#13309=LINE('',#13308,#13307);
#13311=CURVE_STYLE('',#21,POSITIVE_LENGTH_MEASURE(2.E-2),#10);
#13312=PRESENTATION_STYLE_ASSIGNMENT((#13311));
#13313=STYLED_ITEM('',(#13312),#13310);
#13315=DIRECTION('',(1.E0,0.E0,0.E0));
#13316=VECTOR('',#13315,1.000000119209E0);
#13317=CARTESIAN_POINT('',(2.193239884954E-1,-2.441837576143E1,-3.E-2));
#13318=LINE('',#13317,#13316);
#13320=CURVE_STYLE('',#21,POSITIVE_LENGTH_MEASURE(2.E-2),#10);
#13321=PRESENTATION_STYLE_ASSIGNMENT((#13320));
#13322=STYLED_ITEM('',(#13321),#13319);
#13324=DIRECTION('',(9.797706908745E-1,2.001234451615E-1,0.E0));
#13325=VECTOR('',#13324,2.126347070808E-1);
#13326=CARTESIAN_POINT('',(1.219324107705E0,-2.441837576143E1,-3.E-2));
#13327=LINE('',#13326,#13325);
#13329=CURVE_STYLE('',#21,POSITIVE_LENGTH_MEASURE(2.E-2),#10);
#13330=PRESENTATION_STYLE_ASSIGNMENT((#13329));
#13331=STYLED_ITEM('',(#13330),#13328);
#13333=DIRECTION('',(8.906053505096E-1,4.547769889117E-1,0.E0));
#13334=VECTOR('',#13333,1.871387209207E-1);
#13335=CARTESIAN_POINT('',(1.427657361565E0,-2.437582257129E1,-3.E-2));
#13336=LINE('',#13335,#13334);
#13338=CURVE_STYLE('',#21,POSITIVE_LENGTH_MEASURE(2.E-2),#10);
#13339=PRESENTATION_STYLE_ASSIGNMENT((#13338));
#13340=STYLED_ITEM('',(#13339),#13337);
#13342=DIRECTION('',(6.996244632883E-1,7.145107489524E-1,0.E0));
#13343=VECTOR('',#13342,2.382228130469E-1);
#13344=CARTESIAN_POINT('',(1.594324107705E0,-2.429071618728E1,-3.E-2));
#13345=LINE('',#13344,#13343);
#13347=CURVE_STYLE('',#21,POSITIVE_LENGTH_MEASURE(2.E-2),#10);
#13348=PRESENTATION_STYLE_ASSIGNMENT((#13347));
#13349=STYLED_ITEM('',(#13348),#13346);
#13351=DIRECTION('',(4.397141102494E-1,8.981377963584E-1,0.E0));
#13352=VECTOR('',#13351,1.895174394831E-1);
#13353=CARTESIAN_POINT('',(1.760990615426E0,-2.412050342671E1,-3.E-2));
#13354=LINE('',#13353,#13352);
#13356=CURVE_STYLE('',#21,POSITIVE_LENGTH_MEASURE(2.E-2),#10);
#13357=PRESENTATION_STYLE_ASSIGNMENT((#13356));
#13358=STYLED_ITEM('',(#13357),#13355);
#13360=DIRECTION('',(1.921821473726E-1,9.813592727596E-1,0.E0));
#13361=VECTOR('',#13360,2.168073793044E-1);
#13362=CARTESIAN_POINT('',(1.844324107705E0,-2.395029065124E1,-3.E-2));
#13363=LINE('',#13362,#13361);
#13365=CURVE_STYLE('',#21,POSITIVE_LENGTH_MEASURE(2.E-2),#10);
#13366=PRESENTATION_STYLE_ASSIGNMENT((#13365));
#13367=STYLED_ITEM('',(#13366),#13364);
#13369=DIRECTION('',(0.E0,1.E0,0.E0));
#13370=VECTOR('',#13369,6.382978558540E-1);
#13371=CARTESIAN_POINT('',(1.885990615426E0,-2.373752471916E1,-3.E-2));
#13372=LINE('',#13371,#13370);
#13374=CURVE_STYLE('',#21,POSITIVE_LENGTH_MEASURE(2.E-2),#10);
#13375=PRESENTATION_STYLE_ASSIGNMENT((#13374));
#13376=STYLED_ITEM('',(#13375),#13373);
#13378=DIRECTION('',(-1.921820436730E-1,9.813592930674E-1,0.E0));
#13379=VECTOR('',#13378,2.168074962916E-1);
#13380=CARTESIAN_POINT('',(1.885990615426E0,-2.309922686330E1,-3.E-2));
#13381=LINE('',#13380,#13379);
#13383=CURVE_STYLE('',#21,POSITIVE_LENGTH_MEASURE(2.E-2),#10);
#13384=PRESENTATION_STYLE_ASSIGNMENT((#13383));
#13385=STYLED_ITEM('',(#13384),#13382);
#13387=DIRECTION('',(-4.397141723527E-1,8.981377659536E-1,0.E0));
#13388=VECTOR('',#13387,1.895174127165E-1);
#13389=CARTESIAN_POINT('',(1.844324107705E0,-2.288646081201E1,-3.E-2));
#13390=LINE('',#13389,#13388);
#13392=CURVE_STYLE('',#21,POSITIVE_LENGTH_MEASURE(2.E-2),#10);
#13393=PRESENTATION_STYLE_ASSIGNMENT((#13392));
#13394=STYLED_ITEM('',(#13393),#13391);
#13396=DIRECTION('',(-6.996244945571E-1,7.145107183351E-1,0.E0));
#13397=VECTOR('',#13396,2.382228023998E-1);
#13398=CARTESIAN_POINT('',(1.760990615426E0,-2.271624806634E1,-3.E-2));
#13399=LINE('',#13398,#13397);
#13401=CURVE_STYLE('',#21,POSITIVE_LENGTH_MEASURE(2.E-2),#10);
#13402=PRESENTATION_STYLE_ASSIGNMENT((#13401));
#13403=STYLED_ITEM('',(#13402),#13400);
#13405=DIRECTION('',(-8.906053746977E-1,4.547769415434E-1,0.E0));
#13406=VECTOR('',#13405,1.871387158382E-1);
#13407=CARTESIAN_POINT('',(1.594324107705E0,-2.254603532068E1,-3.E-2));
#13408=LINE('',#13407,#13406);
#13410=CURVE_STYLE('',#21,POSITIVE_LENGTH_MEASURE(2.E-2),#10);
#13411=PRESENTATION_STYLE_ASSIGNMENT((#13410));
#13412=STYLED_ITEM('',(#13411),#13409);
#13414=DIRECTION('',(-9.797706943097E-1,2.001234283435E-1,0.E0));
#13415=VECTOR('',#13414,2.126347063353E-1);
#13416=CARTESIAN_POINT('',(1.427657361565E0,-2.246092894784E1,-3.E-2));
#13417=LINE('',#13416,#13415);
#13419=CURVE_STYLE('',#21,POSITIVE_LENGTH_MEASURE(2.E-2),#10);
#13420=PRESENTATION_STYLE_ASSIGNMENT((#13419));
#13421=STYLED_ITEM('',(#13420),#13418);
#13424=DIRECTION('',(1.E0,0.E0,0.E0));
#13425=VECTOR('',#13424,7.5E-1);
#13426=CARTESIAN_POINT('',(4.693241077047E-1,-2.267369487993E1,-3.E-2));
#13427=LINE('',#13426,#13425);
#13429=CURVE_STYLE('',#21,POSITIVE_LENGTH_MEASURE(2.E-2),#10);
#13430=PRESENTATION_STYLE_ASSIGNMENT((#13429));
#13431=STYLED_ITEM('',(#13430),#13428);
#13433=DIRECTION('',(9.689176611437E-1,-2.473834390653E-1,0.E0));
#13434=VECTOR('',#13433,1.720130764509E-1);
#13435=CARTESIAN_POINT('',(1.219324107705E0,-2.267369487993E1,-3.E-2));
#13436=LINE('',#13435,#13434);
#13438=CURVE_STYLE('',#21,POSITIVE_LENGTH_MEASURE(2.E-2),#10);
#13439=PRESENTATION_STYLE_ASSIGNMENT((#13438));
#13440=STYLED_ITEM('',(#13439),#13437);
#13442=DIRECTION('',(8.265992787996E-1,-5.627909312417E-1,0.E0));
#13443=VECTOR('',#13442,1.512220046714E-1);
#13444=CARTESIAN_POINT('',(1.385990615426E0,-2.271624806634E1,-3.E-2));
#13445=LINE('',#13444,#13443);
#13447=CURVE_STYLE('',#21,POSITIVE_LENGTH_MEASURE(2.E-2),#10);
#13448=PRESENTATION_STYLE_ASSIGNMENT((#13447));
#13449=STYLED_ITEM('',(#13448),#13446);
#13451=DIRECTION('',(5.466229197794E-1,-8.373788769559E-1,0.E0));
#13452=VECTOR('',#13451,1.524515150457E-1);
#13453=CARTESIAN_POINT('',(1.510990615426E0,-2.280135443918E1,-3.E-2));
#13454=LINE('',#13453,#13452);
#13456=CURVE_STYLE('',#21,POSITIVE_LENGTH_MEASURE(2.E-2),#10);
#13457=PRESENTATION_STYLE_ASSIGNMENT((#13456));
#13458=STYLED_ITEM('',(#13457),#13455);
#13460=DIRECTION('',(2.377704967206E-1,-9.713213633444E-1,0.E0));
#13461=VECTOR('',#13460,1.752383424168E-1);
#13462=CARTESIAN_POINT('',(1.594324107705E0,-2.292901411764E1,-3.E-2));
#13463=LINE('',#13462,#13461);
#13465=CURVE_STYLE('',#21,POSITIVE_LENGTH_MEASURE(2.E-2),#10);
#13466=PRESENTATION_STYLE_ASSIGNMENT((#13465));
#13467=STYLED_ITEM('',(#13466),#13464);
#13469=DIRECTION('',(0.E0,-1.E0,0.E0));
#13470=VECTOR('',#13469,6.382978558540E-1);
#13471=CARTESIAN_POINT('',(1.635990615426E0,-2.309922686330E1,-3.E-2));
#13472=LINE('',#13471,#13470);
#13474=CURVE_STYLE('',#21,POSITIVE_LENGTH_MEASURE(2.E-2),#10);
#13475=PRESENTATION_STYLE_ASSIGNMENT((#13474));
#13476=STYLED_ITEM('',(#13475),#13473);
#13478=DIRECTION('',(-2.377704967206E-1,-9.713213633444E-1,0.E0));
#13479=VECTOR('',#13478,1.752383424168E-1);
#13480=CARTESIAN_POINT('',(1.635990615426E0,-2.373752471916E1,-3.E-2));
#13481=LINE('',#13480,#13479);
#13483=CURVE_STYLE('',#21,POSITIVE_LENGTH_MEASURE(2.E-2),#10);
#13484=PRESENTATION_STYLE_ASSIGNMENT((#13483));
#13485=STYLED_ITEM('',(#13484),#13482);
#13487=DIRECTION('',(-5.466232777014E-1,-8.373786433120E-1,0.E0));
#13488=VECTOR('',#13487,1.524514152223E-1);
#13489=CARTESIAN_POINT('',(1.594324107705E0,-2.390773746482E1,-3.E-2));
#13490=LINE('',#13489,#13488);
#13492=CURVE_STYLE('',#21,POSITIVE_LENGTH_MEASURE(2.E-2),#10);
#13493=PRESENTATION_STYLE_ASSIGNMENT((#13492));
#13494=STYLED_ITEM('',(#13493),#13491);
#13496=DIRECTION('',(-8.265991871191E-1,-5.627910658975E-1,0.E0));
#13497=VECTOR('',#13496,1.512220214439E-1);
#13498=CARTESIAN_POINT('',(1.510990615426E0,-2.403539702407E1,-3.E-2));
#13499=LINE('',#13498,#13497);
#13501=CURVE_STYLE('',#21,POSITIVE_LENGTH_MEASURE(2.E-2),#10);
#13502=PRESENTATION_STYLE_ASSIGNMENT((#13501));
#13503=STYLED_ITEM('',(#13502),#13500);
#13505=DIRECTION('',(-9.689176611437E-1,-2.473834390653E-1,0.E0));
#13506=VECTOR('',#13505,1.720130764509E-1);
#13507=CARTESIAN_POINT('',(1.385990615426E0,-2.412050342671E1,-3.E-2));
#13508=LINE('',#13507,#13506);
#13510=CURVE_STYLE('',#21,POSITIVE_LENGTH_MEASURE(2.E-2),#10);
#13511=PRESENTATION_STYLE_ASSIGNMENT((#13510));
#13512=STYLED_ITEM('',(#13511),#13509);
#13514=DIRECTION('',(-1.E0,0.E0,0.E0));
#13515=VECTOR('',#13514,7.5E-1);
#13516=CARTESIAN_POINT('',(1.219324107705E0,-2.416305661313E1,-3.E-2));
#13517=LINE('',#13516,#13515);
#13519=CURVE_STYLE('',#21,POSITIVE_LENGTH_MEASURE(2.E-2),#10);
#13520=PRESENTATION_STYLE_ASSIGNMENT((#13519));
#13521=STYLED_ITEM('',(#13520),#13518);
#13523=DIRECTION('',(0.E0,1.E0,0.E0));
#13524=VECTOR('',#13523,1.489361733198E0);
#13525=CARTESIAN_POINT('',(4.693241077047E-1,-2.416305661313E1,-3.E-2));
#13526=LINE('',#13525,#13524);
#13528=CURVE_STYLE('',#21,POSITIVE_LENGTH_MEASURE(2.E-2),#10);
#13529=PRESENTATION_STYLE_ASSIGNMENT((#13528));
#13530=STYLED_ITEM('',(#13529),#13527);
#13533=PRESENTATION_LAYER_ASSIGNMENT('02___PRT_ALL_AXES','',(#5355,#5364,#5372,
#5380));
#13534=PRESENTATION_LAYER_ASSIGNMENT('03_ALL_AXES','',(#5355,#5364,#5372,
#5380));
#13535=PRESENTATION_LAYER_ASSIGNMENT('03___PRT_ALL_CURVES','',(#5636,#5673,
#5980,#6125,#6270,#6307,#6344,#6417,#6508,#6581,#6834,#6934,#6962,#7197,#7360,
#7469,#7614,#7705,#8102,#8274,#8365,#8456,#8565,#9079,#9332,#9567,#9730,#9794,
#9831,#9940,#10058,#10185,#10294,#10331,#10476,#10567,#10676,#11037,#11110,
#11147,#11364,#11545,#11636,#11700,#11953,#11990,#12207,#12388,#12497,#12552,
#12661,#12806,#12897,#12979,#13214,#13296,#13423,#13532));
#13536=PRESENTATION_LAYER_ASSIGNMENT('05_ALL_CURVES','',(#5636,#5673,#5980,
#6125,#6270,#6307,#6344,#6417,#6508,#6581,#6834,#6934,#6962,#7197,#7360,#7469,
#7614,#7705,#8102,#8274,#8365,#8456,#8565,#9079,#9332,#9567,#9730,#9794,#9831,
#9940,#10058,#10185,#10294,#10331,#10476,#10567,#10676,#11037,#11110,#11147,
#11364,#11545,#11636,#11700,#11953,#11990,#12207,#12388,#12497,#12552,#12661,
#12806,#12897,#12979,#13214,#13296,#13423,#13532));
#13537=PRESENTATION_LAYER_ASSIGNMENT('05___PRT_ALL_DTM_CSYS','',(#5347));
#13538=PRESENTATION_LAYER_ASSIGNMENT('05___PRT_DEF_DTM_CSYS','',(#5347));
#13539=PRESENTATION_LAYER_ASSIGNMENT('20_ALL_FEATURES','',(#5355,#5364,#5372,
#5380,#5636,#5673,#5980,#6125,#6270,#6307,#6344,#6417,#6508,#6581,#6834,#6934,
#6962,#7197,#7360,#7469,#7614,#7705,#8102,#8274,#8365,#8456,#8565,#9079,#9332,
#9567,#9730,#9794,#9831,#9940,#10058,#10185,#10294,#10331,#10476,#10567,#10676,
#11037,#11110,#11147,#11364,#11545,#11636,#11700,#11953,#11990,#12207,#12388,
#12497,#12552,#12661,#12806,#12897,#12979,#13214,#13296,#13423,#13532));
#13541=DIMENSIONAL_EXPONENTS(0.E0,0.E0,0.E0,0.E0,0.E0,0.E0,0.E0);
#13543=PLANE_ANGLE_MEASURE_WITH_UNIT(PLANE_ANGLE_MEASURE(1.745329251994E-2),
#13542);
#13544=(CONVERSION_BASED_UNIT('DEGREE',#13543)NAMED_UNIT(*)PLANE_ANGLE_UNIT());
#13546=UNCERTAINTY_MEASURE_WITH_UNIT(LENGTH_MEASURE(1.168781720162E-2),#13540,
'closure',
'Maximum model space distance between geometric entities at asserted connectivities');
#13547=(GEOMETRIC_REPRESENTATION_CONTEXT(3)GLOBAL_UNCERTAINTY_ASSIGNED_CONTEXT((
#13546))GLOBAL_UNIT_ASSIGNED_CONTEXT((#13540,#13544,#13545))REPRESENTATION_CONTEXT('ID1','3'));
#5359=GEOMETRIC_SET('',(#5355,#5364,#5372,#5380,#5636,#5673,#5980,#6125,#6270,
#6307,#6344,#6417,#6508,#6581,#6834,#6934,#6962,#7197,#7360,#7469,#7614,#7705,
#8102,#8274,#8365,#8456,#8565,#9079,#9332,#9567,#9730,#9794,#9831,#9940,#10058,
#10185,#10294,#10331,#10476,#10567,#10676,#11037,#11110,#11147,#11364,#11545,
#11636,#11700,#11953,#11990,#12207,#12388,#12497,#12552,#12661,#12806,#12897,
#12979,#13214,#13296,#13423,#13532));
#13551=SHAPE_REPRESENTATION_RELATIONSHIP('','',#13550,#13548);
#13552=SHAPE_REPRESENTATION_RELATIONSHIP('','',#13550,#13549);
#13553=MECHANICAL_DESIGN_GEOMETRIC_PRESENTATION_REPRESENTATION('',(#24,#31,#38,
#45,#52,#59,#66,#73,#80,#87,#94,#101,#108,#115,#122,#129,#136,#143,#150,#157,
#164,#171,#178,#185,#193,#201,#208,#215,#222,#229,#236,#243,#250,#257,#264,#271,
#278,#285,#292,#299,#306,#313,#320,#327,#334,#341,#348,#355,#362,#369,#376,#383,
#390,#397,#404,#411,#418,#425,#432,#439,#446,#453,#460,#467,#474,#481,#488,#495,
#502,#510,#517,#524,#532,#539,#547,#554,#561,#569,#576,#584,#591,#598,#605,#612,
#619,#626,#633,#640,#647,#654,#661,#668,#675,#682,#689,#696,#703,#710,#717,#724,
#731,#738,#745,#752,#759,#766,#773,#780,#787,#794,#801,#808,#815,#822,#829,#836,
#843,#850,#857,#864,#871,#878,#885,#892,#899,#906,#913,#920,#927,#934,#941,#948,
#955,#962,#969,#976,#983,#990,#997,#1004,#1011,#1018,#1025,#1032,#1039,#1046,
#1053,#1060,#1067,#1074,#1081,#1088,#1095,#1102,#1109,#1116,#1123,#1130,#1137,
#1144,#1151,#1158,#1165,#1172,#1179,#1186,#1193,#1200,#1207,#1215,#1223,#1230,
#1237,#1244,#1251,#1258,#1265,#1272,#1279,#1286,#1294,#1302,#1309,#1316,#1323,
#1330,#1337,#1345,#1353,#1360,#1368,#1375,#1382,#1389,#1397,#1404,#1411,#1418,
#1426,#1433,#1440,#1448,#1456,#1463,#1470,#1477,#1484,#1491,#1498,#1505,#1512,
#1519,#1526,#1533,#1540,#1547,#1555,#1563,#1570,#1577,#1584,#1591,#1598,#1605,
#1612,#1619,#1627,#1635,#1642,#1649,#1656,#1663,#1670,#1677,#1684,#1691,#1698,
#1705,#1712,#1719,#1726,#1733,#1740,#1747,#1754,#1761,#1768,#1775,#1782,#1789,
#1796,#1803,#1811,#1819,#1826,#1834,#1842,#1850,#1858,#1865,#1872,#1879,#1886,
#1893,#1900,#1907,#1914,#1921,#1928,#1935,#1942,#1949,#1956,#1963,#1970,#1977,
#1984,#1991,#1998,#2005,#2012,#2019,#2026,#2033,#2040,#2047,#2054,#2061,#2068,
#2075,#2082,#2089,#2096,#2103,#2110,#2117,#2124,#2131,#2138,#2145,#2152,#2159,
#2166,#2173,#2180,#2187,#2194,#2202,#2209,#2217,#2224,#2232,#2239,#2247,#2254,
#2261,#2268,#2275,#2282,#2289,#2296,#2303,#2310,#2317,#2325,#2333,#2340,#2347,
#2354,#2361,#2368,#2376,#2383,#2390,#2397,#2405,#2412,#2419,#2426,#2433,#2440,
#2447,#2454,#2461,#2468,#2475,#2482,#2489,#3318,#3398,#3478,#3558,#3638,#3718,
#3798,#3878,#3958,#4038,#4657,#4737,#4817,#4897,#4977,#5057,#5335,#16,#5350,
#5358,#5367,#5375,#5383,#5391,#5400,#5409,#5418,#5427,#5436,#5445,#5454,#5463,
#5472,#5481,#5490,#5499,#5508,#5517,#5526,#5535,#5544,#5553,#5562,#5571,#5580,
#5589,#5598,#5607,#5616,#5625,#5634,#5644,#5653,#5662,#5671,#5681,#5690,#5699,
#5708,#5717,#5726,#5735,#5744,#5753,#5762,#5771,#5780,#5789,#5798,#5807,#5816,
#5825,#5834,#5843,#5852,#5861,#5870,#5879,#5888,#5897,#5906,#5915,#5924,#5933,
#5942,#5951,#5960,#5969,#5978,#5988,#5997,#6006,#6015,#6024,#6033,#6042,#6051,
#6060,#6069,#6078,#6087,#6096,#6105,#6114,#6123,#6133,#6142,#6151,#6160,#6169,
#6178,#6187,#6196,#6205,#6214,#6223,#6232,#6241,#6250,#6259,#6268,#6278,#6287,
#6296,#6305,#6315,#6324,#6333,#6342,#6352,#6361,#6370,#6379,#6388,#6397,#6406,
#6415,#6425,#6434,#6443,#6452,#6461,#6470,#6479,#6488,#6497,#6506,#6516,#6525,
#6534,#6543,#6552,#6561,#6570,#6579,#6589,#6598,#6607,#6616,#6625,#6634,#6643,
#6652,#6661,#6670,#6679,#6688,#6697,#6706,#6715,#6724,#6733,#6742,#6751,#6760,
#6769,#6778,#6787,#6796,#6805,#6814,#6823,#6832,#6842,#6851,#6860,#6869,#6878,
#6887,#6896,#6905,#6914,#6923,#6932,#6942,#6951,#6960,#6970,#6979,#6988,#6997,
#7006,#7015,#7024,#7033,#7042,#7051,#7060,#7069,#7078,#7087,#7096,#7105,#7114,
#7123,#7132,#7141,#7150,#7159,#7168,#7177,#7186,#7195,#7205,#7214,#7223,#7232,
#7241,#7250,#7259,#7268,#7277,#7286,#7295,#7304,#7313,#7322,#7331,#7340,#7349,
#7358,#7368,#7377,#7386,#7395,#7404,#7413,#7422,#7431,#7440,#7449,#7458,#7467,
#7477,#7486,#7495,#7504,#7513,#7522,#7531,#7540,#7549,#7558,#7567,#7576,#7585,
#7594,#7603,#7612,#7622,#7631,#7640,#7649,#7658,#7667,#7676,#7685,#7694,#7703,
#7713,#7722,#7731,#7740,#7749,#7758,#7767,#7776,#7785,#7794,#7803,#7812,#7821,
#7830,#7839,#7848,#7857,#7866,#7875,#7884,#7893,#7902,#7911,#7920,#7929,#7938,
#7947,#7956,#7965,#7974,#7983,#7992,#8001,#8010,#8019,#8028,#8037,#8046,#8055,
#8064,#8073,#8082,#8091,#8100,#8110,#8119,#8128,#8137,#8146,#8155,#8164,#8173,
#8182,#8191,#8200,#8209,#8218,#8227,#8236,#8245,#8254,#8263,#8272,#8282,#8291,
#8300,#8309,#8318,#8327,#8336,#8345,#8354,#8363,#8373,#8382,#8391,#8400,#8409,
#8418,#8427,#8436,#8445,#8454,#8464,#8473,#8482,#8491,#8500,#8509,#8518,#8527,
#8536,#8545,#8554,#8563,#8573,#8582,#8591,#8600,#8609,#8618,#8627,#8636,#8645,
#8654,#8663,#8672,#8681,#8690,#8699,#8708,#8717,#8726,#8735,#8744,#8753,#8762,
#8771,#8780,#8789,#8798,#8807,#8816,#8825,#8834,#8843,#8852,#8861,#8870,#8879,
#8888,#8897,#8906,#8915,#8924,#8933,#8942,#8951,#8960,#8969,#8978,#8987,#8996,
#9005,#9014,#9023,#9032,#9041,#9050,#9059,#9068,#9077,#9087,#9096,#9105,#9114,
#9123,#9132,#9141,#9150,#9159,#9168,#9177,#9186,#9195,#9204,#9213,#9222,#9231,
#9240,#9249,#9258,#9267,#9276,#9285,#9294,#9303,#9312,#9321,#9330,#9340,#9349,
#9358,#9367,#9376,#9385,#9394,#9403,#9412,#9421,#9430,#9439,#9448,#9457,#9466,
#9475,#9484,#9493,#9502,#9511,#9520,#9529,#9538,#9547,#9556,#9565,#9575,#9584,
#9593,#9602,#9611,#9620,#9629,#9638,#9647,#9656,#9665,#9674,#9683,#9692,#9701,
#9710,#9719,#9728,#9738,#9747,#9756,#9765,#9774,#9783,#9792,#9802,#9811,#9820,
#9829,#9839,#9848,#9857,#9866,#9875,#9884,#9893,#9902,#9911,#9920,#9929,#9938,
#9948,#9957,#9966,#9975,#9984,#9993,#10002,#10011,#10020,#10029,#10038,#10047,
#10056,#10066,#10075,#10084,#10093,#10102,#10111,#10120,#10129,#10138,#10147,
#10156,#10165,#10174,#10183,#10193,#10202,#10211,#10220,#10229,#10238,#10247,
#10256,#10265,#10274,#10283,#10292,#10302,#10311,#10320,#10329,#10339,#10348,
#10357,#10366,#10375,#10384,#10393,#10402,#10411,#10420,#10429,#10438,#10447,
#10456,#10465,#10474,#10484,#10493,#10502,#10511,#10520,#10529,#10538,#10547,
#10556,#10565,#10575,#10584,#10593,#10602,#10611,#10620,#10629,#10638,#10647,
#10656,#10665,#10674,#10684,#10693,#10702,#10711,#10720,#10729,#10738,#10747,
#10756,#10765,#10774,#10783,#10792,#10801,#10810,#10819,#10828,#10837,#10846,
#10855,#10864,#10873,#10882,#10891,#10900,#10909,#10918,#10927,#10936,#10945,
#10954,#10963,#10972,#10981,#10990,#10999,#11008,#11017,#11026,#11035,#11045,
#11054,#11063,#11072,#11081,#11090,#11099,#11108,#11118,#11127,#11136,#11145,
#11155,#11164,#11173,#11182,#11191,#11200,#11209,#11218,#11227,#11236,#11245,
#11254,#11263,#11272,#11281,#11290,#11299,#11308,#11317,#11326,#11335,#11344,
#11353,#11362,#11372,#11381,#11390,#11399,#11408,#11417,#11426,#11435,#11444,
#11453,#11462,#11471,#11480,#11489,#11498,#11507,#11516,#11525,#11534,#11543,
#11553,#11562,#11571,#11580,#11589,#11598,#11607,#11616,#11625,#11634,#11644,
#11653,#11662,#11671,#11680,#11689,#11698,#11708,#11717,#11726,#11735,#11744,
#11753,#11762,#11771,#11780,#11789,#11798,#11807,#11816,#11825,#11834,#11843,
#11852,#11861,#11870,#11879,#11888,#11897,#11906,#11915,#11924,#11933,#11942,
#11951,#11961,#11970,#11979,#11988,#11998,#12007,#12016,#12025,#12034,#12043,
#12052,#12061,#12070,#12079,#12088,#12097,#12106,#12115,#12124,#12133,#12142,
#12151,#12160,#12169,#12178,#12187,#12196,#12205,#12215,#12224,#12233,#12242,
#12251,#12260,#12269,#12278,#12287,#12296,#12305,#12314,#12323,#12332,#12341,
#12350,#12359,#12368,#12377,#12386,#12396,#12405,#12414,#12423,#12432,#12441,
#12450,#12459,#12468,#12477,#12486,#12495,#12505,#12514,#12523,#12532,#12541,
#12550,#12560,#12569,#12578,#12587,#12596,#12605,#12614,#12623,#12632,#12641,
#12650,#12659,#12669,#12678,#12687,#12696,#12705,#12714,#12723,#12732,#12741,
#12750,#12759,#12768,#12777,#12786,#12795,#12804,#12814,#12823,#12832,#12841,
#12850,#12859,#12868,#12877,#12886,#12895,#12905,#12914,#12923,#12932,#12941,
#12950,#12959,#12968,#12977,#12987,#12996,#13005,#13014,#13023,#13032,#13041,
#13050,#13059,#13068,#13077,#13086,#13095,#13104,#13113,#13122,#13131,#13140,
#13149,#13158,#13167,#13176,#13185,#13194,#13203,#13212,#13222,#13231,#13240,
#13249,#13258,#13267,#13276,#13285,#13294,#13304,#13313,#13322,#13331,#13340,
#13349,#13358,#13367,#13376,#13385,#13394,#13403,#13412,#13421,#13431,#13440,
#13449,#13458,#13467,#13476,#13485,#13494,#13503,#13512,#13521,#13530),#13547);
#13554=APPLICATION_CONTEXT(
'CONFIGURATION CONTROLLED 3D DESIGNS OF MECHANICAL PARTS AND ASSEMBLIES');
#13555=APPLICATION_PROTOCOL_DEFINITION('international standard',
'config_control_design',1994,#13554);
#13556=DESIGN_CONTEXT('',#13554,'design');
#13557=MECHANICAL_CONTEXT('',#13554,'mechanical');
#13558=PRODUCT('P028X101','P028X101','NOT SPECIFIED',(#13557));
#13559=PRODUCT_DEFINITION_FORMATION_WITH_SPECIFIED_SOURCE('2','LAST_VERSION',
#13558,.MADE.);
#13563=PRODUCT_CATEGORY('part','');
#13564=PRODUCT_RELATED_PRODUCT_CATEGORY('detail','',(#13558));
#13565=PRODUCT_CATEGORY_RELATIONSHIP('','',#13563,#13564);
#13566=SECURITY_CLASSIFICATION_LEVEL('unclassified');
#13567=SECURITY_CLASSIFICATION('','',#13566);
#13568=CC_DESIGN_SECURITY_CLASSIFICATION(#13567,(#13559));
#13569=APPROVAL_STATUS('approved');
#13570=APPROVAL(#13569,'');
#13571=CC_DESIGN_APPROVAL(#13570,(#13567,#13559,#13560));
#13572=CALENDAR_DATE(122,28,3);
#13573=COORDINATED_UNIVERSAL_TIME_OFFSET(8,0,.AHEAD.);
#13574=LOCAL_TIME(18,30,4.8E1,#13573);
#13575=DATE_AND_TIME(#13572,#13574);
#13576=APPROVAL_DATE_TIME(#13575,#13570);
#13577=DATE_TIME_ROLE('creation_date');
#13578=CC_DESIGN_DATE_AND_TIME_ASSIGNMENT(#13575,#13577,(#13560));
#13579=DATE_TIME_ROLE('classification_date');
#13580=CC_DESIGN_DATE_AND_TIME_ASSIGNMENT(#13575,#13579,(#13567));
#13581=PERSON('UNSPECIFIED','UNSPECIFIED',$,$,$,$);
#13582=ORGANIZATION('UNSPECIFIED','UNSPECIFIED','UNSPECIFIED');
#13583=PERSON_AND_ORGANIZATION(#13581,#13582);
#13584=APPROVAL_ROLE('approver');
#13585=APPROVAL_PERSON_ORGANIZATION(#13583,#13570,#13584);
#13586=PERSON_AND_ORGANIZATION_ROLE('creator');
#13587=CC_DESIGN_PERSON_AND_ORGANIZATION_ASSIGNMENT(#13583,#13586,(#13559,
#13560));
#13588=PERSON_AND_ORGANIZATION_ROLE('design_supplier');
#13589=CC_DESIGN_PERSON_AND_ORGANIZATION_ASSIGNMENT(#13583,#13588,(#13559));
#13590=PERSON_AND_ORGANIZATION_ROLE('classification_officer');
#13591=CC_DESIGN_PERSON_AND_ORGANIZATION_ASSIGNMENT(#13583,#13590,(#13567));
#13592=PERSON_AND_ORGANIZATION_ROLE('design_owner');
#13593=CC_DESIGN_PERSON_AND_ORGANIZATION_ASSIGNMENT(#13583,#13592,(#13558));
#1=DRAUGHTING_PRE_DEFINED_COLOUR('green');
#2=COLOUR_RGB('',1.1E-2,1.2E-2,1.E0);
#3=COLOUR_RGB('',4.1E-1,2.61589E-1,1.12848E-1);
#4=COLOUR_RGB('',5.04854E-1,1.5455E-2,1.5455E-2);
#5=COLOUR_RGB('',6.40777E-1,6.40777E-1,6.40777E-1);
#6=COLOUR_RGB('',6.66667E-1,7.05882E-1,7.64706E-1);
#7=COLOUR_RGB('',6.69062E-1,6.69903E-1,6.55217E-1);
#8=COLOUR_RGB('',9.21569E-1,7.05882E-1,4.70588E-1);
#9=DRAUGHTING_PRE_DEFINED_COLOUR('red');
#10=COLOUR_RGB('',1.E0,6.705882352941E-1,0.E0);
#11=DRAUGHTING_PRE_DEFINED_COLOUR('yellow');
#12=DRAUGHTING_PRE_DEFINED_COLOUR('yellow');
#13=COLOUR_RGB('',1.E0,1.E0,5.3E-1);
#14=COLOUR_RGB('',1.E0,1.E0,9.49E-1);
#15=DRAUGHTING_PRE_DEFINED_COLOUR('white');
#190=CIRCLE('',#189,6.E-1);
#198=CIRCLE('',#197,6.E-1);
#507=CIRCLE('',#506,1.E0);
#529=CIRCLE('',#528,2.E-1);
#544=CIRCLE('',#543,2.E-1);
#566=CIRCLE('',#565,1.E0);
#581=CIRCLE('',#580,1.E0);
#1212=CIRCLE('',#1211,1.E0);
#1220=CIRCLE('',#1219,1.E0);
#1291=CIRCLE('',#1290,1.E0);
#1299=CIRCLE('',#1298,1.E0);
#1342=CIRCLE('',#1341,1.E0);
#1350=CIRCLE('',#1349,1.E0);
#1365=CIRCLE('',#1364,1.E0);
#1394=CIRCLE('',#1393,2.E-1);
#1423=CIRCLE('',#1422,2.E-1);
#1445=CIRCLE('',#1444,1.E0);
#1453=CIRCLE('',#1452,1.E0);
#1552=CIRCLE('',#1551,1.E0);
#1560=CIRCLE('',#1559,1.E0);
#1624=CIRCLE('',#1623,1.E0);
#1632=CIRCLE('',#1631,1.E0);
#1808=CIRCLE('',#1807,5.E-1);
#1816=CIRCLE('',#1815,5.E-1);
#1831=CIRCLE('',#1830,5.E-1);
#1839=CIRCLE('',#1838,5.E-1);
#1847=CIRCLE('',#1846,2.E-1);
#1855=CIRCLE('',#1854,2.E-1);
#2199=CIRCLE('',#2198,5.E-1);
#2214=CIRCLE('',#2213,5.E-1);
#2229=CIRCLE('',#2228,5.E-1);
#2244=CIRCLE('',#2243,5.E-1);
#2322=CIRCLE('',#2321,1.E0);
#2330=CIRCLE('',#2329,1.E0);
#2373=CIRCLE('',#2372,2.E-1);
#2402=CIRCLE('',#2401,2.E-1);
#2959=EDGE_CURVE('',#2493,#2496,#70,.T.);
#2961=EDGE_CURVE('',#2492,#2493,#20,.T.);
#2963=EDGE_CURVE('',#2497,#2492,#28,.T.);
#2965=EDGE_CURVE('',#2496,#2497,#35,.T.);
#2969=EDGE_CURVE('',#2948,#2949,#42,.T.);
#2971=EDGE_CURVE('',#2949,#2951,#49,.T.);
#2973=EDGE_CURVE('',#2951,#2953,#56,.T.);
#2975=EDGE_CURVE('',#2953,#2948,#63,.T.);
#2986=EDGE_CURVE('',#2496,#2503,#126,.T.);
#2988=EDGE_CURVE('',#2501,#2503,#154,.T.);
#2990=EDGE_CURVE('',#2493,#2501,#77,.T.);
#2994=EDGE_CURVE('',#2513,#2509,#84,.T.);
#2996=EDGE_CURVE('',#2513,#2511,#1372,.T.);
#2998=EDGE_CURVE('',#2511,#2508,#91,.T.);
#3000=EDGE_CURVE('',#2508,#2509,#98,.T.);
#3004=EDGE_CURVE('',#2521,#2517,#105,.T.);
#3006=EDGE_CURVE('',#2521,#2519,#1823,.T.);
#3008=EDGE_CURVE('',#2519,#2516,#112,.T.);
#3010=EDGE_CURVE('',#2516,#2517,#119,.T.);
#3021=EDGE_CURVE('',#2497,#2505,#133,.T.);
#3023=EDGE_CURVE('',#2503,#2505,#161,.T.);
#3035=EDGE_CURVE('',#2492,#2500,#140,.T.);
#3037=EDGE_CURVE('',#2505,#2500,#168,.T.);
#3050=EDGE_CURVE('',#2500,#2501,#147,.T.);
#3073=EDGE_CURVE('',#2932,#2933,#175,.T.);
#3075=EDGE_CURVE('',#2933,#2513,#182,.T.);
#3078=EDGE_CURVE('',#2932,#2509,#492,.T.);
#3089=EDGE_CURVE('',#2932,#2936,#190,.T.);
#3091=EDGE_CURVE('',#2936,#2937,#1148,.T.);
#3093=EDGE_CURVE('',#2937,#2933,#198,.T.);
#3103=EDGE_CURVE('',#2916,#2936,#485,.T.);
#3108=EDGE_CURVE('',#2508,#2925,#499,.T.);
#3110=EDGE_CURVE('',#2924,#2925,#507,.T.);
#3112=EDGE_CURVE('',#2924,#2896,#514,.T.);
#3114=EDGE_CURVE('',#2892,#2896,#1291,.T.);
#3116=EDGE_CURVE('',#2892,#2793,#521,.T.);
#3118=EDGE_CURVE('',#2792,#2793,#529,.T.);
#3120=EDGE_CURVE('',#2792,#2789,#536,.T.);
#3122=EDGE_CURVE('',#2788,#2789,#544,.T.);
#3124=EDGE_CURVE('',#2788,#2904,#551,.T.);
#3126=EDGE_CURVE('',#2900,#2904,#1212,.T.);
#3128=EDGE_CURVE('',#2900,#2909,#558,.T.);
#3130=EDGE_CURVE('',#2908,#2909,#566,.T.);
#3132=EDGE_CURVE('',#2908,#2917,#573,.T.);
#3134=EDGE_CURVE('',#2916,#2917,#581,.T.);
#3138=EDGE_CURVE('',#2652,#2653,#233,.T.);
#3140=EDGE_CURVE('',#2653,#2655,#240,.T.);
#3142=EDGE_CURVE('',#2655,#2657,#247,.T.);
#3144=EDGE_CURVE('',#2657,#2652,#254,.T.);
#3148=EDGE_CURVE('',#2668,#2669,#261,.T.);
#3150=EDGE_CURVE('',#2669,#2671,#268,.T.);
#3152=EDGE_CURVE('',#2671,#2673,#275,.T.);
#3154=EDGE_CURVE('',#2673,#2668,#282,.T.);
#3158=EDGE_CURVE('',#2684,#2685,#289,.T.);
#3160=EDGE_CURVE('',#2685,#2687,#296,.T.);
#3162=EDGE_CURVE('',#2687,#2689,#303,.T.);
#3164=EDGE_CURVE('',#2689,#2684,#310,.T.);
#3168=EDGE_CURVE('',#2700,#2701,#317,.T.);
#3170=EDGE_CURVE('',#2701,#2703,#324,.T.);
#3172=EDGE_CURVE('',#2703,#2705,#331,.T.);
#3174=EDGE_CURVE('',#2705,#2700,#338,.T.);
#3178=EDGE_CURVE('',#2716,#2717,#345,.T.);
#3180=EDGE_CURVE('',#2717,#2719,#352,.T.);
#3182=EDGE_CURVE('',#2719,#2721,#359,.T.);
#3184=EDGE_CURVE('',#2721,#2716,#366,.T.);
#3188=EDGE_CURVE('',#2732,#2733,#373,.T.);
#3190=EDGE_CURVE('',#2733,#2735,#380,.T.);
#3192=EDGE_CURVE('',#2735,#2737,#387,.T.);
#3194=EDGE_CURVE('',#2737,#2732,#394,.T.);
#3198=EDGE_CURVE('',#2748,#2749,#401,.T.);
#3200=EDGE_CURVE('',#2749,#2751,#408,.T.);
#3202=EDGE_CURVE('',#2751,#2753,#415,.T.);
#3204=EDGE_CURVE('',#2753,#2748,#422,.T.);
#3208=EDGE_CURVE('',#2764,#2765,#429,.T.);
#3210=EDGE_CURVE('',#2765,#2767,#436,.T.);
#3212=EDGE_CURVE('',#2767,#2769,#443,.T.);
#3214=EDGE_CURVE('',#2769,#2764,#450,.T.);
#3218=EDGE_CURVE('',#2780,#2781,#457,.T.);
#3220=EDGE_CURVE('',#2781,#2783,#464,.T.);
#3222=EDGE_CURVE('',#2783,#2785,#471,.T.);
#3224=EDGE_CURVE('',#2785,#2780,#478,.T.);
#3228=EDGE_CURVE('',#2636,#2637,#205,.T.);
#3230=EDGE_CURVE('',#2637,#2639,#212,.T.);
#3232=EDGE_CURVE('',#2639,#2641,#219,.T.);
#3234=EDGE_CURVE('',#2641,#2636,#226,.T.);
#3245=EDGE_CURVE('',#2636,#2628,#588,.T.);
#3247=EDGE_CURVE('',#2628,#2629,#616,.T.);
#3249=EDGE_CURVE('',#2637,#2629,#609,.T.);
#3260=EDGE_CURVE('',#2641,#2633,#595,.T.);
#3262=EDGE_CURVE('',#2633,#2628,#623,.T.);
#3274=EDGE_CURVE('',#2639,#2631,#602,.T.);
#3276=EDGE_CURVE('',#2631,#2633,#630,.T.);
#3289=EDGE_CURVE('',#2629,#2631,#637,.T.);
#3325=EDGE_CURVE('',#2652,#2644,#644,.T.);
#3327=EDGE_CURVE('',#2644,#2645,#672,.T.);
#3329=EDGE_CURVE('',#2653,#2645,#665,.T.);
#3340=EDGE_CURVE('',#2657,#2649,#651,.T.);
#3342=EDGE_CURVE('',#2649,#2644,#679,.T.);
#3354=EDGE_CURVE('',#2655,#2647,#658,.T.);
#3356=EDGE_CURVE('',#2647,#2649,#686,.T.);
#3369=EDGE_CURVE('',#2645,#2647,#693,.T.);
#3405=EDGE_CURVE('',#2668,#2660,#700,.T.);
#3407=EDGE_CURVE('',#2660,#2661,#728,.T.);
#3409=EDGE_CURVE('',#2669,#2661,#721,.T.);
#3420=EDGE_CURVE('',#2673,#2665,#707,.T.);
#3422=EDGE_CURVE('',#2665,#2660,#735,.T.);
#3434=EDGE_CURVE('',#2671,#2663,#714,.T.);
#3436=EDGE_CURVE('',#2663,#2665,#742,.T.);
#3449=EDGE_CURVE('',#2661,#2663,#749,.T.);
#3485=EDGE_CURVE('',#2684,#2676,#756,.T.);
#3487=EDGE_CURVE('',#2676,#2677,#784,.T.);
#3489=EDGE_CURVE('',#2685,#2677,#777,.T.);
#3500=EDGE_CURVE('',#2689,#2681,#763,.T.);
#3502=EDGE_CURVE('',#2681,#2676,#791,.T.);
#3514=EDGE_CURVE('',#2687,#2679,#770,.T.);
#3516=EDGE_CURVE('',#2679,#2681,#798,.T.);
#3529=EDGE_CURVE('',#2677,#2679,#805,.T.);
#3565=EDGE_CURVE('',#2700,#2692,#812,.T.);
#3567=EDGE_CURVE('',#2692,#2693,#840,.T.);
#3569=EDGE_CURVE('',#2701,#2693,#833,.T.);
#3580=EDGE_CURVE('',#2705,#2697,#819,.T.);
#3582=EDGE_CURVE('',#2697,#2692,#847,.T.);
#3594=EDGE_CURVE('',#2703,#2695,#826,.T.);
#3596=EDGE_CURVE('',#2695,#2697,#854,.T.);
#3609=EDGE_CURVE('',#2693,#2695,#861,.T.);
#3645=EDGE_CURVE('',#2716,#2708,#868,.T.);
#3647=EDGE_CURVE('',#2708,#2709,#896,.T.);
#3649=EDGE_CURVE('',#2717,#2709,#889,.T.);
#3660=EDGE_CURVE('',#2721,#2713,#875,.T.);
#3662=EDGE_CURVE('',#2713,#2708,#903,.T.);
#3674=EDGE_CURVE('',#2719,#2711,#882,.T.);
#3676=EDGE_CURVE('',#2711,#2713,#910,.T.);
#3689=EDGE_CURVE('',#2709,#2711,#917,.T.);
#3725=EDGE_CURVE('',#2732,#2724,#924,.T.);
#3727=EDGE_CURVE('',#2724,#2725,#952,.T.);
#3729=EDGE_CURVE('',#2733,#2725,#945,.T.);
#3740=EDGE_CURVE('',#2737,#2729,#931,.T.);
#3742=EDGE_CURVE('',#2729,#2724,#959,.T.);
#3754=EDGE_CURVE('',#2735,#2727,#938,.T.);
#3756=EDGE_CURVE('',#2727,#2729,#966,.T.);
#3769=EDGE_CURVE('',#2725,#2727,#973,.T.);
#3805=EDGE_CURVE('',#2748,#2740,#980,.T.);
#3807=EDGE_CURVE('',#2740,#2741,#1008,.T.);
#3809=EDGE_CURVE('',#2749,#2741,#1001,.T.);
#3820=EDGE_CURVE('',#2753,#2745,#987,.T.);
#3822=EDGE_CURVE('',#2745,#2740,#1015,.T.);
#3834=EDGE_CURVE('',#2751,#2743,#994,.T.);
#3836=EDGE_CURVE('',#2743,#2745,#1022,.T.);
#3849=EDGE_CURVE('',#2741,#2743,#1029,.T.);
#3885=EDGE_CURVE('',#2764,#2756,#1036,.T.);
#3887=EDGE_CURVE('',#2756,#2757,#1064,.T.);
#3889=EDGE_CURVE('',#2765,#2757,#1057,.T.);
#3900=EDGE_CURVE('',#2769,#2761,#1043,.T.);
#3902=EDGE_CURVE('',#2761,#2756,#1071,.T.);
#3914=EDGE_CURVE('',#2767,#2759,#1050,.T.);
#3916=EDGE_CURVE('',#2759,#2761,#1078,.T.);
#3929=EDGE_CURVE('',#2757,#2759,#1085,.T.);
#3965=EDGE_CURVE('',#2780,#2772,#1092,.T.);
#3967=EDGE_CURVE('',#2772,#2773,#1120,.T.);
#3969=EDGE_CURVE('',#2781,#2773,#1113,.T.);
#3980=EDGE_CURVE('',#2785,#2777,#1099,.T.);
#3982=EDGE_CURVE('',#2777,#2772,#1127,.T.);
#3994=EDGE_CURVE('',#2783,#2775,#1106,.T.);
#3996=EDGE_CURVE('',#2775,#2777,#1134,.T.);
#4009=EDGE_CURVE('',#2773,#2775,#1141,.T.);
#4046=EDGE_CURVE('',#2921,#2916,#1155,.T.);
#4048=EDGE_CURVE('',#2921,#2937,#1162,.T.);
#4059=EDGE_CURVE('',#2919,#2917,#1183,.T.);
#4061=EDGE_CURVE('',#2919,#2921,#1342,.T.);
#4072=EDGE_CURVE('',#2913,#2908,#1169,.T.);
#4074=EDGE_CURVE('',#2913,#2919,#1176,.T.);
#4087=EDGE_CURVE('',#2911,#2909,#1190,.T.);
#4089=EDGE_CURVE('',#2911,#2913,#1350,.T.);
#4102=EDGE_CURVE('',#2900,#2901,#1197,.T.);
#4104=EDGE_CURVE('',#2901,#2911,#1204,.T.);
#4116=EDGE_CURVE('',#2904,#2905,#1227,.T.);
#4118=EDGE_CURVE('',#2905,#2901,#1220,.T.);
#4130=EDGE_CURVE('',#2788,#2799,#1234,.T.);
#4132=EDGE_CURVE('',#2799,#2801,#1415,.T.);
#4134=EDGE_CURVE('',#2808,#2801,#1379,.T.);
#4136=EDGE_CURVE('',#2808,#2905,#1241,.T.);
#4146=EDGE_CURVE('',#2789,#2797,#1248,.T.);
#4148=EDGE_CURVE('',#2797,#2799,#1423,.T.);
#4160=EDGE_CURVE('',#2796,#2792,#1262,.T.);
#4162=EDGE_CURVE('',#2796,#2797,#1386,.T.);
#4174=EDGE_CURVE('',#2793,#2805,#1255,.T.);
#4176=EDGE_CURVE('',#2805,#2796,#1394,.T.);
#4188=EDGE_CURVE('',#2892,#2893,#1269,.T.);
#4190=EDGE_CURVE('',#2893,#2809,#1276,.T.);
#4192=EDGE_CURVE('',#2809,#2803,#1283,.T.);
#4194=EDGE_CURVE('',#2803,#2805,#1401,.T.);
#4208=EDGE_CURVE('',#2896,#2897,#1320,.T.);
#4210=EDGE_CURVE('',#2897,#2893,#1299,.T.);
#4220=EDGE_CURVE('',#2929,#2924,#1306,.T.);
#4222=EDGE_CURVE('',#2929,#2897,#1313,.T.);
#4235=EDGE_CURVE('',#2927,#2925,#1327,.T.);
#4237=EDGE_CURVE('',#2927,#2929,#1365,.T.);
#4251=EDGE_CURVE('',#2511,#2927,#1334,.T.);
#4270=EDGE_CURVE('',#2808,#2809,#1357,.T.);
#4288=EDGE_CURVE('',#2801,#2803,#1408,.T.);
#4313=EDGE_CURVE('',#2876,#2877,#1430,.T.);
#4315=EDGE_CURVE('',#2877,#2521,#1437,.T.);
#4318=EDGE_CURVE('',#2876,#2517,#1495,.T.);
#4329=EDGE_CURVE('',#2876,#2880,#1445,.T.);
#4331=EDGE_CURVE('',#2880,#2881,#2279,.T.);
#4333=EDGE_CURVE('',#2881,#2877,#1453,.T.);
#4343=EDGE_CURVE('',#2860,#2872,#1460,.T.);
#4345=EDGE_CURVE('',#2868,#2872,#1624,.T.);
#4347=EDGE_CURVE('',#2868,#2824,#1467,.T.);
#4349=EDGE_CURVE('',#2824,#2825,#1474,.T.);
#4351=EDGE_CURVE('',#2825,#2864,#1481,.T.);
#4353=EDGE_CURVE('',#2860,#2864,#1552,.T.);
#4363=EDGE_CURVE('',#2884,#2880,#1488,.T.);
#4368=EDGE_CURVE('',#2516,#2888,#1502,.T.);
#4370=EDGE_CURVE('',#2884,#2888,#2322,.T.);
#4380=EDGE_CURVE('',#2860,#2861,#1509,.T.);
#4382=EDGE_CURVE('',#2861,#2831,#1516,.T.);
#4384=EDGE_CURVE('',#2831,#2829,#1523,.T.);
#4386=EDGE_CURVE('',#2829,#2839,#2251,.T.);
#4388=EDGE_CURVE('',#2839,#2837,#1530,.T.);
#4390=EDGE_CURVE('',#2837,#2873,#1537,.T.);
#4392=EDGE_CURVE('',#2872,#2873,#1544,.T.);
#4405=EDGE_CURVE('',#2864,#2865,#1567,.T.);
#4407=EDGE_CURVE('',#2865,#2861,#1560,.T.);
#4419=EDGE_CURVE('',#2825,#2821,#1574,.T.);
#4421=EDGE_CURVE('',#2821,#2812,#2380,.T.);
#4423=EDGE_CURVE('',#2812,#2625,#1581,.T.);
#4425=EDGE_CURVE('',#2625,#2865,#1588,.T.);
#4436=EDGE_CURVE('',#2824,#2819,#1595,.T.);
#4438=EDGE_CURVE('',#2819,#2821,#2387,.T.);
#4449=EDGE_CURVE('',#2868,#2869,#1602,.T.);
#4451=EDGE_CURVE('',#2869,#2620,#1609,.T.);
#4453=EDGE_CURVE('',#2620,#2817,#1616,.T.);
#4455=EDGE_CURVE('',#2817,#2819,#2394,.T.);
#4470=EDGE_CURVE('',#2873,#2869,#1632,.T.);
#4483=EDGE_CURVE('',#2836,#2837,#1808,.T.);
#4485=EDGE_CURVE('',#2853,#2836,#2365,.T.);
#4487=EDGE_CURVE('',#2852,#2853,#1816,.T.);
#4489=EDGE_CURVE('',#2885,#2852,#2293,.T.);
#4491=EDGE_CURVE('',#2889,#2885,#2330,.T.);
#4493=EDGE_CURVE('',#2519,#2889,#2344,.T.);
#4498=EDGE_CURVE('',#2845,#2881,#2314,.T.);
#4500=EDGE_CURVE('',#2844,#2845,#1831,.T.);
#4502=EDGE_CURVE('',#2833,#2844,#2265,.T.);
#4504=EDGE_CURVE('',#2831,#2833,#1839,.T.);
#4509=EDGE_CURVE('',#2624,#2625,#1847,.T.);
#4511=EDGE_CURVE('',#2621,#2624,#2430,.T.);
#4513=EDGE_CURVE('',#2620,#2621,#1855,.T.);
#4517=EDGE_CURVE('',#2548,#2549,#1667,.T.);
#4519=EDGE_CURVE('',#2549,#2551,#1674,.T.);
#4521=EDGE_CURVE('',#2551,#2553,#1681,.T.);
#4523=EDGE_CURVE('',#2553,#2548,#1688,.T.);
#4527=EDGE_CURVE('',#2564,#2565,#1695,.T.);
#4529=EDGE_CURVE('',#2565,#2567,#1702,.T.);
#4531=EDGE_CURVE('',#2567,#2569,#1709,.T.);
#4533=EDGE_CURVE('',#2569,#2564,#1716,.T.);
#4537=EDGE_CURVE('',#2580,#2581,#1723,.T.);
#4539=EDGE_CURVE('',#2581,#2583,#1730,.T.);
#4541=EDGE_CURVE('',#2583,#2585,#1737,.T.);
#4543=EDGE_CURVE('',#2585,#2580,#1744,.T.);
#4547=EDGE_CURVE('',#2596,#2597,#1751,.T.);
#4549=EDGE_CURVE('',#2597,#2599,#1758,.T.);
#4551=EDGE_CURVE('',#2599,#2601,#1765,.T.);
#4553=EDGE_CURVE('',#2601,#2596,#1772,.T.);
#4557=EDGE_CURVE('',#2612,#2613,#1779,.T.);
#4559=EDGE_CURVE('',#2613,#2615,#1786,.T.);
#4561=EDGE_CURVE('',#2615,#2617,#1793,.T.);
#4563=EDGE_CURVE('',#2617,#2612,#1800,.T.);
#4567=EDGE_CURVE('',#2532,#2533,#1639,.T.);
#4569=EDGE_CURVE('',#2533,#2535,#1646,.T.);
#4571=EDGE_CURVE('',#2535,#2537,#1653,.T.);
#4573=EDGE_CURVE('',#2537,#2532,#1660,.T.);
#4584=EDGE_CURVE('',#2532,#2524,#1862,.T.);
#4586=EDGE_CURVE('',#2524,#2525,#1890,.T.);
#4588=EDGE_CURVE('',#2533,#2525,#1883,.T.);
#4599=EDGE_CURVE('',#2537,#2529,#1869,.T.);
#4601=EDGE_CURVE('',#2529,#2524,#1897,.T.);
#4613=EDGE_CURVE('',#2535,#2527,#1876,.T.);
#4615=EDGE_CURVE('',#2527,#2529,#1904,.T.);
#4628=EDGE_CURVE('',#2525,#2527,#1911,.T.);
#4664=EDGE_CURVE('',#2548,#2540,#1918,.T.);
#4666=EDGE_CURVE('',#2540,#2541,#1946,.T.);
#4668=EDGE_CURVE('',#2549,#2541,#1939,.T.);
#4679=EDGE_CURVE('',#2553,#2545,#1925,.T.);
#4681=EDGE_CURVE('',#2545,#2540,#1953,.T.);
#4693=EDGE_CURVE('',#2551,#2543,#1932,.T.);
#4695=EDGE_CURVE('',#2543,#2545,#1960,.T.);
#4708=EDGE_CURVE('',#2541,#2543,#1967,.T.);
#4744=EDGE_CURVE('',#2564,#2556,#1974,.T.);
#4746=EDGE_CURVE('',#2556,#2557,#2002,.T.);
#4748=EDGE_CURVE('',#2565,#2557,#1995,.T.);
#4759=EDGE_CURVE('',#2569,#2561,#1981,.T.);
#4761=EDGE_CURVE('',#2561,#2556,#2009,.T.);
#4773=EDGE_CURVE('',#2567,#2559,#1988,.T.);
#4775=EDGE_CURVE('',#2559,#2561,#2016,.T.);
#4788=EDGE_CURVE('',#2557,#2559,#2023,.T.);
#4824=EDGE_CURVE('',#2580,#2572,#2030,.T.);
#4826=EDGE_CURVE('',#2572,#2573,#2058,.T.);
#4828=EDGE_CURVE('',#2581,#2573,#2051,.T.);
#4839=EDGE_CURVE('',#2585,#2577,#2037,.T.);
#4841=EDGE_CURVE('',#2577,#2572,#2065,.T.);
#4853=EDGE_CURVE('',#2583,#2575,#2044,.T.);
#4855=EDGE_CURVE('',#2575,#2577,#2072,.T.);
#4868=EDGE_CURVE('',#2573,#2575,#2079,.T.);
#4904=EDGE_CURVE('',#2596,#2588,#2086,.T.);
#4906=EDGE_CURVE('',#2588,#2589,#2114,.T.);
#4908=EDGE_CURVE('',#2597,#2589,#2107,.T.);
#4919=EDGE_CURVE('',#2601,#2593,#2093,.T.);
#4921=EDGE_CURVE('',#2593,#2588,#2121,.T.);
#4933=EDGE_CURVE('',#2599,#2591,#2100,.T.);
#4935=EDGE_CURVE('',#2591,#2593,#2128,.T.);
#4948=EDGE_CURVE('',#2589,#2591,#2135,.T.);
#4984=EDGE_CURVE('',#2612,#2604,#2142,.T.);
#4986=EDGE_CURVE('',#2604,#2605,#2170,.T.);
#4988=EDGE_CURVE('',#2613,#2605,#2163,.T.);
#4999=EDGE_CURVE('',#2617,#2609,#2149,.T.);
#5001=EDGE_CURVE('',#2609,#2604,#2177,.T.);
#5013=EDGE_CURVE('',#2615,#2607,#2156,.T.);
#5015=EDGE_CURVE('',#2607,#2609,#2184,.T.);
#5028=EDGE_CURVE('',#2605,#2607,#2191,.T.);
#5065=EDGE_CURVE('',#2839,#2841,#2244,.T.);
#5067=EDGE_CURVE('',#2841,#2836,#2351,.T.);
#5077=EDGE_CURVE('',#2828,#2829,#2199,.T.);
#5079=EDGE_CURVE('',#2849,#2828,#2206,.T.);
#5081=EDGE_CURVE('',#2847,#2849,#2214,.T.);
#5083=EDGE_CURVE('',#2857,#2847,#2221,.T.);
#5085=EDGE_CURVE('',#2855,#2857,#2229,.T.);
#5087=EDGE_CURVE('',#2841,#2855,#2236,.T.);
#5102=EDGE_CURVE('',#2833,#2828,#2258,.T.);
#5114=EDGE_CURVE('',#2849,#2844,#2272,.T.);
#5126=EDGE_CURVE('',#2847,#2845,#2307,.T.);
#5140=EDGE_CURVE('',#2884,#2885,#2286,.T.);
#5143=EDGE_CURVE('',#2857,#2852,#2300,.T.);
#5158=EDGE_CURVE('',#2888,#2889,#2337,.T.);
#5182=EDGE_CURVE('',#2855,#2853,#2358,.T.);
#5207=EDGE_CURVE('',#2812,#2813,#2373,.T.);
#5209=EDGE_CURVE('',#2624,#2813,#2423,.T.);
#5224=EDGE_CURVE('',#2815,#2817,#2402,.T.);
#5226=EDGE_CURVE('',#2813,#2815,#2409,.T.);
#5236=EDGE_CURVE('',#2621,#2815,#2416,.T.);
#5262=EDGE_CURVE('',#2948,#2940,#2437,.T.);
#5264=EDGE_CURVE('',#2940,#2941,#2465,.T.);
#5266=EDGE_CURVE('',#2949,#2941,#2458,.T.);
#5277=EDGE_CURVE('',#2953,#2945,#2444,.T.);
#5279=EDGE_CURVE('',#2945,#2940,#2472,.T.);
#5291=EDGE_CURVE('',#2951,#2943,#2451,.T.);
#5293=EDGE_CURVE('',#2943,#2945,#2479,.T.);
#5306=EDGE_CURVE('',#2941,#2943,#2486,.T.);
#5355=TRIMMED_CURVE('A_1',#5354,(PARAMETER_VALUE(0.E0)),(PARAMETER_VALUE(1.E0)),
.T.,.UNSPECIFIED.);
#5364=TRIMMED_CURVE('A_2',#5363,(PARAMETER_VALUE(0.E0)),(PARAMETER_VALUE(1.E0)),
.T.,.UNSPECIFIED.);
#5372=TRIMMED_CURVE('A_3',#5371,(PARAMETER_VALUE(0.E0)),(PARAMETER_VALUE(1.E0)),
.T.,.UNSPECIFIED.);
#5380=TRIMMED_CURVE('A_4',#5379,(PARAMETER_VALUE(0.E0)),(PARAMETER_VALUE(1.E0)),
.T.,.UNSPECIFIED.);
#5388=TRIMMED_CURVE('',#5387,(PARAMETER_VALUE(0.E0)),(PARAMETER_VALUE(1.E0)),
.T.,.UNSPECIFIED.);
#5392=COMPOSITE_CURVE_SEGMENT(.CONTINUOUS.,.T.,#5388);
#5397=TRIMMED_CURVE('',#5396,(PARAMETER_VALUE(0.E0)),(PARAMETER_VALUE(1.E0)),
.T.,.UNSPECIFIED.);
#5401=COMPOSITE_CURVE_SEGMENT(.CONTINUOUS.,.T.,#5397);
#5406=TRIMMED_CURVE('',#5405,(PARAMETER_VALUE(0.E0)),(PARAMETER_VALUE(1.E0)),
.T.,.UNSPECIFIED.);
#5410=COMPOSITE_CURVE_SEGMENT(.CONTINUOUS.,.T.,#5406);
#5415=TRIMMED_CURVE('',#5414,(PARAMETER_VALUE(0.E0)),(PARAMETER_VALUE(1.E0)),
.T.,.UNSPECIFIED.);
#5419=COMPOSITE_CURVE_SEGMENT(.CONTINUOUS.,.T.,#5415);
#5424=TRIMMED_CURVE('',#5423,(PARAMETER_VALUE(0.E0)),(PARAMETER_VALUE(1.E0)),
.T.,.UNSPECIFIED.);
#5428=COMPOSITE_CURVE_SEGMENT(.CONTINUOUS.,.T.,#5424);
#5433=TRIMMED_CURVE('',#5432,(PARAMETER_VALUE(0.E0)),(PARAMETER_VALUE(1.E0)),
.T.,.UNSPECIFIED.);
#5437=COMPOSITE_CURVE_SEGMENT(.CONTINUOUS.,.T.,#5433);
#5442=TRIMMED_CURVE('',#5441,(PARAMETER_VALUE(0.E0)),(PARAMETER_VALUE(1.E0)),
.T.,.UNSPECIFIED.);
#5446=COMPOSITE_CURVE_SEGMENT(.CONTINUOUS.,.T.,#5442);
#5451=TRIMMED_CURVE('',#5450,(PARAMETER_VALUE(0.E0)),(PARAMETER_VALUE(1.E0)),
.T.,.UNSPECIFIED.);
#5455=COMPOSITE_CURVE_SEGMENT(.CONTINUOUS.,.T.,#5451);
#5460=TRIMMED_CURVE('',#5459,(PARAMETER_VALUE(0.E0)),(PARAMETER_VALUE(1.E0)),
.T.,.UNSPECIFIED.);
#5464=COMPOSITE_CURVE_SEGMENT(.CONTINUOUS.,.T.,#5460);
#5469=TRIMMED_CURVE('',#5468,(PARAMETER_VALUE(0.E0)),(PARAMETER_VALUE(1.E0)),
.T.,.UNSPECIFIED.);
#5473=COMPOSITE_CURVE_SEGMENT(.CONTINUOUS.,.T.,#5469);
#5478=TRIMMED_CURVE('',#5477,(PARAMETER_VALUE(0.E0)),(PARAMETER_VALUE(1.E0)),
.T.,.UNSPECIFIED.);
#5482=COMPOSITE_CURVE_SEGMENT(.CONTINUOUS.,.T.,#5478);
#5487=TRIMMED_CURVE('',#5486,(PARAMETER_VALUE(0.E0)),(PARAMETER_VALUE(1.E0)),
.T.,.UNSPECIFIED.);
#5491=COMPOSITE_CURVE_SEGMENT(.CONTINUOUS.,.T.,#5487);
#5496=TRIMMED_CURVE('',#5495,(PARAMETER_VALUE(0.E0)),(PARAMETER_VALUE(1.E0)),
.T.,.UNSPECIFIED.);
#5500=COMPOSITE_CURVE_SEGMENT(.CONTINUOUS.,.T.,#5496);
#5505=TRIMMED_CURVE('',#5504,(PARAMETER_VALUE(0.E0)),(PARAMETER_VALUE(1.E0)),
.T.,.UNSPECIFIED.);
#5509=COMPOSITE_CURVE_SEGMENT(.CONTINUOUS.,.T.,#5505);
#5514=TRIMMED_CURVE('',#5513,(PARAMETER_VALUE(0.E0)),(PARAMETER_VALUE(1.E0)),
.T.,.UNSPECIFIED.);
#5518=COMPOSITE_CURVE_SEGMENT(.CONTINUOUS.,.T.,#5514);
#5523=TRIMMED_CURVE('',#5522,(PARAMETER_VALUE(0.E0)),(PARAMETER_VALUE(1.E0)),
.T.,.UNSPECIFIED.);
#5527=COMPOSITE_CURVE_SEGMENT(.CONTINUOUS.,.T.,#5523);
#5532=TRIMMED_CURVE('',#5531,(PARAMETER_VALUE(0.E0)),(PARAMETER_VALUE(1.E0)),
.T.,.UNSPECIFIED.);
#5536=COMPOSITE_CURVE_SEGMENT(.CONTINUOUS.,.T.,#5532);
#5541=TRIMMED_CURVE('',#5540,(PARAMETER_VALUE(0.E0)),(PARAMETER_VALUE(1.E0)),
.T.,.UNSPECIFIED.);
#5545=COMPOSITE_CURVE_SEGMENT(.CONTINUOUS.,.T.,#5541);
#5550=TRIMMED_CURVE('',#5549,(PARAMETER_VALUE(0.E0)),(PARAMETER_VALUE(1.E0)),
.T.,.UNSPECIFIED.);
#5554=COMPOSITE_CURVE_SEGMENT(.CONTINUOUS.,.T.,#5550);
#5559=TRIMMED_CURVE('',#5558,(PARAMETER_VALUE(0.E0)),(PARAMETER_VALUE(1.E0)),
.T.,.UNSPECIFIED.);
#5563=COMPOSITE_CURVE_SEGMENT(.CONTINUOUS.,.T.,#5559);
#5568=TRIMMED_CURVE('',#5567,(PARAMETER_VALUE(0.E0)),(PARAMETER_VALUE(1.E0)),
.T.,.UNSPECIFIED.);
#5572=COMPOSITE_CURVE_SEGMENT(.CONTINUOUS.,.T.,#5568);
#5577=TRIMMED_CURVE('',#5576,(PARAMETER_VALUE(0.E0)),(PARAMETER_VALUE(1.E0)),
.T.,.UNSPECIFIED.);
#5581=COMPOSITE_CURVE_SEGMENT(.CONTINUOUS.,.T.,#5577);
#5586=TRIMMED_CURVE('',#5585,(PARAMETER_VALUE(0.E0)),(PARAMETER_VALUE(1.E0)),
.T.,.UNSPECIFIED.);
#5590=COMPOSITE_CURVE_SEGMENT(.CONTINUOUS.,.T.,#5586);
#5595=TRIMMED_CURVE('',#5594,(PARAMETER_VALUE(0.E0)),(PARAMETER_VALUE(1.E0)),
.T.,.UNSPECIFIED.);
#5599=COMPOSITE_CURVE_SEGMENT(.CONTINUOUS.,.T.,#5595);
#5604=TRIMMED_CURVE('',#5603,(PARAMETER_VALUE(0.E0)),(PARAMETER_VALUE(1.E0)),
.T.,.UNSPECIFIED.);
#5608=COMPOSITE_CURVE_SEGMENT(.CONTINUOUS.,.T.,#5604);
#5613=TRIMMED_CURVE('',#5612,(PARAMETER_VALUE(0.E0)),(PARAMETER_VALUE(1.E0)),
.T.,.UNSPECIFIED.);
#5617=COMPOSITE_CURVE_SEGMENT(.CONTINUOUS.,.T.,#5613);
#5622=TRIMMED_CURVE('',#5621,(PARAMETER_VALUE(0.E0)),(PARAMETER_VALUE(1.E0)),
.T.,.UNSPECIFIED.);
#5626=COMPOSITE_CURVE_SEGMENT(.CONTINUOUS.,.T.,#5622);
#5631=TRIMMED_CURVE('',#5630,(PARAMETER_VALUE(0.E0)),(PARAMETER_VALUE(1.E0)),
.T.,.UNSPECIFIED.);
#5635=COMPOSITE_CURVE_SEGMENT(.CONTINUOUS.,.T.,#5631);
#5636=COMPOSITE_CURVE('',(#5392,#5401,#5410,#5419,#5428,#5437,#5446,#5455,#5464,
#5473,#5482,#5491,#5500,#5509,#5518,#5527,#5536,#5545,#5554,#5563,#5572,#5581,
#5590,#5599,#5608,#5617,#5626,#5635),.F.);
#5641=TRIMMED_CURVE('',#5640,(PARAMETER_VALUE(0.E0)),(PARAMETER_VALUE(1.E0)),
.T.,.UNSPECIFIED.);
#5645=COMPOSITE_CURVE_SEGMENT(.CONTINUOUS.,.T.,#5641);
#5650=TRIMMED_CURVE('',#5649,(PARAMETER_VALUE(0.E0)),(PARAMETER_VALUE(1.E0)),
.T.,.UNSPECIFIED.);
#5654=COMPOSITE_CURVE_SEGMENT(.CONTINUOUS.,.T.,#5650);
#5659=TRIMMED_CURVE('',#5658,(PARAMETER_VALUE(0.E0)),(PARAMETER_VALUE(1.E0)),
.T.,.UNSPECIFIED.);
#5663=COMPOSITE_CURVE_SEGMENT(.CONTINUOUS.,.T.,#5659);
#5668=TRIMMED_CURVE('',#5667,(PARAMETER_VALUE(0.E0)),(PARAMETER_VALUE(1.E0)),
.T.,.UNSPECIFIED.);
#5672=COMPOSITE_CURVE_SEGMENT(.CONTINUOUS.,.T.,#5668);
#5673=COMPOSITE_CURVE('',(#5645,#5654,#5663,#5672),.F.);
#5678=TRIMMED_CURVE('',#5677,(PARAMETER_VALUE(0.E0)),(PARAMETER_VALUE(1.E0)),
.T.,.UNSPECIFIED.);
#5682=COMPOSITE_CURVE_SEGMENT(.CONTINUOUS.,.T.,#5678);
#5687=TRIMMED_CURVE('',#5686,(PARAMETER_VALUE(0.E0)),(PARAMETER_VALUE(1.E0)),
.T.,.UNSPECIFIED.);
#5691=COMPOSITE_CURVE_SEGMENT(.CONTINUOUS.,.T.,#5687);
#5696=TRIMMED_CURVE('',#5695,(PARAMETER_VALUE(0.E0)),(PARAMETER_VALUE(1.E0)),
.T.,.UNSPECIFIED.);
#5700=COMPOSITE_CURVE_SEGMENT(.CONTINUOUS.,.T.,#5696);
#5705=TRIMMED_CURVE('',#5704,(PARAMETER_VALUE(0.E0)),(PARAMETER_VALUE(1.E0)),
.T.,.UNSPECIFIED.);
#5709=COMPOSITE_CURVE_SEGMENT(.CONTINUOUS.,.T.,#5705);
#5714=TRIMMED_CURVE('',#5713,(PARAMETER_VALUE(0.E0)),(PARAMETER_VALUE(1.E0)),
.T.,.UNSPECIFIED.);
#5718=COMPOSITE_CURVE_SEGMENT(.CONTINUOUS.,.T.,#5714);
#5723=TRIMMED_CURVE('',#5722,(PARAMETER_VALUE(0.E0)),(PARAMETER_VALUE(1.E0)),
.T.,.UNSPECIFIED.);
#5727=COMPOSITE_CURVE_SEGMENT(.CONTINUOUS.,.T.,#5723);
#5732=TRIMMED_CURVE('',#5731,(PARAMETER_VALUE(0.E0)),(PARAMETER_VALUE(1.E0)),
.T.,.UNSPECIFIED.);
#5736=COMPOSITE_CURVE_SEGMENT(.CONTINUOUS.,.T.,#5732);
#5741=TRIMMED_CURVE('',#5740,(PARAMETER_VALUE(0.E0)),(PARAMETER_VALUE(1.E0)),
.T.,.UNSPECIFIED.);
#5745=COMPOSITE_CURVE_SEGMENT(.CONTINUOUS.,.T.,#5741);
#5750=TRIMMED_CURVE('',#5749,(PARAMETER_VALUE(0.E0)),(PARAMETER_VALUE(1.E0)),
.T.,.UNSPECIFIED.);
#5754=COMPOSITE_CURVE_SEGMENT(.CONTINUOUS.,.T.,#5750);
#5759=TRIMMED_CURVE('',#5758,(PARAMETER_VALUE(0.E0)),(PARAMETER_VALUE(1.E0)),
.T.,.UNSPECIFIED.);
#5763=COMPOSITE_CURVE_SEGMENT(.CONTINUOUS.,.T.,#5759);
#5768=TRIMMED_CURVE('',#5767,(PARAMETER_VALUE(0.E0)),(PARAMETER_VALUE(1.E0)),
.T.,.UNSPECIFIED.);
#5772=COMPOSITE_CURVE_SEGMENT(.CONTINUOUS.,.T.,#5768);
#5777=TRIMMED_CURVE('',#5776,(PARAMETER_VALUE(0.E0)),(PARAMETER_VALUE(1.E0)),
.T.,.UNSPECIFIED.);
#5781=COMPOSITE_CURVE_SEGMENT(.CONTINUOUS.,.T.,#5777);
#5786=TRIMMED_CURVE('',#5785,(PARAMETER_VALUE(0.E0)),(PARAMETER_VALUE(1.E0)),
.T.,.UNSPECIFIED.);
#5790=COMPOSITE_CURVE_SEGMENT(.CONTINUOUS.,.T.,#5786);
#5795=TRIMMED_CURVE('',#5794,(PARAMETER_VALUE(0.E0)),(PARAMETER_VALUE(1.E0)),
.T.,.UNSPECIFIED.);
#5799=COMPOSITE_CURVE_SEGMENT(.CONTINUOUS.,.T.,#5795);
#5804=TRIMMED_CURVE('',#5803,(PARAMETER_VALUE(0.E0)),(PARAMETER_VALUE(1.E0)),
.T.,.UNSPECIFIED.);
#5808=COMPOSITE_CURVE_SEGMENT(.CONTINUOUS.,.T.,#5804);
#5813=TRIMMED_CURVE('',#5812,(PARAMETER_VALUE(0.E0)),(PARAMETER_VALUE(1.E0)),
.T.,.UNSPECIFIED.);
#5817=COMPOSITE_CURVE_SEGMENT(.CONTINUOUS.,.T.,#5813);
#5822=TRIMMED_CURVE('',#5821,(PARAMETER_VALUE(0.E0)),(PARAMETER_VALUE(1.E0)),
.T.,.UNSPECIFIED.);
#5826=COMPOSITE_CURVE_SEGMENT(.CONTINUOUS.,.T.,#5822);
#5831=TRIMMED_CURVE('',#5830,(PARAMETER_VALUE(0.E0)),(PARAMETER_VALUE(1.E0)),
.T.,.UNSPECIFIED.);
#5835=COMPOSITE_CURVE_SEGMENT(.CONTINUOUS.,.T.,#5831);
#5840=TRIMMED_CURVE('',#5839,(PARAMETER_VALUE(0.E0)),(PARAMETER_VALUE(1.E0)),
.T.,.UNSPECIFIED.);
#5844=COMPOSITE_CURVE_SEGMENT(.CONTINUOUS.,.T.,#5840);
#5849=TRIMMED_CURVE('',#5848,(PARAMETER_VALUE(0.E0)),(PARAMETER_VALUE(1.E0)),
.T.,.UNSPECIFIED.);
#5853=COMPOSITE_CURVE_SEGMENT(.CONTINUOUS.,.T.,#5849);
#5858=TRIMMED_CURVE('',#5857,(PARAMETER_VALUE(0.E0)),(PARAMETER_VALUE(1.E0)),
.T.,.UNSPECIFIED.);
#5862=COMPOSITE_CURVE_SEGMENT(.CONTINUOUS.,.T.,#5858);
#5867=TRIMMED_CURVE('',#5866,(PARAMETER_VALUE(0.E0)),(PARAMETER_VALUE(1.E0)),
.T.,.UNSPECIFIED.);
#5871=COMPOSITE_CURVE_SEGMENT(.CONTINUOUS.,.T.,#5867);
#5876=TRIMMED_CURVE('',#5875,(PARAMETER_VALUE(0.E0)),(PARAMETER_VALUE(1.E0)),
.T.,.UNSPECIFIED.);
#5880=COMPOSITE_CURVE_SEGMENT(.CONTINUOUS.,.T.,#5876);
#5885=TRIMMED_CURVE('',#5884,(PARAMETER_VALUE(0.E0)),(PARAMETER_VALUE(1.E0)),
.T.,.UNSPECIFIED.);
#5889=COMPOSITE_CURVE_SEGMENT(.CONTINUOUS.,.T.,#5885);
#5894=TRIMMED_CURVE('',#5893,(PARAMETER_VALUE(0.E0)),(PARAMETER_VALUE(1.E0)),
.T.,.UNSPECIFIED.);
#5898=COMPOSITE_CURVE_SEGMENT(.CONTINUOUS.,.T.,#5894);
#5903=TRIMMED_CURVE('',#5902,(PARAMETER_VALUE(0.E0)),(PARAMETER_VALUE(1.E0)),
.T.,.UNSPECIFIED.);
#5907=COMPOSITE_CURVE_SEGMENT(.CONTINUOUS.,.T.,#5903);
#5912=TRIMMED_CURVE('',#5911,(PARAMETER_VALUE(0.E0)),(PARAMETER_VALUE(1.E0)),
.T.,.UNSPECIFIED.);
#5916=COMPOSITE_CURVE_SEGMENT(.CONTINUOUS.,.T.,#5912);
#5921=TRIMMED_CURVE('',#5920,(PARAMETER_VALUE(0.E0)),(PARAMETER_VALUE(1.E0)),
.T.,.UNSPECIFIED.);
#5925=COMPOSITE_CURVE_SEGMENT(.CONTINUOUS.,.T.,#5921);
#5930=TRIMMED_CURVE('',#5929,(PARAMETER_VALUE(0.E0)),(PARAMETER_VALUE(1.E0)),
.T.,.UNSPECIFIED.);
#5934=COMPOSITE_CURVE_SEGMENT(.CONTINUOUS.,.T.,#5930);
#5939=TRIMMED_CURVE('',#5938,(PARAMETER_VALUE(0.E0)),(PARAMETER_VALUE(1.E0)),
.T.,.UNSPECIFIED.);
#5943=COMPOSITE_CURVE_SEGMENT(.CONTINUOUS.,.T.,#5939);
#5948=TRIMMED_CURVE('',#5947,(PARAMETER_VALUE(0.E0)),(PARAMETER_VALUE(1.E0)),
.T.,.UNSPECIFIED.);
#5952=COMPOSITE_CURVE_SEGMENT(.CONTINUOUS.,.T.,#5948);
#5957=TRIMMED_CURVE('',#5956,(PARAMETER_VALUE(0.E0)),(PARAMETER_VALUE(1.E0)),
.T.,.UNSPECIFIED.);
#5961=COMPOSITE_CURVE_SEGMENT(.CONTINUOUS.,.T.,#5957);
#5966=TRIMMED_CURVE('',#5965,(PARAMETER_VALUE(0.E0)),(PARAMETER_VALUE(1.E0)),
.T.,.UNSPECIFIED.);
#5970=COMPOSITE_CURVE_SEGMENT(.CONTINUOUS.,.T.,#5966);
#5975=TRIMMED_CURVE('',#5974,(PARAMETER_VALUE(0.E0)),(PARAMETER_VALUE(1.E0)),
.T.,.UNSPECIFIED.);
#5979=COMPOSITE_CURVE_SEGMENT(.CONTINUOUS.,.T.,#5975);
#5980=COMPOSITE_CURVE('',(#5682,#5691,#5700,#5709,#5718,#5727,#5736,#5745,#5754,
#5763,#5772,#5781,#5790,#5799,#5808,#5817,#5826,#5835,#5844,#5853,#5862,#5871,
#5880,#5889,#5898,#5907,#5916,#5925,#5934,#5943,#5952,#5961,#5970,#5979),.F.);
#5985=TRIMMED_CURVE('',#5984,(PARAMETER_VALUE(0.E0)),(PARAMETER_VALUE(1.E0)),
.T.,.UNSPECIFIED.);
#5989=COMPOSITE_CURVE_SEGMENT(.CONTINUOUS.,.T.,#5985);
#5994=TRIMMED_CURVE('',#5993,(PARAMETER_VALUE(0.E0)),(PARAMETER_VALUE(1.E0)),
.T.,.UNSPECIFIED.);
#5998=COMPOSITE_CURVE_SEGMENT(.CONTINUOUS.,.T.,#5994);
#6003=TRIMMED_CURVE('',#6002,(PARAMETER_VALUE(0.E0)),(PARAMETER_VALUE(1.E0)),
.T.,.UNSPECIFIED.);
#6007=COMPOSITE_CURVE_SEGMENT(.CONTINUOUS.,.T.,#6003);
#6012=TRIMMED_CURVE('',#6011,(PARAMETER_VALUE(0.E0)),(PARAMETER_VALUE(1.E0)),
.T.,.UNSPECIFIED.);
#6016=COMPOSITE_CURVE_SEGMENT(.CONTINUOUS.,.T.,#6012);
#6021=TRIMMED_CURVE('',#6020,(PARAMETER_VALUE(0.E0)),(PARAMETER_VALUE(1.E0)),
.T.,.UNSPECIFIED.);
#6025=COMPOSITE_CURVE_SEGMENT(.CONTINUOUS.,.T.,#6021);
#6030=TRIMMED_CURVE('',#6029,(PARAMETER_VALUE(0.E0)),(PARAMETER_VALUE(1.E0)),
.T.,.UNSPECIFIED.);
#6034=COMPOSITE_CURVE_SEGMENT(.CONTINUOUS.,.T.,#6030);
#6039=TRIMMED_CURVE('',#6038,(PARAMETER_VALUE(0.E0)),(PARAMETER_VALUE(1.E0)),
.T.,.UNSPECIFIED.);
#6043=COMPOSITE_CURVE_SEGMENT(.CONTINUOUS.,.T.,#6039);
#6048=TRIMMED_CURVE('',#6047,(PARAMETER_VALUE(0.E0)),(PARAMETER_VALUE(1.E0)),
.T.,.UNSPECIFIED.);
#6052=COMPOSITE_CURVE_SEGMENT(.CONTINUOUS.,.T.,#6048);
#6057=TRIMMED_CURVE('',#6056,(PARAMETER_VALUE(0.E0)),(PARAMETER_VALUE(1.E0)),
.T.,.UNSPECIFIED.);
#6061=COMPOSITE_CURVE_SEGMENT(.CONTINUOUS.,.T.,#6057);
#6066=TRIMMED_CURVE('',#6065,(PARAMETER_VALUE(0.E0)),(PARAMETER_VALUE(1.E0)),
.T.,.UNSPECIFIED.);
#6070=COMPOSITE_CURVE_SEGMENT(.CONTINUOUS.,.T.,#6066);
#6075=TRIMMED_CURVE('',#6074,(PARAMETER_VALUE(0.E0)),(PARAMETER_VALUE(1.E0)),
.T.,.UNSPECIFIED.);
#6079=COMPOSITE_CURVE_SEGMENT(.CONTINUOUS.,.T.,#6075);
#6084=TRIMMED_CURVE('',#6083,(PARAMETER_VALUE(0.E0)),(PARAMETER_VALUE(1.E0)),
.T.,.UNSPECIFIED.);
#6088=COMPOSITE_CURVE_SEGMENT(.CONTINUOUS.,.T.,#6084);
#6093=TRIMMED_CURVE('',#6092,(PARAMETER_VALUE(0.E0)),(PARAMETER_VALUE(1.E0)),
.T.,.UNSPECIFIED.);
#6097=COMPOSITE_CURVE_SEGMENT(.CONTINUOUS.,.T.,#6093);
#6102=TRIMMED_CURVE('',#6101,(PARAMETER_VALUE(0.E0)),(PARAMETER_VALUE(1.E0)),
.T.,.UNSPECIFIED.);
#6106=COMPOSITE_CURVE_SEGMENT(.CONTINUOUS.,.T.,#6102);
#6111=TRIMMED_CURVE('',#6110,(PARAMETER_VALUE(0.E0)),(PARAMETER_VALUE(1.E0)),
.T.,.UNSPECIFIED.);
#6115=COMPOSITE_CURVE_SEGMENT(.CONTINUOUS.,.T.,#6111);
#6120=TRIMMED_CURVE('',#6119,(PARAMETER_VALUE(0.E0)),(PARAMETER_VALUE(1.E0)),
.T.,.UNSPECIFIED.);
#6124=COMPOSITE_CURVE_SEGMENT(.CONTINUOUS.,.T.,#6120);
#6125=COMPOSITE_CURVE('',(#5989,#5998,#6007,#6016,#6025,#6034,#6043,#6052,#6061,
#6070,#6079,#6088,#6097,#6106,#6115,#6124),.F.);
#6130=TRIMMED_CURVE('',#6129,(PARAMETER_VALUE(0.E0)),(PARAMETER_VALUE(1.E0)),
.T.,.UNSPECIFIED.);
#6134=COMPOSITE_CURVE_SEGMENT(.CONTINUOUS.,.T.,#6130);
#6139=TRIMMED_CURVE('',#6138,(PARAMETER_VALUE(0.E0)),(PARAMETER_VALUE(1.E0)),
.T.,.UNSPECIFIED.);
#6143=COMPOSITE_CURVE_SEGMENT(.CONTINUOUS.,.T.,#6139);
#6148=TRIMMED_CURVE('',#6147,(PARAMETER_VALUE(0.E0)),(PARAMETER_VALUE(1.E0)),
.T.,.UNSPECIFIED.);
#6152=COMPOSITE_CURVE_SEGMENT(.CONTINUOUS.,.T.,#6148);
#6157=TRIMMED_CURVE('',#6156,(PARAMETER_VALUE(0.E0)),(PARAMETER_VALUE(1.E0)),
.T.,.UNSPECIFIED.);
#6161=COMPOSITE_CURVE_SEGMENT(.CONTINUOUS.,.T.,#6157);
#6166=TRIMMED_CURVE('',#6165,(PARAMETER_VALUE(0.E0)),(PARAMETER_VALUE(1.E0)),
.T.,.UNSPECIFIED.);
#6170=COMPOSITE_CURVE_SEGMENT(.CONTINUOUS.,.T.,#6166);
#6175=TRIMMED_CURVE('',#6174,(PARAMETER_VALUE(0.E0)),(PARAMETER_VALUE(1.E0)),
.T.,.UNSPECIFIED.);
#6179=COMPOSITE_CURVE_SEGMENT(.CONTINUOUS.,.T.,#6175);
#6184=TRIMMED_CURVE('',#6183,(PARAMETER_VALUE(0.E0)),(PARAMETER_VALUE(1.E0)),
.T.,.UNSPECIFIED.);
#6188=COMPOSITE_CURVE_SEGMENT(.CONTINUOUS.,.T.,#6184);
#6193=TRIMMED_CURVE('',#6192,(PARAMETER_VALUE(0.E0)),(PARAMETER_VALUE(1.E0)),
.T.,.UNSPECIFIED.);
#6197=COMPOSITE_CURVE_SEGMENT(.CONTINUOUS.,.T.,#6193);
#6202=TRIMMED_CURVE('',#6201,(PARAMETER_VALUE(0.E0)),(PARAMETER_VALUE(1.E0)),
.T.,.UNSPECIFIED.);
#6206=COMPOSITE_CURVE_SEGMENT(.CONTINUOUS.,.T.,#6202);
#6211=TRIMMED_CURVE('',#6210,(PARAMETER_VALUE(0.E0)),(PARAMETER_VALUE(1.E0)),
.T.,.UNSPECIFIED.);
#6215=COMPOSITE_CURVE_SEGMENT(.CONTINUOUS.,.T.,#6211);
#6220=TRIMMED_CURVE('',#6219,(PARAMETER_VALUE(0.E0)),(PARAMETER_VALUE(1.E0)),
.T.,.UNSPECIFIED.);
#6224=COMPOSITE_CURVE_SEGMENT(.CONTINUOUS.,.T.,#6220);
#6229=TRIMMED_CURVE('',#6228,(PARAMETER_VALUE(0.E0)),(PARAMETER_VALUE(1.E0)),
.T.,.UNSPECIFIED.);
#6233=COMPOSITE_CURVE_SEGMENT(.CONTINUOUS.,.T.,#6229);
#6238=TRIMMED_CURVE('',#6237,(PARAMETER_VALUE(0.E0)),(PARAMETER_VALUE(1.E0)),
.T.,.UNSPECIFIED.);
#6242=COMPOSITE_CURVE_SEGMENT(.CONTINUOUS.,.T.,#6238);
#6247=TRIMMED_CURVE('',#6246,(PARAMETER_VALUE(0.E0)),(PARAMETER_VALUE(1.E0)),
.T.,.UNSPECIFIED.);
#6251=COMPOSITE_CURVE_SEGMENT(.CONTINUOUS.,.T.,#6247);
#6256=TRIMMED_CURVE('',#6255,(PARAMETER_VALUE(0.E0)),(PARAMETER_VALUE(1.E0)),
.T.,.UNSPECIFIED.);
#6260=COMPOSITE_CURVE_SEGMENT(.CONTINUOUS.,.T.,#6256);
#6265=TRIMMED_CURVE('',#6264,(PARAMETER_VALUE(0.E0)),(PARAMETER_VALUE(1.E0)),
.T.,.UNSPECIFIED.);
#6269=COMPOSITE_CURVE_SEGMENT(.CONTINUOUS.,.T.,#6265);
#6270=COMPOSITE_CURVE('',(#6134,#6143,#6152,#6161,#6170,#6179,#6188,#6197,#6206,
#6215,#6224,#6233,#6242,#6251,#6260,#6269),.F.);
#6275=TRIMMED_CURVE('',#6274,(PARAMETER_VALUE(0.E0)),(PARAMETER_VALUE(1.E0)),
.T.,.UNSPECIFIED.);
#6279=COMPOSITE_CURVE_SEGMENT(.CONTINUOUS.,.T.,#6275);
#6284=TRIMMED_CURVE('',#6283,(PARAMETER_VALUE(0.E0)),(PARAMETER_VALUE(1.E0)),
.T.,.UNSPECIFIED.);
#6288=COMPOSITE_CURVE_SEGMENT(.CONTINUOUS.,.T.,#6284);
#6293=TRIMMED_CURVE('',#6292,(PARAMETER_VALUE(0.E0)),(PARAMETER_VALUE(1.E0)),
.T.,.UNSPECIFIED.);
#6297=COMPOSITE_CURVE_SEGMENT(.CONTINUOUS.,.T.,#6293);
#6302=TRIMMED_CURVE('',#6301,(PARAMETER_VALUE(0.E0)),(PARAMETER_VALUE(1.E0)),
.T.,.UNSPECIFIED.);
#6306=COMPOSITE_CURVE_SEGMENT(.CONTINUOUS.,.T.,#6302);
#6307=COMPOSITE_CURVE('',(#6279,#6288,#6297,#6306),.F.);
#6312=TRIMMED_CURVE('',#6311,(PARAMETER_VALUE(0.E0)),(PARAMETER_VALUE(1.E0)),
.T.,.UNSPECIFIED.);
#6316=COMPOSITE_CURVE_SEGMENT(.CONTINUOUS.,.T.,#6312);
#6321=TRIMMED_CURVE('',#6320,(PARAMETER_VALUE(0.E0)),(PARAMETER_VALUE(1.E0)),
.T.,.UNSPECIFIED.);
#6325=COMPOSITE_CURVE_SEGMENT(.CONTINUOUS.,.T.,#6321);
#6330=TRIMMED_CURVE('',#6329,(PARAMETER_VALUE(0.E0)),(PARAMETER_VALUE(1.E0)),
.T.,.UNSPECIFIED.);
#6334=COMPOSITE_CURVE_SEGMENT(.CONTINUOUS.,.T.,#6330);
#6339=TRIMMED_CURVE('',#6338,(PARAMETER_VALUE(0.E0)),(PARAMETER_VALUE(1.E0)),
.T.,.UNSPECIFIED.);
#6343=COMPOSITE_CURVE_SEGMENT(.CONTINUOUS.,.T.,#6339);
#6344=COMPOSITE_CURVE('',(#6316,#6325,#6334,#6343),.F.);
#6349=TRIMMED_CURVE('',#6348,(PARAMETER_VALUE(0.E0)),(PARAMETER_VALUE(1.E0)),
.T.,.UNSPECIFIED.);
#6353=COMPOSITE_CURVE_SEGMENT(.CONTINUOUS.,.T.,#6349);
#6358=TRIMMED_CURVE('',#6357,(PARAMETER_VALUE(0.E0)),(PARAMETER_VALUE(1.E0)),
.T.,.UNSPECIFIED.);
#6362=COMPOSITE_CURVE_SEGMENT(.CONTINUOUS.,.T.,#6358);
#6367=TRIMMED_CURVE('',#6366,(PARAMETER_VALUE(0.E0)),(PARAMETER_VALUE(1.E0)),
.T.,.UNSPECIFIED.);
#6371=COMPOSITE_CURVE_SEGMENT(.CONTINUOUS.,.T.,#6367);
#6376=TRIMMED_CURVE('',#6375,(PARAMETER_VALUE(0.E0)),(PARAMETER_VALUE(1.E0)),
.T.,.UNSPECIFIED.);
#6380=COMPOSITE_CURVE_SEGMENT(.CONTINUOUS.,.T.,#6376);
#6385=TRIMMED_CURVE('',#6384,(PARAMETER_VALUE(0.E0)),(PARAMETER_VALUE(1.E0)),
.T.,.UNSPECIFIED.);
#6389=COMPOSITE_CURVE_SEGMENT(.CONTINUOUS.,.T.,#6385);
#6394=TRIMMED_CURVE('',#6393,(PARAMETER_VALUE(0.E0)),(PARAMETER_VALUE(1.E0)),
.T.,.UNSPECIFIED.);
#6398=COMPOSITE_CURVE_SEGMENT(.CONTINUOUS.,.T.,#6394);
#6403=TRIMMED_CURVE('',#6402,(PARAMETER_VALUE(0.E0)),(PARAMETER_VALUE(1.E0)),
.T.,.UNSPECIFIED.);
#6407=COMPOSITE_CURVE_SEGMENT(.CONTINUOUS.,.T.,#6403);
#6412=TRIMMED_CURVE('',#6411,(PARAMETER_VALUE(0.E0)),(PARAMETER_VALUE(1.E0)),
.T.,.UNSPECIFIED.);
#6416=COMPOSITE_CURVE_SEGMENT(.CONTINUOUS.,.T.,#6412);
#6417=COMPOSITE_CURVE('',(#6353,#6362,#6371,#6380,#6389,#6398,#6407,#6416),.F.);
#6422=TRIMMED_CURVE('',#6421,(PARAMETER_VALUE(0.E0)),(PARAMETER_VALUE(1.E0)),
.T.,.UNSPECIFIED.);
#6426=COMPOSITE_CURVE_SEGMENT(.CONTINUOUS.,.T.,#6422);
#6431=TRIMMED_CURVE('',#6430,(PARAMETER_VALUE(0.E0)),(PARAMETER_VALUE(1.E0)),
.T.,.UNSPECIFIED.);
#6435=COMPOSITE_CURVE_SEGMENT(.CONTINUOUS.,.T.,#6431);
#6440=TRIMMED_CURVE('',#6439,(PARAMETER_VALUE(0.E0)),(PARAMETER_VALUE(1.E0)),
.T.,.UNSPECIFIED.);
#6444=COMPOSITE_CURVE_SEGMENT(.CONTINUOUS.,.T.,#6440);
#6449=TRIMMED_CURVE('',#6448,(PARAMETER_VALUE(0.E0)),(PARAMETER_VALUE(1.E0)),
.T.,.UNSPECIFIED.);
#6453=COMPOSITE_CURVE_SEGMENT(.CONTINUOUS.,.T.,#6449);
#6458=TRIMMED_CURVE('',#6457,(PARAMETER_VALUE(0.E0)),(PARAMETER_VALUE(1.E0)),
.T.,.UNSPECIFIED.);
#6462=COMPOSITE_CURVE_SEGMENT(.CONTINUOUS.,.T.,#6458);
#6467=TRIMMED_CURVE('',#6466,(PARAMETER_VALUE(0.E0)),(PARAMETER_VALUE(1.E0)),
.T.,.UNSPECIFIED.);
#6471=COMPOSITE_CURVE_SEGMENT(.CONTINUOUS.,.T.,#6467);
#6476=TRIMMED_CURVE('',#6475,(PARAMETER_VALUE(0.E0)),(PARAMETER_VALUE(1.E0)),
.T.,.UNSPECIFIED.);
#6480=COMPOSITE_CURVE_SEGMENT(.CONTINUOUS.,.T.,#6476);
#6485=TRIMMED_CURVE('',#6484,(PARAMETER_VALUE(0.E0)),(PARAMETER_VALUE(1.E0)),
.T.,.UNSPECIFIED.);
#6489=COMPOSITE_CURVE_SEGMENT(.CONTINUOUS.,.T.,#6485);
#6494=TRIMMED_CURVE('',#6493,(PARAMETER_VALUE(0.E0)),(PARAMETER_VALUE(1.E0)),
.T.,.UNSPECIFIED.);
#6498=COMPOSITE_CURVE_SEGMENT(.CONTINUOUS.,.T.,#6494);
#6503=TRIMMED_CURVE('',#6502,(PARAMETER_VALUE(0.E0)),(PARAMETER_VALUE(1.E0)),
.T.,.UNSPECIFIED.);
#6507=COMPOSITE_CURVE_SEGMENT(.CONTINUOUS.,.T.,#6503);
#6508=COMPOSITE_CURVE('',(#6426,#6435,#6444,#6453,#6462,#6471,#6480,#6489,#6498,
#6507),.F.);
#6513=TRIMMED_CURVE('',#6512,(PARAMETER_VALUE(0.E0)),(PARAMETER_VALUE(1.E0)),
.T.,.UNSPECIFIED.);
#6517=COMPOSITE_CURVE_SEGMENT(.CONTINUOUS.,.T.,#6513);
#6522=TRIMMED_CURVE('',#6521,(PARAMETER_VALUE(0.E0)),(PARAMETER_VALUE(1.E0)),
.T.,.UNSPECIFIED.);
#6526=COMPOSITE_CURVE_SEGMENT(.CONTINUOUS.,.T.,#6522);
#6531=TRIMMED_CURVE('',#6530,(PARAMETER_VALUE(0.E0)),(PARAMETER_VALUE(1.E0)),
.T.,.UNSPECIFIED.);
#6535=COMPOSITE_CURVE_SEGMENT(.CONTINUOUS.,.T.,#6531);
#6540=TRIMMED_CURVE('',#6539,(PARAMETER_VALUE(0.E0)),(PARAMETER_VALUE(1.E0)),
.T.,.UNSPECIFIED.);
#6544=COMPOSITE_CURVE_SEGMENT(.CONTINUOUS.,.T.,#6540);
#6549=TRIMMED_CURVE('',#6548,(PARAMETER_VALUE(0.E0)),(PARAMETER_VALUE(1.E0)),
.T.,.UNSPECIFIED.);
#6553=COMPOSITE_CURVE_SEGMENT(.CONTINUOUS.,.T.,#6549);
#6558=TRIMMED_CURVE('',#6557,(PARAMETER_VALUE(0.E0)),(PARAMETER_VALUE(1.E0)),
.T.,.UNSPECIFIED.);
#6562=COMPOSITE_CURVE_SEGMENT(.CONTINUOUS.,.T.,#6558);
#6567=TRIMMED_CURVE('',#6566,(PARAMETER_VALUE(0.E0)),(PARAMETER_VALUE(1.E0)),
.T.,.UNSPECIFIED.);
#6571=COMPOSITE_CURVE_SEGMENT(.CONTINUOUS.,.T.,#6567);
#6576=TRIMMED_CURVE('',#6575,(PARAMETER_VALUE(0.E0)),(PARAMETER_VALUE(1.E0)),
.T.,.UNSPECIFIED.);
#6580=COMPOSITE_CURVE_SEGMENT(.CONTINUOUS.,.T.,#6576);
#6581=COMPOSITE_CURVE('',(#6517,#6526,#6535,#6544,#6553,#6562,#6571,#6580),.F.);
#6586=TRIMMED_CURVE('',#6585,(PARAMETER_VALUE(0.E0)),(PARAMETER_VALUE(1.E0)),
.T.,.UNSPECIFIED.);
#6590=COMPOSITE_CURVE_SEGMENT(.CONTINUOUS.,.T.,#6586);
#6595=TRIMMED_CURVE('',#6594,(PARAMETER_VALUE(0.E0)),(PARAMETER_VALUE(1.E0)),
.T.,.UNSPECIFIED.);
#6599=COMPOSITE_CURVE_SEGMENT(.CONTINUOUS.,.T.,#6595);
#6604=TRIMMED_CURVE('',#6603,(PARAMETER_VALUE(0.E0)),(PARAMETER_VALUE(1.E0)),
.T.,.UNSPECIFIED.);
#6608=COMPOSITE_CURVE_SEGMENT(.CONTINUOUS.,.T.,#6604);
#6613=TRIMMED_CURVE('',#6612,(PARAMETER_VALUE(0.E0)),(PARAMETER_VALUE(1.E0)),
.T.,.UNSPECIFIED.);
#6617=COMPOSITE_CURVE_SEGMENT(.CONTINUOUS.,.T.,#6613);
#6622=TRIMMED_CURVE('',#6621,(PARAMETER_VALUE(0.E0)),(PARAMETER_VALUE(1.E0)),
.T.,.UNSPECIFIED.);
#6626=COMPOSITE_CURVE_SEGMENT(.CONTINUOUS.,.T.,#6622);
#6631=TRIMMED_CURVE('',#6630,(PARAMETER_VALUE(0.E0)),(PARAMETER_VALUE(1.E0)),
.T.,.UNSPECIFIED.);
#6635=COMPOSITE_CURVE_SEGMENT(.CONTINUOUS.,.T.,#6631);
#6640=TRIMMED_CURVE('',#6639,(PARAMETER_VALUE(0.E0)),(PARAMETER_VALUE(1.E0)),
.T.,.UNSPECIFIED.);
#6644=COMPOSITE_CURVE_SEGMENT(.CONTINUOUS.,.T.,#6640);
#6649=TRIMMED_CURVE('',#6648,(PARAMETER_VALUE(0.E0)),(PARAMETER_VALUE(1.E0)),
.T.,.UNSPECIFIED.);
#6653=COMPOSITE_CURVE_SEGMENT(.CONTINUOUS.,.T.,#6649);
#6658=TRIMMED_CURVE('',#6657,(PARAMETER_VALUE(0.E0)),(PARAMETER_VALUE(1.E0)),
.T.,.UNSPECIFIED.);
#6662=COMPOSITE_CURVE_SEGMENT(.CONTINUOUS.,.T.,#6658);
#6667=TRIMMED_CURVE('',#6666,(PARAMETER_VALUE(0.E0)),(PARAMETER_VALUE(1.E0)),
.T.,.UNSPECIFIED.);
#6671=COMPOSITE_CURVE_SEGMENT(.CONTINUOUS.,.T.,#6667);
#6676=TRIMMED_CURVE('',#6675,(PARAMETER_VALUE(0.E0)),(PARAMETER_VALUE(1.E0)),
.T.,.UNSPECIFIED.);
#6680=COMPOSITE_CURVE_SEGMENT(.CONTINUOUS.,.T.,#6676);
#6685=TRIMMED_CURVE('',#6684,(PARAMETER_VALUE(0.E0)),(PARAMETER_VALUE(1.E0)),
.T.,.UNSPECIFIED.);
#6689=COMPOSITE_CURVE_SEGMENT(.CONTINUOUS.,.T.,#6685);
#6694=TRIMMED_CURVE('',#6693,(PARAMETER_VALUE(0.E0)),(PARAMETER_VALUE(1.E0)),
.T.,.UNSPECIFIED.);
#6698=COMPOSITE_CURVE_SEGMENT(.CONTINUOUS.,.T.,#6694);
#6703=TRIMMED_CURVE('',#6702,(PARAMETER_VALUE(0.E0)),(PARAMETER_VALUE(1.E0)),
.T.,.UNSPECIFIED.);
#6707=COMPOSITE_CURVE_SEGMENT(.CONTINUOUS.,.T.,#6703);
#6712=TRIMMED_CURVE('',#6711,(PARAMETER_VALUE(0.E0)),(PARAMETER_VALUE(1.E0)),
.T.,.UNSPECIFIED.);
#6716=COMPOSITE_CURVE_SEGMENT(.CONTINUOUS.,.T.,#6712);
#6721=TRIMMED_CURVE('',#6720,(PARAMETER_VALUE(0.E0)),(PARAMETER_VALUE(1.E0)),
.T.,.UNSPECIFIED.);
#6725=COMPOSITE_CURVE_SEGMENT(.CONTINUOUS.,.T.,#6721);
#6730=TRIMMED_CURVE('',#6729,(PARAMETER_VALUE(0.E0)),(PARAMETER_VALUE(1.E0)),
.T.,.UNSPECIFIED.);
#6734=COMPOSITE_CURVE_SEGMENT(.CONTINUOUS.,.T.,#6730);
#6739=TRIMMED_CURVE('',#6738,(PARAMETER_VALUE(0.E0)),(PARAMETER_VALUE(1.E0)),
.T.,.UNSPECIFIED.);
#6743=COMPOSITE_CURVE_SEGMENT(.CONTINUOUS.,.T.,#6739);
#6748=TRIMMED_CURVE('',#6747,(PARAMETER_VALUE(0.E0)),(PARAMETER_VALUE(1.E0)),
.T.,.UNSPECIFIED.);
#6752=COMPOSITE_CURVE_SEGMENT(.CONTINUOUS.,.T.,#6748);
#6757=TRIMMED_CURVE('',#6756,(PARAMETER_VALUE(0.E0)),(PARAMETER_VALUE(1.E0)),
.T.,.UNSPECIFIED.);
#6761=COMPOSITE_CURVE_SEGMENT(.CONTINUOUS.,.T.,#6757);
#6766=TRIMMED_CURVE('',#6765,(PARAMETER_VALUE(0.E0)),(PARAMETER_VALUE(1.E0)),
.T.,.UNSPECIFIED.);
#6770=COMPOSITE_CURVE_SEGMENT(.CONTINUOUS.,.T.,#6766);
#6775=TRIMMED_CURVE('',#6774,(PARAMETER_VALUE(0.E0)),(PARAMETER_VALUE(1.E0)),
.T.,.UNSPECIFIED.);
#6779=COMPOSITE_CURVE_SEGMENT(.CONTINUOUS.,.T.,#6775);
#6784=TRIMMED_CURVE('',#6783,(PARAMETER_VALUE(0.E0)),(PARAMETER_VALUE(1.E0)),
.T.,.UNSPECIFIED.);
#6788=COMPOSITE_CURVE_SEGMENT(.CONTINUOUS.,.T.,#6784);
#6793=TRIMMED_CURVE('',#6792,(PARAMETER_VALUE(0.E0)),(PARAMETER_VALUE(1.E0)),
.T.,.UNSPECIFIED.);
#6797=COMPOSITE_CURVE_SEGMENT(.CONTINUOUS.,.T.,#6793);
#6802=TRIMMED_CURVE('',#6801,(PARAMETER_VALUE(0.E0)),(PARAMETER_VALUE(1.E0)),
.T.,.UNSPECIFIED.);
#6806=COMPOSITE_CURVE_SEGMENT(.CONTINUOUS.,.T.,#6802);
#6811=TRIMMED_CURVE('',#6810,(PARAMETER_VALUE(0.E0)),(PARAMETER_VALUE(1.E0)),
.T.,.UNSPECIFIED.);
#6815=COMPOSITE_CURVE_SEGMENT(.CONTINUOUS.,.T.,#6811);
#6820=TRIMMED_CURVE('',#6819,(PARAMETER_VALUE(0.E0)),(PARAMETER_VALUE(1.E0)),
.T.,.UNSPECIFIED.);
#6824=COMPOSITE_CURVE_SEGMENT(.CONTINUOUS.,.T.,#6820);
#6829=TRIMMED_CURVE('',#6828,(PARAMETER_VALUE(0.E0)),(PARAMETER_VALUE(1.E0)),
.T.,.UNSPECIFIED.);
#6833=COMPOSITE_CURVE_SEGMENT(.CONTINUOUS.,.T.,#6829);
#6834=COMPOSITE_CURVE('',(#6590,#6599,#6608,#6617,#6626,#6635,#6644,#6653,#6662,
#6671,#6680,#6689,#6698,#6707,#6716,#6725,#6734,#6743,#6752,#6761,#6770,#6779,
#6788,#6797,#6806,#6815,#6824,#6833),.F.);
#6839=TRIMMED_CURVE('',#6838,(PARAMETER_VALUE(0.E0)),(PARAMETER_VALUE(1.E0)),
.T.,.UNSPECIFIED.);
#6843=COMPOSITE_CURVE_SEGMENT(.CONTINUOUS.,.T.,#6839);
#6848=TRIMMED_CURVE('',#6847,(PARAMETER_VALUE(0.E0)),(PARAMETER_VALUE(1.E0)),
.T.,.UNSPECIFIED.);
#6852=COMPOSITE_CURVE_SEGMENT(.CONTINUOUS.,.T.,#6848);
#6857=TRIMMED_CURVE('',#6856,(PARAMETER_VALUE(0.E0)),(PARAMETER_VALUE(1.E0)),
.T.,.UNSPECIFIED.);
#6861=COMPOSITE_CURVE_SEGMENT(.CONTINUOUS.,.T.,#6857);
#6866=TRIMMED_CURVE('',#6865,(PARAMETER_VALUE(0.E0)),(PARAMETER_VALUE(1.E0)),
.T.,.UNSPECIFIED.);
#6870=COMPOSITE_CURVE_SEGMENT(.CONTINUOUS.,.T.,#6866);
#6875=TRIMMED_CURVE('',#6874,(PARAMETER_VALUE(0.E0)),(PARAMETER_VALUE(1.E0)),
.T.,.UNSPECIFIED.);
#6879=COMPOSITE_CURVE_SEGMENT(.CONTINUOUS.,.T.,#6875);
#6884=TRIMMED_CURVE('',#6883,(PARAMETER_VALUE(0.E0)),(PARAMETER_VALUE(1.E0)),
.T.,.UNSPECIFIED.);
#6888=COMPOSITE_CURVE_SEGMENT(.CONTINUOUS.,.T.,#6884);
#6893=TRIMMED_CURVE('',#6892,(PARAMETER_VALUE(0.E0)),(PARAMETER_VALUE(1.E0)),
.T.,.UNSPECIFIED.);
#6897=COMPOSITE_CURVE_SEGMENT(.CONTINUOUS.,.T.,#6893);
#6902=TRIMMED_CURVE('',#6901,(PARAMETER_VALUE(0.E0)),(PARAMETER_VALUE(1.E0)),
.T.,.UNSPECIFIED.);
#6906=COMPOSITE_CURVE_SEGMENT(.CONTINUOUS.,.T.,#6902);
#6911=TRIMMED_CURVE('',#6910,(PARAMETER_VALUE(0.E0)),(PARAMETER_VALUE(1.E0)),
.T.,.UNSPECIFIED.);
#6915=COMPOSITE_CURVE_SEGMENT(.CONTINUOUS.,.T.,#6911);
#6920=TRIMMED_CURVE('',#6919,(PARAMETER_VALUE(0.E0)),(PARAMETER_VALUE(1.E0)),
.T.,.UNSPECIFIED.);
#6924=COMPOSITE_CURVE_SEGMENT(.CONTINUOUS.,.T.,#6920);
#6929=TRIMMED_CURVE('',#6928,(PARAMETER_VALUE(0.E0)),(PARAMETER_VALUE(1.E0)),
.T.,.UNSPECIFIED.);
#6933=COMPOSITE_CURVE_SEGMENT(.CONTINUOUS.,.T.,#6929);
#6934=COMPOSITE_CURVE('',(#6843,#6852,#6861,#6870,#6879,#6888,#6897,#6906,#6915,
#6924,#6933),.F.);
#6939=TRIMMED_CURVE('',#6938,(PARAMETER_VALUE(0.E0)),(PARAMETER_VALUE(1.E0)),
.T.,.UNSPECIFIED.);
#6943=COMPOSITE_CURVE_SEGMENT(.CONTINUOUS.,.T.,#6939);
#6948=TRIMMED_CURVE('',#6947,(PARAMETER_VALUE(0.E0)),(PARAMETER_VALUE(1.E0)),
.T.,.UNSPECIFIED.);
#6952=COMPOSITE_CURVE_SEGMENT(.CONTINUOUS.,.T.,#6948);
#6957=TRIMMED_CURVE('',#6956,(PARAMETER_VALUE(0.E0)),(PARAMETER_VALUE(1.E0)),
.T.,.UNSPECIFIED.);
#6961=COMPOSITE_CURVE_SEGMENT(.CONTINUOUS.,.T.,#6957);
#6962=COMPOSITE_CURVE('',(#6943,#6952,#6961),.F.);
#6967=TRIMMED_CURVE('',#6966,(PARAMETER_VALUE(0.E0)),(PARAMETER_VALUE(1.E0)),
.T.,.UNSPECIFIED.);
#6971=COMPOSITE_CURVE_SEGMENT(.CONTINUOUS.,.T.,#6967);
#6976=TRIMMED_CURVE('',#6975,(PARAMETER_VALUE(0.E0)),(PARAMETER_VALUE(1.E0)),
.T.,.UNSPECIFIED.);
#6980=COMPOSITE_CURVE_SEGMENT(.CONTINUOUS.,.T.,#6976);
#6985=TRIMMED_CURVE('',#6984,(PARAMETER_VALUE(0.E0)),(PARAMETER_VALUE(1.E0)),
.T.,.UNSPECIFIED.);
#6989=COMPOSITE_CURVE_SEGMENT(.CONTINUOUS.,.T.,#6985);
#6994=TRIMMED_CURVE('',#6993,(PARAMETER_VALUE(0.E0)),(PARAMETER_VALUE(1.E0)),
.T.,.UNSPECIFIED.);
#6998=COMPOSITE_CURVE_SEGMENT(.CONTINUOUS.,.T.,#6994);
#7003=TRIMMED_CURVE('',#7002,(PARAMETER_VALUE(0.E0)),(PARAMETER_VALUE(1.E0)),
.T.,.UNSPECIFIED.);
#7007=COMPOSITE_CURVE_SEGMENT(.CONTINUOUS.,.T.,#7003);
#7012=TRIMMED_CURVE('',#7011,(PARAMETER_VALUE(0.E0)),(PARAMETER_VALUE(1.E0)),
.T.,.UNSPECIFIED.);
#7016=COMPOSITE_CURVE_SEGMENT(.CONTINUOUS.,.T.,#7012);
#7021=TRIMMED_CURVE('',#7020,(PARAMETER_VALUE(0.E0)),(PARAMETER_VALUE(1.E0)),
.T.,.UNSPECIFIED.);
#7025=COMPOSITE_CURVE_SEGMENT(.CONTINUOUS.,.T.,#7021);
#7030=TRIMMED_CURVE('',#7029,(PARAMETER_VALUE(0.E0)),(PARAMETER_VALUE(1.E0)),
.T.,.UNSPECIFIED.);
#7034=COMPOSITE_CURVE_SEGMENT(.CONTINUOUS.,.T.,#7030);
#7039=TRIMMED_CURVE('',#7038,(PARAMETER_VALUE(0.E0)),(PARAMETER_VALUE(1.E0)),
.T.,.UNSPECIFIED.);
#7043=COMPOSITE_CURVE_SEGMENT(.CONTINUOUS.,.T.,#7039);
#7048=TRIMMED_CURVE('',#7047,(PARAMETER_VALUE(0.E0)),(PARAMETER_VALUE(1.E0)),
.T.,.UNSPECIFIED.);
#7052=COMPOSITE_CURVE_SEGMENT(.CONTINUOUS.,.T.,#7048);
#7057=TRIMMED_CURVE('',#7056,(PARAMETER_VALUE(0.E0)),(PARAMETER_VALUE(1.E0)),
.T.,.UNSPECIFIED.);
#7061=COMPOSITE_CURVE_SEGMENT(.CONTINUOUS.,.T.,#7057);
#7066=TRIMMED_CURVE('',#7065,(PARAMETER_VALUE(0.E0)),(PARAMETER_VALUE(1.E0)),
.T.,.UNSPECIFIED.);
#7070=COMPOSITE_CURVE_SEGMENT(.CONTINUOUS.,.T.,#7066);
#7075=TRIMMED_CURVE('',#7074,(PARAMETER_VALUE(0.E0)),(PARAMETER_VALUE(1.E0)),
.T.,.UNSPECIFIED.);
#7079=COMPOSITE_CURVE_SEGMENT(.CONTINUOUS.,.T.,#7075);
#7084=TRIMMED_CURVE('',#7083,(PARAMETER_VALUE(0.E0)),(PARAMETER_VALUE(1.E0)),
.T.,.UNSPECIFIED.);
#7088=COMPOSITE_CURVE_SEGMENT(.CONTINUOUS.,.T.,#7084);
#7093=TRIMMED_CURVE('',#7092,(PARAMETER_VALUE(0.E0)),(PARAMETER_VALUE(1.E0)),
.T.,.UNSPECIFIED.);
#7097=COMPOSITE_CURVE_SEGMENT(.CONTINUOUS.,.T.,#7093);
#7102=TRIMMED_CURVE('',#7101,(PARAMETER_VALUE(0.E0)),(PARAMETER_VALUE(1.E0)),
.T.,.UNSPECIFIED.);
#7106=COMPOSITE_CURVE_SEGMENT(.CONTINUOUS.,.T.,#7102);
#7111=TRIMMED_CURVE('',#7110,(PARAMETER_VALUE(0.E0)),(PARAMETER_VALUE(1.E0)),
.T.,.UNSPECIFIED.);
#7115=COMPOSITE_CURVE_SEGMENT(.CONTINUOUS.,.T.,#7111);
#7120=TRIMMED_CURVE('',#7119,(PARAMETER_VALUE(0.E0)),(PARAMETER_VALUE(1.E0)),
.T.,.UNSPECIFIED.);
#7124=COMPOSITE_CURVE_SEGMENT(.CONTINUOUS.,.T.,#7120);
#7129=TRIMMED_CURVE('',#7128,(PARAMETER_VALUE(0.E0)),(PARAMETER_VALUE(1.E0)),
.T.,.UNSPECIFIED.);
#7133=COMPOSITE_CURVE_SEGMENT(.CONTINUOUS.,.T.,#7129);
#7138=TRIMMED_CURVE('',#7137,(PARAMETER_VALUE(0.E0)),(PARAMETER_VALUE(1.E0)),
.T.,.UNSPECIFIED.);
#7142=COMPOSITE_CURVE_SEGMENT(.CONTINUOUS.,.T.,#7138);
#7147=TRIMMED_CURVE('',#7146,(PARAMETER_VALUE(0.E0)),(PARAMETER_VALUE(1.E0)),
.T.,.UNSPECIFIED.);
#7151=COMPOSITE_CURVE_SEGMENT(.CONTINUOUS.,.T.,#7147);
#7156=TRIMMED_CURVE('',#7155,(PARAMETER_VALUE(0.E0)),(PARAMETER_VALUE(1.E0)),
.T.,.UNSPECIFIED.);
#7160=COMPOSITE_CURVE_SEGMENT(.CONTINUOUS.,.T.,#7156);
#7165=TRIMMED_CURVE('',#7164,(PARAMETER_VALUE(0.E0)),(PARAMETER_VALUE(1.E0)),
.T.,.UNSPECIFIED.);
#7169=COMPOSITE_CURVE_SEGMENT(.CONTINUOUS.,.T.,#7165);
#7174=TRIMMED_CURVE('',#7173,(PARAMETER_VALUE(0.E0)),(PARAMETER_VALUE(1.E0)),
.T.,.UNSPECIFIED.);
#7178=COMPOSITE_CURVE_SEGMENT(.CONTINUOUS.,.T.,#7174);
#7183=TRIMMED_CURVE('',#7182,(PARAMETER_VALUE(0.E0)),(PARAMETER_VALUE(1.E0)),
.T.,.UNSPECIFIED.);
#7187=COMPOSITE_CURVE_SEGMENT(.CONTINUOUS.,.T.,#7183);
#7192=TRIMMED_CURVE('',#7191,(PARAMETER_VALUE(0.E0)),(PARAMETER_VALUE(1.E0)),
.T.,.UNSPECIFIED.);
#7196=COMPOSITE_CURVE_SEGMENT(.CONTINUOUS.,.T.,#7192);
#7197=COMPOSITE_CURVE('',(#6971,#6980,#6989,#6998,#7007,#7016,#7025,#7034,#7043,
#7052,#7061,#7070,#7079,#7088,#7097,#7106,#7115,#7124,#7133,#7142,#7151,#7160,
#7169,#7178,#7187,#7196),.F.);
#7202=TRIMMED_CURVE('',#7201,(PARAMETER_VALUE(0.E0)),(PARAMETER_VALUE(1.E0)),
.T.,.UNSPECIFIED.);
#7206=COMPOSITE_CURVE_SEGMENT(.CONTINUOUS.,.T.,#7202);
#7211=TRIMMED_CURVE('',#7210,(PARAMETER_VALUE(0.E0)),(PARAMETER_VALUE(1.E0)),
.T.,.UNSPECIFIED.);
#7215=COMPOSITE_CURVE_SEGMENT(.CONTINUOUS.,.T.,#7211);
#7220=TRIMMED_CURVE('',#7219,(PARAMETER_VALUE(0.E0)),(PARAMETER_VALUE(1.E0)),
.T.,.UNSPECIFIED.);
#7224=COMPOSITE_CURVE_SEGMENT(.CONTINUOUS.,.T.,#7220);
#7229=TRIMMED_CURVE('',#7228,(PARAMETER_VALUE(0.E0)),(PARAMETER_VALUE(1.E0)),
.T.,.UNSPECIFIED.);
#7233=COMPOSITE_CURVE_SEGMENT(.CONTINUOUS.,.T.,#7229);
#7238=TRIMMED_CURVE('',#7237,(PARAMETER_VALUE(0.E0)),(PARAMETER_VALUE(1.E0)),
.T.,.UNSPECIFIED.);
#7242=COMPOSITE_CURVE_SEGMENT(.CONTINUOUS.,.T.,#7238);
#7247=TRIMMED_CURVE('',#7246,(PARAMETER_VALUE(0.E0)),(PARAMETER_VALUE(1.E0)),
.T.,.UNSPECIFIED.);
#7251=COMPOSITE_CURVE_SEGMENT(.CONTINUOUS.,.T.,#7247);
#7256=TRIMMED_CURVE('',#7255,(PARAMETER_VALUE(0.E0)),(PARAMETER_VALUE(1.E0)),
.T.,.UNSPECIFIED.);
#7260=COMPOSITE_CURVE_SEGMENT(.CONTINUOUS.,.T.,#7256);
#7265=TRIMMED_CURVE('',#7264,(PARAMETER_VALUE(0.E0)),(PARAMETER_VALUE(1.E0)),
.T.,.UNSPECIFIED.);
#7269=COMPOSITE_CURVE_SEGMENT(.CONTINUOUS.,.T.,#7265);
#7274=TRIMMED_CURVE('',#7273,(PARAMETER_VALUE(0.E0)),(PARAMETER_VALUE(1.E0)),
.T.,.UNSPECIFIED.);
#7278=COMPOSITE_CURVE_SEGMENT(.CONTINUOUS.,.T.,#7274);
#7283=TRIMMED_CURVE('',#7282,(PARAMETER_VALUE(0.E0)),(PARAMETER_VALUE(1.E0)),
.T.,.UNSPECIFIED.);
#7287=COMPOSITE_CURVE_SEGMENT(.CONTINUOUS.,.T.,#7283);
#7292=TRIMMED_CURVE('',#7291,(PARAMETER_VALUE(0.E0)),(PARAMETER_VALUE(1.E0)),
.T.,.UNSPECIFIED.);
#7296=COMPOSITE_CURVE_SEGMENT(.CONTINUOUS.,.T.,#7292);
#7301=TRIMMED_CURVE('',#7300,(PARAMETER_VALUE(0.E0)),(PARAMETER_VALUE(1.E0)),
.T.,.UNSPECIFIED.);
#7305=COMPOSITE_CURVE_SEGMENT(.CONTINUOUS.,.T.,#7301);
#7310=TRIMMED_CURVE('',#7309,(PARAMETER_VALUE(0.E0)),(PARAMETER_VALUE(1.E0)),
.T.,.UNSPECIFIED.);
#7314=COMPOSITE_CURVE_SEGMENT(.CONTINUOUS.,.T.,#7310);
#7319=TRIMMED_CURVE('',#7318,(PARAMETER_VALUE(0.E0)),(PARAMETER_VALUE(1.E0)),
.T.,.UNSPECIFIED.);
#7323=COMPOSITE_CURVE_SEGMENT(.CONTINUOUS.,.T.,#7319);
#7328=TRIMMED_CURVE('',#7327,(PARAMETER_VALUE(0.E0)),(PARAMETER_VALUE(1.E0)),
.T.,.UNSPECIFIED.);
#7332=COMPOSITE_CURVE_SEGMENT(.CONTINUOUS.,.T.,#7328);
#7337=TRIMMED_CURVE('',#7336,(PARAMETER_VALUE(0.E0)),(PARAMETER_VALUE(1.E0)),
.T.,.UNSPECIFIED.);
#7341=COMPOSITE_CURVE_SEGMENT(.CONTINUOUS.,.T.,#7337);
#7346=TRIMMED_CURVE('',#7345,(PARAMETER_VALUE(0.E0)),(PARAMETER_VALUE(1.E0)),
.T.,.UNSPECIFIED.);
#7350=COMPOSITE_CURVE_SEGMENT(.CONTINUOUS.,.T.,#7346);
#7355=TRIMMED_CURVE('',#7354,(PARAMETER_VALUE(0.E0)),(PARAMETER_VALUE(1.E0)),
.T.,.UNSPECIFIED.);
#7359=COMPOSITE_CURVE_SEGMENT(.CONTINUOUS.,.T.,#7355);
#7360=COMPOSITE_CURVE('',(#7206,#7215,#7224,#7233,#7242,#7251,#7260,#7269,#7278,
#7287,#7296,#7305,#7314,#7323,#7332,#7341,#7350,#7359),.F.);
#7365=TRIMMED_CURVE('',#7364,(PARAMETER_VALUE(0.E0)),(PARAMETER_VALUE(1.E0)),
.T.,.UNSPECIFIED.);
#7369=COMPOSITE_CURVE_SEGMENT(.CONTINUOUS.,.T.,#7365);
#7374=TRIMMED_CURVE('',#7373,(PARAMETER_VALUE(0.E0)),(PARAMETER_VALUE(1.E0)),
.T.,.UNSPECIFIED.);
#7378=COMPOSITE_CURVE_SEGMENT(.CONTINUOUS.,.T.,#7374);
#7383=TRIMMED_CURVE('',#7382,(PARAMETER_VALUE(0.E0)),(PARAMETER_VALUE(1.E0)),
.T.,.UNSPECIFIED.);
#7387=COMPOSITE_CURVE_SEGMENT(.CONTINUOUS.,.T.,#7383);
#7392=TRIMMED_CURVE('',#7391,(PARAMETER_VALUE(0.E0)),(PARAMETER_VALUE(1.E0)),
.T.,.UNSPECIFIED.);
#7396=COMPOSITE_CURVE_SEGMENT(.CONTINUOUS.,.T.,#7392);
#7401=TRIMMED_CURVE('',#7400,(PARAMETER_VALUE(0.E0)),(PARAMETER_VALUE(1.E0)),
.T.,.UNSPECIFIED.);
#7405=COMPOSITE_CURVE_SEGMENT(.CONTINUOUS.,.T.,#7401);
#7410=TRIMMED_CURVE('',#7409,(PARAMETER_VALUE(0.E0)),(PARAMETER_VALUE(1.E0)),
.T.,.UNSPECIFIED.);
#7414=COMPOSITE_CURVE_SEGMENT(.CONTINUOUS.,.T.,#7410);
#7419=TRIMMED_CURVE('',#7418,(PARAMETER_VALUE(0.E0)),(PARAMETER_VALUE(1.E0)),
.T.,.UNSPECIFIED.);
#7423=COMPOSITE_CURVE_SEGMENT(.CONTINUOUS.,.T.,#7419);
#7428=TRIMMED_CURVE('',#7427,(PARAMETER_VALUE(0.E0)),(PARAMETER_VALUE(1.E0)),
.T.,.UNSPECIFIED.);
#7432=COMPOSITE_CURVE_SEGMENT(.CONTINUOUS.,.T.,#7428);
#7437=TRIMMED_CURVE('',#7436,(PARAMETER_VALUE(0.E0)),(PARAMETER_VALUE(1.E0)),
.T.,.UNSPECIFIED.);
#7441=COMPOSITE_CURVE_SEGMENT(.CONTINUOUS.,.T.,#7437);
#7446=TRIMMED_CURVE('',#7445,(PARAMETER_VALUE(0.E0)),(PARAMETER_VALUE(1.E0)),
.T.,.UNSPECIFIED.);
#7450=COMPOSITE_CURVE_SEGMENT(.CONTINUOUS.,.T.,#7446);
#7455=TRIMMED_CURVE('',#7454,(PARAMETER_VALUE(0.E0)),(PARAMETER_VALUE(1.E0)),
.T.,.UNSPECIFIED.);
#7459=COMPOSITE_CURVE_SEGMENT(.CONTINUOUS.,.T.,#7455);
#7464=TRIMMED_CURVE('',#7463,(PARAMETER_VALUE(0.E0)),(PARAMETER_VALUE(1.E0)),
.T.,.UNSPECIFIED.);
#7468=COMPOSITE_CURVE_SEGMENT(.CONTINUOUS.,.T.,#7464);
#7469=COMPOSITE_CURVE('',(#7369,#7378,#7387,#7396,#7405,#7414,#7423,#7432,#7441,
#7450,#7459,#7468),.F.);
#7474=TRIMMED_CURVE('',#7473,(PARAMETER_VALUE(0.E0)),(PARAMETER_VALUE(1.E0)),
.T.,.UNSPECIFIED.);
#7478=COMPOSITE_CURVE_SEGMENT(.CONTINUOUS.,.T.,#7474);
#7483=TRIMMED_CURVE('',#7482,(PARAMETER_VALUE(0.E0)),(PARAMETER_VALUE(1.E0)),
.T.,.UNSPECIFIED.);
#7487=COMPOSITE_CURVE_SEGMENT(.CONTINUOUS.,.T.,#7483);
#7492=TRIMMED_CURVE('',#7491,(PARAMETER_VALUE(0.E0)),(PARAMETER_VALUE(1.E0)),
.T.,.UNSPECIFIED.);
#7496=COMPOSITE_CURVE_SEGMENT(.CONTINUOUS.,.T.,#7492);
#7501=TRIMMED_CURVE('',#7500,(PARAMETER_VALUE(0.E0)),(PARAMETER_VALUE(1.E0)),
.T.,.UNSPECIFIED.);
#7505=COMPOSITE_CURVE_SEGMENT(.CONTINUOUS.,.T.,#7501);
#7510=TRIMMED_CURVE('',#7509,(PARAMETER_VALUE(0.E0)),(PARAMETER_VALUE(1.E0)),
.T.,.UNSPECIFIED.);
#7514=COMPOSITE_CURVE_SEGMENT(.CONTINUOUS.,.T.,#7510);
#7519=TRIMMED_CURVE('',#7518,(PARAMETER_VALUE(0.E0)),(PARAMETER_VALUE(1.E0)),
.T.,.UNSPECIFIED.);
#7523=COMPOSITE_CURVE_SEGMENT(.CONTINUOUS.,.T.,#7519);
#7528=TRIMMED_CURVE('',#7527,(PARAMETER_VALUE(0.E0)),(PARAMETER_VALUE(1.E0)),
.T.,.UNSPECIFIED.);
#7532=COMPOSITE_CURVE_SEGMENT(.CONTINUOUS.,.T.,#7528);
#7537=TRIMMED_CURVE('',#7536,(PARAMETER_VALUE(0.E0)),(PARAMETER_VALUE(1.E0)),
.T.,.UNSPECIFIED.);
#7541=COMPOSITE_CURVE_SEGMENT(.CONTINUOUS.,.T.,#7537);
#7546=TRIMMED_CURVE('',#7545,(PARAMETER_VALUE(0.E0)),(PARAMETER_VALUE(1.E0)),
.T.,.UNSPECIFIED.);
#7550=COMPOSITE_CURVE_SEGMENT(.CONTINUOUS.,.T.,#7546);
#7555=TRIMMED_CURVE('',#7554,(PARAMETER_VALUE(0.E0)),(PARAMETER_VALUE(1.E0)),
.T.,.UNSPECIFIED.);
#7559=COMPOSITE_CURVE_SEGMENT(.CONTINUOUS.,.T.,#7555);
#7564=TRIMMED_CURVE('',#7563,(PARAMETER_VALUE(0.E0)),(PARAMETER_VALUE(1.E0)),
.T.,.UNSPECIFIED.);
#7568=COMPOSITE_CURVE_SEGMENT(.CONTINUOUS.,.T.,#7564);
#7573=TRIMMED_CURVE('',#7572,(PARAMETER_VALUE(0.E0)),(PARAMETER_VALUE(1.E0)),
.T.,.UNSPECIFIED.);
#7577=COMPOSITE_CURVE_SEGMENT(.CONTINUOUS.,.T.,#7573);
#7582=TRIMMED_CURVE('',#7581,(PARAMETER_VALUE(0.E0)),(PARAMETER_VALUE(1.E0)),
.T.,.UNSPECIFIED.);
#7586=COMPOSITE_CURVE_SEGMENT(.CONTINUOUS.,.T.,#7582);
#7591=TRIMMED_CURVE('',#7590,(PARAMETER_VALUE(0.E0)),(PARAMETER_VALUE(1.E0)),
.T.,.UNSPECIFIED.);
#7595=COMPOSITE_CURVE_SEGMENT(.CONTINUOUS.,.T.,#7591);
#7600=TRIMMED_CURVE('',#7599,(PARAMETER_VALUE(0.E0)),(PARAMETER_VALUE(1.E0)),
.T.,.UNSPECIFIED.);
#7604=COMPOSITE_CURVE_SEGMENT(.CONTINUOUS.,.T.,#7600);
#7609=TRIMMED_CURVE('',#7608,(PARAMETER_VALUE(0.E0)),(PARAMETER_VALUE(1.E0)),
.T.,.UNSPECIFIED.);
#7613=COMPOSITE_CURVE_SEGMENT(.CONTINUOUS.,.T.,#7609);
#7614=COMPOSITE_CURVE('',(#7478,#7487,#7496,#7505,#7514,#7523,#7532,#7541,#7550,
#7559,#7568,#7577,#7586,#7595,#7604,#7613),.F.);
#7619=TRIMMED_CURVE('',#7618,(PARAMETER_VALUE(0.E0)),(PARAMETER_VALUE(1.E0)),
.T.,.UNSPECIFIED.);
#7623=COMPOSITE_CURVE_SEGMENT(.CONTINUOUS.,.T.,#7619);
#7628=TRIMMED_CURVE('',#7627,(PARAMETER_VALUE(0.E0)),(PARAMETER_VALUE(1.E0)),
.T.,.UNSPECIFIED.);
#7632=COMPOSITE_CURVE_SEGMENT(.CONTINUOUS.,.T.,#7628);
#7637=TRIMMED_CURVE('',#7636,(PARAMETER_VALUE(0.E0)),(PARAMETER_VALUE(1.E0)),
.T.,.UNSPECIFIED.);
#7641=COMPOSITE_CURVE_SEGMENT(.CONTINUOUS.,.T.,#7637);
#7646=TRIMMED_CURVE('',#7645,(PARAMETER_VALUE(0.E0)),(PARAMETER_VALUE(1.E0)),
.T.,.UNSPECIFIED.);
#7650=COMPOSITE_CURVE_SEGMENT(.CONTINUOUS.,.T.,#7646);
#7655=TRIMMED_CURVE('',#7654,(PARAMETER_VALUE(0.E0)),(PARAMETER_VALUE(1.E0)),
.T.,.UNSPECIFIED.);
#7659=COMPOSITE_CURVE_SEGMENT(.CONTINUOUS.,.T.,#7655);
#7664=TRIMMED_CURVE('',#7663,(PARAMETER_VALUE(0.E0)),(PARAMETER_VALUE(1.E0)),
.T.,.UNSPECIFIED.);
#7668=COMPOSITE_CURVE_SEGMENT(.CONTINUOUS.,.T.,#7664);
#7673=TRIMMED_CURVE('',#7672,(PARAMETER_VALUE(0.E0)),(PARAMETER_VALUE(1.E0)),
.T.,.UNSPECIFIED.);
#7677=COMPOSITE_CURVE_SEGMENT(.CONTINUOUS.,.T.,#7673);
#7682=TRIMMED_CURVE('',#7681,(PARAMETER_VALUE(0.E0)),(PARAMETER_VALUE(1.E0)),
.T.,.UNSPECIFIED.);
#7686=COMPOSITE_CURVE_SEGMENT(.CONTINUOUS.,.T.,#7682);
#7691=TRIMMED_CURVE('',#7690,(PARAMETER_VALUE(0.E0)),(PARAMETER_VALUE(1.E0)),
.T.,.UNSPECIFIED.);
#7695=COMPOSITE_CURVE_SEGMENT(.CONTINUOUS.,.T.,#7691);
#7700=TRIMMED_CURVE('',#7699,(PARAMETER_VALUE(0.E0)),(PARAMETER_VALUE(1.E0)),
.T.,.UNSPECIFIED.);
#7704=COMPOSITE_CURVE_SEGMENT(.CONTINUOUS.,.T.,#7700);
#7705=COMPOSITE_CURVE('',(#7623,#7632,#7641,#7650,#7659,#7668,#7677,#7686,#7695,
#7704),.F.);
#7710=TRIMMED_CURVE('',#7709,(PARAMETER_VALUE(0.E0)),(PARAMETER_VALUE(1.E0)),
.T.,.UNSPECIFIED.);
#7714=COMPOSITE_CURVE_SEGMENT(.CONTINUOUS.,.T.,#7710);
#7719=TRIMMED_CURVE('',#7718,(PARAMETER_VALUE(0.E0)),(PARAMETER_VALUE(1.E0)),
.T.,.UNSPECIFIED.);
#7723=COMPOSITE_CURVE_SEGMENT(.CONTINUOUS.,.T.,#7719);
#7728=TRIMMED_CURVE('',#7727,(PARAMETER_VALUE(0.E0)),(PARAMETER_VALUE(1.E0)),
.T.,.UNSPECIFIED.);
#7732=COMPOSITE_CURVE_SEGMENT(.CONTINUOUS.,.T.,#7728);
#7737=TRIMMED_CURVE('',#7736,(PARAMETER_VALUE(0.E0)),(PARAMETER_VALUE(1.E0)),
.T.,.UNSPECIFIED.);
#7741=COMPOSITE_CURVE_SEGMENT(.CONTINUOUS.,.T.,#7737);
#7746=TRIMMED_CURVE('',#7745,(PARAMETER_VALUE(0.E0)),(PARAMETER_VALUE(1.E0)),
.T.,.UNSPECIFIED.);
#7750=COMPOSITE_CURVE_SEGMENT(.CONTINUOUS.,.T.,#7746);
#7755=TRIMMED_CURVE('',#7754,(PARAMETER_VALUE(0.E0)),(PARAMETER_VALUE(1.E0)),
.T.,.UNSPECIFIED.);
#7759=COMPOSITE_CURVE_SEGMENT(.CONTINUOUS.,.T.,#7755);
#7764=TRIMMED_CURVE('',#7763,(PARAMETER_VALUE(0.E0)),(PARAMETER_VALUE(1.E0)),
.T.,.UNSPECIFIED.);
#7768=COMPOSITE_CURVE_SEGMENT(.CONTINUOUS.,.T.,#7764);
#7773=TRIMMED_CURVE('',#7772,(PARAMETER_VALUE(0.E0)),(PARAMETER_VALUE(1.E0)),
.T.,.UNSPECIFIED.);
#7777=COMPOSITE_CURVE_SEGMENT(.CONTINUOUS.,.T.,#7773);
#7782=TRIMMED_CURVE('',#7781,(PARAMETER_VALUE(0.E0)),(PARAMETER_VALUE(1.E0)),
.T.,.UNSPECIFIED.);
#7786=COMPOSITE_CURVE_SEGMENT(.CONTINUOUS.,.T.,#7782);
#7791=TRIMMED_CURVE('',#7790,(PARAMETER_VALUE(0.E0)),(PARAMETER_VALUE(1.E0)),
.T.,.UNSPECIFIED.);
#7795=COMPOSITE_CURVE_SEGMENT(.CONTINUOUS.,.T.,#7791);
#7800=TRIMMED_CURVE('',#7799,(PARAMETER_VALUE(0.E0)),(PARAMETER_VALUE(1.E0)),
.T.,.UNSPECIFIED.);
#7804=COMPOSITE_CURVE_SEGMENT(.CONTINUOUS.,.T.,#7800);
#7809=TRIMMED_CURVE('',#7808,(PARAMETER_VALUE(0.E0)),(PARAMETER_VALUE(1.E0)),
.T.,.UNSPECIFIED.);
#7813=COMPOSITE_CURVE_SEGMENT(.CONTINUOUS.,.T.,#7809);
#7818=TRIMMED_CURVE('',#7817,(PARAMETER_VALUE(0.E0)),(PARAMETER_VALUE(1.E0)),
.T.,.UNSPECIFIED.);
#7822=COMPOSITE_CURVE_SEGMENT(.CONTINUOUS.,.T.,#7818);
#7827=TRIMMED_CURVE('',#7826,(PARAMETER_VALUE(0.E0)),(PARAMETER_VALUE(1.E0)),
.T.,.UNSPECIFIED.);
#7831=COMPOSITE_CURVE_SEGMENT(.CONTINUOUS.,.T.,#7827);
#7836=TRIMMED_CURVE('',#7835,(PARAMETER_VALUE(0.E0)),(PARAMETER_VALUE(1.E0)),
.T.,.UNSPECIFIED.);
#7840=COMPOSITE_CURVE_SEGMENT(.CONTINUOUS.,.T.,#7836);
#7845=TRIMMED_CURVE('',#7844,(PARAMETER_VALUE(0.E0)),(PARAMETER_VALUE(1.E0)),
.T.,.UNSPECIFIED.);
#7849=COMPOSITE_CURVE_SEGMENT(.CONTINUOUS.,.T.,#7845);
#7854=TRIMMED_CURVE('',#7853,(PARAMETER_VALUE(0.E0)),(PARAMETER_VALUE(1.E0)),
.T.,.UNSPECIFIED.);
#7858=COMPOSITE_CURVE_SEGMENT(.CONTINUOUS.,.T.,#7854);
#7863=TRIMMED_CURVE('',#7862,(PARAMETER_VALUE(0.E0)),(PARAMETER_VALUE(1.E0)),
.T.,.UNSPECIFIED.);
#7867=COMPOSITE_CURVE_SEGMENT(.CONTINUOUS.,.T.,#7863);
#7872=TRIMMED_CURVE('',#7871,(PARAMETER_VALUE(0.E0)),(PARAMETER_VALUE(1.E0)),
.T.,.UNSPECIFIED.);
#7876=COMPOSITE_CURVE_SEGMENT(.CONTINUOUS.,.T.,#7872);
#7881=TRIMMED_CURVE('',#7880,(PARAMETER_VALUE(0.E0)),(PARAMETER_VALUE(1.E0)),
.T.,.UNSPECIFIED.);
#7885=COMPOSITE_CURVE_SEGMENT(.CONTINUOUS.,.T.,#7881);
#7890=TRIMMED_CURVE('',#7889,(PARAMETER_VALUE(0.E0)),(PARAMETER_VALUE(1.E0)),
.T.,.UNSPECIFIED.);
#7894=COMPOSITE_CURVE_SEGMENT(.CONTINUOUS.,.T.,#7890);
#7899=TRIMMED_CURVE('',#7898,(PARAMETER_VALUE(0.E0)),(PARAMETER_VALUE(1.E0)),
.T.,.UNSPECIFIED.);
#7903=COMPOSITE_CURVE_SEGMENT(.CONTINUOUS.,.T.,#7899);
#7908=TRIMMED_CURVE('',#7907,(PARAMETER_VALUE(0.E0)),(PARAMETER_VALUE(1.E0)),
.T.,.UNSPECIFIED.);
#7912=COMPOSITE_CURVE_SEGMENT(.CONTINUOUS.,.T.,#7908);
#7917=TRIMMED_CURVE('',#7916,(PARAMETER_VALUE(0.E0)),(PARAMETER_VALUE(1.E0)),
.T.,.UNSPECIFIED.);
#7921=COMPOSITE_CURVE_SEGMENT(.CONTINUOUS.,.T.,#7917);
#7926=TRIMMED_CURVE('',#7925,(PARAMETER_VALUE(0.E0)),(PARAMETER_VALUE(1.E0)),
.T.,.UNSPECIFIED.);
#7930=COMPOSITE_CURVE_SEGMENT(.CONTINUOUS.,.T.,#7926);
#7935=TRIMMED_CURVE('',#7934,(PARAMETER_VALUE(0.E0)),(PARAMETER_VALUE(1.E0)),
.T.,.UNSPECIFIED.);
#7939=COMPOSITE_CURVE_SEGMENT(.CONTINUOUS.,.T.,#7935);
#7944=TRIMMED_CURVE('',#7943,(PARAMETER_VALUE(0.E0)),(PARAMETER_VALUE(1.E0)),
.T.,.UNSPECIFIED.);
#7948=COMPOSITE_CURVE_SEGMENT(.CONTINUOUS.,.T.,#7944);
#7953=TRIMMED_CURVE('',#7952,(PARAMETER_VALUE(0.E0)),(PARAMETER_VALUE(1.E0)),
.T.,.UNSPECIFIED.);
#7957=COMPOSITE_CURVE_SEGMENT(.CONTINUOUS.,.T.,#7953);
#7962=TRIMMED_CURVE('',#7961,(PARAMETER_VALUE(0.E0)),(PARAMETER_VALUE(1.E0)),
.T.,.UNSPECIFIED.);
#7966=COMPOSITE_CURVE_SEGMENT(.CONTINUOUS.,.T.,#7962);
#7971=TRIMMED_CURVE('',#7970,(PARAMETER_VALUE(0.E0)),(PARAMETER_VALUE(1.E0)),
.T.,.UNSPECIFIED.);
#7975=COMPOSITE_CURVE_SEGMENT(.CONTINUOUS.,.T.,#7971);
#7980=TRIMMED_CURVE('',#7979,(PARAMETER_VALUE(0.E0)),(PARAMETER_VALUE(1.E0)),
.T.,.UNSPECIFIED.);
#7984=COMPOSITE_CURVE_SEGMENT(.CONTINUOUS.,.T.,#7980);
#7989=TRIMMED_CURVE('',#7988,(PARAMETER_VALUE(0.E0)),(PARAMETER_VALUE(1.E0)),
.T.,.UNSPECIFIED.);
#7993=COMPOSITE_CURVE_SEGMENT(.CONTINUOUS.,.T.,#7989);
#7998=TRIMMED_CURVE('',#7997,(PARAMETER_VALUE(0.E0)),(PARAMETER_VALUE(1.E0)),
.T.,.UNSPECIFIED.);
#8002=COMPOSITE_CURVE_SEGMENT(.CONTINUOUS.,.T.,#7998);
#8007=TRIMMED_CURVE('',#8006,(PARAMETER_VALUE(0.E0)),(PARAMETER_VALUE(1.E0)),
.T.,.UNSPECIFIED.);
#8011=COMPOSITE_CURVE_SEGMENT(.CONTINUOUS.,.T.,#8007);
#8016=TRIMMED_CURVE('',#8015,(PARAMETER_VALUE(0.E0)),(PARAMETER_VALUE(1.E0)),
.T.,.UNSPECIFIED.);
#8020=COMPOSITE_CURVE_SEGMENT(.CONTINUOUS.,.T.,#8016);
#8025=TRIMMED_CURVE('',#8024,(PARAMETER_VALUE(0.E0)),(PARAMETER_VALUE(1.E0)),
.T.,.UNSPECIFIED.);
#8029=COMPOSITE_CURVE_SEGMENT(.CONTINUOUS.,.T.,#8025);
#8034=TRIMMED_CURVE('',#8033,(PARAMETER_VALUE(0.E0)),(PARAMETER_VALUE(1.E0)),
.T.,.UNSPECIFIED.);
#8038=COMPOSITE_CURVE_SEGMENT(.CONTINUOUS.,.T.,#8034);
#8043=TRIMMED_CURVE('',#8042,(PARAMETER_VALUE(0.E0)),(PARAMETER_VALUE(1.E0)),
.T.,.UNSPECIFIED.);
#8047=COMPOSITE_CURVE_SEGMENT(.CONTINUOUS.,.T.,#8043);
#8052=TRIMMED_CURVE('',#8051,(PARAMETER_VALUE(0.E0)),(PARAMETER_VALUE(1.E0)),
.T.,.UNSPECIFIED.);
#8056=COMPOSITE_CURVE_SEGMENT(.CONTINUOUS.,.T.,#8052);
#8061=TRIMMED_CURVE('',#8060,(PARAMETER_VALUE(0.E0)),(PARAMETER_VALUE(1.E0)),
.T.,.UNSPECIFIED.);
#8065=COMPOSITE_CURVE_SEGMENT(.CONTINUOUS.,.T.,#8061);
#8070=TRIMMED_CURVE('',#8069,(PARAMETER_VALUE(0.E0)),(PARAMETER_VALUE(1.E0)),
.T.,.UNSPECIFIED.);
#8074=COMPOSITE_CURVE_SEGMENT(.CONTINUOUS.,.T.,#8070);
#8079=TRIMMED_CURVE('',#8078,(PARAMETER_VALUE(0.E0)),(PARAMETER_VALUE(1.E0)),
.T.,.UNSPECIFIED.);
#8083=COMPOSITE_CURVE_SEGMENT(.CONTINUOUS.,.T.,#8079);
#8088=TRIMMED_CURVE('',#8087,(PARAMETER_VALUE(0.E0)),(PARAMETER_VALUE(1.E0)),
.T.,.UNSPECIFIED.);
#8092=COMPOSITE_CURVE_SEGMENT(.CONTINUOUS.,.T.,#8088);
#8097=TRIMMED_CURVE('',#8096,(PARAMETER_VALUE(0.E0)),(PARAMETER_VALUE(1.E0)),
.T.,.UNSPECIFIED.);
#8101=COMPOSITE_CURVE_SEGMENT(.CONTINUOUS.,.T.,#8097);
#8102=COMPOSITE_CURVE('',(#7714,#7723,#7732,#7741,#7750,#7759,#7768,#7777,#7786,
#7795,#7804,#7813,#7822,#7831,#7840,#7849,#7858,#7867,#7876,#7885,#7894,#7903,
#7912,#7921,#7930,#7939,#7948,#7957,#7966,#7975,#7984,#7993,#8002,#8011,#8020,
#8029,#8038,#8047,#8056,#8065,#8074,#8083,#8092,#8101),.F.);
#8107=TRIMMED_CURVE('',#8106,(PARAMETER_VALUE(0.E0)),(PARAMETER_VALUE(1.E0)),
.T.,.UNSPECIFIED.);
#8111=COMPOSITE_CURVE_SEGMENT(.CONTINUOUS.,.T.,#8107);
#8116=TRIMMED_CURVE('',#8115,(PARAMETER_VALUE(0.E0)),(PARAMETER_VALUE(1.E0)),
.T.,.UNSPECIFIED.);
#8120=COMPOSITE_CURVE_SEGMENT(.CONTINUOUS.,.T.,#8116);
#8125=TRIMMED_CURVE('',#8124,(PARAMETER_VALUE(0.E0)),(PARAMETER_VALUE(1.E0)),
.T.,.UNSPECIFIED.);
#8129=COMPOSITE_CURVE_SEGMENT(.CONTINUOUS.,.T.,#8125);
#8134=TRIMMED_CURVE('',#8133,(PARAMETER_VALUE(0.E0)),(PARAMETER_VALUE(1.E0)),
.T.,.UNSPECIFIED.);
#8138=COMPOSITE_CURVE_SEGMENT(.CONTINUOUS.,.T.,#8134);
#8143=TRIMMED_CURVE('',#8142,(PARAMETER_VALUE(0.E0)),(PARAMETER_VALUE(1.E0)),
.T.,.UNSPECIFIED.);
#8147=COMPOSITE_CURVE_SEGMENT(.CONTINUOUS.,.T.,#8143);
#8152=TRIMMED_CURVE('',#8151,(PARAMETER_VALUE(0.E0)),(PARAMETER_VALUE(1.E0)),
.T.,.UNSPECIFIED.);
#8156=COMPOSITE_CURVE_SEGMENT(.CONTINUOUS.,.T.,#8152);
#8161=TRIMMED_CURVE('',#8160,(PARAMETER_VALUE(0.E0)),(PARAMETER_VALUE(1.E0)),
.T.,.UNSPECIFIED.);
#8165=COMPOSITE_CURVE_SEGMENT(.CONTINUOUS.,.T.,#8161);
#8170=TRIMMED_CURVE('',#8169,(PARAMETER_VALUE(0.E0)),(PARAMETER_VALUE(1.E0)),
.T.,.UNSPECIFIED.);
#8174=COMPOSITE_CURVE_SEGMENT(.CONTINUOUS.,.T.,#8170);
#8179=TRIMMED_CURVE('',#8178,(PARAMETER_VALUE(0.E0)),(PARAMETER_VALUE(1.E0)),
.T.,.UNSPECIFIED.);
#8183=COMPOSITE_CURVE_SEGMENT(.CONTINUOUS.,.T.,#8179);
#8188=TRIMMED_CURVE('',#8187,(PARAMETER_VALUE(0.E0)),(PARAMETER_VALUE(1.E0)),
.T.,.UNSPECIFIED.);
#8192=COMPOSITE_CURVE_SEGMENT(.CONTINUOUS.,.T.,#8188);
#8197=TRIMMED_CURVE('',#8196,(PARAMETER_VALUE(0.E0)),(PARAMETER_VALUE(1.E0)),
.T.,.UNSPECIFIED.);
#8201=COMPOSITE_CURVE_SEGMENT(.CONTINUOUS.,.T.,#8197);
#8206=TRIMMED_CURVE('',#8205,(PARAMETER_VALUE(0.E0)),(PARAMETER_VALUE(1.E0)),
.T.,.UNSPECIFIED.);
#8210=COMPOSITE_CURVE_SEGMENT(.CONTINUOUS.,.T.,#8206);
#8215=TRIMMED_CURVE('',#8214,(PARAMETER_VALUE(0.E0)),(PARAMETER_VALUE(1.E0)),
.T.,.UNSPECIFIED.);
#8219=COMPOSITE_CURVE_SEGMENT(.CONTINUOUS.,.T.,#8215);
#8224=TRIMMED_CURVE('',#8223,(PARAMETER_VALUE(0.E0)),(PARAMETER_VALUE(1.E0)),
.T.,.UNSPECIFIED.);
#8228=COMPOSITE_CURVE_SEGMENT(.CONTINUOUS.,.T.,#8224);
#8233=TRIMMED_CURVE('',#8232,(PARAMETER_VALUE(0.E0)),(PARAMETER_VALUE(1.E0)),
.T.,.UNSPECIFIED.);
#8237=COMPOSITE_CURVE_SEGMENT(.CONTINUOUS.,.T.,#8233);
#8242=TRIMMED_CURVE('',#8241,(PARAMETER_VALUE(0.E0)),(PARAMETER_VALUE(1.E0)),
.T.,.UNSPECIFIED.);
#8246=COMPOSITE_CURVE_SEGMENT(.CONTINUOUS.,.T.,#8242);
#8251=TRIMMED_CURVE('',#8250,(PARAMETER_VALUE(0.E0)),(PARAMETER_VALUE(1.E0)),
.T.,.UNSPECIFIED.);
#8255=COMPOSITE_CURVE_SEGMENT(.CONTINUOUS.,.T.,#8251);
#8260=TRIMMED_CURVE('',#8259,(PARAMETER_VALUE(0.E0)),(PARAMETER_VALUE(1.E0)),
.T.,.UNSPECIFIED.);
#8264=COMPOSITE_CURVE_SEGMENT(.CONTINUOUS.,.T.,#8260);
#8269=TRIMMED_CURVE('',#8268,(PARAMETER_VALUE(0.E0)),(PARAMETER_VALUE(1.E0)),
.T.,.UNSPECIFIED.);
#8273=COMPOSITE_CURVE_SEGMENT(.CONTINUOUS.,.T.,#8269);
#8274=COMPOSITE_CURVE('',(#8111,#8120,#8129,#8138,#8147,#8156,#8165,#8174,#8183,
#8192,#8201,#8210,#8219,#8228,#8237,#8246,#8255,#8264,#8273),.F.);
#8279=TRIMMED_CURVE('',#8278,(PARAMETER_VALUE(0.E0)),(PARAMETER_VALUE(1.E0)),
.T.,.UNSPECIFIED.);
#8283=COMPOSITE_CURVE_SEGMENT(.CONTINUOUS.,.T.,#8279);
#8288=TRIMMED_CURVE('',#8287,(PARAMETER_VALUE(0.E0)),(PARAMETER_VALUE(1.E0)),
.T.,.UNSPECIFIED.);
#8292=COMPOSITE_CURVE_SEGMENT(.CONTINUOUS.,.T.,#8288);
#8297=TRIMMED_CURVE('',#8296,(PARAMETER_VALUE(0.E0)),(PARAMETER_VALUE(1.E0)),
.T.,.UNSPECIFIED.);
#8301=COMPOSITE_CURVE_SEGMENT(.CONTINUOUS.,.T.,#8297);
#8306=TRIMMED_CURVE('',#8305,(PARAMETER_VALUE(0.E0)),(PARAMETER_VALUE(1.E0)),
.T.,.UNSPECIFIED.);
#8310=COMPOSITE_CURVE_SEGMENT(.CONTINUOUS.,.T.,#8306);
#8315=TRIMMED_CURVE('',#8314,(PARAMETER_VALUE(0.E0)),(PARAMETER_VALUE(1.E0)),
.T.,.UNSPECIFIED.);
#8319=COMPOSITE_CURVE_SEGMENT(.CONTINUOUS.,.T.,#8315);
#8324=TRIMMED_CURVE('',#8323,(PARAMETER_VALUE(0.E0)),(PARAMETER_VALUE(1.E0)),
.T.,.UNSPECIFIED.);
#8328=COMPOSITE_CURVE_SEGMENT(.CONTINUOUS.,.T.,#8324);
#8333=TRIMMED_CURVE('',#8332,(PARAMETER_VALUE(0.E0)),(PARAMETER_VALUE(1.E0)),
.T.,.UNSPECIFIED.);
#8337=COMPOSITE_CURVE_SEGMENT(.CONTINUOUS.,.T.,#8333);
#8342=TRIMMED_CURVE('',#8341,(PARAMETER_VALUE(0.E0)),(PARAMETER_VALUE(1.E0)),
.T.,.UNSPECIFIED.);
#8346=COMPOSITE_CURVE_SEGMENT(.CONTINUOUS.,.T.,#8342);
#8351=TRIMMED_CURVE('',#8350,(PARAMETER_VALUE(0.E0)),(PARAMETER_VALUE(1.E0)),
.T.,.UNSPECIFIED.);
#8355=COMPOSITE_CURVE_SEGMENT(.CONTINUOUS.,.T.,#8351);
#8360=TRIMMED_CURVE('',#8359,(PARAMETER_VALUE(0.E0)),(PARAMETER_VALUE(1.E0)),
.T.,.UNSPECIFIED.);
#8364=COMPOSITE_CURVE_SEGMENT(.CONTINUOUS.,.T.,#8360);
#8365=COMPOSITE_CURVE('',(#8283,#8292,#8301,#8310,#8319,#8328,#8337,#8346,#8355,
#8364),.F.);
#8370=TRIMMED_CURVE('',#8369,(PARAMETER_VALUE(0.E0)),(PARAMETER_VALUE(1.E0)),
.T.,.UNSPECIFIED.);
#8374=COMPOSITE_CURVE_SEGMENT(.CONTINUOUS.,.T.,#8370);
#8379=TRIMMED_CURVE('',#8378,(PARAMETER_VALUE(0.E0)),(PARAMETER_VALUE(1.E0)),
.T.,.UNSPECIFIED.);
#8383=COMPOSITE_CURVE_SEGMENT(.CONTINUOUS.,.T.,#8379);
#8388=TRIMMED_CURVE('',#8387,(PARAMETER_VALUE(0.E0)),(PARAMETER_VALUE(1.E0)),
.T.,.UNSPECIFIED.);
#8392=COMPOSITE_CURVE_SEGMENT(.CONTINUOUS.,.T.,#8388);
#8397=TRIMMED_CURVE('',#8396,(PARAMETER_VALUE(0.E0)),(PARAMETER_VALUE(1.E0)),
.T.,.UNSPECIFIED.);
#8401=COMPOSITE_CURVE_SEGMENT(.CONTINUOUS.,.T.,#8397);
#8406=TRIMMED_CURVE('',#8405,(PARAMETER_VALUE(0.E0)),(PARAMETER_VALUE(1.E0)),
.T.,.UNSPECIFIED.);
#8410=COMPOSITE_CURVE_SEGMENT(.CONTINUOUS.,.T.,#8406);
#8415=TRIMMED_CURVE('',#8414,(PARAMETER_VALUE(0.E0)),(PARAMETER_VALUE(1.E0)),
.T.,.UNSPECIFIED.);
#8419=COMPOSITE_CURVE_SEGMENT(.CONTINUOUS.,.T.,#8415);
#8424=TRIMMED_CURVE('',#8423,(PARAMETER_VALUE(0.E0)),(PARAMETER_VALUE(1.E0)),
.T.,.UNSPECIFIED.);
#8428=COMPOSITE_CURVE_SEGMENT(.CONTINUOUS.,.T.,#8424);
#8433=TRIMMED_CURVE('',#8432,(PARAMETER_VALUE(0.E0)),(PARAMETER_VALUE(1.E0)),
.T.,.UNSPECIFIED.);
#8437=COMPOSITE_CURVE_SEGMENT(.CONTINUOUS.,.T.,#8433);
#8442=TRIMMED_CURVE('',#8441,(PARAMETER_VALUE(0.E0)),(PARAMETER_VALUE(1.E0)),
.T.,.UNSPECIFIED.);
#8446=COMPOSITE_CURVE_SEGMENT(.CONTINUOUS.,.T.,#8442);
#8451=TRIMMED_CURVE('',#8450,(PARAMETER_VALUE(0.E0)),(PARAMETER_VALUE(1.E0)),
.T.,.UNSPECIFIED.);
#8455=COMPOSITE_CURVE_SEGMENT(.CONTINUOUS.,.T.,#8451);
#8456=COMPOSITE_CURVE('',(#8374,#8383,#8392,#8401,#8410,#8419,#8428,#8437,#8446,
#8455),.F.);
#8461=TRIMMED_CURVE('',#8460,(PARAMETER_VALUE(0.E0)),(PARAMETER_VALUE(1.E0)),
.T.,.UNSPECIFIED.);
#8465=COMPOSITE_CURVE_SEGMENT(.CONTINUOUS.,.T.,#8461);
#8470=TRIMMED_CURVE('',#8469,(PARAMETER_VALUE(0.E0)),(PARAMETER_VALUE(1.E0)),
.T.,.UNSPECIFIED.);
#8474=COMPOSITE_CURVE_SEGMENT(.CONTINUOUS.,.T.,#8470);
#8479=TRIMMED_CURVE('',#8478,(PARAMETER_VALUE(0.E0)),(PARAMETER_VALUE(1.E0)),
.T.,.UNSPECIFIED.);
#8483=COMPOSITE_CURVE_SEGMENT(.CONTINUOUS.,.T.,#8479);
#8488=TRIMMED_CURVE('',#8487,(PARAMETER_VALUE(0.E0)),(PARAMETER_VALUE(1.E0)),
.T.,.UNSPECIFIED.);
#8492=COMPOSITE_CURVE_SEGMENT(.CONTINUOUS.,.T.,#8488);
#8497=TRIMMED_CURVE('',#8496,(PARAMETER_VALUE(0.E0)),(PARAMETER_VALUE(1.E0)),
.T.,.UNSPECIFIED.);
#8501=COMPOSITE_CURVE_SEGMENT(.CONTINUOUS.,.T.,#8497);
#8506=TRIMMED_CURVE('',#8505,(PARAMETER_VALUE(0.E0)),(PARAMETER_VALUE(1.E0)),
.T.,.UNSPECIFIED.);
#8510=COMPOSITE_CURVE_SEGMENT(.CONTINUOUS.,.T.,#8506);
#8515=TRIMMED_CURVE('',#8514,(PARAMETER_VALUE(0.E0)),(PARAMETER_VALUE(1.E0)),
.T.,.UNSPECIFIED.);
#8519=COMPOSITE_CURVE_SEGMENT(.CONTINUOUS.,.T.,#8515);
#8524=TRIMMED_CURVE('',#8523,(PARAMETER_VALUE(0.E0)),(PARAMETER_VALUE(1.E0)),
.T.,.UNSPECIFIED.);
#8528=COMPOSITE_CURVE_SEGMENT(.CONTINUOUS.,.T.,#8524);
#8533=TRIMMED_CURVE('',#8532,(PARAMETER_VALUE(0.E0)),(PARAMETER_VALUE(1.E0)),
.T.,.UNSPECIFIED.);
#8537=COMPOSITE_CURVE_SEGMENT(.CONTINUOUS.,.T.,#8533);
#8542=TRIMMED_CURVE('',#8541,(PARAMETER_VALUE(0.E0)),(PARAMETER_VALUE(1.E0)),
.T.,.UNSPECIFIED.);
#8546=COMPOSITE_CURVE_SEGMENT(.CONTINUOUS.,.T.,#8542);
#8551=TRIMMED_CURVE('',#8550,(PARAMETER_VALUE(0.E0)),(PARAMETER_VALUE(1.E0)),
.T.,.UNSPECIFIED.);
#8555=COMPOSITE_CURVE_SEGMENT(.CONTINUOUS.,.T.,#8551);
#8560=TRIMMED_CURVE('',#8559,(PARAMETER_VALUE(0.E0)),(PARAMETER_VALUE(1.E0)),
.T.,.UNSPECIFIED.);
#8564=COMPOSITE_CURVE_SEGMENT(.CONTINUOUS.,.T.,#8560);
#8565=COMPOSITE_CURVE('',(#8465,#8474,#8483,#8492,#8501,#8510,#8519,#8528,#8537,
#8546,#8555,#8564),.F.);
#8570=TRIMMED_CURVE('',#8569,(PARAMETER_VALUE(0.E0)),(PARAMETER_VALUE(1.E0)),
.T.,.UNSPECIFIED.);
#8574=COMPOSITE_CURVE_SEGMENT(.CONTINUOUS.,.T.,#8570);
#8579=TRIMMED_CURVE('',#8578,(PARAMETER_VALUE(0.E0)),(PARAMETER_VALUE(1.E0)),
.T.,.UNSPECIFIED.);
#8583=COMPOSITE_CURVE_SEGMENT(.CONTINUOUS.,.T.,#8579);
#8588=TRIMMED_CURVE('',#8587,(PARAMETER_VALUE(0.E0)),(PARAMETER_VALUE(1.E0)),
.T.,.UNSPECIFIED.);
#8592=COMPOSITE_CURVE_SEGMENT(.CONTINUOUS.,.T.,#8588);
#8597=TRIMMED_CURVE('',#8596,(PARAMETER_VALUE(0.E0)),(PARAMETER_VALUE(1.E0)),
.T.,.UNSPECIFIED.);
#8601=COMPOSITE_CURVE_SEGMENT(.CONTINUOUS.,.T.,#8597);
#8606=TRIMMED_CURVE('',#8605,(PARAMETER_VALUE(0.E0)),(PARAMETER_VALUE(1.E0)),
.T.,.UNSPECIFIED.);
#8610=COMPOSITE_CURVE_SEGMENT(.CONTINUOUS.,.T.,#8606);
#8615=TRIMMED_CURVE('',#8614,(PARAMETER_VALUE(0.E0)),(PARAMETER_VALUE(1.E0)),
.T.,.UNSPECIFIED.);
#8619=COMPOSITE_CURVE_SEGMENT(.CONTINUOUS.,.T.,#8615);
#8624=TRIMMED_CURVE('',#8623,(PARAMETER_VALUE(0.E0)),(PARAMETER_VALUE(1.E0)),
.T.,.UNSPECIFIED.);
#8628=COMPOSITE_CURVE_SEGMENT(.CONTINUOUS.,.T.,#8624);
#8633=TRIMMED_CURVE('',#8632,(PARAMETER_VALUE(0.E0)),(PARAMETER_VALUE(1.E0)),
.T.,.UNSPECIFIED.);
#8637=COMPOSITE_CURVE_SEGMENT(.CONTINUOUS.,.T.,#8633);
#8642=TRIMMED_CURVE('',#8641,(PARAMETER_VALUE(0.E0)),(PARAMETER_VALUE(1.E0)),
.T.,.UNSPECIFIED.);
#8646=COMPOSITE_CURVE_SEGMENT(.CONTINUOUS.,.T.,#8642);
#8651=TRIMMED_CURVE('',#8650,(PARAMETER_VALUE(0.E0)),(PARAMETER_VALUE(1.E0)),
.T.,.UNSPECIFIED.);
#8655=COMPOSITE_CURVE_SEGMENT(.CONTINUOUS.,.T.,#8651);
#8660=TRIMMED_CURVE('',#8659,(PARAMETER_VALUE(0.E0)),(PARAMETER_VALUE(1.E0)),
.T.,.UNSPECIFIED.);
#8664=COMPOSITE_CURVE_SEGMENT(.CONTINUOUS.,.T.,#8660);
#8669=TRIMMED_CURVE('',#8668,(PARAMETER_VALUE(0.E0)),(PARAMETER_VALUE(1.E0)),
.T.,.UNSPECIFIED.);
#8673=COMPOSITE_CURVE_SEGMENT(.CONTINUOUS.,.T.,#8669);
#8678=TRIMMED_CURVE('',#8677,(PARAMETER_VALUE(0.E0)),(PARAMETER_VALUE(1.E0)),
.T.,.UNSPECIFIED.);
#8682=COMPOSITE_CURVE_SEGMENT(.CONTINUOUS.,.T.,#8678);
#8687=TRIMMED_CURVE('',#8686,(PARAMETER_VALUE(0.E0)),(PARAMETER_VALUE(1.E0)),
.T.,.UNSPECIFIED.);
#8691=COMPOSITE_CURVE_SEGMENT(.CONTINUOUS.,.T.,#8687);
#8696=TRIMMED_CURVE('',#8695,(PARAMETER_VALUE(0.E0)),(PARAMETER_VALUE(1.E0)),
.T.,.UNSPECIFIED.);
#8700=COMPOSITE_CURVE_SEGMENT(.CONTINUOUS.,.T.,#8696);
#8705=TRIMMED_CURVE('',#8704,(PARAMETER_VALUE(0.E0)),(PARAMETER_VALUE(1.E0)),
.T.,.UNSPECIFIED.);
#8709=COMPOSITE_CURVE_SEGMENT(.CONTINUOUS.,.T.,#8705);
#8714=TRIMMED_CURVE('',#8713,(PARAMETER_VALUE(0.E0)),(PARAMETER_VALUE(1.E0)),
.T.,.UNSPECIFIED.);
#8718=COMPOSITE_CURVE_SEGMENT(.CONTINUOUS.,.T.,#8714);
#8723=TRIMMED_CURVE('',#8722,(PARAMETER_VALUE(0.E0)),(PARAMETER_VALUE(1.E0)),
.T.,.UNSPECIFIED.);
#8727=COMPOSITE_CURVE_SEGMENT(.CONTINUOUS.,.T.,#8723);
#8732=TRIMMED_CURVE('',#8731,(PARAMETER_VALUE(0.E0)),(PARAMETER_VALUE(1.E0)),
.T.,.UNSPECIFIED.);
#8736=COMPOSITE_CURVE_SEGMENT(.CONTINUOUS.,.T.,#8732);
#8741=TRIMMED_CURVE('',#8740,(PARAMETER_VALUE(0.E0)),(PARAMETER_VALUE(1.E0)),
.T.,.UNSPECIFIED.);
#8745=COMPOSITE_CURVE_SEGMENT(.CONTINUOUS.,.T.,#8741);
#8750=TRIMMED_CURVE('',#8749,(PARAMETER_VALUE(0.E0)),(PARAMETER_VALUE(1.E0)),
.T.,.UNSPECIFIED.);
#8754=COMPOSITE_CURVE_SEGMENT(.CONTINUOUS.,.T.,#8750);
#8759=TRIMMED_CURVE('',#8758,(PARAMETER_VALUE(0.E0)),(PARAMETER_VALUE(1.E0)),
.T.,.UNSPECIFIED.);
#8763=COMPOSITE_CURVE_SEGMENT(.CONTINUOUS.,.T.,#8759);
#8768=TRIMMED_CURVE('',#8767,(PARAMETER_VALUE(0.E0)),(PARAMETER_VALUE(1.E0)),
.T.,.UNSPECIFIED.);
#8772=COMPOSITE_CURVE_SEGMENT(.CONTINUOUS.,.T.,#8768);
#8777=TRIMMED_CURVE('',#8776,(PARAMETER_VALUE(0.E0)),(PARAMETER_VALUE(1.E0)),
.T.,.UNSPECIFIED.);
#8781=COMPOSITE_CURVE_SEGMENT(.CONTINUOUS.,.T.,#8777);
#8786=TRIMMED_CURVE('',#8785,(PARAMETER_VALUE(0.E0)),(PARAMETER_VALUE(1.E0)),
.T.,.UNSPECIFIED.);
#8790=COMPOSITE_CURVE_SEGMENT(.CONTINUOUS.,.T.,#8786);
#8795=TRIMMED_CURVE('',#8794,(PARAMETER_VALUE(0.E0)),(PARAMETER_VALUE(1.E0)),
.T.,.UNSPECIFIED.);
#8799=COMPOSITE_CURVE_SEGMENT(.CONTINUOUS.,.T.,#8795);
#8804=TRIMMED_CURVE('',#8803,(PARAMETER_VALUE(0.E0)),(PARAMETER_VALUE(1.E0)),
.T.,.UNSPECIFIED.);
#8808=COMPOSITE_CURVE_SEGMENT(.CONTINUOUS.,.T.,#8804);
#8813=TRIMMED_CURVE('',#8812,(PARAMETER_VALUE(0.E0)),(PARAMETER_VALUE(1.E0)),
.T.,.UNSPECIFIED.);
#8817=COMPOSITE_CURVE_SEGMENT(.CONTINUOUS.,.T.,#8813);
#8822=TRIMMED_CURVE('',#8821,(PARAMETER_VALUE(0.E0)),(PARAMETER_VALUE(1.E0)),
.T.,.UNSPECIFIED.);
#8826=COMPOSITE_CURVE_SEGMENT(.CONTINUOUS.,.T.,#8822);
#8831=TRIMMED_CURVE('',#8830,(PARAMETER_VALUE(0.E0)),(PARAMETER_VALUE(1.E0)),
.T.,.UNSPECIFIED.);
#8835=COMPOSITE_CURVE_SEGMENT(.CONTINUOUS.,.T.,#8831);
#8840=TRIMMED_CURVE('',#8839,(PARAMETER_VALUE(0.E0)),(PARAMETER_VALUE(1.E0)),
.T.,.UNSPECIFIED.);
#8844=COMPOSITE_CURVE_SEGMENT(.CONTINUOUS.,.T.,#8840);
#8849=TRIMMED_CURVE('',#8848,(PARAMETER_VALUE(0.E0)),(PARAMETER_VALUE(1.E0)),
.T.,.UNSPECIFIED.);
#8853=COMPOSITE_CURVE_SEGMENT(.CONTINUOUS.,.T.,#8849);
#8858=TRIMMED_CURVE('',#8857,(PARAMETER_VALUE(0.E0)),(PARAMETER_VALUE(1.E0)),
.T.,.UNSPECIFIED.);
#8862=COMPOSITE_CURVE_SEGMENT(.CONTINUOUS.,.T.,#8858);
#8867=TRIMMED_CURVE('',#8866,(PARAMETER_VALUE(0.E0)),(PARAMETER_VALUE(1.E0)),
.T.,.UNSPECIFIED.);
#8871=COMPOSITE_CURVE_SEGMENT(.CONTINUOUS.,.T.,#8867);
#8876=TRIMMED_CURVE('',#8875,(PARAMETER_VALUE(0.E0)),(PARAMETER_VALUE(1.E0)),
.T.,.UNSPECIFIED.);
#8880=COMPOSITE_CURVE_SEGMENT(.CONTINUOUS.,.T.,#8876);
#8885=TRIMMED_CURVE('',#8884,(PARAMETER_VALUE(0.E0)),(PARAMETER_VALUE(1.E0)),
.T.,.UNSPECIFIED.);
#8889=COMPOSITE_CURVE_SEGMENT(.CONTINUOUS.,.T.,#8885);
#8894=TRIMMED_CURVE('',#8893,(PARAMETER_VALUE(0.E0)),(PARAMETER_VALUE(1.E0)),
.T.,.UNSPECIFIED.);
#8898=COMPOSITE_CURVE_SEGMENT(.CONTINUOUS.,.T.,#8894);
#8903=TRIMMED_CURVE('',#8902,(PARAMETER_VALUE(0.E0)),(PARAMETER_VALUE(1.E0)),
.T.,.UNSPECIFIED.);
#8907=COMPOSITE_CURVE_SEGMENT(.CONTINUOUS.,.T.,#8903);
#8912=TRIMMED_CURVE('',#8911,(PARAMETER_VALUE(0.E0)),(PARAMETER_VALUE(1.E0)),
.T.,.UNSPECIFIED.);
#8916=COMPOSITE_CURVE_SEGMENT(.CONTINUOUS.,.T.,#8912);
#8921=TRIMMED_CURVE('',#8920,(PARAMETER_VALUE(0.E0)),(PARAMETER_VALUE(1.E0)),
.T.,.UNSPECIFIED.);
#8925=COMPOSITE_CURVE_SEGMENT(.CONTINUOUS.,.T.,#8921);
#8930=TRIMMED_CURVE('',#8929,(PARAMETER_VALUE(0.E0)),(PARAMETER_VALUE(1.E0)),
.T.,.UNSPECIFIED.);
#8934=COMPOSITE_CURVE_SEGMENT(.CONTINUOUS.,.T.,#8930);
#8939=TRIMMED_CURVE('',#8938,(PARAMETER_VALUE(0.E0)),(PARAMETER_VALUE(1.E0)),
.T.,.UNSPECIFIED.);
#8943=COMPOSITE_CURVE_SEGMENT(.CONTINUOUS.,.T.,#8939);
#8948=TRIMMED_CURVE('',#8947,(PARAMETER_VALUE(0.E0)),(PARAMETER_VALUE(1.E0)),
.T.,.UNSPECIFIED.);
#8952=COMPOSITE_CURVE_SEGMENT(.CONTINUOUS.,.T.,#8948);
#8957=TRIMMED_CURVE('',#8956,(PARAMETER_VALUE(0.E0)),(PARAMETER_VALUE(1.E0)),
.T.,.UNSPECIFIED.);
#8961=COMPOSITE_CURVE_SEGMENT(.CONTINUOUS.,.T.,#8957);
#8966=TRIMMED_CURVE('',#8965,(PARAMETER_VALUE(0.E0)),(PARAMETER_VALUE(1.E0)),
.T.,.UNSPECIFIED.);
#8970=COMPOSITE_CURVE_SEGMENT(.CONTINUOUS.,.T.,#8966);
#8975=TRIMMED_CURVE('',#8974,(PARAMETER_VALUE(0.E0)),(PARAMETER_VALUE(1.E0)),
.T.,.UNSPECIFIED.);
#8979=COMPOSITE_CURVE_SEGMENT(.CONTINUOUS.,.T.,#8975);
#8984=TRIMMED_CURVE('',#8983,(PARAMETER_VALUE(0.E0)),(PARAMETER_VALUE(1.E0)),
.T.,.UNSPECIFIED.);
#8988=COMPOSITE_CURVE_SEGMENT(.CONTINUOUS.,.T.,#8984);
#8993=TRIMMED_CURVE('',#8992,(PARAMETER_VALUE(0.E0)),(PARAMETER_VALUE(1.E0)),
.T.,.UNSPECIFIED.);
#8997=COMPOSITE_CURVE_SEGMENT(.CONTINUOUS.,.T.,#8993);
#9002=TRIMMED_CURVE('',#9001,(PARAMETER_VALUE(0.E0)),(PARAMETER_VALUE(1.E0)),
.T.,.UNSPECIFIED.);
#9006=COMPOSITE_CURVE_SEGMENT(.CONTINUOUS.,.T.,#9002);
#9011=TRIMMED_CURVE('',#9010,(PARAMETER_VALUE(0.E0)),(PARAMETER_VALUE(1.E0)),
.T.,.UNSPECIFIED.);
#9015=COMPOSITE_CURVE_SEGMENT(.CONTINUOUS.,.T.,#9011);
#9020=TRIMMED_CURVE('',#9019,(PARAMETER_VALUE(0.E0)),(PARAMETER_VALUE(1.E0)),
.T.,.UNSPECIFIED.);
#9024=COMPOSITE_CURVE_SEGMENT(.CONTINUOUS.,.T.,#9020);
#9029=TRIMMED_CURVE('',#9028,(PARAMETER_VALUE(0.E0)),(PARAMETER_VALUE(1.E0)),
.T.,.UNSPECIFIED.);
#9033=COMPOSITE_CURVE_SEGMENT(.CONTINUOUS.,.T.,#9029);
#9038=TRIMMED_CURVE('',#9037,(PARAMETER_VALUE(0.E0)),(PARAMETER_VALUE(1.E0)),
.T.,.UNSPECIFIED.);
#9042=COMPOSITE_CURVE_SEGMENT(.CONTINUOUS.,.T.,#9038);
#9047=TRIMMED_CURVE('',#9046,(PARAMETER_VALUE(0.E0)),(PARAMETER_VALUE(1.E0)),
.T.,.UNSPECIFIED.);
#9051=COMPOSITE_CURVE_SEGMENT(.CONTINUOUS.,.T.,#9047);
#9056=TRIMMED_CURVE('',#9055,(PARAMETER_VALUE(0.E0)),(PARAMETER_VALUE(1.E0)),
.T.,.UNSPECIFIED.);
#9060=COMPOSITE_CURVE_SEGMENT(.CONTINUOUS.,.T.,#9056);
#9065=TRIMMED_CURVE('',#9064,(PARAMETER_VALUE(0.E0)),(PARAMETER_VALUE(1.E0)),
.T.,.UNSPECIFIED.);
#9069=COMPOSITE_CURVE_SEGMENT(.CONTINUOUS.,.T.,#9065);
#9074=TRIMMED_CURVE('',#9073,(PARAMETER_VALUE(0.E0)),(PARAMETER_VALUE(1.E0)),
.T.,.UNSPECIFIED.);
#9078=COMPOSITE_CURVE_SEGMENT(.CONTINUOUS.,.T.,#9074);
#9079=COMPOSITE_CURVE('',(#8574,#8583,#8592,#8601,#8610,#8619,#8628,#8637,#8646,
#8655,#8664,#8673,#8682,#8691,#8700,#8709,#8718,#8727,#8736,#8745,#8754,#8763,
#8772,#8781,#8790,#8799,#8808,#8817,#8826,#8835,#8844,#8853,#8862,#8871,#8880,
#8889,#8898,#8907,#8916,#8925,#8934,#8943,#8952,#8961,#8970,#8979,#8988,#8997,
#9006,#9015,#9024,#9033,#9042,#9051,#9060,#9069,#9078),.F.);
#9084=TRIMMED_CURVE('',#9083,(PARAMETER_VALUE(0.E0)),(PARAMETER_VALUE(1.E0)),
.T.,.UNSPECIFIED.);
#9088=COMPOSITE_CURVE_SEGMENT(.CONTINUOUS.,.T.,#9084);
#9093=TRIMMED_CURVE('',#9092,(PARAMETER_VALUE(0.E0)),(PARAMETER_VALUE(1.E0)),
.T.,.UNSPECIFIED.);
#9097=COMPOSITE_CURVE_SEGMENT(.CONTINUOUS.,.T.,#9093);
#9102=TRIMMED_CURVE('',#9101,(PARAMETER_VALUE(0.E0)),(PARAMETER_VALUE(1.E0)),
.T.,.UNSPECIFIED.);
#9106=COMPOSITE_CURVE_SEGMENT(.CONTINUOUS.,.T.,#9102);
#9111=TRIMMED_CURVE('',#9110,(PARAMETER_VALUE(0.E0)),(PARAMETER_VALUE(1.E0)),
.T.,.UNSPECIFIED.);
#9115=COMPOSITE_CURVE_SEGMENT(.CONTINUOUS.,.T.,#9111);
#9120=TRIMMED_CURVE('',#9119,(PARAMETER_VALUE(0.E0)),(PARAMETER_VALUE(1.E0)),
.T.,.UNSPECIFIED.);
#9124=COMPOSITE_CURVE_SEGMENT(.CONTINUOUS.,.T.,#9120);
#9129=TRIMMED_CURVE('',#9128,(PARAMETER_VALUE(0.E0)),(PARAMETER_VALUE(1.E0)),
.T.,.UNSPECIFIED.);
#9133=COMPOSITE_CURVE_SEGMENT(.CONTINUOUS.,.T.,#9129);
#9138=TRIMMED_CURVE('',#9137,(PARAMETER_VALUE(0.E0)),(PARAMETER_VALUE(1.E0)),
.T.,.UNSPECIFIED.);
#9142=COMPOSITE_CURVE_SEGMENT(.CONTINUOUS.,.T.,#9138);
#9147=TRIMMED_CURVE('',#9146,(PARAMETER_VALUE(0.E0)),(PARAMETER_VALUE(1.E0)),
.T.,.UNSPECIFIED.);
#9151=COMPOSITE_CURVE_SEGMENT(.CONTINUOUS.,.T.,#9147);
#9156=TRIMMED_CURVE('',#9155,(PARAMETER_VALUE(0.E0)),(PARAMETER_VALUE(1.E0)),
.T.,.UNSPECIFIED.);
#9160=COMPOSITE_CURVE_SEGMENT(.CONTINUOUS.,.T.,#9156);
#9165=TRIMMED_CURVE('',#9164,(PARAMETER_VALUE(0.E0)),(PARAMETER_VALUE(1.E0)),
.T.,.UNSPECIFIED.);
#9169=COMPOSITE_CURVE_SEGMENT(.CONTINUOUS.,.T.,#9165);
#9174=TRIMMED_CURVE('',#9173,(PARAMETER_VALUE(0.E0)),(PARAMETER_VALUE(1.E0)),
.T.,.UNSPECIFIED.);
#9178=COMPOSITE_CURVE_SEGMENT(.CONTINUOUS.,.T.,#9174);
#9183=TRIMMED_CURVE('',#9182,(PARAMETER_VALUE(0.E0)),(PARAMETER_VALUE(1.E0)),
.T.,.UNSPECIFIED.);
#9187=COMPOSITE_CURVE_SEGMENT(.CONTINUOUS.,.T.,#9183);
#9192=TRIMMED_CURVE('',#9191,(PARAMETER_VALUE(0.E0)),(PARAMETER_VALUE(1.E0)),
.T.,.UNSPECIFIED.);
#9196=COMPOSITE_CURVE_SEGMENT(.CONTINUOUS.,.T.,#9192);
#9201=TRIMMED_CURVE('',#9200,(PARAMETER_VALUE(0.E0)),(PARAMETER_VALUE(1.E0)),
.T.,.UNSPECIFIED.);
#9205=COMPOSITE_CURVE_SEGMENT(.CONTINUOUS.,.T.,#9201);
#9210=TRIMMED_CURVE('',#9209,(PARAMETER_VALUE(0.E0)),(PARAMETER_VALUE(1.E0)),
.T.,.UNSPECIFIED.);
#9214=COMPOSITE_CURVE_SEGMENT(.CONTINUOUS.,.T.,#9210);
#9219=TRIMMED_CURVE('',#9218,(PARAMETER_VALUE(0.E0)),(PARAMETER_VALUE(1.E0)),
.T.,.UNSPECIFIED.);
#9223=COMPOSITE_CURVE_SEGMENT(.CONTINUOUS.,.T.,#9219);
#9228=TRIMMED_CURVE('',#9227,(PARAMETER_VALUE(0.E0)),(PARAMETER_VALUE(1.E0)),
.T.,.UNSPECIFIED.);
#9232=COMPOSITE_CURVE_SEGMENT(.CONTINUOUS.,.T.,#9228);
#9237=TRIMMED_CURVE('',#9236,(PARAMETER_VALUE(0.E0)),(PARAMETER_VALUE(1.E0)),
.T.,.UNSPECIFIED.);
#9241=COMPOSITE_CURVE_SEGMENT(.CONTINUOUS.,.T.,#9237);
#9246=TRIMMED_CURVE('',#9245,(PARAMETER_VALUE(0.E0)),(PARAMETER_VALUE(1.E0)),
.T.,.UNSPECIFIED.);
#9250=COMPOSITE_CURVE_SEGMENT(.CONTINUOUS.,.T.,#9246);
#9255=TRIMMED_CURVE('',#9254,(PARAMETER_VALUE(0.E0)),(PARAMETER_VALUE(1.E0)),
.T.,.UNSPECIFIED.);
#9259=COMPOSITE_CURVE_SEGMENT(.CONTINUOUS.,.T.,#9255);
#9264=TRIMMED_CURVE('',#9263,(PARAMETER_VALUE(0.E0)),(PARAMETER_VALUE(1.E0)),
.T.,.UNSPECIFIED.);
#9268=COMPOSITE_CURVE_SEGMENT(.CONTINUOUS.,.T.,#9264);
#9273=TRIMMED_CURVE('',#9272,(PARAMETER_VALUE(0.E0)),(PARAMETER_VALUE(1.E0)),
.T.,.UNSPECIFIED.);
#9277=COMPOSITE_CURVE_SEGMENT(.CONTINUOUS.,.T.,#9273);
#9282=TRIMMED_CURVE('',#9281,(PARAMETER_VALUE(0.E0)),(PARAMETER_VALUE(1.E0)),
.T.,.UNSPECIFIED.);
#9286=COMPOSITE_CURVE_SEGMENT(.CONTINUOUS.,.T.,#9282);
#9291=TRIMMED_CURVE('',#9290,(PARAMETER_VALUE(0.E0)),(PARAMETER_VALUE(1.E0)),
.T.,.UNSPECIFIED.);
#9295=COMPOSITE_CURVE_SEGMENT(.CONTINUOUS.,.T.,#9291);
#9300=TRIMMED_CURVE('',#9299,(PARAMETER_VALUE(0.E0)),(PARAMETER_VALUE(1.E0)),
.T.,.UNSPECIFIED.);
#9304=COMPOSITE_CURVE_SEGMENT(.CONTINUOUS.,.T.,#9300);
#9309=TRIMMED_CURVE('',#9308,(PARAMETER_VALUE(0.E0)),(PARAMETER_VALUE(1.E0)),
.T.,.UNSPECIFIED.);
#9313=COMPOSITE_CURVE_SEGMENT(.CONTINUOUS.,.T.,#9309);
#9318=TRIMMED_CURVE('',#9317,(PARAMETER_VALUE(0.E0)),(PARAMETER_VALUE(1.E0)),
.T.,.UNSPECIFIED.);
#9322=COMPOSITE_CURVE_SEGMENT(.CONTINUOUS.,.T.,#9318);
#9327=TRIMMED_CURVE('',#9326,(PARAMETER_VALUE(0.E0)),(PARAMETER_VALUE(1.E0)),
.T.,.UNSPECIFIED.);
#9331=COMPOSITE_CURVE_SEGMENT(.CONTINUOUS.,.T.,#9327);
#9332=COMPOSITE_CURVE('',(#9088,#9097,#9106,#9115,#9124,#9133,#9142,#9151,#9160,
#9169,#9178,#9187,#9196,#9205,#9214,#9223,#9232,#9241,#9250,#9259,#9268,#9277,
#9286,#9295,#9304,#9313,#9322,#9331),.F.);
#9337=TRIMMED_CURVE('',#9336,(PARAMETER_VALUE(0.E0)),(PARAMETER_VALUE(1.E0)),
.T.,.UNSPECIFIED.);
#9341=COMPOSITE_CURVE_SEGMENT(.CONTINUOUS.,.T.,#9337);
#9346=TRIMMED_CURVE('',#9345,(PARAMETER_VALUE(0.E0)),(PARAMETER_VALUE(1.E0)),
.T.,.UNSPECIFIED.);
#9350=COMPOSITE_CURVE_SEGMENT(.CONTINUOUS.,.T.,#9346);
#9355=TRIMMED_CURVE('',#9354,(PARAMETER_VALUE(0.E0)),(PARAMETER_VALUE(1.E0)),
.T.,.UNSPECIFIED.);
#9359=COMPOSITE_CURVE_SEGMENT(.CONTINUOUS.,.T.,#9355);
#9364=TRIMMED_CURVE('',#9363,(PARAMETER_VALUE(0.E0)),(PARAMETER_VALUE(1.E0)),
.T.,.UNSPECIFIED.);
#9368=COMPOSITE_CURVE_SEGMENT(.CONTINUOUS.,.T.,#9364);
#9373=TRIMMED_CURVE('',#9372,(PARAMETER_VALUE(0.E0)),(PARAMETER_VALUE(1.E0)),
.T.,.UNSPECIFIED.);
#9377=COMPOSITE_CURVE_SEGMENT(.CONTINUOUS.,.T.,#9373);
#9382=TRIMMED_CURVE('',#9381,(PARAMETER_VALUE(0.E0)),(PARAMETER_VALUE(1.E0)),
.T.,.UNSPECIFIED.);
#9386=COMPOSITE_CURVE_SEGMENT(.CONTINUOUS.,.T.,#9382);
#9391=TRIMMED_CURVE('',#9390,(PARAMETER_VALUE(0.E0)),(PARAMETER_VALUE(1.E0)),
.T.,.UNSPECIFIED.);
#9395=COMPOSITE_CURVE_SEGMENT(.CONTINUOUS.,.T.,#9391);
#9400=TRIMMED_CURVE('',#9399,(PARAMETER_VALUE(0.E0)),(PARAMETER_VALUE(1.E0)),
.T.,.UNSPECIFIED.);
#9404=COMPOSITE_CURVE_SEGMENT(.CONTINUOUS.,.T.,#9400);
#9409=TRIMMED_CURVE('',#9408,(PARAMETER_VALUE(0.E0)),(PARAMETER_VALUE(1.E0)),
.T.,.UNSPECIFIED.);
#9413=COMPOSITE_CURVE_SEGMENT(.CONTINUOUS.,.T.,#9409);
#9418=TRIMMED_CURVE('',#9417,(PARAMETER_VALUE(0.E0)),(PARAMETER_VALUE(1.E0)),
.T.,.UNSPECIFIED.);
#9422=COMPOSITE_CURVE_SEGMENT(.CONTINUOUS.,.T.,#9418);
#9427=TRIMMED_CURVE('',#9426,(PARAMETER_VALUE(0.E0)),(PARAMETER_VALUE(1.E0)),
.T.,.UNSPECIFIED.);
#9431=COMPOSITE_CURVE_SEGMENT(.CONTINUOUS.,.T.,#9427);
#9436=TRIMMED_CURVE('',#9435,(PARAMETER_VALUE(0.E0)),(PARAMETER_VALUE(1.E0)),
.T.,.UNSPECIFIED.);
#9440=COMPOSITE_CURVE_SEGMENT(.CONTINUOUS.,.T.,#9436);
#9445=TRIMMED_CURVE('',#9444,(PARAMETER_VALUE(0.E0)),(PARAMETER_VALUE(1.E0)),
.T.,.UNSPECIFIED.);
#9449=COMPOSITE_CURVE_SEGMENT(.CONTINUOUS.,.T.,#9445);
#9454=TRIMMED_CURVE('',#9453,(PARAMETER_VALUE(0.E0)),(PARAMETER_VALUE(1.E0)),
.T.,.UNSPECIFIED.);
#9458=COMPOSITE_CURVE_SEGMENT(.CONTINUOUS.,.T.,#9454);
#9463=TRIMMED_CURVE('',#9462,(PARAMETER_VALUE(0.E0)),(PARAMETER_VALUE(1.E0)),
.T.,.UNSPECIFIED.);
#9467=COMPOSITE_CURVE_SEGMENT(.CONTINUOUS.,.T.,#9463);
#9472=TRIMMED_CURVE('',#9471,(PARAMETER_VALUE(0.E0)),(PARAMETER_VALUE(1.E0)),
.T.,.UNSPECIFIED.);
#9476=COMPOSITE_CURVE_SEGMENT(.CONTINUOUS.,.T.,#9472);
#9481=TRIMMED_CURVE('',#9480,(PARAMETER_VALUE(0.E0)),(PARAMETER_VALUE(1.E0)),
.T.,.UNSPECIFIED.);
#9485=COMPOSITE_CURVE_SEGMENT(.CONTINUOUS.,.T.,#9481);
#9490=TRIMMED_CURVE('',#9489,(PARAMETER_VALUE(0.E0)),(PARAMETER_VALUE(1.E0)),
.T.,.UNSPECIFIED.);
#9494=COMPOSITE_CURVE_SEGMENT(.CONTINUOUS.,.T.,#9490);
#9499=TRIMMED_CURVE('',#9498,(PARAMETER_VALUE(0.E0)),(PARAMETER_VALUE(1.E0)),
.T.,.UNSPECIFIED.);
#9503=COMPOSITE_CURVE_SEGMENT(.CONTINUOUS.,.T.,#9499);
#9508=TRIMMED_CURVE('',#9507,(PARAMETER_VALUE(0.E0)),(PARAMETER_VALUE(1.E0)),
.T.,.UNSPECIFIED.);
#9512=COMPOSITE_CURVE_SEGMENT(.CONTINUOUS.,.T.,#9508);
#9517=TRIMMED_CURVE('',#9516,(PARAMETER_VALUE(0.E0)),(PARAMETER_VALUE(1.E0)),
.T.,.UNSPECIFIED.);
#9521=COMPOSITE_CURVE_SEGMENT(.CONTINUOUS.,.T.,#9517);
#9526=TRIMMED_CURVE('',#9525,(PARAMETER_VALUE(0.E0)),(PARAMETER_VALUE(1.E0)),
.T.,.UNSPECIFIED.);
#9530=COMPOSITE_CURVE_SEGMENT(.CONTINUOUS.,.T.,#9526);
#9535=TRIMMED_CURVE('',#9534,(PARAMETER_VALUE(0.E0)),(PARAMETER_VALUE(1.E0)),
.T.,.UNSPECIFIED.);
#9539=COMPOSITE_CURVE_SEGMENT(.CONTINUOUS.,.T.,#9535);
#9544=TRIMMED_CURVE('',#9543,(PARAMETER_VALUE(0.E0)),(PARAMETER_VALUE(1.E0)),
.T.,.UNSPECIFIED.);
#9548=COMPOSITE_CURVE_SEGMENT(.CONTINUOUS.,.T.,#9544);
#9553=TRIMMED_CURVE('',#9552,(PARAMETER_VALUE(0.E0)),(PARAMETER_VALUE(1.E0)),
.T.,.UNSPECIFIED.);
#9557=COMPOSITE_CURVE_SEGMENT(.CONTINUOUS.,.T.,#9553);
#9562=TRIMMED_CURVE('',#9561,(PARAMETER_VALUE(0.E0)),(PARAMETER_VALUE(1.E0)),
.T.,.UNSPECIFIED.);
#9566=COMPOSITE_CURVE_SEGMENT(.CONTINUOUS.,.T.,#9562);
#9567=COMPOSITE_CURVE('',(#9341,#9350,#9359,#9368,#9377,#9386,#9395,#9404,#9413,
#9422,#9431,#9440,#9449,#9458,#9467,#9476,#9485,#9494,#9503,#9512,#9521,#9530,
#9539,#9548,#9557,#9566),.F.);
#9572=TRIMMED_CURVE('',#9571,(PARAMETER_VALUE(0.E0)),(PARAMETER_VALUE(1.E0)),
.T.,.UNSPECIFIED.);
#9576=COMPOSITE_CURVE_SEGMENT(.CONTINUOUS.,.T.,#9572);
#9581=TRIMMED_CURVE('',#9580,(PARAMETER_VALUE(0.E0)),(PARAMETER_VALUE(1.E0)),
.T.,.UNSPECIFIED.);
#9585=COMPOSITE_CURVE_SEGMENT(.CONTINUOUS.,.T.,#9581);
#9590=TRIMMED_CURVE('',#9589,(PARAMETER_VALUE(0.E0)),(PARAMETER_VALUE(1.E0)),
.T.,.UNSPECIFIED.);
#9594=COMPOSITE_CURVE_SEGMENT(.CONTINUOUS.,.T.,#9590);
#9599=TRIMMED_CURVE('',#9598,(PARAMETER_VALUE(0.E0)),(PARAMETER_VALUE(1.E0)),
.T.,.UNSPECIFIED.);
#9603=COMPOSITE_CURVE_SEGMENT(.CONTINUOUS.,.T.,#9599);
#9608=TRIMMED_CURVE('',#9607,(PARAMETER_VALUE(0.E0)),(PARAMETER_VALUE(1.E0)),
.T.,.UNSPECIFIED.);
#9612=COMPOSITE_CURVE_SEGMENT(.CONTINUOUS.,.T.,#9608);
#9617=TRIMMED_CURVE('',#9616,(PARAMETER_VALUE(0.E0)),(PARAMETER_VALUE(1.E0)),
.T.,.UNSPECIFIED.);
#9621=COMPOSITE_CURVE_SEGMENT(.CONTINUOUS.,.T.,#9617);
#9626=TRIMMED_CURVE('',#9625,(PARAMETER_VALUE(0.E0)),(PARAMETER_VALUE(1.E0)),
.T.,.UNSPECIFIED.);
#9630=COMPOSITE_CURVE_SEGMENT(.CONTINUOUS.,.T.,#9626);
#9635=TRIMMED_CURVE('',#9634,(PARAMETER_VALUE(0.E0)),(PARAMETER_VALUE(1.E0)),
.T.,.UNSPECIFIED.);
#9639=COMPOSITE_CURVE_SEGMENT(.CONTINUOUS.,.T.,#9635);
#9644=TRIMMED_CURVE('',#9643,(PARAMETER_VALUE(0.E0)),(PARAMETER_VALUE(1.E0)),
.T.,.UNSPECIFIED.);
#9648=COMPOSITE_CURVE_SEGMENT(.CONTINUOUS.,.T.,#9644);
#9653=TRIMMED_CURVE('',#9652,(PARAMETER_VALUE(0.E0)),(PARAMETER_VALUE(1.E0)),
.T.,.UNSPECIFIED.);
#9657=COMPOSITE_CURVE_SEGMENT(.CONTINUOUS.,.T.,#9653);
#9662=TRIMMED_CURVE('',#9661,(PARAMETER_VALUE(0.E0)),(PARAMETER_VALUE(1.E0)),
.T.,.UNSPECIFIED.);
#9666=COMPOSITE_CURVE_SEGMENT(.CONTINUOUS.,.T.,#9662);
#9671=TRIMMED_CURVE('',#9670,(PARAMETER_VALUE(0.E0)),(PARAMETER_VALUE(1.E0)),
.T.,.UNSPECIFIED.);
#9675=COMPOSITE_CURVE_SEGMENT(.CONTINUOUS.,.T.,#9671);
#9680=TRIMMED_CURVE('',#9679,(PARAMETER_VALUE(0.E0)),(PARAMETER_VALUE(1.E0)),
.T.,.UNSPECIFIED.);
#9684=COMPOSITE_CURVE_SEGMENT(.CONTINUOUS.,.T.,#9680);
#9689=TRIMMED_CURVE('',#9688,(PARAMETER_VALUE(0.E0)),(PARAMETER_VALUE(1.E0)),
.T.,.UNSPECIFIED.);
#9693=COMPOSITE_CURVE_SEGMENT(.CONTINUOUS.,.T.,#9689);
#9698=TRIMMED_CURVE('',#9697,(PARAMETER_VALUE(0.E0)),(PARAMETER_VALUE(1.E0)),
.T.,.UNSPECIFIED.);
#9702=COMPOSITE_CURVE_SEGMENT(.CONTINUOUS.,.T.,#9698);
#9707=TRIMMED_CURVE('',#9706,(PARAMETER_VALUE(0.E0)),(PARAMETER_VALUE(1.E0)),
.T.,.UNSPECIFIED.);
#9711=COMPOSITE_CURVE_SEGMENT(.CONTINUOUS.,.T.,#9707);
#9716=TRIMMED_CURVE('',#9715,(PARAMETER_VALUE(0.E0)),(PARAMETER_VALUE(1.E0)),
.T.,.UNSPECIFIED.);
#9720=COMPOSITE_CURVE_SEGMENT(.CONTINUOUS.,.T.,#9716);
#9725=TRIMMED_CURVE('',#9724,(PARAMETER_VALUE(0.E0)),(PARAMETER_VALUE(1.E0)),
.T.,.UNSPECIFIED.);
#9729=COMPOSITE_CURVE_SEGMENT(.CONTINUOUS.,.T.,#9725);
#9730=COMPOSITE_CURVE('',(#9576,#9585,#9594,#9603,#9612,#9621,#9630,#9639,#9648,
#9657,#9666,#9675,#9684,#9693,#9702,#9711,#9720,#9729),.F.);
#9735=TRIMMED_CURVE('',#9734,(PARAMETER_VALUE(0.E0)),(PARAMETER_VALUE(1.E0)),
.T.,.UNSPECIFIED.);
#9739=COMPOSITE_CURVE_SEGMENT(.CONTINUOUS.,.T.,#9735);
#9744=TRIMMED_CURVE('',#9743,(PARAMETER_VALUE(0.E0)),(PARAMETER_VALUE(1.E0)),
.T.,.UNSPECIFIED.);
#9748=COMPOSITE_CURVE_SEGMENT(.CONTINUOUS.,.T.,#9744);
#9753=TRIMMED_CURVE('',#9752,(PARAMETER_VALUE(0.E0)),(PARAMETER_VALUE(1.E0)),
.T.,.UNSPECIFIED.);
#9757=COMPOSITE_CURVE_SEGMENT(.CONTINUOUS.,.T.,#9753);
#9762=TRIMMED_CURVE('',#9761,(PARAMETER_VALUE(0.E0)),(PARAMETER_VALUE(1.E0)),
.T.,.UNSPECIFIED.);
#9766=COMPOSITE_CURVE_SEGMENT(.CONTINUOUS.,.T.,#9762);
#9771=TRIMMED_CURVE('',#9770,(PARAMETER_VALUE(0.E0)),(PARAMETER_VALUE(1.E0)),
.T.,.UNSPECIFIED.);
#9775=COMPOSITE_CURVE_SEGMENT(.CONTINUOUS.,.T.,#9771);
#9780=TRIMMED_CURVE('',#9779,(PARAMETER_VALUE(0.E0)),(PARAMETER_VALUE(1.E0)),
.T.,.UNSPECIFIED.);
#9784=COMPOSITE_CURVE_SEGMENT(.CONTINUOUS.,.T.,#9780);
#9789=TRIMMED_CURVE('',#9788,(PARAMETER_VALUE(0.E0)),(PARAMETER_VALUE(1.E0)),
.T.,.UNSPECIFIED.);
#9793=COMPOSITE_CURVE_SEGMENT(.CONTINUOUS.,.T.,#9789);
#9794=COMPOSITE_CURVE('',(#9739,#9748,#9757,#9766,#9775,#9784,#9793),.F.);
#9799=TRIMMED_CURVE('',#9798,(PARAMETER_VALUE(0.E0)),(PARAMETER_VALUE(1.E0)),
.T.,.UNSPECIFIED.);
#9803=COMPOSITE_CURVE_SEGMENT(.CONTINUOUS.,.T.,#9799);
#9808=TRIMMED_CURVE('',#9807,(PARAMETER_VALUE(0.E0)),(PARAMETER_VALUE(1.E0)),
.T.,.UNSPECIFIED.);
#9812=COMPOSITE_CURVE_SEGMENT(.CONTINUOUS.,.T.,#9808);
#9817=TRIMMED_CURVE('',#9816,(PARAMETER_VALUE(0.E0)),(PARAMETER_VALUE(1.E0)),
.T.,.UNSPECIFIED.);
#9821=COMPOSITE_CURVE_SEGMENT(.CONTINUOUS.,.T.,#9817);
#9826=TRIMMED_CURVE('',#9825,(PARAMETER_VALUE(0.E0)),(PARAMETER_VALUE(1.E0)),
.T.,.UNSPECIFIED.);
#9830=COMPOSITE_CURVE_SEGMENT(.CONTINUOUS.,.T.,#9826);
#9831=COMPOSITE_CURVE('',(#9803,#9812,#9821,#9830),.F.);
#9836=TRIMMED_CURVE('',#9835,(PARAMETER_VALUE(0.E0)),(PARAMETER_VALUE(1.E0)),
.T.,.UNSPECIFIED.);
#9840=COMPOSITE_CURVE_SEGMENT(.CONTINUOUS.,.T.,#9836);
#9845=TRIMMED_CURVE('',#9844,(PARAMETER_VALUE(0.E0)),(PARAMETER_VALUE(1.E0)),
.T.,.UNSPECIFIED.);
#9849=COMPOSITE_CURVE_SEGMENT(.CONTINUOUS.,.T.,#9845);
#9854=TRIMMED_CURVE('',#9853,(PARAMETER_VALUE(0.E0)),(PARAMETER_VALUE(1.E0)),
.T.,.UNSPECIFIED.);
#9858=COMPOSITE_CURVE_SEGMENT(.CONTINUOUS.,.T.,#9854);
#9863=TRIMMED_CURVE('',#9862,(PARAMETER_VALUE(0.E0)),(PARAMETER_VALUE(1.E0)),
.T.,.UNSPECIFIED.);
#9867=COMPOSITE_CURVE_SEGMENT(.CONTINUOUS.,.T.,#9863);
#9872=TRIMMED_CURVE('',#9871,(PARAMETER_VALUE(0.E0)),(PARAMETER_VALUE(1.E0)),
.T.,.UNSPECIFIED.);
#9876=COMPOSITE_CURVE_SEGMENT(.CONTINUOUS.,.T.,#9872);
#9881=TRIMMED_CURVE('',#9880,(PARAMETER_VALUE(0.E0)),(PARAMETER_VALUE(1.E0)),
.T.,.UNSPECIFIED.);
#9885=COMPOSITE_CURVE_SEGMENT(.CONTINUOUS.,.T.,#9881);
#9890=TRIMMED_CURVE('',#9889,(PARAMETER_VALUE(0.E0)),(PARAMETER_VALUE(1.E0)),
.T.,.UNSPECIFIED.);
#9894=COMPOSITE_CURVE_SEGMENT(.CONTINUOUS.,.T.,#9890);
#9899=TRIMMED_CURVE('',#9898,(PARAMETER_VALUE(0.E0)),(PARAMETER_VALUE(1.E0)),
.T.,.UNSPECIFIED.);
#9903=COMPOSITE_CURVE_SEGMENT(.CONTINUOUS.,.T.,#9899);
#9908=TRIMMED_CURVE('',#9907,(PARAMETER_VALUE(0.E0)),(PARAMETER_VALUE(1.E0)),
.T.,.UNSPECIFIED.);
#9912=COMPOSITE_CURVE_SEGMENT(.CONTINUOUS.,.T.,#9908);
#9917=TRIMMED_CURVE('',#9916,(PARAMETER_VALUE(0.E0)),(PARAMETER_VALUE(1.E0)),
.T.,.UNSPECIFIED.);
#9921=COMPOSITE_CURVE_SEGMENT(.CONTINUOUS.,.T.,#9917);
#9926=TRIMMED_CURVE('',#9925,(PARAMETER_VALUE(0.E0)),(PARAMETER_VALUE(1.E0)),
.T.,.UNSPECIFIED.);
#9930=COMPOSITE_CURVE_SEGMENT(.CONTINUOUS.,.T.,#9926);
#9935=TRIMMED_CURVE('',#9934,(PARAMETER_VALUE(0.E0)),(PARAMETER_VALUE(1.E0)),
.T.,.UNSPECIFIED.);
#9939=COMPOSITE_CURVE_SEGMENT(.CONTINUOUS.,.T.,#9935);
#9940=COMPOSITE_CURVE('',(#9840,#9849,#9858,#9867,#9876,#9885,#9894,#9903,#9912,
#9921,#9930,#9939),.F.);
#9945=TRIMMED_CURVE('',#9944,(PARAMETER_VALUE(0.E0)),(PARAMETER_VALUE(1.E0)),
.T.,.UNSPECIFIED.);
#9949=COMPOSITE_CURVE_SEGMENT(.CONTINUOUS.,.T.,#9945);
#9954=TRIMMED_CURVE('',#9953,(PARAMETER_VALUE(0.E0)),(PARAMETER_VALUE(1.E0)),
.T.,.UNSPECIFIED.);
#9958=COMPOSITE_CURVE_SEGMENT(.CONTINUOUS.,.T.,#9954);
#9963=TRIMMED_CURVE('',#9962,(PARAMETER_VALUE(0.E0)),(PARAMETER_VALUE(1.E0)),
.T.,.UNSPECIFIED.);
#9967=COMPOSITE_CURVE_SEGMENT(.CONTINUOUS.,.T.,#9963);
#9972=TRIMMED_CURVE('',#9971,(PARAMETER_VALUE(0.E0)),(PARAMETER_VALUE(1.E0)),
.T.,.UNSPECIFIED.);
#9976=COMPOSITE_CURVE_SEGMENT(.CONTINUOUS.,.T.,#9972);
#9981=TRIMMED_CURVE('',#9980,(PARAMETER_VALUE(0.E0)),(PARAMETER_VALUE(1.E0)),
.T.,.UNSPECIFIED.);
#9985=COMPOSITE_CURVE_SEGMENT(.CONTINUOUS.,.T.,#9981);
#9990=TRIMMED_CURVE('',#9989,(PARAMETER_VALUE(0.E0)),(PARAMETER_VALUE(1.E0)),
.T.,.UNSPECIFIED.);
#9994=COMPOSITE_CURVE_SEGMENT(.CONTINUOUS.,.T.,#9990);
#9999=TRIMMED_CURVE('',#9998,(PARAMETER_VALUE(0.E0)),(PARAMETER_VALUE(1.E0)),
.T.,.UNSPECIFIED.);
#10003=COMPOSITE_CURVE_SEGMENT(.CONTINUOUS.,.T.,#9999);
#10008=TRIMMED_CURVE('',#10007,(PARAMETER_VALUE(0.E0)),(PARAMETER_VALUE(1.E0)),
.T.,.UNSPECIFIED.);
#10012=COMPOSITE_CURVE_SEGMENT(.CONTINUOUS.,.T.,#10008);
#10017=TRIMMED_CURVE('',#10016,(PARAMETER_VALUE(0.E0)),(PARAMETER_VALUE(1.E0)),
.T.,.UNSPECIFIED.);
#10021=COMPOSITE_CURVE_SEGMENT(.CONTINUOUS.,.T.,#10017);
#10026=TRIMMED_CURVE('',#10025,(PARAMETER_VALUE(0.E0)),(PARAMETER_VALUE(1.E0)),
.T.,.UNSPECIFIED.);
#10030=COMPOSITE_CURVE_SEGMENT(.CONTINUOUS.,.T.,#10026);
#10035=TRIMMED_CURVE('',#10034,(PARAMETER_VALUE(0.E0)),(PARAMETER_VALUE(1.E0)),
.T.,.UNSPECIFIED.);
#10039=COMPOSITE_CURVE_SEGMENT(.CONTINUOUS.,.T.,#10035);
#10044=TRIMMED_CURVE('',#10043,(PARAMETER_VALUE(0.E0)),(PARAMETER_VALUE(1.E0)),
.T.,.UNSPECIFIED.);
#10048=COMPOSITE_CURVE_SEGMENT(.CONTINUOUS.,.T.,#10044);
#10053=TRIMMED_CURVE('',#10052,(PARAMETER_VALUE(0.E0)),(PARAMETER_VALUE(1.E0)),
.T.,.UNSPECIFIED.);
#10057=COMPOSITE_CURVE_SEGMENT(.CONTINUOUS.,.T.,#10053);
#10058=COMPOSITE_CURVE('',(#9949,#9958,#9967,#9976,#9985,#9994,#10003,#10012,
#10021,#10030,#10039,#10048,#10057),.F.);
#10063=TRIMMED_CURVE('',#10062,(PARAMETER_VALUE(0.E0)),(PARAMETER_VALUE(1.E0)),
.T.,.UNSPECIFIED.);
#10067=COMPOSITE_CURVE_SEGMENT(.CONTINUOUS.,.T.,#10063);
#10072=TRIMMED_CURVE('',#10071,(PARAMETER_VALUE(0.E0)),(PARAMETER_VALUE(1.E0)),
.T.,.UNSPECIFIED.);
#10076=COMPOSITE_CURVE_SEGMENT(.CONTINUOUS.,.T.,#10072);
#10081=TRIMMED_CURVE('',#10080,(PARAMETER_VALUE(0.E0)),(PARAMETER_VALUE(1.E0)),
.T.,.UNSPECIFIED.);
#10085=COMPOSITE_CURVE_SEGMENT(.CONTINUOUS.,.T.,#10081);
#10090=TRIMMED_CURVE('',#10089,(PARAMETER_VALUE(0.E0)),(PARAMETER_VALUE(1.E0)),
.T.,.UNSPECIFIED.);
#10094=COMPOSITE_CURVE_SEGMENT(.CONTINUOUS.,.T.,#10090);
#10099=TRIMMED_CURVE('',#10098,(PARAMETER_VALUE(0.E0)),(PARAMETER_VALUE(1.E0)),
.T.,.UNSPECIFIED.);
#10103=COMPOSITE_CURVE_SEGMENT(.CONTINUOUS.,.T.,#10099);
#10108=TRIMMED_CURVE('',#10107,(PARAMETER_VALUE(0.E0)),(PARAMETER_VALUE(1.E0)),
.T.,.UNSPECIFIED.);
#10112=COMPOSITE_CURVE_SEGMENT(.CONTINUOUS.,.T.,#10108);
#10117=TRIMMED_CURVE('',#10116,(PARAMETER_VALUE(0.E0)),(PARAMETER_VALUE(1.E0)),
.T.,.UNSPECIFIED.);
#10121=COMPOSITE_CURVE_SEGMENT(.CONTINUOUS.,.T.,#10117);
#10126=TRIMMED_CURVE('',#10125,(PARAMETER_VALUE(0.E0)),(PARAMETER_VALUE(1.E0)),
.T.,.UNSPECIFIED.);
#10130=COMPOSITE_CURVE_SEGMENT(.CONTINUOUS.,.T.,#10126);
#10135=TRIMMED_CURVE('',#10134,(PARAMETER_VALUE(0.E0)),(PARAMETER_VALUE(1.E0)),
.T.,.UNSPECIFIED.);
#10139=COMPOSITE_CURVE_SEGMENT(.CONTINUOUS.,.T.,#10135);
#10144=TRIMMED_CURVE('',#10143,(PARAMETER_VALUE(0.E0)),(PARAMETER_VALUE(1.E0)),
.T.,.UNSPECIFIED.);
#10148=COMPOSITE_CURVE_SEGMENT(.CONTINUOUS.,.T.,#10144);
#10153=TRIMMED_CURVE('',#10152,(PARAMETER_VALUE(0.E0)),(PARAMETER_VALUE(1.E0)),
.T.,.UNSPECIFIED.);
#10157=COMPOSITE_CURVE_SEGMENT(.CONTINUOUS.,.T.,#10153);
#10162=TRIMMED_CURVE('',#10161,(PARAMETER_VALUE(0.E0)),(PARAMETER_VALUE(1.E0)),
.T.,.UNSPECIFIED.);
#10166=COMPOSITE_CURVE_SEGMENT(.CONTINUOUS.,.T.,#10162);
#10171=TRIMMED_CURVE('',#10170,(PARAMETER_VALUE(0.E0)),(PARAMETER_VALUE(1.E0)),
.T.,.UNSPECIFIED.);
#10175=COMPOSITE_CURVE_SEGMENT(.CONTINUOUS.,.T.,#10171);
#10180=TRIMMED_CURVE('',#10179,(PARAMETER_VALUE(0.E0)),(PARAMETER_VALUE(1.E0)),
.T.,.UNSPECIFIED.);
#10184=COMPOSITE_CURVE_SEGMENT(.CONTINUOUS.,.T.,#10180);
#10185=COMPOSITE_CURVE('',(#10067,#10076,#10085,#10094,#10103,#10112,#10121,
#10130,#10139,#10148,#10157,#10166,#10175,#10184),.F.);
#10190=TRIMMED_CURVE('',#10189,(PARAMETER_VALUE(0.E0)),(PARAMETER_VALUE(1.E0)),
.T.,.UNSPECIFIED.);
#10194=COMPOSITE_CURVE_SEGMENT(.CONTINUOUS.,.T.,#10190);
#10199=TRIMMED_CURVE('',#10198,(PARAMETER_VALUE(0.E0)),(PARAMETER_VALUE(1.E0)),
.T.,.UNSPECIFIED.);
#10203=COMPOSITE_CURVE_SEGMENT(.CONTINUOUS.,.T.,#10199);
#10208=TRIMMED_CURVE('',#10207,(PARAMETER_VALUE(0.E0)),(PARAMETER_VALUE(1.E0)),
.T.,.UNSPECIFIED.);
#10212=COMPOSITE_CURVE_SEGMENT(.CONTINUOUS.,.T.,#10208);
#10217=TRIMMED_CURVE('',#10216,(PARAMETER_VALUE(0.E0)),(PARAMETER_VALUE(1.E0)),
.T.,.UNSPECIFIED.);
#10221=COMPOSITE_CURVE_SEGMENT(.CONTINUOUS.,.T.,#10217);
#10226=TRIMMED_CURVE('',#10225,(PARAMETER_VALUE(0.E0)),(PARAMETER_VALUE(1.E0)),
.T.,.UNSPECIFIED.);
#10230=COMPOSITE_CURVE_SEGMENT(.CONTINUOUS.,.T.,#10226);
#10235=TRIMMED_CURVE('',#10234,(PARAMETER_VALUE(0.E0)),(PARAMETER_VALUE(1.E0)),
.T.,.UNSPECIFIED.);
#10239=COMPOSITE_CURVE_SEGMENT(.CONTINUOUS.,.T.,#10235);
#10244=TRIMMED_CURVE('',#10243,(PARAMETER_VALUE(0.E0)),(PARAMETER_VALUE(1.E0)),
.T.,.UNSPECIFIED.);
#10248=COMPOSITE_CURVE_SEGMENT(.CONTINUOUS.,.T.,#10244);
#10253=TRIMMED_CURVE('',#10252,(PARAMETER_VALUE(0.E0)),(PARAMETER_VALUE(1.E0)),
.T.,.UNSPECIFIED.);
#10257=COMPOSITE_CURVE_SEGMENT(.CONTINUOUS.,.T.,#10253);
#10262=TRIMMED_CURVE('',#10261,(PARAMETER_VALUE(0.E0)),(PARAMETER_VALUE(1.E0)),
.T.,.UNSPECIFIED.);
#10266=COMPOSITE_CURVE_SEGMENT(.CONTINUOUS.,.T.,#10262);
#10271=TRIMMED_CURVE('',#10270,(PARAMETER_VALUE(0.E0)),(PARAMETER_VALUE(1.E0)),
.T.,.UNSPECIFIED.);
#10275=COMPOSITE_CURVE_SEGMENT(.CONTINUOUS.,.T.,#10271);
#10280=TRIMMED_CURVE('',#10279,(PARAMETER_VALUE(0.E0)),(PARAMETER_VALUE(1.E0)),
.T.,.UNSPECIFIED.);
#10284=COMPOSITE_CURVE_SEGMENT(.CONTINUOUS.,.T.,#10280);
#10289=TRIMMED_CURVE('',#10288,(PARAMETER_VALUE(0.E0)),(PARAMETER_VALUE(1.E0)),
.T.,.UNSPECIFIED.);
#10293=COMPOSITE_CURVE_SEGMENT(.CONTINUOUS.,.T.,#10289);
#10294=COMPOSITE_CURVE('',(#10194,#10203,#10212,#10221,#10230,#10239,#10248,
#10257,#10266,#10275,#10284,#10293),.F.);
#10299=TRIMMED_CURVE('',#10298,(PARAMETER_VALUE(0.E0)),(PARAMETER_VALUE(1.E0)),
.T.,.UNSPECIFIED.);
#10303=COMPOSITE_CURVE_SEGMENT(.CONTINUOUS.,.T.,#10299);
#10308=TRIMMED_CURVE('',#10307,(PARAMETER_VALUE(0.E0)),(PARAMETER_VALUE(1.E0)),
.T.,.UNSPECIFIED.);
#10312=COMPOSITE_CURVE_SEGMENT(.CONTINUOUS.,.T.,#10308);
#10317=TRIMMED_CURVE('',#10316,(PARAMETER_VALUE(0.E0)),(PARAMETER_VALUE(1.E0)),
.T.,.UNSPECIFIED.);
#10321=COMPOSITE_CURVE_SEGMENT(.CONTINUOUS.,.T.,#10317);
#10326=TRIMMED_CURVE('',#10325,(PARAMETER_VALUE(0.E0)),(PARAMETER_VALUE(1.E0)),
.T.,.UNSPECIFIED.);
#10330=COMPOSITE_CURVE_SEGMENT(.CONTINUOUS.,.T.,#10326);
#10331=COMPOSITE_CURVE('',(#10303,#10312,#10321,#10330),.F.);
#10336=TRIMMED_CURVE('',#10335,(PARAMETER_VALUE(0.E0)),(PARAMETER_VALUE(1.E0)),
.T.,.UNSPECIFIED.);
#10340=COMPOSITE_CURVE_SEGMENT(.CONTINUOUS.,.T.,#10336);
#10345=TRIMMED_CURVE('',#10344,(PARAMETER_VALUE(0.E0)),(PARAMETER_VALUE(1.E0)),
.T.,.UNSPECIFIED.);
#10349=COMPOSITE_CURVE_SEGMENT(.CONTINUOUS.,.T.,#10345);
#10354=TRIMMED_CURVE('',#10353,(PARAMETER_VALUE(0.E0)),(PARAMETER_VALUE(1.E0)),
.T.,.UNSPECIFIED.);
#10358=COMPOSITE_CURVE_SEGMENT(.CONTINUOUS.,.T.,#10354);
#10363=TRIMMED_CURVE('',#10362,(PARAMETER_VALUE(0.E0)),(PARAMETER_VALUE(1.E0)),
.T.,.UNSPECIFIED.);
#10367=COMPOSITE_CURVE_SEGMENT(.CONTINUOUS.,.T.,#10363);
#10372=TRIMMED_CURVE('',#10371,(PARAMETER_VALUE(0.E0)),(PARAMETER_VALUE(1.E0)),
.T.,.UNSPECIFIED.);
#10376=COMPOSITE_CURVE_SEGMENT(.CONTINUOUS.,.T.,#10372);
#10381=TRIMMED_CURVE('',#10380,(PARAMETER_VALUE(0.E0)),(PARAMETER_VALUE(1.E0)),
.T.,.UNSPECIFIED.);
#10385=COMPOSITE_CURVE_SEGMENT(.CONTINUOUS.,.T.,#10381);
#10390=TRIMMED_CURVE('',#10389,(PARAMETER_VALUE(0.E0)),(PARAMETER_VALUE(1.E0)),
.T.,.UNSPECIFIED.);
#10394=COMPOSITE_CURVE_SEGMENT(.CONTINUOUS.,.T.,#10390);
#10399=TRIMMED_CURVE('',#10398,(PARAMETER_VALUE(0.E0)),(PARAMETER_VALUE(1.E0)),
.T.,.UNSPECIFIED.);
#10403=COMPOSITE_CURVE_SEGMENT(.CONTINUOUS.,.T.,#10399);
#10408=TRIMMED_CURVE('',#10407,(PARAMETER_VALUE(0.E0)),(PARAMETER_VALUE(1.E0)),
.T.,.UNSPECIFIED.);
#10412=COMPOSITE_CURVE_SEGMENT(.CONTINUOUS.,.T.,#10408);
#10417=TRIMMED_CURVE('',#10416,(PARAMETER_VALUE(0.E0)),(PARAMETER_VALUE(1.E0)),
.T.,.UNSPECIFIED.);
#10421=COMPOSITE_CURVE_SEGMENT(.CONTINUOUS.,.T.,#10417);
#10426=TRIMMED_CURVE('',#10425,(PARAMETER_VALUE(0.E0)),(PARAMETER_VALUE(1.E0)),
.T.,.UNSPECIFIED.);
#10430=COMPOSITE_CURVE_SEGMENT(.CONTINUOUS.,.T.,#10426);
#10435=TRIMMED_CURVE('',#10434,(PARAMETER_VALUE(0.E0)),(PARAMETER_VALUE(1.E0)),
.T.,.UNSPECIFIED.);
#10439=COMPOSITE_CURVE_SEGMENT(.CONTINUOUS.,.T.,#10435);
#10444=TRIMMED_CURVE('',#10443,(PARAMETER_VALUE(0.E0)),(PARAMETER_VALUE(1.E0)),
.T.,.UNSPECIFIED.);
#10448=COMPOSITE_CURVE_SEGMENT(.CONTINUOUS.,.T.,#10444);
#10453=TRIMMED_CURVE('',#10452,(PARAMETER_VALUE(0.E0)),(PARAMETER_VALUE(1.E0)),
.T.,.UNSPECIFIED.);
#10457=COMPOSITE_CURVE_SEGMENT(.CONTINUOUS.,.T.,#10453);
#10462=TRIMMED_CURVE('',#10461,(PARAMETER_VALUE(0.E0)),(PARAMETER_VALUE(1.E0)),
.T.,.UNSPECIFIED.);
#10466=COMPOSITE_CURVE_SEGMENT(.CONTINUOUS.,.T.,#10462);
#10471=TRIMMED_CURVE('',#10470,(PARAMETER_VALUE(0.E0)),(PARAMETER_VALUE(1.E0)),
.T.,.UNSPECIFIED.);
#10475=COMPOSITE_CURVE_SEGMENT(.CONTINUOUS.,.T.,#10471);
#10476=COMPOSITE_CURVE('',(#10340,#10349,#10358,#10367,#10376,#10385,#10394,
#10403,#10412,#10421,#10430,#10439,#10448,#10457,#10466,#10475),.F.);
#10481=TRIMMED_CURVE('',#10480,(PARAMETER_VALUE(0.E0)),(PARAMETER_VALUE(1.E0)),
.T.,.UNSPECIFIED.);
#10485=COMPOSITE_CURVE_SEGMENT(.CONTINUOUS.,.T.,#10481);
#10490=TRIMMED_CURVE('',#10489,(PARAMETER_VALUE(0.E0)),(PARAMETER_VALUE(1.E0)),
.T.,.UNSPECIFIED.);
#10494=COMPOSITE_CURVE_SEGMENT(.CONTINUOUS.,.T.,#10490);
#10499=TRIMMED_CURVE('',#10498,(PARAMETER_VALUE(0.E0)),(PARAMETER_VALUE(1.E0)),
.T.,.UNSPECIFIED.);
#10503=COMPOSITE_CURVE_SEGMENT(.CONTINUOUS.,.T.,#10499);
#10508=TRIMMED_CURVE('',#10507,(PARAMETER_VALUE(0.E0)),(PARAMETER_VALUE(1.E0)),
.T.,.UNSPECIFIED.);
#10512=COMPOSITE_CURVE_SEGMENT(.CONTINUOUS.,.T.,#10508);
#10517=TRIMMED_CURVE('',#10516,(PARAMETER_VALUE(0.E0)),(PARAMETER_VALUE(1.E0)),
.T.,.UNSPECIFIED.);
#10521=COMPOSITE_CURVE_SEGMENT(.CONTINUOUS.,.T.,#10517);
#10526=TRIMMED_CURVE('',#10525,(PARAMETER_VALUE(0.E0)),(PARAMETER_VALUE(1.E0)),
.T.,.UNSPECIFIED.);
#10530=COMPOSITE_CURVE_SEGMENT(.CONTINUOUS.,.T.,#10526);
#10535=TRIMMED_CURVE('',#10534,(PARAMETER_VALUE(0.E0)),(PARAMETER_VALUE(1.E0)),
.T.,.UNSPECIFIED.);
#10539=COMPOSITE_CURVE_SEGMENT(.CONTINUOUS.,.T.,#10535);
#10544=TRIMMED_CURVE('',#10543,(PARAMETER_VALUE(0.E0)),(PARAMETER_VALUE(1.E0)),
.T.,.UNSPECIFIED.);
#10548=COMPOSITE_CURVE_SEGMENT(.CONTINUOUS.,.T.,#10544);
#10553=TRIMMED_CURVE('',#10552,(PARAMETER_VALUE(0.E0)),(PARAMETER_VALUE(1.E0)),
.T.,.UNSPECIFIED.);
#10557=COMPOSITE_CURVE_SEGMENT(.CONTINUOUS.,.T.,#10553);
#10562=TRIMMED_CURVE('',#10561,(PARAMETER_VALUE(0.E0)),(PARAMETER_VALUE(1.E0)),
.T.,.UNSPECIFIED.);
#10566=COMPOSITE_CURVE_SEGMENT(.CONTINUOUS.,.T.,#10562);
#10567=COMPOSITE_CURVE('',(#10485,#10494,#10503,#10512,#10521,#10530,#10539,
#10548,#10557,#10566),.F.);
#10572=TRIMMED_CURVE('',#10571,(PARAMETER_VALUE(0.E0)),(PARAMETER_VALUE(1.E0)),
.T.,.UNSPECIFIED.);
#10576=COMPOSITE_CURVE_SEGMENT(.CONTINUOUS.,.T.,#10572);
#10581=TRIMMED_CURVE('',#10580,(PARAMETER_VALUE(0.E0)),(PARAMETER_VALUE(1.E0)),
.T.,.UNSPECIFIED.);
#10585=COMPOSITE_CURVE_SEGMENT(.CONTINUOUS.,.T.,#10581);
#10590=TRIMMED_CURVE('',#10589,(PARAMETER_VALUE(0.E0)),(PARAMETER_VALUE(1.E0)),
.T.,.UNSPECIFIED.);
#10594=COMPOSITE_CURVE_SEGMENT(.CONTINUOUS.,.T.,#10590);
#10599=TRIMMED_CURVE('',#10598,(PARAMETER_VALUE(0.E0)),(PARAMETER_VALUE(1.E0)),
.T.,.UNSPECIFIED.);
#10603=COMPOSITE_CURVE_SEGMENT(.CONTINUOUS.,.T.,#10599);
#10608=TRIMMED_CURVE('',#10607,(PARAMETER_VALUE(0.E0)),(PARAMETER_VALUE(1.E0)),
.T.,.UNSPECIFIED.);
#10612=COMPOSITE_CURVE_SEGMENT(.CONTINUOUS.,.T.,#10608);
#10617=TRIMMED_CURVE('',#10616,(PARAMETER_VALUE(0.E0)),(PARAMETER_VALUE(1.E0)),
.T.,.UNSPECIFIED.);
#10621=COMPOSITE_CURVE_SEGMENT(.CONTINUOUS.,.T.,#10617);
#10626=TRIMMED_CURVE('',#10625,(PARAMETER_VALUE(0.E0)),(PARAMETER_VALUE(1.E0)),
.T.,.UNSPECIFIED.);
#10630=COMPOSITE_CURVE_SEGMENT(.CONTINUOUS.,.T.,#10626);
#10635=TRIMMED_CURVE('',#10634,(PARAMETER_VALUE(0.E0)),(PARAMETER_VALUE(1.E0)),
.T.,.UNSPECIFIED.);
#10639=COMPOSITE_CURVE_SEGMENT(.CONTINUOUS.,.T.,#10635);
#10644=TRIMMED_CURVE('',#10643,(PARAMETER_VALUE(0.E0)),(PARAMETER_VALUE(1.E0)),
.T.,.UNSPECIFIED.);
#10648=COMPOSITE_CURVE_SEGMENT(.CONTINUOUS.,.T.,#10644);
#10653=TRIMMED_CURVE('',#10652,(PARAMETER_VALUE(0.E0)),(PARAMETER_VALUE(1.E0)),
.T.,.UNSPECIFIED.);
#10657=COMPOSITE_CURVE_SEGMENT(.CONTINUOUS.,.T.,#10653);
#10662=TRIMMED_CURVE('',#10661,(PARAMETER_VALUE(0.E0)),(PARAMETER_VALUE(1.E0)),
.T.,.UNSPECIFIED.);
#10666=COMPOSITE_CURVE_SEGMENT(.CONTINUOUS.,.T.,#10662);
#10671=TRIMMED_CURVE('',#10670,(PARAMETER_VALUE(0.E0)),(PARAMETER_VALUE(1.E0)),
.T.,.UNSPECIFIED.);
#10675=COMPOSITE_CURVE_SEGMENT(.CONTINUOUS.,.T.,#10671);
#10676=COMPOSITE_CURVE('',(#10576,#10585,#10594,#10603,#10612,#10621,#10630,
#10639,#10648,#10657,#10666,#10675),.F.);
#10681=TRIMMED_CURVE('',#10680,(PARAMETER_VALUE(0.E0)),(PARAMETER_VALUE(1.E0)),
.T.,.UNSPECIFIED.);
#10685=COMPOSITE_CURVE_SEGMENT(.CONTINUOUS.,.T.,#10681);
#10690=TRIMMED_CURVE('',#10689,(PARAMETER_VALUE(0.E0)),(PARAMETER_VALUE(1.E0)),
.T.,.UNSPECIFIED.);
#10694=COMPOSITE_CURVE_SEGMENT(.CONTINUOUS.,.T.,#10690);
#10699=TRIMMED_CURVE('',#10698,(PARAMETER_VALUE(0.E0)),(PARAMETER_VALUE(1.E0)),
.T.,.UNSPECIFIED.);
#10703=COMPOSITE_CURVE_SEGMENT(.CONTINUOUS.,.T.,#10699);
#10708=TRIMMED_CURVE('',#10707,(PARAMETER_VALUE(0.E0)),(PARAMETER_VALUE(1.E0)),
.T.,.UNSPECIFIED.);
#10712=COMPOSITE_CURVE_SEGMENT(.CONTINUOUS.,.T.,#10708);
#10717=TRIMMED_CURVE('',#10716,(PARAMETER_VALUE(0.E0)),(PARAMETER_VALUE(1.E0)),
.T.,.UNSPECIFIED.);
#10721=COMPOSITE_CURVE_SEGMENT(.CONTINUOUS.,.T.,#10717);
#10726=TRIMMED_CURVE('',#10725,(PARAMETER_VALUE(0.E0)),(PARAMETER_VALUE(1.E0)),
.T.,.UNSPECIFIED.);
#10730=COMPOSITE_CURVE_SEGMENT(.CONTINUOUS.,.T.,#10726);
#10735=TRIMMED_CURVE('',#10734,(PARAMETER_VALUE(0.E0)),(PARAMETER_VALUE(1.E0)),
.T.,.UNSPECIFIED.);
#10739=COMPOSITE_CURVE_SEGMENT(.CONTINUOUS.,.T.,#10735);
#10744=TRIMMED_CURVE('',#10743,(PARAMETER_VALUE(0.E0)),(PARAMETER_VALUE(1.E0)),
.T.,.UNSPECIFIED.);
#10748=COMPOSITE_CURVE_SEGMENT(.CONTINUOUS.,.T.,#10744);
#10753=TRIMMED_CURVE('',#10752,(PARAMETER_VALUE(0.E0)),(PARAMETER_VALUE(1.E0)),
.T.,.UNSPECIFIED.);
#10757=COMPOSITE_CURVE_SEGMENT(.CONTINUOUS.,.T.,#10753);
#10762=TRIMMED_CURVE('',#10761,(PARAMETER_VALUE(0.E0)),(PARAMETER_VALUE(1.E0)),
.T.,.UNSPECIFIED.);
#10766=COMPOSITE_CURVE_SEGMENT(.CONTINUOUS.,.T.,#10762);
#10771=TRIMMED_CURVE('',#10770,(PARAMETER_VALUE(0.E0)),(PARAMETER_VALUE(1.E0)),
.T.,.UNSPECIFIED.);
#10775=COMPOSITE_CURVE_SEGMENT(.CONTINUOUS.,.T.,#10771);
#10780=TRIMMED_CURVE('',#10779,(PARAMETER_VALUE(0.E0)),(PARAMETER_VALUE(1.E0)),
.T.,.UNSPECIFIED.);
#10784=COMPOSITE_CURVE_SEGMENT(.CONTINUOUS.,.T.,#10780);
#10789=TRIMMED_CURVE('',#10788,(PARAMETER_VALUE(0.E0)),(PARAMETER_VALUE(1.E0)),
.T.,.UNSPECIFIED.);
#10793=COMPOSITE_CURVE_SEGMENT(.CONTINUOUS.,.T.,#10789);
#10798=TRIMMED_CURVE('',#10797,(PARAMETER_VALUE(0.E0)),(PARAMETER_VALUE(1.E0)),
.T.,.UNSPECIFIED.);
#10802=COMPOSITE_CURVE_SEGMENT(.CONTINUOUS.,.T.,#10798);
#10807=TRIMMED_CURVE('',#10806,(PARAMETER_VALUE(0.E0)),(PARAMETER_VALUE(1.E0)),
.T.,.UNSPECIFIED.);
#10811=COMPOSITE_CURVE_SEGMENT(.CONTINUOUS.,.T.,#10807);
#10816=TRIMMED_CURVE('',#10815,(PARAMETER_VALUE(0.E0)),(PARAMETER_VALUE(1.E0)),
.T.,.UNSPECIFIED.);
#10820=COMPOSITE_CURVE_SEGMENT(.CONTINUOUS.,.T.,#10816);
#10825=TRIMMED_CURVE('',#10824,(PARAMETER_VALUE(0.E0)),(PARAMETER_VALUE(1.E0)),
.T.,.UNSPECIFIED.);
#10829=COMPOSITE_CURVE_SEGMENT(.CONTINUOUS.,.T.,#10825);
#10834=TRIMMED_CURVE('',#10833,(PARAMETER_VALUE(0.E0)),(PARAMETER_VALUE(1.E0)),
.T.,.UNSPECIFIED.);
#10838=COMPOSITE_CURVE_SEGMENT(.CONTINUOUS.,.T.,#10834);
#10843=TRIMMED_CURVE('',#10842,(PARAMETER_VALUE(0.E0)),(PARAMETER_VALUE(1.E0)),
.T.,.UNSPECIFIED.);
#10847=COMPOSITE_CURVE_SEGMENT(.CONTINUOUS.,.T.,#10843);
#10852=TRIMMED_CURVE('',#10851,(PARAMETER_VALUE(0.E0)),(PARAMETER_VALUE(1.E0)),
.T.,.UNSPECIFIED.);
#10856=COMPOSITE_CURVE_SEGMENT(.CONTINUOUS.,.T.,#10852);
#10861=TRIMMED_CURVE('',#10860,(PARAMETER_VALUE(0.E0)),(PARAMETER_VALUE(1.E0)),
.T.,.UNSPECIFIED.);
#10865=COMPOSITE_CURVE_SEGMENT(.CONTINUOUS.,.T.,#10861);
#10870=TRIMMED_CURVE('',#10869,(PARAMETER_VALUE(0.E0)),(PARAMETER_VALUE(1.E0)),
.T.,.UNSPECIFIED.);
#10874=COMPOSITE_CURVE_SEGMENT(.CONTINUOUS.,.T.,#10870);
#10879=TRIMMED_CURVE('',#10878,(PARAMETER_VALUE(0.E0)),(PARAMETER_VALUE(1.E0)),
.T.,.UNSPECIFIED.);
#10883=COMPOSITE_CURVE_SEGMENT(.CONTINUOUS.,.T.,#10879);
#10888=TRIMMED_CURVE('',#10887,(PARAMETER_VALUE(0.E0)),(PARAMETER_VALUE(1.E0)),
.T.,.UNSPECIFIED.);
#10892=COMPOSITE_CURVE_SEGMENT(.CONTINUOUS.,.T.,#10888);
#10897=TRIMMED_CURVE('',#10896,(PARAMETER_VALUE(0.E0)),(PARAMETER_VALUE(1.E0)),
.T.,.UNSPECIFIED.);
#10901=COMPOSITE_CURVE_SEGMENT(.CONTINUOUS.,.T.,#10897);
#10906=TRIMMED_CURVE('',#10905,(PARAMETER_VALUE(0.E0)),(PARAMETER_VALUE(1.E0)),
.T.,.UNSPECIFIED.);
#10910=COMPOSITE_CURVE_SEGMENT(.CONTINUOUS.,.T.,#10906);
#10915=TRIMMED_CURVE('',#10914,(PARAMETER_VALUE(0.E0)),(PARAMETER_VALUE(1.E0)),
.T.,.UNSPECIFIED.);
#10919=COMPOSITE_CURVE_SEGMENT(.CONTINUOUS.,.T.,#10915);
#10924=TRIMMED_CURVE('',#10923,(PARAMETER_VALUE(0.E0)),(PARAMETER_VALUE(1.E0)),
.T.,.UNSPECIFIED.);
#10928=COMPOSITE_CURVE_SEGMENT(.CONTINUOUS.,.T.,#10924);
#10933=TRIMMED_CURVE('',#10932,(PARAMETER_VALUE(0.E0)),(PARAMETER_VALUE(1.E0)),
.T.,.UNSPECIFIED.);
#10937=COMPOSITE_CURVE_SEGMENT(.CONTINUOUS.,.T.,#10933);
#10942=TRIMMED_CURVE('',#10941,(PARAMETER_VALUE(0.E0)),(PARAMETER_VALUE(1.E0)),
.T.,.UNSPECIFIED.);
#10946=COMPOSITE_CURVE_SEGMENT(.CONTINUOUS.,.T.,#10942);
#10951=TRIMMED_CURVE('',#10950,(PARAMETER_VALUE(0.E0)),(PARAMETER_VALUE(1.E0)),
.T.,.UNSPECIFIED.);
#10955=COMPOSITE_CURVE_SEGMENT(.CONTINUOUS.,.T.,#10951);
#10960=TRIMMED_CURVE('',#10959,(PARAMETER_VALUE(0.E0)),(PARAMETER_VALUE(1.E0)),
.T.,.UNSPECIFIED.);
#10964=COMPOSITE_CURVE_SEGMENT(.CONTINUOUS.,.T.,#10960);
#10969=TRIMMED_CURVE('',#10968,(PARAMETER_VALUE(0.E0)),(PARAMETER_VALUE(1.E0)),
.T.,.UNSPECIFIED.);
#10973=COMPOSITE_CURVE_SEGMENT(.CONTINUOUS.,.T.,#10969);
#10978=TRIMMED_CURVE('',#10977,(PARAMETER_VALUE(0.E0)),(PARAMETER_VALUE(1.E0)),
.T.,.UNSPECIFIED.);
#10982=COMPOSITE_CURVE_SEGMENT(.CONTINUOUS.,.T.,#10978);
#10987=TRIMMED_CURVE('',#10986,(PARAMETER_VALUE(0.E0)),(PARAMETER_VALUE(1.E0)),
.T.,.UNSPECIFIED.);
#10991=COMPOSITE_CURVE_SEGMENT(.CONTINUOUS.,.T.,#10987);
#10996=TRIMMED_CURVE('',#10995,(PARAMETER_VALUE(0.E0)),(PARAMETER_VALUE(1.E0)),
.T.,.UNSPECIFIED.);
#11000=COMPOSITE_CURVE_SEGMENT(.CONTINUOUS.,.T.,#10996);
#11005=TRIMMED_CURVE('',#11004,(PARAMETER_VALUE(0.E0)),(PARAMETER_VALUE(1.E0)),
.T.,.UNSPECIFIED.);
#11009=COMPOSITE_CURVE_SEGMENT(.CONTINUOUS.,.T.,#11005);
#11014=TRIMMED_CURVE('',#11013,(PARAMETER_VALUE(0.E0)),(PARAMETER_VALUE(1.E0)),
.T.,.UNSPECIFIED.);
#11018=COMPOSITE_CURVE_SEGMENT(.CONTINUOUS.,.T.,#11014);
#11023=TRIMMED_CURVE('',#11022,(PARAMETER_VALUE(0.E0)),(PARAMETER_VALUE(1.E0)),
.T.,.UNSPECIFIED.);
#11027=COMPOSITE_CURVE_SEGMENT(.CONTINUOUS.,.T.,#11023);
#11032=TRIMMED_CURVE('',#11031,(PARAMETER_VALUE(0.E0)),(PARAMETER_VALUE(1.E0)),
.T.,.UNSPECIFIED.);
#11036=COMPOSITE_CURVE_SEGMENT(.CONTINUOUS.,.T.,#11032);
#11037=COMPOSITE_CURVE('',(#10685,#10694,#10703,#10712,#10721,#10730,#10739,
#10748,#10757,#10766,#10775,#10784,#10793,#10802,#10811,#10820,#10829,#10838,
#10847,#10856,#10865,#10874,#10883,#10892,#10901,#10910,#10919,#10928,#10937,
#10946,#10955,#10964,#10973,#10982,#10991,#11000,#11009,#11018,#11027,#11036),
.F.);
#11042=TRIMMED_CURVE('',#11041,(PARAMETER_VALUE(0.E0)),(PARAMETER_VALUE(1.E0)),
.T.,.UNSPECIFIED.);
#11046=COMPOSITE_CURVE_SEGMENT(.CONTINUOUS.,.T.,#11042);
#11051=TRIMMED_CURVE('',#11050,(PARAMETER_VALUE(0.E0)),(PARAMETER_VALUE(1.E0)),
.T.,.UNSPECIFIED.);
#11055=COMPOSITE_CURVE_SEGMENT(.CONTINUOUS.,.T.,#11051);
#11060=TRIMMED_CURVE('',#11059,(PARAMETER_VALUE(0.E0)),(PARAMETER_VALUE(1.E0)),
.T.,.UNSPECIFIED.);
#11064=COMPOSITE_CURVE_SEGMENT(.CONTINUOUS.,.T.,#11060);
#11069=TRIMMED_CURVE('',#11068,(PARAMETER_VALUE(0.E0)),(PARAMETER_VALUE(1.E0)),
.T.,.UNSPECIFIED.);
#11073=COMPOSITE_CURVE_SEGMENT(.CONTINUOUS.,.T.,#11069);
#11078=TRIMMED_CURVE('',#11077,(PARAMETER_VALUE(0.E0)),(PARAMETER_VALUE(1.E0)),
.T.,.UNSPECIFIED.);
#11082=COMPOSITE_CURVE_SEGMENT(.CONTINUOUS.,.T.,#11078);
#11087=TRIMMED_CURVE('',#11086,(PARAMETER_VALUE(0.E0)),(PARAMETER_VALUE(1.E0)),
.T.,.UNSPECIFIED.);
#11091=COMPOSITE_CURVE_SEGMENT(.CONTINUOUS.,.T.,#11087);
#11096=TRIMMED_CURVE('',#11095,(PARAMETER_VALUE(0.E0)),(PARAMETER_VALUE(1.E0)),
.T.,.UNSPECIFIED.);
#11100=COMPOSITE_CURVE_SEGMENT(.CONTINUOUS.,.T.,#11096);
#11105=TRIMMED_CURVE('',#11104,(PARAMETER_VALUE(0.E0)),(PARAMETER_VALUE(1.E0)),
.T.,.UNSPECIFIED.);
#11109=COMPOSITE_CURVE_SEGMENT(.CONTINUOUS.,.T.,#11105);
#11110=COMPOSITE_CURVE('',(#11046,#11055,#11064,#11073,#11082,#11091,#11100,
#11109),.F.);
#11115=TRIMMED_CURVE('',#11114,(PARAMETER_VALUE(0.E0)),(PARAMETER_VALUE(1.E0)),
.T.,.UNSPECIFIED.);
#11119=COMPOSITE_CURVE_SEGMENT(.CONTINUOUS.,.T.,#11115);
#11124=TRIMMED_CURVE('',#11123,(PARAMETER_VALUE(0.E0)),(PARAMETER_VALUE(1.E0)),
.T.,.UNSPECIFIED.);
#11128=COMPOSITE_CURVE_SEGMENT(.CONTINUOUS.,.T.,#11124);
#11133=TRIMMED_CURVE('',#11132,(PARAMETER_VALUE(0.E0)),(PARAMETER_VALUE(1.E0)),
.T.,.UNSPECIFIED.);
#11137=COMPOSITE_CURVE_SEGMENT(.CONTINUOUS.,.T.,#11133);
#11142=TRIMMED_CURVE('',#11141,(PARAMETER_VALUE(0.E0)),(PARAMETER_VALUE(1.E0)),
.T.,.UNSPECIFIED.);
#11146=COMPOSITE_CURVE_SEGMENT(.CONTINUOUS.,.T.,#11142);
#11147=COMPOSITE_CURVE('',(#11119,#11128,#11137,#11146),.F.);
#11152=TRIMMED_CURVE('',#11151,(PARAMETER_VALUE(0.E0)),(PARAMETER_VALUE(1.E0)),
.T.,.UNSPECIFIED.);
#11156=COMPOSITE_CURVE_SEGMENT(.CONTINUOUS.,.T.,#11152);
#11161=TRIMMED_CURVE('',#11160,(PARAMETER_VALUE(0.E0)),(PARAMETER_VALUE(1.E0)),
.T.,.UNSPECIFIED.);
#11165=COMPOSITE_CURVE_SEGMENT(.CONTINUOUS.,.T.,#11161);
#11170=TRIMMED_CURVE('',#11169,(PARAMETER_VALUE(0.E0)),(PARAMETER_VALUE(1.E0)),
.T.,.UNSPECIFIED.);
#11174=COMPOSITE_CURVE_SEGMENT(.CONTINUOUS.,.T.,#11170);
#11179=TRIMMED_CURVE('',#11178,(PARAMETER_VALUE(0.E0)),(PARAMETER_VALUE(1.E0)),
.T.,.UNSPECIFIED.);
#11183=COMPOSITE_CURVE_SEGMENT(.CONTINUOUS.,.T.,#11179);
#11188=TRIMMED_CURVE('',#11187,(PARAMETER_VALUE(0.E0)),(PARAMETER_VALUE(1.E0)),
.T.,.UNSPECIFIED.);
#11192=COMPOSITE_CURVE_SEGMENT(.CONTINUOUS.,.T.,#11188);
#11197=TRIMMED_CURVE('',#11196,(PARAMETER_VALUE(0.E0)),(PARAMETER_VALUE(1.E0)),
.T.,.UNSPECIFIED.);
#11201=COMPOSITE_CURVE_SEGMENT(.CONTINUOUS.,.T.,#11197);
#11206=TRIMMED_CURVE('',#11205,(PARAMETER_VALUE(0.E0)),(PARAMETER_VALUE(1.E0)),
.T.,.UNSPECIFIED.);
#11210=COMPOSITE_CURVE_SEGMENT(.CONTINUOUS.,.T.,#11206);
#11215=TRIMMED_CURVE('',#11214,(PARAMETER_VALUE(0.E0)),(PARAMETER_VALUE(1.E0)),
.T.,.UNSPECIFIED.);
#11219=COMPOSITE_CURVE_SEGMENT(.CONTINUOUS.,.T.,#11215);
#11224=TRIMMED_CURVE('',#11223,(PARAMETER_VALUE(0.E0)),(PARAMETER_VALUE(1.E0)),
.T.,.UNSPECIFIED.);
#11228=COMPOSITE_CURVE_SEGMENT(.CONTINUOUS.,.T.,#11224);
#11233=TRIMMED_CURVE('',#11232,(PARAMETER_VALUE(0.E0)),(PARAMETER_VALUE(1.E0)),
.T.,.UNSPECIFIED.);
#11237=COMPOSITE_CURVE_SEGMENT(.CONTINUOUS.,.T.,#11233);
#11242=TRIMMED_CURVE('',#11241,(PARAMETER_VALUE(0.E0)),(PARAMETER_VALUE(1.E0)),
.T.,.UNSPECIFIED.);
#11246=COMPOSITE_CURVE_SEGMENT(.CONTINUOUS.,.T.,#11242);
#11251=TRIMMED_CURVE('',#11250,(PARAMETER_VALUE(0.E0)),(PARAMETER_VALUE(1.E0)),
.T.,.UNSPECIFIED.);
#11255=COMPOSITE_CURVE_SEGMENT(.CONTINUOUS.,.T.,#11251);
#11260=TRIMMED_CURVE('',#11259,(PARAMETER_VALUE(0.E0)),(PARAMETER_VALUE(1.E0)),
.T.,.UNSPECIFIED.);
#11264=COMPOSITE_CURVE_SEGMENT(.CONTINUOUS.,.T.,#11260);
#11269=TRIMMED_CURVE('',#11268,(PARAMETER_VALUE(0.E0)),(PARAMETER_VALUE(1.E0)),
.T.,.UNSPECIFIED.);
#11273=COMPOSITE_CURVE_SEGMENT(.CONTINUOUS.,.T.,#11269);
#11278=TRIMMED_CURVE('',#11277,(PARAMETER_VALUE(0.E0)),(PARAMETER_VALUE(1.E0)),
.T.,.UNSPECIFIED.);
#11282=COMPOSITE_CURVE_SEGMENT(.CONTINUOUS.,.T.,#11278);
#11287=TRIMMED_CURVE('',#11286,(PARAMETER_VALUE(0.E0)),(PARAMETER_VALUE(1.E0)),
.T.,.UNSPECIFIED.);
#11291=COMPOSITE_CURVE_SEGMENT(.CONTINUOUS.,.T.,#11287);
#11296=TRIMMED_CURVE('',#11295,(PARAMETER_VALUE(0.E0)),(PARAMETER_VALUE(1.E0)),
.T.,.UNSPECIFIED.);
#11300=COMPOSITE_CURVE_SEGMENT(.CONTINUOUS.,.T.,#11296);
#11305=TRIMMED_CURVE('',#11304,(PARAMETER_VALUE(0.E0)),(PARAMETER_VALUE(1.E0)),
.T.,.UNSPECIFIED.);
#11309=COMPOSITE_CURVE_SEGMENT(.CONTINUOUS.,.T.,#11305);
#11314=TRIMMED_CURVE('',#11313,(PARAMETER_VALUE(0.E0)),(PARAMETER_VALUE(1.E0)),
.T.,.UNSPECIFIED.);
#11318=COMPOSITE_CURVE_SEGMENT(.CONTINUOUS.,.T.,#11314);
#11323=TRIMMED_CURVE('',#11322,(PARAMETER_VALUE(0.E0)),(PARAMETER_VALUE(1.E0)),
.T.,.UNSPECIFIED.);
#11327=COMPOSITE_CURVE_SEGMENT(.CONTINUOUS.,.T.,#11323);
#11332=TRIMMED_CURVE('',#11331,(PARAMETER_VALUE(0.E0)),(PARAMETER_VALUE(1.E0)),
.T.,.UNSPECIFIED.);
#11336=COMPOSITE_CURVE_SEGMENT(.CONTINUOUS.,.T.,#11332);
#11341=TRIMMED_CURVE('',#11340,(PARAMETER_VALUE(0.E0)),(PARAMETER_VALUE(1.E0)),
.T.,.UNSPECIFIED.);
#11345=COMPOSITE_CURVE_SEGMENT(.CONTINUOUS.,.T.,#11341);
#11350=TRIMMED_CURVE('',#11349,(PARAMETER_VALUE(0.E0)),(PARAMETER_VALUE(1.E0)),
.T.,.UNSPECIFIED.);
#11354=COMPOSITE_CURVE_SEGMENT(.CONTINUOUS.,.T.,#11350);
#11359=TRIMMED_CURVE('',#11358,(PARAMETER_VALUE(0.E0)),(PARAMETER_VALUE(1.E0)),
.T.,.UNSPECIFIED.);
#11363=COMPOSITE_CURVE_SEGMENT(.CONTINUOUS.,.T.,#11359);
#11364=COMPOSITE_CURVE('',(#11156,#11165,#11174,#11183,#11192,#11201,#11210,
#11219,#11228,#11237,#11246,#11255,#11264,#11273,#11282,#11291,#11300,#11309,
#11318,#11327,#11336,#11345,#11354,#11363),.F.);
#11369=TRIMMED_CURVE('',#11368,(PARAMETER_VALUE(0.E0)),(PARAMETER_VALUE(1.E0)),
.T.,.UNSPECIFIED.);
#11373=COMPOSITE_CURVE_SEGMENT(.CONTINUOUS.,.T.,#11369);
#11378=TRIMMED_CURVE('',#11377,(PARAMETER_VALUE(0.E0)),(PARAMETER_VALUE(1.E0)),
.T.,.UNSPECIFIED.);
#11382=COMPOSITE_CURVE_SEGMENT(.CONTINUOUS.,.T.,#11378);
#11387=TRIMMED_CURVE('',#11386,(PARAMETER_VALUE(0.E0)),(PARAMETER_VALUE(1.E0)),
.T.,.UNSPECIFIED.);
#11391=COMPOSITE_CURVE_SEGMENT(.CONTINUOUS.,.T.,#11387);
#11396=TRIMMED_CURVE('',#11395,(PARAMETER_VALUE(0.E0)),(PARAMETER_VALUE(1.E0)),
.T.,.UNSPECIFIED.);
#11400=COMPOSITE_CURVE_SEGMENT(.CONTINUOUS.,.T.,#11396);
#11405=TRIMMED_CURVE('',#11404,(PARAMETER_VALUE(0.E0)),(PARAMETER_VALUE(1.E0)),
.T.,.UNSPECIFIED.);
#11409=COMPOSITE_CURVE_SEGMENT(.CONTINUOUS.,.T.,#11405);
#11414=TRIMMED_CURVE('',#11413,(PARAMETER_VALUE(0.E0)),(PARAMETER_VALUE(1.E0)),
.T.,.UNSPECIFIED.);
#11418=COMPOSITE_CURVE_SEGMENT(.CONTINUOUS.,.T.,#11414);
#11423=TRIMMED_CURVE('',#11422,(PARAMETER_VALUE(0.E0)),(PARAMETER_VALUE(1.E0)),
.T.,.UNSPECIFIED.);
#11427=COMPOSITE_CURVE_SEGMENT(.CONTINUOUS.,.T.,#11423);
#11432=TRIMMED_CURVE('',#11431,(PARAMETER_VALUE(0.E0)),(PARAMETER_VALUE(1.E0)),
.T.,.UNSPECIFIED.);
#11436=COMPOSITE_CURVE_SEGMENT(.CONTINUOUS.,.T.,#11432);
#11441=TRIMMED_CURVE('',#11440,(PARAMETER_VALUE(0.E0)),(PARAMETER_VALUE(1.E0)),
.T.,.UNSPECIFIED.);
#11445=COMPOSITE_CURVE_SEGMENT(.CONTINUOUS.,.T.,#11441);
#11450=TRIMMED_CURVE('',#11449,(PARAMETER_VALUE(0.E0)),(PARAMETER_VALUE(1.E0)),
.T.,.UNSPECIFIED.);
#11454=COMPOSITE_CURVE_SEGMENT(.CONTINUOUS.,.T.,#11450);
#11459=TRIMMED_CURVE('',#11458,(PARAMETER_VALUE(0.E0)),(PARAMETER_VALUE(1.E0)),
.T.,.UNSPECIFIED.);
#11463=COMPOSITE_CURVE_SEGMENT(.CONTINUOUS.,.T.,#11459);
#11468=TRIMMED_CURVE('',#11467,(PARAMETER_VALUE(0.E0)),(PARAMETER_VALUE(1.E0)),
.T.,.UNSPECIFIED.);
#11472=COMPOSITE_CURVE_SEGMENT(.CONTINUOUS.,.T.,#11468);
#11477=TRIMMED_CURVE('',#11476,(PARAMETER_VALUE(0.E0)),(PARAMETER_VALUE(1.E0)),
.T.,.UNSPECIFIED.);
#11481=COMPOSITE_CURVE_SEGMENT(.CONTINUOUS.,.T.,#11477);
#11486=TRIMMED_CURVE('',#11485,(PARAMETER_VALUE(0.E0)),(PARAMETER_VALUE(1.E0)),
.T.,.UNSPECIFIED.);
#11490=COMPOSITE_CURVE_SEGMENT(.CONTINUOUS.,.T.,#11486);
#11495=TRIMMED_CURVE('',#11494,(PARAMETER_VALUE(0.E0)),(PARAMETER_VALUE(1.E0)),
.T.,.UNSPECIFIED.);
#11499=COMPOSITE_CURVE_SEGMENT(.CONTINUOUS.,.T.,#11495);
#11504=TRIMMED_CURVE('',#11503,(PARAMETER_VALUE(0.E0)),(PARAMETER_VALUE(1.E0)),
.T.,.UNSPECIFIED.);
#11508=COMPOSITE_CURVE_SEGMENT(.CONTINUOUS.,.T.,#11504);
#11513=TRIMMED_CURVE('',#11512,(PARAMETER_VALUE(0.E0)),(PARAMETER_VALUE(1.E0)),
.T.,.UNSPECIFIED.);
#11517=COMPOSITE_CURVE_SEGMENT(.CONTINUOUS.,.T.,#11513);
#11522=TRIMMED_CURVE('',#11521,(PARAMETER_VALUE(0.E0)),(PARAMETER_VALUE(1.E0)),
.T.,.UNSPECIFIED.);
#11526=COMPOSITE_CURVE_SEGMENT(.CONTINUOUS.,.T.,#11522);
#11531=TRIMMED_CURVE('',#11530,(PARAMETER_VALUE(0.E0)),(PARAMETER_VALUE(1.E0)),
.T.,.UNSPECIFIED.);
#11535=COMPOSITE_CURVE_SEGMENT(.CONTINUOUS.,.T.,#11531);
#11540=TRIMMED_CURVE('',#11539,(PARAMETER_VALUE(0.E0)),(PARAMETER_VALUE(1.E0)),
.T.,.UNSPECIFIED.);
#11544=COMPOSITE_CURVE_SEGMENT(.CONTINUOUS.,.T.,#11540);
#11545=COMPOSITE_CURVE('',(#11373,#11382,#11391,#11400,#11409,#11418,#11427,
#11436,#11445,#11454,#11463,#11472,#11481,#11490,#11499,#11508,#11517,#11526,
#11535,#11544),.F.);
#11550=TRIMMED_CURVE('',#11549,(PARAMETER_VALUE(0.E0)),(PARAMETER_VALUE(1.E0)),
.T.,.UNSPECIFIED.);
#11554=COMPOSITE_CURVE_SEGMENT(.CONTINUOUS.,.T.,#11550);
#11559=TRIMMED_CURVE('',#11558,(PARAMETER_VALUE(0.E0)),(PARAMETER_VALUE(1.E0)),
.T.,.UNSPECIFIED.);
#11563=COMPOSITE_CURVE_SEGMENT(.CONTINUOUS.,.T.,#11559);
#11568=TRIMMED_CURVE('',#11567,(PARAMETER_VALUE(0.E0)),(PARAMETER_VALUE(1.E0)),
.T.,.UNSPECIFIED.);
#11572=COMPOSITE_CURVE_SEGMENT(.CONTINUOUS.,.T.,#11568);
#11577=TRIMMED_CURVE('',#11576,(PARAMETER_VALUE(0.E0)),(PARAMETER_VALUE(1.E0)),
.T.,.UNSPECIFIED.);
#11581=COMPOSITE_CURVE_SEGMENT(.CONTINUOUS.,.T.,#11577);
#11586=TRIMMED_CURVE('',#11585,(PARAMETER_VALUE(0.E0)),(PARAMETER_VALUE(1.E0)),
.T.,.UNSPECIFIED.);
#11590=COMPOSITE_CURVE_SEGMENT(.CONTINUOUS.,.T.,#11586);
#11595=TRIMMED_CURVE('',#11594,(PARAMETER_VALUE(0.E0)),(PARAMETER_VALUE(1.E0)),
.T.,.UNSPECIFIED.);
#11599=COMPOSITE_CURVE_SEGMENT(.CONTINUOUS.,.T.,#11595);
#11604=TRIMMED_CURVE('',#11603,(PARAMETER_VALUE(0.E0)),(PARAMETER_VALUE(1.E0)),
.T.,.UNSPECIFIED.);
#11608=COMPOSITE_CURVE_SEGMENT(.CONTINUOUS.,.T.,#11604);
#11613=TRIMMED_CURVE('',#11612,(PARAMETER_VALUE(0.E0)),(PARAMETER_VALUE(1.E0)),
.T.,.UNSPECIFIED.);
#11617=COMPOSITE_CURVE_SEGMENT(.CONTINUOUS.,.T.,#11613);
#11622=TRIMMED_CURVE('',#11621,(PARAMETER_VALUE(0.E0)),(PARAMETER_VALUE(1.E0)),
.T.,.UNSPECIFIED.);
#11626=COMPOSITE_CURVE_SEGMENT(.CONTINUOUS.,.T.,#11622);
#11631=TRIMMED_CURVE('',#11630,(PARAMETER_VALUE(0.E0)),(PARAMETER_VALUE(1.E0)),
.T.,.UNSPECIFIED.);
#11635=COMPOSITE_CURVE_SEGMENT(.CONTINUOUS.,.T.,#11631);
#11636=COMPOSITE_CURVE('',(#11554,#11563,#11572,#11581,#11590,#11599,#11608,
#11617,#11626,#11635),.F.);
#11641=TRIMMED_CURVE('',#11640,(PARAMETER_VALUE(0.E0)),(PARAMETER_VALUE(1.E0)),
.T.,.UNSPECIFIED.);
#11645=COMPOSITE_CURVE_SEGMENT(.CONTINUOUS.,.T.,#11641);
#11650=TRIMMED_CURVE('',#11649,(PARAMETER_VALUE(0.E0)),(PARAMETER_VALUE(1.E0)),
.T.,.UNSPECIFIED.);
#11654=COMPOSITE_CURVE_SEGMENT(.CONTINUOUS.,.T.,#11650);
#11659=TRIMMED_CURVE('',#11658,(PARAMETER_VALUE(0.E0)),(PARAMETER_VALUE(1.E0)),
.T.,.UNSPECIFIED.);
#11663=COMPOSITE_CURVE_SEGMENT(.CONTINUOUS.,.T.,#11659);
#11668=TRIMMED_CURVE('',#11667,(PARAMETER_VALUE(0.E0)),(PARAMETER_VALUE(1.E0)),
.T.,.UNSPECIFIED.);
#11672=COMPOSITE_CURVE_SEGMENT(.CONTINUOUS.,.T.,#11668);
#11677=TRIMMED_CURVE('',#11676,(PARAMETER_VALUE(0.E0)),(PARAMETER_VALUE(1.E0)),
.T.,.UNSPECIFIED.);
#11681=COMPOSITE_CURVE_SEGMENT(.CONTINUOUS.,.T.,#11677);
#11686=TRIMMED_CURVE('',#11685,(PARAMETER_VALUE(0.E0)),(PARAMETER_VALUE(1.E0)),
.T.,.UNSPECIFIED.);
#11690=COMPOSITE_CURVE_SEGMENT(.CONTINUOUS.,.T.,#11686);
#11695=TRIMMED_CURVE('',#11694,(PARAMETER_VALUE(0.E0)),(PARAMETER_VALUE(1.E0)),
.T.,.UNSPECIFIED.);
#11699=COMPOSITE_CURVE_SEGMENT(.CONTINUOUS.,.T.,#11695);
#11700=COMPOSITE_CURVE('',(#11645,#11654,#11663,#11672,#11681,#11690,#11699),
.F.);
#11705=TRIMMED_CURVE('',#11704,(PARAMETER_VALUE(0.E0)),(PARAMETER_VALUE(1.E0)),
.T.,.UNSPECIFIED.);
#11709=COMPOSITE_CURVE_SEGMENT(.CONTINUOUS.,.T.,#11705);
#11714=TRIMMED_CURVE('',#11713,(PARAMETER_VALUE(0.E0)),(PARAMETER_VALUE(1.E0)),
.T.,.UNSPECIFIED.);
#11718=COMPOSITE_CURVE_SEGMENT(.CONTINUOUS.,.T.,#11714);
#11723=TRIMMED_CURVE('',#11722,(PARAMETER_VALUE(0.E0)),(PARAMETER_VALUE(1.E0)),
.T.,.UNSPECIFIED.);
#11727=COMPOSITE_CURVE_SEGMENT(.CONTINUOUS.,.T.,#11723);
#11732=TRIMMED_CURVE('',#11731,(PARAMETER_VALUE(0.E0)),(PARAMETER_VALUE(1.E0)),
.T.,.UNSPECIFIED.);
#11736=COMPOSITE_CURVE_SEGMENT(.CONTINUOUS.,.T.,#11732);
#11741=TRIMMED_CURVE('',#11740,(PARAMETER_VALUE(0.E0)),(PARAMETER_VALUE(1.E0)),
.T.,.UNSPECIFIED.);
#11745=COMPOSITE_CURVE_SEGMENT(.CONTINUOUS.,.T.,#11741);
#11750=TRIMMED_CURVE('',#11749,(PARAMETER_VALUE(0.E0)),(PARAMETER_VALUE(1.E0)),
.T.,.UNSPECIFIED.);
#11754=COMPOSITE_CURVE_SEGMENT(.CONTINUOUS.,.T.,#11750);
#11759=TRIMMED_CURVE('',#11758,(PARAMETER_VALUE(0.E0)),(PARAMETER_VALUE(1.E0)),
.T.,.UNSPECIFIED.);
#11763=COMPOSITE_CURVE_SEGMENT(.CONTINUOUS.,.T.,#11759);
#11768=TRIMMED_CURVE('',#11767,(PARAMETER_VALUE(0.E0)),(PARAMETER_VALUE(1.E0)),
.T.,.UNSPECIFIED.);
#11772=COMPOSITE_CURVE_SEGMENT(.CONTINUOUS.,.T.,#11768);
#11777=TRIMMED_CURVE('',#11776,(PARAMETER_VALUE(0.E0)),(PARAMETER_VALUE(1.E0)),
.T.,.UNSPECIFIED.);
#11781=COMPOSITE_CURVE_SEGMENT(.CONTINUOUS.,.T.,#11777);
#11786=TRIMMED_CURVE('',#11785,(PARAMETER_VALUE(0.E0)),(PARAMETER_VALUE(1.E0)),
.T.,.UNSPECIFIED.);
#11790=COMPOSITE_CURVE_SEGMENT(.CONTINUOUS.,.T.,#11786);
#11795=TRIMMED_CURVE('',#11794,(PARAMETER_VALUE(0.E0)),(PARAMETER_VALUE(1.E0)),
.T.,.UNSPECIFIED.);
#11799=COMPOSITE_CURVE_SEGMENT(.CONTINUOUS.,.T.,#11795);
#11804=TRIMMED_CURVE('',#11803,(PARAMETER_VALUE(0.E0)),(PARAMETER_VALUE(1.E0)),
.T.,.UNSPECIFIED.);
#11808=COMPOSITE_CURVE_SEGMENT(.CONTINUOUS.,.T.,#11804);
#11813=TRIMMED_CURVE('',#11812,(PARAMETER_VALUE(0.E0)),(PARAMETER_VALUE(1.E0)),
.T.,.UNSPECIFIED.);
#11817=COMPOSITE_CURVE_SEGMENT(.CONTINUOUS.,.T.,#11813);
#11822=TRIMMED_CURVE('',#11821,(PARAMETER_VALUE(0.E0)),(PARAMETER_VALUE(1.E0)),
.T.,.UNSPECIFIED.);
#11826=COMPOSITE_CURVE_SEGMENT(.CONTINUOUS.,.T.,#11822);
#11831=TRIMMED_CURVE('',#11830,(PARAMETER_VALUE(0.E0)),(PARAMETER_VALUE(1.E0)),
.T.,.UNSPECIFIED.);
#11835=COMPOSITE_CURVE_SEGMENT(.CONTINUOUS.,.T.,#11831);
#11840=TRIMMED_CURVE('',#11839,(PARAMETER_VALUE(0.E0)),(PARAMETER_VALUE(1.E0)),
.T.,.UNSPECIFIED.);
#11844=COMPOSITE_CURVE_SEGMENT(.CONTINUOUS.,.T.,#11840);
#11849=TRIMMED_CURVE('',#11848,(PARAMETER_VALUE(0.E0)),(PARAMETER_VALUE(1.E0)),
.T.,.UNSPECIFIED.);
#11853=COMPOSITE_CURVE_SEGMENT(.CONTINUOUS.,.T.,#11849);
#11858=TRIMMED_CURVE('',#11857,(PARAMETER_VALUE(0.E0)),(PARAMETER_VALUE(1.E0)),
.T.,.UNSPECIFIED.);
#11862=COMPOSITE_CURVE_SEGMENT(.CONTINUOUS.,.T.,#11858);
#11867=TRIMMED_CURVE('',#11866,(PARAMETER_VALUE(0.E0)),(PARAMETER_VALUE(1.E0)),
.T.,.UNSPECIFIED.);
#11871=COMPOSITE_CURVE_SEGMENT(.CONTINUOUS.,.T.,#11867);
#11876=TRIMMED_CURVE('',#11875,(PARAMETER_VALUE(0.E0)),(PARAMETER_VALUE(1.E0)),
.T.,.UNSPECIFIED.);
#11880=COMPOSITE_CURVE_SEGMENT(.CONTINUOUS.,.T.,#11876);
#11885=TRIMMED_CURVE('',#11884,(PARAMETER_VALUE(0.E0)),(PARAMETER_VALUE(1.E0)),
.T.,.UNSPECIFIED.);
#11889=COMPOSITE_CURVE_SEGMENT(.CONTINUOUS.,.T.,#11885);
#11894=TRIMMED_CURVE('',#11893,(PARAMETER_VALUE(0.E0)),(PARAMETER_VALUE(1.E0)),
.T.,.UNSPECIFIED.);
#11898=COMPOSITE_CURVE_SEGMENT(.CONTINUOUS.,.T.,#11894);
#11903=TRIMMED_CURVE('',#11902,(PARAMETER_VALUE(0.E0)),(PARAMETER_VALUE(1.E0)),
.T.,.UNSPECIFIED.);
#11907=COMPOSITE_CURVE_SEGMENT(.CONTINUOUS.,.T.,#11903);
#11912=TRIMMED_CURVE('',#11911,(PARAMETER_VALUE(0.E0)),(PARAMETER_VALUE(1.E0)),
.T.,.UNSPECIFIED.);
#11916=COMPOSITE_CURVE_SEGMENT(.CONTINUOUS.,.T.,#11912);
#11921=TRIMMED_CURVE('',#11920,(PARAMETER_VALUE(0.E0)),(PARAMETER_VALUE(1.E0)),
.T.,.UNSPECIFIED.);
#11925=COMPOSITE_CURVE_SEGMENT(.CONTINUOUS.,.T.,#11921);
#11930=TRIMMED_CURVE('',#11929,(PARAMETER_VALUE(0.E0)),(PARAMETER_VALUE(1.E0)),
.T.,.UNSPECIFIED.);
#11934=COMPOSITE_CURVE_SEGMENT(.CONTINUOUS.,.T.,#11930);
#11939=TRIMMED_CURVE('',#11938,(PARAMETER_VALUE(0.E0)),(PARAMETER_VALUE(1.E0)),
.T.,.UNSPECIFIED.);
#11943=COMPOSITE_CURVE_SEGMENT(.CONTINUOUS.,.T.,#11939);
#11948=TRIMMED_CURVE('',#11947,(PARAMETER_VALUE(0.E0)),(PARAMETER_VALUE(1.E0)),
.T.,.UNSPECIFIED.);
#11952=COMPOSITE_CURVE_SEGMENT(.CONTINUOUS.,.T.,#11948);
#11953=COMPOSITE_CURVE('',(#11709,#11718,#11727,#11736,#11745,#11754,#11763,
#11772,#11781,#11790,#11799,#11808,#11817,#11826,#11835,#11844,#11853,#11862,
#11871,#11880,#11889,#11898,#11907,#11916,#11925,#11934,#11943,#11952),.F.);
#11958=TRIMMED_CURVE('',#11957,(PARAMETER_VALUE(0.E0)),(PARAMETER_VALUE(1.E0)),
.T.,.UNSPECIFIED.);
#11962=COMPOSITE_CURVE_SEGMENT(.CONTINUOUS.,.T.,#11958);
#11967=TRIMMED_CURVE('',#11966,(PARAMETER_VALUE(0.E0)),(PARAMETER_VALUE(1.E0)),
.T.,.UNSPECIFIED.);
#11971=COMPOSITE_CURVE_SEGMENT(.CONTINUOUS.,.T.,#11967);
#11976=TRIMMED_CURVE('',#11975,(PARAMETER_VALUE(0.E0)),(PARAMETER_VALUE(1.E0)),
.T.,.UNSPECIFIED.);
#11980=COMPOSITE_CURVE_SEGMENT(.CONTINUOUS.,.T.,#11976);
#11985=TRIMMED_CURVE('',#11984,(PARAMETER_VALUE(0.E0)),(PARAMETER_VALUE(1.E0)),
.T.,.UNSPECIFIED.);
#11989=COMPOSITE_CURVE_SEGMENT(.CONTINUOUS.,.T.,#11985);
#11990=COMPOSITE_CURVE('',(#11962,#11971,#11980,#11989),.F.);
#11995=TRIMMED_CURVE('',#11994,(PARAMETER_VALUE(0.E0)),(PARAMETER_VALUE(1.E0)),
.T.,.UNSPECIFIED.);
#11999=COMPOSITE_CURVE_SEGMENT(.CONTINUOUS.,.T.,#11995);
#12004=TRIMMED_CURVE('',#12003,(PARAMETER_VALUE(0.E0)),(PARAMETER_VALUE(1.E0)),
.T.,.UNSPECIFIED.);
#12008=COMPOSITE_CURVE_SEGMENT(.CONTINUOUS.,.T.,#12004);
#12013=TRIMMED_CURVE('',#12012,(PARAMETER_VALUE(0.E0)),(PARAMETER_VALUE(1.E0)),
.T.,.UNSPECIFIED.);
#12017=COMPOSITE_CURVE_SEGMENT(.CONTINUOUS.,.T.,#12013);
#12022=TRIMMED_CURVE('',#12021,(PARAMETER_VALUE(0.E0)),(PARAMETER_VALUE(1.E0)),
.T.,.UNSPECIFIED.);
#12026=COMPOSITE_CURVE_SEGMENT(.CONTINUOUS.,.T.,#12022);
#12031=TRIMMED_CURVE('',#12030,(PARAMETER_VALUE(0.E0)),(PARAMETER_VALUE(1.E0)),
.T.,.UNSPECIFIED.);
#12035=COMPOSITE_CURVE_SEGMENT(.CONTINUOUS.,.T.,#12031);
#12040=TRIMMED_CURVE('',#12039,(PARAMETER_VALUE(0.E0)),(PARAMETER_VALUE(1.E0)),
.T.,.UNSPECIFIED.);
#12044=COMPOSITE_CURVE_SEGMENT(.CONTINUOUS.,.T.,#12040);
#12049=TRIMMED_CURVE('',#12048,(PARAMETER_VALUE(0.E0)),(PARAMETER_VALUE(1.E0)),
.T.,.UNSPECIFIED.);
#12053=COMPOSITE_CURVE_SEGMENT(.CONTINUOUS.,.T.,#12049);
#12058=TRIMMED_CURVE('',#12057,(PARAMETER_VALUE(0.E0)),(PARAMETER_VALUE(1.E0)),
.T.,.UNSPECIFIED.);
#12062=COMPOSITE_CURVE_SEGMENT(.CONTINUOUS.,.T.,#12058);
#12067=TRIMMED_CURVE('',#12066,(PARAMETER_VALUE(0.E0)),(PARAMETER_VALUE(1.E0)),
.T.,.UNSPECIFIED.);
#12071=COMPOSITE_CURVE_SEGMENT(.CONTINUOUS.,.T.,#12067);
#12076=TRIMMED_CURVE('',#12075,(PARAMETER_VALUE(0.E0)),(PARAMETER_VALUE(1.E0)),
.T.,.UNSPECIFIED.);
#12080=COMPOSITE_CURVE_SEGMENT(.CONTINUOUS.,.T.,#12076);
#12085=TRIMMED_CURVE('',#12084,(PARAMETER_VALUE(0.E0)),(PARAMETER_VALUE(1.E0)),
.T.,.UNSPECIFIED.);
#12089=COMPOSITE_CURVE_SEGMENT(.CONTINUOUS.,.T.,#12085);
#12094=TRIMMED_CURVE('',#12093,(PARAMETER_VALUE(0.E0)),(PARAMETER_VALUE(1.E0)),
.T.,.UNSPECIFIED.);
#12098=COMPOSITE_CURVE_SEGMENT(.CONTINUOUS.,.T.,#12094);
#12103=TRIMMED_CURVE('',#12102,(PARAMETER_VALUE(0.E0)),(PARAMETER_VALUE(1.E0)),
.T.,.UNSPECIFIED.);
#12107=COMPOSITE_CURVE_SEGMENT(.CONTINUOUS.,.T.,#12103);
#12112=TRIMMED_CURVE('',#12111,(PARAMETER_VALUE(0.E0)),(PARAMETER_VALUE(1.E0)),
.T.,.UNSPECIFIED.);
#12116=COMPOSITE_CURVE_SEGMENT(.CONTINUOUS.,.T.,#12112);
#12121=TRIMMED_CURVE('',#12120,(PARAMETER_VALUE(0.E0)),(PARAMETER_VALUE(1.E0)),
.T.,.UNSPECIFIED.);
#12125=COMPOSITE_CURVE_SEGMENT(.CONTINUOUS.,.T.,#12121);
#12130=TRIMMED_CURVE('',#12129,(PARAMETER_VALUE(0.E0)),(PARAMETER_VALUE(1.E0)),
.T.,.UNSPECIFIED.);
#12134=COMPOSITE_CURVE_SEGMENT(.CONTINUOUS.,.T.,#12130);
#12139=TRIMMED_CURVE('',#12138,(PARAMETER_VALUE(0.E0)),(PARAMETER_VALUE(1.E0)),
.T.,.UNSPECIFIED.);
#12143=COMPOSITE_CURVE_SEGMENT(.CONTINUOUS.,.T.,#12139);
#12148=TRIMMED_CURVE('',#12147,(PARAMETER_VALUE(0.E0)),(PARAMETER_VALUE(1.E0)),
.T.,.UNSPECIFIED.);
#12152=COMPOSITE_CURVE_SEGMENT(.CONTINUOUS.,.T.,#12148);
#12157=TRIMMED_CURVE('',#12156,(PARAMETER_VALUE(0.E0)),(PARAMETER_VALUE(1.E0)),
.T.,.UNSPECIFIED.);
#12161=COMPOSITE_CURVE_SEGMENT(.CONTINUOUS.,.T.,#12157);
#12166=TRIMMED_CURVE('',#12165,(PARAMETER_VALUE(0.E0)),(PARAMETER_VALUE(1.E0)),
.T.,.UNSPECIFIED.);
#12170=COMPOSITE_CURVE_SEGMENT(.CONTINUOUS.,.T.,#12166);
#12175=TRIMMED_CURVE('',#12174,(PARAMETER_VALUE(0.E0)),(PARAMETER_VALUE(1.E0)),
.T.,.UNSPECIFIED.);
#12179=COMPOSITE_CURVE_SEGMENT(.CONTINUOUS.,.T.,#12175);
#12184=TRIMMED_CURVE('',#12183,(PARAMETER_VALUE(0.E0)),(PARAMETER_VALUE(1.E0)),
.T.,.UNSPECIFIED.);
#12188=COMPOSITE_CURVE_SEGMENT(.CONTINUOUS.,.T.,#12184);
#12193=TRIMMED_CURVE('',#12192,(PARAMETER_VALUE(0.E0)),(PARAMETER_VALUE(1.E0)),
.T.,.UNSPECIFIED.);
#12197=COMPOSITE_CURVE_SEGMENT(.CONTINUOUS.,.T.,#12193);
#12202=TRIMMED_CURVE('',#12201,(PARAMETER_VALUE(0.E0)),(PARAMETER_VALUE(1.E0)),
.T.,.UNSPECIFIED.);
#12206=COMPOSITE_CURVE_SEGMENT(.CONTINUOUS.,.T.,#12202);
#12207=COMPOSITE_CURVE('',(#11999,#12008,#12017,#12026,#12035,#12044,#12053,
#12062,#12071,#12080,#12089,#12098,#12107,#12116,#12125,#12134,#12143,#12152,
#12161,#12170,#12179,#12188,#12197,#12206),.F.);
#12212=TRIMMED_CURVE('',#12211,(PARAMETER_VALUE(0.E0)),(PARAMETER_VALUE(1.E0)),
.T.,.UNSPECIFIED.);
#12216=COMPOSITE_CURVE_SEGMENT(.CONTINUOUS.,.T.,#12212);
#12221=TRIMMED_CURVE('',#12220,(PARAMETER_VALUE(0.E0)),(PARAMETER_VALUE(1.E0)),
.T.,.UNSPECIFIED.);
#12225=COMPOSITE_CURVE_SEGMENT(.CONTINUOUS.,.T.,#12221);
#12230=TRIMMED_CURVE('',#12229,(PARAMETER_VALUE(0.E0)),(PARAMETER_VALUE(1.E0)),
.T.,.UNSPECIFIED.);
#12234=COMPOSITE_CURVE_SEGMENT(.CONTINUOUS.,.T.,#12230);
#12239=TRIMMED_CURVE('',#12238,(PARAMETER_VALUE(0.E0)),(PARAMETER_VALUE(1.E0)),
.T.,.UNSPECIFIED.);
#12243=COMPOSITE_CURVE_SEGMENT(.CONTINUOUS.,.T.,#12239);
#12248=TRIMMED_CURVE('',#12247,(PARAMETER_VALUE(0.E0)),(PARAMETER_VALUE(1.E0)),
.T.,.UNSPECIFIED.);
#12252=COMPOSITE_CURVE_SEGMENT(.CONTINUOUS.,.T.,#12248);
#12257=TRIMMED_CURVE('',#12256,(PARAMETER_VALUE(0.E0)),(PARAMETER_VALUE(1.E0)),
.T.,.UNSPECIFIED.);
#12261=COMPOSITE_CURVE_SEGMENT(.CONTINUOUS.,.T.,#12257);
#12266=TRIMMED_CURVE('',#12265,(PARAMETER_VALUE(0.E0)),(PARAMETER_VALUE(1.E0)),
.T.,.UNSPECIFIED.);
#12270=COMPOSITE_CURVE_SEGMENT(.CONTINUOUS.,.T.,#12266);
#12275=TRIMMED_CURVE('',#12274,(PARAMETER_VALUE(0.E0)),(PARAMETER_VALUE(1.E0)),
.T.,.UNSPECIFIED.);
#12279=COMPOSITE_CURVE_SEGMENT(.CONTINUOUS.,.T.,#12275);
#12284=TRIMMED_CURVE('',#12283,(PARAMETER_VALUE(0.E0)),(PARAMETER_VALUE(1.E0)),
.T.,.UNSPECIFIED.);
#12288=COMPOSITE_CURVE_SEGMENT(.CONTINUOUS.,.T.,#12284);
#12293=TRIMMED_CURVE('',#12292,(PARAMETER_VALUE(0.E0)),(PARAMETER_VALUE(1.E0)),
.T.,.UNSPECIFIED.);
#12297=COMPOSITE_CURVE_SEGMENT(.CONTINUOUS.,.T.,#12293);
#12302=TRIMMED_CURVE('',#12301,(PARAMETER_VALUE(0.E0)),(PARAMETER_VALUE(1.E0)),
.T.,.UNSPECIFIED.);
#12306=COMPOSITE_CURVE_SEGMENT(.CONTINUOUS.,.T.,#12302);
#12311=TRIMMED_CURVE('',#12310,(PARAMETER_VALUE(0.E0)),(PARAMETER_VALUE(1.E0)),
.T.,.UNSPECIFIED.);
#12315=COMPOSITE_CURVE_SEGMENT(.CONTINUOUS.,.T.,#12311);
#12320=TRIMMED_CURVE('',#12319,(PARAMETER_VALUE(0.E0)),(PARAMETER_VALUE(1.E0)),
.T.,.UNSPECIFIED.);
#12324=COMPOSITE_CURVE_SEGMENT(.CONTINUOUS.,.T.,#12320);
#12329=TRIMMED_CURVE('',#12328,(PARAMETER_VALUE(0.E0)),(PARAMETER_VALUE(1.E0)),
.T.,.UNSPECIFIED.);
#12333=COMPOSITE_CURVE_SEGMENT(.CONTINUOUS.,.T.,#12329);
#12338=TRIMMED_CURVE('',#12337,(PARAMETER_VALUE(0.E0)),(PARAMETER_VALUE(1.E0)),
.T.,.UNSPECIFIED.);
#12342=COMPOSITE_CURVE_SEGMENT(.CONTINUOUS.,.T.,#12338);
#12347=TRIMMED_CURVE('',#12346,(PARAMETER_VALUE(0.E0)),(PARAMETER_VALUE(1.E0)),
.T.,.UNSPECIFIED.);
#12351=COMPOSITE_CURVE_SEGMENT(.CONTINUOUS.,.T.,#12347);
#12356=TRIMMED_CURVE('',#12355,(PARAMETER_VALUE(0.E0)),(PARAMETER_VALUE(1.E0)),
.T.,.UNSPECIFIED.);
#12360=COMPOSITE_CURVE_SEGMENT(.CONTINUOUS.,.T.,#12356);
#12365=TRIMMED_CURVE('',#12364,(PARAMETER_VALUE(0.E0)),(PARAMETER_VALUE(1.E0)),
.T.,.UNSPECIFIED.);
#12369=COMPOSITE_CURVE_SEGMENT(.CONTINUOUS.,.T.,#12365);
#12374=TRIMMED_CURVE('',#12373,(PARAMETER_VALUE(0.E0)),(PARAMETER_VALUE(1.E0)),
.T.,.UNSPECIFIED.);
#12378=COMPOSITE_CURVE_SEGMENT(.CONTINUOUS.,.T.,#12374);
#12383=TRIMMED_CURVE('',#12382,(PARAMETER_VALUE(0.E0)),(PARAMETER_VALUE(1.E0)),
.T.,.UNSPECIFIED.);
#12387=COMPOSITE_CURVE_SEGMENT(.CONTINUOUS.,.T.,#12383);
#12388=COMPOSITE_CURVE('',(#12216,#12225,#12234,#12243,#12252,#12261,#12270,
#12279,#12288,#12297,#12306,#12315,#12324,#12333,#12342,#12351,#12360,#12369,
#12378,#12387),.F.);
#12393=TRIMMED_CURVE('',#12392,(PARAMETER_VALUE(0.E0)),(PARAMETER_VALUE(1.E0)),
.T.,.UNSPECIFIED.);
#12397=COMPOSITE_CURVE_SEGMENT(.CONTINUOUS.,.T.,#12393);
#12402=TRIMMED_CURVE('',#12401,(PARAMETER_VALUE(0.E0)),(PARAMETER_VALUE(1.E0)),
.T.,.UNSPECIFIED.);
#12406=COMPOSITE_CURVE_SEGMENT(.CONTINUOUS.,.T.,#12402);
#12411=TRIMMED_CURVE('',#12410,(PARAMETER_VALUE(0.E0)),(PARAMETER_VALUE(1.E0)),
.T.,.UNSPECIFIED.);
#12415=COMPOSITE_CURVE_SEGMENT(.CONTINUOUS.,.T.,#12411);
#12420=TRIMMED_CURVE('',#12419,(PARAMETER_VALUE(0.E0)),(PARAMETER_VALUE(1.E0)),
.T.,.UNSPECIFIED.);
#12424=COMPOSITE_CURVE_SEGMENT(.CONTINUOUS.,.T.,#12420);
#12429=TRIMMED_CURVE('',#12428,(PARAMETER_VALUE(0.E0)),(PARAMETER_VALUE(1.E0)),
.T.,.UNSPECIFIED.);
#12433=COMPOSITE_CURVE_SEGMENT(.CONTINUOUS.,.T.,#12429);
#12438=TRIMMED_CURVE('',#12437,(PARAMETER_VALUE(0.E0)),(PARAMETER_VALUE(1.E0)),
.T.,.UNSPECIFIED.);
#12442=COMPOSITE_CURVE_SEGMENT(.CONTINUOUS.,.T.,#12438);
#12447=TRIMMED_CURVE('',#12446,(PARAMETER_VALUE(0.E0)),(PARAMETER_VALUE(1.E0)),
.T.,.UNSPECIFIED.);
#12451=COMPOSITE_CURVE_SEGMENT(.CONTINUOUS.,.T.,#12447);
#12456=TRIMMED_CURVE('',#12455,(PARAMETER_VALUE(0.E0)),(PARAMETER_VALUE(1.E0)),
.T.,.UNSPECIFIED.);
#12460=COMPOSITE_CURVE_SEGMENT(.CONTINUOUS.,.T.,#12456);
#12465=TRIMMED_CURVE('',#12464,(PARAMETER_VALUE(0.E0)),(PARAMETER_VALUE(1.E0)),
.T.,.UNSPECIFIED.);
#12469=COMPOSITE_CURVE_SEGMENT(.CONTINUOUS.,.T.,#12465);
#12474=TRIMMED_CURVE('',#12473,(PARAMETER_VALUE(0.E0)),(PARAMETER_VALUE(1.E0)),
.T.,.UNSPECIFIED.);
#12478=COMPOSITE_CURVE_SEGMENT(.CONTINUOUS.,.T.,#12474);
#12483=TRIMMED_CURVE('',#12482,(PARAMETER_VALUE(0.E0)),(PARAMETER_VALUE(1.E0)),
.T.,.UNSPECIFIED.);
#12487=COMPOSITE_CURVE_SEGMENT(.CONTINUOUS.,.T.,#12483);
#12492=TRIMMED_CURVE('',#12491,(PARAMETER_VALUE(0.E0)),(PARAMETER_VALUE(1.E0)),
.T.,.UNSPECIFIED.);
#12496=COMPOSITE_CURVE_SEGMENT(.CONTINUOUS.,.T.,#12492);
#12497=COMPOSITE_CURVE('',(#12397,#12406,#12415,#12424,#12433,#12442,#12451,
#12460,#12469,#12478,#12487,#12496),.F.);
#12502=TRIMMED_CURVE('',#12501,(PARAMETER_VALUE(0.E0)),(PARAMETER_VALUE(1.E0)),
.T.,.UNSPECIFIED.);
#12506=COMPOSITE_CURVE_SEGMENT(.CONTINUOUS.,.T.,#12502);
#12511=TRIMMED_CURVE('',#12510,(PARAMETER_VALUE(0.E0)),(PARAMETER_VALUE(1.E0)),
.T.,.UNSPECIFIED.);
#12515=COMPOSITE_CURVE_SEGMENT(.CONTINUOUS.,.T.,#12511);
#12520=TRIMMED_CURVE('',#12519,(PARAMETER_VALUE(0.E0)),(PARAMETER_VALUE(1.E0)),
.T.,.UNSPECIFIED.);
#12524=COMPOSITE_CURVE_SEGMENT(.CONTINUOUS.,.T.,#12520);
#12529=TRIMMED_CURVE('',#12528,(PARAMETER_VALUE(0.E0)),(PARAMETER_VALUE(1.E0)),
.T.,.UNSPECIFIED.);
#12533=COMPOSITE_CURVE_SEGMENT(.CONTINUOUS.,.T.,#12529);
#12538=TRIMMED_CURVE('',#12537,(PARAMETER_VALUE(0.E0)),(PARAMETER_VALUE(1.E0)),
.T.,.UNSPECIFIED.);
#12542=COMPOSITE_CURVE_SEGMENT(.CONTINUOUS.,.T.,#12538);
#12547=TRIMMED_CURVE('',#12546,(PARAMETER_VALUE(0.E0)),(PARAMETER_VALUE(1.E0)),
.T.,.UNSPECIFIED.);
#12551=COMPOSITE_CURVE_SEGMENT(.CONTINUOUS.,.T.,#12547);
#12552=COMPOSITE_CURVE('',(#12506,#12515,#12524,#12533,#12542,#12551),.F.);
#12557=TRIMMED_CURVE('',#12556,(PARAMETER_VALUE(0.E0)),(PARAMETER_VALUE(1.E0)),
.T.,.UNSPECIFIED.);
#12561=COMPOSITE_CURVE_SEGMENT(.CONTINUOUS.,.T.,#12557);
#12566=TRIMMED_CURVE('',#12565,(PARAMETER_VALUE(0.E0)),(PARAMETER_VALUE(1.E0)),
.T.,.UNSPECIFIED.);
#12570=COMPOSITE_CURVE_SEGMENT(.CONTINUOUS.,.T.,#12566);
#12575=TRIMMED_CURVE('',#12574,(PARAMETER_VALUE(0.E0)),(PARAMETER_VALUE(1.E0)),
.T.,.UNSPECIFIED.);
#12579=COMPOSITE_CURVE_SEGMENT(.CONTINUOUS.,.T.,#12575);
#12584=TRIMMED_CURVE('',#12583,(PARAMETER_VALUE(0.E0)),(PARAMETER_VALUE(1.E0)),
.T.,.UNSPECIFIED.);
#12588=COMPOSITE_CURVE_SEGMENT(.CONTINUOUS.,.T.,#12584);
#12593=TRIMMED_CURVE('',#12592,(PARAMETER_VALUE(0.E0)),(PARAMETER_VALUE(1.E0)),
.T.,.UNSPECIFIED.);
#12597=COMPOSITE_CURVE_SEGMENT(.CONTINUOUS.,.T.,#12593);
#12602=TRIMMED_CURVE('',#12601,(PARAMETER_VALUE(0.E0)),(PARAMETER_VALUE(1.E0)),
.T.,.UNSPECIFIED.);
#12606=COMPOSITE_CURVE_SEGMENT(.CONTINUOUS.,.T.,#12602);
#12611=TRIMMED_CURVE('',#12610,(PARAMETER_VALUE(0.E0)),(PARAMETER_VALUE(1.E0)),
.T.,.UNSPECIFIED.);
#12615=COMPOSITE_CURVE_SEGMENT(.CONTINUOUS.,.T.,#12611);
#12620=TRIMMED_CURVE('',#12619,(PARAMETER_VALUE(0.E0)),(PARAMETER_VALUE(1.E0)),
.T.,.UNSPECIFIED.);
#12624=COMPOSITE_CURVE_SEGMENT(.CONTINUOUS.,.T.,#12620);
#12629=TRIMMED_CURVE('',#12628,(PARAMETER_VALUE(0.E0)),(PARAMETER_VALUE(1.E0)),
.T.,.UNSPECIFIED.);
#12633=COMPOSITE_CURVE_SEGMENT(.CONTINUOUS.,.T.,#12629);
#12638=TRIMMED_CURVE('',#12637,(PARAMETER_VALUE(0.E0)),(PARAMETER_VALUE(1.E0)),
.T.,.UNSPECIFIED.);
#12642=COMPOSITE_CURVE_SEGMENT(.CONTINUOUS.,.T.,#12638);
#12647=TRIMMED_CURVE('',#12646,(PARAMETER_VALUE(0.E0)),(PARAMETER_VALUE(1.E0)),
.T.,.UNSPECIFIED.);
#12651=COMPOSITE_CURVE_SEGMENT(.CONTINUOUS.,.T.,#12647);
#12656=TRIMMED_CURVE('',#12655,(PARAMETER_VALUE(0.E0)),(PARAMETER_VALUE(1.E0)),
.T.,.UNSPECIFIED.);
#12660=COMPOSITE_CURVE_SEGMENT(.CONTINUOUS.,.T.,#12656);
#12661=COMPOSITE_CURVE('',(#12561,#12570,#12579,#12588,#12597,#12606,#12615,
#12624,#12633,#12642,#12651,#12660),.F.);
#12666=TRIMMED_CURVE('',#12665,(PARAMETER_VALUE(0.E0)),(PARAMETER_VALUE(1.E0)),
.T.,.UNSPECIFIED.);
#12670=COMPOSITE_CURVE_SEGMENT(.CONTINUOUS.,.T.,#12666);
#12675=TRIMMED_CURVE('',#12674,(PARAMETER_VALUE(0.E0)),(PARAMETER_VALUE(1.E0)),
.T.,.UNSPECIFIED.);
#12679=COMPOSITE_CURVE_SEGMENT(.CONTINUOUS.,.T.,#12675);
#12684=TRIMMED_CURVE('',#12683,(PARAMETER_VALUE(0.E0)),(PARAMETER_VALUE(1.E0)),
.T.,.UNSPECIFIED.);
#12688=COMPOSITE_CURVE_SEGMENT(.CONTINUOUS.,.T.,#12684);
#12693=TRIMMED_CURVE('',#12692,(PARAMETER_VALUE(0.E0)),(PARAMETER_VALUE(1.E0)),
.T.,.UNSPECIFIED.);
#12697=COMPOSITE_CURVE_SEGMENT(.CONTINUOUS.,.T.,#12693);
#12702=TRIMMED_CURVE('',#12701,(PARAMETER_VALUE(0.E0)),(PARAMETER_VALUE(1.E0)),
.T.,.UNSPECIFIED.);
#12706=COMPOSITE_CURVE_SEGMENT(.CONTINUOUS.,.T.,#12702);
#12711=TRIMMED_CURVE('',#12710,(PARAMETER_VALUE(0.E0)),(PARAMETER_VALUE(1.E0)),
.T.,.UNSPECIFIED.);
#12715=COMPOSITE_CURVE_SEGMENT(.CONTINUOUS.,.T.,#12711);
#12720=TRIMMED_CURVE('',#12719,(PARAMETER_VALUE(0.E0)),(PARAMETER_VALUE(1.E0)),
.T.,.UNSPECIFIED.);
#12724=COMPOSITE_CURVE_SEGMENT(.CONTINUOUS.,.T.,#12720);
#12729=TRIMMED_CURVE('',#12728,(PARAMETER_VALUE(0.E0)),(PARAMETER_VALUE(1.E0)),
.T.,.UNSPECIFIED.);
#12733=COMPOSITE_CURVE_SEGMENT(.CONTINUOUS.,.T.,#12729);
#12738=TRIMMED_CURVE('',#12737,(PARAMETER_VALUE(0.E0)),(PARAMETER_VALUE(1.E0)),
.T.,.UNSPECIFIED.);
#12742=COMPOSITE_CURVE_SEGMENT(.CONTINUOUS.,.T.,#12738);
#12747=TRIMMED_CURVE('',#12746,(PARAMETER_VALUE(0.E0)),(PARAMETER_VALUE(1.E0)),
.T.,.UNSPECIFIED.);
#12751=COMPOSITE_CURVE_SEGMENT(.CONTINUOUS.,.T.,#12747);
#12756=TRIMMED_CURVE('',#12755,(PARAMETER_VALUE(0.E0)),(PARAMETER_VALUE(1.E0)),
.T.,.UNSPECIFIED.);
#12760=COMPOSITE_CURVE_SEGMENT(.CONTINUOUS.,.T.,#12756);
#12765=TRIMMED_CURVE('',#12764,(PARAMETER_VALUE(0.E0)),(PARAMETER_VALUE(1.E0)),
.T.,.UNSPECIFIED.);
#12769=COMPOSITE_CURVE_SEGMENT(.CONTINUOUS.,.T.,#12765);
#12774=TRIMMED_CURVE('',#12773,(PARAMETER_VALUE(0.E0)),(PARAMETER_VALUE(1.E0)),
.T.,.UNSPECIFIED.);
#12778=COMPOSITE_CURVE_SEGMENT(.CONTINUOUS.,.T.,#12774);
#12783=TRIMMED_CURVE('',#12782,(PARAMETER_VALUE(0.E0)),(PARAMETER_VALUE(1.E0)),
.T.,.UNSPECIFIED.);
#12787=COMPOSITE_CURVE_SEGMENT(.CONTINUOUS.,.T.,#12783);
#12792=TRIMMED_CURVE('',#12791,(PARAMETER_VALUE(0.E0)),(PARAMETER_VALUE(1.E0)),
.T.,.UNSPECIFIED.);
#12796=COMPOSITE_CURVE_SEGMENT(.CONTINUOUS.,.T.,#12792);
#12801=TRIMMED_CURVE('',#12800,(PARAMETER_VALUE(0.E0)),(PARAMETER_VALUE(1.E0)),
.T.,.UNSPECIFIED.);
#12805=COMPOSITE_CURVE_SEGMENT(.CONTINUOUS.,.T.,#12801);
#12806=COMPOSITE_CURVE('',(#12670,#12679,#12688,#12697,#12706,#12715,#12724,
#12733,#12742,#12751,#12760,#12769,#12778,#12787,#12796,#12805),.F.);
#12811=TRIMMED_CURVE('',#12810,(PARAMETER_VALUE(0.E0)),(PARAMETER_VALUE(1.E0)),
.T.,.UNSPECIFIED.);
#12815=COMPOSITE_CURVE_SEGMENT(.CONTINUOUS.,.T.,#12811);
#12820=TRIMMED_CURVE('',#12819,(PARAMETER_VALUE(0.E0)),(PARAMETER_VALUE(1.E0)),
.T.,.UNSPECIFIED.);
#12824=COMPOSITE_CURVE_SEGMENT(.CONTINUOUS.,.T.,#12820);
#12829=TRIMMED_CURVE('',#12828,(PARAMETER_VALUE(0.E0)),(PARAMETER_VALUE(1.E0)),
.T.,.UNSPECIFIED.);
#12833=COMPOSITE_CURVE_SEGMENT(.CONTINUOUS.,.T.,#12829);
#12838=TRIMMED_CURVE('',#12837,(PARAMETER_VALUE(0.E0)),(PARAMETER_VALUE(1.E0)),
.T.,.UNSPECIFIED.);
#12842=COMPOSITE_CURVE_SEGMENT(.CONTINUOUS.,.T.,#12838);
#12847=TRIMMED_CURVE('',#12846,(PARAMETER_VALUE(0.E0)),(PARAMETER_VALUE(1.E0)),
.T.,.UNSPECIFIED.);
#12851=COMPOSITE_CURVE_SEGMENT(.CONTINUOUS.,.T.,#12847);
#12856=TRIMMED_CURVE('',#12855,(PARAMETER_VALUE(0.E0)),(PARAMETER_VALUE(1.E0)),
.T.,.UNSPECIFIED.);
#12860=COMPOSITE_CURVE_SEGMENT(.CONTINUOUS.,.T.,#12856);
#12865=TRIMMED_CURVE('',#12864,(PARAMETER_VALUE(0.E0)),(PARAMETER_VALUE(1.E0)),
.T.,.UNSPECIFIED.);
#12869=COMPOSITE_CURVE_SEGMENT(.CONTINUOUS.,.T.,#12865);
#12874=TRIMMED_CURVE('',#12873,(PARAMETER_VALUE(0.E0)),(PARAMETER_VALUE(1.E0)),
.T.,.UNSPECIFIED.);
#12878=COMPOSITE_CURVE_SEGMENT(.CONTINUOUS.,.T.,#12874);
#12883=TRIMMED_CURVE('',#12882,(PARAMETER_VALUE(0.E0)),(PARAMETER_VALUE(1.E0)),
.T.,.UNSPECIFIED.);
#12887=COMPOSITE_CURVE_SEGMENT(.CONTINUOUS.,.T.,#12883);
#12892=TRIMMED_CURVE('',#12891,(PARAMETER_VALUE(0.E0)),(PARAMETER_VALUE(1.E0)),
.T.,.UNSPECIFIED.);
#12896=COMPOSITE_CURVE_SEGMENT(.CONTINUOUS.,.T.,#12892);
#12897=COMPOSITE_CURVE('',(#12815,#12824,#12833,#12842,#12851,#12860,#12869,
#12878,#12887,#12896),.F.);
#12902=TRIMMED_CURVE('',#12901,(PARAMETER_VALUE(0.E0)),(PARAMETER_VALUE(1.E0)),
.T.,.UNSPECIFIED.);
#12906=COMPOSITE_CURVE_SEGMENT(.CONTINUOUS.,.T.,#12902);
#12911=TRIMMED_CURVE('',#12910,(PARAMETER_VALUE(0.E0)),(PARAMETER_VALUE(1.E0)),
.T.,.UNSPECIFIED.);
#12915=COMPOSITE_CURVE_SEGMENT(.CONTINUOUS.,.T.,#12911);
#12920=TRIMMED_CURVE('',#12919,(PARAMETER_VALUE(0.E0)),(PARAMETER_VALUE(1.E0)),
.T.,.UNSPECIFIED.);
#12924=COMPOSITE_CURVE_SEGMENT(.CONTINUOUS.,.T.,#12920);
#12929=TRIMMED_CURVE('',#12928,(PARAMETER_VALUE(0.E0)),(PARAMETER_VALUE(1.E0)),
.T.,.UNSPECIFIED.);
#12933=COMPOSITE_CURVE_SEGMENT(.CONTINUOUS.,.T.,#12929);
#12938=TRIMMED_CURVE('',#12937,(PARAMETER_VALUE(0.E0)),(PARAMETER_VALUE(1.E0)),
.T.,.UNSPECIFIED.);
#12942=COMPOSITE_CURVE_SEGMENT(.CONTINUOUS.,.T.,#12938);
#12947=TRIMMED_CURVE('',#12946,(PARAMETER_VALUE(0.E0)),(PARAMETER_VALUE(1.E0)),
.T.,.UNSPECIFIED.);
#12951=COMPOSITE_CURVE_SEGMENT(.CONTINUOUS.,.T.,#12947);
#12956=TRIMMED_CURVE('',#12955,(PARAMETER_VALUE(0.E0)),(PARAMETER_VALUE(1.E0)),
.T.,.UNSPECIFIED.);
#12960=COMPOSITE_CURVE_SEGMENT(.CONTINUOUS.,.T.,#12956);
#12965=TRIMMED_CURVE('',#12964,(PARAMETER_VALUE(0.E0)),(PARAMETER_VALUE(1.E0)),
.T.,.UNSPECIFIED.);
#12969=COMPOSITE_CURVE_SEGMENT(.CONTINUOUS.,.T.,#12965);
#12974=TRIMMED_CURVE('',#12973,(PARAMETER_VALUE(0.E0)),(PARAMETER_VALUE(1.E0)),
.T.,.UNSPECIFIED.);
#12978=COMPOSITE_CURVE_SEGMENT(.CONTINUOUS.,.T.,#12974);
#12979=COMPOSITE_CURVE('',(#12906,#12915,#12924,#12933,#12942,#12951,#12960,
#12969,#12978),.F.);
#12984=TRIMMED_CURVE('',#12983,(PARAMETER_VALUE(0.E0)),(PARAMETER_VALUE(1.E0)),
.T.,.UNSPECIFIED.);
#12988=COMPOSITE_CURVE_SEGMENT(.CONTINUOUS.,.T.,#12984);
#12993=TRIMMED_CURVE('',#12992,(PARAMETER_VALUE(0.E0)),(PARAMETER_VALUE(1.E0)),
.T.,.UNSPECIFIED.);
#12997=COMPOSITE_CURVE_SEGMENT(.CONTINUOUS.,.T.,#12993);
#13002=TRIMMED_CURVE('',#13001,(PARAMETER_VALUE(0.E0)),(PARAMETER_VALUE(1.E0)),
.T.,.UNSPECIFIED.);
#13006=COMPOSITE_CURVE_SEGMENT(.CONTINUOUS.,.T.,#13002);
#13011=TRIMMED_CURVE('',#13010,(PARAMETER_VALUE(0.E0)),(PARAMETER_VALUE(1.E0)),
.T.,.UNSPECIFIED.);
#13015=COMPOSITE_CURVE_SEGMENT(.CONTINUOUS.,.T.,#13011);
#13020=TRIMMED_CURVE('',#13019,(PARAMETER_VALUE(0.E0)),(PARAMETER_VALUE(1.E0)),
.T.,.UNSPECIFIED.);
#13024=COMPOSITE_CURVE_SEGMENT(.CONTINUOUS.,.T.,#13020);
#13029=TRIMMED_CURVE('',#13028,(PARAMETER_VALUE(0.E0)),(PARAMETER_VALUE(1.E0)),
.T.,.UNSPECIFIED.);
#13033=COMPOSITE_CURVE_SEGMENT(.CONTINUOUS.,.T.,#13029);
#13038=TRIMMED_CURVE('',#13037,(PARAMETER_VALUE(0.E0)),(PARAMETER_VALUE(1.E0)),
.T.,.UNSPECIFIED.);
#13042=COMPOSITE_CURVE_SEGMENT(.CONTINUOUS.,.T.,#13038);
#13047=TRIMMED_CURVE('',#13046,(PARAMETER_VALUE(0.E0)),(PARAMETER_VALUE(1.E0)),
.T.,.UNSPECIFIED.);
#13051=COMPOSITE_CURVE_SEGMENT(.CONTINUOUS.,.T.,#13047);
#13056=TRIMMED_CURVE('',#13055,(PARAMETER_VALUE(0.E0)),(PARAMETER_VALUE(1.E0)),
.T.,.UNSPECIFIED.);
#13060=COMPOSITE_CURVE_SEGMENT(.CONTINUOUS.,.T.,#13056);
#13065=TRIMMED_CURVE('',#13064,(PARAMETER_VALUE(0.E0)),(PARAMETER_VALUE(1.E0)),
.T.,.UNSPECIFIED.);
#13069=COMPOSITE_CURVE_SEGMENT(.CONTINUOUS.,.T.,#13065);
#13074=TRIMMED_CURVE('',#13073,(PARAMETER_VALUE(0.E0)),(PARAMETER_VALUE(1.E0)),
.T.,.UNSPECIFIED.);
#13078=COMPOSITE_CURVE_SEGMENT(.CONTINUOUS.,.T.,#13074);
#13083=TRIMMED_CURVE('',#13082,(PARAMETER_VALUE(0.E0)),(PARAMETER_VALUE(1.E0)),
.T.,.UNSPECIFIED.);
#13087=COMPOSITE_CURVE_SEGMENT(.CONTINUOUS.,.T.,#13083);
#13092=TRIMMED_CURVE('',#13091,(PARAMETER_VALUE(0.E0)),(PARAMETER_VALUE(1.E0)),
.T.,.UNSPECIFIED.);
#13096=COMPOSITE_CURVE_SEGMENT(.CONTINUOUS.,.T.,#13092);
#13101=TRIMMED_CURVE('',#13100,(PARAMETER_VALUE(0.E0)),(PARAMETER_VALUE(1.E0)),
.T.,.UNSPECIFIED.);
#13105=COMPOSITE_CURVE_SEGMENT(.CONTINUOUS.,.T.,#13101);
#13110=TRIMMED_CURVE('',#13109,(PARAMETER_VALUE(0.E0)),(PARAMETER_VALUE(1.E0)),
.T.,.UNSPECIFIED.);
#13114=COMPOSITE_CURVE_SEGMENT(.CONTINUOUS.,.T.,#13110);
#13119=TRIMMED_CURVE('',#13118,(PARAMETER_VALUE(0.E0)),(PARAMETER_VALUE(1.E0)),
.T.,.UNSPECIFIED.);
#13123=COMPOSITE_CURVE_SEGMENT(.CONTINUOUS.,.T.,#13119);
#13128=TRIMMED_CURVE('',#13127,(PARAMETER_VALUE(0.E0)),(PARAMETER_VALUE(1.E0)),
.T.,.UNSPECIFIED.);
#13132=COMPOSITE_CURVE_SEGMENT(.CONTINUOUS.,.T.,#13128);
#13137=TRIMMED_CURVE('',#13136,(PARAMETER_VALUE(0.E0)),(PARAMETER_VALUE(1.E0)),
.T.,.UNSPECIFIED.);
#13141=COMPOSITE_CURVE_SEGMENT(.CONTINUOUS.,.T.,#13137);
#13146=TRIMMED_CURVE('',#13145,(PARAMETER_VALUE(0.E0)),(PARAMETER_VALUE(1.E0)),
.T.,.UNSPECIFIED.);
#13150=COMPOSITE_CURVE_SEGMENT(.CONTINUOUS.,.T.,#13146);
#13155=TRIMMED_CURVE('',#13154,(PARAMETER_VALUE(0.E0)),(PARAMETER_VALUE(1.E0)),
.T.,.UNSPECIFIED.);
#13159=COMPOSITE_CURVE_SEGMENT(.CONTINUOUS.,.T.,#13155);
#13164=TRIMMED_CURVE('',#13163,(PARAMETER_VALUE(0.E0)),(PARAMETER_VALUE(1.E0)),
.T.,.UNSPECIFIED.);
#13168=COMPOSITE_CURVE_SEGMENT(.CONTINUOUS.,.T.,#13164);
#13173=TRIMMED_CURVE('',#13172,(PARAMETER_VALUE(0.E0)),(PARAMETER_VALUE(1.E0)),
.T.,.UNSPECIFIED.);
#13177=COMPOSITE_CURVE_SEGMENT(.CONTINUOUS.,.T.,#13173);
#13182=TRIMMED_CURVE('',#13181,(PARAMETER_VALUE(0.E0)),(PARAMETER_VALUE(1.E0)),
.T.,.UNSPECIFIED.);
#13186=COMPOSITE_CURVE_SEGMENT(.CONTINUOUS.,.T.,#13182);
#13191=TRIMMED_CURVE('',#13190,(PARAMETER_VALUE(0.E0)),(PARAMETER_VALUE(1.E0)),
.T.,.UNSPECIFIED.);
#13195=COMPOSITE_CURVE_SEGMENT(.CONTINUOUS.,.T.,#13191);
#13200=TRIMMED_CURVE('',#13199,(PARAMETER_VALUE(0.E0)),(PARAMETER_VALUE(1.E0)),
.T.,.UNSPECIFIED.);
#13204=COMPOSITE_CURVE_SEGMENT(.CONTINUOUS.,.T.,#13200);
#13209=TRIMMED_CURVE('',#13208,(PARAMETER_VALUE(0.E0)),(PARAMETER_VALUE(1.E0)),
.T.,.UNSPECIFIED.);
#13213=COMPOSITE_CURVE_SEGMENT(.CONTINUOUS.,.T.,#13209);
#13214=COMPOSITE_CURVE('',(#12988,#12997,#13006,#13015,#13024,#13033,#13042,
#13051,#13060,#13069,#13078,#13087,#13096,#13105,#13114,#13123,#13132,#13141,
#13150,#13159,#13168,#13177,#13186,#13195,#13204,#13213),.F.);
#13219=TRIMMED_CURVE('',#13218,(PARAMETER_VALUE(0.E0)),(PARAMETER_VALUE(1.E0)),
.T.,.UNSPECIFIED.);
#13223=COMPOSITE_CURVE_SEGMENT(.CONTINUOUS.,.T.,#13219);
#13228=TRIMMED_CURVE('',#13227,(PARAMETER_VALUE(0.E0)),(PARAMETER_VALUE(1.E0)),
.T.,.UNSPECIFIED.);
#13232=COMPOSITE_CURVE_SEGMENT(.CONTINUOUS.,.T.,#13228);
#13237=TRIMMED_CURVE('',#13236,(PARAMETER_VALUE(0.E0)),(PARAMETER_VALUE(1.E0)),
.T.,.UNSPECIFIED.);
#13241=COMPOSITE_CURVE_SEGMENT(.CONTINUOUS.,.T.,#13237);
#13246=TRIMMED_CURVE('',#13245,(PARAMETER_VALUE(0.E0)),(PARAMETER_VALUE(1.E0)),
.T.,.UNSPECIFIED.);
#13250=COMPOSITE_CURVE_SEGMENT(.CONTINUOUS.,.T.,#13246);
#13255=TRIMMED_CURVE('',#13254,(PARAMETER_VALUE(0.E0)),(PARAMETER_VALUE(1.E0)),
.T.,.UNSPECIFIED.);
#13259=COMPOSITE_CURVE_SEGMENT(.CONTINUOUS.,.T.,#13255);
#13264=TRIMMED_CURVE('',#13263,(PARAMETER_VALUE(0.E0)),(PARAMETER_VALUE(1.E0)),
.T.,.UNSPECIFIED.);
#13268=COMPOSITE_CURVE_SEGMENT(.CONTINUOUS.,.T.,#13264);
#13273=TRIMMED_CURVE('',#13272,(PARAMETER_VALUE(0.E0)),(PARAMETER_VALUE(1.E0)),
.T.,.UNSPECIFIED.);
#13277=COMPOSITE_CURVE_SEGMENT(.CONTINUOUS.,.T.,#13273);
#13282=TRIMMED_CURVE('',#13281,(PARAMETER_VALUE(0.E0)),(PARAMETER_VALUE(1.E0)),
.T.,.UNSPECIFIED.);
#13286=COMPOSITE_CURVE_SEGMENT(.CONTINUOUS.,.T.,#13282);
#13291=TRIMMED_CURVE('',#13290,(PARAMETER_VALUE(0.E0)),(PARAMETER_VALUE(1.E0)),
.T.,.UNSPECIFIED.);
#13295=COMPOSITE_CURVE_SEGMENT(.CONTINUOUS.,.T.,#13291);
#13296=COMPOSITE_CURVE('',(#13223,#13232,#13241,#13250,#13259,#13268,#13277,
#13286,#13295),.F.);
#13301=TRIMMED_CURVE('',#13300,(PARAMETER_VALUE(0.E0)),(PARAMETER_VALUE(1.E0)),
.T.,.UNSPECIFIED.);
#13305=COMPOSITE_CURVE_SEGMENT(.CONTINUOUS.,.T.,#13301);
#13310=TRIMMED_CURVE('',#13309,(PARAMETER_VALUE(0.E0)),(PARAMETER_VALUE(1.E0)),
.T.,.UNSPECIFIED.);
#13314=COMPOSITE_CURVE_SEGMENT(.CONTINUOUS.,.T.,#13310);
#13319=TRIMMED_CURVE('',#13318,(PARAMETER_VALUE(0.E0)),(PARAMETER_VALUE(1.E0)),
.T.,.UNSPECIFIED.);
#13323=COMPOSITE_CURVE_SEGMENT(.CONTINUOUS.,.T.,#13319);
#13328=TRIMMED_CURVE('',#13327,(PARAMETER_VALUE(0.E0)),(PARAMETER_VALUE(1.E0)),
.T.,.UNSPECIFIED.);
#13332=COMPOSITE_CURVE_SEGMENT(.CONTINUOUS.,.T.,#13328);
#13337=TRIMMED_CURVE('',#13336,(PARAMETER_VALUE(0.E0)),(PARAMETER_VALUE(1.E0)),
.T.,.UNSPECIFIED.);
#13341=COMPOSITE_CURVE_SEGMENT(.CONTINUOUS.,.T.,#13337);
#13346=TRIMMED_CURVE('',#13345,(PARAMETER_VALUE(0.E0)),(PARAMETER_VALUE(1.E0)),
.T.,.UNSPECIFIED.);
#13350=COMPOSITE_CURVE_SEGMENT(.CONTINUOUS.,.T.,#13346);
#13355=TRIMMED_CURVE('',#13354,(PARAMETER_VALUE(0.E0)),(PARAMETER_VALUE(1.E0)),
.T.,.UNSPECIFIED.);
#13359=COMPOSITE_CURVE_SEGMENT(.CONTINUOUS.,.T.,#13355);
#13364=TRIMMED_CURVE('',#13363,(PARAMETER_VALUE(0.E0)),(PARAMETER_VALUE(1.E0)),
.T.,.UNSPECIFIED.);
#13368=COMPOSITE_CURVE_SEGMENT(.CONTINUOUS.,.T.,#13364);
#13373=TRIMMED_CURVE('',#13372,(PARAMETER_VALUE(0.E0)),(PARAMETER_VALUE(1.E0)),
.T.,.UNSPECIFIED.);
#13377=COMPOSITE_CURVE_SEGMENT(.CONTINUOUS.,.T.,#13373);
#13382=TRIMMED_CURVE('',#13381,(PARAMETER_VALUE(0.E0)),(PARAMETER_VALUE(1.E0)),
.T.,.UNSPECIFIED.);
#13386=COMPOSITE_CURVE_SEGMENT(.CONTINUOUS.,.T.,#13382);
#13391=TRIMMED_CURVE('',#13390,(PARAMETER_VALUE(0.E0)),(PARAMETER_VALUE(1.E0)),
.T.,.UNSPECIFIED.);
#13395=COMPOSITE_CURVE_SEGMENT(.CONTINUOUS.,.T.,#13391);
#13400=TRIMMED_CURVE('',#13399,(PARAMETER_VALUE(0.E0)),(PARAMETER_VALUE(1.E0)),
.T.,.UNSPECIFIED.);
#13404=COMPOSITE_CURVE_SEGMENT(.CONTINUOUS.,.T.,#13400);
#13409=TRIMMED_CURVE('',#13408,(PARAMETER_VALUE(0.E0)),(PARAMETER_VALUE(1.E0)),
.T.,.UNSPECIFIED.);
#13413=COMPOSITE_CURVE_SEGMENT(.CONTINUOUS.,.T.,#13409);
#13418=TRIMMED_CURVE('',#13417,(PARAMETER_VALUE(0.E0)),(PARAMETER_VALUE(1.E0)),
.T.,.UNSPECIFIED.);
#13422=COMPOSITE_CURVE_SEGMENT(.CONTINUOUS.,.T.,#13418);
#13423=COMPOSITE_CURVE('',(#13305,#13314,#13323,#13332,#13341,#13350,#13359,
#13368,#13377,#13386,#13395,#13404,#13413,#13422),.F.);
#13428=TRIMMED_CURVE('',#13427,(PARAMETER_VALUE(0.E0)),(PARAMETER_VALUE(1.E0)),
.T.,.UNSPECIFIED.);
#13432=COMPOSITE_CURVE_SEGMENT(.CONTINUOUS.,.T.,#13428);
#13437=TRIMMED_CURVE('',#13436,(PARAMETER_VALUE(0.E0)),(PARAMETER_VALUE(1.E0)),
.T.,.UNSPECIFIED.);
#13441=COMPOSITE_CURVE_SEGMENT(.CONTINUOUS.,.T.,#13437);
#13446=TRIMMED_CURVE('',#13445,(PARAMETER_VALUE(0.E0)),(PARAMETER_VALUE(1.E0)),
.T.,.UNSPECIFIED.);
#13450=COMPOSITE_CURVE_SEGMENT(.CONTINUOUS.,.T.,#13446);
#13455=TRIMMED_CURVE('',#13454,(PARAMETER_VALUE(0.E0)),(PARAMETER_VALUE(1.E0)),
.T.,.UNSPECIFIED.);
#13459=COMPOSITE_CURVE_SEGMENT(.CONTINUOUS.,.T.,#13455);
#13464=TRIMMED_CURVE('',#13463,(PARAMETER_VALUE(0.E0)),(PARAMETER_VALUE(1.E0)),
.T.,.UNSPECIFIED.);
#13468=COMPOSITE_CURVE_SEGMENT(.CONTINUOUS.,.T.,#13464);
#13473=TRIMMED_CURVE('',#13472,(PARAMETER_VALUE(0.E0)),(PARAMETER_VALUE(1.E0)),
.T.,.UNSPECIFIED.);
#13477=COMPOSITE_CURVE_SEGMENT(.CONTINUOUS.,.T.,#13473);
#13482=TRIMMED_CURVE('',#13481,(PARAMETER_VALUE(0.E0)),(PARAMETER_VALUE(1.E0)),
.T.,.UNSPECIFIED.);
#13486=COMPOSITE_CURVE_SEGMENT(.CONTINUOUS.,.T.,#13482);
#13491=TRIMMED_CURVE('',#13490,(PARAMETER_VALUE(0.E0)),(PARAMETER_VALUE(1.E0)),
.T.,.UNSPECIFIED.);
#13495=COMPOSITE_CURVE_SEGMENT(.CONTINUOUS.,.T.,#13491);
#13500=TRIMMED_CURVE('',#13499,(PARAMETER_VALUE(0.E0)),(PARAMETER_VALUE(1.E0)),
.T.,.UNSPECIFIED.);
#13504=COMPOSITE_CURVE_SEGMENT(.CONTINUOUS.,.T.,#13500);
#13509=TRIMMED_CURVE('',#13508,(PARAMETER_VALUE(0.E0)),(PARAMETER_VALUE(1.E0)),
.T.,.UNSPECIFIED.);
#13513=COMPOSITE_CURVE_SEGMENT(.CONTINUOUS.,.T.,#13509);
#13518=TRIMMED_CURVE('',#13517,(PARAMETER_VALUE(0.E0)),(PARAMETER_VALUE(1.E0)),
.T.,.UNSPECIFIED.);
#13522=COMPOSITE_CURVE_SEGMENT(.CONTINUOUS.,.T.,#13518);
#13527=TRIMMED_CURVE('',#13526,(PARAMETER_VALUE(0.E0)),(PARAMETER_VALUE(1.E0)),
.T.,.UNSPECIFIED.);
#13531=COMPOSITE_CURVE_SEGMENT(.CONTINUOUS.,.T.,#13527);
#13532=COMPOSITE_CURVE('',(#13432,#13441,#13450,#13459,#13468,#13477,#13486,
#13495,#13504,#13513,#13522,#13531),.F.);
#13540=(LENGTH_UNIT()NAMED_UNIT(*)SI_UNIT(.MILLI.,.METRE.));
#13542=(NAMED_UNIT(*)PLANE_ANGLE_UNIT()SI_UNIT($,.RADIAN.));
#13545=(NAMED_UNIT(*)SI_UNIT($,.STERADIAN.)SOLID_ANGLE_UNIT());
#13548=ADVANCED_BREP_SHAPE_REPRESENTATION('',(#5337),#13547);
#13549=GEOMETRICALLY_BOUNDED_SURFACE_SHAPE_REPRESENTATION('',(#5359),#13547);
#13550=SHAPE_REPRESENTATION('',(#5347),#13547);
#13560=PRODUCT_DEFINITION('design','',#13559,#13556);
#13561=PRODUCT_DEFINITION_SHAPE('','SHAPE FOR P028X101.',#13560);
#13562=SHAPE_DEFINITION_REPRESENTATION(#13561,#13550);
ENDSEC;
END-ISO-10303-21;
