:020000040800F2
:10000000E03B012025040008395900086943000835
:1000100035590008B52C00084D7E0008000000008E
:100020000000000000000000000000006503000860
:100030002D2F000800000000C1030008C561000862
:100040003F0400083F0400083F0400083F04000884
:100050003F0400083F0400083F0400083F04000874
:100060003F0400083F0400083F0400083F04000864
:100070003F040008212E00083F0400083F04000848
:100080003F0400083F0400083F0400083F04000844
:100090003D7D00083F0400083F0400083F040008BD
:1000A0003F0400083F0400083F0400083F04000824
:1000B0003F0400083F0400083F0400083F04000814
:1000C0003F0400083F0400083F0400083F04000804
:1000D0003F040008BD6600083F0400086967000887
:1000E000A52F00083F0400083F0400083F04000853
:1000F0003F0400083F0400083F0400083F040008D4
:100100003F0400083F0400083F0400083F040008C3
:100110003F0400083F0400083F0400083F040008B3
:100120003F0400083F0400083F0400083F040008A3
:100130003F0400083F0400083F0400083F04000893
:100140003F0400083F0400083F04000800000000CE
:10015000000000000000000000000000000000009F
:100160000000000000000000000000003F04000844
:100170003F0400083F0400083F0400083F04000853
:100180003F0400083F0400083F0400083F04000843
:100190003F040008000000003F0400083F0400087E
:1001A0003F0400083F0400083F0400083F04000823
:1001B0003F0400083F0400083F0400083F04000813
:1001C0003F0400083F0400083F0400083F04000803
:1001D0003F0400083F04000800F002F800F0B2F805
:1001E0000AA090E8000C82448344AAF10107DA4592
:1001F00001D100F0A7F8AFF2090EBAE80F0013F032
:10020000010F18BFFB1A43F00103184708610400EF
:10021000286104000A444FF0000C10F8013B13F071
:10022000070408BF10F8014B1D1108BF10F8015B4F
:10023000641E05D010F8016B641E01F8016BF9D142
:1002400013F0080F1EBF10F8014BAD1C0C1B09D199
:100250006D1E58BF01F801CBFAD505E014F8016B0B
:1002600001F8016B6D1EF9D59142D6D3704700009D
:100270000023002400250026103A28BF78C1FBD8AF
:10028000520728BF30C148BF0B6070476E2900F08D
:10029000BF84702901F02F80662929F047846529E1
:1002A00029F04484672929F04184612929F0408498
:1002B00003681B0A28BF41F08001692900F06C84A3
:1002C000642900F06984752900F066846F2900F0C4
:1002D000BC87782900F0FB87E92900F05787E429DB
:1002E00000F05487F52900F05187EF2900F0B98715
:1002F000F82900F0FA870368DB0928BF41F0800184
:10030000632900F0D886732900F0DD86E32901F027
:100310007982F32901F07E82002070471FB529F011
:10032000F8FB01F001F804000020002128F0E6FFAE
:10033000401C60600020002128F0CAFFE0601FBD63
:1003400010B510BD01F052FB1146FFF7E7FF22F098
:1003500007FA01F0A2FB03B4FFF7F2FF03BC01F0C0
:1003600021FE00002C4B19680868B0E8F04F80F3BC
:100370000988BFF36F8F4FF0000080F3118870473A
:100380000000000008480068006880F308884FF00B
:10039000000080F3148862B661B6BFF34F8FBFF3DD
:1003A0006F8F00DF00BF00BF08ED00E0DFF80C003A
:1003B000016841F470010160704700BF88ED00E002
:1003C000EFF30980BFF36F8F134B1A681EF0100F05
:1003D00008BF20ED108A20E9F04F106009B44FF0FB
:1003E000500080F31188BFF34F8FBFF36F8F28F059
:1003F00007F84FF0000080F3118809BC19680868FD
:10040000B0E8F04F1EF0100F08BFB0EC108A80F378
:100410000988BFF36F8F704778010020EFF30580E4
:10042000704700000948804709480047FEE7FEE79B
:10043000FEE7FEE7FEE7FEE7FEE7FEE7FEE7FEE794
:1004400004480549054A064B70470000CD62000884
:10045000D9010008E0350120E03B0120E037012010
:10046000E037012053EA020C00F069802DE9F04BDF
:100470004FF00006002B1FBFB3FA83F503FA05F413
:1004800024FA05F65E4012BF1643B2FA82F502FA6C
:1004900005F4C5F120051EBF22FA05FC44EA0C0450
:1004A000203556EA044C4FEA144418BF641C4FF040
:1004B00000084FF00009904271EB030C39D300297A
:1004C00019BFB1FA81F701FA07F6B0FA80F700FA1E
:1004D00007F6C7F120071EBF20FA07FC46EA0C0604
:1004E0002037B6FBF4FCA7EB0507103F07F01F0B06
:1004F000CBF120060CFA0BFB2CFA06F644BFB346F0
:100500000026202FA4BF5E464FF0000B5BEA060CCE
:1005100008BF4FF0010B19EB0B09ABFB027C48EB5A
:100520000608C01B06FB02CC0BFB03CC71EB0C01D5
:10053000C1E70B46024641464846BDE8F08B13B57D
:100540004FF000004FF00001AFF30080BDE81C4009
:10055000704700007CB51D4616460C00009001D087
:100560002044401E074B7B442A4669460190304692
:1005700000F077FD05461CB10020694600F084FDBF
:1005800028467CBD290B00000FB41CB5084B06AAF9
:100590007B4469460090059800F063FD0446002006
:1005A000694600F071FD20461CBC5DF814FB00009C
:1005B000F50A00000FB47CB50C0009AA009001D028
:1005C0002044401E084B7B4469460190089800F087
:1005D00048FD05461CB10020694600F055FD28463F
:1005E0007CBC5DF814FB0000C90A000070B50C4625
:1005F0000546012A05D02878800600D5EA6900233F
:1006000002E0012305E05B1C934202D2E05C00287B
:10061000F9D1A869E618C01AA861286A18442862A6
:10062000284600F07FFA04E0D5E9012114F8010B17
:100630009047B442F8D3284600F08AFA70BD000013
:100640002DE9F05F894604464FF0000ADFF874B1E7
:10065000FB44C0F820A02046E1688847002874D0F9
:10066000252806D0D4E901219047206A401C206249
:10067000F1E700265F462046E168884720280546C6
:1006800007DB312D05D2781910F8200C08B106438C
:10069000F1E7B00701D526F00406C4F81CA0002736
:1006A000C4F818A02A2D09D0284607F040FE38B318
:1006B00004EB8708303DC8F8185019E059F8041BBE
:1006C000204604EB87029161E1688847012F0546C7
:1006D00018D1E069002820DA26F020061DE0D8F8BD
:1006E000180000EB800005EB40003038C8F8180017
:1006F0002046E1688847054607F019FE0028EED13C
:10070000012F0AD02E2D08D12046E16888477F1C92
:100710000546022F46F02006C4DBA069002803DA54
:10072000404246F00106A061F00701D026F0100615
:100730006C2D0BD0682D09D04C2D39D06A2D35D0B9
:10074000742D35D07A2D33D016E038E0E1682F468D
:1007500020468847B842054609D16C2F26D04FF471
:100760008060E168064320468847054604E06C2F18
:100770001AD04FF4807006430DB3A5F1410019283B
:1007800002D8203546F400664A46294620462660AF
:100790004E46FFF77BFD80B101280BD0F61D26F0F9
:1007A000070000F1080956E74020E4E78020D8E779
:1007B0000020D6E706F104094DE7284652E7206AF3
:1007C000BDE8F09FB05A0400401ECAB210F8011FE5
:1007D0008A4202D00029F9D10020704740EA010383
:1007E000024630B59B0710D14FF0013400E008C23B
:1007F00008C91D1B9D4315EAC41FF8D013F0FF0163
:1008000002F8011B0DD01B0AF8E711F8013B002B81
:1008100002F8013B05D011F8013B002B02F8013B27
:10082000F3D130BD10B5431C02E010F8011B71B1CB
:100830008107FAD14FF0013202C88C1A8C4314EAB6
:10084000C211F9D0C01A0A0603D0C01E10BDC01ACA
:1008500010BD0A0401D0801E10BD0902FCD0401E4C
:1008600010BD40EA010370B59B072ED14FF0013651
:10087000042A2AD308C810C99D1B9D43121F15EADC
:10088000C61517D0D8B2E1B2401A50EA056110D1AE
:1008900098B2A1B2401A50EA05410AD123F07F4034
:1008A00024F07F41401A50EA052102D1180EA0EB36
:1008B000146070BDA342DBD018BA21BA884201D9B6
:1008C000012070BD4FF0FF3070BD0AB9002070BD2F
:1008D00010F8013B11F8014B63B1A3420AD1521E3B
:1008E00008D010F8013B11F8014B1BB1A34201D114
:1008F000521EEDD1181B70BD032A40F2308010F05B
:10090000030C00F0158011F8013BBCF1020F6244AA
:1009100098BF11F801CB00F8013B38BF11F8013B3B
:10092000A2F1040298BF00F801CB38BF00F8013BE8
:1009300011F0030300F02580083AC0F0088051F858
:10094000043B083A51F804CBA0E80810F5E7121D63
:100950005CBF51F8043B40F8043BAFF30080D20782
:1009600024BF11F8013B11F801CB48BF11F8012B4E
:1009700024BF00F8013B00F801CB48BF00F8012B71
:10098000704710B5203AC0F00B80B1E81850203AFB
:10099000A0E81850B1E81850A0E81850BFF4F5AF1F
:1009A0005FEA027C24BFB1E81850A0E8185044BFA9
:1009B00018C918C0BDE810405FEA827C24BF51F816
:1009C000043B40F8043B08BF7047D20728BF31F80A
:1009D000023B48BF11F8012B28BF20F8023B48BF5B
:1009E00000F8012B704702F0FF0343EA032242EABA
:1009F000024200F002B84FF000020429C0F0128059
:100A000010F0030C00F01B80CCF1040CBCF1020FC1
:100A100018BF00F8012BA8BF20F8022BA1EB0C0196
:100A200000F00DB85FEAC17C24BF00F8012B00F88C
:100A3000012B48BF00F8012B70474FF0000200B5B2
:100A4000134694469646203922BFA0E80C50A0E8F1
:100A50000C50B1F12001BFF4F7AF090728BFA0E89F
:100A60000C5048BF0CC05DF804EB890028BF40F86B
:100A7000042B08BF704748BF20F8022B11F0804FAD
:100A800018BF00F8012B70474FF0013C50F8042BC1
:100A900051F8043B9A4221D1A2EB0C03934313EA91
:100AA000CC1317D150F8042B51F8043B9A4215D1BE
:100AB000A2EB0C03934313EACC130BD150F8042B95
:100AC00051F8043B9A4209D1A2EB0C03934313EA79
:100AD000CC13DBD04FF00000704700BFD01A01BA32
:100AE000B1FA81F101F0180122FA01F0CB40C1F115
:100AF0002001DBB2C0B2C01A2CFA01F3D11A914323
:100B000011EAC311E6D1704770477047704710B5BE
:100B100000F00EFC006810BD10B5044600F008FCA3
:100B2000046010BD70B5044685690068C10601D532
:100B3000302600E02026C00707D070BDD4E901218F
:100B400030469047206A401C20626D1EF6D570BD6D
:100B500070B5044685690078C00707D170BDD4E937
:100B6000012120209047206A401C20626D1EF6D58E
:100B700070BD09684A0501D540B27047C905FCD56A
:100B800000B2704709684A0501D5C0B27047C9056F
:100B9000FCD580B2704700002DE9F04106460024E4
:100BA00010687529314616A510D0FFF7E2FF00281E
:100BB00002DA404213A507E031688A0701D512A581
:100BC00002E0490704D511A5012401E0FFF7DAFF8F
:100BD00000210A2206F1240709E0B0FBF2FCB0FB79
:100BE000F2F302FB1C00303078541846491C0028F0
:100BF000F3D123462A463046BDE8F04100F0E1BB80
:100C0000000000002D0000002B000000200000006C
:100C100011680268006A530501D508700AE0D3051F
:100C200001D5088006E0130603D5C217C1E900020A
:100C300000E008600120704770472DE9FF4F0C4627
:100C40001E464FF0FF378BB0D2E90001DDF860801F
:100C50000A908A46C1F30A5505B93D460021084667
:100C60004FF00000BAF1000F00F4400005DA00EB8D
:100C700080004FF4400101EA50004FEA9059B9F169
:100C8000010F00DDB9460A9850EA4A000ED044F63A
:100C90001050A5F2FF3545432F14B8F1000F1ED0B8
:100CA0007542291E1EDDC9F100021CE0B8F1010FDA
:100CB0004FF0000001D0302103E0F24305E0215461
:100CC000401CB042FBDB30460022002121540B992E
:100CD000C1F80880C1E900200FB0BDE8F08FBD1B4E
:100CE0006D1CDEE74A4600DA694206A800F0E8FD1E
:100CF00006AB93E8070003AB83E8070050460A9968
:100D000001F0A3FB8DE80700A0F500501F3800900C
:100D10000398002D0ADD42F21F014A4608440023D1
:100D200003A90390684601F04FFE09E0A0F50050CA
:100D30004A461F38002303A90390684601F06EFE5F
:100D40008DE807000004000C03D04FF0FF3041088D
:100D500000E01046B8F1000F03D0002200921546C3
:100D60001EE0751E05D400F0E7FA303262556D1EA4
:100D7000F9D5B3460122084302D000227F1C04E0CB
:100D80002078302801D100227F1E002A099784D0C4
:100D90001DE0112D07DA00F0CFFA303262556D1CDC
:100DA00050EA0102F5D1084302D00098C8B10EE024
:100DB0000021681E05E0235C625C63542254401EDF
:100DC000491C8142F7DBAB46A81B401E099000205E
:100DD00004F80B000B98099AC0F80880C0E9002BB2
:100DE0007AE711264FF0000857E72DE9F04F8846C3
:100DF0000446D21D22F0070191B0D1E90001CDE9EE
:100E00000A0107F059F802460B98C00F01D02D20B7
:100E100007E02068810701D52B2002E0202101EAAC
:100E2000C000032A099001D0072A05DB034641468A
:100E3000204600F09DFC0BE12078800601D5E0699A
:100E400000E00620B8F1650F814606D0B8F1660FC4
:100E500018D0B8F1670F70D131E00020B9F1110F4F
:100E6000009001DB112301E009F101030AAA01A9A5
:100E70000CA8FFF7E2FEDDE90C70002609F1010580
:100E8000834647E001204B4600904FF000470AAAF6
:100E900001A90CA8FFF7D1FEDDE90DB00C995D4664
:100EA000002610B909F101000D18B9EB050003D4B3
:100EB000C0F1FF3609F10105A5EB09002BE0B9F1FE
:100EC000010F01DA4FF001090020B9F1110F009074
:100ED000484601DD112300E003460AAA01A90CA837
:100EE000FFF7ABFEDDE90C704D4600268346207807
:100EF00000070AD4AB4500DA5D4601A8012D04DDE8
:100F0000411911F8011C302907D04F4502DA17F1B9
:100F1000040F04DA012082460FE06D1EEEE7002F79
:100F200002DCED1B3E4403E0781CA84200DD7D1C82
:100F3000B81B00F1010A4FF000472078000703D4E6
:100F4000AA4501DB4FF0FF3A0021B7F1004F0DF148
:100F500043088DF8431024D002202B23002F01DA00
:100F60007F422D230A21021EA0F1010000DC5FB1A7
:100F700097FBF1FC97FBF1F201FB1C7C17460CF18F
:100F8000300C08F801CDEEE7A8F1010003702188CC
:100F9000090501D5452100E06521A0F1010800F80F
:100FA000011C09980FA9A1EB0807FF1D00B1012042
:100FB000411901EBEA70A1693844081A401EA0618A
:100FC0002078C00602D42046FFF7ACFD099828B16E
:100FD000D4E901219047206A401C20622078C00695
:100FE00022D52046FFF79EFD1EE0002E04DBB34510
:100FF00002DD01A8805D00E03020D4E901219047A6
:10100000206A401C2062761CAAF101005FEA000AF7
:101010000AD100F089F9C0680168405CD4E9012177
:101020009047206A401C2062281EA5F10105DCDCE7
:1010300007E0D4E9012118F8010B9047206A401C11
:101040002062381EA7F10107F3DC2046FFF780FD80
:10105000032011B041E6000001694A1C02610878D2
:10106000704700B58FB0CDE90131002105910549E8
:101070007944CDE9031011466846FFF7E1FA0FB055
:1010800000BD0000E5FFFFFF0A6802F8010B0A60DF
:101090007047D1E900239A4202D2531C0B601070B2
:1010A000704710B5436913B1AFF3008001E0FFF75B
:1010B0009DFA012010BD127800F124010A7000226F
:1010C0004A700122EDE711684FF0FF32E9E70000B6
:1010D0002DE9FF5F15468A460446DFF8AC80F844E8
:1010E0000027D8E900103E46CDE9001010E03AF89C
:1010F00016106A4602A800F055FC411C07D0217862
:10110000890603D5E269391891420DD80744761C47
:101110002078800602D5E069B84205DDAE42E6DB04
:101120003AF816000028E2D1A069C01BA061204651
:10113000FFF7F8FCD8E90010CDE90010002017E017
:101140003AF818106A4602A800F02CFCB0F1FF3FF4
:1011500081460BD000250DF1080B05E0D4E90121F3
:101160001BF8050090476D1C4D45F7D308F10100B1
:10117000B0428046E4DB206A384420622046FFF714
:10118000E7FCBDE8FF9F0000765004002DE9F04128
:101190008046D21D22F007020025D2E90002F5297F
:1011A00015A614D0011E72F1000106DA0023D0EB5F
:1011B000030063EB020211A608E0D8F800108B07C9
:1011C00001D50FA602E0490701D50EA6012511465B
:1011D000002408F1240704E000F0AEF830323A555C
:1011E000641C50EA0102F7D12B46324621464046A4
:1011F000BDE8F04100F0E5B8000000002D0000005F
:101200002B0000002000000030B4002100F1240475
:1012100008E002F00705D208303542EA4372DB08E5
:101220006554491C52EA0305F3D10468002310A257
:10123000250707D5A40600D421B1C46901230DA256
:10124000641EC46130BC00F0BCB810B50446214631
:101250001068FFF797FC02462046BDE810400023C7
:10126000D2E7D21D22F00701D1E90023CCE700002C
:101270000000000030000000F0B40D4601880905B0
:1012800002D5214C7C4402E01F4C7C440E340021EA
:1012900000F1240608E002F00F071209E75D42EAB8
:1012A00003721B097754491C52EA0307F3D10278F1
:1012B0000023120704D5702D06D009B10223113482
:1012C0002246F0BC00F07DB801231034F8E770B579
:1012D00004460D4621461068FFF754FC0246294695
:1012E0002046BDE870400023C6E7D21D22F0070368
:1012F000D3E90023C0E70368126843F020030360CA
:101300000823C3610023B7E7D84E04007CB5054627
:1013100000236846CDE9003300F09EFA694628466E
:1013200006F0D4FF7CBD000000487047A0350120C6
:10133000004870478035012030B5B0F10A024FEA0D
:10134000900E71F100034EEA817EB0EB0E0061EB6E
:1013500091014FEA101E4EEA017E10EB0E0041EBA8
:1013600011114FEA102E4EEA016E10EB0E0041EB08
:1013700011214FEA104E4EEA014E10EB0E0041EBE8
:101380001141401841F100014FEAD00040EA41709C
:101390004FEAD10110EB80054FEA810444EA9074D2
:1013A00044EB01046D1944EB0404521BA3414FF0BC
:1013B000000348BF0A3200D530BD401C41F1000196
:1013C00030BD2DE9F0470D4699469246044600F19E
:1013D00024080168880604D5E06921F01001216025
:1013E00000E00120A84201DD471B00E00027A169C1
:1013F0007A1902EB0900081AA0612078C00602D40D
:101400002046FFF78FFB002608E0D4E901211AF8F7
:1014100006009047206A401C761C20624E45F4DB93
:101420002078C0060AD52046FFF77CFB06E0D4E909
:10143000012130209047206A401C2062381EA7F10D
:101440000107F4DC07E0D4E9012118F80500904712
:10145000206A401C2062281EA5F10105F3DC20460D
:10146000FFF776FB2078000602D50220BDE8F08762
:101470000120FBE72DE9F04F04460D46D21D22F076
:10148000070089B0D0E900974846394606F014FDB8
:101490000246F80F01D02D2307E02068810701D50F
:1014A0002B2302E0202101EAC0038DF820300BB18C
:1014B000012000E00020032A824601D0072A04DB35
:1014C0002946204600F054F93FE12078800601D4F7
:1014D0000D2500E0E569C7F30A560D2D49DA002114
:1014E0004FEA175B08464FF00000002F00F4400061
:1014F00007DA00EB80004FF4400100EBD07001EA06
:1015000060008115012901DD4FF0FF3100224FEA13
:10151000850CBCF1180F06D31346ACF118004FF040
:101520008052C24003E04FF4801323FA0CF30CF115
:101530000C0CBCF1200F04D3ACF1200C09FA0CF018
:1015400001E007FA0CF000294FF0004801DD18B95E
:101550000FE00ED140450CD319EB02095F4121B9D0
:10156000404502D19F4329EA0209BBEB175F00D037
:10157000761C2088000502D57B48784402E07A4832
:101580007844193808AA302302F80A30037C0AF19B
:101590000101002E0AF1020A53546A4602DC4FF0A0
:1015A000300101E04FF031014FF001088DF80010DB
:1015B00002D0A6F2FF3603E059EA470100D06B4E95
:1015C000002D02DC2178090704D54FF002082E21F6
:1015D0008DF80110C44600210BE0C7F303433F011F
:1015E000C35C491C6D1E02F80830052908F101088A
:1015F00001DA002DF1DC00210CE000EB1973491C2D
:101600001B786D1E082902F808304FEA091908F105
:10161000010801DA002DF0DC21688B0602D516E006
:10162000A8F10108E04505DD02EB080313F8013CD1
:10163000302BF5D0B8F1000F09DD02EB080313F8E9
:10164000013C2E2B03D1090701D4A8F10108002D7C
:1016500005DD3E2102F808106D1E08F10108407CEE
:10166000002E02F8080008F1010804DA2D20764265
:1016700002F8080002E02B2002F808000A214FF4CB
:101680007A70864208F101080BDB96FBF0F33033E9
:1016900002F8083096FBF0F308F1010800FB13662E
:1016A00001E0642E0CDB642096FBF0F3303302F88B
:1016B000083096FBF0F308F1010800FB136601E027
:1016C0000A2E06DB96FBF1F0303002F8080008F134
:1016D000010896FBF1F001FB1060303002F80800C1
:1016E000A16908F1010808EB050202EB0A00081ADB
:1016F000A0612078C00602D42046FFF713FA216AC1
:1017000008AE01EB0A00206204E0D4E9012116F8DA
:10171000010B9047BAF1010AF7D22078C00602D532
:101720002046FFF7FFF96E4609E016F8010B3E2848
:101730000FD0D4E901219047206A401C2062B8F103
:101740000108F2D22046FFF703FA09B00320BDE8F2
:10175000F08F206A2844206203E0D4E90121302080
:1017600090476D1EEBD3F8E71D4C040002FCFFFF11
:101770002DE9F0411F46044603260168072A01F4BB
:10178000006004DB08B116A505E016A503E008B16A
:1017900015A500E015A521F010002060A069C01E6D
:1017A000A0610FB1401EA0612046FFF7BBF94FB109
:1017B000D4E9012138469047206A401C2062C01CB1
:1017C000206206E0206AFAE7D4E9012115F8010B4E
:1017D0009047761EF8D22046FFF7BAF9BDE8F081AF
:1017E0004E414E006E616E00494E4600696E6600C5
:1017F00010B5436913B1AFF3008001E0FFF768FC57
:10180000012010BD128800F1240182840022C284CC
:101810000122EDE711684FF0FF32E9E70FB4002332
:1018200000B589B00CA900910B99CB60214B7B448A
:101830000693214B7B44079304236FF00042CDE9CC
:1018400001321E4A7A446B4608920246002028F074
:10185000D1F909B05DF814FB70B506464FF0FF30C2
:1018600015460C46324686B00091CDE90101694625
:101870000020049004A8FFF7D1FF02460498211825
:1018800025B108B1084600E02046286004980028E9
:101890000DD0002A02DD0098884208D03246081B8D
:1018A00069460094CDE9010404A8FFF7B7FF06B02C
:1018B00070BD00002902000041020000010200008A
:1018C0002DE9F047814616468AB0354878440DC860
:1018D0008DE80D0032487844801C03AC0DC884E8C4
:1018E0000D0041F69B300844372190FBF1F290FB4C
:1018F000F1F5A5F1800501FB12041B3C02D5644201
:10190000012000E00020DFF898A080460027FA447C
:10191000AAF1BE0A0EE0E0070AD03246684607EB9D
:10192000470101230AEB810101F078F88DE80700F7
:1019300064107F1C002CEED1194F7F44AE3F19E09C
:10194000E80715D007EB04100DF1180A90E80E0017
:101950008AE80E00C068F04201D19819089032461A
:10196000012306A903A801F059F803AB83E8070097
:101970006D10641C002DE3D14FF00103324669461F
:10198000B8F1000F03A802D001F01EF801E001F049
:1019900045F8C9E90001C9F808200AB0BDE8F08798
:1019A0005C49040070B516460C46054600F044F844
:1019B000036893F80101012806D0FF2C0FD8185DA9
:1019C00068B101202C7070BDD3F807013246214662
:1019D00003F2071303442846BDE8704018474FF050
:1019E000FF3070BD00487047803501207546FFF715
:1019F000F9FFAE4605006946534620F007008546CC
:101A000018B020B5FEF71CFDBDE820404FF00006E1
:101A10004FF000074FF000084FF0000B21F00701D6
:101A2000AC46ACE8C009ACE8C009ACE8C009ACE819
:101A3000C0098D467047000010B5FFF775FC001D0A
:101A400010BD00BFB978020010B50446FFF7F4FFDF
:101A50000068005D00F0010010BD426842B10168FD
:101A600011F8013B23B1521EC0E90012184670471D
:101A70000121C160881E704742685AB1C36801687D
:101A800043B983688B4205D0491E521CC0E900123D
:101A9000002070474FF0FF30704710B50446AFF399
:101AA00000802046BDE81040FEF755BC2DE9FF4FF1
:101AB00006468BB00878FF2806D0491C2D2805D093
:101AC00000244FF0000908E000200CE00124F8E7B2
:101AD00009EB8903491C00EB43090878FF28F7D17B
:101AE00014B1C9F100008146107800252C46AA46A1
:101AF00029462D2801D02B2804D1521C2D2813D083
:101B0000002082468B461078FF280FD04FF0000C43
:101B10000A21521CA5FB017804FB018105FB0C1175
:101B2000C5194BEB0104EEE70120EAE70021084666
:101B30004FF00000BAF1000F02D000EB8000400827
:101B4000C0F38157012F01DD4FF0FF370E9955EAA1
:101B5000040009EB01080BD04FF0020918F5FA7FD9
:101B600016DA4FEACA70002F706008DD012007E026
:101B70004FEACA70C6E900B00FB0BDE8F08F002090
:101B80003060FFF7D5FBC0F800901821084616E03A
:101B9000B8F5FA7F18DD002F02DAF748784401E043
:101BA000F6487844D0E90010C6E9001040EACA704F
:101BB0007060FFF7BDFBC0F80090142108460FB01D
:101BC000BDE8F04F27F0AFBF002108464FF00000FE
:101BD000B8F10001099002DAC7F1000200E03A46CC
:101BE00001DAC8F1000106A8FFF76AFE06AB93E828
:101BF000070003AB83E8070044F23E005BEA040100
:101C00000090584604D144F21E012C465D460091D6
:101C1000210C0904014306D10099240444EA154427
:101C20002D041039009104F07F41014306D1009941
:101C3000240244EA15642D020839009104F0704131
:101C4000014306D10099240144EA15742D01091FAE
:101C5000009104F04041014306D10099A40044EAF8
:101C60009574AD00891E009104F00041084304D131
:101C700000986D196441401E00904FF001033A46F0
:101C80006846B8F1000FCDE9014503A902DD00F077
:101C9000DAFE01E000F0ADFEBAF1000F04460D4699
:101CA00001D084F00044002108464FF0000009995B
:101CB00040F2FF77484010F00C0F07D124F00040AD
:101CC000284303D0C4F30A50B84212D1FFF730FBC7
:101CD000C0F80090C4F30A50B8420AD1A84878442A
:101CE000D0E90010C6E9001004F00041084370601C
:101CF00042E7C6E900543FE72DE9FF4F1F464FF08A
:101D0000000A4FF0FF38454691B0D7E90146CDF8BB
:101D10003CA0FFF709FBC0680168405C1090B969FE
:101D200012986D1C8847396A814688470028F6D189
:101D3000B9F1FF3F0AD0002E24F4D06411DDB9F1CF
:101D40002B0F08D0B9F12D0F0BD102E0404615B092
:101D500013E744F48064B96912986D1C8847761EB5
:101D60008146600504A901D52D2000E02B20002E1E
:101D700001F1010B0DF130088DF810003FDDB9F1D4
:101D8000690F08D0B9F1490F05D0B9F16E0F02D033
:101D9000B9F14E0F1CD13B4601A8009580E85002D6
:101DA000DDE912126FF0020027F028FFC11CCED12E
:101DB0000EE0B96912986D1C884781461398761E0B
:101DC00044F4007405600F98401C002E0F9016DD3F
:101DD000B9F1300FEDD0B9F1780F02D0B9F1580F49
:101DE0000DD10F9801280AD13B46CDE90054DDE919
:101DF0001212001F029627F0FFFEC11CA7D11099F6
:101E000089453ED144F0800406E01399681CAAF18C
:101E1000010A44F400740860B9696D1C1298761EBA
:101E2000884730288146F0D02BE01099894505D1AC
:101E3000200603D4761E44F0800418E0484606F0DD
:101E400076FA08B3761E0DF123018B4544F4007435
:101E500008D2A9F130000BF8010B200607D5AAF132
:101E6000010003E0200602D40AF101008246A00529
:101E700002D51399681C0860B96912986D1C8847CF
:101E80008146002ED1DC53E0002E51DDB9F1650F03
:101E900002D0B9F1450F4BD1A00549D5B9696D1CE8
:101EA0001298761E24F440748847002E81460CDD7B
:101EB0002B2804D0B9F12D0F07D144F48074B969EF
:101EC00012986D1C8847761E8146E00501D52D21AC
:101ED00000E02B2108F8011BCDF8008021E0761EE0
:101EE0000DF13901884544F400740CD2A9F1300099
:101EF00010F0FF0088F8000002D10099884509D948
:101F000008F1010806E0E00501D51E4801E042F2B3
:101F10000F708246B96912986D1C884781461398E4
:101F20000560002E04DD484606F001FA0028D6D1EF
:101F3000F96912988847FF2053468BF8000088F80B
:101F4000000000200A900B9004AA0CA90AA8FFF731
:101F5000ADFDA00502D46FF00100F8E614F0240FE7
:101F600012D0E0071CD13868DDE90A12031D3B607E
:101F70000068C0E9001213E09C4704008E4704008B
:101F800052460400F1D8FFFF0AA9684606F09EF900
:101F9000E00705D13868009A011D396000680260C9
:101FA0002846D4E601491820ABBEFEE72600020011
:101FB000704700002DE9FF4F1F464FF03C0987B0E6
:101FC0004FF00042DDE9141001F10108DDF858A0DE
:101FD00002EA4050039000200590834605460446DF
:101FE0000490B969461E08988847AAF1010A029030
:101FF000BAF1000F3BDD02982E2815D0102100F019
:1020000016FA00282EDB4FF0010B0599014317D07B
:10201000B9F1000F0BDB4A46C11700F0F5F9054393
:102020000C43A9F1040905E0012004900BE008B17C
:1020300045F0010501200590049820B9361D02E005
:10204000049800B1361FB969089808F1010888475B
:10205000BBF1000FAAF1010A0290C9D00999C1F899
:102060000080C5E70298702808D0502806D0F9698A
:1020700008988847BBF1000F14D04FE00020029071
:102080000120BBF1000F049009D0B969089808F14C
:1020900001088847AAF10109B9F1000F07DCF969C5
:1020A000089888476FF001000BB0BDE8F08F2B282F
:1020B00004D02D280CD14FF0FF300490B969089856
:1020C00008F101088847A9F10109B9F1000FE6DD1F
:1020D000411CE4D00A2100F0AAF90028DFDB0299B4
:1020E00008F1010801EB810100EB41000290B969A0
:1020F000089888470A2100F09AF9099AA9F101097C
:10210000B9F1000FC2F8008001DD0028E7DAF969B3
:10211000089888470499029800FB016655EA040074
:1021200004D004F04041090002D006E0039898E092
:10213000A40044EA9574AD00B61E04F00041080006
:1021400002D16D196441761E159810F0240F03D04A
:102150004FF00B095C4803E04FF028096FF07D0059
:102160008246564507DAAAEB06018944B9F1410FC8
:1021700001DD4FF0410901200021A9F1010200F029
:1021800043F9024628400B462140084301D0012173
:1021900000E00021501E029143F1FF312840214010
:1021A000084301D0012000E000200299834651EA53
:1021B0000B014FD0002108464FF00000039900F4B6
:1021C000400039B100EB80004FF4400100EBD070CB
:1021D00001EA60008015012802DD4FF0FF3000E0C9
:1021E00013D0401C36D0029860B3BBF1000F0CD165
:1021F0004A460120002100F007F928402140084309
:1022000001D0012000E00020E0B101204A46002179
:1022100000F0FAF8034640190A4661412D1A8C4134
:1022200011D3B9F1400F09DD159810F0240F02D039
:10223000AAF1340603E0AAF1170600E0761C002597
:102240004FF0004406E05B1E42F1FF3220EA030536
:1022500021EA0204CAF10100B04206DA1B490398E0
:1022600008430190002000900EE0039AC4F3D321AC
:10227000E80A0A43164940EA44500A433146CDE988
:102280000002684606F02BF8159810F0240F0BD0CA
:102290001598C00715D13868DDE90012031D3B60B1
:1022A0000068C0E900120CE002A8694606F00EF8CA
:1022B0001598C00705D13868029A011D3960006879
:1022C00002604046F0E6000002FCFFFF0000F07FE5
:1022D0000000F03F2DE9FF4F92461D4685B04FF0BC
:1022E0000041DDE9124BDDE914727F1E01EA4B501B
:1022F000414940F0FF4940EA0108002122F0200056
:102300004928049102D04E2828D04CE03BA0012659
:1023100007C88DE80700A9690698641C88477F1ED6
:10232000014606D41DF8060018B121F020018142B3
:102330000BD0E96906988847032E34D0082E32D096
:102340006FF0010009B0BDE8F08F761C032E01D0BC
:10235000082EE0D1601CCAF80000DCE7A9690698E5
:10236000641C88477F1E2AD420F02000412826D1F3
:10237000A9690698641C88477F1E20D420F020009D
:102380004E281CD1A9690698641C88477F1E48F412
:10239000002849F48009CAF8004001D4282806D052
:1023A000E969069888475FEACB7012D022E0A969F4
:1023B0000698641C88477F1E01D4002803DAE96967
:1023C00006988847BCE72928F1D1641CCAF8004068
:1023D000E9E71BF0240F07D028680499031D2B6040
:1023E0000068C0E9001805E02868021D2A6000683E
:1023F000C0F800902046A5E70000F07F494E46490E
:102400004E49545900000000B2F120030AD5C2F130
:10241000200301FA02F120FA03F300FA02F041EA84
:102420000301704700FA03F14FF0000070473A28AB
:1024300000D2303820F02002412A01D3A2F1370027
:10244000884201D34FF0FF3070475FEA400C08BF6D
:1024500091F0000F4FEA8C234FEAC12243EA515119
:102460004FEA1C5018BF00F5F0404FEA300018BF8B
:1024700041F000415FEA6C5C00F02980BCF1FF3F55
:1024800008BF40F080407047130C06BF12044FF0A5
:10249000100C4FF0000C130E04BF12020CF1080CCC
:1024A000130F04BF12010CF1040C930F04BF920030
:1024B0000CF1020CD30F04BF52000CF1010C1146B9
:1024C0004FF00002A0F11F00A0EB0C00704711F0CC
:1024D000004F08BF704731F000413FF4D5AF0B0CFF
:1024E00006BF09044FF0100C4FF0000C0B0E04BF98
:1024F00009020CF1080C0B0F04BF09010CF1040CCC
:102500008B0F04BF89000CF1020CCB0F04BF4900F4
:102510000CF1010CCCF12003A0EB0C0022FA03F328
:1025200002FA0CF241EA030100F10100704720F0C9
:102530007F4C80EA030023F07F47ACEB070303F5F1
:102540007C5300F0004003F1FF032DE980494FEA7E
:10255000154B09B44FEA144325EA0B4E24EA03480D
:102560000FF2042606EB132749083E785FEA320291
:1025700003FB0667C7F5000707FB06F64FEA54376B
:102580004FEAD64606F1020607FB066CCCF1005C6A
:102590004FEA1C472CEA074C07FB06F40CFB06F538
:1025A00004EB15464FEA961634BF00204FF000406A
:1025B0004FEAD13706FB07FC4FEA1C4C0CFB0BF72C
:1025C000D21B03FB0CF761EB07010CFB0EF7B0EB22
:1025D000074072EB17420CFB08F734BFA2EB07422F
:1025E000B2EB074261EB17414FEA0C444FEA910707
:1025F00006FB07FC4FEA1C4C0CFB0BF7B0EBC7408B
:1026000072EB573203FB0CF734BFA2EBC742B2EBBD
:10261000C74261EB57310CFB0EF7B0EBC70072EB12
:1026200057720CFB08F734BFA2EBC702B2EBC7022C
:1026300061EB5771039F4FEA816141EA921104EB0C
:10264000CC044FEAD1374FEA826206FB07FC42EA2C
:1026500090124FEA80604FEA1C4C0CFB0BF7D21B28
:1026600003FB0CF761EB07010CFB0EF7B0EB074027
:1026700072EB17420CFB08F734BFA2EB0742B2EB38
:10268000074261EB17414FEA8C554FEA910704EB83
:102690009C2406FB07FC4FEA1C4C0CFB0BF7B0EB31
:1026A000C74072EB573203FB0CF734BFA2EBC742B3
:1026B000B2EBC74261EB57310CFB0EF7B0EBC70032
:1026C00072EB57720CFB08F734BFA2EBC702B2EBF8
:1026D000C70261EB577115EB4C254FEA816141EA66
:1026E00092114FEA82624FEAD13742EA901206FB1A
:1026F00007FC44F100044FEA80604FEA1C4C0CFBDD
:102700000BF7D21B03FB0CF761EB07010CFB0EF779
:10271000B0EB074072EB17420CFB08F734BFA2EB9B
:102720000742B2EB074261EB174115EB1C154FEA6C
:10273000813141EA92414FEA823242EA90424FEAC5
:1027400080304FEA0C7644F1000448EA03434EEA35
:102750000B484FF0000EB2EB080C71EB030724BFDF
:10276000624639464EEB0E0E4FF0000B00185241F8
:1027700049414BEB0B0BB2EB080C71EB03077BF100
:10278000000B24BF624639464EEB0E0E4FF0000B95
:102790000018524149414BEB0B0BB2EB080C71EBAB
:1027A00003077BF1000B24BF624639464EEB0E0E49
:1027B00051EA020718BF46F0010616EB0E7655F1F6
:1027C000000254F1000103D5BDE88901BDE800888D
:1027D000BDE88901BDE80048B619524141EB01014D
:1027E000A3F10103704780807F7E7D7C7B7A7978BE
:1027F000777676757473727171706F6E6E6D6C6CC6
:102800006B6A6A6968686766666564646363626167
:102810006160605F5F5E5E5D5D5C5C5B5B5A5A59E8
:102820005958585757565655555554545353525254
:102830005251515050504F4F4F4E4E4D4D4D4C4CAC
:102840004C4B4B4B4A4A4A494949484848474747F5
:102850004746464645454544444444434343434232
:10286000424242414141000046EA0646A3F5705308
:102870004FEA164646EA42564FEAD22242EA41520F
:1028800010B54FEAD121A3F1010300F02FF820F099
:10289000004000F1020C00F0004701EB005011462F
:1028A000BCF5006F40EA070000D210BDBAF1000F7E
:1028B0000AD01CB503B44FF004004FF004014FF0F0
:1028C00000000FBCBDE810404FF00001BBF1010F4C
:1028D000B9BF04484FF0FF310348002140EA070028
:1028E00010BD00BFFFFFEF7F0000F07F002B9C4674
:1028F00030D477002BD01CB54FEA370703B44FF024
:1029000010004FF01001BAF1000F06D0BCF1000F1B
:10291000DCBF40F0080040F008014FF000000FBCA1
:10292000BDE810400BF1010BBBF1010F08BF5FEADE
:10293000170722BF12F1010211F101014FF000410E
:1029400043F1000300F0004043EA00007047F9D370
:102950005708D0E746EA064613F1400F4FEA1646FD
:102960001FDD13F1200FDFBF16430A46002120337D
:102970005B42BED0C3F1200746EA064602FA07F7DB
:102980004FEA164646EA0706C3F1200722FA03F289
:1029900001FA07F721FA03F14FF0000342EA0702B8
:1029A000A7E746EA020646EA06464FEA164646EA20
:1029B0000106BCBF46EA0646360C4FF000034FF056
:1029C00000024FF0000194E72DE9804C9A469346AF
:1029D00070B491E8380007C831EA400C48BF34EAC7
:1029E000430C03D5FFF7A3FDFFF780FFF0BCBDE864
:1029F000008C2DE9804C9A46934670B491E83800DB
:102A000007C831EA400C48BF34EA430C03D5FFF74E
:102A10008EFDFFF729FFF0BCBDE8008C2DE9804C4E
:102A20009A46934670B491E8380007C810F0804F7A
:102A300008BF13F0804F03D100F01AF8FFF756FFDC
:102A4000F0BCBDE8008C2DE9804C9A46934670B4EA
:102A500091E8380007C810F0804F08BF13F0804F8E
:102A600003D100F005F8FFF7FFFEF0BCBDE8008CD5
:102A700020F07F4780EA030023F07F4C07EB0C0334
:102A8000A3F57C5300F00040A3F1FE0392F0000F89
:102A900000F0B38095F0000F00F077802DE9014938
:102AA0004FEA11404FEA144621EA004800FB06FCB9
:102AB00024EA064708FB06F607FB08F800FB07F7C1
:102AC00018EB06484CEB164C4FEA124B18EB074834
:102AD0004FEA15464CEB174022EA0B4E0BFB06FC67
:102AE00025EA06470EFB06F607FB0EFE0BFB07F773
:102AF0001EEB064E4CEB164C4FF000061EEB074E3D
:102B00004CEB174B18EB0B0840F1000018EB0E0BC9
:102B100058EB000840F100008F1A4FF000013CBF55
:102B2000C943661B14BFB5EB040C00213CBFC9436D
:102B3000F61B4FEA17444EEA8E0E27EA04454FEA89
:102B40001C4704FB07622CEA074C05FB07F70CFB4C
:102B500005F604FB0CFC16EB074642EB174216EB9E
:102B60000C4642EB1C421BEB060658EB02024141AD
:102B700046EA9E0601D5BDE80189B619524141EBEE
:102B80000101A3F10103BDE801894FEA14454FEAB1
:102B9000114724EA054621EA074C05FB07F406FB2A
:102BA00007F70CFB06F105FB0CFC11EB074144EBAE
:102BB00017444FEA124711EB0C4144EB1C4422EA44
:102BC000074C05FB07F206FB07F70CFB06F605FBB7
:102BD0000CFC16EB074642EB174216EB0C4642EB99
:102BE0001C456A1854F1000148BF7047B61952419C
:102BF00041EB0101A3F10103704795F0000F37D0BD
:102C00004FEA11424FEA144721EA024624EA074CF0
:102C100002FB07F106FB07F70CFB06F402FB0CFCBA
:102C200014EB074441EB17414FEA154714EB0C44F2
:102C300041EB1C4125EA074C02FB07F506FB07F7B1
:102C40000CFB06F602FB0CFC16EB074645EB1745A2
:102C500016EB0C4645EB1C42121951F1000148BF1E
:102C60007047B619524141EB0101A3F101037047CE
:102C70004FEA14454FEA114724EA054621EA074C7A
:102C800005FB07F106FB07F70CFB06F24FF0000609
:102C900005FB0CFC12EB074241EB174112EB0C4217
:102CA00051EB1C4148BF7047921841EB0101A3F161
:102CB00001037047FEE700207047002070470000C6
:102CC00010B5024803F08CFE002010BDCC06002099
:102CD0001CB500210320CDE900010B464FF48062B2
:102CE00007A1094826F068F808490128086006D0BD
:102CF00007A00FF0FFFABDE81C4000F0E1BA1CBDD0
:102D0000436F6D6D0000000089840208FC01002003
:102D1000436F6D6D207461736B20637265617465C0
:102D2000204661696C65640010B580210348FDF799
:102D300084FE03490020087010BD0000308D002083
:102D4000F00100201CB500210320CDE900010B4655
:102D50004FF4807207A1094826F02EF8084901288F
:102D6000086006D007A00FF0C5FABDE81C4000F0CF
:102D7000A7BA1CBD436F6E74726F6C00C57D0208EC
:102D8000FC010020436F6E74726F6C207461736B72
:102D900020637265617465204661696C656400003A
:102DA00010B5DFED190A9FED1A1A40F6E4412DED3A
:102DB000028B88429FED158A04D39FED160ABDEC65
:102DC000028B10BD00EE100AB8EE400A60EE201A29
:102DD00000EE100AB8EE400A31EE400A81EE801A89
:102DE00081EE200A05F074F9C0EE080A9FED0A0A88
:102DF00030EE800AF7EE000A80EE801A9FED070A97
:102E000031EE400ADBE7000000401C4600E076455A
:102E100000404E45339388C30FCF5B3B33938843C9
:102E2000104810B50168C1F34021002918D04115A0
:102E30004160022101F0E8FC0B488168C1F3C01138
:102E40000029FAD14FF0904110208861074C20688A
:102E5000002805D013F028FB0549002020600860F9
:102E600010BD000000000240003001406802002058
:102E70006C02002010B5042001F07EFC012001F05E
:102E80007BFC144A114C114B9178083410480851BE
:102E900011480068C0F30220011D072901D200205B
:102EA00000E0C01E0021814008010C4981F80004A7
:102EB0004FF0E0214FF40050C1F80001907818580D
:102EC000917840F00200585010BD00000000024010
:102ED0000C300140A09C02080CED00E00DE000E089
:102EE000074A10B5536807494FF47A740968B1FB73
:102EF000F4F141435068C01A8842FBD310BD000072
:102F0000001000E00C0000200648016841F08071CC
:102F10000160054800214160016841F00101016044
:102F200070470000FCED00E0001000E0704700007A
:102F30001CB500210220CDE900010B46420208A188
:102F40000A4825F039FF0A490128086006D009A07F
:102F50000FF0D0F9BDE81C4000F0B2B91CBD000074
:102F60005561727450726F6300000000A9840208FA
:102F7000FC0100204465627567207461736B2063F7
:102F80007265617465204661696C656400000000CB
:102F9000014601A00FF0AEB94572726F723A20255A
:102FA000730000002DE9F84F00204FF48049009095
:102FB000484601F0D5FCDFF89C80274E274D284C71
:102FC0004FF4004AD0B14F46C8F800906A4600213D
:102FD000286825F0B1FD3946304601F066FD2077BE
:102FE0005146304601F061FD10F0FF0F02D0A0699C
:102FF000401CA0616946286825F0B2FC574650463F
:1030000001F0AEFCC8B1C8F800706A46002128681B
:1030100025F092FD3946304601F047FD607749467C
:10302000304601F042FD10F0FF0F02D0A069401EB3
:10303000A0616946286825F093FC0098002807D015
:1030400008494FF080500860BFF34F8FBFF36F8F78
:10305000BDE8F88F1404014000040048B8010020C6
:103060006484002004ED00E070B58AB01821684641
:10307000FDF7E3FC00242248069407940894C16CF1
:1030800041F00201C164C16C01F002010991016EBD
:1030900041F001010166006E01254FF4404600F049
:1030A00001000495CDE9006409906946154801F0D6
:1030B00061FC1548416921F4E0614161416941F4D5
:1030C00080714161416921F4E0414161416941F40C
:1030D000805141618DF8214002208DF82200069632
:1030E0008DF8205006A801F099FB0849602081F86E
:1030F0000004064928022439C1F800010AB070BD55
:1031000000100240000400480000014028E000E0F8
:1031100070B50C460546032818D2BCB1104E4FF0CE
:10312000FF31306825F064FD012817D10D4905EB0A
:10313000450001EB8000002307C884E807003068E1
:10314000BDE870401A46194625F068BB502080F350
:103150001188BFF34F8FBFF36F8FFEE770BD000084
:10316000B80100206484002070B5012025F0BCFA6D
:1031700014490860F0B14FF08040016841F001014E
:103180000160406A104CA0601048016841F00101E4
:103190000160406A6061FFF767FF0D4D4FF48041A9
:1031A000284601F082FC20776901284601F07DFC69
:1031B000607770BD502080F31188BFF34F8FBFF34D
:1031C0006F8FFEE7B80100206484002000040040F7
:1031D0000004004870B50C46054603280FD274B1B0
:1031E0001D4E4FF0FF31306825F002FD012831D12E
:1031F0001A4965B1012D13D0022D23D119E05020B9
:1032000080F31188BFF34F8FBFF36F8FFEE74FF04E
:103210008042A068506220680860A068886011E061
:103220000F4AA06850622068C8600C49A0684861D5
:1032300008E0206888610949227901F118000A77BD
:10324000617941713068BDE8704000231A46194623
:1032500025F0E4BA70BD0000B801002064840020AD
:10326000000400401CB500210320CDE900010B46FD
:103270004FF4007207A1094825F09EFD0849012876
:10328000086006D007A00FF035F8BDE81C4000F03C
:1032900017B81CBD456E636F64657200E17F02085C
:1032A000FC010020456E636F646572207461736B6E
:1032B00020637265617465204661696C6564000015
:1032C00072B602A00FF016F8FBE700005379737492
:1032D000656D204572726F720D0A000030B52DEDDC
:1032E000028B8DB008A80FF001FFBDF820007E4CC6
:1032F00000EE100AB8EE400A84ED020ABDF8220082
:1033000000EE900AF8EE600AC4ED030A20EE200AEF
:1033100084ED040ABDF8240000EE100AB8EE400A5D
:1033200084ED000ABDF8260000EE100AB8EE400A4F
:1033300084ED010ABDF82800FFF732FD84ED080A8C
:10334000206926F075FB9FED691B53EC112B26F0CD
:1033500051F941EC180B606926F06AFB53EC182B0D
:1033600026F014F825F0E0FF6061A06826F060FB0D
:1033700041EC100B5FA153EC102B6846FDF704F9EC
:103380005E4D6946A86818F0B3F9E06826F050FB76
:1033900041EC100B57A153EC102B6846FDF7F4F8E5
:1033A0006946E86918F0A4F9206926F041FB41EC70
:1033B000100B53A153EC102B6846FDF7E5F8694656
:1033C000E86A18F095F9606926F032FB41EC100BC1
:1033D0004EA153EC102B6846FDF7D6F86946A86B52
:1033E00018F086F9206826F023FB41EC100B4AA167
:1033F00053EC102B6846FDF7C7F86946686E18F065
:1034000077F9606826F014FB41EC100B44A153ECF3
:10341000102B6846FDF7B8F86946A86E18F068F9F1
:10342000206A26F005FB41EC100B3FA153EC102B5A
:103430006846FDF7A9F86946A86C18F059F99DF897
:10344000300010B1012803D006E039A1E86C01E09A
:1034500039A1E86C18F04CF99DF8310001283DD0F5
:103460000228286D3DD036A118F042F905A80FF0CA
:1034700061FE9DED070AF3EE050ADFED331A20EE3B
:10348000200A84ED060A9DED061A10EE100A31EEB0
:10349000611A61EE200AC4ED070A26F0C9FA41EC70
:1034A000100B1DA153EC102B6846FDF76DF8694613
:1034B000E86818F01DF9E06926F0BAFA41EC100B43
:1034C00017A153EC102B6846FDF75EF86946286A91
:1034D00018F00EF90DB0BDEC028B30BD1BA1286DAC
:1034E000C2E71BA1C0E70000300200207B14AE47FA
:1034F000E17A743F25302E3366000000B08D002045
:103500000A25302E33662057000000000A25302E91
:103510003266206D4168000025302E33662056004B
:1035200025302E336620410025302E3166A1E6007D
:10353000CDA3D6B900000000C6F4B6AF000000006D
:1035400043432F43560000003333D33F432043000F
:103550004320560010B517F0E3F91CF0D9FC0748DA
:1035600021F022FA0548006813F026F804490120EA
:103570008862BDE8104000201CF08CBDB08D00209A
:103580000004004810B50024032000F073F80F2059
:1035900000F008F808B1012401E000F025F8204609
:1035A00010BD000070B50E4E05460024706898B13D
:1035B0004FF47A71B1FBF0F00A490968B1FBF0F001
:1035C00000F068FD40B9102D06D200222946501E99
:1035D00000F030F8356000E00124204670BD0000A6
:1035E000000000200C0000200A4882B0016E41F06B
:1035F00001010166016E01F001010091816D41F050
:1036000080518165806D00F08050009002B000F024
:1036100039BD000000100240002809DB00F01F0245
:10362000012191404009800000F1E020C0F8001124
:1036300070470000F0B40E4B1B680C46C3F3022326
:10364000C3F10705042D00D90425191D072901D24E
:10365000002300E0DB1E012606FA05F1491E214089
:1036600099409E40761E16403143F0BC04F03CBCAD
:103670000CED00E0064900F0070208684FF6FF0372
:10368000184040EA0220034A1043086070470000D7
:103690000CED00E00000FA0501220168C0F8D0221C
:1036A000002280F8C82231F8540F40F00100088051
:1036B000088840F0020008801046704770B50F4D32
:1036C000044669B101290AD1D4F8D80203F0D3FC29
:1036D000607A002803D0286840F00600286070BD9A
:1036E000607A28B102F084FD286820F00600286086
:1036F000D4F8D802BDE8704003F055BC10ED00E0EE
:1037000010B50C0607D501F0070101EB810100EBB4
:10371000C100103005E001EB810100EBC10000F5B4
:10372000A87099B232B1012202730181190C418152
:10373000002010BD00220273C180F9E701EB810275
:1037400000EBC202D0F8D802526A03F016BB01EBBC
:10375000810200EBC202D0F8D802D2F8642103F053
:1037600060BB70B504460B0601F0070000EB80015A
:1037700004EBC1014FF001024FF0000502D54A747D
:10378000103103E081F8515101F5A871087094F8E7
:103790009002012808D084F89022206804F01DF8D7
:1037A00084F89052002070BD022070BD70B50446B0
:1037B00001F00F002279904201D9012070BD0B0663
:1037C00001F0070000EB800104EBC1014FF00102A2
:1037D0004FF0000502D54A74103103E081F85151D1
:1037E00001F5A8718D70087094F89002012808D036
:1037F00084F89022206804F08FF884F8905200201A
:1038000070BD022070BD2DE9F04704685FEA4248B0
:103810000B788D69B4F850804FF0000C4BF68F7721
:1038200048F2800648F68F7948F2C00A444428D509
:1038300040F2024808EBC30834F80840C4F3090416
:10384000A54203D32D1B8D6102D00BE0C1F818C037
:10385000D0F800C03CF823503D4085F40055354376
:103860002CF82350520609D50B78056835F823202B
:1038700002EA090242EA0A0225F8232074B30A89FF
:1038800027E040F2064808EBC30834F80840C4F3C8
:103890000904A54203D32D1B8D6102D00BE0C1F8B2
:1038A00018C0D0F800C03CF823503D4085F40055C6
:1038B00035432CF82350520609D40D78036833F8A9
:1038C000252002EA090242EA0A0223F825202CB147
:1038D0004A8949690068234604F039FA2046BDE860
:1038E000F0872DE9F05F054600680C465FEA426804
:1038F0001646D1F818C02278B0F8508048F6BF7A42
:1039000048F2800B48F68F774CF280094FF6FF7330
:103910004FF4004E4FF0000140447DD540F2024884
:1039200008EBC20830F80800C0F30900844514D938
:10393000BCEB000CC4F818C010D0760408D5D5F83C
:1039400000C03CF822603E4046EA09062CF822609E
:1039500094F82420012A60D076E1A161607810B14A
:10396000012813D01AE02868B0F85030184400EB52
:10397000C200B0F80224C2F30902A0F80224B0F891
:10398000022442F40042A0F8022407E02868B0F8BC
:103990005030184400EBC200A0F802146278286886
:1039A00012B1012A11D018E0B0F850100844217863
:1039B00000EBC100B0F80614C1F30901A0F8061429
:1039C000B0F8061441F4004105E0B0F8502010446E
:1039D000227800EBC200A0F80614E07802280BD190
:1039E0002278296831F8220000EA0A0080F02000DD
:1039F00040EA0B0021F8220021782846FFF79EFEBE
:103A0000700408D521782A6832F82100384040EA4D
:103A1000090022F82100C3E04DE0626902446261BE
:103A2000E2690244E2612669226AB24202D3304668
:103A3000111A03E084F824100AB11046216261785B
:103A400011B101292BD033E02968B1F8502011447D
:103A5000227801EBC201B1F80224C2F30902A1F8F5
:103A6000022401F2024158B13E280ED84208C6078E
:103A700000D0521C0E8803EA822216430E8017E003
:103A80000A8842F400420A8012E04209C30600D1CB
:103A9000521E0B884EEA822213430B8008E02968ED
:103AA000B1F850201144227801EBC201A1F80204C0
:103AB00083B22289C4E040F2064808EBC20830F81D
:103AC0000800C0F30900844514D3BCEB000CC4F813
:103AD00018C010D0760408D4D5F800C03CF8226095
:103AE0003E4046EA09062CF8226094F82420012A78
:103AF00059D0A9E0A161607810B1012813D01AE073
:103B00002868B0F85030184400EBC200B0F8022426
:103B1000C2F30902A0F80224B0F8022442F40042E1
:103B2000A0F8022407E02868B0F85030184400EBF1
:103B3000C200A0F802146278286812B1012A11D0DC
:103B400018E0B0F850100844217800EBC100B0F83C
:103B50000614C1F30901A0F80614B0F8061441F4E4
:103B6000004105E0B0F850201044227800EBC2007C
:103B7000A0F80614E07802280BD121782A6832F8E0
:103B8000210000EA0A0080F0200040EA0B0022F841
:103B9000210021782846FFF7D1FD70047FF532AF70
:103BA0000020BDE8F09F626902446261E26902445C
:103BB000E2612669226AB24203D33046111A2162B9
:103BC00004E00AB11046216284F824106278296862
:103BD00012B1012A2AD031E0B1F8502011442278E4
:103BE00001EBC201B1F80624C2F30902A1F80624D0
:103BF00001F2064158B13E280ED84208C60700D04F
:103C0000521C0E8803EA822216430E8016E00A88B0
:103C100042F400420A8011E04209C30600D1521E5C
:103C20000B884EEA822213430B8007E0B1F8502044
:103C30001144227801EBC201A1F80604628983B223
:103C40006169286804F09EF82278296831F822001A
:103C500000EA0A0080F0300040EA0B0021F8220060
:103C60009EE72DE9F04104460F0601F0070000EB46
:103C7000800104EBC1014FF001064FF0000502D5B1
:103C80004E74103103E081F8515101F5A871022BF7
:103C90000870C2F30A000861CB7000D10D7194F86E
:103CA0009002012809D084F89062206803F0E0FBBC
:103CB000284684F89052BDE8F0810220FBE710B559
:103CC00001F0070404EB840100EBC101C1E95923B1
:103CD0000022C1F86C2181F8512181F8504100681F
:103CE00001F5A87103F06AFE002010BD70B504460E
:103CF00001F007002279904201D9012070BD0B0626
:103D00004FF000054FF0010206D500EB800104EBF7
:103D1000C1014A74103107E001EB810104EBC101DC
:103D200081F8515101F5A8718A70087094F89002D9
:103D3000012808D084F89022206803F025FE84F83A
:103D40009052002070BD022070BD10B501F0070434
:103D500004EB840100EBC101C1E90923012281F8D0
:103D600034200B630023CB624A7401F8104F0068C3
:103D700003F024FE002010BD10B50446006803F0D7
:103D8000E3FF010404D52046BDE8104001F0D5BD95
:103D900041050ED5206830F8441F21F48061018070
:103DA000204600F001F92046BDE81040002100F057
:103DB00027B9410405D5206830F8441F21F480411B
:103DC0007DE0810405D5206830F8441F21F40051BE
:103DD00075E0C1041FD5206830F8401F21F00401B0
:103DE0000180206830F8401F21F00801018094F81C
:103DF000C802012806D1002084F8C80201462046E6
:103E0000FFF75CFC204600F0E3F8206830F8441F20
:103E100021F4805153E0010512D5206830F8401F8D
:103E200041F008010180206830F8441F21F400614E
:103E30000180206830F8401F41F0040101800AE051
:103E4000010629D5206830F8441F21F08001018047
:103E500094F8C80218B1204600F002F910BD20689D
:103E600030F8401F41F004010180206830F8401F05
:103E700041F008010180012084F8C8022068B0F8F0
:103E800054003C2101EA9000C4F8CC022046BDE871
:103E900010400121FFF712BC810509D5206830F8D8
:103EA000441F21F400710180204600F0A5F810BDE8
:103EB000C005FCD5206830F8441F21F480710180D2
:103EC00010BD000070B5040004D094F891020025E4
:103ED00010B106E0012070BD84F89052204600F039
:103EE0003FF8032084F89102206803F00DFD0020C4
:103EF00001260BE000EB800104EBC1014E74087455
:103F0000CD740D624D62401CC0B28D622179814238
:103F1000F0D8002012E000BF00EB800104EBC101EB
:103F200081F8515181F8500181F85351C1F8605125
:103F3000C1F86451401CC0B2C1F868512179814276
:103F4000EAD894E8070003F0D6FC257384F8916260
:103F5000A07A012802D12046FFF79EFB002070BD09
:103F600008B500680E49884218D10E4850F8881FDD
:103F700021F0406140F83019016841F4000101600E
:103F80000068002200F40000009011461420FFF7A2
:103F900051FBBDE808401420FFF73EBB08BD000000
:103FA000005C00400010024070B5044640790125D5
:103FB000022801D0FFF784F92946D4F8D80203F08B
:103FC0000CF8D4F8D802BDE8704002F0BFBF000082
:103FD00010B50446407A30B10648016821F0060168
:103FE000016002F005F9D4F8D802BDE8104002F0F3
:103FF000DABF000010ED00E0D0F8D80202F0DDBF1B
:1040000010B5044690F8900201280AD0012084F8E7
:1040100090022173206803F0AEFE002084F8900225
:1040200010BD022010BDD0F8D82200F52671104630
:1040300002F0DFBF10B5044690F8900201280CD0C2
:10404000012084F89002206803F06FFE206803F0DE
:104050004BFC002084F8900210BD022010BD00002F
:1040600010B50446D0F8D80203F005F8607A0028AD
:1040700004D00348016841F00601016010BD000052
:1040800010ED00E00248816841F480418160704792
:104090000070004010B5401EB0F1807F01D30120B8
:1040A00010BD4FF0E02460610F21601703F01CFF8A
:1040B0000020A06107202061002010BD01A204495A
:1040C00000F066B85365744441435F41000000004E
:1040D000DC89002001A2044900F05AB853657444F9
:1040E00041435F4200000000E089002038B5040031
:1040F0000BD0694604F0A2F80098A04201D00078E5
:1041000040B10DA00EF0F6F838BD12A113A00EF0CC
:10411000F1F838BD02F038F9164880ED010A10EECA
:10412000100A25F085FC41EC100B13A053EC102B6A
:104130000EF0E0F838BD0000415F5365743A206925
:104140006E76616C696420706172616D6574657210
:1041500000000000415F53657400000025733A20A1
:104160006D697373696E6720706172616D657465E6
:1041700072000000D8890020415F5365742075707B
:10418000646174656420746F3A20252E36660000E1
:10419000F8B50D46164604000DD0694604F04EF8F9
:1041A0000098A04201D0007840B131460BA000BF7A
:1041B0000EF0A0F8F8BD11460EA0F9E785ED000A53
:1041C00010EE100A25F034FC41EC100B314653EC94
:1041D000102B0EA00EF08EF8F8BD000025733A20CB
:1041E000696E76616C696420706172616D65746579
:1041F0007200000025733A206D697373696E672041
:10420000706172616D6574657200000025732075C0
:1042100070646174656420746F3A20252E346600E2
:1042200010B504000ED00CA1FCF72EFC80B10DA13E
:104230002046FCF729FC00280CD10CA0BDE810405A
:104240000EF058B8BDE810400EA111A00EF052B803
:1042500015A0F3E710BD000053687574446F776EC6
:10426000000000004F70656E000000005365744749
:1042700061746865723A20446576696365204F70A1
:10428000656E0000536574476174686572000000D4
:1042900025733A206D697373696E6720706172616E
:1042A0006D657465720000005365744761746865DC
:1042B000723A2044657669636520536875742044BA
:1042C0006F776E0038B504000BD0694603F0B6FF77
:1042D0000098A04201D0007840B10DA00EF00AF87D
:1042E00038BD12A113A00EF005F838BD02F05AF83F
:1042F000164880ED020A10EE100A25F099FB41ECF9
:10430000100B13A053EC102B0DF0F4FF38BD000080
:10431000565F5365743A20696E76616C69642070EB
:104320006172616D6574657200000000565F5365CF
:104330007400000025733A206D697373696E6720FD
:10434000706172616D65746572000000D88900202B
:10435000565F536574207570646174656420746F72
:104360003A20252E36660000FEE700000B494CF689
:10437000CC420A6045F255520A6003224A60B0F509
:10438000805F01D340F6FF70C0F30B008860C868FF
:104390004007FCD14AF6AA20086070470030004070
:1043A000174900BF51E8000F40F0200041E800022B
:1043B000002AF7D113480068C0F30220C0F10701BA
:1043C000042900D90421021D072A01D2002000E09F
:1043D000C01E012202FA01F35B1E03F003018140BB
:1043E0008240521E02F0010001430801064981F893
:1043F0000004054980202339C1F8000170470000FE
:10440000004800400CED00E027E000E01D4800BF40
:1044100050E8001F41F0200140E80013002BF7D1C5
:1044200050E8001F41F0400140E80013002BF7D195
:1044300015490968C1F30221C1F10702042A00D914
:1044400004220B1D072B01D2002100E0C91E01230D
:1044500093405B1E03F002028A4011010B4A82F86E
:1044600000140A4A2021213AC2F8001110F1080074
:1044700050E8001F41F0010140E80012002AF7D186
:1044800070470000003801400CED00E025E000E03E
:1044900010B5FEF739FDFFF75DF800F06FF8FEF795
:1044A00043FC01F08DFCFEF75FFEBDE8104001A06B
:1044B0000DF020BF41707020496E69742053756300
:1044C000636573730000000010B5FFF75BF800F040
:1044D0003BFEFEF7CFFC02F059F801F073FF00F04D
:1044E00065FF01F0FFF801F0FBF900F0F3FE01F0C9
:1044F00007F801F07BF804A00DF0FCFEBDE81040C9
:104500000AA00DF0F7BE00000D0A5B7665727369B4
:104510006F6E5D485220434E4320504F5745522006
:10452000535550504C592056312E3000486172641A
:104530007761726520496E69742053756363657392
:1045400073000000F0B500230A24302537261F46EB
:1045500011E000BFB4EB107F02D905EB107C01E045
:1045600006EB107C01F813C001EB430C00015B1C4F
:104570008CF80170DBB29342ECD3F0BD70B5234DE3
:104580004FF40051284600F097FA214C4FF4804137
:104590002071284600F090FA60724FF400412846DE
:1045A00000F08AFAA0734FF090454021284600F0B1
:1045B00083FAE0744FF48071284600F07DFA20768B
:1045C0000221144800F078FA607700204FEA0002D8
:1045D00000EB80031919401C0D79E5540B794B70E1
:1045E0008A70CA700628F3DB002240210A2024F0DA
:1045F0008DF809490028086007D1502080F3118800
:10460000BFF34F8FBFF36F8FFEE770BD0008004808
:104610008884002000040048BC01002030B50D460D
:10462000174900EB80020C468B5C91B01444AB42FE
:104630001FD1E178491CC9B2E17003291CD321794B
:10464000A94219D025710121A1700E4951F82030DD
:104650006DB10DA240216846FBF7ACFF094800236D
:10466000001F1A466946006824F0D8F804E00AA240
:10467000F0E78D540020E070657011B030BD00008F
:1046800088840020C00100205B4B45595D202573C4
:1046900020CACDB7C50A00005B4B45595D20257384
:1046A00020B0B4CFC20A000010B51C4C4FF400512A
:1046B000204600F001FAC1B20020FFF7AFFF4FF42F
:1046C0008041204600F0F8F9C1B20120FFF7A6FFB3
:1046D0004FF40041204600F0EFF9C1B20220FFF78D
:1046E0009DFF4FF090444021204600F0E5F9C1B213
:1046F0000320FFF793FF4FF48071204600F0DCF9B0
:10470000C1B20420FFF78AFF0221054800F0D4F966
:10471000C1B2BDE810400520FFF780BF0008004887
:10472000000400481CB500210320CDE900010B4620
:104730004FF4807207A1084824F03EFB0749012886
:10474000086006D006A00DF0D5FDBDE81C40FEF7C0
:10475000B7BD1CBD4B65790039800208FC01002003
:104760004B6579207461736B206372656174652099
:104770004661696C65640000044908B58A6C0243AF
:104780008A64896C0140009108BD0000001002405D
:10479000044908B5CA6C0243CA64C96C014000915F
:1047A00008BD000000100240044908B5CA6C02436D
:1047B000CA64C96C0140009108BD000000100240AD
:1047C000044908B5CA6C0243CA64C96C014000912F
:1047D00008BD000000100240044908B5CA6C02433D
:1047E000CA64C96C0140009108BD0000001002407D
:1047F000044908B58A6D02438A65896D01400091BC
:1048000008BD000000100240034A515C425822F0EB
:104810000102425070470000A09C0208F0B54F4BC7
:104820004E4A077A20330026151F1C1F0168002FEF
:1048300074D099B1477A5FB3012F31D0022F32D0B3
:104840000126857A55B1454908310A1F012D32D01C
:10485000022D3AD0032D3CD046F0020641680029D3
:1048600079D0427A82B3012A44D0022A45D046F058
:104870000406837A002B6ED0384928310A1F012B99
:1048800043D0022B4BD0032B4DD046F0050662E0FF
:1048900017688F43176001682A680A432A60D0E7C7
:1048A0002F688F4301E02F680F432F600168156860
:1048B0000D431560C5E705680F68AF430F600168D9
:1048C00015680D431560C9E70CE005681768AF432C
:1048D00002E0056817682F43176002680D681543EA
:1048E0000D60BBE71A688A431A60416822680A4370
:1048F0002260BEE722688A4301E022680A43226000
:1049000041681A680A431A60B3E743680C689C431D
:104910000C6040681168014311601CE00CE04368C2
:1049200014689C4302E0436814681C4314604068A8
:104930000A6802430A600EE02F688F432F60016807
:1049400015688D431560416822688A43226040687B
:104950001968814319603046F0BD0000040401402D
:1049600003490968884301D000207047012070473F
:1049700014040140F0B50A680F2692FAA2F2B2FAC6
:1049800082F303248AE001259D402A407ED04D68B1
:10499000012D01D0022D20D18D68876892FAA2FCEA
:1049A000BCFA8CFC4FEA4C0E04FA0EFC27EA0C070A
:1049B00092FAA2FCBCFA8CFC4FEA4C0C05FA0CF5FE
:1049C0002F438760CF680D68D0F804C02CEA050C2F
:1049D0007D434CEA050CC0F804C00F69D0F80CC048
:1049E00092FAA2F5B5FA85F54FEA450E04FA0EF5EE
:1049F0002CEA050C92FAA2F5B5FA85F56D00AF40E8
:104A00004CEA070CC0F80CC04D68022D2FD1FF2ACC
:104A100015D8D1F814C0056A92FAA2F7B7FA87F749
:104A2000BF0006FA07F7BD4392FAA2F7B7FA87F775
:104A3000BF000CFA07FC45EA0C05056217E0D1F847
:104A400014E0476A150A95FAA5FCBCFA8CFC4FEAFB
:104A50008C0C06FA0CFC95FAA5F5B5FA85F5AD00B7
:104A600027EA0C070EFA05FE47EA0E0747624D6873
:104A7000076892FAA2FCBCFA8CFC4FEA4C0C04FAD0
:104A80000CFE27EA0E0792FAA2F200E005E0B2FA65
:104A900082F2520095402F4307605B1C0A6832FA8D
:104AA00003F57FF470AF0020F0BD0069814301D0B1
:104AB00000207047012070470069814301D0002029
:104AC00070470120704710B5026822F001020260B1
:104AD000D1E90232046843EA022224F4F854144370
:104AE00004604A680261026842F001020260826862
:104AF00022F4004282608B690A6984681A436FF36A
:104B00000A04144384600A691AB1826842F40042BC
:104B100082600A68036823F4401313430360496901
:104B2000426822F400420A434260002010BD0000A7
:104B300070B500241F49204D4FF40046C02803D013
:104B4000B0F5407F1CD019E0D1F8880000F0C0001B
:104B500040F440004038B0F5400027D0402804D051
:104B600080281CD106E0044608E000F083F828B154
:104B70002C4603E000F086F800B13446204670BDB4
:104B8000D1F888000D4900F4407040F040704018A2
:104B90000CD0B0F5807FE8D0B0F5007FEAD001F00E
:104BA000DFF801F0ADF801F0BBF8DCE701F0D8F870
:104BB000D9E70000001002400024F40000FFFFFCD1
:104BC00070B5002429492A4D4FF40046032804D02B
:104BD0000C281AD030282FD040E0D1F888006FF48C
:104BE000403100F0030040F4403040180AD0012862
:104BF00036D002282ED001F0B3F801F081F801F090
:104C00009FF817E001F0ACF814E0D1F8880000F04C
:104C10000C0040F44020001FB0F54020F2D00428E2
:104C20001ED0082816D000BF01F09AF801F068F8ED
:104C300001F076F8044611E0D1F8880000F0300069
:104C400040F440101038B0F54010DBD0102807D0E9
:104C50002028E9D100F016F800B13446204670BD96
:104C600000F008F80028F9D02C46F7E700100240C1
:104C70000024F40002480068C0F380207047000060
:104C8000001002400248D0F89000C0F34000704786
:104C90000010024003498A6822F0F00202438A6051
:104CA0007047000000100240044951F8882F22EAA2
:104CB000104280B202430A607047000000100240B8
:104CC00010B503680122C3F3801373BBD1E900233D
:104CD0001A43D1E9033423431A434B691A438B69BE
:104CE0001A43CB691A430B6A1A4303684FF6BF7421
:104CF000A3431A430260426840F604739A434B6927
:104D000042EA13428B681A4342608A68B2F5006F28
:104D100003D2426842F4805242600A6AB2F5005FF0
:104D200002D1898C89B201610022C16921F400613C
:104D3000C161104610BD00000149086070470000C5
:104D40000C00002010B5012925D0042925D01029F8
:104D500025D0402925D0B1F5807F24D0B1F5806FD2
:104D600023D0B1F5805F22D0B1F5804F21D0B1F5CD
:104D7000803F20D00921114B18305B5C1844036838
:104D80000E4C0A34615C03248C40120CA3438A400D
:104D90001343036010BD0021EDE70121EBE7022181
:104DA000E9E70321E7E70421E5E70521E3E7062139
:104DB000E1E70721DFE70821DDE70000389C020872
:104DC00010B5012925D0042925D0102925D0402946
:104DD00025D0B1F5807F24D0B1F5806F23D0B1F517
:104DE000805F22D0B1F5804F21D0B1F5803F20D037
:104DF0000921114B18305B5C184403680E4C0A34CF
:104E0000615CF0248C40120CA3438A40134303607E
:104E100010BD0021EDE70121EBE70221E9E70321C5
:104E2000E7E70421E5E70521E3E70621E1E70721BC
:104E3000DFE70821DDE70000389C020810B50129F2
:104E40001FD004291FD010291FD040291FD0B1F531
:104E5000807F1ED0B1F5806F1DD0B1F5805F1CD072
:104E6000B1F5804F1BD0B1F5803F1AD00921036AFC
:104E70000D4C615C0A248C40A3438A4013430362B7
:104E800010BD0021F3E70121F1E70221EFE7032143
:104E9000EDE70421EBE70521E9E70621E7E7072134
:104EA000E5E70821E3E700004C9C020810B5012962
:104EB00025D0042925D0102925D0402925D0B1F5A9
:104EC000807F24D0B1F5806F23D0B1F5805F22D0F0
:104ED000B1F5804F21D0B1F5803F20D00921114B91
:104EE00018305B5C184403680E4C0A34615C0C2477
:104EF0008C40120CA3438A401343036010BD002171
:104F0000EDE70121EBE70221E9E70321E7E70421CF
:104F1000E5E70521E3E70621E1E70721DFE70821CF
:104F2000DDE70000389C02082DE9F04F02682A4BAB
:104F30002A4E2B4FDFF8ACC02B4C2C4D4FF0804B42
:104F400098420BD0584509D0B04207D0B84205D09E
:104F5000604503D0A04201D0A84205D1D1F8048019
:104F600022F0700242EA0802DFF88480DFF88490C1
:104F7000DFF884A0984211D058450FD0B0420DD030
:104F8000B8420BD0604509D0A04207D0404505D0BB
:104F9000484503D0504501D0A84203D1CE6822F441
:104FA0004072324302608A68C2620A888262984212
:104FB00009D0A04207D0404505D0484503D0504510
:104FC00001D0A84201D109690163416941F00101A1
:104FD00041610020BDE8F08F002C0140000400403A
:104FE00000080040000C0040003401400050014027
:104FF0000040014000440140004801402DE9F041DB
:10500000044600680D46012610F0010F52D12969AF
:10501000A868EA69084369691143084321682E4A70
:10502000114008432060E868616821F44051014361
:105030006160A869A16821F440710143A16027481B
:10504000844201D1032008E02548844201D10C208C
:1050500003E02448844203D13020FFF7B1FD0BE088
:105060002148844201D1C02004E0204884421AD162
:105070004FF44070FFF75CFDA8B1696899B12A68E8
:105080000026EB690B2A0ED8194FD2B2B3F5004FA8
:1050900057F82220B0FBF2F00FD000EB5100B0FB2C
:1050A000F1F080B2E0602888E16A80B221F00F015F
:1050B0000143E1623046BDE8F081400000EB510061
:1050C000B0FBF1F081B24FF6F07201EA0200C1F3D9
:1050D00042010843E6E70000F369FFEF00380140B2
:1050E0000044004000480040004C00400050004098
:1050F000589C020810F1080050E8002F22F060626E
:1051000042EA416240E80023002BF5D170470000DD
:1051100010F1080050E8002F61F35F7240E80023AF
:10512000002BF7D17047B4EEE00AF1EE10FA02D28C
:10513000B0EE600A7047B4EEC10AF1EE10FAF9DD84
:10514000B0EE410A704700002DE9F04F87B01821FA
:105150006846FBF772FC0420FFF71AFB2020FFF7DC
:1051600017FB0120FFF714FB0220FFF711FB4FF0A4
:1051700090470420B8610820B861544E0420B06202
:105180008002B0624FF40059C6F828900820B06140
:105190001020B8610120B0610024CDE90094DFF84F
:1051A000308105460490694640460294FFF7E2FBD1
:1051B0004FF48040CDE900040495694640460294CE
:1051C000FFF7D8FB7001CDE900040495694640461D
:1051D0000294FFF7CFFB4FF0040A4FF00208CDE92D
:1051E0000284CDE900A5694638460494FFF7C2FB66
:1051F0000820CDE90005CDE90284694604943846CB
:10520000FFF7B8FB1020CDE90005CDE9028469461F
:1052100004943846FFF7AEFB4FF0400BCDE900B4E5
:105220000495694638460294FFF7A4FB0095CDE942
:1052300001540394694630460494FFF79BFBCDE983
:1052400000840495694630460294FFF793FBCDF83D
:1052500000A0CDE901540394694630460494FFF759
:1052600089FB4FF480500090CDE9015403946946C6
:1052700030460494FFF77EFBCDF80090CDE9015451
:105280000394694630460494FFF774FB4FF4807032
:10529000CDE900040495694638460294FFF76AFB9D
:1052A00008200090CDE901540394694630460494E7
:1052B000FFF760FBCDE900B40494694630460294E0
:1052C000FFF758FB07B0BDE8F08F0000000400486E
:1052D000000800482DE9F0418EB01C2106A8FBF71C
:1052E000ACFB18216846FBF7A8FB2C4801684FF07F
:1052F000030821F44051002401600120FFF754FA13
:105300000220FFF751FA4FF4004002260125CDE9B3
:1053100000060427CDE90285CDE9045769464FF020
:105320009040FFF727FB8020CDE90006CDE90285FC
:10533000CDE9045769461A48FFF71CFB174888381F
:10534000816D41F400118165806D099400F40010B5
:105350000D9014480894CDE906400A940B940C94DF
:10536000114C06A92046FFF7AEFB606840F00070C4
:105370006060E06840F2FE718843E060E06820F41D
:105380000040E060206820F400202060206820F4C5
:10539000003020600EB0BDE8F081000088100240AF
:1053A00000040048C285B240005400402DE9F0419D
:1053B00092B0282106A8FBF740FB18216846FBF7AE
:1053C0003CFB4B48016E41F480510166016E01F4D3
:1053D00080511091C16C41F00101C164C06C022583
:1053E00000F00100109020200024CDE900050326E4
:1053F0000527CDE90264CDE904474FF0904869469E
:105400004046FFF7B7FA8020CDE90005CDE90264F8
:10541000CDE9044769464046FFF7ACFA3549082212
:1054200008313448D1F8003823F0FF0343F00B0370
:10543000C1F8003830498B78C35844F21006B343A2
:105440008E7843F0100383518B78C3588E7823F401
:10545000405343F4805383518B78C3588E7823F0A4
:10546000200383518B78C3588E7823F040038351F7
:105470008B78C3588E7843F0800383518B78C35860
:105480008E7823F4407383518B78C358897823F442
:1054900040634350194E3068C0F3801018B1306833
:1054A00020F0400030604FF4404006904FF482708E
:1054B00007904FF4E060CDE9080501200A900BA9A0
:1054C000400281E8150007200F9006A93046FFF73B
:1054D000F7FB706820F010007060706820F0080022
:1054E0007060306840F04000306012B0BDE8F0817C
:1054F0000010024000000240309C020800300140D1
:10550000F0B58BB0142106A8FBF797FA182168466E
:10551000FBF793FA0120FFF76BF90120FFF750F931
:1055200001240226CDE9004600254FF09047029560
:105530000494694638460594FFF71CFA00960494D3
:105540000594CDE9016569463846FFF713FAADF8D1
:105550001840A01ECDE90750A40706A920460995CA
:10556000FFF7E2FC206820F080002060A0681D4961
:10557000084040F00300A060A5132A460121204600
:10558000FFF7E0FB4FF44026324601212046FFF7AB
:105590008DFCFF113A4601212046FFF711FC002245
:1055A00001212046FFF74AFC2A4610212046FFF73A
:1055B000C9FB324610212046FFF778FC3A461021FD
:1055C0002046FFF7FDFB022210212046FFF736FCA4
:1055D0006068054908406060A06820F08000A06015
:1055E0000BB0F0BDF8FFFEFF8FFFFFFDF0B58BB0F5
:1055F000142106A8FBF721FA18216846FBF71DFACB
:105600000220FFF7F5F80220FFF7DAF81020022455
:1056100000258DE8310001262E4FCDE9046469464E
:105620003846FFF7A7F920208DE83100CDE9046462
:1056300069463846FFF79EF9ADF818604FF6FF70DF
:10564000CDE90750244C06A920460995FFF76CFCCC
:10565000206820F080002060A0682049084040F0C9
:105660000300A060A5132A4601212046FFF76AFB2C
:105670004FF44026324601212046FFF717FC4FF435
:1056800010073A4601212046FFF79AFB002201212C
:105690002046FFF7D3FB2A4610212046FFF752FB96
:1056A000324610212046FFF701FC3A4610212046E1
:1056B000FFF786FB022210212046FFF7BFFB606840
:1056C000074908406060A06820F08000A0600BB02F
:1056D000F0BD00000004004800040040F8FFFEFF99
:1056E0008FFFFFFD2DE9F04190B0202106A8FBF7C8
:1056F000A4F918216846FBF7A0F94FF44030FFF7F2
:10570000D3FA3948016E41F480410166006E00F41D
:1057100080400E900120FFF75FF84FF400700226E2
:10572000CDE9000602AA032000240125072782E80C
:10573000B1004FF0904869464046FFF71BF9A802B8
:105740000090CDE9016403AA694682E8B0004046B2
:10575000FFF710F925480068C0F30220011D072952
:1057600001D2002000E0C01E04FA00F10801204927
:1057700081F800041E4920202139C1F800014FF4AE
:10578000E130CDE906400C20CDE90A4008940994A7
:105790000C940D94174C06A92046FFF72FFC00210E
:1057A0002046FFF7B5FC00212046FFF7A3FC206848
:1057B00020F000502060606820F490406060A06895
:1057C00020F02A00A060206840F001002060E0691D
:1057D000C0F340500028FAD0E069C0F380500028A0
:1057E000F5D010B0BDE8F081001002400CED00E0F3
:1057F00025E000E0003801402DE9F04190B0202183
:1058000006A8FBF71AF918216846FBF716F94FF4BA
:105810004010FFF749FA2F48816D41F480218165DE
:10582000806D00F480200E900220FEF7D5FF4FF42B
:10583000806002250024CDE9000503260727CDE975
:105840000264DFF89480CDE9044769464046FFF7DB
:1058500091F8A802CDE90005CDE90264CDE904473D
:1058600069464046FFF786F84FF4E130CDE906403F
:105870000C20CDE90A40089409940C940D94174C1F
:1058800006A92046FFF7BAFB00212046FFF740FC9F
:1058900000212046FFF72EFC206820F000502060F9
:1058A000606820F490406060A06820F02A00A0604A
:1058B000206840F001002060E069C0F340500028FB
:1058C000FAD0E069C0F380500028F5D010B0BDE8F0
:1058D000F081000000100240000400480048004031
:1058E00010B500220F49104801F022FA08B1FDF767
:1058F000E7FC0E490C4801F0E6FB08B1FDF7E0FCBF
:105900000B49094801F078F808B1FDF7D9FC0648C1
:1059100001F054FC002803D0BDE81040FDF7D0BCD6
:1059200010BD000010000020CC0600207C000020EC
:1059300068000020FEE77047FEE72DE9F84F0446B7
:1059400040F68F7A40F2064B48F60F784FF0000988
:105950008BE1B0F8441011F00F053AD030F8256013
:1059600031047DD530F8251001EA0A0141F08001AB
:1059700020F8251005EB850004EBC00797F85C01C3
:1059800007F5A87700286CD0F87802286AD0397813
:10599000226832F8210048F68F73184048F2C0039D
:1059A000184322F821003878D4F800C03CF82010C1
:1059B0004904BCF8501001EB0C027ED540F20241C4
:1059C00001EBC000105A8005800D009076D03A8916
:1059D000A7E0C9062AD4018801EA080141F4004180
:1059E0000180206804F11005B0F85010227C0144B9
:1059F00040F2024000EBC200085AC0F30900E06226
:105A0000616A0844606200212046FDF797FE207B12
:105A100000289DD0A86900289AD1207B40F0800101
:105A20002068A0F84C1084F80C901EE1018804F561
:105A3000A8750A051ED5B0F850100A1829780BEB86
:105A4000C100105A04F52671C0F30903EB61EA881E
:105A5000206802F07CF92168088800EA0A0002E068
:105A60007BE03FE04EE040F0800008802046FEF7FB
:105A7000DAFAFAE00904D8D5018801EA0A0141F00E
:105A8000800101802068B0F850102A7808440BEBA0
:105A9000C201405A83059B0DEB610DD0696959B174
:105AA000EA88206802F053F9E96968690844686186
:105AB00000212046FDF74BFE01E02AE028E02068A7
:105AC00001880A050DD4C1F30131032909D00188E9
:105AD0004BF68F72114081F4405148F2800211431D
:105AE0000180C2E02068B0F850103B780A180BEB38
:105AF000C301515A8905890D009117D0FA88796937
:105B0000009B11E0324639462046FDF77CFE0090AE
:105B10000CE00BEBC000105A8005800D009005D002
:105B20007A8903466046796902F011F9F9690098AB
:105B30000844F8617869009908447861B86918B137
:105B400039690098814204D939782046FDF7FFFD74
:105B500003E03946206801F031FF30062DD505EB12
:105B6000850004EBC001206830F8252002EA080215
:105B700042F4004220F82520C87C103101281DD0B5
:105B8000F0056ED42068B0F8502013180A7840F25F
:105B9000024000EBC200185A8A69C0F30900824231
:105BA00058D9121A8A6157D04A6902444A61CA69AF
:105BB0001044C861206801F001FF56E0C1F8189058
:105BC0000A7B48461AB3720622D54A7812B1012AD6
:105BD00014D041E02068B0F8502010440A7800EB5F
:105BE000C200B0F80224C2F30902A0F80224B0F8FF
:105BF000022442F40042A0F802242DE02268B2F808
:105C000050301A440B7802EBC302A2F8020423E0DE
:105C10004B78226813B1012B13D01DE0B2F850006D
:105C200010440A7800EBC200B0F80624C2F309025F
:105C3000A0F80624B0F8062442F40042A0F8062496
:105C40000AE0B2F850301A440B7802EBC302A2F813
:105C5000060401E0C1F8189009782046FDF76EFDB2
:105C600003E032462046FDF73CFE2068B0F84410C1
:105C700009043FF56EAE0020BDE8F88F2DE9F0472E
:105C800005002ED0287800282BD00024DFF858807B
:105C9000164E12E058F834703846FAF7C3FD8146C4
:105CA000024639462846FAF7DCFD20B915F8090006
:105CB0003A280CD058B1641CE4B230788442E9D35D
:105CC000716800290DD00AA0BDE8F04708472846B2
:105CD0003A21FAF779FD00B1401C08EBC40149688C
:105CE000F2E7BDE8F0870000308D0020F0010020D1
:105CF000556E6B6E6F776E20636F6D6D616E6400B5
:105D000005498968054A01F0F0010909515C01F073
:105D10001F01C8407047000000100240889C020824
:105D200005498968054A01F4E06102EB112109780F
:105D300001F01F01C840704700100240989C020803
:105D400005498968054A01F4605102EBD1210978BF
:105D500001F01F01C840704700100240989C0208E3
:105D60001549886800F00C031448042B0DD042102C
:105D7000082B09D00C2B08D1CB6803F00303022BAE
:105D800005D0032B03D101E0104670471046CA68C6
:105D9000C2F306224243C868C96800F0F00301203C
:105DA00000EB1313B2FBF3F201F0C06100EB5160A2
:105DB0004000B2FBF0F07047001002400024F400F5
:105DC00070B5074D002400BF05EBC400416855F8CD
:105DD000340000F007F8641C052CF5D370BD0000FA
:105DE000000200202DE9F041164C06460F462078AF
:105DF000102805D227B11EB10025DFF84C800DE038
:105E00006168002915D011A019E000BF58F83500CD
:105E10003146FAF739FE70B16D1CEDB2207885423B
:105E2000F4D3C0B208EBC00148F83060401C4F60AA
:105E30002070BDE8F08161680029FAD00AA0BDE8B1
:105E4000F0410847F0010020308D0020436F6D6D58
:105E5000616E6420726567697374726174696F6ED4
:105E6000206661696C656400436F6D6D616E6420CE
:105E7000616C726561647920657869737473000080
:105E800010B54FF0904488B00420A0610120FDF7C8
:105E900027F80420A0620A20FDF722F80420A06160
:105EA000C820FDF71DF81020A062112000F018F99D
:105EB000C820FDF715F8362000F012F9702000F028
:105EC00041F93A2000F00CF9552000F03BF90A2086
:105ED000FDF706F8B22000F003F90C2000F032F9CB
:105EE0000C2000F02FF9002000F02CF9332000F0F6
:105EF00029F9332000F026F9B72000F0F1F87520D9
:105F000000F020F9C22000F0EBF8012000F01AF9AF
:105F1000C32000F0E5F8162000F014F9C42000F0CA
:105F2000DFF8202000F00EF9C62000F0D9F80F208D
:105F300000F008F9D02000F0D3F8A42000F002F916
:105F4000A12000F0FFF8D62000F0CAF8A12000F050
:105F5000F9F8BB2000F0C4F83B2000F0F3F8E02093
:105F600000F0BEF816A10FC98DE80F000E2168469B
:105F700000F0C2F8E12000F0B3F815A30DF1100C09
:105F80000FCB8CE80F000E2104A800F0B5F8E42038
:105F900000F0A6F8272000F0D5F8002000F0D2F895
:105FA000002000F0CFF8292000F09AF82C2000F013
:105FB00097F80A20FCF794FF1020A06108B010BDEC
:105FC000F00B110E0D1936334B0714142C2E000054
:105FD000F00D120B09033244483916162D3000001B
:105FE00006498A68C2F34002002AFAD0087388681A
:105FF000C0F3C0100028FAD1704700000030014003
:106000007CB54FF090451024AC620824AC62334C50
:10601000A668C6F34006002EFAD02A262673A66884
:10602000C6F3C016002EFAD10826AE61060A8DF816
:1060300000608DF80100100A8DF802008DF8032031
:1060400000206E46A268C2F34002002AFAD0325CF9
:106050002273401C0428F5D3A068C0F3C0100028A8
:10606000FAD10820A862A068C0F340000028FAD046
:106070002B202073A068C0F3C0100028FAD108209C
:10608000A861080A8DF804008DF80510180A8DF82B
:1060900006008DF80730002001AAA168C1F3400175
:1060A0000029FAD0115C2173401C0428F5D3A068A4
:1060B000C0F3C0100028FAD10820A862A068C0F37D
:1060C00040000028FAD02C202073A068C0F3C01034
:1060D0000028FAD11020A8617CBD000000300140EA
:1060E00010B54FF090441021A1620821A162FFF782
:1060F00077FF1020A06110BD70B54FF090441022C2
:10610000A2620822A2610E4B9A68C2F34002002AE2
:10611000FAD000224D1E09E0865C1E73AA4204D20A
:106120009E68C6F34006002EFAD0521C8A42F3D372
:106130009868C0F3C0100028FAD11020A06170BD8B
:106140000030014010B54FF090441021A1620821A9
:10615000A161FFF745FF1020A06110BD01784078D4
:1061600041EA0020704700001CB500210220CDE963
:1061700000010B46020208A1094822F01DFE094950
:106180000128086006D008A00CF0B4F8BDE81C4057
:10619000FDF796B81CBD000053746F72616765000F
:1061A000FD810208FC01002053746F726167652055
:1061B0007461736B20637265617465204661696CFC
:1061C0006564000010B5502080F31188BFF34F8F35
:1061D000BFF36F8F22F01EFE18B104494FF08050BC
:1061E0000860002080F3118810BD000004ED00E07D
:1061F00038B53148016821F00F0141F00401016018
:10620000016801F00F010429FAD12C4850F8801FD1
:1062100021F4807101602A4C206840F480302060B5
:106220002068C0F340400028FAD0D4F8980040F02D
:106230000100C4F8980000BFD4F89800C0F34000F3
:106240000028F9D0E16845F213501E4A1140084376
:10625000E060E06840F08070E060206840F08070AE
:1062600020602068C0F340600028FAD0A06840F0A9
:106270000300A0608020FEF70DFDA06800F00C0078
:106280000C28FAD155200090401E0090FCD1FEF75A
:1062900001FDA06820F4E060A060A06820F46050D8
:1062A000A0600948FEF748FD0F20FDF77BF90028A4
:1062B00001D0FDF705F838BD002002400070004015
:1062C000001002400C80FFF980FE210A024801689C
:1062D00041F470010160704788ED00E01CB50021B9
:1062E0000120CDE900010B46C20208A1084822F0B6
:1062F00063FD08490128086006D007A00BF0FAFFEB
:10630000BDE81C40FCF7DCBF1CBD00005446540037
:1063100009820208FC010020544654207461736B0A
:1063200020637265617465204661696C6564000074
:106330001CB500210120CDE900010B46020208A195
:10634000094822F039FD09490128086006D008A053
:106350000BF0D0FFBDE81C40FCF7B2BF1CBD000035
:106360005072696E74000000D5810208FC010020A3
:1063700054657374207461736B2063726561746516
:10638000204661696C656400F0EE400A9FED031AD7
:106390009FED030A00EE810A704700009A99193DAB
:1063A0003333D33FDFED020A20EE200A70470000AE
:1063B000240C433D002804D00178002901D0FFF7C8
:1063C0005DBC704710B5FFF78DF9FEF71FF8BDE80B
:1063D000104001F0EBBC00002DE9F041264C0027F5
:1063E00004F20A38254D2CE021F052FEB4F80202E6
:1063F000265CB4F80202401CC0F30800A4F80202B4
:1064000021F066FE287820B1012808D0022818D192
:106410001FE0AA2E15D184F80A7501200EE094F829
:106420000A0512280CD200F8086094F80A05401CEE
:10643000C0B284F80A05122803D10220287000E0B7
:106440002F70B4F80002B4F802128842CCD1BDE833
:10645000F081552EF4D10A48122241460646FAF739
:106460004BFA21F015FE0648122231461330FAF796
:1064700043FA21F02DFEE3E7A8840020D801002094
:10648000B38900202DE9F047DFF8A8808A46174637
:106490000A21D8F8040022F0ABFB012804D0BDE8A3
:1064A000F04725A00BF026BF0A26284C4FF0000924
:1064B000274D02E0012021F0B9FE95F8040310B148
:1064C000761EF7D20AE04EB954E8000F20F04000E3
:1064D00044E80002002AF7D185F804934FF480764F
:1064E000B74200D83E46324651461A48FAF704FAF7
:1064F000A5F80693A5F80863012085F80403B5F80C
:1065000006032918401CA5F8060391F80402A062AE
:1065100054E8000F40F0400044E800010029F7D1A2
:10652000D8F80400BDE8F04700231A46194622F0C7
:1065300075B90000D80100204D7574657820676535
:1065400074206661696C65640000000000380140D9
:10655000A8840020AC8600201FB5002813D0AA21F3
:106560008DF800100168CDF801104168CDF80510D4
:106570008068CDF8090055208DF80D000E2269467F
:106580000148FFF77FFF1FBD0038014010B5FFF73E
:1065900033F9FDF705FF40F20A310C48FAF72BFA00
:1065A0000A490020A1F80002A1F80202012022F00D
:1065B0009BF807490028486007D1502080F31188D4
:1065C000BFF34F8FBFF36F8FFEE710BDE48900204C
:1065D000E80100202DE9F047DFF8C880DFF8C89017
:1065E000324C98F8000016468A46012801D03048FF
:1065F00012E00A21D9F8040022F0FAFA01284ED15B
:10660000642502E0012021F011FE94F8040340B15A
:106610006D1EF7D205E000BF94F8041309B1401EC7
:10662000F9D294F80403234D002748B155E8000F30
:1066300020F0400045E80002002AF7D184F80473F6
:106640004FF48070864200D90646324651461A48B9
:10665000FAF752F9A4F80673A4F80863012084F845
:106660000403B4F806032118401CA4F8060391F8AB
:106670000402A86255E8000F40F0400045E8000120
:106680000029F7D198F80000012808D1D9F80400B2
:10669000BDE8F04700231A46194622F0BFB8BDE80E
:1066A000F0870000F8010020E8010020E4890020C4
:1066B000A086010000480040E88B0020284910B562
:1066C000C869C0F3C00038B9C869C0F3400018B940
:1066D000C869C0F3800030B1082008620220086257
:1066E00004200862486AC869C0F340121D487AB1A4
:1066F0004A6AD3B2B0F80022B0F80242521CC2F388
:106700000802944204D0B0F800420355A0F80022D9
:10671000CA69C2F38012002A15D00A68C2F3801237
:10672000002A10D040220A62B0F80623B0F80833DD
:106730009A4209D2B0F806238318521CA0F8062307
:1067400093F80402886210BD51E8002F22F0400245
:1067500041E80023002BF7D1002180F8041310BD7D
:1067600000380140A88400201F4810B5C169C1F35A
:1067700040121E497AB1426AD3B2B1F80022B1F890
:106780000242521CC2F30802944204D0B1F8004203
:106790000B55A1F80022C269C2F38012002A15D05D
:1067A0000268C2F38012002A10D040220262B1F8BF
:1067B0000623B1F808339A4209D2B1F806238B18A0
:1067C000521CA1F8062393F80412816210BD50E810
:1067D000002F22F0400240E80023002BF7D10020D8
:1067E00081F8040310BD000000480040E489002047
:1067F00010B50A46024903A000F06AFA004810BD2D
:106800009C090020437573746F6D204849442043F0
:106810006F6E666967000000D0F8BC020021017548
:106820000846704710B5D0F8BC2242B1D0F8C0027B
:1068300051781278C36810469847002010BD032095
:1068400010BD70B50446812100F08EFA0025258721
:1068500065870121204600F087FAA4F87851A4F852
:106860007A51D4F8BC0248B1D4F8C00204F52F74B0
:1068700080688047206800F0F6FD2560002070BD2C
:1068800012200880004870473400002010B5D0F86E
:10689000BC421CB12169012902D00AE0032010BDCD
:1068A000D0F8C00223786178C2681846904700206B
:1068B0002061002010BD00000A21018000487047BF
:1068C000440100202921018000487047B4000020C5
:1068D0002921018000487047E00000202921018023
:1068E000004870470C0100202DE9F04104461820B3
:1068F00000F0BAFD05004FF0000623D00520C4F8D3
:10690000BC526087A4F87A01022303228121204629
:1069100000F007FB01272787022303223946204680
:1069200000F0FFFAA4F878712E75D4F8C002406820
:10693000804702232A460121204600F0FEFA00206B
:10694000BDE8F0810220C4F8BC62F9E710B50A4640
:10695000024903A000F0BCF9004810BD9C090020CA
:10696000437573746F6D2048494420496E74657295
:1069700066616365000000000420088000487047DD
:106980003000002010B50A46024903A000F0A0F92B
:10699000004810BD9C09002053544D6963726F6517
:1069A0006C656374726F6E696373000010B50A469C
:1069B000024903A000F08CF9004810BD9C0900209A
:1069C00053544D333220437573746F6D2048756D89
:1069D000616E20696E746572666163650000000017
:1069E00010B5D0F8BC222AB10223012100F0A5FA8B
:1069F000002010BD032010BD19B1C0F8C012002046
:106A0000704703207047000010B51A2008800A481C
:106A10000168001D0468001D0068081809D00822DC
:106A20000649FDF78FFD0549042210312046FDF788
:106A300089FD0248801E10BD9075FF1F4A0000208E
:106A4000F8B50022D0F8BC321546ADF80020144647
:106A500033B10E7816F0600624D0202E5CD101E010
:106A60000320F8BD4A78921E0A2A55D2DFE802F0C8
:106A70000F085454545454130B05887858604EE052
:106A80000122191D39E04888000A986047E0012278
:106A900003F1080131E001221A61CA88194600F0A9
:106AA00068F83CE04E78062E10D003DC3EB1012E93
:106AB00032D134E00A2E23D00B2E2DD128E090F8CD
:106AC0009C22032A28D10222694616E04B882226FE
:106AD000B6EB132F07D1CA88022A00D90222D0F8B8
:106AE000C0120D6808E02126B6EB132F04D1CA8826
:106AF0000D4D092A00D90922294600F054F80EE06C
:106B000090F89C22032A07D1012203F10C01F4E73B
:106B100090F89C22032A04D000F020F80324204699
:106B2000F8BD8878D860FAE73801002010B5D0F8B1
:106B3000B8220AB152689047002010BD134610B524
:106B40000A46002100F0F9F9002010BD134610B5E7
:106B50000A46002100F098FA002010BD10B5044646
:106B6000802100F076FA2046BDE81040002100F0B8
:106B700070BA10B50323C0F89432C0F858211346F8
:106B8000C0F85C210A46002100F0D7F9002010BDB2
:106B900010B50521C0F8941200231A46194600F0DA
:106BA000CCF9002010BD10B50223C0F894328261E8
:106BB0001346C2610A46002100F066FA002010BDAB
:106BC00010B50421C0F8941200231A46194600F0AB
:106BD0005BFA002010BDF8B504460020ADF80000B7
:106BE00048880D46010A062947D006DC01290FD046
:106BF000022912D0032962D11DE0072946D00F29AE
:106C00005DD1D4F8B402C26920E0694690473BE008
:106C1000D4F8B412207C0A68F7E7207C022600280A
:106C2000D4F8B80205D0C16A684688470146467064
:106C300036E0816AF8E7C0B2062840D2DFE800F00B
:106C400003090D111519D4F8B4024268B2B3207CBF
:106C5000DBE7D4F8B4028268F8E7D4F8B402C2687B
:106C6000F4E7D4F8B4020269F0E7D4F8B402426958
:106C7000ECE7D4F8B4028269E8E7207CF0B9D4F8F4
:106C8000B802416B68468847014609E0207CA8B9F4
:106C9000D4F8B802016B684688470146072048705F
:106CA000EA888AB1BDF8000040B1824200D90246AC
:106CB000ADF800202046FFF776FFF8BDFFE7294634
:106CC0002046FFF74BFFF8E72046FFF779FFF4E790
:106CD00070B5002300281ED00025044602E06D1C7C
:106CE000EDB2641C2678002EF9D1022404EB450491
:106CF00014801278CA545B1C0322CA5400245B1C03
:106D000006E0CA545B1CDAB28C54521CD3B2401C4D
:106D10000278002AF5D170BD01004FF0000004D0C8
:106D2000012901D0022901D00320704701207047BA
:106D300078B10023C0F8B832C0F8C032C0F8CC3205
:106D400009B1C0F8B412012180F89C12027000F061
:106D50009FB80320704710B5D0F8C402FCF726FD99
:106D6000BDE81040FFF7D8BF10B5D0F8C402FCF75B
:106D7000F8FCBDE81040FFF7CFBF70B516460446DB
:106D800021B194F89C02032841D048E0D4F8941231
:106D900004F114000025022932D1D0E902318B42DE
:106DA00006D95A1A826031462046FFF7CFFE0FE01F
:106DB000994214D14068884211D3D4F8981288427D
:106DC0000DD2002211462046FFF7C0FEC4F89852AB
:106DD00000231A461946204600F0AFF810E094F858
:106DE0009C02032805D1D4F8B802C16809B1204635
:106DF00088478021204600F02CF92046FFF7C8FE86
:106E000094F8A00201280AD184F8A05207E0D4F82F
:106E1000B80242691AB120469047002800D10020EC
:106E200070BD10B51346044621B194F89C020328A6
:106E300023D02AE0D4F8941204F5AA70032924D1AF
:106E4000D0E9021291420AD98A1A8260C06882424D
:106E500000D3024619462046FFF770FE15E094F86D
:106E60009C02032805D1D4F8B802016909B1204673
:106E700088472046FFF7A4FE07E0D4F8B8028269ED
:106E80001AB120469047002800D1002010BD000014
:106E900010B51A490446C1F8D802C0F8C4121848FF
:106EA00008600820087102204871C871002008722B
:106EB00048728872C8720846FDF704F808B1FCF7FA
:106EC000FFF90022D4F8C4021823114604F53174E6
:106ED000FCF716FC5823002280212068FCF710FCE8
:106EE0009823002281212068FCF70AFCD823002285
:106EF00001212068FCF704FC002010BDF0030020F5
:106F0000005C00400A0601F07F01D0F8C40201EBEA
:106F1000810100EBC10001D5807C704790F85201DF
:106F2000704710B51C461346D0F8C4022246FCF741
:106F300098FEBDE81040FFF7EFBE10B5D0F8C402D0
:106F4000FCF7BDFEBDE81040FFF7E6BE70B50125B9
:106F5000044680F89C520020C4F894026060C4F893
:106F6000A402D4F8B802E0B1D4F8BC1221B142684E
:106F700012B10021204690470022402311462046AE
:106F8000FFF7CFFF4026A4F864513346002280214A
:106F90002046C4F86061FFF7C4FFA5840020266284
:106FA00070BD032070BD90F89C12042903D190F8A5
:106FB0009D1280F89C120020704710B5D0F8B812CE
:106FC00021B190F89C22032A02D004E0032010BDD6
:106FD000C96901B18847002010BD017400207047C5
:106FE00010B5D0F8C402FDF70BF8BDE81040FFF76C
:106FF00093BE70B5044600F2AA20054600F04DF895
:107000000120C4F89402B4F8B002C4F8980294F8CD
:10701000AA0210F01F010AD001290ED0022912D0B5
:1070200000F080012046BDE8704000F012B829460B
:107030002046BDE8704000F0C3B829462046BDE8B0
:10704000704000F0E7B929462046BDE8704000F0E6
:1070500041B910B5D0F8C402FCF748FEBDE81040B5
:10706000FFF75ABE10B5D0F8C402FCF7E3FFBDE845
:107070001040FFF751BE90F89C1280F89D12042139
:1070800080F89C120020704710B5D0F8C402FCF7BD
:107090005CFEBDE81040FFF73FBE70B5054611F835
:1070A000010B2870087868704C1C2046FFF756F8D2
:1070B0006880A41C2046FFF751F8A880A01CFFF7A9
:1070C0004DF8E88070BD38B504460020ADF80000EA
:1070D00049B1C4F8B812C96A19B168468847C4F8FA
:1070E000CC02002038BD032038BD02460320D2F870
:1070F000B832002B02D01B681046184770470000BA
:107100002DE9F0410F462C4E897800250446317058
:10711000012906D939462046FFF720FD0320BDE8A6
:10712000F08194F89C0202280CD003281DD0394627
:107130002046FFF713FD31782046FFF7F7FC0325C3
:107140002846ECE799B320466160FFF7CEFF0500C3
:1071500004D039462046FFF701FDF1E72046FFF74E
:107160002FFD032084F89C02EAE74FF00208C1B12A
:10717000606888421BD0C1B22046FFF7D7FC317847
:1071800020466160FFF7B1FF050010D03946204668
:10719000FFF7E4FC21792046FFF7C8FC84F89C82C5
:1071A000CEE784F89C8220466160FFF7BFFC204652
:1071B000FFF706FDC4E7000078000020FFF752BF8C
:1071C0002DE9F0410A78002512F0600208D0202A4B
:1071D00001D0402A71D1D0F8B8229268904731E0AE
:1071E0004B78002201260A2B67D2DFE803F0415ECC
:1071F0006658660805662D29FFF7EDFC5FE004463A
:107200008888D8B9C888C8B94888802816D200F0BC
:107210007F0794F89C02032810D084F89E723946A8
:107220002046FFF7DDFE2046FFF7CAFC1FB1022013
:1072300084F89C0243E084F89C6240E020463CE0F5
:10724000FFF75EFF05463AE0CB88012B35D190F879
:107250009C32012B04D0022B02D0032B2DD104E051
:107260008260012200F1080116E00122011D13E0F5
:1072700090F89C22012A03D0022A01D0032A1CD1B3
:10728000CA88022A19D1C660D0F8A41209B1032114
:10729000C160022200F10C01FFF785FC0FE0498874
:1072A00001290CD1C0F8A46211E090F89C32012BA6
:1072B00008D0022B06D0032B04D0FFF74FFC284642
:1072C000BDE8F08149880129F9D1C0F8A422FFF76F
:1072D00077FCF4E72DE9F0410D46044628780026B6
:1072E000097910F060000BD0202801D040286DD122
:1072F000D4F8B8022946826820469047064686E0C0
:107300006878A8B3012822D003287CD194F89C0285
:10731000022802D0032876D10BE0002973D08029FF
:1073200071D02046FFF795FE80212046FFF791FEA1
:107330006DE0688838B931B1802904D0E88810B987
:107340002046FFF786FE2046FFF73AFC5FE094F800
:107350009C020228E1D0032855D16888A8BB4806C2
:1073600002D02046FFF7F7FC2046FFF729FCBFE7D5
:10737000FFE794F89C020027022802D0032842D19C
:1073800011E009B180293ED1080601F07F0000EB31
:10739000800004EB800101D5143101E001F5AA71F0
:1073A00002220F602BE0080601F00F0000EB8000C6
:1073B00004EB80000BD5808C40B101F07F0000EB26
:1073C000800004EB800514350CE020E01BE0B0F8F1
:1073D0006401C0B101F07F0000EB800004EB800588
:1073E00005F5AA7541B1802906D02046FFF78AFD30
:1073F00010B10120286000E02F60022229462046BB
:10740000FFF7D1FB03E029462046FFF7A7FB3046F4
:10741000BDE8F08170B50646087800240D4610F0EE
:10742000600003D0202801D0402817D196F89C0294
:10743000012803D0022801D003280FD12879012880
:107440000CD8D6F8B8028268304690470446E888DF
:10745000204306D13046FFF7B3FB02E03046FFF78A
:107460007DFB204670BD704700487047D403002064
:107470002DE9F04F0C78002530F8243048F68F12B3
:107480001340CA78002A7DD0012A7CD0022A02D07B
:10749000032A79D0012548F28002134320F82430D2
:1074A0000E7830F8263048F68F7423403343134368
:1074B00020F826300B7B48F2C00A48F6BF774CF222
:1074C00080094BF68F764FF6FF7B4FF4004EE3B307
:1074D000CB7891F800C0022B30F82C307ED048F6E3
:1074E0008F6803EA0803134320F82C30B0F85030BB
:1074F00091F800C0034403EBCC03B1F808C02CF0B2
:10750000010CA3F800C4B0F8503091F800C0034457
:1075100003EBCC03B1F80AC02CF0010CA3F804C4AF
:107520004B7891F800C0002B30F82C304FEA4343E1
:107530007ED0002B06DA30F82C30234043EA0903D2
:1075400020F82C3091F800C000E02EE030F82C300C
:107550005B0606D530F82C30234043EA0A0320F8B6
:107560002C30CB780C78012B30F8243003EA070359
:1075700001D083F02003134320F824300B7830F837
:10758000231002E008E00DE009E03140114320F84B
:1075900023102846BDE8F08F43F400737BE743F4E3
:1075A000C06378E743F4806375E74B78002BB0F84D
:1075B0005030034424D00E7803EBC603CE8826F067
:1075C0000106A3F800640B7830F82360760608D52E
:1075D00030F82360264046EA0A0600E061E020F821
:1075E0002360CB78012B06D00B7830F8231039407C
:1075F00081F02001CAE70B7830F823103940C5E745
:107600000F7803EBC703CF8827F00107A3F80474B2
:10761000B0F850300F78034403EBC703B3F8067497
:10762000C7F30907A3F8067403F206430F6900E0E5
:107630003DE05FB13E2F0DD84FEA570CFF0701D058
:107640000CF1010C1F880BEA8C2C0CE01F8847F40E
:1076500000470AE04FEA571CFF0601D1ACF1010CCC
:107660001F884EEA8C2C47EA0C071F800F7830F8F1
:1076700027305B0406D530F82730234043EA09035E
:1076800020F827300B782BB130F82310314081F4EB
:1076900000517BE70188314081F440511143018062
:1076A00077E7234048F2801843EA08031CE7002BE1
:1076B00006DA30F82C30234043EA090320F82C3056
:1076C00091F800C030F82C305B0606D530F82C302D
:1076D000234043EA0A0320F82C304B7813B1012BE6
:1076E0002DD035E0B0F850300C78034403EBC403E0
:1076F000B3F80244C4F30904A3F802440C6903F28A
:1077000002435CB13E2C0ED84FEA540CE40701D082
:107710000CF1010C1C880BEA8C2C0DE01C8844F445
:1077200000441C8014E04FEA541CE40601D1ACF183
:10773000010C1C884EEA8C2C44EA0C04F1E7B0F8EA
:1077400050300C78034403EBC4030C8AA3F80244C2
:107750004B7813B1012B2DD035E0B0F850300C78B8
:10776000034403EBC403B3F80644C4F30904A3F8C9
:1077700006440C6903F206435CB13E2C0ED84FEA76
:10778000540CE40701D00CF1010C1C880BEA8C2C82
:107790000DE01C8844F400441C8014E04FEA541CA3
:1077A000E40601D1ACF1010C1C884EEA8C2C44EAB1
:1077B0000C04F1E7B0F8504023180C7803EBC40335
:1077C0000C8AA3F806440C7830F82430334083F454
:1077D0004053134320F824300DE72DE9F04391F88E
:1077E0000C804F780A7848F6BF7C4BF68F7948F2C8
:1077F000800348F2C0054CF2800648F68F74B8F159
:10780000000F28D0002F30F822704FEA474748D0A9
:10781000002F05DA30F822702740374320F8227015
:107820000A7830F822707F0605D530F8227027409C
:107830002F4320F822700D7830F825202240324363
:1078400020F825200C7830F8242002EA0C021A4394
:1078500020F824201AE07FB130F82260760605D5A2
:1078600030F8226026402E4320F822600A7830F853
:10787000221001EA0C010EE030F822506D0405D50B
:1078800030F822502540354320F822500A7830F84D
:10789000221001EA0901194320F822100020BDE856
:1078A000F083002F05DA30F822702740374320F8A4
:1078B00022700A7830F82260760605D530F822600A
:1078C00026402E4320F822600E7830F826202240F1
:1078D0002A4320F826200C7830F8242002EA0902F6
:1078E0001A4320F82420C1E730F8581F41F4004122
:1078F000018000207047012120F8401F00210180F5
:10790000818001820846704730F8401F4BF6807234
:10791000914301800020704730B54B780A78002BE6
:1079200048F68F7530F8223048F2800415D05B0697
:1079300007D530F822302B4048F2C0052B4320F801
:107940002230CA78012A1DD00A7830F8221048F671
:10795000BF73194081F0200111E05B0407D530F8B6
:1079600022302B404CF280052B4320F822300A783D
:1079700030F822104BF68F73194081F440512143A7
:1079800020F82210002030BD10B54A780978002A6E
:1079900048F2800330F8212005D048F6BF74224019
:1079A00082F0100204E04BF68F74224082F4805281
:1079B0001A4320F82120002010BD00002DE9F047D7
:1079C00006460C464878097B4FF0000848F68F724F
:1079D00048F2801748F68F6348F2800A012809D0E0
:1079E000002971D0E07802286FD001286ED00120E4
:1079F000BDE8F087A5692069854200D9054691B1A7
:107A0000E17802291ED0206A401B2062207836F8D7
:107A100020104906B6F85010314401EBC00075D56E
:107A2000A0F8065418E1ABB2E2883046616900F074
:107A3000A9F9B6F850002178304400EBC100A0F855
:107A400002540FE1216A81427AD9217836F8210067
:107A50001040384326F82100206A401B206220781D
:107A600036F820104FF6FF77490661784FF4004949
:107A700067D511B101292AD030E0B6F85010314451
:107A800001EBC000B0F80614C1F30901A0F8061418
:107A900000F206404DB13E2D0CD86908EA0700D02F
:107AA000491C028807EA81210BE0018841F400416A
:107AB000018013E06909EA0600D1491E028849EAFB
:107AC00081210A43028009E0EFE008E11DE1B6F8F8
:107AD0005020911901EBC000A0F806546289ABB2A6
:107AE0003046616900F04EF960692844606121699F
:107AF000206A884202D9401B206202E00546C4F891
:107B00002080607818B101282BD032E02FE0B6F841
:107B100050002178304400EBC100B0F80214C1F3EA
:107B20000901A0F8021400F202405DB13E2D0ED80A
:107B30006908EA0700D0491C028807EA81210DE0A4
:107B4000A0E018E0018841F40041018011E06909DA
:107B5000EA0600D1491E028849EA81210A430280CF
:107B600007E0B6F850002178304400EBC100A0F8DF
:107B70000254228971E011B1012927D02DE0B6F815
:107B80005010314401EBC000B0F80214C1F30901F8
:107B9000A0F8021400F202404DB13E2D0CD8690845
:107BA000EA0700D0491C028807EA81210BE001881E
:107BB00041F40041018010E06909EA0600D1491E44
:107BC000028849EA81210A43028006E0B6F8501093
:107BD000314401EBC000A0F802542289ABB2304618
:107BE000616900F0CFF86069284460612169206A0A
:107BF000884202D9401B206202E00546C4F820807A
:107C0000607810B1012836D026E0B6F8500021780F
:107C1000304400EBC100B0F80614C1F30901A0F82C
:107C2000061400F206404DB13E2D0CD86908EA0753
:107C300000D0491C028807EA81210BE0018841F449
:107C40000041018008E06909EA0600D1491E028866
:107C500049EA81210A4302806289ABB230466169F8
:107C600000F090F8217836F8210048F6BF721040F5
:107C700080F0300053E0B6F850108819217800EBFE
:107C8000C100CDE6227836F82200184040EA0A000A
:107C900026F82200B6F850002278304400EBC200EB
:107CA0008BB2A0F802342289D8E7A06908B9E0783D
:107CB00078B1217836F82100184040EA0A0000BF68
:107CC00026F82100A169206981421ED9081AA06105
:107CD0001DE0217836F8210010403843F0E7E069D4
:107CE000A8B1217836F82100430401D5430603D416
:107CF00044F2400318420AD136F82100104048F2FD
:107D0000C002104326F8210001E0C4F81880217851
:107D100036F821004BF68F72104080F4405040EA54
:107D20000A0026F82100002062E60021A0F8441095
:107D30004BF68071A0F84010002070470148FCF716
:107D40001BB80000F0030020B0F84400704710B5E5
:107D500010445C0800F5806008D030F8022B01F870
:107D6000012B120A01F8012B641EF6D1DA0701D0AB
:107D70000088087010BD11B98021A0F84C100020B7
:107D80007047000010B55B1C10445B0800F5806074
:107D90000AD000BF11F8012B11F8014B42EA04226E
:107DA00020F8022B5B1EF5D110BD000010B540F28B
:107DB0001E511048F8F71FFE012020F095FC0E4CD4
:107DC000606010B90DA00AF095FA012020F08CFC3B
:107DD000A06010B90EA00AF08DFA012020F084FCFA
:107DE000E060002804D1BDE8104010A00AF082BA7B
:107DF00010BD0000A8840020D80100204D757465D6
:107E00007820637265617465206661696C656400E1
:107E100044617461206D7574657820637265617466
:107E200065206661696C65640000000053656E64DE
:107E30002064617461206D7574657820637265617A
:107E40007465206661696C6564000000FEE70000EF
:107E50001CB540F6B830FCF789FA00210420CDE9C2
:107E600000010B46402208A10A4820F0A5FF0A495C
:107E70000128086006D009A00AF03CFABDE81C40C1
:107E8000FBF71EBA1CBD00005761746368646F671E
:107E90000000000019850208FC010020576174638E
:107EA00068646F67207461736B20637265617465C9
:107EB000204661696C65640003B401984100009834
:107EC00050EAC12018BF04204A0D18BF40F001003D
:107ED00040F2FF72B2EB515F08BF40F00200012890
:107EE00008BF052002B070470907090E002804DB0F
:107EF00000F1E02080F80014704700F00F0000F15E
:107F0000E02080F8141D704730B52DED048B81B052
:107F1000B0EE408AF0EE608A6A4651EC180B0AF027
:107F20000FFA00989FED329B7E300090002821DCF4
:107F300053EC192B51EC180B21F0E4FA1AD0002164
:107F400040F608004FF00000044651EC180B21F0F9
:107F5000EBF908EE100A40F6080004EA00014FF0C1
:107F60000000B5EEC08AF1EE10FA04BF0220F8F767
:107F7000D3FD2DE00098FF2830DB002108464FF0AC
:107F8000000000F4400553EC192B51EC180B21F0C4
:107F90002FFC8CBF002401240220F8F7BDFD9FEDCB
:107FA000168A4DB1002C0CBF4FF400004FF4800036
:107FB000A84218BF9FED118A042108464FF0000027
:107FC000002C01BFB1EE480A01B0BDEC048B30BDFE
:107FD000B0EE480A01B0BDEC048B30BD51EC180B7B
:107FE00021F0A2F901B000EE100ABDEC048B30BD07
:107FF00000000000000000000000807FFFFF7F7F86
:1080000030B540F2FF742DED048BF0EE608A18EE6F
:10801000901A85B0B0EE408A9FED2B9B05468DED02
:10802000008B34EA115147D053EC192B51EC180B4B
:1080300021F068FA40D02A4651EC180B21F0ACFD33
:1080400041EC180B18EE900A8DED008B34EA1050BD
:108050001CD053EC192B51EC180B21F053FA2BD1F7
:108060000220F8F759FD00F00BF910EE901A18EE07
:10807000900A8DED020B8DED008B61F31E000390D5
:108080009DED020B05B0BDEC048B30BD0220F8F76E
:1080900043FD00F0E5F810EE901A18EE900A8DED11
:1080A000020B8DED008B61F31E0003909DED020B22
:1080B00005B0BDEC048B30BD05B0B0EE480AF0EE63
:1080C000680ABDEC048B30BD000000000000000019
:1080D00010EE100A10B50023A0F50001B1F1FE4F1B
:1080E00067D200BF00F500216FF07E0202EBE15C79
:1080F000C1F302524FF07E5101EB025100EE901A93
:10810000A0EBCC5003EB0C0100EE100A51EA020088
:1081100036D030EE601A70EE200A9FED3D2A3E48C0
:1081200081EE200A9FED3B1A60EE000A00EE821AF3
:1081300060EE201A61EE810A784401EE101A00EB1D
:1081400082009FED362AB8EEC11AD0ED001A3448ED
:1081500041EE021A784401EE101A00EB8200B8EEEC
:10816000C11A90ED002ADFED2F2A01EE222AB0EE8F
:10817000001A72EE200A40EE010A31EEA00A10BD8C
:10818000F7EE000A9FED291A30EE600ADFED260AAD
:1081900000EE201ADFED260A60EE001A40EE010A1A
:1081A0009FED241A00EE201A61EE810A30EE200ABB
:1081B00010BD4FF07F41B1EB400F03D2BDE810403E
:1081C00000F078B8B0F1FF4F08BF10BDB5EEC00A9F
:1081D000F1EE10FA06D20120F8F79EFCBDE810403F
:1081E00000F06CB8B5EEC00AF1EE10FA07D102202B
:1081F000F8F792FC00F054F8B1EE400A10BDDFED44
:108200000E0A6FF0160320EE200A10EE100A69E73E
:1082100066F1CC3EAAAA2A3FDCDF03000070313FA2
:10822000E0DF0300F4FD053821ED423E0A1180BE77
:10823000C1ABAA3EFFFFFFBE0000004B08B59FED9B
:10824000060A0A4601468DED000A6846F9F75EF80F
:108250009DED000A08BD00000000000000000000C5
:108260009FED050B10B553EC102B51EC100B21F0CA
:10827000C1F941EC100B10BD0000000000000070BF
:108280009FED050B10B553EC102B51EC100B21F0AA
:10829000B1F941EC100B10BD00000000000000100F
:1082A000DFED030AB7EE001A81EE200A70470000E6
:1082B0000000000030EE000A70470000DFED020A07
:1082C00080EEA00A704700000000000010B50446D0
:1082D00091ED000BFFF718FE84ED000A10BD10B5FC
:1082E000044690ED000B0846FFF78AFE84ED000B74
:1082F00010BD70B5044600256FF02F0608E0206819
:10830000411C2160007805EB850106EB4101451811
:108310002068007800F004F80028F0D1284670BDED
:108320003038092801D801207047002070473038C4
:108330000A2801D2012070470020704710B544215F
:10834000074800F037FD00221E21064819F0A2FD63
:10835000054CA06001F06AFD0020207010BD0000F7
:108360002CF30020E19E0008280300202DE9F047AF
:108370000E46814617461146304600F01CF94FF074
:10838000FF3A00287DD000223946304600F0BFF881
:1083900000284FF0000075D1B6F90480B6F900301E
:1083A0005246A8EB0301491C0AFA81F10FFA81FA3F
:1083B000B6F906C0B6F90210ACEB010C0CF1010CD9
:1083C00002FA8CF2B7F802C012B2ACEB010C0FFA51
:1083D0008CFCBCF1000F0EDD63F30F0468F30F0596
:1083E00001EB0C0061F31F4460F31F45C9F8004026
:1083F0000120C9F80450B7F906107388CB1AD21AB5
:1084000012B2002A13DDB6F9063099420FDA33882A
:1084100063F30F04B38861F31F4463F30F05114442
:1084200061F31F4509EBC001401C0C604D60B7F9BA
:108430000220B6F902108A4200DD1146B7F9063073
:10844000B6F90620934200DA1A463B88B6F900C016
:10845000521AA3EB0C031BB212B2002B10DD002A40
:108460000EDD634463F30F058B1863F31F456CF354
:108470000F0409EBC00361F31F441C605D60401CE6
:1084800001E01AE017E0B7F9043036889F1BAAEB29
:10849000070636B2002E0EDD63F30F0461F31F44AE
:1084A000334463F30F05114461F31F4509EBC00129
:1084B000401C0C604D60BDE8F0875046FBE770B58E
:1084C000B1F90030B2F90040A34200DC234603803A
:1084D000B1F90250B2F90240A54200DD2C464480B9
:1084E000B1F90460B2F90450AE4200DA3546858035
:1084F000B1F90610B2F90620914200DB1146C180A5
:108500000120AB4201DC8C4200DD002070BDF8B5DB
:108510000D460446B0F90000B1F900101646884235
:1085200047DBB4F90210B5F90220914241DBB4F9FE
:108530000410B5F9042091423BDCB4F90610B5F9FA
:108540000620914235DC96B3ADF800006088ADF8A6
:10855000020032466946284600F099F8002827D0E4
:10856000A088ADF800006088ADF802003246694688
:10857000284600F08CF800281AD02088ADF80000BA
:10858000E088ADF8020032466946284600F07FF8E0
:1085900000280DD0A088ADF80000E088ADF80200FA
:1085A00032466946284600F072F8002800D00120C3
:1085B000F8BD0020F8BDB0F90020B1F904309A42AE
:1085C00013DCB0F90420B1F900309A420DDBB0F9A8
:1085D0000220B1F906309A4207DCB0F90600B1F981
:1085E0000210884201DB0120704700207047F8B577
:1085F0000D460446B0F90400B1F900101646884251
:1086000043DBB4F90600B5F9021088423DDBB4F94A
:108610000000B5F90410884237DCB4F90210B5F94E
:108620000620914231DC76B3ADF800006088ADF8E9
:10863000020032466946284600F029F818BBA08897
:10864000ADF800006088ADF8020032466946284661
:1086500000F01DF8B8B92088ADF80000E088ADF84A
:10866000020032466946284600F011F858B9A08841
:10867000ADF80000E088ADF80200324669462846B1
:1086800000F005F808B10020F8BD0120F8BD2DE983
:10869000FC4114460E46B1F90020B0F90010054621
:1086A0008A423ADBB5F90400824236DCB6F9027040
:1086B000B5F90220974230DBB5F906309F422CDC39
:1086C000002C75DD401A9A1A401C521C00B212B2DE
:1086D00000EBD07002EBD27240105210904200DBDF
:1086E0001046844200DD0446ADF8001028880022C0
:1086F0002044ADF804006888ADF80200688831466F
:108700002044ADF806006846FFF7C1FF40B1BDF850
:1087100004002044ADF804003FE00020BDE8FC81E7
:10872000E8880022001BADF80200E888ADF80600DA
:1087300031466846FFF7ABFF28B1BDF8040020447E
:10874000ADF8040011E0A8880022001BADF800007D
:10875000A888ADF8040031466846FFF798FF50B18D
:10876000BDF80000001BADF80000BDF80200001BC2
:10877000ADF8020016E06888ADF8020068880022B3
:108780002044ADF8060031466846FFF780FF70B11F
:10879000BDF80000001BADF80000BDF80600204445
:1087A000ADF806003146684617F096FBB6E7FFE7DE
:1087B0000120B3E710B5B1F90040B2F900309C4296
:1087C00000DA23460380B1F90240B2F902309C423C
:1087D00000DA23464380B1F90440B2F904309C42E8
:1087E00000DD23468380B1F90610B2F906209142DC
:1087F00000DC1146C18010BD2DE9FC41054619F091
:1088000035FB00267D4C074600960DB1E86801E077
:108810000DF050FE6060006917F05AFA6068406918
:1088200008B117F055FA6068C06917F051FA60682E
:10883000006A17F04DFA6068016991B117F0CAFB40
:108840001BF016FC1BF082F96068B0F85011E1B320
:108850000068017CC9071ED0C0684068D8B10025F7
:1088600014E0A0F85061BDE8FC81411991F8301185
:1088700051B900F5AC7000F0F4FA616801EBC50184
:108880000A6B0260496B41606D1CADB26068B0F864
:108890005011A942E9D860684FF48071303013F06C
:1088A0005DFA6068202100F5987013F057FA60684F
:1088B000A0F85061384619F0D2FA0090606800685C
:1088C000436A13B122680099984713F0C5F800F085
:1088D000CFF800F0A1F84A4D6F69EFBB0DF0EAFD4B
:1088E0000DF016FE12F07EF8074600227F2117F0E9
:1088F000ABF80022114610460DF03AFB0190BDF88E
:1089000004100022384617F084F8FF221146104662
:108910000DF02EFB0190BDF804100022384617F030
:1089200032F900220321384617F0F9F8002203211A
:10893000384617F0E5F800220321384617F0E5F82D
:1089400000220321384617F0E5F8002203213846BB
:1089500017F014F92BA100E009E0384612F0C8FE28
:1089600000231A460621384613F042FB6F6128683F
:1089700019F075FAB0F5967F0DD2206841F2883172
:1089800088427FF670AF6868009908446860A868FC
:10899000401CA86067E719F069FA286060684068C1
:1089A00028B100684FF47A71B1FBF0F000E02120AB
:1089B000696809B901216960A968E1B14FF47A7267
:1089C00051436A68B1FBF2F46E60AE60844200D934
:1089D0000446286920442861E868401CE86019F0D2
:1089E0008DFAC0F1640302B022463846BDE8F0417A
:1089F00005A112F0B6BE0446E6E700009C02002086
:108A000098F200203F0000002575204650530A25AB
:108A1000752525204350550070B50A4D002400BF30
:108A2000C4EBC40655F8260008B113F089F805EB2D
:108A300086001C2113F092F9641CE4B2022CEFD3DF
:108A400070BD0000C8F30020084949680AE04A6880
:108A5000824202D00A68824203D10A7E42F00102B9
:108A60000A7649690029F2D170470000700200209F
:108A7000704700000421014800F09CB920F3002059
:108A80002021014800F096B938F300202DE9FF417C
:108A90000446DDE90A671D004FF0000002D1B6F57B
:108AA000807F2BD0039001900290ADF80C100090C5
:108AB000ADF80410ADF80A20ADF80E203B46324662
:108AC0002946684617F068F93B463246294601A810
:108AD00017F062F93B463246294602A817F05CF9C6
:108AE0003B463246294603A817F056F9BDF9000067
:108AF000BDF90430984209DA054608E02080491E95
:108B00006080A180521EE280BDE8FF811D46BDF954
:108B10000820BDF90C108A4201DA164600E00E4624
:108B2000B54203DA984206DB184604E08A4201DACD
:108B3000104600E00846801E2080BDF90030BDF9D7
:108B40000420934201DD1D4600E01546BDF90800F2
:108B5000BDF90C10884201DD064600E00E46B54224
:108B600005DD934201DD194604E0114602E088422A
:108B700000DD0146891CA180BDF90230BDF9062047
:108B8000934201DA1D4600E01546BDF90A00BDF921
:108B90000E10884201DA064600E00E46B54205DABC
:108BA000934201DA194604E0114602E0884200DAF5
:108BB0000146891E6180BDF90230BDF9062093424D
:108BC00001DD1D4600E01546BDF90A00BDF90E1095
:108BD000884201DD064600E00E46B54205DD9342BF
:108BE00001DD194604E0114602E0884200DD01463D
:108BF000891CE18088E700002DE9F04115460E460A
:108C00000746114C19F032F980462B463246394658
:108C1000204611F03DFD20B10020A062E06950B176
:108C200010E02C21204613F099F84FF00040A0628C
:108C30000020BDE8F081404619F011F9E06108B963
:108C40000120E0612046F4E75CF3002010B5142118
:108C5000074800F0AFF811F0DFFC002807D0054905
:108C6000016005494160054981600549C16010BD49
:108C700044F30020ED9F010869A3010839A501080C
:108C8000B99F01087FB50E46040003D10DF012FC18
:108C900004002CD00DF082FC002828D094F8280085
:108CA000400724D4002506B3ADF80050ADF80250BB
:108CB00020460DF017FC401EADF8040020460DF0D4
:108CC00057FC401EADF806006A46314602A8FFF781
:108CD000F6FB00280BD02068017C890708D5DDE968
:108CE0000001C4E90C01012029E0A4F850517FBD26
:108CF00082690AB102A9904700260AE004EBC60186
:108D0000002202A83031FFF702FC0028EFD1761CC8
:108D1000B6B2B4F85001B042F0D880B2202804D2E4
:108D200004EBC00002A9303004E0A4F8505104F173
:108D3000300069460BF050FFB4F85001401CA4F815
:108D4000500160680028D2D019F086F97FBD70B557
:108D5000054600F012F804460CE02146284600F0D3
:108D60001EF806462146284600F0A2F8204612F0DA
:108D7000E7FE3446002CF0D170BD002800D04068DA
:108D8000704700B503460022FFF7F7FF03E01846DF
:108D9000521C00F004F80100F9D1104600BD006833
:108DA000091D40587047006840587047002800D09F
:108DB0008068704700224260C91C21F00301826074
:108DC0000160704770B504460068083012F02CFE50
:108DD000050013D001460022204619F0EBFF29467A
:108DE0002046626819F0E0FF616819B12A46204602
:108DF00019F0E0FF6560A06800B9A560284670BD65
:108E00002DE9F0410C4606000AD04CB1FFF7B5FF42
:108E1000A04208D13046FFF7D5FF051E01D01EE065
:108E20000020BDE8F0813068083012F0FDFD051E1D
:108E3000F7D030682A4607593046394619F0B4FF52
:108E40003A462946304619F0B5FF2A4621463046B3
:108E500019F0B0FF22462946304619F0A5FF2846F2
:108E6000DFE770B504460068083012F0DDFD05004C
:108E700013D001460022204619F096FF29462046CD
:108E8000A26819F097FFA16819B12A46204619F087
:108E90008BFFA560606800B96560284670BD28B189
:108EA000416809B9806808B1002070470120704707
:108EB00070B504000DD0FFF760FF00228842204605
:108EC00008D1FFF76CFF6060011E01D000221EE098
:108ED000A26070BDFFF76AFF8842206808440AD18B
:108EE0000168A16029B12046BDE87040002219F058
:108EF0005BBF626070BD05682046FFF750FF064605
:108F000002462946204619F04FFF2A4631462046A0
:108F1000BDE8704019F04EBF10B504460068826885
:108F20000AB12146904720680068002801D02060DF
:108F3000F5E710BD8068002801D0B0F91600704731
:108F40008068002801D0807E8009704770B5164681
:108F500005460C4651EA06001AD0284613F0C2F91D
:108F6000A86801233246018A21440182A868418A07
:108F7000314441822146284615F086FC00220B210F
:108F8000284610F01FFB012803D1284615F0D6FB18
:108F9000012070BD77B581B00E46050017D0622262
:108FA00014F028FF040012D0206880B12846314612
:108FB000632214F01FFF10F0FF0208D02368204640
:108FC000039998470090BDF80000ADF80C00039895
:108FD00004B070BD2DE9F047074692B0408C1A9E50
:108FE00040F00800788490463A8499468A4632894F
:108FF000384614F0FFFE0546A7F820903289514606
:10900000384614F0F7FE0446788CA54220F008009C
:10901000788403D12904B1EB044F68D0A7F82080ED
:1090200032895146384614F0E5FE05468046A7F8D9
:109030002090514638460AF003F8318900682A46E4
:1090400018F05AF830890B2823D147F6FF794D459F
:1090500001D04C451DD1384615F084F800EBD07096
:109060004510384613F0D5FF00EBD0704010C845CE
:1090700006D1691C431C994200DA00E01946884673
:109080004C4506D1691C421C914201DA6C1C00E07F
:1090900014461848FFF796FE050028D02F60C5E952
:1090A00003843089A8806846C5F808A00BF098F8BA
:1090B0001148FF21CDE9005010480290104803905C
:1090C00000200890CDE9090130880B9070889DF848
:1090D000421040420C90F0680790002060F30001BD
:1090E0008DF842103069069068460BF0D7F812B040
:1090F000BDE8F08750F3002049770208497902085B
:10910000A578020814210148FFF754BE50F300204F
:109110002DE9F84F00259046894606462C4604273F
:10912000E5E000BFF16807EBC400085882017AD47B
:1091300080B230EA090211D05FF0000230EA080084
:109140000ED0002082426ED051F834A06A46102121
:10915000504617F06BFD002871D103E00122EDE7C6
:109160000120EFE76A461121504617F05FFD002805
:1091700065D16A461221504617F058FD00285ED18D
:109180006A461321504617F051FD002857D16A4610
:109190001521504617F04AFD002850D16A46142187
:1091A000504617F043FDE8BB6A460A21504617F0C7
:1091B0003DFDB8BB6A466B21504617F037FD88BBB2
:1091C0006A466C21504617F031FD58BB6A460121B2
:1091D000504617F02BFD28BB6A460421504617F075
:1091E00025FDF8B96A460221504617F01FFDC8B99F
:1091F0006A460321504617F019FD98B96A460521C1
:10920000504617F013FD68B96A460621504617F01C
:109210000DFD38B96A463221504617F007FD08B9EE
:109220006A4601E00BE061E06E21504617F0FEFC5B
:1092300028B96A466D21504617F0F8FC10B103209A
:10924000BDE8F88F6A466921504617F0EFFCE8BB8D
:109250006A466A21504617F0E9FCB8BB6A466E219F
:10926000504617F0E3FC88BB6A466D21504617F064
:10927000DDFC58BB6A463721504617F0D7FC28BBA7
:109280006A463821504617F0D1FCF8B96A463521B4
:10929000504617F0CBFCC8B96A464021504617F03B
:1092A000C5FC98B96A464521504617F0BFFC68B91D
:1092B0006A464121504617F0B9FC38B96A46422146
:1092C000504617F0B3FC08B96A4600E00AE04321B3
:1092D000504617F0ABFC28B96A464921504617F0B2
:1092E000A5FC08B1022501E005B90125641C708CBC
:1092F000C0F30510A0423FF615AF2846A0E70000D6
:1093000001484068704700009C020020044800218A
:1093100041600161C160816001604161704700008E
:1093200098F20020C0F30410072800D907207047E6
:10933000A0F57F41FF3905D0002804D0712803D261
:1093400008490AE01F2070470749713880B2096850
:1093500029B1064A5268904201D2085C7047002049
:1093600070470000C85D0408540300206803002013
:1093700010B518210348FFF71DFD034901200870AF
:1093800010BD0000FCF20020700300202DE9F04128
:1093900090460C46050015D0F7F744FA0A4F0646EA
:1093A0002146BA68284690470446BA6828194146BB
:1093B00090470146701A03E06218AA5C2A55641CA3
:1093C000A042F9D2BDE8F081840300202DE9F041EC
:1093D000094D90460E466A681C4607461946904756
:1093E000306020B120686A68384400219047C8F88E
:1093F0000000BDE8F0810000840300202DE9F04F5B
:1094000087B08A46DDE910581F469346044600217E
:1094100005B129805CB12078002809D0BAF1000F8D
:1094200005D0002618F0060F15D0002004E000201B
:1094300007B0BDE8F08F401C215C0A2904D00D293B
:1094400002D00029F7D100E0401C002DF0D04FF0F1
:10945000FF312980ECE75FEA887001D541F6FF779C
:10946000894608468DF81410049127E00498CDF839
:10947000189068B34FF0000C05AA06ABCDF80CC0ED
:10948000CDF80080CDE9013220443B465A46514692
:1094900018F01CFF06997A1A314417B20EB288B13F
:1094A00004990144049120780A280BD00D2809D092
:1094B000605C0A280FD00D280DD00846205C08B14A
:1094C000002FD3DC049848B105B12E800498AFE793
:1094D0004FF0010CD0E7481C0490F3E7064A04A9BA
:1094E000204652689047002DF0D001460022504699
:1094F00010F07CF906B2E8E7840300202DE9F04182
:109500001746884606001ED0002F1CD0F7F78AF9B0
:1095100004463846F7F786F9050014D00B4A2C4468
:109520004146926830469047411903E0621BB25CA5
:109530003255641EA142F9D930442A463946BDE865
:10954000F04112F0CDBBBDE8F081000084030020A3
:1095500000230278232902D0012A0DD00FE02AB17E
:109560000021012A04D0022A04D008E0012101E0F0
:10957000017004E0017001E0202902D001231846A7
:1095800070470221F6E72DE9F0410E46804602467B
:1095900000213346084619F0D7F804460027401C3E
:1095A00012F042FA050008D02F5533464246611C9E
:1095B00019F0CAF82846BDE8F0810020FBE700005A
:1095C0002DE9F0471E4614460D468246DDF82090F0
:1095D00015E000BF4FEA540808FB065739465046CD
:1095E0004A469047002808DD44F30000C0EB5404CD
:1095F00007EB0605A4F1010401E005DA4446002C5E
:10960000E8D12046BDE8F0873846FBE72DE9FC5F4E
:109610009B460CAB8A468146DDE9116093E8121047
:10962000DDE90F575FEA80784FF030031AD45EB15E
:109630005FEAC07808D000F00C0858EA0C0803D0A4
:10964000761E01E00B55641CBC4204D2202CF9D3D9
:1096500001E00B55641C5FEAC07803D0B44201D22C
:10966000202CF6D35FEAC06825D55FEA40580AD4BB
:109670004CB1BC4201D0B44205D1641E03D0102DC0
:1096800003D1641E04E0102D02D0022D0AD00EE09A
:10969000850603D4202C1ED2782506E0202C1AD271
:1096A000582502E0202C16D262250D55641C202C72
:1096B00011D20B55641C202C0DD2BCF1000F01D02F
:1096C0002D2306E0430701D52B2302E0030702D533
:1096D00020230B55641CCDE900BAC84615468146C7
:1096E0008B46AA46800714D1274607E02A46DDE9C3
:1096F00000316D1C2020C446E0477F1CB742F5D3E3
:1097000007E02A466D1C641EDDE900311BF80400E9
:10971000C047002CF5D15FEA897006D409E02A46DB
:10972000DDE900316D1C2020C047A5EB0A00B042E6
:10973000F5D32846BDE8FC9F2DE9F04F8FB0994640
:109740008B46DDE91818DDE91C63DDE91A4792460E
:109750008646002209B923F01003580507AD00D54D
:10976000C9B1B1FBF4F004FB1010C0B20A2801D259
:10977000303009E05FEA836C02D54FF0410C01E024
:109780004FF0610C60440A38B1FBF4F1A854521C4C
:1097900009B1202AE5D3CDF80880CDE90563CDE9EC
:1097A0000052CDE903474B46524659467046FFF7F3
:1097B0002DFF0FB0BDE8F08F2DE9FF4F8FB01CAC2F
:1097C000DDE9239594E8030820AC94E8C004002464
:1097D00050EA010201D125F010056A050DF11C08BF
:1097E00002D550EA010217D032463B46F6F73AFE60
:1097F000D2B20A2A01D2303206E0AB0601D54123AB
:1098000000E061231A440A3A08F80420641C50EA74
:10981000010201D0202CE7D3CDE90084CDF808B0B7
:10982000CDE90595CDE9036A0FAF97E80F00FFF783
:10983000EDFE13B0BDE8F08F9A4200D28854704715
:10984000704700002DE9FF4F89B005460A980024B3
:109850009246002800D1FE4D8FE1252804D02246F3
:10986000641C53460A990BE2491C4FF00008084655
:109870000C9101782B2919D004DC202919D0232937
:1098800004D119E02D290ED0302909D00026C8B204
:10989000FEF746FDB0B10CA8FEF72BFD06461FE013
:1098A00048F001010AE048F0020107E048F0040135
:1098B00004E048F0080101E048F01001401C88462F
:1098C0000C90D6E70C9908782A2809D1169840C838
:1098D0001690002E02DA48F002087642491C0C91DC
:1098E0000C984FF0000B01782E2919D1401C0C90D8
:1098F00048F480680078FEF713FD20B10CA8FEF74D
:10990000F8FC83460CE00C9A10782A2808D11698A7
:1099100002C81690002900DC0021521C8B460C92D4
:109920000C9801786C290AD004DC68290FD06A29C8
:1099300019D128E0742929D07A2914D126E0401CB5
:109940000C90017848F480786C291CD00BE0401C06
:109950000C90017848F08008682904D148F0400153
:10996000401C88460C9002460078692822D015DCFD
:1099700062281FD00DDC252871D050281AD0582815
:109980007FF46DAF16E048F40071E9E748F48071A8
:10999000E6E7632878D06428F2D10BE0732874D00E
:1099A00004DC6F2806D07028EAD103E0752801D0C6
:1099B0007828E5D178280DD058280BD070280BD006
:1099C000502809D06F2816D0622816D00A2128F016
:1099D000100016E0102107E05078102148F4887834
:1099E000562804D1521C0C921078582807D01078B1
:1099F000502804D006E0082109E0022107E048F0E1
:109A0000200080461078692803D0642801D028F00F
:109A10000C085FEA485001D528F001081078692841
:109A20001ED064281CD0562864D05FEA885072D5B6
:109A3000169804ABC01D002283E806080292CDE907
:109A4000076820F007005346F0E80212CDE9001243
:109A50001690224628460A99FFF7AEFE89E00AE1F1
:109A60005FEA885024D5169804AFC01D20F0070384
:109A7000F3E802021693002387E80A08CDE9076895
:109A8000002A03DA012102E080E0A6E000210023A1
:109A9000029119461B1A914101DA114603E0002197
:109AA000404261EB020153462246CDE90001D1E775
:109AB0005FEAC85004D5169804C80FE0524215E07A
:109AC0005FEA486003D5169810F8042B06E05FEAB9
:109AD0000860F0D5169830F8042B12B21690CDE934
:109AE000021BCDE90468D00F002AE7DDCDE9002094
:109AF00053461EE01698AAEB040202C81690486866
:109B0000006800900A980B6801192846FFF79AFE32
:109B100004442FE0FFE75FEAC8500CD5CDE9021BF3
:109B2000CDE9046816980021534604C8CDE9002108
:109B30001690224619E05FEA486003D5169810F89F
:109B4000042B08E05FEA0860169803D530F8042B70
:109B500092B200E004C816900020CDE90020CDE9C3
:109B6000021BCDE904685346224628460A99FFF7AE
:109B7000E3FD04460C98401C0C900C9908780028D2
:109B80007FF46BAE54457DD222467DE001275FEA2B
:109B9000887006D509E02246641C534620200A99A5
:109BA000A84738467F1CB042F5D316992246641C5C
:109BB00011F8040B169153460A99A8475FEA88707A
:109BC00006D4D7E72246641C534620200A99A847AA
:109BD00038467F1CB042F5D3CCE7169850F8049B6A
:109BE00016904B46BBF1000001D0014601E04FF05A
:109BF000FF31484600E0401C02780AB1491EFAD203
:109C0000C71A5FEA485003D558465F4500D3074658
:109C10005FEA887006D512E02246641C5346202075
:109C20000A99A84738467F1CB042F5D307E000BF29
:109C3000224609F10109641C53460A99A84799F87C
:109C4000000040B15FEA4851F2D5BBF1010B01E0E1
:109C500041980008ECD25FEA887006D48AE7224671
:109C6000641C534620200A99A84738467F1CB042FE
:109C7000F5D37FE706E02246641C534625200A9967
:109C8000A84777E7AAF10102534600200A99A8479E
:109C90000DB02046BDE8F08F10B502004FF0000077
:109CA0000CD04B1E194200D0FEE70A44521E9A43C4
:109CB000B2F5804F02D20C2A01D9104610BD0C20FB
:109CC00010BD08444A1E401E9043114200D0FEE7DA
:109CD000704700002DE9F0410F46012100250446A0
:109CE00041862E460BE01949F6F7CEFE10B16D1CE9
:109CF000ADB202E0608E401C6086761CB6B257F8AA
:109D0000260010B101780029EDD1208EA8421AD08A
:109D1000A06A002610B111F013FFA662E06A10B12C
:109D200011F00EFFE662E80011F07EFEA06268000E
:109D300011F07AFEE062A16A01B100B90025690064
:109D400012F00CF82586BDE8F0810000B45501083A
:109D50002DE9F84F8146407A0F4600F007000228AF
:109D600019D010468046974200DD3A461646032039
:109D70002A4C2B4A00EB460020F00305A06811682E
:109D80001035411A636805EB010C9C4505D241680A
:109D900021F0004125E00846E4E79D4219D89246AB
:109DA0004FF0FF3B48196168884210D9002269468C
:109DB0001C48CDF800B009F073FE002269461A482D
:109DC00009F06EFEA168DAF80000091AEAE7A06857
:109DD000DDE7284611F028FE002816D0416841F042
:109DE000004188EA6702416089EA02010160416836
:109DF00001F04041491C31F0804141608681A0F86A
:109E00000E8004D500F110018160BDE8F88FA168D3
:109E100001F1100229448260A160F6E7C00300202E
:109E200050030020E11C0108013B010810B5084C5B
:109E3000012020700748FEF7A0FF0028A06803D08B
:109E4000BDE8104018F008B9BDE8104018F0F8B8A7
:109E5000280300202CF3002010B5044690F842009F
:109E6000A16B820709D4B4F840204AB1A2F57F4320
:109E7000FF3B1BD0521EA4F84020B4F84020AAB9E2
:109E800009B1820712D521461448FFF711F8FFF7F0
:109E9000CDFFE16809B120468847216909B1204614
:109EA00088472046BDE8104011F04ABEE26B52429E
:109EB0002263002911D0820702D4626B52422263CE
:109EC0004210521C62F3410084F84200A26A206AE8
:109ED0002262A062E06AE162A06310BD2CF3002060
:109EE00070B5304D686817F0BAFF0646687880F0A4
:109EF0000100687047E00020287094F842006978FB
:109F0000C0F380028A4242D061F3820084F84200AA
:109F1000216B8A19030719D4002917DC002A15DBE5
:109F2000C00709D1616939B120468847216A0144D7
:109F30002162A16A0844A062A16809B1204688474D
:109F400094F8420040F0080084F84200206B801929
:109F5000206316D4E16A884200DD2163E16920466E
:109F600088470146606A884204D0616262680AB12B
:109F700020689047D4E90B01814202DB2046FFF7BD
:109F80006BFF287818B10848FEF7F7FE03E021467A
:109F90000548FEF704FF0400ADD117F067FF6860C5
:109FA00070BD0000280300202CF3002070B504468B
:109FB00040680D4608B1FFF7F9FF2268002A04D077
:109FC00029462046BDE87040104770BD2DE9FF4F7F
:109FD00099B09846DDE926B12D9816468A464FF08D
:109FE0000009042811D0052811D0062812D0142801
:109FF00070D101270225002418FB06F00E901A9854
:10A00000401E0D90701E069051E10027F2E70127D7
:10A010000325F0E701270225FFF772F90068D0F861
:10A020003890E8E7289860430BEB2022299860439A
:10A030000AEB202110124FEA212E7DD41A9B984260
:10A040007ADABEF1000F77DBB64575DAD2B2CBB261
:10A05000802A05DAC2F17F024FF0FF31520003E09F
:10A0600001215200A2F580720992802B05DAC3F11A
:10A070007F034FF0FF325B0003E001225B00A3F59A
:10A0800080730A930EFB080C199B0CFB0533079396
:10A090004318119372D4DDF834C063456EDC1EEBB7
:10A0A00002036BD4DDF818C0634567DCDDF81CC023
:10A0B00011FB05C1CDE915C112FB08F101FB05C17A
:10A0C0000C91D7B32D99052905D014290BD0062959
:10A0D00055D066E0EFE01598807807900C9881786D
:10A0E0001698807810E0199A0E990EFB08FC02EB86
:10A0F00041010A180EFB08111CF802000790119884
:10A1000003FB08F3085C995C079A91420AD00A9A0B
:10A1100011FB02F20A99C1F58073079911FB032123
:10A12000C1F30721079A90420DD0099A10FB02F261
:10A130000998C0F5807301E02FE035E0079810FB27
:10A140000320C0F3072008442C994008085527D065
:10A1500015980178407801EB0020ADF80C000C98C0
:10A160000178407801EB0020ADF8100016980178D6
:10A17000407801EB0020ADF8080023E04CE0159892
:10A1800001881FFA89F0814207D00C990988814221
:10A1900003D016990988814203D12C9900200855D3
:10A1A00083E0FF210846CEE715980088ADF80C0043
:10A1B00016980088ADF808000888ADF810002C98B3
:10A1C000FF210155BDF80C00BDF81010884209D1DF
:10A1D000BDF80810884205D12B98BDF80C1000EB93
:10A1E000440017E00A98C2B2DDE903100BF0E2FF69
:10A1F00004900998C2B2DDE902010BF0DBFF7F2277
:10A20000029004990BF0D6FF00902B98BDF8001037
:10A2100000EB4400018048E0079B93F800C05B78A6
:10A220000CEB0323DDF8ACC09BB22CF81430DDF846
:10A23000B4C0BCF1050F06D0BCF1060F06D0BCF1CE
:10A24000140F09D10AE0079B9B780FE01FFA89FCE5
:10A25000634501D1002309E0FF2307E0199B0EFBB2
:10A26000083C0E9B00EB43031CF8033008B900299F
:10A2700005DBDDF834C0604503D1002901DD099814
:10A280000AE0BEF1000F01D1002A04DB06998E45D9
:10A2900008D1002A06DD0A98C0F1FF0010FB03F088
:10A2A000010A00E000212C980155641C24B22A9870
:10A2B0008442FFF6B7AE1DB0BDE8F08F10B5818FB8
:10A2C00092B00446A9B1684609F08AFF0B48012103
:10A2D000CDE90040A08F0B9000200890CDE9090146
:10A2E0000748079007480390684609F0D7FF12B067
:10A2F00010BD12B0BDE8104019F062B9393602083D
:10A300006D4201083B36020810B5044640688208D9
:10A310000AD0496821F00301091D08446060204605
:10A3200000F042F8204610BDFEE74068103120F0F2
:10A330000300884201D301207047002070472DE9B7
:10A34000FC47054648680C4620F0030001AA694610
:10A3500018F0ECFCDDE9007005EBC71101EB80099A
:10A360008046D9F8340060B164B1C4E9020504F153
:10A370000806C46030460421FFF7A3FC864202D0E1
:10A38000FEE7FEE7FEE7C9F834400120296900FA3C
:10A3900007F21143296105EB870100FA08F04A69C9
:10A3A00002434A61BDE8FC8710B5044600F087F817
:10A3B000046010BD2DE9FC4706464FF000000D007B
:10A3C00000900746019042D00C46E9460DF1040882
:10A3D000802907D308461DF0AFF9411F01208840AE
:10A3E000401E044442464946204618F09FFC009C0B
:10A3F000082C2CDA06EB8400019A40694FF0FF31FB
:10A4000001FA02F210400CD1641C3069A1400840EE
:10A410001DD01DF089F90446009006EB80004069CC
:10A4200078B11DF081F9034606EBC411019001EBF0
:10A430008000476B5FB1786820F00300A84201D22A
:10A44000FEE7FEE739463046009A19F05FFF3846CE
:10A45000BDE8FC8710B50446FFF7A6FF416841F050
:10A4600002014160606840F00100606010BD10B5FD
:10A47000044600F024F8416821F002014160606860
:10A4800020F00100606010BD70B506460D4608461C
:10A4900000F015F8040010D02079C0070BD06868D0
:10A4A00080080BD02146304600F03CF82146284673
:10A4B000FFF72AFF0546284670BDFEE7FEE7426823
:10A4C00000F1080122F00300001F0844910800D1A8
:10A4D000FEE7704770B506460C004FF000001ED036
:10A4E000F2B120791546C0071BD011462046FFF770
:10A4F0001CFF78B12946204600F025F80546204685
:10A50000FFF752FF6868294640F002006860304655
:10A51000FFF715FF2046FFF7AAFF04F1080070BD02
:10A52000FEE7FEE77CB5054648680C4620F00300D0
:10A5300001AA694618F0FAFBDDE900232146284606
:10A5400019F0E4FE7CBD2DE9F0410D46044600F112
:10A550000801281F0E18606806F1080720F00300A4
:10A56000401BA0F1040838460421FFF7AAFB8742EC
:10A5700000D0FEE7606820F0030108EB0500001D35
:10A58000814200D0FEE7307900F0030040EA080085
:10A59000706020F003000C2800D2FEE7207900F064
:10A5A0000300284360603046FFF754FF3046BDE8A3
:10A5B000F08138B5044610F0EDF8054610F01FF9AB
:10A5C0000028204605D0218FE18614F0B7F801203D
:10A5D00038BD0EF00DFE002820461ED00EF0EAFC1D
:10A5E000218FE08E81420CD02087E08E00906A4659
:10A5F0001C2120460EF0E6FF0128E9D1204614F088
:10A600009DF8284610F007F90428E0D1204612F002
:10A61000FBFC00210FF07CFCD9E70EF045FED6E7ED
:10A620002DE9F04F0D4687B00446002112F03EFCA4
:10A6300060B32946204600F061FA2946204600F022
:10A640006FF80021204613F0FDFA05900021204606
:10A6500013F082FB04900021204613F0D6F9012864
:10A6600000D0002080460021204613F0AAFC0746B7
:10A670000021204613F03EFA42F2D17906464F45BA
:10A680000BD1608C000508D4012707E007B02846ED
:10A69000BDE8F04F1C2111F061BB0027204612F0ED
:10A6A00064FCDFF878A0834620460021BAF8042035
:10A6B00013F0A0FBD5F810C0AB682968CDF800C036
:10A6C000CDF80C80CDE90131C2B239465846059B20
:10A6D00008F06EFD28834E4504D1608C400501D4FE
:10A6E000012600E00026204612F025FC0746204601
:10A6F0000021BAF8082013F07DFBC2B2686900247B
:10A700006B68E9688DE81B0031463846049B08F009
:10A710004FFD688307B0BDE8F08F0000B002002055
:10A720002DE9F34F81B00C46019808F00FF806466A
:10A73000019812F01AFC8246304600F0B3FF206107
:10A74000400011F09FF920602069400011F09AF953
:10A75000002541F69A79A0603AE036F91510DFF845
:10A760002081494533D10027DFF818B11FE0394671
:10A77000019812F09BFB5946009013F027FDA8B9F1
:10A78000009807F0F5FF012810D1009807F0E6FFC8
:10A79000A8420BD1009813F0E5FC4146404501DA90
:10A7A000084602E0009813F0DDFC80467F1C01980B
:10A7B00012F08EFBB842DAD8B8F1000F03DBA168C3
:10A7C00021F8158003E0A168002021F815006D1C18
:10A7D0002069A842C1D800252F46284641F69B781B
:10A7E0004B4615E036F91010414504DB0D44A5F544
:10A7F000F8559B3D0BE0994204D1A16831F8101047
:10A80000394403E0A26822F8101039440FB2401C0A
:10A8100021698142E6D80021019813F013FA2169D9
:10A82000C1F1010200FB02A0C01B00B2002800DA47
:10A83000002000224FF0FF331146C44611E000BF54
:10A8400036F9117067450BDBA7F5F8579B3F3AB215
:10A8500010FB02F3B3FBF5F3A76827F811300B46A2
:10A86000491C27698F42EBD8002B07DBA91A41430B
:10A87000B1FBF5F1401AA16821F81300BDE8FE8F85
:10A8800001E0FFFF010006002DE9F14F0022114613
:10A89000009814F0E3FE0021009813F0E9F8044654
:10A8A0000021009813F064FA20440FFA80F9002187
:10A8B000009813F08BF920440FFA80F8009813F0F9
:10A8C0005FF800EB090101EB0800DFF898A006B281
:10A8D0005446009812F0FCFA074600252AE000983A
:10A8E00021498068006850F82500834613F06EFC0B
:10A8F000F8B9584613F07AFF40BB0021584613F0D0
:10A9000063F818B3012821D002281FD003281DD0D6
:10A910000021584613F06DFB58B9BBF81A10BBF86C
:10A920001600081A401C00B24844A04200DB04464E
:10A9300024B26D1CBD42D2D3544504D004EB0800B0
:10A9400000B2B04200DC3046BDE8F88F0098BBF999
:10A950001A10B0F91600081A411CA142E8DB0C4697
:10A96000E6E7000001E0FFFF010004002DE9F84FD9
:10A9700000228046114614F05BFE0021404613F091
:10A9800077F804460021404613F0AAF920440FFA54
:10A9900080FA0021404613F067F920440FFA80F94D
:10A9A000404612F0FBFF00EB090101EB0A00DFF863
:10A9B00044B105B25C46404612F08AFA07460021CF
:10A9C000404613F010F801284FF0000644D078E01C
:10A9D000D8F808004849006850F82600009013F0A5
:10A9E000F5FBC0BB009813F001FF50B10098B8F917
:10A9F0001810B0F91400091A481CA0422ADB4C1C9C
:10AA000028E00021009812F0DFFF58B1032809D098
:10AA1000062807D0082805D00021009813F0E3FA93
:10AA200058B118E00098B8F91810B0F91400081AD5
:10AA3000411CA1420EDB0C460CE000981430009043
:10AA40000AF03BF95044A04204DB00980AF035F9C3
:10AA500000EB0A0424B2761CBE42B9D35C453BD05D
:10AA600004EB090033E000BFD8F808002249006871
:10AA700050F82600009013F0A9FB08BB009813F0D3
:10AA8000B5FE60BB0021009812F09EFF38B301288C
:10AA900025D0042823D0072821D00021009813F0C6
:10AAA000A8FA68B90098143000900AF006F94844F2
:10AAB000A04204DB00980AF000F900EB090424B27C
:10AAC000761CBE42D0D35C4506D004EB0A0000B22F
:10AAD000584501D0A84200DC2846BDE8F88F009810
:10AAE000B0F91810B8F91400091A481CA042E6DBA6
:10AAF0004C1CE4E701E0FFFF010004002DE9F84FE2
:10AB00000C46834608F094F9064600F0CBFD6061E0
:10AB1000400010F0B7FF60606069400010F0B2FFC5
:10AB2000002541F69A79E0603AE036F91500DFF841
:10AB30002881484533D10027DFF820A11FE039469E
:10AB4000584612F0B3F95146009013F03FFBA8B9F4
:10AB5000009808F0F9F9012810D1009808F0EAF9F6
:10AB6000A8420BD1009812F054FA4146404501DA50
:10AB7000084602E0009812F04CFA80467F1C5846C6
:10AB800012F0A6F9B842DAD8B8F1000F03DBE16899
:10AB900021F8158003E0E168002021F815006D1C04
:10ABA0006069A842C1D800252F46284641F69B7807
:10ABB0004B4615E036F91010414504DB0D44A5F570
:10ABC000F8559B3D0BE0994204D1E16831F8101033
:10ABD000394403E0E26822F8101039440FB2401CF7
:10ABE00061698142E6D80021584613F0B5F88146E4
:10ABF000584612F0A0F901466069C0F1010209FB54
:10AC00000210C01B00B2002800DA002000224FF022
:10AC1000FF331146C44610E036F9117067450BDB6F
:10AC2000A7F5F8579B3F3AB210FB02F3B3FBF5F3DD
:10AC3000E76827F811300B46491C67698F42EBD84B
:10AC4000002B07DBA91A4143B1FBF5F1401AE1687B
:10AC500021F81300BDE8F88F01E0FFFF01000600B6
:10AC60001CB50B8804892344ADF800304B88448917
:10AC70002344ADF802308B8804892344ADF80430B6
:10AC8000C98843891944ADF8061043696946984755
:10AC90001CBD00002DE9FF4F89B0C8781A9CC00781
:10ACA0000D46002801D0F84800E0F848069001D091
:10ACB000F74800E0F748049001D1F54800E0F54876
:10ACC0004FF010034FF00C0E4FF0080BCDF81400AE
:10ACD0006188A2884FF0000AA1EB0201504609B238
:10ACE0005246D4F810C00FE002EB8207E66803EB8F
:10ACF000870816F808805FEAC87809D00BEB870749
:10AD0000F65B891B09B2521C9445EDD8002254E031
:10AD10000EEB8707F65B304400B2F4E7E66802EB1F
:10AD2000820703EB870CB146CDF820C016F80C6003
:10AD3000F60741D1002872D091FBF0F80EEB8706A0
:10AD4000079639F8066006FB08F60FFA86FCCDF880
:10AD500000C04FF0060C0CEB870C042639F90C8070
:10AD600006EB8706DDF800C039F90660E04500DC37
:10AD7000C446664504DC009EC446B04500DC664619
:10AD8000DDF800C00196664506D0DDF820C04FF022
:10AD90000108C24649F80C80D4F80C80019E0BEBE8
:10ADA000870728F80760D4F80CC0079F3CF80770A5
:10ADB000C01B891B00B209B2521C26699642ADD84D
:10ADC000BAF1000F84D10021099812F018FE012871
:10ADD00026D000270020ADF80800ADF80C0003A92C
:10ADE00002A8CDE900012089B4F9022003B2287835
:10ADF000189918F07CF8E878384207D0099812F0D2
:10AE0000B4F8BDF808100844ADF808000B9909988B
:10AE100012F04CF806464FF4FA682AE1FFE7FEE725
:10AE20000127D7E79C49304613F0D0F900286FD1AD
:10AE30000021304612F048FEF0B34FF000094846BA
:10AE400021690FE0E26800EB800352F82320B24250
:10AE500007D1E16800EB80020BEB820031F9009032
:10AE600002E0401C8142EDD8E878C007708C04D025
:10AE700020F4806040F4006003E020F4006040F4BF
:10AE80008060708406F11400049982468847484522
:10AE900028D0304613F052FCB08AADF80000F08A9A
:10AEA000ADF80200308BADF80400708BADF80600F1
:10AEB00049465046069A00E010E090476A4629212C
:10AEC00030460EF07FFB304612F0E4F83246222185
:10AED0000EF078FB304613F031FC03E0708C20F468
:10AEE00040607084002000906878012811D002280A
:10AEF00017D1059906F114008847B4F90010491CD0
:10AF000021F00101081A00EBD07040F34F0007E078
:10AF1000A7E0059906F1140088472188081A00B2B5
:10AF20000090E878384208D0049906F11400884768
:10AF3000BDF80810081AADF80800304600216B2251
:10AF400012F058FF0FFA80F9304600216C2212F0FF
:10AF500051FF0FFA80FA304613F004F901903046A1
:10AF600012F057F80146C9F3413001280FD129F4F6
:10AF7000C04040450BDCB0F57A7F01DDC0F57A704A
:10AF8000019A5043642290FBF2F00FFA80F9CAF361
:10AF9000413001280ED12AF4C04040450ADCB0F50A
:10AFA0007A7F01DDC0F57A704843642190FBF1F0AF
:10AFB0000FFA80FAB18A1698F28A411A01EB090059
:10AFC000179900B28A1A02EB0A01EA7809B2D2078D
:10AFD000002A02D0BDF9082000E0009A10440FFAC0
:10AFE00080FA01D0009801E0BDF9080008440FFA8A
:10AFF00080F95AEA09011BD0304613F09FFBB18A51
:10B0000001EB0A00B082318B01EB0A003083F18A38
:10B0100001EB0900F082718B01EB0900708330466F
:10B0200013F08CFB00234A465146304613F02CFCAB
:10B03000E87838420CD1049906F114008847199930
:10B040000844BDF80C100844BDF80810084406E098
:10B05000BDF80C1019980844BDF80810081AADF88E
:10B060000800E8780BAAC0F38001099807F0A6FD54
:10B070000646002E04D0DDE90B0188427FF4D2AEF3
:10B080000DB0BDE8F08F0000434D0108394D0108B7
:10B09000D34C01087B4C0108010006002DE9F04F5C
:10B0A00091B00E0005463DD02E83286808B110F0FF
:10B0B00047FD06EB4600062101EB400010F0B4FC12
:10B0C000022101EB46010144E960042101EB860104
:10B0D00028600144C5E9010101210024012E19D095
:10B0E000F000083010F0CEFC814600EB860000F145
:10B0F0000408B00000B2A346ADF81000C0F1010290
:10B100008010ADF812B00FFA82FA5C46CDF828B084
:10B110000690B4E0B4220270E8680480E8684180D8
:10B12000A868048011B0BDE8F08F0027BDF8122098
:10B13000BAF1000F07DC032101EB42010AEB010029
:10B140000FFA80FA0CE0BDF81010531A052202EB3A
:10B15000430202EB0A00491E0FFA80FAADF8101004
:10B16000BDF81200401CADF8120004A800F0F3F87E
:10B1700068B1BDF9100006AA811042F827100AA98B
:10B1800000F0030041F827007F1C042FCEDB042FC2
:10B190007BD109990698884212D129F8140028F821
:10B1A00014B0DDE90A014218DDE90C010844111868
:10B1B00068680155686809010155641C24B25CE0A7
:10B1C000079988421DD029F8140028F814B06A683D
:10B1D0000A9810556A6800011055641C069B20B23D
:10B1E0005B1E29F8103028F810B0DDE90B120A4474
:10B1F0000D99091D0A4469680A54696812010A54C4
:10B2000039E00899884219D029F8140028F814B0B8
:10B21000DDE90A0210446A6810556A680001105599
:10B22000641C069A20B2521E29F8102028F810B08B
:10B23000DDE90C12114408316A6818E029F814009D
:10B2400028F814B0DDE90A0210440C9A10446A6828
:10B2500010556A6800011055641C069A20B2521EEF
:10B2600029F8102028F810B00D996A680C31115493
:10B270006A6809011154401C04B20BF1010B04A8C7
:10B2800000F069F800287FF450AF40F2D32016FB9D
:10B2900000F109EB4402881232F9022C824205D1F6
:10B2A00008EB440232F9022C82421AD0A1EB802131
:10B2B000B1F5007F03DC494341F3CF3106E0C1F52E
:10B2C0008061494341F3CF31C1F10F0129F81400E6
:10B2D00028F8140068680155686809010155641C64
:10B2E00024B2A01E0EE000BF38F8102029F8142068
:10B2F00039F8102028F8142069680A5C0A55641C83
:10B3000024B2401E0028EFDAEB68002108461980BD
:10B310001BE0EA6822F81100AB6839F8102023F826
:10B3200011200AE0AE6839F9102036F81130934246
:10B3300000DA1A4626F81120401C38F910208A42FB
:10B3400001D1A042EEDB491C09B2A042E1DB484634
:10B3500010F0E4FBE6E6B0F90210B0F9000081421B
:10B3600001DC012070470020704717B581B0022A28
:10B3700003D8BDF8080004B010BDBDF80830BDF812
:10B380000400C3F3C401C0F3C40421441F2900D343
:10B390001F2161F3C7005907890E01EB533100F0FB
:10B3A000070401EBC40101EB5031ADF804003F2963
:10B3B00000D33F21CC0864F3020061F34F30C3F3A4
:10B3C0000421C0F304231944ADF804001F2900D35D
:10B3D0001F2161F30C20ADF80400FF2A07D0DDE93E
:10B3E00001010AF0C1FE0090BDF80000C3E780B281
:10B3F000C1E717B581B0022A03D8BDF8080004B030
:10B4000010BDBDF80400BDF80810C0F3C403C1F3BB
:10B41000C40413FB04F35B0963F3C700C0F3042304
:10B42000C1F3042413FB04F35B0963F30C2043070B
:10B430009B0E4C07A40E03EB503304EB513113FB6E
:10B4400001F35B0A63F3020043079B0E03EB5033E7
:10B4500013FB01F1890961F34F30ADF80400FF2AB5
:10B4600007D0DDE901010AF07FFE0090BDF8000081
:10B47000C5E780B2C3E717B581B0022A03D8BDF88B
:10B48000080004B010BDBDF80830BDF80400C3F3D7
:10B49000C401C0F3C404091B002900DC002161F3CE
:10B4A000C7005907890E01EB533100F0070401EB87
:10B4B000C40101EB5031ADF80400002900DC00218B
:10B4C000CC0864F3020061F34F30C3F30421C0F3EE
:10B4D0000423C91AADF80400002900DC002161F33F
:10B4E0000C20ADF80400FF2A07D0DDE901010AF0C5
:10B4F0003BFE0090BDF80000C3E780B2C1E72DE934
:10B50000FF4F89B00446169EDDE919577000DDF83B
:10B510006090DDF828A00FFA80FBB9F1040F22D06B
:10B52000B9F1060F1FD0B9F1050F5CD0B9F1140FB6
:10B5300056D1B4F90000B4F90210CDF80CB006FBF6
:10B5400001030AEB43020092E2884FF00008511A0F
:10B55000491C0FFA81F9A188081A401C0FFA80FAD9
:10B560004FEA4A0B81E0204609F099FB014603901F
:10B57000384610F021FCB4F90000B4F90280A1882B
:10B5800006FB0802081A401C00B2069040000AEBB5
:10B59000420A2E4602900CE051463046029A10F0C4
:10B5A0000BFB069808F10108DA4406EB40060FFA97
:10B5B00088F8B4F906004045EEDAB9F1060F0FD16C
:10B5C00000224EF20700ADF80000114605E035F804
:10B5D0001130834200D17A54491C039B9942F6D31F
:10B5E0000DB0BDE8F08FB4F90010B4F9023006FBDD
:10B5F000031000EB400202EB0A00A288511A491C1A
:10B600000AB2B11A01EB41010EB2E188C91A491C14
:10B610000CB2002317E000210DE090F802C007F8FB
:10B6200001C010F801CB10F8028B0CEB082C25F8A8
:10B6300011C0491C09B29142EFDB5B1C05EB4205CE
:10B64000174430441BB2A342E5DBC9E75A462846FB
:10B65000009910F0B1FA0099039805EB4A050844E7
:10B66000009008F101000FFA80F8C845EEDBDDE933
:10B670000A014A000C9902FB0100B4F90010B4F968
:10B68000022006FB02110D18002408E0524629464C
:10B69000384610F091FA641C5744354424B24C45A6
:10B6A000F4DB9DE70146002041F6FF7200E0401CFC
:10B6B00031F910309342FAD170471CB5044690F826
:10B6C000540000F0010088422DD094F8540011B1CC
:10B6D00040F0010001E020F0010084F8540004F182
:10B6E0004801684609F0AEFA606ABDF80010828A27
:10B6F0001144ADF80010BDF80210C08A0844ADF83E
:10B700000200606ABDF80410808A0844ADF80400A5
:10B71000606ABDF80610C08A0844ADF806006946A4
:10B72000204613F02EF81CBD08B5084611460AF055
:10B73000C5FB0090BDF8000008BD2DE9F04F07469D
:10B74000C87A89B015460E46022803D8012009B0F0
:10B75000BDE8F08F18463269B168FDF74DFA041E56
:10B76000F5D0207D00F01F000EF01EFC4FF4807815
:10B7700008B1062011E0207D00F01F000E2806D041
:10B7800014280AD00EF000FC30B1052005E0308806
:10B790004FF00E0930B902E00420814606E07088BF
:10B7A000404503D000204FF00509A061226A22B174
:10B7B000294638461AF019FEB7E0A069E0B32946D9
:10B7C00002A809F012FAB6F9003013B970884045A2
:10B7D00029D0A88829886A88401A401C01B2E888C4
:10B7E00006F1040C801A401C02B27088CDE9000CEE
:10B7F00002A8FDF74BF9BDF8080029880844ADF808
:10B800000800BDF80A1068880844ADF80A00BDF8C1
:10B810000C0029880844ADF80C00BDF80E106888AB
:10B820000844ADF80E0002AA04A8B968FCF747FE68
:10B8300000287AD004A800E00DE0D7F80880B860AE
:10B84000CDF800902A4631463846A3690BF0F2F84D
:10B85000C7F8088069E02A4604A8B968FCF72FFEFB
:10B86000E0B3BDF81400BDF81010401A401C0FFAE8
:10B8700080FB0BEB4B0010F005F9039004A901A825
:10B88000D7F808A009F0B1F9012101A809F054FA8C
:10B89000BDF91000B5F90010BDF91280401A0690EC
:10B8A000B5F90200A8EB000536E001AA514607A849
:10B8B000FCF705FE70B30398009006985B4601B252
:10B8C0002AB220460EF042FF01280ED020460EF08C
:10B8D00090FE039810F022F9204600E025E00EF0DB
:10B8E00088FE0020C7F808A031E707A8B860CDF8A7
:10B8F000009001AA31463846039B0BF09BF8BDF837
:10B900000600401CADF80600BDF80A00401CADF86A
:10B910000A006D1C08F10108BDF916004045C4DAA3
:10B92000C7F808A0039810F0F9F820460EF061FE61
:10B930000CE7000070B50C46264915460A78EAB3B4
:10B94000C1E90104E388A28861882088FAF758FBDE
:10B95000B4F90400B4F90010B4F90220401AB4F9A3
:10B960000610401C891A491C484342001B481A49CA
:10B970008378CB58847823F001030B518378CB581C
:10B9800013F0010FFAD1144C83780C341D51124B73
:10B9900084781B1DE4586FF30F0414438278D4504D
:10B9A0004FF0904210239362082393619A014A60FA
:10B9B0000B4A536843F00203536000E006E08278CC
:10B9C0008A58807842F001020A5070BDBDE870408C
:10B9D0000AF06ABD6402002000000240A89C020830
:10B9E000003001402DE9F74FC878A0B00C4602287E
:10B9F0007DD9114601A809F037F9B4F920000128D2
:10BA000029DD94F82200FD2825D3208818B394F866
:10BA10002300BDF804104008C0F380021144ADF8C3
:10BA20000410BDF80610C0F340000844ADF806004D
:10BA300094F82310BDF808004908C1F3C001401A6A
:10BA4000ADF8080094F82310BDF80A00C1F34001D6
:10BA5000401AADF80A00209801A9826805A8FCF7F1
:10BA60002EFD002843D0E07B10F0070619D0E088B7
:10BA7000ADF80000BDF800006189884200D10026C1
:10BA800001A80BF02BFD07461C210EA8F4F7D5FFEB
:10BA9000A0788DF85100BDF80000ADF840001FB14E
:10BAA00005E060680090E5E7208800B9EEB3E07833
:10BAB000FD2800D3FF208346BDF80800BDF8041020
:10BAC000401A401C0FFA80FABDF80A00BDF80610B3
:10BAD000401A401C01B289465046CA4500DB084660
:10BAE000B4F90050B5EB600F00DB451000E043E017
:10BAF000BDF81810BDF81400081A401C0FFA80F8A1
:10BB00004FF0FF301D9000200790002D00DC87B122
:10BB100040460FF0B7FF079000232A4601A916A858
:10BB20000BF048FF002116A800E01CE00BF0F6FA2D
:10BB30001D90BDF81400ADF80C00BDF81800ADF86C
:10BB400010000798119003A80E901390FF208DF815
:10BB500050004A465146A01D0EF068F8040018D067
:10BB6000022E0CD015E001A80E90E0788DF8500060
:10BB70000EA920980CF0E2F923B0BDE8F08FBDF9D2
:10BB80001410A06800EB4100BDF90410A0EB4100C7
:10BB90000F90002F7DD0BDF9165027E02FB2ADF8E1
:10BBA0000E70ADF8127042465946079810F0A4F88E
:10BBB000BDF9141043463A4607980BF051FC8DF836
:10BBC0004800012802D102208DF84800012E08D13A
:10BBD000BDF90610A068691A00EB41000088ADF8B5
:10BBE00040000EA920980CF0A9F96D1CBDF91A00AF
:10BBF000A842D3DAB7E000BFBDF80600BDF91610C1
:10BC000038440FFA80F9BDF80A00C01B0FFA80FA19
:10BC1000494503DDBDF91A10514544DB42465946FA
:10BC2000079810F069F8BDF90C1043464A4607988A
:10BC30000BF016FC8DF84800012802D102208DF887
:10BC40004800BDF91610494513DCADF80E90ADF86B
:10BC50001290012E09D1BDF90620A168A9EB0200BE
:10BC600001EB40000088ADF840000EA920980CF0D0
:10BC700065F9BDF91A10514515DBADF80EA0ADF808
:10BC800012A0012E0BD1BDF90600A268AAEB00009C
:10BC900000E009E002EB40000088ADF840000EA98A
:10BCA00020980CF04BF97F1CAF42A5DBBDF80400D7
:10BCB000ADF87800BDF80800ADF87C00BDF80600CE
:10BCC0002844ADF87A00BDF80A00401BADF87E00AC
:10BCD0001EA80BF003FC074630430CD001208DF862
:10BCE0004800BDF90A008DF850B0A0EB0509BDF978
:10BCF0000600054435E0BDF806008DF850B0284434
:10BD0000ADF80E00BDF80A000EA9401BADF81200F8
:10BD10000020119020980CF011F924E06FB14246F8
:10BD2000594607980FF0E8FFBDF9141043462AB2B0
:10BD300007980BF095FB8DF84800ADF80E50ADF864
:10BD40001250012E08D1BDF90600A168281A01EB96
:10BD500040000088ADF840000EA920980CF0EEF8E5
:10BD60006D1C4D45DADD079808B10FF0D7FE1D9820
:10BD7000401C05D01D980BF0C7FE16A80BF092FBD7
:10BD8000002C3FF4F9AE20460DF049FFF4E62DE912
:10BD9000F0410646086992B015460C4600287DD051
:10BDA000A07E02287AD929460EA8B268FCF787FB44
:10BDB000002873D00EA8D6F80880B06020690EF075
:10BDC000D8FC022806D0694620690EF035FC01280F
:10BDD00049D0C9E0002741F6FF70CDE90070029715
:10BDE000D4E904123B4610A816F00AFB284608F0D6
:10BDF0007CFF01462A88BDF9400001EBD17102EBBE
:10BE0000610100EBD072A1EB62010844401EADF865
:10BE10001000ADF80C10284608F03BFF01466A8878
:10BE2000BDF9420001EBD17102EB610100EBD07270
:10BE3000A1EB62010844401EADF81200ADF80E10EF
:10BE400005A80BF0B9F860690590208BADF82000CB
:10BE5000A07E8DF82E00009703AA05A9304623691D
:10BE60000AF00AFE80E005A80AF0ECFDA0788DF843
:10BE70002000208BADF81C00E07E8DF81E00A07E17
:10BE80008DF81F00207F4FF0FF3740B10099688880
:10BE9000ADF8060007EB515108445DE066E0284626
:10BEA00008F023FF298800EBD07001EB60000099B7
:10BEB000C1F38A21A0EB5100ADF80400284608F038
:10BEC000E8FE698800EBD07001EB60010098A1EBFF
:10BED0009051C0F38A22ADF80610BDF80430521E0E
:10BEE0001A4407EB5050ADF808200844ADF80A009A
:10BEF00001AA05A9304623690AF070FD34E00099D3
:10BF00002888C1F38A21ADF80400491E084410E0D6
:10BF100001AA05A9304623690AF060FD0098BDF822
:10BF20000410C0F38A200144ADF80410BDF80810D5
:10BF30000844ADF80800BDF90400B5F904108842C2
:10BF4000E6DDBDF80610009801EB5051ADF8061083
:10BF5000BDF80A1001EB5050ADF80A00BDF906001B
:10BF6000B5F906108842CADDC6F8088012B0BDE8EF
:10BF7000F081F0B5074691F8220087B016460C46CE
:10BF800002286BD9208C002868D094F8230010F088
:10BF90003E0F63D0C00761D1B08831887288401AE3
:10BFA000401C01B2F088B4F90050801A401C00B265
:10BFB000814200DA0846B5EB600F00DD45103146DE
:10BFC00004A808F051FE94F82300BDF91020C0F336
:10BFD00044014807B4F9200001D4284440421044E9
:10BFE000ADF810000807BDF91420B4F9200001D401
:10BFF00028444042101AADF8140094F82300BDF90B
:10C00000121040088007B4F9200001D428444042AF
:10C010000844ADF8120094F82300BDF9161040084A
:10C02000C007B4F9200001D128444042081AADF8F5
:10C030001600208C281A00B2002800DA0020A2780E
:10C0400094F82210CDE90212E18BADF804100090B3
:10C050002B4604AA3146384600F002F807B0F0BD7E
:10C060002DE9FF4FA9B01D46DDE93879DDF8D8800C
:10C0700016460C46FF2F00D3FF2708460BF02EFA7A
:10C080002690284350EA080074D0299821468268F7
:10C0900008A8FCF714FA002873D0BDF82400BDF8F6
:10C0A0002010401A401C00B204901C210AA80FF076
:10C0B00055FE04980FF0E6FC0D904FF0FF302490F1
:10C0C000002D0ADD00232A46214615A80BF072FC3C
:10C0D000002115A80BF022F8249001234246314696
:10C0E0001BA80BF067FC00211BA80BF017F825908C
:10C0F00001A80A900F90BDF8DC008DF84070ADF8F3
:10C1000030008DF84190B4F900002290B6F900306B
:10C110004119994200DC1946B4F904000FFA81F97B
:10C120002190B6F90410421B8A4200DB0A460FFA3E
:10C1300082F8B4F902E0B6F902200EEB050092464F
:10C14000504500DC1046B4F906B007B2B6F9062037
:10C15000ABEB0500904200DB104600B20590A8EB67
:10C160000900401C00B22790D6450DDC01200CE0F0
:10C1700000E006E0009732462146379B299800F000
:10C18000B8F92DB0BDE8F08F00208246934501DB61
:10C19000012000E0002083462698D8B3BDF8200097
:10C1A000ADF80400BDF82400ADF80800BDF9224048
:10C1B00022E000BFBAF1000F01D1A7421BDCBBF1A6
:10C1C000000F02D10598A0421ADB25B2ADF8065047
:10C1D000ADF80A5004990D980FF0EEFDBDF920104E
:10C1E0002A46049B0D980BF03BF98DF838000AA9FC
:10C1F00029980BF0A3FE641CBDF92600A042D9DAF1
:10C200001BA80BF04FF925980BF07EFC2498401CDE
:10C2100007D000E009E015A80BF044F924980BF0D2
:10C2200073FC0D980FF07AFCABE72298984201DC82
:10C23000012000E0002013902198884201DB0121B9
:10C2400000E000210120009013981291084000EABC
:10C250000A0010EA0B0F04D02798322801DA0020D8
:10C260000090012000998DF838001AEA010F0ED0D5
:10C27000ADF80490ADF808806088ADF806007088CD
:10C280000AA9401EADF80A0029980BF057FE009944
:10C290001BEA010F0ED0ADF80490ADF80880F088CD
:10C2A0000AA9401CADF80600E088ADF80A002998FC
:10C2B0000BF044FE139878B12088ADF80400308864
:10C2C000ADF80670401EADF808000598ADF80A00FC
:10C2D0000AA929980BF032FE129878B1B0880AA901
:10C2E000401CADF80400A088ADF808000598ADF832
:10C2F0000670ADF80A0029980BF020FE0098C0B136
:10C30000BDF92400BDF92010A9F10102ADF8041017
:10C31000904200DB1046ADF80800401A401C05B200
:10C32000002D70DD139850EA0A0066D0BDF9224056
:10C3300061E0BDF82000ADF80400BDF82400ADF8C0
:10C340000800B6F90200B4F90210401AA84200DB56
:10C3500005460FFA85F8002533E06088284406B2C8
:10C36000E088401B07B2BDF92200B04203DDBDF9F1
:10C370002600B84224DB04990D980FF01DFDBDF98D
:10C3800004103246049B0D980BF06AF88DF83800C3
:10C39000BDF92200B04207DCADF80660ADF80A60D6
:10C3A0000AA929980BF0CAFDBDF92600B84207DB9F
:10C3B000ADF80670ADF80A700AA929980BF0BEFD19
:10C3C0006D1C4545C9DB8DE026B2ADF80660ADF8C1
:10C3D0000A6029460D980FF0EFFCBDF904102B46BA
:10C3E00032460D980BF03CF88DF838000AA92998D0
:10C3F0000BF0A4FD641CA742E6DC139850EA0B0086
:10C400001DD0059C16E01AE026B2ADF80660ADF826
:10C410000A6029460D980FF0CFFCBDF904102B4699
:10C4200032460D980BF01CF88DF838000AA92998AF
:10C430000BF084FDBDF92600641CA042E4DABDF9CE
:10C44000200008F10101884200DC0846BDF82410F4
:10C45000ADF80400081A401C05B2ADF80810002D14
:10C4600040DD129850EA0A001BD0BDF9224016E0C8
:10C4700026B2ADF80660ADF80A6029460D980FF0B7
:10C480009BFCBDF904102B4632460D980AF0E8FFDC
:10C490008DF838000AA929980BF050FD641CA742BA
:10C4A000E6DC129850EA0B001CD0059C15E026B281
:10C4B000ADF80660ADF80A6029460D980FF07CFCD7
:10C4C000BDF904102B4632460D980AF0C9FF8DF8CD
:10C4D00038000AA929980BF031FDBDF92600641C2B
:10C4E000A042E4DA1BA80AF0DDFF25980BF00CFB54
:10C4F0008FE62DE9FF478EB00C46824615461C217B
:10C5000002A81A9E0FF02AFCCDF808D0BDF844000E
:10C51000ADF810008DF82060B4F90200B5F90210F2
:10C52000884201DC012700E00027B4F90600B5F9D4
:10C530000610884201DB012600E00026B4F9000065
:10C54000B5F90010884201DC012100E00021894694
:10C55000B4F90410B5F90420914201DB012100E097
:10C560000021ADF80000A088ADF804006088ADF8A7
:10C57000020068888846401EADF806001FB102A977
:10C5800050460BF0DBFCE888401CADF80200E08868
:10C59000ADF806001EB102A950460BF0CFFC208872
:10C5A000ADF800002888401EADF8040017B1B5F9B9
:10C5B000020001E0B4F90200ADF8020016B1B5F9CD
:10C5C000060001E0B4F90600ADF80600B9F1000F6D
:10C5D00003D002A950460BF0B1FCA888401CADF86E
:10C5E0000000A088ADF80400B8F1000F03D002A944
:10C5F00050460BF0A3FC12B0BDE8F0872DE9F04FD8
:10C600008B46A2F57F4195B091460646FF3944D04E
:10C61000746A208C8046984204D02384608C40F059
:10C62000080060844FF4802A5146204611F06CFCCB
:10C6300007465146204611F082FC0546B7F90870BE
:10C64000304606F013FAB0F916107A1909FB0211F8
:10C6500005EBD570A1EB6000ADF8060038446D1E07
:10C660002844ADF80A00706A818AADF80410008B86
:10C67000ADF8080006A80BF06BFA06AA5146204652
:10C6800011F000FF01AA06A958460BF04DFAA4F8D4
:10C690002080608C20F00800608415B0BDE8F08F29
:10C6A0002DE9F0430E46A2F57F4191B09046054634
:10C6B000FF3956D06C6A278C9F4204D02384608C4B
:10C6C00040F00800608406A80AF076FC4FF4802948
:10C6D00006AA4946204611F027FE4946204611F099
:10C6E0002EFCADF82A00284606F0C0F9050038D027
:10C6F0000698B5F91620B0F90810BDF92A0000EB2C
:10C70000010C08FB0C2200EBD073A2EB6302104477
:10C71000491EADF80A200844ADF80E00A08AADF815
:10C720000800208BADF80C0002AA0EA8B168FBF738
:10C73000C6FE88B10EA8D6F80880B06028460EF074
:10C74000ECFB03460020009005F1140206A93046D8
:10C750000AF092F9C6F808802784608C20F008005F
:10C76000608411B0BDE8F0832DE9F0412E4D0746FD
:10C77000686809F0B3FE04463868C66B716B09B18E
:10C7800030468847686800680188408811FB00F0DF
:10C79000E168884201D1012000E00020216859B100
:10C7A000616849B128B107E068680068816A01B131
:10C7B000884720690028F7D101202061696809684D
:10C7C000C9688A69D20702D08969890700D4002024
:10C7D0006061606908B1012500E0002538684169A1
:10C7E00071B1016911F0300F06D0490704D5D6E9BF
:10C7F000001000F01BF803E0D6E90021FEF730FA44
:10C80000206800280BD06168002908D03A68127CA3
:10C81000AA43D20703D1A268824202D1A160BDE837
:10C82000F081A060FBE700009C0200202DE9F34F9F
:10C8300005468A4893B041680E683069820701D581
:10C8400042076ED4C0F3011002281ED0012801D087
:10C85000032866D100200F90084609F03FFE83466A
:10C86000A988B5F90000EA88091A491C0CB2B5F983
:10C870000210521A521C17B24FF4A052B2FBF4F33A
:10C88000BB420FDAB2FBF4F20DE029463046149AAF
:10C8900000F0F0F8149A15B029463046BDE8F04F84
:10C8A000FEF7DEB93A460C920791317CC1F30111D3
:10C8B000012905D06880611E0844E8800020BDE0A1
:10C8C0007188081A401EE880001B401C6880F5E74C
:10C8D0000C99A7EB0A00884200DD084600B20190DF
:10C8E0000120CBF81000BAF1000F20D1A7421EDBC7
:10C8F0000194307CC0F30110032810D000202146A1
:10C90000149A00F0EAF8307CC0F30110012809D035
:10C9100031880798081A401EA880001B56E00120A5
:10C92000EDE797E0079828800798204466E00F9885
:10C9300020B94FF420500FF0A5F80F90307CC0F3D1
:10C94000011003281BD000208646DDF850C0019955
:10C950000F980A9014FB01F0401E0D90601E484392
:10C960000E9000208146884222DA0E9ABEF1000F16
:10C9700002EB090001D00D9A101A002212E00120EA
:10C98000E2E70A9BBEF1000F03EB400863460CF19F
:10C99000020C1B88A8F8003001D0084400E0401ABF
:10C9A000521C12B2A242ECDB09F1010000B2D9E73D
:10C9B000307CC0F3011001281BD031880798091A78
:10C9C000A1EB0A00401EA8800199401A401C288053
:10C9D00001990AEB0108B84513DBDBF81800C00722
:10C9E0000FD0DBF8180080070BD50120CBF814001E
:10C9F0000AE007985044288001990844401EA88006
:10CA0000E6E70021CBF814100F9828B1024629461A
:10CA10003046FEF725F905E0149AF8E7B16A09B146
:10CA200030468847DBF810000028F7D101981499A8
:10CA3000604301EB400014900FFA88F08246B84240
:10CA4000FFF646AF0F98002804D015B0BDE8F04FB0
:10CA50000FF064B815B0BDE8F08F00009C02002014
:10CA600030B504880D8805801088088018881080EB
:10CA70001C8030BDF8B58B880C884D881B1BCC887A
:10CA80005B1C641B641C13FB04F300245B1E0DE0A1
:10CA900002EB430602EB44073588ADF80050B7F8C7
:10CAA00000C0A6F800C05B1E3D80641CA342EFD806
:10CAB00043884C88CA881B1B5B1ECB8043889A1A0C
:10CAC000521E4A8003880C888A881B1B5B1E8B8041
:10CAD0000088801A401E0880F8BD2DE9F0470C46FA
:10CAE00017468246002601EBD47931E00025601C10
:10CAF00000EBD07827E0A01B401E01B2601B401E57
:10CB000000B2BAF1000F0AD015FB041207EB420382
:10CB100011FB040107EB410210FB046009E010FB6C
:10CB2000046207EB420311FB040007EB400215FB14
:10CB3000041007EB400116FB045007EB4000FFF721
:10CB40008FFF6D1C2DB2B5EB680FD4DB761C36B2AF
:10CB5000B6EB690FCADBBDE8F08700002DE9F047AE
:10CB6000A2B005460CF02CFD044628460CF0F0FC63
:10CB70008246606A0EF0D1F9054694F85400C00769
:10CB800077D004A80AF0E4FF4FF4E02904AA49464C
:10CB9000204611F077FC04F1480101A808F052F892
:10CBA000606ABDF80410828A1144ADF80410BDF823
:10CBB0000610C08A01AA0844ADF80600606ABDF8F4
:10CBC0000810808A0844ADF80800606ABDF80A10B1
:10CBD000C08A0844ADF80A0004A950460AF0A4FF30
:10CBE0004946204610F062FF06464946204611F0AD
:10CBF00071F887194946204611F0F6F84FF0000801
:10CC00001D490644CDF87480CDF87880206D096800
:10CC1000284488470246206D41191DA80EF0CCFF1C
:10CC2000BDF8040055223844ADF80400BDF80600F4
:10CC300041463044ADF80600606A11F0DBF8054665
:10CC400012A80AF0B9F912AA4946204611F06CFB65
:10CC50009DF81300022804D8BDF85400A9B28842F8
:10CC600007D01DAB01AA12A95046CDF8008009F0EB
:10CC700003FF22B0BDE8F087840300202DE9F04FC8
:10CC8000C3B0054630300E462690FCF708F9002860
:10CC90007DD105F1140241A8B168FBF710FC002812
:10CCA00075D041A8D6F808A0B0603CA80AF013FAE5
:10CCB0004FF4E0243CAA2146284611F085FB2CA81D
:10CCC0000AF046FF9DF8F8008DF8B30047F6FF70B4
:10CCD000ADF8B0002146284611F079F900EBD0708C
:10CCE00047102146284611F072F900EBD0704FEA48
:10CCF000600B314668460FF017FF29A8069018A868
:10CD000004906448019005200D9402902698FCF749
:10CD10004DF8B6E00A223CA929A80EF04DFF3822B2
:10CD20002CA918A80EF048FFE088ADF8A400E08810
:10CD3000ADF8640012A809903FA80A90607BC00774
:10CD400004D0B4F90000B4F902100FE0B4F90410F3
:10CD5000A1F5FE40FF3875D0A2883AAB2846A168FD
:10CD600008F040FFBDF9E800BDF9EA10AA8A1044B6
:10CD70000FFA80F8E88A08440FFA80F9C7B1BBF1CE
:10CD8000000F15D001204090A8EB070000E07DE0E7
:10CD9000ADF89C0008EB0700ADF8A000A9EB0B0074
:10CDA000ADF89E0009EB0B00ADF8A20027A801E04A
:10CDB000002040900390207B81072CD0C00702D038
:10CDC000B5F9140000E04046ADF84800ADF84A90CF
:10CDD000217B4846890702D5B5F9181000E0414685
:10CDE000ADF8FC10ADF8FE006A461A2128460CF09A
:10CDF000E9FB3FAB12AA29A930460AF05FF9409837
:10CE000020B127AA18A930460AF08EFE6A461B21D7
:10CE100028460CF0D7FB217B11F00C0F2DD040469B
:10CE2000ADF84880490702D5B5F9161000E049462B
:10CE3000ADF84A10ADF8FC00207B000703D5B5F92A
:10CE40001A0001E019E04846ADF8FE006A461A21D2
:10CE500028460CF0B7FB3FAB12AA29A930460AF0CE
:10CE60002DF9409820B127AA18A930460AF05CFE97
:10CE70006A461B2128460CF0A5FB21462698FBF7A5
:10CE800092FF04007FF446AFC6F808A043B0BDE8A7
:10CE9000F08F0000EC9C02082DE9F04F88468A686C
:10CEA000A7B0044600F1140124A8FBF708FB0028F2
:10CEB0007ED0D8F808001F9024A9C8F808100021D7
:10CEC000204610F0E1FD05460021204610F0D8FE76
:10CED000284400B220900021204610F055FF28443D
:10CEE00005B2204610F041F8B4F88410484340F3EE
:10CEF0000F201B90204610F01EF8B4F8861048430F
:10CF000040F30F201D9018A80AF0E5F818AA002198
:10CF1000204611F059FA414668460FF005FE0026FA
:10CF200018A80690701E0E90DFF8CCA10D96CDE9E2
:10CF300001A609966A461A2120460A960CF042FB81
:10CF400020463122314610F055FF00F0FF09002144
:10CF5000204610F099FD834620463322314610F0DA
:10CF600049FFC6B2204610F0FBF82390204610F08F
:10CF7000C3F9B4F87E10E9B3E18A2944081A00B273
:10CF80001E90A08AADF84C00208BADF85C00002507
:10CF9000B4F97E70B9F1020F40D9BBF1000F3DDD4D
:10CFA000B00707D50021204610F0EEFE10B900E0D2
:10CFB0009FE00125F00731D00021204610F012FE3D
:10CFC00060BB7F1E3FB229E01D9810FB05F1B4F84D
:10CFD0007E006A46401E91FBF0F01E990844ADF8B1
:10CFE0004E00ADF85E000120CDE901A013A8099024
:10CFF00017A800E014E00A901A210E9520460CF0C4
:10D00000E1FA17AB13AA18A940460AF057F86A4686
:10D010001B2120460CF0D6FA6D1C2DB2BD42D3DB8D
:10D02000B4F88000F0B3A18A209800270144239827
:10D03000081A00B21C90E08AADF84E00608BADF883
:10D040005E00B4F98050B9F1020F13D9BBF1000FA3
:10D0500010DD700705D50021204610F011FE00B943
:10D060000127300706D50021204610F045FE08B9FB
:10D070006D1E2DB256460DF14C0B0DF15C094FF0B3
:10D08000020A26E01B9810FB07F1B4F880006A46FC
:10D09000401E91FBF0F01C990844ADF84C00ADF82F
:10D0A0005C0000E017E00E97CDE9016ACDE909B90F
:10D0B0001A2120460CF086FA17AB13AA18A940468D
:10D0C00009F0FCFF6A461B2120460CF07BFA7F1C0E
:10D0D0003FB2AF42D6DB4FF0FF300E9000200990F8
:10D0E0000A906A461B2120460CF06CFA1F98C8F87B
:10D0F000080027B0BDE8F08FEC9C02082DE9F04F46
:10D10000D3B005460CF05CFA044628460CF020FA31
:10D110004F9010A920460FF042FF002169222046BF
:10D1200010F068FE054600216A22204610F062FEDB
:10D13000BDF84010BDF84420491BADF840102A440A
:10D14000BDF84230ADF844201B1ABDF84650511AC4
:10D150002844ADF84600C01A401C0FFA80FAADF81A
:10D160004230D4E90A02491C0FFA81FBA2EB000805
:10D17000D34501DB012100E00021894600213E91D9
:10D1800094F85C1001F00301012908D1002806DAA7
:10D19000002A04DD216B814201D101203E90002153
:10D1A000204610F079FD21900021204610F0B0FDBE
:10D1B00036900021204610F0F3FD209000212046FB
:10D1C00010F01CFD359004F1340010A9139007F005
:10D1D0001EFDA18E21980844A086218F3698081A3A
:10D1E0002087E18E20980144E186618F3598081AE6
:10D1F00000B26087B9F1000F11D0E18E401A401CD7
:10D2000000B204281DDAE18A0AEBDA726FF001003D
:10D2100000EB62000844E086001D608711E0218F6A
:10D22000A08E081A401C00B204280ADAA18A0BEB6F
:10D23000DB726FF0010000EB62000844A086001D65
:10D240002087218FA08E081A401C00B21890618F91
:10D25000E08E081A401C00B22290B9F1000F05D0F0
:10D2600004F13805DC48189F139E04E004F13606EB
:10D27000DA48229F351D3A90A36D581C14D0216DB9
:10D28000A06A626D091A101A7943784391FBF8F18C
:10D2900090FBF8F009B200B2401A5843C21700EBF5
:10D2A000126001EB202005E0216BA06A081A784388
:10D2B00090FBF8F000B21690A26C501C14D0216CB8
:10D2C000A06A636C091A181A7943784391FBF8F144
:10D2D00090FBF8F009B200B2401A5043C21700EBBD
:10D2E000126001EB202005E0D4E90910081A784308
:10D2F00090FBF8F000B23F9020460021162210F07B
:10D3000079FDC0B2B9F1000F28D001280AD130460A
:10D310002E4605463F98404200B23F901698404244
:10D3200000B2169031883F980844288031881698BA
:10D33000084430803E9888B3A06A4042784390FB0E
:10D34000F8F000B2B9F1000F15D031880844B5F9F2
:10D35000001000B281420BDD308039E029883F980F
:10D36000081A401C308029881698081A2880E1E79E
:10D37000318028802CE02988081A401CB6F900105A
:10D3800000B2814201DD288001E029803080B5F9BA
:10D390000010B6F900008142EADB19E0FFE73A9994
:10D3A00013988847012813DC35A84F990FF0BCFB70
:10D3B0004FF4003042908A483690002037901398FE
:10D3C000389035AA1A2120460CF0FCF835AAFBE06B
:10D3D00050A8139907F01BFC68460AF0B9FB4FF4FC
:10D3E00000356A462946204611F04CF823A84F998B
:10D3F0000FF09AFB4FF000087948CDE924083095EA
:10D40000CDF89CD013982690454623AA1A21204691
:10D410000CF0D8F820460B22294610F0EBFC05B2A0
:10D4200058465146D34500DB0846B5EB600F00DD9A
:10D430004510229A1899BDF90000914200DB11466F
:10D44000B0EB610F00DD4810B9F1000F02D0228F60
:10D45000A18E01E0628FE18E511A491C09B2B1EB35
:10D46000400F18DD9DF8220012909DF803709DF882
:10D470001A608DF803808DF81A808DF82280694635
:10D48000139A4F980AF050FB12988DF803708DF89C
:10D490001A608DF82200A18A219800230844ADF873
:10D4A0003401218B36982A46081AADF83801E18AF2
:10D4B00020980844ADF83601618B3598081AADF80C
:10D4C0003A014DA947A80AF075FA002147A809F0CA
:10D4D00025FE17909DF822608DF8228045468DF834
:10D4E000368010A90EA807F092FBBDF838102198DD
:10D4F000084400B2ADF83800BDF83A202099114434
:10D500000BB2ADF83A30BDF83C203699511A0AB248
:10D51000ADF83C20BDF83E703599791A09B2ADF8E6
:10D520003E10B9F1000F12D0C81A401C00B20428F6
:10D530001FDAE18A0AEBDA726FF0010000EB620099
:10D540000844ADF83A00001DADF83E0011E0101A95
:10D55000401C00B204280CDAA18A0BEBDB726FF0DE
:10D56000010000EB62000844ADF83800001DADF882
:10D570003C00BDF90020002319A813990AF01AFAFB
:10D58000002119A809F0CAFD07460EAA69464F985E
:10D590000AF0CAFA8DF822608DF803508DF81A50FF
:10D5A0008DF836506946139A4F980AF0BDFA19A8BB
:10D5B00009F078FF47A809F075FF38460AF0A4FA89
:10D5C00017980AF0A1FA23AA1B2120460BF0FAFFB4
:10D5D00053B0BDE8F08F0000DF4C0108874C010814
:10D5E000585E04082DE9F047B8B005460BF0E8FF97
:10D5F000044628460BF0ACFF82460021204610F07E
:10D600000AFA01280CD00027204606F0C7F8054684
:10D6100094F85C00002600F00300012802D008E026
:10D620000127F1E7A06A002803DAE06A002800DD9C
:10D63000012620468DB10FF0ECFC804626B1606AD1
:10D64000002801DAA08E05E017B1B4F9340001E03A
:10D65000B4F93800ADF894000BE010F083FD80467B
:10D6600026B1606A002801DA608F00E0E08EADF834
:10D67000960012A80AF06CFA4FF4403612AA31460E
:10D68000204610F0FFFE2B46424625A9204615F005
:10D690006CFC04F1680025A9814607F0CAFA5146DE
:10D6A00068460FF041FA2F48019000200290CDE922
:10D6B0000D6012AECDE90396204613F09DFA0228C4
:10D6C00006D06A461A2120460BF07CFF4A463CE011
:10D6D000382212A927A80EF06FFA6A461A212046AE
:10D6E0000BF070FF4A4612A950460AF01DFA6A462E
:10D6F0001B2120460BF066FF45B127B1B4F9380075
:10D70000ADF8940005E0B4F93400F9E7608FADF8A6
:10D7100096002B46424625A9204615F026FC04F12A
:10D72000600025A9054607F084FA382227A912A827
:10D730000EF042FA02A9012081E861000E906A46CB
:10D740001A2120460BF03EFF2A4612A950460AF045
:10D75000EBF96A461B2120460BF034FF38B0BDE8D8
:10D76000F0870000545F04082DE9F0438FB00446B1
:10D770000BF026FF05460FF08DFC074603A809F0C5
:10D780001BFC03AA0021384610F0CEFD28460DF000
:10D79000BFFB28B19DF8290040F001008DF8290059
:10D7A00020460BF0D5FE816804460E4607F11402B0
:10D7B0000DA8FAF784FE002850D00DA8A0600BA990
:10D7C000384605F0CBFBA88AADF80400E88AADF82E
:10D7D0000600288BADF80800BDF82E00ADF80A0051
:10D7E00001AA1046A168FAF76AFE4FF000090DF190
:10D7F000040878B1A7682846C4F808800DF08DFBAE
:10D80000034605F1140203A92046CDF8009009F063
:10D8100033F9A760A88AADF80400BDF83200ADF86E
:10D820000600288BADF80800688BADF80A0001AA45
:10D830001046A168FAF743FE78B1A7682846C4F8F5
:10D8400008800DF06AFB034605F1140203A9204687
:10D85000CDF8009009F010F9A760A6600FB0BDE800
:10D86000F08300002DE9FF4F9FB0987B8A7E00F087
:10D870000F04DDF8B0E00E46032C18D0012C1DD0AB
:10D88000022C21D0042C13D0082C7DD1A24D4FF0B6
:10D89000FF0A6101FD2A2FD2A04F3878904202D1B1
:10D8A0007868A04225D00020DFF874821FE00424AD
:10D8B000994D4FF0F00A103D1021EBE7964D4FF0D7
:10D8C000800A163D0221E5E7934D4FF0C00A143D52
:10D8D0000421DFE715F800C0BCF1FF0F1DD01CFBD1
:10D8E00002FC4FEA1C2C00BF08F800C0401C884214
:10D8F000F0D38B4D3A707C601F9AB3F8068018897C
:10D9000007902199926808FB04F0B1F90010B2F970
:10D910000030994203DB002302E09446E4E75B1AFF
:10D920009B46B2F9043001EB08079F4201DC4146F7
:10D9300001E0591A491C89462199B2F90230B1F91E
:10D940000210994201DB002300E05B1A1193079B50
:10D95000B2F906200B44934201DC079901E0511A09
:10D96000491C0A91119941430BFB04100EEBD001A5
:10D9700000F007072C911C2115A80EF0EFF9B089D3
:10D98000ADF85C00B07E00E0C2E08DF86C00B07FC6
:10D99000C0F3C2008DF86D00FBF7B2FC08F0A2FDE9
:10D9A000079A08FB02F1814200DC08461C900EF049
:10D9B00069F80790189021980026018801EB0B0266
:10D9C000ADF80C200188A9F1010001442198ADF8BF
:10D9D00010104388119818448B1AADF81200ADF856
:10D9E0000E00ADF83810ADF834200A99ADF83600C5
:10D9F0005B1C08441BB2ADF83A000B930DA809F06C
:10DA00006DFD1D9003A815901A90C4F1080008EB55
:10DA10000B010F90A1EB090060431290119860E098
:10DA200033462AFA07F059464FF0000C1FE02C9AB3
:10DA3000DDF83C801278A8EB0708024032FA08F2C1
:10DA400005D015F80280079A02F8068002E0079ACE
:10DA500002F806C00F9A974202D22744E04004E041
:10DA60002C9A0027521C50462C92491C761C494582
:10DA7000DDDB1D9880B10798BDF912201844BDF96F
:10DA80000C1080460B9B09F0EBFC8DF8640018B974
:10DA900040460B990EF062F9A9EB0B0081191C9816
:10DAA000814205D2BDF81200401CADF812000EE014
:10DAB00002208DF8640015A91F980AF03FFABDF8FE
:10DAC0001200401CADF80E00ADF8120000261298AE
:10DAD0002C99384401EBD00100F0070701982C91F4
:10DAE000401C0A99019088429ADBBDF90E10BDF9DD
:10DAF0001200814209D0401EADF8120002208DF8BC
:10DB0000640015A91F980AF019FA07980EF006F894
:10DB100023B0BDE8F08F0000DA5F0408CC030020DA
:10DB2000803401202DE9F04F8346B1F902000C4604
:10DB3000401E411000F001004618B2F90050B3F940
:10DB4000000089B0854200DA2846ADF80000B2F93D
:10DB50000000B3F90030984200DC1846401EADF8D2
:10DB600004005088801BADF8020050880844ADF8CE
:10DB7000060069460846DBF80820FAF7A0FC0028F2
:10DB80001FD0E08818B1A08808B1012700E0002765
:10DB90000125684609F0A2FC00B907B100251C2147
:10DBA00002A80EF0DBF8CDF808D02088ADF8100000
:10DBB000207A6E468DF8200035B102A958460AF049
:10DBC000BDF909B0BDE8F08FBDF80410BDF9000043
:10DBD000BDF90680091A491C0DB2BDF80210ADF856
:10DBE00006104FF0000A47B1B4F90610B4F904204A
:10DBF000114490FBF1F201FB120A28460DF042FF9E
:10DC0000079605908146BDF902603EE029464846E8
:10DC10000EF0D2F8BDF900102B4632B2484609F09A
:10DC20001FFC8DF818000FB300B3002150460B46BF
:10DC300017E000BFB4F90420824205DB121A114438
:10DC4000104409B200B208E0B4F906C0624482424E
:10DC500001DC002001E009F80130491C401C09B238
:10DC600000B2A942E6DB02208DF8180002A958464E
:10DC70000AF064F9BDF80200401CADF80200BDF8DE
:10DC80000600401CADF80600761C4645BEDD484641
:10DC90000DF044FF95E700002DE9FF4FB2F9024077
:10DCA000B3F90250C5B0AC4208DA128864F31F40E1
:10DCB00062F30F0065F31F411A8807E01B8865F3C4
:10DCC0001F40128864F31F4163F30F0062F30F01DA
:10DCD0000FFA81F904B20514A9EB04064FEA214AB0
:10DCE000AAEB05070391002E01DD314600E07142E9
:10DCF000002F01DD384600E07842814201DD01203D
:10DD000000E0002015904698B0F90210159858B11F
:10DD1000002F01DD384600E078424201002E01DD8F
:10DD200030460CE070420AE0002E01DD304600E093
:10DD300070424201002F01DD384600E0784292FB3C
:10DD4000F0F0AB4A105C10FB01F03F30C0114FEA1D
:10DD5000600800F0010202EB080B49464C4500DA6E
:10DD60002146A1EB0001ADF8581001DD214600E08D
:10DD700049460144ADF85C105146554500DA294644
:10DD8000A1EB0001ADF85A1001DD294600E0514633
:10DD90000844ADF85E00459816A982680846FAF76F
:10DDA0008EFB00287ED01598002100287BD0002E05
:10DDB00016DDAAEB080000B2CDE90001A5EB0800D2
:10DDC00002B24B46214620A809F02CFC0AEB0B00BE
:10DDD000012100B2CDE900014B4605EB0B0015E037
:10DDE0000AEB0B0000B2CDE9000105EB0B0002B21B
:10DDF0004B46214620A809F015FCAAEB080001219A
:10DE000000B2CDE900014B46A5EB080002B2214665
:10DE10000AA809F007FC002120A809F07FF9189052
:10DE200000210AA809F07AF9159046984FF0FF39B9
:10DE3000C846407AC00623D4A819032100B2CDE910
:10DE40000001E01B03B22A4621462BA809F0EAFB99
:10DE5000039902200A14911909B2CDE90010039820
:10DE600001B2C81B03B236A809F0DCFB00212BA8C5
:10DE700009F054F98146002136A809F04FF980468F
:10DE8000BDF85C00BDF85810401A401C04B2FBF706
:10DE900037FA08F027FB054616A806F000FFA8424F
:10DEA00006D201E0A1E027E016A806F0F8FE05463C
:10DEB000AA4628460DF0E6FD8346BDF95E70BDF822
:10DEC0005A00ADF85E000025514658460DF074FF2B
:10DED0001C2119A80DF042FF16A919914698008837
:10DEE000ADF86C004698BDF95A60007A8DF87C0058
:10DEF000CDF870B01E9145E009EB0B00CDE900A113
:10DF000003B204EB0B0001B22A4620A809F08AFBF9
:10DF10000121A9EB0800CDE900A103B2A4EB0800A0
:10DF200001B22A4674E700BFBDF958100BEB05009B
:10DF3000234632B2079009F093FA8DF8740018B9AD
:10DF4000214607980DF00AFF25442919514505D2AD
:10DF5000BDF85E00401CADF85E0012E002208DF8B6
:10DF6000740019A9459809F0E9FFBDF85E00002585
:10DF7000401CADF85A00ADF85E00514658460DF011
:10DF80001BFF761CBE42CFDDBDF95A10BDF95E0005
:10DF9000814209D0401EADF85E0002208DF8740069
:10DFA00019A9459809F0CAFF58460DF0B7FD20A8F9
:10DFB00009F078FA0AA809F075FAB9F1FF3F02D022
:10DFC0002BA809F06FFAB8F1FF3F02D036A809F08C
:10DFD00069FA189809F098FD159809F095FD4846DA
:10DFE00009F092FD404609F08FFD49B0BDE8F08F81
:10DFF000DA6004082DE9F04F8346B1F902000C46BF
:10E00000401E411000F00100158889B00844281A0C
:10E01000ADF8000010880844ADF80400B2F9021011
:10E02000B3F90200814200DA0846ADF80200B2F905
:10E030000200B3F90210884200DC0846401EADF829
:10E04000060069460846DBF80820FAF738FA002887
:10E050001FD0E08818B1A08808B1012600E0002692
:10E060000127684609F03AFA00B906B100271C21D9
:10E0700002A80DF073FECDF808D02088ADF810008E
:10E08000207A6D468DF8200037B102A9584609F074
:10E0900055FF09B0BDE8F08FBDF80400BDF80010D1
:10E0A000BDF90670401A401C0FFA80F9BDF8020055
:10E0B000ADF8060048460DF0E5FC82460590079550
:10E0C000002056B1B4F90600B4F904100844BDF9B3
:10E0D000021091FBF0F200FB12108046BDF90250D5
:10E0E00031E0494650460DF067FEBDF900104B4641
:10E0F0002AB2504609F0B4F98DF81800A6B178B1EB
:10E10000B4F90410414502DA00208DF81800B4F982
:10E110000600B4F904100144414501DC4FF0000849
:10E1200008F101000FFA80F802A9584609F006FF2D
:10E13000BDF80200401CADF80200BDF80600401C0E
:10E14000ADF806006D1CBD42CBDD50460DF0E6FC7F
:10E150009FE77CB505460BF033FA446A28460BF07E
:10E16000F7F9626A0546816868461432FAF7A7F93A
:10E17000002835D0AE68C5F808D094F83C00800679
:10E1800021D5628FE08E824208D121232946204684
:10E19000FEF734FA2046628F21231DE02023294612
:10E1A0002046FEF72BFA2046628F20232946FEF7F1
:10E1B00077FA2046E28E01232946FEF71FFA204611
:10E1C000E28E012308E02046628F20232946FEF7D5
:10E1D00015FA628F204620232946FEF761FAAE60C9
:10E1E0007CBD00002DE9F04FD5B005460BF0E8F9F5
:10E1F0000446008E00287DD028460BF0A9F94F90E8
:10E20000608C49A940F00800608420460EF0C7FEEB
:10E210000025278C2584608CA94640F008012E46F5
:10E22000C846618433A809F093FC41A808F0C4FEF5
:10E230004FF4A02A33AA5146204610F023F941AAF0
:10E240005146204610F070F8608C002120F0080044
:10E250006084204627840FF0A9FD539000212046BA
:10E260000FF0D2FC5290002120460FF01BFD519080
:10E27000002120460FF052FD509020A84F990EF03B
:10E2800053FCB548CDF8B4A0CDE9210812A82490DC
:10E290000AA8259054E1761CB6B2606AAFA150F886
:10E2A0002600F2F7F1FB0028F5D0E06A30F81500FF
:10E2B000C0F30011002974D18846C0F3002109B1D0
:10E2C0004FF00108C0F3801010B148F0800014E056
:10E2D000A08EA84212D1B80601D548F02008B80790
:10E2E00001D548F00208780701D548F0040838073E
:10E2F00004D500E02CE148F008008046A06A00EB5D
:10E30000C50103A806F08CFCBDF80C10BDF8240173
:10E31000B8F1000F0144ADF80C10BDF80E20BDF8A7
:10E3200026110A44ADF80E20BDF810201044ADF8B7
:10E330001000BDF812000844ADF8120026D0A4F871
:10E340002080608C40F00801618412A809F000FC74
:10E350000AA808F031FE12AA5146204610F092F8A1
:10E360000AAA514620460FF0DFFF2784608C20F078
:10E3700008016184E06A30F81500C0F3C02000286D
:10E380009DF845000ED040F001000DE0382233A981
:10E3900012A80DF011FC202241A90AA80DF00CFCD6
:10E3A000E8E7C9E020F001008DF8450003A82390BC
:10E3B00020AA1A212E9520460BF004F99DF86B0037
:10E3C0004108C9063CD520F03E001E308DF86B0098
:10E3D000B4F914305199BDF90C2019448A4203D183
:10E3E00020F008008DF86B00B4F918205098BDF9A2
:10E3F0001010101A814205D19DF86B0020F010001A
:10E400008DF86B00B4F916205398BDF90E10104426
:10E41000814205D19DF86B0020F004008DF86B005F
:10E42000B4F91A205298BDF91210101A814207D17E
:10E430009DF86B008108490061F345008DF86B0081
:10E44000BDF81210BDF90E00091A491C0FFA81FB24
:10E450005FEA886108D5E16A31F81510490503D5EE
:10E46000A0EB0B00ADF80E0003AA12A94F9809F01B
:10E470005BFB606ABDF93C30BDF93A1050F82600EC
:10E480000890BDF82801BDF824C10A9AA0EB0C0041
:10E49000401C00B2CDE900109DF845C0CDF808C081
:10E4A00054A8089913F0ACFFBDF81010BDF80C008B
:10E4B000BDF95031091A491C09B2C91A01EBD171D1
:10E4C00000EB6100ADF80C00BDF81210BDF80EC0F5
:10E4D000BDF95221A1EB0C01491C09B2891A01EBCB
:10E4E000D1710CEB610109B21844ADF81000881825
:10E4F00002B2ADF80E10ADF812205FEA88600ED5BA
:10E50000E06A30F81500400509D50BEBDB70A1EB94
:10E510006001A2EB6000ADF80E10ADF81200CDF86E
:10E52000009003AA0AA9089B4F9808F0A5FA20AA10
:10E530001B2120460BF046F86D1C761CADB2B6B21E
:10E54000208EA8423FF6A9AE608C20F008006084BF
:10E5500055B0BDE8F08F0000905E04080A0000008E
:10E560002DE9F04FA7B005460BF02AF804462846DF
:10E570000AF0EEFF2290002120460FF08BFA0546AC
:10E580000021122220460FF035FC28440FFA80FBB0
:10E590000021132220460FF02DFC28440FFA80FAA8
:10E5A000002120460FF008FC28440FFA80F918A833
:10E5B00008F002FD18AA4FF4003120460FF0B4FE17
:10E5C000A06A08B1179009E080200DF05BFA0546BB
:10E5D0000146802220460AF0DBFD179594F83C00A6
:10E5E000002700F00F00012800D10127204600215C
:10E5F00016220FF0FFFBC0B2012800D10127E06A0C
:10E60000002868D00CF0B5F8804602280DD002A989
:10E61000E06A0CF011F801281BD04FF0FF363546A8
:10E62000E7B1A18A01EB0B001CE0BDF972009DF877
:10E630007D2041F6FF718DE80700BDF97430189A0E
:10E6400015A8E16A13F0DCFEBDF95460BDF956501F
:10E65000E6E70298C0F38A26450DE1E7218BA1EB9E
:10E660000A00801B711EADF814000844ADF81800B4
:10E67000B8F1020F5DD020460EF0CBFC401BE18AC2
:10E6800000EBD07001EB6000ADF81600691E084485
:10E69000ADF81A0011A808F0D5F94FF4003811AA06
:10E6A000414620460FF0EDFD06EBD6704010ADF868
:10E6B000480005EBD5704010ADF84A0020466E22A8
:10E6C00041460FF097FBADF8440005AA11A9E36A93
:10E6D000229808F083F909A808F06EFC09AA002125
:10E6E00020460FF021FEBDF936009DF8412041F68D
:10E6F000FF718DE80700BDF9383007A8099A17990E
:10E7000013F07EFEE18A01EB0900BDF81E10ADF8A2
:10E710000E000844ADF81200E06AE0B13FB3218B6F
:10E72000A1EB0A00BDF81C10B0EB0100ADF80C0025
:10E7300024E0E18A6D1E01EB0900ADF816002844C3
:10E74000ADF81A000020009005AA18A9E36A2298E3
:10E7500008F092F9BFE720460FF004FDBDF91C1048
:10E76000A28A401A00EBD07002EB6000DEE7A18ABB
:10E7700001EB0B00BDF81C10ADF80C000844ADF81F
:10E7800010000020009003AA09A9179B229808F006
:10E7900073F9A06A002802D117980DF0BFF927B0CD
:10E7A000BDE8F08F2DE9F04798B005460AF008FF64
:10E7B000044628460AF0CCFE064609A920460EF07B
:10E7C0008CFB94F848000025C10600D50125800681
:10E7D00001D545F00205002120460FF0FEFBA0F513
:10E7E0001C51D13904D1608C000501D445F00405D9
:10E7F0000BA808F0E1FBB4F84400ADF84200B4F80F
:10E800004600ADF844008DF849500BAA002120467F
:10E810000FF08AFD9DF848004FF0010808B98DF807
:10E820004880E06B0C90206C0D900C994FF6FF70B7
:10E8300081421ED00D9981421BD04FF4802927467A
:10E840005522494620460FF0D5FA02464946384639
:10E85000FAF7A0FB0090BDF80000ADF83A002046A2
:10E86000202249460FF0C6FA0090BDF80000ADF82E
:10E870003C0094F8480041F6FF7A00F007000228B7
:10E8800001D003281ED19DF84800022801D003289A
:10E8900018D1BDF93E10CDE9001A0295BDF94030FE
:10E8A0000B9A16A8616A13F0ABFDBDF82800BDF8FD
:10E8B0002410401A401CBDF9581000B2884201DAF9
:10E8C0008DF8488094F8480004F1300700F0070004
:10E8D000032809D0BDF82A00BDF82610401A401CB4
:10E8E00000B2B0F5806F00DA002709A914A8B26859
:10E8F000F9F7E5FD00287DD094F8480040070BD1DA
:10E9000020460EF0F9FC404202B2002109A806F0B0
:10E91000FFF9608BADF82A0094F848000DF150091A
:10E9200000F00700022813D0032811D0009709AA8D
:10E930000BA93046636A08F09FF8B068C6F80890E3
:10E94000804694F8480000F0070003280FD05FE0ED
:10E95000D6F80880C6F80890009709AA0BA9304697
:10E96000636A08F089F84046C6F80880E6E7BDF912
:10E970003E10CDE9001A0295BDF940300B9A06A869
:10E98000616A13F03DFDBDF82800BDF82410401A5F
:10E99000401CBDF9181000B2884219DA2022114635
:10E9A0000B980AF023FFB4F84410BDF8182000EBD0
:10E9B000400011440844ADF84200B4F84600ADF8F8
:10E9C0004400009709AA0BA93046636A08F054F87E
:10E9D000BDF82A00BDF82610401A401C01B2BDF94E
:10E9E0001A00814214DAB4F84410ADF842100B99C1
:10E9F000098900E00EE0B4F846200097104408446E
:10EA0000ADF8440009AA0BA93046636A08F034F84F
:10EA1000C6F8088018B0BDE8F0872DE9F04397B03C
:10EA200007460AF08FFD054638460AF0C9FD044640
:10EA30004FF48026152D7ED0182D7DD138460AF052
:10EA400087FD054607A808F0B7FA07AA3146204611
:10EA50000FF06AFC13A9204604F080FA13AA15A847
:10EA6000A968F9F72CFD002866D0204604F005F8C7
:10EA700081460CF04DFA28B19DF8390040F00100B4
:10EA80008DF8390020460FF06DFB064648460CF025
:10EA900044FA0146BDF92E000222CDE90006029299
:10EAA000BDF9303005A8079A13F0AAFC20460EF0F5
:10EAB000B0FAB4F9161000EBD076B9F9160001EBF4
:10EAC0006601471A48460EF0A4FAB90391FBF0F725
:10EAD000002120460FF01EFA0799B0F90800B1F99D
:10EAE0000810081A00EBD070BDF816104010091A73
:10EAF00009B2ADF81610E28A794302EB660202EB26
:10EB0000A1310F1A002120460EF0CAFF8046204690
:10EB1000002112220FF06EF9064620460021132232
:10EB20000FF068F9A28A06EB08011144ADF8401015
:10EB3000ADF8427001E023E01FE0218B081AA0EB42
:10EB40000800ADF84400BDF816003844ADF84600A2
:10EB50009DF8390040F002008DF8390015A8AC6826
:10EB6000A86048460CF0D9F903460020009010AA8E
:10EB700007A9284607F080FFAC6017B0BDE8F08316
:10EB800038460AF0E5FC054610A9204604F0E6F9EF
:10EB9000684608F0DDFF6A46314620460FF072FCF9
:10EBA00010AA6946284608F0BFFFE6E72DE9F043C2
:10EBB000ABB005460AF004FD044628460AF0C8FC3E
:10EBC0008146002120460FF079F8074600212046B3
:10EBD0000FF0B0F80646002120460FF0F9F8054680
:10EBE000002120460FF01CF8A18AE28AADF88A20A5
:10EBF000238BADF88C30B4F81AC03944ADF88810C6
:10EC0000991BADF88C10ACEB00005119ADF88E00DB
:10EC1000ADF88A1006A808F09BFF06AA4FF4003151
:10EC200020460FF02FFC22AA06A9484608F07CFFD8
:10EC300020460EF0EEF90546208BA18A411A491CA8
:10EC4000481B06B2606A411C06D07043C11700EB36
:10EC5000116040F30F2708E020460EF0ADFE10F0E3
:10EC6000010F01D0374600E0002720460021162280
:10EC70000FF0C0F8C0B2012801D1F01B07B2A08A82
:10EC80003844ADF800002844ADF80400E08AADF83F
:10EC90000200608BADF806004FF44037394620463D
:10ECA0000FF00CF80646394620460FF043F8804630
:10ECB000394620460FF08CF80546394620460EF0BE
:10ECC000AFFFBDF80010BDF80420891BADF800109F
:10ECD00002EB0801ADF80410BDF80210491BADF8B5
:10ECE0000210BDF806100844ADF8060014A808F09C
:10ECF0002FFF14AA394620460FF0C4FB6A4614A918
:10ED0000484608F011FF2BB0BDE8F0832DE9F04F25
:10ED1000E1B005460AF054FC044628460AF018FC07
:10ED20008246826804F1140130A8F9F7C8FB002874
:10ED30007ED0DAF808000F9030A8CAF80800204604
:10ED4000002132220FF056F800B2579000212046E1
:10ED50000FF044F85B90002120460EF067FF5D90B5
:10ED6000002120460EF0B0FF5A90002120460EF000
:10ED7000E7FF5990208C002609902684608C40F093
:10ED80000800608422A808F0E3FE4FF4A02522AA20
:10ED9000294620460FF076FB32A808F00DF932AA7A
:10EDA000294620460FF0C0FA09982084608C00277D
:10EDB00020F00800608420460EF0ACFA0146E28A9A
:10EDC0005B981044411A57980844401EADF816004D
:10EDD00020460EF098FA5890002120460EF021FEB1
:10EDE000012800D000208346514642A80DF09CFE29
:10EDF0004FF4A0204F90EB4843900020449014A87B
:10EE000046903AA84790002089E0E06A30F919104E
:10EE1000BDF816005491401C00B2491E0144ADF8E3
:10EE20001200ADF81610BDF9C61088427CDC00E077
:10EE30007DE0BBF1000F0AD0218B5998091A589830
:10EE4000091A5798081A401EADF8100009E0A18A67
:10EE50005A9801445898091A57980844401EADF82A
:10EE60001400002555E000205590A06A50F82700B6
:10EE700008B100785590BBF1000F0CD0BDF8100020
:10EE8000401EADF81400216B31F81510401A401CDB
:10EE9000ADF810000BE0BDF81400401CADF81000F8
:10EEA000216B31F815100844401EADF814000026FF
:10EEB0001DE0A06AB91950F82100E8B10078C00738
:10EEC0001AD0206BA919022202EB4101405EBBF16E
:10EED000000F05D0BDF81010081AADF8100004E0BE
:10EEE000BDF814100844ADF81400761CB6B2A08C1E
:10EEF0007119401E8142DCDBBDF91600BDF9C2105C
:10EF0000884217DAB819401C87B2A81980B2401C91
:10EF100085B2A08CA842A6D809F1010080B2E18C8C
:10EF2000814649453FF671AF0F99CAF8081061B0A4
:10EF3000BDE8F08FBDF91020ADF82820BDF9128092
:10EF4000ADF82A80BDF91410ADF82C10ADF82E00E4
:10EF500086469DF8AB00C0F3440043070DD5B4F9D5
:10EF600014C05A9B63449A4207DDBDF9A83003EBF5
:10EF7000D373A2EB6302ADF8282082070DD5B4F954
:10EF800016305B9A1A44904507DDBDF9A82002EBC4
:10EF9000D272A8EB6202ADF82A20020711D5B4F9AB
:10EFA0001830599A9A1A521E91420ADABDF9A820CD
:10EFB00002F0010302EBD27203EB62021144ADF8DE
:10EFC0002C10C00712D0B4F91A205D98101A401EF8
:10EFD00086450BDABDF9A80000F0010100EBD07006
:10EFE00001EB600101EB0E00ADF82E00E28E002176
:10EFF0004A457DD1A08EA8427AD1208C420602D407
:10F00000820600D52021820701D541F00201420786
:10F0100001D541F00401000701D541F008010029A4
:10F0200066D02184608C40F00801618414A808F047
:10F030008FFD3AA807F0C0FF4FF4A02814AA41465C
:10F0400020460FF01FFA3AAA414620460FF06CF90D
:10F0500009982084608C20F0080161840AA84590FA
:10F06000A18C42AA09FB015050901A2120460AF0B7
:10F07000A9FA0AAA14A9504608F056FDA06A50F849
:10F08000270000287ED04FF4A028414620460EF0ED
:10F090001BFE0C90414620460EF052FE1290414657
:10F0A00020460EF09BFE0290414620460EF0BEFD2B
:10F0B000BDF810300C9ABDF812C01A440FFA82F84D
:10F0C000BDF81430129AADF840809A1A13B2ADF818
:10F0D0004430029A01466244ADF84220BDF8162041
:10F0E0000020511AADF846105599C1F3400100E0D7
:10F0F00018E05E9101B10220A3EB0801491CBDF9A3
:10F10000FA2009B20092CDE90110A06ABDF9FC30E5
:10F11000329A50F827105CA8083113F071F95E9804
:10F1200058B11FE0382222A914A80CF045FD202276
:10F1300032A93AA80CF040FD90E75498BDF812109F
:10F14000BDF9722100EBD07001EB600302EBD272CB
:10F15000401000EB6200A3EB62030844ADF84230BC
:10F16000ADF8460004AA30A95FA8F9F7A8F948B19C
:10F170005FA90020CAF808100090A06A10AA50F8F1
:10F18000273000E007E03AA95046083307F074FC46
:10F1900030A9CAF8081042AA1B2120460AF012FA28
:10F1A000B0E600008C5F040830B5054691F82A00EF
:10F1B00089B00C4602285FD9E08C00285CD011464B
:10F1C00004A805F051FD208DBDF81010401E091A4D
:10F1D000ADF81010BDF81210091AADF81210BDF8F4
:10F1E00014100144ADF81410BDF816100844ADF821
:10F1F000160004A906A805F037FDBDF81810E08C2C
:10F20000BDF81220091AADF81810BDF81C100844FA
:10F21000ADF81C00BDF81A00E18C401AADF81A00D8
:10F22000BDF81E00E18C0844ADF81E00BDF81400C6
:10F23000BDF81010401ABDF81610401C891A491C60
:10F2400000B209B2B4F90020884200DA0146B2EBFC
:10F25000610F00DD4A10E08CA178104403B294F8ED
:10F260002A00CDE90201A08CADF80400009204AAA6
:10F2700006A92846FCF7F4FE09B030BD2DE9F0419F
:10F280008CB005460AF09CF9044628460AF060F95D
:10F290008046606A0BF041FE007800283BD1A06AEE
:10F2A000002838D00078002835D001A807F084FE67
:10F2B00001AA4FF4002120460FF036F894F86000C0
:10F2C000000705D59DF8210040F002008DF82100CF
:10F2D000002120460EF0FEFC0746002120460EF0DD
:10F2E00083FD0646002120460EF0E0FB054604F1B2
:10F2F000140109A805F0A6FC701902B2781901B230
:10F3000009A805F005FD0020009009AA01A94046C2
:10F31000A36A07F0B1FB0CB0BDE8F0817CB50446F0
:10F32000806961896D468668A08961B1002865D0D1
:10F33000814203D12289E3889A427CD302297BD07F
:10F3400003297AD0AFE010BBE088218988421ED221
:10F35000B4F9060012F090FFB4F90410B4F90E20CD
:10F36000891A48432168498801EBE030ADF8020072
:10F37000E0885A3000B212F07FFFA18810FB01F044
:10F380002168098801EBE030ADF8040040E0206816
:10F390000088ADF800002068A18840880844ADF8D6
:10F3A0000600B4F9060012F067FFB4F90410B4F9CE
:10F3B0000E20891A48432168498801EBE030ADF8F6
:10F3C0000200E0885A3000B212F056FFA18810FB0C
:10F3D00001F021683246098801EBE030ADF8040005
:10F3E00069460846F9F76BF830B1A0698560D4E941
:10F3F0000520216908F098FBA08970BB2068A188CE
:10F4000000880844ADF8040020684088ADF8020088
:10F41000B4F9080012F030FFA18810FB01F0216858
:10F42000498801EBE030ADF8060020895A3000B27F
:10F4300012F022FF02E015E012E00FE0B4F9041030
:10F44000B4F90E20891A484321683246098801EB35
:10F45000E030ADF8000069461AE024E0022801D04F
:10F46000012820D1206832460088ADF800002068CD
:10F470004088ADF802002068A18800880844ADF8F3
:10F4800004002068A18840880844ADF80600294699
:10F490000846F9F714F830B1A0698560D4E9052071
:10F4A000216908F041FBA06986607CBD7CB50446FB
:10F4B000806961896D468668A08901290CD0012880
:10F4C00067D0814203D12289E3889A427ED3002902
:10F4D0007DD003297CD0B5E0012822D1E0882189A4
:10F4E00088421ED2B4F9060012F0C6FEA18810FBB5
:10F4F00001F02168498801EBE030ADF80600E088B2
:10F500005A3000B212F0B8FEB4F90410B4F90E206B
:10F51000891A48432168098801EBE030ADF80400FE
:10F5200042E02068A1880088401AADF800002068F9
:10F530004088ADF80200B4F9060012F09DFEA188E3
:10F5400010FB01F02168498801EBE030ADF80600BE
:10F55000E0885A3000B212F08FFEB4F90410B4F90A
:10F560000E20891A484321683246098801EBE030B1
:10F57000ADF8040069460846F8F7A1FF30B1A0696C
:10F580008560D4E90520216908F0CEFAA089012818
:10F5900058D120680088401EADF804002068A1887A
:10F5A00040880844ADF80600B4F9080012F064FE83
:10F5B000B4F90410B4F90E20891A48432168498827
:10F5C00001EBE030ADF80200208902E018E010E025
:10F5D00014E05A3000B212F04FFEA18810FB01F087
:10F5E00021683246098801EBE030ADF80000694639
:10F5F0001DE0022804D0032802D023E0022821D1F4
:10F600002068A18832460088401AADF800002068C2
:10F610004088ADF8020020680088401EADF8040064
:10F620002068A18840880844ADF8060029460846AD
:10F63000F8F745FF30B1A0698560D4E9052021695C
:10F6400008F072FAA06986607CBD7CB504468069CA
:10F6500061896D468668A08902290CD002287ED077
:10F66000814203D12289E3889A4279D3002978D054
:10F67000012977D0D4E002283FD1E088218988424F
:10F680003BD25A3000B212F0F7FDA18810FB01F016
:10F690002168098801EBE030ADF80000B4F90600FC
:10F6A00012F0EAFDB4F90410B4F90E20891A4843A7
:10F6B0002168498801EBE030ADF80600B4F9080094
:10F6C00012F0DAFDA18810FB01F02168498801EBF6
:10F6D000E030ADF8020020895A3000B212F0CCFDC3
:10F6E000B4F90410B4F90E20891A48432168098836
:10F6F00001EBE030ADF8040066E020680088401EB1
:10F70000ADF804002068A1884088401AADF80200D6
:10F71000E0885A3000B212F0AFFDA18810FB01F072
:10F720002168098801EBE030ADF80000B4F906006B
:10F7300012F0A2FDB4F90410B4F90E20891A48435E
:10F7400021683246498801EBE030ADF80600694691
:10F750000846F8F7B4FE58B1A069856003E00AE0F6
:10F760003BE034E036E0D4E90520216908F0DCF91B
:10F77000A089022854D12068A1880088401AADF8D9
:10F78000000020684088401EADF8060020895A30ED
:10F7900000B212F071FDB4F90410B4F90E20891A08
:10F7A00048432168098801EBE030ADF80400B4F962
:10F7B000080012F061FDA18810FB01F02168498862
:10F7C00001EBE030ADF80200324669461DE0032847
:10F7D00003D025E0032800D010BB2068A188324662
:10F7E0000088401AADF800002068A1884088401ABF
:10F7F000ADF80200206829460088401EADF80400DC
:10F8000020684088401EADF806000846F8F757FE0D
:10F8100030B1A0698560D4E90520216908F084F938
:10F82000A06986607CBD7CB50446806961896D46AF
:10F830008668A08903290ED0032867D0814203D1AE
:10F840002289E3889A427ED302297DD001297CD087
:10F8500002297BD0B1E003281FD1E08821898842AA
:10F860001BD25A3000B212F007FDB4F90410B4F9FB
:10F870000E20891A48432168098801EBE030ADF871
:10F880000000B4F9060012F0F7FCA18810FB01F0AB
:10F890002168498801EBE03040E02068A1880088B9
:10F8A0000844ADF8040020684088401EADF806000A
:10F8B000E0885A3000B212F0DFFCB4F90410B4F959
:10F8C0000E20891A48432168098801EBE030ADF821
:10F8D0000000B4F9060012F0CFFCA18810FB01F083
:10F8E00021683246498801EBE030ADF802006946F4
:10F8F0000846F8F7E4FD30B1A0698560D4E9052039
:10F90000216908F011F9A089032856D120680088E0
:10F91000ADF800002068A1884088401AADF80200C8
:10F9200020895A3000B212F0A7FCA18810FB01F028
:10F930002168098801EBE030ADF80400B4F9080053
:10F9400012F09AFC03E016E010E013E00FE0B4F9C7
:10F950000410B4F90E20891A4843216832464988B8
:10F9600001EBE030ADF8060069461BE018B1012854
:10F9700001D022E008BB206832460088ADF80000C4
:10F980002068A1884088401AADF802002068A1884C
:10F9900000880844ADF80400206829464088401ECD
:10F9A000ADF806000846F8F78AFD30B1A069856019
:10F9B000D4E90520216908F0B7F8A06986607CBD0C
:10F9C00070B5A4B00C46054620AA22A90DF0A9FCEA
:10F9D00022A805F064F920B920A805F060F90028F4
:10F9E0003ED012A9284614F031FF012838D1214613
:10F9F00068460DF099F81B4801900220029012A869
:10FA000004904FF480300D9022A805F048F980B1A1
:10FA100022A803906A461A21284609F0D3FD22AA9B
:10FA200012A9204608F080F86A461B21284609F0F2
:10FA3000C9FD20A805F033F9002811D020AE6A4690
:10FA40001A212846039609F0BDFD20AA12A92046D6
:10FA5000039608F069F86A461B21284609F0B2FDB2
:10FA600024B070BDB09C02082DE9F04F88468A682A
:10FA7000B5B0044600F1140125A8F8F720FD0028D0
:10FA80007ED0D8F80800309025A9C8F808100021C9
:10FA900020460EF0F5F80646002120460EF074F9D7
:10FAA000299020460DF061FAB4F88410484340F3E1
:10FAB0000F2B20460DF03FFAB4F88610484340F370
:10FAC0000F20289004F124002790F9F75AF90546F1
:10FAD000002120460EF0BCF8B4F884104FF4A029A1
:10FAE0004843B4F882100212C1F1010303FB02B0D3
:10FAF00090FBF1F00FFA80FA494620460EF0A8F884
:10FB0000B4F88410C5F1010248430012219002FBB1
:10FB100000A0B0FBF5F007B2012F00DA01270021A9
:10FB200020460DF0B1FF054620460DF019FB301AB6
:10FB3000284400B2319020460DF0DEFB2999081AC6
:10FB4000284400B2329012A808F002F812AA4D46DA
:10FB5000494620460EF096FC9DF8570020F007001D
:10FB60008DF85700FF208DF84B00608BBDF84810D2
:10FB70000844ADF8AE00414668460CF0D5FF00E001
:10FB80008AE04748019004200D95002602907BE012
:10FB9000ABEB0A017143401E91FBF0F13198014437
:10FBA000A08A0E9608440FFA80F92798F9F7FEF814
:10FBB00066E0287BC0075FD12946204606F0ECF8B6
:10FBC0007A1E4A4412B2ADF8AC20219B01B23B44EC
:10FBD0004846ADF8A89003440FFA83F9BDF9943074
:10FBE0009A4249DBBDF9982090424BDC2889ADF858
:10FBF0004C008819B4F88210DDF8A0C090FBF1F237
:10FC000001FB12002A7B6968C2F3001304EB430274
:10FC100000B232F96C3F31F91010B2F90420C91A60
:10FC200001FB0CF1D21A91FBF2F1ACEB010232991B
:10FC3000E38A11441944ADF8AA10696831F910102B
:10FC4000A1F5FE42FF3A17D02AA9039112A91195F6
:10FC5000049169686A4631F9100010901A21204613
:10FC600009F0B0FC2AAA12A9404607F05DFF6A46D7
:10FC70001B21204609F0A6FC29462798F9F793F89E
:10FC8000050096D1761CB6B2B4F88200B0423FF6B9
:10FC90007FAF3098C8F8080035B0BDE8F08F00009D
:10FCA000EC9C02082DE9F04F89468A6800F11401A6
:10FCB000C1B005460F463CA8F8F701FC00287DD0EE
:10FCC0003CA9D9F808A0C9F80810B5F882000228A4
:10FCD00074D3002128460DF0D7FE044600212846A3
:10FCE0000DF0CEFF0619002128460EF04DF8044411
:10FCF00028460DF03AF9B5F88410484340F30F2038
:10FD00000F9028460DF017F9B5F88610484340F3D8
:10FD10000F20099028460DF023FA0146A88A3044A6
:10FD2000401A00B2399028460DF0E6FAE98A2144DB
:10FD3000081A00B23A9039463EA8D9F80820F8F7D8
:10FD4000BEFB00283AD027A807F0C5F927AA4FF430
:10FD5000A02128460EF038FB2AA807F0F9FE4FF440
:10FD600000342AAA214628460EF08CFB214628465C
:10FD70000EF02DF900EBD0704710214628460DF00B
:10FD8000BFFE00EBD07041108B46BDF99E005F4571
:10FD900001DA3A4600E00A4600EBD071B2EB610F9F
:10FDA00005DD9DF8A51041F010018DF8A510012882
:10FDB00007D19DF8A50040F0100000E086E18DF825
:10FDC000A500B5F882100F98814201DB012000E008
:10FDD00000203B9005F124003890F8F7E7FF70E130
:10FDE000207BC0077ED12089ADF89C002089ADF82A
:10FDF000AC002146284605F0CFFF00B20C903998A0
:10FE0000ADF81800ADF808000C98059013906168E3
:10FE1000099B31F91000217BC1F3001205EB42016F
:10FE200031F96C2FB1F90410801A5843891A90FBEC
:10FE3000F1F0191A3A980844ADF80A00494614A896
:10FE40000CF072FEA3481590032016904FF4A020EA
:10FE5000219027A81A902AA825941890BDF90A0085
:10FE6000039000260790E9E0BDF90810ADF81810DE
:10FE7000BDF80A00ADF81A00BAF90420781C104445
:10FE800081427BDC0F98B5F882207043531E90FBB3
:10FE9000F3F33998184400B2ADF808000C9B3344D2
:10FEA00093FBF2FC02FB1C3212B205926368DDF890
:10FEB00024C033F91220237BC3F3001305EB430363
:10FEC000B3F96C80B3F97030A2EB080202FB0CF2BC
:10FED000A3EB080392FBF3F2ACEB02033A9A1A4449
:10FEE00012B200E0E9E0ADF80A209046BAF900202D
:10FEF000D21B521E90423FDB002E3DD03B9AE2B314
:10FF00006368139A33F912C047F6FF72944533D0F1
:10FF1000DDF814C033F91C3093422DD0079B98456F
:10FF200001DA1A4600E04246039B0792984501DD3C
:10FF30001A4600E04246039281427BD0401EADF853
:10FF40001800ADF808000798ADF81A20ADF80A00BF
:10FF5000824202D1401CADF80A0002AB06AA27A9D2
:10FF6000484607F0ABF8BDF80800CDF80C80401CFF
:10FF7000ADF80800CDF81C805CE000E063E0BDF85F
:10FF80001800C11B3844ADF83800BDF81A00ADF8B0
:10FF90003410A0EB0B015844ADF83A00701E2290CB
:10FFA000ADF836106168139831F9101047F6FF70FC
:10FFB000814201D006A900E000211D9162680599E7
:10FFC000804632F91110414501D002A800E000201E
:10FFD0001E900DA817906168139814AA31F91000AB
:10FFE00024901A21284609F0EDFA6068139930F937
:10FFF000112042450AD0059930F91110414505D02C
:020000040801F1
:1000000002AB06AA27A9484607F058F86FB1BBF122
:10001000000F0AD06168139831F91010414504D0DF
:100020000DAA2AA9484607F07FFD14AA1B212846DD
:1000300009F0C8FA0598761CB6B21390B5F882009C
:10004000B0423FF611AF3B98B8BBB5F88200B04262
:1000500033D16168059831F91010A1F5FE40FF38E1
:100060002BD0BDF80800761EC11B3844ADF8301007
:10007000ADF83400BDF80A0014AAA0EB0B015844F7
:10008000ADF8360000201D901E900CA81790ADF81A
:10009000321022966168059831F9100024901A21D7
:1000A000284609F08FFA0CAA2AA9484607F03CFD19
:1000B00014AA1B21284609F085FA21463898F8F73A
:1000C00072FE04007FF48CAEC9F808A041B0BDE810
:1000D000F08F0000EC9C02082DE9F04F8A468A68F8
:1000E000B9B0054600F1140137A8F8F7E8F900287F
:1000F0007BD0DAF80800349037A9CAF8081000213C
:1001000028460DF0C1FC0446002128460DF0B8FD3C
:100110000646002128460DF037FE074628460CF01B
:1001200024FFB5F88410484340F30F20339028464D
:100130000CF001FFB5F88610484340F30F202490DF
:1001400028460DF00DF8A98A32191144081A00B298
:10015000259028460DF0D0F80146E88A3A19104457
:10016000401A00B228902CA806F0B5FF2CAA4FF434
:10017000A02128460EF028F916A807F0E9FC4FF454
:10018000003416AA214628460EF07CF9214628465E
:100190000DF01DFF00EBD0704FEA600921462846A4
:1001A0000DF0AEFC00EBD07043109846BDF9B200E4
:1001B0004A46C14500DB1A4600EBD071B2EB610F35
:1001C00005DD9DF8B91041F010018DF8B910012836
:1001D00005D19DF8B90040F010008DF8B90005F187
:1001E00024002A90F8F7E2FD3EE143E1207BC007BE
:1001F0007ED12089ADF8B0002089ADF85C002146A1
:10020000284605F0C9FD06B22598ADF8D800299614
:10021000ADF89C006068B34630F816000A282CD070
:10022000339800902068002330F91670207BC0F3CB
:10023000C00105EB4100B0F97820B0F974103846E0
:100240000BF0D3FB259900230844ADF89C002498BB
:100250000090606830F91670207BC0F3001105EB48
:100260004100B0F97020B0F96C1038460BF0BDFBBE
:100270002499081A2899084402E08048ADF89C00A7
:10028000ADF89E00514602A80CF04EFC4FF4A020A1
:100290000F907B480390032004902CA8089016A888
:1002A0000027139406909FE0BDF89C00ADF8D8009D
:1002B000BDF89E00ADF8DA002998B5F88220C11982
:1002C00091FBF2F002FB101006B2606830F91600E4
:1002D000A0F5FE41FF3969D024990091217BC1F33B
:1002E000001205EB4201B1F97020B1F96C1000E089
:1002F000B6E000230BF079FB24990023081A289913
:100300000844ADF89E0033980090217B2068C1F32B
:10031000C00105EB410130F91600B1F97820B1F9BF
:1003200074100BF062FB25990844ADF89C00EFB304
:10033000BDF8D800A0EB0901ADF8BC104844BDF8E9
:10034000DA10ADF8C000A1EB0800ADF8BE0001EB7B
:100350000800ADF8C200781E1090616831F91B10DA
:10036000A1F5FE40FF3801D036A900E000210B9135
:10037000616831F91610A1F5FE40FF3801D027A8B9
:1003800000E000200C902FA80590616802AA31F9C6
:100390001B0012901A21284609F014F9616847F6EB
:1003A000FF7031F91B20824216D000E019E031F9CC
:1003B0001610814210D027AB36AA2CA9504606F061
:1003C0007DFEB9F1000F07D0B8F1000F04D02FAABD
:1003D00016A9504607F0A8FB02AA1B21284609F0DF
:1003E000F1F87F1CB346BFB2B5F88200B8423FF6C1
:1003F0005BAFB5F88200B84232D1606830F91610B0
:10040000A1F5FE40FF382BD0BDF89C007F1EA0EB6D
:1004100009014844ADF8C000BDF89E00ADF8BC101D
:10042000A0EB08014044ADF8C2000020ADF8BE10BA
:100430000B900C902FA810970590606802AA1A21C3
:1004400030F916001290284609F0BCF82FAA16A918
:10045000504607F069FB02AA1B21284609F0B2F8B2
:1004600021462A98F8F79FFC04007FF4BFAE349928
:10047000CAF8081039B0BDE8F08F000001E0FFFFB6
:10048000EC9C02082DE9F74FB1F92E00AAB01446F2
:100490000E46002872D096F8361002296ED901282F
:1004A00008D1B6F93400002804DC308E10B9708E03
:1004B0000028EFD02088318E4218B08E151AADF882
:1004C0002850A28811440B18ADF82C306088718E2A
:1004D0000844B18E421AADF82A20E088718E084493
:1004E000B18E0144ADF82E10B6F92E0000EBD0709D
:1004F000A5EB60056D1EADF84C50012505EB6000C5
:100500001844ADF85000B6F92E0000EBD070A2EB05
:100510006000401EADF84E00B6F92E0000EBD07022
:1005200005EB60000844ADF8520096F836002990BB
:10053000FD2801D9FF2029902A9813A9826827A8AD
:10054000F7F7BDFF0028A5D021461DA804F08CFBBD
:100550004FF0FF38414642461DA804F0CCFBB6F9E7
:1005600000901DA804F0C1FB04461DA804F091FBF7
:1005700084421DA803DA04F0B8FB02E0FEE304F0B5
:1005800088FBB9EB600F01DD4FEA6009B6F9004066
:100590000AA804F0AAFB05460AA804F07AFB8542E3
:1005A0000AA802DA04F0A1FB01E004F072FBB4EB4C
:1005B000600F00DD4410B6F92E00051905FB05F0AB
:1005C00040000BF05FFA10900146B6F92E2023464A
:1005D0000AA815F04BFE13A806F080FF012720B9EA
:1005E000F078FF2801D3B07860B1002701234A4694
:1005F0001DA920A807F0DEF9002120A806F08EFD35
:10060000269001E0CDF8988013A804F06EFB0BF063
:1006100039FA83461C2115A80BF0A0FBCDF854D065
:10062000CDF860B0CDF868D0B08DADF85C0096F82C
:1006300036008DF86C00B0788DF86D00BDF8500074
:10064000BDF84C20ADF80400811A491C09B201EB39
:10065000D17102EB61010FFA81FABDF85220BDF8A9
:100660004E10401B521A521C12B202EBD27201EB16
:100670006202401C14B200B26A1EADF80000ADF870
:100680000210114409B20992ADF8061052465045C5
:1006900000DC1046ADF80000A14200DB21462A989C
:1006A000ADF806106946826806A8F7F708FFD0B3D0
:1006B0004A461DA906A8F7F72AFFA0BBBDF81C00F3
:1006C000BDF91810BDF91A20401A401C00B208905C
:1006D000BDF94E301098D21A02FB0500BDF950202A
:1006E000521B891A0844401E059047B14A461DA96D
:1006F00006A8F7F77CFF10B101200F9000E00F97DC
:100700000898002827DDBDF81800ADF80000BDF8F6
:100710001C00ADF804000220CDF860B08DF8640034
:10072000BDF91A8013E016E0ADF802800F98ADF81D
:10073000068070B30598189015A92A9807F0FEFB5B
:1007400005982844059008F101000FFA80F8BDF9DA
:100750001E104145E8DABDF85000ADF80400401B1A
:10076000401C00B2ADF80000BDF85220ADF80620E4
:10077000511B491C09B2ADF802105246504500DC2D
:100780001046ADF80000601C1190814216DD08464D
:1007900015E0FFE72A46584605990BF00DFABDF91A
:1007A000181042465846089B06F05AFE8DF8640021
:1007B0000128C1D102208DF86400BDE7601CADF8AE
:1007C00002002A986946826806A8F7F778FED0B337
:1007D0004A461DA906A8F7F79AFEA0BBBDF81C0063
:1007E000BDF91810BDF90620401A401C00B208904F
:1007F000BDF91E301098D21A02FB0500BDF9502039
:10080000521B891A0844401E059047B14A461DA94B
:1008100006A8F7F7ECFE10B101200F9000E00F974B
:100820000898002827DDBDF81800ADF80000BDF8D5
:100830001C00ADF804000220CDF860B08DF8640013
:10084000BDF91E8013E016E0ADF802800F98ADF8F8
:100850000680B0B30598189015A92A9807F06EFB8A
:10086000059828440590A8F101000FFA80F8BDF919
:100870001A104145E8DDBDF84C0009992844ADF84F
:100880000000BDF85000401BADF80400BDF84E005C
:10089000ADF80200084400B2ADF80600A04200DB4B
:1008A0002046ADF806002A986946826806A8F7F740
:1008B00006FEB0B34A461DA906A8F7F728FEA8B160
:1008C0007CE0FFE72A46584605990BF075F9BDF91B
:1008D000181042465846089B06F0C2FD8DF8640089
:1008E0000128B9D102208DF86400B5E7BDF81C00DD
:1008F000BDF81810BDF90220401A401C00B2089043
:10090000BDF91A101098891A01FB050005904FB126
:100910004A461DA906A8F7F76AFE18B101200F90F4
:1009200001E04BE00F970898002847DD0F9860B171
:1009300000201890BDF81800ADF80000BDF81C00AC
:10094000ADF80400BDF91A0033E0CDF860B0F1E76E
:10095000ADF802800F98ADF8068060B12998FF28A5
:100960000598007804D096F8361010FB01F0000AC4
:100970008DF86C0013E00598089A017858460BF042
:10098000BBF9BDF9181042465846089B06F068FDB1
:100990008DF86400012802D102208DF8640015A9A9
:1009A0002A9807F0CBFA05982844059008F1010031
:1009B00000B2BDF91E1080464145C9DA96F83600EE
:1009C0008DF86C00BDF84C002844ADF80000BDF86F
:1009D0005000BDF85210401BADF80400481B401CED
:1009E000ADF8061000B21199ADF80200884200DCA3
:1009F000601CADF802002A986946826806A8F7F7DD
:100A00005EFD78B34A461DA906A8F7F780FD48BBEE
:100A1000BDF81C00BDF81810BDF91E20401A401C7E
:100A200000B20890BDF906101098891A01FB050064
:100A300005900898002851DD3FB14A461DA906A837
:100A4000F7F7D5FD0020189001E0CDF860B0BDF8B3
:100A50001800ADF80000BDF81C00ADF80400BDF9A9
:100A60001E0036E03AE000BFADF80280ADF8068027
:100A70008FB14A461DA906A8F7F7B9FD2998FF28A6
:100A80000598007804D096F8361010FB01F0000AA3
:100A90008DF86C0013E00598089A017858460BF021
:100AA0002BF9BDF9181042465846089B06F0D8FCB1
:100AB0008DF86400012802D102208DF8640015A988
:100AC0002A9807F03BFA059828440590A8F1010000
:100AD00000B2BDF91A1080464145C5DD96F83600D2
:100AE0008DF86C00BDF85000ADF80400411BBDF856
:100AF0004E00491C0AB22844ADF8002000B2ADF8FF
:100B00000200BDF85210119B491B09B2ADF8061046
:100B1000984200DB601CADF80200A14200DC2146D7
:100B2000ADF806105046524500DC02462A98ADF852
:100B300000206946826806A8F7F7C1FCB8B34A46A8
:100B40004E461DA906A8F7F7E2FC80BBBDF81C00C5
:100B5000BDF91810099A401A401C00B2089010986C
:100B600002FB0500BDF95020521B891A0844401EA3
:100B70000590EFB132461DA906A8F7F738FD10B170
:100B80004FF0010800E0B846059818900898002832
:100B900036DDBDF81800ADF80000BDF81C00ADF85A
:100BA000040002208DF86400BDF91A6024E027E0FB
:100BB000B8465846E9E700BFADF80260ADF80660F8
:100BC000B8F1000F12D15846089A05990AF0F4FFBF
:100BD000BDF9181032465846089B06F041FC8DF8C6
:100BE0006400012802D102208DF8640015A92A981A
:100BF00007F0A4F9761C36B2BDF91E00B042DBDA6C
:100C00000022109817E000BF00EB050EAEF10101C5
:100C1000002305EBD57608E090F800C091F800803D
:100C200000F8018B01F801C95B1CB3EB660FF3DB25
:100C3000521C704612B2AA42E6DBBDF84C0009997C
:100C4000ADF80000084401B2BDF84E00119B2844E5
:100C500000B2ADF80200BDF85220ADF80410521BEE
:100C600012B2ADF80620984200DB601CADF802001D
:100C7000A24200DC2246AAF10100ADF806200C9049
:100C8000814200DB01462A98ADF80410694682686B
:100C900006A8F7F714FCA8B34A464E461DA906A8B5
:100CA000F7F735FC70BBBDF81C00BDF91810099AA8
:100CB000401A401C00B20890109802FB0500BDF9D4
:100CC0000020891A08440590EFB132461DA906A8F4
:100CD000F7F78DFC10B14FF0010800E0B846059819
:100CE00018900898002835DDBDF81800ADF8000010
:100CF000BDF81C00ADF8040002208DF86400BDF9B9
:100D00001A6023E026E0B8465846E9E7ADF80260ED
:100D1000ADF80660B8F1000F12D15846089A05994F
:100D20000AF04AFFBDF9181032465846089B06F0F3
:100D300097FB8DF86400012802D102208DF8640031
:100D400015A92A9807F0FAF8761C36B2BDF91E00EC
:100D5000B042DBDABDF84C000999ADF80000084458
:100D6000BDF84E10099AADF80210114400B2ADF86A
:100D7000040009B2ADF806100C9A00E05AE1904266
:100D800001DBAAF10100ADF80400A14200DB21461D
:100D90002A98ADF806106946826806A8F7F78FFB17
:100DA000C0B34A461DA906A8F7F7B1FB90BBBDF832
:100DB0001C00BDF91810BDF91A20401A401C00B2E1
:100DC0000890BDF902301098D21A02FB0500BDF957
:100DD0000020891A01EB000847B14A461DA906A860
:100DE000F7F705FC10B101200F9000E00F9708986D
:100DF000CDF860B0002822DDBDF81800ADF8000085
:100E0000BDF81C00ADF8040002208DF86400BDF9A7
:100E10001A6010E013E000BFADF802600F98ADF863
:100E20000660C8B3CDF8608015A92A9807F086F847
:100E3000761CA84436B2BDF91E00B042ECDABDF80B
:100E40004C00ADF800000999BDF85220084401B2E9
:100E5000501BADF80410401CADF8062000B2119AEA
:100E6000ADF80200904200DC601CADF802000C9866
:100E7000814201DBAAF101012A98ADF8041069460C
:100E8000826806A8F7F71BFBC8B34A461DA906A847
:100E9000F7F73DFBA8B15AE0FFE72A46414658461E
:100EA0000AF08AFEBDF9181032465846089B06F033
:100EB000D7FA8DF864000128B6D102208DF86400BD
:100EC000B2E7BDF81C00BDF91810BDF90620401AA4
:100ED000401C0FFA80FABDF91E301098D21A02FB9E
:100EE0000500BDF90020891A0E184FB14A461DA908
:100EF00006A8F7F77CFB18B14FF0010801E026E0E7
:100F0000B846CDF860B0BAF1000F20DDBDF818008A
:100F1000ADF80000BDF81C00ADF8040002208DF80B
:100F20006400BDF91E400EE0ADF80240ADF8064089
:100F3000B8F1000F2FD0189615A92A9806F0FEFFD9
:100F4000641E2E4424B2BDF91A00A042ECDDBDF8A7
:100F50004C0069462844ADF80000BDF85000401B25
:100F6000ADF80400BDF84E00CDF860B02844ADF8EF
:100F70000200BDF85200401BADF806002A988268B6
:100F800006A8F7F79CFAE8B34A461DA906A8F7F7A2
:100F9000BEFAA0B141E02A46314658460AF00CFE9E
:100FA000BDF9181053462246584606F059FA8DF8F6
:100FB00064000128C0D102208DF86400BCE7BDF9AF
:100FC0001C10BDF918000A1A521C15B2002D24DDA0
:100FD000ADF80410ADF80000BDF91A4019E000BFEB
:100FE000ADF80240ADF80640294658460AF0E4FE46
:100FF000BDF918102B462246584606F031FA8DF8F6
:10100000640000E009E015A92A9806F097FF641C27
:1010100024B2BDF91E00A042E2DA2FB920A806F0E2
:1010200041FA269806F070FD10980AF077FD5846B0
:101030000AF074FD2DB0BDE8F08F00002DE9F74FE8
:10104000B4B092460546114601F0E8FF04468068B8
:10105000C0F30E07012F7DD9000404D4208810B9F5
:101060006088002876D060687F1EC0F30E4047433A
:1010700070D0002128460CF003FE064600212846C9
:101080000CF002FD064428460BF06FFFB5F8841003
:10109000484340F30F2806A805F08EFF06AA4FF438
:1010A000C02128460DF040F928460CF059F8A98ACD
:1010B0003144081A0FFA80F92089BAF1020F4FEA79
:1010C000004007D000284BDA4FF4C02128460CF02E
:1010D0005BFE46E0002805DA4FF4C02128460CF0FC
:1010E00081FD00E000208346688B401C06B23598E5
:1010F0008068B0F90610B1422CDB0699B4F90020E3
:10110000B0F90200B1F90810114406EB0B021144CA
:1011100081421FDB28A805F0DEFF28AA4FF4C0217A
:1011200028460DF051F90020ADF8A600ADF8A40056
:101130000FA835990BF0F8FC8E48109006201190FE
:1011400002201D904FF4C0201C9006A8149028A8DF
:10115000159000E00AE1BAF1020F07D0012006E085
:1011600000208346E88A401E06B2D3E7002026907E
:1011700095F8880000F00700022819D100212846C0
:101180000CF066FDB5F88410B5F8822048430012D3
:1011900008EB000191FBF2F109B2081A00EBD072E2
:1011A00009EB6201A8EB00000FFA81F90FFA80F851
:1011B000ADF886600026D6E060684FF0000AC0F304
:1011C0000E40B6FBF0F100FB116008B94FF0010AC8
:1011D000BDF9A210A8EB01007043B0FBF7F101EBE1
:1011E0000900ADF88400ADF80C00BDF98610269812
:1011F00048B1BAF1000F02D0B4F9000001E0B4F92F
:101200000200081A08E0BAF1000F02D0B4F9000099
:1012100001E0B4F902000844ADF80E0021A81890CE
:1012200003A8199095F8880000F00700032848D01B
:101230006068C0F30E40B6FBF0F31F93BAF1000FE5
:1012400068D02089000465D54BA2102130A80FF08A
:10125000DDFC06A8149030A81A9010201B900FAA4D
:101260001A21284608F0AEF9BDF92A104FF0000AFD
:1012700041F6FF728DE80604BDF92C3025A8069AC8
:101280001A9911F0BDF8BDF99410BDF80C0001EBEE
:10129000D172A0EB620100EB620002B209B2BDF8AC
:1012A0000E302698ADF88C10ADF89020C0B1A3EBAD
:1012B0000B00BDF89630ADF89200C01AADF88E0064
:1012C00017E026983A4605EB4001B1F97800009006
:1012D000B1F97430002130460AF087FB0346ACE7D1
:1012E00003EB0B00BDF89630ADF88E001844ADF856
:1012F0009200B5F91400824215DBB5F9180081425D
:1013000011DCCDF800A023AA06A91A9B359805F098
:10131000B3FB08E0002014901A901B900FAA1A212A
:10132000284608F04FF9BDF9A200BDF9841000EB82
:10133000D07001EB6002B5F914108A420DDBBDF9E3
:101340000C10A1EB6000B5F91810884205DC03AB66
:1013500021AA28A9359805F0B1FE0FAA1B2128461D
:1013600008F030F9761CBE427FF626AF37B0BDE8F4
:10137000F08F0000EC9C0208256400002DE9F74F77
:10138000B8B090460446114601F048FE0546806814
:10139000010404D4298811B9698800296FD0C0F3E9
:1013A0000E06012E6BD96868761EC0F30E404643C8
:1013B00065D05FEA080000D001201D900021204682
:1013C0000CF062FB8146002120460CF0DDFC074654
:1013D00020460BF0B0FDB4F88610484340F30F20D0
:1013E0002D9020460BF088FF024607EB0900E38AA8
:1013F0004FF4C0271844801A00B23290B8F1000FA1
:10140000394620460DD00CF077FC2190B4F9180035
:10141000B5F900A0B5F902908346B8F1010F06D0E6
:101420000DE00CF02DFC2190B4F91400F0E7CAF1A6
:1014300000000FFA80FAC9F100000FFA80F919A82C
:1014400005F049FE19AA394620460CF0BDFF23A835
:1014500005F0B2FD23AA394620460CF065FF03A82B
:1014600039990BF061FB724804900620059019A889
:10147000CDE91078099023A808900027D2E0D4E0A5
:10148000BDF966102D98401A7843B0FBF6F13298FA
:10149000B8F1000F0844ADF85600ADF85E005846AC
:1014A000ADF854B069D0401CADF854000020029053
:1014B0006868C0F30E40B7FBF0F100FB1170002824
:1014C00074D0BDF85410A1EB090000BFADF85C006A
:1014D00015A80C9017A81D990D9004EB41003246F9
:1014E000B0F970100091B0F96C30F01B00210AF0D7
:1014F0007CFA034613900298F0B32889000468D55B
:101500004CA2102133A80FF081FB23A8089033A828
:101510000E9010200F9003AA1A21204608F052F8CE
:10152000BDF99E00002241F6FF718DE80700BDF96C
:10153000A0302BA8239A0E9910F062FFBDF9AE10CF
:10154000BDF85E0001EBD171A0EB610200EB610020
:101550001D9912B2002900B2BDF85C10ADF87E20D2
:10156000ADF8820029D0219B0B44ADF87C30BDF84A
:10157000AC300B44219901E02BE015E001EB0301B5
:10158000ADF88010B4F9161088422BDBB4F91A00BC
:10159000824227DC002000901FAA23A90E9B3998C5
:1015A00005F06AFA1EE001E0401E7DE70120BDF86B
:1015B00054100290A1EB0A0088E7BDF8AC30A1EB13
:1015C000030C219BACEB0303ADF87C30219BC91AC3
:1015D000D6E7002008900E900F9003AA1A2120460B
:1015E00007F0F0FFBDF96600BDF9561000EBD070B2
:1015F00001EB6002B4F916108A420DDBBDF95E10F2
:10160000A1EB6001B4F91A00814205DC17AB15AA01
:1016100019A9399805F052FD03AA1B21204607F0AD
:10162000D1FF7F1CB7427FF62BAF3BB0BDE8F08FF8
:10163000EC9C02082564000070B5044609F0AAF885
:1016400048B1006882680AB1217A9047207E8107FC
:1016500042D4C0077BD1002160680BF0C5FC002597
:1016600018E0017A0A0610D5802904D0227A21F0E8
:101670008001914209D14168E160016820468847B4
:10168000207E810728D4C00761D16D1C294660687F
:101690000BF0AAFC18B101680029F6D0E1E7214659
:1016A00000200BF0EDFB050053D0002160680BF02B
:1016B0009BFC002619E0016891B1017A0A060FD45B
:1016C00011B1227A91420BD14168E1600168204654
:1016D0008847207E810701D5012070BDC00736D123
:1016E000761C314660680BF07FFC10B1012DE2D012
:1016F0002FE0012D2DD16068416851B3217E49074B
:1017000027D4217A232919D0242917D0A9030CF032
:1017100056FDF0B1207A11381C280FD2DFE800F016
:1017200019191919191919191919190E0E190E0E55
:10173000191919190E0E0E0E19190E196068406844
:1017400060602046FFF778FF0546012801D00020A1
:1017500070BD284670BD00002DE9FF4F8A880B88B8
:1017600089B0D21A521C17B2CA8849880446511A45
:10177000DDE916B8491C19980FFA81F9012813D030
:10178000022813D0032843D1434E00BF5FEA08006C
:101790000ED0002006902088ADF8140098F80000C4
:1017A000FD2838D35A4639E03C4EEFE73C4EEDE792
:1017B0002088ADF80000ADF808005A4600990C9852
:1017C000B0470590002020E0002517E0BDF8080094
:1017D00034F8151088420BD004EB45005A460088B7
:1017E000ADF81400ADF8080005990C98B0470590C5
:1017F00004EB4500BDF8141001806D1CBD42E5DB13
:101800000B9804EB400408F1010080464845DBDBFF
:101810000DB0BDE8F08F00FB0BF0020A05990C98A3
:10182000B0470890002033E0002528E018F80500B4
:1018300020B30699884205D1BDF8141034F815205C
:10184000914216D0FD2801D35A4602E000FB0BF06E
:10185000020A04EB45000088ADF8180006990C98C0
:10186000B047089018F80500069034F81500ADF858
:10187000140004EB4500BDF8201001806D1CBD4232
:10188000D4DB0B98189904EB400488440AF101005A
:1018900082464845C8DBBBE7F3B300086BB30008DA
:1018A00077B400082DE9FF4F044688880A8883B082
:1018B000801A401C05B2C8884988DDE910A6401A84
:1018C000401C0FFA80F976B1BDF81800BAF1FD0F8F
:1018D00000EB004000907CD3A5F104084FF0000B12
:1018E000BDF818A049E1BAF1FD0F0FD3002608E0BA
:1018F0002A462046069904F0EFFA0598761C04EB78
:1019000040044E45F4DB07B0BDE8F08FBDF8001091
:10191000002060F3020189B260F3C70189B260F36D
:101920000C2189B260F34F31ADF8001088B20090FD
:10193000BDF80000009001465246069804F014FCE1
:1019400001900AF104000699C008C00689B2000E91
:10195000C1F3C40212FB00F262F30F064A07920EB3
:1019600002EB513212FB00F262F31F46C1F3042175
:1019700011FB00F161F30F07BA46C0F1FF0200232B
:101980005AE0002052E000BFBDF8007034F810109B
:101990008F4245D004EB40010988ADF80810BDF82E
:1019A0000870ADF80010B1B2C7F3C40C1CFB0211F3
:1019B00001EBC11C0CEBC131C1F3C45CBDF80410D8
:1019C0006CF3C7014FEA477C4FEA9C6C0CEB573C29
:1019D00000E0D9E04FEA16481CFB028C0CEBCC1857
:1019E00008EBCC384FEA986868F302010CEBCC188E
:1019F00008EBCC3CCCF3C25C6CF34F311FFA8AFC91
:101A0000C7F3042717FB02C707EBC71C0CEBC7374C
:101A1000C7F3C45767F30C21ADF8041089B20191E4
:101A200004EB4007BDF804103980401CA842ABDB32
:101A300005985B1C04EB40044B45A2DB63E70027E1
:101A400010E03278FF2A12D02088ADF80400019906
:101A5000069804F089FB0190BDF804002080A41CC6
:101A6000761C7F1CAF425DDAB007EAD15AE0A4F8D9
:101A700000A0F4E73068411C43D0E8B33278FF2A75
:101A800053D02088ADF804000199069804F06CFB4F
:101A90000190BDF80400208016F8012FA41CFF2A35
:101AA00046D02088ADF804000199069804F05CFB4C
:101AB0000190BDF80400208016F8012FA41CFF2A15
:101AC00039D02088ADF804000199069804F04CFB49
:101AD0000190BDF80400208016F8012FA41CFF2AF5
:101AE0002CD02088ADF804000199069804F03CFB46
:101AF0000190BDF8040000E011E02080A41C761CD9
:101B00000FE0A00707D0A4F800A00220009901511F
:101B1000A4F806A003E000982060009860600834F4
:101B2000361D3F1D4745A5DD1CE0A4F800A0B3E726
:101B3000A4F800A0C0E7A4F800A0CDE7A4F800A096
:101B4000DCE73278FF2A1CD02088ADF80400019928
:101B5000069804F009FB0190BDF804002080A41C45
:101B6000761C7F1CAF42ECDB05980BF1010B401B90
:101B700004EB40041298401B0644CB45FFF65FAFD0
:101B8000C1E6A4F800A0EAE700222188ADF8001021
:101B90009346104633E0002727E0307818B3904290
:101BA00005D0FF282FD000FB0AF31B0A9B4690426A
:101BB00003D134F81700814210D0BBF1FF0F24D0BD
:101BC00004EB47005A460088ADF8000000990698DB
:101BD00004F0CAFA0090327834F8171004EB47008A
:101BE000BDF800300380761C7F1CAF42D5DB059822
:101BF00004EB40041298401B064408F101008046A3
:101C00004845C8DB7FE65346D0E70698E2E7000088
:101C10002DE9FF4F83B00C46DDF84480F7F770FBE9
:101C2000BDF818A08146B8F1000F0CD0A08821881B
:101C3000401A401C07B2E0886188401A401C0FFA25
:101C400080FB002641E0B4F9026017E0B4F90050CF
:101C50000FFA86F80DE010980290ADF804A0CDF8C8
:101C60000080D9F800002BB2059AC7690399B847DC
:101C70006D1CB4F90400A842EDDA761CB4F9060034
:101C8000B042E3DA07B0BDE8F08F002518E000BFEE
:101C900018F8050098B11099ADF804A04843000A5F
:101CA000029060880399304400B200902088059A21
:101CB000284403B2D9F80000D0F81CC0E0476D1CDE
:101CC000BD42E5DB1298761C80445E45DDDBD9E73A
:101CD00000680968884201D10120704700207047E0
:101CE00040680A6820F04040904200D2086000201E
:101CF000704700002DE9FF4F83B00E46DDE910B4B8
:101D00001746002103980CF056F905460021039868
:101D10000BF0EAFE0146F07882070BD5C30742F2CA
:101D2000D17202D0954202D006E0914206D120F055
:101D30000200F070C00701D07B4800E07B4881467C
:101D4000F078C00712D079484FF0000AA4F802A03A
:101D5000A4F804A0C4F810A0A4F800A0C4F808A037
:101D6000C4F80CA0804639460197AAE06E48EBE71C
:101D70000198B84206D04FF4000128460CF01FFA33
:101D800000286FD16A4928460CF020FA00286AD151
:101D9000002128460BF098FE029070B32069401C89
:101DA0002061A28802EB0B01A180217DC9076DD0C3
:101DB00000EB8000800009F065FE009000287AD0DA
:101DC000E16851B12069401E00EB8000820000985C
:101DD00009F0F2FEE06809F0A1FE206900EB800145
:101DE000009800EB81004FF0000140F8145CF0789F
:101DF000C007284602D0022201E035E005220BF0A0
:101E0000F9FF216900B201EB8102009901EB820127
:101E100021F8100CF0784FF00001C007284601D0DF
:101E2000032200E006220BF0E5FF216900B201EB7E
:101E30008102009901EB820121F80E0C20690299C0
:101E400000EB8002009800EB820040F8081C20693B
:101E500000EB8002009800EB820040F804AC009890
:101E6000E06013E033E020E0284649468847014619
:101E7000F078800705D5B4F904004218069882422C
:101E800025DCA28801EB0B001044A08028464146C7
:101E900088470146B4F90000814202DD28464146E8
:101EA00088472080A068401CA060F078400703D5D8
:101EB0004FF0FF3001E033E001200199411801911A
:101EC00005D403980AF0F2FF051E7FF451AFB4F970
:101ED0000400002802DDA0EB0B00A080206908B1FF
:101EE000069801E0B4F904006080CDB10198B842D1
:101EF00016D1039901AA8968096851F82050F07831
:101F0000C0F38001039800F059FE4DB128464146C8
:101F10008847208028464946884760800120A06085
:101F2000019807B0BDE8F08F65E1010813D0010802
:101F3000010006002DE9F04FB14D93B00446002199
:101F40006A880BF057FF9DF81710421C62F30001DE
:101F5000820862F34101C00860F382018DF8171016
:101F600020460021AA880BF045FF8DF8140020467A
:101F70000021EA880BF03EFF8DF815002046002175
:101F80002A890BF037FF8DF81600002120460BF050
:101F900036FD012800D0002081469DF817004FF043
:101FA0000001C00720460CD00BF0D0FE82469DF801
:101FB00017004FF00001C007204605D00BF03CFE93
:101FC00004E00BF039FEF1E70BF0C0FE07909DF83E
:101FD0001700C007204602D00AF0C7FF01E00AF050
:101FE000AAFF06902046002132220BF003FF05468F
:101FF0002046002110220BF0FDFEE18A28444618FD
:1020000020460BF087F9301AADF820002046002159
:1020100012220BF0EFFEA18A2844451820460BF04F
:1020200072F9281AADF840009DF817009DF8166067
:10203000C00701D008AD00E010AD002120460BF034
:10204000BAFF1190002120460BF04EFD83469DF80B
:102050001700C10708D0ABF51C52D13A02D1618CF0
:10206000490509D5C10708D1119AA2F51C51D139EA
:1020700003D1618C090500D40026B9F1000F08D006
:10208000C00706D116B1012E02D002E0012600E001
:1020900000260027ADF83C70B8468EB39DF81700B7
:1020A000400703D5A0684268521E15E0002213E0E5
:1020B00000200E9009A90798CDE9000105A9204646
:1020C000069BFFF717FE0246BDF8241007EB0A0037
:1020D000084407B208F10108A0684068904201DD99
:1020E000002AE5DAB8F1000F02D0A7EB0A0007B228
:1020F0009DF81700C007204603D00AF01CFF02E03D
:102100000BE00AF032FF0FA9CDE9005101460FFAAA
:1021100088F33A46304610F0EAFE9DF81700410772
:1021200003D5A1684E68761E00E00026B9F1000FC5
:1021300004D0C00702D128883844288009AFA0689D
:102140004068B04249DD002E47DB01200E90079821
:10215000CDE90007324605A92046069BFFF7CAFDD8
:102160008046B9F1000F08D09DF81700C00704D1D0
:102170002888BDF82410401A2880DDE90601BDF941
:10218000202002AB019283E88300BDF9400000905B
:102190004346324605A92046F8F77CFD46460C9892
:1021A00009F0BCFC00200C90B9F1000F03D09DF8A1
:1021B0001700C0070AD02888BDF82410BDF83C20BD
:1021C000014402EB0A0008442880B8E7BDF83C202F
:1021D000298802EB0A00081AF6E7119942F2D17039
:1021E000814201D0834502D120460CF0E9FD002256
:1021F0002B21204607F0E6F913B0BDE8F08F000070
:10220000A40200202DE9F74F0546007F93464FF0CA
:10221000000AC00760D14FF00108EC680026C146F3
:102220007CB9287FC0F3C000401E304254D1B9F1C0
:10223000000F51D00199284688474FF00008044606
:10224000C1460EB9261E47D0B8F1000F06D0214670
:1022500028465A4690470446B0423DD04FF0010808
:10226000002CDED020680BF0A7FB0006D8D427682E
:102270001FE0012138460BF0A2FFB0B12FB10121C0
:1022800038460BF09CFF0028CAD1E868A04223D052
:10229000B0B1284600F02AFB0246E8680F2100682A
:1022A00007F090F9012817D106E038460AF0F2FE4F
:1022B0000746002FDDD1E8E7E86800680CF03EFA39
:1022C0002846EC6000F012FB0246E8680E21006828
:1022D00007F078F9012802D05046BDE8FE8FE86883
:1022E00000680CF02BFA296909B1284688470120BB
:1022F000F3E700000FB44FF4807110B5C0B043ABEA
:102300006846429AEEF726F900246846EEF78AFA04
:10231000FE2809D20D220DF80020401C0A220DF8DB
:102320000020401C0DF8004082B269460348F4F7D3
:1023300051F940B010BC5DF814FB000000480040AB
:1023400010B582B01446CDE900010023009A236045
:10235000194B21F0004098422ADA024328D0B0F508
:10236000801FA8BF226810DA9FED150B53EC102BCD
:102370009DED000B51EC100B17F03CF9CDE900017D
:102380006FF0350221F0004022600F4B6FF31E51B9
:1023900003EB20501044206041F0FF5040F000500B
:1023A00001909DED000B00BF02B051EC100B10BD71
:1023B0009DED000BF8E700000000F07F000000003A
:1023C000000000000000504302FCFFFF70B5426BAC
:1023D000818C12F0060F06D0C2F34102022A04D00B
:1023E000012A05D022E0008D00E0C08C08441CE0EA
:1023F000B0F92C50468DAAB2B24202D202F5B472A4
:1024000015B2B0F92830C48C9AB2A24202D202F5B9
:10241000B47003B2701900EBD0704010844201DA3E
:10242000601802E0834203DD501881B208B270BD2B
:102430000844FAE72DE9F34F8FB0054669460AF0E4
:10244000AEFD28460BF08EFE0B9028460AF0E1FD0B
:102450000A90002128460BF025FC07900021284611
:102460000BF05CFC0746002128460BF09FFC04465D
:10247000002128460BF0C8FB8346002128460BF0BC
:1024800071FC0646002128460BF0E8FB06F001012E
:1024900006EBD67201EB620100F0010200EBD07096
:1024A00002EB6000491C401C09B200B20D2900DBA0
:1024B0000D218A460D2800DB0D2081460D2F00DB03
:1024C0000D27B8460D2C00DB0D2426465846BBF1DF
:1024D0000D0F01DA074600E00D2700246BE0A86A23
:1024E00000EBC40108A802F09BFBBDF9200007998E
:1024F000884213DCBDF900200D2900DB0D21511AA3
:1025000000EB0100ADF82000BDF92200B04233DC41
:10251000BDF902100D2E07DA324606E0BDF80020A4
:10252000A2EB09010844EDE70D22891A00EB010036
:102530000B99ADF82200BDF92400A1EB0801891E1A
:10254000424688421EDBBDF90010B8F10D0F014470
:10255000104600DB0D2008440A99ADF82400BDF9AF
:102560002600C91B891E88421DDBBDF902100D2FF4
:1025700008440DDA39460CE0BDF80220A2EB0A014E
:102580000844D5E7BDF80010014401EB0900E3E77A
:102590000D210844ADF82600002208A81099F6F78E
:1025A00076F858B905E0BDF80210014401EB0A00C5
:1025B000F0E7641CA4B2288EA04290D8288EA042D6
:1025C00001D14FF6FF7411B02046BDE8F08F10F036
:1025D0000F0000D101207047B0F90C00032101EB7E
:1025E000400020F00300103070472DE9F0474FF015
:1025F000000805461C4616460F46A3F800804046D4
:1026000006E0296B228831F81010401C114421800B
:10261000B042F6D3002128460BF003FA01282846E1
:1026200015D00AF070FE2188081A20800021284663
:102630000BF04AFB218808442080296B31F81610E2
:102640000844401EA080A4F8028000201FE00AF089
:102650005AFE21880844208028460BF083FD8146DD
:10266000002128460BF06CFB22880146A9EB0200F2
:10267000401AA080296B31F81610401A2080E2E73A
:10268000E96A628831F81010401C11446180B84238
:10269000F6D3002128460BF0A1FB61880844608036
:1026A00028460AF037FE6188081A6080E96A31F826
:1026B00017100844401EE080BDE8F0872DE9F05F68
:1026C00089469346824600210BF0E0FA0546002138
:1026D00050460BF017FB8046002150460BF05AFB8A
:1026E0000446002150460BF083FA064650460BF094
:1026F00039FD411BA1EB080750460AF08AFC001B7C
:10270000801B8742504605DA0BF02CFD411BA1EBE4
:10271000080003E00AF07DFC001B801B00EBD0707A
:1027200040F34F00BAF8141042191144A9F80010F0
:10273000BAF8161002191144A9F80210BBF1000FE3
:1027400001D0ABF80000BDE8F09F0000024A002174
:1027500052880BF04FBB0000B0020020034A10B5B6
:10276000002152890BF046FBC0B210BDB002002020
:10277000034A10B5002192890BF03CFBC0B210BD9A
:10278000B00200202DE9FC470F0023D005696869DD
:1027900028B10168B94202D14068BDE8FC87698A66
:1027A00000224FF0040CC1F308040CE0AE6802EB09
:1027B000820356F823100CEB8303F35A791A8B42E9
:1027C0000AD2521C92B29442F0D818B107606969DB
:1027D000002048600020E0E702EB82041222A86893
:1027E00002EB84020026825C4FF00609022A0CD01C
:1027F0004FF00C0A6AB1DFF8A8C008234FF01008A8
:10280000032A0FD0012A26D043E009EB8402805A24
:1028100006E00AEB840209EB84038258C05A515C3B
:10282000461836E0ADF8041008EB8401CDF800C07E
:1028300003EB8408425A50F80810022301A8F6F767
:10284000BFFE30B3A96851F80820801A09EB840252
:102850004010895A1CE0ADF8041008EB8401CDF853
:1028600000C003EB8408425A50F80810022301A864
:10287000F6F7A6FE68B1A96809EB840351F80820B1
:10288000801A0AEB840240108A58C95A32F81000A4
:102890000E18686910B107606869466030467CE7C9
:1028A000B57B02082DE9F0410D46044600F0DEF844
:1028B000071E19D0F88A00212D1A38460BF024FB88
:1028C0000689002138460BF03AFB00EBD07105EB8E
:1028D0006101304409B200B291FBF0F0A18E80B2E8
:1028E000814201D8491E88B2BDE8F0812DE9F0414E
:1028F000002607463546304610E000BF07F08BFF44
:10290000616DB94209D1022802D0042803D003E046
:102910002046BDE8F08126462546204607F040FFC8
:102920000400EBD10EB13046F3E70DB12846F0E7D5
:10293000BDE8F041002007F033BF00007CB503691B
:10294000006900255B8AC4689E04A3682BD4980F95
:1029500017D00120B0EB937F31D101EB0240266804
:10296000019018480090A068042320F040423146AE
:1029700001A8F6F725FE10B3801B801061680D5684
:102980001DE001EB02202668ADF804000E4823F09C
:10299000404200900223314601A8F6F711FE70B1C3
:1029A000801B4010EAE76068405C995C38B131B147
:1029B000637B2268401E10FB0320491E45562846B3
:1029C0007CBD0000D73A0108EB3A01082DE9FF4F22
:1029D00081B00E461D4617464FF4003101980AF0AB
:1029E000FCFF00EBD07044103F1B0198FFF7EEFC9A
:1029F00081465A3000B20FF03FFC10FB07F04FEA5F
:102A0000E03848460FF038FC10FB07F0C7134FF4CE
:102A10004039494601980BF039F9834649460198F7
:102A20000BF070F90090494601980BF0B3F982461B
:102A3000494601980BF0DCF8328820444244A2EB6E
:102A40000B01091B2980328800994244214411441A
:102A5000A9807188CA19A2EB0A01091B69807188D3
:102A600039440844E88005B0BDE8F08F406A00288A
:102A700002D000210AF01ABA704700210AF016BAF3
:102A80002DE9F04105460F46698C00200426C1F36C
:102A90000513EA680FE000BF06EBC00414595FEAB3
:102AA000C41C07D524F07F44BC4203D152F8300047
:102AB000BDE8F081401C8342EED84FF0806000EB0F
:102AC000B1204FEAB0506884C0F30510C100104631
:102AD00009F05AF8E860688CC0F30514641E17D03A
:102AE0006FF003025FEA4203E86802EBC401415859
:102AF0005FEAC11C0CD489010AD403EBC40C00EBBF
:102B0000C4018444641EDCE9000CC1E9000CEBD173
:102B1000E868082100EBC40009F020F9082008F05B
:102B200083FFE96841F834000EF025F9EA6806EB06
:102B3000C401505840F080705050EA6867F31700A5
:102B40005050E86850F83400B2E700002DE9FC412D
:102B50000068C068C068B0FBF1F4944200DD144620
:102B6000154F78680068806920B30020ADF8000038
:102B7000ADF80400ADF8020025B2681E06B2ADF84B
:102B8000066078686946006882699047BDF806006B
:102B9000BDF80210401A401C00B2A04202DD351EF2
:102BA000EBDC01E0002D02DC0020BDE8FC81BDF97A
:102BB0000640641C2046F8E79C020020136821B1FF
:102BC0005B1E13600BD4806805E05B1C136080689B
:102BD00041688B4203DA006850F8230070470020F8
:102BE00070472DE9F84315460E46044607F0D2FD1E
:102BF00007F011FE01280AD0032808D04FF6FF7015
:102C000005B1288006B130800020BDE8F88307F0C8
:102C1000C1FD694607F0D4FD4FF0000875B32046AA
:102C20000AF071FBBDF80010084407B200212046ED
:102C30000AF0F7FE01280CD0A08A00213F1A204696
:102C40000BF042F8381A02B240460021A5F8008085
:102C500010E0002120460BF073F8218B081AC01BEE
:102C6000F1E7236B33F81030194409B28A4205DBCF
:102C7000401C2880A38C80B29842F2D3FEB120463B
:102C80000AF048FBBDF802100844E18A451A002109
:102C900020460BF0A3F8281A02B240460021A6F8FD
:102CA000008008E0E36A33F81030194409B28A4220
:102CB00005DB401C3080E38C80B29842F2D30120C7
:102CC000A3E72DE9FF4F83B005461F460598F6F7A9
:102CD00029FB014601208840B5F8209000F0FF084C
:102CE0006FEA090080B2019095F822004FF0FF369C
:102CF000C0F3C00A00244FF0040B1FE0E96801EBA9
:102D0000C4004268920140D5BAF1000F15D10BEB17
:102D1000C4028958049AC1F30741090491420CD1B5
:102D20000068817911EA080F07D06A4605990DF00D
:102D30007DFF012830D0022831D0641C688CC0F39C
:102D40000510A042DAD820E0E96851F83400827911
:102D500012EA080F18D00BEBC4028A58C2F30741DD
:102D60001FFA82FA049A090491420DD1019A1AEAD3
:102D7000020F09D1B24507DD6A4605990DF056FFED
:102D800001280FD002280AD0641C688CC0F30510FB
:102D9000A042D9D8002E0EDB00983860012007B081
:102DA000BDE8F08F5046CA45F6D05645ECDA0646E7
:102DB00000983860E8E70020F1E72DE9F047814608
:102DC00042F30006C0F15A001D460F46540800B2F7
:102DD000761C0FF051FAA7EB040800FB08F0C711AE
:102DE00048460FF049FA00FB08F0C011002F06DD3D
:102DF0007F3F39120A1B32442A80214405E07F3785
:102E000039120A1B21442A80891BA980002806DD6B
:102E10007F380012011B31446980204405E07F3077
:102E20000012011B20446980801BE880BDE8F08708
:102E3000024A0021D2880AF0DDBF0000B002002063
:102E40002DE9FF4F85B007460798DDE91532008967
:102E50001A4410440FFA80FA0492B88C484384B2A2
:102E6000A14600255CE0BA6A52F82410A1B33B6B7E
:102E700000264FF0020E33F915B0401E18E000BFD7
:102E800004EB060C52F82CC0BCF1000F14D09CF8D7
:102E900000C05FEACC7C0FD005EB06080EEB480CB7
:102EA00033F80C80761C08EB0B0C0FFA8CFBB6B2D7
:102EB00006EB050C8445E3DB087880070DD5079801
:102EC0001599B0F908000144169808445146504538
:102ED00000DC08460FFA80FA1EE0DDE91302024426
:102EE000ABEB020000B2129ACDE90020002302935E
:102EF000DDE9072303A808310FF082FABDF90E10AF
:102F0000049808445146504500DC08460FFA80FA00
:102F1000A01984B2A81985B2641C6D1CA4B2ADB20C
:102F2000B88C00EB0901A1429DD809B05046BDE81C
:102F3000F08F0000034A10B50021128A0AF05AFFF0
:102F4000C0B210BDB0020020034A10B50021528A61
:102F50000AF050FFC0B210BDB00200202DE9FC41C4
:102F60000C46064600210AF0D5FF05464FF48021A5
:102F700030460AF0CFFFB5F90870B0F908500021CB
:102F800030460AF0E8FFE91901EBD17100EB61006E
:102F900005B230460AF03DF8F18A00EBD07001EB43
:102FA000600005EBD571A0EB610060802844E080F3
:102FB0006946304609F0F3FFBDF800002080BDF8F7
:102FC0000400A080BDE8FC812DE9FF410646FFF723
:102FD00054FD040020D04FF48027394630460AF0D3
:102FE00099FF05463046582239460AF003FF06B2DB
:102FF000204607F092FF0146002041F6FF72CDE91E
:103000000002029033462A4603A80FF0F9F9BDF9F1
:103010000C0004B0BDE8F0810020FAE739B10129C5
:1030200009D0022905D0042907D0002070473C3080
:103030007047483070475430704760307047000028
:103040002DE9F04104460D46668C00200423C6F3AA
:103050000511E2680BE000BF03EBC007D7595FEA38
:10306000871C03D527F07F47AF4202D0401C814226
:10307000F2D8814203D002EBC000BDE8F0814FF0EE
:10308000806000EBB6204FEAB0506084C0F30510BA
:10309000C100104608F078FDE060608CC0F30510B8
:1030A000401E0DD06FF00702E16802EBC00601EB95
:1030B000C0030E44401ED6E90016C3E90016F3D142
:1030C0000821E06808F04AFE082008F0ADFCE1683D
:1030D00008600DF050FEE168486840F000704860FC
:1030E000E16865F317004860E068C6E730B585B071
:1030F000054614216846EDF7A0FC0C4C0521A0689C
:1031000015F076FD01280AD1122209496846EDF72B
:10311000F3FB00231A461946A06815F07FFB122224
:1031200069462846EDF7E8FB05B030BDD801002020
:10313000C68900202DE9F0410D4F80460024254628
:10314000F8682E4668B1052115F052FD012808D116
:10315000084800231A4690E870001946F86815F0F0
:103160005DFBC8E90045C8F80860BDE8F0810000D3
:10317000D8010020D889002038B50C480D461446E7
:1031800090F820004FF00201C0074FF0120002D06B
:103190000CF0B8FD01E00CF0CDFD2246294602F00E
:1031A00097FF0090BDF8000038BD0000D8F2002065
:1031B0002DE9F0474FF0000CDDE90964089DDDF8CA
:1031C0002CA0E1466F1E09BB052A03D0062A01D0B8
:1031D000042A02D10023012D01D0002109E001229F
:1031E0005FF000019C4436F81180491CC4440FFA7A
:1031F0008CFCA942F6D3ACEB030109B2072A2AD210
:10320000DFE802F004070B2921160D00A4F8009056
:1032100021E0411A01EBD17112E0411A11E0411A8B
:1032200009B23AB291FBF2F1A4F800900BB212E0AD
:10323000411A09B22AB291FBF2F10BB203EBD3713E
:103240004910218007E0411A0AB2691C09B292FBB9
:10325000F1F10BB2238000210BE000BF34F8112004
:1032600036F811C0624404EB410C1A44ACF8022059
:10327000491CB942F2D304EB450106EB450231F893
:10328000021C32F8022C11442288891A0AB2BAF1BF
:10329000000F0CD0002108E034F8113036F811701E
:1032A000C31ADB1B24F81130491CA942F4D3104681
:1032B000BDE8F08770B58AB00446FFF747FA0546C7
:1032C0002046FFF7B5FD002D5CD000285AD0694696
:1032D0002046F7F7A5F90C2107A808F03FFD204686
:1032E000002132220AF086FD0546204600211222E6
:1032F0000AF080FD46192046002110220AF07AFDCE
:103300000544204609F0FFFFA18A3144081AADF8B0
:103310002400204609F0FEFFE18A2944081AADF88E
:103320002600002507E0006807AA694650F8250036
:1033300000F04CFA6D1CA0684168A942F3D80098CF
:1033400008F0ECFB019808F0E9FB029808F0E6FBB6
:10335000039808F0E3FB002120460AF032FE054600
:10336000002120460AF0C6FB42F2D1718D4201D005
:10337000884202D120460BF023FD00222B2120465B
:1033800006F020F90AB070BD0021A0F13002092A30
:1033900001D8D1B216E0612801D32038C0B241383B
:1033A00006280FD2DFE800F0030507090B0D0A21FC
:1033B00008E00B2106E00C2104E00D2102E00E21C3
:1033C00000E00F21084670472DE9F041044690F8CF
:1033D0002A00C00738D0A08C0721B0FBF1F0E18CA7
:1033E000B1FBF0F200FB121200EB40010A4492B272
:1033F000B2FBF0F300FB13200844E2842085002197
:1034000020460AF087FD0546002120460AF0A3FD6C
:103410000746B5F90850204609F08DFD06462046BE
:10342000FFF72BFB0246E18CE819414306EBD6700F
:1034300005EBD573BDE8F0414010A0EB6300401AE6
:1034400001B210460CF0FABBBDE8F08170B50D4C2E
:10345000064600200D460A4620601D21304606F033
:10346000B1F8206858B1017839B12946EDF70CFB65
:1034700028B1304621680EF0A7F9002070BD012068
:1034800070BD0000BC0300202DE9F04188B01F464C
:1034900014460D4606460BF0BFF9002842D0A5425F
:1034A00040D04FF4B470854202D9A5F5B475ADB2E1
:1034B000844202D9A4F5B474A4B2B18C4A1995B26D
:1034C00021448CB2854202D9A5F5B475ADB28442CF
:1034D00002D9A4F5B474A4B207AA06A93046FFF72E
:1034E000EDF8394630460AF078FA804630463946DB
:1034F00051220AF07FFC04A908B1012200E0002259
:10350000CDE90221CDE90048BDF81C00BDF91A1033
:1035100082B2BDF918002B4603F088F804A93046A2
:103520000BF02FF908B0BDE8F0811FB5044603AADF
:1035300002A9FFF7C3F86B46BDF90C2002A920468B
:10354000FFF744FA204600F00FFB011E03DD0246A0
:10355000684601F0D0FB694620460BF012F91FBD0A
:10356000F0B50546A1F57F408BB00E46FF3858D028
:10357000288EB04255D9A86A00EBC601684601F012
:103580004FFB03A9284609F00AFD002128460AF04E
:10359000E9FB0746002128460AF060FB044628465E
:1035A00009F004FD02F08CFF0A2190FBF1F2BA420F
:1035B00001DB90FBF1F790FBF1F33AB2A34201DBA0
:1035C00090FBF1F4BDF80C30BDF80000991A0844E6
:1035D000ADF80000BDF80E10BDF802000F1B384416
:1035E000BDF8047000B23B441A44ADF80420BDF8A5
:1035F0000620ADF802001144214409B2ADF80610CE
:10360000AA8EB24209D1EA6A32F81620520504D5D0
:10361000091A491C401AADF80200694628460BF009
:10362000B0F80BB0F0BD2DE9FC470446B0F88200BD
:103630000D46A8427DD9204609F097FCB4F88410C5
:10364000484340F30F26204609F08AFD074694F8C8
:103650008800010705D500F00700012806D00228E0
:103660006DD02046BDE8FC470BF068B8002120462D
:103670000AF00AFA8046002120460AF001FBA28ADD
:1036800040441044C01B0FFA80F920464FF4A0219B
:1036900049220AF0AFFB0FFA80F84FF400312046C0
:1036A0000AF095FC0746A08AADF80000E28AADF862
:1036B0000220208BADF8040008EB0700618B121A82
:1036C0000844ADF80220ADF80600B4F88200401EB0
:1036D000A84217DD06FB05F191FBF0F24A44A2EB8C
:1036E0000801C91BADF80010691C714391FBF0F192
:1036F000494401EB08003844ADF80400694620460F
:103700000BF03FF8002D47D0681E06FB00F1B4F81F
:103710008200401E91FBF0F24A44A2EB0801C91B53
:10372000ADF800106E4396FBF0F1494401EB080040
:1037300001E031E003E03844ADF8040028E0002166
:1037400020460AF085FAB4F8841048434FEA20284E
:10375000B4F8820006EB080191FBF0F60021204648
:103760000AF092F981467543002120460AF088FA52
:10377000A18A4844294445186946204609F00FFCAF
:10378000E81B8119A0EB0800ADF80410ADF80000AB
:10379000694620460AF0F5FFBDE8FC8770B505468E
:1037A0000AF0E0FC0446284609F033FC844201DBC1
:1037B000012070BD002070BD28B10A2803D00D285B
:1037C00001D0002070470120704700002DE9F74F1D
:1037D0000D4682B00446B0490AF0F8FC00287DD1BD
:1037E0002046FEF7C5FF82462046FFF7ADFB5FEAA5
:1037F000000973D0BAF1000F70D02046FEF7AEFF7B
:1038000007462046FFF796FBDFF890B206462046B3
:103810000021BBF80E200AF0EDFA00F0FF08204668
:103820000021BBF814200AF0E5FAC0B201902B6821
:1038300007EB0A006FF00102D5F808C033F8171043
:1038400002EB40001B5A3CF800001844401A00B23A
:1038500000906B6806EB090002EB400033F816108D
:103860001A5AEB68185A1044401A0FFA80FB0021CC
:1038700020460AF0CAF801280AD1B8F1000F03D097
:10388000B8F1020F02D003E0022000E000208046E1
:10389000208BA18A401A401C0FFA80FA608BE18AC3
:1038A000401A401C0FFA80F94046B8F1010F1BD0B6
:1038B000022824D02868B8F1030F30F9170028D166
:1038C0008046608CDDF800A040F4006060840198C0
:1038D00001287BD0022877D0032800E0D8E0686870
:1038E00030F9167071D119E029680098A0EB0A0030
:1038F00031F8171000EBD07001EB600008E02046B3
:103900000AF030FC296831F8172000991144081A90
:1039100000B28046608C20F40060D7E7608CD94606
:1039200040F48060608420460AF01CFC504504D1BD
:10393000204609F06EFB484527D0A08AADF800006C
:10394000E08AADF80200208BADF80400608BADF882
:10395000060020460AF0F2FE04F114005146054626
:1039600001F0EFF94946284601F0E6F920460AF051
:10397000E5FE6A462921204605F024FE204609F08E
:1039800089FB2246222105F01DFE204600216B22E4
:103990000AF030FA06B2204600216C220AF02AFA18
:1039A00005B220460AF0DEFB8146204609F031FBD5
:1039B0000146C6F3413064224FF4FA634FF47A7C37
:1039C00001281BD027E001E00AE013E06968ABEBB7
:1039D000090000EBD07031F8161001EB600008E030
:1039E000204609F016FB696831F8162002EB0B013E
:1039F000081A07B2608C20F4806093E726F4C04078
:103A0000984208DC604501DDC0F57A7000FB09F0E2
:103A100090FBF2F006B2C5F3413001280BD125F43A
:103A2000C040984207DC604501DDC0F57A7048432C
:103A300090FBF2F005B2049A08EB0600791912899E
:103A40001044A28A801A05B2049840890844E18A89
:103A5000401A06B255EA06001AD020460AF06EFE59
:103A6000A08A2844A082208B28442083E08A304406
:103A7000E082608B3044608320460AF05FFE05B030
:103A8000324629462046BDE8F04F00230AF0FCBE2E
:103A900005B0BDE8F08F000001000600B002002074
:103AA0002DE9F041064615460F46002005E039464F
:103AB0002046B04701280AD020460FF05DF90400E7
:103AC00002D060688000F2D10020BDE8F08105B12D
:103AD0002C600120F9E703880A88934201D0981AE4
:103AE000704740884988401A704703780A789342A3
:103AF00001D0981A704740784978401A7047000002
:103B00002DE9F0414268096822F040428A4227D1FB
:103B10000446FEF761FDDFF84C800546D8F8082022
:103B2000131BA2EB05005E1BC8F8080015D0274642
:103B300061193246384608F03FF806E0A068401B9D
:103B4000A0602046FEF748FD0444D8F808008442EF
:103B5000F4D1B819294608F001F90120BDE8F08137
:103B60000020FBE7C00300202DE9F0414FF4403670
:103B70000446402231460AF03DF9054620464322DC
:103B800031460AF037F9284405B2314620460AF09A
:103B900087F900283146204602DD0AF081F902E06B
:103BA0000AF07EF94042284405B2314620460AF028
:103BB00083F900283146204602DD0AF07DF902E053
:103BC0000AF07AF94042284405B2204635223146AF
:103BD0000AF010F907462046382231460AF00AF961
:103BE000384400B2854200DD2846BDE8F08170B55A
:103BF000054605F0A7FC0446284605F0E1FC06460C
:103C000009F048FA05462A2C01D0292C0BD10021B5
:103C1000304607F06DFD28460FF09AFE2846BDE8B5
:103C2000704012F009BC70BD2DE9FC4106461446F7
:103C30008846D80729D004F108000125002206F1A2
:103C400014010746F4F763FC58B100208DF800001A
:103C50006A4612213046019705F0B4FC9DF8000039
:103C600098B16089218A0844401EE081B4F90E10A1
:103C7000B4F90600814200DDE08102B02A46214607
:103C80004046BDE8F04103F0BDB90025EEE72DE95F
:103C9000F041074688B01D46164688460846F5F7A7
:103CA00049F9044602A9404609F079F9224611462D
:103CB00002A801F020F8022E05D0012E29D0002004
:103CC00008B0BDE8F081DDE90201CDE9040100237F
:103CD0001A4604A940460AF092F904AA6846B9684F
:103CE000F4F7EDFB0028EBD0DDE90001CDE906019A
:103CF0000123002206A940460AF081F906A902AA7A
:103D00000846F4F7DCFB0028DAD00698286007980C
:103D100009E002AA6846B968F4F7D1FB0028CFD0C1
:103D200000982860019868600120C9E770B50446D2
:103D300009F0CEF80646002506E0A068006850F8B5
:103D40002500FFF7F3FF6D1CB542F6D3608CC10769
:103D50001AD020F00100608420460BF031F8204694
:103D60000AF050FF86B10021204609F0D5FE58B177
:103D70000C494968884207D80B49096801EBC00023
:103D800050E9022120469047608C810708D520F039
:103D9000020060842046BDE8704000210AF076BE33
:103DA00070BD000090020020400300202DE9F04784
:103DB0008046089D1F46E86900FB01F39B1200281E
:103DC00007DD934207DD00BF95F8280080070DD47A
:103DD0008BE09342F8DBCB1943439B12002808DDAC
:103DE000934239DA95F8280080077ED40120BDE897
:103DF000F0879342F6DCA869521C504340F39500CB
:103E00000312C0B2FF22002828D000BF6E6AC0F1A2
:103E1000FF0404FB06F4A2EB242600BFA3EB01047D
:103E2000A14636D0002C15DBBC4213DAC0F1FF00EE
:103E3000C6F1FF014843A2EB6020C1B295F828000B
:103E4000800701D5C1F1FF0118F804000EF084FFCE
:103E500008F80400641C1CE0A869CEE74FF0FF06D8
:103E6000DCE7002C10DBBC420EDAA6EB6000C1B22E
:103E700095F82800800701D5C1F1FF0118F804006A
:103E80000EF06AFF08F80400686A641C361ABC4227
:103E900002DA686AB042E4DBBC4218DA002C16DBB6
:103EA000A869704380127043C0F34721E869002875
:103EB00001DAC1F1FF0195F82800800701D5C1F1B1
:103EC000FF0118F804000EF047FF08F8040095F809
:103ED0002800800707D54946B94506DC00290DDBD7
:103EE000404609E001E0641C01D500207FE7BC42A8
:103EF00004DC391B08EB040007F030FF022076E7F2
:103F00002DE9F05F06460A9F8A461D46B86900FB08
:103F100002F18C12002800DD641C97F8283054450B
:103F200002DA980707D4D5E08C120AEB050CA445F9
:103F300002DA98077ED483E0521C424341F3950194
:103F400042F395044FEA2129221204F0FF08C9B276
:103F5000A9EB0A04914505D0002803DA11B9FF2125
:103F60009146641E914528D1002C0CDBAC420ADA44
:103F700001EB08004108980701D5C1F1FF01305D50
:103F80000EF0EAFE305597F82800641C800706D52D
:103F9000A9EB0A01A9424DDA8EE030460AE0AC42B4
:103FA00000DD2C46002C45D006DD00BFA5EB04014A
:103FB00006EB040007F0D2FE89E04FF0FF0B00286B
:103FC00044DAF869404248434FEAA028002C0DDB50
:103FD000AC420BDA08FB01F0C0F34721980701D58A
:103FE000C1F1FF01305D0EF0B7FE3055B969A8F19F
:103FF000FF0041438812641E11D4AC420FDAC8F1AD
:10400000FF014143ABEB6120C1B297F82800800764
:1040100001D5C1F1FF01305D0EF09EFE305597F8DD
:104020002800A41C800709D5A9EB0A01491EA94252
:104030004DDC00E04EE00029AFDC48E0AC4202DDA0
:104040000120BDE8F09F002CB0DA40E0C1F1FF0094
:10405000F96941434FEAA128002C0EDBAC420CDA8F
:1040600000FB08F0ABEB6020C1B2980701D5C1F1AD
:10407000FF01305D0EF070FE3055B969C8F1FF00E8
:1040800041438912641C0ED4AC420CDA4843C0F39D
:10409000472197F82800800701D5C1F1FF01305D65
:1040A0000EF05AFE305597F82800641C800707D59B
:1040B000A9EB0A01A9420DDC0029BFF66EAF06E0AC
:1040C000AC4200DD2C46002C04D03FF76FAF4FF020
:1040D0000200B6E74FF00000B3E77CB5446A06F093
:1040E00059FB054606F097FB04280CD1E18E2046CB
:1040F000218708F089FF064605F09CFE18B10021D3
:10410000304605F005FF284606F085FB012804D05F
:10411000284606F080FB03280AD101A9284606F0AC
:104120004FFBBDF906102046FEF7BCFBE08620875A
:10413000204604F03FFFA06A10B920460AF0FEFABC
:10414000E08E00906A461C21204605F03BFA7CBDBB
:104150002DE9F0410746884600261448F4F70DFE85
:1041600004461DE021461148F4F719FE0546206873
:10417000B84200D09FB96168414502D0B8F1000F44
:104180000DD121460948F4F793FE216909B1204673
:104190008847204607F0D4FCF5F748FE01262C4658
:1041A000002CDFD13046BDE8F08100002CF3002068
:1041B00070B505460C460948F4F7DFFD0BE00168D1
:1041C000A94204D14168A14207D0002C05D0014684
:1041D0000248F4F7E4FD0028F1D170BD2CF3002073
:1041E00010B50446442107F0B9FD4FF4FA70E062BF
:1041F000002020626420A0620120A4F8400004484E
:10420000E06194F8420040F0010084F8420010BDE3
:104210004942010838B504464FF480650095D4E959
:104220000B200023194607F0E0FB40F2B6334FF4B1
:1042300061720021009500F031FF226AA16A891A9B
:10424000414302EBA12038BD38B504464FF48060ED
:104250000090D4E90B200023194607F0C6FB226A20
:10426000A16A891A414302EBA12038BDD0E90B12A3
:104270008A4201DB806A7047006A70470020F5F7C8
:104280002FBE8B1A002B00DC531A4FF47A714B436C
:10429000B3FBF0F0002800D10120704770B54168F1
:1042A000054611B12868FFF753FF1948F4F7F7FDE9
:1042B000184E10B10DF0DAFD70601548F4F782FD6C
:1042C000041E23D04422294607F076FC2868A84221
:1042D00000D12460717894F8420061F3820084F880
:1042E0004200C0070FD0616939B120468847216A72
:1042F00001442162A16A0844A06262681AB1206880
:1043000008B1216A9047F5F791FD204670BD000085
:104310002CF300202803002070B5458D848D0023E8
:10432000A54201D22B4602E0C5F5B4752C448B4260
:104330000FD8A1420DD8E21AB1EB520F416B02D84F
:1043400041F0080101E021F00801416341F0100152
:1043500034E04FF4B475934207D19E1A2644AE421E
:1043600003D0416B41F00801F0E7934209D3C2F555
:10437000B4768E4205D8A94203D8416B41F00801BA
:104380001AE0934206D2D61AC6F5B4768E4201D808
:10439000A942F2D92244AA4205D81944A14210D315
:1043A000914206D90DE0A2F5B4728A4209D3A14226
:1043B00007D9416B21F0080121F010014163012070
:1043C00070BD002070BD10B500200C468884872188
:1043D00061852D22A285E18449002185616B21F050
:1043E000060161634FF40041E185616B2086642022
:1043F00041F00801608621F0010060631001A063B4
:104400000DF034FDE063208DA4F84000606B0221C4
:1044100020F010006063204607F048FD4FF444711F
:10442000204608F029F92046BDE810400D210BF088
:104430004CB900002DE9F04FAFB0044605F0C0F8CC
:104440000746204605F084F82A9028AA2CA9384669
:10445000FEF734F906A82A9908F066FBBDF9A0001A
:10446000DFF888810DF1B00A0DF1080B00282DDD71
:10447000584602F0B9F802AA0021384609F0B0FE09
:104480000020CDF83CA01390CDE90780BDF8A00036
:10449000ADF8540006AA1A213846CDF838B005F018
:1044A00091F8B98DB88C7A8D0144104489B280B2EC
:1044B000CDE90001BDF854302CAA02A92A9802F0D7
:1044C00083F806AA1B21384605F07CF84FF4003922
:1044D0004946384609F0DAFB06464946384609F0AF
:1044E00011FC05464946384609F054FC0446494645
:1044F000384609F07DFBAE4201DD314600E0294639
:10450000844201DD224600E00246914205DDAE42D2
:1045100001DD304604E0284602E0844200DD20460A
:10452000BDF8A010081A04B2002C34DD02A802F075
:104530005BF802AA4D464946384609F051FE012073
:10454000CDF83CA01395CDE90780ADF8544006AAFC
:104550001A213846CDF838B005F034F8BDF90A1004
:10456000BDF95400814201DDADF80A00398DB88CE7
:10457000FA8C0144104489B280B2CDE90001BDF843
:1045800054302CAA02A92A9802F01EF806AA1B2170
:10459000384605F017F82DABBDF9A0202CA93846F8
:1045A000FEF714FA18A803F0D3FA4FF4403418AA0F
:1045B0002146384609F066FF02201394CDE90780B2
:1045C0002DA8099018A80A9006AA1A21384604F0C6
:1045D000F9FF2DAA18A92A9803F0A6FA06AA1B210A
:1045E000384604F0EFFF2FB0BDE8F08F3C5E0408C2
:1045F0002DE9F04786B08A46FD4808F041FC0128C5
:104600007ED1504604F09EFF0546504604F0D8FF88
:104610000646504604F0D4FF0446022D11D0082D62
:104620006FD0032DFCD00D2D6CD0112D6BD0132D20
:104630006AD0152D64D106B05046BDE8F047FFF7AB
:10464000F9BE06F0A7F805005AD006F0E4F80128F4
:1046500056D101A9284606F0B3F803AA02A93046AC
:10466000FEF72CF8BDF80400BDF80810401AADF8AC
:104670000400BDF80600BDF80A10401AADF80600A7
:1046800094F83400C00744D14FF40031304609F0AB
:10469000A4F90546BDF80C004FF48031401BADF87D
:1046A0000C00304609F08BFD10B1BDF80C0008E09D
:1046B000BDF90C00C11700EB9171B5EBA10F00DA49
:1046C0008D10401BADF80C0000B2012802DA012069
:1046D000ADF80C00BDF8040010FB00F1BDF80600B9
:1046E00010FB0010BDF80C1011FB01F1884206DD33
:1046F000606B40F0010060630DF0B8FBE06304E024
:1047000079E0DEE0F7E01AE15AE194F83400C007FE
:1047100071D0BDF9041019B9BDF8060000286AD09F
:10472000B4F92C70628DB8B2904202D200F5B47028
:1047300007B2BDF9060000F009FBA18C401A618D9B
:10474000401A05B2002D02DA05F5B4752DB2BDF898
:104750000C004FF41D7110FB01F06421B0FBF1F867
:10476000002001F0ADFE00EBC00101EB00114FF0A5
:10477000500909EB4100B0F5A07F0CD3002001F0F7
:104780009FFE00EBC00101EB001109EB4100A021ED
:10479000B0FBF1F000E001204FF4B4714843B0FBEE
:1047A000F8F294F834002946C0F3C0093046FFF708
:1047B000B3FD00281FD0618DB4F84020781A511A3B
:1047C0000FFA81F8A5EB080109B24FF40C7301F55B
:1047D0008C7100B2994205D994F8342012070BD598
:1047E00000250AE0626B5FEAC26C06D4120703D5AB
:1047F000424215B201E061E00546B9F1000F08D070
:10480000606B02070ED4C0060CD499420AD9002569
:1048100008E0B9F1000F05D1616B0A0702D5C9069E
:1048200000D40546A5EB080005B2E06B0DF017FBC0
:10483000A16B41434FF47A70B1FBF0F080B2854236
:1048400002DC4042854200DA05B2618DB4F93220C3
:10485000B4F9303008EB0500A7EB010CD51A4FEA8C
:10486000CC0C9CFBF5F52D1D00EB2510B4F92E505A
:104870000844009200B23A4607F0B7F807B2B6F91A
:104880002E00B8420FD00DF0F1FAE0633946304601
:1048900000F07CF9AF4206D000221C21304604F023
:1048A00091FE01280AD1B4F93000B84203D0B4F91E
:1048B0003200B84202D10DF0D9FAE06306B0BDE88B
:1048C000F087606B20F001006063304608F09CFBCD
:1048D000054605F0AFFA044605F05CFF05F09BFFC6
:1048E0000428EBD1002CE9D006B02846BDE8F047FB
:1048F000002105F00DBB504604F060FE0078B4F9CD
:104900002E50132806D0112804D0142805D01228C0
:1049100003D008E0F08D401C01E0F08D401E01B294
:10492000304600F033F9B4F92E00A842C6D006B0E4
:104930003046BDE8F04700221C2104F043BE50463B
:1049400004F03CFE044604AA03A93046FDF7B6FE77
:10495000B068002508B1B0F914500021304609F0C4
:104960003CF80646BDF810102844081ABDF80E2081
:10497000ADF81000111809B20091BDF80C10121A10
:104980000B18081A01B21BB212B201A800F0CDF93F
:1049900047F6FF773A4601A82168F3F778FE08B199
:1049A00000200BE006EB450002B2114601A800F022
:1049B000A2F93A4601A82168F3F769FE20717DE764
:1049C0000021304609F062F907460021304609F01F
:1049D00099F905460021304609F0DCF9044600212A
:1049E000304609F005F9AF4204DD394603E0000026
:1049F0003C5E04082946844201DD224600E002466E
:104A0000914205DDAF4201DD384604E0284602E070
:104A1000844200DD204680464FF440394946304606
:104A200009F034F907464946304609F06BF9054666
:104A30004946304609F0AEF904464946304609F089
:104A4000D7F8AF4201DD394600E02946844201DD56
:104A5000224600E00246914205DDAF4201DD3846C4
:104A600004E0284602E0844200DD2046801CA0EBE2
:104A700008043046FFF778F8204404B2504604F0AA
:104A80009DFDB0F90010A14200DD0C46048015E741
:104A900070B50C460546114600F006F8214628463A
:104AA000BDE8704000F039B870B54FF4B4730546F6
:104AB0000C46994202D9A1F5B474A4B2288DE98CB0
:104AC000421A611A12B209B2002A02DA02F5B4726D
:104AD00012B2002902DA01F5B47109B28E1AB436A5
:104AE0009E4203D9284609F029FE0DE04FF4003319
:104AF000914202DA0246214603E08A4204DA224663
:104B000001462846FEF7C0FC2846FEF70EFD284663
:104B10002C85BDE87040FEF708BD70B54FF4B47346
:104B200005460C46994202D9A1F5B474A4B2298D68
:104B3000E88C0A1A091B12B209B2002A02DA02F53D
:104B4000B47212B2002902DA01F5B47109B28E1AF8
:104B5000B4369E4203D9284609F0F0FD0DE04FF42B
:104B60000033914202DA2246014603E08A4204DA27
:104B7000024621462846FEF787FC2846FEF7D5FC6C
:104B80002846EC84BDE87040FEF7CFBCB0F92E306B
:104B90008B420ED0B0F932208A4200DA1146B0F9C9
:104BA00030208A4200DD11468B4202D0C18513F0CD
:104BB000BFBC70470A8802804A8842808A88828007
:104BC000C988C18070470A8802804A8842808A88E2
:104BD0008280C988C18070470A8802804A884280E2
:104BE0008A888280C988C18070470A8802804A8882
:104BF00042808A888280C988C18070470A88028082
:104C00004A8842808A888280C988C18070470A8821
:104C100002804A8842808A888280C988C180704721
:104C20000A8802804A8842808A888280C988C18036
:104C300070470A8802804A8842808A888280C988B0
:104C4000C18070470A8802804A8842808A888280B0
:104C5000C988C18070470A8802804A8842808A8851
:104C60008280C988C18070470A8802804A88428051
:104C70008A888280C988C1807047C1884088081AA4
:104C8000401C00B27047C1884088081A401C00B21E
:104C90007047C1884088081A401C00B27047B0F9BC
:104CA0000410B0F90020891AB0F90620B0F902000A
:104CB000101A401C491C4843704781880088081A14
:104CC000401C00B2704781880088081A401C00B25E
:104CD000704781880088081A401C00B2704781889C
:104CE0000088081A401C00B2704781880088081AA2
:104CF000401C00B2704703885B1A03808388194404
:104D000081804188891A4180C1881144C1807047DF
:104D100003880B44038083881944818041881144AF
:104D20004180C1881144C180704710B5029C018048
:104D300042808380C48010BD4288491E1144C180D6
:104D400070470288491E1144818070470022002864
:104D500001DA01224042002901DA4942921C8842CC
:104D600007D9C1EB011101EB4101B1FBF0F31032A6
:104D700005E0C0EB001000EB4000B0FBF1F30020B9
:104D8000D9B216290BD92C2900D80120292900D8FD
:104D9000401C252900D8401C20290BD90BE00229F2
:104DA00000D30120062900D3401C0A2900D3401C4F
:104DB0000F2900D3401C1844D10601D5C0F15A0078
:104DC00091074FEAC27105D509B1B43005E0C0F1D1
:104DD000B40002E009B1C0F5B47080B27047C160A0
:104DE000006809F0ABBC00684FF0FF320168C26098
:104DF00001F13C02904202D182684A6205E001F171
:104E00004C02904201D182680A63006809F096BCA6
:104E100010B50C4600206421C4E90A0120636062D9
:104E2000A0862087E086608784F85C0004F13C015E
:104E3000204600F0A6F804F14C01204600F0A1F84D
:104E40000821204607F018FC1021204607F014FC2A
:104E500020460022BDE81040114600F0BEB810B553
:104E60000C46002104F13C00FFF772F904F14C00FC
:104E7000BDE810400021FFF76BB900002DE9F041BB
:104E80000D46314807F0FCFF012854D1284604F0B4
:104E900059FB0446284604F093FB8046132C0AD0A5
:104EA000012C4AD0082C48D0152C44D12846BDE806
:104EB000F041F8F723B94FF4003107F0ABFA04469C
:104EC000284604F07BFB0546B0F90000A04200DD57
:104ED00004462C800021404608F0DEFE07460021F3
:104EE000404608F015FF06460021404608F058FFEE
:104EF00004460021404608F081FEB74201DA3946F7
:104F000000E03146844201DA224600E00246914246
:104F100005DAB74201DA384604E0304602E084425E
:104F200000DA2046002806DAB5F900104042814236
:104F300000DC01462980BDE8F08108F134014046DB
:104F4000BDE8F04109F01DBC585E040890F85C0013
:104F500000F00300704790F85C1001F00301022993
:104F600001D0806A7047816D491C01D0406D704747
:104F7000006B7047816C491C01D0406C7047406ADF
:104F800070470860002048608860401EC860704715
:104F900038B5134690F85C2002F00302022A1BD1B8
:104FA000D0E90A428A4201DD0D4600E01546AC42D6
:104FB00001DD214602E08A4200DC1146426A8A4253
:104FC00000DA1146026B8A4206D0009300F14C03CE
:104FD00000F1300200F022F838BDF8B5456A1346FA
:104FE0008D421AD0D0E90A428A4201DD0E4600E025
:104FF0001646B44201DD214602E08A4200DC114639
:10500000026B8A4200DD11468D4206D0009300F10A
:105010003C0300F1240200F001F8F8BDF0B591B0B6
:10502000074616981C4616460D4618B3E068401C05
:105030002ED0A068C4E90105002118461560FFF7CD
:1050400087F86846FFF7CCF812484FF48071CDE935
:10505000004000200890CDE909010F480390384630
:105060000021652208F0C6FE0B906846FFF716F98E
:1050700011B0F0BD00211846FFF76AF84FF0FF307D
:10508000E060356011B03846BDE8F04009F056BB2D
:105090003068CFE7DF4D0108E74D0108F0B5C0F5F6
:1050A000806404FB04F5AD0A05FB04F64FEA962C78
:1050B00000FB00F6B60A06FB00F745435543BF0A5E
:1050C0000CFB01FC74434FEA9C2105EB45005C435B
:1050D000DDF814E004EB440201EB105007FB0EF77F
:1050E00000EB125000EB9720F0BD10B50C461021DC
:1050F000204607F0C1FA2046BDE810404FF4806119
:1051000006F0D4BE10B50146034807F007FA04467E
:1051100007F078FA204610BD745E040870B50646A4
:10512000008E0D461446A8421BD9E00608D5012181
:10513000304609F044F818B10121304607F09CFAD6
:10514000F06A30F81510A14320F8151029463046B2
:10515000FEF706FA600504D53046BDE8704009F058
:1051600085BF70BD70B50E460546002406E0324688
:1051700021462846FFF7D2FF641CA4B2288EA04225
:10518000F5D870BD08460021018641864FF6FF72B2
:1051900082868162C162416280F83610014900F066
:1051A000EFBA0000A003002010B50C46886A06F094
:1051B000C7FCE06A06F0C4FC0020A062E06210BDFB
:1051C0002DE9FC478A46FA4807F05AFE012843D1E8
:1051D000504604F0B7F90646504604F0F1F90027AE
:1051E0000446132E02D02A2E49D01AE0608EA14622
:1051F000002831D00025D9F8248031E0D9F82C00DE
:1052000030F81500C0F3802040B3608E28B12046EE
:1052100007F091FE618E90FBF1F001B2504604F070
:10522000F1F9292E2FD04FF6FF75012E2DD0022E29
:105230006CD0082E7ED0062E7DD0032E7CD00E2E74
:105240007BD00F2E7AD0102EFCD00D2E77D0152EBD
:1052500002D15046F8F7C6FFBDE8FC876D1CADB221
:1052600058F825000028F7D0D2A1EBF70DFC002854
:10527000F2D058F8250000780028BFD1ECE7616A29
:1052800000F07EFAE8E72046F9E7504604F096F988
:1052900006462046A18EFEF763F905F07BFA05F07D
:1052A000BAFA012801D003281BD16946304605F01F
:1052B00087FA69462046FDF7BDF82146A586A84233
:1052C0001CD0E16A31F81010C1F38012002AC3D15A
:1052D000C1F300110029BFD1A08601462046FEF788
:1052E0003FF9A18EA942B7D0E06A30F81100C0F3AF
:1052F0004022002AB0D1C0F380229EE08D86ABE729
:10530000C0F300100028A7D1019148E0504604F0F6
:1053100055F9074605F03EFA064605F07CFA0428E2
:105320009AD0022898D06946304605F049FA694675
:10533000204605E039E078E087E089E0CAE0D1E086
:10534000FDF778F80646A18E2046B14284D0A942E6
:1053500001D0FEF705F9A686384605F0B5FAAE424B
:105360008CD0E06A30F81600C0F38011002985D196
:10537000C0F30010002885D131462046FEF7F0F832
:10538000E06A30F81610C1F340210029B7D1A18E90
:1053900030F81100C0F380200028B0D1019601AA96
:1053A0001C21204604F00EF956E7A18EA94237D001
:1053B000E26A32F81100C0F3C013ABB1C0F380133E
:1053C00093B9C0F300231BB194F83630DB0713D038
:1053D00040F4807022F8110094F83600C00703D022
:1053E0002046A18E0DF0DEF9A18EE26A32F811009E
:1053F000C0F3402232B902E020F48070EAE7C0F343
:1054000080226AB1C0F3801252B9C0F3001038B9DB
:10541000019101AA1C21204604F0D4F80128C3D12F
:105420002046A18EFEF79CF816E7A18EA942BBD0BC
:10543000E06A30F81100C0F34012002AB4D1C0F382
:105440008012002A3FF45CAF06E72046A18E45E0BB
:10545000208E0028A8D0504604F0B0F8074605F08A
:10546000DAF906462FB9002005F09AF905F0D3F9CC
:105470000646204607F0C8FD04F0DCFCA18EA942D8
:1054800092D1022E02D0042E2AD148B394F83610BD
:105490000020E26AC90701D110E0401C32F8101068
:1054A000C1F30013002BF8D1C1F38013002BF4D10A
:1054B000C1F300210029F0D00AE0401C32F810109E
:1054C000C1F30013002BF8D1C1F380110029F4D1EE
:1054D000A086C1E6A18E2046A94201D0FEF740F881
:1054E000A586B9E62046A18EFEF73AF8504604F0AC
:1054F00065F80078132813D0142836D004264FF00E
:105500000209122858D011288AD10021204608F01B
:10551000A5FBA28E8446AA427BD1A786E26AA5E0BB
:10552000A08EA84201D1A78601E0401CA086A18ED2
:10553000238E994200D3A786A28EE66A08E0491C12
:1055400088B2A086984200D3A786A08E90427DD0D4
:10555000A18E36F81100C0F3001CBCF1000FEED193
:10556000C0F380100028EAD15AE7A08EA84201D1EA
:10557000A78600E000B9208E401EA08683B2E26AB2
:1055800009E011B1491EA18602E0208E401EA086CE
:10559000A08E984268D0A18E32F81100C0F3001698
:1055A000002EEED1C0F380100028EAD138E70000C9
:1055B000905E04080A0000000021204608F04EFB1F
:1055C000A28E8046AA4214D1A786E26A05E0491C51
:1055D00088B2A086218E884246D2A18E32F8110070
:1055E000C0F30013002BF2D1C0F380100028EED1DD
:1055F00016E7A16A06EBC2000B5A31F832001B1AFB
:105600005B1C43F34E0318440FFA80FC1046238EB4
:105610001FE037E009EBC00709EBC205CF5F4D5F24
:10562000AF4212DD31F9305065450EDC06EBC005A6
:105630004D5F4544654508DBE56A35F81070C7F3F2
:10564000801515B9C7F300152DB100E00CE0401C22
:1056500080B28342DED8834247D8E1E6491C88B253
:10566000A086218E884201D3A586D9E6A18E32F884
:105670001100C0F30013002BF0D1C0F380100028FC
:10568000ECD1CDE6A16A06EBC2000B5A31F832002C
:105690001B1A5B1C43F34E03184405B2B4F93400E3
:1056A0001EE000BF09EBC00709EBC203CF5FCB5E72
:1056B0009F4213DA31F93030A3EB0C03AB420DDC1F
:1056C00006EBC003CB5EAB4208DBE36A33F8103075
:1056D000C3F3801717B9C3F3001323B1401E00B200
:1056E0000028DFDA9CE60028B7DBA08698E6038E68
:1056F0008B4204D9C06A30F81100824301D00020E7
:1057000070470120704770B50446008E0E4615465E
:10571000B04234D994F83600C00706D0E80504D565
:105720004FF480712046FFF71DFDE80616D5218E47
:10573000012001290ED9002309E0B34205D0E26A15
:1057400012F81320D20600D400205B1C9BB29942B1
:10575000F3D818B10121204606F0A8FBE06A30F822
:105760001610294320F8161031462046FDF7F8FEA2
:10577000680504D52046BDE8704009F077BC70BDCF
:105780002DE9F34F97B00D0079D0179C2046F4F720
:10579000A1FA656200211622179808F02BFBC0B20F
:1057A00012900021179808F07DFA0B9000211798AD
:1057B00008F0FCFA0F900021179808F0D3FA029035
:1057C0000021179808F04AFA0990179807F0CDFBC6
:1057D0000490179807F0AFFB618E0027C1F101021A
:1057E0000299A94601FB020000B21090384685E0FC
:1057F0004FF0000B5D460AE0E06A791930F81100BD
:10580000FCF7E5FE58446D1C1FFA80FBADB259F859
:10581000250040B142A1EBF737F920B159F8250036
:1058200000780028E8D15DB31099608E01FB08F183
:10583000B1FBF0F20F995318029A08FB023109B23A
:105840000891109908F101025143B1FBF0F10F9A50
:105850000298491E08FB0020084400B214900999E0
:105860000498C5F1010201FB020000B20E9000286D
:1058700001DA00200E904FF0000A564636E04BE069
:10588000FFE709F1040036E0E06A30F81700FCF7A2
:105890009EFE0E9901FB0AF1B1FBFBF209998244CD
:1058A00006FB01210E9A09B20AFB02F0B0FBFBF0E5
:1058B000099A401E06FB0200129A00B2012A06D184
:1058C0000A460499081A01B20498801A00B20B9A89
:1058D000104403B2149800901144A06A09B200EB7E
:1058E000C700089AFFF721FA761C7F1CAE42CBD383
:1058F00009EB8500001D814608F101008046608E9D
:1059000040453FF675AF179809F0B0FB179819B0EE
:10591000BDE8F04F08F012BF19B0BDE8F08F0000ED
:105920000A00000010B50C46102104F12400F3F722
:1059300041FA102104F13000F3F73CFA002024F87A
:105940006C0F2081608060816420A080A081E08055
:10595000E081032060820520A0820A20E08247F6D1
:10596000FF702082207F20F00700401C20F00800FC
:1059700020774FF480702083608310BD70B50C4693
:1059800001F1240610E000BFF3F7F7F90546007BAC
:10599000400702D4686806F0D3F829463046F3F78A
:1059A00087FA284606F0CCF8A06A00283046EBD1EA
:1059B000F3F7CDF904F130050AE000BFF3F7DDF9A4
:1059C000064601462846F3F773FA304606F0B8F863
:1059D000606B00282846F1D1BDE87040F3F7B7B9F5
:1059E000F8B50D467E4807F04BFA012874D12846D9
:1059F00003F0A8FD0646284603F0E2FD0446012E0A
:105A00002DD0082E69D0292E68D0132E67D02C2EC9
:105A10007ED0152E7FD1284603F09AFD054601461B
:105A20002046F7F739FA2646002229462046FBF79A
:105A3000A5FC012229463046FBF7A0FC022229469C
:105A40003046FBF7FBFA042229463046FBF7F6FA0C
:105A500004F12400F3F723FA002871D0B9E004F030
:105A600099FE694604F0ACFEBDF80010A08A2546F8
:105A7000081AADF80000284607F072FBBDF80010C8
:105A80004618284607F071FAB5F88410484340F3E9
:105A90000F270021284608F0F3F8301A00B200263C
:105AA000002822DBB84203DDB5F88260761E1CE0D8
:105AB00095F8881001F00701012902D002290FD0C2
:105AC00013E0B5F88210491E414307EBD77001EB94
:105AD000600090FBF7F608E01DE01DE024E027E001
:105AE000B5F88210414391FBF7F6B4F97C00B0425F
:105AF00011D0B1B22046FDF796FD2046B4F87C10D7
:105B0000FDF791FD00222046A4F87C601C2100E0F6
:105B100031E003F057FDF8BD34F87C1FFDF783FD3D
:105B200047F6FF702080F8BDBDE8F84009F0CABA1A
:105B3000B4F94020B4F94C00824202DD164601E07F
:105B40002EE0064634F9581FB4F90C30994201DDB5
:105B50000C4600E01C46A64205DD824201DD1146EE
:105B600004E0014602E0994200DC19462846BDE8FF
:105B7000F84003F047BD284603F020FD05462046C7
:105B800007F0F3F9B4F88410484300122880204647
:105B900007F0D1F9B4F88610484300126880F8BDC8
:105BA00094F8880000F00700012804D0022807D0EC
:105BB00003280AD00DE029462046FAF773F808E0DA
:105BC00029462046F9F750FF03E029462046FAF718
:105BD00083FA29462046BDE8F840F7F74FB80000A1
:105BE000EC9C02082DE9F04F8BB090460E46040065
:105BF0001D460AD056B1B4F88210414507D800209E
:105C0000288058800BB0BDE8F08FFEE7FEE7204605
:105C100007F0ABF9B4F88410484340F30F2720464F
:105C200007F089F9B4F88610484340F30F20049038
:105C300094F8880000F00700012804D003280AD057
:105C4000022819D065E0B4F8820007FB08F7401E6F
:105C500097FBF0F05CE000973168002331F9180001
:105C6000317BC1F3C00204EB4201B1F97820B1F9F4
:105C7000741005F0BAFE4BE004F124000390079085
:105C8000F3F77FF881464FF4A021204607F0E0FFAC
:105C9000B4F884104843001206900021204607F013
:105CA000D7FFB4F884104FF0000A48430112029164
:105CB000B4F88200C0F1010202FB017191FBF0F027
:105CC0000FFA80FB0798F3F771F806E0B14206D0AF
:105CD0000AF1010A0398F3F766F80100F6D1029879
:105CE000B4F88210384400FB08F090FBF1F00BFB95
:105CF0000AF1B1FBF9F1069AC9F1010302FB03B203
:105D00000144B2FBF9F000B200EBD07001EB60008F
:105D100028800021204607F0B7FE074600212046D4
:105D200007F0AEFF2988384408442880204607F051
:105D300017FA2988081A28803146204600F02CF8E6
:105D400000EB0801B4F88200049B91FBF0F200FB29
:105D50001210716880B231F91000317BC1F300126A
:105D600004EB420232F96C1F401AB2F90420584386
:105D7000511A90FBF1F0181A68800021204608F0B3
:105D800003F86988384408446880204607F0B4FA6C
:105D90006988081A688035E729B190F888000007FB
:105DA00002D448897047FEE700207047F0B50446EA
:105DB0004FF4FA66C1F341307710642501280BD106
:105DC00021F4C040B04207DCB84201DDC0F57A7072
:105DD000584390FBF5F001B2C2F3413001280BD1DA
:105DE00022F4C040B04207DCB84201DDC0F57A7051
:105DF000584390FBF5F002B2944201DA204600E0ED
:105E00001046884201DA0846F0BD944201DA204685
:105E1000F0BD1046F0BDF0B504464FF4FA66C1F38C
:105E200041307710642501280BD121F4C040B042E5
:105E300007DCB84201DDC0F57A70584390FBF5F0FD
:105E400001B2C2F3413001280BD122F4C040B0426C
:105E500007DCB84201DDC0F57A70584390FBF5F0DD
:105E600002B2944201DA204600E01046884201DA8C
:105E70000846F0BD944201DA2046F0BD1046F0BD60
:105E8000002208B51146104600F0A4F80090BDF8B5
:105E9000000008BD002208B51146104600F0B3F816
:105EA0000090BDF8000008BD002208B5114610465C
:105EB00000F0DBF80090BDF8000008BD38B50C46D6
:105EC0000546FFF7F1FF2246294600F027F900902A
:105ED000BDF8000038BD000007B58107BDF80430EB
:105EE00002D020F8023B521EBDF8041001EB014124
:105EF0000EE002C0103A02C040F8081B40F8041C33
:105F000040F8101B40F80C1C40F8081C40F8041C1A
:105F1000102AEED803E000BF20F8023B521E002AF0
:105F2000FAD10EBDF82101EA1041C0F3423211430B
:105F300000F4E05208B541EAC20100F0F80041EA7D
:105F40004010ADF8000080B208BDF82101EA104110
:105F5000C0F34232114300F4E05208B541EAC201F5
:105F600000F0F80041EA4010ADF8000080B208BD32
:105F700018B54C09BDF80030D20864F30203ADF83F
:105F80000030C308BDF80000890863F3C70080B281
:105F900062F30C2080B261F34F30ADF8000080B2A4
:105FA00018BD18B54C09BDF80030D20864F30203DF
:105FB000ADF80030C308BDF80000890863F3C700DE
:105FC00080B262F30C2080B261F34F30ADF8000074
:105FD00080B218BD18B54C09BDF80030D20864F382
:105FE0000203ADF80030C308BDF80000890863F370
:105FF000C70080B262F30C2080B261F34F30ADF87D
:10600000000080B218BD18B54C09BDF80030D208A8
:1060100064F30203ADF80030C308BDF8000089083E
:1060200063F3C70080B262F30C2080B261F34F309B
:10603000ADF8000080B218BD18B54C09BDF80030AD
:10604000D20864F30203ADF80030C308BDF80000C5
:10605000890863F3C70080B262F30C2080B261F359
:106060004F30ADF8000080B218BD18B54C09BDF82E
:106070000030D20864F30203ADF80030C308BDF865
:106080000000890863F3C70080B262F30C2080B27D
:1060900061F34F30ADF8000080B218BD18B54C095F
:1060A000BDF80030D20864F30203ADF80030C30835
:1060B000BDF80000890863F3C70080B262F30C20CA
:1060C00080B261F34F30ADF8000080B218BD00001F
:1060D00018B580B2030243EA102084B288B20102EC
:1060E00041EA1020121D0C4980B2D30840EA00405A
:1060F00044EA044208400A40121A5A4300EB521084
:10610000084040EA104080B2010241EA1020ADF898
:10611000000080B218BD00001FF8E00718B580B27B
:10612000030243EA102084B288B2010241EA10203F
:10613000121D0C4980B2D30840EA004044EA0442F0
:1061400008400A40121A5A4300EB5210084040EA35
:10615000104080B2010241EA1020ADF8000080B288
:1061600018BD00001FF8E00718B580B2030243EA2B
:10617000102084B288B2010241EA1020121D0C499D
:1061800080B2D30840EA004044EA044208400A4092
:10619000121A5A4300EB5210084040EA104080B2F5
:1061A000010241EA1020ADF8000080B218BD0000E5
:1061B0001FF8E00718B580B2030243EA102084B24A
:1061C00088B2010241EA1020121D0C4980B2D308A6
:1061D00040EA004044EA044208400A40121A5A4386
:1061E00000EB5210084040EA104080B2010241EA40
:1061F0001020ADF8000080B218BD00001FF8E007C5
:1062000080B2C0F3C402C2EBC20303EB0222D21D70
:10621000520962F317414207920E02EB503202EB31
:10622000420303EB0222D21C920962F30F21C0F356
:106230000420C0EBC00202EB0020C01D400960F347
:1062400007010846FF2161F31F607047FF2208B570
:1062500011461046FFF7D7FE0090BDF8000008BDBC
:1062600008B50720BDF8001060F30201ADF800107A
:10627000BDF800201F2161F3C70292B261F30C2226
:1062800091B260F34F31ADF8001088B20090BDF8C4
:10629000000008BD70B50C00054611D000F010F9E3
:1062A00010FB04F05030B0F5A07F0BDB284600F067
:1062B00007F910FB04F0A021503090FBF1F002E050
:1062C000002000E0012000B270BD2DE9F0410D4634
:1062D0001E46174604461C2105F040FDC4E9005740
:1062E000C4E90256BDE8F08138B50446502105F0F6
:1062F00035FD4FF4A0702080F02060804FF0FF301B
:10630000A080E0800020208160812069822120F02F
:10631000400040F0080061F3D01020614EF2070009
:10632000ADF800000090BDF800002087024820640E
:1063300060645820A06438BD05850108F8B505469D
:106340005448F2F73FFD041E7DD0E86B48B9A86CB5
:1063500005F06AFB060077D001462A6C2846904774
:10636000EE634FF4B471204605F0F8FC012025607F
:10637000C4F85401082104F5AC70F2F71BFD464E39
:1063800022461E21F7684548F4600BF083FD6060EB
:10639000002865D0286981070AD529886A8811FBF9
:1063A00002F1EA68D268914202D920F00200286125
:1063B000BDF80000072161F30200ADF80000BDF850
:1063C00000201F2060F3C70292B260F30C2290B24B
:1063D00061F34F30ADF8000080B20090BDF80000CE
:1063E0000090BDF800006085FF2084F829000BF0C4
:1063F00023FD50B30BF0C4FCA060002006F0CCF9E4
:106400002061002006F0C8F9E061002006F0C4F920
:10641000234D20622A460021E06908F042FF2A4607
:106420000021206A08F03DFF0221E06906F024F90E
:106430000221206A06F020F90021E06909F0EDF957
:106440000021206A02E00AE008E00DE009F0E5F929
:10645000206908F073F9F760B7B116E00020F8BDC5
:10646000204605F06DFBF9E7002009F07DFC0546AC
:10647000052009F079FC01460A48009001232A46CC
:1064800020460BF087FCB7E7F46060680BF0DBFD9B
:106490002046F8BD08F3002010030020F98700080B
:1064A000FFFF0F0004FF0208C26800211161C068ED
:1064B000416170470148C068704700001003002028
:1064C00010B90548C06820B100680069C0F3C91060
:1064D0007047822070470000100300200068C068E9
:1064E0007047000018B90948C068002809D0006842
:1064F000017CC1F30111012904D0032902D0B0F9B4
:1065000000007047B0F9020070470000100300203F
:1065100010B518B9FFF7CEFF002800D0006A10BDF3
:1065200010B518B9FFF7C6FF002800D0C06910BD2C
:1065300018B101460248F2F732BC0148F2F71DBC1F
:1065400008F3002010B518B9FFF7B4FF002800D0F9
:10655000006910BD10B518B9FFF7ACFF002800D0D6
:10656000406910BD10B508B9FFF7A4FF806810BDE1
:1065700018B90948C068002809D00068017CC1F337
:106580000111012904D0032902D0B0F9020070479B
:10659000B0F90000704700001003002010B518B9D2
:1065A000FFF788FF002804D0D0F85401002801DD4F
:1065B000012010BD002010BD08B500210B460A4681
:1065C000009109F04BFF08BD7CB50E7BDDE9065458
:1065D000022E08D94E88002E05D0A54203D0CDE961
:1065E00000544469A0477CBD38B50446102105F02D
:1065F000B5FB01206080FF202073BDF80010002053
:1066000060F3020189B260F3C70189B260F30C2123
:1066100089B260F34F31ADF8001088B20090BDF838
:1066200000000090BDF80000208038BD2DE9F04F3B
:1066300085B0824610B294468B460FFA82F9AAEBD7
:10664000000EDDF838800FFA8EF20492ABEB0002F8
:1066500017B203920AEB000203F5B471119C58447F
:106660001E46029212B203B2019088457DD04FF4CB
:10667000B4718E4202D9A6F5B476B6B2884503D974
:10668000A8F5B4701FFA80F80F99ACEB010000B2C6
:106690000090109818B101EBD1704010401C05B269
:1066A0005A21B6FBF1F0B8FBF1F1C0B2C9B204282F
:1066B00000D10320042900D1032188427ED1464520
:1066C0007CD868B3012854D0022878D003287ED122
:1066D00006F15A0000B20BF0CFFD009910FB01F15A
:1066E0000AEBE130401B208030B20BF0C5FD10FBFF
:1066F00009F10BEBE130401B608008F15A0000B259
:106700000BF0BAFD10FB09F10AEBE1302844A08040
:106710000FFA88F00BF0B0FD009910FB01F15AE17F
:1067200030B20BF0A9FD009910FB01F10BEBE13049
:10673000401B60805A3630B20BF09EFD10FB09F111
:106740000AEBE1302844A0800FFA88F00BF094FDAA
:1067500010FB09F10BEBE1302844E08008F15A000E
:1067600000B20BF089FD009900E0E6E010FB01F1BA
:1067700029E030B20BF080FD10FB09F10BEBE130AA
:106780002844E0805A3630B20BF076FD009910FBB9
:1067900001F10AEBE1302844A0800FFA88F00BF0F9
:1067A0006BFD009910FB01F10BEBE130401B6080A9
:1067B00008F15A0000B20BF05FFD02E036E009E09C
:1067C00005E010FB09F10AEBE130401B208005B029
:1067D000BDE8F08F06F15A0000B20BF04DFD10FB42
:1067E00009F10AEBE130401B208030B20BF044FD90
:1067F000009910FB01F10BEBE1302844E0800FFA27
:1068000088F00BF039FD10FB09F10BEBE130401B78
:10681000608008F15A0000B20BF02EFD009910FBC9
:1068200001F10AEBE1302844A080D0E730B1012823
:1068300037D0022861D003287ED099E001297CD18D
:1068400008F15A0000B20BF017FD10FB09F10AEB3A
:10685000E130401B20800FFA88F002900BF00CFD15
:10686000074630B280460BF007FD874201DA0298F6
:1068700000E040460BF000FD009910FB01F10BEB2E
:10688000E130401B60805A3630B20BF0F5FC10FB53
:1068900009F10AEBE1302844A08001982844E08007
:1068A00095E7022964D1AEEB050020800FFA88F04D
:1068B0000BF0E2FC10FB09F10BEBE130401B6080B8
:1068C00006F15A0000B201900BF0D6FC074608F121
:1068D0005A0000B280460BF0CFFC874201DD0198E0
:1068E00000E040460BF0C8FC009910FB01F10AEBF8
:1068F000E1302844A08030B269E0032938D106F1A4
:106900005A0000B20BF0B8FC10FB09F10AEBE130C1
:10691000401B20800398401B608008F15A0000B2A1
:106920000BF0AAFC10FB09F10AEBE1302844A0802F
:106930000FFA88F0804601E019E019E00BF09CFCAA
:10694000009910FB01F730B206460BF095FC009958
:1069500010FB01F0874201DD404600E030460BF0BD
:106960008BFC009910FB01F00BEBE03096E729B1AE
:10697000049820806780A280E38028E708F15A000D
:1069800000B203900BF078FC074606F15A0000B203
:1069900001900BF071FC874201DA039800E0019846
:1069A0000BF06AFC009910FB01F10AEBE130401B8F
:1069B000208030B20BF060FC10FB09F10BEBE130F2
:1069C000401B608002982844A0800FFA88F00BF0EA
:1069D00053FC10FB09F10BEBE1305FE72DE9F041CF
:1069E0001D0017460E4604461AD0F07A02281AD91E
:1069F000D4F81CC0BCF1000F03D02046E0470128AA
:106A000011D02B463A4631462046F4F796FE01282F
:106A100009D006A239462046BDE8F0410FF0E5BC9A
:106A200002A23946F8E7BDE8F08100004E6F0A6423
:106A30006174610038B58469049D002C01D0009513
:106A4000A04738BD38B50446182105F087F9002263
:106A500011461046FFF7A5FA0090BDF8000000901F
:106A6000BDF800002081FF20E072401C6080012002
:106A7000207538BD704700002DE9FF4FB5B0887E06
:106A8000429F1E4692460C4602287DD92068002867
:106A90007AD03598006A002876D0202222A8E9F71B
:106AA00070FF20680390002E6ED0307800286BD0E5
:106AB0003598514682682EA8F1F701FD002863D071
:106AC000207FB0F1000B01D14FF0010B607F8107F7
:106AD00007D4BAF80410BAF80000081A401C03B230
:106AE0000FE0B4F91210009141F6FF72CDE90120D8
:106AF000B4F91430314606A822680BF081FCBDF9C8
:106B000018300398B4F912100025B0F908906A1EE5
:106B100001EB09000B90BAF80000ADF81000BAF8CC
:106B20000210ADF81210B4F916000690B4F918006E
:106B30000144ADF8121007B3F8B9BAF902100029F0
:106B40001BDAD7F808C0ACEB0100002801DCA1EB90
:106B50000C000B99C1F1000C4FF4806101EB4C016A
:106B6000884200DD3A603868002806DB0546BDF83B
:106B70001210B8880844ADF81200617F0020CDE9FA
:106B80000001B4F9142000E0A2E070192D930399DC
:106B9000F2F734FC00EB050829E0617F0020CDE925
:106BA0000001B4F9142006EB08002D9B0399F2F7BD
:106BB00025FC454600EB0508BDF812000B9908447A
:106BC00000B2ADF812007FB110F5806F0CDB3868B1
:106BD000002809DA3D60BDF91210BAF90200081A5E
:106BE0007860BAF90200B860705D002870D0BDF915
:106BF000121001EB090035998968B1F90210884239
:106C0000CBDB5846CDF8C0B0BBF1020F02D0032851
:106C100016D029E0607F0090B4F91430A8EB05018C
:106C20007019039A0BF04AFC07465046FEF74BF8E2
:106C3000C01BBDF8101000EBD07001EB600011E03C
:106C4000607F0090B4F91430A8EB05017019039A25
:106C50000BF034FC07465046FEF735F8BDF810102F
:106C6000C01B0844ADF81000D4E9019BD94502D9F6
:106C70004846D9468346A07F800717D00FA800F06A
:106C80002AFAA089ADF83C00039890F90E0000B9EB
:106C90000120ADF83E00A07E8DF84400A07F9DF855
:106CA0004510C00860F301018DF8451000200E90DA
:106CB000FFF7E6F83390FFF7E3F8319012A800F001
:106CC00047FF208AADF84C00BDF9100032906AE110
:106CD0006DE100BFBDF81010069800270844ADF81C
:106CE0001000701908972190A8EB05002A90BAE0CF
:106CF0000021A9F57F420991FF3A09D0ABF57F4108
:106D0000FF3905D0AB4A29183046126890470990E0
:106D100008AB6A4601A92198F2F758FB607FC007CB
:106D20000AD00198232802D0012F13D004E047B1E4
:106D3000012F0AD0022F0BD0E0683190022F4ED0E5
:106D40004FE008980E90012047E00027E06847E0F8
:106D5000002042E0202841D108990E98081A0728FF
:106D600001D0A08937E00E9A21982BA91044062261
:106D700010F8013B01F8013B521EF9D100208DF8BB
:106D8000B2009DF8AD00FCF7FFFA07469DF8AC0095
:106D9000FCF7FAFA07EB001007909DF8AF00FCF73C
:106DA000F3FA07469DF8AE00FCF7EEFA07EB001089
:106DB00009909DF8B100FCF7E7FA07469DF8B0008E
:106DC000FCF7E2FA07EB0010C2B20998C1B20798CB
:106DD000C0B2FFF7FFF833900220074643E0339834
:106DE0003190DDE90021039802F000FD2C904FF670
:106DF000FF70814522D0834520D0099848451DD396
:106E000058451BD2BDF81010ADF82410BDF8120083
:106E1000ADF82600A28A0A442C99491E1144ADF807
:106E200028100B9909AA491E0844ADF82A0012A996
:106E3000359800F079FEE089ADF8C400BDF8C400D3
:106E4000ADF8940004AA22A9019B359800F031F90D
:106E50002C98002807DDBDF81010A08A01442C985A
:106E60000844ADF810002A99089881423FF640AFD7
:106E7000A07F800723D53298ADF80000206802ABD0
:106E80006A46B0F90810BDF93E0001EBD171491016
:106E900000EBD07001EB6000BDF812100844BDF8A3
:106EA0001010ADF80810ADF80200ADF80A00BDF8FA
:106EB000C400ADF83C000FA9359800F0FFF8A07FA2
:106EC000C0071FD03298ADF800002068BDF812103E
:106ED00002AB028940891144091A03986A4690F965
:106EE0000D00081ABDF81010ADF80810ADF802003A
:106EF000ADF80A00BDF8C400ADF83C000FA9359804
:106F000000F0DCF8617F0020CDE9000106EB08000D
:106F1000B4F9142007462D9B0399F2F76FFA454602
:106F200000EB0508BAF80000ADF810003098022810
:106F300002D0032816D029E0607F0090B4F9143005
:106F4000A8EB05013846039A0BF0B8FA07465046FD
:106F5000FDF7B9FEC01BBDF8101000EBD07001EBBF
:106F6000600011E0607F0090B4F91430A8EB0501D7
:106F70003846039A0BF0A2FA07465046FDF7A3FEE7
:106F8000BDF81010C01B0844ADF81000BDF8121079
:106F90000B980844359900B2ADF812008968B1F930
:106FA0000610884203DC705D00287FF493AE39B090
:106FB000BDE8F08F9803002038B50446202104F086
:106FC000CDFEFF20A076FEF75BFF0090BDF800002D
:106FD000A0810B4820604FF6FF706060A060FEF754
:106FE0004FFF0090BDF80000E081052008F0BCFED6
:106FF0000090BDF8000020820020E07638BD00003F
:1070000004FF0208036C002B00D018477047436C44
:10701000002B00D0184770472DE9F0410546C06BA2
:1070200017460E46002824D0E86C04F0FDFC041E30
:107030001FD0E96C04F092FEF2F762F92968216230
:107040006968E161A968A16100683A462146007C4F
:10705000C0F3801084F8240030682060706860609D
:10706000EB6B28469847050002D1204604F068FDE6
:107070002846BDE8F08170B50C46054601F095FF45
:10708000206A2860E0696860A069A860F2F738F9B2
:10709000006894F82420016962F386110161AA6CEA
:1070A00012B12146284690472046BDE8704004F0C2
:1070B00047BD30B4046AA44630BC604730B44C8845
:1070C000002C06D00C7A022C03D9446AA44630BCAA
:1070D000604730BC704738B504460A2104F03EFED4
:1070E00001206080FF202072BDF80010002060F3B6
:1070F000020189B260F3C70189B260F30C2189B241
:1071000060F34F31ADF8001088B20090BDF8000078
:107110000090BDF80000208038BD000010B5034687
:107120000A4A002052F8304024B1401CC0B2102856
:10713000F8D301E0102802D34FF0FF3010BD42F821
:10714000303002EBC002516010BD000000F400209E
:107150002DE9FF4F81B08B460E9D16461C46B5F9B2
:107160000A10B5F90C00571AB5F9082005F11009F5
:10717000ABEB020305F13C0AB4285DDAB5F90E2049
:10718000B42A7DDA00287BD0002A79D0904277DDBE
:10719000B1425ADC696D79434FEAA12CA96A7F1C80
:1071A00079438912A0F20F15582D01D8002909DB67
:1071B000451E592D01D8002904DB5B38B32802D2C3
:1071C000002900DD0021A2F20F10582801D8002963
:1071D00009DB501E592801D8002904DB5B3AB32A89
:1071E00002D2002900DD0021ACEB010001EB6000C0
:1071F0000125C71AA74200DD2746002F0DDD3BB24F
:1072000032465946CDF80090019800F091F90500FA
:1072100003D13946019804F0A1FDA74200DD2746BD
:10722000002F00DA0027CDF800A05DE0B54276D14E
:10723000284605B0BDE8F08F68DDB5F90E20B42A08
:1072400064DD904262DDB14201DA0120F1E7696D4F
:1072500079434FEAA12CA96A7F1C79438912A0F2D5
:107260000F15582D01D8002909DB451E592D01D8CD
:10727000002904DB5B38B32804D2002902DD00E0DA
:1072800044E00021A2F20F10582801D8002909DBA0
:10729000501E592801D8002904DB5B3AB32A02D2D8
:1072A000002900DD0021ACEB010001EB60000125AD
:1072B000C71AA74200DD2746002F0DDD3BB232463C
:1072C0005946CDF800A0019800F032F9050003D12D
:1072D0003946019804F042FDA74200DD2746002F01
:1072E00000DA0027CDF800900BEB070001B20198FF
:1072F000E41B384423B20746324600F019F9060071
:1073000094D12146384604F029FD8FE70127B8467D
:10731000B42805D038B109DAB14209DC0AE047E007
:10732000B14210DC04E0B14202DC0CE0B14201DC0D
:10733000032708E0234632465946CDF800900198CD
:1073400000F0F6F80746B5F90E00B42806D060B193
:10735000B5F90A000FDAB04204DC0EE0B5F90A0014
:10736000B04206DD4FF0030803E0B5F90A00B04271
:10737000F8DDBFB10EE0B042F4DD23463246594697
:10738000CDF800A0019800F0D3F8804657B1B8F1CD
:10739000000F07D0032F02D0012F05D008E0B8F16D
:1073A000030F05D1002044E74046B8F1010FFAD0A1
:1073B00002203EE72DE9F8430546884640F2671073
:1073C000411C089C1746002B01DA002302E08B4287
:1073D00000DB0346002C01DA002402E08C4200DBD3
:1073E00004469C4203DAC3F5B470204403E0E01A7B
:1073F000002800DC181BA5F86800AB81EC81A5F81B
:1074000008806F8115482860012028718B4200D9BF
:10741000FEE7B42B01D2002000E00120002C01DBAC
:107420008B4200DDFEE7B42C05D3A4F1B401B429EE
:1074300001D2002600E0012600903A46414605F1BF
:10744000100000F0CBF823463A46414605F13C00D7
:10745000009600F0C3F8BDE8F88300005171010800
:107460002DE9F8431E4617468846814600250C4CF8
:107470000DE00090D0F800C033463A4641464846F9
:10748000E047002808D0022800D1012508342068F0
:107490000028EED115B10220BDE8F8830120FBE7FA
:1074A00000F4002010B50179022906D0052913D176
:1074B0008068BDE8104004F043BB044640690028E2
:1074C0000AD00169002904DA406804F039FB6069D8
:1074D000EFE74169491E416110BD000070B5134DD1
:1074E000060008D05FF0000455F83410B9B10879EF
:1074F000022805D002E02868002800D0012070BDD5
:10750000887CB1F91020C007304601F1080102D093
:10751000F1F76DF801E0F0F7FAFF0028EED0641CF7
:10752000E4B2102CE0D3002070BD000000F4002075
:10753000F8B5069CA58A266A521B658A12B2491BB9
:1075400094F8285009B24FEAC57526B1009485B366
:10755000FCF72CFCF8BD85B1207C810727D000F01A
:107560000301012923D0022901D1511C1FD4C0439A
:10757000800728D1002A1ADC25E0227C02F00304CF
:10758000022C14D0D543AD0711D0012C01D1002914
:107590000DDC920701EB030207D0002A13DB4942FE
:1075A0000FD50021002B0EDD0FE0002A02DA0120AA
:1075B000F8BD10E04A4206D49A420ADA991A1044F9
:1075C00005E0994201DB0020F2E7994201DA04F07C
:1075D000C5FB0220ECE7FCF793FCE9E72DE9FC474B
:1075E0001C46DDF8288016460F468146B42B01DD87
:1075F000B43C24B204F15A0000B20AF03DFE07EB9D
:10760000601520460AF038FE06EB601000B2CDE9A6
:1076100000082BB232463946484600F003F8BDE870
:10762000FC8700002DE9F0470F46DDE90869984620
:10763000154604462C2104F091FBB54206D1B9F160
:10764000030F03D16D1E761E2DB236B2B54205DD95
:107650004046B846074630462E4605462781658196
:10766000A4F80C80E68184F810906782A8EB0700EC
:107670004B46A582002801DD014601E0A7EB080189
:10768000721B002A01DD154600E0AD1BA94294F8EB
:10769000281002DD41F0010101E021F0010184F830
:1076A00028100025E561244E2660A5612571CE07CE
:1076B0004FF480150DD020B195FBF0F65643B6126D
:1076C000E66122B195FBF2F242439012A061E069BB
:1076D0000CE022B195FBF2F64643B612A66120B14A
:1076E00095FBF0F050438012E061A069206298079A
:1076F00009D003F00300012808D0022813D0D84392
:10770000800714D006E021F0020001E041F0020001
:1077100084F82800216A88106062002901DA40425A
:107720006062BDE8F087206A0028EFDCEBE7206AA2
:107730000028EBDDE7E70000317501082DE9FE4F79
:107740008046DDF830900E461C4699F81200174628
:1077500000F0010AB9F91050684609F10801FDF777
:107760004DFABDF90200BAF1000F2FD0B84250DC3B
:10777000BDF90600B8424CDBBDF900004119B14229
:1077800005DCBDF904203119521B914209DDBDF918
:1077900002104A19BA4240DCBDF90620521BBA4217
:1077A0003BDBBAF1000F18D0801B00D50020A042AF
:1077B00031DCBDF90410891B091A491C4218A24288
:1077C00000DD211A002926DB4044EFE0B84213DC3B
:1077D000BDF90600B8420FDBCEE7871BA7420BDCE2
:1077E000002F03DB3946404604F0B8FABDF9040027
:1077F000851B6D1C002D02DC0020BDE8FE8FA5421C
:1078000004DA611B08EB050004F0A8FA1FB9A542D1
:1078100001D10120F1E70220EFE7BDF80430821B1F
:10782000181A401C0FFA80FCBDF80600401A401CD4
:1078300003B2781A00B2A84202DA281A401E01E008
:10784000591B401AD9F8141000B20223CF6803EB79
:107850004003FB5A37F810609B1B1EB28B684968C7
:1078600033F8103037F810004FF0000700EB010B31
:1078700002EB0C00401B18440FFA80F95019C01A93
:10788000401E05B2BAF1000F22D06BE0F11B01EBF4
:107890000B0010F8010C029009EB07005FEA000AE8
:1078A00008D4A24506DA18F80A1002980BF054FA28
:1078B00008F80A00B5EB070A08D4A24506DA18F85A
:1078C0000A1002980BF048FA08F80A007F1C3FB231
:1078D000B742DBDB09EB0700A04201DA014600E01A
:1078E0002146002901DA002002E0A04200DB204608
:1078F00000B2211A404404F031FAA81B411CA142F5
:1079000001DA0A4600E02246002A01DA002402E0F9
:10791000A14200DA0C4621B2404647E0F11B01EBE0
:107920000B0010F8010CC0F1FF00029009EB0700FA
:107930005FEA000A08D4A24506DA18F80A1002988D
:107940000BF00AFA08F80A00B5EB070A08D4A245BA
:1079500006DA18F80A1002980BF0FEF908F80A0087
:107960007F1C3FB2B742D9DB681CA04201DA691C18
:1079700000E02146002901DA002504E0A04201DAF6
:107980006D1C00E025462AB2A9EB0200A11A88422C
:1079900001DA034600E00B46002B01DA002002E08A
:1079A000884200DB084601B208EB020004F0D6F979
:1079B00031E700002DE9F0411546064688880A881F
:1079C0001C46801A401C02B2C8884B88C01A401C52
:1079D00000B2824200DA1046B5EB600F00DD4510C0
:1079E000002D00DA002506F10800FDF707F93582C1
:1079F000B47437483060022030710023C5B1354877
:107A000000214FF47A7200BFC1EBC10400EB840483
:107A1000B4F91840AC421BD1C1EBC10100EB8100AD
:107A20004169491C41610169102D04DA012303E019
:107A30007361BDE8F0812B110B44934205DA102DE0
:107A400001DA012200E02A110A4402617061F0E7C4
:107A5000491C0229D8D300244FEA0401C1EBC10715
:107A600000EB8707D7F814C0BCF1000F07D12CB189
:107A7000D7F810C0D4F810E0F44500DA3C46491CB1
:107A80000229EBD33CB16069401CC4E90430102DDD
:107A90000CDA01200BE01C2003F0C6FF04461C2179
:107AA00004F05CF94FF0FF3020610AE0281118441F
:107AB000904205DA102D01DA012000E028111A1891
:107AC0002261204629467461BDE8F041F3F7E6BA29
:107AD0003D770108C8F30020F0B50025094E0746A0
:107AE0002C4600BF06EBC4004068B84204D156F8EB
:107AF0003450204600F008F8641CE4B2102CF1D396
:107B00002846F0BD00F400200021421C08D0054AA0
:107B1000002352F8301042F8303002EBC0004360CE
:107B20000846704700F4002030B4D38854881B1BEB
:107B30005B1C1BB2012B09DB938814881B1B5B1C8D
:107B40001BB2012B02DB036930BC184730BC704705
:107B500038B50446382104F001F9FEF777FB0090B0
:107B6000BDF8000024F8040FFEF770FB0090BDF88C
:107B700000006080FEF78EF90090BDF80000E08004
:107B8000FF2525720220A072FEF784F90090BDF84F
:107B900000006083FEF77EF90090BDF800002085AC
:107BA0000748206104F8015CA57584F82650A57784
:107BB00084F83250E07F20F03E001E30E07738BD80
:107BC00004FF02082DE9F04FCBB08346DDE9546590
:107BD000087B984614460F4602287DD9B7F9020063
:107BE000002879D0AE4277D01AB2814692464045FD
:107BF00000DD914601A8FFF7ABFF787B00F00300A2
:107C00008DF80600B86840B100208DF80700B8680C
:107C10000590387B8DF81E0005E0387B8DF8070055
:107C20003888ADF808002188A8F10103A1EB08020B
:107C3000ADF840206188A1EB0801ADF84210208822
:107C40001844ADF84400B4F802C0ADF8D400634461
:107C5000ADF84630ADF8D020ADF8D210ADF8D63042
:107C6000B7F802C06244ADF8D020B7F802C0614452
:107C700009B2ADF8D210B7F802C0A0EB0C00ADF815
:107C8000D400B7F802C0801AA3EB0C034FF0FF3CFE
:107C90001BB2CDF80CC1401CADF8D6304FF0000C33
:107CA00000B2CDF810C1002812DD581A401C00B2F5
:107CB00000280DDD012347F6FF7234A937A8FFF72E
:107CC00079FE01204490002137A8FFF727FA43905E
:107CD000002347F6FF7200E02DE010A93DA8FFF752
:107CE00069FE00213DA8FFF719FA459006F5B4702A
:107CF000A84205D005F5B4714FF4B4708E4220D17E
:107D000047F6FF70ADF8040010AA01A95846FFF726
:107D10000BFF4598FFF7F8FE4398401C02D04398AC
:107D2000FFF7F2FE3DA8FFF7BDFB4498002802D004
:107D300037A8FFF7B7FB4BB0BDE8F08FA6F5B476D8
:107D4000B6B28642FAD202E0A5F5B475ADB285426C
:107D5000FAD228B249900090B4F90220B4F9001088
:107D600033B219A84A93FFF725FB002119A8FFF7A2
:107D7000D5F94690B54203D9A81BC0F5B47000E010
:107D8000701BDBF8081000913C282ADDB8F10A0FBF
:107D900027D95A20B6FBF0F1B5FBF0F000F0030054
:107DA000ADF8540001A8ADF84CA0ADF8505001F06A
:107DB000030116901294ADF84E60ADF85210ADF874
:107DC000569010A8CDE9170B12A8F7F7A7FA12A83A
:107DD000F7F76CFB12A8F7F738FC12A8F7F723FDAA
:107DE00004E010AA01A95846FFF79EFE19A8FFF764
:107DF00059FB3DA8FFF756FB449810B137A8FFF791
:107E000051FB4698FFF780FE4598FFF77DFE4398AB
:107E1000401C02D04398FFF777FE787B40078AD555
:107E200009F0FF0212AB51464A98FAF7C6FFBDF8B7
:107E30004800218812AA0844ADF84800BDF84C005B
:107E400021880844ADF84C00BDF84A006188084418
:107E5000ADF84A00BDF84E0061880844ADF84E0008
:107E600015A80099F0F72BFB15AEC0B1002347F61B
:107E7000FF7212A943A8FFF79DFD002143A8FFF759
:107E80004DF90546584610AA01A9CBF80860FFF73E
:107E90004BFE2846FFF738FE43A8FFF703FB09F027
:107EA000FF0212AB51464998FAF787FFBDF8480028
:107EB000218812AA0844ADF84800BDF84C0021887A
:107EC0000844ADF84C00BDF84A0061880844ADF89C
:107ED0004A00BDF84E0061880844ADF84E0015A870
:107EE0000099F0F7ECFAC0B1002347F6FF7212A92F
:107EF00043A8FFF75FFD002143A8FFF70FF90446F1
:107F0000584610AA01A9CBF80860FFF70DFE2046DD
:107F1000FFF7FAFD43A8FFF7C5FA0098CBF8080071
:107F200009E770B514460D460646F3F75BFD224699
:107F300029463046BDE87040F3F729BF7CB50446BA
:107F4000087E0D4602280ED9A26868462968F0F717
:107F5000B6FA002807D0616B09B120468847626DE8
:107F60002946204690477CBD2DE9F04FCD6889B069
:107F70000C46074615B1207C00287DD0207C0128C6
:107F800000D10025786881880088081A401C00B25A
:107F90000790BA6805A82168F0F791FA00286BD01D
:107FA000F1F7AEF983460068D7F80090C16941BB8C
:107FB000017C490610D47968BDF91420B1F900306C
:107FC000B1F90210D21ABDF916305B1A079901FBFC
:107FD000032209EB420113E07A68BDF91630B2F9C9
:107FE0000260B2F900209B1B079E734303EB43031F
:107FF00003EB0901BDF914309A1A02EB4202114455
:108000008946D4F804A05FEA0A0114D021688B885D
:10801000B1F90020B1F902109B1A5B1C0FFA83F82A
:10802000BDF914309A1ABDF91630591A08FB01220D
:108030000AEB420A01E04FF000083DB3007C000764
:108040000FD46069FCF72BFE0146002007E02A5C94
:10805000802A01D9FF2200E000222A54401C8842D5
:10806000F5DB60698288B0F90010521A521C16B212
:10807000BDF91420511A00E026E0BDF91620B0F930
:1080800002002944101A06FB001500E0002678685B
:108090004188008849420AB2404201B205A8FCF773
:1080A00037FEDBF80000C069D0B160680028207E90
:1080B0000DD001A9CDF8008081E86100534605A9E3
:1080C0004846079A0AF0C8FD09B0BDE8F08F8DE870
:1080D0006100A36805A94846079AF9F799FDF3E7F7
:1080E000607E80B161680029217E25D0CDF80080B6
:1080F000CDE90360CDE90115534605A94846079A25
:108100000AF06AFBE0E760680028207E0BD001A936
:10811000CDF8008081E86100534605A94846079ADA
:108120000AF018FCD0E78DE86100A36805A948466D
:10813000079AF9F7B7FBC7E7CDE90260CDE900156B
:10814000A36805A94846079AF9F706FBBCE72DE99D
:10815000F047B3F90240DDE908091D46904614FBDB
:1081600008F301EB4303B5F900100A9A03EB41064B
:10817000B2F90230B2F9002003FB09F300EB43002F
:1081800000EB4207A888401A401C00B24FEA400AA0
:108190000AE052463946304603F00EFD641C06EBF9
:1081A000480607EB490724B2B5F90600A042F0DA09
:1081B000BDE8F0872DE9FF4FA1B00D4682468168EA
:1081C0001446DDF8B89019A8FCF745FD19A8FFF78B
:1081D00085F91790288818B96888B0F5807F01D094
:1081E000012100E0002116911C2108A803F0B6FD32
:1081F000E87A8DF83800287B4FF0000600F00F0079
:108200008DF8390006A80890DDE9161008432CD136
:10821000B9F1040F06D0B9F10E0F0AD0B9F1140F5D
:1082200021D022E0A87A00BB249808A9CDE9084013
:1082300013E021466846DAF80820F0F740F90028F4
:108240000ED0249809960D940B902889ADF828003B
:1082500002208DF8300008946EE05046FFF76EFE65
:1082600025B0BDE8F08FA87AF0B3DAF808000288EC
:10827000ADF818208088ADF81C00DAF80810801AD4
:10828000401C4988ADF81A10DAF808300FFA80FB64
:10829000DB88ADF81E30A6882788591AF61B761C95
:1082A00036B21096E6886788491CF61B761C36B2F3
:1082B0000FB21196F1F724F8FEF714F9804606A8DC
:1082C000FCF7EDFC5E46404501D9B8FBFBF77E4369
:1082D000700003F0D7FB1290304603F0D3FB1490EC
:1082E0000B9006A80D9000E011E002208DF8300000
:1082F000129809907F1EBDF81A00BDF91E803844FF
:108300001897ADF81E00B9F1040F1DD116E0A08832
:1083100021886288401A401C01B2E088801A249AA1
:10832000401C00B2490001FB0020CDE908420B903F
:1083300002200D948DF8300008A98EE7288818B91E
:108340006888B0F5807F01D0022000E001208DF820
:108350003000CAE006A91BA8FCF77DFC60884042FB
:1083600002B22088404201B21BA8FCF7D1FC16984B
:108370001299002814980ED0CDE90410CDE90259C5
:10838000DDE91010CDE900011BA95046109B249A8D
:1083900000F0F0FD0BE0CDE90310CDE90159109894
:1083A000DDE9102300901BA82499F3F7A8F8A87A18
:1083B000022865D92A8992B2C2F3C40717FB00F7D5
:1083C00067F30F015707BF0E07EB523717FB00F794
:1083D00067F31F418E46C2F3042111FB00F161F3E4
:1083E0000F03C0F1FF010022059347E0129800EB54
:1083F000420002900088ADF80400BDF804301FFA76
:108400008EF0C3F3C40717FB010000EBC01707EBA6
:10841000C030C0F3C457BDF878004FEA1E4C67F374
:10842000C7005F07BF0E07EB533717FB01C707EB0A
:10843000C71C0CEBC73C4FEA9C6C6CF3020007EBCB
:10844000C71C0CEBC737C7F3C25767F34F30059F04
:10845000C3F30423BFB213FB017303EBC31707EB92
:10846000C333C3F3C45363F30C20ADF8780080B278
:1084700001900298BDF80430521C0380B242B5D37B
:10848000179800B314980090BDF91A7017E000BF58
:10849000BDF918105B463A460098FEF7E1FF10B1AF
:1084A000022804D006E05946009803F057FC022049
:1084B0008DF8300000987F1C58443FB20090BDF901
:1084C0001E00B842E4DA08A95046FFF737FDBDF8B0
:1084D0001E001899401CADF81A00084401B2ADF80E
:1084E0001E10414501DDADF81E80BDF91A10414551
:1084F0007FF730AF149803F011FB129803F00EFBD6
:10850000AEE6000010B50C465821204603F026FCCC
:1085100010486061104820611048206310482062B4
:108520001048A061104860621048A0621048E062E4
:10853000104860631048A0631048E063104820644E
:10854000104860641048A064104860652C20E06406
:1085500010BD0000C57B0108998C0108237F01082C
:108560005F870108B581010875880108198A01082B
:10857000D18C0108738F01084F81010863860108BF
:1085800091850108DD85010859870108697F010887
:108590002DE9F04117460C460646F0F7B1FE0546B8
:1085A000F807A06A20F000410BD0606903F0D6FB09
:1085B000A06A40F00041A1622868016941F04001D1
:1085C00004E0A1622868016921F04001016160694D
:1085D0000834C6E90004B460BDE8F081FEB5054684
:1085E0000068029000980C4620F0E0000090686857
:1085F000164681880088081A0099401C60F394216F
:1086000000916868C1884088081A0099401C60F38E
:108610005F510091A06A002801DA052100E00421E1
:10862000009861F304000090206A2860E0696860A7
:10863000A069A860F0F764FE006894F824206B46F7
:10864000016962F38611016104F10802314628468E
:10865000FEF7C4F9284600F0A8FC684601F079FC52
:10866000FEBD70B5064615460C46D00701D0002069
:1086700070BDA80743D5A06A00F0004000F5805007
:10868000A0622046FCF70BFBA16A400021F00042EB
:10869000824202D960F31E01A162A06A20F000406C
:1086A00003F0C2F92146606168B9A06A00F0004099
:1086B00000F58060A06220F0004003F0B5F921468B
:1086C00060610028D4D00846D0E900128160E260E1
:1086D0006188E181A1892089081A401CA16A00B241
:1086E00021F0004100EB400291FBF2F12182A16AEE
:1086F00021F0004191FBF0F0411061822AE0084630
:10870000D0E900128160E260FCF7C9FA4100A06A7A
:1087100061F31E00A06220F0004003F085F9606163
:10872000A16A21F0004103F019FBA06A05F00105E0
:1087300065F3DF70A0626069002899D0306004F1B1
:1087400008007060B060F0F7DBFD0068016965F358
:1087500086110161204670BD486903F0F1B9F0B59A
:108760001C46074697B015460E4608680023224669
:1087700001A900F094FFF0B3BDF80C20002A3FD00F
:10878000BDF80A1000293BD02888BDF80E301844E7
:1087900000B2ADF84C0033686D88B3F808C05B894F
:1087A000ACEB03032B44BDF810509B1A5B1B1BB2B0
:1087B000ADF84E304518B968B1F900C065451FDB0A
:1087C000B1F90450A8421BDC9818B1F9022090427C
:1087D00016DBB1F90600834212DC2146019800F055
:1087E0005AFF00280CD00199097B890708D101ABF9
:1087F00013AA314600E005E000903846F5F732F85C
:1088000017B0F0BD202CFBD3A4F57840FF38F7D08B
:10881000A4F500500C38F3D02888BDF80E10BDF830
:108820001020084401B26888104402B2BDF80C0060
:10883000104400B20090BDF80A00084403B214A826
:10884000FCF773FA05A8FFF783F902208DF81700EB
:108850008DF83E008DF84A008DF82E00B089ADF8F5
:1088600032000120ADF834003B6914AA05A938464E
:108870009847C5E72DE9F0470E46B1F9021096B0CA
:108880001C461546814600297ED0307A02287BD9C5
:10889000B5F90000B4F90020904205D1B5F90230D5
:1088A000B4F90270BB426FD0904200DB104601EB7E
:1088B000D171A0EB6100ADF84400B5F90010B4F936
:1088C0000000B6F90220814200DD084602EBD271B9
:1088D00000EB6100ADF84800B5F90210B4F90200F0
:1088E000B6F90220814200DA084602EBD271A0EB11
:1088F0006100ADF84600B5F90210B4F90200B6F90E
:108900000220814200DD084602EBD27100EB6100DB
:10891000ADF84A0011A90846D9F80820EFF7CFFDB5
:10892000002875D011A9D9F808A0C9F80810B5F920
:108930000200B4F90210884206D123462A46314685
:108940004846F5F7EFF80EE0B5F90000B4F900106D
:10895000234688422A463146484602D1F5F74AFB6B
:1089600001E0F5F799F9707A010701D440074DD578
:1089700002A8FFF7EDF83088ADF80C0047F6FF705D
:10898000ADF80800307A00E042E08DF80B00B6F94F
:108990000200471040F3000000F10108707A400720
:1089A00018D528886A46C01BADF800006888C01B2F
:1089B000ADF802002888C119A1EB0800ADF8040049
:1089C0006888C119A1EB0800ADF8060002A9484665
:1089D000FFF7AAF8707A000718D520886A46C01BEE
:1089E000ADF800006088C01BADF802002088C119F6
:1089F000A1EB0800ADF804006088C119A1EB0800E4
:108A0000ADF8060002A94846FFF78EF8C9F808A09D
:108A100016B0BDE8F08700002DE9FF4F8BB01E4671
:108A20001746032B7ED3002F7CD0B00003F02AF82A
:108A300005007BD00024386828602046721E15E0AF
:108A400007EB800137F92030B1F904C0634505D147
:108A5000B1F90230B1F906C0634505D005EB8403D6
:108A60000968641C1960A4B2401C80B29042E7DB24
:108A700007EB8600B7F9001030F9042C914205D1BC
:108A8000B7F9021030F9022C914206D005EB8401AF
:108A900050F8040C641C0860A4B2032C43D37D4935
:108AA000D1E90001CDE90201002027E0BDF908204D
:108AB00035F920108A4200DA1146ADF8081005EBAE
:108AC0008002BDF90A10B2F90230994200DB194662
:108AD000ADF80A10BDF90C3035F920108B4200DDDD
:108AE0001946ADF80C10BDF90E30B2F902108B42E8
:108AF00000DD1946401CADF80E1080B2A042D5D35F
:108B00000B9802A9826805A8EFF7D9FC58B10B9819
:108B100005A90026806809900B988160B5F90210BC
:108B2000012011E002E0284602F0F8FF0FB0BDE896
:108B3000F08F00BF05EB8002B2F902208A4201DA11
:108B4000114606B2401C80B2A042F3D32C2104FB94
:108B500001F002F097FF8346B2460490D1464FF0F1
:108B60000008701E00D52044621E09F10101089220
:108B7000914200DD002135F8262035F8203035F807
:108B8000217005EB80009B1ABF1A428805EB860016
:108B900005EB810140884988121A081A00210791C3
:108BA00012FB07F110FB03F0814267DA0120079006
:108BB00001E00798F0B308980AF10106864200DD4B
:108BC0000026B9F1010700D5274405EB860005EB27
:108BD0008A01B0F90200B1F90220904216DB12D0EE
:108BE00035F9263035F92A108B420CD04FF0010CA4
:108BF000CDE9000C5846FEF715FD58460499FEF7DE
:108C00008DFA0BF12C0B08F10108B246A04523D0D8
:108C100005EB870005EB8901B0F90200B1F90220EC
:108C2000904217DB13D035F9273035F929108B42E4
:108C30000DD000E022E00026CDE900065846FEF700
:108C4000F1FC58460499FEF769FA0BF12C0B08F178
:108C50000108B946A045ACD3DDE90B0102AAFEF735
:108C600063FF0498FEF738FF049802F057FF284688
:108C700002F054FF0B990998886057E7BAF1010692
:108C800000D52644089809F1010787429DDD002799
:108C90009BE70000FC60040870B514460D460646CC
:108CA000F7F7F0FB224629463046F2F79BFE2246B4
:108CB00029463046F3F76BF8224629463046F3F74B
:108CC00058F9224629463046BDE87040F6F76CBA9E
:108CD0002DE9FF4FA1B00D46309FDDF8CCB04FF429
:108CE0008031B7F900004FF00A0940421A907888A5
:108CF000B1FBF0F01A99199091FBF9F478681D9086
:108D0000604200EB800001EB400604F1010820B254
:108D100009F0B2FA05900FFA88F009F0ADFA824630
:108D20005A3420B209F0A8FA044608F15A0000B2F9
:108D300009F0A2FA02460598C6F10A0101FB00F308
:108D40000AFB063393FBF9F0614302FB061117900F
:108D500091FBF9F01890179840111790189840114E
:108D60001890BDF9740000021B90BDF97600000256
:108D70001C90A8882988401A401C04B2E888698899
:108D8000401A401C0FFA80FA002648E00CA8009018
:108D9000B5F90200B5F9001082190BAB13A80EF05B
:108DA000C0FE0EA80090B5F90200B5F904108219B2
:108DB0000DAB13A80EF0B5FE0B9B0D980E99A0EB12
:108DC00003080C980022A1EB000C1146012C08DDD1
:108DD0004FEA0822611E92FBF1F24FEA0C2C9CFB39
:108DE000F1F103F180093B7D8030DB071CD0DDE928
:108DF000318CCDF80090CDE9010203AB83E812106D
:108E0000CDE906B8DDE92301DDE92E23F1F7DEF82F
:108E10003298761C00EB4400A34436B2329056459B
:108E2000B4DB25B0BDE8F08F319B042B54D0052B6B
:108E300013D0062B50D0142BEAD1239B1E93249BD6
:108E400012932E9B079305912F9B32998646099288
:108E50000020CDF88090109188E0239B1293249BF2
:108E60001093DDE92E3C0491CE4632998146E046CE
:108E70000192002009912CE0049A01994243414358
:108E80000EEB212109EB222209124FEA222207D4FC
:108E9000DDF840C0614503DA002A01DB9A4203DBBA
:108EA00000210BF8001012E002FB0811DDF848C0A9
:108EB00001EB410161440A7891F801C002EB0C22F8
:108EC000DDF824C02CF810208A780BF80020401C14
:108ED00000B2A042D0DB9BE7DDF8C8C0CDF800901F
:108EE000CDE901020DF10C0888E81210CDE906B3B6
:108EF000DDE92301DDE92E230BF055FA88E7099916
:108F0000209A414302EB2121059A42430EEB222293
:108F100009124FEA222209D4DDF848C0614505DA7A
:108F2000002A03DBDDF81CC0624501DB002219E0EA
:108F300002FB0319DDF87880DDF840C008EB490832
:108F40000CEB4009B8F80080A9F80080DDF81C801F
:108F500003FB08FCDDF8788008EB4C0C614402FB55
:108F600003110A780BF80020401C00B2A042C6DBB7
:108F70004EE770472DE9F04387B08946DDE912518D
:108F8000DDE91076DDE90E8C70B1C46A002C08D0E2
:108F9000CDF80080CDE904510396CDE901C74946DB
:108FA000A04707B0BDE8F083FEE7416B002900D081
:108FB0000847704710B50446012103F097FB4FF6B0
:108FC000FF7060870121606A02F070FF2046002276
:108FD000BDE81040202100F0F5BA000070B5002077
:108FE0000C46486216A1C4E90B10A06294F83C102C
:108FF00041F0300184F83C10E08620874FF6FF7185
:109000006187A08694F83C004FF4806120F00F0047
:10901000083084F83C00204602F048FF09A12046B1
:1090200000F041FA204604F039F801460C4803F0FC
:1090300075FA054603F0E6FA65626C6270BD0000E1
:10904000EF81B8004F7074696F6E20310A4F7074F1
:10905000696F6E20320A4F7074696F6E20330000A2
:10906000C85E040870B5486A0C46002510B103F0CC
:109070009FFB656294F83C00C00603D4206B02F0AD
:109080005FFD256370BD000070B50E463F4803F0DC
:10909000F7FE012843D1304600F054FA0546304629
:1090A00000F08EFA04460E2D14D00F2D21D0102D75
:1090B0001FD0082D21D02A2D23D0292D21D02C2DB1
:1090C00023D00D2D2CD0152D29D13046BDE8704070
:1090D000F5F746BA03F098FF00F0ACFE054601F044
:1090E00059FB01F098FB042819D17DBB218F204644
:1090F000E186BDE87040FFF75DBFBDE87040F1F765
:1091000058BABDE8704005F0DDBF304600F056FAB1
:1091100005460021204604F0F7FE0089688070BDF6
:10912000304600F04BFA0078132810D012280ED0E9
:10913000142817D0112815D01B28D7D00A28EED113
:1091400001F038FBA042EAD02046D6E719E02046DD
:1091500000F04EF8A8B1E08EA18E401C8842DED20D
:10916000214608E0204600F043F850B1E08E002888
:10917000D5D02146401EE086BDE87040084609F083
:1091800044BF2046BDE8704000F08EB8AC5E0408D5
:109190002DE9F04104460025006B90460E462F460F
:1091A00020B1E7F73FFB0246002008E00F70BDE862
:1091B000F081216B095C0A2900D16D1C401C904292
:1091C00002D2218FA942F4D10021A8F1010507E0C4
:1091D000B8F1000F01D0A94208D27354401C491CB9
:1091E000904203D2236B1B5C0A2BF1D17754DEE74C
:1091F00010B5406A012104F0E2FF80F0010010BDCB
:10920000F8B50F46084600F09DF90546182805D028
:109210003946244803F034FE01283AD1384600F09C
:10922000CFF9446A0646082D0ED0012D17D0092D1E
:1092300030D0182D2DD13846F4F78BFF3946BDE8D4
:10924000F840184803F01CBE01F0A4FA01F0D7FA68
:1092500000281ED13046BDE8F840FAF73EBF01F0C5
:1092600099FA050015D001F0D6FA012804D0284655
:1092700001F0D1FA03280CD16946284601F0A0FA82
:10928000BDF902102046F9F70DFB6087304605F066
:1092900055FAF8BD4FF6FF7060873046BDE8F840DC
:1092A00005F04CBAC85E04082DE9F84304460121D4
:1092B00002F040FE204603F0F1FE0146606A06F02F
:1092C00036FA4FF0FF31606A05F09EFB0121606ABB
:1092D00003F0D2F900221F21204600F073F9204646
:1092E000F9F7C4FB8046216B02F069FA42F2D171B2
:1092F000606A06F077FC404606F0EAFC606A04F01B
:1093000031FF0546204604F02DFF85420EDC94F81F
:109310003C0000F00F00042801D0082806D12046A8
:1093200004F020FF0146606A06F05CFC404603F052
:1093300070FE07460021606A04F0ACFB0546002180
:10934000606A04F039FD461900211122606A04F0B8
:1093500051FD2844B919084407B294F83C003D4631
:1093600000F00F06082E02D0042E1ED034E0FDF7C8
:10937000A1F8FDF7FDF8B4F91A10294488422BDA58
:10938000FDF798F8FDF7F4F8B4F91A10411AB4F99A
:109390001600814201DA042605E0FDF78BF8FDF79F
:1093A000E7F8618B401A401E15E0B4F91600401B27
:1093B00012D5FDF77FF8FDF7DBF8B4F91A10B4F910
:1093C0001650411AA94207DD0826FDF773F8FDF78C
:1093D000CFF8618B401A05B2BD4200DD3D462946FB
:1093E000606A06F07AF9204609F00FFE0020082E88
:1093F00006D0042E09D0012E0CD0022E0FD015E07D
:10940000009000230D22606A0DE0009000230A22E4
:10941000606A08E0009000231022606A03E0009078
:109420000023606A1322214602F0F0FD606A06F014
:109430004FFC94F83C0000F00F00012801D00228F6
:1094400018D1606A04F094FE0646606A04F0ACFE2F
:109450000546FDF72FF8FDF78BF8A8420ADCFDF76B
:1094600029F8FDF785F8281A301A401E01B2606A03
:1094700006F0E4FB00214046226B03F035F8022899
:1094800008D04FF0000303281A4601D0012104E060
:10949000032102E000231A46022101B04046BDE844
:1094A000F04302F0A5BD70B50E00044603D00025C0
:1094B000A586294606E0FEE70A2802D1A08E401CB8
:1094C000A086491C705C0028F6D1A08E401CA086A6
:1094D000E586258794F83C00C00604D4206B10B1C3
:1094E00002F02EFB256394F83C0040F0100184F854
:1094F0003C102046266305F021F9606A002803D05D
:10950000BDE8704005F01AB970BD10B50C464FF4B7
:109510008061204603F0B0F80421204603F0ACF847
:109520004FF40031204602F0C1FC0121204602F038
:10953000BDFC2046BDE8104001F054BA486A002145
:1095400041627047007A20F08000704740687047A1
:10955000017A15290BD0142909D0162907D018290A
:1095600005D0172903D0192901D0002070470069C0
:109570007047017A01291FD002291DD003291BD071
:10958000042919D0052917D0062915D0072913D089
:10959000082911D009290FD00A290DD00B290BD089
:1095A0000C2909D00D2907D00E2905D00F2903D089
:1095B000102901D00020704700697047006970478A
:1095C0000068704710B588B0C0B1009001908DF868
:1095D00008100020CDE903029DF81800084C20F087
:1095E00007008DF8180060680590C4F804D068463C
:1095F000F8F722F80599616008B010BD0120FBE77B
:1096000070020020027A132A06D10069B0F9002006
:109610008A4200DD11460180704710B500F004F861
:10962000BDE8104000F068BB10B500210C4802F006
:10963000E1F80C4C2080002007F016FC608004202C
:1096400007F012FCA080042007F00EFCE08004204C
:1096500007F00AFC2081042007F006FC608110BDA1
:10966000351F0108A402002010B5092900D12021CE
:109670000469F9F787F8002806D0616801EBC0009B
:10968000618A890B01D0002010BD00682168C0F3F9
:109690001300084410BD08B142681047FEE72DE9E9
:1096A000F0479A4690460C46070011D08CB1002630
:1096B0000546B1462660D5F800C0534642462146CD
:1096C0002846E04740B1A07BC00603D425600EE0E9
:1096D000FEE7FEE706B92E466D69002DEBD14EB1CF
:1096E00035685346424621463046A8472660012049
:1096F000BDE8F087B8F1200F20D3A8F57841FF39F5
:109700001CD0A8F500510C3918D0B7F9080000EBAF
:10971000D0704008E080801CA080C4F80090398997
:109720002181A4F80A90A4F80C90A07B20F00F00EF
:10973000401C40F01000A0730020D9E74846A4F870
:109740000690E9E72DE9F0479A460C468146092A3A
:1097500047D000261146D9F81050F9F713F8071E24
:109760003DD0E8684FF0000850B151464846F9F73F
:1097700009F8020004D039464846F9F7DFF8804678
:109780006868298A00EBC70001FB08F10A1101682B
:10979000090D002E02D000BF4FEA4101114401F132
:1097A00008014FEA1111A180417921810179E180FD
:1097B00090F90620628190F90700A081688A4FEA3B
:1097C0005022A07B62F3030020F01000A07304D0AD
:1097D0004FF6FF7000EA4100E0804FF00100BDE865
:1097E000F0874FF001064FF02002B3E71FB540B1FC
:1097F00013460A466946FFF752FFBDF8040004B05D
:1098000010BDFEE770B504464068B0B1C268B2B1A1
:109810002168904705466068408840B1A06830B133
:10982000C06808B102F08CF9A06802F089F9002044
:1098300020606060A060284670BD0B2070BD0920CC
:1098400070BD000010B504460748EFF796FA08E02F
:1098500008680078A04201D1086810BD0248EFF7FF
:109860009EFA0100F4D110BD20F3002010B504468B
:10987000E6F7D8FF40B1215C2E2907D02F2903D06D
:109880005C2901D0401EF6D102A010BD2044401C2E
:1098900010BD00000000000010F8011F3A2900D19F
:1098A000401C70472DE9F04117460E0005462AD0AE
:1098B0003078FFF7C7FF040027D0616809B18847F7
:1098C00028B3A06828B33046FFF7E6FF0146A36837
:1098D0003A4620469847F0B1411C1CD0C5E9000427
:1098E000608868B1102002F09FF81021A86002F093
:1098F00035FAA9684FF0FF300860A9684000486059
:109900000020BDE8F0810B20FBE70320F9E70120F0
:10991000F7E70920F5E70C20F3E77CB51C004FF0D2
:10992000000500D02560436853B11B6953B1019510
:1099300045686B88002B01AB06D000F012F80BE0F5
:109940000B207CBD09207CBD0093006813460A46AD
:1099500001462E692846B047002CF4D001992160B9
:109960007CBD2DE9FC5F0546806814468B4690E877
:109970004600D0F80C80686800279946B0F802A02D
:10998000B14247D8964245D2701A80B2AAEB000184
:10999000961BB14200D20E46B44208EB000106D835
:1099A0002246584602F008F9C9F8004061E0324604
:1099B000584602F001F90020019001A8544500909A
:1099C00008D9D5E90010A31B07690BEB0602B847BD
:1099D000074617E0D5E90010534607694246B847E5
:1099E0000746A86842680260A968019802444A6074
:1099F000A11B814200D2084682B20BEB0600414611
:109A000002F0DAF801983044A04200D20446C9F8C6
:109A100000402DE0544508D9CDF80090066929682A
:109A200023465A46B047074622E0B8F1000F05D159
:109A3000504601F0F9FFA9688046C86000200190F7
:109A400001A80090D5E90010534607694246B8477F
:109A50000746A8680660019AA868B1189442416058
:109A600000D2224641465846C9F8002002F0A4F828
:109A70002FB9A868D9F8001082681144816038466F
:109A8000BDE8FC9FF8B545680446E5B1AE69E6B1AE
:109A90006B880020C3B3D2B1012A21D0022A11D190
:109AA000134620680A4601462846B047002809D1D7
:109AB000D4E900106A46C3699847002802D1A26819
:109AC00000999160F8BD0B20F8BD0920F8BDA2688F
:109AD0009160A3680A461D68A9420CD3596808E042
:109AE000A3689A680A449A60A1680B689A4202D3F4
:109AF00049688A42EAD9D4E900100023846901B098
:109B0000A446BDE8F0406047FFE7134620680A46D8
:109B1000014601B02846B446BDE8F04060472DE953
:109B2000FC410C468178154611FB04F109128A426A
:109B300002DC0088BDE8FC81017A00EB810212F8AA
:109B4000023C13FB04F31B129D4202DB32F8040CAF
:109B5000F0E7012360E000EB8302927812FB04F24D
:109B60001212954256DC00EB830737F8040DADF86E
:109B700004000198FCF744FB0646B888ADF80400E1
:109B80000198FCF73DFBB97811FB04F1BA79091291
:109B900012FB04F2D1EB222240D0691A09B2C1EBC8
:109BA000012191FBF2F1CAB2C2F1FF03C0F3072118
:109BB00011FB02F1C6F3072414FB031101EBC114DE
:109BC00004EBC134BDF80010250F65F30201C0F3AA
:109BD000074515FB02F5C6F3074717FB035505EBD1
:109BE000C51707EBC535AD0E65F3C701C0B210FB55
:109BF00002F0F2B212FB030000EBC01202EBC03025
:109C0000800E60F30C21600E60F34F31ADF8001050
:109C100088B28FE75B1CDBB299429CD8FEE74168B3
:109C2000002901DA01F08CBF70470000FEB505463F
:109C3000407A16460C4640072FD0224F387820B97C
:109C4000002000F043F801203870687A00F0070027
:109C5000022818D04FEA060080EA640068400190AC
:109C6000002000906A4601A91748F9F719FF01285A
:109C70000BD0324621462846F0F76AF800900028BB
:109C80000BD0002418E02046E6E700980422416843
:109C900002EBB1714FEAB1014160FEBD2246284698
:109CA000FFF73DFF02900098BDF80810806800EBB8
:109CB0004400641C018024B20098B0F90E10A14247
:109CC000ECDCFEBDC0030020D11C010870B5084DBE
:109CD0000446286801F034FF204601F0A5FE286004
:109CE000044D2146A86002F039F86C6070BD000098
:109CF00050030020C003002010B50021164801F0D9
:109D000079FD164C2080042007F0AEF86080042016
:109D100007F0AAF8E080042007F0A6F8A08004204D
:109D200007F0A2F82081042007F09EF8608204204A
:109D300007F09AF82082042007F096F8A08104200A
:109D400007F092F86081042007F08EF8E08104208B
:109D500007F08AF8A08210BDB5320108B0020020D9
:109D600070B506000C4632D0084600F085F8304643
:109D7000EFF703F805E00868A04228D03046EFF777
:109D80000EF80100F7D1204603F03EF940B1A1687A
:109D9000896829B1C9680968A14201D100F057F862
:109DA000A06810B9204602F09DFAA068866030468F
:109DB000EFF757F805000AD030462C60EEF7DDFFCC
:109DC000A84204D13046BDE8704000F040B870BDF4
:109DD00010B50446074A0849F8F714FA6269002AE0
:109DE00006D0002804D12046BDE8104001211047CC
:109DF00010BD00009F8D00087B8D000810B5044643
:109E0000074A0849F8F7FEF96269002A06D00028D7
:109E100004D12046BDE810400021104710BD0000CD
:109E2000A78D0008AD8D000801480068704700004C
:109E300078020020002802D0007FC0F34000704765
:109E4000002803D0C068002800D00068704770B5B3
:109E50000446007FC0F3C00540F0080020774007AB
:109E6000204602D4FFF7B4FF01E0FFF7C7FF207FD1
:109E700065F3C300207770BD2DE9F041064603F07D
:109E8000C3F804003DD0E068002740B30068B0424A
:109E900020D1207FC10702D020F00100207720468A
:109EA000EEF76BFFE16888420FD12046EEF77EFFA8
:109EB000E168884209D12046F8F718FD0246E068BB
:109EC0000F210068FFF77EFB02E02046FFF7BFFF8F
:109ED000E06820B1E0680068B04200D1E760204649
:109EE000EEF74BFF11E028682946B04220460AD120
:109EF000EEF7DEFF284601F023FEB068002800D010
:109F00008760BDE8F081EEF74AFF0500EBD1F8E786
:109F100070B504001CD0207FC0F340028A4217D0E5
:109F200061F3410020772046FFF78AFF05000FD03C
:109F30002046F8F7DBFC0246E0680E210068FFF7D8
:109F400041FB012804D12846BDE8704004F0F6BB6F
:109F500070BD7047014600200F290AD2DFE801F0EA
:109F600009090909080A080C0E10120C0E1012003B
:109F7000102070471820704701207047022070475A
:109F8000042070470820704701460020891E0D29D3
:109F900009D2DFE801F007080807080707070707E5
:109FA000070707000120704701460020032901D060
:109FB000062900D10120704770B54C6A0D46002C6F
:109FC00012D0287C012802D12046FFF71BFCE06854
:109FD00008B101F0B5FD206908B101F0B1FD2046DE
:109FE00001F0AEFD0020686270BD00007FB5144630
:109FF0000D46084600F0BDFB20B1012817D002280D
:10A0000039D035E0296801F01F00001F11282FD238
:10A01000880A216860F3942121602868400D60F36C
:10A020005F512160287860F3040121602FE0284609
:10A03000FFF71CFC17A1E6F727FDC8B90222294645
:10A040006846FFF72FFC68B903AB04222146684637
:10A05000FFF763FC05466846FFF7D4FB45B9039854
:10A06000042805D1207800F01F00001F11280ED30E
:10A07000002004B070BD2068012161F39420C0F37A
:10A08000140000F5001020F01F000B3020600120AC
:10A09000EFE7000062696E002DE9FF4F80465CA08B
:10A0A00087B0006804905BA05BA3006893460F46EE
:10A0B00005900FCB8DE80F00B8F80810002089B28A
:10A0C000CAB2090A09E000BF149C00EB4003401C1F
:10A0D000E254149C00B2234459700A9B9842F3DB6B
:10A0E00098F814004FF0000900F01F00FFF732FF4E
:10A0F0008246012101FA0AF1491E88B20690002524
:10A10000D8F814002C4600F01F012E460B2906D06B
:10A110000C2912D00D2920D00E2931D12CE0C0F30A
:10A120008A20C01DC50804EBE70115FB0B1407F0DE
:10A130000700C0F1070604A80DE0C0F38A20C01C88
:10A14000850804EBA70115FB0B1407F0030006219B
:10A15000A1EB400605A8814612E0C0F38A20401C0E
:10A16000450804EB670115FB0B1407F001000421FF
:10A17000A1EB80066846EEE7C0F38A2515FB0B7459
:10A180002846D8F8247001F07DFC5FEA000B13D05C
:10A1900098F81000A0B10022211D3846FFF772FC8C
:10A1A00000232A4659463846FFF7B7FB5946CAF1FD
:10A1B0000802002053B222E000200BB0BDE8F08F6F
:10A1C000D8F8040080680119F1E70A78069CF2408B
:10A1D000224098F8144004F01F040E2C01D019F806
:10A1E0000220149C00EB40052C44A270A6EB0A024E
:10A1F00056B2002E01DA1E46491C401C00B20A9AD3
:10A200009042E2DB584601F089FC0120D5E70000CE
:10A2100000FF00000055AAFF001122334455667765
:10A220008899AABBCCDDEEFF2DE9FF4F8046007D6B
:10A2300081B091460E4600F01F00FFF78BFE82466C
:10A24000012101FA0AF1491E0025D8F814001FFA6D
:10A2500081FB00F01F012F462C46072906D0082954
:10A2600012D009291FD00A2932D12BE0C0F38A204D
:10A27000C01DC50804EBE60115FB091406F0070034
:10A28000C0F10707083423E0C0F38A20C01C85080A
:10A2900004EBA60115FB0914062106F00300A1EB4F
:10A2A0004007103414E0C0F38A20401C450804EB3A
:10A2B000660115FB0914042106F00100A1EB8007DB
:10A2C000403405E0C0F38A2515FB096404F5806479
:10A2D0002846D8F8249001F0D5FB061E40D098F807
:10A2E000100068B10022211D4846FFF7CBFB002378
:10A2F0002A4631464846FFF710FB3146002028E049
:10A30000D8F8040080680119F8E70A78D9F80C3009
:10A31000FA4002EA0B0203EB42030E9D1B8800EB9E
:10A320004004ADF800302B55BDF800301D0A0E9BDF
:10A3300023445D70D9F81040A25C9A70A7EB0A0222
:10A3400057B2002F03DACAF1080257B2491C401C69
:10A3500000B2049A9042D8DB304601F0DFFB0120C6
:10A3600005B0BDE8F08F00002DE9FE430646087CED
:10A370000C46012801D040B32BE06068FFF776FA65
:10A380006CA1E6F781FB00281ED1022268466168B5
:10A39000FFF788FA0028F7D1606A38B9142001F075
:10A3A00043FB606268B1142101F0D8FCD4F82400AA
:10A3B00069460C2211F8013B00F8013B521EF9D10D
:10A3C00007E06846FFF71EFAB2E060688068002880
:10A3D00072D0616901F01F000E2816D0142814D025
:10A3E00004283BD0052839D0062837D0072839D093
:10A3F000082837D0092835D00A2833D00B2828D090
:10A400000C2826D00D2824D08EE0227CF2B1C1F396
:10A410008A22490D12FB01F114281BD001264E435C
:10A42000304601F001FB05000FD0676A00220421CD
:10A430003846FFF727FB0023324629463846FFF708
:10A440006CFA48B1284601F07BFB71E060688068D7
:10A45000A06166E00326E2E7A56162E0207C0028B7
:10A46000F4D05EE0FFF776FD01278740606A40B9CF
:10A47000142001F0D9FA6062002853D0142101F0B1
:10A480006DFC7800656A01F0CFFAE860384601F0AB
:10A49000CBFA2861E968E9B3E0B3207C012804D055
:10A4A00060680024D0F8088039E0002204212846A2
:10A4B000FFF7E8FA00241AE034E00023042269469A
:10A4C0002846FFF72AFA9DF800209DF801109DF814
:10A4D0000200FBF7B1FD0190E868BDF8041000EB45
:10A4E0004400018029699DF803000855641CBC42A2
:10A4F000E3D316E008EB840618F824207178B078CE
:10A50000FBF79AFD0090E868BDF8001000EB4400EE
:10A51000018000E008E02969F0780855641CBC421D
:10A52000E8D30120BDE8FE8321463046FFF744FD15
:10A530000020F7E762696E002DE9F84F0C461D46D2
:10A540001646207DDDE90A32002100F01F000428B4
:10A5500016D0052814D0062812D00B2839D00C2884
:10A5600037D00D2835D00E2833D0072838D008280A
:10A5700036D0092834D00A2832D00020BDE8F88F20
:10A58000277C012F33D198469146D4F824A0FFF7B9
:10A59000E1FC07466069C0F38A2015FB0060784340
:10A5A000C11000225046091DFFF76CFA002470B953
:10A5B000FD0805FB08F56B462A46494650460094BF
:10A5C000FFF7ABF918B90098854200D10124214664
:10A5D0000DE000922A4631462046FFF75DFD05E07A
:10A5E00000922A4631462046FFF71EFE01460846E5
:10A5F000C4E710B50446006800280BD0C2680AB151
:10A6000021469047207C012804D1606801F098FA27
:10A610000020606010BD000010B50648EEF7D2FBC8
:10A62000040004D0142101F099FB204610BD002045
:10A6300010BD000044F300202DE9F0410F4605460F
:10A640000421384601F08AFB25B1284600F091F834
:10A6500018B105E00020BDE8F081A8680028FAD014
:10A6600000260A48EEF789FB0BE023682BB13A4637
:10A67000294698470646012805D021460348EEF7AB
:10A680008EFB0400F1D13046E5E7000044F30020E2
:10A690002DE9FF410E461D460446282101F05EFBD0
:10A6A000AEB1304600F065F808B9B16879B1BDF8CF
:10A6B000081021812074E56001280CD06660002715
:10A6C0002148EEF75AFB054604F1140831E000205A
:10A6D00004B0BDE8F0813046E6F7A4F8401C01F074
:10A6E000A3F960600028F3D03146E6F777F8E6E793
:10A6F0002B68CBB16868B8B14246314628469847C6
:10A700000746012810D125606A68214628469047EF
:10A7100007460128DCD00421404601F01FFB002041
:10A720002062A0616062E06129460748EEF737FBCE
:10A730000546002DDCD1207C012802D1606801F0A3
:10A74000FFF93846C4E7000044F300202DE9FC413E
:10A7500005680E46089FAC6800213CB1CDE9003782
:10A760001346014632462846A04701460846BDE842
:10A77000FC81032130B10078A0F120015F2903D8CA
:10A780000120704708467047802801D30220704797
:10A790000020704701488068704700007C0200205C
:10A7A00018B101460248EEF7FABA0148EEF7E5BAE9
:10A7B00014F3002001484068704700007C0200202C
:10A7C00038B102681278012A05D0032A03D04FF06D
:10A7D000FF30088002E002890A8040894880704783
:10A7E000002806D001680978012903D0032901D087
:10A7F0000020704790F8440000F00F0070470028D8
:10A8000006D001680978012903D0032901D000206E
:10A810007047006B7047002801D0006800787047CF
:10A8200000220A804A80002809D002681278012A92
:10A8300001D0032A03D1028B0A80408B48807047E5
:10A8400070B5204E0C460025B0B3417941F00201AD
:10A850004171B168814200D17560016809780129B0
:10A8600001D002290ED114B1416BA14201D145633F
:10A8700014B1816AA14201D1856214B1C16AA142B9
:10A8800000D1C56270BD417941F00201417101689A
:10A890000978012901D002290ED114B1416BA142DE
:10A8A00001D1456314B1816AA14201D1856214B11D
:10A8B000C16AA14200D1C562FFF772FF0028E2D150
:10A8C000756070BD7C02002010B50446407920F010
:10A8D0000100607107F0CAFAE06407F0C7FAA064EB
:10A8E00010BD002804D0032906D00C2901D0002077
:10A8F0007047B0F9261001E0B0F924100068427EDC
:10A900000020C2F16402642306E0084400B212FB96
:10A9100001F191FBF3F109B20029F6D17047000073
:10A9200010B5144C2078002821D101F01FF9EEF762
:10A930001FFDEEF79FF8EDF701FDEEF7A1F8FCF72C
:10A9400099F8EEF7DFFB4FF4B4710B48EEF732FAEB
:10A950005C210A48EEF72EFAEEF7D8FCEEF776F90E
:10A960004420112804D0FEF758FE0120207010BDAD
:10A97000FEE700008802002008F3002014F3002006
:10A9800010B50C460020486214F8481F21F0180149
:10A9900004F81C19411E2160227F22F00702227751
:10A9A00020836083E060C4E90110090C21616161CA
:10A9B00044F8040C14F81C0F022120F0400004F8A5
:10A9C0004809204601F058FE0021204600F054FEC0
:10A9D0002046BDE8104001A100F08ABE546578749D
:10A9E0000000000010B50146034801F097FD044641
:10A9F00001F008FE204610BDE45E040810B50846CC
:10AA00000C4600F00AF894F84800000702D4606A87
:10AA100001F096F80020606210BD10B5044690F871
:10AA20004800400603D5A06A08B101F089F894F8FF
:10AA3000480020F0400084F848000020A06210BDCB
:10AA40002DE9FF470E463F4802F01AFA012876D159
:10AA50003046FEF777FD04463046FEF7B1FD054669
:10AA60002A2C1CD0132C0BD0292C18D02C2C1ED007
:10AA7000152C64D104B03046BDE8F047F3F792BE20
:10AA8000002103F044FAB0F9080004B0C11700EB4C
:10AA9000917081103046BDE8F047FEF7B3BD00F07D
:10AAA000B9FD04B02846BDE8F04700F04FBB0021D7
:10AAB00003F02DFA81460021284603F034FA80463F
:10AAC0000021284603F041FA074695F84800002483
:10AAD000C10600D50124800601D544F002042846B1
:10AAE00002F043FA0021284603F077FAA0F51C5142
:10AAF000D13905D1688C000502D441F6FF7002E01F
:10AB0000284602F032FA0097CDE9010443464A464E
:10AB100003A8696A07F074FC3046FEF74FFDB0F9F0
:10AB20000020BDF90C108A4200DD11460180B0F909
:10AB30000220BDF90E108A4200DD11464180BDE8B9
:10AB4000FF870000E45E04082DE9F04F8BB00D0094
:10AB5000804659D00021122203F04CF92988102296
:10AB6000081A60F30F044046002103F043F9698896
:10AB7000081A60F31F44A14608A9404602F0ADF947
:10AB8000BDF82400BDF820100025401A401C00B27A
:10AB9000D8F8247005902C462946404603F0B7F9B2
:10ABA00002900021404603F0D0F900900021404679
:10ABB00003F0B9F903900298AB465E46B0F908007D
:10ABC000079098F84800C10600D50126800601D5F7
:10ABD00046F002060021404603F0FFF9A0F51C51A3
:10ABE000D13905D1B8F82200000501D446F0040699
:10ABF00040460021D8F8242001F076FC82460099D6
:10AC0000079800EB010821E0FEE70020CDE90006EF
:10AC1000DDE902127819059BEEF7F0FB0444079872
:10AC20004FEA2942584482420BDC444A0094694668
:10AC30001268384690470A280BD0385D48B9641C22
:10AC400007E008EB0B000FFA80FB2546785D002833
:10AC5000DBD107EB050B4FF00008BAF1020F03D070
:10AC6000BAF1030F16D025E0DDE90223611B584637
:10AC7000009607F023FCBDF82410BDF8202000EB5F
:10AC8000D070891A491C09B201EBD1714910A1EBAE
:10AC900060000DE0DDE90223611B5846009607F0D5
:10ACA0000DFCBDF82410BDF82020891A491C081A93
:10ACB0000FFA80F800208DF818008246049044BBFB
:10ACC0002BE004AB6A4601A95846EEF77FFBF0077C
:10ACD00006D004981BF8001006A8EEF739FCC0B99E
:10ACE000DDE90110009AFEF781FD01B20FFA89F249
:10ACF00008EB010082421EDB04994A19A2421AD0D5
:10AD00000AEB0502BA5CB2B1039A8A4610440FFA04
:10AD100080F804982844A042D3D3094C584604999B
:10AD200022689047064622682946384690470BB06D
:10AD30003044BDE8F08FCDF810A0EEE7940300207A
:10AD4000980300202DE9F74F8AB05FEA0209804698
:10AD500064D0D8F8245040462A46002101F0C4FBB4
:10AD60008346287800285AD007A9404602F0B5F853
:10AD7000BDF82000BDF81C100024401A401C00B291
:10AD8000049026462146404603F0C1F80390002176
:10AD9000404603F0DAF806900021404603F0C3F87D
:10ADA00002900398A2465746B0F90800059098F81B
:10ADB0004800C10600D50127800601D547F00207EB
:10ADC0000021404603F009F9A0F51C51D13905D105
:10ADD000B8F82200000501D447F004074B4A284682
:10ADE0000B99126890478046A85DA8B3DDE905106D
:10ADF000084409900020CDE90007DDE90221281967
:10AE0000049BEEF7FBFA0644B04526D3A85D18B3C1
:10AE10000998344650440FFA80FAEBE7FEE7002029
:10AE2000A9F802005946BBF1010F07D002290AD048
:10AE3000BBF1030F04D1404602F097F8A9F80000D7
:10AE40000DB0BDE8F08F404602F08FF800EBD070F7
:10AE50004110A9F80010F3E7FFE7B8F1000F12D096
:10AE600005EB080010F8010C0A2801D00D280AD1C2
:10AE700015F8080038B9DDE90501014401EB0A00C5
:10AE80000FFA80FA44462819CDE90070DDE9010384
:10AE9000A8EB0401039A07F011FB05460B98A042AA
:10AEA00002D00298284405B2BBF1020F03D0BBF1D7
:10AEB000030F16D025E00097DDE90103311B039A4B
:10AEC00007F0FCFABDF82010BDF81C2000EBD07094
:10AED000891A491C09B201EBD1714910A1EB60003C
:10AEE0000DE00097DDE90103311B039A07F0E6FA54
:10AEF000BDF82010BDF81C20891A491C081A2844E6
:10AF000005B2A9F80050A9F802A099E78C03002027
:10AF100090F84800C0F300107047406A7047006C1A
:10AF20007047C06B704700002DE9F04117000D46D7
:10AF3000044628D094F84800000725D4204603F0A2
:10AF4000FDFB606AE5F76EFC06463846E5F76AFCED
:10AF50008119491C606A00F017FE6062002813D056
:10AF6000A5F57F41FF3903D108490968884705469F
:10AF70003A462946606AEEF7C1FA2046BDE8F0413C
:10AF8000002100F0B5BBFEE7BDE8F0819C03002086
:10AF90002DE9F04F95B05FEA010A80465FD010A915
:10AFA000404601F09AFFBDF84400BDF8401000246F
:10AFB000401A401C00B2D8F824700A902546214659
:10AFC000404602F0A4FF03900021404602F0BDFF7E
:10AFD00000900021404602F0A6FF02900398002155
:10AFE000B0F908000B904046D8F8242001F07CFA14
:10AFF000834698F84800A1464E46C10600D5012672
:10B00000800601D546F002060021404602F0E5FF29
:10B01000A0F51C52D13A05D1B8F82210090501D487
:10B0200046F004060B99009801EB0008385DB8B1B2
:10B030000020CDE90006DDE9022138190A9BEEF770
:10B04000DDF90B990544BAF9022009EB01008242AF
:10B0500006DD08EB09000FFA80F92C46E6E7FEE76B
:10B060004FF00008C146BBF1020F03D0BBF1030F44
:10B0700016D025E0DDE90232291B3819009607F0C9
:10B080001DFABDF84410BDF8402000EBD070891ABD
:10B09000491C09B201EBD1714910A1EB60000DE030
:10B0A000DDE90232291B3819009607F007FABDF8CE
:10B0B0004410BDF84020891A491C081A0FFA80F87C
:10B0C00000208DF84800089004940C90FDB16D1E8E
:10B0D0000498A8421BD804AB0CAA08A93846EEF77E
:10B0E00075F9F00706D00498395C12A8EEF730FA2B
:10B0F0000028EDD1C1460C9A08990398FEF776FB1B
:10B100004044BAF9001000B2814216DA04940C9A55
:10B1100008990398FEF76AFB0299029B0144BAF969
:10B120000000A9EB0302491C90420CDB4944884211
:10B1300009DC012015B0BDE8F08F0299049C084499
:10B140000FFA80F8C4E70020F4E700002DE9F04F83
:10B150000446406A97B000287ED04FF0FF3903A91B
:10B160002046C4F8309001F0B8FEBDF81000BDF8DC
:10B170000C10401A401C0FFA80F80021204602F003
:10B18000C6FE05460021204602F0DFFE07460021EC
:10B19000204602F0C8FE824694F848000026C10608
:10B1A00000D50126800601D546F002060021204682
:10B1B00002F013FFA0F51C51D13904D1608C0005B9
:10B1C00001D446F004060097CDE9018653462A468D
:10B1D00016A8616A07F014F9204603F073FF94F88B
:10B1E00048004FF6FF7B00F007004FF000080228F0
:10B1F00004D003287ED001287DD0F6E1002120462E
:10B2000002F0E8FB0604360C08D1204601F0CEFE21
:10B21000FBF756F9032190FBF1F086B205A8F8F789
:10B22000DFFF4FF49670059412901490BDF8100053
:10B23000BDF80C10BDF95820401A401C002700B280
:10B24000ADF854B0904233DA0021801ACDE90E10E7
:10B25000E9480D91014600E0CAE106902046F8F762
:10B26000A7FF00210A4620B1016B90F84200C0F30D
:10B270004002109888420FDD9DF85600119120F091
:10B2800001008DF856003AB140F002008DF85600EA
:10B290000F990D980D910F9030460F9A0D99F8F770
:10B2A000F0FF1090139005A8F8F7F8FF012705E0CC
:10B2B000D1492046F8F74CFFA4F84480BDF81200AD
:10B2C000BDF80E10BDF95A20401A401C00B2904241
:10B2D0007EDA002F7CD1821AB5F908000021101AFD
:10B2E000CDE90E10C5480D91014606902046F8F7AD
:10B2F0005FFF01E023E0C5E000210A4620B1016BB9
:10B3000090F84200C0F34002109888420FDD9DF88B
:10B310005600119120F001008DF856003AB140F02E
:10B3200002008DF856000F990D980D910F90304640
:10B330000F9A0D99F8F7A5FF109013909EE0204604
:10B340000021642202F056FD06460021204602F04C
:10B3500041FB07043F0C08D1204601F027FEFBF714
:10B36000AFF8032190FBF1F087B205A8F8F738FF9A
:10B37000BDF81000BDF80C100594401A401CBDF932
:10B38000581000B2ADF854B04FF00009884234DADA
:10B39000202211462846FEF729FABDF9581000EB85
:10B3A000400008444142CDE90E9193480A46069078
:10B3B000CDF8349049463846F8F763FF10908E492F
:10B3C0002046F8F7F5FE00B1006B36B1306B00E0B7
:10B3D00027E01190F06B149009E01099814206DD8E
:10B3E00011909DF8560020F001008DF8560005A838
:10B3F000F8F754FF4FF0010905E07F492046F8F7C0
:10B40000A7FEA4F84480BDF81200BDF80E10401A43
:10B41000401CBDF95A1000B2884202DAB9F1000F9F
:10B4200006D076492046F8F793FEA4F84680DCE083
:10B43000B5F908200020114449420D90CDE90E01D4
:10B440006E480A46069038460D99F8F71AFF109094
:10B450006A492046F8F7ACFE00B1006B26B1306BAC
:10B460001190F06B149009E01099814206DD119063
:10B470009DF8560020F001008DF8560005A8F8F759
:10B480000DFFB2E0BDF81200BDF80E10401A401CCE
:10B4900001B2BDF95A00814209DAB5F908108842B3
:10B4A00005DD5749606A09688847032802D8C4F84F
:10B4B0002C909AE0BDF81000BDF80C102E22461A10
:10B4C00011462846761CFEF791F95044A0EB800007
:10B4D0003044ADF80000BDF81200BDF80E10401A5F
:10B4E000401C00B2ADF80200B5F90820D11990FB5C
:10B4F000F1F301FB13018A42A0EB010004DCADF87B
:10B5000002002989084400E0C01BADF8020069462A
:10B510002046FFF719FB8146606AE5F783F9394A4F
:10B52000074649461268606A9047374D019005E02A
:10B530002A6801A9606A9047A9F101090198C01C15
:10B54000B842F5D80025DFF8C4B0019EAA46606A6B
:10B5500001990844DBF8001088472D4A2844C5B2F9
:10B56000126801A9606A9047032D07D80198B84274
:10B5700004D80AF1010ABAF1030FE8D9616A20463A
:10B5800001EB060A0746FFF748FA042D12D9681C9A
:10B5900000F04AFAB86240B32A46514600F00CFB6C
:10B5A000B96A01F8058097F8480040F0400087F834
:10B5B00048000BE097F848002A4620F0400087F842
:10B5C0004800514607F1280000F0F6FA00202E212D
:10B5D0003318626A401C0328D154F9D3616AF61CFF
:10B5E00009F1030001F80680E062204603F0A6F8A6
:10B5F00017B0BDE8F08F0000494902085149020820
:10B600009C0300208C03002094030020840300206E
:10B61000880300202DE9F0410446054690F84800D3
:10B6200000F00700012823D1E96A481C20D0114A04
:10B63000686AC91E12689047024694F848100020B4
:10B64000490601D5A16A06E004F1280103E00F5C78
:10B65000401CF754C0B26E6A1318F75C002FF6D185
:10B66000095C104431542046FFF7D7F9781EE86290
:10B67000BDE8F0818C03002070B50D4604461A49E0
:10B68000F8F766FD19492046F8F762FD0020A4F896
:10B690004400A4F84600022D0FD0032D0DD0042D38
:10B6A0000BD094F8480020F0200100BF01F0070003
:10B6B00084F84810012805D00AE094F8480040F0CA
:10B6C0002001F3E7E06A401C02D02046FFF7A2FF0A
:10B6D00094F8480065F3020084F848002046BDE86D
:10B6E0007040FFF733BD0000494902085149020884
:10B6F00070B50D46044603F021F805B9656A606A25
:10B70000A8420DD194F84810090709D4E5F78AF842
:10B71000411C606A00F038FA6062002820D01AE00C
:10B7200038B194F84810090703D400F009FA002151
:10B7300061622846E5F776F8401C00F075F9606212
:10B7400000280DD02946E5F749F894F8480020F084
:10B75000080184F848102046BDE87040FFF7F6BCA9
:10B7600070BD0FB470B504460598F8B1204602F0DC
:10B77000E5FF0598D8B1606A002530B194F848100B
:10B78000090702D400F0DCF9656206A90598EDF717
:10B79000FAFE606294F8480020F00801204684F820
:10B7A0004810FFF7D3FC70BC5DF814FBFEE72046A1
:10B7B000F7E7016402F0C2BFC16302F0BFBF70B51A
:10B7C000044690F848000D46000705D4606A18B199
:10B7D00000F0B6F90021616235B194F8480040F0FC
:10B7E000080184F8481065622046BDE87040FFF704
:10B7F000ADBC00002DE9F041094C0646094D6068DA
:10B800000F46401CC1006060286800F0BDF9286048
:10B81000616800EBC10040E902670846BDE8F081BD
:10B82000900200204003002008460021018541626B
:10B8300080F82A10022100F01FBF000010B5014659
:10B84000034800F06BFE044600F0DCFE204610BD0D
:10B85000005F04082DE9F04F87B00D465C4801F009
:10B860000FFB012849D12846FDF76CFE0646284605
:10B87000FDF7A6FE0446132E33D04FF002082C2EFF
:10B880003ED0152E39D107462846FDF761FE834686
:10B89000388D3C46002830D0786A00282DD005A984
:10B8A000384601F07CFB204601F02DFDBDF8141058
:10B8B000081A06B2204601F02DFDBDF81610081A30
:10B8C00005B2204601F0A5FB82466846FBF703FC63
:10B8D0006A460021204602F077FD00244FF0060959
:10B8E00067E0002102F01EF904462846FDF766FED7
:10B8F000B0F90010A14200DA048007B0BDE8F08F73
:10B90000208D0028F9D0606A0028F6D02846FDF77F
:10B9100055FE002507462E462846228DC4460DE0DA
:10B92000636A33F92010A94200DD0D460CEB80015B
:10B93000595EB14200DD0E46401C80B28242EFD813
:10B940000021204602F0EEF8291830443980788032
:10B95000D3E7786A30F824103144ADF80C10042194
:10B9600001EB8401415A3144ADF8101097F82A10C8
:10B97000C90708EB840121D0415AAAEB01002844F1
:10B98000ADF80E00796A09EB8400095AAAEB0100B0
:10B990002844ADF8120004AB03AA69465846FBF7E9
:10B9A0008DFB9DF80900641C20F004008DF809004F
:10B9B000A4B2388D401EA042CBDC9EE7405A2844FA
:10B9C000ADF80E00796A09EB8400085AE0E7000040
:10B9D000005F040810B541620446028503F072FB63
:10B9E0002046BDE8104002F0A9BE10B58A42029C74
:10B9F00001DB904207DA8A4201DB884209DD8A4294
:10BA000003DC904201DC204610BD8A4203DC884200
:10BA100001DB184610BD521AE41A401A604390FB2D
:10BA2000F2F0184410BD000070B5040010D0094DAC
:10BA30000146686806F09AFB010007D0A868204418
:10BA4000A860EA68904200D81046E860084670BDD9
:10BA5000004870BD5803002070B50024084E2546EC
:10BA600056F8340038B100F06BF806EBC40046F825
:10BA7000345085718580641CE4B2082CF0D370BD0D
:10BA800088F300202DE9F04105000BD00022224C64
:10BA90004FF0FF30012600BF04EBC2018B79DB07BA
:10BAA00003D014E00020BDE8F0818988A9420ED3BC
:10BAB00005D104EBC200867154F83200F3E7002888
:10BAC00004DB04EBC0039B88994200D250B2521CA5
:10BAD000D2B2082AE0D3002805DB04EBC0018E7146
:10BAE00054F83000DFE7002704EBC7008079C00777
:10BAF00004D07F1CFFB2082FF6D3FEE754F83700BE
:10BB0000294600F041F830B104EBC7018E718D80F9
:10BB100044F83700C7E7FEE788F30020074A002112
:10BB200052F83130834204D102EBC1010020887108
:10BB30007047491CC9B20829F2D3704788F3002026
:10BB4000094910B588420DD000280BD0064C01469B
:10BB5000606806F0DFFAA168814201D9081A00E0A6
:10BB60000020A06010BD00005803002010B54FF465
:10BB70008041034806F0C0FA0249486010BD000049
:10BB800080F400205803002010B539B1094A9042D2
:10BB900008D1BDE810400846FFF746BFFFF7D0FFC9
:10BBA000044810BD0A46014602484068BDE81040FE
:10BBB00006F0EFBA5803002030B500F0030401F09E
:10BBC00003050346A54243D14EE00C781C704C7827
:10BBD0005C708C789C70CC78DC700C791C714C7922
:10BBE0005C718C799C71CC79DC710C7A1C724C7A0A
:10BBF0005C728C7A9C72CC7ADC720C7B1C734C7BF2
:10BC00005C738C7B9C73CC7BDC730C7C1C744C7CD9
:10BC10005C748C7C9C74CC7CDC740C7D1C754C7DC1
:10BC20005C758C7D9C75CC7DDC750C7E1C764C7EA9
:10BC30005C768C7E9C76CC7EDC760C7F1C774C7F91
:10BC40005C778C7F9C77CC7FDC772031203A203367
:10BC5000202ABAD805E000BF11F8014B03F8014BC8
:10BC6000521E002AF8D130BD4CB3C4F1040405E0E3
:10BC700011F8015B521E03F8015B641EFCB1002A3F
:10BC8000F6D11CE010C9203A10C310C910C351F8F6
:10BC9000084B43F8084B51F8044C43F8044C51F856
:10BCA000104B43F8104B51F80C4C43F80C4C51F826
:10BCB000084C43F8084C51F8044C43F8044C202A33
:10BCC000E0D802E010C9121F10C3042AFAD804E019
:10BCD00011F8014B03F8014B521E002AF8D130BD78
:10BCE00010B5034605E000BF11F8014B03F8014B06
:10BCF000521E002AF8D110BD10F0030309D0C3F181
:10BD0000040303E0521E00F8011B5B1E0BB1002A66
:10BD1000F8D101EB012303EB014303EB01630EE0D8
:10BD200008C0203A08C040F8083B40F8043C40F8FE
:10BD3000103B40F80C3C40F8083C40F8043C202AFA
:10BD4000EED801E008C0121F042AFBD803E000BFB0
:10BD500000F8011B521E002AFAD1704710F00303AD
:10BD60004FF0000219D0C3F1040303E0491E00F8AC
:10BD7000012B5B1E8BB10029F8D1704704C020391C
:10BD800004C040F8082B40F8042C40F8102B40F871
:10BD90000C2C40F8082C40F8042C2029EED801E0A7
:10BDA00004C0091F0429FBD803E000BF00F8012BE1
:10BDB000491E0029FAD1704710F003024FF0FF032B
:10BDC0000AD0C2F1040203E0491E00F8013B521EF2
:10BDD00012B10029F8D170474FF0FF320EE004C0D5
:10BDE000203904C040F8082B40F8042C40F8102BF0
:10BDF00040F80C2C40F8082C40F8042C2029EED8F0
:10BE000001E004C0091F0429FBD802E000F8013B4F
:10BE1000491E0029FAD170472DE9F0411D4616460A
:10BE20000F46044600F05EFAA0684FF08062817E03
:10BE300002EBB1114FEAB1618176A06801F03F01D8
:10BE400001EB41018900C068FFF79EFEA1686FF019
:10BE50000303C860A168897E01F03F0101EB410244
:10BE60006FF00B0101EB82028750A068C268807EF0
:10BE700000F03F0000EB400003EB80000B1D165468
:10BE8000A068C268807E00F03F0000EB400003EB3A
:10BE900080001550A068C268807E00F03F0000EB73
:10BEA000400001EB80001044BDE8F0812DE9FF4126
:10BEB0000C46074602F09AFC0646E00702D03846D8
:10BEC00002F03CFCF8692043F861E00711D0022140
:10BED000384602F080F960B1384601F095F8050067
:10BEE00007D0FDF775FF2846FDF7AAFF08B102F05D
:10BEF00025FC384602F07AFCB04202D114F0C07F33
:10BF000007D0384601F0C6F802F0A9FC384602F026
:10BF1000A6FCE0060CD502AA6946384601F001FAF3
:10BF20006946384602F02DFC02A9384602F029FC89
:10BF3000BDE8FF81028C11438A4201D003F08CBC22
:10BF4000704700002DE9F047174688464FF6FF7905
:10BF5000044600234A4639460BF016FD618C002545
:10BF60000426C1F30512E06809E000BF06EBC50333
:10BF7000C3585FEA831C01D4DB0102D56D1CAA42C1
:10BF8000F4D84FF0806202EBB1214FEAB1516184E5
:10BF9000C1F30511C900FFF7F7FDE060608C6FF099
:10BFA0000702C0F3051009E0E16802EBC00C01EBE9
:10BFB000C0036144D1E900C1C3E900C1401EA842E9
:10BFC000F2D8E068082100EBC500FFF7C7FEE16882
:10BFD00041F83580E06806EBC501425867F3170267
:10BFE00042504A4639462046BDE8F04703F082B841
:10BFF00070B516461D460446002203F005FD2A468C
:10C0000031462046BDE8704003F0FCBB2DE9FF4FF0
:10C0100081B093468846019803F05AFEB8F1000FAC
:10C0200003D1019801F036F8804600242546019896
:10C0300001F030F88146002101F01AFD064600218A
:10C04000484601F011FE30440FFA80FA00214846BC
:10C0500001F08EFE304400B200900021404601F015
:10C0600007FD06460021404601F0FEFD304407B2C0
:10C070000021404601F07CFE304406B2BBF1000FC7
:10C080000FD0BBF1160F34D2DFE80BF0D5112334FB
:10C090003F4454676913828797A1A6B5BFC5CBD12A
:10C0A000FDFC0021404601F09EFC012822D03C46C8
:10C0B0001EE0404600F059FF0246019802F052F897
:10C0C000014602EBD270401001EBD171A0EB610090
:10C0D0004DE0404600F049FF0246019802F042F868
:10C0E00002EBD271491000EBD070A1EB600009E0C7
:10C0F0003546A0E0404600F038FF0246019802F0C5
:10C1000031F8101A384404B2F2E73C461CE03044DF
:10C1100005B290E0404600F028FF0246019802F088
:10C1200021F8014602EBD270401001EBD171A0EB77
:10C13000610007E0404600F018FF0246019802F057
:10C1400011F8101A384404B2404600F0F4FE0246DA
:10C15000019800F05EFF101AD9E73C4609E040461E
:10C1600000F003FF0246019801F0FCFF101A38446A
:10C1700004B2404600F0DFFE0246019800F049FF9D
:10C1800002EBD271491000EBD070A1EB6000BEE76A
:10C19000019800F03EFF4042BAE7404601F0E2FF5E
:10C1A0000246019801F0DEFF014602EBD27040101A
:10C1B00001EBD171A0EB610007E0404601F0D2FF36
:10C1C0000246019801F0CEFF101A04B2E0E74046A3
:10C1D00000F01FFF05462EE0404601F0C3FF024677
:10C1E000019801F0BFFF02EBD271491000EBD07053
:10C1F000A1EB600007E0404601F0B4FF0246019861
:10C2000001F0B0FF101A04B2E1E7019801F0AAFFB3
:10C21000404204B20FE0019801F0A4FF404204B292
:10C2200041E0019801F09EFF404204B24EE04046DA
:10C2300001F098FF04460021484601F0D4FB012894
:10C2400048464CD000F08CFFB8F8142004990A44FA
:10C25000B9F81410511A0144A1EB0A00204404B2A9
:10C26000484601F049F8B8F816200E990A44B9F882
:10C270001610511A014400980022081A284405B2E9
:10C28000012101E01EE00AE0019803F0BDFB0198E6
:10C2900005B02A462146BDE8F04F03F0B3BA404648
:10C2A00001F060FF0446404600F0B3FE02460198EC
:10C2B00000F0AFFE02EBD271491000EBD070A1EBA1
:10C2C000600025E7404601F04DFF0446404600F07F
:10C2D000A0FE0246019800F09CFE101A18E700F03C
:10C2E0009FFFB1E710B504468068002814D10B48C1
:10C2F0004168491C41601C20FFF796FBA0600028A4
:10C300000AD01C21FFF72AFDA1680F204876A068FB
:10C31000017E41F00301017610BD0000880200207B
:10C320002DE9FC410E460546012101F048FFE0BB26
:10C33000284600F0B3FE044600F038FE0746FAF740
:10C3400001F9A0420ED03846FAF704F9A04209D00C
:10C350003846FAF7E5F8A04204D03846FAF7D8F89C
:10C36000A04237D14FF400242146284601F02EFF89
:10C3700028BB2846ECF7DEFD074605F114016846A8
:10C38000F8F721FCBDF80000C01BADF80000BDF8B7
:10C390000200C01BADF80200BDF804003844ADF83F
:10C3A0000400BDF80600384400E013E0ADF80600D4
:10C3B00031466A460846ECF782F800280BD0002385
:10C3C00001223146284601F01AFE1CE0012101F04D
:10C3D000F6FE10B10020BDE8FC812146284601F0A0
:10C3E000F5FE80B9D5E90501CDE900010023012260
:10C3F0006946284601F003FE31466A460846ECF7D6
:10C400005EF80028E7D0284600F044FE051EDDD186
:10C410000120E0E72DE9F0410E460746002501F036
:10C420005DFD040035D03146384601F04BFD022851
:10C430002FD904EBD470012101EB6004314638465A
:10C4400001F046FD20440FFA80F83146384601F0ED
:10C4500021FD04463146384601F028FD002C01DD5F
:10C46000214600E06142002801DD024600E0424230
:10C47000914205DD002C01DD204604E0604202E02F
:10C48000002800DC4042404400B2002800DA284680
:10C4900005463146384601F093FB04000ED0314684
:10C4A000384601F081FB022808D93146384601F0B0
:10C4B00081FB2044A84200DB05462DB238463146B8
:10C4C000692201F097FC04B2384631466A2201F035
:10C4D00091FC00B2844200DC0446002C01DD2819E6
:10C4E00005B22846BDE8F08170B50D4606465B22D0
:10C4F00001F080FCC4B230462946162201F07AFCD5
:10C5000004B90124204670BD002803D00068884289
:10C5100001D1012070470020704700002DE9F04153
:10C520000D4607460026364900E00068B8B182692A
:10C530000A42FAD08069C0F30F108046FFF774FA00
:10C54000041E31D04146FFF709FCC4E900754FF0E5
:10C5500001086FF0030725B1A86878B332E03046D0
:10C56000EBE7F9F7A7FF05001AD0EA68F2B1686AAD
:10C57000401C810068621046FFF706FBE860696AAC
:10C5800007EB81014450A682E6820020F9F7AAFF5A
:10C59000401E20830020F9F7EBFF401E608323E05C
:10C5A0002046FFF7CDFA0020BDE8F0810420FFF718
:10C5B0003BFAE8600460C5F82480E4E7FFE728461A
:10C5C000FFF790FEA868016881B14168491C41608D
:10C5D000A86889000068FFF7D7FAA9680860A96809
:10C5E000496807EB810144502046DDE70420FFF74E
:10C5F0001BFAA96808600460A968C1F80480F3E721
:10C60000F0FF0F0070B5054602F029F9002000F098
:10C6100093FA284605F0A0FB284600F06FF80120A9
:10C6200000F08AFA4FF6FF724FF47021284602F0AC
:10C6300061FD284602F046FDFDF7F6FB030007D03A
:10C64000284602F0C5F818B129461846FDF788FBC0
:10C65000284600F01FFD04000DD02A462221FCF7D9
:10C66000B1FF2A4623212046FCF7ACFF2846BDE84F
:10C67000704002F063B870BD7FB50C46064602F00C
:10C68000B5F80546E0060CD502AA6946304600F02A
:10C6900048FE6946304602F074F802A9304602F0BE
:10C6A00070F8F069A043F061E0070ED0304602F068
:10C6B00045F8304602F09AF838B1304600F0EAFC0E
:10C6C00002F0CDF8304602F0CAF8304602F08EF89B
:10C6D000A84202D114F0C07F07D0304600F0DAFC47
:10C6E00004B0BDE8704002F0BAB87FBD028C22EA07
:10C6F00001018A4201D003F0AFB8704770B50468F9
:10C700000546206818B128602846FFF7F7FF2C601F
:10C7100062682046002A03D02946BDE870401047D1
:10C7200070BD00002DE9F0414D680C46EDB1284682
:10C7300000F016FD0646284600F0DEFD07462846B6
:10C740000021102201F056FBE98A12220844C01B86
:10C75000E082401E60832846002101F04BFBA98A3D
:10C760000844801BA082401E208341F20200E06149
:10C77000002D06D043F20200C4F81C0043F2023040
:10C78000E06140F0740040F40060E06102D040F4E9
:10C790000040E061BDE8F08110B501460348FFF7B5
:10C7A000BDFE0446FFF72EFF204610BDB09C0208D8
:10C7B00070B5054601F0C2FF284600F06BFC04008E
:10C7C000284610D006F0FCFA204602F05DFF002259
:10C7D00022212046FCF7F6FE2046BDE870400022EC
:10C7E0002421FCF7EFBE00F0E1FB040007D0206934
:10C7F000A842284604D106F0E3FA0020206170BD6B
:10C80000BDE8704006F0DCBA70B50C460846ECF79F
:10C810001BF9002000F090F92046144A002102F094
:10C8200040FD012000F088F900212046F7F790FC38
:10C83000204600F0E9FB10B12046FDF71DFBA06883
:10C84000002811D00068002518B1FFF779F9A06819
:10C850000560A068C06818B1FFF772F9A068C560EC
:10C86000A068FFF76DF9A56070BD0000FFFF0F0025
:10C870002DE9F047A2B08046FCF764FE064640462C
:10C88000FCF79EFE012700240546122E72D0DFF829
:10C890009492152E6CD0182E7AD14046FCF758FE93
:10C8A000824601462846F3F78BF80021284601F01E
:10C8B00003F950B105F59070FBF70EF9060004D0AE
:10C8C000FAF7F0FD3046FFF729F90021284601F07C
:10C8D000C7F800285CD002A8FBF73AF98DF80B40A6
:10C8E0008DF822408DF832408DF83E4002AA00219A
:10C8F000284601F0C7FD0021284601F04AFB80468A
:10C900000021284601F039FB064605F1140168466E
:10C91000F8F750F9BDF80010A1EB0800BDF80410BD
:10C92000ADF8000001EB0800ADF80400BDF802000E
:10C930005146801BADF80200BDF806003044ADF84A
:10C94000060010A800F0F0F802A8149068461D94A4
:10C95000CDE91270CDF8449010AA1A212846FCF7B0
:10C9600031FE6A4602A95046FBF7DEF8D4E001E04A
:10C9700055E00DE04046FCF721FE0646007802280F
:10C9800006D00021284601F097F820B1022030702F
:10C9900022B0BDE8F0870021284601F075FA8246F2
:10C9A0000021284601F0F5FA81460021284601F0D1
:10C9B000E4FA804605F114016846F8F7FBF8BDF883
:10C9C00000105246A1EB0900BDF80410ADF80000BC
:10C9D00001EB0900BDF80210ADF80400A1EB08005E
:10C9E000BDF80610ADF8020001EB0800ADF8060036
:10C9F00069467068EBF78BFD68B10021284601F0AD
:10CA000023F8FD2807D328460021602201F0F2F91F
:10CA1000C0B2FD2801D23770BAE73470B8E740469B
:10CA2000FCF796FD804602A8FBF792F80021284605
:10CA300001F016F828B19DF82B0040F001008DF8A8
:10CA40002B0002AA0021284601F01CFD00212846E7
:10CA500001F09FFA06460021284601F08EFA0746AB
:10CA600005F114018A466846F8F7A4F8BDF80000FD
:10CA70004146801BADF80000BDF804003044ADF81D
:10CA80000400BDF80200C01BADF80200BDF80600AE
:10CA90003844ADF8060010A800F046F802A814903B
:10CAA0006846CDE91240CDF8449010AA1A212846D4
:10CAB0001D94FCF787FD0021284600F0FDFF30B1F2
:10CAC000BDF8080018B1069E0127069401E0069EF5
:10CAD00000276A4602A94046FBF726F8E7B118206E
:10CAE000FEF7D0FF0746BDF9082000235146FAF7AC
:10CAF00061FF05F590713846FAF710FB66B18DF8C5
:10CB00000B408DF82A408DF832408DF83E406A4641
:10CB100002A94046069627E710AA1B212846FCF7E3
:10CB200051FD35E7B09C020870B50D46044648211A
:10CB3000FFF714F9256070BD0149087070470000C7
:10CB4000980200202DE9FF4188460846FCF7FAFCD0
:10CB500004464046FCF7FAFC0546012C23D0082C7D
:10CB600023D0032C3ED02A2C3ED00D2C4CD00E2CA2
:10CB70007DD0092C7CD00A2C7BD00F2C7AD0292C8C
:10CB800079D0222C78D0242C77D0132C76D0152C69
:10CB900003D0182C01D0122C34D104B04046BDE88B
:10CBA000F041FFF765BE2021FAE02021FFF79EFD4E
:10CBB0004046FCF7DEFCFDF722FE002822D10821CA
:10CBC000284601F0FCFA00281CD095F820004FF010
:10CBD0000101C007284602D0FFF788FD30E0FFF7CB
:10CBE000A9F92DE02021F8E000F072F906460024B2
:10CBF00006E0A868006850F8240001F030FE641CCC
:10CC0000B442F6D3BDE8FF81082101F0D8FAF8B1AB
:10CC10004046FCF7D3FC0478132C06D0112C04D02A
:10CC2000142C07D0122C05D008E001212846FFF76C
:10CC300081F903E001212846FFF758FD0A2CE1D0D5
:10CC400004B02846BDE8F04100221C21FCF7BABC24
:10CC50004FF40161284601F0B2FA0028D2D02846EC
:10CC600001F0A9FD0028CDD10027284607E06DE09E
:10CC700095E09AE0B0E0B5E0D1E0F2E0F6E000F057
:10CC80006FFA0646284600F0CBFA04464046FCF709
:10CC900095FC007812281BD011280CD013282BD01B
:10CCA0001428AFD1284600F053FA800703D0002E95
:10CCB00038DC002C36DC284600F0ABF90446284668
:10CCC00000F028FBE11704EB9171A0EBA1000BE051
:10CCD000284600F09EF90446284600F01BFBE117A9
:10CCE00004EB917100EBA10001B204B03A46284672
:10CCF000BDE8F04102F0B2BC284600F029FA8007F6
:10CD0000E6D0002E01DC002CE2DD284601F02AFAF4
:10CD10000446284600F0F7FAE11704EB917100EBA6
:10CD2000A1000BE0284601F01DFA0446284600F059
:10CD3000EAFAE11704EB9171A0EBA10001B204B093
:10CD40003A462846BDE8F04102F072BC4FF48061DB
:10CD500001F035FA18B10121284602F04CFC2846B2
:10CD600000F052F9FDF766F806460224FDF712FDC1
:10CD700010B94046FCF7FDFBFDF74DFD022801D040
:10CD8000042800D106241EB144F00801284607E01B
:10CD900021462846FFF7CEF8082128461DE040210D
:10CDA00004B0BDE8F041FFF7C5B84021FFF79EFC95
:10CDB000284600F0DCFD02287FF424AF02AA694671
:10CDC000284600F0AEFA6946284601F0DAFC02A9CE
:10CDD000284601F0D6FC15E70E2104B0BDE8F0416D
:10CDE000FFF784BC002100F0E9FD0446002128463D
:10CDF00000F08CFE204302D0284601F030FD28468A
:10CE000000F066F80646002406E0A868006850F8BE
:10CE1000240001F024FD641CB442F6D3F2E60021A4
:10CE2000012200F0E7FF06B228460021042200F0AC
:10CE3000E1FF04B20021284600F0C0FD07460021B2
:10CE4000284600F063FE384305D142F2D170864295
:10CE500001D08442BFD104B02846BDE8F04101F0C2
:10CE6000FEBC688C40F002006884F4E70021FFF704
:10CE7000D1FA014604B04046BDE8F041FCF7C2BB20
:10CE800010B50C4600B96068006868B101690029F6
:10CE9000FAD00021E160026921469047217E0120FD
:10CEA000C90700D0002010BD012010BD80680028F7
:10CEB00009D0002902DA4268511803D443680A46AF
:10CEC0008B4201D800207047006850F8220070475C
:10CED0008068002800D04068704770B50C46054651
:10CEE000002100F0C5FD06462146284600F057F80F
:10CEF000704202B211462046F7F7FDFE0021284697
:10CF000000F0B2FE2188084420800021284600F06D
:10CF1000E7FEA188081AA0800021284600F028FF1B
:10CF20006188084460800021284600F04FFEE188B7
:10CF3000081AE08070BD70B50446002100F018FFAB
:10CF400005460021204600F041FE0646002120460D
:10CF500000F08EFD0246204600F05BF8401B801B6F
:10CF6000514200EB410000B270BD70B50446002193
:10CF700000F07AFE05460021204600F0B1FE06468C
:10CF80000021204600F074FD0246204601F0EAF838
:10CF9000401B801B514200EB410000B270BD0A46AD
:10CFA00000F114011046F7F70EBE000010B54168FD
:10CFB00009B100F073F804460A48EBF7DEFE0EE014
:10CFC0000021426A05E0C36853F82130A34208D02B
:10CFD000491C8A42F7D801460248EBF7E0FE0028D8
:10CFE000EED110BD08F300208068002805D0827EB5
:10CFF00002F03F028A4201D800207047C06801EB6E
:10D00000410100EB810070478068002800D08068F3
:10D010007047418BC08A081A401C00B2704770B537
:10D02000064600F037F8050001D000240AE0002091
:10D0300070BD21462846FFF739FFB04201D1204696
:10D0400070BD641C2846FFF743FFA042F1D84FF0A3
:10D05000FF3070BDF0B4468C00240425C6F30516DD
:10D0600013E000BFC76805EBC40C57F80C705FEA0B
:10D07000C71C09D527F07F479F4205D1C06850F8EB
:10D080003400F0BC03F0D2BD641CA642EAD8F0BC68
:10D0900000207047002800D04068704700B5014666
:10D0A000FFF7F8FF0028FAD1084600BD2DE9F04748
:10D0B000DFF8948006464446FFF70AFF074600253E
:10D0C000DFF888A00EE0B0685146006850F82500EF
:10D0D000814601F07BF820B9B9F91A00A04200DBC3
:10D0E00004466D1CBD42EED30021304600F046FEE2
:10D0F00081460021304600F06FFD07460021304692
:10D1000000F0BCFC0546444504D0708BC01B401B9E
:10D11000201A04B2304600F033FC80463046FFF758
:10D1200078FFA0EB0900C01B694200EB4101A8EBAE
:10D130000101304600F0EEF8081A00B2844200DD2A
:10D140002046BDE8F087000001E0FFFF0100040079
:10D15000806818B1407E00F00F0070470F207047C4
:10D160002DE9F84F0646002100F043FC012807D0C6
:10D17000B068002802D0008A404200B2BDE8F88FB3
:10D180000021304600F0B2FD00900021304600F052
:10D1900071FD81460021304600F070FC804641F66A
:10D1A000FF7A54463046FFF793FE074600250EE00F
:10D1B000B0681949006850F82500834601F006F868
:10D1C00020B9BBF91400A04200DC04466D1CBD422E
:10D1D000EED3544506D0B28A09EB08001044001B78
:10D1E00004B200E00D4C304600F0D8FB0546304656
:10D1F00000F0B8FF0099411AA1EB0901C8F1000045
:10D2000001EB4000291A304600F07DF8084400B2D6
:10D210008442B3DD2046B1E70100040001E0FFFFD6
:10D220002DE9F0470646002100F0E3FB01280AD073
:10D23000DFF8A08030464446FFF74AFE0746002547
:10D24000DFF894A015E0B068002801D0B0F9100014
:10D25000BDE8F087B0685146006850F82500814667
:10D2600000F0B4FF20B9B9F91800A04200DB044671
:10D270006D1CBD42EED30021304600F037FD07465D
:10D280000021304600F0F6FC81460021304600F0D7
:10D29000F5FB0546444504D0308BC01B401B201ACB
:10D2A00004B2304600F07AFB8046304600F05AFF68
:10D2B000C11BA1EB0900694200EB4101A8EB010190
:10D2C000304600F020F8081A00B28442C0DD204643
:10D2D000BEE7000001E0FFFF0100040080680028B5
:10D2E00002D0007EC0F3810070478068002802D021
:10D2F000007EC0F3011070478068002802D0408A89
:10D30000404200B270478068002802D0008A404244
:10D3100000B270478068002802D0408A404200B2C4
:10D3200070472DE9F04F91B016460C464FF0FF378D
:10D33000054600223B46114620460097F7F7F5FCCC
:10D3400000223B46114630460097F7F7EEFC1021CD
:10D35000284600F034FF002816D0284600F007FBCE
:10D36000070011D00020FDF71BFA8046022F08D0DD
:10D3700010E0FDF744FAA84209D04046FDF710FA44
:10D380008046B8F1000FF4D111B0BDE8F08FB8F1CC
:10D39000000FF9D02846FFF7AFFF05902846FFF7AA
:10D3A00085FE0C902846FFF7DBFE0A902846FFF723
:10D3B00037FF08902846FFF7CBFE8146002019F082
:10D3C0000C0F009014D0012F10D0032F02D0022F89
:10D3D00007D00DE00598002808DC0C98002805DC33
:10D3E00006E04046FDF7FCF90C2801D10120009031
:10D3F000002009905FEA897014D0012F10D0032F0C
:10D4000002D0022F07D00DE00A98002808DC089807
:10D41000002805DC06E04046FDF7E2F9032801D1CB
:10D4200001200990009909980843ADD04FF4803746
:10D430003946284600F0DDFA012800D000200E9081
:10D440003946284600F09AFC06903946284600F0F6
:10D45000C3FB0F903946284600F00CFC8046394645
:10D46000284600F043FC814628460122394600F058
:10D47000C1FC0FFA80FB2846FFF7CBFD049028463D
:10D4800000F070FE0390009800B15846824609985B
:10D4900000B15846109028463946212200F0AAFCD7
:10D4A000C0B2022808D228463946312200F0A2FC38
:10D4B000C0B20228FFF468AFDDE9040101440C9812
:10D4C000A027084400B20B900098002870D00B9859
:10D4D0000028FBD0E88A7080688BF0800E9840B1FD
:10D4E000A98A01EB08003080ABF101010844B0804B
:10D4F00007E0298BA1EB0900B080A0EB0B00401CDA
:10D50000308006990498411A0F98091A1098081A41
:10D510000499009048430B9990FBF1F000B20590FC
:10D520000020F8F7CDFF00EB8001502000EB410018
:10D53000B0F5A07F0ADB0020F8F7C2FF00EB800106
:10D54000502000EB410090FBF7F000E0012005992E
:10D55000884201DA084616E00020F8F7B1FF00EB38
:10D560008001502000EB4100B0F5A07F0ADB0020D5
:10D57000F8F7A6FF00EB8001502000EB410090FB84
:10D58000F7F000E00120009900B2091A0AB2049BEA
:10D590000B99C91A09B200290BDCE98A06980844DC
:10D5A0007080698B0F98091A1098081A401EF08035
:10D5B00090E00C9B12FB03F393FBF1F1511A069AD6
:10D5C000EB8A1144194409B2401E71800844F0806E
:10D5D000B5F9162006981044814238DA7080002090
:10D5E000F8F76EFF00EB8001502000EB4100B0F532
:10D5F000A07F0ADB0020F8F763FF00EB80015020DA
:10D6000000EB410090FBF7F000E00120B6F90210BA
:10D610000844B6F90610884219DD0020F8F750FFDB
:10D6200000EB8001502000EB4100B0F5A07F0ADB49
:10D630000020F8F745FF00EB8001502000EB41008F
:10D6400090FBF7F000E0012071880844F080B5F904
:10D650001A201098B6F90610121A0F98101A814263
:10D6600038DDF0800020F8F72BFF00EB8001502020
:10D6700000EB4100B0F5A07F0ADB0020F8F720FFA7
:10D6800000EB8001502000EB410090FBF7F000E040
:10D690000120B6F90610081AB6F90210884219DA04
:10D6A0000020F8F70DFF00EB8001502000EB410057
:10D6B000B0F5A07F0ADB0020F8F702FF00EB800145
:10D6C000502000EB410090FBF7F000E00120F188D2
:10D6D000081A70800A99039801440898084400B217
:10D6E0000490099800283FF44FAE04980028FAD01F
:10D6F000698B0F98081AE080A0EB0B00401C60803B
:10D70000A88A2080288BA0800399A1EB0801A1EBB7
:10D710000901A1EB0A00039900904843049990FB8A
:10D72000F1F000B202900020F8F7CAFE00EB800092
:10D73000502606EB40004FF4A07B584509DB002043
:10D74000F8F7BEFE00EB800006EB400090FBF7F020
:10D7500000E001200299884201DA084613E0002027
:10D76000F8F7AEFE00EB800006EB4000584509DB01
:10D770000020F8F7A5FE00EB800006EB400090FBD0
:10D78000F7F000E00120009900B2091A0AB2DDE9C1
:10D790000331C91A09B2002916DCA98A0E9840B1D2
:10D7A0004144AAF1010008442080298BA1EB090023
:10D7B00008E001EB08002080298BA1EB0901A1EB17
:10D7C0000A00401EA080DFE5089B12FB03F393FBD9
:10D7D000F1F1511A0E9A09B2EAB3AA8A401E5318FF
:10D7E00008EB0A02991809B221800844A080B5F913
:10D7F00014001044884233DD20800020F8F760FEDA
:10D8000000EB800006EB4000584509DB0020F8F7EC
:10D8100057FE00EB800006EB400090FBF7F000E0C5
:10D820000120B4F900100844B4F90410884217DD4F
:10D830000020F8F745FE00EB800006EB400058455D
:10D840000ADB0020F8F73CFE00EB800006EB40000E
:10D8500090FBF7F001E039E0012021880844A08026
:10D86000B4F90410B5F9182077E0A0800020F8F78B
:10D8700027FE00EB800006EB40005D46A84272DB0D
:10D880000020F8F71DFE00EB800006EB400090FB47
:10D89000F7F0B4F90410081AB4F90010884292DACB
:10D8A0000020F8F70DFE00EB800006EB4000A842D8
:10D8B0005BDB0020F8F704FE00EB800006EB400085
:10D8C00090FBF7F0A188081A20805DE5AB8A4144FF
:10D8D000194409B2401E21800844A080B5F91420E3
:10D8E00002EB0800814232DA20800020F8F7E8FDE0
:10D8F00000EB800006EB4000584509DB0020F8F7FC
:10D90000DFFD00EB800006EB400090FBF7F000E04D
:10D910000120B4F900100844B4F90410884216DD5F
:10D920000020F8F7CDFD00EB800006EB40005845E5
:10D9300009DB0020F8F7C4FD00EB800006EB400097
:10D9400090FBF7F000E0012021880844A080B5F9A1
:10D950001820B4F90410A2EB0A02A2EB09008142DC
:10D9600083DC11E5FFE7012093E70120AAE7806847
:10D9700018B1007E00F003007047032070470000DC
:10D9800008B505496A46496800912C21FBF71AFE43
:10D99000BDF9020008BD0000CC9C020808B505498D
:10D9A0006A46096800912C21FBF70CFEBDF90000C6
:10D9B00008BD0000CC9C0208008C704710B50922FD
:10D9C00000F018FAC0B210BD10B5092200F012FA2A
:10D9D000C0B210BD662200F00DBA10B5502200F0A2
:10D9E00009FA00B210BD10B5162200F003FAC0B259
:10D9F00010BD10B5162200F0FDF9C0B210BD10B573
:10DA0000162200F0F7F9C0B210BD10B5162200F0D2
:10DA1000F1F9C0B210BD10B5162200F0EBF9C0B29A
:10DA200010BD10B5162200F0E5F9C0B210BD70B5FA
:10DA30000C460546202200F0DDF902462146284624
:10DA4000BDE87040EBF7A6BA10B5212200F0D2F97C
:10DA5000C0B210BD10B5682200F0CCF9C0B210BD44
:10DA600010B5342200F0C6F9002800D0012010BD06
:10DA700010B5322200F0BEF900B210BD10B532224E
:10DA800000F0B8F900B210BD10B5322200F0B2F9C2
:10DA900000B210BD10B5322200F0ACF900B210BDDA
:10DAA00010B5322200F0A6F900B210BD10B5322236
:10DAB00000F0A0F900B210BD10B5172200F09AF9DD
:10DAC000002800D0012010BD034A10B5528900F093
:10DAD00091F9C0B210BD0000A402002010B50422CC
:10DAE00000F088F900B210BD10B5042200F082F9F0
:10DAF00000B210BD10B5042200F07CF900B210BDD8
:10DB000010B5042200F076F900B210BD10B50A225B
:10DB100000F070F980B210BD10B50A2200F06AF969
:10DB200080B210BD10B5492200F064F900B210BDFA
:10DB300010B5062200F05EF900B210BD10B5052246
:10DB400000F058F900B210BD10B5602200F052F993
:10DB5000C0B210BD70B50E460546FFF7F5FF0228AE
:10DB60001AD9FF24FD2802D2C0EB0020040A0EB10E
:10DB7000002603E02846FFF78DFA054655B13146E9
:10DB80002846FFF7E1FF022806D9FD28F2D24443D8
:10DB9000240AEFE7022C01D8002070BDFD2C01D330
:10DBA000FF2070BD204670BD10B5372200F022F96D
:10DBB000C0B210BD10B5382200F01CF900B210BD83
:10DBC00010B5352200F016F900B210BD10B51122C3
:10DBD00000F010F900B210BD10B5112200F00AF9E2
:10DBE00000B210BD10B5112200F004F900B210BD52
:10DBF00010B5112200F0FEF800B210BD10B51122D0
:10DC000000F0F8F800B210BD10B5112200F0F2F8E3
:10DC100000B210BD10B5112200F0ECF800B210BD3A
:10DC200010B5112200F0E6F800B210BD10B51122B7
:10DC300000F0E0F800B210BD10B5152200F0DAF8DF
:10DC400000B210BD10B5152200F0D4F800B210BD1E
:10DC500010B5152200F0CEF800B210BD10B5152297
:10DC600000F0C8F800B210BD10B5122200F0C2F8E2
:10DC700000B210BD10B5122200F0BCF800B210BD09
:10DC800010B5122200F0B6F800B210BD10B5122285
:10DC900000F0B0F800B210BD10B5122200F0AAF8E2
:10DCA00000B210BD10B5122200F0A4F800B210BDF1
:10DCB00010B5122200F09EF800B210BD10B512226D
:10DCC00000F098F800B210BD10B5122200F092F8E2
:10DCD00000B210BD10B5122200F08CF800B210BDD9
:10DCE00010B5132200F086F800B210BD10B5132253
:10DCF00000F080F800B210BD10B5132200F07AF8E1
:10DD000000B210BD10B5132200F074F800B210BDBF
:10DD100010B5132200F06EF800B210BD10B513223A
:10DD200000F068F800B210BD10B5132200F062F8E0
:10DD300000B210BD10B5132200F05CF800B210BDA7
:10DD400010B5132200F056F800B210BD10B5142221
:10DD500000F050F800B210BD10B5142200F04AF8DF
:10DD600000B210BD10B5142200F044F800B210BD8E
:10DD700010B5102200F03EF800B210BD10B5102210
:10DD800000F038F800B210BD10B5102200F032F8E3
:10DD900000B210BD10B5102200F02CF800B210BD7A
:10DDA00010B5102200F026F800B210BD10B51022F8
:10DDB00000F020F800B210BD10B5102200F01AF8E3
:10DDC00000B210BD10B5102200F014F800B210BD62
:10DDD00010B5102200F00EF800B210BD10B51022E0
:10DDE00000F008F800B210BD10B5102200F002F8E3
:10DDF00000B210BD2DE9F8438846064614460121BD
:10DE0000104603F029F80746002515E06B46224628
:10DE100041463046F4F755FF0546012827D07FB12B
:10DE2000022D05D0B8F1000F02D04FF0000803E03A
:10DE30003046FFF72FF90646002EE7D1012D16D008
:10DE4000B8F1000F03D1012C05D0042C03D02046DB
:10DE500002F09AFF0AE031680FE0012C0AD0C88A6C
:10DE600050B161B1012C0CD0B1F9160000900098AE
:10DE7000BDE8F883888AF3E709680029EDD100201E
:10DE8000F4E7B1F91400F1E710B50B22FFF7B2FF88
:10DE900000B210BD10B54122FFF7ACFF00B210BDBB
:10DEA00010B54122FFF7A6FF00B210BD10B5422207
:10DEB000FFF7A0FF00B210BD10B54222FFF79AFF96
:10DEC00000B210BD10B54522FFF794FFC0B210BDDF
:10DED00010B54322FFF78EFF00B210BD10B54022EF
:10DEE000FFF788FF00B210BD70B50C4605465522FD
:10DEF000FFF780FF024621462846BDE87040EBF759
:10DF000049B85722FFF776BF5722FFF773BF572252
:10DF1000FFF770BF5722FFF76DBF5722FFF76ABFA9
:10DF20005722FFF767BF10B55822FFF763FF00B213
:10DF300010BD10B55822FFF75DFF00B210BD10B53F
:10DF40005922FFF757FF00B210BD10B55922FFF755
:10DF500051FF00B210BD10B55922FFF74BFF00B2C0
:10DF600010BD10B55922FFF745FF00B210BD10B526
:10DF70005922FFF73FFF00B210BD10B56A22FFF72C
:10DF800039FF00B210BD10B56A22FFF733FF00B2AF
:10DF900010BD10B56922FFF72DFF00B210BD10B5FE
:10DFA0006922FFF727FF00B210BD10B50122FFF76D
:10DFB00021FF00B210BD10B50122FFF71BFF00B218
:10DFC00010BD10B50122FFF715FF00B210BD10B54E
:10DFD0000122FFF70FFF00B210BD10B50122FFF7BD
:10DFE00009FF00B210BD10B50722FFF703FF00B212
:10DFF00010BD10B50822FFF7FDFE00B210BD2DE9DF
:10E00000FF4107460888ADF800004888ADF80200D7
:10E010000888ADF80400C888ADF806008888ADF817
:10E02000080048880C46ADF80A00A088ADF80C003E
:10E03000E088ADF80E001D4616466946384601F0E8
:10E0400018FE2B463246384601A901F012FE2B4637
:10E050003246384602A901F00CFE2B4632463846BD
:10E0600003A901F006FEBDF90030BDF904008342AA
:10E0700001DA1D4600E00546BDF90810BDF90C2087
:10E08000914201DA0E4600E01646B54205DA8342B7
:10E0900001DA1A4604E0024602E0914200DA0A463A
:10E0A0002280BDF90030BDF904108B4201DD1D4610
:10E0B00000E00D46BDF90800BDF90C20904201DDDD
:10E0C000064600E01646B54205DD8B4201DD1A46E4
:10E0D00004E00A4602E0904200DD0246A280BDF95B
:10E0E0000230BDF90620934201DA1D4600E01546D4
:10E0F000BDF90A10BDF90E00814201DA0E4600E0BA
:10E100000646B54205DA934201DA184604E01046A5
:10E1100002E0814200DA08466080BDF90230BDF9B4
:10E1200006108B4201DD1D4600E00D46BDF90A00D8
:10E13000BDF90E20904201DD064600E01646B542CC
:10E1400005DD8B4201DD184604E0084602E09042FE
:10E1500000DC1046E080052211462046F6F7CBFD94
:10E16000BDE8FF81018B808A081A401C00B270470D
:10E1700070B50546FEF78EFF040012D0E88AE18AEA
:10E18000451A2046FFF7C6F8054400212046FFF750
:10E19000EFFD2D1A00212046FFF76AFC281A00B275
:10E1A00070BDB5F9160070BD10B50446FFF7E0FF6D
:10E1B00002462046FEF72DFF104400B210BDC06994
:10E1C000814301D00020704701207047C06908409A
:10E1D00000D001207047008C084000D0012070471B
:10E1E000F8B514460D4606465022FFF703FE00B26E
:10E1F0006080002810D0304629465322FFF7FAFDF0
:10E20000C0B22073022807D929463046FFF7A2FC86
:10E21000022802D800202073F8BDFD2804D2217BFB
:10E2200011FB00F0000A2073207B0228F4D952224F
:10E2300029463046FFF7DEFD024629463046EAF71A
:10E24000A9FE0090BDF800002080304629465422E7
:10E25000FFF7D0FDA060304629465122FFF7CAFDE6
:10E2600000B10120617B002D60F382016173D3D086
:10E2700029463046FFF7EEFB617B60F301016173D5
:10E28000F8BDF8B514460E4605464622FFF7B2FD26
:10E29000C0B2E072022807D931462846FFF75AFC7F
:10E2A0000021022801D8E172F8BDFD2804D2E27AEB
:10E2B00012FB00F0000AE072E07A0228F4D9218013
:10E2C0004FF480706080288BA98A4822401A401C35
:10E2D00000B200EBD0704010A080688BE98A401A31
:10E2E000401C00B200EBD0704010E0802846314660
:10E2F000FFF780FD10F0FF00A0720DD047223146DD
:10E300002846FFF777FD024631462846EAF742FEE7
:10E310000090BDF800002081002EC5D0314628466F
:10E32000FFF798FB2073F8BDF8B514460D46064676
:10E330005622FFF75FFDC0B2A076022807D9294612
:10E340003046FFF707FC022802D80020A076F8BD6F
:10E35000FD2804D2A17E11FB00F0000AA076A07E69
:10E360000228F4D929463046FFF7BEFD0090BDF8DB
:10E370000000A081304629465822FFF73BFDA082CD
:10E38000304629465922FFF735FD6082304629463E
:10E390005A22FFF72FFDA17F60F30201A1773DB163
:10E3A00029463046FFF756FBA17F60F3C501A177F0
:10E3B00029463046FFF7A5FD2060304629465B22FE
:10E3C000FFF718FD2077F8BDF8B514460D46064650
:10E3D0004E22FFF70FFDC0B22072022807D929464E
:10E3E0003046FFF7B7FB022802D800202072F8BDA4
:10E3F000FD2804D2217A11FB00F0000A2072207A55
:10E400000228F4D9304629464922FFF7F3FC00B22E
:10E4100060800028EBD04D2229463046FFF7EAFC09
:10E42000024629463046EAF7B5FD0090BDF80000E7
:10E430002080304629464A22FFF7DCFC00B2A0804B
:10E4400028B1304629464B22FFF7D4FCE080304605
:10E4500029464C22FFF7CEFC08B1012100E0002143
:10E46000607A61F38200810861F3C3006072002D5D
:10E47000BDD029463046FFF7EDFA617A60F301011D
:10E480006172F8BDF8B514460D460646FFF762FB0B
:10E49000074685B1022F09D80020E070A07684F8E5
:10E4A000220084F82A0084F83600F8BD2946304658
:10E4B000FFF7D0FAA070304629460B22FFF79AFCEE
:10E4C0002080E078002855D0304629462122FFF7E9
:10E4D00091FCC0B2E07002284CD929463046FFF7C3
:10E4E000A6FA0090BDF80000A080304629462622FA
:10E4F000FFF780FC010007D0487A400704D00A22C9
:10E50000A01DFDF759FB35E0304629462322FFF7D1
:10E5100071FCE17B60F30201E173480721D02946D9
:10E520003046FFF784FA0090BDF80000E080222218
:10E5300029463046FFF75EFC024629463046EAF798
:10E5400029FD0090BDF80000608130462946242254
:10E55000FFF750FC2072304629462522FFF74AFC7F
:10E560002073304629462722FFF744FCE17B60F305
:10E57000C501E173304629463222FFF73BFC00B269
:10E58000208428B394F8220010B330462946312263
:10E59000FFF730FCC0B284F82200022818D93046B8
:10E5A00029463322FFF726FC94F82310302260F32B
:10E5B000450184F8231029463046FFF71BFC02462C
:10E5C00029463046EAF7E6FC0090BDF80000E083FB
:10E5D00029463046FFF7F4FAE084E8B194F82A00BF
:10E5E000D0B129463046FFF7DFFA84F82A00022826
:10E5F00012D929463046FFF7DDFA20853622294612
:10E600003046FFF7F7FB024629463046EAF7C2FCE0
:10E610000090BDF80000A084A07E80B3304629465B
:10E620002822FFF7E7FB206148B33046294629221C
:10E63000FFF7E0FBC0B2A076022820D92069FCF7E2
:10E6400098F802286CD02A2229463046FFF7D2FBE0
:10E65000024629463046EAF79DFC0090BDF80000CE
:10E660002083304629462B22FFF7C4FBE076304654
:10E6700029462C22FFF7BEFB00B10120207794F839
:10E68000360070B329463046FFF728FCE08540B3DA
:10E6900094F83600022824D929463046FFF712FCA8
:10E6A00084F8360002281CD929463046FFF7F2FBD1
:10E6B000208629463046FFF7F9FB6086294630461A
:10E6C000FFF706FCA086442229463046FFF792FB5E
:10E6D000024629463046EAF75DFC0090BDF800008E
:10E6E000A085FD2FBFF4E1AE14F8030F10FB07F077
:10E6F000000A04F8140BE07810FB07F0000AE07041
:10E70000E07A10FB07F0000AE072E07C10FB07F0F3
:10E71000000AE074E07F10FB07F0000AE077F8BD24
:10E7200029463046FFF7EDFB606129463046FFF78A
:10E73000DBFB0090BDF800002083A0E77CB5054618
:10E74000EAF7F8FB044605F114016846F6F73BFAD0
:10E75000BDF800006946001BADF80000BDF80200DE
:10E76000001BADF80200BDF804002044ADF8040021
:10E77000BDF806002044ADF80600284600F001F878
:10E780007CBD7CB50C460546FEF710FCF7F706FF8E
:10E7900000280FD021466846F6F715FA6946284644
:10E7A000FDF7BEFD002805D02846FEF7FFFB6946B1
:10E7B000EAF768FA7CBD0068002808D0017E890766
:10E7C000F9D0007E00F00300012800D0002070473F
:10E7D0000068002809D0017E11F00C0FF8D0007EEF
:10E7E000C0F38100012800D00020704710B5044616
:10E7F0000849FFF7EBFC08B1002010BD2046FEF7EA
:10E8000049FC0028F9D00021FFF786F90028F4D050
:10E81000012010BD010006007CB50546EAF78AFB21
:10E82000044605F114016846F6F7CDF9BDF800007D
:10E830006946001BADF80000BDF80200001BADF8F2
:10E840000200BDF804002044ADF80400BDF8060045
:10E850002044ADF806002846FDF762FD7CBD10B5EA
:10E86000418C41F001014184FEF718FC418C41F0DC
:10E8700004014184FEF79AFB4068002803D0BDE8FC
:10E88000104003F0E9BB10BD2DE9F047994617464B
:10E8900088468246FEF71CFB0646002523E000BFA3
:10E8A000DAF80800B9F1000F006850F8254005D0EB
:10E8B0004FF480212046FFF782FC98B9A18A0023FB
:10E8C00001EB0800A082E08A3A463844E082218BBE
:10E8D00001EB08002083608B41463844608320466A
:10E8E000FFF7D2FF6D1CB542DAD3BDE8F0872DE902
:10E8F000FF47456816460F4604469DB3002128464B
:10E90000FFF7B2F9804600212846FFF731FA814629
:10E910004FF480212046FFF752FC48B1A98A07EB4B
:10E920000800084407B2E98A06EB0900084410E031
:10E930002846FEF7E8FCAA8A02EB0801081A3844C8
:10E9400007B22846FEF7E6FCEA8A02EB0901081A3C
:10E95000304406B200212846FFF78AF839183044BF
:10E960000FB206B2A08A381A07B2E08A301A06B28D
:10E970000FB9002E40D02046FFF7E0FE02A9204646
:10E98000FEF70DFB4FF0000875B169462846FEF70B
:10E99000A4FA0022694602A8E9F7B9FD5FEA000877
:10E9A00002D1284600F070FEA08A32463844A08288
:10E9B000E08A39463044E082208B002338442083AB
:10E9C000608B304460832046FFF75EFF8DB12246A6
:10E9D00022212846FAF7F6FD2046FFF7AFFE002277
:10E9E000694604F11400E9F792FDB8F1000F07D170
:10E9F00004E02046FFF7A2FEBDE8FF870028FBD019
:10EA0000284600F041FEF7E770B50C00064604D535
:10EA1000FEF740FBFEF75CFA04443046FEF7FFFACF
:10EA200002463046FEF736FB0546002C2DDBFEF78E
:10EA30004FFAA04229DD944227D015DA6FF0030186
:10EA4000A24214DDA86801EB82030068C35840F8B5
:10EA50002230521EF4E7A86801EB82030068C35815
:10EA600040F82230521C00E00421A242F3DBA868E7
:10EA700000222221006840F824602846FAF7A2FD0F
:10EA80002846BDE87040FFF759BE70BD2DE9F04142
:10EA90000D460646FEF729FCA0B93046FEF72CFCD1
:10EAA00004463046FEF702FB00280BDA002C09DD95
:10EAB0004042844200DB044622B22B46002130460D
:10EAC00000F08AFC3046FEF709FC002825D13046CC
:10EAD000FEF746FB04463046FEF7A2FB0746002140
:10EAE0003046FEF786FF01280BD0002F15DA002CE8
:10EAF00013DD7842844200DB044621B22B4600221B
:10EB000006E0002C09DA002F07DD2B460022214603
:10EB10003046BDE8F04100F05FBCBDE8F0812DE972
:10EB2000F047894686B00446866802A94846FEF743
:10EB300036FA4846EAF7FEF90146024602A8F6F719
:10EB4000DAF802AA314604A8E9F7B9FC4FF4002527
:10EB50000DF1100A20B929464846FFF730FB98B15D
:10EB60004FF00108224614214846C4F808A0FAF7DD
:10EB700029FD224615214846FAF724FD2246162192
:10EB80004846FAF71FFD01E04FF0000829464846C5
:10EB9000FFF715FB20B1306800907068019006E027
:10EBA00009F1140231466846E9F789FC90B1C4F8CE
:10EBB00008D04846FEF78CF90746002508E0D9F84A
:10EBC0000800006850F82510204605F01BF86D1C61
:10EBD000BD42F4D3B8F1000F10D0224617214846A9
:10EBE000C4F808A0FAF7EEFC224618214846FAF7C6
:10EBF000E9FC224619214846FAF7E4FCA66006B073
:10EC0000BDE8F0872DE9F14F82B00298FFF7EEFDE5
:10EC100000287CD10298FEF73DFA0090002102986E
:10EC2000FFF7E1F9824600210298FFF7E2F9074673
:10EC3000009868B1FEF799F981460098FEF77BF9D4
:10EC40000546CAF341304FF0640B012803D012E0AF
:10EC50003A46514692E02AF4C040B0F5FA6F0ADC19
:10EC6000B0F57A7F01DDC0F57A7000FB09F090FB0A
:10EC7000FBF00FFA80FAC7F3413001280DD127F4D9
:10EC8000C040B0F5FA6F08DCB0F57A7F01DDC0F561
:10EC90007A70684390FBFBF007B200216B22029868
:10ECA000FFF7A8F806B200216C220298FFF7A2F83D
:10ECB00002B20298FFF756FA80460298FEF7A9F9C9
:10ECC0000446C6F3413001280ED126F4C040B0F509
:10ECD000FA6F09DCB0F57A7F01DDC0F57A7000FBD0
:10ECE00008F090FBFBF006B2C2F3413001280DD1D1
:10ECF00022F4C040B0F5FA6F08DCB0F57A7F01DD90
:10ED0000C0F57A70604390FBFBF002B200E055E082
:10ED10000AEB060006B2B81807B200210298FEF707
:10ED200053FE50B1012827D0801E082824D2DFE8E6
:10ED300000F00B13202B3318383B00210098FEF70E
:10ED400052FE012808D017E009EBD971491008EBF1
:10ED5000D870A1EB600001E0A9EB0800304406B2D6
:10ED60000AE005EBD570401004EBD471A0EB610014
:10ED700000E0281B384407B23A463146029803B0F7
:10ED8000BDE8F04FFFF7B3BD09EBD971491008EBAF
:10ED9000D870A1EB600001E0A9EB0800304406B296
:10EDA000E7E7A9EB080006E009EBD971491008EB89
:10EDB000D870A1EB6000304406B2D2E7BDE8FE8F08
:10EDC0002DE9F04F0446408C87B0010501D5400580
:10EDD0007ED42046FEF75EF95FEA000878D0204630
:10EDE000FEF7BEF90190608C002600054FF4FA6B27
:10EDF00042F2D17A03D52046FFF7B4F95DE0002155
:10EE00002046FFF7D2F80546504501D1012600E023
:10EE10000026C5F34130012805D125F4C0405845EE
:10EE200001DC012000E0002081464046FEF79DF80D
:10EE3000074626B12046EBF799FD05462BE0B9F1D0
:10EE4000000F28D0B8F82200000518D40021404651
:10EE5000FFF7ABF8504512D100212046FEF708FE1F
:10EE6000054600212046FEF7FFFE00EB05090021C4
:10EE70002046FEF735FF411901EB09000AE025F4B1
:10EE8000C040B0F57A7F01DDC0F57A707843642127
:10EE900090FBF1F005B2204600210222FEF7AAFF06
:10EEA0000FFA80F9204600210322FEF7A3FF02B2E9
:10EEB0003B4649462846F6F7AEFF07462046FEF792
:10EEC0001BFA0090608C4FF00009400505D500E06A
:10EED0006BE02046FEF79DF853E000212046FEF748
:10EEE000FDFDA0F51C510546D13906D00020814614
:10EEF000C5F34130012802D007E00120F7E725F4EF
:10EF0000C040584501DC012000E000208346404617
:10EF1000FEF711F88246B9F1000F04D02046EBF756
:10EF2000B3FC05461BE0BBF1000F18D0B8F8220077
:10EF3000400507D400214046FEF7D0FDA0F51C5146
:10EF4000D13936D025F4C040B0F57A7F01DDC0F567
:10EF50007A7000FB0AF0642190FBF1F005B22046C4
:10EF600000210522FEF746FF0FFA80FB2046002114
:10EF70000622FEF73FFF02B2534659462846F6F7EF
:10EF800015FF054656EA090605D0DDE900210023F4
:10EF9000204600F022FB2046FFF7E4F8B8421BD1E0
:10EFA0002046FEF736F8A84216D1002007B0BDE88B
:10EFB000F08F00212046FEF75BFD0546002120462C
:10EFC000FEF7D6FE00EB050B00212046FEF7FEFD06
:10EFD000411901EB0B00C1E72046FFF7AFFB02A987
:10EFE0002046FDF7DCFF04A94046FDF776FF00222E
:10EFF00004A902A8E9F78BFA060002D1404600F006
:10F0000043FBE08A6D1E2844608300212046FEF702
:10F01000EAFC01281CD0A08A7F1E3844208302AA63
:10F0200029212046FAF7CEFA224622214046FAF755
:10F03000C9FA2046FFF782FB608C002240F00200F4
:10F04000608404A904F11400E9F761FA36B904E018
:10F05000208BC01B401CA082E1E710B1404600F0AD
:10F0600013FB204600F002F801209FE738B5044664
:10F07000E9F760FF05460020ADF800006A4613215D
:10F080002046FAF79FFABDF90000A84202D02046B8
:10F09000FFF754FBA06818B1BDF80010C18209E069
:10F0A000BDF8000030B12046FDF71CF9A168BDF89D
:10F0B0000000C882BDF90000A84202D02046FFF738
:10F0C0003DFB38BD70B505460021FEF76EFF0446D6
:10F0D00000212846FEF702FD42F2D1718C4203D096
:10F0E000884201D0002070BD2846FFF7B8FB012000
:10F0F00070BD00002DE9F84F0446514890460D467A
:10F100000078002870D02046FFF718FB05F47F0533
:10F110000421404601F0A0FE06460221404601F0CF
:10F120009BFE81460121404601F096FE0090102191
:10F13000404601F091FE07464FF6FF7BEEB1B5F574
:10F14000702F12D08DB1204600210422FEF752FE0E
:10F1500000B242F2D17A504507D020460021012268
:10F16000FEF748FE00B250454DD100222A2120462C
:10F17000FAF728FA2046FFF772FB4FF4702A55453C
:10F1800000D085BBD84500D02EB12046FDF782FFC8
:10F1900008B1FFF764FB554500D025BB1FB32046DF
:10F1A00000216E22FEF726FE00B240B92046002163
:10F1B0006D22FEF71FFE00B2B0F5807F01D002275E
:10F1C00014E0204600216122FEF714FEC0B2FF28A1
:10F1D00007D1204600216822FEF70CFE10F0FF0F39
:10F1E00003D0012702E00EE028E00027A06820B14C
:10F1F000817E67F38711817605E027B12046FDF710
:10F2000071F8A068F4E75F46B84502D0B9F1000F85
:10F2100002D02046FFF72AFF2046FFF78FFAB845B5
:10F2200004D0009949EA0600084207D0B5F5803FAE
:10F2300004D02046BDE8F84F04F0ACBFBDE8F88F1D
:10F24000980200202DE9F04104460E46408C002132
:10F2500015460423C0F305100BE000BFE26803EB82
:10F26000C107D259D70103D522F07F42AA4202D06A
:10F27000491C8842F2D8884202D10020BDE8F081C2
:10F28000E06850F83100314601F020FE28B13246E6
:10F2900029462046FFF72EFF01E00028EED001208E
:10F2A000ECE72DE9F05F4FF6FF7A0F0005461FFAF5
:10F2B00082F802F47F09564602D0F87900B9002698
:10F2C0000024214659E0EA68042000EBC40B96466E
:10F2D00052F80B00C0F307424FEA024C524683B289
:10F2E000904501D0434509D1B9F5702F01D0CC45E7
:10F2F00004D12FB15EF83430BB4201D0641C3CE035
:10F30000800104D500234946284608F03DFBE86803
:10F3100050F80B10CA0101D489010CD550F8340003
:10F3200001F033FEE86850F83400FCF709FCE968A6
:10F33000002041F83400204608220AE0E96802EB88
:10F34000C00C01EBC0036144401CD1E900C1C3E91A
:10F3500000C1698CC1F30511491E8142EED8688C49
:10F360000109491E61F309106884C0F30510C1004A
:10F37000E868FCF709FC0121E860688CC0F305101F
:10F38000A042A0D8002908D0002E06D03246494617
:10F390002846BDE8F05FFFF7ADBEBDE8F09F000076
:10F3A00070B506460B480078002812D000200CE00B
:10F3B000002506E0E06850F82510304604F0C7FF4D
:10F3C0006D1C606AA842F5D82046F7F7B1F8040032
:10F3D000EED170BD980200202DE9F0411646074697
:10F3E00092B00D4651EA06007AD0012B1DD03E495D
:10F3F0003846F4F7ADFE3D493846F4F7A9FE002241
:10F4000009213846FAF7DEF8012869D13246294643
:10F410003846E9F79BFD012862D112B03846BDE8B5
:10F42000F04100220A21FAF7CDB83846FDF7BEFDBB
:10F4300080466846F4F7D4FE2D484FF4C874009710
:10F4400003902DB34046F7F74DF840102A460021AF
:10F45000F4F717FFC82801D2C82002E0A04200D963
:10F4600020460B903846FDF74EFF4142281A08917E
:10F47000CDE909101D4801901E4807906A460921F0
:10F480003846FAF79FF801282AD16846F4F706FFB4
:10F49000002E25D04046F7F76BF840103246002189
:10F4A000F4F7EFFEC82801D2C82002E0A04200D93C
:10F4B00020460B903846FDF72DFF4142301A089147
:10F4C000CDE90910084801900A4807906A460921C9
:10F4D0003846FAF777F8012802D16846F4F7DEFEDD
:10F4E00012B0BDE8F0810000354802081D4802084E
:10F4F00007450208154201082DE9F04715468246E6
:10F5000099460C4651EA050065D0504600F0E0FBF4
:10F510005046FDF7F8FE40420FFA80F808EB040071
:10F5200004B200215046FEF764FA012813D0002CE3
:10F5300013DC25DA5046FDF713FE06465046FDF76C
:10F540006FFE304400B2002800DA002040428442BE
:10F5500016DA04B214E0002C02DA4FF000040FE0D7
:10F560000EDD5046FDF7FCFD06465046FDF758FE01
:10F57000304400B2002800DA0020844200DD044656
:10F580005046FDF7C7FE404206B2701905B2002D85
:10F5900002DD4FF0000510E00FDA5046FDF7ACFE3B
:10F5A00007465046FDF782FD384400B2002800DAD5
:10F5B00000204042854200DA05B2A4EB080001B207
:10F5C000A81B02B251EA020005D04B465046BDE8E6
:10F5D000F047FFF701BFBDE8F08770B516461D463E
:10F5E00004461A4600F024F82A4631462046BDE873
:10F5F000704000F033B8F8B50E46044600F068FBE2
:10F60000002000902046FDF745FD054604F1140753
:10F610000AE033466A462146384604F081FF2C460C
:10F620002046FDF737FD0546002DF2D1F8BD00005C
:10F6300070B50D46144606460749F4F789FD304675
:10F64000FDF761FE401B01B223463046BDE8704025
:10F650000022FFF751BF00001D48020870B50D469B
:10F66000144606460749F4F773FD3046FDF752FE8F
:10F67000401B02B223463046BDE870400021FFF730
:10F680003BBF0000354802081FB5044602AA694680
:10F69000FDF747FE6846F5F702FB20B902A8F5F72B
:10F6A000FEFA002810D06846F5F7F9FA18B1694655
:10F6B0002046FFF766F802A8F5F7F1FA002803D014
:10F6C00002A92046FFF75DF81FBD70B50D46044640
:10F6D000FCF708FEA068858270BD38B50C4605466B
:10F6E00000236A460421FDF7B5FC012807D0002855
:10F6F00004D100222146284600F0C6F938BD009802
:10F70000A042F6D138BD2DE9F0410C4615461F4602
:10F7100006461946F3F7B4F92A46214601F0ECFCF7
:10F72000224639463046BDE8F041FFF7E3BC70B5EC
:10F73000064640680C46002863D0002C61D0304655
:10F74000FEF7FCFF2046FCF7CDFD30467568FDF75F
:10F7500066FC0146042207E0A86802EB810300680A
:10F76000C35840F82130491C2846FDF7B1FB801EE4
:10F770008842F1DAA9684868401E4860A96805D047
:10F78000820008681146FCF7FFF903E00868FCF7FF
:10F79000D7F90020A9680860A1684868401C486043
:10F7A000A26881001068FCF7EFF9A16808602046A4
:10F7B000FDF78EFB6FF0030101EB8000A168096883
:10F7C0000E5028467460FFF75FFF3246222128461C
:10F7D000F9F7F8FE002224212846F9F7F3FE324615
:10F7E00022212046F9F7EEFE002223212046F9F7D8
:10F7F000E9FE3046FFF733F83046BDE87040FEF7CB
:10F800009DBF70BD70B51546044600F001FA29464B
:10F810002046BDE8704000F011BA70B50C460546B0
:10F82000FCF760FDA868017E01F00302A24207D048
:10F8300064F3010101762846BDE87040FEF77EBF03
:10F8400070BD70B51546044600F0CCF92946204637
:10F85000BDE87040FFF741BF2DE9F34F8FB08146FF
:10F86000008C109988427DD00490A9F82010484659
:10F87000109A0499E9F74CFC5FEA000872D04FF443
:10F8800020742046FCF7FEF821460390FCF766FA48
:10F890000024204672E000BFD9F80C00042200EBDF
:10F8A000CA0102EBCA050A91405920F07F4000F0DE
:10F8B000DEF90590D9F80C00405920F07F4000F0A7
:10F8C000D3F9069010990598884355D10A98406855
:10F8D000800151D40A980BAA6721006801F0A8F9A9
:10F8E000012849D100270B9D40E000261EE000BF03
:10F8F000039806EB860100EB81010E91D1F804B06C
:10F90000584600F0B4F90890584600F0ADF929685F
:10F9100031F817200E9909898A4206D10699884242
:10F9200003D105990898884202D2761CA642DFD3FB
:10F93000A6421AD1039A04EB8400A98922F8201068
:10F94000039A298A02EB80004180A968C160296876
:10F9500031F817100181696801610A99496821F03D
:10F960007F4100E04DE0641C41607F1C286830F856
:10F97000170008B1202CB8D30AF101008246B9F86B
:10F980002200C0F30511514501D9202C84D3002554
:10F9900010E000BF039805EB850100EB810670685D
:10F9A00000F062F9014600964846109B049AE9F778
:10F9B00011FB6D1CA542EDD30398FCF7AFF8B8F12D
:10F9C000010F0ED0B8F1030F11D0B8F1020F18D10A
:10F9D0004846FEF7B3FE11B04846BDE8F04FFFF7CA
:10F9E00045BB11B04846BDE8F04FFEF7A7BE11B0C9
:10F9F0004846BDE8F04F4FF6FF724FF47021FFF715
:10FA000079BB11B0BDE8F08F13460A460921FFF714
:10FA10007ABE07B481B01346BDF80810ADF80010E7
:10FA2000009A202104B0FFF76EBE13460A46232138
:10FA3000FFF769BE13460A462921FFF764BE134645
:10FA40000A462B21FFF75FBE13460A462121FFF726
:10FA50005ABE07B481B01346BDF80810ADF80010C7
:10FA6000009A302104B0FFF74EBE13460A463121FA
:10FA7000FFF749BE13460A463321FFF744BE13463B
:10FA80000A463221FFF73FBE13460A460421FFF71C
:10FA90003ABE07B481B01346BDF80810ADF80010A7
:10FAA000009A4D2104B0FFF72EBE13460A464E21A0
:10FAB000FFF729BE13460A464C21FFF724BE134622
:10FAC0000A464921FFF71FBE13460A466021FFF789
:10FAD0001ABE70B514460D46064600F016F82246CA
:10FAE0002946304600F016F822462946304600F0F6
:10FAF00016F8224629463046BDE87040AFF3008034
:10FB000013460A461121FFF7FEBD13460A4612218D
:10FB1000FFF7F9BD13460A461321FFF7F4BD13465C
:10FB20000A461021FFF7EFBD13460A460B21FFF7E7
:10FB3000EABD07B481B01346BDF80810ADF8001057
:10FB4000009A442104B0FFF7DEBD13460A46412166
:10FB5000FFF7D9BD13460A464221FFF7D4BD13462D
:10FB60000A464521FFF7CFBD13460A464321FFF75A
:10FB7000CABD13460A464021FFF7C5BD13460A46D3
:10FB80005B21FFF7C0BD07B481B01346BDF8081074
:10FB9000ADF80010009A552104B0FFF7B4BD13462C
:10FBA0000A465721FFF7AFBD13460A465821FFF713
:10FBB000AABD13460A465921FFF7A5BD13460A46BA
:10FBC0005621FFF7A0BD13460A460121FFF79BBD52
:10FBD00013460A460721FFF796BD13460A46082139
:10FBE000FFF791BD38B50C46054600236A46012152
:10FBF000FDF730FA012807D0002804D10022214661
:10FC00002846FFF7E0FF38BD0098A042F6D138BD86
:10FC100038B50C46054600236A460721FDF71AFA57
:10FC2000012807D0002804D1002221462846FFF7EA
:10FC3000CFFF38BD0098A042F6D138BD38B50C468C
:10FC4000054600236A460821FDF704FA012807D07B
:10FC5000002804D1002221462846FFF7BEFF38BD08
:10FC60000098A042F6D138BD00F47F00704780B202
:10FC700070472DE9F0411E4615468846070025D0FD
:10FC8000E9F75EF9022813D000249EB13DB1384651
:10FC9000FDF700FA33462A464146FFF7EAFF002CFB
:10FCA00014D0324641463846BDE8F04107F0C0BEA8
:10FCB0000124EAE724B132464146384607F0B8FE4F
:10FCC000002D03D03846FDF7E5F9D7E7BDE8F08110
:10FCD00070B50B4D2978002911D101212970FDF74C
:10FCE000DDF9044606E000BF20F0040060842046F1
:10FCF000F4F71CF8608C4107F6D40020287070BD22
:10FD00009002002008B5132802D209B1042905D9B0
:10FD1000F6F7CAF80090BDF8000008BD044A491E75
:10FD2000C9B202EBC00000EB4100008808BD000032
:10FD3000745C040808B5132802D209B1052905D955
:10FD4000F6F7B2F80090BDF8000008BD054A491E5C
:10FD500000EB8000C9B202EB400000EB41000088DC
:10FD600008BD0000B65B040808B5132805D3F6F7F4
:10FD70009BF80090BDF8000008BD024901EB40006F
:10FD8000008808BD905B0408002801DAC0F57A708D
:10FD900040F4005000B270472DE9FE4F17460C00AA
:10FDA00005461E4602D1B7F5807F73D0288831887A
:10FDB000401A01B2298068887288801A00B268806F
:10FDC000002C69D0DFF80CB1DBF80000A04244D071
:10FDD0002046B4F5616F01DDA4F56160002801DA09
:10FDE00000F561600A2190FBF1F8C8F1000101EB18
:10FDF000810100EB410908F1010A0FFA88F002F0D5
:10FE00003BFA02900FFA8AF002F036FA08F15A0132
:10FE1000019008B202F030FA0AF15A01009008B2DB
:10FE200002F02AFA03460298C9F10A0808FB00F119
:10FE30000198009A00FB09110A2091FBF0FC08FBD5
:10FE400002F103FB09120A2192FBF1F14FEA6C1255
:10FE50004911CBE90121CBF80040B5F90010B5F903
:10FE60000200B7F5807F21D0DBF80820DBF80430F2
:10FE700002FB01F403FB1044B6F800C07C434B4383
:10FE80000CEBA4442C8002FB00307188784301EB1A
:10FE9000A0406880BDE8FE8F3288794302EB2121C3
:10FEA00029805988784301EB2020F2E7DBF80830FD
:10FEB000DBF8042003FB01F402FB104437884A43BB
:10FEC00007EBA4242C8003FB0020718801EBA02009
:10FED000DFE700003403002010B5B0F90420B0F9CA
:10FEE00000304088D21A02EBD27252100C881344B0
:10FEF00049881044E31A081A12FB02F113FB03F2BB
:10FF000010FB0020884201D8012010BD002010BD48
:10FF100010B5E5F7B5FF0D4A4FF4C853A2F54851A7
:10FF2000A1F11C00F6F7D1F90948F6F7DDF9084808
:10FF30004FF4A0710180F0214180064941610649DA
:10FF4000C160BDE81040F6F7F9B9000048C00020D4
:10FF500048F2002035B900082C8E00202DE9FC4124
:10FF60000E46002507462A461431E8F7D0FA002845
:10FF700026D001213046FEF722F900BB3046E8F7D3
:10FF8000DFFFE0B900208DF800006A4612213046FC
:10FF90000197F9F717FB9DF8000002280FD03046B3
:10FFA000FCF796FF401E04000ED4B068006850F8BD
:10FFB00024103846FFF7D2FF050009D102E00020E7
:10FFC000BDE8FC81641EF0D59DF8000000B93546FF
:10FFD0002846F5E72DE9FC410025DFF8B4804FE025
:10FFE000294491F83011E9BB002441E0011991F84E
:10FFF0003011C1BBA5423AD000EBC40100EBC500F3
:020000040802F0
:1000000030303031E8F7D7FA68B37068B04600EBAB
:10001000C40200EBC501684630313032E8F7CAFB54
:100020006846F4F73CFE0646D8F8040000EBC5002D
:100030003030F4F734FE0746D8F8040000EBC40073
:100040003030F4F72CFE3844864210D2D8F8040041
:10005000464600EBC50069463030F4F7BDFD01208F
:10006000716801E00BE002E0214481F83001641C7A
:10007000D8F804004646B0F85011A142B6D86D1C1D
:10008000D8F80410B1F85021AA42A9D8BDE8FC81E3
:100090009C02002010B50446F4F7F0F834B1606813
:1000A00000280ED0BDE81040E8F7A6BB002004E011
:1000B000606808B1E8F7A0FB2046F6F739FA0400BB
:1000C000F6D110BD10B591F82A000C4620F00100C1
:1000D00081F82A0000208884C884088510212046E1
:1000E000FCF7CAFA4FF400712046FCF7C5FA214626
:1000F0000548FCF713FAFCF785FA2046BDE81040E6
:10010000002202A100F00AB9385F04084F70746938
:100110006F6E20310A4F7074696F6E20320A4F7013
:1001200074696F6E20330A4F7074696F6E20340AE1
:100130004F7074696F6E203500000000F8B50E46F0
:100140005648FCF79DFE01282ED13046F9F7FAF902
:1001500005463046F9F734FA04462C2D1CD02A2DDA
:1001600023D0292D2DD0012D2DD0022D37D0082DB3
:1001700050D0032D4ED00E2D50D00F2D5DD00D2D13
:1001800066D0132D7CD0152D01D0182D0CD1304602
:10019000BDE8F840EEF741BC3046F9F70FFA0546E6
:1001A0002046F2F711FF2880F8BDF2F766FC18B17F
:1001B00000222A21F9F706FA2046FEF783FF0021E4
:1001C00041E0002140E0A06A20F400312046A16215
:1001D000F2F753FCBDE8F8403149F3F7B9BFFAF73D
:1001E000D9FA6946FAF71CFBBDF802000028DBD0FB
:1001F0002046F2F742FC0546FDF7BAFFBDF80210B3
:10020000084401B22846FFF719FDA06A40F4003007
:10021000A062F8BDBDE8F84003F0DCBFFCF7F4FED7
:10022000F9F708FE0546FAF7B5FAFAF7F4FA0428E2
:1002300000D115B1E08C2085F8BDE18C208D814284
:10024000FAD0E08401212046BDE8F84003F028BE42
:100250003046F9F7B3F90078132812D0122810D0DD
:10026000142801D01128E7D1E08C0028E4D0258D96
:10027000401E81B20122204600F0BBF82585F8BD62
:1002800006E0E08CA18C401C8842F8D2258DF0E776
:10029000F2F7F3FBBDE8F840FEF7E8BE1C5F040888
:1002A000A149020870B50E460846F9F74BF9044615
:1002B000152805D031461848FCF7E2FD012823D166
:1002C0003046F9F77DF90546132C08D0292C1CD0AF
:1002D000152C19D13046BDE87040EDF745BA3046CF
:1002E000F9F76CF904462846FCF7D4FEF2F76CFEE9
:1002F00006462846FDF736FF0246B4F90000B11A5B
:10030000884200DC0846208070BDFCF7C3FEBDE8D3
:100310007040002103F0C4BD385F04082DE9F84F98
:1003200015465FEA010904460DD02046F2F7A5FB09
:100330004FF0000B0090A4F826B0A4F828B0A4F861
:1003400024B0584606E0FEE70A2902D1A18C491CD8
:10035000A184401C19F800100029F5D1A08C401C84
:10036000A08494F82A00DDB340F0010184F82A103B
:100370004846E0F757FA471CC7EBC7008246FBF731
:1003800081FB06460025A0F1010800BF07FB0560C0
:100390004946E0F723FA6D1C07FB05F10A20EDB290
:1003A00001F80800072DF1D30AEB060101F801BCA2
:1003B00031460098FBF79CF93046FBF7AFFBA08C69
:1003C00000EB4001E184C0EBC000A0842046F2F7BE
:1003D000FBFFE08C20850098BDE8F84FFEF746BE95
:1003E00020F0010084F82A0049460098FBF780F9C4
:1003F000EFE7F0B490F82A30DC07838C1ED0072496
:10040000B3FBF4F4C58CA142B5FBF4F716D207FB9D
:100410001455AEB20FFA86FCACEB0105002D01DCE1
:10042000A1EB0C05B5EB540F05D90D468E4201D951
:10043000291900E0291B04FB071189B28B4200D85F
:10044000591EC1840185F0BC114603F029BD10B5C9
:10045000F6F730F8BDE81040F6F774B82DE9F0472C
:10046000A6B09946154688460646DDF8B8A0FCF7C2
:100470009DFD0446FFF7EBFF0746B04275D0A0692B
:10048000B04272D0B8B10021F3F762FE00221146EB
:10049000A069FFF7B7F900226021A069FEF7D2FE3C
:1004A00094F82800800702D53846FCF781F9A06946
:1004B000074603F0FEFFA661606938B194F8281082
:1004C000890703D5FCF774F9002060614046B8F154
:1004D0000A0F55D00B2853D00C2851D00D284FD0DF
:1004E000B8F10E0F4CD0002194F8280061F3000001
:1004F0006AF3410084F8280000213046F3F728FE13
:10050000FFF7A5FF0021F3F723FE00221146304636
:10051000FFF778F9FFF79BFF00221146FFF772F90A
:10052000002260213046FEF78DFEFFF790FF00228B
:100530006021FEF787FE55EA090023D014A8F3F7DF
:100540004FFE56481690564814961790C9F100066B
:10055000CDE91F5603A8F3F743FE2069CDE90E56F7
:100560000390B8F10F0F26D200E014E0DFE808F0A6
:10057000161A242A3037475B6C7D8240516476001E
:100580000121B1E7304603F094FFBAF1000F02D029
:100590003846FCF70DF926B0BDE8F08741481590C4
:1005A000002004E03F4815902046F5F79BFF00210E
:1005B0001C90CDE91D0164E03A4815902046F5F7FE
:1005C00091FF0AE0384815902046F5F7D1FFEEE795
:1005D000354815902046F5F7CBFF4042E7E7314814
:1005E00015902046F5F77EFF00211C90CDE91D01F6
:1005F0002C48049000252046F5F774FF22E0294896
:1006000015902046F5F76EFF404200211C90CDE981
:100610001D012448049000252046F5F763FFCDE92D
:100620000C500B952DE0204815902046F5F7A0FFC3
:1006300000211C90CDE91D011B4804900025204697
:10064000F5F796FF4042EAE7174815902046F5F780
:100650008FFF404200211C90CDE91D0112480490FB
:1006600000252046F5F784FFD9E7104815900020B3
:10067000FF219DE70D480490FF2000210B90CDE95C
:100680000C01002225213846F8F79CFF14A8F3F747
:1006900005FE03A8F3F702FE7DE700008F44020881
:1006A00039440208954902089B490208E72E0208CE
:1006B00070B50020086791F874000C4620F0030024
:1006C00081F874004FF440712046FBF7D5FF1021EC
:1006D0002046FBF7D1FF0020F5F7F2FE502505EB91
:1006E000C000B0F5A07F08DB0020F5F7E9FE05EBC0
:1006F000C000A02190FBF1F000E0012001B22046F3
:10070000BDE87040FEF7E1BF2DE9F34F83B0FE482E
:100710000499FCF7B5FB012852D10498F8F712FFB1
:1007200005460498F8F74CFF044600F065FA0646C3
:10073000112D17D0012D46D0022D78D0082D77D05D
:10074000032DFCD00E2D74D0292D73D0132D72D013
:100750000D2D71D0152D33D1049805B0BDE8F04FA3
:10076000ECF740BF0498F8F729FF0546A06810B1E0
:10077000B0F9147000E0002704F168016846F4F74E
:1007800058FA3A4611466846F4F7B5FA0022684628
:100790002968E7F77CFF2871002811D1022E0FD1BC
:1007A00004F160016846F4F744FA3A461146684697
:1007B000F4F7A1FA002268462968E7F768FF287174
:1007C00005B0BDE8F08F2046FDF7B8FF94F874003F
:1007D00040F0010184F874109EB1012E11D0022E58
:1007E000EED1F9F7D7FF6946F9F7EAFF2046FDF7A2
:1007F000B9FC05462046FCF70CFC854204DB0125CC
:1008000003E004F1240042E0002500212046FDF72A
:1008100002F9DDB30128BDF900000ED0B4F96C1067
:100820008842EEDCB4F9601088423EDB0DE069E0FE
:10083000F2E024E131E136E1A6E1B4F96810884242
:10084000DFDBB4F9641088422FDCB4F96400B4F93A
:100850006010401A00EBD07001EB6002BDF900108F
:10086000501A002800DC881A02B2B4F96C30B4F9CE
:1008700068001B1A03EBD37300EB6303581A0028BC
:1008800000DCC81A00B290422CDB33E003E02067A2
:1008900096E7207194E7BDF90200B4F96A309842F6
:1008A000AFDBB4F96620904202DD04F13000EEE7E0
:1008B000B4F96210521A02EBD27201EB6202111A01
:1008C000002900DC811A0DB2B4F96E10C91A01EBCF
:1008D000D17103EB6102111A002900DC811A08B200
:1008E000A84207DA04F1240044F8700F207920F0C0
:1008F0000200CEE704F1300044F8700F207940F098
:100900000200C6E7206F0028C2D0F9F743FF054672
:10091000F9F781FF0128BBD169462846F9F750FF56
:10092000D4E90A010F1A2046F2F738FF00284FF0E9
:100930000001204634D0FDF7BBF980460021204657
:10094000FDF7F2F906462046FDF70CFCA0EB080087
:10095000801B05B200212046FDF75DF8012818D064
:10096000B4F91420BDF9001002EB0800081A78430E
:1009700005EBD57100EB610090FBF5F0A16A256FE6
:100980000844D4E90A2104F130039D4224D1616A6C
:1009900023E0B4F91800BDF90010801B401AE6E707
:1009A000FDF710FA064600212046FDF733F905460B
:1009B0002046FCF72EFB401BB4F91A10801BBDF932
:1009C00002202944511A00B2794300EBD072C1EBE6
:1009D000620191FBF0F0D1E7226B884201DA064612
:1009E00000E00E46964201DA114602E0884200DA43
:1009F00001462868884287D09D424FF00102204678
:100A000002D1F4F7C5FA01E0F4F7E7FA00221C215D
:100A10002046F8F7D7FDD3E694F8740020F00101E2
:100A200084F87410002120462167FDF787FE2046D8
:100A3000FCF7EAFA0646F9F7FDF90546F9F7AAFECA
:100A4000F9F7E9FE0428E6D1002DE4D0204600F0B5
:100A5000D3F802280CD194F87400810704D440F034
:100A6000020084F87400ABE620F0020084F8740001
:100A700005B03046BDE8F04F0021F9F749BAF9F763
:100A800089FEF9F7C8FE042801D00228C3D114F862
:100A9000740F20F00200207092E605B02046BDE8F9
:100AA000F04FFEF7E3BA4FF4403739462046FDF7E2
:100AB000FFF8814639462046FDF736F9804639462B
:100AC0002046FDF77FF9064639462046FDF7A2F895
:100AD00005466D2239462046FDF78CF900B200909C
:100AE00039462046FDF75BFA834639462046FDF736
:100AF0004AFA82462046FDF735FB00EB4B072046BD
:100B0000FCF787FA02E00000545F040800EB4A009B
:100B10008742204604DAFDF725FB00EB4B0003E09B
:100B2000FCF777FA00EB4A000099401010FB01F047
:100B300040F30F2049464246C14500DC1146B5420C
:100B400001DD2A4600E03246914207DD4946424631
:100B5000C14501DD0D4604E0154602E0B54200DC6A
:100B6000354605444FF440312046AD1CFBF752FC9E
:100B7000284404B20498F8F721FDB0F90010A1420E
:100B800000DD0C4604801BE60498F8F717FD00789A
:100B9000132813D0112811D0142801D01228F2D113
:100BA00094F874008007204617D4F4F7E3F9012283
:100BB000401E01462046F4F710FA15E094F8740040
:100BC0008007204604D4F4F7D5F90122401CF0E751
:100BD000F4F7C1F90122411C03E0F4F7BCF9411E0E
:100BE00001222046F4F7D4F905B02046BDE8F04FC5
:100BF00000221C21F8F7E6BC10B5F4F7A7F901288C
:100C000002D0022800D0002010BD00000FB40A4618
:100C100008B505A9009101460348049BE8F712FEB8
:100C200001B05DF814FB00003998000800F052B8DC
:100C300070B514468288C379A2F57F45FF3D07D081
:100C40007BB3012B35D90668002206EB83052DE026
:100C5000002213E0056805EBC2052E8826F4404605
:100C60008E420AD12888010429D4400401D5304697
:100C700014E068682060012070BD521C9342E9D8DE
:100C800025E000BF35F8120020F4404088420CD126
:100C900035F812100B0412D4490403D500F074F88F
:100CA000E8E714E006EB82000FE0521C9342E9D81B
:100CB0000DE022F440438B4209D1110401D50220FA
:100CC00070BD510401D51846E8E70068D2E700205E
:100CD00070BD000070B514468288C379A2F57F45C7
:100CE000FF3D07D07BB3012B35D90668002206EB08
:100CF00083052DE0002213E0056805EBC2052E8870
:100D000026F440468E420AD12888010429D44004A2
:100D100001D5304614E068682060012070BD521C87
:100D20009342E9D825E000BF35F8120020F4404096
:100D300088420CD135F812100B0412D4490403D5A3
:100D400000F022F8E8E714E006EB82000FE0521C06
:100D50009342E9D80DE022F440438B4209D11104BB
:100D600001D5022070BD510401D51846E8E700689E
:100D7000D2E7002070BD0821FAF7F0BFC07908B1B2
:100D800000207047012070471CB50022FF21452834
:100D900055D01EDC302844D00EDC222841D006DCA1
:100DA000032853D0062851D0202830D135E02528FB
:100DB00045D029282BD142E0362832D004DC312816
:100DC0003DD0332823D13CE0372838D044281ED1E9
:100DD00027E0552825D00EDC4E2830D006DC4628EA
:100DE0002DD047281DD04D2811D11AE0522818D0F7
:100DF00053280CD123E0602821D004DC56281ED0D3
:100E0000572804D120E0612819D06D2802D0009223
:100E100000981CBD4FF4807014E0FF22114610466C
:100E200002E0002211461046F5F738F90190BDF8AE
:100E300004000190BDF80400ADF80000E8E700915F
:100E4000E6E70F200090E3E70248FBE741F6FF707A
:100E5000F8E7000004FF020810B50C46E8F768FA4E
:100E6000204000D0012010BD2DE9F041154D06466F
:100E7000154C286818B900216160702121802188F3
:100E80004A1C12F4404F02D00020BDE8F081626895
:100E90006F398A420AD21F3131F01F0710D039460C
:100EA000FAF772FE0028F0D0286067602088401CA6
:100EB00080B22080296821B1014401F8716CE4E717
:100EC000FEE7FEE754030020680300202DE9F0410F
:100ED0000F4681880446A1F57F40FF3853D0E07962
:100EE00000284BD0012804D02668002106EB80059D
:100EF00047E021F44040B84245D10020A080E07195
:100F00003BE000BF35F8112022F44042BA4237D10D
:100F1000022811D0401E00EB40004000FAF784FD8B
:100F2000010030D02160E079401EC0B2E07101EBD9
:100F300080030020024619E00120E07121B12888D9
:100F4000A0803068206015E06888A0807068F9E7AC
:100F500035F810C0BC4508D056F820E041F822E032
:100F600035F810C023F812C0521C401C94F807C07A
:100F70008445EDD23046FAF7E3FD0120BDE8F0816B
:100F8000491C8842BED80020F8E710B50446808886
:100F9000A0F57F41FF390BD0E079012802D9206804
:100FA000FAF7CEFD2046BDE810400821FAF7D6BE7C
:100FB00010BD0A46652100F09FB803B482B0BDF8A9
:100FC0000C10ADF80010009A522104B000F094B853
:100FD0000A46512100F090B80A46502100F08CB822
:100FE00003B482B0BDF80C10ADF80010009A2021B7
:100FF00004B000F081B80A46212100F07DB803B4A6
:1010000082B0BDF80C10ADF80010009A302104B089
:1010100000F072B80A46342100F06EB80A46332157
:1010200000F06AB80A46322100F066B80A46172175
:1010300000F062B80A46622100F05EB80A466321F9
:1010400000F05AB80A46042100F056B803B482B042
:10105000BDF80C10ADF80010009A4D2104B000F05E
:101060004BB80A46492100F047B80A46062100F06D
:1010700043B803B482B0BDF80C10ADF80010009A6C
:10108000362104B000F038B80A46372100F034B8F1
:101090000A46382100F030B80A46352100F02CB855
:1010A00070B50C46054600F016F82146284600F0BB
:1010B00016F82146284600F01AF821462846BDE8D1
:1010C0007040AFF300800A46112100F015B80A46BF
:1010D000152100F011B80A46122100F00DB80A4699
:1010E000132100F009B80A46142100F005B80A4699
:1010F000102100F001B80000014B00F007B800001B
:101100000511020810801960704700002DE9F047B2
:10111000044680888946A0F57F411D46FF3969D085
:10112000E17929F4404617464FF00108012937D9E3
:101130002268084602EB81030CE000BF33F810C0C0
:101140002CF4404CB44505D102EB800103EB400286
:101150000B462CE0401EF1D5491C01EB410041003B
:101160001046FAF711FD010044D02160E07901EB4F
:10117000800205E002EB400C32F81030ACF804308D
:10118000401EF7D5E079401CC0B201EB800303EBB1
:101190004002191FE0710B4639464846921E20E076
:1011A0002AD120F44040B04207D12346221D3946BF
:1011B0004846AC46BDE8F04760470C20FAF734FCDF
:1011C000002817D021682060E279521CD2B2E27167
:1011D00000EB8202A38822F8023B031D016039461E
:1011E0004846A8473046E8F79DF8A17908FA00F28A
:1011F0001143A171BDE8F08784F807802346221DC2
:10120000EDE70A460B21FFF777BF03B482B0BDF8C4
:101210000C10ADF80010009A442104B0FFF76CBF29
:101220000A464221FFF768BF0A464521FFF764BF1F
:101230000A464021FFF760BF70B50C46054600F036
:1012400025F821462846BDE87040FFF7FBBE0A4658
:101250005B21FFF751BF03B482B0BDF80C10ADF8AD
:101260000010009A552104B0FFF746BF0A465921E5
:10127000FFF742BF0A466A21FFF73EBF0A466921CF
:10128000FFF73ABF0A466721FFF736BF0A4601213A
:10129000FFF732BF2DE9F0470F46DDE908891E460A
:1012A000154604461421FAF759FD276005B9044D87
:1012B000C4F80490083484E86001BDE8F0870000B9
:1012C000494201084162FDF739BA00684FF0FF3129
:1012D0004162FDF733BA10B54FF0FF300C4648625B
:1012E00010212046FBF7C8F908212046FAF7DEFD59
:1012F0002046BDE810404FF48061FAF7D7BD08469C
:101300000021F2F725BF00002DE9F0478946354856
:10131000FBF7B6FD01285CD14846F8F713F90446FF
:101320004846F8F74DF98046132C08D01C2C52D0B3
:10133000152C4ED14846BDE8F047EDF737BC4FF4C9
:1013400040352946FCF7BAFC074629464046FCF7DB
:10135000F1FC064629464046FCF73AFD044629467C
:101360004046FCF75DFCB74201DD394600E03146FE
:10137000A04201DD024600E02246914205DDB7426F
:1013800001DD384604E0304602E0A04200DC2046A1
:10139000841C29464046FBF73DF8204405B24846E8
:1013A000F8F70CF90446B0F90000A84200DD054644
:1013B00025804FF4003529464046FBF72BF80146BF
:1013C000B4F90000814203DB29464046FBF722F8CE
:1013D0002080BDE8F08700F007F84046BDE8F04700
:1013E000FDF7ACB9705F0408F0B591B00646002176
:1013F0006522FCF7FFFC07002DD03046FCF7DCFA35
:10140000746A00F00100611C4FF4807501D038B996
:1014100005E008B1002403E02C46002503E0002588
:10142000601B002801DD601B00E0281B7843070AD1
:1014300000213046F2F78CFE6846F2F7D1FE0748ED
:101440000894CDE900600648039009A9684681E840
:10145000B000F2F723FF11B0F0BD0000C512020882
:10146000CB12020810B501208884C8840C460220E3
:10147000FAF7DAFA2063E08C4000FAF7D5FAE06276
:10148000216B82200880E16A0880E08CA18C4843AF
:101490008100A06AFAF778FB0021A062016010BD0C
:1014A00070B500250C462E4615E000BF50F825000B
:1014B00078B1406828B1FAF743FBA06A50F82500DC
:1014C0004660A06A50F82500FAF73AFBA06A40F897
:1014D00025606D1CADB2A08CE18C4843A842A06A87
:1014E000E4DC08B1FAF72CFBE06A08B1FAF728FB54
:1014F000206B002803D0BDE87040FAF721BB70BD17
:101500002DE9FC410F466E48FBF7BAFC012843D198
:101510003846F8F717F805463846F8F751F8044604
:101520002A2D14D02C2D17D0012D37D0022D35D0D7
:101530004FF6FF76082D49D00E2D66D00D2D68D0C0
:10154000152D29D13846BDE8FC41EDF7DFBBBDE8DC
:10155000FC41002102F02EBD3846F8F72FF8034673
:1015600000200146A28C05E0256B35F81150491C7E
:10157000284400B28A42F7D800210A46E58C05E0EB
:10158000E66A36F81260521C314409B29542F7D827
:10159000401E1880491E5980BDE8FC8101AA694699
:1015A000F1F71FFB0128F7D1A18EBDF8040081429D
:1015B00004D1E18EBDF800209142EDD0A086BDF8A7
:1015C00000102046E186FDF7B9F8E5E7FDF7B6F82B
:1015D000F9F7E0F8F9F713F9A18EB1420AD0E18EDC
:1015E000B14207D030B900221C212046F7F7EAFFAC
:1015F0000128D1D1F9F7CEF8F9F70DF9012801D07A
:101600000328C9D1A686E686C6E7BDE8FC41FDF7FA
:1016100095B83846F7F7D2FFA18E0568E08E0F46E1
:101620008446B14201D0B04207D10020A086E086B6
:10163000204603F0B9F82046E7E7A38C8B4200DC94
:101640000021E28C824200DC0020142D0ED0132DEC
:101650000ED0112D0ED0122D9ED1401C8B420DDCD0
:10166000511E814208DD0021401C0EE0491EF5E7B5
:10167000491CF3E7401EF1E7591E06E0002904DA91
:1016800010B1591E401E00E00021824201DC501EB4
:1016900002E0002800DA00208F4201D1844594D076
:1016A000A186E0862046FDF749F8204603F07CF845
:1016B00002B02046BDE8F04100221C21F7F782BFAE
:1016C0008C5F04082DE9F343044690F8600083B072
:1016D0000107049803D50A2830D00D282ED0002702
:1016E000CDE90007E94649462046F1F7AFFE01285B
:1016F00024D1DFF8CC80002104A8D8F8002090473E
:101700000646A16B2046254639B100F0A9FA2D49BD
:1017100009688847A96B884210D2686B88B1007845
:1017200078B10297474604E03A6802A99047B04270
:1017300007D0686B0299415C0029F5D105B0BDE87E
:10174000F08394F86000400702D5204601F038FF8E
:10175000A06A38B1606AF9F7E0FB007810B920465A
:10176000FCF7ECFF4A46616C606AF9F7DDFB204646
:1017700000F098F894F86000400715D5E06ADFF7AC
:1017800051F805464846DFF74DF82918491CE06A2C
:10179000FAF7FAF9E0620028D0D04A46616CE7F720
:1017A000ADFE2046E8F78AFD616C2046491C00F03A
:1017B00061FA00221C212046F7F704FFBEE7000073
:1017C000880300209C030020F8B50D00044609D0D2
:1017D00094F86000400702D5204601F0F1FE606BEE
:1017E00018B900E0FEE7A06B98B100202A4E2B4FFD
:1017F000009009E032686946284690473968884772
:1018000001462046FFF75EFF0098285C0028F1D1D2
:10181000F8BD29462046F1F719FE0128F8D1A06A43
:1018200038B1606AF9F779FB007810B92046FCF707
:1018300085FF2A46616C606AF9F776FB204600F066
:1018400031F894F86000400715D5E06ADEF7EAFF4A
:1018500006462846DEF7E6FF3118491CE06AFAF72B
:1018600093F9E0620028D3D02A46616CE7F746FE80
:101870002046E8F723FD0A492846666C0968884730
:101880003118204600F0F6F92046BDE8F840002265
:101890001C21F7F797BE000088030020900300206A
:1018A0009C03002070B50446406AF9F73AFB4FF6F6
:1018B000FF75A84204D1606AF9F731FBA84209D04C
:1018C0002946606AF9F778FF2946606ABDE87040EA
:1018D000F9F76FBF70BD000010B591F860000C46BD
:1018E00020F0040081F860000020C862086340F224
:1018F000DC51A1876063A06394F8541041F00101AA
:1019000084F854100121616494F8541041F00201EC
:1019100084F85410A4F8400094F8601021F00A01F3
:1019200084F860106062A0622046F9F75BF860629C
:101930006420FEF729FA0146606AFEF753F90CA10C
:10194000606AF9F7D5FE00231A460A49606AFAF779
:1019500063FA4FF480612046FAF7A8FA0021204686
:1019600000F088F92046BDE8104004F065BD000095
:1019700000000000EF3B010838B50446416C406AA6
:101980006A46F9F7DFF900212046FCF7F0FA054630
:1019900000212046FCF7C4FA0089BDF802106D1C36
:1019A00008442844ADF80200B4F84000ADF8000047
:1019B000606AFBF72EFBBDF9021088420ADD69461A
:1019C000606AF9F7C1F80146204634F8405F00F03C
:1019D00051F9258038BD416C002902D0491E00F024
:1019E00049B97047416C491C00F044B938B5044608
:1019F000416C406A6A46F9F7A5F900212046FCF7D8
:101A0000B6FA054600212046FCF78AFA0189BDF89E
:101A100002002944401A401CADF80200B4F840000E
:101A2000ADF800006946606AF9F78EF80146B4F82F
:101A30004050204600F01EF9A4F8405038BD000088
:101A400038B50446406C002840D021A069460068A3
:101A500000902046F1F7FAFC012837D1606AF9F7C7
:101A60005CFA616C05460122491EE7F78FFC2946A6
:101A7000606AF9F73DFE2046FFF714FFA06A38B10F
:101A8000606AF9F74AFA007810B92046FCF756FE6A
:101A900094F8600040070FD5616C0122491EE06A8E
:101AA000E7F774FCE06ADEF7BDFE411CE06AFAF776
:101AB0006BF8E062002809D0616C2046491E00F0F6
:101AC000D9F800221C212046F7F77CFD38BD000024
:101AD0007F00000070B5456C0446691C00F0CAF830
:101AE000606CA84204D02046BDE87040FFF7A8BF54
:101AF00070BD70B5C86A0C46002510B1FAF720F821
:101B0000E562206B10B1FAF71BF82563A06A002884
:101B100002D0FAF715F8A56270BD000070B50E4648
:101B20003F48FBF7ADF9012878D13046F7F70AFDB9
:101B300004463046F7F744FD05460E2C12D00D2C16
:101B400014D0012C60D0022C5ED0032C5CD0082C69
:101B50005AD0152C5DD0182C60D13046BDE87040AD
:101B6000EAF7FCBFBDE8704004F066BC3046F7F70A
:101B700025FD0168132910D0142913D0112916D07E
:101B8000122919D008291CD07F291FD0022922D060
:101B9000032922D00A2927D031E02846BDE8704029
:101BA000FFF720BF2846BDE87040FFF714BF284666
:101BB000BDE87040FFF71ABF2846BDE87040FFF748
:101BC000DBBE2846BDE87040FFF73ABF2846BDE8B7
:101BD0007040FFF77FBF002101E047F6FF71284604
:101BE000BDE8704000F046B8284600F01BF830B160
:101BF0002846BDE8704000221F21F7F7E3BC2846C5
:101C0000BDE87040FFF75EBD3046BDE8704005F0AE
:101C1000D5BF3046BDE87040EDF730BB70BD000069
:101C2000A85F040890F86000C0F3C000704700008F
:101C30001FB5016B11B1084604B010BD0021FCF7BF
:101C40006FF9002342F222026946F7F728FD08B136
:101C500001A0F1E701A0EFE7E280A2002A00000066
:101C600090F86010490702D4406AF9F756B9C06A83
:101C700070470000F8B50546406C0C46A04267D09E
:101C8000686AF9F74AF9334909688847002C00DA8D
:101C90000444844203DCA4F5FE41FF3900D104462C
:101CA00028466C64FEF714F800212846FCF738F942
:101CB00006466A462146686AF9F744F8B6F90840CC
:101CC0002846FBF719FBBDF90210884203DD01220B
:101CD0002846FDF7C3FC2846FBF72DF906462846A3
:101CE000FBF70AFBBDF902100A19101AB04206DD13
:101CF000881B204401B201222846FDF7AFFC28468C
:101D0000FBF72EFABDF90010884203DD01222846B8
:101D1000FDF78EFC2846FBF728F906462846FBF718
:101D20001FFABDF900100A19101AB04206DD881B0F
:101D3000204401B201222846FDF77AFCBDF80010CC
:101D40002846A5F8401004F077FB284601F000FE75
:101D5000F8BD00009C03002070B5044600F074F844
:101D600005000AD02046054A0021FDF79AFA2146CF
:101D70002846BDE87040E8F719B970BDFFFF0F00B5
:101D800000B500F059F8002800D0014800BD00005F
:101D9000D8F200202DE9FF47994607460C9E00F037
:101DA0004BF8214D40B9002028704FF4B070F9F77E
:101DB0003BFE1E490860E860F4F77CFBF4F792FBF9
:101DC0004FF00108B0F5A07F01DC032007E0F4F735
:101DD00071FBF4F787FBB0F5347F02DA02206870FC
:101DE00001E085F80180124CA4F12800E760BDF8FD
:101DF00004100187BDF80810418766610D48A6618F
:101E00002060C4E9076904F047FB27B13846F4F7BE
:101E1000A9FBA04202D10020FDF7C2FA85F800809C
:101E200004B00348BDE8F087C80200204803002042
:101E3000D8F20020BD70020802480068002800D0D7
:101E4000012070474803002010B510B1FBF7AEF831
:101E500001E0F4F72FFBBDE81040F4F783BB10B5A9
:101E6000044600F003F8001B10BD000003490122E6
:101E700048680A700B78002BFBD0704720030020C5
:101E8000034900220A704A68104448607047000005
:101E9000200300202DE9F041074615460E460C4868
:101EA000E6F790FF040010D0A7604FF0FF302660E7
:101EB000206100206061FFF7D9FFE560054960609F
:101EC000012008712046BDE8F0810020FBE70000FA
:101ED000FCF200207003002010B5044601460548BE
:101EE000E6F7E6FF04490120C8702046BDE810402F
:101EF000F9F726BEFCF2002070030020014840786C
:101F000070470000700300202DE9F047494CA0788D
:101F100010B10120BDE8F0870120A07020780026D4
:101F200028B1FFF7A3FF5FEA000902D007E0A6701F
:101F3000EFE72069401C2061642800D926613E4DEE
:101F40004FEA060884F8038084F804803B48E6F7EB
:101F500014FF286037E03948E6F721FF2E6807466E
:101F6000307DC0072ED18246304600F078F888B91F
:101F70003069B0F1000A01DD401E3061FFF776FFE5
:101F80007060B16821B1BAF1000F01D030468847C6
:101F90004FF0010AE07820B9306910B93046FFF7F8
:101FA0009BFFBAF1000F0DD02079E178084309D0EA
:101FB00028680028C6D100BF4FF0FF351F48E6F75C
:101FC000DCFE11E02F6029680029C4D1F4E7307DE0
:101FD000C00705D1304600F042F8A84200D20546BD
:101FE00031461648E6F7DBFE0600F0D14846FFF71B
:101FF00036FFE1680844E060A068FFF730FFB0F505
:10200000FA7F13D3E16864225143B1FBF0F0C0B210
:102010006070642801D9002001E0C0F164006070A4
:102020002646C4F80C80FFF721FFB06084F80280D8
:1020300028466FE77003002044030020FCF20020D4
:1020400001214161704710B50446FFF70FFF216879
:10205000401A401E606010BD00214161704710B5FC
:1020600004464068FFF7FBFE2168814201D800204A
:1020700010BD081A10BD70B50346083A0C4602F0B0
:102080000300111AA00705D1A1F10C0043F6F57267
:10209000904201D3002070BD2078251F00F003007E
:1020A000084320F0020040F0010121602946184653
:1020B000E8F745F92846E8F777F901790221416008
:1020C000204670BD70B5810701D0002070BD00238F
:1020D0008060C0E90303194600EB810200EBC114E4
:1020E0005361002204EB8206521C7063202AF9DB44
:1020F000491C0829F0DB70BD70B50C460546FFF79A
:10210000E1FF0646A4F2344205F23441FFF7B3FF83
:10211000304670BD2DE9F041002611B3083905465F
:102120004E680C46F00700D0FEE70846E8F792F943
:102130002179284689070CD52768AFB13979C907B5
:1021400013D03946E8F7EEF921463846E8F7DCF8CF
:10215000044621462846E8F797F901462846E8F75D
:10216000EEF83046BDE8F081FEE7FEE770B50A46BE
:10217000054604211046E7F78FFD04460146284630
:10218000E8F718F9014622462846BDE87040E8F70E
:10219000A1B92DE9F05F90460C0081464FF0000593
:1021A00022D0B8F1000F1BD0A4F108052846E8F7AB
:1021B00086F982466868042120F00307DAF80400F3
:1021C00020F00300384400F1040B4046E7F764FDBB
:1021D0000646B84500D966B12879C0070CD0FEE79D
:1021E0004846FFF797FF44E01146FFF7BFFF05465B
:1021F0003FE00020BDE8F09FBE4216D99AF80400E7
:10220000C00701D05E4510D941464846FFF7AEFFF2
:1022100005002ED04046474500D307463A462146A2
:102220002846F9F7C9FC2146DAE7BE4206D9294615
:102230004846E8F729F92846E8F719F928794F467A
:10224000C00700D0FEE731462846E8F76EF878B1BF
:1022500031462846E8F777F90146406820F0020049
:1022600048603846E8F710F901463846E8F767F85D
:1022700025462846BEE700004FF4B47190FBF1F20A
:1022800001FB1200002802DA00F5B47000B20E491A
:102290005A2802DA31F910007047A0F15A025A2A7E
:1022A00003D2C0F1B40000B2F4E7A0F1B4025A2A9C
:1022B00001D210B202E0C0F5B47000B231F81000E3
:1022C000404200B2704700000C5D04082DE9FF4F4A
:1022D00083B05FEA0009119F7BD099F800000028C5
:1022E00077D00498002871D01098800702D541F665
:1022F000FF70069000243F4A009401945268A34660
:10230000254626464FF0FF386946484690478246A4
:102310000098019050E0374A01A94846526890471A
:1023200083461098761CC00704D051461298E7F7F0
:102330000FF998BB5A4651460498F7F757FA00B27E
:1023400029180DB2002802DD0598284405B2B8F11D
:10235000FF3F05D10598291A0698814200DDA04665
:102360005046BAF10A0F1AD0BAF10D0F17D0014634
:10237000A0F59C4045F2A512904210D9002005E03E
:102380001DA2125C8A420AD0401CC0B21AA2125C82
:10239000002AF5D117B1B8F1FF3F08D008E024B901
:1023A000B8F1FF3F01D107B13D60761E08E03D6006
:1023B000DDE90040DA46009019F804000028AAD1AF
:1023C000B8F1FF3F06D0139870B1404607B0BDE8A2
:1023D000F08F0CE02EB1BAF10D0F03D1BBF10A0F53
:1023E00000D1009C2046F1E70FB1002038600020AA
:1023F000ECE7000084030020202C2E3B3A2D5F00E8
:102400002DE9FF4F83B004464FF00000DDF848A0EF
:10241000DDF84090208093460F00608049D0BBF1EA
:10242000000F46D05FEA8A7002D541F6FF70119026
:102430000025A846BBF8086025E00020CDE9000A89
:10244000781902905946119B069AE6F7D7FF804407
:10245000B4F9020006EB09010144B1F5004F28D29E
:10246000304448446080A8EB0501CDF800A05A46EE
:10247000069B029800F022F8B4F90010814200DBBC
:10248000084620804546785D0028D6D15DB1781990
:1024900010F8010C0A2801D00D2804D1618806EB40
:1024A000090008446080B4F9020028B1A0EB0900DB
:1024B000608007B0BDE8F08F6680FAE72DE9FF473E
:1024C0001E46DDF8309090460D4607000CD0B8F15E
:1024D000000F09D03878002807D000200446029069
:1024E0008DF80C00EDB923E0002004B0BDE8F087C2
:1024F00002AB01AA69463846E6F768FF5FEAC97091
:1025000004D003A80099E7F723F850B9DDE90012D9
:102510004046F7F76BF900B2002802DD2044304452
:1025200004B20298A842E3D3002C01DDA01B04B240
:102530002046DAE710B50146802825D3002301F0B4
:102540003F0242F08002B1F5006F0AD2C0F384115D
:1025500041F0C00161F3070062F30F2063F31740FD
:1025600010E0C1F3851444F08004B1F5803F0CD233
:10257000C0F3033141F0E00161F3070064F30F2081
:1025800062F3174063F31F6010BDB1F5881F10D2CE
:10259000C1F3824343F0F003C1F3053163F3070055
:1025A00041F0800161F30F2064F3174062F31F6074
:1025B00010BD002010BD00002DE9F04100240F46A1
:1025C00006462546DFF8248007E0D8F800103019C9
:1025D000884700B9012004446D1CBD4202D2305D21
:1025E0000028F2D12046BDE8F081000084030020DD
:1025F000F8B5074600200D460446064E009004E05C
:102600007268694638469047641C0098A842F7D320
:102610002046F8BD84030020F8B500240546074E87
:10262000009404E07268694628469047641C00984C
:10263000285C0028F6D12046F8BD00008403002065
:1026400078B500250446009501B969460A68A05C82
:10265000030601D4054634E006260223B6EB501FDC
:1026600006D1C006400D24E004F03F031D1828E009
:102670000E26B6EB101F02D10007000C0FE01E263D
:10268000B6EBD00F1DD1521C0A604007A55CC00AF2
:10269000B3EB951F13D105F03F0500EB0530521C3D
:1026A0000A60A55CB3EB951F09D105F03F0500EB6F
:1026B0008510521C0A60A45CB3EB941FD4D0002098
:1026C00078BD521C28460A6078BD0000F8B5074660
:1026D00008680025401E0C460D4E086001E0042DE0
:1026E00013D2206831683844884718B9216861B12D
:1026F000491E21606D1CEDB20028F0D020680090CA
:102700007268694638469047F8BD0020F8BD000061
:10271000840300200078010601D4012070470621BF
:10272000B1EB501F01D1022070470E21B1EB101FF9
:1027300001D1032070471E21B1EBD00F01D104203D
:10274000704700207047000008B5009313460A4602
:1027500001460248E7F776F808BD000039980008FE
:10276000E3F746FDE1F7B0FEE1F792FEE5F770FB17
:10277000E0F7DEFBE3F7DFF8E0F7AAFAE3F7AEFDF8
:10278000E3F7F2FCE1F7CEFFE0F76CFDE0F7DAFAF1
:10279000E3F7CEFD02490120087005F0F5FDFEE7E4
:1027A000F80100202DE9F0414FF480740E460746F1
:1027B0002246F2F79CFF054621463846F2F7D2FC46
:1027C000002D06D0224631463846BDE8F041F2F7EA
:1027D0009ABFBDE8F08100002DE9FF4F1D468A88B1
:1027E0000B888BB0D21A521C17B2CA88498804468B
:1027F000511A491C1C98DDF868A00FFA81F90128CC
:1028000005D0022805D003284DD14F4802E04F489B
:1028100000E04F4880465FEA0A002088ADF80400D7
:102820002888ADF8080005D09AF80000FD283DD3AF
:1028300019983EE0DDE901104346199A9847009047
:1028400000202DE0002621E0BDF8080035F8161024
:10285000884205D1BDF8040034F8161088420FD024
:1028600004EB460043460088ADF8040005EB460043
:10287000199A0088ADF80800DDE90110984700902A
:1028800004EB4600BDF800100180761CBE42DBDB85
:102890000D9804EB4004189805EB40050AF101007F
:1028A00082464845CEDB0FB0BDE8F08F199948430A
:1028B000000A02460090DDE901104346984709905E
:1028C00000203DE000262FE01AF8060058B3FD284E
:1028D00001D3199802E019994843000ABDF808107D
:1028E00035F81620914208D1BDF8041034F81620AE
:1028F000914202D10099814210D004EB4601024678
:102900000988ADF8041005EB460143460988ADF887
:1029100008100090DDE901109847099004EB46008B
:10292000BDF824100180761CBE42CDDB0D9804EB6F
:102930004004189805EB40051B9882440BF10100F8
:1029400083464845BEDBAEE7F3B300086BB300082F
:1029500077B400082DE9FF4F06468A8808888BB0B7
:10296000101A401C07B2CA884888DDE919BA101A43
:10297000401C0FFA80F85FEA0A001D46584605D051
:10298000FD287CD9A7F1040B002027E1FD2813D3F3
:1029900000247F000BE03A4629463046F9F70CF94F
:1029A0000D98641C06EB4006189805EB400544455D
:1029B000F1DB0FB0BDE8F08F002021E0002415E02E
:1029C00006EB440A5A46BAF80000ADF8180005EBC9
:1029D00044000088ADF81400DDE90501F3F7C4FBFD
:1029E0000590BDF81410AAF80010641CBC42E7DB87
:1029F0000D9806EB4006189805EB400509F101001B
:102A000081464045DADBD4E7D14600241CE000BF14
:102A100099F80020AAB1FF2A06EB44001AD00990C9
:102A20000088ADF8200005EB44000088ADF81C00DC
:102A3000DDE90701F3F798FB0690BDF81810099837
:102A4000018009F10109641CBC427CDA5FEA8970EB
:102A5000DED178E005EB44010988F1E7D9F8000000
:102A6000F0B3401C74D099F80020BAB1FF2A06EBED
:102A700044007AD009900088ADF8200000E0B6E06C
:102A800005EB44000088ADF81C00DDE90701F3F711
:102A90006BFB0690BDF818100998018009F1010040
:102AA000059099F80120AAB1FF2A06EB440060D0F6
:102AB00009904088ADF8200005EB44004088ADF84F
:102AC0001C00DDE90701F3F74FFB0690BDF8181075
:102AD000099841800598401C05900278BAB100E041
:102AE0002EE0FF2A06EB440047D009908088ADF81D
:102AF000200005EB44008088ADF81C00DDE90701EB
:102B0000F3F732FB0690BDF81810099881800598FC
:102B10004278AAB1FF2A06EB440032D00590C08863
:102B2000ADF8200005EB4400C088ADF81C00DDE9DD
:102B30000701F3F719FB0690BDF818100598C1803E
:102B400009F10409241D5C4588DB3BE000E00CE052
:102B500005EB440006EB440102880A8042884A8063
:102B600082888A80C088C880EAE705EB440109882A
:102B700093E705EB44014988ABE705EB44018988FD
:102B8000C4E705EB4401C988D9E700BF99F80020E4
:102B9000AAB1FF2A06EB440025D009900088ADF8C1
:102BA000200005EB44000088ADF81C00DDE90701BA
:102BB000F3F7DAFA0690BDF818100998018009F1C8
:102BC0000109641CBC42E1DB0D981B9906EB400631
:102BD00018988A4405EB40050198401C0190404537
:102BE000FFF612AFE5E605EB44010988E6E70020B1
:102BF0002DE000241FE000BF1AF80400D0B1FD282A
:102C000001D35A4602E000FB0BF0020A06EB440037
:102C100003900088ADF8180005EB44000088ADF87B
:102C20001400DDE90501F3F79FFA05900398BDF85C
:102C300014100180641CBC42DEDB0D981B9906EB6E
:102C4000400618988A4405EB400509F101008146C9
:102C50004045CEDBADE600002DE9FF4F85B09A463A
:102C60000C46DDF850B0E6F74BFB0390A0882188B6
:102C7000401A401C06B2E0886188401A401C0FFAD6
:102C800080F8BBF1000F01D000204BE000271DE0D1
:102C9000002515E0139802900AEB4500079A00887A
:102CA000ADF804006088384400B20090208805998F
:102CB000284403B203980068D0F81CC0E0476D1C9C
:102CC000B542E7DB12997F1C0AEB410A4745DFDB7F
:102CD00009B0BDE8F08F00251BE000BF1BF8050020
:102CE000B0B113994843000A02900AEB4500079AD5
:102CF0000088ADF80400618801EB090000B2009083
:102D000020880599284403B203980068C769B8472A
:102D10006D1CB542E2DB159909F101008B44129953
:102D20000AEB410A81464045D5DBD1E770B515462F
:102D30000E460446802805D2E117002004EB91716D
:102D4000891006E004F0F8FC411FCC4084F020011B
:102D5000801F3060296070BDFD2902D2022901D890
:102D60000020704710FB01F000EBC01101EBC030F8
:102D7000C0F3C7507047000070B5094D044668683D
:102D8000002808D044B12046EFF726FCA96820446B
:102D9000884200D3002070BD0248006870BD00006A
:102DA000C003002050030020002902D00068091D44
:102DB00042507047002901D000684250704700001F
:102DC0002DE9F041044600222121F6F7FBFB002803
:102DD0007ED0608C40F48050608401E0FFF7F0FF0B
:102DE00000212046FAF762F80028F7D12046FAF7CA
:102DF0000BF906460020F7F7D3FC054600271CE038
:102E0000A86AA04202D0E86AA04203D1214628461F
:102E1000F7F716FD686BA04200D16F63686DB04292
:102E200007D1F7F7C7FCA04203D121462846F7F7A0
:102E300007FD2846F7F7B4FC0546002DE0D12046F3
:102E4000E6F76AF8606804260028204602D0FAF700
:102E5000E6F82AE0FAF7AAF805460020EA68696A67
:102E600005E000BF52F82030A3420AD0401C814246
:102E7000F8D806E0E96806EB80028A5841F820207D
:102E8000401C696A491E8142F4D8686A401E81006C
:102E90006862E868F8F778FEE8601DE0096806EB0C
:102EA00080028A5841F82020401C616889684A687D
:102EB000521E8242F2D8606880684068401E4860B6
:102EC00061688200896808681146F8F75DFE00E0D5
:102ED00007E06168896808602046BDE8F041F8F7BE
:102EE0002FBEBDE8F081C9B20022FCF7EDBDF0B500
:102EF0000027DDE905458E1A012B05DC03280CD0DF
:102F000004280AD0052808D0891A09B206282AD22E
:102F1000DFE800F0290A0320140E2F80208806EB3A
:102F2000D67100EB61001CE02F802088304418E04F
:102F30005B1E18B291FBF0F02880F0BD91FBF3F01E
:102F40002988084400B22880218800EBD07001EB6A
:102F5000600006E05B1C18B291FBF0F0288021882D
:102F600008442080F0BD2F80F0BD2DE9F05F0546BC
:102F70000C46501E53B12188A1EB62012180084408
:102F8000A080E88A6080688BE08009E06188A1EB1E
:102F9000620161800844E080A88A2080288BA0809C
:102FA0004FF4403631462846FAF782FE81463146D4
:102FB0002846FAF7B9FE824631462846FAF702FF5C
:102FC000804631462846FAF725FE83463146284694
:102FD000FAF7E5FF074631462846FAF7D4FF0146DF
:102FE000208809EB0702801A2080A0880AEB0702DC
:102FF0001044A080608808EB0102801A6080E0889D
:1030000059440844E080BDE8F09F70B50446EFF7EE
:103010002DFD05001DD0F9F7FCFF06462046F9F707
:103020008AFF864215DD00212846FAF76DFF0689E2
:1030300000212846FAF783FFE18E3044414309B26C
:103040000022606AFCF70AFB606ABDE87040FBF78B
:1030500075BB70BD2DE9F0411E4C0F460546E66874
:103060002068001D04F069FE38B9206890F82C1023
:1030700001208840216981432161681C15D1A7B1D5
:10308000154922684868906023688268DA6022687F
:103090008368121D5A602268121D82602068416197
:1030A0000868401C0860BDE8F08120683544B542DE
:1030B0004560216805D2E06BBDE8F041091D04F0D0
:1030C000CFBFA06B091D04F0CBFFA06A8542EAD2F6
:1030D000A562E8E778010020508400202DE9F04146
:1030E000054604F0D5FF364CA068401CA06020685F
:1030F000344F10B1606940B32DE02560A06801280D
:1031000029D1002606EB860007EB800004F09AFF29
:10311000761C052EF6D32B48643004F093FF294823
:10312000783004F08FFF27488C3004F08BFF25485F
:10313000A03004F087FF2348B43004F083FF214817
:103140006430A0631430E06305E02068E96AC06A77
:10315000884200D82560606A401C60626864E96A41
:103160000120226988401043206101EB810007EBB8
:1031700080004068A8608168E9608268291D51600C
:103180008160E86A00EB800007EB8001696157F815
:103190002010491C47F8201004F09AFF60690028AD
:1031A0000CD02068E96AC06A884207D206494FF00D
:1031B00080500860BFF34F8FBFF36F8FBDE8F08181
:1031C000780100209C83002004ED00E030B4026C04
:1031D0000B46002A0BD0C1681144C1608468A1422B
:1031E00001D30168C16030BC1846DDF785BB30BC37
:1031F00070472DE9F041856B174604460026026CA6
:1032000082B1C7B1E068DDF777FBE168206C091A8D
:10321000E1602268914202D2A168081AE060022FA0
:1032200016D017E02068A8B9A06805F099FE0646F8
:103230000020A0600EE06068DDF75EFB216C606836
:1032400008446060A168884204D32068606001E09F
:1032500005B16D1E6D1CA5633046BDE8F08110B54B
:103260000446006B04F048FF2046BDE8104004F01F
:1032700043BF00000E484FF4F041420706D0C01D86
:103280000B4920F00700411AC1F5F041094A00231B
:103290000144C2E900030839143A21F00701116022
:1032A0004B600B600B1AC0E90013936053607047CA
:1032B0009C0B002064010020154E164CA6F1A007BF
:1032C0004FF08058DFF8509012E000BF04F0E0FEAD
:1032D000F068C568281D04F030FDA068401EA0609D
:1032E0006068401E606004F0F3FE2846FFF7B7FFF9
:1032F00060680028EAD13868012805D9C9F800803B
:10330000BFF34F8FBFF36F8F04F030FDF0E7000085
:103310003C8400207801002004ED00E02DE9F04716
:103320000D46DDE909841746824691009946089EBC
:10333000A522206BDDF757FB6FF00301206B01EB3B
:103340008701084420F00707780707D0502080F352
:103350001188BFF34F8FBFF36F8FFEE765B1002079
:103360002218295C82F83410295C11B1401C102805
:10337000F6D3002084F84300052E07D3502080F3B5
:103380001188BFF34F8FBFF36F8FFEE7E662201DFA
:10339000E66404F062FE04F1180004F05EFE2461AD
:1033A000C6F105006462A0614A465146384600F005
:1033B00047F92060B8F1000F01D0C8F80040BDE81F
:1033C000F087000030B5114900E011460A688242DA
:1033D000FBD34B685C18844203D1406818444860B2
:1033E000084643681C18944209D1084C143C2468D0
:1033F000A24209D052681A4442600A681268026008
:10340000814200D0086030BD0460F9E7640100200B
:1034100010B5044604F03CFEA06B28B15FF0000438
:1034200004F056FE204610BD0124F9E70548816BE3
:10343000096821B1816BC9680968816270474FF0E2
:10344000FF31FAE77801002008484068401C4FF03F
:10345000500080F3118804D0BFF34F8FBFF36F8FFC
:10346000FEE7BFF34F8FBFF36F8FFEE76C010020C5
:103470002DE9F041044604F00BFE94F9455004F1A7
:10348000240609E0606A48B1304605F01DFE08B127
:1034900004F0FAFE6D1E6DB2002DF3DC4FF0FF3626
:1034A00084F8456004F014FE04F0F2FD94F94450F1
:1034B00004F1100709E0206948B1384605F004FE20
:1034C00008B104F0E1FE6D1E6DB2002DF3DC84F84E
:1034D0004460BDE8F04104F0FBBD000070B5044657
:1034E000002604F085FF2F4D286808B9FFF7C2FEBB
:1034F00094B304F00700C0F11000C1438C4202D81D
:103500002118002902DC05F04DFE3DE0686881428B
:10351000F9D8244814300246146801E020461446C5
:1035200062688A4202D22268002AF7D12A6894424D
:10353000E9D006682268026060680836421A102ADC
:103540000FD96018430708D0502080F31188BFF3CB
:103550004F8FBFF36F8FFEE713E042606160FFF7AC
:1035600031FF61686868401A6860AA68904200D2BA
:10357000A86041F00040606000202060E868401CC6
:10358000E86005F00FFE0EB904F0F2FB700707D0FB
:10359000502080F31188BFF34F8FBFF36F8FFEE78A
:1035A000304670BD500100200449086818B1086811
:1035B000026D521C02650868704700007801002007
:1035C0002DE9F047064690F8600040072FD5706A55
:1035D000F7F7A3FC174909688847040027D030464D
:1035E000FEF726FB8146DDF71DF9074604FB07F0D1
:1035F000401CF8F747FA8046002506E005FB0780E7
:103600003A464946F8F7D8FA6D1CA542F6D37D43F1
:10361000002108F805104146706AF8F769F840463D
:10362000F8F77CFA3046BDE8F04700F091B9BDE804
:10363000F08700009C03002070470068FFF7C0BFC0
:1036400010B5031F4FF080741C601B1F21F0010197
:103650001960191F044B0B6014390A60091F6FF0C1
:10366000020244380A6010BD493402082DE9F04FC7
:10367000544E054689B070680168CC6BC96889688A
:103680002160016809698A0701D4C90723D0F2F7CC
:103690006FFF401E07B27068F2F724FF401E03B2AE
:1036A0000022114601A80097F1F73FFB01A96160D4
:1036B00070680068027CC068920705D5826942F094
:1036C00002028261A16076E08169826961F3410250
:1036D0008261A5606FE0A9882A88891A491C0FFABF
:1036E00081F9E9886A88891A491C0FFA81F8F2F78A
:1036F0003FFF0146B5F90600814203DC7068F2F72E
:1037000037FF401E07B242464946B2467068EFF79F
:103710001DFA81460026B5F902000DF10C0B28E0D8
:103720002A88ADF80C20AA88ADF81020ADF80E005C
:10373000ADF81210C4F804B0C4F808B0DAF8040008
:103740000168C96889682160BDF91210B94201DDBC
:10375000ADF81270BDF91260B74205D10068C068BB
:10376000816941F002018161204600F02DF80FFAD5
:1037700088F000EB0908A8F10101B942D0DDB74299
:103780001CD02988ADF80C10A988ADF81010ADF840
:103790000E00ADF81270C4F804B0C4F808B0DAF83E
:1037A00004000168C968896821600068C06881698F
:1037B00041F002018161204600F006F809B0BDE841
:1037C000F08F00009C0200202DE9F0415F4C07467D
:1037D00094B06068F2F782FEF968054609B1384690
:1037E0008847606800680188408811FB00F0E9683C
:1037F000884201D1012000E00020296859B16968A0
:1038000031B128B907E060680068816A01B1884772
:1038100028690028F7D100256068F2F793FE7A68DE
:1038200001461046FCF79AFB06466068416919B1EB
:103830007868FCF793FB054656EA050051D16068AD
:10384000F2F796FE401E0FFA80F86068F2F74AFE23
:10385000401E03B20022114611A8CDF80080F1F7F6
:1038600064FA386BB0B103A8F4F772F9606811AA72
:10387000C16A079190F829108DF82610418DADF896
:10388000101090F829008DF80F003B6B03A9384603
:10389000984726E06068C06A98B16946F6F7CCFEA2
:1038A00001281ED103A8F3F7CDF8606811AA90F89B
:1038B00029108DF81710C36A03A93846F3F78EF85C
:1038C0000FE003A8F4F744F96068418DADF81010DB
:1038D00090F829008DF80F0003A938467A68F4F7AC
:1038E00023F9606890F82810C9070CD006B906695A
:1038F0003846314600F096FA6068406990B105B9E3
:10390000054629460BE0406928B105B90546294618
:10391000384600F087FA0EB96068066931463846C5
:1039200000F080FA6068F2F7FBFD0146384600F0CF
:1039300079FA6068F2F7ECFD0146384600F072FA59
:10394000606814B0BDE8F041E8F70EBF9C020020AB
:103950002DE9F04F89B004460021FAF7E1FA05900D
:1039600000212046FAF703FB0790606C0690606A1E
:10397000F7F7D3FA724A8246069912689047DFF841
:10398000C4B106460AEB0600DBF8002081460021A0
:103990009047054605982F46B0F908803846EFF75E
:1039A0000BFF00B12027002239460598F5F71EFFCE
:1039B00007B202AA606A0699F7F7C4F9606AF7F7D6
:1039C000ACFA02460021606AF8F78EFD616ABDF923
:1039D0000820B1F91430B1F918101A443A448A4257
:1039E00027DD94F86010090723D4032821D0002094
:1039F000ADF808000798BDF80A2040441044ADF81F
:103A00000A005DB150494846096888470644DBF81A
:103A100000200AEB06000021904705462846EFF7F4
:103A2000CBFE00B12025002229460598F5F7DEFEE1
:103A300007B24FF4E02B204659462665FAF736F8D0
:103A4000054659462046FAF7CFF900EB050A20460D
:103A500011225946FAF7CEF900EB050959462046DE
:103A6000FAF738F94619204613225946FAF7C2F9EF
:103A7000BDF808302844991BBDF80A20ADF80C1099
:103A800018447F1EA2EB0A013844ADF80E10ADF8C1
:103A9000100002EB0901A8F101000844ADF8120082
:103AA00004F148010D466846F1F7CCF8606ABDF8AC
:103AB0000010828A1144ADF80010BDF80210C08ACF
:103AC0000844ADF80200606ABDF80410808A08441A
:103AD000ADF80400606ABDF80610C08A0844ADF86D
:103AE000060069462046FAF74CFE03A92846F1F77E
:103AF000A9F829466846F1F7A5F8606ABDF80010F4
:103B0000828A1144ADF80010BDF80210C08A084442
:103B1000ADF80200606ABDF80410808A0844ADF870
:103B20000400606ABDF80610C08A0844ADF80600BB
:103B300069462046FAF725FE09B0BDE8F08F00007F
:103B40008C03002088030020840300202DE9F0412D
:103B50002B4C002020606068B0F85051002D4DD0F3
:103B6000002703E0411991F83011D1B16D1EF9D54C
:103B70000068416B01B1884760680168C9688A695B
:103B800022F001028A610168C9688A6922F0020292
:103B90008A6190F82810002641F0040180F828106E
:103BA00022E02F46E4E7811991F83011D9B9BE42DD
:103BB00005D10168C9688A6942F001028A61016819
:103BC000C9688A6922F002028A6100EBC6003030BF
:103BD000FFF74CFD606800EBC6003030F1F75FF88E
:103BE000216808442060761C6068B0F85011B1422A
:103BF000D9DC10F8281F21F004010170BDE8F08124
:103C00009C0200202DE9F04F0C4682468BB001212A
:103C10002046FAF7D4FA00287ED12046E5F790F93D
:103C2000050027D0204600216122FAF7E3F800F0D2
:103C3000FF09B9F1020F6FD36B462A462146504661
:103C4000F0F725F8012867D10127002204F11401BB
:103C50006846E4F75CFCA8B100208DF82000CDF8A0
:103C600024D008AA12212046F5F7ACFC9DF82000CC
:103C700038B107E00BB021465046BDE8F04FFAF7E7
:103C80004EBF0027012D01D147F002073A46694691
:103C90005046F3F7C1F905003ED0204600216F22BF
:103CA000FAF7A8F800B260F30F068046204600211C
:103CB0007022FAF79FF801B2C8F34130642261F331
:103CC0001F464FF4FA634FF47A7B012817D128F48A
:103CD000C040984213DCB4F818C0B4F814805845BA
:103CE000ACEB080C0CF1010C0FFA8CFC01DDC0F5FB
:103CF0007A700CFB00FC9CFBF2F060F30F06C1F342
:103D00004130012813D121F4C04098420FDC618B6F
:103D1000E38AC91A491C00E07EE009B2584501DD7A
:103D2000C0F57A70414391FBF2F060F31F4602A8A0
:103D3000F2F788FE8DF81390204600216E22FAF7E4
:103D400059F800B2ADF80800B0F5616F02DDA0F5DA
:103D5000616003E0002803DA00F56160ADF8080057
:103D6000204600216D22FAF745F8ADF80A002046FA
:103D700000216822FAF73EF88DF8140028484068C0
:103D80000068007CC0F3C0008DF81C00B8070ED599
:103D9000D5E90001C5E902016889698A0844401E25
:103DA00001B2E981B5F90600814200DDE881B5F98B
:103DB0000A00BDF9061088422ADCB80705D53B4643
:103DC0002A4651462046EFF72FFF21465046FAF784
:103DD000A6FEA08A02AA8119DAF804000088081A4F
:103DE000ADF80C00E08A00EB2641DAF804004088C8
:103DF000081AADF80E0029465046F3F708F9B8073F
:103E000006D5E889401C6881698A0844401ECDE7D0
:103E100029465046F3F72FF90BB0BDE8F08F0000AC
:103E20009C0200202DE9F0470C00814605D11B487B
:103E30004068F2F787FB04002AD021464846FFF786
:103E4000E1FE1FE00027F9F743F80646002508E0E9
:103E5000A068006850F82510E7B14846FFF7D2FE89
:103E60006D1CB542F4D34A4617212046F5F7AAFB4C
:103E70004A4618212046F5F7A5FB4A461921204657
:103E8000F5F7A0FBA0464046F9F704F90400D9D1A4
:103E9000BDE8F0874145E3D10127E1E79C0200201E
:103EA0002DE9F04792B088460646EEF7E6FD05009C
:103EB0006BD0F7F732F8024600212846F8F714FBDA
:103EC000012838D0022802D0032819D10CE030464E
:103ED000F9F74BF804462846FAF744F9201A00EBA4
:103EE000D07040F34F0108E03046F9F73EF8044641
:103EF0002846FAF737F9201A01B22846FBF788FE60
:103F000000213046FAF706F8044600213046FAF759
:103F100022F88246B4F908703046F9F70CF8814669
:103F2000304600216522F9F765FF84B2B8F1000F31
:103F300003D014B104E00021DFE73046EFF744FA84
:103F4000F18C07EB0A00484309EBD971491007EBE4
:103F5000D772A1EB6201081A06B2B8F1000F17D0B0
:103F6000B4B16846F0F73CF90F48CDE90050284657
:103F7000FAF7FEF80B940890CDE909060B48039078
:103F80000B4807906846F0F789F912B0BDE8F08752
:103F900005492846F0F7DCF812B031462846BDE85E
:103FA000F047FBF74BBE0000A1490208114502088B
:103FB000154201082DE9F04F0C464FF4A02689B0B8
:103FC00005463146F9F780FE079031462846F9F755
:103FD000B7FE834631462846F9F700FF8246314650
:103FE0002846F9F723FE814631462846F9F7A1FF16
:103FF000069031462846F9F7B4FF804631462846F8
:10400000F9F78BFF059031462846F9F797FD0746EB
:1040100031462846F9F78CFD06461CE0079BCDF893
:1040200008B0CDE90083CDE903A9DDE90523A1B2FC
:104030002846EEF705FFB04201DA014600E03146BE
:10404000B94201DA384602E0B04200DB3046E96AA4
:1040500021F81400641CE88CA042DFD82846FBF746
:1040600031F809B02846BDE8F04FFAF767BB000009
:104070002DE9F04F464C8DB0606801680A7CD2078C
:104080007ED0C968496800297FD000F5AC70E4F79C
:1040900006FF002879D160680168CA6893680C93AC
:1040A00011688B4200D151688946F2F71BFA0B90D8
:1040B000202103A8DCF7C1FC0025A0463CE0411903
:1040C00091F83011B9BB00F5AC70E4F756FE064626
:1040D000A0462EE0D8F804003146444600F5AC7006
:1040E000E4F75DFE83466068314600EBC50203A835
:1040F0003032E4F73BF90746401C19D000240DF19B
:104100000C0A09E0E4F77CFE0AEBC401641C0A68AF
:1041100002604968416064B2D8F80400BC4231468C
:1041200000F5AC70EEDBE4F7C3FE3046F7F708FDB0
:104130005E46002ECED16D1CD8F804004446B0F87F
:104140005011A942BBD8254600F5AC70E4F715FE26
:1041500012E00B98CDF80090CDE901046868DDE924
:104160000B2100682346C06B866BB0476868214608
:1041700000F5AC70E4F713FE0400EAD1686800E0D3
:1041800003E000F5AC70E4F7E2FD0DB0BDE8F08FA0
:104190009C0200202DE9F0410746F8F799FE0546FC
:1041A000002412E0B868006850F824603046FAF73E
:1041B000C5FA00222A213046F5F704FA3046FAF70C
:1041C000BDFA3046FFF7E6FF641CAC42EAD3BDE817
:1041D000F08100002DE9FE4F0446EEF74EFC06008C
:1041E00009D0F6F7D7FA8046F6F715FB042805D074
:1041F000022803D012E00120BDE8FE8FE28C2146A8
:10420000228504280AD10846F8F7FEFE0546F5F790
:1042100011FE18B100212846F5F77AFE4046F6F760
:10422000FAFA012804D04046F6F7F5FA032863D1DC
:10423000A06A800331D4002569464046F6F7C0FAEB
:10424000BDF80200F18A401AADF80200BDF8000086
:10425000B18A401AADF8000069463046F6F774FCA2
:1042600007463046F6F759FE82460020804606464D
:10427000DFF8949001900DE0D9F8002001A9504694
:1042800090470A2803D1B84501D06D1C2DB2DDF846
:104290000480761CBE42EFD327E000212046F9F7C8
:1042A00039FE054600212046F9F755FE2989B4F963
:1042B0001A200844B4F9161007B2501A00EBD07057
:1042C00001EB600005B20C214046F6F70AFBF18ACB
:1042D000084400B2281A90FBF7F0002800DA00200A
:1042E000A18C814200DC481E05B2002D04DBA9B27E
:1042F00001222046FCF77DF8E08C029002AA1C21E6
:104300002046F5F75FF977E78803002070B5D1E91B
:104310000245D5B1D4B1E560AC6000EBC21505EB48
:1043200083056E6B8E420FD16C6384420CD100EB1F
:10433000820501216C6901FA03F39C436C6103D18E
:10434000036991408B43036170BDFEE7FEE72DE9F1
:10435000F0410C46498C06460020C1F305110EE0E1
:1043600026B1E26852F83020B24207D14FF6FF7210
:104370004FF470212046FAF7BDFE02E0401C814256
:10438000EED82046F8F7A4FD0746002507E0A06810
:10439000006850F825103046FFF7D9FF6D1CBD426C
:1043A000F5D3BDE8F0812DE9FF5F9846DDE90E54B5
:1043B000DDE911A6DDE9149BE4F7A2FF00683146B0
:1043C000876B4846F7F7F8FC0020034630E0109969
:1043D0000AFB00F2414305EB212104EB22220912E2
:1043E0004FEA222209D4DDF804C0614505DA002A2B
:1043F00003DBDDF808C0624502DB09F800300AE0A3
:1044000002FB0811DDF800C0139A0CEB410102EB2E
:10441000400209881180BBF1060F07D11399BAB287
:1044200031F81010914201D109F80030401C00B25F
:10443000B042CCDBBDE8FF9F70B505460068F8F7D9
:10444000B5FD0446006900222721F5F7BBF80022DC
:1044500028216069F5F7B6F8606928B194F828104A
:10446000890701D5F8F7A4F90020606114F8281F26
:10447000002221F0010104F818196021A0602868C9
:10448000FAF7E0FE2068BDE87040FAF757B970B55A
:1044900004460068F8F78AFD0546FBF7D8FF686117
:1044A00023682B61BDE87040002226211846F5F7ED
:1044B00089B870B50546F8F779FD040022D0266961
:1044C0005EB1002225213046F5F77CF8206920B145
:1044D000002226212846F5F775F800202561A06105
:1044E0005DB1002227212846F5F76CF8206920B13C
:1044F000002228213046F5F765F82846BDE87040CF
:10450000FAF71CB970BD002200680A21F5F75AB805
:1045100010B50068F8F7BEFDBDE81040EEF754BFD7
:104520002DE9FF4F85B090460C460846F8F7B2FDDE
:1045300006461021F9F743FE00286FD03046F8F701
:1045400007FE834600253046F8F7CFFE1434CDE948
:10455000024000B9059C00213046F9F78FFA8246E7
:1045600000213046F9F70AFC504407B200213046DA
:10457000F9F732FB504400B20190F08A6188384468
:10458000421AB8F80210501A0FFA80F9728B01988B
:10459000101AE288801A081A00B200903046F8F724
:1045A00038FDC11B0198081A00B20490B9F1000F40
:1045B0000CDB0098002814DAB9F1000006DD05468E
:1045C0003046F8F799FE401B0AD40AE0009800280C
:1045D00007DD404205B23046F8F768FDE84200D5F5
:1045E00000250398012804D0022807D003280DD104
:1045F00015E0F08A61883844294421E0718B0198E4
:10460000091AE0882844081A284405B200243046D4
:10461000F8F764FE0090A8B1029F14E0BDE0049892
:10462000F18A00EBD07007EB60000844E2886188F3
:10463000521A521C12B202EBD27205EB6202114402
:10464000401AE1E7059F00213046F9F713FB50447B
:104650000FFA80F900213046F9F748FB5044B18A3F
:104660000FFA80FA01EB09003988338B421AB8F847
:104670000010501AA3EB0A02BB8800B2D21A891AA2
:1046800009B200280ADB002912DA002806DD0446F8
:104690003046F8F765FD001B09D409E0002907DD65
:1046A000484204B23046F8F7BBFDE04200D5002492
:1046B0003046F9F757FDA0EB0901A1EB0A0000997C
:1046C00000B2012904D0022907D003290DD122E02C
:1046D000B18A01EB0900398803E0318BA1EB0A00B4
:1046E000B9882144401A204404B22D493046EFF7DE
:1046F0002FFD07462B493046EFF72AFD384306D0F9
:1047000000220A213046F4F75DFF012845D15FEA17
:10471000CB7011D013E000EBD072B18A09EB6200CC
:104720000844B9883A88891A491C09B201EBD17149
:1047300004EB61011144D5E7002C00DA00245FEAA4
:104740008B7002D4002C00DD00245FEA4B7002D491
:10475000002D00DA00255FEA0B7002D4002D00DD89
:1047600000250898B8F90010002800D02046084419
:10477000A8F80000B8F9021002D14FF0000000E0E4
:1047800028460844A8F80200089B09B02A4621469A
:104790003046BDE8F04FFAF71FBE09B0BDE8F08F14
:1047A000354802081D4802081CB50446828EC18E99
:1047B0006B46EDF71AFFBDF90000002801DA404210
:1047C0000CE02046F9F7CEFCBDF9041088420BDA64
:1047D0002046F9F7C7FCBDF80410401A01B20123C6
:1047E00000222046FAF788FEBDF90200002801DA0F
:1047F00040420CE02046F8F70CFCBDF90610884258
:104800000BDA2046F8F705FCBDF80610401A02B294
:10481000012300212046FAF76FFE1CBD10B50346A8
:10482000F8F771FD084401B2BDE8104000221846B7
:10483000E4F78CBB10B50346F8F76CFD084402B2F0
:10484000BDE8104000211846E4F780BBF8B50546E6
:104850000C460846F3F77CF94FF48036314628467B
:10486000F9F7F2F8E070022808D9284631462022EC
:10487000F9F7C0FA0090BDF80000A0802846314644
:104880003122F9F7B7FAC0B2002784F822000228D3
:1048900014D9284631463222F9F7ACFA00B2208406
:1048A000002809DD284631463022F9F7A3FA0090A6
:1048B000BDF80000E08301E084F82270284631460C
:1048C0004522F9F797FAC0B284F8360002281AD9BF
:1048D000284631464022F9F78DFA00B2E0850028DB
:1048E0000FDD284643223146F9F784FAA086284690
:1048F00044223146F9F77EFA0090BDF80000A08509
:1049000001E084F8367031462846F9F723F9FD288E
:104910000AD2E17811FB00F1090AE1704143080A6B
:1049200084F8220084F83600E07830B994F8220048
:1049300018B994F83600002805D031462846F9F712
:10494000A3FA20800120F8BDA0F84410F9F7F6BEC4
:10495000A0F84610F9F7F2BE70B5040015D00B4D63
:10496000E868002811D0052104F042F901280CD193
:10497000074894E80E0080E80E00E868BDE8704043
:1049800000231A46194603F049BF70BDD801002024
:10499000D889002009B2FBF73BB909B2FBF74EB941
:1049A00009B2FBF74BB9000070B504460020F7F7D9
:1049B000F3FEF0224FF4A0712060FAF742FF0021CD
:1049C0002068FAF72AFF0022FF212068FBF73CF855
:1049D0000020F1F7A7FA014600222068FBF719F83A
:1049E000002211462068FBF720F80022D52120681C
:1049F000FBF720F8002211462068FBF720F820681A
:104A0000F5F7F0FFFEA16060F6F772FE0021606826
:104A1000F6F732FE872205216068FAF7F3FE64227A
:104A200011466068FAF70DFF002211466068FBF737
:104A300026F800220A216068FBF776F86FF07F45C0
:104A40002846F1F76FFA014600226068FBF79BF8F1
:104A50000022F0496068FBF7A2F80022FF2160689D
:104A6000FBF7ACF8002211466068FBF79DF80022C6
:104A700011466068FBF79DF8002202216068FBF791
:104A80007DF80022B3216068FAF7DEFF48F6323085
:104A9000F1F748FA014600226068FAF7BAFF0022EF
:104AA00011466068FAF7C1FF002211466068FBF703
:104AB00036F8002211466068FBF72CF800221146F8
:104AC0006068FBF71DF8002211466068FBF71DF8CF
:104AD000002202216068FBF74CF8CF48F1F722FA78
:104AE000014600226068FBF724F80022BC216068C0
:104AF000FBF735F8002202216068FBF735F8002249
:104B000011466068FBF721F8002211466068FBF748
:104B100021F82068F0F7F6FA2061F5F763FFBFA1EE
:104B20006061F6F7E5FD04216069F6F7A5FD002355
:104B30001A4609216069F7F75BFA002211462069DD
:104B4000FAF7C7FF42F2640631466069FBF74AF89C
:104B5000892207212069FAF755FE14226021206975
:104B6000FAF76FFE0022FF212069FAF76DFFAD48CA
:104B7000F1F7D8F9014600222069FAF74AFF00222E
:104B800011462069FAF751FF002211462069FAF711
:104B900076FF00220A212069FAF7C6FF00220321CE
:104BA0002069FAF7E6FFA048F1F7BCF901460022B8
:104BB0002069FAF7BEFF0022FF212069FAF7CFFF34
:104BC000002211462069FAF7CFFF00220121206957
:104BD000FAF7BBFF002202212069FAF7BBFF284643
:104BE000F1F7A0F9014600222069FAF7CCFF002274
:104BF000FF212069FAF7E2FF002202212069FAF77B
:104C0000BDFF2068F5F7EEFE88A1A060F6F770FD05
:104C10000021A068F6F730FDA6220A21A068FAF765
:104C2000F1FD18224C21A068FAF70BFE0022114674
:104C3000A068FAF724FF00221146A068FAF774FF73
:104C40002846F1F76FF901460022A068FAF79BFFAA
:104C500000227849A068FAF7A2FF0022FF21A0688D
:104C6000FAF7ACFF00221146A068FAF79DFF002278
:104C70001146A068FAF79DFF00220121A068FAF70B
:104C80007DFF00221146A068FAF7DEFE00221146E1
:104C9000A068FAF744FF00221146A068FAF73AFF2D
:104CA00000221146A068FAF72BFF00221146A068E7
:104CB000FAF72BFF00221146A068FAF75AFF206886
:104CC000F5F790FE5CA1E060F6F712FD0021E068C8
:104CD000F6F7D2FCC6223221E068FAF793FD0F22E4
:104CE0003821E068FAF7ADFD00221146E068FAF7D6
:104CF000C6FE00221146E068FAF716FF2846F1F7D3
:104D000011F901460022E068FAF73DFF00224C4904
:104D1000E068FAF744FF0022F321E068FAF74EFF5B
:104D200000221146E068FAF73FFF00221146E068D2
:104D3000FAF73FFF00220121E068FAF71FFF002287
:104D40001146E068FAF780FE00221146E068FAF7A3
:104D5000E6FE00221146E068FAF7DCFE002211466A
:104D6000E068FAF7CDFE00221146E068FAF7CDFEC2
:104D700000221146E068FAF7FCFE2068F5F732FEE3
:104D800030A1A061F6F7B4FC0021A069F6F774FC2D
:104D900087226E21A069FAF735FD64221146A069C9
:104DA000FAF74FFD00221146A069FAF768FE0022CB
:104DB0000A21A069FAF7B8FE2846F1F7B3F80146D0
:104DC0000022A069FAF7DFFE00221249A069FAF773
:104DD000E6FE0022FF21A069FAF7F0FE002211464C
:104DE000A069FAF7E1FE00221146A069FAF7E1FE98
:104DF00000220221A069FAF7C1FE0022D8212BE08F
:104E00000A0A2020202020202020202020202020CE
:104E10002020560050490308002A0400B5E7D1B904
:104E2000000000000585120001450600302E3030DC
:104E300030000000CCC90308302E3030302056003E
:104E4000C0C902080A0A202020202020202020207B
:104E50002020202020204100A069FAF7F5FDFE481F
:104E6000F1F760F801460022A069FAF7D2FD0022AE
:104E70001146A069FAF7D9FD00221146A069FAF798
:104E80004EFE00221146A069FAF744FE00221146A8
:104E9000A069FAF735FE00221146A069FAF735FE3F
:104EA00000220221A069FAF764FEEC48F1F73AF813
:104EB00001460022A069FAF73CFE0022B521A06954
:104EC000FAF74DFE00220221A069FAF74DFE0022FA
:104ED0001146A069FAF739FE00221146A069FAF7D7
:104EE00039FE2068F0F70EF96062F5F77BFDDCA172
:104EF000A062F6F7FDFB0421A06AF6F7BDFB0023D4
:104F00001A460921A06AF7F773F800221146606A71
:104F1000FAF7DFFD3146A06AFAF764FE89227021B4
:104F2000606AFAF76FFC14226021606AFAF789FC64
:104F30000022C621606AFAF787FDCB48F0F7F2FF3E
:104F400001460022606AFAF764FD00221146606A99
:104F5000FAF76BFD00221146606AFAF790FD002215
:104F60000A21606AFAF7E0FD00220321606AFAF77D
:104F700000FEBE48F0F7D6FF01460022606AFAF74D
:104F8000D8FD0022FF21606AFAF7E9FD00221146F0
:104F9000606AFAF7E9FD00220121606AFAF7D5FD9F
:104FA00000220221606AFAF7D5FD2846F0F7BAFF21
:104FB00001460022606AFAF7E6FD0022FF21606ADE
:104FC000FAF7FCFD00220221606AFAF7D7FD20689B
:104FD000F5F708FDAFF2AC11E061F6F789FB0021AF
:104FE000E069F6F749FBA6227321E069FAF70AFCAB
:104FF00019224C21E069FAF724FC00221146E069ED
:10500000FAF73DFD00221146E069FAF78DFD2846CA
:10501000F0F788FF01460022E069FAF7B4FD0022AC
:105020009349E069FAF7BBFD0022FF21E069FAF736
:10503000C5FD00221146E069FAF7B6FD00221146CF
:10504000E069FAF7B6FD00220121E069FAF796FD62
:1050500000221146E069FAF7F7FC00221146E069E8
:10506000FAF75DFD00221146E069FAF753FD0022D0
:105070001146E069FAF744FD00221146E069FAF7AB
:1050800044FD00221146E069FAF773FD2068F5F748
:10509000A9FC78A12062F6F72BFB0021206AF6F725
:1050A000EBFAC6229B21206AFAF7ACFB0F223821CB
:1050B000206AFAF7C6FB00221146206AFAF7DFFCE5
:1050C00000221146206AFAF72FFD2846F0F72AFF42
:1050D00001460022206AFAF756FD00226749206A3D
:1050E000FAF75DFD0022FF21206AFAF767FD002232
:1050F0001146206AFAF758FD00221146206AFAF795
:1051000058FD00220121206AFAF738FD00221146DD
:10511000206AFAF799FC00221146206AFAF7FFFC90
:1051200000221146206AFAF7F5FC00221146206A97
:10513000FAF7E6FC00221146206AFAF7E6FC0022A4
:105140001146206AFAF715FD2068F5F74BFC4CA1D3
:10515000E062F6F7CDFA0021E06AF6F78DFA8722D1
:10516000D721E06AFAF74EFB30226421E06AFAF7B1
:1051700068FB00221146E06AFAF781FC00220A214E
:10518000E06AFAF7D1FC2846F0F7CCFE014600228F
:10519000E06AFAF7F8FC00223C49E06AFAF7FFFC03
:1051A0000022FF21E06AFAF709FD00221146E06AB9
:1051B000FAF7FAFC00220721E06AFAF7FAFC00226B
:1051C0000221E06AFAF7DAFC00229921E06AFAF794
:1051D0003BFC2F48F0F7A6FE01460022E06AFAF7F2
:1051E00018FC00221146E06AFAF71FFC0022114663
:1051F000E06AFAF794FC00221146E06AFAF78AFCAA
:1052000000221146E06AFAF77BFC00221146E06AB0
:10521000FAF77BFC00220221E06AFAF7AAFC1D489B
:10522000F0F780FE01460022E06AFAF782FC0022D5
:10523000B321E06AFAF793FC00220221E06AFAF750
:1052400093FC00221146E06AFAF77FFC0022114627
:10525000E06AFAF77FFC1FE00FA2B000003D3800C3
:10526000B5E7C1F70000000026AAB7000860660095
:10527000CCC90308302E303030204100C0C90208AC
:105280000A302E303030205700000000504903080B
:10529000F2E805003D3A21002068EFF733FF206374
:1052A000F5F7A0FBFEA16063F6F722FA0421606B1C
:1052B000F6F7E2F900231A460921606BF6F798FE2B
:1052C00000221146206BFAF704FC3146606BFAF7B6
:1052D00089FC8922D921206BFAF794FA12226021E5
:1052E000206BFAF7AEFA0022FF21206BFAF7ACFB35
:1052F000ED48F0F717FE01460022206BFAF789FB14
:1053000000221146206BFAF790FB00221146206B19
:10531000FAF7B5FB00220A21206BFAF705FC002200
:105320000321206BFAF725FCE048F0F7FBFD01466E
:105330000022206BFAF7FDFB0022FF21206BFAF719
:105340000EFC00221146206BFAF70EFC0022012110
:10535000206BFAF7FAFB00220221206BFAF7FAFB26
:105360002846F0F7DFFD01460022206BFAF70BFC20
:105370000022FF21206BFAF721FC00220221206B82
:10538000FAF7FCFB2068F5F72DFBC9A1A063F6F73F
:10539000AFF90021A06BF6F76FF9BA22D721A06B05
:1053A000FAF730FA30226421A06BFAF74AFA0022A9
:1053B0001146A06BFAF763FB00220A21A06BFAF7F3
:1053C000B3FB2846F0F7AEFD01460022A06BFAF7CA
:1053D000DAFB0022B949A06BFAF7E1FB0022FB21BE
:1053E000A06BFAF7EBFB00221146A06BFAF7DCFB8F
:1053F00000220721A06BFAF7DCFB00220221A06B40
:10540000FAF7BCFB0022C221A06BFAF71DFBAC48E7
:10541000F0F788FD01460022A06BFAF7FAFA0022A5
:105420001146A06BFAF701FB00221146A06BFAF7B8
:1054300076FB00221146A06BFAF76CFB00221146A6
:10544000A06BFAF75DFB00221146A06BFAF75DFB3B
:1054500000220221A06BFAF78CFB9A48F0F762FD5C
:1054600001460022A06BFAF764FB00228621A06BA4
:10547000FAF775FB00220221A06BFAF775FB0022F8
:105480001146A06BFAF761FB00221146A06BFAF7F8
:1054900061FB2068EFF736FEE063F5F7A3FA8AA117
:1054A0002064F6F725F90421206CF6F7E5F80023CF
:1054B0001A460921206CF6F79BFD00221146E06B8D
:1054C000FAF707FB3146206CFAF78CFBBC22D92196
:1054D000E06BFAF797F912226021E06BFAF7B1F965
:1054E0000022B721E06BFAF7AFFA7948F0F71AFD1E
:1054F00001460022E06BFAF78CFA00221146E06BBD
:10550000FAF793FA00221146E06BFAF7B8FA002294
:105510000A21E06BFAF708FB00220321E06BFAF79F
:1055200028FB6C48F0F7FEFC01460022E06BFAF71E
:1055300000FB0022DC21E06BFAF711FB0022114690
:10554000E06BFAF711FB00220121E06BFAF7FDFA9C
:1055500000220221E06BFAF7FDFA2846F0F7E2FCA0
:1055600001460022E06BFAF70EFB0022FF21E06B00
:10557000FAF724FB00220221E06BFAF7FFFA206819
:10558000F5F730FA54A16064F6F7B2F80021606CC8
:10559000F6F772F805226E21606CFAF733F91422DF
:1055A0006421606CFAF74DF900220221606CFAF771
:1055B00066FA00223321606CFAF757FA2846F0F7B2
:1055C000B1FC01460022606CFAF743FA00220F2179
:1055D000606CFAF74FFA00220821606CFAF7A4FA1F
:1055E0002846F0F79FFC01460022606CFAF7CBFAE0
:1055F00000223D49606CFAF7D2FA0022E221606C89
:10560000FAF7DCFA00221146606CFAF7CDFA0022B4
:105610001146606CFAF7CDFA00220221606CFAF7AD
:10562000ADFA00224521606CFAF70EFA2846F0F731
:1056300079FC01460022606CFAF7EBF90022114672
:10564000606CFAF7F2F900221146606CFAF767FA1B
:1056500000221146606CFAF75DFA00221146606C78
:10566000FAF74EFA00221146606CFAF74EFA002261
:105670000A21606CFAF77DFA2846F0F753FC0146E0
:105680000022606CFAF755FA00222221606CFAF7CA
:1056900066FA00220621606CFAF766FA002225E01D
:1056A000B9A6C2CA00000000AD9D06005B50100004
:1056B0000A20302E3030206D416800005049030828
:1056C0004202A4001F0D3500C4DCC1BF0000000071
:1056D000400194000E0024003030203A2030302069
:1056E0003A20303000000000C0C902081146606C4A
:1056F000FAF72BFA00221146606CFAF72BFA2068B1
:10570000F5F770F9FEA1A064F5F7F2FF0021A06C97
:10571000F5F7B2FF0522D721A06CFAF773F814222F
:105720003721A06CFAF78DF800220221A06CFAF75D
:10573000A6F900222521A06CFAF797F92846F0F780
:10574000F1FB01460022A06CFAF783F900220F2139
:10575000A06CFAF78FF900220821A06CFAF7E4F99F
:105760002846F0F7DFFB01460022A06CFAF70BFA9F
:105770000022E549A06CFAF712FA0022D521A06CAC
:10578000FAF71CFA00220121A06CFAF70DFA0022A8
:105790001146A06CFAF70DFA00220221A06CFAF76C
:1057A000EDF900224521A06CFAF74EF92846F0F7F2
:1057B000B9FB01460022A06CFAF72BF90022114632
:1057C000A06CFAF732F900221146A06CFAF7A7F99B
:1057D00000221146A06CFAF79DF900221146A06C38
:1057E000FAF78EF900221146A06CFAF78EF9002222
:1057F0000A21A06CFAF7BDF92846F0F793FB0146A1
:105800000022A06CFAF795F900222221A06CFAF789
:10581000A6F900220621A06CFAF7A6F9002211468B
:10582000A06CFAF792F900221146A06CFAF792F9EF
:105830002068F5F7D7F8B5A1E064F5F759FF002126
:10584000E06CF5F719FF05224FF48971E06CF9F768
:10585000D9FF14222821E06CF9F7F3FF002202217E
:10586000E06CFAF70CF900222521E06CFAF7FDF85C
:105870002846F0F757FB01460022E06CFAF7E9F8FA
:1058800000220F21E06CFAF7F5F800220821E06C05
:10589000FAF74AF92846F0F745FB01460022E06C8A
:1058A000FAF771F90022F321E06CFAF787F9002288
:1058B0001146E06CFAF778F900220221E06CFAF761
:1058C00078F900220221E06CFAF758F9002245210C
:1058D000E06CFAF7B9F82846F0F724FB01460022FD
:1058E000E06CFAF796F800221146E06CFAF79DF8A2
:1058F00000221146E06CFAF712F900221146E06C22
:10590000FAF708F900221146E06CFAF7F9F80022DC
:105910001146E06CFAF7F9F800220A21E06CFAF778
:1059200028F92846F0F7FEFA01460022E06CFAF763
:1059300000F900222221E06CFAF711F90022062179
:10594000E06CFAF711F900221146E06CFAF7FDF865
:1059500000221146E06CFAF7FDF82068F5F742F8EE
:105960006CA12065F5F7C4FE0021206DF5F784FEDB
:1059700005221146206DF9F745FF14226421206DA0
:10598000F9F75FFF00220221206DFAF778F8002274
:105990002521206DFAF769F82846F0F7C3FA014689
:1059A0000022206DFAF755F800220F21206DFAF73A
:1059B00061F800220821206DFAF7B6F82846F0F7C2
:1059C000B1FA01460022206DFAF7DDF800225349B2
:1059D000206DFAF7E4F80022F321206DFAF7EEF8D3
:1059E00000221146206DFAF7DFF800220221206D17
:1059F000FAF7DFF800220221206DFAF7BFF8002243
:105A00004521206DFAF720F82846F0F78BFA014679
:105A10000022206DF9F7FDFF00221146206DFAF7F4
:105A200004F800221146206DFAF779F80022114699
:105A3000206DFAF76FF800221146206DFAF760F832
:105A400000221146206DFAF760F800220A21206D2D
:105A5000FAF78FF82846F0F765FA01460022206D24
:105A6000FAF767F800222221206DFAF778F8002271
:105A70000621206DFAF778F800221146206DFAF71A
:105A800064F800221146206DFAF764F82068F4F7F4
:105A9000A9FFAFF668416065F5F72AFE0021606D49
:105AA000F5F7EAFD2B220A21606DF9F7ABFE4522DE
:105AB000D821606DF9F7C5FE00221146606DF9F737
:105AC000DEFF00221146606DFAF72EF82846F0F747
:105AD00029FA01460022606DFAF755F80022FF21ED
:105AE000606DFAF76BF800221146606DFAF75CF80A
:105AF00000221146606DFAF75CF8002201210FE0E8
:105B0000302E30A1E3430000C0C90208B9D8B1D596
:105B10000000000043432F435600000004FF02082A
:105B2000606DFAF72BF800221146606DF9F78CFFD3
:105B300000221146606DF9F7F2FF00221146606DF8
:105B4000F9F7E8FF00221146606DF9F7D9FF00224E
:105B50001146606DF9F7D9FF00221146606DFAF722
:105B600008F82068F4F73EFFAFF25401A065F5F79E
:105B7000BFFD0021A06DF5F77FFD5722BF21A06D6D
:105B8000F9F740FE20226421A06DF9F75AFE0022A9
:105B90001146A06DF9F773FF00221146A06DF9F7C9
:105BA000C3FF2846F0F7BEF901460022A06DF9F7C1
:105BB000EAFF0022FE49A06DF9F7F1FF0022FF2164
:105BC000A06DF9F7FBFF00221146A06DF9F7ECFF7D
:105BD00000221146A06DF9F7ECFF00220221A06D12
:105BE000F9F7CCFF00221146A06DF9F72DFF002236
:105BF0001146A06DF9F793FF00221146A06DF9F749
:105C000089FF00221146A06DF9F77AFF00221146A4
:105C1000A06DF9F77AFF00221146A06DF9F7A9FFF0
:105C20002068F4F7DFFEE3A1E065F5F761FD0021F0
:105C3000E06DF5F721FDDB221321E06DF9F7E2FDC0
:105C40000F223821E06DF9F7FCFD00221146E06DCE
:105C5000F9F715FF00221146E06DF9F765FF2846B8
:105C6000F0F760F901460022E06DF9F78CFF0022A1
:105C7000E721E06DF9F7A2FF00221146E06DF9F788
:105C800093FF00221146E06DF9F793FF00220121F6
:105C9000E06DF9F773FF00221146E06DF9F7D4FECD
:105CA00000221146E06DF9F73AFF00221146E06D3F
:105CB000F9F730FF00221146E06DF9F721FF0022CD
:105CC0001146E06DF9F721FF00221146E06DF9F76A
:105CD00050FF2068F4F786FEB6A12066F5F708FDB0
:105CE0000021206EF5F7C8FCDB227C21206EF9F73D
:105CF00089FD0E222D21206EF9F7A3FD0022114609
:105D0000206EF9F7BCFE00221146206EF9F70CFF59
:105D10002846F0F707F901460022206EF9F733FF15
:105D20000022FF21206EF9F749FF00221146206E64
:105D3000F9F73AFF00221146206EF9F73AFF0022E8
:105D40000121206EF9F71AFF00221146206EF9F7A3
:105D50007BFE00221146206EF9F7E1FE002211467B
:105D6000206EF9F7D7FE00221146206EF9F7C8FE23
:105D700000221146206EF9F7C8FE00221146206E5F
:105D8000F9F7F7FE2068F4F72DFEAFF65471606660
:105D9000F5F7AEFC0021606EF5F76EFCDC223221D7
:105DA000606EF9F72FFD0F223821606EF9F749FD7B
:105DB00000221146606EF9F762FE00221146606E05
:105DC000F9F7B2FE2846F0F7ADF801460022606E02
:105DD000F9F7D9FE00227949606EF9F7E0FE00225A
:105DE000F321606EF9F7EAFE00221146606EF9F7C2
:105DF000DBFE00221146606EF9F7DBFE0022012176
:105E0000606EF9F7BBFE00221146606EF9F71CFECA
:105E100000221146606EF9F782FE00221146606E84
:105E2000F9F778FE00221146606EF9F769FE00224C
:105E30001146606EF9F769FE00221146606EF9F7AF
:105E400098FE2068F4F7CEFDAFF6D831A066F5F7DE
:105E50004FFC0021A06EF5F70FFCDC229B21A06E09
:105E6000F9F7D0FC0F223821A06EF9F7EAFC0022E6
:105E70001146A06EF9F703FE00221146A06EF9F755
:105E800053FE2846F0F74EF801460022A06EF9F7BF
:105E90007AFE00224949A06EF9F781FE0022FF2117
:105EA000A06EF9F78BFE00221146A06EF9F77CFE7A
:105EB00000221146A06EF9F77CFE00220121A06E9F
:105EC000F9F75CFE00221146A06EF9F7BDFD002235
:105ED0001146A06EF9F723FE00221146A06EF9F7D5
:105EE00019FE00221146A06EF9F70AFE00221146A3
:105EF000A06EF9F70AFE00221146A06EF9F739FEEE
:105F00002068F4F76FFD2EA1E066F5F7F1FB0021A4
:105F1000E06EF5F7B1FBC6221321E06EF9F772FCD3
:105F20000F223821E06EF9F78CFC00221146E06E5A
:105F3000F9F7A5FD00221146E06EF9F7F5FD2846B8
:105F4000EFF7F0FF01460022E06EF9F71CFE002299
:105F5000FB21E06EF9F732FE00221146E06EF9F700
:105F600023FE00221146E06EF9F723FE00220121F4
:105F7000E06EF9F703FE00221146E06EF9F764FDCA
:105F800000221146E06EF9F7CAFD00221146E06ECC
:105F9000F9F7C0FD00221146E06EF9F7B1FD0022CD
:105FA0001146E06EF9F7B1FD00221146E06E0BE0FC
:105FB000745B0408CAE4C8EB3A000000C0C90208D8
:105FC000C9E8D6C33A000000F9F7D3FD2068F4F71A
:105FD00009FDAFF214012067F5F78AFB0021206F5D
:105FE000F5F74AFBC6227C21206FF9F70BFC0F2244
:105FF0003821206FF9F725FC00221146206FF9F7B0
:106000003EFD00221146206FF9F78EFD2846EFF77E
:1060100089FF01460022206FF9F7B5FD0022FF211C
:10602000206FF9F7CBFD00221146206FF9F7BCFD78
:1060300000221146206FF9F7BCFD00220121206FDC
:10604000F9F79CFD00221146206FF9F7FDFC0022B4
:106050001146206FF9F763FD00221146206FF9F712
:1060600059FD00221146206FF9F74AFD0022114622
:10607000206FF9F74AFD00221146206FF9F779FDEC
:106080002068F5F7DBFB022229496067F5F7A2FCDF
:10609000D8220621606FF9F7B5FB01226721606FF6
:1060A000F9F7CFFB00220221606FF9F708FD2148C4
:1060B000EFF738FF01460022606FF9F7EAFC002293
:1060C000CC21606FF9F7F1FC00220121606FF9F734
:1060D000F1FC2068F5F7B2FB154902220831A067F0
:1060E000F5F778FCD8226F21A06FF9F78BFB01221E
:1060F0006721A06FF9F7A5FB00220221A06FF9F735
:10610000DEFC0D48EFF70EFF01460022A06FF9F705
:10611000C0FC00228221A06FF9F7C7FC00220121F8
:10612000A06FF9F7C7FC2068BDE87040F9F7D0BD53
:106130005402002000430500056871002DE9F84F66
:1061400004464F1091460D464FEA610AC80700D138
:106150007F1E60008346F5F795FC06464B460020FF
:1061600026E000BF03EB4400009030F8021C6943B6
:10617000601E15D4002200EB0A0C26F81010A4456E
:1061800001DA33F81C208A1AC11B012901D51988AC
:1061900003E003EB410131F8021C401E1144E9D534
:1061A0005A4631461846F5F707FD009B08F10100F5
:1061B0008046A042D6DB4FF47F51B1FBF5F20020C0
:1061C00093B214FB04FC0CE039F8102042B18A426F
:1061D00002D129F8103003E092FBF5F229F81020E3
:1061E000401C8445F0D8002039E000BF09EB400294
:1061F000934613886B43002123E0002B02DA4FF013
:10620000000C01E04FEAA31C26F811C0A1EB0A0C18
:10621000BCF1000F02DCB2F800C003E00CFB040884
:1062200039F818C0A3EB0C0CCB195B1CA34200DBA4
:10623000631E03FB040802EB440239F81830491CC2
:106240006344A142D9DB5A46002105E036F81130FB
:10625000138002EB4402491CA142F7DB401CA04220
:10626000C4DB3046BDE8F84FF5F758BC2DE9F047E0
:106270000E468AB01F468046014615469146D419FF
:1062800007A8EEF7F1FC05EBD57007EB600145F3CD
:106290000002891A891EADF82010012101EB60006F
:1062A000ADF81E004046EEF720FDBDF82010081A9C
:1062B000ADF81C004046EEF7ECFCBDF81E100023C4
:1062C0000844ADF822003A4607A901A8F1F772FB8D
:1062D0004D46B9F1010F01D04FEA69052046F5F7A7
:1062E000D1FB8246B046002734E021465046F5F700
:1062F00063FD01A80090DDF804C023B23AB200218A
:106300005046E04740B19AF80000800190FBF5F15B
:10631000A8F80010012018E061004046F5F71EFDC6
:1063200015E000BF0AEB00021AF8001012F8012C69
:10633000914204D108EB400131F8022C02E08901BE
:1063400091FBF5F228F81020401CA042EADB08EB94
:1063500044087F1CA742C8DB5046F5F7DFFB01A8C5
:10636000F1F7A0F8012D14D020B232462946074695
:10637000FFF7E4FE09F00100284401B2012926DDFF
:106380004FF47F5090FBF1F2002093B204FB04F530
:1063900017E00020644304E036F810108A093254F4
:1063A000401C8442F8DC0AB0BDE8F08736F81020C3
:1063B00032B1FF2A0ED0920192FBF1F226F81020A2
:1063C000401C8542F2D832463846FFF7B7FE00201F
:1063D000644307E026F81030F2E700BF16F810100B
:1063E0003154401C8442F9DCDDE7F0B597B0074634
:1063F00014460D4601A8F1F7ABFBFF2211461046EB
:10640000EFF7CFFD0090BDF800000090BDF8000050
:10641000ADF8080000262A4601A93846F1F784FBAA
:106420000FA8F0F7C9FD23462A460FA93846009663
:10643000F0F722FB17B0F0BD30B591B005464FF430
:10644000E0216522F7F7D6FC040017D06846EDF787
:10645000C7FE0F480B94CDE9005001200E94002197
:106460000890CDE909010B4807904FF6FF70ADF891
:1064700040006846EDF712FF11B030BD04492846D0
:10648000EDF766FE15F8540F40F001002870F3E7B1
:10649000BBB600086D4201082DE9FC47FE4DFF4CDC
:1064A00095F82000C00703D0FD48EFF74EFD03E04C
:1064B00004211220F9F73EFC0090BDF80000608036
:1064C00095F82000C00704D005211220F9F732FC0E
:1064D00003E004211220F9F715FC0090BDF800003C
:1064E000A08095F82000C00703D0EE48EFF72DFDFF
:1064F00001E0EFF7B5FE0090BDF80000E08095F8F0
:106500002000C00703D0E848EFF71FFD03E0022199
:106510001220F9F70FFC0090BDF800002081E06820
:10652000D03000F0C1FDE068D83000F0BDFD00269D
:106530004620CDE90006D8485023DC4ADC492838FB
:10654000FAF7A8FED44800965023D84AD849143800
:106550000196FAF79FFED049E0682839D030FAF763
:1065600091FECD49E0681439D830FAF78BFEE06827
:10657000083000F099FD95F82000C00704D00221F2
:106580001220F9F7BFFB02E01220F9F7EDFB0146FC
:10659000E0680830FAF724FDE06847F6FF7A5146D4
:1065A0000830FAF72EFE0721E868EFF773FE014680
:1065B000E0680830FAF774FD0521E868EFF76AFE35
:1065C0000146E0680830FAF761FEE06866210830AD
:1065D000FAF711FDB049E06814390830FAF752FEB5
:1065E000E068103000F060FDE068FF211030FAF73D
:1065F00002FDE06800F058FDFF21E068FAF7FBFCBF
:106600006088ADF800000099E068FAF7E9FCA0881E
:10661000ADF800000099E068FAF71DFE60780128E7
:106620007ED00228E8687CD05FF00A01EFF732FEE6
:106630000146E068FAF757FD6078012872D0022819
:10664000E86870D05FF00A01EFF724FE0146E068C9
:10665000FAF73DFDE068183000F026FD607801286B
:10666000E8687DD05FF00801EFF714FE0146E068AE
:106670001830FAF7C6FDE068FF211830FAF7BBFCC6
:10668000E088ADF80000E06800991830FAF7A8FC3F
:106690002089ADF80000E06800991830FAF7AFFCE7
:1066A0000221E868EFF7F6FD0146E0681830FAF7D6
:1066B000B9FCE06801211830FAF7ACFCA088ADF80D
:1066C0000000E06800991830FAF7C5FD60780128ED
:1066D0007ED00228E8687CD05FF01001EFF7DAFD89
:1066E0000146E0681830FAF7DBFC6078012871D0C9
:1066F0000228E8686FD00A21EFF7CCFD0146E06878
:106700001830FAF7F0FC6078012865D00228E868B4
:106710007ED00A21EFF7BEFD0146E068183003E0A5
:106720007FE081E082E084E0FAF7D1FC1220F9F703
:106730001BFB0146E0681830FAF788FC0121E86885
:10674000EFF7A8FD0146E0681830FAF78AFCE06828
:10675000A03000F0A9FC504EE068283EB16B00E08C
:1067600069E0A030FAF785FC0321E868EFF792FDB5
:106770000146E068A030FAF78FFC0321E868EFF7E4
:1067800089FD0146E068A030FAF782FCE0687F21CD
:10679000A030FAF779FCE068A83000F085FC708F33
:1067A000ADF80000E0680099A830FAF762FC032118
:1067B000E868EFF76FFD0146E068A830FAF76CFC77
:1067C000E0687F21A830FAF75FFCE068203004E041
:1067D00033E035E036E038E039E000F065FC607821
:1067E000012839D00228E86839D00821EFF752FD96
:1067F0000146E0682030FAF704FDE068FF21203010
:10680000FAF7F9FB2089ADF800000099E06800E094
:1068100020E02030FAF7E4FB95F82000C00720D0F4
:1068200070E00E21E86801E70C21FFE60E21E86820
:106830000AE70C2108E70C2116E71821E8684DE764
:1068400014214BE70E21E86856E70C2154E70E218E
:10685000E8685FE70C215DE71021E868C6E70C21D6
:10686000C4E71220F9F780FA0146E0682030FAF711
:10687000CCFC0020EFF724FE00EB40004FF4A079A1
:1068800050304FF0A008484517DB0020EFF718FE06
:1068900000EB400050300DE0D8F20020C80200208C
:1068A0001A171500302B280037322F0049420108F3
:1068B000D49C020890FBF8F000E0012001B2E068EF
:1068C0002030FAF7B5FCE0687F212030FAF7ACFC05
:1068D0000020EFF7F5FD502707EB8000484507DB68
:1068E0000020EFF7EDFD07EB800191FBF8F000E0F1
:1068F000012001B2E868EFF7CDFC0146E0682030E6
:10690000FAF78EFCA088ADF80000E068009920300E
:10691000FAF7A1FCE06800F12008607801287DD03A
:106920000228E8687BD01021EFF7B4FC0746014647
:106930004046FAF7D0FB39464046FAF7D0FBE0680C
:1069400000F12008607801286AD00228E86868D041
:106950005FF00A01EFF79EFC074601464046FAF752
:10696000C6FB39464046FAF7AEFB0521E868EFF76B
:1069700091FC0146E0682030FAF7A9FB0521E868A0
:10698000EFF788FC0146E0682030FAF7ACFBFF49DE
:10699000FD4808600831FE480860E068583000F0A3
:1069A00083FBE068F9495830FAF744FBE06823219B
:1069B0005830FAF743FBE068603000F075FBF349AC
:1069C000E06808316030FAF735FBE0687F2160301D
:1069D000FAF734FBE068C03000F066FBE0680121A4
:1069E000C030FAF723FBE0680121C030FAF712FB50
:1069F000E068803000F058FB607801287ED00228E3
:106A0000E8687CD05FF01001EFF744FC0146E068D5
:106A10008030FAF745FB6078012803E006E308E3DD
:106A200009E30BE36CD00228E8686AD05FF010013C
:106A3000EFF730FC0146E0688030FAF754FB6078ED
:106A400001287DD00228E8687BD01021EFF722FCD6
:106A50000146E0688030FAF73AFBE068783000F0F1
:106A600023FB607801286DD00228E8686BD00A21EA
:106A7000EFF710FC0146E0687830FAF711FBE068A8
:106A800000F17808607801287ED00228E8687CD080
:106A90005FF00A01EFF7FEFB074601464046FAF7B2
:106AA00022FB39464046FAF712FBE068883000F0D6
:106AB000FBFA0A21E868EFF7EDFB0146E068883051
:106AC000FAF711FB0A21E868EFF7E4FB0146E068FA
:106AD0008830FAF7FCFAE068903000F0E5FA14210B
:106AE000E868EFF7D7FB0146E0689030FAF7BEFBA5
:106AF000E068983000F0D8FA022103E0A0E2A2E2B8
:106B0000A3E2A5E2E0689830FAF7A1FBE0686830FC
:106B100000F0CAFAE06800216830FAF7C1FAE068CC
:106B200000216830FAF7DFFAE06800216830FAF7F0
:106B3000CEFAE068703000F0B7FA6078012803E020
:106B400088E28AE28BE28DE27ED00228E8687CD07F
:106B50005FF00201EFF79EFB0146E0687030FAF744
:106B60009FFA6078012871D00228E8686FD002216E
:106B7000EFF790FB0146E0687030FAF7B4FA6078FE
:106B8000012865D0022801E06EE270E2E8687DD05D
:106B90005FF00201EFF77EFB0146E0687030FAF724
:106BA00096FAE068283000F07FFAE068B16B283090
:106BB000FAF716FAEFF754FB0146E0682830FAF7C7
:106BC0004AFBE068FF212830FAF715FAE068303018
:106BD00000F06AFAE068B16B3030FAF701FAE06869
:106BE000B16B3030FAF737FBE06833213030FAF719
:106BF00002FAE068383000F057FA708FADF8000004
:106C0000E06800993830FAF7EBF9EFF729FB014615
:106C1000E0683830FAF71FFBE068FF213830FAF7F8
:106C2000EAF9E068403000F03FFA708FADF80000FC
:106C3000E06800994030FAF7D3F9708FADF80000A2
:106C4000E0680099403004E013E215E216E218E231
:106C500019E2FAF700FBE06833214030FAF7CBF98C
:106C6000E068483000F020FA2089ADF80000E068C4
:106C700000994830FAF7B4F9E068FF214830FAF794
:106C8000BAF9A088ADF80000009900E0FEE1E068E4
:106C90004830FAF7E0FAE068503000F005FAE08892
:106CA000ADF80000E06800995030FAF799F9E06813
:106CB000FF215030FAF79FF9A088ADF80000E06896
:106CC00000995030FAF7C7FAE068B03000F0ECF9FC
:106CD000E06857465146B030FAF793FAE068B830AA
:106CE00000F0E2F9E0680021B830FAF78AFAE068CB
:106CF000C83000F0D9F90321E868EFF7CBFA014674
:106D0000E068C830FAF7BAFA0321E868EFF7C2FA88
:106D10000146E068C830FAF7ADFAE068F03000F0FC
:106D2000C3F9E068B16BF030FAF75AF9E068FF2177
:106D3000F030FAF760F90621E868EFF7ABFA0146A0
:106D4000E068F030FAF7ACF9E0683946F030FAF76D
:106D500058FAE068E03000F0A7F9E068C821E030B8
:106D6000FAF727F9E068E83000F09EF9E06878214A
:106D7000E830FAF71EF9E06800F5807000F094F949
:106D80002089ADF8000005E029B70008D8020020EE
:106D900079310108E068009900F58070FAF70DF983
:106DA0000F21E868EFF776FA0146E06800F5807099
:106DB000FAF712F9E068012100F58070FAF708F996
:106DC000E06800F5847000F06FF9E068B16B00F5E1
:106DD0008470FAF7F2F8E06800F5987000F064F952
:106DE000E0684FF4827100F59870FAF73EF9E068B8
:106DF00000F59C7000F058F90421E868EFF74AFAB2
:106E0000404201B2E06800F59C70FAF749F9EFF7EB
:106E100027FA0146E06800F59C70FAF7E1F8E068AF
:106E200000F5A07000F040F9E068012100F5A070C5
:106E3000FAF717F9A088ADF80000E068009900F5AE
:106E4000A070FAF703F9E06800F5947000F02CF9EF
:106E5000E068002100F59470FAF7DCF80A21E86890
:106E6000EFF718FA0146E06800F59470FAF72FF989
:106E70002089ADF80000E068009900F59470FAF7F9
:106E8000E5F8E06800F5887000F00EF90321E86885
:106E9000EFF700FA0146E06800F58870FAF7E1F8CC
:106EA0000321E868EFF7F6F90146E06800F588701D
:106EB000FAF7A7F90821E868EFF7ECF90146E0686E
:106EC00000F58870FAF7B8F90221E868EFF7E2F9FF
:106ED0000146E06800F58870FAF7F9F8E06800F517
:106EE0008C7000F0E1F8E068394600F58C70FAF734
:106EF00088F90821E868EFF7CDF90146E06800F568
:106F00008C70FAF799F9E068B16B00F58C70FAF7BC
:106F100067F8E068FF2100F58C70FAF76CF8E0681C
:106F200000F5907000F0C0F80121E868EFF7B2F9C1
:106F30000146E06800F59070FAF793F8A088ADF884
:106F40000000E068009900F59070FAF77FF80221E0
:106F5000E868EFF79FF90146E06800F59070FAF7EE
:106F60009FF81220F8F700FF0146E06800F59070E6
:106F7000FAF771F9E06800F5A47000F095F80121C6
:106F8000E868EFF787F90146E06800F5A470FAF7C2
:106F900049F82089ADF80000E068009900F5A47078
:106FA000FAF72DF8E068032100F5A470FAF736F837
:106FB000E06800F5A87000F077F8A088ADF8000050
:106FC000E068009900F5A870FAF719F80221E8685E
:106FD000EFF760F90146E06800F5A870FAF722F8CB
:106FE0000121E868EFF756F9404201B2E06800F588
:106FF000A870FAF770F8E068042100F5A870FAF7B5
:107000000DF8E0684FF4C87100F5A870F9F7D1FFEA
:10701000E06800F5AC7000F047F895F82000C00774
:1070200036D002211220F8F76DFE35E01821E8680D
:107030007AE4142178E40E21E8688BE40C2189E4D9
:107040001821E868E0E41421DEE41821E868EFE4A0
:107050001421EDE41821E868F8E41421F6E40E2187
:10706000E86805E50C2103E50E21E86812E50C212E
:1070700010E50821E8686DE506216BE50821E86860
:1070800076E5062174E50821E86883E5062181E5B7
:1070900001211220F8F74EFE0146E068BDE8FC47EA
:1070A00000F5AC70FAF7D7B80349097809B1F9F7D8
:1070B0006CBFF9F760BE0000C80200202DE9F35F45
:1070C0000198F5F7E7FFFE4C4FF48039A8B1FD4970
:1070D0000198F5F719FAA0B1E1680022183101987A
:1070E000F4F730FFE1684A4608310198F4F72AFFC7
:1070F000E168F54A10310198FEE20022E16801984A
:10710000EEE7F2490198F5F7FFF9A0B3E168002234
:1071100020310198F4F716FFE16800222831019828
:10712000F4F710FFE1680022D0310198F4F70AFF6C
:10713000E168202258310198F4F704FFE168202229
:10714000D8310198F4F7FEFEE1680422A0310198DD
:10715000F4F7F8FEE1682022C8310198F4F7F2FE56
:10716000E168012238310198F4F7ECFEE1688022F1
:1071700060310198C0E2FFE7D5490198F5F7C4F9FD
:1071800028B1E168002201F5A0710198B4E2D1496B
:107190000198F5F7B9F94FF4A027DFF83C8307F120
:1071A000040A0AF1040BA8B3E1680022183101981F
:1071B000F4F7C8FEE1680422A0310198F4F7C2FE9A
:1071C000E1680822A8310198F4F7BCFEE1683A466C
:1071D00020310198F4F7B6FEBF4AE16860326031B1
:1071E0000198F4F7AFFEE168424658310198F4F790
:1071F000A9FEE1687A1C28310198F4F7A3FEE16842
:107200005246A0310198F4F79DFEE1685A46A83134
:10721000019871E2FFE7B1490198F5F775F94FF46C
:10722000003510B3E168002230310198F4F78AFE8E
:10723000E1680022B0310198F4F784FEE16804228D
:10724000A0310198F4F77EFEE1680822A831019888
:10725000F4F778FEE1682A4628310198F4F772FEC7
:10726000E1682A46B031019846E29D490198F5F758
:107270004BF94FF44036A8B3E16800223031019851
:10728000F4F760FEE1680022B0310198F4F75AFE8D
:10729000E1680422A0310198F4F754FEE168082265
:1072A000A8310198F4F74EFEE1682A46283101988A
:1072B000F4F748FEE1682A46B0310198F4F742FE3F
:1072C000E1683246F0310198F4F73CFE854DE16803
:1072D0002A46C8310198F4F735FEE1683246D031CC
:1072E0000198ABE0FFE780490198F5F70DF9E8B3A5
:1072F000E168002218310198F4F724FEE1680022C9
:1073000068310198F4F71EFEE1680022B831019857
:10731000F4F718FEE1680422A0310198F4F712FE98
:10732000E1680822A8310198F4F70CFEE1684A46AA
:1073300008310198F4F706FEE168634A10310198BC
:10734000F4F700FEE1683A4650310198F4F7FAFD8F
:10735000E1683A4601F5A4710198F4F7F3FDE1689C
:107360003A4680310198F4F7EDFD00E010E0E16865
:10737000424658310198F4F7E5FDE168524628315C
:107380000198F4F7DFFDE1685A4638310198B3E11E
:1073900056490198F5F7B8F8002856D0E168002260
:1073A00048310198F4F7CEFDE1680022B031019830
:1073B000F4F7C8FDE1680022E8310198F4F7C2FD56
:1073C000E168802260310198F4F7BCFDE168042295
:1073D000A0310198F4F7B6FD454FE1683A462831EF
:1073E0000198F4F7AFFDE1682A46B0310198F4F74F
:1073F000A9FD3F4AE1687F3260310198F4F7A2FDB0
:10740000E1683246F0310198F4F79CFDE1683246BC
:1074100050310198F4F796FDE168324601F59C7110
:107420000198F4F78FFD2F4AE168603260310198CE
:10743000F4F788FDE1683A46D8310198F4F782FD07
:10744000E1682A46D831019856E12A490198F5F7B2
:107450005BF898B3E168002218310198F4F772FDE7
:10746000E168002278310198F4F76CFDE1680022B0
:1074700001F594710198F4F765FDE1684A46083119
:107480000198F4F75FFDE1680F4A10310198F4F7B5
:1074900059FDE1683A4601F588710198F4F752FD0B
:1074A000E1682A4601F58C710198F4F74BFDE1681B
:1074B0004FF4C02201F5907101981DE025E0000015
:1074C000C8020020B09C020840000100745E04085D
:1074D000005F0408905E040820000500585E040860
:1074E000545F0408200003008C5F0408705F0408E8
:1074F00001000200EC9C0208F4F724FDE1684FF45F
:10750000E02201F588710198F6E07F490198F4F7CF
:10751000FBFF4FF4802740B3E16800221831019847
:10752000F4F710FDE1680022E0310198F4F70AFD5C
:10753000E168002290310198F4F704FDE16800222F
:1075400098310198F4F7FEFCE1680422A03101981B
:10755000F4F7F8FCE1680822A8310198F4F7F2FC8E
:10756000E1683A4628310198C6E068490198F4F785
:10757000CBFF40B3E168002218310198F4F7E2FC38
:10758000E168002278310198F4F7DCFCE168002220
:10759000D0310198F4F7D6FCE1682022D831019867
:1075A000F4F7D0FCE168202258310198F4F7CAFCC6
:1075B000E1680422A0310198F4F7C4FCE1680822D4
:1075C000A83101983AE752490198F4F79DFFB0B30A
:1075D000E168002218310198F4F7B4FCE168002258
:1075E000C0310198F4F7AEFCE168002290310198B7
:1075F000F4F7A8FCE168002201F598710198F4F70E
:10760000A1FCE1684A4608310198F4F79BFCE16867
:10761000404A10310198F4F795FCE1683A46503140
:107620000198F4F78FFCE1683B4A28310198F4F7A0
:1076300089FC394AE1681F32583101985CE0FFE764
:1076400036490198F4F760FFC8B1E168002201F5FE
:1076500080710198F4F776FCE1682A4601F58071A3
:107660000198F4F76FFCE1682A4601F584710198EE
:10767000F4F768FCE1683246F03101983CE02849B3
:107680000198F4F741FF00283BD0E168002218314F
:107690000198F4F757FCE168002278310198F4F77B
:1076A00051FCE168802260310198F4F74BFCE168FD
:1076B0000422A0310198F4F745FCE1680822A831C2
:1076C0000198F4F73FFCE1684A4608310198F4F765
:1076D00039FCE1680F4A10310198F4F733FCE16896
:1076E000104A01F5A8710198F4F72CFCE1680198A3
:1076F0004FF4002201F5AC7102B0BDE8F05FF4F781
:1077000021BCBDE8FC9F00001C5F0408AC5E0408BF
:10771000C85E040840000100010004003C5E04084B
:10772000A85F040802000700C143491C0840B0FAE2
:1077300080F0C0F11F00704718B1B0FA80F0C0F1BE
:107740002000401E70470000FEB506680446002574
:10775000728C0420C2F305120CE000BFF36800EB4A
:10776000C507DB599F0104D5A76823F07F43BB42BF
:1077700003D06D1CAA42F1D8FEBDA388442B5DD076
:107780000EDC332B4DD006DC202B57D0222B55D0CE
:10779000302B13D152E0342B43D0362B0ED14DE099
:1077A000622B41D006DC472B48D0552B46D0572BB7
:1077B00004D136E0672B34D0682B32D069B3FF296F
:1077C0002DD0D4E90302121A4A4300EB2220009084
:1077D000F068012701AA50F835001946F9F726FA92
:1077E00060B1DDE90010814208D1BDF80020BDF88C
:1077F00004309A4202D1814200D10027F068A1886A
:10780000009A50F83500F9F777FC002FB4D0A28821
:10781000A1682068F7F76EFCFEBDE068D7E7206935
:10782000D5E7FF29FBDAF8E7E0680028F7D02269FE
:10783000002ACCD08029CADB0092C9E7002901DCEC
:10784000A0892AE0FF2901DB208A26E0228AC8B22B
:1078500091B20A02A78942EA11218AB2B9B20F0293
:1078600047EA1121001D89B2C70841EA01400C49CD
:1078700042EA024208400A40121A7A4300EB5210D0
:10788000084040EA104080B2010241EA1020ADF801
:10789000080080B20290BDF80800ADF8000097E73C
:1078A0001FF8E0072DE9F04104682648A6882568FE
:1078B000E1F763FA10E0A1420BD008682268904219
:1078C00007D18868A268904203D18888A288904234
:1078D00036D01C48E1F763FA0100ECD1698C00272F
:1078E0000420C1F3051129E0EA6800EBC703D25870
:1078F000930122D5A36822F07F429A421DD12146EE
:107900001048E1F7D5FA2046F4F71AF9E86831464D
:1079100000EBC7042068F9F7D9FAE86850F8370097
:10792000F9F72CFA00280BD06068216820F07F421C
:107930002846BDE8F041F7F7B4BC7F1CB942D3D864
:10794000BDE8F08150F3002070B50468A068A288FB
:1079500000F47F0631462068F6F74CFAE060A5880F
:107960000020A08023462A463146206800F00CF80B
:10797000A580A1682068EBF763FBA1880068E26836
:10798000BDE87040F9F7B8BB2DE9FF5F07469A469E
:107990000E4600252548E1F709FA04464FF4702801
:1079A0004FF004093CE054453CD021461F48E1F724
:1079B000FAF983462068B84231D1A068B04201D0BC
:1079C00046452CD1A1880298814203D0A0F57F4181
:1079D000FF3924D1002511E0F86809EBC5014158B1
:1079E0008A010AD5464503D021F07F41B14204D136
:1079F00050F83500A188F9F769FA6D1C788CC0F34E
:107A00000510A842E8D800212046ECF7A1FB21464A
:107A10000648E1F74DFA2046F4F792F801255C4656
:107A2000002CC0D104B02846BDE8F09F50F30020E0
:107A30002DE9F84F92468B46044600216E22F6F758
:107A4000D9F906B2204600216D22F6F7D3F905B226
:107A500016B9B5F5807F62D0204600216F22F6F777
:107A6000C9F9ADF80000204600217022F6F7C2F9EE
:107A7000ADF80200BDF900006427C0F341314FF4B6
:107A8000FA684FF47A79012915D120F4C0404045B5
:107A900011DC04F11400EDF710F90146BDF9000006
:107AA00020F4C040484501DDC0F57A70414391FBA8
:107AB000F7F0ADF80000BDF90200C0F34131012933
:107AC00011D120F4C04040450DDC618BE28A891A57
:107AD000491C09B2484501DDC0F57A70414391FB6C
:107AE000F7F0ADF80200A08ABDF80010BAF1000F5F
:107AF0000844ADF80000E08ABDF802100844ADF873
:107B0000020006D0704206B24FF4803090FBF5F0D0
:107B100005B26B462A4631465846F8F73DF9BDE8AE
:107B2000F88FF0B5D0E90646059D4FF480772EB961
:107B3000BC4203D108021860100239E0B0F928C035
:107B4000A1EB0C01B0F92AC0A2EB0C029EB1BC4221
:107B50001AD1446906694C4306FB1244066A06EBD7
:107B6000A4041C6003694B434169406A01FB023174
:107B700000EBA1001CE0066A01FB04611960416A88
:107B8000806902FB001013E0466907694E4307FB5A
:107B900012666643046A04EBA6241C6003694B4327
:107BA000416901FB02318269406A514300EBA12027
:107BB0002860F0BD00880988401A70472DE9F0411F
:107BC00086B00646F2F7E6FD050072D03046F1F7C2
:107BD000F7FC044690F8540080076AD52846F2F76F
:107BE0001AFE022865D02846F2F715FE042860D058
:107BF0006946606AF5F7D3F903A92846F2F7E0FD74
:107C000004A92846F2F70CFEBDF90C10002950DB40
:107C1000BDF90E0000284CDBBDF80020891AADF834
:107C20000810BDF80210401AADF80A003046F1F70E
:107C300089FC0646606AF6F795FA0146606ABDF966
:107C4000082000270546002A01DA01200EE08A42BA
:107C500002DB47F6FF77F8E702A9F2F775FF87B274
:107C600002A9606AF3F794F980F0010094F86010BB
:107C70004FF6FF788A0723D550EAC1724FF440705F
:107C800001D1012E08D0C9071ED0022E12D0032E1A
:107C900012D0082E10D019E0C4E9167894F86010BC
:107CA00041F00102014684F860202046F4F7E4FC2C
:107CB00006E03FE0E76503E001462046F4F7F6F80A
:107CC00094F86000C00701D1012E33D13946204617
:107CD000F9F7D0FF94F86000C0072BD0D4E9161054
:107CE000814208D9EA6B824202D12A6C8A4218D0BA
:107CF000E863A06D11E008D2EA6B8A4202D12A6CD7
:107D000082420ED0E963E06D07E0E96B40468142B4
:107D100002D1296C814204D0E86328642046F6F73A
:107D20000DFD032E01D0082E04D114F8600F20F0B1
:107D30000100207006B0BDE8F081D0E90132016990
:107D40009A60D0E901235A604A68824201D1826870
:107D50004A60002202610868401E08600868704797
:107D600001488068704700007801002070470000DB
:107D700001A0EAF7BFFAFEE74170706C69636174B5
:107D8000696F6E206D616C6C6F63206661696C65F4
:107D90006400000001A0EAF7ADFAFEE70D0A212118
:107DA0002120537461636B204F766572666C6F7728
:107DB00020696E202573202121210D0A000000007A
:107DC000704700002DED088B9EB0DFED70AA04A96E
:107DD0000020DBF79DF907A90120DBF799F99DED5C
:107DE000070AB8EEC00A9FED6A9AB3EE061AF0EEE3
:107DF0006A0A20EE090ADDF796F9664C84ED000A5E
:107E00009DED040AB8EEC00A20EE090ADFED62BA61
:107E1000F0EE6A0AB0EE6B1ADDF785F984ED010A1F
:107E200094ED000ADEF7B0FAB0EE041AF0EE6A0A3A
:107E3000DDF779F9B0EE40AA94ED010A9FED57BA4B
:107E4000B0EE041AF0EE6A0A20EE0B0ADDF76BF9C9
:107E5000DFF84C81F0EE409A002704A90020DBF700
:107E600057F907A90120DBF753F99DED070AB3EE97
:107E7000061AF0EE6A0AB8EEC00A60EE098A9DEDB5
:107E8000040AB8EEC00A20EE098AB0EE680ADDF7EF
:107E90004AF984ED000AB0EE6B1AF0EE6A0AB0EE11
:107EA000480ADDF740F9F5EEC08A84ED010AF1EEEB
:107EB00010FA07D23BA0EAF71DFA07A9012007979D
:107EC000DBF788F9B5EEC08AF1EE10FA07D238A0D8
:107ED000EAF710FA04A900200497DBF77BF994ED88
:107EE000000ADEF751FAB0EE041AF0EE6A0ADDF786
:107EF0001AF9B0EE408A94ED010AB0EE041AF0EEE1
:107F00006A0A20EE0B0ADDF70EF9F0EE408A6846A9
:107F1000EBF710F99DE807000AAB83E807008DED49
:107F20000B8ACDED0C8A0AA8FCF716FD38EE4A0A3A
:107F3000B0EEC00A10EE101A414507DC38EEE90A2F
:107F4000B0EEC00A10EE101A41451ADD606801F06B
:107F50006FFD05460E46206801F06AFD0A468DE871
:107F6000650016A240210DA8D8F724FB1B4800236A
:107F700001220DA9006800F051FCB0EE48AAF0EE15
:107F8000689A052000F052F967E700000000000041
:107F9000CDCCCC3D2802002000004842240C433DBB
:107FA000BD378635543320556E646572300000004D
:107FB000543220556E646572300000004375727251
:107FC000656E743D252E3266412C20566F6C7461AF
:107FD00067653D252E3266560A000000BC01002070
:107FE000124C4FF0FF352946206800F001FE0128B1
:107FF00018D18007416A0E48028903688A1A12B2B2
:108000001A44026081600B494A6A818AC368511A26
:1080100009B2194442610023C1601A46194620681A
:1080200000F0FCFB0A2000F001F9DCE7B8010020B9
:108030006484002000040040DCF736FB1E2000F0C2
:10804000F5F8F9E700F108014FF0FF32C0E901123D
:10805000C16001610021016070470021016170472A
:1080600030B50B685A1C02D000F1080202E0026928
:1080700004E02246546825689D42FAD953684B6053
:1080800099608A60516008610168491C016030BDD7
:10809000502080F31188BFF34F8FBFF36F8F0A49D1
:1080A0004868401C486001280CD10848006810F05E
:1080B000FF0F07D0502080F31188BFF34F8FBFF31D
:1080C0006F8FFEE7704700006C01002004ED00E0B8
:1080D0000849486828B1401E486001D180F31188E2
:1080E0007047502080F31188BFF34F8FBFF36F8F1D
:1080F000FEE700006C01002070B500282AD0A0F136
:1081000008046068002807DB502080F31188BFF363
:108110004F8FBFF36F8FFEE7216839B1502080F396
:108120001188BFF34F8FBFF36F8FFEE720F0004041
:10813000606000F05DF9084D606869680844686037
:108140002046FBF73FF92869401C2861BDE87040D4
:1081500001F028B870BD0000500100204FF0E02071
:1081600000210161816105494FF47A720968B1FB10
:10817000F2F1491E41610721016170470C000020A6
:1081800010B5D8F74BF9114910280ED300F1E020B3
:1081900090F8F0030A78904207D2502080F31188BB
:1081A000BFF34F8FBFF36F8FFEE709480068896800
:1081B00000F4E060884207D9502080F31188BFF3B3
:1081C0004F8FBFF36F8FFEE710BD00006C010020E2
:1081D0000CED00E0074D90B04FF0FF3422466946A9
:1081E000286800F01BFC0128F8D1694602A0EAF7D4
:1081F00081F8F3E7BC010020257300004FF47A7486
:10820000204600F013F8FBE707490120C1F82800D9
:10821000DBF764F8F9F778FE0520F9F731FE052061
:1082200000F004F8F4E700000004004810B5020074
:1082300014D00F48406B38B1502080F31188BFF341
:108240004F8FBFF36F8FFEE700F0D2F8002110468A
:10825000FAF700FF00F0A6FF002807D105494FF00C
:1082600080500860BFF34F8FBFF36F8F10BD0000C9
:108270007801002004ED00E002490A6A0260C96842
:10828000416070477801002001490120C8617047B2
:108290007801002010B50C4650B109490968183121
:1082A000FFF7DEFE2046BDE810400121FAF7D2BEFE
:1082B000502080F31188BFF34F8FBFF36F8FFEE71D
:1082C0007801002070B5040058D0226DA2B1E06C96
:1082D000884200D30146E06A88424FD0012A4DD13E
:1082E000274D2A6894420FD1502080F31188BFF3A4
:1082F0004F8FBFF36F8FFEE7502080F31188BFF3DD
:108300004F8FBFF36F8FFEE7E162A269002A02DBA5
:10831000C1F10501A1611B4E00EB8000616906EB14
:10832000800081422AD1201DFFF707FD012130B9CD
:1083300094F82C002A6901FA00F082432A61E06A6D
:108340002A6981401143296100EB800006EB80001F
:108350004068A0608168E1608268211D5160816091
:10836000E06A00EB800006EB80006061E06A00EBF1
:10837000800056F82010491C46F8201070BD0000FF
:10838000780100209C8300207CB515480025CDE9AC
:1083900000502B46802213A1144800F00DFD104C14
:1083A0002C3C012802D0401C11D00EE0502080F35C
:1083B0001188BFF34F8FBFF36F8F4FF0FF30A06274
:1083C00001206061E56000F015F9206B7CBD502054
:1083D00080F31188BFF34F8FBFF36F8FFEE700006C
:1083E000A401002049444C4500000000B9320208B5
:1083F0000248416B491C416370470000780100202E
:1084000010B51F4C606B10B10120E06110BD002061
:10841000E06120684FF0A531006B02688A4208D104
:1084200042688A4205D182688A4202D1C068884285
:1084300004D0216820683431FFF7ACFC2069114971
:10844000B0FA80F0C0F11F0000EB800051F820204E
:108450006AB101EB800000F108024168496841609F
:10846000914201D149684160C868206010BD502028
:1084700080F31188BFF34F8FBFF36F8FFEE70000CB
:10848000780100209C830020064801210170022110
:1084900041700448DEF760F8DDF79EFF6420FFF7C7
:1084A000C5FEF6E7D8890020184C194D04F20A37AA
:1084B000B4F80002B4F80212884217D0FFF7E8FDC2
:1084C000B4F80202265CB4F80202401CC0F30800B3
:1084D000A4F80202FFF7FCFD0D2E0BD00A2E09D0E6
:1084E00028783F2802D23E54401C28700A20FFF70B
:1084F0009DFEDDE7287800263E540648DDF75AFF4A
:108500002E7040210348D8F776FAEFE7E48900207F
:10851000E8010020EE8C0020044C4AF6AA264FF415
:108520007A7526602846FFF781FEFAE700300040A2
:10853000F8B50446B0F92E0010F5004F59D0B4F943
:108540002C30658D99B2A94202D201F5B4710BB2FB
:1085500094F83410C1F34101D1B301290DD002299F
:1085600047D10095B4F93220B4F93010F3F73DFA51
:1085700005B22046A28DA9B237E0E91801EBD1710E
:10858000B4F93070B4F9322041F34F06B91801EB59
:10859000D17141F34F0188420CDA0A462B46394625
:1085A0000096F3F722FA05B2A9B22046ECF7B5FA25
:1085B000B1B209E000933346F3F717FA05B2B1B24E
:1085C0002046ECF7AAFAA9B22046ECF76DFA0EE0C5
:1085D000FFE70093B4F93220B4F930102B46F3F7DB
:1085E00004FA05B2AAB22046618DECF751FAA4F85C
:1085F0004050F8BD1CB537480168374A914207D151
:10860000502080F31188BFF34F8FBFF36F8FFEE7C9
:1086100000683149491E884207D1502080F31188F3
:10862000BFF34F8FBFF36F8FFEE72C49087801909F
:10863000FF20087008788DF800009DF800009DF874
:10864000002000F0F000904207D0502080F3118805
:10865000BFF34F8FBFF36F8FFEE79DF80000204CF4
:1086600000F0500020700720A06005E09DF8002079
:1086700052008DF80020401E9DF800201206F5D40F
:10868000A060032807D0502080F31188BFF34F8FDC
:10869000BFF36F8FFEE74FF44070A0600198087041
:1086A0000C482030016841F470010160016841F01C
:1086B00070410160FFF752FD00206060D7F776FE41
:1086C0000848016841F040410160D7F75BFE002097
:1086D0001CBD000000ED00E071C20F4100E400E0AD
:1086E0006C01002034EF00E010B5024600210120AB
:1086F00000F00CF8041E07D00021816001600B46D9
:108700000A46C16000F08AF8204610BD2DE9F0410C
:1087100017460E46050020D04FF0FF30B0FBF5F0B5
:10872000B0421AD305FB06F010F1510F15D85030A6
:10873000FAF7D4FE04000CD004F150005EB12060C2
:10874000C4E90F562046012100F010F8204684F8B5
:108750004C70BDE8F0812460F2E7502080F311886E
:10876000BFF34F8FBFF36F8FFEE700002DE9F0419D
:108770000F4604004FF001062DD0E06B98B3B51EF4
:10878000B5FBF0F1206C81423ED3FFF781FCD4E9C8
:108790000F20216802FB0011A1600021A163216864
:1087A00061600A46D4E90F01401E00FB012120460A
:1087B000E16000F8445F457004F11000A7B1FFF7D5
:1087C00041FC04F12400FFF73DFC00BFFFF780FCF3
:1087D0003046BDE8F081502080F31188BFF34F8F01
:1087E000BFF36F8FFEE70FE021690029EED000F0A4
:1087F0006BFC0028EAD008494FF080500860BFF3B6
:108800004F8FBFF36F8FE1E7502080F31188BFF3E4
:108810004F8FBFF36F8FFEE704ED00E02DE9FF47B8
:1088200082B01D468A464FF00008040003D0BAF11A
:10883000000F08D011E0502080F31188BFF34F8F54
:10884000BFF36F8FFEE7206C38B1502080F31188A2
:10885000BFF34F8FBFF36F8FFEE7404F4FF000091C
:108860004FF08056022D0AD1E06B012807D050202E
:1088700080F31188BFF34F8FBFF36F8FFEE7FFF7D1
:1088800007FCA06BE16B884207D3022D05D004984A
:10889000D0B1B8F1000F1AD01EE02A46514620464A
:1088A000FAF7A7FC616A19B104F1240000F00CFC8E
:1088B00020B13E60BFF34F8FBFF36F8FFFF708FC0F
:1088C000012006B0BDE8F087FFF702FC22E0684611
:1088D000FFF7D2FC4FF00108FFF7FAFBFFF788FD26
:1088E000FFF7D6FB94F94400401C01D184F8449072
:1088F00094F94500401C01D184F84590FFF7E8FB4E
:1089000004A9684600F01AFA30B12046FAF7B0FD23
:1089100000F048FC0020D4E7FFF7BAFBA06BE16B46
:10892000884213D1FFF7D4FB04F110000499FFF73C
:10893000B1FC2046FAF79CFD00F034FC00289ED1E3
:108940003E60BFF34F8FBFF36F8F98E7FFF7C0FB19
:108950002046FAF78DFD00F025FC90E704ED00E0DD
:108960002DE9F0410F46040009D0206C78B1502069
:1089700080F31188BFF34F8FBFF36F8FFEE7502056
:1089800080F31188BFF34F8FBFF36F8FFEE720682E
:1089900048B9A06838B1502080F31188BFF34F8FD9
:1089A000BFF36F8FFEE7FFF7EBFB5020EFF311866D
:1089B00080F31188BFF34F8FBFF36F8FA06BE16B14
:1089C000814226D994F94550401CA063681C0AD006
:1089D000FFF7C6F9854204D27F2D12D06D1C84F8B2
:1089E0004550012016E0606A0028FAD004F1240006
:1089F00000F06AFB0028F4D0002FF2D0012038608C
:108A0000EFE7502080F31188BFF34F8FBFF36F8FD4
:108A1000FEE7002086F31188BDE8F0812DE9F747D5
:108A2000002683B08A46040008D0DFF80881B146EA
:108A30004FF08057BAF1000F08D011E0502080F3BA
:108A40001188BFF34F8FBFF36F8FFEE7206C38B1F3
:108A5000502080F31188BFF34F8FBFF36F8FFEE775
:108A6000FFF716FBA56BC5B151462046FAF7AEFBE2
:108A70006D1EA563206950B104F1100000F024FBC5
:108A800028B1C8F80070BFF34F8FBFF36F8FFFF7A7
:108A90001FFB012006B0BDE8F087059808B11EB1A4
:108AA00006E0FFF715FB27E06846FFF7E5FB012628
:108AB000FFF70EFBFFF79CFCFFF7EAFA94F944007E
:108AC000401C01D184F8449094F94500401C01D128
:108AD00084F84590FFF7FCFA05A9684600F02EF9E6
:108AE000002820460AD0FAF7C3FC00F05BFB2046C2
:108AF000FAF78EFC0028B3D00020CBE7FAF788FC09
:108B000090B104F124000599FFF7C4FB2046FAF761
:108B1000AFFC00F047FB0028A2D1C8F80070BFF3FB
:108B20004F8FBFF36F8F9BE72046FAF7A1FC00F051
:108B300039FB95E704ED00E02DE9F04790468946C2
:108B4000040003D0B9F1000F08D011E0502080F3E9
:108B50001188BFF34F8FBFF36F8FFEE7206C38B1E2
:108B6000502080F31188BFF34F8FBFF36F8FFEE764
:108B7000FFF706FB5020EFF3118680F31188BFF357
:108B80004F8FBFF36F8FA76B67B394F9445049467B
:108B90002046FAF71BFB7F1EA763681C0AD0FFF76D
:108BA000DFF8854204D27F2D14D06D1C84F8445028
:108BB000012018E020690028FAD004F1100000F02C
:108BC00083FA0028F4D0B8F1000FF1D00121C8F8E1
:108BD0000010EDE7502080F31188BFF34F8FBFF3F3
:108BE0006F8FFEE7002086F31188BDE8F087000054
:108BF0002DE9F343002683B0040035460ED0DFF89C
:108C00003881206CB1464FF0805778B1502080F306
:108C10001188BFF34F8FBFF36F8FFEE7502080F3B3
:108C20001188BFF34F8FBFF36F8FFEE7FFF730FA66
:108C3000A06BC8B1401EA063206810B9FAF7B4FC5D
:108C4000A060206950B104F1100000F03DFA28B195
:108C5000C8F80070BFF34F8FBFF36F8FFFF738FA7C
:108C6000012005B0BDE8F083049808B11EB106E00C
:108C7000FFF72EFA5EE06846FFF7FEFA0126FFF7DF
:108C800027FAFFF7B5FBFFF703FA94F94400401CFD
:108C900001D184F8449094F94500401C01D184F836
:108CA0004590FFF715FA04A9684600F047F8002838
:108CB000204612D0FAF7DCFB00F074FA2046FAF7EF
:108CC000A7FB0028B2D075B3FFF7E2F9606A58B38A
:108CD000206B0068C0F1050128E0FAF799FBE0B1CC
:108CE000206838B9FFF7D4F9A06800F095F9054677
:108CF000FFF7EEF904F124000499FFF7CBFA2046C0
:108D0000FAF7B6FB00F04EFA00288FD1C8F80070D1
:108D1000BFF34F8FBFF36F8F88E72046FAF7A8FBAA
:108D200000F040FA82E705E0FFE70021A068FFF7C6
:108D3000C9FA9DE7002094E704ED00E02DE9F04139
:108D40000C46050014D0DCB1FFF7A2F9194EF26809
:108D50006B682068D11A471C1AD02F68D6F820C03B
:108D60000026674516D0934214D8012526601BE0E3
:108D7000502080F31188BFF34F8FBFF36F8FFEE752
:108D8000502080F31188BFF34F8FBFF36F8FFEE742
:108D9000002509E0884205D9401A20602846FFF7DF
:108DA0006BFAF5E701252660FFF792F92846BDE842
:108DB000F0810000780100202DE9FF5F8346DDE9A6
:108DC0000E87994616468A469000FAF787FB0500FB
:108DD0001DD05C20FAF782FB040015D05C21D7F788
:108DE0002CFE25630021CDE90241CDE900874B46E9
:108DF000324651465846FAF791FA2046FAF76EF98C
:108E0000012004B0BDE8F09F2846FFF775F94FF048
:108E1000FF30F6E72DE9F0414F4C0026606B38B18A
:108E2000A069401CA061FEF7CBFF3046BDE8F08191
:108E3000E5686D1CE56013D1A06B006838B1502067
:108E400080F31188BFF34F8FBFF36F8FFEE7A06BE6
:108E5000E16BA163E063206A401C2062FAF7E6FA46
:108E6000A16A3E488D420FD34FF0000EA16B0968F6
:108E700039B1A16BC968C9684A68954210D2A2622B
:108E800002E04FF0FF31A1622168C96A01EB810164
:108E900050F82100012800D90126A069F0B355E05F
:108EA000D1E902724B69BA60D1E902277A605F6842
:108EB0000A1D974201D1CF685F60C1F814E01F68B6
:108EC0007F1E1F60D1F828C0BCF1000F15D0D1E97A
:108ED00007379F60D1E907377B60DCF8047001F148
:108EE00018039F4202D10B6ACCF80430C1F828E085
:108EF000DCF800305B1ECCF80030CB6A0127D4F8D8
:108F000010C09F4047EA0C07276103EB830300EB87
:108F100083035B688B609F68CF6000E014E09F680C
:108F20007A609A60CA6A02EB820200EB82034B61AC
:108F300050F822305B1C40F82230C96A2268D26A9D
:108F4000914293D9012691E7FEF73AFFE0690028A4
:108F50003FF46BAF012668E7780100209C83002076
:108F600070B504004FF000014FD0294D28688442AD
:108F700007D0502080F31188BFF34F8FBFF36F8F5E
:108F8000FEE7206D38B1401E2065E36CE26A9A422C
:108F90003BD040B139E0502080F31188BFF34F8FB0
:108FA000BFF36F8FFEE7201DFEF7C7FE012130B92A
:108FB00094F82C002A6901FA00F082432A61E06CDF
:108FC000E062C0F10500A061E06A2A6981401143B6
:108FD0002961104900EB800001EB80004068A0602F
:108FE0008268E2608368221D5A608260E06A00EB5A
:108FF000800001EB80006061E06A00EB800051F8C6
:109000002020521C41F820200121084670BD00009C
:10901000780100209C83002070B504004FF0000010
:1090200047D0274DE16A2A68D26A914242D2A069AC
:10903000002804DB2868C06AC0F10500A061214E49
:1090400001EB8101606906EB810188422DD1201D71
:10905000FEF773FE012130B994F82C002A6901FA59
:1090600000F082432A612868C06AE0622A69814070
:109070001143296100EB800006EB80004068A0608E
:109080008168E1608268211D51608160E06A00EBC7
:10909000800006EB80006061E06A00EB800056F81B
:1090A0002010491C46F8201002E02868C06AE062DF
:1090B000012070BDE16C2A68D26A9142F8D370BD7C
:1090C000780100209C83002070B5C068C06850B350
:1090D000D0E90732816A9A60D0E907235A604A686A
:1090E00000F118039A4201D1026A4A6000258562A4
:1090F0000A68521E0A6029494A6B0124DAB1284DD8
:109100006A68C26196680662966873609360856259
:109110002A68521C2A60C06A0A68D26A90423AD908
:109120000120CC6170BD502080F31188BFF34F8FB8
:10913000BFF36F8FFEE7D0E902634269B360D0E905
:10914000023673605668031D9E4201D1C6685660A0
:10915000456115686D1E1560C26A0E6904FA02F554
:1091600035430D610E4D02EB82028C3D05EB820210
:10917000526882609668C660966873609360C26A3F
:1091800002EB820205EB8203436155F822305B1C3F
:1091900045F82230BFE7002070BD000078010020B4
:1091A000288400202DE9F041464D00242746686BB5
:1091B00038B1FEF76DFF686B401E6863686B40B1A5
:1091C0007AE0502080F31188BFF34F8FBFF36F8F89
:1091D000FEE7A8683C4B00264FF00108F0BB6BE0AF
:1091E000D868C468D4E90721A06A9160D4E907125D
:1091F0005160426804F118018A4201D1216A41603C
:10920000A6620168491E0160D4E90221606991608B
:10921000D4E9021251604268211D8A4201D1E268FC
:10922000426066610268521E0260E26AD5F810C0B0
:1092300008FA02F040EA0C00286102EB8200224AA0
:109240008C3A02EB80004068A060D0F808C0C4F8F7
:109250000CC0D0F808C0CCF8041000E012E0816027
:10926000E06A00EB800002EB8001616152F820109F
:10927000491C42F82010E06A2968C96A884201D373
:10928000C5F81C8018680028AAD10CB1FAF7CEF8EE
:10929000AC693CB1FFF7BEFD08B1C5F81C80641E87
:1092A000F8D1AE61E86938B108490127380708608C
:1092B000BFF34F8FBFF36F8FFEF70AFF3846BDE84D
:1092C000F0810000780100202884002004ED00E0F7
:1092D00010B500290AD00878002807D0054878443E
:1092E000D7F7D2FB002801D0002010BD02487844F7
:1092F00010BD000066D001005ED0010010B500294D
:109300000AD00878002807D005487844D7F7BCFB76
:10931000002801D0002010BD0248784410BD000094
:1093200056D001004ED0010021F00042A2F160525F
:10933000B2F5801F01F0004328BFD2F17F6C0BD93A
:109340005FEA001C43EAC20242EB507018BF70474C
:1093500028BF20F001007047B2F5801FBCBF18463F
:1093600070474FEA410C1CF5001F02D2084600F07E
:10937000D5BB70B500F0E8F900000089FFF7F6BF33
:109380004FF00040A0F580007047000010B591EA52
:10939000030F48BF83F0004300F16882841A71EB29
:1093A000030C05D2121943EB0C03001B61EB0C01FB
:1093B000DFF824E14FEA1154A4EB135C1EEA430FDB
:1093C00018BF9EEA445F73D023EA0E03DCF1200E3F
:1093D00021EA045143F4801332D322FA0CFE10EB3D
:1093E0000E0023FA0CFE41EB0E01CCF1200E03FA25
:1093F0000EFE10EB0E0051F10001B1F5801FCCF113
:10940000200E32D201EB045112FA0EF2BDE81040E8
:1094100058BF7047401C38BF5FEA420218BF704710
:10942000002814BF20F0010041F100014FEA410380
:1094300013F5001F38BF7047A1F1C04100F0D2B949
:10944000012A43EB0302ACF1200CDCF11F0E32BF0A
:109450004FF0000E23FA0CF310EB030041EB045124
:10946000B4EB115FD0D0A1EB045101F58011490894
:109470005FEA300001EB04510ED350F1000038BF19
:1094800012FA0EFE08D1BDE81040C9E7401C38BFF3
:109490005FEA4202CAD1C3E7BDE810404FEA410388
:1094A00013F5001F38BF7047A1F1C04100F09AB911
:1094B0009EEA445F08D011EA5E0FBDE8104004BF89
:1094C00001F0004100207047BDE8104070B500F089
:1094D0003BF900BF64FBBE3E0000E0FF02494FF0D5
:1094E000000000F027BB00BF0000F87F491058BF04
:1094F000C1F140415B1058BFC3F140438B42EFF3D1
:109500000080704751EA030C17D41CF5801F58BF28
:10951000BCF5801F00F10680994218BF704708BF54
:109520009042704707D711F5801F58BF13F5801F71
:1095300019D499427047894270471CF5801F08D59D
:10954000BCF5801FF7D58B4218BF704708BF824219
:1095500070474FF4001C1CEB410F38BF1CEB430F4E
:1095600001D28B42704770B500F0EEF892244900AA
:109570004FF000514FF08053FFF7B8BF51EA030C92
:1095800017D41CF5801F58BFBCF5801F00F1068062
:10959000994218BF704708BF9042704707D711F52E
:1095A000801F58BF13F5801F19D499427047894214
:1095B00070471CF5801F08D5BCF5801FF7D58B427E
:1095C00018BF704708BF824270474FF4001C1CEB65
:1095D000410F38BF1CEB430F01D28B42704770B56F
:1095E00000F0B2F8922449004FF000514FF0805340
:1095F000FFF77CBFDFF848C170B51CEA111E1EBF23
:109600001CEA13159EEA0C0F95EA0C0F00F06F8010
:1096100081EA030423EA4C134EEAD47E21EA4C117A
:1096200041F4801143F48013AE44A1FB024CA0FB33
:109630000365AEF17F7E361955EB0C05A1FB034C9B
:109640004CF10003A0FB021C16EB0C06654153F124
:109650000003094218BF46F0010613F4007F0BD146
:109660004FEA03314FEA0530340341EA155140EA2D
:1096700016506FF003020AE04FEAC3214FEAC520FB
:10968000F40241EA555140EA56506FF0020202EBF3
:109690002E4201EB025585EACE710AD05FEA440CF6
:1096A00018BF24F0004450F1000041F1000120EA0D
:1096B000D47040F2FE7C624500D270BDA84214BF57
:1096C0004FF080444FF04044002E08BF0024BEF10C
:1096D000806FA8BFA1F1C041BDE8704080F28280D8
:1096E0004FF0000001F1C04101F0004170479EEAD7
:1096F0000C0F0CEA131518BF95EA0C0F06D04FF0AB
:10970000000081EA030E0EF0004170BD00F01CF86D
:109710008900013E00F007B800F009B84FEA430C99
:109720005FEA5C5C08D081EA030100F05BB84FEAB5
:10973000410C5FEA5C5CF6D14FF0000001497047D4
:109740000000FF070000F87F0EF1020E2EF0030E5E
:109750005EF8046B364205D4012A43EB030515F588
:10976000001F12D8012841EB010C1CF5001F0CD87A
:109770000ED14FEAD17C15F5001F0CEB4C0C0CF10F
:10978000020C08BF4CEBD37C04E04FF0080C01E066
:109790004FEAD37C0CEB4C0526FA05F606F00706DB
:1097A000B6F1040C06D20EEB860CBDE870404CF00E
:1097B000010C6047DFE80CF0090B02024FF000419A
:1097C0004FF00000A1F5002170BD19461046012898
:1097D00051EB010418BFD4F5001484BF002001F040
:1097E000004170BD0808A0F500114FEA3101704733
:1097F00053EA010C17D41CF5801F58BFBCF5801F1D
:1098000000F106808B4218BF704708BF8242704744
:1098100007D713F5801F58BF11F5801F19D48B424D
:1098200070479B4270471CF5801F08D5BCF5801F10
:10983000F7D5994218BF704708BF904270474FF460
:10984000001C1CEB430F38BF1CEB410F01D29942A7
:1098500070470FB40CBC03BCFFF7C1BE10B591EA52
:10986000030F48BF83F000433FF598AD841A71EBB6
:10987000030C07D212198CF0004C43EB0C03001BB5
:1098800061EB0C01DFF8A4E14FEA1154A4EB135C87
:109890001EEA430F18BF9EEA445F00F0B08023EA3F
:1098A0006E03524221EA0451C3EB6E0338BF5B1EC4
:1098B000DCF1200E25D322FA0CFE10EB0E0043FA49
:1098C0000CFE41EB0E01CCF1200E03FA0EFE10EB64
:1098D0000E0051F10001CCF1200E29D412FA0EF243
:1098E00001EB0451BDE8104058BF7047401C1CBF3D
:1098F000B2F1004F704700280CBF491C20F0010056
:10990000704712EB020E43EB030218BF4FF0010E3B
:109910004EEA4202ACF1200CDCF11E0E54D943FA9F
:109920000CFE10EB0E0051F1FF31CCF11E0ED5D51F
:109930000EF1010E12FA0EFE404141EB010101EB66
:10994000445C5FEA5C5C10D910EBDE7001EB045103
:1099500038BFBEF1004FBDE8104018BF7047002867
:109960000CBF491C20F00100704730D24FEAD42CC4
:1099700011F5001124F400641BD0B1FA81F20B3A06
:10998000A41AA41ED2F12003914030FA03F3194324
:10999000904001EBCC71002C01EB0451BDE810406C
:1099A000A8BF704701F1C0414FF0000001F0004135
:1099B0007047B0FA80F310FA03F100D110BDE41A39
:1099C000173C4805C90AE4E701EB045110BD4910F2
:1099D00001EB0451BDE810404FEA300002E04FF0C7
:1099E000000170474A0008BF0042F8D0B2F5001FDE
:1099F00028BF704701F000414FF0000070479EEA19
:109A0000445F07D011EA5E0FBDE8104004BF00219B
:109A100000207047BDE8104070B5FFF795FE00BF0D
:109A200040DFF63E83F00041104670470000E0FF43
:109A300043004FEAD30C4FEA3C0C43401FBF4007A2
:109A40000CF1605113F0FE4F70471CF0006F03D112
:109A500000200CF0004170470CF0004343EA5070C6
:109A600010B540EACC0000F00EF800BF00000092F4
:109A70004FEA0001FFF7B6BE4FF000414FF0000083
:109A8000A1F5002170470EF1020E2EF0030E5EF8D4
:109A9000044B244204D44FEA4102B2F17F4F11D863
:109AA0004FEA4003B3F17F4F0CD80ED14FEAD07C80
:109AB000B2F17F4F0CEB4C0C0CF1020C08BF4CEBDD
:109AC000D17C04E04FF0080C01E04FEAD17C0CEBB4
:109AD0004C0324FA03F404F00704B4F1040C06D296
:109AE0000EEB840CBDE810404CF0010C6047DFE841
:109AF0000CF0070802024FF00040A0F5800010BDF6
:109B00000846420018BFD2F1807288BF00F00040C2
:109B100010BD4FF04070E1EE100A7047FF2141EA9E
:109B2000D050C00570474FF000007047D7F75DB9BF
:109B3000D7F7A0BC0CF00F03092B08BF082000F0DA
:109B40005F800A2B0BD0082B18BF704708BF1CF092
:109B5000400F0AD04FF000004FF0000170471CF09A
:109B6000400F18BF4FF0004070471CF0100F08D096
:109B700020F0704300F07F4242EAD3014FEA437085
:109B8000704700F0604021F07F4242EA000201F09D
:109B90007F4040EA727070474FF0FF0C4CF4E06C6D
:109BA0001CEA11531CBF9CEA030C9445C2BFDA4265
:109BB00001EB02517047002B0DD0BCF1000F0FD00C
:109BC000002A01F00041A4BF41F0E04141F07F6173
:109BD0004FF00000704701F000414FF00000704767
:109BE00050EA01334FF09B0C18BF4CF0806C7FF4AF
:109BF00075AC7047D8F780B8D8F7DCB9D8F76ABB2E
:109C00001CF4801F11D01CF4E02F03D06FEACC317C
:109C1000490070474FF04050EFF3008222F070424D
:109C200042EA000282F3008870474FF0000070475C
:109C3000081C3044586C80940000000004040404A4
:109C40003838000008000000080000000002040688
:109C5000080A0C0E101400000100000002000000B1
:109C60000400000006000000080000000A000000D8
:109C70000C00000010000000200000004000000068
:109C80008000000000010000000000000000000053
:109C90000102030406070809000000000102030492
:109CA000081C3044586C8094081C3044586C8094D4
:109CB0000000000025C7010809C8010800000000D5
:109CC00045CB0108820082004A020000000001E04A
:109CD00001E000002100200069006A006C006B00B8
:109CE0006D006E006300620000000000B09C02087E
:109CF000255901087D59010800000000E1590108BB
:109D000064200401C00800000F40F30F30F20E2061
:109D1000D10300811E303C1E3B0E3B0E1507004850
:109D200003A000066058004FFFFFFF100A208400C8
:109D300000C10A30000D00B100AFFFFFFB001C00A6
:109D4000D00003A01C00000009200000920003CFF7
:109D5000FB31F7A5744E092001F9B20002BFE800FB
:109D60000097DA000924E5B4A5BA08EFFA100092CA
:109D700000000410000AC8000C10660A2076008358
:109D80000742C000570A2B200009C6685C900001FA
:109D9000C1C067000A43902A004901B04700C100D2
:109DA0007BB1009ED400005C03D00004C05C0000C6
:109DB0000CBD200003DE801001E31D78806B001DC8
:109DC000F204F413CF6006DFD62B00000000003C45
:109DD0003B3B150A71F15C0980B60C40D40C40B6CF
:109DE00009805B01F10A706B00F20B607A05C04DCF
:109DF00003E04D05C07A0B60F16B0000B0089CB524
:109E00000BF8087C9500A000000B000000F000009B
:109E10000F0002EEFEE2011F110000F0001804F135
:109E20000D03804FFD02222A04D00000340000B54B
:109E30000000F00005B0000A60000E10004C0000A9
:109E4000970000E20003D0000870000D20002D00F4
:109E500000009EE9000AD44DA01F2002F15E000020
:109E6000D56C0000C65E0000D51F2002F10AD44D5B
:109E7000A0009EE900EFF322F300F300F300F300EB
:109E8000F300F300F300F319EFC208B43AE0000066
:109E90002F100005E00002E50001D70001D8000105
:109EA000DA22218FFFFF709FFFFF01222D80000922
:109EB000B00005F200007CF8000002F200000E4B3A
:109EC0009439F13BFFC30000009B000004E1000057
:109ED0001E500000AA000005E10D401E400D408FFD
:109EE000FFFFFD12222E6200000E400CFFFF00E576
:109EF00022200F100001FFEB3002239F100000D63C
:109F000000000D69B438F12AEFC400006DFD50085F
:109F1000D523201F2000004D6DEA106FC43CA05FC8
:109F20003002F02F2002F00AC32BA001AFFA10AFCD
:109F3000FFFFBA9222D776003F10000A900001F28C
:109F400000007C00000E500005E00000C800000387
:109F5000CFEA100E812CA02F1005D00E701B90069A
:109F6000FFFF203F5018E06C0000F23F6129E00540
:109F7000CFFB2007EFC306E315E198000B87D20360
:109F8000FB0AFFD9C000108B00000D70624BD01C83
:109F9000FEA1004E02A00000000002A04D004E02F3
:109FA000A00000000001804F10D038000000021017
:109FB000004BE107DC5003F8000004BE71000029EB
:109FC000E2000000003FFFFF300000000000000240
:109FD000EEEEE20111110012000002EB4000005C05
:109FE000D6000008F2017EB402E920000000000063
:109FF0001AEFC309A32AE000003F00000AA00009ED
:10A00000C00002F10000010000028000004D0000CD
:10A010000004BDDD8100009B30006D3007A08EE89C
:10A02000D5D10D07D219F3774A0D4000F31B580F15
:10A030002000D30C580D4000F31B3A07D21AF577D5
:10A040000D008EE85FB006A000000000009B30020B
:10A0500040000005BDED600000006F30000000DD35
:10A0600090000004E3F100000B80C700001F206E89
:10A0700000008C001F5000EFEEEFB006E21114F26A
:10A080000C700000B9BFFFFB20B7112AD0B7000346
:10A09000F0B70008C0BFFFFF50B82226F2B700009B
:10A0A000C7B71115F4BFFFFD60003BEFB3005F932E
:10A0B00038E00E60000004E00000006C00000004C6
:10A0C000E00000000E600000005F9338E0003BFFFE
:10A0D000B300BFFFEA300B82239F40B700007E0B26
:10A0E000700000F3B700000E5B700000F3B70000D3
:10A0F0007E0B82239F40BFFFEB3000BFFFFF3B8200
:10A100002220B700000B700000BFFFFA0B82221064
:10A11000B700000B822220BFFFFF50BFFFFF3B8232
:10A120002220B700000B700000BFFFFA0B82221044
:10A13000B700000B700000B7000000003BEFC40048
:10A140005F9438E10E70000004E00000006C000035
:10A150000824E00000E30E60000E305F9337F30048
:10A160003BEFC400B70000B7B70000B7B70000B7B7
:10A17000B70000B7BFFFFFF7B82222C7B70000B78C
:10A18000B70000B7B70000B7B7B7B7B7B7B7B7B73B
:10A19000B704FFFF00225F00003F00003F00003FC8
:10A1A00000003F00004E0D52BA05DFB2B70007D1E4
:10A1B000B7005E20B704E300B73E4000B9EF2000CF
:10A1C000BF89D000BA00CA00B7001E70B70003F301
:10A1D000B700000B700000B700000B700000B70064
:10A1E000000B700000B700000B822220BFFFFF00B1
:10A1F000B8000001F3BF100009F3BEA0002EF3B7B2
:10A20000E300B7F3B67B04D0F3B60D4C50F3B605BC
:10A21000FC00F3B600B300F3B6000000F3B9000091
:10A22000B7BF5000B7BCF200B7B7AD00B7B70D90DD
:10A23000B7B702F5B7B7006FD7B7000AF7B7000096
:10A24000D7003BEFB40005F9338F600E600005F1D5
:10A250004E000000D56C000000B74E000000D50E87
:10A26000600005F105F9338F60003BEFB400BFFFDC
:10A27000D800B8225D90B70004E0B70003F0B70043
:10A280002CA0BFFFFA10B8220000B7000000B700F2
:10A290000000003BEFB40004F9338F600E6000054E
:10A2A000F14E000000D56C000000B74E000000D653
:10A2B0000F600005F105F8327F60004CFFC500001B
:10A2C000000CB028000001BFE50000000000BFFF47
:10A2D000D800B8225D90B70004E0B70003F0B700E3
:10A2E0001BB0BFFFFB10B822B900B7001F30B7008A
:10A2F00007D003CFEB31F723744E000001F92000A3
:10A3000002BFD7000004CA000004E5B423BB08DF85
:10A31000EA10FFFFFFF223F322001F100001F100FB
:10A32000001F100001F100001F100001F100001FCC
:10A330001000D60000E4D60000E4D60000E4D60009
:10A3400000E4D60000E4C70000F39A0002F12F8376
:10A350005DA004CFD8000C700000D506E00004E03A
:10A3600000F4000A80009B001F20002F207B0000CB
:10A370000C80E4000005E5E0000000EE7000000045
:10A380008F10007C0000E80002F02F1003FD000792
:10A39000A00D60089F200C5008B00E3B701F0003FA
:10A3A000F03E06C06B0000E58901F1B600009AD4CA
:10A3B00000B7F100004FE0006FC000000FA0001FC9
:10A3C00070005F1000E50AB009A001E64E10004FD2
:10A3D000E400000DE000007DD80002F32F300C8077
:10A3E00007D08D0000C90C80000A803F1003E000F8
:10A3F000AA00C60001F35D000007CE4000000EB0C9
:10A40000000000B70000000B70000000B700006FF4
:10A41000FFFFF5022229D000003F300001E60000D6
:10A420000BA000008D000004F200001E8222217F9C
:10A43000FFFFF8BFCB60B60B60B60B60B60B60B623
:10A440000B60B60B60BFC03500002E00000D300061
:10A4500008800003D00000D200008700003C00000C
:10A460000E100009700004C00000E10000A6CFB08B
:10A470007B06B06B06B06B06B06B06B06B06B07BAC
:10A48000CFB00007000005E50000B4B0002C0C20A0
:10A4900008606800D000D0DDDDDD271005C108DFD1
:10A4A000C300A429D000001F108DEEF24E100F241F
:10A4B000E007F209ED8F20E400000E400000E40008
:10A4C000000E7CFC40EF528F2E6000B8E40008AE16
:10A4D0006000B8EF528F2E6DFC4002BFE800DA2416
:10A4E000C35D000007B000005D000000DA24D30265
:10A4F000BFE800000001F1000001F1000001F102DD
:10A50000BFD6F10E923DF15D0004F17B0001F15DDB
:10A510000003F10E912DF102BFE6F102BFD500E874
:10A5200014E45C0006B7FEEEEC5D000000E923A237
:10A5300002BFE90001CF609A110B600DFFF30B60C1
:10A5400000B6000B6000B6000B6000B60002BFE66C
:10A55000E20EA23CF25D0002F27B0000F25D00021E
:10A56000F20EA23DF202BFE5F2000002F00C623BE7
:10A57000A006DFEA10E400000E400000E400000E38
:10A580007DFC20EE42AC0E6002F0E4000F1E4000A5
:10A59000F2E4000F2E4000F20D40820000E40E4075
:10A5A000E40E40E40E40E4000D5000720000000094
:10A5B000D4000D4000D4000D4000D4000D4000D464
:10A5C000000D4022F20DF800E400000E400000E40F
:10A5D00000000E400BA0E40BB00E4BC000EEFD00DF
:10A5E0000EC1D900E402F40E4006E1E4E4E4E4E440
:10A5F000E4E4E4E4E4E7DFB29EE80ED32CFB23E5D9
:10A60000E6004F10099E4003F0008AE4003F000876
:10A61000AE4003F0008AE4003F0008A0E6DFC20E6F
:10A62000E41AC0E6001F0E4000F1E4000F2E4000C7
:10A63000F2E4000F2002BFE8000EA23E805D00049D
:10A64000F07B0001F15D0004F00DA23E8002BFE846
:10A6500000E7DFC40EF416F2E6000A8E40008AE737
:10A66000000B8EF528F2E6CFC40E400000E4000097
:10A670000E40000002BFD5F10EA23EF15D0004F1D4
:10A680007B0001F15D0004F10EA23EF102BFD5F1A5
:10A69000000001F1000001F1000001F1E6D8EE61D7
:10A6A000E700E400E400E400E40009EFC26D226189
:10A6B0007D200009FE910002C95622B84CFEA0057B
:10A6C0003000B600DFFF30B6000B6000B6000B6054
:10A6D00000AA1102DF60F3002F0F3002F0F3002F09
:10A6E0000F3002F0E4004F0AB22CF01BFE6F000D99
:10A6F00050009806C000F201F206B000A80C50000D
:10A700003E3E00000DD8000006F200C5003F1007D5
:10A7100086A009F600D31F00E7B02D00B54C0E1837
:10A720008006A960A6D3001FE104ED0000BB000E67
:10A7300080005D004E10A91E4001ED900008F10060
:10A7400002EBA000C70D607C003F200D5000980771
:10A75000B000E201F205C000A70B50004D1E000042
:10A760000EB9000008F3000005D000052C60001CA5
:10A77000F900007FFFFB0002F3000C70009B000457
:10A78000E1001E50008FFFFD00BF04E105C005C0C1
:10A7900005C006C04F6008C005C005C005C004E183
:10A7A00000BFB5B5B5B5B5B5B5B5B5B5B5B5B5CDEC
:10A7B000100C7009900990099008A003F708B009DF
:10A7C00090099009900C80CD200BE80A33918DA060
:10A7D00006B7038084640373808406B7000422FEF6
:10A7E0000DA0000000000012000000037CFF00002C
:10A7F00059EFFFFF000EFFFFFFFF000FFFFD848FEB
:10A80000000FD720008F000F8000008F000F800006
:10A81000008F000F80007BDF023F8006FFFFAFFF4D
:10A820008002EFF9EFFF6000021029A7000000008E
:10A83000B4DFFFFFFD4BE8E722227E8EC0C500009B
:10A840006C0CFCF611117FCFC0CFFFFFFB0CFCF6A8
:10A8500011117FCFC0C500006C0CE8E722227E8E6C
:10A86000B4DFFFFFFD4BDFF69FFFFFFDFFF8CFFFDB
:10A87000FFFFEFF6AFFFFFFE132003333331FFF787
:10A88000BFFFFFFFFFF8CFFFFFFFFFF7BFFFFFFF97
:10A89000132003333331EFF6AFFFFFFEFFF8CFFF96
:10A8A000FFFFDFF6AFFFFFFD0000000003D4000054
:10A8B00000003FFE00000003FFF44D30003FFF406A
:10A8C000EFF303FFF4004FFF6FFF400004FFFFF4BE
:10A8D0000000004FFF4000000003D3000000140000
:10A8E00000220DF7004FF19FF74FFD00AFFFFD1065
:10A8F00000BFFE10004FFFF7004FFDAFF70EFD1039
:10A90000AFF25B1000990000000770000000320FEA
:10A91000F0240005FC0FF0CF501FF40FF05FF17F23
:10A92000800FF008F7BF200FF002FBCF100EE00100
:10A93000FCAF40011004FA5FB000000BF60DFA10F6
:10A9400001AFD002DFFCCFFD200008EFFE91000038
:10A95000000110000000001441000000007FF7001B
:10A96000000343DFFD34300EFFFFFFFFE06FFFFB0E
:10A97000BFFFF61BFF7007FFB107FF2002FF701B30
:10A98000FF7007FFB16FFFFBBFFFF60EFFFFFFFF7A
:10A99000E00342CFFC233000007FF70000000004FA
:10A9A0004100000000007303830000001DFF67F7F3
:10A9B000000003EE5AFEF700006FD3B57FF70009E1
:10A9C000FB3DFF85FE30BF95FFFFFB3EF4766FFF3A
:10A9D000FFFFD2A100CFFFFFFFF40000CFFA02FF7C
:10A9E000F40000CFFA02FFF40000AFF801FFF3001B
:10A9F00000002772000000007FF7000000008FF8C1
:10AA0000000000008FF8000000008FF8000000DF59
:10AA1000FFFFFD00004FFFFFF4000004FFFF4000B8
:10AA200023335FF53332FFFFA44AFFFFFFFFFCCF64
:10AA3000FFFFFFFFFFFF5C8F9AAAAAAAAAA8004FF8
:10AA4000FFFFFFB00001ED888889F8000AF20000DE
:10AA500000AF305F700000001EC0EF886000288BE0
:10AA6000F6FFFFF300BFFFF8FFFFFFFFFFFFF8FF58
:10AA7000FFFFFFFFFFF7BFFFFFFFFFFFF400000135
:10AA80001000590019EFFD709F03EFDA9DFEBF0E15
:10AA9000F600005FFF7F70003FFFFF6900002AAAF9
:10AAA000A9000000000000AAAAA20000A6FFFEF371
:10AAB0000007F7FFF500007FE0FBEFD9ADFE30FAAD
:10AAC00008EFFE910095000110000000002A00022E
:10AAD000EF788EFFFFFFFFFFFFFFFFFFFFDFFFFFAE
:10AAE0000007FF00007F00000100002A0000002E88
:10AAF000F000788EFF030FFFFFF0BAFFFFFF03FFA8
:10AB0000FFFFF0AADFFFFF0400008FF00000008FBE
:10AB10000000000010000000000000000000000025
:10AB20000006D20000002A00118E100002EF007D06
:10AB30002B90788EFF030AB3F0FFFFFF0BA1F1E328
:10AB4000FFFFFF03F0E3C5FFFFFF0BA1F1E3DFFF12
:10AB5000FF030AB3F00007FF007D2B9000007F0089
:10AB6000119E100000010006D2000000000000004D
:10AB700000BFFFFFFFFFFBFD5BFFFFFFFFF501FFD6
:10AB8000FFEFFFFB18FFF61CFFFFFCFF6001DFFF7C
:10AB9000609600008FF9000000008FFC888888888C
:10ABA000CFBFFFFFFFFFFB000240000000CF1000FF
:10ABB000003FF700000AFFE00004FFFF8000EFFF06
:10ABC000FF308FFFFFFC0EFFFFFFF2F9CFFFFF3DCD
:10ABD000C5FFFFF16FA3BFFA008FFFFB00002674D3
:10ABE0000000580000359F1005FE9F106FFE9F1754
:10ABF000FFFE9F9FFFFE9FFFFFFE9FEFFFFE9F2D2B
:10AC0000FFFE9F10CFFE9F100BFE8F00009B0000E9
:10AC1000000046000000000FFD40000000FFFFA103
:10AC200000000FFFFFF70000FFFFFFFD500FFFFFC9
:10AC3000FFFFB1FFFFFFFFFF6FFFFFFFFFB1FFFF50
:10AC4000FFFD400FFFFFF70000FFFFA100000FFD19
:10AC500040000000360000000000AFFE30AFFE3FB5
:10AC6000FFF70FFFF7FFFF80FFFF8FFFF80FFFF8E1
:10AC7000FFFF80FFFF8FFFF80FFFF8FFFF80FFFF50
:10AC80008FFFF80FFFF8FFFF80FFFF8FFFF70FFF29
:10AC9000F748981048981048888888881FFFFFFF59
:10ACA000FFF7FFFFFFFFFF8FFFFFFFFFF8FFFFFF33
:10ACB000FFFF8FFFFFFFFFF8FFFFFFFFFF8FFFFF8B
:10ACC000FFFFF8FFFFFFFFFF8FFFFFFFFFF7AFFF63
:10ACD000FFFFFE30260000587FA000BF8FFB00BFA3
:10ACE0008FFFC1BF8FFFFDCF8FFFFFFF8FFFFFEFF4
:10ACF0008FFFF4BF8FFF40BF8FE300BF5D2000AE2A
:10AD00000000000000000370000000003FFA000097
:10AD10000002EFFF9000001EFFFFF80001DFFFFFC1
:10AD2000FF700CFFFFFFFFF40DFFFFFFFFF5013485
:10AD3000444444300DFFFFFFFFF50FFFFFFFFFF816
:10AD40000CFFFFFFFFF5000003100005FB0005FFEF
:10AD50004005FF4005FF5003FF50000BFC10000BA7
:10AD6000FC10000CFC10000CFB00000A500310004B
:10AD700003FC10000BFC10000BFC10000BFC10007F
:10AD80000DFB0005FF5005FF5005FF5003FF50006D
:10AD90000A500000000069100000000DF5000000DE
:10ADA00000EF600000000EF600005888FFB8881F12
:10ADB000FFFFFFFFF79BBBFFDBBB30000EF6000081
:10ADC0000000EF600000000EF6000000009D200073
:10ADD0000046666666661FFFFFFFFFF7ADDDDDDD3F
:10ADE000DD400003ADFFC70000009FE624AFE30095
:10ADF0000BFF207709FF407FF900CFA1FFE1EFF6BD
:10AE00007FFFF0EFF78FF93FFFC1FFE10BFF26CA8D
:10AE100019FF40009FE624AFE30000039DFFC70039
:10AE2000003200000000000000DF500000000000C1
:10AE3000001CF84AEFEB500000009FFD525DFC1033
:10AE4000000005FE4A70CFE1000B802DFFF74FFB9D
:10AE5000002FFB00AFFB2FFF300BFF5007FE7FFBE7
:10AE60000001DFC0003EFFE100001BFC4201BFA06B
:10AE70000000005BEFB008FC100000000000004F75
:10AE8000E00000000000000240000000031000008D
:10AE900000000005FD000000000000EFF7000000CA
:10AEA00000008FFFF1000000002FFDEFA000000068
:10AEB0000BFB03FF30000004FFC04FFC000000DF6D
:10AEC000FD05FFF600007FFFF8CFFFE1001FFFFC4C
:10AED00004FFFF900AFFFFD27FFFFF20FFFFFFFF6D
:10AEE000FFFFF60478888888888700000000000645
:10AEF00010000000000FC1FFF8002EFFFCCDFF6224
:10AF0000EFDFF9002C4EF90F900002EF90070000E0
:10AF10002EF8880FA0CDFF80DFDFF9FFF8001EFFBD
:10AF2000FC000000000FC000000000061000002719
:10AF3000000000002EF90000002EFFF900002EF99D
:10AF40002EF9002EF9002EF90BF900002EF427003F
:10AF50000000270027000000270BF900002EF42E28
:10AF6000F9002EF9002EF92EF900002EFFF900004D
:10AF7000002EF90000000026000000000100000083
:10AF8000000000003FC0077777720003FFFC2EFF30
:10AF9000FFF9000FCFCFA00000E900041E932000AE
:10AFA00000E900000E90000000E900000E90000093
:10AFB000B5E997000EC77773BFFFF6000DFFFFFDE1
:10AFC0000BFF70000000000000A600BFFFF60000AD
:10AFD00000FFFFFF988874FFFFFFFFFFFFFFFFFFE9
:10AFE000FFFFFFFFFFFFFFFFFFFFFFFFFFFFFFFF71
:10AFF000FFFFFFFFFFFFFFFFFFFFFFBFFFFFFFFFA1
:10B00000FB00000220000000003EE300000003EF10
:10B01000FE3000003EFFFFE30000EFFFFFFE0000F8
:10B02000008FF8000000008FF8000000008FF8008B
:10B030000023328FF82332FFFE3993EFFFFFFFC961
:10B040009CFFFFFFFFFFFF5C8F9AAAAAAAAAA80095
:10B0500000000003620000000000CFFE00000000BE
:10B060003FFFE000000009FFFD000000002DFF9001
:10B07000000000004FF4000000000CFD0000010083
:10B0800009FF40018EE11AFF7000EFFFDEFF900024
:10B090000CFFFFFF6000008FFFE910000002763018
:10B0A0000000000007930000220AFFF2008FF5F96C
:10B0B0001F708FF90CFCF88FF9001AEFFFF90000F0
:10B0C00000EFFC000007BFFFF6000AFFFABFF60022
:10B0D000F91F70BFF60CFCF400BFF41AC60000564E
:10B0E0000000034441200000FFFF5E40241FFFF5E5
:10B0F000EE2FF4FFFFC882FF4FFFFFFF5FF4FFFF5B
:10B10000FFF5FF4FFFFFFF5FF4FFFFFFF5FF4FFF6E
:10B11000FFFF5FF4FFFFFFF4FF934444430FFFFF83
:10B12000FF500068888871000048888887000FFFFA
:10B13000FFFFFB00F800000BFB0F800000BFF3FBDC
:10B1400077777DFF4FFFFFFFFFF4FFFF42DFFF4FE9
:10B15000FFC008FFF4FFFE00AFFF4FFFFCAFFFF49E
:10B16000AFFFFFFFFD1000000000000FFFFFFFFF1B
:10B17000F79AAAAAAAAA4000000000008999999902
:10B18000993FFFFFFFFFF71222222222000000005A
:10B1900000009AAAAAAAAA4FFFFFFFFFF70000002B
:10B1A000000000BFFFFFFFFFFBFFFFFFFFFFFF4EA1
:10B1B000FFFFFFFFE4C3BFFFFFFB3CFF57FFFF752F
:10B1C000FFFFF93DD39FFFFFFFD55DFFFFFFFFFFAF
:10B1D000FFFFFFBFFFFFFFFFFB01BBBA10005FFFD8
:10B1E000F10007FFFB00009FFF60000BFFFFFF6007
:10B1F000EFFFFFF10EFFFFF800000CFE000000FF64
:10B200005000003FC0000007F3000000A90000004C
:10B2100002000000002A5000000EFF8FFF2000FFF8
:10B22000F8FFF4000FFFEBBB3000FFF49992600FC2
:10B23000FF5FFF4FA0FFF5FFF5561FFF5FFFFFF415
:10B24000FFF5FFFFFF4EFF5FFFFFF40005FFFFFF6D
:10B2500040005FFFFFF4000044444400000015007C
:10B2600000000009F10000002DFFF900000EFFFFB3
:10B27000F70005FFFFFFD0008FFFFFFF000AFFFF71
:10B28000FFF200DFFFFFFF506FFFFFFFFD0EFFFF2C
:10B29000FFFFF6244444444300002FF9000000005F
:10B2A00046000000BFFFFFFFFFFFF4FC8E8E8E887C
:10B2B000E8F7F80C0C0B00B0F8FFECFCECEECFF864
:10B2C000FFA0C0A0772FF8FFECFCECEECFF8F80C55
:10B2D000000000B0F8FC8E888888E8F7BFFFFFFF09
:10B2E000FFFFF4000000000006300000000018EF2F
:10B2F000E000000029FFFFB000003AFFFFFF300030
:10B300004CFFFFFFFC000BFFFFFFFFF5000EFFFFF0
:10B31000FFFFD000013444DFFF6000000000CFFEDB
:10B320000000000000CFF80000000000CFF1000096
:10B33000000000BF900000000000260000009BBB42
:10B34000B2700FFFFF4F90FFFFF4FF9FFFFF5444C9
:10B35000FFFFFFFFFFFFFFFFFFFFFFFFFFFFFFFFFD
:10B36000FFFFFFFFFFFFFFFFFFFFFFFFFFFFFFFFED
:10B37000FFFFFFFF344444443000000000000000A1
:10B380000000059BCB950000008FFFFFFFFF8003AF
:10B39000EFFA53235AFFE3DFA100000001AFD260B0
:10B3A00005BEFEB50052001CFFFEFFFC100002ECC3
:10B3B00040004CE200000100010001000000000A12
:10B3C000FA000000000000FFF0000000000006D6B8
:10B3D000000000377777777777750FFFFFFFFFFF64
:10B3E000FFF3F834444444444FDF8CFFFFFFFFF287
:10B3F000CFF8CFFFFFFFFF08FF89CCCCCCCCC3FF39
:10B40000FB77777777779F9CFFFFFFFFFFFFE100D8
:10B4100000000000000000377777777777750FFF1F
:10B42000FFFFFFFFFFF3F834444443004FDF8CFF7E
:10B43000FFFFC002CFF8CFFFFFFC0008FF89CCCC94
:10B44000CC9003FFFB77777777779F9CFFFFFFFF19
:10B45000FFFFE100000000000000003777777777FA
:10B4600077750FFFFFFFFFFFFFF3F8344442000042
:10B470004FDF8CFFFF800002CFF8CFFFF8000008FD
:10B48000FF89CCCC600003FFFB77777777779F9CB1
:10B49000FFFFFFFFFFFFE10000000000000000379A
:10B4A0007777777777750FFFFFFFFFFFFFF3F834AC
:10B4B000410000004FDF8CFF40000002CFF8CFF4C6
:10B4C00000000008FF89CC30000003FFFB7777778E
:10B4D00077779F9CFFFFFFFFFFFFE1000000000068
:10B4E000000000377777777777750FFFFFFFFFFF53
:10B4F000FFF3F800000000004FDF800000000002B2
:10B50000CFF8000000000008FF800000000003FFEB
:10B51000FB77777777779F9CFFFFFFFFFFFFE100C7
:10B52000000000000000000000000000000000001B
:10B53000000025FB000000000005CBFE000000011C
:10B54000000D10420000009FD1680000006800FF5D
:10B55000FEEEEDDDDDEFC09FD100B300006800011D
:10B5600000003B0574000000000009BEFB00000065
:10B570000000002DFB0000000000000000000000A3
:10B5800000342000006EFEFD2004FFF3FFD00CFF0E
:10B59000F04FF50FD5F295F82FF7413CFA3FFF60D9
:10B5A000AFFB3FFE204FFB2FE29275FA0FEBF14904
:10B5B000F809FFF09FF201DFF9FF900006AB95005C
:10B5C00000048870000BCCFFFFDCC5BCCCCCCCCC1D
:10B5D0005288888888604FFFFFFFFC04FAAE6F5FD7
:10B5E000C04FAAE6F4FC04FAAE6F4FC04FAAE6F4CF
:10B5F000FC04FAAE6F4FC04FAAE6F5FC03FFFFFF55
:10B60000FFB0068888887200000000000171000009
:10B61000000002EFD1000000015FFFC0000002EA5D
:10B620005FFD000002EFFA5D200002EFFFF800006E
:10B6300002EFFFFE200002EFFFFE200002EFFFFE00
:10B64000200000BFFFFE2000000DFFFE20000000D4
:10B65000FFFE20000000066410000000000005EF5F
:10B66000FFFFFFFF8005FFFFFFFFFFFF05FFFF91CB
:10B67000DD19FFF5FFFFFD1111DFFFEFFFFFFB00FD
:10B68000BFFFF5FFFFFD1111DFFF05FFFF91DD1982
:10B69000FFF005FFFFFFFFFFFF0004EFFFFFFFFFCD
:10B6A0008000178887202DFFFFFD2EA0B378FEFABB
:10B6B0000B378FFFFFFFFFFFFFFFFFFFFFFFFFFFC6
:10B6C000FFFFFFFFFFFFFFFFFFFFFFFFFFFFFFFF8A
:10B6D000FFFFFCFFFFFFFC044444440000000000A7
:10B6E0000002000000000004F00069000000DF001C
:10B6F0007FC000000DF08FFFDDDDDDFF0BFFFFFFE2
:10B70000FFFFF00BFC00000000000AC0000000007A
:10B710000000000000000000000000000000000029
:10B720000000400300000000000030030309000097
:10B730000E00B0040404000516007008090900009A
:10B740003F007007070D00FE6D00200A0A09000087
:10B750009A004008090A00FFC700800202040005A1
:10B76000CB001004030D01FDDF001004030D00FDEC
:10B77000F300D004050500050001000707060002DC
:10B780001501C002030400FE1B01A0040402000214
:10B790001F01C0020302000022014004060DFFFF4A
:10B7A00049010008080900006D0170040409000047
:10B7B0007F01E006070900009F01E006070900007D
:10B7C000BF01000808090000E301E00607090000C6
:10B7D000030260070809000027023007070900007C
:10B7E0004702C007080900006B0260070709000054
:10B7F0008B02C002030700009602C002030900FE8C
:10B80000A402000707070001BD02000707050002A8
:10B81000CF02000707070001E802E0060709000061
:10B820000803700C0C0C00FD5003D0080A09FF003F
:10B830007D03100908090100A103B00809090000EF
:10B84000CA03F00909090100F30310080709010000
:10B850001304A00707090100330440090909000087
:10B860005C04C009080901008004C003020901004A
:10B87000890420060609FF00A404A00808090100A5
:10B88000C804200707090100E804700B0A09010039
:10B890001505C009080901003905100A0A09000048
:10B8A0006605B008080901008A05100A0A0C00FDA7
:10B8B000C605C00808090100EA057007070900006D
:10B8C0000A061007070900002A0680090809010076
:10B8D0004E0690080A09FF007B06800D0E09000045
:10B8E000BA06100808090000DE06C0070909FF00B3
:10B8F0000707E007080900002B070004030D01FDFE
:10B900003F074004060DFFFF66070004030D00FD1E
:10B910007A070007070600028F070006060100FFEE
:10B920009207300704020108960730070707000056
:10B93000AF073008070A0100D207E006070700003A
:10B94000EB073008080A000013086007070700002B
:10B950002C084004050A000045084008080A00FDBC
:10B960006D083008070A010090086003030A000010
:10B970009F087003050DFEFDC0086007070A01005F
:10B98000E3086003020A0100ED08B00C0B07010098
:10B9900014093008070701002D09A0070807000057
:10B9A00049093008070A01FD6C093008080A00FD42
:10B9B0009409F00404070100A2090006060700002C
:10B9C000B709F00405090000CE09200807070100A7
:10B9D000E709B0060807FF00030AD00A0B070000BA
:10B9E0002A0AA00607070000430AB006080AFFFD5E
:10B9F0006B0A400606070000800A3004040D00FDB3
:10BA00009A0A9003020D01FDA70A3004040D00FDFF
:10BA1000C10A000707020004C80A00050505000561
:10BA2000D50AC00303030002DA0A000C0C0D00FE65
:10BA3000280B000C0C0900005E0B000C0C0B00FF27
:10BA4000A00B000C0C090000D60B400809090000EF
:10BA5000FF0B000C0C0D00FE4D0C000C0C0D00FE3D
:10BA60009B0C800D0E0B00FFE80C000C0C0D00FE73
:10BA7000360D800D0E090000750D000C0C0D00FE3A
:10BA8000C30D0006060A00FFE10D0009090A00FFC8
:10BA90000E0E800D0E0D00FE690E000C0C0900004C
:10BAA0009F0E4008090D00FEDA0E800A080C01FE08
:10BAB0000A0F800A0B0D00FE520F800A0B0B00FFCD
:10BAC0008F0F800A0B0B00FFCC0F800A080C01FEC1
:10BAD000FC0F800A0C0BFFFF3E108007070B00FFD6
:10BAE00065108007070B00FF8C10800A0B0B00FF0E
:10BAF000C910800A0B030003DA10800D0E09000044
:10BB00001911000F100D00FE8111800D0F0DFFFEA9
:10BB1000E311000C0C0B00FF2512800A0B0700013B
:10BB20004C12800A0B0700017312000F100AFF006D
:10BB3000C312000C0C090000F912000C0C0D00FEE1
:10BB40004713000C0D0DFFFE9C13800A0B0B00FF2A
:10BB5000D913800A0B0D00FE2114800A0B0B00FF85
:10BB60005E14800A0B0B00FF9B14000C0C090000F4
:10BB7000D1148007090DFFFE0C15800A0B0D00FE85
:10BB80005415800A0B0D00FE9C15800D0E09000057
:10BB9000DB15000C0E0DFFFE36160009090D00FE28
:10BBA0007116000F0F0C00FFCB16000F0F090000DD
:10BBB0000F17000F0F0900005317000F0F090000A7
:10BBC0009717000F0F090000DB17000F0F09000087
:10BBD0001F18000F100B00FF7718800A0A0D00FED7
:10BBE000B818800A0B0D00FE0019000C0D0DFFFEA9
:10BBF0005519000F0F09000099190009090D00FEE1
:10BC0000D419100C0D0900000000721F51EF58EFFD
:10BC10005BEF5CEF5DEF61EF63EF65EF69EF6CEF9A
:10BC200071EF76EF77EF78EF8EEF93EF98EF9BEF72
:10BC30009CEF9DEFA1EFA2EFA3EFA4EFB7EFB8EF5A
:10BC4000BEEFC0EFC1EFC4EFC7EFC8EFC9EFCBEF56
:10BC5000E3EFE5EF14F015F017F019F030F037F0DE
:10BC60003AF043F06CF074F0ABF03BF190F191F1ED
:10BC700092F193F194F1D7F1E3F13DF254F2AAF489
:10BC800012F7F2F7200000005F0001000000000042
:10BC90000000000000000200B0000000F3F76000A8
:10BCA00008BC0208000000003E0003000000010282
:10BCB0000003040502060708090A090A0B0C000D17
:10BCC0000E0F101112130C14140000001516171883
:10BCD00019161A1B1C1D1D1E1F201D1D1621222397
:10BCE00003241E2525262728292A2B002C002D2E4B
:10BCF0002F303132332D343435302D2D2E2E363732
:10BD00003839333A3A3B3A3C290000093D090000F2
:10BD10000000000000000000000000000000000023
:10BD20000000000000000000000000000000000013
:10BD30000000000000000000000000000000000003
:10BD400000000000000000000000000001020003ED
:10BD5000040502060708090A090A0B0C0D0E0F104C
:10BD6000110C1213141515000000161718191719C5
:10BD700019191719191A1919191917191719031B4C
:10BD80001C1D1D1E1F2021222300240025262727DD
:10BD900027002726282926262A2A272A272A2B2C45
:10BDA0002D2E2E2F2E300000230931090000000017
:10BDB0000000000000000000000000000000000083
:10BDC0000000000000000000000000000000000073
:10BDD0000000000000000000000000000000000063
:10BDE0000000000000000000000100000000000052
:10BDF000000100000200000000010000000000003F
:10BE00000000000000000000000001000000000031
:10BE100000000000000000000001090005FC000017
:10BE20000000F5F401090403F80109010802060005
:10BE3000000000000000000000000C02FF000000F5
:10BE40000000000000000000000400FA00000000F4
:10BE500000FC03040000FE00FF0200FE00FEFFFCE9
:10BE600000000000FE0000FEFD0000FE00FC0000DF
:10BE700000000000000000FEFE00FD00FB00E900E5
:10BE800000FC0004060000FC02020604FD040000A1
:10BE9000F50000000000000000000000F9000000B4
:10BEA0000000000000000000000000FBFEF700F8AA
:10BEB000FF00000000000700FAFEFF0100FD000087
:10BEC000FFF20000000000000000000000F1FE078B
:10BED000000000000000000000000000F80000006A
:10BEE000000000000000000600020000FC0000004E
:10BEF0000000000000000000000000000000070239
:10BF00000100000000000000000000000000000030
:10BF10000000000000000000000000000000000021
:10BF20000000000000000000F90000000000000018
:10BF30000000000000000000000000000000000100
:10BF4000040206FE000004FEFAE601050400FE00FD
:10BF5000070006000600EE00FE060006FE040200D2
:10BF60000001FE0000FD0F000F000600080203069E
:10BF7000000000F90000000001FF0001FDFEFC01CF
:10BF800000FE000000F800000000000000000000BB
:10BF900000F40000000000000000000000000000AD
:10BFA0000001F500F400000000FF0013FEFE020295
:10BFB000FE00FE020000F60000000000000000008D
:10BFC0000000ED0002000000000000000000000082
:10BFD00000F4000C0000F9000600F3EDF3FC06008D
:10BFE00000F30002FC00FD00000000000000000063
:10BFF0000000000506E9000000000000000000004D
:10C00000000009000100000000000101FEFC00FF2B
:10C01000FFFE0000FF000000FC00FE00FCFC00FB37
:10C02000FAFAFC00FC00FC00000000FE0000020028
:10C0300001FE000100000002FF000000FF0202FFFD
:10C04000000000FC00FF0000000000010002FF00F3
:10C05000FE00FD0000FF00060000FE0000000000E2
:10C06000FF01FFFF0000FE00FE00000000000000D6
:10C070000000FFFF00FEFE0000000000010000FFC6
:10C0800000FEFEFE000000000000000000FF0000B7
:10C090000000FFFE00FD00FAFFFA040000FC0204AD
:10C0A0000500FBFFFE00FFF702FF01F602000001A2
:10C0B000F600F6FEEFFF00F60004050002000000A7
:10C0C000000000FDFE00FA000000FE000000FE007F
:10C0D00000000000FFFF00FFFE0000000000000065
:10C0E000FEFE00FFFEFE0000FE000000000000005B
:10C0F00000000000FEFE00FE00FF00FC020000FE4B
:10C10000010202000000000000FF0000000000012A
:10C110000000FE00FEFFFE00000000000000020024
:10C12000FE00000000FEFD00FC0006FF01FA00001A
:10C1300005F6F6F8FC0200FEF4FD00FD00FC03FD30
:10C14000F400FB000001FF02FF000200FAF900F614
:10C15000FBFCFBFAFEFB00FCFB01000100FE000003
:10C16000000100020000000000000000000000FECE
:10C1700000FF00FFFE00FDFCFCFF00FA00000000D5
:10C180000000FE0000000001FF00000002000000AF
:10C190000000000000090000000000000100000095
:10C1A000FE0000000000000000000000FD00020092
:10C1B000000000000000000000000000FF00000080
:10C1C000FC00000000F6FA000000FDF60000FE0290
:10C1D00000FB00000000000000000000FD0000FC6B
:10C1E0000000000000000000000000000200FD0050
:10C1F000000000020001FCFC00FEFEFE000000004A
:10C200000000FA00FE00FDFE00FCFBFAFE00FC0050
:10C21000FA000000000F0000010000FE000200F81C
:10C220000000000000EEFD0606FEF80002FD00F62C
:10C23000FFFE02F3FE020003F9FDF9FAF80000F434
:10C24000000B0000FF000000FFFFFEFBFA00EE0005
:10C2500000000000000000000100000000000000DD
:10C26000000000000000000000FE00FFFEFD0000D6
:10C27000FC00FE00000000000000000000000000C4
:10C280000000FF00FC000004FF0200FC02FFFFFBB7
:10C29000FE00FEFEFF00FDFD0000FEFFFFFDFE00B4
:10C2A00000FE0002FF00FC000000FC00FD00FDFDA0
:10C2B000020000000000000000FC0200FD00FFFE84
:10C2C000FAFFFFFFFFFFFEFF0000000000FEFEFE82
:10C2D0000000000002FF00FF000000FFFEFFFEFE66
:10C2E000FE000208FF00FB00FF0400FEF8FE030052
:10C2F00000F7FD02FD0100FFFEFA00FD010000FD58
:10C300000000000202FCFC00FDFEFDFEFE00FD013F
:10C31000FCFD06000000000000000000020000001C
:10C32000000000000000000000000000000000000D
:10C3300000000000FD000000000000000000000000
:10C3400000000000000000000000000000000000ED
:10C3500000000000000000000000000000000000DD
:10C36000FF000000000000000000000000000000CE
:10C370000000000000000000000000000000FEFEC1
:10C38000000000000000000000000000FD0000FEB2
:10C390000000FEFE00000000FE00000000FF0000A4
:10C3A000000000FF00000000FD00FC000000FA009B
:10C3B00001FC0400FFF70000FCFE00F8FBFB00009E
:10C3C000F8FEF8F9F700FB00020DFE00FCFEFFFE90
:10C3D000FDFBFDF9F8FCFE0000FF00010000F3FE8C
:10C3E0000604FCF90001FA00F6FFFE04EEFE01006F
:10C3F00000F4FEF6FEF20000F3000B0100FF000067
:10C400000000FFFFF9FF00F400000000FA00FE004A
:10C41000FFFBF70000FFFDFAFE00FF00000000F741
:10C42000FEFAFAFEFDFBFEFD00FCFEFAFD00FEFC3E
:10C43000FEFC000100FFFA000400FD000000000205
:10C440000001FC0800FEFEFE000000000000FA00F3
:10C45000FE00FDFE00FCFBFAFE00FC0208000000EE
:10C46000000F0000010000FE0002000000000000BC
:10C470000000000000000000FFFC0000000000FFC2
:10C48000000000FEFE0000FCFE0000FC0003FF00B8
:10C4900000000000000100000000030402FE00FA9A
:10C4A000FD0006FAFAFCFC080302EFFF04FE00FEA2
:10C4B00002FEF900FE02FEFEFAFE0000060400FB8A
:10C4C00000F5FE06FEF901FEFAFAFE080200FD0084
:10C4D000FB000206FCF9F8FB060001F2FE02FDFF7C
:10C4E000FC00FCF9FDFDFE0000FCFCFE000604FE65
:10C4F000F500F5FD00F9F5FFFAFDFAFB050000FE79
:10C5000000FCFE00FEFD0003FA020000F600FEFC47
:10C51000FDFFFAFBFAFC00FAFEFCFCFAFE0000014B
:10C5200009FD00FAFE00FEFCFCFBFBF9FEFC04002A
:10C53000FD00F6FE0104FAF9FCFA06FE01EEFD0428
:10C54000FCFDF900FAF8FEFEFEFEFCFAFF00000614
:10C5500005FFF400F4FC05F9F3FCF9F8F6FA040021
:10C56000000000FE000002FE0401FC040000FAFFCF
:10C5700000FF000101FE000000000000FE000000BE
:10C580000002060000FE00000000FFFFFE000000A9
:10C590000102000000000200FE000700030101FE8E
:10C5A0000004000000020000000000000000000085
:10C5B0000006000500000000000000000000000070
:10C5C0000000F400FE03000600001302FCFC02025F
:10C5D000FF01F6000009F400000000000000000068
:10C5E0000000F3071B000000000000000000000036
:10C5F00000F4000000000000000000000000000047
:10C60000000000000000000000000000FD0000FC31
:10C61000FE0000000000000000000000000000001C
:10C6200000000000FF00FB00000100000219FCFEFA
:10C630000605FB0200000202FE00000000000000F0
:10C6400000000000E70500000000000000000000FE
:10C6500000000000000000FB000000FB00000000E4
:10C66000FCFF000000FC00FE00F7000000000000DE
:10C670000000000000F300000000010000000000C6
:10C6800000FE0000FC00FD00FB000000FD02FE00BB
:10C6900000FBFEFC0000FB00FE00F700FE0000F0C7
:10C6A000FCF8FEF90000F300FBFF000000000000B2
:10C6B0000000FDFDFEFD00000000FC00FC02FE0489
:10C6C00000FFFCFFFDFC00FEFFFF01FBFF00000080
:10C6D000EFFEFD00FC00FFF7FE0000FFFE00000083
:10C6E000000100FFFDFF030000000000000000004B
:10C6F000000000000000000000000000000000003A
:10C700000000000000000000000000000000000029
:10C71000000002000000000000FC00FF000000FC20
:10C7200002000000FBFEFC0000FB00FE00F7000022
:10C730000000ED00FCF9F60000F300FFFD00000032
:10C740000000000000FEFDFFFD01000003FE0006EA
:10C7500009FEFEFA02090304FB02080206040500B2
:10C76000000000000000000000000C09FDFE00FEBB
:10C770000F080F000000020000070000FD0000008D
:10C78000000000000000FF000000000000000003A7
:10C7900000000000F0FEFEF8F70000F300000000CB
:10C7A00000000000000000000000000000FD00008C
:10C7B00000000000000000FF00000000000000007A
:10C7C0000300000000F0FEFEF8F70000F800000093
:10C7D0000000000000000000000000000000000059
:10C7E000FE000000FC0200FE020302FA0000FE024E
:10C7F000000200000000FB00FEFFFC00FEF8000C41
:10C80000FE00FCFF00FFFD00FEFBFCFE000000FD43
:10C81000000000000000000000FF00000000000019
:10C8200000000300000000F0FEFEF8F70000F30037
:10C8300000000000000A00000000000000000000EE
:10C84000FD00FAFEFE06FEFEF801FF01FFFB0004FC
:10C8500000020102FBF8FE00F9FCFBF8F900FDFC08
:10C86000FEFEFEFFFEFF00FFFF030003FF000600C9
:10C870000000000000000000000000FFFEFE0000BD
:10C88000FB00FF00FD0000000000000000000000B1
:10C89000F40000000000000000000000FEFE00FEAA
:10C8A00000000000FE0000FDFE0200FDFCFF00FA9B
:10C8B000FFFCFFFE00FD0000000000000000000083
:10C8C00000F300060000FD00000000FE00FE000076
:10C8D000FF0000FF00FC000008FEFAFA010202005F
:10C8E000FB010301060106FFFB0000F80000FAFB54
:10C8F0000000FC00FEFD00FD00FD00FF0300FEFA4D
:10C90000FE070000FE00FC000002FC0002FE020028
:10C9100000FA00FFFF00FE02FE000000F8FEFC002F
:10C92000FA0000F70007FE00FD000100FE00FEFA1D
:10C9300000FE0200000000FF000002FE010000FEF9
:10C94000FF00FE00000000000000000000000000EA
:10C9500000000000F400040000FE000000000000E1
:10C96000FEFE0000000400040000000000F4F501D9
:10C97000080603F80108000700040000000000009A
:10C9800000000000000A000000000000000000009D
:10C990000000000000000000E8BD0208ACBC020876
:10C9A0004ABD02083D310000089D020818B7020880
:10C9B00084BC020898C9020810000228E80200207E
:10C9C00045970108699601080F00030000FF010068
:10C9D000A8C9020800000000000000000EA0D90D48
:10C9E00090C80C80B70A60110B80D91F0991F0889C
:10C9F0001F0880F088000000000D203C00000F00A0
:10CA000069002FFFFFFFF7015C11A610006900C34A
:10CA100000008800D2009FFFFFFFF012C523E22034
:10CA200000D203C00000F004B0000000700000005D
:10CA30000E00000000E0000019EFEA300CD6E6A777
:10CA400002F40E00001F80E000006FEF500000169F
:10CA5000FFE500000E0AF00100E05F13F85E6EB023
:10CA600005CFFE9100000E0000000070000008DD00
:10CA70003000A7004B02D004C0007700D01D20007A
:10CA80004B03D0A7000007DC34C4CC3000001D2DC0
:10CA900022D00000A63B00B30005C03A00A3001D51
:10CAA000200D00D000A60004CC40004DFC3000005A
:10CAB000F718C00001F205D00000BB6E4000005F17
:10CAC000F3000007E6DB03802F301DBAA05F0001F2
:10CAD000DF401FB448FEC003BFFC40B200000000AE
:10CAE000001F01F01F00F0000003F10B900F404FFA
:10CAF000007D009B00AA00AA009B007D004F000F54
:10CB0000400B9003F15E000E6008C004F001F300DA
:10CB1000F500E600E600F501F304F008C00E605EE3
:10CB20000000930088A6C209FE404DDDB14293503B
:10CB3000005200000450000008A0000008A0001FE0
:10CB4000FFFFF30339B3300008A0000008A0000184
:10CB500003F61E60E12C00000003FFF90333100010
:10CB600003F52E4000000E400004E000009A000093
:10CB70000E400004F000009A00000E400003F00098
:10CB8000009A00000E500003F000009A00000E50C2
:10CB90000003F00000004CFE70004FB68F900DB007
:10CBA000005F32F40000E74F20000CA4F20000CA3E
:10CBB0002F40000E70DB0005F204FB68F90004CF83
:10CBC000E700EFFB44CB00AB00AB00AB00AB00AB2E
:10CBD00000AB00AB00AB07DFEA108E857EC0010022
:10CBE00006F1000006F000000D900000CC00001CD3
:10CBF000C00001DB00001DE544427FFFFFF97FFF1D
:10CC0000FFF024445F900000BC000009E100003FF9
:10CC1000D81000046DD0000002F4100002F4BD75BD
:10CC20007DD019DFEA1000000DA0000000AC00006C
:10CC30000007E10000004F40100002F600F5001D63
:10CC4000A000F5007FFFFFFFF3133333F730000040
:10CC500000F500000000F50009FFFFF00AB44440B1
:10CC60000C8000000E7000000FFFFC4003345CF2EB
:10CC7000000000F7100000F78E856CF108DFFB3034
:10CC8000002AEFD5003FD657400CC0000002F40048
:10CC900000004F5BFFA104FE845DD03F80003F3069
:10CCA000E80003F206F845DC0005DFE9109FFFFF0E
:10CCB000FD9D4444E99C0004F200000BB000002FED
:10CCC000400000AD000001F6000008E000000E800A
:10CCD00000006F1000019EFE9100BE636EC00F60E9
:10CCE000006F00CC202BC002EFFFE200DC424CD0F2
:10CCF0005F20001F55F20002F50ED535DE001AEF59
:10CD0000EA1003BFEA202FA44BE18E0000E99D004A
:10CD100000DD4F7129FF07FFFC9E000210AC0000F0
:10CD200002F607658FB00AEFD7002E53F50000001A
:10CD30000000003F52E42E53F50000000000002EDA
:10CD400052F60D21D001000000003100006CF2010C
:10CD50008ED6000FC300000AFB40000017EE7000E3
:10CD60000005C3000000001FFFFFF3033333300052
:10CD7000000000000000001FFFFFF3033333300406
:10CD80000000000ED71000005CF92000002AF2001D
:10CD900003AFB106DE82001C600000000000000747
:10CDA000DFEA109E746EC0010006F0000009C000AA
:10CDB000008E200006F20000087000000000000055
:10CDC0000B8000000C900000006CEFDA4000003D8A
:10CDD000A41016D90001E509EE98CA900A80BD4357
:10CDE000AFC0D30F13F2000CC0693C06D00007C0DF
:10CDF0003B4B06D00007C02C3C03F2000CC04A0F8E
:10CE000010BD439EE3C50A8009EE91CF9001E50075
:10CE100000000000003DA41028000000007CEFD9B5
:10CE2000100000000CF1000000003FD700000000DF
:10CE3000B96E00000002F20E50000009A007D000F9
:10CE4000001F3000F400007FFFFFFB0000E73333DA
:10CE50004F2005F000000C900C90000006F18FFFB1
:10CE6000FEC408E3334BF28E00001F58E00018F1B7
:10CE70008FFFFFF808E33337F68E000009C8E000A3
:10CE8000009D8E33347F78FFFFFD700007CFFB409D
:10CE900000CF966AF50AE20000301F600000004FE4
:10CEA000200000004F200000001F600000000AE288
:10CEB00000003001CF966AF50007DFFB408FFFFED0
:10CEC000A4008E4446CF708E000007F38E00000051
:10CED000DA8E0000009D8E0000009D8E000000DABA
:10CEE0008E000007F38E4446BF708FFFFEA4008FB4
:10CEF000FFFFF68E4444418E0000008E0000008F3C
:10CF0000FFFFC08E3333208E0000008E0000008EA5
:10CF10004444428FFFFFF98FFFFFF68E4444418E59
:10CF20000000008E0000008E0000008FFFFFC08E0A
:10CF30003333208E0000008E0000008E00000000C1
:10CF400007CFFC5000CF966AF60AE20000201F606F
:10CF50000000004F200000004F200000B91F6000BB
:10CF600000B90AE30000B900CF966AF80007DFFCB9
:10CF7000608E000008E8E000008E8E000008E8E007
:10CF800000008E8FFFFFFFE8E333339E8E00000822
:10CF9000E8E000008E8E000008E8E000008E8E8E33
:10CFA0008E8E8E8E8E8E8E8E02FFFFC00444BC004D
:10CFB0000009C000009C000009C000009C0000099E
:10CFC000C02000BA0EB58F603CFE808E00004F502E
:10CFD0008E0004F6008E003F70008E03F800008E75
:10CFE0002EC000008EECF600008FB07F30008E0067
:10CFF0000AE1008E0000CC008E00001EA08E000012
:10D00000008E0000008E0000008E0000008E0000E8
:10D01000008E0000008E0000008E0000008E444450
:10D02000408FFFFFF28E00000008E8F7000002FECC
:10D030008FF10000BFE8DCA0004F9E8D2F300D87E0
:10D04000E8D09C06E07E8D01E7E507E8D006FC000D
:10D050007E8D000A2007E8D00000007E8E100008B8
:10D06000E8FC00008E8FF90008E8E6F6008E8E09D5
:10D07000F308E8E00CE18E8E001EB8E8E0003FEE19
:10D080008E00006FE8E00000AE0007CFEB5000001C
:10D09000CF966BF9000AE200005F601F6000000A93
:10D0A000D04F20000006F04F20000006F01F600067
:10D0B000000AD00AE200005F6000CF966BFA000021
:10D0C00007DFEB50008FFFFD7008E4458FB08E0046
:10D0D000005F38E00001F58E00003F48E0014DD0D0
:10D0E0008FFFFFB208E33310008E00000008E0005D
:10D0F00000000007CFEB500000CF966BF9000AE26A
:10D1000000005F601F6000000AD04F20000006F0A2
:10D110004F20000005F01F6000000AD00AE2000066
:10D120005F6001DF855AFA000008DFFC5000000054
:10D1300001EC21940000001BFFC100000000120060
:10D140008FFFFD7008E4458FB08E00005F38E0006F
:10D1500001F58E00003F38E0014DD08FFFFFC2087F
:10D16000E333DA008E0002F608E00005F3019EFDCD
:10D17000A200CE646B702F40000001F80000000692
:10D18000FD950000016AEE500000009F00200005A0
:10D19000F13FA547EB004BEFE910FFFFFFFF2444F1
:10D1A000BD44400009C00000009C00000009C00010
:10D1B00000009C00000009C00000009C0000000965
:10D1C000C00000009C00009C00000BA9C00000BA39
:10D1D0009C00000BA9C00000BA9C00000BA9C00075
:10D1E00000BA8E00000D94F40003F50CF868FD0001
:10D1F00009EFE9100CB000000AC05F200001F50043
:10D20000E900008E0008F0000E70001F6005F100BC
:10D2100000AD00C9000003F43F3000000CBAC000AC
:10D2200000005FF500000000EE00006F10000DB080
:10D230000002F21F60003FF10008D00BB0008BE647
:10D24000000D7006F000E69B002F2001F503F14F62
:10D25000108D0000CA09B00E60D800006F0E600982
:10D26000B2F300001F9F1004F9D000000CFB000077
:10D27000EF80000007F600009F30003F50000DA037
:10D2800008F2009D0000CC04F300002F9E70000007
:10D2900006FC00000009FE1000004F4DB00001E840
:10D2A00002F7000BD0007F207F20000BD00CB000D5
:10D2B000009C002F50002F30009E000C900000E8D2
:10D2C00005F1000005F3E60000000CFD0000000081
:10D2D0003F4000000002F3000000002F300000007B
:10D2E00002F300004FFFFFFF9144444AF3000003A4
:10D2F000F6000001EA000000CC0000009E100000D3
:10D300006F4000003F7000001ED4444436FFFFFF12
:10D31000FC8FF68D318D008D008D008D008D008D80
:10D32000008D008D008D008D008D318FF65D000029
:10D3300000F200000B8000006D000001F200000B05
:10D340008000006D000001F200000B7000006D0015
:10D350000001F200000B7000006D000001F2BFF34D
:10D3600025F302F302F302F302F302F302F302F3F2
:10D3700002F302F302F325F3BFF300AD00001EC475
:10D38000000885A000E20E105B00970B5002E0EE53
:10D39000EEEEE00BC00009B004CFEA100B745DB0F4
:10D3A000000004F004CEEEF21F8214F24F1004F2DB
:10D3B0001F703DF204DFD7F2BA000000BA0000008F
:10D3C000BA000000BA8EFC30BFD54BF3BE1000CAC5
:10D3D000BA00007EBA00007EBE1000CABFD55BF363
:10D3E000B98EFC30007DFD6009F748F42F50002015
:10D3F0005F0000005F0000002F50002009F748F494
:10D40000007DFD600000001F40000001F4000000EE
:10D410001F4008EFC4F40AF748FF42F50007F45F25
:10D4200000002F45F00001F42F50006F40AE637EE6
:10D43000F4008EFC4F40008EFC400AD538F42F20BB
:10D44000008C5FEEEEFF5F2111112F70001009F8C4
:10D4500046E4007DFE80009EE305F44108C000CF55
:10D46000FFF029D32008D00008D00008D00008D051
:10D470000008D00008D000007EFC4E60AF747FF63C
:10D480002F50005F65F00000F65F00000F62F600AD
:10D4900006F609F747FF5007EFC4F50000003F20EC
:10D4A000CB646EB003AEFD8000BA000000BA00008D
:10D4B00000BA000000BA8EFB20BFC56DD0BE0003CD
:10D4C000F2BA0000F4BA0000F5BA0000F5BA0000A4
:10D4D000F5BA0000F5BAA800BABABABABABABABA76
:10D4E000000AB0009900000000AB000AB000AB00D9
:10D4F0000AB000AB000AB000AB000AB000AA064EAA
:10D5000071DFA0BA000000BA000000BA000000BA43
:10D51000001CC0BA01CC00BA1CD100BBCF6000BF58
:10D52000DBE100BD11DC00BA003F70BA0007F3BABE
:10D53000BABABABABABABABABABAB99EFA15DFD48E
:10D540000BFB45EDE64AF2BE0006F6000E7BA0009E
:10D550004F2000C9BA0003F1000C9BA0003F10004F
:10D56000C9BA0003F1000C9BA0003F1000C9B99E8E
:10D57000FB20BFB45DD0BE0003F2BA0000F4BA00D5
:10D5800000F5BA0000F5BA0000F5BA0000F5007D1C
:10D59000FD60009F748F702F50007F05F00001F335
:10D5A0005F00002F32F50007F009F748F70007DFAA
:10D5B000D600B98EFC30BFC43AF3BE1000CABA0020
:10D5C000007EBA00007EBE1000CABFD55BF3BA7EF3
:10D5D000FC30BA000000BA000000BA000000008E63
:10D5E000FC3F40AF748EF42F50007F45F00001F4F3
:10D5F0005F00002F42F50007F40AF748FF4008EFEC
:10D60000C4F40000001F40000001F40000001F40AF
:10D61000B98E4BFD71BE100BB000BA000BA000BA62
:10D62000000BA00005DFEA13F735A06F000001EE44
:10D630009610016AEF300000D96C646F62AEFD7025
:10D6400008D00008D000CFFFF029D32008D0000870
:10D65000D00008D00008D00005F551009FE3C800B5
:10D6600002F3C80002F3C80002F3C80002F3C900C5
:10D6700003F3AB0007F35F837EF306DFC5F30D9082
:10D68000000AA06E0001F300F5007D0009C00E60E5
:10D69000003F24F00000C8B9000006FF3000000F72
:10D6A000C000C80006F1000D56D000CF6003F01F87
:10D6B000302F9C009A00B807B2F10E4005E0D60C5E
:10D6C00074E0000F6F007C990000AFA001FF4000E4
:10D6D00005F4000BE0004F3007E109D02F4000D9DE
:10D6E000D900003FD000004FE10001E7BB000BB0C4
:10D6F0001E707E1005F30D90000AA06F0001F3006C
:10D70000F6007D0009C00D60002F34F00000C9A9AB
:10D71000000005FF2000000EC0000000E50000949E
:10D72000AD00001BFC2000005FFFFFA13337F400B9
:10D7300001E70000CB00008E10004F40001EA33315
:10D7400026FFFFFC006EA00F9201F4001F4001F4C1
:10D75000003F303FC0006F3001F4001F4001F40073
:10D760001F4000FA2005EA8B8B8B8B8B8B8B8B8B6E
:10D770008B8B8B8B8BBE5002AE0005F0005F0005DB
:10D78000F0004F1000DF104F5005F0005F0005F073
:10D79000005F002AE00BE40007EC40B41E25DFC068
:10D7A0000100000004CC302B01C05700932B01C0B6
:10D7B00005CC3006A10FF60BE200000000000000CF
:10D7C0000000000000027BFB000000049DFFFFD072
:10D7D0000003AFFFFFFFFD0000AFFFFFFFDFD00042
:10D7E0000AFFFFB610ED0000AF9400000ED0000A53
:10D7F000F1000000ED0000AF1000000ED0000AF1B3
:10D80000000045FD0000AF1001EFFFD0179DF100B3
:10D810005FFFFC0EFFFF1000AFFD31FFFFE00000D7
:10D82000010003BDA3000000000050188888888410
:10D8300005FABFDDDDDDFDAFE47F100000CA4EE07C
:10D840004F100000C80EFEEF100000CFEFE03FEEDB
:10D85000EEEEF80EF68F766666EB6FF8AF1000000E
:10D86000CC8FE03F100000C80EFCDF655555EECFB1
:10D87000C25FFFFFFFF92C57750577777775FFFFBC
:10D880001FFFFFFFFFFFFF2FFFFFFFFFEFFF0EFF59
:10D89000FFFFFE01100011111110EFFE0EFFFFFF40
:10D8A000FEFFFF2FFFFFFFFFFFFF1FFFFFFFFF68D0
:10D8B00087078888888668870788888886FFFF1F8B
:10D8C000FFFFFFFFFFFF2FFFFFFFFFDFFD0DFFFF4C
:10D8D000FFFD0000000000015000000000001DF8E6
:10D8E0000000000001DFFD000000001DFFE22D60D0
:10D8F0000001DFFE20DFF7001DFFE2008FFF71DF78
:10D90000FE200008FFFEFFE20000008FFFFE200067
:10D91000000008FFE200000000007D200000000081
:10D92000000000007F60000BE2EFF600BFF84FFF41
:10D930006BFFD104FFFFFD10005FFFE10000BFFFA0
:10D94000F6000BFFDFFF60BFFD14FFF5CFD1004FE6
:10D95000F617100003600000001100000000000036
:10D96000FF000000006F21FF12F70006FF61FF16A5
:10D97000FF601FF901FF109FF16FE001FF100EF62D
:10D98000AF8001FF1008FACF6001FF1006FCAF80E6
:10D9900000AA0008FB7FD00000000DF71FF8000070
:10D9A000008FF107FF91002AFF70009FFFEEFFF943
:10D9B000000005CFFFFD50000000024420000000E1
:10D9C00000000000000000000AFFA0000000000CA2
:10D9D000FFC0000003D6DFFFFD6D300EFFFFFFFF2D
:10D9E000FFE05FFFFFAAFFFFF51AFFF4004FFFA162
:10D9F00003FFD0000DFF3004FFF0000FFF404FFF8A
:10DA0000FB22BFFFF42FFFFFFFFFFFF209FEFFFF26
:10DA1000FFEF9000505EFFE5050000000CFFC00026
:10DA200000000004774000000000000310034100E4
:10DA30000000009FF50DF50000001BFDFF8DF500B7
:10DA40000002DFB12DFFF500004FF83EC2BFF50028
:10DA500007FF55FFFE39FE409FE38FFFFFF56FF68E
:10DA6000AC2AFFFFFFFF73E6005FFFFFFFFFF1003F
:10DA7000006FFFD77FFFF200006FFF900DFFF200F5
:10DA8000006FFF900DFFF200004FFF700BFFE100F1
:10DA90000000003300000000000BFFB00000000099
:10DAA0000CFFC0000000000CFFC0000000000CFFD5
:10DAB000C0000000000CFFC00000008FFFFFFFF857
:10DAC00000002EFFFFFFE2000002EFFFFE2000003B
:10DAD000002DFFE20000799982DE289997FFFFFB75
:10DAE00022BFFFFFFFFFFFFFFFFFFFFFFFFFFFFA68
:10DAF000B3CFACCCCCCCCCCCCA0006BBBBBBBA3011
:10DB000000004FFFFFFFFFE10000EF30000006FBC9
:10DB10000009F800000000CF504FD0000000002F97
:10DB2000E1DF84420000344BF9FFFFFD0001FFFFFD
:10DB3000FBFFFFFF988BFFFFFCFFFFFFFFFFFFFFD7
:10DB4000FCFFFFFFFFFFFFFFFB9FFFFFFFFFFFFF4C
:10DB5000F60000000000003300018DFFC600EF005A
:10DB60004EFFFFFFE4DF04FFB3004CFFFF0EF900A0
:10DB700000008FFF6FC00001FFFFFF8E500001DE2D
:10DB8000EEED000000000000002222220000002133
:10DB9000FFFFFF100008F8FFFBBC10001EF4FFFCA5
:10DBA000100001DFC0FEEFE8448EFE10FE1AFFFFFA
:10DBB000FFC100FD0028BB940000000002700002BD
:10DBC000EF0002EFFDFFFFFFFFFFFFFFFFFFFFFF83
:10DBD000FFFFFFFFFFFF3447FFF00005FF000005D8
:10DBE000C00000000000027000000002EF00000012
:10DBF00002EFF0000DFFFFFF0220FFFFFFF08E1F7E
:10DC0000FFFFFF00E7FFFFFFF03F5FFFFFFF089010
:10DC10003447FFF000000005FF0000000005C000D1
:10DC2000000000000000000000000007700000007D
:10DC300002700005FA0000002EF000814F60000223
:10DC4000EFF001DD07F0DFFFFFF0321E80F6FFFF8F
:10DC5000FFF08E27E0B9FFFFFFF00E73F19BFFFF8F
:10DC6000FFF03F54F09AFFFFFFF0890AC0D8344715
:10DC7000FFF0007F43F300005FF002F60CB00000FD
:10DC800005C00000BF10000000000009E300000014
:10DC900000000002100037888888888873EFFFFF33
:10DCA000FFFFFFFEFE32DFFFFFFFFFF9007FFFFDFA
:10DCB000FFFFFD10CFFFA07FFFFFFFFFFA0007FF70
:10DCC000FFF35FA00000CFFF3003000000CFFC0097
:10DCD00000000000CFFFCCCCCCCCCCFFAFFFFFFFCF
:10DCE000FFFFF900002000000001FA00000006FF1D
:10DCF0001000000DFF7000006FFFF10001EFFFFA50
:10DD0000000BFFFFFF605FFFFFFFE0CFFFFFFFF6AD
:10DD1000FEBFFFFFF9FD4FFFFFF9BF49FFFFF53FD2
:10DD2000E52EFFD006FFFFFD200028BA600004307A
:10DD30000000311FE00006F91FE0007FFA1FE00934
:10DD4000FFFA1FE0AFFFFA1FEBFFFFFA1FFFFFFF15
:10DD5000FA1FFFFFFFFA1FE6FFFFFA1FE05FFFFA5F
:10DD60001FE004FFFA1FE0003EFA0FD00002D700C8
:10DD7000000000000200000000000CFB200000007A
:10DD800000FFFF900000000FFFFFE6000000FFFF14
:10DD9000FFFC30000FFFFFFFFF9100FFFFFFFFFFC1
:10DDA000E60FFFFFFFFFFFF2FFFFFFFFFFFD0FFF8B
:10DDB000FFFFFFF800FFFFFFFFB2000FFFFFFD4076
:10DDC0000000FFFFF70000000FFFA1000000006A45
:10DDD0004000000000001444200144420DFFFF10E9
:10DDE000DFFFF1FFFFF30FFFFF3FFFFF40FFFFF4F7
:10DDF000FFFFF40FFFFF4FFFFF40FFFFF4FFFFF4B3
:10DE00000FFFFF4FFFFF40FFFFF4FFFFF40FFFFF87
:10DE10004FFFFF40FFFFF4FFFFF40FFFFF4FFFFF37
:10DE200030FFFFF39FFFC009FFFC0014444444444B
:10DE3000420DFFFFFFFFFFF1FFFFFFFFFFFF3FFF6F
:10DE4000FFFFFFFFF4FFFFFFFFFFFF4FFFFFFFFF9D
:10DE5000FFF4FFFFFFFFFFFF4FFFFFFFFFFFF4FF98
:10DE6000FFFFFFFFFF4FFFFFFFFFFFF4FFFFFFFF7D
:10DE7000FFFF4FFFFFFFFFFFF39FFFFFFFFFFC00D0
:10DE800002100000420FE20003FB0FFE3004FB0F04
:10DE9000FFF404FB0FFFFF54FB0FFFFFFAFB0FFF24
:10DEA000FFFFFB0FFFFFFFFB0FFFFFD6FB0FFFFD89
:10DEB00014FB0FFFC104FB0FFB0004FB0CA00003CD
:10DEC000FA00000000000000001200000000000343
:10DED000FF60000000002EFFF500000001EFFFFFD3
:10DEE0004000001DFFFFFFF30000CFFFFFFFFE20FB
:10DEF0000AFFFFFFFFFFE00EFFFFFFFFFFF20399A6
:10DF00009999999950058888888888700FFFFFFF34
:10DF1000FFFFF30FFFFFFFFFFFF40BFFFFFFFFFF0C
:10DF2000D1000000000000003F9000003FFC000016
:10DF30003FFD10003FFD10003FFD10001FFD1000D1
:10DF400000CFF4000000CFF4000000CFF400000088
:10DF5000CFF4000000CFE0000000A40000000000AB
:10DF600000CD1000001FFD1000003FFD1000003F1D
:10DF7000FD1000003FFD1000003FFD000008FF9075
:10DF80000008FF900008FF900008FF900002FF903B
:10DF900000000780000000000004500000000002A4
:10DFA000FF60000000003FF70000000003FF70006A
:10DFB0000000003FF7000006999AFFC99980FFFF13
:10DFC000FFFFFFFF3DFFFFFFFFFFF201113FF711D2
:10DFD00010000003FF70000000003FF70000000089
:10DFE00003FF70000000000CD300000069999999AC
:10DFF00099980FFFFFFFFFFFF3DFFFFFFFFFFF20F9
:10E000000000000000000000015664000000000352
:10E01000BFFEEFF91000007FFA1003DFE40008FFF5
:10E02000A009B41EFF504FFF200BFF26FFE1EFFFBA
:10E0300009CFFF63FFFABFFF09FFFF54FFF61EFF82
:10E0400051DFFB09FFB003EFE204305FFC10002C4E
:10E05000FF956AFF9000000049DFFD92000000007C
:10E0600000000000000000CD2000000000000000C3
:10E070008FF50014664000000004EFACFFEFFF9145
:10E080000000001CFFA1004DFE300000009FF5AB1A
:10E0900031EFF40007B105FFFFE17FFE100FFE3006
:10E0A0002DFFF54FFF900CFFE000AFF65FFF600221
:10E0B000FFF40006FFEFFB00004FFD10003EFFC025
:10E0C000000002DFE85401BFE300000005AEFF607E
:10E0D00007FF60000000000000004EF60000000096
:10E0E00000000001A100000000000000000000008E
:10E0F000003ED00000000000000CFF800000000087
:10E100000006FFFF200000000000EFFFFB00000002
:10E1100000008FFCCFF4000000002FFB00FFD000B8
:10E1200000000BFFC00FFF70000004FFFD01FFFFA8
:10E13000100000DFFFE02FFFFA00007FFFFF9BFFD2
:10E14000FFF3001FFFFFB00EFFFFC00AFFFFFE241A
:10E15000FFFFFF60FFFFFFFFFFFFFFFA06CCCCCC05
:10E16000CCCCCCCB3000000000003600000000001A
:10E17000007F80DDDB00008DEFF8FFFFB007FFFFC1
:10E18000FD556FF46FF8AFE2000574FF907E20003C
:10E19000003FFA0000000002EFB2504A00012EFDDD
:10E1A0001DF48FB0FFFFD10BFFFFFBFFFE2000CF60
:10E1B000FFFB12210000029FC000000000005B0076
:10E1C000000007A00000000008FFB000000008FFEA
:10E1D000FFB0000008FF95FFB00008FF9005FFB0FA
:10E1E00007FF900005FFB09F90000005FD00400074
:10E1F000000003104C20000000B60BFE200000CFF2
:10E20000F02EFE2000CFF4002EFE20CFF400002ED2
:10E21000FECFF40000002EFFF4000000002EF400FA
:10E2200000000000130000000008300000000000A3
:10E230000000BFF308BBBBBB90000BFFFF39FFFF23
:10E24000FFF1008FCFCFF000000AF100382F94804B
:10E2500000000AF100002F900000000AF100002FDA
:10E26000900000030AF130002F9000001FCBF8F857
:10E27000002FEBBBBB39FFFFE2001FFFFFFFB09F8A
:10E28000FD2000000000000008D100378887000052
:10E290000000EFFFFFA0000000FFFFFFFDCCCCB6A9
:10E2A000FFFFFFFFFFFFFFFFFFFFFFFFFFFFFFFF7E
:10E2B000FFFFFFFFFFFFFFFFFFFFFFFFFFFFFFFF6E
:10E2C000FFFFFFFFFFFFFFFFFFFFFFFFFFFFFFFF5E
:10E2D000FFAFFFFFFFFFFFF900000000000000009C
:10E2E0000001DD10000000001DFFD100000001DF73
:10E2F000FFFD1000001DFFFFFFD100009FFFFFFF8B
:10E30000F90000011CFFC1100000000CFFC000005C
:10E3100000000CFFC0000000000CFFC00000799955
:10E320003BFFB39997FFFFB2442BFFFFFFFFFEDDDA
:10E33000EFFFFFFFFFFFFFFAB3CFACCCCCCCCCCCD0
:10E34000CA00000000000200000000000004FFC737
:10E350000000000000AFFFF0000000001FFFFD0004
:10E3600000000006FFFFC00000000008FFF70000EB
:10E370000000000CFF300000000004FFC00000009F
:10E380000001EFF300004A3002DFF80005DFFE1560
:10E39000EFFB0000EFFFFFFFFA00000BFFFFFFF7AE
:10E3A0000000007FFFFFA200000002BA850000000D
:10E3B000000004860000001006FFFA0002DFD1EF23
:10E3C0003CF101DFFA0EE0AF21DFFA009FEFF6DF4C
:10E3D000FA00008DFFFFFB00000006FFFD000000BB
:10E3E00048EFFFF600006FFFFBFFF6000EF3CF23B0
:10E3F000FFF600EE0AF204FFF609FEFC0004FFF14E
:10E4000008DA100002620000000000000000006F47
:10E41000FFF987000008FFFF98F708A68FFFF9595A
:10E4200090FFA8FFFFFCCC0FFA8FFFFFFFF1FFA8C2
:10E43000FFFFFFFF1FFA8FFFFFFFF1FFA8FFFFFFA6
:10E44000FF1FFA8FFFFFFFF1FFA8FFFFFFFF1FFA7B
:10E450007FFFFFFFF0FFE3122222210FFFFFFFF9F2
:10E460000000ACCCCCCB5000004999999995000E96
:10E47000FFFFFFFFF600FD2222224FF60FC0000033
:10E4800001FFF3FC0000001FFF6FC0000002FFF659
:10E49000FFFFFFFFFFFF6FFFFFDCFFFFF6FFFFB097
:10E4A00005FFFF6FFFF6000FFFF6FFFFC006FFFF3F
:10E4B0006FFFFFEDFFFFF69FFFFFFFFFFD10CDDDBC
:10E4C000DDDDDDDD2FFFFFFFFFFFF3122222222221
:10E4D00022000000000000000000000000000FFF0C
:10E4E000FFFFFFFFF3DEEEEEEEEEEE200000000099
:10E4F00000000000000000000DEEEEEEEEEEE2FF88
:10E50000FFFFFFFFFF300000000000003788888811
:10E51000888873EFFFFFFFFFFFFEEFFFFFFFFFFFA6
:10E52000FE1CFFFFFFFFFFC1D28FFFFFFFF82DFF93
:10E5300064EFFFFE45FFFFFA2BFFB2AFFFFFFFD3F3
:10E54000553DFFFFFFFFFFBBFFFFFFFFFFFFFFFF8B
:10E55000FFFFAFFFFFFFFFFFF9000000000001FF1A
:10E56000FFF00004FFFFD00006FFFF800008FFFF60
:10E5700030000AFFFFAAA60CFFFFFFF80EFFFFFF07
:10E58000E10BDDDFFF6000004FFD0000007FF300C6
:10E590000000BFA0000000FF10000003F800000012
:10E5A00003C000000000200000000455EFB5520039
:10E5B00000FFFD1FFFB0000FFFFFFFFC0000FFFF8B
:10E5C000533320000FFF97FFFB5700FFF8AFFFC644
:10E5D000F80FFF8AFFFC4AA1FFF8AFFFE3220FFF0D
:10E5E0008AFFFFFFF4FFF8AFFFFFFF4FFF8AFFFF37
:10E5F000FFF43552AFFFFFFF40000AFFFFFFF400BA
:10E60000007FFFFFFE20000001100000000000AFAF
:10E6100000000000018FFA30000002EFFFFF500001
:10E6200000BFFFFFFF10001FFFFFFFF50003FFFF0C
:10E63000FFFF70005FFFFFFFF90008FFFFFFFFC053
:10E6400000DFFFFFFFFF209FFFFFFFFFFD0EFFFF2B
:10E65000FFFFFFF2022222222221000008FFC00059
:10E6600000000009A20000005BBBBBBBBBBBBBA39F
:10E67000FFFFFFFFFFFFFFFBFC0C30E11D0D11FC56
:10E68000FC0B30E01D0D10FCFFFEFFEFFEFEEFFC6B
:10E69000FFF15A0870A05FFCFFF37B2992C27FFC58
:10E6A000FFBFCBBBBBBFCBFCFC0B2000000D00FCB5
:10E6B000FFCFCCCCCCCFCCFB9FFFFFFFFFFFFFF603
:10E6C0000000000000000200000000000005DFB0B4
:10E6D0000000000007EFFFD000000018FFFFFF70F0
:10E6E000000029FFFFFFFF00003BFFFFFFFFF800D6
:10E6F0000AFFFFFFFFFFF1000FFFFFFFFFFFA0007A
:10E70000049AAAAFFFFF20000000000EFFFB0000EC
:10E710000000000EFFF400000000000EFFC000002B
:10E720000000000EFF5000000000000DFD00000082
:10E7300000000004B300000035555502000FFFFF34
:10E74000F2F400FFFFFF2FF40FFFFFF2FFF3FFFFD4
:10E75000FF32221FFFFFFFFFF7FFFFFFFFFF8FFFCB
:10E76000FFFFFFF8FFFFFFFFFF8FFFFFFFFFF8FF37
:10E77000FFFFFFFF8FFFFFFFFFF8FFFFFFFFFF8F90
:10E78000FFFFFFFFF88AAAAAAAAA300000002455BA
:10E79000310000000003AFFFFFFFC7000002BFFF12
:10E7A000FEDEFFFFF6005FFFB51000038EFFB0DF57
:10E7B000D300000000008FF5180005AEFEC810045D
:10E7C000600002DFFFFFFFF80000000CFF95347DC2
:10E7D000FF40000002A200000077000000000002DD
:10E7E00096000000000000000DFF50000000000037
:10E7F000000EFF6000000000000005DA00000000CD
:10E800005BBBBBBBBBBBBBBA20FFFFFFFFFFFFFF78
:10E81000FF90FC1222222222220FF7FC5FFFFFFF53
:10E82000FFFF2CFAFC5FFFFFFFFFFF21FAFC5FFFF9
:10E83000FFFFFFFF27FAFC2666666666661FFAFE84
:10E84000BBBBBBBBBBBBBFB1AFFFFFFFFFFFFFFF4E
:10E85000500000000000000000005BBBBBBBBBBB66
:10E86000BBBA20FFFFFFFFFFFFFFFF90FC12222239
:10E870002221000FF7FC5FFFFFFFF8000CFAFC5F9E
:10E88000FFFFFFF80001FAFC5FFFFFFFF80007FA47
:10E89000FC2666666663000FFAFEBBBBBBBBBBBB58
:10E8A000BFB1AFFFFFFFFFFFFFFF50000000000000
:10E8B000000000005BBBBBBBBBBBBBBA20FFFFFFC4
:10E8C000FFFFFFFFFF90FC1222221000000FF7FC59
:10E8D0005FFFFFD000000CFAFC5FFFFFD0000001DB
:10E8E000FAFC5FFFFFD0000007FAFC2666665000C6
:10E8F000000FFAFEBBBBBBBBBBBBBFB1AFFFFFFF93
:10E90000FFFFFFFF500000000000000000005BBBA5
:10E91000BBBBBBBBBBBA20FFFFFFFFFFFFFFFF90EE
:10E92000FC1222000000000FF7FC5FFF3000000027
:10E930000CFAFC5FFF3000000001FAFC5FFF3000C2
:10E94000000007FAFC2666100000000FFAFEBBBBB1
:10E95000BBBBBBBBBFB1AFFFFFFFFFFFFFFF500063
:10E9600000000000000000005BBBBBBBBBBBBBBA30
:10E9700020FFFFFFFFFFFFFFFF90FC0000000000F3
:10E98000000FF7FC0000000000000CFAFC00000083
:10E9900000000001FAFC00000000000007FAFC0083
:10E9A00000000000000FFAFEBBBBBBBBBBBBBFB18E
:10E9B000AFFFFFFFFFFFFFFF50000000000000005F
:10E9C00000000000000007B20000000000000ADFA5
:10E9D000FA000000000000A93DF50000000440021C
:10E9E000E00010000000AFF80B600000006C30FF8A
:10E9F000FFFFFFFFFFFFFFF4AFF9000C5000006DB9
:10EA00004005500004C00000100000000000C43E9B
:10EA1000E80000000000002EEFFA000000000000F7
:10EA2000004FFA000000000000000000000000009D
:10EA3000011000000007EFFFB30000AFFD8FFF20C3
:10EA400004FFFD09FFB00AFEFD12AFF00EF55D2CCC
:10EA50000EF30FFF33129FF50FFFF307FFF60FFFC3
:10EA6000E206FFF60FFE24137FF50DF57D2C0DF366
:10EA70000AFFFD11BFF003FFFE0BFFA0007FFEBFEA
:10EA8000FE100003ACDC810000003443000005668A
:10EA90007FFFF96650FFFFFFFFFFFF356666666682
:10EAA00066501CCCCCCCCCC402FFFFFFFFFF602F14
:10EAB000F3FB7F6DF602FF2FB7F5DF602FF2FB7FD0
:10EAC0005DF602FF2FB7F5DF602FF2FB7F5DF602E8
:10EAD000FF2FB7F5DF602FF3FB7F6DF601FFFFFF20
:10EAE000FFFF5007BCCCCCCC900000000000000120
:10EAF00020000000000004FF500000000002FFFFA3
:10EB0000500000000439FFFE00000004FF39FFA0A0
:10EB1000000004FFFF39B0000004FFFFFF200000E9
:10EB200004FFFFFFB0000004FFFFFFB0000004FF80
:10EB3000FFFFB0000004FFFFFFB0000000BFFFFFB9
:10EB4000B00000000DFFFFB000000000FFFFB000AC
:10EB500000000009A860000000000000001788887D
:10EB6000888887400002EFFFFFFFFFFFF4003EFFB1
:10EB7000FFCFFFCFFFF703EFFFF908F809FFF83EDB
:10EB8000FFFFFE20402EFFF8DFFFFFFFE101EFFF58
:10EB9000F89FFFFFFF80008FFFF809FFFFF902C217
:10EBA00009FFF8009FFFFE4EFE4EFFF80009FFFF31
:10EBB000FFFFFFFFF700008FFFFFFFFFFFC1000017
:10EBC0000000000003EFFFFFE203FBFBCEBFA4FF4A
:10EBD0001D03A1FAFFF1D03A1FAFFFFFFFFFFAFFBD
:10EBE000FFFFFFFFAFFFFFFFFFFAFFFFFFFFFFAFDA
:10EBF000FFFFFFFFFAFFFFFFFFFFAFFFFFFFFFFA7F
:10EC0000FFFFFFFFFFADFFFFFFFFF829AAAAAAA899
:10EC1000000000000000000300000000000004F1FC
:10EC2000000820000001FF100BF70000002FF10C7E
:10EC3000FF94444445FF1BFFFFFFFFFFFFF18FFFE1
:10EC4000FFFFFFFFFD007FF70000000000006F6086
:10EC50000000000000003000000000000000000084
:10EC6000000000000000C003000000000000C0031E
:10EC7000030A00000F008005050500051C00D009EF
:10EC80000A0A00004E00B008090F00FE9200D00BE7
:10EC90000C0A0000CE00A0090A0B00FF0501F002DB
:10ECA000030500050D01B004040E01FD2901C00497
:10ECB000040E00FD4501A0050606000557012008C9
:10ECC0000807000273013003030500FE7B016005A5
:10ECD0000503000383013003030300008801F004EF
:10ECE000070EFFFFB9015009090A0000E6013005CF
:10ECF000040A0000FA011008080A000022020008B5
:10ED0000080A00004A0260090A0A00007C02100892
:10ED1000080A0000A402A008090A0000D102600845
:10ED2000080A0000F9020009090A00002603A008E9
:10ED3000080A00004E033003030800005A033003A2
:10ED4000030B00FD6B032008080800018B0320085B
:10ED500008060002A303200808080001C3030008F6
:10ED6000080A0000EB03800E0E0D00FD4604400A69
:10ED70000C0AFF008204A00A090A0100AF04200A5D
:10ED80000A0A0000E104900B0A0A01001305600959
:10ED9000080A01003B05E008080A01006305D00AE3
:10EDA0000A0A00009505600B090A0100C20550041B
:10EDB000020A0100CC053007070AFF00EF05100A20
:10EDC0000A0A010021065008080A01004906600DE0
:10EDD0000B0A01008006600B090A0100AD06C00B9A
:10EDE0000C0A0000E906200A090A01001607C00BF8
:10EDF0000C0D00FD6407300A090A01009107B008F4
:10EE0000090A0000BE073008090A0000EB07100BD2
:10EE1000090A01001808F0090B0AFF004F08C00F8B
:10EE2000100A00009F0870090A0A0000D1081009A2
:10EE30000B0AFF0008093009090A00003509B0046F
:10EE4000040E01FD5109F004070EFFFF8209B00412
:10EE5000040E00FD9E09300807060102B3090007F1
:10EE6000070100FFB709600805020109BC09600835
:10EE700008080000DC099009080B0100080A0008D6
:10EE800008080000280A9009090B00005A0A900897
:10EE9000080800007A0AF004060B00009B0AB0097B
:10EEA000090B00FDCD0A9009080B0100F90AE003E7
:10EEB000020B0100040B0004050EFEFD270BA00849
:10EEC000080B0100530BE003020B01005E0BD00E98
:10EED0000D080100920B900908080100B20BE00830
:10EEE00009080000D60B9009080B01FD020C9009DF
:10EEF000090B00FD340CC00505080100480C000793
:10EF000007080000640CD005060A0000820C800986
:10EF100008080100A20CD0070908FF00C60C900CDD
:10EF20000D080000FA0CC007080800001A0DD007F1
:10EF3000090BFFFD4C0D500707080000680DF00499
:10EF4000050E00FD8B0D3004020E01FD990DF0043D
:10EF5000050E00FDBC0D200808030003C80DE005E8
:10EF600006050006D70D600404030003DD0D000E46
:10EF70000F0FFFFE4E0E000E0E0B00009B0E000E3C
:10EF80000E0D00FFF60E000E0E0B0000430FA00941
:10EF90000A0B00007A0F000E0E0F00FEE30F000EAA
:10EFA0000E0F00FE4C10C00F100D00FFB410000E2D
:10EFB0000E0F00FE1D11C00F100B00007511000E8A
:10EFC0000E0F00FEDE110007070C00FF0812800A7A
:10EFD0000B0C00FF4A12C00F100E00FEBA12000EFA
:10EFE0000E0B00000713A0090A0F00FE5213400C7D
:10EFF0000A0E01FE9813400C0D0F00FEFA13400C90
:10F000000D0D00FF4F14400C0D0D00FFA414400C1B
:10F010000A0E01FEEA14400C0E0DFFFF4515C00854
:10F02000090D00FF8015C008090D00FFBB15400C3D
:10F030000D0D00FF1016400C0D0400032A16C00F22
:10F04000100B000082168011120F00FE0917C00F6E
:10F05000110FFFFE8917000E0E0D00FFE417400C84
:10F060000D0800011818400C0D0800014C18801103
:10F07000120B0000AF18000E0E0B0000FC18000E63
:10F080000E0F00FE6519000E0F0FFFFED619400C83
:10F090000D0D00FF2B1A400C0D0F00FE8D1A400CB9
:10F0A0000D0D00FFE21A400C0D0C00FF301B000E8E
:10F0B0000E0B00007D1BC0080A0FFFFEC81B400C92
:10F0C0000D0F00FE2A1C400C0D0F00FE8C1CC00F03
:10F0D000100B0000E41C000E100FFFFE5C1D800AE8
:10F0E0000B0F00FEAF1D8011120D00FF241E8011BA
:10F0F000120A00007E1E8011120A0000D81E801124
:10F10000120A0000321F8011120A00008C1F8011A9
:10F11000120A0000E61F8011120C00FF5220400C62
:10F120000C0F00FEAC20400C0D0F00FE0E21000E57
:10F130000F0FFFFE7F218011120B0000E221800AD9
:10F140000B0F00FE3522100E0F0A00000000721F88
:10F1500051EF58EF5BEF5CEF5DEF61EF63EF65EF51
:10F1600069EF6CEF71EF76EF77EF78EF8EEF93EF5B
:10F1700098EF9BEF9CEF9DEFA1EFA2EFA3EFA4EF21
:10F18000B7EFB8EFBEEFC0EFC1EFC4EFC7EFC8EF06
:10F19000C9EFCBEFE3EFE5EF14F015F017F019F03E
:10F1A00030F037F03AF043F06CF074F0ABF03BF134
:10F1B00090F191F192F193F194F1D7F1E3F13DF2F5
:10F1C00054F2AAF412F7F2F7200000005F000100E9
:10F1D000000000000000000000000200B00000007D
:10F1E000F3F760004CF10208000000003E0003004D
:10F1F000000001020003040502060708090A090AC3
:10F200000B0C000D0E0F101112130C141400000043
:10F210001516171819161A1B1C1D1D1E1F201D1D43
:10F220001621222303241E2525262728292A2B00E0
:10F230002C002D2E2F303132332D343435302D2DFE
:10F240002E2E36373839333A3A3B3A3C29000009FA
:10F250003D09000000000000000000000000000068
:10F26000000000000000000000000000000000009E
:10F27000000000000000000000000000000000008E
:10F28000000000000000000000000000000000007E
:10F2900001020003040502060708090A090A0B0C0B
:10F2A0000D0E0F10110C1213141515000000161777
:10F2B0001819171919191719191A191919191719C4
:10F2C0001719031B1C1D1D1E1F20212223002400B3
:10F2D0002526272727002726282926262A2A272ADF
:10F2E000272A2B2C2D2E2E2F2E30000023093109FA
:10F2F000000000000000000000000000000000000E
:10F3000000000000000000000000000000000000FD
:10F3100000000000000000000000000000000000ED
:10F3200000000000000000000000000000010000DC
:10F3300000000000000100000200000000020000C8
:10F3400000000000000000000000000000000100BC
:10F3500000000000000000000000000000010A00A2
:10F3600006FB00000000F4F3020B0504F7020B019A
:10F3700009020700000000000000000000000D026C
:10F38000FE0000000000000000000000000400F982
:10F390000000000000FC04040000FE00FE0200FE6D
:10F3A00000FEFFFC00000000FE0000FDFD0000FE6E
:10F3B00000FC000000000000000000FEFE00FD0058
:10F3C000FA00E50000FC0004070000FC020207044C
:10F3D000FC040000F300000000000000000000003A
:10F3E000F80000000000000000000000000000FA2B
:10F3F000FDF500F7FE00000000000900F9FEFF0126
:10F4000000FC0000FEEF0000000000000000000013
:10F4100000EEFE09000000000000000000000000F7
:10F42000F7000000000000000000000700020000DC
:10F43000FC000000000000000000000000000000D0
:10F4400000000902010000000000000000000000B0
:10F4500000000000000000000000000000000000AC
:10F46000000000000000000000000000F8000000A4
:10F47000000000000000000000000000000000008C
:10F4800000000002040207FE000004FEF9E102068B
:10F490000400FD00080007000700EB00FD0700075F
:10F4A000FE0402000001FE0000FC12001200070032
:10F4B00009030407000000F80000000001FE00023C
:10F4C000FCFDFC0200FE000000F700000000000050
:10F4D0000000000000F1000000000000000000003B
:10F4E000000000000001F400F200000000FE001621
:10F4F000FDFD0202FE00FD020000F400000000001D
:10F50000000000000000EA0002000000000000000F
:10F510000000000000F2000D0000F8000700F1EA12
:10F52000F1FC070000F10003FB00FD0000000000FB
:10F53000000000000000000607E5000000000000D9
:10F540000000000000000B000200000000000202AA
:10F55000FDFC00FFFFFE0000FE000000FC00FE00BE
:10F56000FBFC00FAF9F9FC00FC00FC00000000FEC6
:10F570000000020002FE000100000002FE00000088
:10F58000FE0202FF000000FC00FF0000000000017E
:10F590000003FE00FD00FC0000FE00070000FE006E
:10F5A00000000000FF01FEFE0000FE00FE00000063
:10F5B000000000000000FFFF00FEFD000000000052
:10F5C000010000FE00FEFEFE000000000000000042
:10F5D00000FF00000000FEFD00FD00F9FEF9040040
:10F5E00000FC02040600FAFFFD00FFF502FE02F433
:10F5F00002000001F400F4FEEDFE00F50004060038
:10F6000003000000000000FCFD00F9000000FE0007
:10F610000000FE0000000000FFFF00FFFD000000F2
:10F6200000000000FEFE00FEFDFE0000FE000000E7
:10F630000000000000000000FEFE00FD00FE00FCD7
:10F64000020000FD010202000000000000FE0000B8
:10F65000000000020000FE00FEFEFD0000000000B1
:10F6600000000200FE00000000FEFD00FC0007FE9E
:10F6700001F9000006F5F4F7FC0200FEF1FC00FCC5
:10F6800000FC03FCF200FA000001FF02FE00020091
:10F69000F9F700F5FBFBFBF9FDFA00FCFA010001AC
:10F6A00000FE000000020002000000000000000058
:10F6B000000000FE00FF00FFFE00FCFBFBFF00F966
:10F6C000000000000000FE0000000001FF0000003C
:10F6D0000200000000000000000B0000000000001D
:10F6E00002000000FE00000000000000000000001A
:10F6F000FC0002000000000000000000000000000C
:10F70000FE000000FC00000000F5F9000000FDF51F
:10F710000000FE0200FA00000000000000000000EF
:10F72000FC0000FC000000000000000000000000E1
:10F730000200FC00000000030002FCFC00FEFEFDD5
:10F74000000000000000F900FE00FDFE00FBFAF9D9
:10F75000FE00FC00F900000000120000010000FDA6
:10F76000000200F60000000000EBFC0707FEF700B7
:10F7700002FD00F5FFFD02F0FE030003F8FDF8F9BD
:10F78000F70000F3000D0000FF000000FFFFFEFA8D
:10F79000F900EB0000000000000000000100000084
:10F7A00000000000000000000000000000FE00FF5C
:10F7B000FEFD0000FC00FE00000000000000000054
:10F7C000000000000000FF00FC000004FF0300FB3D
:10F7D00002FEFFFAFE00FDFEFE00FDFC0000FEFF43
:10F7E000FEFCFD0000FE0002FE00FB000000FC002D
:10F7F000FC00FCFC020000000000000000FC020015
:10F80000FD00FEFDF9FEFEFEFFFEFDFF0000000014
:10F8100000FEFEFE0000000003FE00FE000000FEF1
:10F82000FDFEFEFDFE000209FF00FA00FE0400FEE0
:10F83000F7FD030000F5FC02FC0200FEFEF900FDEE
:10F84000010000FC0000000202FCFC00FCFEFDFECA
:10F85000FE00FC01FCFC07000000000000000000AE
:10F860000200000000000000000000000000000096
:10F870000000000000000000FC000000000000008C
:10F880000000000000000000000000000000000078
:10F890000000000000000000000000000000000068
:10F8A00000000000FE00000000000000000000005A
:10F8B0000000000000000000000000000000000048
:10F8C0000000FEFE0000000000000000000000003C
:10F8D000FD0000FD0000FEFE00000000FE00000034
:10F8E00000FF0000000000FE00000000FD00FC0022
:10F8F0000000F90002FB0400FEF50000FBFE00F72B
:10F90000FAFA0000F6FEF7F7F500FA00020FFD0024
:10F91000FBFEFFFEFCFAFCF8F7FBFE0000FE000118
:10F920000000F0FE0705FBF80001F900F5FEFE04FB
:10F93000EBFD010000F1FDF4FEF00000F0000D0110
:10F9400000FE00000000FFFEF7FE00F100000000D6
:10F95000F900FE00FFFAF50000FFFDF9FE00FE00D1
:10F96000000000F6FEF9F9FEFCFAFEFC00FCFEF9D0
:10F97000FD00FDFCFEFC000100FEF9000400FC009F
:10F98000000000030002FC0900FEFEFD0000000074
:10F990000000F900FE00FDFE00FBFAF9FE00FC028B
:10F9A0000900000000120000010000FD000200003C
:10F9B000000000000000000000000000FEFC00004D
:10F9C000000000FF000000FEFE0000FCFE0000FC46
:10F9D0000004FF000000000000010000000003041C
:10F9E00002FE00F9FC0007F9F9FCFC090402EDFE37
:10F9F00004FE00FE02FEF800FE02FDFEF9FE00001D
:10FA0000070400FA00F4FD06FDF701FDF9F9FE090F
:10FA10000200FD00FA000207FBF8F7FA070001F008
:10FA2000FE02FCFEFB00FBF8FDFDFE0000FBFBFE02
:10FA3000000705FEF400F4FD00F8F3FFF9FCF9FA05
:10FA4000060000FD00FCFE00FEFC0004F9020000C0
:10FA5000F400FEFBFCFEF9FAF9FB00F9FEFBFCF9F1
:10FA6000FE0000010BFC00F9FE00FEFCFBFAFAF7B9
:10FA7000FDFC0400FD00F5FD0104F9F8FCF907FEAA
:10FA800001EBFC04FBFCF800F9F7FDFEFEFEFBF9C0
:10FA9000FF00000706FEF100F3FB05F7F1FCF8F7A5
:10FAA000F5F90400000000FD000002FD0402FC0462
:10FAB0000000F9FF00FF000101FE0000000000004F
:10FAC000FE0000000002070000FD00000000FEFE36
:10FAD000FD0000000102000000000200FE0009001D
:10FAE000040101FD0004000000020000000000000D
:10FAF00000000000000700060000000000000000F9
:10FB0000000000000000F300FE04000700001603E0
:10FB1000FCFC0202FE01F500000BF30000000000F7
:10FB2000000000000000F1091F00000000000000BC
:10FB30000000000000F300000000000000000000D2
:10FB400000000000000000000000000000000000B5
:10FB5000FC0000FCFE0000000000000000000000AF
:10FB60000000000000000000FE00FA00000100009C
:10FB7000021DFCFE0706FA0200000202FD00000062
:10FB80000000000000000000E3060000000000008C
:10FB90000000000000000000000000FA000000FA71
:10FBA00000000000FBFF000000FB00FD00F500006E
:10FBB000000000000000000000F100000000010053
:10FBC0000000000000FE0000FC00FD00FA00000044
:10FBD000FC02FD0000FAFEFB0000FA00FE00F5004A
:10FBE000FE0000EEFCF7FEF80000F100FAFF000056
:10FBF000000000000000FDFCFEFC00000000FB0017
:10FC0000FB03FE0400FEFBFEFCFC00FDFFFE02FA0F
:10FC1000FF000000ECFEFD00FB00FEF5FE0000FE14
:10FC2000FE000000000200FEFCFE040000000000D8
:10FC300000000000000000000000000000000000C4
:10FC400000000000000000000000000000000000B4
:10FC500000000000000003000000000000FB00FEA8
:10FC6000000000FC02000000FAFEFC0000FA00FEAA
:10FC700000F500000000EA00FCF8F50000F100FECD
:10FC8000FD0000000000000000FEFDFFFD0100007F
:10FC900004FD00070BFEFEF9030B0405FA0309033C
:10FCA00006050600000000000000000000000E0B2A
:10FCB000FCFE00FE120A1200000002000008000014
:10FCC000FC000000000000000000FE00000000003A
:10FCD0000000000300000000EDFDFEF7F50000F15C
:10FCE0000000000000000000000000000000000014
:10FCF00000FC000000000000000000FE000000000A
:10FD0000000000000300000000EDFDFEF7F500001C
:10FD1000F7000000000000000000000000000000EC
:10FD200000000000FE000000FB0200FE020402F9D9
:10FD30000000FE02000200000000FA00FEFEFC00CF
:10FD4000FEF7000EFE00FBFE00FEFC00FEFAFCFDCE
:10FD5000000000FC000000000000000000FE0000A9
:10FD60000000000000000300000000EDFDFEF7F5BC
:10FD70000000F10000000000000B00000000000087
:10FD800000000000FC00F9FDFE07FEFEF701FF0188
:10FD9000FEFA000500020102FBF7FD00F7FCFAF78E
:10FDA000F700FCFCFDFDFEFEFDFE00FEFF03000370
:10FDB000FE0007000000000000000000000000FE40
:10FDC000FEFE0000FA00FF00FC0000000000000042
:10FDD00000000000F3000000000000000000000030
:10FDE000FEFE00FD00000000FE0000FCFE0200FC24
:10FDF000FCFE00FAFEFBFEFD00FC0000000000001F
:10FE00000000000000F100070000FC00000000FD01
:10FE100000FE0000FF0000FE00FB000009FDF9F9F4
:10FE200002020200FA020302070207FEFA0000F7CC
:10FE30000000F9FA0000FC00FDFC00FD00FD00FEE2
:10FE40000300FEF9FE080000FE00FC000003FB00BA
:10FE500002FE020000F900FEFF00FE02FE000000AC
:10FE6000F7FDFB00F90000F50008FE00FC000100B2
:10FE7000FE00FEF900FE0200000000FE000002FD90
:10FE8000010000FDFE00FD00000000000000000079
:10FE90000000000000000000F200050000FE00006D
:10FEA00000000000FEFE000000040005000000004D
:10FEB00000F2F3010A0704F7020900080004000039
:10FEC0000000000000000000000C00000000000026
:10FED0000000000000000000000000002CF30208F9
:10FEE000F0F102088EF202083D310000DCC9020880
:10FEF0005CEC0208C8F10208DCFE020810000228CF
:10FF0000F0020020459701086996010810000300DF
:10FF100000FF0100ECFE02080000000000000000ED
:10FF20009F68F68F57F46F46F35F35F24F10001558
:10FF30000AF77F40DA09ED909DD908DC808DC8086A
:10FF4000C000000000E5004F0000000F3006E00098
:10FF50000002F1008C0000FFFFFFFFFFF2055AE5F1
:10FF600055DA5500009B000E6000000B9000F40075
:10FF70000011D8113F31008FFFFFFFFFF90245F656
:10FF8000448E4420002F1007C0000004F0009A00A7
:10FF900000005E000B900000000007200000000041
:10FFA000E4000000000E40000002ADFFD92003FF76
:10FFB000BFCDFC00BF40E403300ED00E400000DF98
:10FFC00030E4000005FFAF50000004BFFFD7000081
:10FFD000001EBEFB000000E40BF400000E406F604A
:10FFE000B400E40BF31EFDAFBEFA0017CFFFC6004E
:10FFF00000000E4000000000E4000001BFC300004C
:020000040803EF
:100000002F4000C916E0000C90002F000C5007E0B4
:100010000004D000A702F400003F000C60C90000FB
:1000200000D704F17E00000003DFE42F41AEB200F0
:1000300000100C90C928E0000006E13F000D5000C0
:1000400002F404D000A70000BA003E000C50006E7D
:100050001000D705E1001F500002BFC3000004CF0D
:10006000E900000003FB57F90000009F000AD000E0
:100070000008F100DB0000002FB3CE200000006F6D
:10008000FC200000004EEFB00010005FA06FB01F1A
:10009000500EC0006FB7F202F800006FFB000FD0E7
:1000A0000001DFB0008FE98AFE8FB0005CFFD9103D
:1000B0006800000000000000DAD9D9C8C800006F4D
:1000C000400DC004F6009F100DD000FB002F8003F0
:1000D000F7004F6004F6003F7002F8000FB000DD3B
:1000E0000008F1003F6000DC0006F43F7000BE0035
:1000F00005F5001FA000CE0009F1007F3006F400D6
:100100005F5005F5006F4007F3009F100CE001FA07
:10011000005F500BE003F700000E200360E2564D35
:10012000DFCE601DFF304ECFBF6360E245000E2082
:10013000000001300000008F00000008F0000122E4
:100140009F2220CFFFFFFF4455AF55510008F0001C
:1001500000008F00000008F0000001100EF10FF207
:1001600007E00B900E4088887FFFFE05601FF20CB1
:10017000D000000057000000EA000003F50000096D
:10018000F000000EA000004F4000009E000000E9BB
:10019000000004F4000009E000000E9000004F4051
:1001A0000000AE000000F9000005F300000AE000C6
:1001B000000F9000005F3000000004BEEB40000024
:1001C0006FFBBFF60002FD1001DF200AF300003FC5
:1001D000A00EE000000EE00FB000000BF01FA0002A
:1001E000000AF10FB000000BF00EE000000EE00975
:1001F000F300003F9002FD1001DF20006FFBBFF60F
:10020000000004BEEB4000DFFFC8AAFC000FC000E6
:10021000FC000FC000FC000FC000FC000FC000FC81
:10022000000FC000FC000FC0018DFEC5004FFDACEB
:10023000FF703C30002FF00000000BF20000000CBB
:10024000F10000003FB0000002EE2000002EF3009D
:100250000002EF3000002EF3000002EF3000002E0D
:10026000FCAAAAA75FFFFFFFFB5FFFFFFFF03AAA10
:10027000AACFC0000001EE1000000CF30000009FA8
:1002800060000004FE61000005DFFF500000003E3A
:10029000F200000007F600000006F66910001DF2EB
:1002A0009FFCBCFF8004AEFEB5000000004FB00014
:1002B000000001ED000000000CF2000000009F5063
:1002C00000000005F9000000002FC003C50000DE9B
:1002D0001004F7000BF40004F7004FFFFFFFFFFDD1
:1002E0003999999BFC9800000005F7000000000573
:1002F000F70000000005F70002FFFFFFF004FCAA72
:10030000AAA005F500000007F300000009F10000B5
:10031000000AFFFFC70007AAABFFC00000000BF6F2
:1003200000000003FA00000003FA3C20000BF66F07
:10033000FDBBEFB0039DFFC70000018DFEC60004AA
:10034000EFCAAD9001EE400000008F400000000EAB
:10035000E000000000FB2AEFD7001FDFD99DFB0162
:10036000FFA0000AF50FF200003F90BF200003F845
:1003700004FA0000AF4009FD99DFA00005CFFC6042
:10038000007FFFFFFFFF07FBAAAAAFE07F40000549
:10039000F806F40000CF100000003FA00000000AA3
:1003A000F300000001FC000000008F500000000E70
:1003B000E000000006F700000000DF100000004F22
:1003C000900000000BF2000000002AEFFC70003FDC
:1003D000FB89DFB00AF50000BF30BF100008F4044D
:1003E000FC4226FD0006FFFFFE1005FE856AFD109B
:1003F000EE100007F82FA000001FB2FB000002FB68
:100400000DF40000AF703FFB89DFC00029DFFC6006
:1004100000006CFFC60000AFD98CFA003FB00007A7
:10042000F607F500000FD06F600002FF11FF5104C6
:10043000DFF204EFFFFB9F300057730AF10000006A
:1004400000DF000000004FA00000003EF2008EBA66
:10045000CFF50005BEFD9200000CD01FF205600034
:100460000000000000000005601FF20CD00CD01F3F
:10047000F20560000000000000000001100EF10F06
:10048000F207E00B900E40000000052000018EF402
:10049000004BFF9306DFC60000CF80000005CFE7CA
:1004A00010000039FFB40000016DF40000000420CA
:1004B000CFFFFFFF46777777720000000000000053
:1004C0000000122222220CFFFFFFF4455555551063
:1004D000620000000CFB40000006CFE7100000396E
:1004E000FFA1000002DF40004BFF9118EFC6000C97
:1004F000FA3000005100000000029DFEC5004FFBD5
:100500009BFF804C20002FF00000000CF00000004A
:100510001FC0000001CF3000001DF40000009F50FC
:10052000000000AC000000000000000000330000EC
:100530000001FF10000000CD00000000029DFFEC54
:1005400071000000009FC75458DF6000000CE400F9
:10055000000006F90000AE103BEFB2BD3F6004F4AE
:1005600004FE97CFED06E00AC00EE10008FD00E5AD
:100570000E604F600000FD00A91F406F300000CDED
:10058000008B2F306F300000CD008B1F403F60008C
:1005900000FD00990E600EE10008FE00E50AC004AF
:1005A000FE87BFAF9BE004F4003BFFB31BFC3000B1
:1005B0009E10000000000000000CE400000000009D
:1005C0000000009FC7546AE000000000039DFFDBAD
:1005D0005000000000008FB000000000000EFF205F
:1005E0000000000006F6F90000000000DD0BF0003E
:1005F0000000004F604F700000000BE000DD0000C5
:100600000002F80006F50000009F10000EC0000078
:100610001FFFFFFFFF300007F8888888FA0000ED11
:100620000000000BF1005F600000004F800CF10043
:10063000000000EE001FFFFFFEB4001FD8888AFFF5
:10064000701FB000002FF01FB000000CF01FB000B2
:10065000002FC01FD8888AFE301FFFFFFFFD401FFC
:10066000B000014DF31FB0000004F91FB0000002FC
:10067000FB1FB0000008F81FD88889CFE11FFFFFDB
:10068000FFD91000004AEFEB500001BFFCACFFB0F7
:1006900000BFB200019C006FB0000000000DF1002F
:1006A00000000000FC00000000001FA0000000008F
:1006B00000FC00000000000DF100000000006FB021
:1006C0000000000000BFB20001AC1001BFFCBCFF85
:1006D000B000004BEFEB50001FFFFFFDA40001FE38
:1006E000AAAACFFA001FB000002BFA01FB000000FD
:1006F0000CF41FB00000003FB1FB00000000EE1F33
:10070000B00000000DF1FB00000000EE1FB0000083
:10071000003FB1FB0000000CF41FB000002BFA01F9
:10072000FEAAAACFFA001FFFFFFDA400001FFFFFD3
:10073000FFFC01FEAAAAAA701FB000000001FB0086
:100740000000001FB000000001FD999999001FFFF3
:10075000FFFFF001FB000000001FB000000001FBE4
:10076000000000001FB000000001FEAAAAAAA01FFE
:10077000FFFFFFFF001FFFFFFFFC1FEAAAAAA71F42
:10078000B00000001FB00000001FB00000001FB04C
:100790000000001FFFFFFFF01FE99999901FB000B4
:1007A00000001FB00000001FB00000001FB00000DC
:1007B000001FB000000000004ADFEB600001BFFC3A
:1007C000BBFFC100BFB200007D106FB00000000091
:1007D0000DF10000000000FC00000000001FA00060
:1007E00000003930FC00000006F50CF10000006F3D
:1007F000506FB0000006F500BFB200009F5000AF80
:10080000FDBCFFD200004AEFEB60001FB00000010A
:10081000FB1FB0000001FB1FB0000001FB1FB00078
:100820000001FB1FB0000001FB1FEAAAAAAAFB1FE0
:10083000FFFFFFFFFB1FB0000001FB1FB000000126
:10084000FB1FB0000001FB1FB0000001FB1FB00048
:100850000001FB1FB0000001FB1FB1FB1FB1FB1F1C
:10086000B1FB1FB1FB1FB1FB1FB1FB1FB000EFFFBE
:10087000FF7008AAABF70000005F70000005F700EA
:1008800000005F70000005F70000005F70000005C9
:10089000F70000005F70000006F60A7000CF30CF4E
:1008A000DADFC0008DFE90001FB000001DE21FB017
:1008B0000001DF301FB0000CF4001FB000BF50007B
:1008C0001FB00BF700001FB0AF8000001FB9FFB0D2
:1008D00000001FFFBBF800001FFB01DF50001FD00E
:1008E000002FF2001FB00004FD101FB000007FB009
:1008F0001FB0000009F81FB00000001FB00000008A
:100900001FB00000001FB00000001FB00000001F5B
:10091000B00000001FB00000001FB00000001FB0BA
:100920000000001FB00000001FB00000001FEAAA76
:10093000AAA51FFFFFFFF81FA0000000007F41FFD6
:10094000300000001FF41FFC00000009FF41FFF50C
:10095000000002FEF41FADE00000BE8F41FA4F80A0
:10096000004F67F41FA0AF200DD07F41FA02FA07B5
:10097000F407F41FA008F5EA007F41FA000EFF20FB
:1009800006F41FA0005F80006F41FA0000600006BF
:10099000F41FA0000000006F401FB0000001FB1F0B
:1009A000F8000001FB1FFF500001FB1FDFF20001F8
:1009B000FB1FB6FD0001FB1FB09FA001FB1FB00C89
:1009C000F601FB1FB001EF31FB1FB0004FE2FB1F30
:1009D000B00007FDFB1FB00000BFFB1FB000001DF3
:1009E000FB1FB0000002FB00004ADFEB50000000DC
:1009F000AFFCBCFFC10000BFB20001AFD0006FB0C0
:100A00000000009F800CF100000000FE00FC0000D0
:100A100000000AF21FA0000000009F30FC00000050
:100A2000000AF20CF100000000FE006FB0000000B0
:100A30009F8000BFB20001AFD00000AFFCBCFFC17F
:100A40000000004AEFEB5000001FFFFFFC70001F8A
:100A5000EAAABEFD101FB000009F901FB000000E5C
:100A6000F01FB000000CF01FB000000EF01FB0002F
:100A7000009F901FEAAABEFD101FFFFFFC70001F21
:100A8000B0000000001FB0000000001FB000000018
:100A9000001FB00000000000004ADFEB5000000023
:100AA000AFFCBCFFC10000BFB20001AFD0006FB00F
:100AB0000000009F800CF100000000FE00FC000020
:100AC00000000AF11FA0000000009F30FC000000A1
:100AD000000AF20DF100000000FE007FA0000000FF
:100AE0008F8000CFA100009FD00001CFFBABFFD1D2
:100AF0000000006CEFFD6000000000005FE634A71E
:100B0000000000003CFFFE40000000000243001F08
:100B1000FFFFFC70001FEAAABEFD101FB000009F7F
:100B2000901FB000000EF01FB000000CF01FB000CE
:100B3000000EE01FB000009F901FD999AEFD101F5E
:100B4000FFFFFFA0001FB0001FD0001FB00006F97C
:100B5000001FB00000BF401FB000001EE00029DFF2
:100B6000FD81003FFC9ADFC00BF400002300ED0084
:100B70000000000CF3000000005FFA610000003B81
:100B8000FFFD7000000048EFB000000000BF400013
:100B9000000006F60B500000CF31DFEB9AEF90001B
:100BA0006BEFEB5000EFFFFFFFFF89AAADFBAAA59B
:100BB00000009F2000000009F2000000009F2000BC
:100BC000000009F2000000009F2000000009F20070
:100BD0000000009F2000000009F2000000009F209C
:100BE00000000009F2000000009F2000003F90007C
:100BF0000005F73F90000005F73F90000005F73F24
:100C000090000005F73F90000005F73F90000005B9
:100C1000F73F90000005F73F90000005F62FB00069
:100C20000007F50EF000000BF208FA00007FB0009C
:100C3000CFFBBEFE200007CFFD81000CF2000000BC
:100C400002F906F800000009F300EF0000001FC0E1
:100C5000008F6000007F50001FD00000EE00000AEF
:100C6000F40005F7000003FB000CF1000000DF209A
:100C70002FA00000006F809F300000000EE1FC00FC
:100C800000000008FCF50000000001FFE00000008B
:100C90000000AF8000004F9000000CF3000002F84D
:100CA0000EE000002FF8000008F309F300007FFDBC
:100CB00000000DD004F80000CD8F20002F8000FE32
:100CC0000002F83F80007F3000AF3007F30ED00005
:100CD000DE00005F800CD008F202F900000FD02F78
:100CE0008003F707F400000AF27F3000ED0CE0000B
:100CF0000005F7DD00009F4F90000000FEF80000A7
:100D00003FDF40000000BFF300000EFF00000000C6
:100D10006FE0000009FA00002FD000000BF306FA84
:100D200000007F7000BF5002FC00001EE10DF200C9
:100D30000005FB8F500000009FFA000000003FF507
:100D400000000000DFFE10000009F65FA000004F69
:100D5000B00AF60001EE1001EF200BF500004FC0C5
:100D60006FA0000008F80CF20000005F603FB000C8
:100D7000000ED0009F500008F30001EE0002FA00C0
:100D80000006F800BF1000000CF14F700000003F9B
:100D9000BDD000000000AFF40000000002FC000025
:100DA0000000001FB00000000001FB000000000078
:100DB0001FB00000000001FB0000001FFFFFFFFF4D
:100DC000F10AAAAAAACFD000000001EF200000007B
:100DD0000CF5000000009F8000000005FB000000F3
:100DE000002FE100000000DF300000000AF60000E4
:100DF00000007FA000000004FD000000001EFBAA10
:100E0000AAAAA23FFFFFFFFFF41FFFA1FC741FA0CF
:100E100001FA001FA001FA001FA001FA001FA001A3
:100E2000FA001FA001FA001FA001FA001FA001FA9A
:100E3000001FC741FFFA470000005F3000000F802D
:100E400000000AE0000005F3000000F9000000AE19
:100E50000000005F4000000F9000000AE000000466
:100E6000F4000000E90000009E0000004F40000078
:100E70000EA0000009F0000004F5000000EAAFFF3A
:100E8000147CF100AF100AF100AF100AF100AF10AE
:100E90000AF100AF100AF100AF100AF100AF100A1A
:100EA000F100AF100AF147CF1AFFF1000AF200007B
:100EB00001FE9000007D5E00000D70F50004F10958
:100EC000C000AB003F201F5000D807E00006E0FF45
:100ED000FFFFFFF222222222484000AF40007F4065
:100EE000017CFFD60009FC99EF800130000DF00075
:100EF000000009F2019EFFFFF30AF8433AF30FB036
:100F00000008F30FB0000EF309F946DFF3008DFE81
:100F100087F35F5000000005F5000000005F5000FF
:100F2000000005F5000000005F56DFEA2005FDFC2B
:100F30009BFF305FF50004FE05FA000008F45F60D7
:100F400000004F75F6000004F75FA000008F45FF1A
:100F500050004FE05FCFC9BFF305F46DFEA2000063
:100F600007DFEB3000CFD9AFF409F70002C30FD091
:100F70000000003F800000003F800000000FC00024
:100F8000000009F70002C300CFD9AFF30007DFEB81
:100F900030000000001FA000000001FA0000000067
:100FA0001FA000000001FA0008DFE82FA01DFD9B34
:100FB000FDFA0AF80002EFA0FD000006FA3F8000EB
:100FC000002FA3F8000002FA0FC000005FA0AF607E
:100FD000001EFA01DFB79EDFA0008DFE91FA000827
:100FE000DFE910001DFB8AFE200AF30003FB00FA74
:100FF000000009F13FFFFFFFFF33FA333333300FB7
:10100000D0000000009F9000091000DFDAAEF6006B
:10101000007DFFC500001AEE900AF98800FB000071
:101020001F9000BFFFFF558FC77201FA00001FA07D
:101030000001FA00001FA00001FA00001FA000013B
:10104000FA00001FA0000008DFE91EC01DFD9BFE86
:10105000EC0AF80001DFC0FD000004FC3F90000036
:101060000FC3F8000000FC0FD000004FC0AF80009D
:101070001DFC01DFD9AFDFC0008DFE91FB00000039
:10108000002F902700000BF407FFB9AEFA0004AE62
:10109000FFC6005F500000005F500000005F50007E
:1010A00000005F500000005F56DFEA105FEFCADF0C
:1010B000D05FF4000AF65F900002F95F600000FA6A
:1010C0005F500000FB5F500000FB5F500000FB5FC3
:1010D000500000FB5F500000FB6F69F90400005FE7
:1010E00055F55F55F55F55F55F55F55F55F500040E
:1010F000F70007FA0000400000000004F70004F7C2
:101100000004F70004F70004F70004F70004F700F8
:1011100004F70004F70004F70004F70006F54B9FFE
:10112000E15EFC305F5000000005F5000000005F4C
:101130005000000005F5000000005F50001DF305A1
:10114000F5002DF3005F502EF40005F52EF400009D
:101150005F9EFE000005FFFAFA00005FE30CF60058
:1011600005F6001EF3005F50004FD005F500007F2C
:10117000A05F55F55F55F55F55F55F55F55F55F582
:101180005F55F55F55F55F58DFE8008DFE8005FE81
:10119000FA9DFBDFA9DFB05FF2000DFF3000CF3515
:1011A000F900007FA00006F65F600005F700004F21
:1011B00075F500005F600004F75F500005F6000061
:1011C0004F75F500005F600004F75F500005F60002
:1011D000004F75F500005F600004F75F57DFEA100D
:1011E0005FEFA8CFD05FF30009F65F900002F95FD0
:1011F000600000FA5F500000FB5F500000FB5F5092
:101200000000FB5F500000FB5F500000FB0007DFA9
:10121000EA30000DFD9AFF5009F70002EF10FD00C3
:101220000006F73F8000002F93F8000002F90FD06E
:1012300000006F609F80002EF100CFD9AFF4000056
:101240007DFEA3005F46DFEA2005FDFA8AFF305FDE
:10125000F40003FE05FA000008F45F6000004F751B
:10126000F6000004F75FA000009F45FF50004FE02C
:101270005FDFC9BFF305F56DFEA2005F50000000FF
:1012800005F5000000005F5000000005F5000000BB
:10129000000008DFE81FA01DFD9BFCFA0AF7000212
:1012A000EFA0FD000006FA3F8000002FA3F8000029
:1012B00002FA0FD000006FA0AF80002EFA01DFD934
:1012C000AFDFA0008DFE82FA000000001FA000002A
:1012D0000001FA000000001FA000000001FA5F46B4
:1012E000DB5FCFD95FF5005FA0005F70005F50004B
:1012F0005F50005F50005F50005F5000018DFEC7DF
:1013000000CFB8ADD03F90000102FB0000000BFF02
:10131000B84000059CFFC00000009F60500005F72A
:101320005FEA9AFE106CEFD92001FA00001FA000BE
:10133000BFFFFF558FC77201FA00001FA00001FA1E
:1013400000001FA00001FA00000FC00000BFA9901C
:1013500001BEE97F400003F87F400003F87F4000B2
:1013600003F87F400003F87F400003F87F4000044B
:10137000F86F600006F82FC0001EF80AFD89EEF82D
:10138000008DFE92F80DE000000DD006F600003F43
:101390007000FC0000AF10009F3001F900002F909A
:1013A00007F300000BF00EC0000005F65F500000D0
:1013B00000EDBE000000007FF8000000001FF100FB
:1013C00000BE00000CF10000AE05F40002FF60005A
:1013D0000F800F90008FEB0005F200AE000DB8F10A
:1013E00000BD0004F403F52F701F70000EA09E00D6
:1013F000CC06F100009F1E9006F2CC000003FAF329
:10140000001FAF6000000DFD0000BFF10000008F65
:10141000700005FB00003FB0000CF207F7007F6092
:1014200000BF33FA00001EDED0000004FF300000D1
:1014300006FF5000003FBCF20000DE12FC000AF480
:10144000005F906F80000AF50DE000000CD006F6FA
:1014500000003F7000FC00009F10009F3001FA0068
:10146000002F9006F300000CF00DC0000005F63FC1
:1014700060000000EDAE000000008FF800000000EA
:101480001FF2000000000FB0000001007F400000CC
:101490001FAAFB00000019EEA10000002FFFFFFFB4
:1014A0009177777EF4000006F8000003FC0000014D
:1014B000EE100000BF4000008F7000004FB0000031
:1014C0001EF8777754FFFFFFFB007EF03FD707F44D
:1014D000008F3008F3008F3008F3009F208EE00F5C
:1014E000FA000BF2008F3008F3008F3008F3007F12
:1014F0004004FD7008EF1F71F71F71F71F71F71F90
:1015000071F71F71F71F71F71F71F71F71F71F71C7
:10151000F7AFA1004BF90000ED0000DE0000DE0097
:1015200000DE0000DE0000DE0000AF92005FF4008D
:10153000CF1000DE0000DE0000DE0000DE0000ED67
:10154000004AF900AFB1000000000101DFC100C591
:10155000AC5CE34F2D4009FF90300002100001AF5A
:10156000D500B803E41E0006A2E0006A0C701D500E
:101570002CFF700000000005309FF3CFF64EC10035
:1015800000000000000027BA00000000000048DF53
:10159000FFF2000000016AFFFFFFFF2000007CFF58
:1015A000FFFFFFFFF200004FFFFFFFFFFFFF2000E4
:1015B00005FFFFFFFFB73FF200005FFFFE95000150
:1015C000FF200005FF730000001FF200005FE00035
:1015D000000001FF200005FE000000001FF20000D7
:1015E0005FE000000001FF200005FE000000698FA1
:1015F000F200005FE00002EFFFFF200358FE000052
:101600008FFFFFF22DFFFFE00004FFFFFD0BFFFF48
:10161000FE000004BDC810AFFFFFB00000000000D6
:1016200000AFFFB10000000000000001000000005A
:1016300000000000510688888888883015F76EFF02
:10164000FFFFFFFFB68FFDCFF33333336FECDFF2D5
:101650000CE00000003F702FF20CE00000003F8023
:101660002FFFFFE00000003FFFFFF42DF99999994B
:10167000BF924FF20CFFFFFFFFFF702FFBAFF11186
:1016800011115FDABFF98EE00000003FC89FF20C35
:10169000E00000003F702FF64DE00000003FA46F17
:1016A000FEEFFBBBBBBBCFFEEFC20CFFFFFFFFFF9C
:1016B000802C588870288888888885FFFFF39FFFD2
:1016C000FFFFFFFFFFFFF3AFFFFFFFFFFFFFFFF392
:1016D000AFFFFFFFFFFFBFFFD16FFFFFFFFFFB006B
:1016E0000000000000000000CFFFE17FFFFFFFFFD0
:1016F000FCFFFFF3AFFFFFFFFFFFFFFFF3AFFFFFB5
:10170000FFFFFFFFFFF39FFFFFFFFFFF58886027EA
:101710008888888885477750177777777774FFFFB1
:10172000F39FFFFFFFFFFFFFFFF3AFFFFFFFFFFF91
:10173000FFFFF3AFFFFFFFFFFFDFFFF17FFFFFFFC3
:10174000FFFD00000000000000000000000000009D
:1017500000000520000000000000008FF3000000E2
:1017600000000008FFFE0000000000008FFFF800EE
:101770000000000008FFFF9009D20000008FFFF971
:10178000009FFE200008FFFF9000DFFFE2008FFFB8
:10179000F900002EFFFE28FFFF90000002EFFFFF80
:1017A000FFF9000000002EFFFFFF90000000000284
:1017B000EFFFF90000000000002EFF900000000085
:1017C000000002D800000000002DB0000006E60D69
:1017D000FFC00006FFF3CFFFC006FFFF31DFFFC7EA
:1017E000FFFF5001DFFFFFFF500001DFFFFF500050
:1017F0000007FFFFD0000006FFFFFFC00006FFFF4D
:10180000DFFFC006FFFF51DFFFC0FFFF5001DFFF1A
:1018100058FF500001DFD0053000000161000000DA
:101820000000CD50000000000000003FFA00000062
:10183000000007E303FFA00BC1000008FFB03FFA60
:1018400004FFD10004FFF603FFA01EFFA000DFF796
:10185000003FFA002EFF403FFC0003FFA0006FFA9C
:1018600008FF60003FFA0000EFF0AFF20003FFA0B6
:10187000000BFF1BFF10001FF80000BFF19FF300DB
:10188000002400000DFF06FF900000000002FFD0C2
:101890001FFF2000000000BFF8009FFD2000000097
:1018A0009FFE1000CFFE710004CFFF500001DFFF4C
:1018B000FEDFFFFF600000009FFFFFFFFD40000014
:1018C000000028CEFDA500000000000004664000D6
:1018D00000000000003FFFF30000000000004FFF89
:1018E000F4000000007817FFFFFF71870004FFFF7E
:1018F000FFFFFFFFFF400DFFFFFFFFFFFFFFD03F98
:10190000FFFFFE88EFFFFFF308FFFFD0000DFFFF92
:101910008000AFFF500005FFFA0000BFFF3000035A
:10192000FFFB0001CFFF800008FFFC103EFFFFF629
:10193000006FFFFFE31FFFFFFFFFFFFFFFF109FF46
:10194000FFFFFFFFFFFF9000DF8EFFFFFFE8FD00BE
:101950000011019FFFF91011000000004FFFF4007B
:1019600000000000002CEED200000000000000008B
:1019700000000000000000000892006BB1000000B1
:1019800000002DFFE40AFF20000000004EFFFFF6DC
:10199000AFF2000000006FFE31CFFFFF200000001B
:1019A0009FFD2570AFFFF2000001BFFA08FFB07F76
:1019B000FF400002DFF80AFFFFD25FFF5004FFF58F
:1019C0001DFFFFFFE42EFF70DFE33EFFFFFFFFF68A
:1019D0001CFF13B15FFFFFFFFFFFF80960000AFF64
:1019E000FFFFFFFFFFE0000000AFFFFD88BFFFFE2D
:1019F0000000000AFFFF7003FFFFE0000000AFFFE0
:101A0000F7003FFFFE0000000AFFFF7003FFFFE04A
:101A10000000008FFFF5002FFFFC00000000000019
:101A20000000000000000000000009AA9000000073
:101A30000000003FFFF30000000000004FFFF40033
:101A400000000000004FFFF40000000000004FFF06
:101A5000F40000000000004FFFF400000000000050
:101A60004FFFF4000000000CEEEFFFFEEEC00000A0
:101A700008FFFFFFFFFF900000008FFFFFFFF8004F
:101A800000000008FFFFFF8000000000008FFFF84B
:101A900000000024444407FF70444442FFFFFFC19C
:101AA000661DFFFFFFFFFFFFFE66EFFFFFFFFFFF6B
:101AB000FFFFFFFFFFFFFFFFFFFFFFFFFF66C4FF0A
:101AC000DFFFFFFFFFFFFFFFFD0000000000000041
:101AD00000000000044444444441000000001EFF94
:101AE000FFFFFFFFF40000000BFFFFFFFFFFFFE120
:101AF000000006FF5000000001FFA00001FF900061
:101B000000000005FF5000BFD000000000000AFEEA
:101B1000106FF30000000000001EFA0EFFCCCC2076
:101B20000000BCCCEFF2FFFFFFFA00006FFFFFFFE9
:101B30004FFFFFFFF8888EFFFFFFF4FFFFFFFFFF5F
:101B4000FFFFFFFFFF4FFFFFFFFFFFFFFFFFFFF460
:101B5000FFFFFFFFFFFFFFFFFFFF37FFFFFFFFFF5D
:101B6000FFFFFFFFA00000001566400005CB00004E
:101B70003BFFFFFF9207FF0007FFFFFFFFFF66FF2E
:101B8000008FFFA4125BFFFDFF04FFE40000004E86
:101B9000FFFF0DFF3000004546FFFF4FF70000003C
:101BA000DFFFFFFF8FF1000000DFFFFFFF021000EB
:101BB0000000122222210000000000000000006747
:101BC0007777750000000673FFFFFFFE0000003FFF
:101BD000F6FFFFEEFD000000CFF1FFFF70000000F8
:101BE00009FFA0FFFFFB200002BFFE10FF8DFFFCDE
:101BF000A9CFFFE200FF619FFFFFFFFB1000FF7016
:101C0000017CEED9300000562000000000000000EA
:101C10000000000240000002EF000002EFF00003AD
:101C2000EFFFDFFFFFFFFFFFFFFFFFFFFFFFFFFFF4
:101C3000FFFFFFFFFFFFFFFFFFFFFFFFFF7BBBDF9C
:101C4000FFF00000BFFF000000BFF0000000BE007A
:101C500000000000000000024000000000002EF024
:101C60000000000002EFF0000000003EFFF0000066
:101C7000DFFFFFFFF00710FFFFFFFFF03FD0FFFF88
:101C8000FFFFF008F5FFFFFFFFF004F7FFFFFFFF86
:101C9000F00DF3FFFFFFFFF03F708BBBDFFFF000A5
:101CA0000000000BFFF00000000000BFF00000008B
:101CB00000000BE000000000000000000000000039
:101CC000000000000100000000000000000007F616
:101CD0000000000000024000002DF800000000029B
:101CE000EF0000401CF400000002EFF0005FB01EA7
:101CF000E1000003EFFF0000AFA06F70DFFFFFFF08
:101D0000F00710BF30FD0FFFFFFFFF03FD03F90ACF
:101D1000F0FFFFFFFFF007F50EC08F2FFFFFFFFF63
:101D2000004F70DD07F3FFFFFFFFF01DF30FB09FC3
:101D30002FFFFFFFFF03F707F60CF07BBBDFFFF081
:101D40000003FE12FA000000BFFF0003FF40AF30A7
:101D5000000000BFF0003C306FA000000000BE009B
:101D600000006FE100000000000000006FD20000E2
:101D7000000000000000039000003ABBBBBBBBBBEF
:101D8000BBBBA3EFFFFFFFFFFFFFFFFEFFD56EFF13
:101D9000FFFFFFFFFFFF2004FFFFFFFFFFFFFF002C
:101DA00002FFFFFFBFFFFFFF5007FFFFF508FFFF28
:101DB000FFFBBFFFFF50008FFFFFFFCBFFF50000D1
:101DC00009FFFFFC00AF50000004FFFFC00003004C
:101DD000000004FFFF40000000000004FFFF744407
:101DE0004444444447FFFFFFFFFFFFFFFFFFFF6F37
:101DF000FFFFFFFFFFFFFFF600000690000000005E
:101E000001FF40000000006FFA000000000DFFF22B
:101E100000000005FFFF90000000EFFFFF30000012
:101E20009FFFFFFD00005FFFFFFFF9000EFFFFFFB8
:101E3000FFF307FFFFFFFFFFA0CFFFFFFFFFFF0F35
:101E4000FBFFFFFFFFF2FF4AFFFFFFFF2CF84FFFF2
:101E5000FFFFF07FF25CFFFFFB00EFE508FFFF30C4
:101E600002EFFFFFFF500001AFFFFB300000000357
:101E7000310000006B90000003A29FE000004FF9CA
:101E80009FE00005FFFA9FE0006FFFFA9FE007FF69
:101E9000FFFA9FE08FFFFFFA9FE9FFFFFFFA9FFF26
:101EA000FFFFFFFA9FFFFFFFFFFA9FFEFFFFFFFA12
:101EB0009FE1DFFFFFFA9FE01CFFFFFA9FE000BFFA
:101EC000FFFA9FE0000AFFFA9FE000009FFA9FE000
:101ED000000008F60000000000003A70000000005A
:101EE0000000EFFE500000000000FFFFFB2000009C
:101EF0000000FFFFFFF800000000FFFFFFFFE6000B
:101F00000000FFFFFFFFFFC30000FFFFFFFFFFFF19
:101F10009100FFFFFFFFFFFFFE60FFFFFFFFFFFFDE
:101F2000FFF7FFFFFFFFFFFFFFFAFFFFFFFFFFFFCE
:101F3000FFE2FFFFFFFFFFFFF800FFFFFFFFFFFBD8
:101F40002000FFFFFFFFFD400000FFFFFFFF7000CC
:101F50000000FFFFFFA100000000FFFFD300000012
:101F60000000AFE6000000000000020000000000DA
:101F700000003ABBB91003ABBB91EFFFFFA00EFF0F
:101F8000FFFAFFFFFFC00FFFFFFCFFFFFFC00FFFC7
:101F9000FFFCFFFFFFC00FFFFFFCFFFFFFC00FFFB5
:101FA000FFFCFFFFFFC00FFFFFFCFFFFFFC00FFFA5
:101FB000FFFCFFFFFFC00FFFFFFCFFFFFFC00FFF95
:101FC000FFFCFFFFFFC00FFFFFFCFFFFFFC00FFF85
:101FD000FFFCFFFFFFC00FFFFFFCFFFFFFC00FFF75
:101FE000FFFCFFFFFFB00FFFFFFB7FFFFE4007FF7F
:101FF000FFE400000000000000003ABBBBBBBBBB1D
:10200000BB91EFFFFFFFFFFFFFFAFFFFFFFFFFFFA7
:10201000FFFCFFFFFFFFFFFFFFFCFFFFFFFFFFFFD6
:10202000FFFCFFFFFFFFFFFFFFFCFFFFFFFFFFFFC6
:10203000FFFCFFFFFFFFFFFFFFFCFFFFFFFFFFFFB6
:10204000FFFCFFFFFFFFFFFFFFFCFFFFFFFFFFFFA6
:10205000FFFCFFFFFFFFFFFFFFFCFFFFFFFFFFFF96
:10206000FFFCFFFFFFFFFFFFFFFCFFFFFFFFFFFF86
:10207000FFFB7FFFFFFFFFFFFFE400000000000009
:1020800000004A2000000AB4BFE300000FF8CFFFB1
:1020900040000FF8CFFFF5000FF8CFFFFF600FF8FB
:1020A000CFFFFFF70FF8CFFFFFFF9FF8CFFFFFFF36
:1020B000FFF8CFFFFFFFFFF8CFFFFFFFDFF8CFFFF5
:1020C000FFFC1FF8CFFFFFB00FF8CFFFFA000FF8AB
:1020D000CFFF80000FF8BFF700000FF87F6000000F
:1020E0000FF700000000000000000002CA1000000E
:1020F000000000002EFFC0000000000001EFFFFB09
:1021000000000000001DFFFFFFA000000000CFFF47
:10211000FFFFF90000000BFFFFFFFFFF700000AFA3
:10212000FFFFFFFFFFF60008FFFFFFFFFFFFFF407D
:102130000FFFFFFFFFFFFFFFB00AFFFFFFFFFFFFE3
:10214000FF60003444444444444200037777777787
:10215000777777100FFFFFFFFFFFFFFFB00FFFFF45
:10216000FFFFFFFFFFC00FFFFFFFFFFFFFFFB00CF0
:10217000FFFFFFFFFFFFFF700000000000000000F6
:10218000000000000041000000009FD00000009F00
:10219000FF2000009FFF5000009FFF5000009FFFA6
:1021A0005000009FFF5000009FFF5000000EFFD125
:1021B0000000003EFFC10000003EFFC10000003EE5
:1021C000FFC10000003EFFC10000003EFFC0000054
:1021D000003EFF200000003C600050000000009F17
:1021E000C10000000EFFC10000002EFFC100000072
:1021F0002EFFC10000002EFFC10000002EFFC10015
:1022000000002EFFC0000000AFFF2000009FFF5025
:1022100000009FFF5000009FFF5000009FFF5000F4
:10222000009FFF6000000EFF600000003D500000B6
:10223000000000003991000000000000CFF800000D
:1022400000000000DFF9000000000000DFF90000DE
:1022500000000000DFF9000000000000DFF90000CE
:1022600000367777EFFC777761EFFFFFFFFFFFFF27
:10227000FAFFFFFFFFFFFFFFFBAEFFFFFFFFFFFFC8
:10228000E6000000DFF9000000000000DFF90000B8
:1022900000000000DFF9000000000000DFF900008E
:1022A00000000000DFF90000000000009FF50000C2
:1022B0000000000001100000003666666666666673
:1022C00061EFFFFFFFFFFFFFFAFFFFFFFFFFFFFFD1
:1022D000FBAFFFFFFFFFFFFFF60000000368874032
:1022E0000000000000008EFFFFFFF9200000000446
:1022F000EFFD6325BFFF70000007FFFA0000007FBD
:10230000FFA00006FFFD0008FC209FFFA002FFFFCA
:1023100050008FFE12FFFF60CFFFF2167FFFF50E19
:10232000FFFE1EFFFF12FFFFFF70DFFFF26FFFF3E4
:102330000EFFFFF30FFFFB00BFFF904FFFF805FFFD
:10234000FE1001DFFF40288401EFFF300001BFFFD6
:10235000600004EFFD300000006EFFFBBEFFF900DF
:102360000000000005ADFFEB710000004A10000006
:10237000000000000000000EFE3000000000000021
:102380000000005FFF600015787400000000002D61
:10239000FFA6DFFFFFFFA2000000000AFFFFE832F8
:1023A0005BFFF80000000006FFF6001006FFFB00D0
:1023B00000000003EFF87FD309FFFB00001E70014F
:1023C000BFFEFFF21FFFF70009FFA0008FFFFF70A5
:1023D000DFFFF100CFFFD1005FFFF90CFFFF3005F9
:1023E000FFFF60002DFFB0EFFFB0000AFFFC000010
:1023F0000AFFEFFFE100000CFFF6000006FFFFF30D
:102400000000000AFFF8100003EFFA0000000005CA
:10241000EFFFCB8001BFFB10000000005ADFFE7011
:10242000008FFE300000000000000000005FFF3061
:102430000000000000000000002DE100000000008E
:10244000000000000001000000000001CD4000007D
:102450000000000000000AFFE00000000000000093
:10246000004FFFF80000000000000000DFFFFF1039
:1024700000000000000006FFFFFFA00000000000B9
:10248000000EFFFFFFF30000000000008FFB338F02
:10249000FC000000000002FFF9006FFF6000000078
:1024A000000AFFFA006FFFE0000000004FFFFB0092
:1024B0007FFFF800000000DFFFFC008FFFFF10002F
:1024C0000006FFFFFD009FFFFFA000000EFFFFFFC3
:1024D000CBFFFFFFF300008FFFFFFC008FFFFFFC2F
:1024E0000002FFFFFFF9004FFFFFFF600AFFFFFF41
:1024F000FE42CFFFFFFFE00FFFFFFFFFFFFFFFFFE9
:10250000FFF309FFFFFFFFFFFFFFFFFFD0002333B3
:102510003333333333333300000000000000014015
:102520000000000000000007F90012221000000166
:1025300029FF90FFFFE200006FFFFFF8FFFFFE2082
:1025400005FFFFFFFD9AADFFD05FFFBDFFE200007A
:10255000CF44FFF908FE200000044FFF9004D20092
:10256000000003FFFA0000100000003FFFA19106E9
:10257000F6000002EFFB0CFC08FF60EFFFFFB01D50
:10258000FFFFFFF6FFFFFC0002EFFFFFFEDDDDB007
:1025900000002DDEFFF500000000000008FF5000E5
:1025A000000000000006F500000000000000000030
:1025B0000000000004200000000000005FE20000B6
:1025C00000000005FFFE20000000006FFFFFE30099
:1025D000000006FFFACFFE3000006FFF900CFFE313
:1025E0000006FFF90000CFFE305FFF9000000CFFF7
:1025F000E2AFF900000000CFF61B80000000000BE6
:102600009003200000000003206FE2000000005F44
:10261000F2AFFE20000005FFF61CFFE300005FFFA5
:102620009001CFFE3005FFF900001CFFE35FFF9033
:10263000000001CFFFFFF9000000001CFFFF900029
:1026400000000001CFF90000000000001B90000016
:10265000000000260000000000000000000002EF63
:10266000A00044444444420000003EFFFA04FFFF3F
:10267000FFFFFD000003EFFFFFA0AFFFFFFFFE0025
:10268000000EFDEFCFF800000005FE00000BE2DFBA
:1026900067F500000005FE00000000DF600000009C
:1026A0000005FE00000000DF600000000005FE00E5
:1026B000000000DF600000000415FE03200000DFC2
:1026C000600000006FD6FE4FF10000DF94444441EB
:1026D0003FFFFFFFC00000DFFFFFFFFF24FFFFFC05
:1026E0001000009FFFFFFFFE304FFFC00000000002
:1026F000000000000004FC000000000000000000DA
:102700000000100000178888840000000000CFFF40
:10271000FFFF5000000000FFFFFFFFF6444444307D
:10272000FFFFFFFFFFFFFFFFFAFFFFFFFFFFFFFFBE
:10273000FFFFFFFFFFFFFFFFFFFFFFFFFFFFFFFFA9
:10274000FFFFFFFFFFFFFFFFFFFFFFFFFFFFFFFF99
:10275000FFFFFFFFFFFFFFFFFFFFFFFFFFFFFFFF89
:10276000FFFFFFFFFFFFFFFFFFFFFFFFFFFFFFFF79
:10277000FFFFFFFFFFFFFFFFFFFF7FFFFFFFFFFFE9
:10278000FFFFF6000000004700000000000000040A
:10279000FF900000000000004FFFF9000000000063
:1027A00004FFFFFF90000000004FFFFFFFF9000053
:1027B0000004FFFFFFFFFF9000000CFFFFFFFFFF83
:1027C000F1000000112FFFF71110000000001FFFA3
:1027D000F60000000000001FFFF6000000000000EF
:1027E0001FFFF60000000000001FFFF6000000249D
:1027F00044421FFFF6244442FFFFFC08BBA2CFFF68
:10280000FFFFFFFFA5555AFFFFFFFFFFFFFFFFFF81
:10281000FFFFFFFFFFFFFFFFFF66C4FFDFFFFFFFBC
:10282000FFFFFFFFFD0000000000000000000000AF
:102830000000000002B841000000000000009FFFFF
:10284000FB0000000000001FFFFFF0000000000080
:1028500007FFFFFE000000000000DFFFFFC00000D8
:102860000000000CFFFFF90000000000000AFFFF5D
:10287000500000000000000CFFF10000000000000C
:1028800003FFFA00000000000000DFFF200000004E
:10289000000000AFFF90000004A50000AFFFD000D3
:1028A000007DFFF402CFFFE20000DFFFFFE9FFFF42
:1028B000F300000DFFFFFFFFFFE20000009FFFFF9E
:1028C000FFFFA100000006FFFFFFFC40000000002A
:1028D0002FFFFD8300000000000023200000000007
:1028E00000000000352000000000001CFFFA00007E
:1028F000019CA1AFFEFF60002EFFF9EF60AFB003B7
:10290000EFFFB0EF92CF903EFFFA007FFFFFE6FFB0
:10291000FFA00008FFFFFFFFFA00000001CFFFFF4C
:10292000A0000000003FFFFF1000000036EFFFFF97
:10293000D100001CFFFFFFFFFD1000AFFEFFC2DF54
:10294000FFD100EF60AFA01CFFFD20EF92CFA000F1
:10295000CFFFE27FFFFF40000BFFF908FFE500001B
:10296000005850000100000000000000006FFFFF51
:10297000F168000000AFFFFFF17F800000AFFFFFB4
:10298000F17FF83662AFFFFFF13666FFF6AFFFFF6B
:10299000F62222FFF6AFFFFFFFFFFEFFF6AFFFFFBD
:1029A000FFFFFEFFF6AFFFFFFFFFFEFFF6AFFFFFEB
:1029B000FFFFFEFFF6AFFFFFFFFFFEFFF6AFFFFFDB
:1029C000FFFFFEFFF6AFFFFFFFFFFEFFF6AFFFFFCB
:1029D000FFFFFEFFF6AFFFFFFFFFFEFFF76FFFFFFA
:1029E000FFFFFAFFFE300000000000FFFFFFFFFFC7
:1029F000F10000EFFFFFFFFFF000001444444444E7
:102A00002000000566666666640000CFFFFFFFFFDA
:102A1000FF9000FFEDDDDDDDEFF900FF400000007D
:102A20000FFF90FF400000000EFFF6FF4000000087
:102A30000EFFF9FF400000000FFFF9FFFFFFFFFF4F
:102A4000FFFFF9FFFFFFFFFFFFFFF9FFFFFFC57F5C
:102A5000FFFFF9FFFFFE0005FFFFF9FFFFFA00018E
:102A6000FFFFF9FFFFFD0004FFFFF9FFFFFF934D9C
:102A7000FFFFF9FFFFFFFFFFFFFFF88FFFFFFFFFE3
:102A8000FFFFE301222222222221007999999999BC
:102A9000999995FFFFFFFFFFFFFFFCDFFFFFFFFF9F
:102AA000FFFFFA000000000000000000000000002E
:102AB0000000000000000000000000EFFFFFFFFF2B
:102AC000FFFFFAFFFFFFFFFFFFFFFB688888888892
:102AD0008888840000000000000000000000000062
:102AE0000000006777777777777774FFFFFFFFFF46
:102AF000FFFFFBEFFFFFFFFFFFFFFA0000000000FA
:102B0000000000034444444444444430AFFFFFFF0A
:102B1000FFFFFFFFFAFFFFFFFFFFFFFFFFFFCFFFFA
:102B2000FFFFFFFFFFFFFC0AFFFFFFFFFFFFFFA00C
:102B3000A16FFFFFFFFFFFF63DFE42DFFFFFFFFD3E
:102B400026FFFFF919FFFFFF91BFFFFFFFD35FFFD4
:102B5000E54EFFFFFFFFFF719917FFFFFFFFFFFF2C
:102B6000FD77DFFFFFFFFFFFFFFFFFFFFFFFFFFF1F
:102B7000FFFFFFFFFFFFFFFF7FFFFFFFFFFFFFFFE5
:102B8000F600AFFFFFA000000FFFFFFB000001FFFA
:102B9000FFFF6000003FFFFFF1000005FFFFFB00AB
:102BA00000008FFFFFA555400AFFFFFFFFFF30CF5A
:102BB000FFFFFFFFC00EFFFFFFFFF300EFFFFFFF70
:102BC000FA00012223FFFF100000004FFF700000F9
:102BD0000008FFE000000000CFF5000000000FFC3F
:102BE0000000000003FF30000000007F90000000A4
:102BF0000007E10000000000000000000000008D60
:102C000090000000008BBCFAFDBB900000FFFFD0DD
:102C1000CFFFF10000FFFFF8FFFFF10000FFFFFF13
:102C2000FFFFF10000FFFFF30000000000FFFF9531
:102C3000FFFFF17900FFFF88FFFFF17FB0FFFF8802
:102C4000FFFFF17FFAFFFF88FFFFF20221FFFF88FD
:102C5000FFFFFFDDDCFFFF88FFFFFFFFFEFFFF88B8
:102C6000FFFFFFFFFEFFFF88FFFFFFFFFE7AAA586E
:102C7000FFFFFFFFFE000008FFFFFFFFFE00000850
:102C8000FFFFFFFFFE000006FFFFFFFFFC0000004C
:102C900000000000000000000860000000000000CC
:102CA0003FF0000000000006CFFA4000000001CF16
:102CB000FFFFF90000000CFFFFFFFF8000005FFF37
:102CC000FFFFFFF100009FFFFFFFFFF50000BFFFC8
:102CD000FFFFFFF70000CFFFFFFFFFF80000EFFF4F
:102CE000FFFFFFFA0002FFFFFFFFFFFE0008FFFFEC
:102CF000FFFFFFFF403FFFFFFFFFFFFFD1EFFFFFA1
:102D0000FFFFFFFFFAAFFFFFFFFFFFFFF70000002D
:102D10000000000000000004FFFF000000000000B1
:102D2000BFF700000000000002100000000444444F
:102D3000444444444444410BFFFFFFFFFFFFFFFFB7
:102D4000FFE0FFFFFFFFFFFFFFFFFFFF3FF404D0A7
:102D50002F00F303F00FF4FF405D02F00F404F002F
:102D6000FF4FFFFFFFFFFFFFFFFFFFF4FFFF22B753
:102D700029A24F42CFFF4FFFF00A607902F20BFF0A
:102D8000F4FFFFDDFEDFFDEFEDFFFF4FF848E44409
:102D9000444447F45FF4FF404D000000003E00FF54
:102DA0004FF748E444444447F44FF4FFFFFFFFFF6C
:102DB000FFFFFFFFFF37FFFFFFFFFFFFFFFFFFA04A
:102DC0000000000000000000000000000000000003
:102DD00000018B3000000000000002AFFFD00000B7
:102DE00000000003BFFFFFD00000000005CFFFFF81
:102DF000FF7000000006DFFFFFFFFE00000017EF7E
:102E0000FFFFFFFFF8000029FFFFFFFFFFFFF100BA
:102E100007FFFFFFFFFFFFFF90000FFFFFFFFFFF18
:102E2000FFFF20000BFFFFFFFFFFFFFB000000562E
:102E300066667FFFFFF30000000000002FFFFFC069
:102E40000000000000002FFFFF5000000000000005
:102E50002FFFFD000000000000002FFFF600000023
:102E6000000000002FFFE0000000000000001FFF36
:102E700070000000000000000CFD000000000000D9
:102E8000000000300000000058888887060000FF1E
:102E9000FFFFFE0F9000FFFFFFFE0FF900FFFFFF97
:102EA000FE0FFF90FFFFFFFE0FFFF5FFFFFFFF325A
:102EB0002221FFFFFFFFFFFFF8FFFFFFFFFFFFF8EB
:102EC000FFFFFFFFFFFFF8FFFFFFFFFFFFF8FFFF20
:102ED000FFFFFFFFF8FFFFFFFFFFFFF8FFFFFFFF10
:102EE000FFFFF8FFFFFFFFFFFFF8FFFFFFFFFFFF00
:102EF000F8FFFFFFFFFFFFF8FFFFFFFFFFFFF8EF07
:102F0000FFFFFFFFFFF61444444444443000000038
:102F10000000000000000000000000003689A974D5
:102F200010000000000029EFFFFFFFFFC6000000B7
:102F300001AFFFFFFFFFFFFFFE600006FFFFFC7514
:102F400043469EFFFFB108FFFE710000000003CF63
:102F5000FFE2CFFA100000000000004EFF40B60074
:102F60000059DEFEC720001B50000005DFFFFFFFF9
:102F7000FFA10000000009FFFFFEDEFFFFE30000ED
:102F80000000DFFC4000028FFF5000000001B6008F
:102F90000000001B60000000000000003500000081
:102FA000000000000000007FFE1000000000000094
:102FB00000000EFFF6000000000000000000DFFF30
:102FC00050000000000000000004FFB000000000FE
:102FD0000000000000001000000000000444444411
:102FE000444444444444100AFFFFFFFFFFFFFFFF37
:102FF000FFFE10FFFFFFFFFFFFFFFFFFFFF50FF4D6
:103000000000000000000000FFF3FF4AFFFFFFFF89
:10301000FFFFFF0FFF5FF4AFFFFFFFFFFFFFF03F7A
:10302000F5FF4AFFFFFFFFFFFFFF00EF5FF4AFFF79
:10303000FFFFFFFFFFF08FF5FF45888888888888AD
:10304000880FFF5FF74444444444444445FFC1FFB4
:10305000FFFFFFFFFFFFFFFFFFF506EFFFFFFFFF93
:10306000FFFFFFFFFB000444444444444444444401
:10307000100AFFFFFFFFFFFFFFFFFFFE10FFFFFF34
:10308000FFFFFFFFFFFFFFF50FF40000000000004F
:103090000000FFF3FF4DFFFFFFFFFF60000FFF5F2A
:1030A000F4DFFFFFFFFFF600003FF5FF4DFFFFFFDE
:1030B000FFFF600000EF5FF4DFFFFFFFFFF600009F
:1030C0008FF5FF46888888888830000FFF5FF744B7
:1030D00044444444444445FFC1FFFFFFFFFFFFFF5A
:1030E000FFFFFFF506EFFFFFFFFFFFFFFFFFFB0006
:1030F00004444444444444444444100AFFFFFFFF52
:10310000FFFFFFFFFFFE10FFFFFFFFFFFFFFFFFFBF
:10311000FFF50FF40000000000000000FFF3FF4C7B
:10312000FFFFFFF10000000FFF5FF4CFFFFFFF1074
:103130000000003FF5FF4CFFFFFFF100000000EF33
:103140005FF4CFFFFFFF100000008FF5FF46888877
:1031500088800000000FFF5FF74444444444444427
:1031600045FFC1FFFFFFFFFFFFFFFFFFFFF506EF7A
:10317000FFFFFFFFFFFFFFFFFB0004444444444404
:1031800044444444100AFFFFFFFFFFFFFFFFFFFE20
:1031900010FFFFFFFFFFFFFFFFFFFFF50FF4000031
:1031A000000000000000FFF3FF49FFFE00000000E8
:1031B000000FFF5FF49FFFE000000000003FF5FFFD
:1031C00049FFFE000000000000EF5FF49FFFE000F9
:1031D000000000008FF5FF44888700000000000F0A
:1031E000FF5FF74444444444444445FFC1FFFFFFAC
:1031F000FFFFFFFFFFFFFFF506EFFFFFFFFFFFFFF2
:10320000FFFFFB0004444444444444444444100A43
:10321000FFFFFFFFFFFFFFFFFFFE10FFFFFFFFFFAE
:10322000FFFFFFFFFFF50FF40000000000000000AB
:10323000FFF3FF40000000000000000FFF5FF400FC
:10324000000000000000003FF5FF4000000000000B
:10325000000000EF5FF400000000000000008FF5A8
:10326000FF40000000000000000FFF5FF7444444EF
:103270004444444445FFC1FFFFFFFFFFFFFFFFFF42
:10328000FFF506EFFFFFFFFFFFFFFFFFFB00000062
:103290000000000078100000000000000000269FE1
:1032A000FD00000000000000004FEFFFF0000000F4
:1032B000000000000E802EF7000000000020000635
:1032C000E000000000000003EFE300D70000000072
:1032D00002A100CFFFD49F55555555557FF70FFFDD
:1032E000FFFFFFFFFFFFFFFFFFF5AFFFA0000BB0E9
:1032F0000000003FB2009C9000003F3000000150F1
:10330000000000000000BB02BBB500000000000090
:103310000002F99FFF800000000000000003BDFFD5
:10332000F80000000000000000003FFF80000000E7
:10333000000000000000000000000000017BDDB87C
:103340002000005FFFDFFFF60004FFFF68FFFF4083
:103350000EFFFF609FFFD04FFFFF6009FFF38FF666
:10336000BF61C09FF7BFF60B60E25FF9DFFF50203F
:1033700033FFFBEFFFF5002EFFFCEFFFFC007FFFAC
:10338000FCDFFFD10009FFFCCFFC145090AFFBAF76
:10339000F24F60F32FF96FFDFF7052EFF61FFFFF42
:1033A000702EFFF109FFFF72EFFF9000BFFFAEFF2D
:1033B000FD100005CFFFFD8000000000110000009F
:1033C000000005888830000056667FFFFFE66663D0
:1033D000FFFFFFFFFFFFFFFBCDDDDDDDDDDDDDD826
:1033E00003444444444444200EFFFFFFFFFFFFA07A
:1033F0000EFFFFFFFFFFFFA00EFF1FF6AFC4FFA0F1
:103400000EFF0FF59FB3FFA00EFF0FF59FB3FFA0B8
:103410000EFF0FF59FB3FFA00EFF0FF59FB3FFA0A8
:103420000EFF0FF59FB3FFA00EFF0FF59FB3FFA098
:103430000EFF0FF59FB3FFA00EFF1FF6AFC4FFA056
:103440000DFFFFFFFFFFFF9008FFFFFFFFFFFF40A3
:103450000024444444443100000000000000008A7D
:103460003000000000000000BFFF3000000000003E
:1034700000BFFFFF30000000000034FFFFFD000030
:10348000000000BF44FFFFE000000000BFFF44FF5A
:10349000F400000000BFFFFF44F400000000BFFF85
:1034A000FFFF4100000000BFFFFFFFF4000000002D
:1034B000BFFFFFFFF400000000BFFFFFFFF40000AC
:1034C0000000BFFFFFFFF400000000BFFFFFFFF49C
:1034D000000000008FFFFFFFF4000000000AFFFF64
:1034E000FFF40000000000CFFFFFF4000000000028
:1034F0000EFFFFF4000000000000FFFFD4000000FA
:103500000000000231000000000000000000000088
:103510005788888888888872000000AFFFFFFFFF07
:10352000FFFFFFF20000BFFFFFFFFFFFFFFFFF7085
:1035300000BFFFFFF8AFFFA8FFFFF800BFFFFFFAD3
:1035400000AFA00AFFFF80BFFFFFFFF3006003FF93
:10355000FFF8AFFFFFFFFFF30003FFFFFF8EFFFF4A
:10356000FFFFFF90009FFFFFF84FFFFFFFFFA0004E
:1035700000AFFFFF804FFFFFFFB003E300BFFFF886
:10358000004FFFFFFE23FFF32EFFFF80004FFFFFE2
:10359000FEFFFFFEFFFFF700004FFFFFFFFFFFFFF3
:1035A000FFFF5000003DFFFFFFFFFFFFFF90000106
:1035B000CFFFFFFE60001CFFFFFFFFF200CF47F4CC
:1035C000D84FF50CFF03E0C50EF5CFFF03E0C50EA5
:1035D000F5FFFF24E2C62EF5FFFFFFFFFFFFF5FF1B
:1035E000FFFFFFFFFFF5FFFFFFFFFFFFF5FFFFFFFF
:1035F000FFFFFFF5FFFFFFFFFFFFF5FFFFFFFFFFEF
:10360000FFF5FFFFFFFFFFFFF5FFFFFFFFFFFFF5E8
:10361000FFFFFFFFFFFFF5FFFFFFFFFFFFF5EFFFDE
:10362000FFFFFFFFF35FFFFFFFFFFFA001344444F4
:103630004442000000000000000000030000000001
:103640000000000005F10000000000000005FF1070
:10365000003E9000000000BFF1004FFB00000000A2
:103660000BFF105FFFB000000000BFF16FFFFFFF16
:10367000FFFFFFFFFF1DFFFFFFFFFFFFFFFFF13E0B
:10368000FFFECCCCCCCCCCCA002EFFB0000000009A
:103690000000001DFB00000000000000001B600097
:1036A000000000000000000000000000000000001A
:1036B0000000D004000000000000D004030D010051
:1036C00014001007050601072300A00C0D0D0000D3
:1036D0007800300B0B1200FEDB00300F0F0D0000E6
:1036E0003D01600C0D0E00FF9801C00302060107AA
:1036F0009E011006051201FCCB011006051200FC0C
:10370000F8013007070700071102800A09090102C2
:103710003A021004040600FD4602E0060502010418
:103720004B02100404030000510250060812FFFE71
:103730009902000C0C0D0000E702B006050D000018
:103740000803500A0A0D00004903500A0A0D000040
:103750008A03100C0C0D0000D803500A0A0D00005B
:103760001904200B0B0D00006104C00A0B0D0000B2
:10377000A904900B0B0D0000F104200B0B0D0000B1
:1037800039051004040A00004D051004040D00FD65
:103790006705800A090901029005800A09070103EB
:1037A000B005800A09090102D905500A0A0D000076
:1037B0001A06A012121100FCB306300D0F0DFF0007
:1037C0001507A00D0C0D01006307000D0D0D000085
:1037D000B807E00E0D0D01000D08100C0B0D0100D7
:1037E0005508700B0A0D01009608E00D0D0D000044
:1037F000EB08A00E0C0D010039099005030D010026
:103800004D094009090DFF008809F00C0C0D01005D
:10381000D609B00A0A0D0100170A30110F0D010078
:10382000790AA00E0C0D0100C70A200F0F0D000031
:10383000290B000D0C0D0100770B200F0F1000FD60
:10384000EF0B100D0C0D01003D0C300B0B0D0000AB
:10385000850C900A0B0D0000CD0C400E0C0D0100E4
:103860001B0DD00C0E0DFF00760D4014140D000042
:10387000F80D200C0C0D0000460EA00B0D0DFF00E6
:103880009B0ED00B0C0D0000E90E0006051201FC8A
:10389000160F50060812FFFE5E0F0006051200FC10
:1038A0008B0F800A09080103AF0F0009090200FE0F
:1038B000B80FD00A0503020BC00FC00A0A0A0000A5
:1038C000F20F400C0B0E01003F10400A0A0A0000E4
:1038D0007110400C0B0E0000BE10000B0B0A000014
:1038E000F5106006070E00002611700C0B0E00FC90
:1038F0007311400C0A0E0100B9110005030E0100FE
:10390000CE1120050612FEFC0412100B0B0E010056
:1039100051120005030E010066120013110A010086
:10392000BB12400C0A0A0100ED12700B0B0A0000DA
:103930002413400C0B0E01FC7113400C0B0E00FC09
:10394000BE136007060A0100DC130009090A000023
:1039500009147007070C00003314300C0A0A010028
:103960006514100A0C0AFF00A1143010110A00009F
:10397000F614F0090A0A00002815100A0C0EFFFCC4
:103980007C156009090A0000A9155006051201FC02
:10399000D6156005031201FCF1155006061200FC55
:1039A0002716800A090501043E169007070700063E
:1039B0005716A005040401035F160012131300FD3F
:1039C00014170012120E000092170012121100FEBE
:1039D0002B180012120E0000A918600C0D0D00002B
:1039E000FE180012131200FEA9190012121300FD96
:1039F000541A4014151100FE071B0012121300FD8B
:103A0000B21B4014150E0000451C0012121300FDDD
:103A1000F01C0009090F00FF341D800D0E0F00FF80
:103A20009D1D4014151200FE5A1E0012120E0000B9
:103A3000D81E600C0D1300FD541FC00F0C1102FEA8
:103A4000BA1FC00F101300FD5220C00F101100FE4E
:103A5000DA20C00F101100FE6221C00F0C1102FE0F
:103A6000C821C00F1211FFFE6122400B0B1000FF96
:103A7000B922400B0B1000FF1123C00F101100FEE4
:103A80009923C00F10040005B9234014150E00003F
:103A90004C248016171300FD272540141613FFFD34
:103AA000F8250012121100FE9126C00F100A000224
:103AB000E126C00F100A000231278016180FFFFF01
:103AC000E5270012120E000063280012121300FDF9
:103AD0000E2900121313FFFDC329C00F101100FEA1
:103AE0004B2AC00F101300FDE32AC00F101100FE77
:103AF0006B2BC00F100F00FFE32B0012120E000003
:103B0000612C400B0D13FFFDDD2CC00F101300FDC9
:103B1000752DC00F101300FD0D2E4014150E000062
:103B2000A02E00121414FFFD682F800D0E1300FD4F
:103B3000ED2F8016171200FEBC308016170C000106
:103B400046318016170C0001D0318016170C000189
:103B50005A328016170C0001E4328016170C00014F
:103B60006E338016170F00FF1B34C00F0E1301FDBC
:103B7000A034C00F101300FD383500121313FFFDE1
:103B8000ED358016170E00008E36800D0E1300FDE9
:103B900013372012130C00010000721F51EF58EF71
:103BA0005BEF5CEF5DEF61EF63EF65EF69EF6CEF8B
:103BB00071EF76EF77EF78EF8EEF93EF98EF9BEF63
:103BC0009CEF9DEFA1EFA2EFA3EFA4EFB7EFB8EF4B
:103BD000BEEFC0EFC1EFC4EFC7EFC8EFC9EFCBEF47
:103BE000E3EFE5EF14F015F017F019F030F037F0CF
:103BF0003AF043F06CF074F0ABF03BF190F191F1DE
:103C000092F193F194F1D7F1E3F13DF254F2AAF479
:103C100012F7F2F7200000005F0001000000000032
:103C20000000000000000200B0000000F3F7600098
:103C3000983B0308000000003E0003000000010262
:103C40000003040502060708090A090A0B0C000D07
:103C50000E0F101112130C14140000001516171873
:103C600019161A1B1C1D1D1E1F201D1D1621222387
:103C700003241E2525262728292A2B002C002D2E3B
:103C80002F303132332D343435302D2D2E2E363722
:103C90003839333A3A3B3A3C290000093D090000E3
:103CA0000000000000000000000000000000000014
:103CB0000000000000000000000000000000000004
:103CC00000000000000000000000000000000000F4
:103CD00000000000000000000000000001020003DE
:103CE000040502060708090A090A0B0C0D0E0F103D
:103CF000110C1213141515000000161718191719B6
:103D000019191719191A1919191917191719031B3C
:103D10001C1D1D1E1F2021222300240025262727CD
:103D200027002726282926262A2A272A272A2B2C35
:103D30002D2E2E2F2E300000230931090000000007
:103D40000000000000000000000000000000000073
:103D50000000000000000000000000000000000063
:103D60000000000000000000000000000000000053
:103D70000000000000000000000100000000000042
:103D8000000100000300000000020000000000002D
:103D90000000000000000000000001000000000022
:103DA000000000000000000000010D0008FA000003
:103DB0000000F0EF020E0605F4020E010C030900EC
:103DC000000000000000000000001102FE000000E2
:103DD0000000000000000000000600F700000000E6
:103DE00000FA05060000FD00FE0300FD00FDFFFADD
:103DF00000000000FD0000FCFC0000FD00FA0000D7
:103E000000000000000000FDFD00FC00F800DD00E7
:103E100000FA0006090000FA03030A06FB06000088
:103E2000F00000000000000000000000F5000000AD
:103E30000000000000000000000000F8FDF200F4A7
:103E4000FE00000000010B00F7FEFF0100FB000078
:103E5000FEEB0000000000000000000000E9FE0B87
:103E6000000000000000000000000000F40000005E
:103E7000000000000000000A00030000FA0000003B
:103E800000000000000000000000000000000B0225
:103E90000100000000000000000000000000000021
:103EA0000000000000000000000000000000000012
:103EB0000000000000000000F5000000000000000D
:103EC00000000000000000000000000000000002F0
:103ED000060309FD000006FDF6D902080601FC00F4
:103EE0000A0009000900E500FD09000AFD060300BB
:103EF0000001FD0000FB1700170009000C04050974
:103F0000000000F50000000001FE0002FBFCFA02C8
:103F100000FD000000F400000000000000000000B0
:103F200000ED0000000000000000000000000000A4
:103F30000001F000EE00000000FE001DFDFC030388
:103F4000FD00FC030000F100000000000000000084
:103F50000000E4000300000000000000000000007A
:103F600000EE00110000F5000A00ECE4ECFA090094
:103F700000ED0003F900FC0000000000000000005C
:103F80000000000709DD0000000000000000000044
:103F900000000E000200000000000202FDFA00FF17
:103FA000FFFD0000FE000000FA00FE00F9FA00F933
:103FB000F6F6FB00FA00FA00000000FE0000030025
:103FC00002FD000100000003FE000000FE0303FFED
:103FD000000000FB00FF0000000000010004FE00E4
:103FE000FD00FB0000FE00090000FD0000000000D5
:103FF000FF01FEFE0000FD00FD00000000000000CB
:104000000000FFFF00FDFD0000000000010000FEB9
:1040100000FDFDFD000000000000000000FE0000AB
:104020000000FEFC00FC00F7FEF7060000FA0306A5
:104030000800F9FFFD00FFF203FE02F1030000019A
:10404000F100F1FEE7FE00F20006080004000000A7
:10405000000100FBFC00F7000000FD000000FD0077
:1040600000000000FFFF00FFFC0000000000000057
:10407000FDFD00FEFDFE0000FD0000000000000050
:1040800000000000FEFE00FD00FE00FA030000FD3F
:10409000010303000000000000FE00000000000219
:1040A0000000FD00FDFEFD00000000000000020019
:1040B000FE00000000FDFC00FB0009FE01F700000F
:1040C00008F2F1F4FA0300FEEDFB00FB00FA04FB3A
:1040D000EE00F8000001FF02FE000300F7F500F219
:1040E000F9FAF9F7FDF8FFFBF802000100FD000006
:1040F000000200030000000000000000000000FDBE
:1041000000FF00FFFD00FBFAFAFF00F700000000CF
:104110000000FE0000000001FE000000030000009F
:1041200000000000000E000000000000020000007F
:10413000FD0000000000000000000000FB00030084
:10414000000000000000000000000000FE00000071
:10415000FB00000000F2F7000000FCF20000FD038D
:1041600000F800000000000000000000FB0000FB61
:104170000000000000000000000000000300FB0041
:10418000000000030002FAFA00FDFDFD000000003F
:104190000000F700FD00FCFD00FAF9F7FE00FA0050
:1041A000F700000000170000010000FC000300F40D
:1041B0000000000000E5FB0A09FEF40003FC00F229
:1041C000FFFC03ECFD040004F6FCF5F6F40000EF40
:1041D00000100000FF000000FFFFFDF8F6FFE50003
:1041E00000000000000000000100000000000000CE
:1041F000000000000000000000FD00FFFDFC0000CA
:10420000FA00FD00000000000000000000000000B7
:104210000000FF00FA000006FF0400FA03FEFFF9A9
:10422000FD00FCFDFE00FCFB0000FEFFFEFBFD00B0
:1042300000FD0003FE00FA000000FA00FB00FBFB9B
:10424000030000000000000000FA0300FC00FEFD77
:10425000F7FEFEFEFFFEFDFF0000000000FDFEFE7B
:104260000000000003FE00FE000000FEFDFEFDFD5C
:10427000FD00020CFF00F800FE0600FDF4FC040047
:1042800000F2FB03FB0200FEFEF700FC010000FB56
:104290000000000303FAFB00FBFDFCFDFD00FB0139
:1042A000FBFB09000000000000000000030000000C
:1042B00000000000000000000000000000000000FE
:1042C00000000000FB0000000000000000000000F3
:1042D00000000000000000000000000000000000DE
:1042E00000000000000000000000000000000000CE
:1042F000FE000000000000000000000000000000C0
:104300000000000000000000000000000000FEFDB2
:10431000000000000000000000000000FC0000FCA5
:104320000000FDFD00000000FD00000000FF000097
:10433000000000FE00000000FC00FA000000F60093
:1043400002FA0601FEF20000FAFD00F4F9F800009E
:10435000F4FDF4F5F200F9000213FC00F9FDFFFD95
:10436000FBF8FBF5F4F9FD0000FE00010000ECFD98
:104370000906FAF50001F700F2FEFD06E6FC010071
:1043800000EDFDF1FDEB0000EC00110100FE00006E
:104390000000FFFEF5FE00ED00000000F700FD004C
:1043A000FFF8F20000FFFCF7FD00FE00000000F344
:1043B000FDF6F7FEFBF9FDFB00FAFDF6FC00FDFB48
:1043C000FDFB000100FEF6000600FB0000000003FC
:1043D0000002FA0C00FDFDFD000000000000F700E7
:1043E000FD00FCFD00FAF9F7FE00FA020C000000E7
:1043F00000170000010000FC0003000000000000A6
:104400000000FF0000000000FEFA0000000000FFB6
:10441000000000FDFD0000FAFD0000FA0005FF00AD
:1044200000000000000100000000040602FD00F78B
:10443000FB0009F6F7FAFA0C0503E7FE06FD00FD9E
:1044400003FDF600FD03FCFEF7FE0000090600F880
:1044500000F0FC08FCF501FCF6F6FD0C0300FC0086
:10446000F800020AF9F5F4F9090001EBFE03FBFE7E
:10447000F900FAF5FCFCFE0000F9FAFD000907FD61
:10448000F000F0FC00F6EFFFF7FBF6F8080000FC88
:1044900000FAFD00FDFB0005F6030000F100FDFA47
:1044A000FBFEF7F9F6F900F7FDF9FBF7FD00000157
:1044B0000EFB00F7FD00FDFAF9F8F8F5FCFA06002E
:1044C000FC00F2FD0206F7F5FAF60AFD01E5FB062F
:1044D000FAFBF500F7F4FDFDFEFDFAF7FF00000919
:1044E00008FEED00EFF907F5ECFAF6F4F2F6060037
:1044F000000000FD000003FD0602FB060000F7FFC0
:1045000000FF000101FE000000000000FD000000AF
:104510000002090100FD00000000FEFEFD00000099
:104520000102000000000200FE000B00050101FC7A
:104530000006000000020000000000000000000073
:10454000000900080000000000000000000000005A
:104550000000EF00FD05000900001D03FAFA030347
:10456000FE01F200000EEF0000000000000000005D
:104570000000EC0B2800000000000000000000001C
:1045800000EF00000000000000000000000000003C
:10459000000000000000000000000000FB0000FB25
:1045A000FD0000000000000000000000000000000E
:1045B00000000000FE00F800000100000325FAFEE4
:1045C0000908F80300000303FC00000000000000DD
:1045D00000000000DB0800000000000000000000F8
:1045E00000000000000000F8000000F800000000DB
:1045F000FAFF000000FA00FD00F2000000000000D9
:104600000000000000ED00000000010000000000BC
:1046100000FD0000FB00FC00F8000000FB03FD00B3
:1046200000F8FDF90000F800FD00F200FD0000E9CF
:10463000FBF4FDF60000ED00F8FF000000000000B4
:104640000000FCFBFEFB00000000FA00FA04FD067F
:1046500000FEF9FEFBFB00FDFFFE02F8FF0000007C
:10466000E7FEFC00FA00FEF2FD0000FEFE00000086
:10467000000200FEFBFE050000000000000000003C
:10468000000000000000000000000000000000002A
:10469000000000000000000000000000000000001A
:1046A000000004000000000000FA00FE000000FA14
:1046B00003000000F8FDFA0000F800FD00F2000021
:1046C0000000E400FAF5F20000ED00FEFC0000003E
:1046D0000000000000FDFCFFFC01000005FC0009DB
:1046E0000EFDFDF7030E0506F8030C03080608008F
:1046F00000000000000000000000120EFBFD00FEA4
:10470000170C170000000300000B0000FB00000066
:10471000000000000000FE00000000000000000497
:1047200000000000E8FDFEF4F20000ED00000000D3
:1047300000000000000000000000000000FB00007E
:1047400000000000000000FE00000000000000006B
:104750000400000000E8FDFEF4F20000F400000098
:104760000000000000000000000000000000000049
:10477000FE000000F90300FD020503F700FFFE0341
:10478000000200000000F900FDFEFA00FDF4001236
:10479000FD00FAFE00FEFB00FDF8FAFD000000FB44
:1047A000000000000000000000FE0000000000000B
:1047B00000000400000000E8FDFEF4F20000ED003F
:1047C00000000000000E00000000000000000000DB
:1047D000FB00F7FDFD09FDFDF401FE01FEF80106F9
:1047E00001020102F9F4FD00F5FBF8F4F500FBFA13
:1047F000FDFCFEFEFDFE00FEFF040004FE000900BD
:104800000000000000000000000000FEFDFD0000B0
:10481000F800FF00FB0000000000000000000000A6
:10482000EF0000000000000000000000FDFD00FCA3
:1048300000000000FE0000FBFD0300FBFBFE00F893
:10484000FEFAFEFD00FB000000000000000000007A
:1048500000ED00090000FB00000000FC00FD00006E
:10486000FF0000FE00F900000CFCF6F7020303FF56
:10487000F802040209020AFEF80000F40000F7F84A
:104880000000FA00FCFB00FC00FC00FE0400FEF748
:10489000FD0B0000FD00FA000004F90003FD02001A
:1048A00000F600FEFF00FD03FE000000F4FDFA002C
:1048B000F70000F2000BFD00FB000200FD00FDF719
:1048C00000FD0300000000FE000003FC010000FDED
:1048D000FE00FD00000000000000000000000000DD
:1048E00000000000EE00060000FE000000000100D5
:1048F000FDFD0000000600070000000000EEF001D2
:104900000C0905F4020C000B00060000000000007A
:1049100000000000000F0000000000000000000088
:104920000000000000000000783D03083C3C030844
:10493000DA3C03083D31000020FF0208A8360308D6
:10494000143C03082849030810000228F80200203C
:1049500045970108699601081500040000FF010051
:104960003849030800000000000000000FFF00EFBE
:10497000E00EFD00DFD00CFC00CFB00BFB00BFA0B1
:104980000AFA009F9009F8008F800484000000015B
:104990004100EFE02FFF109F905FD00AF85FC00A40
:1049A000F74FC009F74FB009F64FB008F63FA0081F
:1049B000F63FA008F501000010000001FC00005FB8
:1049C0007000000003F900007F5000000006F700AF
:1049D00000AF3000000008F50000CF000007FFFF27
:1049E000FFFFFFFFFFF906EEEFFEEEEEFFEEE80041
:1049F000000EF00002FA000000000FD00004F800E2
:104A00000000002FB00006F6000000004F900008E4
:104A1000F5000000006F70000AF300004EEEFFFE8C
:104A2000EEEFFEEEA04FFFFFFFFFFFFFFFC0000015
:104A3000CF10000FD000000000EF00001FB00000FA
:104A40000000FD00003F9000000001FB00005F70CF
:104A500000000003F900007F600000000000480033
:104A6000000000000009F00000000000009F0000AE
:104A70000000000009F00000000005AEFFFDA500E9
:104A8000001BFFFFFFFFFD200BFFC6BF57BFE0036A
:104A9000FFA009F00014006FF2009F00000006FF65
:104AA0002009F00000003FFC109F00000000AFFF55
:104AB000ACF0000000009FFFFFD83000000027CFBF
:104AC000FFFFC3000000009F9EFFF300000009F0FD
:104AD00007FFC00000009F000AFF00000009F0006F
:104AE0008FF04C30009F001EFD0CFFB74BF47EFF93
:104AF000502CFFFFFFFFFF6000039DEFFFD8200059
:104B00000000009F00000000000009F0000000000D
:104B100000009F00000000001AEFC500000003FC29
:104B200000001EFA9DF6000000DF200009F5000DD0
:104B3000F000008F700000ED00006F40004FB000EB
:104B4000000FB00004F6000EF1000000FC00005F52
:104B5000500AF60000000BF1000AF105FA0000000F
:104B6000004FD438FA01EE10010000005FFFFA0098
:104B7000BF407EFFB100000442006F908FB68FD01F
:104B8000000000002FD01FC0005F700000000CF379
:104B900005F50000EC00000007F8007F30000CE095
:104BA000000002FD0007F30000CE000000CF30003F
:104BB0005F50000EC000008F700000FC0005F60082
:104BC000003FC0000006FB68FC00000DF200000082
:104BD00005CFE90000005CFFD91000000000AFFF26
:104BE000EFFE200000004FF6001CFA00000008FC59
:104BF00000005FC00000008FD00007FB0000000431
:104C0000FF4004FF400000000BFF49FF8000000050
:104C1000000CFFFE500000000005EFFF4000000008
:104C2000000AFF9CFF400044000BFE300CFF400BCD
:104C3000F706FF20000BFF51FF20BFB000000AFF66
:104C4000BFC00CFA0000000AFFF400AFF200000041
:104C50004FFF7002FFE83125AFFDFF8004FFFFFF2B
:104C6000FFF808FF30017CEFEC82000880000000B4
:104C70000000000000005FD5FC4FC4FB4FB3FA3FBB
:104C8000A010000BFB003FF300BFB001FF5006FF78
:104C9000000BFB000FF7002FF4004FF2006FF00045
:104CA0007FF0008FE0008FE0007FF0006FF0004F9A
:104CB000F2002FF4000EF7000BFB0006FF0001FFCF
:104CC0005000BFB0003FF3000BFB0EF700006FE198
:104CD0000000EF800009FD00003FF30000EF8000BE
:104CE0000BFB00008FE00005FF10004FF20003FFF8
:104CF00030002FF40002FF40003FF30004FF2000CB
:104D00005FF10008FE0000BFB0000EF80003FF30A6
:104D1000009FD0000EF70006FE0000EF70000000BC
:104D20009F000001009F00002F918F06E82BFFDFFE
:104D3000CFE5004DFFF700008FFFFB203EFCBF8F4B
:104D4000F81D508F02B600009F000000007C00009C
:104D50000000037400000000008FA00000000008A5
:104D6000FA00000000008FA00000000008FA000018
:104D700004FFFFFFFFFFF64FFFFFFFFFFF60111172
:104D80009FA11110000008FA00000000008FA00091
:104D900000000008FA00000000008FA000000320BF
:104DA0006FF5BFFA6FF80CF20FD04F808F201222F0
:104DB00022218FFFFFF78FFFFFF707709FF8BFF9E2
:104DC0004ED2000000001870000000007FC00000FC
:104DD0000000DF6000000003FF1000000008FB007F
:104DE0000000000EF5000000003FF0000000009FF2
:104DF000A000000000EF4000000004FE00000000E2
:104E00000AF9000000000FF4000000005FE000005D
:104E10000000BF8000000001FF3000000006FD0020
:104E20000000000CF8000000001FF2000000007FEE
:104E3000C000000000CF7000000002FF1000000062
:104E400008FC000000000DF6000000003FF100002B
:104E500000008FB00000000000004AEFFC6000007E
:104E6000000AFFFFFFFD200000BFFD856BFFE10092
:104E700005FFA000005FFB000EFD00000008FF30F2
:104E80003FF600000001FF808FF100000000CFD04E
:104E90009FF0000000009FF0BFD0000000008FF0E6
:104EA000BFD0000000008FF09FE0000000009FF0E6
:104EB0008FF100000000CFD03FF600000001FF801E
:104EC0000EFD00000008FF3006FFA000005FFB00A1
:104ED00000BFFD756BFFE100000AFFFFFFFD200032
:104EE00000004AEFFC600000CFFFFFECFFFFFE3444
:104EF00044CFE0000BFE0000BFE0000BFE0000BF4F
:104F0000E0000BFE0000BFE0000BFE0000BFE00071
:104F10000BFE0000BFE0000BFE0000BFE0000BFE38
:104F20000000BFE0000BFE0005ADFFEA4000004DB1
:104F3000FFFFFFFFA0005FFFB7569FFF9000BD205F
:104F400000001EFF0000000000007FF300000000D2
:104F50000006FF3000000000009FF000000000008D
:104F60002FFA00000000001CFF20000000001CFFC2
:104F700040000000001DFF40000000002DFF400029
:104F80000000002EFE30000000003EFE2000000069
:104F9000003FFD20000000004FFF64444444400FE8
:104FA000FFFFFFFFFFFF00FFFFFFFFFFFFF00FFF0F
:104FB000FFFFFFFFF00FFFFFFFFFFFF0044444443B
:104FC0004BFF50000000005FF80000000003FFB03E
:104FD000000000001EFD0000000000CFE200000005
:104FE000000AFFA4000000000DFFFFF7000000060C
:104FF00078BFFF900000000001CFF4000000000027
:105000001FF900000000000EFA00000000001FF968
:105010002E60000000AFF4AFFEA6568EFFB01BFF5F
:10502000FFFFFFFB000028CEFFDA40000000000079
:1050300002FFB00000000000001DFD0000000000A5
:105040000000BFE200000000000008FF4000000078
:105050000000005FF700000000000003FFA0000058
:10506000000000001EFC00000000000000CFE10076
:105070000AC70000000AFF30000DFA0000007FF6AA
:1050800000000DFA000004FF9000000DFA00000E71
:10509000FFFFFFFFFFFFFFF10FFFFFFFFFFFFFFF1E
:1050A000F104444444444EFB444000000000000E20
:1050B000FA000000000000000EFA000000000000EE
:1050C000000EFA000000000000000EFA0000005F71
:1050D000FFFFFFFFF00006FFFFFFFFFF00008FE470
:1050E00044444440000AFC000000000000CFA0003F
:1050F000000000000DF8000000000000FF944310C5
:105100000000001FFFFFFFFA300002FFFFFFFFFF5C
:105110007000000000138FFF4000000000003FFB04
:10512000000000000000BFF0000000000009FF00C8
:105130001000000000CFD00DA20000007FF805FF96
:10514000FB7667DFFE1008FFFFFFFFFD3000016AFE
:10515000DFFEB60000000006BEFFDA5000005EFF72
:10516000FFFFFF20007FFFA6446BA0003FFD200053
:105170000000000CFE100000000003FF60000000B3
:1051800000007FF100011000000AFE03AFFFFB509A
:1051900000BFD6FFFFFFFFA00BFFFF72015DFF8086
:1051A000AFFF3000000CFF09FFA00000005FF35FBD
:1051B000F800000003FF41FFA00000005FF309FFBB
:1051C0004000001DFD000DFF94236EFF50001CFFEA
:1051D000FFFFFF60000005AEFFD820003FFFFFFF8C
:1051E000FFFFFF83FFFFFFFFFFFFF83FF74444444B
:1051F0004BFF33FF40000000EFB03FF40000006FB2
:10520000F401772000000DFD000000000005FF50B4
:105210000000000000CFE000000000004FF7000099
:105220000000000BFF100000000002FF80000000E3
:105230000000AFF100000000001FFA0000000000B5
:1052400008FF300000000000FFB000000000007FF9
:10525000F400000000000EFD000000000006FF60EA
:1052600000000000049DFFEC8200000BFFFFFFFF29
:10527000F7000AFFC63237EFF500FFB0000001EF7C
:10528000C02FF60000000AFE00FFA0000000DFB003
:1052900008FFA31015CFF30007FFFFFFFFD40001A5
:1052A0009FFFFFFFFE7000CFFA31025CFF806FF6B8
:1052B0000000000AFF2BFE000000002FF7DFC000F7
:1052C000000000FF8BFE000000003FF76FF80000B9
:1052D000000CFF20DFFC53237EFF9001CFFFFFFF78
:1052E000FF90000049DEFEC8200000018CEFEA506C
:1052F000000005FFFFFFFFC10004FFE73249FFD0B8
:1053000000CFD1000003FF901FF600000009FF133B
:10531000FF400000007FF62FF600000009FF90EF2D
:10532000D1000003FFFB06FFE73239FFFFC008FF93
:10533000FFFFFF6DFC00039DFFD920EFA0000000E0
:1053400000001FF8000000000006FF300000000011
:1053500001EFD00000000001CFF40009B6545AFF5D
:10536000F80002FFFFFFFFF6000005ADFFEB710044
:10537000003ED3BFFA9FF707700000000000000056
:10538000000000000007709FF8BFF94ED23ED3BF67
:10539000FA9FF70770000000000000000000000006
:1053A0000003206FF5BFFA6FF80CF20FD04F808F1B
:1053B000200000000000295000000005CFF600008A
:1053C000029EFFF920006CFFFC600019FFFE8200C6
:1053D0000004FFC5000000004FFFA3000000004ACA
:1053E000FFFD71000000017DFFFB4000000004AFE5
:1053F000FFE40000000017DF600000000000330140
:10540000111111111104FFFFFFFFFFF64FFFFFFF06
:10541000FFFF60000000000000000000000000002E
:1054200000000000000001111111111104FFFFFF25
:10543000FFFFF64FFFFFFFFFFF6039300000000065
:1054400004FFD60000000018EFFFA3000000005B7F
:10545000FFFD61000000017DFFFA2000000004AFA5
:10546000F6000000039EFF6000016CFFFB50004A45
:10547000FFFE810002DFFFB40000004FE7100000D4
:1054800000024000000000000006BDFFEA500005D9
:10549000EFFFFFFFFB005FFF95347EFF902CC10004
:1054A0000001EFF000000000009FF100000000008C
:1054B0009FF00000000002FF90000000002EFE1090
:1054C00000000003EFD2000000002FFD10000000DC
:1054D00000BFF10000000000FFA00000000000334A
:1054E0001000000000000000000000000024000088
:1054F00000000002FFA00000000006FFD000000036
:105500000001CF600000000000027BDFFFDB7200C3
:1055100000000000002BFFFECBCEFFFB20000000B0
:10552000007FFC510000015BFF700000009FE50060
:105530000000000004DFA000007FD10017CFFC7046
:105540004FF1CF70002FF2002EFFFFFFD6FF01EFCB
:10555000200AF6001EFE61039FFFF004FA01FE0020
:105560000AFE2000007FFF000CF16F8000FF60004A
:105570000000CFF0007F59F5004FF100000007FF59
:105580000004F8BF3005FE000000004FF0002F9B24
:10559000F2005FE000000004FF0002F9BF3004FFEA
:1055A000100000006FF0003F89F5000FF6000000CA
:1055B0000CFF0005F66F90009FE2000006FFF00070
:1055C000AF21FE0001EFE61029FDFF706FC00AF663
:1055D0000002DFFFFFFD2BFFFFF2002FF200007C37
:1055E000FFC7001AEFB200007FD2000000000000E9
:1055F00000000000009FE500000000000000000027
:1056000000007FFC61000002770000000000002B1A
:10561000FFFECCCEFFD0000000000000027BDFFFC9
:10562000DA5000000000000000001FFF1000000022
:105630000000000007FFF70000000000000000EF7E
:10564000EFE0000000000000006FF2FF60000000CB
:105650000000000DF909FD00000000000004FF102B
:105660002FF5000000000000CFA000AFC000000038
:1056700000003FF20003FF30000000000AFB0000C2
:105680000BFB0000000002FF4000004FF200000092
:10569000009FC0000000CF900000001FFFFFFFFF31
:1056A000FFFF10000008FFFFFFFFFFFFF8000000F2
:1056B000EF81111111118FF000006FF10000000057
:1056C00001FF70000DFA00000000000BFE0005FF56
:1056D0004000000000004FF500CFD00000000000A7
:1056E00000DFD04FFFFFFFFFEB600004FFFFFFFF75
:1056F000FFFFD2004FF62222235CFFD004FF5000B0
:1057000000000AFF304FF5000000004FF604FF5084
:1057100000000004FF504FF500000000AFF104FF4F
:1057200062222235CFF7004FFFFFFFFFFFF7000493
:10573000FFFFFFFFFFFFF8004FF500000014BFF868
:1057400004FF5000000000AFF14FF500000000041E
:10575000FF44FF50000000005FF54FF5000000001F
:105760000BFF24FF622222236CFFB04FFFFFFFFFDD
:10577000FFFFC104FFFFFFFFFFDA50000000017BC5
:10578000EFFDA500000008FFFFFFFFFE50001CFF1B
:10579000FC7657CFFF600CFFC20000003DE208FF1F
:1057A000A0000000000101FFD00000000000006F19
:1057B000F600000000000009FF00000000000000EB
:1057C000BFE00000000000000BFE00000000000031
:1057D000009FF000000000000006FF5000000000E5
:1057E00000001FFD000000000000008FFA00000014
:1057F00000002000CFFC20000003DE3001CFFFC7F7
:10580000657CFFF600008FFFFFFFFFD4000000174C
:10581000BEFFDA50004FFFFFFFFFC940000004FF4A
:10582000FFFFFFFFFFD400004FF84444469EFFF700
:105830000004FF5000000006FFF6004FF5000000D6
:105840000002FFF104FF500000000005FF904FF53B
:1058500000000000000DFE04FF5000000000008F5B
:10586000F14FF5000000000007FF34FF500000007A
:1058700000006FF34FF5000000000008FF14FF5018
:105880000000000000DFE04FF500000000005FF9BD
:1058900004FF50000000002EFF104FF50000000034
:1058A0005EFF6004FF84444468EFFF70004FFFFF19
:1058B000FFFFFFFD400004FFFFFFFFFD940000001D
:1058C0004FFFFFFFFFFFF94FFFFFFFFFFFF94FF80B
:1058D00044444444424FF500000000004FF50000EE
:1058E0000000004FF500000000004FF50000000030
:1058F000004FF733333333104FFFFFFFFFFF704F7D
:10590000FFFFFFFFFF704FF500000000004FF500A4
:10591000000000004FF500000000004FF5000000FF
:1059200000004FF500000000004FF8444444444498
:105930004FFFFFFFFFFFFF4FFFFFFFFFFFFF4FFF87
:10594000FFFFFFFFF94FFFFFFFFFFFF94FF8444450
:105950004444424FF500000000004FF500000000F5
:10596000004FF500000000004FF500000000004F60
:10597000F500000000004FFFFFFFFFFF704FFFFF2B
:10598000FFFFFF704FF744444444104FF500000000
:1059900000004FF500000000004FF500000000007F
:1059A0004FF500000000004FF500000000004FF52B
:1059B00000000000004FF500000000000000017B27
:1059C000EFFDB610000008FFFFFFFFFE70001CFF98
:1059D000FC8657BFFF900CFFC20000001AF408FFBE
:1059E000A0000000000201FFD00000000000006FD6
:1059F000F600000000000009FF00000000000000A9
:105A0000BFE00000000000011BFE00000000000AD3
:105A1000FD9FF00000000000AFD6FF600000000016
:105A20000AFD1FFD0000000000AFD08FFA0000004B
:105A3000000AFD00CFFC20000001CFD001CFFFC83D
:105A4000657AFFFC00008FFFFFFFFFF900000017E1
:105A5000BEFFEB71004FF50000000003FF64FF5034
:105A6000000000003FF64FF50000000003FF64FF58
:105A700050000000003FF64FF50000000003FF64F7
:105A8000FF50000000003FF64FF50000000003FF4C
:105A900064FF84444444446FF64FFFFFFFFFFFFF61
:105AA000FF64FFFFFFFFFFFFFFF64FF50000000060
:105AB00003FF64FF50000000003FF64FF5000000B8
:105AC0000003FF64FF50000000003FF64FF50000A8
:105AD000000003FF64FF50000000003FF64FF50098
:105AE00000000003FF64FF50000000003FF64FF588
:105AF0004FF54FF54FF54FF54FF54FF54FF54FF586
:105B00004FF54FF54FF54FF54FF54FF54FF54FF575
:105B10004FF5006FFFFFFFFC006FFFFFFFFC00145D
:105B200044444DFC000000000DFC000000000DFC92
:105B3000000000000DFC000000000DFC0000000053
:105B40000DFC000000000DFC000000000DFC00003A
:105B500000000DFC000000000DFC000000000DFB2B
:105B6000001000000FFA07E200006FF60EFF9559D3
:105B7000FFF103EFFFFFFF400017CFFD92004FF54D
:105B8000000000004FFA04FF500000004FFB004FE0
:105B9000F50000004FFB0004FF5000004FFC000028
:105BA0004FF500004FFC000004FF50003FFD1000C7
:105BB000004FF5003FFD10000004FF503FFD1000B6
:105BC00000004FF53FFFB000000004FF8EFFFF9084
:105BD0000000004FFFFE3CFF60000004FFFE301E8F
:105BE000FF4000004FFF30002FFE200004FF600048
:105BF000004FFD10004FF50000006FFB0004FF5048
:105C00000000008FF9004FF500000000AFF604FF20
:105C10005000000000CFF44FF500000000004FF5E9
:105C200000000000004FF500000000004FF50000EC
:105C30000000004FF500000000004FF500000000DC
:105C4000004FF500000000004FF500000000004F7D
:105C5000F500000000004FF500000000004FF500C7
:105C6000000000004FF500000000004FF5000000AC
:105C700000004FF500000000004FF500000000009C
:105C80004FF844444444404FFFFFFFFFFFF34FFFF2
:105C9000FFFFFFFFF34FF200000000000005FF14BC
:105CA000FFC0000000000000EFF14FFF50000000B7
:105CB00000008FFF14FFFE00000000002FFFF14FD7
:105CC000FFF8000000000BFFFF14FFAFF200000020
:105CD00005FFAFF14FF3DFC0000000DF96FF14FFB8
:105CE00034FF5000008FE16FF14FF30AFE00002FE8
:105CF000F606FF14FF301FF8000AFC006FF14FF3A7
:105D0000006FF204FF3006FF14FF3000DFC0DF90A9
:105D1000006FF14FF30003FFBFE10006FF14FF30F7
:105D20000009FFF600006FF14FF300001EFC0000B9
:105D300006FF14FF3000006D3000006FF14FF300DC
:105D4000000000000006FF14FF300000000000000B
:105D50006FF14FF40000000003FF64FFE200000059
:105D6000003FF64FFFD000000003FF64FFFFB000CC
:105D700000003FF64FFEFF80000003FF64FF6DFF51
:105D80005000003FF64FF52FFF200003FF64FF5047
:105D90004FFE10003FF64FF5007FFC0003FF64FF4D
:105DA0005000AFF9003FF64FF50000DFF603FF6447
:105DB000FF500001EFF33FF64FF5000003FFE5FF52
:105DC00064FF50000006FFEFF64FF500000009FFEA
:105DD000FF64FF500000000CFFF64FF500000000CC
:105DE0001EFF64FF50000000003FF60000017BEF43
:105DF000FEB600000000007FFFFFFFFFF60000007E
:105E00001CFFFC7668CFFFA00000BFFC2000000351
:105E1000DFF90008FFA0000000000CFF601FFD007C
:105E20000000000001EFE06FF60000000000008FAE
:105E3000F39FF00000000000003FF7BFE00000000B
:105E40000000001FF8BFE00000000000001FF99FE5
:105E5000F00000000000003FF76FF50000000000B8
:105E6000008FF31FFD000000000001EFE008FFA01D
:105E7000000000000CFF6000CFFC20000003DFFAF0
:105E800000001CFFFB7668CFFFB00000008FFFFF13
:105E9000FFFFF600000000017BEFFEB60000004FA0
:105EA000FFFFFFFEB600004FFFFFFFFFFFE4004FC4
:105EB000F8444457BFFF304FF500000005FFD04FB6
:105EC000F5000000008FF34FF5000000004FF54F84
:105ED000F5000000003FF64FF5000000006FF44FA2
:105EE000F500000001EFE04FF50000027EFF604F7B
:105EF000FFFFFFFFFFF8004FFFFFFFFFFA30004FEB
:105F0000F84444320000004FF50000000000004F4C
:105F1000F50000000000004FF50000000000004FF9
:105F2000F50000000000004FF50000000000000038
:105F300000017BEFFEB6000000000007FFFFFFFF3F
:105F4000FF600000001CFFFC7668CFFFA000000B84
:105F5000FFC20000003DFF900008FFA0000000000D
:105F60000CFF5001FFD000000000001FFD006FF685
:105F70000000000000008FF309FF00000000000097
:105F800003FF70BFE00000000000001FF80BFE00E0
:105F9000000000000001FF80AFF0000000000000E2
:105FA0003FF606FF50000000000008FF301FFC0015
:105FB0000000000001EFD0009FF90000000000BFCA
:105FC000F60000DFFB10000002CFFB000002DFFF45
:105FD000A6456BFFFB00000001AFFFFFFFFFF700CE
:105FE0000000000039DFFFFD71000000000000002C
:105FF00004FFE2000038000000000005FFF7227FE8
:10600000F3000000000003EFFFFFFA0000000000B3
:1060100000007CFEB5004FFFFFFFFEB600004FFF03
:10602000FFFFFFFFE4004FF8444457BFFF304FF538
:1060300000000005FFD04FF5000000008FF34FF582
:10604000000000004FF54FF5000000003FF64FF54F
:10605000000000006FF44FF500000001EFE04FF585
:106060000000027EFF604FFFFFFFFFFFF6004FFFC3
:10607000FFFFFFFC20004FF733333CFE10004FF5CD
:10608000000002FFA0004FF50000007FF5004FF573
:106090000000000CFE104FF500000002FFB04FF5AD
:1060A000000000007FF600039DEFEC9400000AFF63
:1060B000FFFFFFFD100AFFC74347BFE003FFA0003B
:1060C000000025006FF2000000000006FF20000025
:1060D0000000003FFB000000000000AFFE94100035
:1060E0000000008FFFFFC83000000016BFFFFFC395
:1060F00000000000037CFFF3000000000005FFC06B
:10610000000000000009FF0000000000008FF05DAB
:10611000400000001EFC0CFFD954358EFF401AFFD2
:10612000FFFFFFFF5000027BEFFEB71000EFFFFF05
:10613000FFFFFFFFF2EFFFFFFFFFFFFFF2444444CA
:10614000CFF4444440000000AFE000000000000035
:10615000AFE0000000000000AFE000000000000021
:10616000AFE0000000000000AFE000000000000011
:10617000AFE0000000000000AFE000000000000001
:10618000AFE0000000000000AFE0000000000000F1
:10619000AFE0000000000000AFE0000000000000E1
:1061A000AFE0000000000000AFE0000000000000D1
:1061B000AFE0000000000000AFE00000006FF20060
:1061C00000000009FF6FF20000000009FF6FF200FD
:1061D00000000009FF6FF20000000009FF6FF200ED
:1061E00000000009FF6FF20000000009FF6FF200DD
:1061F00000000009FF6FF20000000009FF6FF200CD
:1062000000000009FF6FF20000000009FF6FF300BB
:1062100000000009FF5FF4000000000BFD2FF800F4
:106220000000000EFB0EFE000000005FF607FFB04E
:10623000000003FFE000CFFE9657BFFF50000AFFAB
:10624000FFFFFFF500000039DFFEC710000CFF0064
:1062500000000000004FF405FF700000000000BFC8
:10626000D000EFD00000000002FF60007FF50000CA
:1062700000000AFE00001FFC000000001FF80000E4
:1062800009FF300000008FF1000002FFA0000000B5
:10629000EFA0000000BFF1000006FF300000003F4B
:1062A000F800000DFC000000000CFF00005FF5008E
:1062B00000000005FF6000CFD00000000000EFD01C
:1062C00003FF7000000000007FF50AFF00000000DF
:1062D00000001FFC1FF800000000000009FFBFF2D3
:1062E00000000000000002FFFFA00000000000000E
:1062F00000AFFF30000000000000003FFC00000085
:10630000000FFA000000000AFF1000000003FF4029
:10631000AFF000000000FFF7000000008FE005FF75
:10632000500000005FFFC00000000EF9000FFB00EE
:1063300000000AFFFF20000003FF4000AFF0000054
:1063400000FF6FF70000009FE00004FF5000006FA7
:10635000F0BFC000000EF900000FFB00000BFA05B3
:10636000FF200004FF300000AFF00001FF500FF7E6
:1063700000009FE0000004FF50006FF000AFD0006D
:106380000EF90000000EFB000CFA0005FF2004FFD0
:10639000300000009FF002FF40000FF8009FE00077
:1063A000000004FF507FE000009FD00EF8000000C6
:1063B000000EFB0DF9000004FF34FF300000000068
:1063C0009FF4FF4000000EF8AFD00000000004FF73
:1063D000DFE00000009FEFF800000000000EFFF972
:1063E00000000003FFFF3000000000009FFF3000AE
:1063F00000000EFFD0000000000003FFD0000000EE
:10640000008FF80000000DFF2000000008FF500280
:10641000FFC00000003FF900006FF8000001EFC06E
:1064200000000AFF40000BFF20000001EFE1006FB9
:10643000F5000000003FFC02FF900000000007FF95
:106440008DFD000000000000BFFFF2000000000012
:10645000001FFF700000000000005FFFD000000080
:10646000000002FFDFF900000000000DFE19FF50E0
:10647000000000009FF400DFF200000005FF900024
:106480002FFC0000002FFD000006FF900000CFF25F
:10649000000000AFF40008FF600000000DFE104F88
:1064A000FB0000000003FFC00CFE10000000000E07
:1064B000F903FF90000000009FE1009FF30000003F
:1064C00003FF60000EFC0000000CFC000005FF60F4
:1064D00000006FF2000000BFF10001FF800000002B
:1064E0002FFA000AFE0000000007FF404FF50000F1
:1064F000000000DFD1DFB000000000004FFDFF20F2
:1065000000000000000AFFF700000000000001FF8B
:10651000D000000000000000EFB00000000000000C
:1065200000EFB000000000000000EFB0000000002D
:10653000000000EFB000000000000000EFB000001D
:106540000000000000EFB0000000BFFFFFFFFFFFF2
:10655000FFF0BFFFFFFFFFFFFFF034444444444C13
:10656000FF6000000000007FF9000000000004FF51
:10657000B000000000002EFD100000000000DFF25F
:1065800000000000000BFF5000000000008FF7002B
:106590000000000005FFA000000000003FFD00001B
:1065A00000000001EFE200000000000CFF400000CE
:1065B000000000AFF6000000000007FF90000000A0
:1065C00000004FFE444444444441DFFFFFFFFFFF0F
:1065D000FFF5EFFFFFFFFFFFFFF54FFFFF24FFFF7A
:1065E000F24FF41104FF30004FF30004FF30004F6E
:1065F000F30004FF30004FF30004FF30004FF300BE
:1066000004FF30004FF30004FF30004FF30004FF9D
:1066100030004FF30004FF30004FF30004FF300060
:106620004FF30004FF41104FFFFF24FFFFF27820DB
:106630000000000AFA000000004FF000000000EF28
:106640005000000009FA000000003FF000000000C8
:10665000EF6000000008FB000000002FF1000000C8
:1066600000DF6000000007FC000000002FF20000C7
:106670000000CF7000000006FD000000001FF200C7
:10668000000000BF8000000006FE000000001FF3B5
:1066900000000000AF9000000005FE000000000FA9
:1066A000F400000000AFA000000004FF00000000A4
:1066B0000EF5000000009FA08FFFFE8FFFFE011966
:1066C000FE0009FE0009FE0009FE0009FE0009FEA9
:1066D0000009FE0009FE0009FE0009FE0009FE0097
:1066E00009FE0009FE0009FE0009FE0009FE00097E
:1066F000FE0009FE0009FE0119FE8FFFFE8FFFFE5E
:1067000000000AFD0000000001FFF3000000007F10
:10671000AFA00000000EF0DF10000005F906F70042
:106720000000CF301FE000002FC0009F500009F68E
:106730000003FB0000FE00000CF2006F9000006FF1
:10674000900DF2000000FF00AAAAAAAAAAAAAFFF11
:10675000FFFFFFFFFF58830000AFF400007FF4004D
:10676000004EF40039DFFEB60001BFFFFFFFFB0063
:106770000EFA6336DFF80042000000CFF0000000A0
:106780000005FF30000000003FF4006BEFFFFFFF4B
:1067900040BFFFDDDDDFF46FF7000003FF4AFD00BF
:1067A00000003FF4AFE000000AFF45FF80001AFF41
:1067B000F40AFFFDDFFAFF4006CFFEB51FF4AFD0AD
:1067C00000000000000AFD000000000000AFD00043
:1067D000000000000AFD000000000000AFD0000033
:1067E0000000000AFD029EFEC60000AFD6FFFFFFBC
:1067F000FD300AFFFFA535AFFF20AFFF4000005F6F
:10680000FC0AFF700000008FF3AFF100000001FFF1
:106810007AFE000000000EF9AFE000000000FF9AD1
:10682000FF100000001FF7AFF700000008FF3AFF5D
:10683000F4000005FFC0AFFFFA535AFFF20AFC6FE5
:10684000FFFFFFD300AFC039EFEC60000000017C18
:10685000EFEA500004EFFFFFFFB004FFF9435BFFD6
:10686000A1EFE2000007D37FF4000000000BFD0061
:1068700000000000DFA0000000000DFA0000000092
:1068800000BFD00000000006FF30000000000EFE38
:106890002000007D404FFF9435BFFA004EFFFFFF00
:1068A000FA000017CEFEA400000000000002FF5016
:1068B00000000000002FF5000000000002FF500063
:1068C000000000002FF5000000000002FF5000183B
:1068D000DEFD812FF5006FFFFFFFE5FF505FFF84B6
:1068E00036CFFFF51FFE2000008FFF57FF4000004E
:1068F00000CFF5BFD000000005FF5DFA00000000EA
:106900002FF5DFA000000002FF5BFD000000004F3C
:10691000F57FF30000000AFF51FFD1000006FFF5EC
:1069200005FFE6213AFFFF5006FFFFFFFF5FF5007E
:10693000028DFFD810FF5000028DFFD81000006FAD
:10694000FFFFFFF50005FFD5225DFF401FFB0000A4
:1069500000BFE07FF10000001FF5BFB00000000A9B
:10696000FADFFFFFFFFFFFFBDFEDDDDDDDDDDABF7F
:10697000C000000000007FF200000000001EFD20AB
:106980000000190004FFF94348EFA0004EFFFFFF8D
:10699000FE3000016CEFEB600000005CFFD70000F0
:1069A0007FFFFFC0000FFC31430003FF40000000E9
:1069B0004FF2000009FFFFFFFF209FFFFFFFF200E3
:1069C00014FF411100004FF300000004FF300000ED
:1069D000004FF300000004FF300000004FF3000000
:1069E0000004FF300000004FF300000004FF3000FF
:1069F00000004FF300000004FF300000004FF300E0
:106A0000000000028DEFD920DF8007FFFFFFFF6D40
:106A1000F807FFE84349FFFF82FFC1000003FFF8CA
:106A20008FF200000006FF8CFB000000000FF8EF63
:106A3000A000000000EF8CFB000000000FF89FF1A9
:106A400000000005FF83FFB0000002EFF809FFD54A
:106A50001027EFFF800AFFFFFFFF9FF80005BFFF31
:106A6000FC40FF8000000220001FF6000000000034
:106A700006FF304A10000001EFE00EFFA64348EF8A
:106A8000F5006EFFFFFFFFF7000005ADFFEC820091
:106A900000AFD00000000000AFD00000000000AF49
:106AA000D00000000000AFD00000000000AFD00018
:106AB00000000000AFD03AEFFC6000AFD8FFFFFF4E
:106AC000FC00AFFFF8546DFF90AFFE200000DFF137
:106AD000AFF50000005FF4AFF00000002FF6AFE06C
:106AE0000000000FF6AFD00000000FF7AFD000009D
:106AF000000FF7AFD00000000FF7AFD00000000F7D
:106B0000F7AFD00000000FF7AFD00000000FF7AFD5
:106B1000D00000000FF708FB00FFF30CFE1003008D
:106B2000000000AFD00AFD00AFD00AFD00AFD00AD0
:106B3000FD00AFD00AFD00AFD00AFD00AFD00AFDC6
:106B400000AFD00AFD00000006FC100000EFF600C8
:106B5000000AFF2000000310000000000000008F6A
:106B6000F0000008FF0000008FF0000008FF0000A8
:106B7000008FF0000008FF0000008FF0000008FF09
:106B80000000008FF0000008FF0000008FF0000000
:106B900008FF0000008FF0000008FF0000008FF0E9
:106BA00000000AFE007426FF902FFFFFE101ADFEFA
:106BB000A200AFD00000000000AFD0000000000035
:106BC000AFD00000000000AFD00000000000AFD048
:106BD0000000000000AFD0000003EFD1AFD00000F4
:106BE0004FFC10AFD00005FFC100AFD0006FFC100C
:106BF00000AFD007FFC10000AFD08FFD100000AF85
:106C0000D9FFFF200000AFFFFCFFD10000AFFFA0C5
:106C10007FFB0000AFF9000AFF7000AFD00000DF7B
:106C2000F400AFD000002FFE10AFD0000004FFC072
:106C3000AFD00000008FF9AFDAFDAFDAFDAFDAFDBB
:106C4000AFDAFDAFDAFDAFDAFDAFDAFDAFDAFDAFF7
:106C5000DAFDAFD0AFC05BEFEA40005AEFEB500077
:106C6000AFCAFFFFFFF80BFFFFFFFA00AFFFD6220E
:106C70006EFFDFE7325DFF60AFFD000002FFFE2028
:106C80000000EFD0AFF4000000AFF70000007FF18C
:106C9000AFF00000007FF20000004FF3AFE0000013
:106CA000007FF10000004FF3AFD00000007FF00044
:106CB00000004FF4AFD00000007FF00000004FF460
:106CC000AFD00000007FF00000004FF4AFD0000014
:106CD000007FF00000004FF4AFD00000007FF00014
:106CE00000004FF4AFD00000007FF00000004FF430
:106CF000AFD00000007FF00000004FF4AFC04AEFBB
:106D0000FC6000AFC9FFFFFFFC00AFFFE6324CFFA5
:106D100090AFFD100000CFF1AFF40000004FF4AFD2
:106D2000F00000001FF6AFE00000000FF6AFD0004B
:106D300000000FF7AFD00000000FF7AFD000000049
:106D40000FF7AFD00000000FF7AFD00000000FF733
:106D5000AFD00000000FF7AFD00000000FF7000128
:106D60007CEFDA40000005EFFFFFFFB10004FFF801
:106D7000435CFFC001FFE2000008FF807FF40000D9
:106D8000000BFE0BFD000000005FF3DFA000000021
:106D900002FF5DFA000000002FF5BFD000000005E3
:106DA000FF37FF40000000BFE01EFE2000008FF80C
:106DB000004FFF8436CFFC00004EFFFFFFFA1000AB
:106DC0000017CEFDA40000AFC03AEFEC60000AFC53
:106DD0008FFFFFFFD300AFFFF83138FFF20AFFF358
:106DE000000003FFC0AFF600000007FF3AFF0000FD
:106DF00000001FF7AFE000000000EF9AFE00000067
:106E0000000FF9AFF100000002FF7AFF70000000F0
:106E10008FF3AFFF4000005FFC0AFFFFA535AFFF17
:106E200020AFD6FFFFFFFD300AFD029DFEC6000029
:106E3000AFD000000000000AFD000000000000AF1D
:106E4000D000000000000AFD000000000000AFD0EC
:106E500000000000000000018DEFD810FF5006FF79
:106E6000FFFFFE4FF505FFF8436CFFFF51FFE20007
:106E70000008FFF57FF40000000CFF5BFD00000040
:106E8000005FF5DFA000000002FF5DFA00000000D7
:106E90002FF5BFD000000005FF57FF40000000BFE6
:106EA000F51FFE2000008FFF505FFF8436CFFFF5F7
:106EB000006FFFFFFFE5FF500028DFFD812FF50089
:106EC0000000000002FF5000000000002FF500004D
:106ED00000000002FF5000000000002FF50000003D
:106EE000000002FF50AFC03AECAFC7FFFCAFEFFBB2
:106EF00075AFFF3000AFF60000AFF10000AFE0006B
:106F000000AFD00000AFD00000AFD00000AFD00085
:106F100000AFD00000AFD00000AFD000000005BE31
:106F2000FFDA50000BFFFFFFFF9008FFA42359F288
:106F300000DFB0000000000EFA0000000000AFFA11
:106F40004000000001DFFFFDA60000006BEFFFFE28
:106F500030000000149FFE00000000005FF30420DA
:106F6000000005FF30EFB63347FFD02DFFFFFFFFD6
:106F7000E30005ADFFEC7100004FF300000004FFDB
:106F8000300000004FF3000009FFFFFFFF209FFFCC
:106F9000FFFFF20014FF411100004FF30000000456
:106FA000FF300000004FF300000004FF300000003D
:106FB0004FF300000004FF300000004FF30000001A
:106FC00003FF600000000EFE525500006FFFFFD06F
:106FD00000005CFFC600CFB00000004FF3CFB00050
:106FE00000004FF3CFB00000004FF3CFB00000001F
:106FF0004FF3CFB00000004FF3CFB00000004FF3CD
:10700000CFB00000004FF3CFB00000004FF3BFD06F
:107010000000006FF39FF0000000BFF35FF7000077
:1070200005FFF30EFF83138FFFF303EFFFFFFF7FD7
:10703000F30018DFFD912FF30DFC000000001FF599
:1070400006FF200000008FE000EF90000000EF70CE
:10705000008FF1000006FF10001FF700000DF9007F
:10706000000AFD00004FF3000003FF4000BFC00016
:107070000000DFB002FF500000006FF208FE0000C9
:1070800000000EF80EF70000000008FE7FF100007F
:10709000000001FFFF900000000000AFFF20000093
:1070A0000000003FFB000000AFB00000008FF000C8
:1070B00000003FF14FF1000000DFF50000009FA04D
:1070C0000EF6000003FFFB000000EF4009FC00008B
:1070D00009FDFF100004FE0003FF20000FF4DF6035
:1070E000000AF80000DF70005FE08FC0001FF300AF
:1070F000007FD000BF802FF2006FD000001FF3018F
:10710000FF200CF800CF7000000BF907FC0006FE12
:1071100002FF10000005FE0DF60000FF48FB000016
:107120000000FF8FF00000AF9DF500000000AFFFF2
:107130009000004FFFF0000000004FFF3000000EF5
:10714000FF90000000000EFD00000008FF3000006E
:107150001EFC0000006FF504FF800002FF80007F2E
:10716000F4000DFC00000BFE10AFE1000001EFC6C3
:10717000FF400000003FFFF80000000007FFC000D4
:107180000000000BFFE1000000007FFEFC0000009B
:1071900003FF83FF8000001EFC007FF40000BFE1BE
:1071A000000BFE2008FF400001EFC04FF800000078
:1071B0003FF90DFC000000001FF506FF3000000045
:1071C0008FE000EFA0000000EF70008FF1000006DC
:1071D000FF10001FF800000DF9000009FE00004F2D
:1071E000F2000002FF6000BFB0000000BFD002FF4D
:1071F000400000004FF408FD000000000DFB0FF5FB
:107200000000000006FF8FE00000000000EFFF70AC
:1072100000000000008FFF1000000000001FF900B8
:1072200000000000004FF2000000000000CFB0009E
:1072300000000D733AFF300000006FFFFFF7000001
:10724000000007CFEB4000000000CFFFFFFFFFF67C
:10725000CFFFFFFFFFF501111114FFB00000001E6A
:10726000FD00000000BFF200000008FF5000000019
:107270005FF800000002FFB00000000DFD100000EC
:1072800000AFF300000007FF500000004FFA11119B
:107290001110EFFFFFFFFFF9FFFFFFFFFFF90001F4
:1072A0009DFA000CFFFA003FFA20006FF200007F09
:1072B000F100007FF100007FF100007FF100007F0E
:1072C000F100007FF00001BFF0008FFF60008FFF32
:1072D000700000AFF000007FF000007FF100007F41
:1072E000F100007FF100007FF100007FF100006FEE
:1072F000F200003FFA20000CFFFA00019DFA4FF067
:107300004FF04FF04FF04FF04FF04FF04FF04FF085
:107310004FF04FF04FF04FF04FF04FF04FF04FF075
:107320004FF04FF04FF04FF04FF04FF04FF08FEA2B
:1073300010008FFFE000019FF600000FF800000E24
:10734000F900000EF900000EF900000EF900000E21
:10735000F900000EF900000CFD200004EFFA000512
:10736000FFFA000DFC00000EF900000EF900000EFF
:10737000F900000EF900000EF900000EF900000FF0
:10738000F800019FF6008FFFE0008FEA100001AFC8
:10739000FA20001F80CFFFFF6008F63FB117FFED16
:1073A000FE06F30002AEFB20000000000019FFE81B
:1073B000000DE758FB07F20004F5CB00000EACB05F
:1073C0000000DA8F10003F71ED525ED002DFFFC285
:1073D000000024200002AB400EFFF23FFFF51FFF2C
:1073E000F305EE7000000000000000000000000047
:1073F000000000000000000000000000049C70007D
:10740000000000000000000026BFFFFF1000000089
:107410000000000048DFFFFFFFF200000000000155
:107420005AFFFFFFFFFFFF20000000037CFFFFFF6C
:10743000FFFFFFFFF20000001DFFFFFFFFFFFFFF48
:10744000FFFF20000004FFFFFFFFFFFFFFFFFFF231
:107450000000005FFFFFFFFFFFFFE96FFF2000005C
:1074600005FFFFFFFFFFC73001FFF20000005FFFD5
:10747000FFFEA51000001FFF20000005FFFD830098
:1074800000000001FFF20000005FFE0000000000AD
:10749000001FFF20000005FFE0000000000001FFCA
:1074A000F20000005FFE0000000000001FFF20004F
:1074B0000005FFE0000000000001FFF20000005F97
:1074C000FE0000000000001FFF20000005FFE0009C
:1074D0000000005898FFF20000005FFE0000000668
:1074E000EFFFFFFF20000005FFE0000004FFFFFFAB
:1074F000FFF20002447FFE0000008FFFFFFFFF202D
:107500005DFFFFFFE0000006FFFFFFFFF05FFFFFF2
:10751000FFFE0000000AFFFFFFF40CFFFFFFFFE08B
:1075200000000004ACDB8100BFFFFFFFFC00000097
:10753000000000000003FFFFFFFF4000000000000C
:10754000000000029FFFFA20000000000000000081
:1075500000000110000000000000000000003400E6
:107560001888888888888888810043EA002FFFFF70
:10757000FFFFFFFFFFF200AEFFEEFFFFFFFFFFFF89
:10758000FFFFFFEEFFFFCCDFF500000000005FFD16
:10759000CCFFFA002FF500000000005FF200AFFA08
:1075A000002FF500000000005FF200AFFB003FF588
:1075B00000000000005FF300BFFFFFFFF5000000C8
:1075C00000005FFFFFFFFEAACFF600000000006F83
:1075D000FCAAEFFA002FFFFFFFFFFFFFFFF200AF53
:1075E000FA002FFFFFFFFFFFFFFFF200AFFC225F5B
:1075F000FB7777777777BFF522CFFFFFFFF50000A6
:107600000000005FFFFFFFFE88AFF50000000000F4
:107610005FFA88EFFA002FF500000000005FF2002B
:10762000AFFA002FF500000000005FF200AFFC444D
:107630006FF500000000005FF644CFFFFFFFFB770F
:1076400077777777BFFFFFFFFD668FFFFFFFFFFFB5
:10765000FFFFF866DFA9002FFFFFFFFFFFFFFFF22C
:10766000009A00000000000000000000000000BFC1
:10767000FFFFF408FFFFFFFFFFFFFFFBFFFFFFF827
:107680000CFFFFFFFFFFFFFFFFFFFFFFF90DFFFFF5
:10769000FFFFFFFFFFFFFFFFFFF90DFFFFFFFFFFF2
:1076A000FFFFFFFFFFFFF90DFFFFFFFFFFFFFFFFE2
:1076B000EFFFFFF70BFFFFFFFFFFFFFFFE377777BF
:1076C00060016777777777777773000000000000B5
:1076D00000000000000000AFFFFFF407FFFFFFFF06
:1076E000FFFFFFFAFFFFFFF80CFFFFFFFFFFFFFFA9
:1076F000FFFFFFFFF90DFFFFFFFFFFFFFFFFFFFF92
:10770000FFF90DFFFFFFFFFFFFFFFFFFFFFFF90D79
:10771000FFFFFFFFFFFFFFFFEFFFFFF70BFFFFFF85
:10772000FFFFFFFFFE378888700278888888888886
:107730008873000000000000000000000000009FAF
:10774000FFFFE307EFFFFFFFFFFFFFF9FFFFFFF87A
:107750000CFFFFFFFFFFFFFFFFFFFFFFF90DFFFF24
:10776000FFFFFFFFFFFFFFFFFFF90DFFFFFFFFFF21
:10777000FFFFFFFFFFFFF90DFFFFFFFFFFFFFFFF11
:10778000FFFFFFF80CFFFFFFFFFFFFFFFF488888A8
:10779000710288888888888888840000000000003A
:1077A0000000000000530000000000000000000086
:1077B0000009FF50000000000000000000009FFFD3
:1077C000F500000000000000000009FFFFFF0000BE
:1077D000000000000000009FFFFFFA000000000012
:1077E00000000009FFFFFFB00000000000000000E3
:1077F0009FFFFFFB0000BD200000000009FFFFFF0E
:10780000B0000CFFE2000000009FFFFFFB0000BF84
:10781000FFFE20000009FFFFFFB00000EFFFFFE2C6
:1078200000009FFFFFFB0000004FFFFFFE2009FF4D
:10783000FFFFB000000004FFFFFFE39FFFFFFB001E
:10784000000000004FFFFFFFFFFFFFB0000000003F
:107850000004FFFFFFFFFFFB000000000000004FDF
:10786000FFFFFFFFB00000000000000004FFFFFF6B
:10787000FB0000000000000000004FFFFFB0000010
:107880000000000000000004FFFB000000000000FA
:1078900000000000003DA00000000000000003A761
:1078A00000000000008A203FFFA00000000BFFE264
:1078B000EFFFFA000000BFFFFBDFFFFFA0000BFFA0
:1078C000FFFB3FFFFFFA00BFFFFFE203FFFFFFAB3D
:1078D000FFFFFE20003FFFFFFFFFFFE2000003FF6E
:1078E000FFFFFFFE200000003FFFFFFFE20000005F
:1078F000000CFFFFFFA000000000BFFFFFFFFA0029
:1079000000000BFFFFFFFFFFA00000BFFFFFEFFF26
:10791000FFFA000BFFFFFE23FFFFFFA0AFFFFFE218
:10792000003FFFFFF8FFFFFE200003FFFFFD8FFF7A
:10793000E20000003FFFF609FD2000000003EF70A9
:10794000001000000000000100000000000008BB63
:1079500060000000000000000000001FFFE00000C9
:1079600000000000000010002FFFE00002000000F7
:1079700000003EF5002FFFE0008FC100000003FF74
:10798000FE002FFFE002FFFD1000002EFFFF302F52
:10799000FFE006FFFFC00000BFFFFA002FFFE0007E
:1079A000CFFFF80005FFFF90002FFFE0000CFFFF66
:1079B000200CFFFC00002FFFE00001FFFF902FFFD5
:1079C000F300002FFFE000007FFFE06FFFC000002A
:1079D0002FFFE000001FFFF39FFF8000002FFFE05C
:1079E00000000BFFF6BFFF6000002FFFE000000962
:1079F000FFF7BFFF5000002FFFE0000008FFF8BFB7
:107A0000FF6000000ADD7000000AFFF68FFF9000A3
:107A10000000000000000DFFF55FFFE00000000027
:107A20000000002FFFF10FFFF70000000000000032
:107A3000AFFFC009FFFF30000000000005FFFF603E
:107A400002FFFFE200000000005FFFFD00007FFF7B
:107A5000FF6000000018FFFFF400000AFFFFFE8532
:107A60003459EFFFFF60000000AFFFFFFFFFFFFF93
:107A7000FFF70000000007FFFFFFFFFFFFFE4000D1
:107A8000000000002AFFFFFFFFFF81000000000050
:107A90000000169CDCB9500000000000000000004F
:107AA00013553100000000000000000003FFFFFF3D
:107AB00030000000000000000004FFFFFF40000055
:107AC00000000000000004FFFFFF40000000000075
:107AD0000150005DFFFFFFD500061000000DFD5CAA
:107AE000FFFFFFFFFFC5DFD000009FFFFFFFFFFF8D
:107AF000FFFFFFFFF90003FFFFFFFFFFFFFFFFFF97
:107B0000FFFF300AFFFFFFFFFFFFFFFFFFFFFFA0A8
:107B10000FFFFFFFFFF7337FFFFFFFFFF005EFFFD2
:107B2000FFFE200002EFFFFFFE50000BFFFFF500FD
:107B300000005FFFFFB000000AFFFFF00000000F31
:107B4000FFFFA000000BFFFFF00000000FFFFFB0E1
:107B500000000AFFFFF20000002FFFFFA000006FEF
:107B6000FFFFFA000000AFFFFFF6000CFFFFFFFF72
:107B7000900009FFFFFFFFD00DFFFFFFFFFFBBFFDE
:107B8000FFFFFFFFD006FFFFFFFFFFFFFFFFFFFF2D
:107B9000FF6000EFFFFFFFFFFFFFFFFFFFFE0000A2
:107BA0004FFFDFFFFFFFFFFFFDFFF4000007E504CD
:107BB000DFFFFFFFFD405D70000000000007FFFFDA
:107BC000FF70000000000000000004FFFFFF400005
:107BD0000000000000000003FFFFFF300000000075
:107BE00000000000019BDDC9100000000000000043
:107BF0000000000000000000000000000000000085
:107C00000000000000000000000000000000001B59
:107C1000FD30003FFFB00000000000000003EFFF58
:107C2000F6004FFFC0000000000000006FFFFFFFE4
:107C3000804FFFC000000000000009FFFFBFFFFBF6
:107C40005FFFC0000000000001BFFFF503EFFFFF72
:107C5000FFC000000000002DFFFE30201CFFFFFFD2
:107C6000C00000000004FFFFC109FB10AFFFFFC010
:107C7000000000007FFFFA01BFFFD207FFFFD00026
:107C800000000AFFFF702DFFFFFF404FFFFC1000B8
:107C900001CFFFF404EFFFFFFFF702DFFFE3003E39
:107CA000FFFD206FFFFFFFFFFFA01BFFFF50EFFF57
:107CB000C109FFFFFFFFFFFFFC109FFFF26FF901FB
:107CC000CFFFFFFFFFFFFFFFE306FFA007600DFFF1
:107CD000FFFFFFFFFFFFFFFF30390000002FFFFF16
:107CE000FFFFFFFFFFFFFF60000000002FFFFFFF0F
:107CF000FFFFFFFFFFFF60000000002FFFFFFF837B
:107D0000335FFFFFFF60000000002FFFFFFF300028
:107D10000FFFFFFF60000000002FFFFFFF30000F8C
:107D2000FFFFFF60000000002FFFFFFF30000FFF8C
:107D3000FFFF60000000002FFFFFFF30000FFFFF7C
:107D4000FF60000000001FFFFFFF20000EFFFFFF8D
:107D5000500000000009BBBBB9000007BBBBBA1054
:107D600000000000000000ADDDDA000000000000AF
:107D700000000003FFFFFF300000000000000000D3
:107D800004FFFFFF40000000000000000004FFFFB0
:107D9000FF40000000000000000004FFFFFF400063
:107DA0000000000000000004FFFFFF400000000092
:107DB0000000000004FFFFFF400000000000000082
:107DC0000004FFFFFF40000000000000000004FF6F
:107DD000FFFF40000000000000011114FFFFFF4101
:107DE0001110000000008FFFFFFFFFFFFFFFF800F2
:107DF0000000007FFFFFFFFFFFFFFFF70000000014
:107E000009FFFFFFFFFFFFFF9000000000009FFF42
:107E1000FFFFFFFFF900000000000009FFFFFFFF68
:107E2000FF90000000000000009FFFFFFFF900002E
:107E300000000000000009FFFFFF900000000000AC
:107E4000000000009FFFF900000000009FFFFFFFFF
:107E5000E309FF903EFFFFFFF9FFFFFFFFFE2077E2
:107E600002EFFFFFFFFFFFFFFFFFFFE3003EFFFF0B
:107E7000FFFFFFFFFFFFFFFFFFBBFFFFFFFFFFFF56
:107E8000FFFFFFFFFFFFFFFFFFCFFDEFFFFFFFFF44
:107E9000FFFFFFFFFFFC06F02FFFFFFFFFFFFFFFCD
:107EA000FFFFFE4AF57FFFDFFFFFFFFFFFFFFFFF42
:107EB000FFFFFFFD03333333333333333333333394
:107EC00030000000034444444444444400000000A3
:107ED000000001CFFFFFFFFFFFFFFFE300000000F6
:107EE000000BFFFFFFFFFFFFFFFFFE100000000081
:107EF0006FFFFFFFFFFFFFFFFFFFA000000001FF7C
:107F0000FD00000000000009FFF50000000BFFF37A
:107F100000000000000000DFFE1000006FFF700096
:107F20000000000000003FFFA00002FFFC00000076
:107F3000000000000008FFF5000BFFF20000000049
:107F40000000000000DFFE106FFF60000000000076
:107F5000000000003FFFA0EFFFCCCCCC40000000B1
:107F60001BCCCCCEFFF2FFFFFFFFFFC00000008F55
:107F7000FFFFFFFFF3FFFFFFFFFFF4000001FFFF24
:107F8000FFFFFFF4FFFFFFFFFFFD88888BFFFFFF70
:107F9000FFFFF4FFFFFFFFFFFFFFFFFFFFFFFFFFFC
:107FA000FFF4FFFFFFFFFFFFFFFFFFFFFFFFFFFFEC
:107FB000F4FFFFFFFFFFFFFFFFFFFFFFFFFFFFF4E7
:107FC000FFFFFFFFFFFFFFFFFFFFFFFFFFFFF3CFFD
:107FD000FFFFFFFFFFFFFFFFFFFFFFFFFFF12CFF92
:107FE000FFFFFFFFFFFFFFFFFFFFFFFD400000005F
:107FF00000004677520000006EEC00000003AFFF67
:10800000FFFFE810009FFF000001AFFFFFFFFFFF31
:10801000F8008FFF00003EFFFFFFFFFFFFFFD27F52
:10802000FF0003EFFFFE842259FFFFFFAFFF001E9A
:10803000FFFF8000000018FFFFFFFF00BFFFE3000D
:10804000000000003EFFFFFF03FFFF3000000001C3
:108050000002FFFFFF0BFFF6000000005FFFFEFFC6
:10806000FFFF0FFFD0000000006FFFFFFFFFFF4F7B
:10807000FF70000000005FFFFFFFFFFF1787100089
:108080000000001788888888860000000000000033
:1080900000000000000000000000000000000000E0
:1080A00000000000000000000000000000000000D0
:1080B000EFFFFFFFFFF40000000005FFF4FFFFFFEC
:1080C000FFFFF6000000000BFFF1FFFFFFFFFFF5D1
:1080D000000000003FFFD0FFFFFE56778100000048
:1080E00000DFFF60FFFFFF9000000000000BFFFEBD
:1080F00000FFFFFFFC2000000002DFFFF400FFFD97
:10810000FFFFFA3000039FFFFF8000FFF78FFFFFA4
:10811000FFDDFFFFFFF80000FFF804EFFFFFFFFFA8
:10812000FFFE500000FFF80007DFFFFFFFFF910098
:108130000000FFF90000038BDDB95100000000359D
:1081400051000000000000000000000000000000DE
:10815000000740000000000CFF000000000CFFF0D2
:108160000000000CFFFF0000000CFFFFF6BBBBBDD2
:10817000FFFFFFFFFFFFFFFFFFFFFFFFFFFFFFFF0F
:10818000FFFFFFFFFFFFFFFFFFFFFFFFFFFFFFFFFF
:10819000FFFFFFFFFFFFFFFFFFFFFFFFFFFFFFFFEF
:1081A000FFFFFFFFFFFFFFBFFFFFFFFFFFF000002C
:1081B00003EFFFFF00000003EFFFF000000003EFFC
:1081C000FF0000000003EFF00000000003D90000F2
:1081D0000000000000000000000007400000000058
:1081E00000000000CFF0000000000000000CFFF0D5
:1081F00000000000000000CFFFF0000000000000C1
:108200000CFFFFF00000006BBBBBDFFFFFF00000C6
:1082100000FFFFFFFFFFFFF003B500FFFFFFFFFFC1
:10822000FFF009FF60FFFFFFFFFFFFF002DFF1FF3C
:10823000FFFFFFFFFFF0002FF6FFFFFFFFFFFFF044
:10824000000FF7FFFFFFFFFFFFF0006FF4FFFFFFDE
:10825000FFFFFFF006FFD0FFFFFFFFFFFFF008FE6C
:1082600020BFFFFFFFFFFFF00041000000003EFFC6
:10827000FFF000000000000003EFFFF0000000002E
:108280000000003EFFF00000000000000003EFF0DF
:1082900000000000000000003D9000000000000011
:1082A00000000000000000000000000000000000CE
:1082B00000000000000000000000000000000000BE
:1082C0000BD3000000000000000000000000001FB1
:1082D000FF5000000000000000074000000005FF04
:1082E000F600000000000000CFF0000000002EFFAC
:1082F0003000000000000CFFF000006D4002FFE0C5
:108300000000000000CFFFF00000CFF7005FF80092
:108310000000000CFFFFF000003EFF500BFF006B61
:10832000BBBBDFFFFFF0000001DFF203FF60FFFFD8
:10833000FFFFFFFFF003C6003FF900DFB0FFFFFFC4
:10834000FFFFFFF009FF700AFF008FF0FFFFFFFF44
:10835000FFFFF001DFF105FF305FF2FFFFFFFFFFDE
:10836000FFF0001FF602FF503FF3FFFFFFFFFFFF8C
:10837000F0000FF701FF503FF3FFFFFFFFFFFFF09B
:10838000006FF403FF404FF2FFFFFFFFFFFFF00617
:10839000FFD007FF106FF0FFFFFFFFFFFFF008FDAA
:1083A000200DFC00BFD0BFFFFFFFFFFFF00040002B
:1083B0008FF501FF900000003EFFFFF0000007FF77
:1083C000B007FF3000000003EFFFF000009FFE1039
:1083D0001EFC00000000003EFFF00000CFC100BF07
:1083E000F3000000000003EFF00000150009FF900B
:1083F0000000000000003D9000000000AFFC000005
:10840000000000000000000000000CFFC1000000A0
:108410000000000000000000001FFA000000000043
:108420000000000000000000035000000007BBBB7C
:10843000BBBBBBBBBBBBBBBBBB709FFFFFFFFFFF9F
:10844000FFFFFFFFFFFFF9FFFFFFFFFFFFFFFFFF42
:10845000FFFFFFFFFFFF724DFFFFFFFFFFFFFFFF6B
:10846000FFFFF50001EFFFFFFFFFFFFFFFFFFFF042
:1084700000009FFFFFFFFFFFFFFFFFFFE000008FF7
:10848000FFFFFFFACFFFFFFFFFF30000DFFFFFFF5B
:10849000800CFFFFFFFFFE402BFFFFFFF80000CF27
:1084A000FFFFFFFFFFFFFFFFFF8000000CFFFFFF4C
:1084B000FFFFE9FFFFF800000000CFFFFFFFFE20F5
:1084C0007FFF80000000004FFFFFFFE20007F80081
:1084D000000000004FFFFFFE200000300000000001
:1084E000004FFFFFF40000000000000000004FFFFD
:1084F000FFF40000000000000000004FFFFFF74401
:1085000044444444444444447FFFFFFFFFFFFFFFD3
:10851000FFFFFFFFFFFFFFCFFFFFFFFFFFFFFFFF9B
:10852000FFFFFFFC2CFFFFFFFFFFFFFFFFFFFFFF31
:10853000C200000002CB1000000000000009FF7024
:108540000000000000000FFFD00000000000005FEE
:10855000FFF3000000000000CFFFFA000000000061
:1085600004FFFFFF20000000000CFFFFFFB0000031
:1085700000006FFFFFFFF400000001EFFFFFFFFDB1
:108580000000000BFFFFFFFFFF9000007FFFFFFFD9
:10859000FFFFF50002FFFFFFFFFFFFFE100BFFFFD5
:1085A000FFFFFFFFFF903FFFFFFFFFFFFFFFF18F88
:1085B000FFFFFFFFFFFFFFF6CFFFFFFFFFFFFFFF04
:1085C000FAEFFBAFFFFFFFFFFFFCFFF41FFFFFFF12
:1085D000FFFFFDEFF60EFFFFFFFFFFFCBFFB06FFF7
:1085E000FFFFFFFFF86FFF406FFFFFFFFFF40EFF7D
:1085F000F3003AFFFFFFC004FFFF9307FFFFFF30C8
:10860000007FFFFFFFFFFFF5000005FFFFFFFFFEFC
:108610004000000018EFFFFD800000000000013363
:108620001000000000000000000000000AFFD00061
:108630000000005FD2BFFE000000006FFF7BFFE084
:108640000000007FFFF8BFFE0000009FFFFF8BFFD0
:10865000E00000AFFFFFF8BFFE0000BFFFFFFF8B91
:10866000FFE001CFFFFFFFF8BFFE01DFFFFFFFFFCD
:108670008BFFE2DFFFFFFFFFF8BFFFEFFFFFFFFF12
:10868000FF8BFFFFFFFFFFFFFFF8BFFFFFFFFFFFB5
:10869000FFFF8BFFFFFFFFFFFFFFF8BFFFBFFFFFE5
:1086A000FFFFFF8BFFE0AFFFFFFFFFF8BFFE009F64
:1086B000FFFFFFFF8BFFE0007FFFFFFFF8BFFE0023
:1086C000006FFFFFFF8BFFE000005FFFFFF8BFFEC2
:1086D0000000004FFFFF8BFFE00000003EFFF8BFEF
:1086E000FE000000002EFF66BB80000000001A8024
:1086F000000000000000000000000000000000007A
:1087000000000000008B700000000000000000006E
:10871000BFFFD400000000000000000FFFFFFB209F
:1087200000000000000000FFFFFFFF8000000000CD
:1087300000000FFFFFFFFFE5000000000000FFFF4B
:10874000FFFFFFFC20000000000FFFFFFFFFFFFF07
:108750009100000000FFFFFFFFFFFFFFE6000000A9
:108760000FFFFFFFFFFFFFFFFC300000FFFFFFFFD9
:10877000FFFFFFFFFF91000FFFFFFFFFFFFFFFFF66
:10878000FFF600FFFFFFFFFFFFFFFFFFFFFC1FFFE4
:10879000FFFFFFFFFFFFFFFFFFF9FFFFFFFFFFFFEF
:1087A000FFFFFFFFFFBFFFFFFFFFFFFFFFFFFFFF19
:1087B000F5FFFFFFFFFFFFFFFFFFFFE50FFFFFFFDD
:1087C000FFFFFFFFFFFF8000FFFFFFFFFFFFFFFF37
:1087D000FB20000FFFFFFFFFFFFFFFD4000000FFA3
:1087E000FFFFFFFFFFFF700000000FFFFFFFFFFF15
:1087F000FA1000000000FFFFFFFFFFD400000000A0
:10880000000FFFFFFFFF70000000000000FFFFFFF0
:10881000F9100000000000000EFFFFC30000000080
:10882000000000004FFE600000000000000000009B
:108830001300000000000000000000000000000025
:1088400000000000000002CFFFFFFA00002CFFFF35
:10885000FFA0CFFFFFFFF8000CFFFFFFFF8FFFFF20
:10886000FFFFB000FFFFFFFFFBFFFFFFFFFC000F5C
:10887000FFFFFFFFCFFFFFFFFFC000FFFFFFFFFC79
:10888000FFFFFFFFFC000FFFFFFFFFCFFFFFFFFF1A
:10889000C000FFFFFFFFFCFFFFFFFFFC000FFFFF1B
:1088A000FFFFCFFFFFFFFFC000FFFFFFFFFCFFFF49
:1088B000FFFFFC000FFFFFFFFFCFFFFFFFFFC00028
:1088C000FFFFFFFFFCFFFFFFFFFC000FFFFFFFFFAD
:1088D000CFFFFFFFFFC000FFFFFFFFFCFFFFFFFF19
:1088E000FC000FFFFFFFFFCFFFFFFFFFC000FFFFF8
:1088F000FFFFFCFFFFFFFFFC000FFFFFFFFFCFFFAD
:10890000FFFFFFC000FFFFFFFFFCFFFFFFFFFC00BA
:108910000FFFFFFFFFCFFFFFFFFFC000FFFFFFFFC5
:10892000FCFFFFFFFFFC000FFFFFFFFFCFFFFFFF7C
:10893000FFB000FFFFFFFFFB9FFFFFFFF50009FFF8
:10894000FFFFFF507ABBBBA5000007ABBBBA5000CE
:108950000000000000000000000002CFFFFFFFFF4A
:10896000FFFFFFFFFFA0CFFFFFFFFFFFFFFFFFFFA6
:10897000FF8FFFFFFFFFFFFFFFFFFFFFFBFFFFFF7B
:10898000FFFFFFFFFFFFFFFFCFFFFFFFFFFFFFFF27
:10899000FFFFFFFCFFFFFFFFFFFFFFFFFFFFFFCF1A
:1089A000FFFFFFFFFFFFFFFFFFFFFCFFFFFFFFFFDA
:1089B000FFFFFFFFFFFFCFFFFFFFFFFFFFFFFFFFF7
:1089C000FFFCFFFFFFFFFFFFFFFFFFFFFFCFFFFFEA
:1089D000FFFFFFFFFFFFFFFFFCFFFFFFFFFFFFFFAA
:1089E000FFFFFFFFCFFFFFFFFFFFFFFFFFFFFFFCCA
:1089F000FFFFFFFFFFFFFFFFFFFFFFCFFFFFFFFFB7
:108A0000FFFFFFFFFFFFFCFFFFFFFFFFFFFFFFFF79
:108A1000FFFFCFFFFFFFFFFFFFFFFFFFFFFCFFFF99
:108A2000FFFFFFFFFFFFFFFFFFCFFFFFFFFFFFFF86
:108A3000FFFFFFFFFCFFFFFFFFFFFFFFFFFFFFFF49
:108A4000CFFFFFFFFFFFFFFFFFFFFFFB9FFFFFFFCA
:108A5000FFFFFFFFFFFFFF507ABBBBBBBBBBBBBB36
:108A6000BBBA50000000000000000003EE30000020
:108A70000000FFF8AFFF400000001FFF9AFFFF500B
:108A8000000001FFF9AFFFFF7000001FFF9AFFFF1A
:108A9000FF800001FFF9AFFFFFFF90001FFF9AFF6B
:108AA000FFFFFFA001FFF9AFFFFFFFFFB01FFF9A1D
:108AB000FFFFFFFFFFC2FFF9AFFFFFFFFFFFEFFF69
:108AC0009AFFFFFFFFFFFFFFF9AFFFFFFFFFFFFF71
:108AD000FF9AFFFFFFFFFFFFFFF9AFFFFFFFFFFF61
:108AE0009FFF9AFFFFFFFFFF71FFF9AFFFFFFFFF3F
:108AF000601FFF9AFFFFFFFF5001FFF9AFFFFFFF6D
:108B000040001FFF9AFFFFFE300001FFF9AFFFFE9C
:108B10002000001FFF9AFFFD10000001FFF98FFCED
:108B2000100000001FFF91990000000000ABB5008D
:108B30000000000000000000000000000000000035
:108B400000000000000000000002DFB10000000093
:108B5000000000000002EFFFC00000000000000065
:108B60000001EFFFFFB00000000000000001DFFF88
:108B7000FFFFA000000000000000CFFFFFFFFF90FC
:108B8000000000000000BFFFFFFFFFFF70000000BB
:108B90000000AFFFFFFFFFFFFF60000000009FFF2E
:108BA000FFFFFFFFFFFF500000007FFFFFFFFFFF01
:108BB000FFFFFF4000006FFFFFFFFFFFFFFFFFFF12
:108BC00030005FFFFFFFFFFFFFFFFFFFFE200EFFF4
:108BD000FFFFFFFFFFFFFFFFFFFA00FFFFFFFFFFA9
:108BE000FFFFFFFFFFFFA008FFFFFFFFFFFFFFFFEB
:108BF000FFFFF40006999999999999999999840098
:108C0000000000000000000000000000006EFFFFF8
:108C1000FFFFFFFFFFFFFFFD300FFFFFFFFFFFFF25
:108C2000FFFFFFFFFB00FFFFFFFFFFFFFFFFFFFF57
:108C3000FFC00FFFFFFFFFFFFFFFFFFFFFFC00FF75
:108C4000FFFFFFFFFFFFFFFFFFFFB00DFFFFFFFF75
:108C5000FFFFFFFFFFFFF900288888888888888841
:108C60008888870000000000005C500000000006BB
:108C7000FFF5000000006FFFFC00000006FFFFF59D
:108C80000000006FFFFF60000006FFFFF60000001D
:108C90006FFFFF60000005FFFFF60000005FFFFFB1
:108CA00060000005FFFFF60000004FFFFF600000BE
:108CB000008FFFFE100000000CFFFFD1000000003D
:108CC000CFFFFD100000000CFFFFD100000000CF1F
:108CD000FFFD100000000CFFFFD100000000CFFFDF
:108CE000FD100000000CFFFFD100000000CFFFFBD3
:108CF000000000000CFFFA0000000000CFB00000F0
:108D0000000000030002C800000000002EFF9000D9
:108D10000000008FFFF9000000002EFFFF90000010
:108D20000003EFFFF9000000003EFFFF900000008D
:108D300003EFFFF9000000003EFFFF90000000037A
:108D4000EFFFF9000000003EFFFF9000000003EF7E
:108D5000FFF800000000BFFFFC0000000AFFFFE278
:108D6000000000AFFFFE2000000AFFFFE20000004D
:108D7000AFFFFE2000000AFFFFE2000000AFFFFE91
:108D80002000000AFFFFE20000007FFFFE2000003D
:108D9000006FFFE20000000008FE2000000000005D
:108DA0003100000000000000000000121000000070
:108DB0000000000000009FFF6000000000000000B5
:108DC000000FFFFC000000000000000001FFFFD0CA
:108DD00000000000000000001FFFFD000000000078
:108DE00000000001FFFFD000000000000000001F95
:108DF000FFFD000000000000000001FFFFD00000A8
:108E00000000000000001FFFFD00000000002333F1
:108E10003333FFFFD3333333109FFFFFFFFFFFFFD9
:108E2000FFFFFFFF5FFFFFFFFFFFFFFFFFFFFFFBF6
:108E3000FFFFFFFFFFFFFFFFFFFFFFCEFFFFFFFF73
:108E4000FFFFFFFFFFFFFA3ABBBBBBBFFFFFBBBB90
:108E5000BBB91000000001FFFFD0000000000000BF
:108E600000001FFFFD000000000000000001FFFFE8
:108E7000D000000000000000001FFFFD0000000007
:108E80000000000001FFFFD0000000000000000013
:108E90001FFFFD000000000000000001FFFFD000E8
:108EA000000000000000000EFFFA000000000000BB
:108EB00000000039A81000000000000000000000C1
:108EC000000000000007FFFFFFFFFFFFFFFFFFFFA5
:108ED000F4FFFFFFFFFFFFFFFFFFFFFFBFFFFFFFED
:108EE000FFFFFFFFFFFFFFFCEFFFFFFFFFFFFFFFA5
:108EF000FFFFFFA4CDDDDDDDDDDDDDDDDDDDB2008D
:108F0000000000000256775300000000000000003F
:108F1000000049FFFFFFFFFB5000000000000000C1
:108F20003CFFFFFFFFFFFFFE50000000000009FFB5
:108F3000FFFA400038FFFFFB1000000001CFFFFEEA
:108F4000300000001CFFFFE30000001DFFFFE200F7
:108F500003983000CFFFFF300000CFFFFF50000428
:108F6000FFFA002FFFFFE20009FFFFFD000004FFF2
:108F7000FFA009FFFFFD003FFFFFF800000BFFFF10
:108F8000F204FFFFFF70CFFFFFF601C9DFFFFFF71D
:108F900002FFFFFFF1EFFFFFF503FFFFFFFFF70108
:108FA000FFFFFFF28FFFFFF601FFFFFFFFF502FF5C
:108FB000FFFFC00DFFFFFA00AFFFFFFFE006FFFF5E
:108FC000FF3003FFFFFF101DFFFFFF400DFFFFF706
:108FD00000005FFFFFA0019FFFB3007FFFFFA00025
:108FE0000007FFFFF80000100005FFFFFA00000077
:108FF000004EFFFFB20000018FFFFF800000000065
:1090000001BFFFFFC878BFFFFFD4000000000000D1
:1090100003BFFFFFFFFFFFD60000000000000000BD
:10902000027ADFFFDB83000000000009600000001F
:10903000000000000000000000000009FFA0000088
:10904000000000000000000000000000EFFFD20060
:1090500000000000000000000000000002DFFFF53B
:109060000000002577652000000000000000AFFF31
:10907000F9005AEFFFFFFFE9300000000000007F19
:10908000FFFCEFFFFFFFFFFFFFB20000000000004A
:109090003EFFFFFFF830014BFFFFF700000000002C
:1090A000001CFFFFE100000005FFFFFB00000000C7
:1090B000000008FFFFB107971004FFFFFC0000004D
:1090C00000100005FFFFD3AFFF5007FFFFFB0000BC
:1090D000001EA00002DFFFFDFFFF400EFFFFF700B4
:1090E0000009FFD20000AFFFFFFFFC00AFFFFFF25F
:1090F0000002FFFFF500006FFFFFFFF008FFFFFF1A
:10910000A0004FFFFFF800003EFFFFFF107FFFFFB2
:10911000FC0000EFFFFFF100001BFFFFF009FFFF65
:10912000FF600005FFFFFF50000007FFFFB1DFFFFA
:10913000FFC0000009FFFFFC00000004EFFFEFFF8D
:10914000FFE10000000CFFFFF500000001CFFFFF72
:10915000FFF3000000000CFFFFF4000000009FFF81
:10916000FFF400000000000AFFFFF8100000005F9D
:10917000FFFD20000000000005EFFFFFA8780000C1
:109180002DFFFF500000000000007EFFFFFFFD20CC
:10919000000AFFFF80000000000000048BEFFEC803
:1091A000000007FFFFC100000000000000000000F9
:1091B00000000003EFFFE3000000000000000000DB
:1091C0000000000001CFFF50000000000000000080
:1091D0000000000000008FA0000000000000000060
:1091E000000000000000002000000000000000005F
:1091F0009DB2000000000000000000000000009F81
:10920000FFD00000000000000000000000002FFF61
:10921000FF6000000000000000000000000BFFFFE6
:10922000FE100000000000000000000005FFFFFF2E
:10923000F90000000000000000000000DFFFFFFF59
:10924000F2000000000000000000007FFFFFFFFFB1
:10925000B00000000000000000001FFFFFFFFFFF44
:1092600040000000000000000009FFFFFFFFFFFDBD
:10927000000000000000000003FFFF80004FFFF728
:109280000000000000000000CFFFF60003FFFFF128
:10929000000000000000005FFFFF70003FFFFF9034
:1092A0000000000000000EFFFFF80004FFFFFF2099
:1092B000000000000007FFFFFF90005FFFFFFB00C2
:1092C0000000000001FFFFFFFA0006FFFFFFF500AE
:1092D00000000000AFFFFFFFB0007FFFFFFFD000E6
:1092E0000000003FFFFFFFFD0009FFFFFFFF7000D0
:1092F00000000CFFFFFFFFFEEEFFFFFFFFFF10006F
:109300000005FFFFFFFFFF503DFFFFFFFFF90000DB
:1093100000EFFFFFFFFF80004FFFFFFFFFF30000A4
:109320008FFFFFFFFFF50001FFFFFFFFFFC0001FE2
:10933000FFFFFFFFFF90005FFFFFFFFFFF500AFFEF
:10934000FFFFFFFFFF725EFFFFFFFFFFFE00FFFF5B
:10935000FFFFFFFFFFFFFFFFFFFFFFFFF30DFFFF1B
:10936000FFFFFFFFFFFFFFFFFFFFFFFF104FFFFFAC
:10937000FFFFFFFFFFFFFFFFFFFFFF8000133333FF
:1093800033333333333333333333100000000000CF
:1093900000000000000010000000000000000000BD
:1093A000000004FD100000000000000000000007A5
:1093B000FFD10000000000000000000008FFFD10C9
:1093C000DFFFFFC100000003EFFFFFFFD1FFFFFF42
:1093D000FC0000003FFFFFFFFFFCFFFFFFFFC0009E
:1093E00002EFFFFFFFFFFDFFFFFFFFFB002EFFFF70
:1093F000FFFFFFE201111BFFFC01DFFFF818FFFE7A
:1094000020000000CFD11DFFFF8008FFE200000018
:10941000000A10CFFFF90006FE2000000000000C3B
:10942000FFFFA0000041000000000000BFFFFB00A4
:1094300000001000000000000AFFFFC0260004FC2E
:1094400010000000009FFFFC01DF5007FFC100007B
:109450000009FFFFD11DFFF508FFFC10DEEEEFFF56
:10946000FD103FFFFFEFFFFFC1FFFFFFFFE2000422
:10947000FFFFFFFFFFFCFFFFFFFE2000005FFFFF7D
:10948000FFFFFEFFFFFFE300000006FFFFFFFFE31B
:1094900012222210000000001229FFFE30000000FE
:1094A00000000000000008FFE300000000000000D2
:1094B00000000006FE300000000000000000000078
:1094C0000052000000000000002600000000000024
:1094D000000000003FFB0000000000000000003F13
:1094E000FFFB00000000000000003FFFFFFB00004A
:1094F00000000000003FFFFFFFFB00000000000035
:109500003FFFFFFFFFFB00000000003FFFFF91DF78
:10951000FFFB000000003FFFFF9001DFFFFB0000AA
:10952000003FFFFF900001DFFFFB00003FFFFF90C7
:10953000000001DFFFFB003FFFFF9000000001DFA4
:10954000FFFB0BFFFF900000000001DFFFF55FFF56
:1095500080000000000001DFFD106E8000000000B0
:10956000000001CC10016200000000000000044077
:1095700001DFE200000000000007FF70AFFFE20023
:109580000000000007FFFF48FFFFE20000000007A7
:10959000FFFFF20AFFFFE200000007FFFFF4000AEE
:1095A000FFFFE2000007FFFFF400000AFFFFE200F8
:1095B00007FFFFF40000000AFFFFE207FFFFF400CF
:1095C0000000000AFFFFE9FFFFF400000000000AAE
:1095D000FFFFFFFFF40000000000000AFFFFFFF4A0
:1095E000000000000000000AFFFFF400000000007F
:1095F0000000000AFFF40000000000000000000965
:10960000E40000000000000003A4000000000000CF
:10961000000000000000000004FFF4000000000053
:10962000000000000000000004FFFFF4002DFFFF19
:10963000FFFFFFFFD200000004FFFFFFF405FFFF64
:10964000FFFFFFFFFF60000004FFFFFFFFF40AFFC2
:10965000FFFFFFFFFFF6000004FFFFFFFFFFF40422
:10966000444444444EFF600000CFFF6FFF6FFFC0D3
:109670000000000000DFF6000006FF42FFF24FF698
:1096800000000000000DFF60000003202FFF2023DA
:10969000000000000000DFF60000000002FFF20002
:1096A0000000000000000DFF60000000002FFF2000
:1096B00000000000000000DFF60000000002FFF2E2
:1096C000000000000000000DFF60000000002FFF00
:1096D000200000000000BE40DFF60AF5000002FF97
:1096E000F200000000007FFF3DFF69FFF100002F46
:1096F000FF200000000004FFFEEFFDFFFD00000260
:10970000FFFFFFFFFFFFF905FFFFFFFFFD10000058
:109710002FFFFFFFFFFFFFF705FFFFFFFD1000001A
:1097200000FFFFFFFFFFFFFF8005FFFFFC100000B1
:109730000001444444444444400005FFFC10000040
:10974000000000000000000000000005FC10000008
:109750000000000000000000000000000000000009
:1097600000047888888860000000000000007FFF07
:10977000FFFFFFF800000000000000EFFFFFFFFF09
:10978000FF80000000000000FFFFFFFFFFFFF94423
:109790004444444300FFFFFFFFFFFFFFFFFFFFFFC5
:1097A000FFF4FFFFFFFFFFFFFFFFFFFFFFFFFDFFD6
:1097B000FFFFFFFFFFFFFFFFFFFFFFFFFFFFFFFFB9
:1097C000FFFFFFFFFFFFFFFFFFFFFFFFFFFFFFFFA9
:1097D000FFFFFFFFFFFFFFFFFFFFFFFFFFFFFFFF99
:1097E000FFFFFFFFFFFFFFFFFFFFFFFFFFFFFFFF89
:1097F000FFFFFFFFFFFFFFFFFFFFFFFFFFFFFFFF79
:10980000FFFFFFFFFFFFFFFFFFFFFFFFFFFFFFFF68
:10981000FFFFFFFFFFFFFFFFFFFFFFFFFFFFFFFF58
:10982000FFFFFFFFFFFFFFFFFFFFFFFFFFFFFFFF48
:10983000FFFFFFFFFFFFFFFFFFFFFFFFFFFFFFFF38
:10984000FFFFFFFFFFFFFFFFFFFFFFCFFFFFFFFF58
:10985000FFFFFFFFFFFFFFFC2CFFFFFFFFFFFFFFEE
:10986000FFFFFFFFC20000000000008B100000009F
:109870000000000000000008FFD100000000000010
:10988000000000008FFFFD1000000000000000003D
:1098900008FFFFFFD100000000000000008FFFFF65
:1098A000FFFD1000000000000008FFFFFFFFFFD1D8
:1098B0000000000000008FFFFFFFFFFFFD10000011
:1098C000000008FFFFFFFFFFFFFFD1000000006F57
:1098D000FFFFFFFFFFFFFFFB000000004EEEEEFF6B
:1098E000FFFFFEEEE800000000000001FFFFFF6048
:1098F000000000000000000001FFFFFF600000000A
:10990000000000000001FFFFFF60000000000000F9
:10991000000001FFFFFF60000000000000000001E8
:10992000FFFFFF60000000000000000001FFFFFFDC
:1099300060000000000000000001FFFFFF60000069
:1099400000000000000001FFFFFF60000000009F1A
:10995000FFFFFF20FFFFFF62FFFFFFF9FFFFFFFF99
:10996000507BBBB915FFFFFFFFFFFFFFFFE20000C9
:10997000002EFFFFFFFFFFFFFFFFFFBAAAABFFFFB5
:10998000FFFFFFFFFFFFFFFFFFFFFFFFCFFDEFFF29
:10999000FFFFFFFFFFFFFFFFFC06F02FFFFFFFFFB2
:1099A000FFFFFFFFFFFE4AF57FFFDFFFFFFFFFFF27
:1099B000FFFFFFFFFFFFFD03333333333333333315
:1099C0003333333000000000000000000004B841D1
:1099D0000000000000000000000000DFFFFD930019
:1099E00000000000000000004FFFFFFFE00000004B
:1099F00000000000000BFFFFFFFF00000000000060
:109A0000000002FFFFFFFFE0000000000000000078
:109A10008FFFFFFFFD00000000000000000FFFFFB0
:109A2000FFFFB00000000000000001FFFFFFFFF893
:109A3000000000000000000004EFFFFFFF400000F6
:109A400000000000000002DFFFFFF0000000000047
:109A50000000000001DFFFFB00000000000000002C
:109A600000002FFFFF500000000000000000000B6E
:109A7000FFFFE000000000000000000005FFFFF60F
:109A800000000000000000000003FFFFFD000000D8
:109A900000000000000001EFFFFF30000000006C3C
:109AA000B0000002EFFFFF8000000028EFFFA000E1
:109AB00004FFFFFFB0000003BFFFFFFF701AFFFFAE
:109AC000FFC0000000FFFFFFFFFF9FFFFFFFD1006F
:109AD00000000DFFFFFFFFFFFFFFFFC100000000C0
:109AE0009FFFFFFFFFFFFFFF900000000006FFFF4A
:109AF000FFFFFFFFFE5000000000002FFFFFFFFFF1
:109B0000FFF800000000000000EFFFFFFFFD710004
:109B100000000000000009FFFFEB730000000000E0
:109B20000000000003320000000000000000000000
:109B300000000010000000000000000000007EFF98
:109B4000D500000000002420000BFFFFFF70000084
:109B5000001BFFFD206FFFFFFFF2000001DFFFFF92
:109B6000A0CFFD35FFF800001DFFFFFD10FFF50041
:109B70009FFB0001CFFFFFD100FFF600AFFB000C01
:109B8000FFFFFD1000BFFF89FFF800CFFFFFD100EE
:109B9000004FFFFFFFFF4CFFFFFD10000006FFFF1F
:109BA000FFFFFFFFFFD1000000003ACEFFFFFFFFE5
:109BB000FD10000000000000AFFFFFFFD10000001B
:109BC000000000001FFFFFFF600000000000001207
:109BD000DFFFFFFFF400000000007EFFFFFFFFFF3C
:109BE000FF400000000BFFFFFFFFEFFFFFF400004E
:109BF000006FFFFFFFFC18FFFFFF400000CFFD35A7
:109C0000FFF8008FFFFFF40000FFF5009FFB000945
:109C1000FFFFFF4000FFF600AFFB00009FFFFFF3D8
:109C200000BFFF89FFF7000009FFFFFF304FFFFF74
:109C3000FFE1000000AFFFFF9006FFFFFE300000D5
:109C40000007EFE800003ACC8100000000000000AF
:109C5000000000004CDDDDDDDD11B2000000000A77
:109C6000FFFFFFFFF11FE200000000AFFFFFFFFF5B
:109C700011FFE20000000AFFFFFFFFF11FFFE200FB
:109C80000000AFFFFFFFFF11FFFFB9FFFD0AFFFF5D
:109C9000FFFFF1000000FFFFE0AFFFFFFFFF7000DC
:109CA000000FFFFE0AFFFFFFFFFFFFFFFCFFFFE0CB
:109CB000AFFFFFFFFFFFFFFFCFFFFE0AFFFFFFFF2A
:109CC000FFFFFFFCFFFFE0AFFFFFFFFFFFFFFFCF46
:109CD000FFFE0AFFFFFFFFFFFFFFFCFFFFE0AFFFFC
:109CE000FFFFFFFFFFFFCFFFFE0AFFFFFFFFFFFFAA
:109CF000FFFCFFFFE0AFFFFFFFFFFFFFFFCFFFFE17
:109D00000AFFFFFFFFFFFFFFFCFFFFE0AFFFFFFFCA
:109D1000FFFFFFFFCFFFFE0AFFFFFFFFFFFFFFFC7C
:109D2000FFFFE0AFFFFFFFFFFFFFFFCFFFFE0AFFD8
:109D3000FFFFFFFFFFFFFCFFFFF09FFFFFFFFFFFA5
:109D4000FFFFBFFFFF418999999999999982FFFF78
:109D5000FE50000000000000000FFFFFFFFFFFFFAC
:109D6000FFF1000000FFFFFFFFFFFFFFFF100000FB
:109D70000DFFFFFFFFFFFFFFE0000000134444441E
:109D800044444431000000000012222222222221F9
:109D900000000003EFFFFFFFFFFFFFFF700000CF99
:109DA000FFFFFFFFFFFFFFFF80000FFFFFFFFFFF31
:109DB000FFFFFFFF8000FFF6222222222224FFFF66
:109DC000800FFF4000000000000EFFFF70FFF40056
:109DD0000000000000EFFFFF4FFF40000000000008
:109DE0000EFFFFF8FFF4000000000000EFFFFF9FF0
:109DF000FF4000000000000EFFFFF9FFF94444445B
:109E0000444445FFFFFF9FFFFFFFFFFFFFFFFFFFF2
:109E1000FFF9FFFFFFFFFFFFFFFFFFFFFF9FFFFFB8
:109E2000FFFFFFFFFFFFFFFFF9FFFFFFFFF9104DEF
:109E3000FFFFFFFF9FFFFFFFFA00002FFFFFFFF96B
:109E4000FFFFFFFF400000BFFFFFFF9FFFFFFFF28C
:109E5000000009FFFFFFF9FFFFFFFF600000CFFFD9
:109E6000FFFF9FFFFFFFFE10006FFFFFFFF9FFFFE7
:109E7000FFFFFE87BFFFFFFFFF9FFFFFFFFFFFFF0B
:109E8000FFFFFFFFF8AFFFFFFFFFFFFFFFFFFFFF39
:109E9000419DDDDDDDDDDDDDDDDDDC608BBBBBBB04
:109EA000BBBBBBBBBBBBBB5FFFFFFFFFFFFFFFFF3E
:109EB000FFFFFBFFFFFFFFFFFFFFFFFFFFFFCCFFE9
:109EC000FFFFFFFFFFFFFFFFFFF8000000000000A3
:109ED0000000000000000000000000000000000082
:109EE0000000000000000000000000000000000072
:109EF00000000000000000006999999999999999CA
:109F00009999994FFFFFFFFFFFFFFFFFFFFFFBFF47
:109F1000FFFFFFFFFFFFFFFFFFFFCDFFFFFFFFFF83
:109F2000FFFFFFFFFFF9000000000000000000003D
:109F30000000000000000000000000000000000021
:109F40000000000000000000000000000000000011
:109F50000000000069999999999999999999994F4F
:109F6000FFFFFFFFFFFFFFFFFFFFFBFFFFFFFFFF05
:109F7000FFFFFFFFFFFFCDFFFFFFFFFFFFFFFFFF23
:109F8000FFF9000000000000000000000000014494
:109F900044444444444444444444104FFFFFFFFFBE
:109FA000FFFFFFFFFFFFFFF4DFFFFFFFFFFFFFFFEC
:109FB000FFFFFFFFFDFFFFFFFFFFFFFFFFFFFFFFB3
:109FC000FFFFEFFFFFFFFFFFFFFFFFFFFFFFFE2D84
:109FD000FFFFFFFFFFFFFFFFFFFFFFD200AFFFFF0D
:109FE000FFFFFFFFFFFFFFFA00B205FFFFFFFFFFCC
:109FF000FFFFFFFF604EFF602DFFFFFFFFFFFFFF32
:10A00000D208FFFFFA109FFFFFFFFFFFF902CFFF0B
:10A01000FFFFE405EFFFFFFFFE505FFFFFFFFFFFC5
:10A02000801CFFFFFFC10AFFFFFFFFFFFFFC208F27
:10A03000FFF803DFFFFFFFFFFFFFFFF50299206F2F
:10A04000FFFFFFFFFFFFFFFFFFB3003BFFFFFFFF2F
:10A05000FFFFFFFFFFFFFFFFFFFFFFFFFFFFFFFF10
:10A06000FFFFFFFFFFFFFFFFFFFFFFFFFFFFFFFF00
:10A07000FFFFFFFFFFFFFFFFCFFFFFFFFFFFFFFF20
:10A08000FFFFFFFFFC2CFFFFFFFFFFFFFFFFFFFFB6
:10A09000FFC20009AAAAAAA9000000005FFFFFFFF3
:10A0A000FF500000008FFFFFFFFF10000000AFFF18
:10A0B000FFFFFC00000000CFFFFFFFF700000000E3
:10A0C000EFFFFFFFF200000000FFFFFFFFD00000E6
:10A0D0000003FFFFFFFF7000000005FFFFFFFFA868
:10A0E00088886007FFFFFFFFFFFFFFF309FFFFFF07
:10A0F000FFFFFFFFE00BFFFFFFFFFFFFFF600DFF14
:10A10000FFFFFFFFFFFC000FFFFFFFFFFFFFF3005C
:10A1100009FFFFFFFFFFFFA00000000000DFFFFFBF
:10A12000100000000001FFFFF7000000000005FF25
:10A13000FFE0000000000009FFFF500000000000E9
:10A140000DFFFC0000000000001FFFF200000000F7
:10A1500000004FFF900000000000008FFE10000084
:10A1600000000000CFF700000000000000FFD0005A
:10A17000000000000000FF4000000000000000237D
:10A1800000000000000000006CC80000000000009B
:10A190000033338FFFFB333310000000DFFFFFF786
:10A1A0005FFFFFFF1000000FFFFFFF00BFFFFFF387
:10A1B000000000FFFFFFF53FFFFFFF3000000FFF33
:10A1C000FFFFFFFFFFFFF3000000FFFFFFFFFFFFA8
:10A1D000FFFF3000000FFFFFFFA2000000000000A3
:10A1E00000FFFFFFD07DDDDDDD21B2000FFFFFF8B6
:10A1F0000EFFFFFFF31FE200FFFFFF80EFFFFFFFF7
:10A2000031FFE20FFFFFF80EFFFFFFF31FFFE2FF3A
:10A21000FFFF80EFFFFFFF31FFFFBFFFFFF80EFFE3
:10A22000FFFFF3000000FFFFFF80EFFFFFFFA22210
:10A23000221FFFFFF80EFFFFFFFFFFFFFCFFFFFFE6
:10A2400080EFFFFFFFFFFFFFCFFFFFF80EFFFFFFD5
:10A25000FFFFFFFCFFFFFF80EFFFFFFFFFFFFFCFD0
:10A26000FFFFF80EFFFFFFFFFFFFFCEFFFFF80EF98
:10A27000FFFFFFFFFFFFC25666630EFFFFFFFFFFFA
:10A28000FFFC00000000EFFFFFFFFFFFFFC000002A
:10A29000000EFFFFFFFFFFFFFC00000000EFFFFFCD
:10A2A000FFFFFFFFC00000000CFFFFFFFFFFFFFAF2
:10A2B0000000000003444444444443000000000004
:10A2C000009E600000000000000000003FFF000052
:10A2D0000000000000000005FFF100000000000089
:10A2E00000007EFFFFFC40000000000001CFFFFFE8
:10A2F000FFFF900000000000DFFFFFFFFFFFA00056
:10A300000000009FFFFFFFFFFFFF500000002FFF36
:10A31000FFFFFFFFFFFD00000007FFFFFFFFFFFF44
:10A32000FFF3000000AFFFFFFFFFFFFFFF50000043
:10A330000BFFFFFFFFFFFFFFF7000000CFFFFFFF56
:10A34000FFFFFFFF8000000DFFFFFFFFFFFFFFF992
:10A35000000000FFFFFFFFFFFFFFFFC000004FFFF7
:10A36000FFFFFFFFFFFFFF000009FFFFFFFFFFFFF1
:10A37000FFFFF50001EFFFFFFFFFFFFFFFFFB00052
:10A38000BFFFFFFFFFFFFFFFFFFF709FFFFFFFFF0C
:10A39000FFFFFFFFFFFF5FFFFFFFFFFFFFFFFFFF6D
:10A3A000FFFB9FFFFFFFFFFFFFFFFFFFFF6012228A
:10A3B000222222222222222210000000000000007D
:10A3C00000000000000000000CFFFFF8000000008B
:10A3D000000000007FFFFF300000000000000000D0
:10A3E0009FFF60000000000000000000130000005C
:10A3F000000000014444444444444444444444442C
:10A4000042005FFFFFFFFFFFFFFFFFFFFFFFFFFFB8
:10A4100080EFFFFFFFFFFFFFFFFFFFFFFFFFFFF1E9
:10A42000FFFFFFFFFFFFFFFFFFFFFFFFFFFFF3FF48
:10A43000F4009F200BF100CF000FC001FFF4FFF4E8
:10A44000008F100AF000BE000EB000FFF4FFF50010
:10A45000AF200BF100CF000FC001FFF4FFFFFFFFA3
:10A46000FFFFFFFFFFFFFFFFFFFFF4FFFFFFAABF9C
:10A47000EAACFEAADFDAADFFFFF4FFFFFB001F80AE
:10A4800002F7004F4007FFFFF4FFFFFB001F8002B1
:10A49000F7004F4007FFFFF4FFFFFC003FA004F967
:10A4A000006F6008FFFFF4FFFFFFFFFFFFFFFFFFEC
:10A4B000FFFFFFFFFFF4FFFC99EFB9999999999974
:10A4C000AFF99AFFF4FFF4008F1000000000000EB7
:10A4D000B000FFF4FFF4008F1000000000000EB089
:10A4E00000FFF4FFF844BF6444444444444FD4455F
:10A4F000FFF4FFFFFFFFFFFFFFFFFFFFFFFFFFFF77
:10A50000F3CFFFFFFFFFFFFFFFFFFFFFFFFFFFF1A5
:10A510002CFFFFFFFFFFFFFFFFFFFFFFFFFD4000DE
:10A52000000000000000000000000000000000002B
:10A53000000000000000000017B70000000000004D
:10A54000000000000029FFFF800000000000000064
:10A5500000003AFFFFFFF000000000000000004B89
:10A56000FFFFFFFFD0000000000000005DFFFFFFC5
:10A57000FFFF600000000000007EFFFFFFFFFFFE06
:10A580000000000000018FFFFFFFFFFFFFF700004A
:10A590000000029FFFFFFFFFFFFFFFF1000000032D
:10A5A000BFFFFFFFFFFFFFFFFF90000005CFFFFF92
:10A5B000FFFFFFFFFFFFFF200002DFFFFFFFFFFFA6
:10A5C000FFFFFFFFFA00000CFFFFFFFFFFFFFFFF91
:10A5D000FFFFF300000FFFFFFFFFFFFFFFFFFFFF85
:10A5E000B000000BFFFFFFFFFFFFFFFFFFFF40007A
:10A5F0000001ADEEEEEEEEFFFFFFFFFD00000000FC
:10A600000000000000AFFFFFFFF5000000000000A9
:10A61000000000AFFFFFFFE00000000000000000AE
:10A6200000AFFFFFFF60000000000000000000AF6F
:10A63000FFFFFE00000000000000000000AFFFFF71
:10A64000F800000000000000000000AFFFFFF10074
:10A65000000000000000000000AFFFFF90000000BD
:10A6600000000000000000AFFFFF2000000000001D
:10A6700000000000009FFFFA000000000000000042
:10A680000000007FFFF30000000000000000000059
:10A69000001CFF800000000000000000000000001F
:10A6A0003100000000000048888888888307000087
:10A6B00000FFFFFFFFFFF60FC10000FFFFFFFFFFDE
:10A6C000F60FFC1000FFFFFFFFFFF60FFFC100FFBA
:10A6D000FFFFFFFFF60FFFFC10FFFFFFFFFFF60F6E
:10A6E000FFFFC0FFFFFFFFFFF60FFFFFF6FFFFFFBB
:10A6F000FFFFF900000000FFFFFFFFFFFFDDDDDDD2
:10A70000D6FFFFFFFFFFFFFFFFFFF8FFFFFFFFFF89
:10A71000FFFFFFFFF8FFFFFFFFFFFFFFFFFFF8FF57
:10A72000FFFFFFFFFFFFFFFFF8FFFFFFFFFFFFFF40
:10A73000FFFFF8FFFFFFFFFFFFFFFFFFF8FFFFFF37
:10A74000FFFFFFFFFFFFF8FFFFFFFFFFFFFFFFFF20
:10A75000F8FFFFFFFFFFFFFFFFFFF8FFFFFFFFFF17
:10A76000FFFFFFFFF8FFFFFFFFFFFFFFFFFFF8FF07
:10A77000FFFFFFFFFFFFFFFFF8FFFFFFFFFFFFFFF0
:10A78000FFFFF8FFFFFFFFFFFFFFFFFFF8FFFFFFE7
:10A79000FFFFFFFFFFFFF8FFFFFFFFFFFFFFFFFFD0
:10A7A000F7BFFFFFFFFFFFFFFFFFF3000000000008
:10A7B0000000000000000000000000000121000077
:10A7C0000000000000000000000026ADFFFFFFEBCE
:10A7D00084000000000000000017DFFFFFFFFFFF04
:10A7E000FFFFA30000000000018FFFFFFFFFFFFF3E
:10A7F000FFFFFFFC4000000005EFFFFFFFFFFFFF32
:10A80000FFFFFFFFFFA100001BFFFFFFFC842000F4
:10A810000136AEFFFFFFF5002DFFFFFE81000000B7
:10A8200000000004BFFFFFF70DFFFFF8000000006D
:10A8300000000000003CFFFFF58FFFD20000000089
:10A8400000000000000008FFFE108FA0000000388C
:10A85000CDEFECA610000004FE200030000007EF52
:10A86000FFFFFFFFFFA300000110000000004EFFEC
:10A87000FFFFFFFFFFFFFA000000000000008FFF56
:10A88000FFFFFFFFFFFFFFFD3000000000003FFF64
:10A89000FFFB6321248DFFFFFB000000000000AFE1
:10A8A000FF910000000005DFFE3000000000000006
:10A8B0009E40000000000000AE30000000000000DC
:10A8C0000000000000000000000000000000000088
:10A8D0000000000005BD9100000000000000000025
:10A8E0000000000005FFFFD0000000000000000095
:10A8F0000000000000DFFFFF50000000000000002B
:10A9000000000000000FFFFFF70000000000000043
:10A91000000000000000CFFFFF400000000000002A
:10A9200000000000000003FFFFA000000000000086
:10A93000000000000000000179500000000000004D
:10A94000001BEFFFFFFFFFFFFFFFFFFFFFFFFFE920
:10A95000000BFFFFFFFFFFFFFFFFFFFFFFFFFFFFFA
:10A96000F700FFFFFFFFFFFFFFFFFFFFFFFFFFFFFE
:10A97000FFA00FFF744444444444444444444444CA
:10A98000AFFE90FFF4000000000000000000000097
:10A9900008FFFF4FFF42FFFFFFFFFFFFFFFFFFFF2B
:10A9A000F08FFFF5FFF42FFFFFFFFFFFFFFFFFFF1B
:10A9B000FF048FFF5FFF42FFFFFFFFFFFFFFFFFF6F
:10A9C000FFF000EFF5FFF42FFFFFFFFFFFFFFFFF9A
:10A9D000FFFF000EFF5FFF42FFFFFFFFFFFFFFFFD4
:10A9E000FFFFF013FFF5FFF42FFFFFFFFFFFFFFF57
:10A9F000FFFFFF08FFFF5FFF4188888888888888FD
:10AA0000888888808FFFF5FFF400000000000000B8
:10AA10000000000008FFFE1FFFFFFFFFFFFFFFFF1A
:10AA2000FFFFFFFFFFFFFB00DFFFFFFFFFFFFFFF59
:10AA3000FFFFFFFFFFFFFF9005FFFFFFFFFFFFFF8F
:10AA4000FFFFFFFFFFFFFFE1000144444444444493
:10AA5000444444444444443000001BEFFFFFFFFFE4
:10AA6000FFFFFFFFFFFFFFFFE9000BFFFFFFFFFFFF
:10AA7000FFFFFFFFFFFFFFFFFFF700FFFFFFFFFFED
:10AA8000FFFFFFFFFFFFFFFFFFFFA00FFF74444426
:10AA9000444444444444444444AFFE90FFF4000022
:10AAA00000000000000000000008FFFF4FFF42FF11
:10AAB000FFFFFFFFFFFFFF2000008FFFF5FFF42FD8
:10AAC000FFFFFFFFFFFFFFF20000048FFF5FFF4269
:10AAD000FFFFFFFFFFFFFFFF20000000EFF5FFF487
:10AAE0002FFFFFFFFFFFFFFFF20000000EFF5FFFE1
:10AAF00042FFFFFFFFFFFFFFFF20000013FFF5FFF6
:10AB0000F42FFFFFFFFFFFFFFFF2000008FFFF5FD2
:10AB1000FF4188888888888888881000008FFFF522
:10AB2000FFF4000000000000000000000008FFFE2D
:10AB30001FFFFFFFFFFFFFFFFFFFFFFFFFFFFFFB09
:10AB400000DFFFFFFFFFFFFFFFFFFFFFFFFFFFFF34
:10AB50009005FFFFFFFFFFFFFFFFFFFFFFFFFFFF6E
:10AB6000E10001444444444444444444444444448F
:10AB70003000001BEFFFFFFFFFFFFFFFFFFFFFFFA6
:10AB8000FFE9000BFFFFFFFFFFFFFFFFFFFFFFFFDE
:10AB9000FFFFF700FFFFFFFFFFFFFFFFFFFFFFFFCC
:10ABA000FFFFFFA00FFF7444444444444444444422
:10ABB0004444AFFE90FFF4000000000000000000DD
:10ABC000000008FFFF4FFF42FFFFFFFFFFF4000000
:10ABD0000000008FFFF5FFF42FFFFFFFFFFF400095
:10ABE000000000048FFF5FFF42FFFFFFFFFFF40044
:10ABF0000000000000EFF5FFF42FFFFFFFFFFF4014
:10AC000000000000000EFF5FFF42FFFFFFFFFFF4A8
:10AC1000000000000013FFF5FFF42FFFFFFFFFFF10
:10AC2000400000000008FFFF5FFF41888888888897
:10AC30008200000000008FFFF5FFF400000000001C
:10AC400000000000000008FFFE1FFFFFFFFFFFFFE6
:10AC5000FFFFFFFFFFFFFFFFFB00DFFFFFFFFFFF27
:10AC6000FFFFFFFFFFFFFFFFFF9005FFFFFFFFFF5D
:10AC7000FFFFFFFFFFFFFFFFFFE1000144444444EB
:10AC80004444444444444444443000001BEFFFFF28
:10AC9000FFFFFFFFFFFFFFFFFFFFE9000BFFFFFFCD
:10ACA000FFFFFFFFFFFFFFFFFFFFFFF700FFFFFFBB
:10ACB000FFFFFFFFFFFFFFFFFFFFFFFFA00FFF747E
:10ACC0004444444444444444444444AFFE90FFF468
:10ACD000000000000000000000000008FFFF4FFF20
:10ACE00041FFFFFF60000000000000008FFFF5FF44
:10ACF000F41FFFFFF600000000000000048FFF5F5C
:10AD0000FF41FFFFFF600000000000000000EFF5C2
:10AD1000FFF41FFFFFF600000000000000000EFF20
:10AD20005FFF41FFFFFF600000000000000013FF15
:10AD3000F5FFF41FFFFFF60000000000000008FF11
:10AD4000FF5FFF4088888830000000000000008F0F
:10AD5000FFF5FFF400000000000000000000000804
:10AD6000FFFE1FFFFFFFFFFFFFFFFFFFFFFFFFFFD4
:10AD7000FFFB00DFFFFFFFFFFFFFFFFFFFFFFFFF06
:10AD8000FFFF9005FFFFFFFFFFFFFFFFFFFFFFFF3C
:10AD9000FFFFE100014444444444444444444444E7
:10ADA00044443000001BEFFFFFFFFFFFFFFFFFFFEA
:10ADB000FFFFFFE9000BFFFFFFFFFFFFFFFFFFFFAC
:10ADC000FFFFFFFFF700FFFFFFFFFFFFFFFFFFFF9A
:10ADD000FFFFFFFFFFA00FFF74444444444444447A
:10ADE00044444444AFFE90FFF40000000000000023
:10ADF0000000000008FFFF4FFF40000000000000BF
:10AE000000000000008FFFF5FFF4000000000000CC
:10AE10000000000000048FFF5FFF40000000000002
:10AE200000000000000000EFF5FFF400000000004B
:10AE3000000000000000000EFF5FFF400000000067
:10AE40000000000000000013FFF5FFF40000000008
:10AE50000000000000000008FFFF5FFF400000004E
:10AE600000000000000000008FFFF5FFF40000006C
:10AE7000000000000000000008FFFE1FFFFFFFFFB2
:10AE8000FFFFFFFFFFFFFFFFFFFFFB00DFFFFFFFF5
:10AE9000FFFFFFFFFFFFFFFFFFFFFF9005FFFFFF2B
:10AEA000FFFFFFFFFFFFFFFFFFFFFFE10001444443
:10AEB0004444444444444444444444300000000076
:10AEC00000000000000001771000000000000000FA
:10AED00000000000000002EFFE2000000000000063
:10AEE000000000000005BCDFFFF9000000000000CA
:10AEF000000000000008FFFFFFFFA00000000000AE
:10AF0000000000000002FE315FFFF40000000000BE
:10AF1000000000000000BF50005CC5000000000001
:10AF20000000465000003FC000000000000000008C
:10AF30000000BFFFD2000AF400000000000000C8BB
:10AF400000009FFFFFC004FC000000000000000E96
:10AF5000FE500EFFFFFFCCFFECCCCCCCCCCCCCCC4D
:10AF6000FFFFB2FFFFFFFFFFFFFFFFFFFFFFFFFF3E
:10AF7000FFFFFF5BFFFFFE000002DF40000000005C
:10AF800000EFFA102EFFFF40000003FB000000005E
:10AF9000000DD3000018B9200000000BF3000000E2
:10AFA0000000200000000000000000005FA000334F
:10AFB00033300000000000000000000000DF301F00
:10AFC000FFFF500000000000000000000004FE77BA
:10AFD000FFFFF5000000000000000000000007FF78
:10AFE000FFFFFF5000000000000000000000000212
:10AFF00056FFFFF500000000000000000000000008
:10B00000001FFFFF500000000000000000000000D3
:10B0100000002333300000000000000026ACDCB844
:10B020004000000000019FFFFFFFFFD3000000026F
:10B03000DFFFFE9FFFFFF5000001DFFFFFE0AFFF36
:10B04000FFF300008FFFFFFE00BFFFFFC0000FFFF8
:10B05000FFFFE000CFFFFF3005FFFFFFFE0001DF35
:10B06000FFF800AFFFD9FFE03A01DFFFC00DFFF1AD
:10B0700008FE02FA02EFFF00FFFFB008E02F505F6A
:10B08000FFF11FFFFFA00702504FFFFF22FFFFFF4E
:10B09000A000002FFFFFF33FFFFFFFA0001EFFFFF8
:10B0A000FF43FFFFFFFF4007FFFFFFF43FFFFFFFEE
:10B0B000500009FFFFFF32FFFFFF5000000AFFFFB3
:10B0C000F30FFFFF501C02A00BFFFF20EFFF501DEE
:10B0D000F02FA00DFFF00CFFF41DFF02F504FFFEA2
:10B0E000008FFFFDFFF02503FFFFA003FFFFFFFF21
:10B0F0000003FFFFF6000CFFFFFFF003FFFFFF0060
:10B10000003FFFFFFF03FFFFFF7000006FFFFFF333
:10B11000FFFFFFC00000004EFFFFFFFFFFC1000068
:10B12000000006BFFFFFEA40000000000000001121
:10B13000000000000000000004BCCCCCA100000016
:10B1400000222222EFFFFFFFA2222210EFFFFFFFCB
:10B15000FFFFFFFFFFFFFFAFFFFFFFFFFFFFFFFF4F
:10B16000FFFFFCEFFFFFFFFFFFFFFFFFFFFFA0223E
:10B170002222222222222222221001444444444438
:10B180004444444440006FFFFFFFFFFFFFFFFFFF09
:10B190002006FFFFFFFFFFFFFFFFFFF2006FFFFF33
:10B1A000FFFFFFFFFFFFFF2006FFFD1DFFB1EFF9CF
:10B1B0002FFFF2006FFFB0BFF90DFF70FFFF2006F9
:10B1C000FFFB0BFF90DFF70FFFF2006FFFB0BFF93F
:10B1D0000DFF70FFFF2006FFFB0BFF90DFF70FFF57
:10B1E000F2006FFFB0BFF90DFF70FFFF2006FFFBFD
:10B1F0000BFF90DFF70FFFF2006FFFB0BFF90DFFFD
:10B2000070FFFF2006FFFB0BFF90DFF70FFFF20040
:10B210006FFFB0BFF90DFF70FFFF2006FFFB0BFFB4
:10B2200090DFF70FFFF2006FFFB0BFF90DFF70FF67
:10B23000FF2006FFFD1DFFB1EFF92FFFF2005FFFBA
:10B24000FFFFFFFFFFFFFFFF1003FFFFFFFFFFFFF9
:10B25000FFFFFFF00009FFFFFFFFFFFFFFFFF6000A
:10B2600000023444444444444431000000000000DF
:10B270000000000000007B700000000000000000E3
:10B28000000000BFFFC00000000000000000000040
:10B29000BFFFFFC0000000000000000000BFFFFF74
:10B2A000FFC0000000000000000007FFFFFFFF904C
:10B2B00000000000000000B507FFFFFFFF000000D6
:10B2C00000000000BFF507FFFFFFD00000000000F6
:10B2D00000BFFFF507FFFFF3000000000000BFFF05
:10B2E000FFF507FFF4000000000000BFFFFFFFF5BF
:10B2F00007F4000000000000BFFFFFFFFFF50200A1
:10B300000000000000BFFFFFFFFFFFF10000000092
:10B310000000BFFFFFFFFFFFF4000000000000BFC0
:10B32000FFFFFFFFFFF4000000000000BFFFFFFF72
:10B33000FFFFF4000000000000BFFFFFFFFFFFF46D
:10B34000000000000000BFFFFFFFFFFFF40000004F
:10B35000000000BFFFFFFFFFFFF40000000000003F
:10B36000BFFFFFFFFFFFF40000000000006FFFFFC2
:10B37000FFFFFFF400000000000008FFFFFFFFFFD9
:10B38000F4000000000000009FFFFFFFFFF400003A
:10B3900000000000000BFFFFFFFFF40000000000B2
:10B3A000000000DFFFFFFFF40000000000000000CD
:10B3B0000FFFFFFFF4000000000000000000DFFFAF
:10B3C000ECA40000000000000000000031000000BC
:10B3D0000000000000000000000000000004788869
:10B3E000888888888888888730000000001CFFFFD4
:10B3F000FFFFFFFFFFFFFFFFFF800000001DFFFFBB
:10B40000FFFFFFFFFFFFFFFFFFFF3000001DFFFFFB
:10B41000FFFFFFFFFFFFFFFFFFFFF700001DFFFF24
:10B42000FFFFFADFFFFFDAFFFFFFFF80001DFFFFD6
:10B43000FFFFF801DFFFD108FFFFFFF8001DFFFF4E
:10B44000FFFFFD0001DFD1000DFFFFFF801DFFFFAB
:10B45000FFFFFFF70001B10007FFFFFFF81DFFFF2F
:10B46000FFFFFFFFF700000007FFFFFFFF8CFFFF5C
:10B47000FFFFFFFFFFF7000007FFFFFFFFF8FFFFE1
:10B48000FFFFFFFFFFFFD00000DFFFFFFFFF86FF92
:10B49000FFFFFFFFFFFFD1000001DFFFFFFFF80705
:10B4A000FFFFFFFFFFFFD100030001DFFFFFFF8071
:10B4B00007FFFFFFFFFFE10007F70001EFFFFFF8C5
:10B4C0000007FFFFFFFFFE2007FFF7002EFFFFFF33
:10B4D000800007FFFFFFFFFE27FFFFF72EFFFFFFA4
:10B4E000F8000006FFFFFFFFFFFFFFFFFFFFFFFF6A
:10B4F000FF70000006FFFFFFFFFFFFFFFFFFFFFFE2
:10B50000FFF500000006FFFFFFFFFFFFFFFFFFFF4B
:10B51000FFFE0000000004DFFFFFFFFFFFFFFFFF53
:10B52000FFFB20000001DFFFFFFFFFD90000001D2F
:10B53000FFFFFFFFFFFFB00001DFFFFFFFFFFFFF87
:10B54000F2001DFC44FC44FC44FFF501DFFB00EB72
:10B5500000EB00EFF51DFFFB00EB00EB00EFF5DF6C
:10B56000FFFB00EB00EB00EFF5FFFFFB00EB00EB58
:10B5700000EFF5FFFFFFDDFFDDFFDDFFF5FFFFFF64
:10B58000FFFFFFFFFFFFF5FFFFFFFFFFFFFFFFFFD5
:10B59000F5FFFFFFFFFFFFFFFFFFF5FFFFFFFFFFCF
:10B5A000FFFFFFFFF5FFFFFFFFFFFFFFFFFFF5FFBF
:10B5B000FFFFFFFFFFFFFFFFF5FFFFFFFFFFFFFFA5
:10B5C000FFFFF5FFFFFFFFFFFFFFFFFFF5FFFFFF9F
:10B5D000FFFFFFFFFFFFF5FFFFFFFFFFFFFFFFFF85
:10B5E000F5FFFFFFFFFFFFFFFFFFF5FFFFFFFFFF7F
:10B5F000FFFFFFFFF5FFFFFFFFFFFFFFFFFFF5FF6F
:10B60000FFFFFFFFFFFFFFFFF5DFFFFFFFFFFFFF74
:10B61000FFFFF37FFFFFFFFFFFFFFFFFC007EFFF0D
:10B62000FFFFFFFFFFFA1000000000000000000015
:10B63000000000000000000000000000000000000A
:10B640000000000000000000000005F10000000004
:10B650000000000000000005FF10000000000000D6
:10B660000000000005FFF1000001AA00000000003A
:10B670000000EFFF100001DFF30000000000000FEA
:10B68000FFF10002DFFF30000000000000FFFF10AC
:10B6900002EFFFF30000000000000FFFF103EFFFD7
:10B6A000FF86666666666666FFFF14FFFFFFFFFFA4
:10B6B000FFFFFFFFFFFFFFF1DFFFFFFFFFFFFFFFC8
:10B6C000FFFFFFFFFF17FFFFFFFFFFFFFFFFFFFF72
:10B6D000FFFFF107FFFFFFCBBBBBBBBBBBBBBBA7E8
:10B6E0000006FFFFF300000000000000000000055E
:10B6F000FFFF300000000000000000000004FFF326
:10B70000000000000000000000000003EE10000038
:10B710000000000000000000000000000000000029
:10B720000000000000000000000000000000000712
:10B73000000000000000F006051201002D00300A94
:10B740000808010A4D00401212120000EF002010FC
:10B750000F1901FDAB01F015151200006802D011A0
:10B76000111301FF0A0370050308010A1603C0083C
:10B77000061802FB5E03D008071800FBB203600A3C
:10B780000A0A0009E403200F0D0C01033204E0054E
:10B79000040801FC4204F009080301064E04E00518
:10B7A00004040100560420090C19FFFDEC0450119B
:10B7B000101201007C05A00907120000BB05F00E65
:10B7C0000F1200004206E00E0E120000C0066011CB
:10B7D000121200006207F00E0F120000E9071010AD
:10B7E0000F1201007008900F0F120000F708C01030
:10B7F0000F1201007E0910100F120000050AE0056B
:10B80000040E0100210AE005041201FC450A200F84
:10B810000D0C0103930A200F0D090105CE0A200F1C
:10B820000D0C01031C0BE00E0E1200009A0BE01A27
:10B83000191701FBBA0C10131512FF00770DB01386
:10B8400011120200100ED01211120100A90E801563
:10B8500013120200540F70110E120200D20F80104A
:10B860000E1202005010101411120100E9102015E0
:10B87000111202008211100804120200A611500DCC
:10B880000C12FF001212B01211120200AB12700F54
:10B890000E1202002913D01815120200E61320150B
:10B8A000111202007F14D015141201003315C012BA
:10B8B00010120200C315D015151601FCAA16E012CD
:10B8C000101202003A1720100F120100C117400F8A
:10B8D000101200005118901410120200E11880128A
:10B8E0001412FF009519401D1D1200009A1A8011B4
:10B8F000121200003C1BD0101212FF00DE1B1011B0
:10B90000101201006E1CB008071802FBC21C2009AF
:10B910000B19FFFD4C1DB008061800FB941D300FDD
:10B920000D0B0104DC1D000D0D0200FEE91DA00F32
:10B9300007040310F71D900F0D0E0100521EC011D9
:10B940000F130200E11EE00E0D0E01003C1FC0119E
:10B950000F130100CB1FF00F0E0E01002D20300938
:10B960000B1300009620F0110F1301FB2521B011DD
:10B970000E130200AA21400705130100DA21600717
:10B980000918FDFB462200100E130200CB224007CF
:10B9900003130200E822801B180E02009023B0114E
:10B9A0000E0E0200F22380100F0E01005B24C01166
:10B9B0000F1302FBEA24C0110F1301FB7925B00A13
:10B9C000080E0200B125000D0D0E00000C26C00A65
:10B9D0000B1100006A26A0110E0E0200CC26900E5C
:10B9E000100EFF003C276017180E0000E427600EC1
:10B9F0000E0E00004628900E1013FFFBDE28900D5F
:10BA00000C0E010032292009081801FB9229C007F9
:10BA1000041802FBC2292009081800FB222A200F63
:10BA20000D0401073C2AE00A090A0109692A3008C5
:10BA300006050105782A001A1B1C00FCF22B001ACF
:10BA40001A140000F62C001A1A1800FE2E2E001AE6
:10BA50001A140000322FE01112130000DD2F001A1B
:10BA60001A1A00FD2F31001A1A1B00FC8E32401DDD
:10BA70001E1800FEF633001A1A1B00FC5535401D37
:10BA80001E1400008136001A1A1B00FCE037000D5E
:10BA90000D1500FF69388013141500FF3B39401D58
:10BAA0001E1A00FDC13A001A1A140000C53BE0112D
:10BAB000121B00FCB83CC016111903FD8D3DC016C9
:10BAC000171C00FCCF3EC016171800FEE33FC0163F
:10BAD000171800FEF740C016111903FDCC41C0161F
:10BAE0001918FFFEF84240100E1701FE994340104E
:10BAF0000E1701FE3A44C016171800FE4E45C01638
:10BB0000170600079345401D1E140000BF46802005
:10BB1000211B00FC7D48401D1F1BFFFC204A001A12
:10BB20001A1800FE584BC016170E0003F94BC0162A
:10BB3000170E00039A4C8020211500FFF54D001AC6
:10BB40001A140000F94E001A1A1B00FC5850001A73
:10BB50001B1BFFFCC551C016181800FEE552C0168D
:10BB6000171B00FC1C54C016171800FE3055C016D9
:10BB7000171500FF2256001A1A140000265740100D
:10BB8000121BFFFC1958C016171B00FC5059C01699
:10BB9000171B00FC875A401D1E140000B35B001ADF
:10BBA0001C1CFFFC3B5D8013141B00FC495E8020C5
:10BBB000211800FED55F802021110001EE60802059
:10BBC00021110001076280202111000120638020E3
:10BBD000211100013964802021110001526580206B
:10BBE000211500FFAD66C016151B01FCC967C01604
:10BBF000171B00FC0069001A1B1BFFFC6D6A8020EC
:10BC000021140000B76B8013141B00FCC56C201AB4
:10BC10001B1200010000721F51EF58EF5BEF5CEF49
:10BC20005DEF61EF63EF65EF69EF6CEF71EF76EF5A
:10BC300077EF78EF8EEF93EF98EF9BEF9CEF9DEF10
:10BC4000A1EFA2EFA3EFA4EFB7EFB8EFBEEFC0EF05
:10BC5000C1EFC4EFC7EFC8EFC9EFCBEFE3EFE5EFFC
:10BC600014F015F017F019F030F037F03AF043F017
:10BC70006CF074F0ABF03BF190F191F192F193F133
:10BC800094F1D7F1E3F13DF254F2AAF412F7F2F78E
:10BC9000200000005F000100000000000000000024
:10BCA00000000200B0000000F3F7600014BC0308BD
:10BCB000000000003E000300000001020003040534
:10BCC00002060708090A090A0B0C000D0E0F1011D5
:10BCD00012130C14140000001516171819161A1B4D
:10BCE0001C1D1D1E1F201D1D1621222303241E2581
:10BCF00025262728292A2B002C002D2E2F303132E3
:10BD0000332D343435302D2D2E2E36373839333A05
:10BD10003A3B3A3C290000093D09000000000000C0
:10BD20000000000000000000000000000000000013
:10BD30000000000000000000000000000000000003
:10BD400000000000000000000000000000000000F3
:10BD500000000000000000000102000304050206CC
:10BD60000708090A090A0B0C0D0E0F10110C12130B
:10BD70001415150000001617181917191919171995
:10BD8000191A1919191917191719031B1C1D1D1E2A
:10BD90001F202122230024002526272727002726CD
:10BDA000282926262A2A272A272A2B2C2D2E2E2FF1
:10BDB0002E300000230931090000000000000000BF
:10BDC0000000000000000000000000000000000073
:10BDD0000000000000000000000000000000000063
:10BDE0000000000000000000000000000000000053
:10BDF0000000000000010000000000000001000041
:10BE0000040000000003000000000000000000002B
:10BE10000000000000000100000000000000000021
:10BE200000000000000113000BF700000000E9E72C
:10BE300003140907EF03140111040D0000000000B2
:10BE40000000000000001903FD00000000000000D9
:10BE500000000000000800F40000000000F80708DF
:10BE60000000FC00FD0400FC00FCFEF800000000E7
:10BE7000FC0000FBFA0000FC00F8000000000000DD
:10BE8000000000FCFC00FA00F500CE0000F80008FD
:10BE90000C0000F804040E08F9080000E800000097
:10BEA0000000000000000000F100000000000000A1
:10BEB00000000000000000F5FBEC00EFFD000000BA
:10BEC00000011000F4FDFF0100F90000FDE1000099
:10BED000000000000000000000DFFD100000000076
:10BEE0000000000000000000EF0000000000000063
:10BEF0000000000E00040000F80000000000000038
:10BF0000000000000000000000001003010000001D
:10BF10000000000000000000000000000000000021
:10BF20000000000000000000000000000000000011
:10BF300000000000F1000000000000000000000010
:10BF400000000000000000000000000308040CFCDA
:10BF5000000008FCF2C7030B0801FB000F000D00F6
:10BF60000D00D900FB0C000EFC0804000001FC00D1
:10BF700000F9210021000C001105070C000000F160
:10BF80000000000001FD0003F9FBF80300FC0000C5
:10BF900000EF0000000000000000000000E50000CD
:10BFA0000000000000000000000000000001E900A7
:10BFB000E600000000FD0029FBFB0404FC00FB047C
:10BFC0000000EA0000000000000000000000D800AF
:10BFD00004000000000000000000000000E600195E
:10BFE0000000F1000E00E4D8E4F80C0000E40005C5
:10BFF000F600FA0000000000000000000000000B46
:10C000000CCD000000000000000000000000140043
:10C010000300000000000303FBF800FFFFFC00002A
:10C02000FD000000F800FD00F6F800F6F2F2F8005E
:10C03000F800F800000000FD0000040003FC00010F
:10C0400000000004FD000000FD0404FF000000F8F3
:10C0500000FF0000000000010005FD00FB00F900EA
:10C0600000FD000C0000FC0000000000FF01FDFDD1
:10C070000000FC00FC000000000000000000FEFECC
:10C0800000FCFB0000000000010000FD00FCFCFCC7
:10C09000000000000000000000FE00000000FDFBAA
:10C0A00000FA00F4FDF4080000F804080B00F6FFA5
:10C0B000FB00FFEC04FD03EA04000001EA00EAFDD6
:10C0C000DCFD00EB00080C0005000000000100F999
:10C0D000FB00F4000000FC000000FC000000000079
:10C0E000FEFE00FEFB00000000000000FCFC00FD66
:10C0F000FBFD0000FC00000000000000000000004C
:10C10000FDFD00FB00FD00F8040000FB020404003C
:10C110000000000000FD0000000000030000FC0023
:10C12000FCFDFB000000000000000300FD0000001B
:10C1300000FBFA00F8000CFD01F300000BEBEAEF46
:10C14000F80400FDE5F900F900F806F9E500F5004E
:10C150000002FF03FD000400F4F000EBF6F7F6F434
:10C16000FBF5FFF8F502000100FC000000030004ED
:10C170000000000000000000000000FC00FE00FFC6
:10C18000FC00F9F7F7FF00F4000000000000FD00DC
:10C1900000000002FE00000004000000000000009B
:10C1A000001400000000000003000000FC0000007C
:10C1B0000000000000000000F90004000000000082
:10C1C0000000000000000000FD000000F80000007A
:10C1D00000EBF4000000FAEB0000FC0400F50000A6
:10C1E0000000000000000000F90000F8000000005E
:10C1F00000000000000000000400F900000000053D
:10C200000003F8F800FCFCFB000000000000F40054
:10C21000FC00FAFC00F7F6F4FD00F800F400000062
:10C2200000210000020000FB000400EE00000000FE
:10C2300000D9F90E0CFDEF0004FA00EBFEFB04E35D
:10C24000FC050006F1FAF1F2EF0000E7001800002B
:10C25000FE000000FEFEFCF5F2FFD9000000000029
:10C2600000000000010000000000000000000000CD
:10C270000000000000FC00FEFCFA0000F800FC00DA
:10C280000000000000000000000000000000FF00AF
:10C29000F8000008FF0500F704FDFFF5FC00FBFCBB
:10C2A000FD00FAF90000FDFFFDF9FB0000FC0004B1
:10C2B000FD00F7000000F800F900F9F904000000A3
:10C2C0000000000000F80400FA00FDFBF3FDFDFD96
:10C2D000FFFDFBFF0000000000FCFDFD0000000072
:10C2E00005FD00FD000000FDFBFDFCFBFC00031153
:10C2F000FF00F500FD0800FCEFFB060000ECF90470
:10C30000F90300FDFDF300FA020000F9000000044B
:10C3100004F8F800F9FCFAFCFC00F902F8F90C004A
:10C320000000000000000000040000000000000009
:10C3300000000000000000000000000000000000FD
:10C34000F9000000000000000000000000000000F4
:10C3500000000000000000000000000000000000DD
:10C36000000000000000000000000000FD000000D0
:10C3700000000000000000000000000000000000BD
:10C3800000000000000000000000FDFC00000000B4
:10C390000000000000000000FA0000FB0000FCFCB0
:10C3A00000000000FC00000000FE0000000000FD96
:10C3B00000000000FA00F8000000F20003F7080196
:10C3C000FDEC0000F7FC00EFF6F40000EEFCEFF0EF
:10C3D000EC00F500031CFB00F6FCFFFCF9F5F9F19D
:10C3E000EFF6FC0000FD00010000E3FC0C09F7F192
:10C3F0000001F300EBFDFC08DAFB010000E5FBEABD
:10C40000FCE20000E300190100FD00000000FEFD59
:10C41000F0FD00E500000000F300FC00FFF4EC007C
:10C4200000FEFAF4FC00FD00000000EDFCF2F3FD5C
:10C43000F9F6FCF900F8FCF2FA00FBF8FCF800024F
:10C4400000FDF2000800F900000000050003F811EB
:10C4500000FCFCFB000000000000F400FC00FAFC03
:10C4600000F7F6F4FD00F8031100000000210000C1
:10C47000020000FB00040000000000000000FF00BC
:10C4800000000000FDF80000000000FE000000FCBD
:10C49000FC0000F8FC0000F80007FE0000000000AF
:10C4A000000200000000060803FC00F3F9000CF293
:10C4B000F3F8F8110704DCFD08FC00FC05FCF100B2
:10C4C000FC04FBFDF4FD00000C0800F400E9FB0C8B
:10C4D000FBF001FBF2F2FC110400FA00F500030E80
:10C4E000F6F1EFF60C0001E2FD04F9FDF600F7F1BC
:10C4F000FAFAFD0000F6F7FC000C0AFCE900E9FA84
:10C5000000F1E8FFF3F9F2F40B0000FB00F8FC0087
:10C51000FCF90007F2040000EA00FCF7F9FDF4F66C
:10C52000F2F600F4FCF6F8F4FC00000114F900F453
:10C53000FC00FCF8F6F5F4F0FBF80800FA00EBFB61
:10C540000208F3F1F8F20EFC02D9F908F7F9F1004C
:10C55000F4EFFBFCFDFCF7F4FF00000C0CFDE50024
:10C56000E7F60AF0E4F8F1EFEBF20800000000FB58
:10C57000000004FB0803F8080000F3FF00FF0001BF
:10C5800001FD000000000000FC00000000030C01A1
:10C5900000FB00000000FDFDFB00000001030000A7
:10C5A00000000300FD001000070101FB000800006F
:10C5B000000300000000000000000000000C000C60
:10C5C0000000000000000000000000000000E70084
:10C5D000FC07000C00002905F8F80404FD01EB003D
:10C5E0000014E70000000000000000000000E4105C
:10C5F0003A000000000000000000000000E700001A
:10C60000000000000000000000000000000000002A
:10C610000000000000000000F90000F8FC0000002D
:10C62000000000000000000000000000000000000A
:10C63000FD00F500000100000436F8FD0D0BF504C7
:10C6400000000404FB0000000000000000000000E7
:10C65000CA0C000000000000000000000000000004
:10C66000000000F4000000F500000000F7FE0000EC
:10C6700000F700FB00EC00000000000000000000DC
:10C6800000E40000000001000000000000FC0000C9
:10C69000F800FA00F5000000F904FB0000F5FCF6D4
:10C6A0000000F500FC00EC00FB0000DEF8EFFBF101
:10C6B0000000E400F5FE0000000000000000FAF9B0
:10C6C000FDF900000000F700F705FB0800FDF6FD8E
:10C6D000F9F800FBFEFD03F5FF000000DBFDFA00AA
:10C6E000F700FDECFC0000FDFD000000000300FD74
:10C6F000F9FD07000000000000000000000000003D
:10C700000000000000000000000000000000000029
:10C710000000000000000000000000000000050014
:10C720000000000000F700FD000000F80400000019
:10C73000F5FCF80000F400FC00EC00000000D8005C
:10C74000F8F1EB0000E400FDFA000000000000003A
:10C7500000FCFAFEFA01000007FB000D14FCFCF4DB
:10C7600005140709F50511050C090B000000000070
:10C770000000000000001A14F9FC00FD2112210045
:10C7800000000400000F0000F9000000000000009D
:10C790000000FD0000000000000000060000000096
:10C7A000DDFBFDEFEC0000E40000000000000000F5
:10C7B000000000000000000000F900000000000080
:10C7C000000000FD00000000000000000600000066
:10C7D00000DDFBFDEFEC0000EF00000000000000BA
:10C7E000000000000000000000000000FD0000004C
:10C7F000F60400FC030704F400FFFD04000300003E
:10C800000000F600FCFDF800FCEF001AFC00F7FD4C
:10C8100000FDF900FCF4F8FB000000F90000000046
:10C820000000000000FD0000000000000000060005
:10C83000000000DDFBFDEFEC0000E4000000000064
:10C84000001500000000000000000000F900F3FBEC
:10C85000FC0CFCFCEF01FE01FDF5010901030103E5
:10C86000F6EFFB00F0F8F5EFF000F9F8FBFBFDFD4B
:10C87000FBFD00FDFF060006FD000D0000000000AE
:10C8800000000000000000FDFCFC0000F500FE00C0
:10C89000F90000000000000000000000E7000000B8
:10C8A0000000000000000000FCFC00FB0000000095
:10C8B000FD0000F9FC0400F9F8FD00F4FDF7FDFBB4
:10C8C00000F90000000000000000000000E4000D7E
:10C8D0000000F900000000FB00FC0000FE0000FD6D
:10C8E00000F6000011FBF2F3030505FFF403060355
:10C8F0000C030EFDF50000EF0000F4F50000F80059
:10C90000FBF900FA00FA00FD0600FDF4FC0F000040
:10C91000FC00F8000005F60004FC030000F200FD36
:10C92000FF00FC05FD000000EFFBF700F40000EC49
:10C93000000FFC00F9000200FC00FCF400FC040005
:10C94000000000FD000004FB010000FBFD00FB00F7
:10C9500000000000000000000000000000000000D7
:10C96000E600090000FD000000000100FCFC0000E2
:10C970000008000A0000000000E6E801120C07EFC2
:10C980000311000F0008000000000000000000007C
:10C990000016000000000000000000000000000081
:10C9A00000000000F4BD0308B8BC030856BD03082E
:10C9B0003D3100006C49030824B7030890BC03080C
:10C9C000A4C90308100002280003002045970108AD
:10C9D000699601081D00050000FE0100B4C90308A6
:10C9E00000000000000000000CFF50CFF40BFF30EF
:10C9F000AFF30AFF209FF209FF108FF007FF007FBF
:10CA0000F006FE006FE005FD00275000000000006A
:10CA1000028600DFF60FFF806FC13FF102FF23FFA8
:10CA2000102FF22FF001FF12FF001FF12FF001FF76
:10CA300011FF000FF01FF000FF00980009900000A8
:10CA400000AF500006FA000000000BF300007F80EA
:10CA500000000000DF100009F6000000000FF000E9
:10CA600000BF4000000001FD00000DF200005FFF6C
:10CA7000FFFFFFFFFFFFFE05FFFFFFFFFFFFFFFFC1
:10CA8000E000008F800004FC0000000009F60000B8
:10CA90005FA000000000BF400007F8000000000D8C
:10CAA000F200009F6000000000FF00000AF4000098
:10CAB00000001FE00000CF300004FFFFFFFFFFFF7A
:10CAC000FFFFF04FFFFFFFFFFFFFFFFF000007F832
:10CAD00000002FD0000000009F600004FB00000059
:10CAE000000BF400006F9000000000DF200008F74A
:10CAF000000000000FF00000AF5000000000000F29
:10CB0000C00000000000000FC00000000000000F87
:10CB1000C000000000018CEFFFD94000006FFFFF54
:10CB2000FFFFFD2005FFFC8FD7AEFF100EFF500F5B
:10CB3000C00059004FF9000FC00000005FF6000F61
:10CB4000C00000004FFA000FC00000000EFF800F71
:10CB5000C000000006FFFFBFC0000000005EFFFF36
:10CB6000FE94000000016BFFFFFFC3000000001FE8
:10CB7000EDFFFF300000000FC03CFFC00000000FC1
:10CB8000C000DFF10000000FC0008FF30400000FB1
:10CB9000C000BFF15FA2000FC005FFC0AFFFC87F9C
:10CBA000D8CFFF3009FFFFFFFFFFE4000017BEFFF3
:10CBB000FFC700000000000FC00000000000000FD1
:10CBC000C00000000000000FC0000000007DFE80DB
:10CBD00000000000DF30000AFD9CFC00000009F9A5
:10CBE00000004FB0008F7000004FD00000BF300039
:10CBF0000FD00000DF300000EF00000CF10009F959
:10CC0000000000FE00000AF1004FD0000000EF001D
:10CC1000000CF100EF30000000BF30000FD009F829
:10CC2000000000004FB0008F704FD0000000000ADD
:10CC3000FD9CFC00EF3005885000007DFE8009F867
:10CC400001CFFFFC10000000004FD00BF9118FB096
:10CC500000000000EF302FC0000CF300000009F8C6
:10CC6000006F600006F70000004FD0008F40000406
:10CC7000F8000001EF30007F500005F800000AF8CE
:10CC800000004F800008F500004FD000000EE100CA
:10CC90001EE00001EF30000004FE87EF40000AF8BC
:10CCA000000000003BFFB300000019DFFD80000022
:10CCB000000003FFFFFFFD000000000DFE4005FF28
:10CCC000800000003FF500009FC00000004FF3000F
:10CCD000008FC00000002FF70001EF800000000C63
:10CCE000FF202DFE1000000003FFD8FFE30000002E
:10CCF00000005FFFFB100000000003CFFFE1000019
:10CD00000000006FFE8FFD1000240006FFA105FF4C
:10CD1000D1009FB02FFB00005FFD10DF708FF2008D
:10CD20000005FFD6FF30BFE00000005FFFFB00AF53
:10CD3000F100000005FFF5006FFA00000009FFFD9B
:10CD4000100DFFE75459EFFBFFD101BFFFFFFFFEBE
:10CD5000605FF800049DFFEB600005B0000000007C
:10CD600000000000003FF13FF12FF02FF02FF01FE7
:10CD7000F01FF009800004FF4000CFC0004FF50015
:10CD80000BFE0000FF90005FF40009FF0000CFD011
:10CD9000000FFA0002FF70003FF60004FF60005F22
:10CDA000F50005FF50004FF60003FF60002FF7006D
:10CDB00000FFA0000CFD00009FF00005FF40000FE9
:10CDC000F90000AFE00004FF50000CFC00004FF43D
:10CDD0000DFB00006FF30000DFB00007FF20002F05
:10CDE000F70000DFC00008FF00006FF30003FF60E2
:10CDF000000FF90000FFA0000EFB0000DFC0000DD7
:10CE0000FC0000EFB0000FFA0000FF90003FF600BA
:10CE100006FF30008FF0000DFC0002FF70007FF273
:10CE2000000DFB0006FF3000DFB00000003F600097
:10CE3000000003F600001E803F607E33DFE9FADF6A
:10CE4000E5007EFFFF910001AFFFC20007EFEFEFAB
:10CE5000F913FE63F64DF606103F6006000003F678
:10CE60000000000017300000000000441000000027
:10CE70000000FF500000000000FF50000000000014
:10CE8000FF500000000000FF500000033333FF7329
:10CE900033312FFFFFFFFFFFF62FFFFFFFFFFFF6EE
:10CEA000000000FF500000000000FF5000000000E4
:10CEB00000FF500000000000FF500000000000FFD5
:10CEC0005000001AB408FFE09FFF02DFC00AF6001E
:10CED000EF102FC006F6002555555506FFFFFFF24F
:10CEE0006FFFFFFF201AC409FFE0AFFF02DE600002
:10CEF0000000000586000000000EF8000000003F62
:10CF0000F3000000009FD000000000EF7000000060
:10CF100004FF200000000AFC000000000FF70000E2
:10CF200000005FF100000000AFC000000000FF60E3
:10CF300000000006FF100000000BFB000000001FB7
:10CF4000F5000000006FF000000000CFA00000001E
:10CF500002FF5000000007FE000000000DF9000075
:10CF600000002FF4000000008FE000000000DF90C0
:10CF700000000003FF3000000009FD000000000E6B
:10CF8000F8000000004FF2000000009FD0000000F9
:10CF900000000007CFFEB5000000004EFFFFFFFBC2
:10CFA0001000004FFFD98AFFFD10001EFF70000126
:10CFB000BFFA0008FF80000000DFF300EFE0000090
:10CFC0000004FF903FF9000000000EFE07FF500034
:10CFD000000000BFF19FF30000000008FF3AFF20AF
:10CFE000000000007FF4AFF20000000007FF49FFDF
:10CFF00030000000008FF37FF5000000000BFF13EE
:10D00000FF9000000000EFE00EFE000000004FF96E
:10D01000008FF80000000DFF3001EFF700001BFF4C
:10D02000A00004FFFD98AFFFD1000004EFFFFFFF59
:10D03000C1000000007CFFEB500000CFFFFFF6CFE7
:10D04000FFFFF65777AFF600005FF600005FF600CF
:10D05000005FF600005FF600005FF600005FF6007C
:10D06000005FF600005FF600005FF600005FF6006C
:10D07000005FF600005FF600005FF600005FF6005C
:10D08000005FF600005FF600005FF600038CEFFC27
:10D0900082000002BFFFFFFFFF60002EFFFB98AE83
:10D0A000FFF5002DF91000008FFE00016000000068
:10D0B0000CFF20000000000008FF400000000000FE
:10D0C00009FF2000000000000EFE0000000000002C
:10D0D0007FF9000000000004FFE100000000003FB5
:10D0E000FF400000000004FFF400000000004FFFBC
:10D0F000400000000004FFF400000000004FFF406B
:10D100000000000005FFF300000000005FFF30009A
:10D1100000000005FFFA77777777700FFFFFFFFFBA
:10D12000FFFFF20FFFFFFFFFFFFFF20FFFFFFFFF09
:10D13000FFFF00FFFFFFFFFFFFF00677777777DF46
:10D14000F700000000006FFA00000000003FFD0043
:10D15000000000001EFF20000000000CFF40000047
:10D16000000009FF700000000005FFF961000000E9
:10D17000007FFFFFF70000000388ADFFF90000000B
:10D18000000004FFF3000000000006FF8000000024
:10D1900000001FFB000000000001FFA05000000085
:10D1A000006FF83FC40000005FFF2AFFFEA889DF80
:10D1B000FF7009FFFFFFFFFF7000016ADFFEC7205D
:10D1C000000000000004FFB00000000000002EFE80
:10D1D00010000000000000CFF30000000000000974
:10D1E000FF700000000000005FFA00000000000077
:10D1F00002FFD00000000000000DFF300000000022
:10D200000000AFF600000000000007FFA0000AB712
:10D210000000003FFD00000FFA000001EFF20000E7
:10D220000FFA00000BFF5000000FFA00008FFD66A0
:10D2300066666FFC6662EFFFFFFFFFFFFFFFF6FF12
:10D24000FFFFFFFFFFFFFFF600000000000FFA00E6
:10D250000000000000000FFA000000000000000FB6
:10D26000FA000000000000000FFA000000000000BB
:10D27000000FFA0000001FFFFFFFFFFF00003FFF4D
:10D28000FFFFFFFF00004FF97777777700006FF31C
:10D290000000000000008FF10000000000009FF07F
:10D2A000000000000000BFE0000000000000CFD040
:10D2B000000000000000EFFFFFEC94000000FFFF03
:10D2C000FFFFFFC200007777779CFFFE1000000091
:10D2D00000002CFF90000000000001FFE0000000B3
:10D2E000000000CFF0000000000000CFF0031000AD
:10D2F000000001FFD00DE60000002CFF705FFFFB77
:10D30000989BFFFD0005DFFFFFFFFFB10000049CBD
:10D31000EFED9400000000028CEFFDA4000001AFCF
:10D32000FFFFFFFF40001DFFFB8689ED0000CFFBE4
:10D33000200000020006FFB000000000000DFF10FA
:10D3400000000000002FFA0000000000006FF6004F
:10D3500000000000008FF305AEFED82000AFF3BF41
:10D36000FFFFFFF700AFFDFF9546AFFF609FFFD1C6
:10D37000000004FFE07FFF300000008FF54FFE004B
:10D380000000004FF71FFE000000004FF60AFF30BC
:10D390000000008FF402FFD1000004FFD0007FFFE7
:10D3A0009545AFFF400006FFFFFFFFE400000017B8
:10D3B000CEFEC710002FFFFFFFFFFFFFFA2FFFFF7A
:10D3C000FFFFFFFFF92FFB77777777CFF52FF80077
:10D3D000000000FFE02FF800000006FF702FF800AB
:10D3E00000000DFF1000000000004FF900000000D9
:10D3F0000000CFF2000000000003FFB000000000BA
:10D40000000AFF4000000000001FFD0000000000B7
:10D41000008FF6000000000000EFE00000000000B8
:10D4200006FF8000000000000DFF1000000000005B
:10D430004FFA000000000000BFF3000000000002EF
:10D44000FFC0000000000009FF5000000000001FA6
:10D45000FE0000000000005ADFFDA60000003DFFB6
:10D46000FFFFFFD30002EFFD7557DFFF200AFF80AB
:10D47000000008FFA00EFE00000000DFF00FFB0020
:10D48000000000AFF00FFD00000000CFF00AFF50D9
:10D49000000005FFA001EFFA4225AFFE10002CFFAF
:10D4A000FFFFFFC200008FFFFFFFFFF8000BFFC56B
:10D4B00020026DFFB05FFB00000000AFF5AFF2008F
:10D4C0000000002FFABFF0000000000FFC9FF400E6
:10D4D0000000004FFA4FFD20000002DFF50AFFFABE
:10D4E0006456AFFFB0009FFFFFFFFFF90000027C12
:10D4F000EFFEC7200000005BEFED930000002CFF63
:10D50000FFFFFF900001DFFC6458DFFA0009FF8095
:10D5100000000AFF600FFD00000000EFE02FF800A0
:10D520000000009FF52FF8000000009FF90FFD009C
:10D53000000000EFFC0AFF8000000AFFFD02FFFD73
:10D540007558DFEEFE003EFFFFFFFE3EFE00007C52
:10D55000EFEB600FFD0000000000002FFA0000005C
:10D560000000006FF7000000000000CFF100000095
:10D57000000007FFA000110000008FFE10008FA820
:10D5800067AEFFF30000FFFFFFFFFC20000039CF74
:10D59000FFD94000002DE60AFFF09FFE01AC4000DD
:10D5A000000000000000000000000000000000007B
:10D5B00001AC409FFE0AFFF02DE6002DE60AFFF0C9
:10D5C0009FFE01AC400000000000000000000000D1
:10D5D00000000000000001AB408FFE09FFF02DFCB1
:10D5E00000AF600EF102FC006F6000000000000060
:10D5F00003960000000016DFF60000003AFFFFB2BD
:10D6000000017DFFFD710004AFFFFA3000002FFF25
:10D61000C6000000002FFE61000000000AFFFFA40A
:10D620000000000016DFFFD710000000039FFFFB83
:10D6300050000000006CFFF6000000000039F6000A
:10D640000000000000012FFFFFFFFFFFF62FFFFF8C
:10D65000FFFFFFF6033333333333310000000000A4
:10D6600000000000000000000000000000000000BA
:10D67000033333333333312FFFFFFFFFFFF62FFF29
:10D68000FFFFFFFFF61B5000000000002FFE82008E
:10D6900000000009EFFFC50000000005BFFFE92002
:10D6A000000000028EFFFC60000000004AFFF60050
:10D6B00000000004BFF600000028EFFFC300005C7C
:10D6C000FFFE8200039FFFFB5000001FFFE82000C9
:10D6D00000002FB500000000000100000000000065
:10D6E00000049DEFFC9200002BFFFFFFFFF8003EBF
:10D6F000FFE9768DFFF604EF70000007FFE00150B0
:10D700000000000DFF100000000000BFF10000004D
:10D7100000000EFE000000000008FF800000000076
:10D7200008FFC00000000009FFC00000000008FF63
:10D73000B00000000002FFD000000000007FF600F3
:10D740000000000005AA200000000000000000000A
:10D750000000000000000000000000186000000051
:10D7600000000DFF600000000000FFF80000000056
:10D770000006ED1000000000000027BDFFFEB830DD
:10D7800000000000000004CFFFFEDEFFFFC5000028
:10D790000000000AFFD720000026CFFB1000000089
:10D7A0001DFE5000000000004DFD1000001DFC108B
:10D7B0000000000000000AFD10000AFC000018DF55
:10D7C000FD810FF80BFA0003FF20004FFFFFFFE47D
:10D7D000FF801EF300BF80004FFF8335BFFFF800BE
:10D7E0006FB01FF1000EFE2000006FFF8000EF15EC
:10D7F000FC0005FF40000000AFF8000AF48F800035
:10D80000AFD000000003FF80007F79F7000DFA0021
:10D810000000000FF80005F8AF6000EF9000000076
:10D8200000EF80004F99F7000DFA000000000FF89C
:10D830000005F87F9000AFD000000003FF80007F5C
:10D8400075FC0005FF40000000AFF8000AF41FF16E
:10D85000000EFE2000006FFF9001FF00BF80004F10
:10D86000FF8324AFFCFF53CF8003FF20004FFFFF57
:10D87000FFE44FFFFFC0000AFC000018CFFD81004D
:10D880005DFE8000000DFC100000000000000000A4
:10D890000000001DFE50000000000000000000001D
:10D8A000001AFFD730000037C0000000000000045D
:10D8B000CFFFFEEEFFFF400000000000000037BE7B
:10D8C000FFFDA610000000000000000006FFD000D1
:10D8D000000000000000000DFFF400000000000048
:10D8E00000004FFFFB0000000000000000BFE9FF48
:10D8F0002000000000000002FF81FFA000000000E7
:10D90000000009FF10AFF10000000000001FFA0046
:10D910003FF80000000000007FF3000CFE00000054
:10D92000000000EFD00006FF600000000005FF606F
:10D930000000EFD0000000000DFE0000008FF4009A
:10D940000000004FF80000001FFB00000000BFF5C2
:10D950003333333CFF30000002FFFFFFFFFFFFFFC8
:10D96000A0000009FFFFFFFFFFFFFFF100001FFC09
:10D9700000000000005FF800007FF50000000000DC
:10D980000EFE0000EFE0000000000008FF6005FF51
:10D9900080000000000001FFD00CFF10000000001C
:10D9A0000000AFF41FFFFFFFFFFDA500001FFFFFFA
:10D9B000FFFFFFFFD2001FFC44444469FFFD001F2E
:10D9C000FB000000001CFF601FFB0000000003FFC5
:10D9D000A01FFB0000000001FFB01FFB00000000C3
:10D9E00002FF901FFB0000000009FF401FFB00002A
:10D9F0000014BFFB001FFFFFFFFFFFFFA0001FFF82
:10DA0000FFFFFFFFFFE7001FFC444444458EFFA0DB
:10DA10001FFB0000000000CFF41FFB00000000000F
:10DA20003FF91FFB00000000000FFC1FFB0000007F
:10DA300000003FFB1FFB0000000000BFF71FFC447D
:10DA40004444458EFFE11FFFFFFFFFFFFFFD201F46
:10DA5000FFFFFFFFFFDA500000000038CEFEDA5073
:10DA600000000002BFFFFFFFFFE5000005FFFFDA37
:10DA700089BFFFF80005FFFB30000006EFB001FF93
:10DA8000F800000000028000AFFA00000000000073
:10DA9000001FFF0000000000000005FF90000000D4
:10DAA000000000008FF5000000000000000AFF30B9
:10DAB00000000000000000AFF300000000000000C4
:10DAC00008FF50000000000000005FF900000000A7
:10DAD00000000001FFF0000000000000000AFFA0AD
:10DAE000000000000000001FFF800000000029006F
:10DAF000005FFFB30000006EFB00005FFFFDA88A1F
:10DB0000FFFF8000002CFFFFFFFFFE50000000031E
:10DB10008CEFEDA500001FFFFFFFFFEC940000005D
:10DB20001FFFFFFFFFFFFFD400001FFD7777779CEB
:10DB3000FFFF80001FFB0000000029FFF8001FFB13
:10DB400000000000005FFF401FFB00000000000617
:10DB5000FFC01FFB000000000000DFF31FFB000000
:10DB6000000000006FF71FFB0000000000003FFAFC
:10DB70001FFB0000000000001FFC1FFB0000000056
:10DB800000001FFC1FFB0000000000003FFA1FFB0D
:10DB90000000000000006FF71FFB00000000000005
:10DBA000DFF31FFB000000000006FFC01FFB0000AA
:10DBB0000000004FFF401FFB0000000019FFF800AD
:10DBC0001FFD7777779CFFFF80001FFFFFFFFFFFA0
:10DBD000FFD400001FFFFFFFFFEC940000001FFFB9
:10DBE000FFFFFFFFFFC01FFFFFFFFFFFFFC01FFD85
:10DBF0007777777777501FFB0000000000001FFB4E
:10DC00000000000000001FFB0000000000001FFBE0
:10DC10000000000000001FFB0000000000001FFBD0
:10DC20000000000000001FFFFFFFFFFFF9001FFFC3
:10DC3000FFFFFFFFF9001FFD6666666663001FFBBE
:10DC40000000000000001FFB0000000000001FFBA0
:10DC50000000000000001FFB0000000000001FFB90
:10DC60000000000000001FFD7777777777711FFFB6
:10DC7000FFFFFFFFFFF21FFFFFFFFFFFFFF21FFF8E
:10DC8000FFFFFFFFFFC1FFFFFFFFFFFFFC1FFD774F
:10DC90007777777751FFB000000000001FFB00008E
:10DCA00000000001FFB000000000001FFB000000AA
:10DCB000000001FFB000000000001FFB000000009A
:10DCC0000001FFD666666666301FFFFFFFFFFFF9A3
:10DCD00001FFFFFFFFFFFF901FFB0000000000019E
:10DCE000FFB000000000001FFB000000000001FF6B
:10DCF000B000000000001FFB000000000001FFB0AA
:10DD000000000000001FFB000000000001FFB00049
:10DD10000000000000000038CEFFDA6100000002C1
:10DD2000BFFFFFFFFFF7000005FFFFDA88AEFFFB34
:10DD30000004FFFC30000004DFD101FFF800000008
:10DD4000000081009FFA000000000000001FFF009B
:10DD500000000000000005FF90000000000000002F
:10DD60008FF5000000000000000AFF3000000000F6
:10DD7000000110AFF3000000000007FF38FF500063
:10DD8000000000007FF35FF9000000000007FF3192
:10DD9000FFF000000000007FF309FFA0000000007A
:10DDA00007FF301FFF80000000007FF3004FFFC31C
:10DDB0000000003CFF30005FFFFDA889DFFFE100AD
:10DDC000002BFFFFFFFFFF91000000038CEFFDA67B
:10DDD00010001FFB00000000000FFC1FFB000000F4
:10DDE00000000FFC1FFB00000000000FFC1FFB00E9
:10DDF000000000000FFC1FFB00000000000FFC1FD4
:10DE0000FB00000000000FFC1FFB00000000000FE3
:10DE1000FC1FFB00000000000FFC1FFB00000000C7
:10DE2000000FFC1FFFFFFFFFFFFFFFFC1FFFFFFFB7
:10DE3000FFFFFFFFFC1FFD77777777777FFC1FFBE6
:10DE400000000000000FFC1FFB00000000000FFCA2
:10DE50001FFB00000000000FFC1FFB000000000083
:10DE60000FFC1FFB00000000000FFC1FFB00000068
:10DE700000000FFC1FFB00000000000FFC1FFB0058
:10DE8000000000000FFC1FFB1FFB1FFB1FFB1FFB05
:10DE90001FFB1FFB1FFB1FFB1FFB1FFB1FFB1FFBB2
:10DEA0001FFB1FFB1FFB1FFB1FFB1FFB1FFB004F6D
:10DEB000FFFFFFFF9004FFFFFFFFF9001777777860
:10DEC000FF90000000003FF90000000003FF9000F9
:10DED0000000003FF90000000003FF900000000078
:10DEE0003FF90000000003FF90000000003FF90030
:10DEF00000000003FF90000000003FF90000000058
:10DF000003FF90000000003FF90000000004FF80C4
:10DF1000060000008FF60AF800001FFF11DFFD86E3
:10DF20008EFFA002CFFFFFFFC000005BEFEB6000A1
:10DF30001FFB0000000002EFE201FFB00000000242
:10DF4000EFF3001FFB00000001EFF40001FFB00041
:10DF50000001DFF500001FFB000001DFF6000001FB
:10DF6000FFB00000CFF70000001FFB0000CFF8005B
:10DF7000000001FFB000BFF9000000001FFB00BF60
:10DF8000FA0000000001FFB0AFFF90000000001F8A
:10DF9000FB9FFFFF6000000001FFFFFE8FFF3000CE
:10DFA00000001FFFFE208FFE10000001FFFE20007A
:10DFB000BFFC0000001FFE200000CFFA000001FFA0
:10DFC000B0000001EFF700001FFB00000003FFF4AA
:10DFD0000001FFB000000004FFE2001FFB00000092
:10DFE0000007FFD001FFB00000000009FFB01FFBD9
:10DFF000000000000001FFB000000000001FFB0057
:10E000000000000001FFB000000000001FFB000046
:10E0100000000001FFB000000000001FFB00000036
:10E02000000001FFB000000000001FFB0000000026
:10E030000001FFB000000000001FFB000000000016
:10E0400001FFB000000000001FFB00000000000105
:10E05000FFB000000000001FFB000000000001FFF7
:10E06000B000000000001FFB000000000001FFD70F
:10E0700077777777721FFFFFFFFFFFFF51FFFFFFEB
:10E08000FFFFFFF51FF8000000000000000CFC1F60
:10E09000FF200000000000006FFC1FFFA000000038
:10E0A000000000EFFC1FFFF4000000000008FFFC70
:10E0B0001FFFFD00000000002FFFFC1FFEFF60009F
:10E0C000000000AFFFFC1FFACFE100000004FF7E5C
:10E0D000FC1FFA3FF90000000DFD0EFC1FFA09FFBE
:10E0E0002000006FF40EFC1FFA01FFB00000EFB03B
:10E0F0000EFC1FFA007FF50008FF200EFC1FFA003F
:10E100000DFE002FF8000EFC1FFA0004FF70BFE0A8
:10E11000000EFC1FFA0000AFF6FF60000EFC1FFAB5
:10E1200000002FFFFC00000EFC1FFA000008FFF3A8
:10E1300000000EFC1FFA000000EFA000000EFC1F04
:10E14000FA000000491000000EFC1FFA0000000059
:10E150000000000EFC1FFA000000000000000EFC92
:10E160001FFA00000000000FFC1FFF60000000000D
:10E170000FFC1FFFF3000000000FFC1FFFFE10004C
:10E1800000000FFC1FFFFFC00000000FFC1FFCDFA2
:10E19000F90000000FFC1FFB2FFF5000000FFC1FB9
:10E1A000FB05FFF200000FFC1FFB009FFD10000F9E
:10E1B000FC1FFB000CFFB0000FFC1FFB0001EFF881
:10E1C000000FFC1FFB00003FFF400FFC1FFB000087
:10E1D00006FFF20FFC1FFB000000AFFD0FFC1FFB52
:10E1E0000000000CFFAFFC1FFB00000002EFFFFC73
:10E1F0001FFB000000004FFFFC1FFB00000000079A
:10E20000FFFC1FFB0000000000AFFC1FFB00000034
:10E2100000000DFC00000038CEFFDA6000000000B6
:10E22000002BFFFFFFFFFE7000000005FFFFDA89F3
:10E23000BFFFFB1000004FFFB30000006FFFC000E6
:10E2400001EFF80000000002DFF90009FFA0000064
:10E250000000002FFF201FFF00000000000007FF4C
:10E26000905FF900000000000001FFD08FF5000072
:10E270000000000000DFF0AFF3000000000000002D
:10E28000BFF2AFF300000000000000BFF28FF50006
:10E29000000000000000DFF05FF900000000000057
:10E2A00001FFD01FFF00000000000007FF9009FFE2
:10E2B000A000000000002FFF2001EFF80000000088
:10E2C00002DFF900004FFFB30000006FFFC0000045
:10E2D00005FFFFDA89BFFFFC100000002BFFFFFFE6
:10E2E000FFFF70000000000038CEFFDA6000000081
:10E2F0001FFFFFFFFFDA500001FFFFFFFFFFFFD30B
:10E30000001FFD777778AFFFF301FFB00000000A30
:10E31000FFD01FFB000000000BFF51FFB00000000A
:10E32000004FF91FFB0000000001FFB1FFB000002B
:10E3300000001FFB1FFB0000000004FF91FFB00066
:10E34000000000BFF51FFB000000009FFD01FFD78C
:10E3500077777AFFFF301FFFFFFFFFFFFD3001FFE0
:10E36000FFFFFFFDA500001FFB00000000000001F3
:10E37000FFB00000000000001FFB000000000000D4
:10E3800001FFB00000000000001FFB0000000000C3
:10E390000001FFB000000000000000000028CEFFD8
:10E3A000DA60000000000002BFFFFFFFFFE700008F
:10E3B000000004FFFFDA89BFFFFB10000004FFFC30
:10E3C00030000007FFFC000001EFF8000000000231
:10E3D000DFF800009FFA000000000002FFF2000FCB
:10E3E000FF00000000000008FF8005FF9000000013
:10E3F0000000001FFD008FF500000000000000DF9E
:10E40000F009FF300000000000000BFF20AFF30018
:10E41000000000000000AFF108FF50000000000005
:10E42000000CFF005FF800000000000001FFD001B9
:10E43000FFE00000000000007FF8000AFF900000ED
:10E440000000002FFF20002FFF70000000001DFFC4
:10E450009000005FFFA20000005EFFC00000006FA0
:10E46000FFFC8779EFFFC1000000003DFFFFFFFFC9
:10E47000FF70000000000005ADFFFFD61000000097
:10E4800000000000007FFF4000009300000000003B
:10E49000006FFFA546DFD00000000000004EFFFF28
:10E4A000FFF40000000000000006CEFD81001FFF09
:10E4B000FFFFFFDA5000001FFFFFFFFFFFFD3000EE
:10E4C0001FFD777778AFFFF3001FFB00000000AF60
:10E4D000FD001FFB000000000BFF501FFB000000B1
:10E4E0000004FF901FFB0000000001FFB01FFB00B5
:10E4F00000000001FFB01FFB0000000004FF901FA0
:10E50000FB000000000BFF501FFB000000009FFEFF
:10E51000001FFD6666679EFFF3001FFFFFFFFFFF02
:10E52000FD30001FFFFFFFFFFFB000001FFB0000DA
:10E5300000CFF300001FFB0000002FFE00001FFBB8
:10E5400000000006FFA0001FFB00000000BFF50058
:10E550001FFB000000001EFE101FFB000000000457
:10E56000FFB000006BDFFEC83000005EFFFFFFFF62
:10E57000FC2004FFFC8667BFFF100DFF5000000069
:10E5800069003FF90000000000005FF60000000095
:10E5900000003FFA0000000000000EFF80000000B5
:10E5A000000006FFFFA620000000005EFFFFFD94B4
:10E5B000000000006BFFFFFFD300000000048CFF91
:10E5C000FF3000000000002BFFD000000000000022
:10E5D000CFF10000000000008FF3050000000000F4
:10E5E000AFF15FB400000006FFB0AFFFE97668DF6F
:10E5F000FF3007EFFFFFFFFFD30000059DEFEDA504
:10E600000000EFFFFFFFFFFFFFFF5EFFFFFFFFFFC9
:10E61000FFFFF56777778FFC77777720000002FFA1
:10E62000900000000000002FF90000000000000230
:10E63000FF900000000000002FF900000000000023
:10E6400002FF900000000000002FF9000000000011
:10E650000002FF900000000000002FF90000000001
:10E66000000002FF900000000000002FF9000000F1
:10E6700000000002FF900000000000002FF90000E1
:10E680000000000002FF900000000000002FF900D1
:10E69000000000000002FF900000000000002FF9C1
:10E6A00000000000000002FF900000003FF90000A1
:10E6B0000000006FF53FF900000000006FF53FF922
:10E6C00000000000006FF53FF900000000006FF54A
:10E6D0003FF900000000006FF53FF9000000000066
:10E6E0006FF53FF900000000006FF53FF9000000F2
:10E6F00000006FF53FF900000000006FF53FF900E2
:10E70000000000006FF53FF900000000006FF53FCA
:10E71000F900000000006FF52FFA00000000007FF4
:10E72000F40FFD0000000000AFF20CFF200000001D
:10E7300000EFE007FFA000000007FF9000EFF900E6
:10E7400000007FFF20004FFFEA88AEFFF5000003C6
:10E75000EFFFFFFFFE4000000006AEFFEB60000091
:10E760000DFF30000000000001FFC06FFA00000044
:10E770000000007FF500EFF100000000000EFE0039
:10E7800008FF800000000005FF70001FFE00000071
:10E790000000CFF10000AFF5000000003FF90000DD
:10E7A00003FFC00000000AFF2000000CFF30000043
:10E7B00001FFB00000005FFA0000008FF5000000CC
:10E7C00000EFF100000EFE0000000008FF800006D0
:10E7D000FF70000000001FFE0000DFF100000000DD
:10E7E00000AFF5004FF9000000000003FFC00AFF72
:10E7F0002000000000000CFF32FFB000000000000D
:10E80000005FFA8FF400000000000000EFFFFD0041
:10E8100000000000000007FFFF7000000000000083
:10E82000001FFFF100000000000000009FF9000041
:10E8300000000EFE00000000009FF5000000000335
:10E84000FF709FF4000000000EFFA0000000008F8A
:10E85000F204FF9000000004FFFF000000000DFC28
:10E86000000EFE000000009FFFF500000003FF7097
:10E8700000AFF30000000EFBFFA00000008FF200CD
:10E8800004FF90000004FF4BFF0000000DFD00009E
:10E890000FFE0000009FF06FF5000002FF70000007
:10E8A000AFF300000EFA01FFA000008FF200000598
:10E8B000FF800004FF400BFF00000DFD0000000F73
:10E8C000FD0000AFE0006FF40002FF80000000AF29
:10E8D000F3000FFA0001FFA0008FF300000005FF16
:10E8E0008004FF40000BFF000DFD000000000FFD45
:10E8F00000AFE000005FF402FF8000000000AFF214
:10E900000FF9000000FF907FF30000000005FF8575
:10E91000FF4000000BFE0DFD00000000000FFDAFEA
:10E92000E00000005FF7FF800000000000BFFFF97B
:10E9300000000000FFFFF3000000000005FFFF40A3
:10E940000000000BFFFE0000000000001FFFE000C1
:10E950000000005FFF90000000000000BFF9000011
:10E96000000000FFF30000000CFF50000000006FEB
:10E97000F9002FFF200000002FFD00006FFC0000B9
:10E98000000DFF300000BFF7000008FF700000011D
:10E99000EFF30004FFB000000004FFD001EFE1003E
:10E9A00000000009FFA0AFF500000000000DFFAF60
:10E9B000F90000000000002FFFFD00000000000033
:10E9C000007FFF400000000000000CFFFA00000084
:10E9D00000000008FFFFF6000000000004FFD2FF67
:10E9E000F20000000001EFF206FFC000000000AFDF
:10E9F000F7000AFF800000006FFB00001EFF4000D0
:10EA0000002FFE1000003FFE10000DFF5000000020
:10EA10008FFA0009FFA000000000CFF604FFD0002D
:10EA200000000002FFF20CFF300000000000DFE0F9
:10EA300003FFC00000000007FF50009FF600000029
:10EA4000001FFB00001EFE00000000AFF2000006E9
:10EA5000FF90000003FF80000000DFF200000DFEC9
:10EA6000000000003FFB00006FF5000000000AFFFF
:10EA70005001EFC00000000001FFE009FF2000008E
:10EA80000000007FF83FF90000000000000DFFDFEC
:10EA9000E000000000000003FFFF60000000000035
:10EAA0000000AFFC00000000000000005FF7000065
:10EAB0000000000000005FF7000000000000000000
:10EAC0005FF700000000000000005FF7000000009A
:10EAD000000000005FF700000000000000005FF78A
:10EAE00000000000000000005FF7000000009FFF32
:10EAF000FFFFFFFFFFFF39FFFFFFFFFFFFFFF347B0
:10EB00007777777777DFFB0000000000004FFE107B
:10EB100000000000002FFF3000000000000DFF602B
:10EB200000000000000AFF90000000000007FFC086
:10EB3000000000000004FFE2000000000001EFF40C
:10EB4000000000000000CFF70000000000009FFB65
:10EB50000000000000006FFD0000000000003FFF0B
:10EB60002000000000001EFF5000000000000BFF0E
:10EB700090000000000008FFC0000000000005FF3A
:10EB8000F8777777777774CFFFFFFFFFFFFFFF9C62
:10EB9000FFFFFFFFFFFFFFF91FFFFFC1FFFFFC1F8C
:10EBA000FB3321FFA0001FFA0001FFA0001FFA00A5
:10EBB00001FFA0001FFA0001FFA0001FFA0001FFE3
:10EBC000A0001FFA0001FFA0001FFA0001FFA00033
:10EBD0001FFA0001FFA0001FFA0001FFA0001FFAAA
:10EBE0000001FFA0001FFA0001FFB3321FFFFFC1A9
:10EBF000FFFFFC07830000000000BFB00000000022
:10EC000005FF10000000000FF60000000000AFC07C
:10EC10000000000005FF10000000000FF7000000DA
:10EC20000000AFD00000000004FF20000000000E34
:10EC3000F800000000009FD00000000003FF30003B
:10EC40000000000EF800000000008FE0000000004F
:10EC500002FF40000000000DF900000000007FE00E
:10EC60000000000002FF40000000000CFA0000005D
:10EC700000007FF00000000001FF50000000000BCA
:10EC8000FB00000000006FF10000000001FF6000C9
:10EC90000000000BFB00000000005FF1000000001E
:10ECA00000FF607FFFFF67FFFFF61337FF60004F35
:10ECB000F60004FF60004FF60004FF60004FF6000E
:10ECC00004FF60004FF60004FF60004FF60004FFF1
:10ECD00060004FF60004FF60004FF60004FF600084
:10ECE0004FF60004FF60004FF60004FF60004FF68F
:10ECF0000004FF61337FF67FFFFF67FFFFF6000030
:10ED000007830000000005FFB000000000CFFF20D7
:10ED10000000003FD7F90000000AF61FF0000001D4
:10ED2000FF00AF6000008F9003FD00000EF2000DA9
:10ED3000F40006FB00006FB000DF400000FF204F32
:10ED4000D0000009F90BF70000002FF0BBBBBBBBE4
:10ED5000BBBBBBFFFFFFFFFFFFFF3887000006FFC5
:10ED6000B000002DFC100000AFD10017BEFFDA404C
:10ED70000008FFFFFFFFF9000DFEA656AFFF60037E
:10ED800070000002FFE000000000008FF2000000B1
:10ED900000006FF40028CEEFFFFFF406FFFFFFFF37
:10EDA000FFF52FFE5100006FF57FF40000006FF5B6
:10EDB0009FF10000008FF57FF5000002FFF52FFEA8
:10EDC00050016EFFF505FFFFFFFF9FF50029EFFDE6
:10EDD000923FF57FF30000000000007FF300000089
:10EDE0000000007FF30000000000007FF30000003F
:10EDF0000000007FF30000000000007FF30000002F
:10EE00000000007FF305BEFDB500007FF5CFFFFFDA
:10EE1000FFD2007FFEFFA768EFFF207FFFD2000038
:10EE200009FFD07FFF20000000AFF57FF900000050
:10EE3000002FFA7FF5000000000EFC7FF3000000B9
:10EE4000000DFE7FF5000000000EFC7FF9000000C1
:10EE5000003FFA7FFF20000000BFF57FFFD20000D7
:10EE600009FFD07FFDFFA768EFFF207FF3CFFFFFF3
:10EE7000FFD2007FF205BEFEB50000000039DFFDC5
:10EE800093000001BFFFFFFFF90001DFFE9669FF5D
:10EE9000F800BFFA000001CF803FFC000000012015
:10EEA00008FF400000000000BFF000000000000C60
:10EEB000FE000000000000BFF0000000000008FF9E
:10EEC0004000000000002FFC000000012000BFFAFD
:10EED000000001CF8001DFFE9669FFF80001BFFF4F
:10EEE000FFFFF800000039DFFD9300000000000084
:10EEF00000002FF80000000000002FF800000000C4
:10EF000000002FF80000000000002FF800000000B3
:10EF100000002FF80000000000002FF800005ADF6A
:10EF2000EC602FF8002CFFFFFFFD4FF801EFFE967D
:10EF30006AFFEFF80CFFA000001CFFF83FFC000088
:10EF40000001EFF89FF4000000008FF8BFF0000010
:10EF500000003FF8CFE0000000002FF8BFF00000F5
:10EF600000003FF89FF3000000007FF83FFB000027
:10EF70000000DFF80CFF8000000BFFF801EFFC63DE
:10EF800047EFEFF8002CFFFFFFFE3FF800005BDFCC
:10EF9000EC700FF800004BDFEC61000001CFFFFFC9
:10EFA000FFE40001EFFB6459FFF400BFF40000022E
:10EFB000DFE13FF600000002FF69FF000000000BE8
:10EFC000FBBFFFFFFFFFFFFFDCFFFFFFFFFFFFFEB9
:10EFD000BFF0000000000008FF4000000000003FFC
:10EFE000FC000000001000BFFB1000005E3001DFDD
:10EFF000FF9668CFFC0001BFFFFFFFFD2000003936
:10F00000DEFEA50000000018DFEB40001DFFFFF949
:10F010000009FFA4493000EFD00000000FF9000004
:10F020000001FF9000009FFFFFFFFE09FFFFFFFFB1
:10F03000E0234FFB33330001FFA00000001FFA0064
:10F04000000001FFA00000001FFA00000001FFA067
:10F050000000001FFA00000001FFA00000001FFADE
:10F0600000000001FFA00000001FFA00000001FFE7
:10F07000A00000001FFA00000000005BDFEC710C34
:10F08000FC003DFFFFFFFE4CFC03FFFD8668EFFE2A
:10F09000FC0DFF80000008FFFC5FF9000000009FEE
:10F0A000FCAFF2000000002FFCCFE0000000000EDB
:10F0B000FCCFF0000000000FFCAFF2000000002FBA
:10F0C000FC5FFA00000000AFFC0DFF90000009FF9C
:10F0D000FC02FFFE9669EFFFFC003DFFFFFFFE4FC5
:10F0E000FB00005BDFEC710FFA0000000000002F56
:10F0F000F90000000000008FF503E600000005FFA6
:10F10000E00CFFEA7668CFFF5002CFFFFFFFFFF66B
:10F110000000038BEFFEB710007FF300000000003B
:10F1200007FF3000000000007FF300000000000730
:10F13000FF3000000000007FF3000000000007FF28
:10F140003000000000007FF306BEFEB50007FF5D43
:10F15000FFFFFFFB007FFFFE977AFFF907FFFB0031
:10F160000003FFF27FFE00000007FF67FF70000052
:10F17000003FF87FF400000001FF97FF300000001F
:10F180001FFA7FF300000001FFA7FF300000001FFF
:10F19000FA7FF300000001FFA7FF300000001FFA14
:10F1A0007FF300000001FFA7FF300000001FFA7F7F
:10F1B000F300000001FFA05ED3DFFABFF7065000A6
:10F1C0000000007FF37FF37FF37FF37FF37FF37F14
:10F1D000F37FF37FF37FF37FF37FF37FF37FF37F9F
:10F1E000F3000003EE400000BFFC000009FF9000A8
:10F1F000000660000000000000000000000005FFA5
:10F200006000005FF6000005FF6000005FF6000090
:10F2100005FF6000005FF6000005FF6000005FF67C
:10F22000000005FF6000005FF6000005FF600000C1
:10F230005FF6000005FF6000005FF6000005FF605C
:10F2400000005FF5000009FF30B658FFE05FFFFFE8
:10F25000F402ADFEB3007FF30000000000007FF376
:10F260000000000000007FF30000000000007FF3BA
:10F270000000000000007FF30000000000007FF3AA
:10F280000000000000007FF30000004FFE207FF32D
:10F29000000005FFE2007FF300006FFE20007FF317
:10F2A0000007FFE200007FF3008FFE2000007FF3E5
:10F2B00009FFE20000007FF4AFFF900000007FFE36
:10F2C000FFFFF50000007FFFFC5FFF2000007FFFD5
:10F2D000B008FFD000007FFA0000BFFA00007FF303
:10F2E00000000DFF70007FF3000002FFF4007FF3C9
:10F2F0000000005FFE107FF300000008FFC07FF3F6
:10F300007FF37FF37FF37FF37FF37FF37FF37FF36D
:10F310007FF37FF37FF37FF37FF37FF37FF37FF35D
:10F320007FF37FF37FF37FF37FF218CEFD9300022C
:10F330008DFFD920007FF5EFFFFFFF707FFFFFFFFC
:10F34000F6007FFFFC645AFFFAFFC645AFFF307F2F
:10F35000FF8000006FFFF8000007FFB07FFD000096
:10F36000000DFFC0000000DFF07FF700000009FF84
:10F37000700000009FF17FF400000007FF400000D4
:10F38000008FF27FF300000007FF300000008FF3D2
:10F390007FF300000007FF300000008FF37FF300D1
:10F3A000000007FF300000008FF37FF3000000072C
:10F3B000FF300000008FF37FF300000007FF3000F4
:10F3C00000008FF37FF300000007FF300000008F84
:10F3D000F37FF300000007FF300000008FF37FF39E
:10F3E00000000007FF300000008FF37FF207CEFE21
:10F3F000B50007FF5EFFFFFFFB007FFFFD7558EFC5
:10F40000F907FFF9000002EFF27FFD00000007FF9F
:10F4100067FF700000002FF87FF400000001FF97E5
:10F42000FF300000001FFA7FF300000001FFA7FF7C
:10F43000300000001FFA7FF300000001FFA7FF303B
:10F440000000001FFA7FF300000001FFA7FF30005B
:10F4500000001FFA7FF300000001FFA000004ADF58
:10F46000ED820000001BFFFFFFFF800001EFFE9612
:10F470006AFFFB000BFFA000001CFF703FFC0000B8
:10F480000001EFE08FF4000000007FF5BFF0000006
:10F4900000003FF7CFE0000000002FF9BFF00000B0
:10F4A00000003FF78FF4000000008FF53FFC0000E4
:10F4B0000001EFE00BFFA000001CFF7001DFFE96D3
:10F4C0006AFFFB00001BFFFFFFFF800000004ADF18
:10F4D000ED9200007FF206BEFDB500007FF4DFFF75
:10F4E000FFFFD2007FFEFE8446CFFF207FFFC100DA
:10F4F0000007FFD07FFE100000009FF57FF800009E
:10F5000000002FFA7FF4000000000EFC7FF30000E3
:10F5100000000DFE7FF5000000000EFC7FF90000EA
:10F5200000003FFA7FFF20000000BFF57FFFD20000
:10F530000009FFD07FFEFFA768EFFF207FF4CFFF19
:10F54000FFFFD2007FF305BEFEB500007FF3000091
:10F55000000000007FF30000000000007FF30000C7
:10F56000000000007FF30000000000007FF30000B7
:10F570000000000000005ADFEC600FF8002CFFFFD5
:10F58000FFFD2FF801EFFE966AFFEFF80CFFA000D9
:10F59000002CFFF83FFC00000001EFF89FF4000092
:10F5A00000007FF8BFF0000000003FF8CFE000004F
:10F5B00000002FF8BFF0000000003FF89FF40000AB
:10F5C00000008FF83FFC00000001EFF80CFFA000E6
:10F5D000001CFFF801EFFE966AFFEFF8002CFFFF1A
:10F5E000FFFC3FF800005BDFEC602FF8000000003C
:10F5F00000002FF80000000000002FF800000000BD
:10F6000000002FF80000000000002FF800000000AC
:10F6100000002FF87FF206CE87FF3DFFF87FFDFF49
:10F62000C957FFFD20007FFF100007FF8000007F0B
:10F63000F5000007FF3000007FF3000007FF3000F7
:10F64000007FF3000007FF3000007FF3000007FF9A
:10F650003000007FF300000000029DFFEC830000FB
:10F660008FFFFFFFFF8005FFE86569EF200BFF209C
:10F67000000003000DFD00000000000BFF70000003
:10F68000000003FFFEB8510000004DFFFFFFD50052
:10F690000000369CFFFF700000000005EFF0000046
:10F6A0000000008FF20570000000BFF10EFFA755AB
:10F6B0007CFFB01CFFFFFFFFFC100038CEFFDA50CC
:10F6C0000000088500000001FFA00000001FFA00F4
:10F6D000000001FFA000009FFFFFFFFE09FFFFFFEA
:10F6E000FFE0234FFB33330001FFA00000001FFAAF
:10F6F00000000001FFA00000001FFA00000001FF51
:10F70000A00000001FFA00000001FFA00000000F91
:10F71000FA00000000FFE00000000AFFB55A4000B8
:10F720002EFFFFFB000019EFEA309FF100000005FB
:10F73000FF69FF100000005FF69FF100000005FF69
:10F7400069FF100000005FF69FF100000005FF69EF
:10F75000FF100000005FF69FF100000005FF69FF49
:10F76000100000005FF69FF100000005FF68FF3009
:10F770000000008FF65FF70000000EFF61FFE2005F
:10F78000000AFFF608FFE8446DFFFF600AFFFFFF75
:10F79000FE5FF60004AEFEC702FF600DFE00000033
:10F7A0000002FF706FF6000000009FF100EFC00044
:10F7B00000001FF90008FF30000007FF20002FFAAB
:10F7C000000000EFB00000AFF100005FF4000003A4
:10F7D000FF80000CFD0000000DFE0003FF60000034
:10F7E000006FF500AFF000000000EFC01FF900004F
:10F7F000000008FF37FF20000000001FFAEFB000F4
:10F8000000000000AFFFF4000000000003FFFD0057
:10F8100000000000000CFF60000000AFE0000000EE
:10F820000AFE000000009FD4FF40000001FFF50029
:10F8300000000EF70EF90000006FFFB0000005FF9A
:10F84000108FF000000CFFFF100000BFB002FF504F
:10F850000002FF5FF600001FF5000CFB00008FD0D8
:10F86000BFC00006FE00007FF1000EF705FF20007C
:10F87000CF900001FF6004FF100EF8002FF300008E
:10F880000BFC00AFB0009FE008FD0000005FF21F1E
:10F89000F50003FF40EF70000000EF86FF00000C52
:10F8A000F94FF100000009FDCF9000006FFAFB0056
:10F8B0000000003FFFF3000001FFFF6000000000B8
:10F8C000DFFD0000000AFFF00000000007FF7000ED
:10F8D00000004FFA0000001EFE10000009FF500358
:10F8E000FFC000005FF900006FF80002EFC00000E9
:10F8F0000AFF500CFF20000000DFE29FF50000002F
:10F90000002FFEFF800000000006FFFC000000004A
:10F910000000EFF500000000000AFFFE20000000DC
:10F92000006FFAFFC000000003FFC05FF900000095
:10F930001DFE1009FF500000BFF40000DFF20007B9
:10F94000FF8000002FFD003FFC00000005FFA00D20
:10F95000FE0000000002FF706FF6000000009FF044
:10F9600000EFD00000001FF80007FF50000008FF64
:10F9700010001FFC000000EFA000009FF300006FCC
:10F98000F3000002FFA0000DFC0000000AFF1004BD
:10F99000FF400000003FF800BFD000000000CFF0A3
:10F9A0002FF60000000004FF79FE00000000000DAB
:10F9B000FEFF7000000000006FFFF100000000007B
:10F9C00000EFF900000000000009FF200000000027
:10F9D0000001FFB00000000100009FF300000000E4
:10F9E000EB65AFFA000000006FFFFFFD10000000A4
:10F9F000006CFFD70000000000BFFFFFFFFFFF5BB0
:10FA0000FFFFFFFFFFF4233333338FFB00000000C1
:10FA10002FFD100000001DFF300000000BFF500004
:10FA2000000008FF8000000004FFB000000002FF9B
:10FA3000E100000000DFF300000000AFF60000006E
:10FA4000007FF9000000004FFE333333331DFFFF0A
:10FA5000FFFFFFF8EFFFFFFFFFFF8000006CFF409C
:10FA6000007FFFF4000EFF731001FFB000002FF8BD
:10FA7000000002FF8000002FF8000002FF8000005D
:10FA80002FF8000002FF8000002FF800013AFF501D
:10FA9000006FFF900006FFFD1000007FF6000002DF
:10FAA000FF8000002FF8000002FF8000002FF80008
:10FAB0000002FF8000002FF8000002FF8000001FFE
:10FAC000FB000000EFF8310006FFFF400005CFF417
:10FAD0001FF71FF71FF71FF71FF71FF71FF71FF776
:10FAE0001FF71FF71FF71FF71FF71FF71FF71FF766
:10FAF0001FF71FF71FF71FF71FF71FF71FF71FF756
:10FB00001FF71FF77FFB400007FFFF4000149FFC1B
:10FB1000000000DFF000000AFF000000AFF000006E
:10FB20000AFF000000AFF000000AFF000000AFF085
:10FB300000000AFF0000008FF8300001BFFF300016
:10FB40002EFFF30009FF500000AFF000000AFF0095
:10FB50000000AFF000000AFF000000AFF000000A54
:10FB6000FF000000AFF000000DFF000149FFC000E2
:10FB70007FFFF40007FFB40000007EFC300002FAB3
:10FB800007FFFFF60005F80EF627FF801DF43FB0D3
:10FB9000004EFFFFB05F700001AFFA1000001000D0
:10FBA00000007EFFC4000AFA67DF504F80000CF0AF
:10FBB0009F000004F5BD000002F69F100005F43F11
:10FBC000A0001EE008FD9AFF40005CFEA2000001BC
:10FBD0000004EFC10EFFFB1FFFFD0EFFFA03CFB1C4
:10FBE00000000000000000000000000001300000E4
:10FBF00000000000000000000038DFF900000000F5
:10FC0000000000000015AEFFFFFF00000000000034
:10FC100000027CFFFFFFFFFF00000000000049EF33
:10FC2000FFFFFFFFFFFF0000000016BFFFFFFFFF09
:10FC3000FFFFFFFF00000008FFFFFFFFFFFFFFFFC8
:10FC4000FFFF0000000FFFFFFFFFFFFFFFFFFFFFB1
:10FC50000000000FFFFFFFFFFFFFFFE9BFFF0000F5
:10FC6000000FFFFFFFFFFFFC73008FFF0000000F7E
:10FC7000FFFFFFFEA51000008FFF0000000FFFFF39
:10FC8000D830000000008FFF0000000FFFA200002E
:10FC9000000000008FFF0000000FFF800000000048
:10FCA00000008FFF0000000FFF8000000000000038
:10FCB0008FFF0000000FFF800000000000008FFF9A
:10FCC0000000000FFF800000000000008FFF000018
:10FCD000000FFF800000000000008FFF0000000FF9
:10FCE000FF80000000017ACBCFFF0000000FFF80F3
:10FCF0000000005FFFFFFFFF0000000FFF8000001B
:10FD000002FFFFFFFFFF0001332FFF80000007FF0E
:10FD1000FFFFFFFF03CFFFFFFF80000005FFFFFF96
:10FD2000FFFD5FFFFFFFFF80000000BFFFFFFFF44C
:10FD3000DFFFFFFFFF8000000007EFFFFB20FFFF5A
:10FD4000FFFFFF700000000001320000AFFFFFFF67
:10FD5000FF2000000000000000000AFFFFFFE40099
:10FD600000000000000000000027AA95000000002D
:10FD70000000000000009B000CFFFFFFFFFFFFFFE3
:10FD8000FFB000B9FE444EFFFFFFFFFFFFFFFFE49F
:10FD900044EFFFFFFFFFAAAAAAAAAAAAFFFFFFFF3C
:10FDA000FF888FFD000000000000EFF888FFFC00D6
:10FDB0000CFD000000000000EFB000CFFC000CFDC7
:10FDC000000000000000EFB000CFFD000DFD0000BE
:10FDD00000000000EFD000DFFFFFFFFD000000008B
:10FDE0000000EFFFFFFFFFCCCFFE0000000000008F
:10FDF000EFFCCCFFFC000CFFDDDDDDDDDDDDFFC059
:10FE000000CFFC000CFFFFFFFFFFFFFFFFB000CFA4
:10FE1000FC000CFFDDDDDDDDDDDDFFC000CFFFCC54
:10FE2000CFFE000000000000EFFCCCFFFFFFFFFD55
:10FE3000000000000000EFFFFFFFFD000DFD0000CF
:10FE400000000000EFD000DFFC000CFD000000000F
:10FE50000000EFB000CFFC000CFD0000000000002F
:10FE6000EFB000CFFF888FFD000000000000EFF82A
:10FE700088FFFFFFFFFFAAAAAAAAAAAAFFFFFFFF07
:10FE8000FE444EFFFFFFFFFFFFFFFFE444EFAB0028
:10FE90000CFFFFFFFFFFFFFFFFB000B99FFFFFFB5D
:10FEA00000AFFFFFFFFFFFFFFFF9FFFFFFFF21FF95
:10FEB000FFFFFFFFFFFFFFFFFFFFFFFF21FFFFFF30
:10FEC000FFFFFFFFFFFFFFFFFFFF21FFFFFFFFFF20
:10FED000FFFFFFFFFFFFFFFF21FFFFFFFFFFFFFF10
:10FEE000FFFFFFFFFFFF21FFFFFFFFFFFFFFFFFF00
:10FEF000AFFFFFFC00CFFFFFFFFFFFFFFFFA000097
:10FF000000000000000000000000000000000000F1
:10FF1000000000000000000000009FFFFFFB00BF8A
:10FF2000FFFFFFFFFFFFFFF9FFFFFFFF21FFFFFFC5
:10FF3000FFFFFFFFFFFFFFFFFFFF21FFFFFFFFFFAF
:10FF4000FFFFFFFFFFFFFFFF21FFFFFFFFFFFFFF9F
:10FF5000FFFFFFFFFFFF21FFFFFFFFFFFFFFFFFF8F
:10FF6000FFFFFFFF21FFFFFFFFFFFFFFFFFFAFFFCF
:10FF7000FFFC00BFFFFFFFFFFFFFFFF900000000D5
:10FF80000000000000000000000000000000000071
:10FF90000000000000000000AFFFFFFC00CFFFFFEB
:10FFA000FFFFFFFFFFFAFFFFFFFF21FFFFFFFFFF44
:10FFB000FFFFFFFFFFFFFFFF21FFFFFFFFFFFFFF2F
:10FFC000FFFFFFFFFFFF21FFFFFFFFFFFFFFFFFF1F
:10FFD000FFFFFFFF21FFFFFFFFFFFFFFFFFFFFFF0F
:10FFE000FFFF21FFFFFFFFFFFFFFFFFF9FFFFFFB63
:10FFF00000AFFFFFFFFFFFFFFFF900000000000060
:020000040804EE
:10000000000000000005E900000000000000000002
:100010000000006FFFA000000000000000000000D2
:1000200006FFFFF9000000000000000000006FFF65
:10003000FFFF00000000000000000006FFFFFFF8C7
:100040000000000000000000006FFFFFFF800000C4
:1000500000000000000006FFFFFFF800008E5000C7
:10006000000000006FFFFFFF80000AFFF6000000A5
:100070000006FFFFFFF800009FFFFF600000006F19
:10008000FFFFFF800000FFFFFFF6000006FFFFFFFD
:10009000F80000008FFFFFFF60006FFFFFFF800090
:1000A000000008FFFFFFF606FFFFFFF8000000005A
:1000B000008FFFFFFFAFFFFFFF8000000000000880
:1000C000FFFFFFFFFFFFF8000000000000008FFFB0
:1000D000FFFFFFFF800000000000000008FFFFFF9F
:1000E000FFF80000000000000000008FFFFFFF701D
:1000F00000000000000000000007FFFFF700000004
:1001000000000000000000007FFF70000000000001
:1001100000000000000007E70000000000000000F1
:100120000000000000000000100006FF500000006A
:10013000002DFA006FFFF500000002EFFFA0EFFFB7
:10014000FF5000002EFFFFF2CFFFFFF50002EFFF90
:10015000FFF12EFFFFFF502EFFFFFF5002EFFFFFCA
:10016000F7EFFFFFF500002EFFFFFFFFFFFF50003E
:100170000002EFFFFFFFFFF5000000002EFFFFFF72
:10018000FF500000000004FFFFFFF8000000000027
:100190002EFFFFFFFF5000000002EFFFFFFFFFF503
:1001A0000000002EFFFFFFFFFFFF500002EFFFFFE8
:1001B000F6EFFFFFF5002EFFFFFF402EFFFFFF5081
:1001C000CFFFFFF40002EFFFFFF1EFFFFF40000061
:1001D0002EFFFFF26FFFF400000002EFFFA006FF0A
:1001E00040000000002DFA000000000000000000A8
:1001F00010000000000000006996000000000000F0
:10020000000000000002FFFF2000000000000000CE
:1002100000000003FFFF300000000000000001A804
:100220000003FFFF30008A10000000003EFF600363
:10023000FFFF3006FFE300000002EFFFE003FFFFD7
:10024000300EFFFF3000000DFFFFE003FFFF300E18
:10025000FFFFD100009FFFFE3003FFFF3003EFFFE1
:10026000F90002FFFFE20003FFFF30002EFFFF2036
:1002700009FFFF500003FFFF300005FFFF900EFF56
:10028000FC000003FFFF300000CFFFE03FFFF50060
:100290000003FFFF3000006FFFF36FFFF00000036B
:1002A000FFFF3000000FFFF67FFFE0000003FFFFBD
:1002B0003000000EFFF88FFFD0000002FFFF20008B
:1002C000000DFFF88FFFE0000000EFFE0000000EC1
:1002D000FFF76FFFF000000002200000000FFFF6A4
:1002E0003FFFF500000000000000005FFFF30EFF7D
:1002F000FB0000000000000000BFFFE009FFFF401E
:1003000000000000000004FFFF9002FFFFE2000079
:10031000000000002EFFFF20009FFFFE30000000C5
:100320000003EFFFF900001EFFFFF8000000008F40
:10033000FFFFD1000003FFFFFFFA7557AFFFFFFE7D
:10034000200000003EFFFFFFFFFFFFFFFFE3000074
:10035000000002CFFFFFFFFFFFFFFC1000000000C6
:100360000006EFFFFFFFFFFE60000000000000003E
:10037000049DFFFED94000000000000000000000C6
:10038000000000000000000000000000000000006D
:10039000000000000000000000002CFFFFD600005D
:1003A0000000000000000005FFFFFFA000000000AB
:1003B00000000000005FFFFFFA00000000000000E6
:1003C000000008FFFFFFC1000000000001C8005D41
:1003D000FFFFFFFFF8006D400000CFFEAFFFFFFF03
:1003E000FFFFFCCFFE20007FFFFFFFFFFFFFFFFFAF
:1003F000FFFFFB001FFFFFFFFFFFFFFFFFFFFFFFF0
:10040000F407FFFFFFFFFFFFFFFFFFFFFFFFB0CF7E
:10041000FFFFFFFFE7325DFFFFFFFFFF13CFFFFF8F
:10042000FFE100000BFFFFFFFE60007FFFFFF40015
:1004300000000EFFFFFB100004FFFFFE00000000A5
:100440009FFFFF9000005FFFFFC000000008FFFF5C
:10045000FA000004FFFFFE000000009FFFFF800085
:10046000007FFFFFF40000000EFFFFFB1003CFFF33
:10047000FFFFE100000BFFFFFFFE60CFFFFFFFFF6C
:10048000E7325DFFFFFFFFFF17FFFFFFFFFFFFFFEB
:10049000FFFFFFFFFFB01EFFFFFFFFFFFFFFFFFF9C
:1004A000FFFFF4007FFFFFFFFFFFFFFFFFFFFFFBEA
:1004B0000000CFFEAFFFFFFFFFFFFCCFFE100001EB
:1004C000C8005DFFFFFFFFF8005D40000000000076
:1004D00008FFFFFFC00000000000000000005FFFF9
:1004E000FFFA00000000000000000005FFFFFFA071
:1004F0000000000000000000002CFFFFD6000000FC
:1005000000000000000000000000000000000000EB
:100510000000000000000037600000488840000034
:1005200000000000000007FFFD1000AFFFA000006A
:10053000000000000000AFFFFFE300BFFFB00000BD
:1005400000000000001CFFFFFFFF60BFFFB00000C5
:100550000000000003EFFFF8CFFFF9BFFFB000007D
:10056000000000006FFFFE300AFFFFFFFFB0000039
:1005700000000008FFFFD203107FFFFFFFB0000064
:10058000000001BFFFFA008FD204FFFFFFB00000A0
:1005900000002DFFFF800BFFFF402DFFFFB000008C
:1005A0000004FFFFF502DFFFFFF701BFFFFA0000C5
:1005B000007FFFFE303EFFFFFFFFA009FFFFC100ED
:1005C0000AFFFFC106FFFFFFFFFFFC106FFFFE30B9
:1005D000BFFFFA009FFFFFFFFFFFFFE304EFFFF401
:1005E000BFFF701BFFFFFFFFFFFFFFFF502DFFF35B
:1005F0000DF402DFFFFFFFFFFFFFFFFFF800BF600A
:1006000001200BFFFFFFFFFFFFFFFFFFFF30030095
:1006100000000CFFFFFFFFFFFFFFFFFFFF40000098
:1006200000000CFFFFFFFFFFFFFFFFFFFF40000088
:1006300000000CFFFFFFF40000CFFFFFFF400000B1
:1006400000000CFFFFFFF20000AFFFFFFF400000C3
:1006500000000CFFFFFFF20000AFFFFFFF400000B3
:1006600000000CFFFFFFF20000AFFFFFFF400000A3
:1006700000000CFFFFFFF20000AFFFFFFF40000093
:1006800000000CFFFFFFF20000AFFFFFFF40000083
:10069000000008FFFFFFD000006FFFFFFE1000000A
:1006A000000000000003555530000000000000006D
:1006B0000000005FFFFFF5000000000000000000E8
:1006C000008FFFFFF8000000000000000000008F16
:1006D000FFFFF8000000000000000000008FFFFF97
:1006E000F8000000000000000000008FFFFFF8008D
:1006F0000000000000000000008FFFFFF800000075
:10070000000000000000008FFFFFF8000000000064
:1007100000000000008FFFFFF80000000000000054
:100720000000008FFFFFF800000000000000000044
:10073000008FFFFFF8000000000000001CDDDDEF6F
:10074000FFFFFEDDDDC1000000004FFFFFFFFFFFE8
:10075000FFFFFFF40000000009FFFFFFFFFFFFFFA6
:10076000FF9000000000009FFFFFFFFFFFFFF90068
:10077000000000000009FFFFFFFFFFFF90000000E6
:10078000000000008FFFFFFFFFF8000000000000E6
:10079000000008FFFFFFFF800000000000000000D5
:1007A000008FFFFFF8000000000001111111100878
:1007B000FFFF800111111110BFFFFFFFFD108FF827
:1007C00001DFFFFFFFFBFFFFFFFFFFE206602DFFE2
:1007D000FFFFFFFFFFFFFFFFFFFE3003EFFFFFFF05
:1007E000FFFFFFFFFFFFFFFFFDDFFFFFFFFFFFFF3B
:1007F000FFFFFFFFFFFFFFFFFFFFFFFFFFFFFFFF09
:10080000FFFFFFFFFFFFFFF41EB08FFFFFFFFFFFA3
:10081000FFFFFFFFFFF52EC18FFFEFFFFFFFFFFF81
:10082000FFFFFFFFFFFFFFFE3788888888888888E2
:100830008888888888730000002BFFFFFFFFFFFF78
:10084000FFFE80000000000001EFFFFFFFFFFFFF41
:10085000FFFFF800000000000AFFFFFFFFFFFFFF9F
:10086000FFFFFF30000000005FFFD888888888887D
:10087000889FFFD000000001EFFF30000000000063
:10088000000BFFF80000000AFFF800000000000065
:100890000001EFFF3000005FFFD00000000000000B
:1008A00000005FFFD00001EFFF30000000000000FB
:1008B00000000BFFF8000AFFF80000000000000035
:1008C000000001EFFF205FFFD000000000000000EB
:1008D0000000005FFFD0DFFFB888887000000000D4
:1008E0004888888EFFF5FFFFFFFFFFF7000000003C
:1008F000EFFFFFFFFFF7FFFFFFFFFFFE0000000716
:10090000FFFFFFFFFFF8FFFFFFFFFFFF7000000E7C
:10091000FFFFFFFFFFF8FFFFFFFFFFFFFFFFFFFFEE
:10092000FFFFFFFFFFF8FFFFFFFFFFFFFFFFFFFFDE
:10093000FFFFFFFFFFF8FFFFFFFFFFFFFFFFFFFFCE
:10094000FFFFFFFFFFF8FFFFFFFFFFFFFFFFFFFFBE
:10095000FFFFFFFFFFF8FFFFFFFFFFFFFFFFFFFFAE
:10096000FFFFFFFFFFF7BFFFFFFFFFFFFFFFFFFFDF
:10097000FFFFFFFFFFF31BFFFFFFFFFFFFFFFFFF77
:10098000FFFFFFFFFE50000000000000000000001D
:100990000000588600000000049DEFFEB720000014
:1009A000DFFF00000006DFFFFFFFFFFB3000DFFF7F
:1009B000000001BFFFFFFFFFFFFFFA10CFFF0000A5
:1009C0002EFFFFFFFEEFFFFFFFE3BFFF0002EFFF81
:1009D000FF9400004BFFFFFEDFFF000DFFFFC20092
:1009E0000000003CFFFFFFFF009FFFF90000000038
:1009F00000008FFFFFFF02FFFF90000000001100CA
:100A000008FFFFFF09FFFD0000000003FFFFEEFFEE
:100A1000FFFF0EFFF40000000004FFFFFFFFFFFFD9
:100A20003FFFE00000000004FFFFFFFFFFFF2BCCB3
:100A3000600000000001BCCCCCCCCCCA000000009F
:100A400000000000000000000000000000000000A6
:100A50000000000000000000000000000000000096
:100A6000000000000000ACCCCCCCCCCB10000000CF
:100A70000006BCB2FFFFFFFFFFFF40000000000EBA
:100A8000FFF2FFFFFFFFFFFF40000000005FFFE0FD
:100A9000FFFFFFEEFFFF3000000000DFFF90FFFFD1
:100AA000FF800011000000000AFFFF20FFFFFFF899
:100AB0000000000000009FFFF900FFFFFFFFB200F1
:100AC0000000002CFFFFD000FFFDEFFFFFA400009F
:100AD0004AFFFFFE2000FFFB3EFFFFFFFEEFFFFF90
:100AE000FFE20000FFFC01AFFFFFFFFFFFFFFB1075
:100AF0000000FFFD0003BFFFFFFFFFFD60000000DF
:100B0000FFFD0000027CFFFFD94000000000688567
:100B100000000000000000000000000000000000D5
:100B2000000000000000000003B600000000003FCD
:100B3000FF0000000003FFFF000000003FFFFF0078
:100B4000000003FFFFFF3888888FFFFFFFEFFFFFE4
:100B5000FFFFFFFFFFFFFFFFFFFFFFFFFFFFFFFFA5
:100B6000FFFFFFFFFFFFFFFFFFFFFFFFFFFFFFFF95
:100B7000FFFFFFFFFFFFFFFFFFFFFFFFFFFFFFFF85
:100B8000FFFFFFFFFFFFFFFFFFFFFFFF9FFFFFFFD5
:100B9000FFFFFF00000008FFFFFF000000008FFFC5
:100BA000FF0000000008FFFF00000000008FFF00B2
:100BB0000000000008FC0000000000001000000021
:100BC000000000000000000000000000003B60008A
:100BD000000000000000003EFF00000000000000D8
:100BE000003FFFF0000000000000003FFFFF00009A
:100BF00000000000003FFFFFF00000003888888FF1
:100C0000FFFFFF0000000EFFFFFFFFFFFFF001B935
:100C100000FFFFFFFFFFFFFF006FFC0FFFFFFFFF65
:100C2000FFFFF001CFF7FFFFFFFFFFFFFF0000EF27
:100C3000DFFFFFFFFFFFFFF0000AFFFFFFFFFFFFE7
:100C4000FFFF0000DFDFFFFFFFFFFFFFF000BFF847
:100C5000FFFFFFFFFFFFFF006FFD0FFFFFFFFFFF25
:100C6000FFF002DB109FFFFFFFFFFFFF000000000F
:100C70000000008FFFFFF0000000000000008FFF69
:100C8000FF00000000000000008FFFF000000000E7
:100C9000000000008FFF0000000000000000008F37
:100CA000C000000000000000000020000000000064
:100CB00000000000000000000000185000000000CC
:100CC000000000000000000000007FFA00000000AB
:100CD000000000000000000000003FFFC100000015
:100CE0000000000003B60000000002DFFC0000006E
:100CF000000000003FFF00000021001CFF900000EA
:100D000000000003FFFF000004FE5001EFF30000AD
:100D10000000003FFFFF000005FFF6004FFC000051
:100D2000000003FFFFFF0000007FFF400AFF403884
:100D300088888FFFFFFF00000005FFE002FFA0EFA3
:100D4000FFFFFFFFFFFF001CA1008FF600CFF0FFA9
:100D5000FFFFFFFFFFFF006FFD001FFC008FF2FF92
:100D6000FFFFFFFFFFFF001CFF800AFF004FF5FFA2
:100D7000FFFFFFFFFFFF0000DFD007FF203FF7FF6F
:100D8000FFFFFFFFFFFF0000AFF006FF302FF7FF70
:100D9000FFFFFFFFFFFF0000DFD007FF203FF7FF4F
:100DA000FFFFFFFFFFFF001CFF800AFF004FF5FF62
:100DB000FFFFFFFFFFFF006FFD001FFC008FF2FF32
:100DC000FFFFFFFFFFFF001CA1009FF600DFE09F79
:100DD000FFFFFFFFFFFF00000005FFE003FFA00093
:100DE000000008FFFFFF0000007FFF400AFF4000F7
:100DF0000000008FFFFF000005FFF6004FFC000021
:100E000000000008FFFF000004FE5001EFF30000A7
:100E1000000000008FFF00000021001DFF90000077
:100E20000000000008FC0000000002DFFC000000E1
:100E3000000000000010000000003FFFC1000000A3
:100E4000000000000000000000007FFA0000000029
:100E50000000000000000000000018500000001B0F
:100E6000FFFFFFFFFFFFFFFFFFFFFFFFB1BFFFFF20
:100E7000FFFFFFFFFFFFFFFFFFFFFBFFFFFFFFFF86
:100E8000FFFFFFFFFFFFFFFFFFFFFF9327FFFFFFB6
:100E9000FFFFFFFFFFFFFFFFF900005FFFFFFFFF06
:100EA000FFFFFFFFFFFFF200000EFFFFFFFFFFFF4E
:100EB000FFFFFFFFF200000EFFFFFFFFD8FFFFFF65
:100EC000FFFFF700003FFFFFFFFC106FFFFFFFFF7A
:100ED000FF5003DFFFFFFFC10006FFFFFFFFFFFE24
:100EE000EFFFFFFFFC1000006FFFFFFFFFFFFEFFA3
:100EF000FFFFC100000006FFFFFFFFFFC13EFFFC38
:100F000010000000009FFFFFFFFC1003EFC1000076
:100F10000000008FFFFFFFC100003B100000000039
:100F2000008FFFFFFD100000000000000000008F98
:100F3000FFFFF8000000000000000000008FFFFF2E
:100F4000F8000000000000000000008FFFFFFC8898
:100F5000888888888888888888CFFFFFFFFFFFFF00
:100F6000FFFFFFFFFFFFFFFFFFBFFFFFFFFFFFFFD1
:100F7000FFFFFFFFFFFFFB1BFFFFFFFFFFFFFFFF69
:100F8000FFFFFFFFB100000000395000000000002B
:100F9000000000EFF20000000000000004FFF80075
:100FA0000000000000000AFFFE000000000000003A
:100FB0001FFFFF400000000000008FFFFFC0000087
:100FC00000000001FFFFFFF4000000000008FFFF29
:100FD000FFFC00000000002FFFFFFFFF600000008B
:100FE00000CFFFFFFFFFF100000007FFFFFFFFFF43
:100FF000FB0000003FFFFFFFFFFFFF700000DFFF6F
:10100000FFFFFFFFFFF30007FFFFFFFFFFFFFFFBF7
:10101000000EFFFFFFFFFFFFFFFF306FFFFFFFFF2F
:10102000FFFFFFFF90BFFFFFFFFFFFFFFFFFE0DFBE
:10103000FFFFFFFFFFFFFFFFF1FFFA0DFFFFFFFFC5
:10104000FFFFF3EFF80AFFFFFFFFFFFFF2DFFC06F1
:10105000FFFFFFFFFFFFF19FFF20CFFFFFFFFFFF1D
:10106000D04FFFB009FFFFFFFFFF700CFFFA000237
:10107000CFFFFFFE1002FFFFD610BFFFFFF50000FD
:101080005FFFFFFFFFFFFF80000004EFFFFFFFFF98
:10109000F60000000018FFFFFFFA2000000000002B
:1010A000046764000000004888000000000007702A
:1010B000BFFF3000000000BFF9BFFF300000001C80
:1010C000FFFCBFFF30000001DFFFFCBFFF3000006E
:1010D0002EFFFFFCBFFF300003EFFFFFFCBFFF3020
:1010E000004FFFFFFFFCBFFF3005FFFFFFFFFCBF0E
:1010F000FF306FFFFFFFFFFCBFFF37FFFFFFFFFF6A
:10110000FCBFFFBFFFFFFFFFFFFCBFFFFFFFFFFFB5
:10111000FFFFFCBFFFFFFFFFFFFFFFFCBFFFFFFF65
:10112000FFFFFFFFFCBFFFFFFFFFFFFFFFFCBFFF55
:101130005DFFFFFFFFFFFCBFFF31CFFFFFFFFFFCA5
:10114000BFFF300BFFFFFFFFFCBFFF3000AFFFFF13
:10115000FFFCBFFF300009FFFFFFFCBFFF300000B6
:101160008FFFFFFCBFFF30000006FFFFFCBFFF301A
:101170000000005FFFFCBFFF3000000004FFFB9F8A
:10118000FE20000000003DD3000000000000000031
:101190000003750000000000000000000007FFFCD5
:1011A00030000000000000000000EFFFFF91000091
:1011B0000000000000000FFFFFFFE600000000003D
:1011C000000000FFFFFFFFFD300000000000000FE7
:1011D000FFFFFFFFFFA1000000000000FFFFFFFF77
:1011E000FFFFF700000000000FFFFFFFFFFFFFFD04
:1011F0004000000000FFFFFFFFFFFFFFFFB2000005
:10120000000FFFFFFFFFFFFFFFFFF8000000FFFFE1
:10121000FFFFFFFFFFFFFFFE50000FFFFFFFFFFF7D
:10122000FFFFFFFFFFB200FFFFFFFFFFFFFFFFFF1A
:10123000FFFFF70FFFFFFFFFFFFFFFFFFFFFFFF4C1
:10124000FFFFFFFFFFFFFFFFFFFFFFFF7FFFFFFF2E
:10125000FFFFFFFFFFFFFFFFF4FFFFFFFFFFFFFFA9
:10126000FFFFFFFFF70FFFFFFFFFFFFFFFFFFFFF86
:10127000B200FFFFFFFFFFFFFFFFFFFE50000FFF69
:10128000FFFFFFFFFFFFFFF8000000FFFFFFFFFF72
:10129000FFFFFFB20000000FFFFFFFFFFFFFFD4059
:1012A00000000000FFFFFFFFFFFFF700000000004D
:1012B0000FFFFFFFFFFFA1000000000000FFFFFF86
:1012C000FFFD300000000000000FFFFFFFE6000000
:1012D000000000000000EFFFFF9100000000000090
:1012E000000006FFFC3000000000000000000003CA
:1012F0007400000000000000000000001AEFFFFF73
:10130000D500001AEFFFFFD50AFFFFFFFFF2000A2A
:10131000FFFFFFFFF2FFFFFFFFFF7000FFFFFFFF78
:10132000FF7FFFFFFFFFF8000FFFFFFFFFF8FFFF4A
:10133000FFFFFF8000FFFFFFFFFF8FFFFFFFFFF8B2
:10134000000FFFFFFFFFF8FFFFFFFFFF8000FFFF21
:10135000FFFFFF8FFFFFFFFFF8000FFFFFFFFFF80A
:10136000FFFFFFFFFF8000FFFFFFFFFF8FFFFFFF7B
:10137000FFF8000FFFFFFFFFF8FFFFFFFFFF8000F8
:10138000FFFFFFFFFF8FFFFFFFFFF8000FFFFFFFD3
:10139000FFF8FFFFFFFFFF8000FFFFFFFFFF8FFF52
:1013A000FFFFFFF8000FFFFFFFFFF8FFFFFFFFFF4A
:1013B0008000FFFFFFFFFF8FFFFFFFFFF8000FFF21
:1013C000FFFFFFF8FFFFFFFFFF8000FFFFFFFFFFB2
:1013D0008FFFFFFFFFF8000FFFFFFFFFF8FFFFFF8A
:1013E000FFFF8000FFFFFFFFFF8FFFFFFFFFF80001
:1013F0000FFFFFFFFFF8FFFFFFFFFF8000FFFFFF72
:10140000FFFF8FFFFFFFFFF7000FFFFFFFFFF7EF6B
:10141000FFFFFFFF6000EFFFFFFFFF66FFFFFFFF23
:10142000D00006FFFFFFFFD00489999871000004E7
:10143000899998710003888888888888888888882E
:101440006006FFFFFFFFFFFFFFFFFFFFFFD0EFFF83
:10145000FFFFFFFFFFFFFFFFFFFF6FFFFFFFFFFF2C
:10146000FFFFFFFFFFFFF7FFFFFFFFFFFFFFFFFF94
:10147000FFFFFF8FFFFFFFFFFFFFFFFFFFFFFFF8F3
:10148000FFFFFFFFFFFFFFFFFFFFFFFF8FFFFFFFDC
:10149000FFFFFFFFFFFFFFFFF8FFFFFFFFFFFFFF63
:1014A000FFFFFFFFFF8FFFFFFFFFFFFFFFFFFFFFBC
:1014B000FFF8FFFFFFFFFFFFFFFFFFFFFFFF8FFFB3
:1014C000FFFFFFFFFFFFFFFFFFFFF8FFFFFFFFFF33
:1014D000FFFFFFFFFFFFFF8FFFFFFFFFFFFFFFFF8C
:1014E000FFFFFFF8FFFFFFFFFFFFFFFFFFFFFFFF13
:1014F0008FFFFFFFFFFFFFFFFFFFFFFFF8FFFFFF73
:10150000FFFFFFFFFFFFFFFFFF8FFFFFFFFFFFFF5B
:10151000FFFFFFFFFFF8FFFFFFFFFFFFFFFFFFFFE2
:10152000FFFF8FFFFFFFFFFFFFFFFFFFFFFFF8FF42
:10153000FFFFFFFFFFFFFFFFFFFFFF8FFFFFFFFF2B
:10154000FFFFFFFFFFFFFFF8FFFFFFFFFFFFFFFFB2
:10155000FFFFFFFF7AFFFFFFFFFFFFFFFFFFFFFF20
:10156000F21AEFFFFFFFFFFFFFFFFFFFD50005812E
:10157000000000000068875FFE2000000000EFFF11
:101580007FFFE300000000FFFF8FFFFF400000002F
:10159000FFFF8FFFFFF5000000FFFF8FFFFFFF60E1
:1015A0000000FFFF8FFFFFFFF80000FFFF8FFFFF2E
:1015B000FFFF9000FFFF8FFFFFFFFFFA00FFFF8F8D
:1015C000FFFFFFFFFFB0FFFF8FFFFFFFFFFFFCFFED
:1015D000FF8FFFFFFFFFFFFFFFFF8FFFFFFFFFFFFB
:1015E000FFFFFF8FFFFFFFFFFFFFFFFF8FFFFFFFEB
:1015F000FFFFFFFFFF8FFFFFFFFFFFE3FFFF8FFFF7
:10160000FFFFFFFE20FFFF8FFFFFFFFFD200FFFF66
:101610008FFFFFFFFD1000FFFF8FFFFFFFC10000E6
:10162000FFFF8FFFFFFB000000FFFF8FFFFFA00009
:101630000000FFFF8FFFF900000000FFFF7FFF8029
:1016400000000000FFFF1CF60000000000CFFD00BE
:1016500000000000000000000000000000019A509F
:10166000000000000000000000001EFFF800000065
:1016700000000000000001DFFFFF6000000000002C
:101680000000000CFFFFFFF500000000000000005C
:10169000BFFFFFFFFF400000000000000AFFFFFF48
:1016A000FFFFF30000000000009FFFFFFFFFFFFEB1
:1016B000200000000008FFFFFFFFFFFFFFE1000028
:1016C00000006FFFFFFFFFFFFFFFFD10000005FFA1
:1016D000FFFFFFFFFFFFFFFFC000004FFFFFFFFF07
:1016E000FFFFFFFFFFFB0003FFFFFFFFFFFFFFFF09
:1016F000FFFFFFA00CFFFFFFFFFFFFFFFFFFFFFF4C
:10170000F50FFFFFFFFFFFFFFFFFFFFFFFF70AFFE0
:10171000FFFFFFFFFFFFFFFFFFFFF301BFFFFFFF23
:10172000FFFFFFFFFFFFFE60000000000000000061
:1017300000000000000000000000000000000000A9
:10174000000006FFFFFFFFFFFFFFFFFFFFFFD10FBE
:10175000FFFFFFFFFFFFFFFFFFFFFFF70FFFFFFF91
:10176000FFFFFFFFFFFFFFFFF80FFFFFFFFFFFFF80
:10177000FFFFFFFFFFF80FFFFFFFFFFFFFFFFFFF70
:10178000FFFFF80EFFFFFFFFFFFFFFFFFFFFFFF66A
:1017900005EFFFFFFFFFFFFFFFFFFFFFB0000000AF
:1017A000000003930000000000004FFF3000000025
:1017B0000004FFFFE0000000004FFFFFC00000003A
:1017C00004FFFFFD100000004FFFFFD100000004E8
:1017D000FFFFFD100000004FFFFFD100000004FFDD
:1017E000FFFD100000004FFFFFD100000004FFFFCD
:1017F000FD100000003FFFFFD1000000007FFFFF51
:1018000070000000000BFFFFF60000000000BFFFAB
:10181000FF60000000000BFFFFF60000000000BFAB
:10182000FFFF60000000000BFFFFF600000000005B
:10183000CFFFFF60000000000CFFFFF6000000007B
:1018400000CFFFFF60000000000CFFFFF000000071
:101850000000CFFFA000000000000BFA0000000015
:10186000000000200000780000000000000AFFB027
:1018700000000000006FFFFB00000000004FFFFFB2
:10188000B00000000007FFFFFB00000000007FFF2A
:10189000FFB00000000007FFFFFB00000000007F1A
:1018A000FFFFB00000000007FFFFFB00000000008A
:1018B0007FFFFFB00000000007FFFFFB00000000FB
:1018C000007FFFFFA0000000001EFFFFF0000000EF
:1018D00001CFFFFF500000001CFFFFF500000001DA
:1018E000CFFFFF500000001CFFFFF500000001CFFC
:1018F000FFFF500000001CFFFFF500000001DFFFAC
:10190000FF500000001DFFFFF5000000007FFFFFFB
:1019100050000000002FFFF5000000000003FF5002
:1019200000000000000011000000000000000000A6
:1019300000005AA8100000000000000000003FFF57
:10194000FB00000000000000000005FFFFD00000C9
:10195000000000000000006FFFFE0000000000001B
:1019600000000006FFFFE000000000000000000093
:101970006FFFFE00000000000000000006FFFFE017
:101980000000000000000000006FFFFE00000000EB
:10199000000000000006FFFFE00000000000000063
:1019A00000006FFFFE00000000006FFFFFFFFFFF61
:1019B000FFFFFFFFFFFC1FFFFFFFFFFFFFFFFFFF1A
:1019C000FFFFF7FFFFFFFFFFFFFFFFFFFFFFFF8F9F
:1019D000FFFFFFFFFFFFFFFFFFFFFFF79FFFFFFF7F
:1019E000FFFFFFFFFFFFFFFE20233333338FFFFE98
:1019F00033333333100000000006FFFFE000000027
:101A00000000000000006FFFFE000000000000006A
:101A1000000006FFFFE00000000000000000006F73
:101A2000FFFE00000000000000000006FFFFE000D5
:101A300000000000000000006FFFFE00000000003A
:101A40000000000006FFFFE00000000000000000B2
:101A5000004FFFFC000000000000000000008DDCD3
:101A60003000000000000122222222222222222213
:101A7000221008FFFFFFFFFFFFFFFFFFFFFFE1FF57
:101A8000FFFFFFFFFFFFFFFFFFFFFF7FFFFFFFFFE6
:101A9000FFFFFFFFFFFFFFF8FFFFFFFFFFFFFFFF5D
:101AA000FFFFFFFF77FFFFFFFFFFFFFFFFFFFFFFCE
:101AB000E1012222222222222222222210000000E0
:101AC00000000026ADEFFEC950000000000000003D
:101AD00000005CFFFFFFFFFFFFA20000000000000E
:101AE000003CFFFFFFBABDFFFFFF910000000000B8
:101AF00008FFFFFD50000018FFFFFE40000000003F
:101B0000BFFFFFA0000000003EFFFFF60000000C3A
:101B1000FFFFFB000039950002EFFFFF700000AFF0
:101B2000FFFFE000003FFFD2005FFFFFF50007FF6F
:101B3000FFFF7000003FFFFE100DFFFFFF202FFF93
:101B4000FFFF200000AFFFFF8008FFFFFFC0BFFFC7
:101B5000FFFF00486BFFFFFFD005FFFFFFF5FFFF12
:101B6000FFFE007FFFFFFFFFF004FFFFFFF9BFFF55
:101B7000FFFF006FFFFFFFFFE005FFFFFFF51FFF07
:101B8000FFFF201FFFFFFFFF9008FFFFFFC006FFC2
:101B9000FFFF7008FFFFFFFF200DFFFFFF2000AFDA
:101BA000FFFFE000AFFFFFF4005FFFFFF500000B59
:101BB000FFFFFB0004ADC81002EFFFFF7000000044
:101BC000BFFFFFA0000000003EFFFFF60000000086
:101BD00007FFFFFD50000018FFFFFE40000000005F
:101BE000003CFFFFFFBAACFFFFFF910000000000C8
:101BF00000004CFFFFFFFFFFFFA2000000000000FD
:101C000000000026ADFFFEC95000000000000440A7
:101C100000000000000000000000000000000004C0
:101C2000FF80000000000000000000000000000035
:101C300000EFFFC1000000000000000000000000F5
:101C4000000008FFFFE300000000000000000000AB
:101C50000000000005FFFFF7000026ADFFEDB730E4
:101C600000000000000002DFFFFA16DFFFFFFFFFA9
:101C7000FFD700000000000000AFFFFFFFFFFFBA2A
:101C8000BEFFFFFE600000000000007FFFFFFFC5F9
:101C9000000003BFFFFFB10000000000003EFFFF97
:101CA000D0000000007FFFFFE20000000000001BEA
:101CB000FFFFC106BA50007FFFFFE20000000000F6
:101CC0000008FFFFE47FFFC100BFFFFFD10000005D
:101CD000AD200004FFFFFCFFFFC003FFFFFFB000CB
:101CE000005FFF500002DFFFFFFFFF500EFFFFFF0E
:101CF00050000EFFFF900000AFFFFFFFFA00BFFF94
:101D0000FFFE0002FFFFFFC200006FFFFFFFB00AEF
:101D1000FFFFFFF2000EFFFFFFC000003EFFFFFAD3
:101D200000CFFFFFFE00005FFFFFFF0000001BFF72
:101D3000FFD20EFFFFFF500000BFFFFFF4000000C6
:101D400007FFFFF8FFFFFF90000000DFFFFFC0006C
:101D5000000004EFFFFFFFFFC000000002EFFFFFE5
:101D60008000000001CFFFFFFFE10000000002DF64
:101D7000FFFF70000000009FFFFFE2000000000076
:101D800001BFFFFFC4000000005FFFFF6000000014
:101D90000000006EFFFFFEBAB500002DFFFFA0009F
:101DA000000000000007DFFFFFFFF800000AFFFF50
:101DB000D20000000000000037BDEFFDB4000007B6
:101DC000FFFFF50000000000000000000000000020
:101DD0000003EFFFF800000000000000000000001A
:101DE00000000001CFFFE000000000000000000044
:101DF0000000000000008FF4000000000000000060
:101E0000000000000000000044000000000000008E
:101E10000004871000000000000000000000000027
:101E20000005FFFD000000000000000000000000B1
:101E30000001EFFFF70000000000000000000000BC
:101E400000008FFFFFF10000000000000000000014
:101E500000002FFFFFFFA0000000000000000000B6
:101E600000000BFFFFFFFF3000000000000000003B
:101E7000000004FFFFFFFFFC000000000000000066
:101E8000000000DFFFFFFFFFF50000000000000082
:101E90000000006FFFFFFFFFFFE0000000000000F8
:101EA0000000001EFFFFFFFFFFFF8000000000009A
:101EB00000000009FFFF80001EFFFF10000000006F
:101EC00000000002FFFFF60000EFFFFA0000000034
:101ED00000000000BFFFFF70000FFFFFF3000000D5
:101EE000000000004FFFFFF80000FFFFFFC00000F0
:101EF000000000000DFFFFFF80000FFFFFFF5000FC
:101F00000000000007FFFFFFF90001FFFFFFFE00D8
:101F10000000000001FFFFFFFFA0002FFFFFFFF800
:101F200000000000009FFFFFFFFB0003FFFFFFFF1B
:101F3000F1000000002FFFFFFFFFD1006FFFFFFF48
:101F4000FFA00000000BFFFFFFFFFFFFFFFFFFFFF1
:101F5000FFFF30000005FFFFFFFFFFF501BFFFFFA0
:101F6000FFFFFC000000DFFFFFFFFFF70000EFFFB7
:101F7000FFFFFFF600007FFFFFFFFFFF40000CFFA9
:101F8000FFFFFFFFE0001FFFFFFFFFFFF80001FF63
:101F9000FFFFFFFFFF8009FFFFFFFFFFFFF613CFEB
:101FA000FFFFFFFFFFFF10FFFFFFFFFFFFFFFFFF30
:101FB000FFFFFFFFFFFFF70EFFFFFFFFFFFFFFFF2A
:101FC000FFFFFFFFFFFFFF607FFFFFFFFFFFFFFF40
:101FD000FFFFFFFFFFFFFFE000489999999999994A
:101FE0009999999999999871000000000000000052
:101FF00000000006A2000000000000000000000039
:10200000000FFE3000000000000000000000000F84
:10201000FFE300244444300000000002444FFFFE70
:1020200030FFFFFFFB000000003FFFFFFFFFE3FF6B
:10203000FFFFFFA0000003FFFFFFFFFFFEFFFFFF0A
:10204000FFF900002EFFFFFFFFFFFDFFFFFFFFFF77
:102050008001EFFFFFFFFFFFD1122226FFFFA01D2F
:10206000FFFFD22FFFFD100000007FFB01DFFFFD0F
:10207000100FFFD10000000008C00CFFFFE2000EAF
:10208000FD10000000000000BFFFFE2000048100E2
:1020900000000000000AFFFFF30000000000000045
:1020A0000000009FFFFF40000004810000000000CE
:1020B00008FFFFF505E2000EFE20000000007FFF94
:1020C000FF604FFD100FFFE200122226FFFFF70313
:1020D000FFFFD22FFFFE20FFFFFFFFFF8001EFFF7A
:1020E000FFFFFFFFE2FFFFFFFFF900002EFFFFFFF2
:1020F000FFFFFDFFFFFFFFA0000003FFFFFFFFFF4B
:10210000FDFFFFFFFB000000003FFFFFFFFFE22499
:102110004444300000000002444FFFFE2000000055
:10212000000000000000000FFFE3000000000000BE
:1021300000000000000FFE30000000000000000062
:1021400000000006A20000000000000007B200002E
:10215000000000000000000008FFE2000000000096
:102160000000000008FFFFE2000000000000000087
:1021700008FFFFFFE20000000000000008FFFFFF73
:10218000FFE200000000000008FFFFFFFFFFE20089
:102190000000000008FFFFFA3FFFFFE20000000020
:1021A00008FFFFFA003FFFFFE200000008FFFFFA10
:1021B00000003FFFFFE2000008FFFFFA0000003FC1
:1021C000FFFFE20008FFFFFA000000003FFFFFE210
:1021D00006FFFFFA00000000003FFFFFE09FFFFA4C
:1021E0000000000000003FFFFF11DFFA00000000C8
:1021F0000000003FFF6001A8000000000000000098
:102200003B500001A800000000000000003B6001FE
:10221000DFFA000000000000003FFF609FFFFA00AF
:1022200000000000003FFFFF16FFFFFA0000000063
:10223000003FFFFFD008FFFFFA000000003FFFFF54
:10224000E20008FFFFFA0000003FFFFFE200000885
:10225000FFFFFA00003FFFFFE200000008FFFFFA67
:10226000003FFFFFE20000000008FFFFFA3FFFFF12
:10227000E2000000000008FFFFFFFFFFE200000097
:1022800000000008FFFFFFFFE20000000000000068
:1022900008FFFFFFE2000000000000000008FFFF51
:1022A000E200000000000000000008FFE200000063
:1022B0000000000000000006A20000000000000076
:1022C00000004200000000000000000000000000CC
:1022D0000000009FF400000000000000000000006B
:1022E000000000009FFFF40000577777777777773B
:1022F00060000000009FFFFFF4004FFFFFFFFFFFA3
:10230000FFFF700000009FFFFFFFF402FFFFFFFFD1
:10231000FFFFFFF90000009FFFFFFFFFF404FFFF36
:10232000FFFFFFFFFF9000009FFFFFFFEFFFF400A4
:102330000000000000EFF900000FFFF4EFF99FFF2D
:102340009000000000000EFF9000007FF50EFF904F
:10235000AFE2000000000000EFF90000003200EFE3
:10236000F900410000000000000EFF900000000096
:102370000EFF900000000000000000EFF9000000D8
:102380000000EFF900000000000000000EFF9000C8
:102390000000000EFF900000000000000000EFF9B8
:1023A0000000000000EFF900000000000019800E9E
:1023B000FF902A7000000EFF9000000000000CFF4C
:1023C000A0EFF92EFF600000EFF900000000000010
:1023D000EFFF9EFFADFFF900000EFFC7777777771D
:1023E0007304FFFFFFFFFFFC100000EFFFFFFFFF84
:1023F000FFFFF504FFFFFFFFFC1000000EFFFFFFD3
:10240000FFFFFFFFF004FFFFFFFC100000009FFF35
:10241000FFFFFFFFFFFA0003FFFFFC1000000000BA
:1024200000000000000000000003FFFC100000009E
:10243000000000000000000000000003DB000000BE
:102440001BFFFFFFFFFC1000000000000000BFFFAB
:10245000FFFFFFFFC100000000000000FFFFFFFFC3
:10246000FFFFFC10000000000000FFFFFFFFFFFF68
:10247000FFD8888888888730FFFFFFFFFFFFFFFFB6
:10248000FFFFFFFFFFF5FFFFFFFFFFFFFFFFFFFF66
:10249000FFFFFFFEFFFFFFFFFFFFFFFFFFFFFFFF4D
:1024A000FFFFFFFFFFFFFFFFFFFFFFFFFFFFFFFF3C
:1024B000FFFFFFFFFFFFFFFFFFFFFFFFFFFFFFFF2C
:1024C000FFFFFFFFFFFFFFFFFFFFFFFFFFFFFFFF1C
:1024D000FFFFFFFFFFFFFFFFFFFFFFFFFFFFFFFF0C
:1024E000FFFFFFFFFFFFFFFFFFFFFFFFFFFFFFFFFC
:1024F000FFFFFFFFFFFFFFFFFFFFFFFFFFFFFFFFEC
:10250000FFFFFFFFFFFFFFFFFFFFFFFFFFFFFFFFDB
:10251000FFFFFFFFFFFFFFFFFFFFFFFFFFFFFFFFCB
:10252000FFFFFFFFFFFFFFFFFFFFFFFFFFFFFFFFBB
:10253000FFFFFFFFFFFFFFFFFFFFFFFFFFFFFFFFAB
:10254000FFFFFFFFFFFFFFFFFFFFBFFFFFFFFFFFDB
:10255000FFFFFFFFFFFFFFFB1BFFFFFFFFFFFFFF73
:10256000FFFFFFFFFFB100000000000003100000AC
:10257000000000000000000000007FE200000000FA
:102580000000000000000007FFFE20000000000027
:1025900000000000007FFFFFE200000000000000DC
:1025A000000007FFFFFFFE20000000000000000009
:1025B0007FFFFFFFFFE20000000000000007FFFFB9
:1025C000FFFFFFFE200000000000007FFFFFFFFF75
:1025D000FFFFE2000000000007FFFFFFFFFFFFFF1B
:1025E000FE20000000005FFFFFFFFFFFFFFFFFE096
:1025F000000000006FFFFFFFFFFFFFFFFFF0000084
:102600000000022222CFFFFFF6222210000000006D
:10261000000000BFFFFFF400000000000000000009
:1026200000BFFFFFF400000000000000000000BF3A
:10263000FFFFF400000000000000000000BFFFFFEB
:10264000F400000000000000000000BFFFFFF400E5
:10265000000000000000000000BFFFFFF4000000C9
:1026600000000000000000BFFFFFF40000000000B9
:102670000111111100BFFFFFF40011111110BFFF74
:10268000FFFFC0AFFFFFF30CFFFFFFFBFFFFFFFFEC
:10269000F1189999601FFFFFFFFFFFFFFFFFFC107C
:1026A000000001CFFFFFFFFFFFFFFFFFFFFCCCCCCF
:1026B000CFFFFFFFFFFFFFFFFFFFFFFFFFFFFFFF5A
:1026C000FFFFFFFFFFFFFFFFFFFFFFFFFFF41EB055
:1026D0008FFFFFFFFFFFFFFFFFFFFFF52EC18FFF03
:1026E000EFFFFFFFFFFFFFFFFFFFFFFFFFFE37884A
:1026F000888888888888888888888873000000008F
:102700000000000000000662000000000000000061
:102710000000000004FFFEB73000000000000000D1
:10272000000000BFFFFFFFC000000000000000002D
:10273000002FFFFFFFFF0000000000000000000965
:10274000FFFFFFFFE0000000000000000001FFFFAE
:10275000FFFFFE0000000000000000007FFFFFFF01
:10276000FFC000000000000000000DFFFFFFFFFAA7
:10277000000000000000000000BFFFFFFFFF70002E
:102780000000000000000000BFFFFFFFF30000009A
:10279000000000000000008FFFFFFF0000000000AD
:1027A0000000000000007FFFFF900000000000001C
:1027B000000000000AFFFFF400000000000000001D
:1027C000000003FFFFFD000000000000000000000B
:1027D00000CFFFFF50000000000000000000009F3D
:1027E000FFFFC0000000000000000000006FFFFFBE
:1027F000F3000000000026100000005FFFFFF8005B
:1028000000000004BFFC0000006FFFFFFC000000A0
:10281000006DFFFFFA0000AFFFFFFE10000007FF92
:10282000FFFFFFF705EFFFFFFE20000000FFFFFFA7
:10283000FFFFFDFFFFFFFE200000000CFFFFFFFF7A
:10284000FFFFFFFFFD20000000008FFFFFFFFFFFE5
:10285000FFFFFA000000000004FFFFFFFFFFFFFF83
:10286000E60000000000001FFFFFFFFFFFFF9100D8
:10287000000000000000DFFFFFFFFFE91000000084
:102880000000000009FFFFFFD94000000000000029
:102890000000001776530000000000000000000058
:1028A00000000599720000000000000000002DFFEC
:1028B000FFF700000000017BB8101EFFFFFFF700CC
:1028C000000002EFFFFE38FFFFEFFFF1000002EF14
:1028D000FFFFF4DFFE107FFF500002EFFFFFF50F58
:1028E000FF8000FFF70002EFFFFFF500EFFC004F55
:1028F000FF6002EFFFFFF5000AFFFDBFFFF403EFEB
:10290000FFFFF500002FFFFFFFFFE5EFFFFFF500E2
:1029100000004FFFFFFFFFFFFFFFF5000000001862
:10292000CDFFFFFFFFFFF500000000000005FFFFE7
:10293000FFFFF50000000000000007FFFFFFF700A9
:1029400000000000000003EFFFFFFFE200000000B6
:10295000000599EFFFFFFFFFE2000000002DFFFFE1
:10296000FFFFFFFFFFE20000001EFFFFFFFFF9FF78
:10297000FFFFE2000008FFFFEFFFF605FFFFFFE2A9
:102980000000DFFE107FFF5005FFFFFFE2000FFF9A
:102990008000FFF70005FFFFFFE200EFFC004FFFA4
:1029A000600005FFFFFFE20AFFFDBFFFF200000528
:1029B000FFFFFFE22FFFFFFFF900000004FFFFFF12
:1029C000404FFFFFFB0000000003BEFB300018CDAE
:1029D000B5000000000000000000000000014444B9
:1029E00044444203000000000000DFFFFFFFFF80BF
:1029F000EB00000000000FFFFFFFFFF80EFB0000E0
:102A0000000000FFFFFFFFFF80EFFB000000000F52
:102A1000FFFFFFFFF80EFFFB00000000FFFFFFFFBE
:102A2000FF80EFFFF4AFFFF40FFFFFFFFFFA00009E
:102A3000000FFFFF40FFFFFFFFFFFCBBBBB3FFFF2B
:102A4000F40FFFFFFFFFFFFFFFFF5FFFFF40FFFFF0
:102A5000FFFFFFFFFFFFF5FFFFF40FFFFFFFFFFF8B
:102A6000FFFFFF5FFFFF40FFFFFFFFFFFFFFFFF5DF
:102A7000FFFFF40FFFFFFFFFFFFFFFFF5FFFFF40C0
:102A8000FFFFFFFFFFFFFFFFF5FFFFF40FFFFFFF5B
:102A9000FFFFFFFFFF5FFFFF40FFFFFFFFFFFFFFA5
:102AA000FFF5FFFFF40FFFFFFFFFFFFFFFFF5FFFDB
:102AB000FF40FFFFFFFFFFFFFFFFF5FFFFF40FFFEA
:102AC000FFFFFFFFFFFFFF5FFFFF40FFFFFFFFFF75
:102AD000FFFFFFF5FFFFF40FFFFFFFFFFFFFFFFF0B
:102AE0005FFFFF40FFFFFFFFFFFFFFFFF5FFFFF569
:102AF0000AFFFFFFFFFFFFFFFE1FFFFFB000000008
:102B0000000000000000FFFFFFA200000000000026
:102B100000000FFFFFFFFFFFFFFFFF80000000FF2F
:102B2000FFFFFFFFFFFFFFF80000000EFFFFFFFFAA
:102B3000FFFFFFFF6000000037888888888888884A
:102B400060000000000488888888888888872000C2
:102B50000006FFFFFFFFFFFFFFFFFF400000EFFF4A
:102B6000FFFFFFFFFFFFFFFF40000FFFFFFFFFFF23
:102B7000FFFFFFFFFF4000FFF90000000000000D15
:102B8000FFFF400FFF80000000000000BFFFFF308C
:102B9000FFF80000000000000BFFFFFE0FFF8000A9
:102BA0000000000000BFFFFFF3FFF800000000007E
:102BB000000BFFFFFF4FFF80000000000000BFFF81
:102BC000FFF4FFFD7777777777777EFFFFFF4FFF83
:102BD000FFFFFFFFFFFFFFFFFFFFF4FFFFFFFFFF10
:102BE000FFFFFFFFFFFFFF4FFFFFFFFFFFFFFFFFA5
:102BF000FFFFFFF4FFFFFFFFFF8215EFFFFFFFFF67
:102C00004FFFFFFFFF700003FFFFFFFFF4FFFFFF19
:102C1000FFF000000BFFFFFFFF4FFFFFFFFC000076
:102C2000008FFFFFFFF4FFFFFFFFE0000009FFFF41
:102C3000FFFF4FFFFFFFFF300000EFFFFFFFF4FF3C
:102C4000FFFFFFFD10009FFFFFFFFF4FFFFFFFFF94
:102C5000FEA9DFFFFFFFFFF4FFFFFFFFFFFFFFFF06
:102C6000FFFFFFFF3AFFFFFFFFFFFFFFFFFFFFFF39
:102C7000E01AEFFFFFFFFFFFFFFFFFFFC3000000B1
:102C8000000000000000000000000DFFFFFFFFFF3C
:102C9000FFFFFFFFFFFFF5FFFFFFFFFFFFFFFFFF4E
:102CA000FFFFFF8FFFFFFFFFFFFFFFFFFFFFFFF8AB
:102CB000AEEEEEEEEEEEEEEEEEEEEEED40000000ED
:102CC0000000000000000000000000000000000004
:102CD00000000000000000000000000000000000F4
:102CE000000000000000000000000000000007BB22
:102CF000BBBBBBBBBBBBBBBBBBBBA2FFFFFFFFFFE9
:102D0000FFFFFFFFFFFFFF7FFFFFFFFFFFFFFFFF53
:102D1000FFFFFFF8EFFFFFFFFFFFFFFFFFFFFFFFDA
:102D20006144444444444444444444443000000026
:102D30000000000000000000000000000000000093
:102D40000000000000000000000000000000000083
:102D5000000000000000000000000000000000AEC5
:102D6000EEEEEEEEEEEEEEEEEEEEED4FFFFFFFFFDF
:102D7000FFFFFFFFFFFFFFF8FFFFFFFFFFFFFFFF6A
:102D8000FFFFFFFF8DFFFFFFFFFFFFFFFFFFFFFFC5
:102D9000F5000000000000000000000000001BFF24
:102DA000FFFFFFFFFFFFFFFFFFFFFFB1BFFFFFFFC1
:102DB000FFFFFFFFFFFFFFFFFFFBFFFFFFFFFFFF27
:102DC000FFFFFFFFFFFFFFFFFFFFFFFFFFFFFFFF13
:102DD000FFFFFFFFFFFFAFFFFFFFFFFFFFFFFFFF53
:102DE000FFFFFFFA07FFFFFFFFFFFFFFFFFFFFFFF0
:102DF000FF70003EFFFFFFFFFFFFFFFFFFFFE3004D
:102E0000E501BFFFFFFFFFFFFFFFFFFB105EFF902D
:102E100007FFFFFFFFFFFFFFFF7009FFFFFD203DE2
:102E2000FFFFFFFFFFFFD302DFFFFFFFF600AFFF53
:102E3000FFFFFFFA006FFFFFFFFFFFA106FFFFFF8D
:102E4000FF600AFFFFFFFFFFFFFE302DFFFFD203F1
:102E5000DFFFFFFFFFFFFFFFF6007EE7007FFFFFC2
:102E6000FFFFFFFFFFFFFFB100001BFFFFFFFFFFA2
:102E7000FFFFFFFFFFFF9559FFFFFFFFFFFFFFFF72
:102E8000FFFFFFFFFFFFFFFFFFFFFFFFFFFFFFFF52
:102E9000FFFFFFFFFFFFFFFFFFFFFFFFFFFFFFFF42
:102EA000FFFFFFFFFFFFFFFFBFFFFFFFFFFFFFFF72
:102EB000FFFFFFFFFFFB1BFFFFFFFFFFFFFFFFFF0A
:102EC000FFFFFFB10008BBBBBBBB8000000003FFDE
:102ED000FFFFFFFF200000006FFFFFFFFFF000007B
:102EE0000008FFFFFFFFFB00000000AFFFFFFFFF38
:102EF000500000000CFFFFFFFFF100000000EFFF9B
:102F0000FFFFFB000000000FFFFFFFFF600000005D
:102F100003FFFFFFFFF1000000005FFFFFFFFFFF67
:102F2000FFFFD207FFFFFFFFFFFFFFFF709FFFFFC5
:102F3000FFFFFFFFFFF10BFFFFFFFFFFFFFFF700AA
:102F4000DFFFFFFFFFFFFFFD000FFFFFFFFFFFFFA2
:102F5000FF5000AFFFFFFFFFFFFFB00000000000C9
:102F60005FFFFFF2000000000008FFFFF900000013
:102F7000000000CFFFFE1000000000000FFFFF6008
:102F8000000000000003FFFFD00000000000007FF1
:102F9000FFF40000000000000BFFFB000000000039
:102FA0000000EFFF200000000000002FFF80000065
:102FB0000000000006FFE000000000000000AFF687
:102FC0000000000000000009FC00000000000000FC
:102FD00000030000000000000000000143000000AA
:102FE0000000000000000007FFFE300000000000AD
:102FF00000499999FFEFFE9999810000000FFFFFAA
:10300000FFA01EFFFFFF90000000FFFFFFFA01EF8F
:10301000FFFFFA0000000FFFFFFFFFFFFFFFFFA011
:10302000000000FFFFFFFFFFFFFFFFFA0000000F9F
:10303000FFFFFFFC6444444430000000FFFFFFFB3F
:1030400000000000000000000FFFFFFF20AFFFFFA7
:10305000FFA0D60000FFFFFFF01FFFFFFFFA0EF6F4
:10306000000FFFFFFF01FFFFFFFFA0EFF600FFFFD4
:10307000FFF01FFFFFFFFA0EFFF60FFFFFFF01FF3C
:10308000FFFFFFA0EFFFF3FFFFFFF01FFFFFFFFABF
:103090000444441FFFFFFF01FFFFFFFFE1000000AA
:1030A000FFFFFFF01FFFFFFFFFFFFFFF5FFFFFFFBF
:1030B00001FFFFFFFFFFFFFFF5FFFFFFF01FFFFF17
:1030C000FFFFFFFFFF5FFFFFFF01FFFFFFFFFFFFAE
:1030D000FFF5FFFFFFF01FFFFFFFFFFFFFFF5FFF99
:1030E000FFFF01FFFFFFFFFFFFFFF5AFFFFFF01F37
:1030F000FFFFFFFFFFFFFF5000000001FFFFFFFF8A
:10310000FFFFFFF5000000001FFFFFFFFFFFFFFFB5
:103110005000000001FFFFFFFFFFFFFFF500000070
:10312000001FFFFFFFFFFFFFFF5000000000EFFF49
:10313000FFFFFFFFFFF2000000000144444444444D
:10314000444200000000000007A200000000000050
:103150000000000005FFD00000000000000000009B
:10316000007FFF000000000000000000028DFFFA59
:10317000500000000000000009FFFFFFFFD4000026
:10318000000000001CFFFFFFFFFFF5000000000033
:103190000CFFFFFFFFFFFFF40000000006FFFFFF32
:1031A000FFFFFFFFD000000000EFFFFFFFFFFFFF6A
:1031B000FF500000003FFFFFFFFFFFFFFFFB00008D
:1031C0000006FFFFFFFFFFFFFFFFD00000007FFFB3
:1031D000FFFFFFFFFFFFFF00000008FFFFFFFFFFF3
:1031E000FFFFFFF00000009FFFFFFFFFFFFFFFFF5B
:1031F0001000000CFFFFFFFFFFFFFFFFF4000000C7
:10320000FFFFFFFFFFFFFFFFFF7000003FFFFFFF1B
:10321000FFFFFFFFFFFB000009FFFFFFFFFFFFFFB6
:10322000FFFFF10003FFFFFFFFFFFFFFFFFFFFA016
:1032300001EFFFFFFFFFFFFFFFFFFFFF70BFFFFF7B
:10324000FFFFFFFFFFFFFFFFFF3EFFFFFFFFFFFF4F
:10325000FFFFFFFFFFF76FFFFFFFFFFFFFFFFFFF16
:10326000FFFD100000000000000000000000000052
:10327000000000000000000000000000000000034B
:10328000FFFFFFB000000000000000000EFFFFF68F
:103290000000000000000000003EFFF900000000F8
:1032A00000000000000015730000000000001BFF7C
:1032B000FFFFFFFFFFFFFFFFFFFFFFFFFE50BFFF0E
:1032C000FFFFFFFFFFFFFFFFFFFFFFFFFFF3FFFF1A
:1032D000FFFFFFFFFFFFFFFFFFFFFFFFFFF7FFFD08
:1032E000889FF888FF988EFA88BFD889FFF8FFF882
:1032F000000FC000CF000AF1004F7000FFF8FFF888
:10330000000FC000CF000AF1004F7000FFF8FFF976
:10331000001FD000DF100CF3006F9001FFF8FFFFDB
:10332000FFFFFFFFFFFFFFFFFFFFFFFFFFF8FFFFB4
:10333000FFDCCEFECCDFFCCDFFCCCFFFFFF8FFFFE4
:10334000FF2006F6003F8000FD000AFFFFF8FFFFA8
:10335000FF2006F6002F8000ED000AFFFFF8FFFFB8
:10336000FF2006F6003F8000FD000AFFFFF8FFFF88
:10337000FFDCCEFECCDFFCCDFFCCCFFFFFF8FFFFA4
:10338000FFFFFFFFFFFFFFFFFFFFFFFFFFF8FFF95A
:10339000001FD00000000000006F9001FFF8FFF850
:1033A000000FC00000000000004F7000FFF8FFF8A1
:1033B000000FC00000000000004F7000FFF8FFFD8C
:1033C000889FF8888888888888BFD889FFF8FFFF99
:1033D000FFFFFFFFFFFFFFFFFFFFFFFFFFF7BFFF45
:1033E000FFFFFFFFFFFFFFFFFFFFFFFFFFF31BFFDD
:1033F000FFFFFFFFFFFFFFFFFFFFFFFFFE5000008B
:103400000000000000000000000005720000000045
:10341000000000000000000006EFFF400000000078
:1034200000000000000018EFFFFFD00000000000C7
:103430000000000029FFFFFFFFE000000000000087
:1034400000003AFFFFFFFFFF9000000000000000B7
:103450004CFFFFFFFFFFFF200000000000006DFF9A
:10346000FFFFFFFFFFFB0000000000017EFFFFFFEA
:10347000FFFFFFFFF300000000018FFFFFFFFFFFD2
:10348000FFFFFFC000000002AFFFFFFFFFFFFFFFD5
:10349000FFFF50000004BFFFFFFFFFFFFFFFFFFF24
:1034A000FD000001BFFFFFFFFFFFFFFFFFFFFFF673
:1034B00000000BFFFFFFFFFFFFFFFFFFFFFFE0002C
:1034C000000FFFFFFFFFFFFFFFFFFFFFFF70000088
:1034D0000DFFFFFFFFFFFFFFFFFFFFFF10000004D6
:1034E000FFFFFFFFFFFFFFFFFFFFF90000000003EA
:1034F000444444444DFFFFFFFFF200000000000081
:103500000000000CFFFFFFFFA00000000000000013
:1035100000000CFFFFFFFF30000000000000000073
:10352000000CFFFFFFFB0000000000000000000097
:103530000CFFFFFFF4000000000000000000000C82
:10354000FFFFFFD0000000000000000000000CFFA3
:10355000FFFF50000000000000000000000CFFFF13
:10356000FE00000000000000000000000CFFFFF75C
:1035700000000000000000000000000BFFFFF00052
:10358000000000000000000000000AFFFF800000B3
:1035900000000000000000000002FFFD000000002D
:1035A00000000000000000000017600000000000A4
:1035B00000144444444444103000000DFFFFFFFF5A
:1035C000FFF40FA00000FFFFFFFFFFFF40FFA00080
:1035D0000FFFFFFFFFFFF40FFFA000FFFFFFFFFF44
:1035E000FF40FFFFA00FFFFFFFFFFFF40FFFFFA053
:1035F000FFFFFFFFFFFF40FFFFFF9FFFFFFFFFFFFA
:10360000F40BBBBBBBFFFFFFFFFFFF800000000F01
:10361000FFFFFFFFFFFFFFFFFFFFFFFFFFFFFFFFBA
:10362000FFFFFFFFFFFFFFFFFFFFFFFFFFFFFFFFAA
:10363000FFFFFFFFFFFFFFFFFFFFFFFFFFFFFFFF9A
:10364000FFFFFFFFFFFFFFFFFFFFFFFFFFFFFFFF8A
:10365000FFFFFFFFFFFFFFFFFFFFFFFFFFFFFFFF7A
:10366000FFFFFFFFFFFFFFFFFFFFFFFFFFFFFFFF6A
:10367000FFFFFFFFFFFFFFFFFFFFFFFFFFFFFFFF5A
:10368000FFFFFFFFFFFFFFFFFFFFFFFFFFFFFFFF4A
:10369000FFFFFFFFFFFFFFFFFFFFFFFFFFFFFFFF3A
:1036A000FFFFFFFFFFFFFFFFFFFFFFFFFFFFFFFF2A
:1036B000FFFFFFFFFFFFFFFFFFFFFFFFFFFFFFFF1A
:1036C000FFFFFFFFFFFFFFFFFFFFFFFFFDFFFFFF0C
:1036D000FFFFFFFFFFFFFD144444444444444444BF
:1036E0004410000000000000000000000000000086
:1036F0000000000000000000000369ABCBA96300DC
:1037000000000000000000000027CFFFFFFFFFFFC8
:10371000FFC72000000000000003BFFFFFFFFFFF06
:10372000FFFFFFFFB300000000002CFFFFFFFFFFC3
:10373000FFFFFFFFFFFFFC200000008FFFFFFFFFE8
:10374000FDBAAABDFFFFFFFFFF800001DFFFFFFF03
:10375000C7300000000037CFFFFFFFD103EFFFFFAE
:10376000F9200000000000000029FFFFFFE3EFFF49
:10377000FFB200000000000000000002BFFFFFE7F2
:10378000FFFF6000000000000000000000006FFF6D
:10379000F707FE2000000048BEFFFDB84000000013
:1037A0002DF7000410000018EFFFFFFFFFFFE810E7
:1037B00000001400000000006EFFFFFFFFFFFFFF8E
:1037C000FE6000000000000001BFFFFFFFFFFFFFE1
:1037D000FFFFFFB1000000000000BFFFFFFFC87641
:1037E00078CFFFFFFFC0000000000008FFFFE700E8
:1037F00000000007EFFFF800000000000008FF9045
:103800000000000000009FF900000000000000061A
:103810004000000000000000470000000000000021
:103820000000000000010000000000000000000097
:103830000000000000007FFF70000000000000009A
:10384000000000000000007FFFFF7000000000008B
:1038500000000000000000000EFFFFFE000000005E
:1038600000000000000000000000FFFFFFF000006B
:1038700000000000000000000000000CFFFFFC0042
:10388000000000000000000000000000004FFFFFEB
:103890004000000000000000000000000000003BAD
:1038A000DB30000000000000000267777777777751
:1038B0007777777777777777740005FFFFFFFFFFDC
:1038C000FFFFFFFFFFFFFFFFFFFFF900DFFFFFFF2D
:1038D000FFFFFFFFFFFFFFFFFFFFFFFFF10FFFFFF6
:1038E000FFFFFFFFFFFFFFFFFFFFFFFFFFFF30FFB7
:1038F000F800000000000000000000000004FFFFCE
:103900009FFF800000000000000000000000004F4A
:10391000FFFFFFF80CFFFFFFFFFFFFFFFFFFFFFFB1
:1039200004FFFFFFFF80CFFFFFFFFFFFFFFFFFFF51
:10393000FFF028CFFFFFF80CFFFFFFFFFFFFFFFFA7
:10394000FFFFFF0008FFFFFF80CFFFFFFFFFFFFF2C
:10395000FFFFFFFFF0008FFFFFF80CFFFFFFFFFFEF
:10396000FFFFFFFFFFFF0008FFFFFF80CFFFFFFF0C
:10397000FFFFFFFFFFFFFFF03FFFFFFFF80CFFFF20
:10398000FFFFFFFFFFFFFFFFFF04FFFFFFFF8000C0
:1039900000000000000000000000004FFFFEFFFBE1
:1039A00077777777777777777777777779FFFA3FD2
:1039B000FFFFFFFFFFFFFFFFFFFFFFFFFFFFFFFF17
:1039C00030BFFFFFFFFFFFFFFFFFFFFFFFFFFFFF16
:1039D000FFE001BFFFFFFFFFFFFFFFFFFFFFFFFF54
:1039E000FFFFD30000000000000000000000000006
:1039F00000000000000002677777777777777777A6
:103A00007777777777740005FFFFFFFFFFFFFFFFF2
:103A1000FFFFFFFFFFFFFFF900DFFFFFFFFFFFFFDB
:103A2000FFFFFFFFFFFFFFFFFFF10FFFFFFFFFFFA4
:103A3000FFFFFFFFFFFFFFFFFFFFFF30FFF800006A
:103A40000000000000000000000004FFFF9FFF8056
:103A50000000000000000000000000004FFFFFFF1A
:103A6000F80EFFFFFFFFFFFFFFFF90000004FFFFC6
:103A7000FFFF80EFFFFFFFFFFFFFFFF900000028BF
:103A8000CFFFFFF80EFFFFFFFFFFFFFFFF900000DB
:103A90000008FFFFFF80EFFFFFFFFFFFFFFFF900C0
:103AA0000000008FFFFFF80EFFFFFFFFFFFFFFFF8B
:103AB0009000000008FFFFFF80EFFFFFFFFFFFFF08
:103AC000FFF90000003FFFFFFFF80EFFFFFFFFFFC1
:103AD000FFFFFF90000004FFFFFFFF8000000000D9
:103AE00000000000000000004FFFFEFFFB7777772B
:103AF00077777777777777777779FFFA3FFFFFFFE9
:103B0000FFFFFFFFFFFFFFFFFFFFFFFFFF30BFFFD4
:103B1000FFFFFFFFFFFFFFFFFFFFFFFFFFFFE001D2
:103B2000BFFFFFFFFFFFFFFFFFFFFFFFFFFFFFD311
:103B30000000000000000000000000000000000085
:103B400000000002677777777777777777777777EF
:103B50007777740005FFFFFFFFFFFFFFFFFFFFFF09
:103B6000FFFFFFFFF900DFFFFFFFFFFFFFFFFFFF8A
:103B7000FFFFFFFFFFFFF10FFFFFFFFFFFFFFFFF53
:103B8000FFFFFFFFFFFFFFFF30FFF8000000000016
:103B90000000000000000004FFFF9FFF8000000005
:103BA0000000000000000000004FFFFFFFF80EFFC4
:103BB000FFFFFFFFF5000000000004FFFFFFFF8094
:103BC000EFFFFFFFFFFF50000000000028CFFFFFC6
:103BD000F80EFFFFFFFFFFF500000000000008FFE8
:103BE000FFFF80EFFFFFFFFFFF500000000000001D
:103BF0008FFFFFF80EFFFFFFFFFFF5000000000042
:103C00000008FFFFFF80EFFFFFFFFFFF50000000F5
:103C100000003FFFFFFFF80EFFFFFFFFFFF5000072
:103C200000000004FFFFFFFF800000000000000014
:103C300000000000004FFFFEFFFB77777777777774
:103C400077777777777779FFFA3FFFFFFFFFFFFFFF
:103C5000FFFFFFFFFFFFFFFFFFFF30BFFFFFFFFF83
:103C6000FFFFFFFFFFFFFFFFFFFFFFE001BFFFFFC1
:103C7000FFFFFFFFFFFFFFFFFFFFFFFFD30000007D
:103C80000000000000000000000000000000000034
:103C9000026777777777777777777777777777743C
:103CA0000005FFFFFFFFFFFFFFFFFFFFFFFFFFFF1D
:103CB000FFF900DFFFFFFFFFFFFFFFFFFFFFFFFF39
:103CC000FFFFFFF10FFFFFFFFFFFFFFFFFFFFFFF02
:103CD000FFFFFFFFFF30FFF80000000000000000C2
:103CE0000000000004FFFF9FFF80000000000000B4
:103CF0000000000000004FFFFFFFF80EFFFFFF1065
:103D00000000000000000004FFFFFFFF80EFFFFF46
:103D1000F1000000000000000028CFFFFFF80EFFB8
:103D2000FFFF10000000000000000008FFFFFF8000
:103D3000EFFFFFF10000000000000000008FFFFF18
:103D4000F80EFFFFFF10000000000000000008FF59
:103D5000FFFF80EFFFFFF100000000000000003FC8
:103D6000FFFFFFF80EFFFFFF100000000000000043
:103D700004FFFFFFFF8000000000000000000000C3
:103D800000004FFFFEFFFB777777777777777777BE
:103D900077777779FFFA3FFFFFFFFFFFFFFFFFFF16
:103DA000FFFFFFFFFFFFFF30BFFFFFFFFFFFFFFF32
:103DB000FFFFFFFFFFFFFFFFE001BFFFFFFFFFFF70
:103DC000FFFFFFFFFFFFFFFFFFD300000000000029
:103DD0000000000000000000000000000002677703
:103DE000777777777777777777777777740005FFC7
:103DF000FFFFFFFFFFFFFFFFFFFFFFFFFFFFF900D8
:103E0000DFFFFFFFFFFFFFFFFFFFFFFFFFFFFFFFE2
:103E1000F10FFFFFFFFFFFFFFFFFFFFFFFFFFFFFB0
:103E2000FFFF30FFF800000000000000000000006D
:103E30000004FFFF9FFF8000000000000000000062
:103E40000000004FFFFFFFF800000000000000002E
:103E50000000000004FFFFFFFF80000000000000E2
:103E600000000000000028CFFFFFF8000000000065
:103E7000000000000000000008FFFFFF80000000BD
:103E8000000000000000000000008FFFFFF80000AD
:103E9000000000000000000000000008FFFFFF809D
:103EA0000000000000000000000000003FFFFFFFD6
:103EB000F800000000000000000000000004FFFF08
:103EC000FFFF800000000000000000000000004F25
:103ED000FFFEFFFB77777777777777777777777757
:103EE00079FFFA3FFFFFFFFFFFFFFFFFFFFFFFFF2D
:103EF000FFFFFFFF30BFFFFFFFFFFFFFFFFFFFFFE1
:103F0000FFFFFFFFFFE001BFFFFFFFFFFFFFFFFF1E
:103F1000FFFFFFFFFFFFD3000000000000000000D4
:103F20000000000000000000000000000000000091
:103F30000000000010000000000000000000000071
:103F400000000000005EFE400000000000000000D5
:103F500000000000000123FFFFF10000000000004E
:103F600000000000000001BFFFFFFFF5000000009F
:103F700000000000000000000BFFCDFFFFF4000078
:103F8000000000000000000000005FE100CFFFC063
:103F9000000000000000000000000000DF500007EB
:103FA000A700000000000000000210000004FD0057
:103FB0000000000000000000000004EFFC20000CE6
:103FC000F500000000000000074000004FFFFFE187
:103FD000004FE0000000000000000CFB2000CFFFBD
:103FE000FFFA35EF94444444444444444DFFF70001
:103FF000FFFFFFFFFFFFFFFFFFFFFFFFFFFFFFFFD1
:10400000FFD0EFFFFFFEBBBBBCFFCBBBBBBBBBBB53
:10401000BFFFFE508FFFFFF40000009FA0000000D4
:1040200000000CFF80000BFFFF800000000EF2007C
:10403000000000000CB200000058730000000007F0
:10404000FA00000000000000000000000000000076
:104050000001FF2006DDDDC20000000000000000BE
:10406000000000008FC009FFFFF400000000000006
:104070000000000000000CFFDEFFFFF40000000065
:10408000000000000000000001AFFFFFFFF400008F
:1040900000000000000000000000000019FFFFF415
:1040A000000000000000000000000000000008FF09
:1040B000FFF400000000000000000000000000000D
:1040C0000000000000000000000000000134320089
:1040D0000000000000003AEFFFFFFB50000000006E
:1040E0000AFFFFFFFFFFFC10000001CFFFFFC7FF2B
:1040F000FFFFD100000BFFFFFFC08FFFFFFC0000A0
:104100005FFFFFFFC009FFFFFF5000CFFFFFFFC0B1
:1041100000AFFFFFB002FFFFFFFFC0000BFFFFF18A
:1041200006FFFFAFFFC03900CFFFF50AFFF903EF2D
:10413000C03F901DFFF80CFFFD103EC02FB00CFFDC
:10414000FA0EFFFFD103B02B00AFFFFC0FFFFFFD06
:1041500010100009FFFFFD0FFFFFFFD100007FFFE0
:10416000FFFE1FFFFFFFFD1005FFFFFFFE1FFFFF0C
:10417000FFFB0003FFFFFFFE0FFFFFFFB000003F4C
:10418000FFFFFD0FFFFFFB00201104FFFFFD0EFFEF
:10419000FFB005C02D105FFFFC0CFFFB005FC02FC0
:1041A000D007FFFA09FFFB05FFC03F601DFFF705C1
:1041B000FFFFDFFFC03601DFFFF401FFFFFFFFD08D
:1041C000001DFFFFF000AFFFFFFFD001DFFFFFA0EA
:1041D000002FFFFFFFD01DFFFFFF200006FFFFFFA6
:1041E000D1CFFFFFF80000006FFFFFECFFFFFFB033
:1041F00000000002AFFFFFFFFFE70000000000012A
:1042000058ABBA840000000000000014444443008E
:10421000000000000000001FFFFFFFF90000000089
:104220005888888CFFFFFFFFF88888881FFFFFFFF2
:10423000FFFFFFFFFFFFFFFFF7FFFFFFFFFFFFFF96
:10424000FFFFFFFFFF8BFFFFFFFFFFFFFFFFFFFFF2
:10425000FFE4000000000000000000000000002853
:10426000888888888888888888860004FFFFFFFF00
:10427000FFFFFFFFFFFFC0004FFFFFFFFFFFFFFF3C
:10428000FFFFFC0004FFFFFFFFFFFFFFFFFFFFC07A
:10429000004FFFF55FFF92FFFC1CFFFC0004FFFFD7
:1042A00022FFF60EFFA0AFFFC0004FFFF22FFF600E
:1042B000EFFA0AFFFC0004FFFF22FFF60EFFA0AF9B
:1042C000FFC0004FFFF22FFF60EFFA0AFFFC00046F
:1042D000FFFF22FFF60EFFA0AFFFC0004FFFF22F3F
:1042E000FF60EFFA0AFFFC0004FFFF22FFF60EFF5B
:1042F000A0AFFFC0004FFFF22FFF60EFFA0AFFFCF4
:104300000004FFFF22FFF60EFFA0AFFFC0004FFF2B
:10431000F22FFF60EFFA0AFFFC0004FFFF22FFF616
:104320000EFFA0AFFFC0004FFFF22FFF60EFFA0AB1
:10433000FFFC0004FFFF55FFF92FFFC1CFFFC000B6
:104340003FFFFFFFFFFFFFFFFFFFFB0002FFFFFF3D
:10435000FFFFFFFFFFFFFFA00009FFFFFFFFFFFFC1
:10436000FFFFFFF2000004788888888888888861C9
:1043700000000000000000000000000000661000C7
:104380000000000000000000000002DFFE3000001E
:10439000000000000000000002EFFFFF30000000FE
:1043A00000000000000002EFFFFFFF3000000000EF
:1043B00000000000009FFFFFFFFF30000000000032
:1043C00000000100BFFFFFFFFC0000000000000034
:1043D00002EC00BFFFFFFFF000000000000002EF52
:1043E000FC00BFFFFFFB00000000000002EFFFFC2D
:1043F00000BFFFFE10000000000002EFFFFFFC0006
:10440000BFFE20000000000002EFFFFFFFFC00BE27
:1044100020000000000002EFFFFFFFFFFC00100083
:104420000000000002EFFFFFFFFFFFFA00000000A6
:10443000000002EFFFFFFFFFFFFE20000000000072
:1044400002EFFFFFFFFFFFFE20000000000002EF71
:10445000FFFFFFFFFFFE20000000000002EFFFFF54
:10446000FFFFFFFE20000000000002EFFFFFFFFF44
:10447000FFFE20000000000002EFFFFFFFFFFFFE35
:1044800020000000000002EFFFFFFFFFFFFE200002
:104490000000000001EFFFFFFFFFFFFE2000000013
:1044A0000000005FFFFFFFFFFFFE20000000000094
:1044B0000007FFFFFFFFFFFE2000000000000000DC
:1044C0009FFFFFFFFFFE20000000000000000BFF29
:1044D000FFFFFFFE200000000000000000DFFFFFE4
:1044E000FFFE2000000000000000000FFFFFFFFEA5
:1044F00020000000000000000000EFFFFFEC2000A3
:1045000000000000000000000376420000000000F0
:10451000000000000000000000000008EFFFFFFFA7
:10452000FFFFFFFFFFFFFFD5000000000BFFFFFFB5
:10453000FFFFFFFFFFFFFFFFFFF50000000BFFFF86
:10454000FFFFFFFFFFFFFFFFFFFFFFD000000BFF9C
:10455000FFFFFFFFFFFFFFFFFFFFFFFFFF00000B5D
:10456000FFFFFFFFFF99FFFFFF99FFFFFFFFF00035
:104570000BFFFFFFFFFF8008FFFF8007FFFFFFFF2C
:10458000000BFFFFFFFFFFE00008FF80000EFFFFB2
:10459000FFF00BFFFFFFFFFFFF800008800008FF18
:1045A000FFFFFF0BFFFFFFFFFFFFFF800000000882
:1045B000FFFFFFFFFAFFFFFFFFFFFFFFFF8000008D
:1045C00008FFFFFFFFFFFFFFFFFFFFFFFFFFFF40B1
:1045D0000004FFFFFFFFFFFAFFFFFFFFFFFFFFFFEA
:1045E00080000008FFFFFFFFFF0BFFFFFFFFFFFF43
:1045F000FF8000000008FFFFFFFFF00BFFFFFFFF41
:10460000FFFF800008800008FFFFFFFF000BFFFF97
:10461000FFFFFFE00008FF80000EFFFFFFF0000B30
:10462000FFFFFFFFFF8008FFFF8008FFFFFFFF0085
:10463000000BFFFFFFFFFF99FFFFFF99FFFFFFFF49
:10464000F000000BFFFFFFFFFFFFFFFFFFFFFFFF7B
:10465000FFFF0000000BFFFFFFFFFFFFFFFFFFFF5B
:10466000FFFFFFD00000000AFFFFFFFFFFFFFFFF7B
:10467000FFFFFFFFF50000000008EFFFFFFFFFFF57
:10468000FFFFFFFFFFD5000000001788888888879C
:10469000500000001DFFFFFFFFFFFFC100002DFFC6
:1046A000FFFFFFFFFFFFA0002EFFFFFFFFFFFFFF49
:1046B000FF002EFF201FA00ED008FFF02EFFF201FA
:1046C000FA00ED008FFF3EFFFF201FA00ED008FF75
:1046D000FEFFFFF201FA00ED008FFFFFFFFF201F3A
:1046E000A00ED008FFFFFFFFFFFFFFFFFFFFFFFF50
:1046F000FFFFFFFFFFFFFFFFFFFFFFFFFFFFFFFFCA
:10470000FFFFFFFFFFFFFFFFFFFFFFFFFFFFFFFFB9
:10471000FFFFFFFFFFFFFFFFFFFFFFFFFFFFFFFFA9
:10472000FFFFFFFFFFFFFFFFFFFFFFFFFFFFFFFF99
:10473000FFFFFFFFFFFFFFFFFFFFFFFFFFFFFFFF89
:10474000FFFFFFFFFFFFFFFFFFFFFFFFFFFFFFFF79
:10475000FFFFFFFFFFFFFFFFFFFFFFFFFFFFFFFF69
:10476000FFFFFFFFFFFFFFFFFFFFFFFFFFFFFFFF59
:10477000FFFFFFFFFFFFFFFFFFFFFFFFFFFFFFFF49
:10478000FFFFFFFFFFFFFFFFFFFFFFFFFFFEFFFF3A
:10479000FFFFFFFFFFFFFFFE8FFFFFFFFFFFFFFF9A
:1047A000FFFF80AFFFFFFFFFFFFFFFFF90002444EC
:1047B0004444444444442000000000000000000041
:1047C00000000000000400000000000000000000E5
:1047D00000000009F10000000000000000000000DF
:1047E0000009FF10000000000000000000000009A8
:1047F000FFF10000005C5000000000000003FFFF1C
:104800001000007FFD000000000000004FFFF100DD
:10481000008FFFD000000000000004FFFF10009F89
:10482000FFFD000000000000004FFFF100AFFFFFA0
:10483000D000000000000004FFFF10BFFFFFFFFFDB
:10484000FFFFFFFFFFFFFFFFF1AFFFFFFFFFFFFFD6
:10485000FFFFFFFFFFFFFF1CFFFFFFFFFFFFFFFF4B
:10486000FFFFFFFFFFF12EFFFFFFFFFFFFFFFFFF37
:10487000FFFFFFFE001DFFFFFE55555555555555D1
:10488000555510001CFFFFD0000000000000000084
:104890000000000CFFFD0000000000000000000010
:1048A00000000BFFD000000000000000000000002E
:1048B000000AF900000000000000000000000000F5
:1048C00001000000000000000000000000000000E7
:1048D00000000000000090070000000000008007BA
:1048E000051401003200F00A0908010C5600B0134B
:1048F0001314000014016011101A01FDE401A01747
:1049000016140100C0023013121501FF7D03E005EB
:104910000408010C8D037009071A02FBE8037009F3
:10492000071A00FB4304300B0B0B000A80045010E5
:104930000E0D0104DB046006050801FCEF04C00A4B
:1049400009030107FD046006050401000705E009ED
:104950000C1BFFFDA905B012111401005306600ADB
:1049600008140000A30610101014000043070010E4
:104970000F140000D907C012121401008D08101086
:10498000101400002D09401110140100CD09C010B1
:10499000101400006D0A1012101401000D0B4011CC
:1049A00010140000AD0B6006050F0100D30B60066C
:1049B000051301FC030C50100E0D01035E0C50108A
:1049C0000E0901059D0C50100E0D0103F80C10107E
:1049D0000F1400008E0DF01C1B1901FBE00E80145B
:1049E0001614FF00BC0F3015121402007010401492
:1049F000131401002E11201714140200F611C01216
:104A0000101402009612C0110F1402002C13A015EE
:104A100013140100EA13C016121402009E14B00809
:104A200004140200C614600E0D14FF004815201473
:104A3000131402000616A0100F1402009C16C01AD0
:104A4000161402007817C016121402002C188017D2
:104A5000161401000819301411140200B21980173D
:104A6000171801FCC61A6014121402007A1B601198
:104A7000101401001A1C701011140000C41C201620
:104A800012140200781DF0131514FF004A1E801F37
:104A90001F140000801FE012131400003E2020129B
:104AA0001414FF000621601211140100B0215009F6
:104AB000071A02FB0B22E0090D1BFEFDBB22500969
:104AC000071A00FB162350100D0C02046423000E7D
:104AD0000E0200FE7223D010080403118223C010BE
:104AE0000E0F0100EB232013101502009324001079
:104AF0000F0F01000425201310150100AC25201113
:104B00000F0F01001D26E0090B1500009126501320
:104B1000101401FB312710130F150200CF27D00707
:104B200004150200F927F007091AFDFB6E28401151
:104B3000101502001629D007041502004029A01DF7
:104B40001A0F0200032A10130F0F0200742AC0115B
:104B5000100F0100EC2A2013101402FB8C2B2013E1
:104B6000101401FB2C2C800B090F0200702C000E7E
:104B70000E0F0000D92C900B0B130000422DF012E9
:104B80000F0F0200B32DA00F110FFF00332E3019AD
:104B9000190F0000EF2E700F100F0000672FA00FED
:104BA0001114FFFB1130900E0D0F01007330D0096E
:104BB000091A01FBE8306008041A02FB1C31D00915
:104BC000091A00FB913150100E050108B431C00BD9
:104BD0000A0A010BE631D00806060105F831001C6F
:104BE0001C1D00FC8E33001C1C150000B434001C7E
:104BF0001C1900FE1236001C1C150000383740132B
:104C0000141500000A38001C1C1D00FCA039001CF3
:104C10001B1D01FC283B801F201900FEB83C001C16
:104C20001C1D00FC4E3E801F201500009E3F001CF6
:104C30001C1D00FC3441000E0E1700FFD54100156D
:104C4000151700FFC742801F201B00FD7744001C82
:104C50001C1500009D454013141D00FCBF46801824
:104C6000121A03FDA9478018191D00FC1449801869
:104C7000191900FE4D4A8018191900FE864B80183C
:104C8000121A03FD704C80181A19FFFEB54D8011E1
:104C9000101901FE7D4E8011101901FE454F80183C
:104CA000191900FE7E50801819070007D650801F82
:104CB0002015000026520023231D00FC2254801FD3
:104CC000211DFFFC0156001C1C1900FE5F578018B7
:104CD000190F00031B588018190F0003D758002321
:104CE00023160000585A001C1C1500007E5B001C97
:104CF0001C1D00FC145D001C1D1DFFFCB95E80180E
:104D0000191900FEF25F8018191D00FC5D61801802
:104D1000191900FE96628018191700FFB663001C6F
:104D20001C150000DC648011131DFFFCF065801869
:104D3000191D00FC5B678018191D00FCC668801FE8
:104D400020150000166A001C1E1DFFFCC96B001513
:104D5000151D00FCFA6C0023231A00FEC16E00230F
:104D6000231300010E700023231300015B71002345
:104D700023130001A872002323130001F5730023FD
:104D80002313000142750023241700FFE0768018EA
:104D9000161D01FC1F788018191D00FC8A79001C63
:104DA0001D1DFFFC2F7B0023231500009F7C001599
:104DB000151D00FCD07D301C1D1300010000721F6A
:104DC00051EF58EF5BEF5CEF5DEF61EF63EF65EF85
:104DD00069EF6CEF71EF76EF77EF78EF8EEF93EF8F
:104DE00098EF9BEF9CEF9DEFA1EFA2EFA3EFA4EF55
:104DF000B7EFB8EFBEEFC0EFC1EFC4EFC7EFC8EF3A
:104E0000C9EFCBEFE3EFE5EF14F015F017F019F071
:104E100030F037F03AF043F06CF074F0ABF03BF167
:104E200090F191F192F193F194F1D7F1E3F13DF228
:104E300054F2AAF412F7F2F7200000005F0001001C
:104E4000000000000000000000000200B0000000B0
:104E5000F3F76000BC4D0408000000003E000300B2
:104E6000000001020003040502060708090A090AF6
:104E70000B0C000D0E0F101112130C141400000077
:104E80001516171819161A1B1C1D1D1E1F201D1D77
:104E90001621222303241E2525262728292A2B0014
:104EA0002C002D2E2F303132332D343435302D2D32
:104EB0002E2E36373839333A3A3B3A3C290000092E
:104EC0003D0900000000000000000000000000009C
:104ED00000000000000000000000000000000000D2
:104EE00000000000000000000000000000000000C2
:104EF00000000000000000000000000000000000B2
:104F000001020003040502060708090A090A0B0C3E
:104F10000D0E0F10110C12131415150000001617AA
:104F20001819171919191719191A191919191719F7
:104F30001719031B1C1D1D1E1F20212223002400E6
:104F40002526272727002726282926262A2A272A12
:104F5000272A2B2C2D2E2E2F2E300000230931092D
:104F60000000000000000000000000000000000041
:104F70000000000000000000000000000000000031
:104F80000000000000000000000000000000000021
:104F90000000000000000000000000000001000010
:104FA00000000000000100000400000000030000F9
:104FB00000000000000000000000000000000100F0
:104FC00000000000000000000000000000011400CC
:104FD0000CF600000000E7E503150A08EE031601D1
:104FE00013040E00000000000000000000001B047D
:104FF000FD0000000000000000000000000900F3B8
:105000000000000000F708090000FC00FD0400FC9F
:1050100000FCFEF700000000FC0000FAF90000FCB4
:1050200000F7000000000000000000FCFC00F90098
:10503000F400CA0000F700090D0000F704040F098E
:10504000F8090000E6000000000000000000000079
:10505000EF0000000000000000000000000000F46D
:10506000FBEA00EEFD00000000011100F3FCFF016F
:1050700000F80000FDDF000000000000000000005C
:1050800000DCFC1100000000000000000000000037
:10509000EE000000000000000000000F000400000F
:1050A000F700000000000000000000000000000009
:1050B00000001104010000000000000000000000DA
:1050C00000000000000000000000000000000000E0
:1050D000000000000000000000000000EF000000E1
:1050E00000000000000000000000000000000000C0
:1050F0000000000309040DFC000009FCF1C3030CCF
:105100000901FA0010000E000E00D600FB0D000F82
:10511000FC0904000001FC0000F8240024000D003C
:105120001306080D000000EF0000000001FD000361
:10513000F8FAF70300FC000000EE00000000000099
:105140000000000000E3000000000000000000007C
:10515000000000000001E700E400000000FD002C5A
:10516000FBFA0404FC00FA040000E8000000000060
:10517000000000000000D500040000000000000056
:105180000000000000E4001B0000EF000F00E2D56B
:10519000E2F70D0000E20005F600F9000000000053
:1051A000000000000000000C0DC90000000000001D
:1051B00000000000000015000300000000000303D1
:1051C000FBF700FFFFFC0000FD000000F700FC0003
:1051D000F6F700F5F1F1F700F700F700000000FC2A
:1051E0000000040003FC000100000004FD000000BA
:1051F000FD0404FF000000F700FF000000000001B4
:105200000006FD00FB00F80000FD000D0000FC00A2
:1052100000000000FF01FDFD0000FC00FC0000009C
:10522000000000000000FEFE00FCFB00000000008B
:10523000010000FD00FCFCFC00000000000000007C
:1052400000FD00000000FDFA00F900F3FDF3090085
:1052500000F704090C00F5FFFB00FFEB04FD03E879
:1052600004000001E900E8FCD9FD00EA00090D0096
:1052700006000000000100F8FA00F3000000FC0046
:105280000000FC0000000000FEFE00FEFA0000002E
:1052900000000000FCFC00FDFBFC0000FC00000026
:1052A0000000000000000000FCFC00FB00FD00F717
:1052B000040000FB020404000000000000FD0000E8
:1052C000000000030000FC00FCFDFB0000000000EB
:1052D00000000400FC00000000FBF900F7000DFDD9
:1052E00001F200000CEAE9EDF70400FCE3F800F835
:1052F00000F707F8E300F4000002FF04FD000400DB
:10530000F3EF00EAF5F7F5F3FBF4FFF7F403000120
:1053100000FC00000003000400000000000000008A
:10532000000000FC00FE00FFFC00F8F6F6FF00F3B2
:10533000000000000000FC0000000002FD00000072
:105340000400000000000000001600000000000043
:1053500003000000FC00000000000000000000004E
:10536000F800040000000000000000000000000041
:10537000FD000000F700000000EAF3000000F9EA79
:105380000000FC0400F40000000000000000000029
:10539000F90000F70000000000000000000000001D
:1053A0000400F800000000050003F7F700FCFCFB18
:1053B000000000000000F300FC00F9FC00F6F5F32B
:1053C000FC00F700F300000000240000020000FAD7
:1053D000000400ED0000000000D6F80F0DFCED0009
:1053E00004F900EAFEFA04E1FC060007F0F9EFF127
:1053F000ED0000E5001A0000FE000000FEFEFCF4D7
:10540000F1FFD600000000000000000001000000D5
:1054100000000000000000000000000000FC00FE92
:10542000FCF90000F700FC00000000000000000094
:10543000000000000000FF00F7000009FF0600F672
:1054400004FDFFF4FC00FAFCFD00F9F80000FCFF8D
:10545000FDF8FB0000FC0004FD00F6000000F70072
:10546000F800F8F8040000000000000000F7040055
:10547000FA00FDFBF2FDFDFDFFFDFBFF000000005B
:1054800000FCFCFC0000000005FD00FD000000FD2C
:10549000FBFDFCFBFC000412FF00F400FD0900FC16
:1054A000EDFA070000EBF804F80300FDFCF200F948
:1054B000020000F80000000404F7F700F8FCF9FC13
:1054C000FC00F802F7F80D000000000000000000EA
:1054D00004000000000000000000000000000000C8
:1054E0000000000000000000F800000000000000C4
:1054F00000000000000000000000000000000000AC
:10550000000000000000000000000000000000009B
:1055100000000000FD00000000000000000000008E
:10552000000000000000000000000000000000007B
:105530000000FCFC00000000000000000000000073
:10554000F90000FA0000FCFC00000000FC00000074
:1055500000FE0000000000FD00000000F900F70060
:105560000000F10003F60901FDEB0000F6FC00EE7F
:10557000F5F30000EDFCEEEFEA00F400041EFA0083
:10558000F6FCFFFCF8F4F8EFEEF6FC0000FD00017D
:105590000000E1FC0D0AF6EF0001F200EAFDFC0953
:1055A000D7FA010000E3FBE9FCDF0000E1001A018B
:1055B00000FD00000000FEFDEFFD00E30000000024
:1055C000F200FC00FFF3EB0000FEF9F3FC00FD002D
:1055D000000000ECFCF1F2FCF8F5FCF800F7FCF13F
:1055E000F900FBF7FCF7000200FDF1000900F800EC
:1055F000000000050003F71200FCFCFB00000000A7
:105600000000F300FC00F9FC00F6F5F3FC00F704E1
:105610001200000000240000020000FA0004000054
:10562000000000000000FF0000000000FDF7000087
:10563000000000FE000000FCFC0000F7FC0000F78A
:105640000008FE0000000000000200000000070942
:1056500004FC00F2F9000DF1F2F7F7120804D9FD8D
:1056600009FC00FC05FCF000FC04FAFCF3FC000063
:105670000D0900F300E7FA0DFAEF01FAF1F1FC125F
:105680000400F900F400040FF6EFEEF50D0001DF61
:10569000FC04F8FDF600F6EFF9F9FC0000F6F7FC63
:1056A000000D0AFCE700E7FA00F0E6FFF2F8F1F37C
:1056B0000C0000FA00F7FC00FCF80008F104000000
:1056C000E800FCF6F8FDF3F5F1F600F3FCF6F7F36D
:1056D000FC00000115F800F3FC00FCF7F6F4F3EF12
:1056E000FAF70900F900EAFB0309F2EFF7F10FFC02
:1056F00002D6F809F6F8EF00F3EDFBFCFCFCF7F33B
:10570000FF00000D0DFDE300E5F60BEFE2F7F0ED15
:10571000EAF10900000000FB000004FB0903F7099F
:105720000000F2FF00FF000101FC0000000000008B
:10573000FC00000000040D0100FB00000000FDFD66
:10574000FB0000000104000000000400FC00110048
:10575000080101FA00090000000400000000000038
:1057600000000000000D000D00000000000000001F
:10577000000000000000E500FC08000D00002C0502
:10578000F7F70404FD01EA000016E5000000000040
:10579000000000000000E2113F00000000000000D7
:1057A0000000000000E50000000000000000000014
:1057B00000000000000000000000000000000000E9
:1057C000F90000F7FC0000000000000000000000ED
:1057D0000000000000000000FD00F40000010000D7
:1057E000043AF7FC0E0CF40400000404FA00000074
:1057F0000000000000000000C60D000000000000D6
:105800000000000000000000000000F3000000F4B1
:1058100000000000F6FE000000F600FB00EB0000B8
:10582000000000000000000000E200000000010095
:105830000000000000FC0000F700F900F400000088
:10584000F804FB0000F4FCF60000F400FC00EB00A0
:10585000FB0000DCF7EEFBF00000E200F4FE0000CD
:10586000000000000000F9F8FCF800000000F6005D
:10587000F606FB0900FDF6FDF8F700FBFEFD03F45C
:10588000FF000000D9FCFA00F600FDEBFC0000FD73
:10589000FC000000000300FDF8FD0800000000000F
:1058A00000000000000000000000000000000000F8
:1058B00000000000000000000000000000000000E8
:1058C00000000000000006000000000000F600FDDF
:1058D000000000F704000000F4FCF70000F300FCF7
:1058E00000EB00000000D500F7EFEA0000E200FD49
:1058F000F90000000000000000FCF9FEF9010000C2
:1059000008FA000E16FCFCF30516080AF405130548
:105910000D0A0C00000000000000000000001C1533
:10592000F8FC00FC24132400000004000011000017
:10593000F9000000000000000000FD000000000071
:105940000000000600000000DAFBFCEEEA0000E2C6
:105950000000000000000000000000000000000047
:1059600000F9000000000000000000FD0000000041
:10597000000000000600000000DAFBFCEEEA000078
:10598000EE00000000000000000000000000000029
:1059900000000000FC000000F60400FC040804F312
:1059A00000FFFC04000400000000F500FCFDF7000F
:1059B000FCEE001CFC00F6FD00FDF800FCF3F7FB1C
:1059C000000000F9000000000000000000FD0000E1
:1059D0000000000000000600000000DAFBFCEEEA18
:1059E0000000E200000000000016000000000000BF
:1059F00000000000F900F2FBFC0DFCFCEE01FD01D3
:105A0000FDF4010A01040104F5EEFB00EFF7F4EDEB
:105A1000EF00F9F7FBFAFCFDFBFD00FDFF070007B7
:105A2000FD000E000000000000000000000000FD6E
:105A3000FCFC0000F400FE00F80000000000000084
:105A400000000000E5000000000000000000000071
:105A5000FCFC00FA00000000FC0000F8FC0400F868
:105A6000F7FD00F3FDF6FDFB00F80000000000006C
:105A70000000000000E2000E0000F800000000FA44
:105A800000FC0000FE0000FD00F6000013FAF1F239
:105A9000030505FFF30307030D030FFDF40000EEFC
:105AA0000000F3F40000F700FAF800F900F900FD37
:105AB0000700FCF3FC110000FC00F7000006F600F4
:105AC00004FC040000F100FDFF00FC05FC000000E8
:105AD000EEFBF600F30000EB0011FC00F800030001
:105AE000FC00FCF300FC0400000000FD000004FAD0
:105AF000010000FBFD00FB000000000000000000B2
:105B00000000000000000000E4000A0000FC0000AB
:105B100000000100FCFC00000009000A0000000079
:105B200000E4E601130D08EE031300110009000064
:105B3000000000000000000000180000000000004D
:105B40000000000000000000000000009C4F04085E
:105B5000604E0408FE4E04083D310000E8C9030809
:105B6000CC480408384E04084C5B04081000022896
:105B70000803002045970108699601081E000500EA
:105B800000FE01005C5B0408000000000000000053
:105B9000F206E8EC993661D63A9624BE055E05FA1F
:105BA00004B14D6A8E09CEE7FF47FE00FCC0FAA49F
:105BB0007AA963F19CF3EA8AE38EECD3FE7AFF5D67
:105BC000EA0FF312F476FDDAFF3DAA37BB59CC9BFE
:105BD000E5FCF73E7AB893B9B4FBD63DEF3E5B588F
:105BE0007C399D5BC65DEF5E453E65BE965FBEFF40
:105BF000E79F2DBE4E1E86BFB73FE7BF263B4E9C9C
:105C000086FDB75EE7BF25334DB58658B6FBE79EE8
:105C100065CD8630A6B4CF39EFBD9E6CAEB0C7144B
:105C2000DF79F7DDD70ADF2EE773F7B8FFDCFF6B0C
:105C3000FF8EFFB3FFD8FFFCFE45FEA9FF10FF76E5
:105C4000FFDCFD24FDA9FE70FF16FF9CFB88FC4CC9
:105C5000FD52FE77FF5C8B6CA44FBD54D679EF5D8F
:105C60007C939535B5F8CEDBEF7EBDF7E71CEF7D75
:105C7000F7BEFFDFE1C6D165C145B0E3D8CCC0CBEC
:105C8000A8AA8869893578F468D348B159B651759E
:105C9000413430D23A5531F329B2190F1C5C1BBA8A
:105CA00013380A3404DC045A03B702B3057804B489
:105CB0000411030C044F03CD034B026845083C67F5
:105CC0002BE61AE47D886CE754453343C646ADA500
:105CD0009CE483A2FEC6FE05FD44F3E2FD80FD00C8
:105CE000FC60FB60FC60F3E0EB60E280F283E24387
:105CF000DA02B9A16A685A0649A53924536F42CC21
:105D00003229218773AE630C4208210400003C0253
:105D10007804B306EE08280B610D990FD011061414
:105D20003A166C189D1ACB1CF71E212148236C25AE
:105D30008E27AC29C72BDF2DF32F033210341836F2
:105D40001C381C3A173C0E3EFF3FEC41D443B6458D
:105D500093476A493C4B084DCD4E8D504652F953FE
:105D6000A5554B57EA58825A135C9C5D1F5F9A6099
:105D70000D627963DD6439668D67D9681D6A596B78
:105D80008C6CB76DD96EF36F04710C720B73017468
:105D9000EE74D275AD767F7747780679BB79677AEE
:105DA0000A7BA27B327CB77C337DA57D0D7E6C7E29
:105DB000C07E0B7F4B7F827FAF7FD27FEB7FFA7FEE
:105DC000FF7F000000000000000404040404040439
:105DD000040404000000000006060606060605008E
:105DE00000000000000000000000000000000000B3
:105DF0000200000000000000000004000002000299
:105E00000200000000000000020202020002000086
:105E10000002000000000000020000000001010577
:105E20000505010500000000001001010000000050
:105E30001002020C0C12120000000000B09C0208BC
:105E4000C74301080000000000000000F145010800
:105E50000000000041040000B09C0208114E01083F
:105E60005F4E0108000000007D4E010804010D0096
:105E700000060000B09C0208EB5001080000000082
:105E80000000000000000000D127D12744020000DC
:105E9000B09C020885510108A951010800000000CA
:105EA000C15101080401820085030000B09C020872
:105EB000DD8F01086590010800000000899001084D
:105EC0008200D12705040000B09C02080B95010850
:105ED0003D9501080000000001920108000000004B
:105EE00080020000B09C020881A90108FDA90108F8
:105EF0000000000041AA0108D127D127C0040000FA
:105F0000B09C020829B80108000000000000000051
:105F100055B80108D127D127C0020000B09C020863
:105F2000C500020800000000000000003D0102085A
:105F3000D1278200C5020000E45E040800000000D2
:105F40000000000000000000A502020800000000A0
:105F5000C0040000585E0408B106020800000000FA
:105F6000000000000907020800000000850700008B
:105F7000B09C0208D7120208FF12020800000000BD
:105F80000913020834001E0084020000B09C0208BD
:105F900065140208A114020800000000011502089F
:105FA000D127D12785030000B09C0208D918020828
:105FB000F31A0208000000001D1B02080401820001
:105FC0004406000000FF0055AAFF0011223344558B
:105FD00066778899AABBCCDDEEFF000102030405B9
:105FE000060708090A0B0C0D0E0F101112131415D9
:105FF000161718191A1B1C1D1E1F202122232425C9
:10600000262728292A2B2C2D2E2F303132333435B8
:10601000363738393A3B3C3D3E3F404142434445A8
:10602000464748494A4B4C4D4E4F50515253545598
:10603000565758595A5B5C5D5E5F60616263646588
:10604000666768696A6B6C6D6E6F70717273747578
:10605000767778797A7B7C7D7E7F80818283848568
:10606000868788898A8B8C8D8E8F90919293949558
:10607000969798999A9B9C9D9E9FA0A1A2A3A4A548
:10608000A6A7A8A9AAABACADAEAFB0B1B2B3B4B538
:10609000B6B7B8B9BABBBCBDBEBFC0C1C2C3C4C528
:1060A000C6C7C8C9CACBCCCDCECFD0D1D2D3D4D518
:1060B000D6D7D8D9DADBDCDDDEDFE0E1E2E3E4E508
:1060C000E6E7E8E9EAEBECEDEEEFF0F1F2F3F4F5F8
:1060D000F6F7F8F9FAFBFCFDFEFF808080818182F3
:1060E000828384858687898A8C8D8F9193959799F1
:1060F0009B9EA0A2A5A7AAADAFB2B500FF1FFF1F30
:1061000001E001E0040000080000000000000002BF
:106110000001000010000000000000000030F13D10
:106120000070643E0000A33E0090CF3E0090F83E19
:1061300000400F3F00E0203F0000000015B783370C
:10614000CDE37B380EE1C53860F69138AF5F0F388C
:10615000E1BC3E3823F44739000000000000000095
:10616000303132333435363738394142434445468D
:106170004030580030313233343536373839616287
:1061800063646566403078003031323334353637F9
:106190003839616263646566787000303132333457
:1061A000353637383941424344454658500000009F
:1061B00002400000000000A00000000005400000B8
:1061C000000000C8000000000C4000000000409CDF
:1061D00000000000194000000020BCBE00000000CC
:1061E00034400000BFC91B8E00000004B540000011
:1061F000504BCFD06607E2CF010000006C41000099
:106200003E8251AADFEEA73401000000D94200000F
:10621000DCB5A0E23A301F97FFFFFFFFB445000056
:10622000FD25A0C8E9A3C14FFFFFFFFFFF3F00000E
:106230000000008000000000FF3F00000000008020
:10624000000000004B45595F46554E43332028500F
:10625000423129004B45595F454E435F312028505C
:1062600043313329000000004B45595F454E435FE1
:106270003220285043313429000000004B45595F3B
:10628000454E435F3320285043313529000000003C
:106290004B45595F46554E43312028504136290021
:1062A0004B45595F46554E4332202850413829000E
:1062B0005365744441435F410000000053657444DA
:1062C00041435F4200000000536574476174686594
:1062D00072000000415F536574000000565F536513
:1062E000740000000A00000042746E3100000000DB
:1062F00042746E320000000042746E3300000000F1
:1063000042746E340000000042746E3500000000DC
:10631000000000007064040800000020D4030000A6
:1063200014020008A0650408D40300200C38010002
:1063300070020008000000000000F07FFFFFFFFF78
:10634000FFFFEF7F1C00000043000000F8FFFFFF8D
:106350000C0000000E0000000F0000002E000000E6
:106360001001000043000000F8FFFFFF0040404024
:106370004040404040404141414141404040404018
:1063800040404040404040404040404040050202C4
:106390000202020202020202020202020220202083
:1063A00020202020202020020202020202029090DF
:1063B00090909090101010101010101010101010DD
:1063C0001010101010101010020202020202888831
:1063D000888888880808080808080808080808083D
:1063E0000808080808080808020202024000000025
:1063F000000000000000000000000000000000009D
:10640000000000000000000000000000000000008C
:10641000000000000000000000000000000000007C
:10642000000000000000000000000000000000006C
:10643000000000000000000000000000000000005C
:10644000000000000000000000000000000000004C
:10645000000000000000000000000000000000003C
:10646000000000000000000000000000000000002C
:10647000321082011324F4138168140879691B080F
:1064800085041AAD0413096A1408F1671B084D0C42
:1064900041170403090412013202164083045057C5
:1064A0001D0201020341031B1A0322C022641420AF
:1064B000BB2C1B08B7041AC104411AE96C1A430427
:1064C0001A4164411A8D0C1A19041A2504C11AD1F3
:1064D000101AC5041ADD041AB9041409022913019B
:1064E0000125C03209042A0279150921110114017C
:1064F00022021607058103022D0507050107291A47
:1065000009562C691A31130A062908032340011A77
:10651000AA010134199201151E5462040868041A74
:106520007C041A90041AA0041A4404011C13912F2D
:1065300079201AB02C13BD401B08BC081AD5081AC4
:10654000C8081321421B08DC081AC5081AD4081A07
:10655000ED1801309A6208B20102272DA934019387
:10656000022080C5D4C3B2A1021B70180E152702E9
:106570000841260208B925020835041ACD0C1AF183
:10658000081A19081EE8620408F0041AF8041AE44C
:1065900004111D63040808041A1004011800000007
:04000005080001D915
:00000001FF
