S31508000000E87E012025040008355D0008A1450008A2
S31508000010315D0008912B0008A98300080000000044
S315080000200000000000000000000000006503000852
S31508000030C92E000800000000C10300082566000854
S315080000403F0400083F0400083F0400083F04000876
S315080000503F0400083F0400083F0400083F04000866
S315080000603F0400083F0400083F0400083D2D00082F
S31508000070552D0008A12D00083F0400083F0400087C
S315080000803F0400083F0400083F0400083F04000836
S31508000090318200083F0400083F0400083F040008B6
S315080000A03F0400083F0400083F0400083F04000816
S315080000B03F0400083F0400083F0400083F04000806
S315080000C03F0400083F0400083F0400083F040008F6
S315080000D03F040008056C00083F040008616C00082E
S315080000E0412F00083F0400083F0400083F040008A9
S315080000F03F0400083F0400083F0400083F040008C6
S315080001003F0400083F0400083F0400083F040008B5
S315080001103F0400083F0400083F0400083F040008A5
S315080001203F0400083F0400083F0400083F04000895
S315080001303F0400083F0400083F0400083F04000885
S315080001403F0400083F0400083F04000800000000C0
S315080001500000000000000000000000000000000091
S315080001600000000000000000000000003F04000836
S315080001703F0400083F0400083F0400083F04000845
S315080001803F0400083F0400083F0400083F04000835
S315080001903F040008000000003F0400083F04000870
S315080001A03F0400083F0400083F0400083F04000815
S315080001B03F0400083F0400083F0400083F04000805
S315080001C03F0400083F0400083F0400083F040008F5
S315080001D03F0400083F04000800F002F800F0B2F8F7
S315080001E00AA090E8000C82448344AAF10107DA4584
S315080001F001D100F0A7F8AFF2090EBAE80F0013F024
S31508000200010F18BFFB1A43F001031847C89C0400E6
S31508000210E89C04000A444FF0000C10F8013B13F068
S31508000220070408BF10F8014B1D1108BF10F8015B41
S31508000230641E05D010F8016B641E01F8016BF9D134
S3150800024013F0080F1EBF10F8014BAD1C0C1B09D18B
S315080002506D1E58BF01F801CBFAD505E014F8016BFD
S3150800026001F8016B6D1EF9D59142D6D3704700008F
S315080002700023002400250026103A28BF78C1FBD8A1
S31508000280520728BF30C148BF0B6070476E2900F07F
S315080002908884702900F0F78766292AF00D85652974
S315080002A02AF00A8567292AF0078561292AF0068532
S315080002B003681B0A28BF41F08001692900F05881AC
S315080002C0642900F05581752900F052816F2900F0E4
S315080002D08487782900F0C387E92900F01F87E42975
S315080002E000F01C87F52900F01987EF2900F08187AF
S315080002F0F82900F0C2870368DB0928BF41F08001AE
S31508000300632900F0A086732900F0A586E32901F089
S31508000310E981F32901F0EE81002070471FB52AF024
S31508000320BEFC00F0C9FF0400002000212AF03EFAB6
S31508000330401C6060002000212AF022FAE0601FBD00
S3150800034010B510BD01F0C2FA1146FFF7E7FF23F01A
S31508000350D3FA01F012FB03B4FFF7F2FF03BC01F076
S3150800036091FD00002C4B19680868B0E8F04F80F33F
S315080003700988BFF36F8F4FF0000080F3118870472C
S315080003800000000008480068006880F308884FF0FD
S31508000390000080F3148862B661B6BFF34F8FBFF3CF
S315080003A06F8F00DF00BF00BF08ED00E0DFF80C002C
S315080003B0016841F470010160704700BF88ED00E0F4
S315080003C0EFF30980BFF36F8F134B1A681EF0100FF7
S315080003D008BF20ED108A20E9F04F106009B44FF0ED
S315080003E0500080F31188BFF34F8FBFF36F8F29F04A
S315080003F093F94FF0000080F3118809BC1968086862
S31508000400B0E8F04F1EF0100F08BFB0EC108A80F36A
S315080004100988BFF36F8F7047E0000020EFF305806F
S31508000420704700000948804709480047FEE7FEE78D
S31508000430FEE7FEE7FEE7FEE7FEE7FEE7FEE7FEE786
S3150800044004480549054A064B704700002D67000811
S31508000450D9010008E8780120E87E0120E87A012021
S31508000460E87A01207CB51D4616460C00009001D09E
S315080004702044401E074B7B442A4669460190304675
S3150800048000F0B7FD05461CB10020694600F0C4FD22
S3150800049028467CBDA90B00000FB47CB50C0009AA40
S315080004A0009001D02044401E084B7B4469460190C9
S315080004B0089800F09EFD05461CB10020694600F02C
S315080004C0ABFD28467CBC5DF814FB0000750B0000EC
S315080004D070B5044685690068C10601D5302600E076
S315080004E02026C00707D070BDD4E9012130469047C1
S315080004F0206A401C20626D1EF6D570BD70B5044694
S3150800050085690078C00707D170BDD4E9012120208C
S315080005109047206A401C20626D1EF6D570BD70B5E6
S315080005200C460546012A05D02878800600D5EA69D2
S31508000530002302E0012305E05B1C934202D2E05C43
S315080005400028F9D1A869E618C01AA861286A1844CB
S3150800055028622846FFF7BCFF04E0D5E9012114F814
S31508000560010B9047B442F8D32846FFF7C7FF70BD82
S315080005702DE9F0410646002410687529314616A56E
S3150800058010D000F0A3FA002802DA404213A507E0CB
S3150800059031688A0701D512A502E0490704D511A5D5
S315080005A0012401E000F09BFA00210A2206F1240743
S315080005B009E0B0FBF2FCB0FBF2F302FB1C003030A2
S315080005C078541846491C0028F3D123462A46304653
S315080005D0BDE8F04100F08CBA000000002D000000D4
S315080005E02B000000200000002DE9F05F8946044634
S315080005F04FF0000ADFF874B1FB44C0F820A020468B
S31508000600E1688847002874D0252806D0D4E9012156
S315080006109047206A401C2062F1E700265F46204684
S31508000620E16888472028054607DB312D05D2781969
S3150800063010F8200C08B10643F1E7B00701D526F0FB
S315080006400406C4F81CA00027C4F818A02A2D09D04F
S31508000650284608F032F938B304EB8708303DC8F865
S31508000660185019E059F8041B204604EB87029161DB
S31508000670E1688847012F054618D1E069002820DA85
S3150800068026F020061DE0D8F8180000EB800005EBE0
S3150800069040003038C8F818002046E1688847054603
S315080006A008F00BF90028EED1012F0AD02E2D08D11B
S315080006B02046E16888477F1C0546022F46F020063B
S315080006C0C4DBA069002803DA404246F00106A061AF
S315080006D0F00701D026F010066C2D0BD0682D09D036
S315080006E04C2D39D06A2D35D0742D35D07A2D33D08E
S315080006F016E038E0E1682F4620468847B8420546A6
S3150800070009D16C2F26D04FF48060E1680643204655
S315080007108847054604E06C2F1AD04FF480700643CC
S315080007200DB3A5F14100192802D8203546F4006614
S315080007304A462946204626604E46FFF7A7FD80B161
S3150800074001280BD0F61D26F0070000F1080956E728
S315080007504020E4E78020D8E70020D6E706F1040920
S315080007604DE7284652E7206ABDE8F09FC896040080
S31508000770401ECAB210F8011F8A4202D00029F9D1D8
S315080007800020704740EA0103024630B59B0710D1A6
S315080007904FF0013400E008C208C91D1B9D4315EA45
S315080007A0C41FF8D013F0FF0102F8011B0DD01B0A75
S315080007B0F8E711F8013B002B02F8013B05D011F8C8
S315080007C0013B002B02F8013BF3D130BD10B5431CA9
S315080007D002E010F8011B71B18107FAD14FF001321E
S315080007E002C88C1A8C4314EAC211F9D0C01A0A0638
S315080007F003D0C01E10BDC01A10BD0A0401D0801E49
S3150800080010BD0902FCD0401E10BD40EA010370B5B8
S315080008109B072ED14FF00136042A2AD308C810C9DF
S315080008209D1B9D43121F15EAC61517D0D8B2E1B213
S31508000830401A50EA056110D198B2A1B2401A50EA9E
S3150800084005410AD123F07F4024F07F41401A50EA3F
S31508000850052102D1180EA0EB146070BDA342DBD0AF
S3150800086018BA21BA884201D9012070BD4FF0FF306D
S3150800087070BD0AB9002070BD10F8013B11F8014B94
S3150800088063B1A3420AD1521E08D010F8013B11F8F1
S31508000890014B1BB1A34201D1521EEDD1181B70BDED
S315080008A0032A40F2308010F0030C00F0158011F88E
S315080008B0013BBCF1020F624498BF11F801CB00F866
S315080008C0013B38BF11F8013BA2F1040298BF00F8BA
S315080008D001CB38BF00F8013B11F0030300F0258077
S315080008E0083AC0F0088051F8043B083A51F804CB9E
S315080008F0A0E80810F5E7121D5CBF51F8043B40F864
S31508000900043BAFF30080D20724BF11F8013B11F86E
S3150800091001CB48BF11F8012B24BF00F8013B00F8B2
S3150800092001CB48BF00F8012B704710B5203AC0F03C
S315080009300B80B1E81850203AA0E81850B1E81850D2
S31508000940A0E81850BFF4F5AF5FEA027C24BFB1E80F
S315080009501850A0E8185044BF18C918C0BDE8104080
S315080009605FEA827C24BF51F8043B40F8043B08BF89
S315080009707047D20728BF31F8023B48BF11F8012B50
S3150800098028BF20F8023B48BF00F8012B704702F049
S31508000990FF0343EA032242EA024200F002B84FF09C
S315080009A000020429C0F0128010F0030C00F01B802E
S315080009B0CCF1040CBCF1020F18BF00F8012BA8BF3C
S315080009C020F8022BA1EB0C0100F00DB85FEAC17C00
S315080009D024BF00F8012B00F8012B48BF00F8012BB3
S315080009E070474FF0000200B51346944696462039E4
S315080009F022BFA0E80C50A0E80C50B1F12001BFF4CA
S31508000A00F7AF090728BFA0E80C5048BF0CC05DF82F
S31508000A1004EB890028BF40F8042B08BF704748BF7D
S31508000A2020F8022B11F0804F18BF00F8012B7047F1
S31508000A304FF0013C50F8042B51F8043B9A4221D15F
S31508000A40A2EB0C03934313EACC1317D150F8042BEB
S31508000A5051F8043B9A4215D1A2EB0C03934313EACF
S31508000A60CC130BD150F8042B51F8043B9A4209D108
S31508000A70A2EB0C03934313EACC13DBD04FF0000030
S31508000A80704700BFD01A01BAB1FA81F101F0180116
S31508000A9022FA01F0CB40C1F12001DBB2C0B2C01A84
S31508000AA02CFA01F3D11A914311EAC311E6D1704722
S31508000AB070477047704710B500F002FC006810BD1B
S31508000AC010B5044600F0FCFB046010BD09684A0531
S31508000AD001D540B27047C905FCD500B27047096810
S31508000AE04A0501D5C0B27047C905FCD580B2704722
S31508000AF02DE9F0470D4699469246044600F124082A
S31508000B000168880604D5E06921F01001216000E03B
S31508000B100120A84201DD471B00E00027A1697A19D8
S31508000B2002EB0900081AA0612078C00602D4204604
S31508000B30FFF7CEFC002608E0D4E901211AF80600E2
S31508000B409047206A401C761C20624E45F4DB2078CC
S31508000B50C0060AD52046FFF7BBFC06E0D4E901210A
S31508000B6030209047206A401C2062381EA7F10107F2
S31508000B70F4DC07E0D4E9012118F805009047206A5B
S31508000B80401C2062281EA5F10105F3DC2046FFF76C
S31508000B90B5FC2078000602D50220BDE8F0870120C2
S31508000BA0FBE711680268006A530501D508700AE078
S31508000BB0D30501D5088006E0130603D5C217C1E997
S31508000BC0000200E008600120704770472DE9FF4FDA
S31508000BD00C461E464FF0FF378BB0D2E90001DDF810
S31508000BE060800A908A46C1F30A5505B93D46002138
S31508000BF008464FF00000BAF1000F00F4400005DA8D
S31508000C0000EB80004FF4400101EA50004FEA90598A
S31508000C10B9F1010F00DDB9460A9850EA4A000ED02C
S31508000C2044F61050A5F2FF3545432F14B8F1000FCE
S31508000C301ED07542291E1EDDC9F100021CE0B8F15E
S31508000C40010F4FF0000001D0302103E0F24305E028
S31508000C502154401CB042FBDB3046002200212154BF
S31508000C600B99C1F80880C1E900200FB0BDE8F08FE4
S31508000C70BD1B6D1CDEE74A4600DA694206A800F08D
S31508000C808FFD06AB93E8070003AB83E807005046E1
S31508000C900A9901F049FB8DE80700A0F500501F38B6
S31508000CA000900398002D0ADD42F21F014A460844C7
S31508000CB0002303A90390684601F0F4FD09E0A0F5B6
S31508000CC000504A461F38002303A90390684601F0DE
S31508000CD013FE8DE807000004000C03D04FF0FF3028
S31508000CE0410800E01046B8F1000F03D00022009238
S31508000CF015461EE0751E05D400F0E6FA3032625538
S31508000D006D1EF9D5B3460122084302D000227F1C86
S31508000D1004E02078302801D100227F1E002A099796
S31508000D2084D01DE0112D07DA00F0CEFA3032625574
S31508000D306D1C50EA0102F5D1084302D00098C8B1EB
S31508000D400EE00021681E05E0235C625C63542254B1
S31508000D50401E491C8142F7DBAB46A81B401E099082
S31508000D60002004F80B000B98099AC0F80880C0E91F
S31508000D70002B7AE711264FF0000857E72DE9F04FC8
S31508000D8088460446D21D22F0070191B0D1E9000138
S31508000D90CDE90A0107F03AFB02460B98C00F01D0CD
S31508000DA02D2007E02068810701D52B2002E02021AD
S31508000DB001EAC000032A099001D0072A05DB034689
S31508000DC04146204600F044FC0BE12078800601D518
S31508000DD0E06900E00620B8F1650F814606D0B8F153
S31508000DE0660F18D0B8F1670F70D131E00020B9F15D
S31508000DF0110F009001DB112301E009F101030AAA92
S31508000E0001A90CA8FFF7E2FEDDE90C70002609F13E
S31508000E100105834647E001204B4600904FF0004706
S31508000E200AAA01A90CA8FFF7D1FEDDE90DB00C99B5
S31508000E305D46002610B909F101000D18B9EB050049
S31508000E4003D4C0F1FF3609F10105A5EB09002BE033
S31508000E50B9F1010F01DA4FF001090020B9F1110FBC
S31508000E600090484601DD112300E003460AAA01A9BD
S31508000E700CA8FFF7ABFEDDE90C704D46002683464D
S31508000E80207800070AD4AB4500DA5D4601A8012D93
S31508000E9004DD411911F8011C302907D04F4502DA43
S31508000EA017F1040F04DA012082460FE06D1EEEE703
S31508000EB0002F02DCED1B3E4403E0781CA84200DD4F
S31508000EC07D1CB81B00F1010A4FF000472078000787
S31508000ED003D4AA4501DB4FF0FF3A0021B7F1004FD2
S31508000EE00DF143088DF8431024D002202B23002F40
S31508000EF001DA7F422D230A21021EA0F1010000DC3F
S31508000F005FB197FBF1FC97FBF1F201FB1C7C1746DE
S31508000F100CF1300C08F801CDEEE7A8F101000370DA
S31508000F202188090501D5452100E06521A0F10108C0
S31508000F3000F8011C09980FA9A1EB0807FF1D00B1CD
S31508000F400120411901EBEA70A1693844081A401ECC
S31508000F50A0612078C00602D42046FFF7B9FA09989E
S31508000F6028B1D4E901219047206A401C20622078E4
S31508000F70C00622D52046FFF7ABFA1EE0002E04DB9A
S31508000F80B34502DD01A8805D00E03020D4E90121E7
S31508000F909047206A401C2062761CAAF101005FEA8D
S31508000FA0000A0AD100F088F9C0680168405CD4E9F3
S31508000FB001219047206A401C2062281EA5F10105E0
S31508000FC0DCDC07E0D4E9012118F8010B9047206A18
S31508000FD0401C2062381EA7F10107F3DC2046FFF704
S31508000FE08DFA032011B041E601694A1C02610878AE
S31508000FF0704700B58FB0CDE901310021059105494B
S315080010007944CDE9031011466846FFF7EDFA0FB0AB
S3150800101000BD0000E5FFFFFF0A6802F8010B0A6041
S315080010207047D1E900239A4202D2531C0B60107014
S31508001030704710B5436913B1AFF3008001E0FFF7BD
S315080010406EFA012010BD127800F124010A70002200
S315080010504A700122EDE711684FF0FF32E9E7000018
S315080010602DE9FF5F15468A460446DFF8AC80F8444A
S315080010700027D8E900103E46CDE9001010E03AF8FE
S3150800108016106A4602A800F0FDFB411C07D021781D
S31508001090890603D5E269391891420DD80744761CAA
S315080010A02078800602D5E069B84205DDAE42E6DB67
S315080010B03AF816000028E2D1A069C01BA0612046B4
S315080010C0FFF706FAD8E90010CDE90010002017E06E
S315080010D03AF818106A4602A800F0D4FBB0F1FF3FB0
S315080010E081460BD000250DF1080B05E0D4E9012156
S315080010F01BF8050090476D1C4D45F7D308F1010014
S31508001100B0428046E4DB206A384420622046FFF776
S31508001110F5F9BDE8FF9F0000A68C04002DE9F04113
S315080011208046D21D22F007020025D2E90002F529E1
S3150800113015A614D0011E72F1000106DA0023D0EBC1
S31508001140030063EB020211A608E0D8F800108B072B
S3150800115001D50FA602E0490701D50EA601251146BD
S31508001160002408F1240704E000F0AEF830323A55BE
S31508001170641C50EA0102F7D12B4632462146404606
S31508001180BDE8F041FFF7B4BC000000002D000000E8
S315080011902B0000002000000030B4002100F12404D8
S315080011A008E002F00705D208303542EA4372DB0848
S315080011B06554491C52EA0305F3D10468002310A2BA
S315080011C0250707D5A40600D421B1C46901230DA2B9
S315080011D0641EC46130BCFFF78BBC10B504462146BB
S315080011E01068FFF77CFC02462046BDE81040002345
S315080011F0D2E7D21D22F00701D1E90023CCE700008F
S315080012000000000030000000F0B40D460188090512
S3150800121002D5214C7C4402E01F4C7C440E3400214C
S3150800122000F1240608E002F00F071209E75D42EA1A
S3150800123003721B097754491C52EA0307F3D1027853
S315080012400023120704D5702D06D009B102231134E4
S315080012502246F0BCFFF74CBC01231034F8E770B502
S3150800126004460D4621461068FFF739FC0246294612
S315080012702046BDE870400023C6E7D21D22F00703CA
S31508001280D3E90023C0E70368126843F0200303602C
S315080012900823C3610023B7E7088B04007CB505461D
S315080012A000236846CDE9003300F046FA6946284629
S315080012B007F0F0FA7CBD000000487047A4780120CA
S315080012C0004870478478012030B5B0F10A024FEA29
S315080012D0900E71F100034EEA817EB0EB0E0061EBD1
S315080012E091014FEA101E4EEA017E10EB0E0041EB0B
S315080012F011114FEA102E4EEA016E10EB0E0041EB6B
S3150800130011214FEA104E4EEA014E10EB0E0041EB4A
S315080013101141401841F100014FEAD00040EA4170FE
S315080013204FEAD10110EB80054FEA810444EA907434
S3150800133044EB01046D1944EB0404521BA3414FF01E
S31508001340000348BF0A3200D530BD401C41F10001F8
S3150800135030BD00002DE9F04F04460D46D21D22F09F
S31508001360070089B0D0E900974846394607F04EF895
S315080013700246F80F01D02D2307E02068810701D522
S315080013802B2302E0202101EAC0038DF820300BB19F
S31508001390012000E00020032A824601D0072A04DB48
S315080013A02946204600F054F93FE12078800601D40A
S315080013B00D2500E0E569C7F30A560D2D49DA002127
S315080013C04FEA175B08464FF00000002F00F4400074
S315080013D007DA00EB80004FF4400100EBD07001EA19
S315080013E060008115012901DD4FF0FF3100224FEA27
S315080013F0850CBCF1180F06D31346ACF118004FF054
S315080014008052C24003E04FF4801323FA0CF30CF128
S315080014100C0CBCF1200F04D3ACF1200C09FA0CF02B
S3150800142001E007FA0CF000294FF0004801DD18B971
S315080014300FE00ED140450CD319EB02095F4121B9E3
S31508001440404502D19F4329EA0209BBEB175F00D04A
S31508001450761C2088000502D57B48784402E07A4845
S315080014607844193808AA302302F80A30037C0AF1AE
S315080014700101002E0AF1020A53546A4602DC4FF0B3
S31508001480300101E04FF031014FF001088DF80010EE
S3150800149002D0A6F2FF3603E059EA470100D06B4EA8
S315080014A0002D02DC2178090704D54FF002082E2109
S315080014B08DF80110C44600210BE0C7F303433F0132
S315080014C0C35C491C6D1E02F80830052908F101089D
S315080014D001DA002DF1DC00210CE000EB1973491C40
S315080014E01B786D1E082902F808304FEA091908F119
S315080014F0010801DA002DF0DC21688B0602D516E01A
S31508001500A8F10108E04505DD02EB080313F8013CE4
S31508001510302BF5D0B8F1000F09DD02EB080313F8FC
S31508001520013C2E2B03D1090701D4A8F10108002D8F
S3150800153005DD3E2102F808106D1E08F10108407C01
S31508001540002E02F8080008F1010804DA2D20764278
S3150800155002F8080002E02B2002F808000A214FF4DE
S315080015607A70864208F101080BDB96FBF0F33033FC
S3150800157002F8083096FBF0F308F1010800FB136641
S3150800158001E0642E0CDB642096FBF0F3303302F89E
S31508001590083096FBF0F308F1010800FB136601E03A
S315080015A00A2E06DB96FBF1F0303002F8080008F147
S315080015B0010896FBF1F001FB1060303002F80800D4
S315080015C0A16908F1010808EB050202EB0A00081AEE
S315080015D0A0612078C00602D42046FEF779FF216A6A
S315080015E008AE01EB0A00206204E0D4E9012116F8EE
S315080015F0010B9047BAF1010AF7D22078C00602D546
S315080016002046FEF765FF6E4609E016F8010B3E28F0
S315080016100FD0D4E901219047206A401C2062B8F116
S315080016200108F2D22046FEF769FF09B00320BDE89B
S31508001630F08F206A2844206203E0D4E90121302093
S3150800164090476D1EEBD3F8E7FD88040002FCFFFF08
S315080016502DE9F0411F46044603260168072A01F4CE
S31508001660006004DB08B116A505E016A503E008B17D
S3150800167015A500E015A521F010002060A069C01E80
S31508001680A0610FB1401EA0612046FEF721FF4FB1B1
S31508001690D4E9012138469047206A401C2062C01CC4
S315080016A0206206E0206AFAE7D4E9012115F8010B61
S315080016B09047761EF8D22046FEF720FFBDE8F08157
S315080016C04E414E006E616E00494E4600696E6600D8
S315080016D010B5436913B1AFF3008001E0FFF7C0FC12
S315080016E0012010BD128800F1240182840022C284E0
S315080016F00122EDE711684FF0FF32E9E70FB4002346
S3150800170000B589B00CA900910B99CB60214B7B449D
S315080017100693214B7B44079304236FF00042CDE9DF
S3150800172001321E4A7A446B4608920246002029F086
S3150800173027FB09B05DF814FB70B506464FF0FF307D
S3150800174015460C46324686B00091CDE90101694638
S315080017500020049004A8FFF7D1FF02460498211838
S3150800176025B108B1084600E02046286004980028FC
S315080017700DD0002A02DD0098884208D03246081BA0
S3150800178069460094CDE9010404A8FFF7B7FF06B03F
S3150800179070BD00002902000041020000010200009D
S315080017A02DE9F047814616468AB0354878440DC873
S315080017B08DE80D0032487844801C03AC0DC884E8D7
S315080017C00D0041F69B300844372190FBF1F290FB5F
S315080017D0F1F5A5F1800501FB12041B3C02D5644214
S315080017E0012000E00020DFF898A080460027FA4490
S315080017F0AAF1BE0A0EE0E0070AD03246684607EBB1
S31508001800470101230AEB810101F076F88DE807000C
S3150800181064107F1C002CEED1194F7F44AE3F19E0AF
S31508001820E80715D007EB04100DF1180A90E80E002A
S315080018308AE80E00C068F04201D19819089032462D
S31508001840012306A903A801F057F803AB83E80700AC
S315080018506D10641C002DE3D14FF001033246694632
S31508001860B8F1000F03A802D001F01CF801E001F05E
S3150800187043F8C9E90001C9F808200AB0BDE8F087AD
S315080018803C86040070B516460C46054600F044F83A
S31508001890036893F80101012806D0FF2C0FD8185DBC
S315080018A068B101202C7070BDD3F807013246214675
S315080018B003F2071303442846BDE8704018474FF063
S315080018C0FF3070BD00487047847801207546FFF7E1
S315080018D0F9FFAE4605006946534620F007008546DF
S315080018E018B020B5FEF7ACFDBDE820404FF0000665
S315080018F04FF000074FF000084FF0000B21F00701EA
S31508001900AC46ACE8C009ACE8C009ACE8C009ACE82C
S31508001910C0098D467047000010B5FFF7CDFC001DC5
S3150800192010BD00BF898E020010B50446FFF7F4FF0C
S315080019300068005D00F0010010BD426842B1016810
S3150800194011F8013B23B1521EC0E900121846704730
S315080019500121C160881E704742685AB1C368016890
S3150800196043B983688B4205D0491E521CC0E9001250
S31508001970002070474FF0FF30704710B50446AFF3AC
S3150800198000802046BDE81040FEF7E5BC2DE9FF4F74
S3150800199006468BB00878FF2806D0491C2D2805D0A6
S315080019A000244FF0000908E000200CE00124F8E7C5
S315080019B009EB8903491C00EB43090878FF28F7D18E
S315080019C014B1C9F100008146107800252C46AA46B4
S315080019D029462D2801D02B2804D1521C2D2813D096
S315080019E0002082468B461078FF280FD04FF0000C57
S315080019F00A21521CA5FB017804FB018105FB0C1189
S31508001A00C5194BEB0104EEE70120EAE70021084679
S31508001A104FF00000BAF1000F02D000EB800040083A
S31508001A20C0F38157012F01DD4FF0FF370E9955EAB4
S31508001A30040009EB01080BD04FF0020918F5FA7FEC
S31508001A4016DA4FEACA70002F706008DD012007E039
S31508001A504FEACA70C6E900B00FB0BDE8F08F0020A3
S31508001A603060FFF72DFCC0F800901821084616E0F4
S31508001A70B8F5FA7F18DD002F02DAF748784401E056
S31508001A80F6487844D0E90010C6E9001040EACA7062
S31508001A907060FFF715FCC0F80090142108460FB0D7
S31508001AA0BDE8F04F29F005B9002108464FF00000BF
S31508001AB0B8F10001099002DAC7F1000200E03A46DF
S31508001AC001DAC8F1000106A8FFF76AFE06AB93E83B
S31508001AD0070003AB83E8070044F23E005BEA040113
S31508001AE00090584604D144F21E012C465D460091EA
S31508001AF0210C0904014306D10099240444EA15443B
S31508001B002D041039009104F07F41014306D1009954
S31508001B10240244EA15642D020839009104F0704144
S31508001B20014306D10099240144EA15742D01091FC1
S31508001B30009104F04041014306D10099A40044EA0B
S31508001B409574AD00891E009104F00041084304D144
S31508001B5000986D196441401E00904FF001033A4603
S31508001B606846B8F1000FCDE9014503A902DD00F08A
S31508001B70D8FE01E000F0ABFEBAF1000F04460D46B0
S31508001B8001D084F00044002108464FF0000009996E
S31508001B9040F2FF77484010F00C0F07D124F00040C0
S31508001BA0284303D0C4F30A50B84212D1FFF788FB82
S31508001BB0C0F80090C4F30A50B8420AD1A84878443D
S31508001BC0D0E90010C6E9001004F00041084370602F
S31508001BD042E7C6E900543FE72DE9FF4F1F464FF09D
S31508001BE0000A4FF0FF38454691B0D7E90146CDF8CF
S31508001BF03CA0FFF761FBC0680168405C1090B969BA
S31508001C0012986D1C8847396A814688470028F6D19C
S31508001C10B9F1FF3F0AD0002E24F4D06411DDB9F1E2
S31508001C202B0F08D0B9F12D0F0BD102E0404615B0A5
S31508001C3013E744F48064B96912986D1C8847761EC8
S31508001C408146600504A901D52D2000E02B20002E31
S31508001C5001F1010B0DF130088DF810003FDDB9F1E7
S31508001C60690F08D0B9F1490F05D0B9F16E0F02D046
S31508001C70B9F14E0F1CD13B4601A8009580E85002E9
S31508001C80DDE912126FF0020029F07EF8C11CCED1F0
S31508001C900EE0B96912986D1C884781461398761E1E
S31508001CA044F4007405600F98401C002E0F9016DD52
S31508001CB0B9F1300FEDD0B9F1780F02D0B9F1580F5C
S31508001CC00DD10F9801280AD13B46CDE90054DDE92C
S31508001CD01212001F029629F055F8C11CA7D11099B7
S31508001CE089453ED144F0800406E01399681CAAF1A0
S31508001CF0010A44F400740860B9696D1C1298761ECE
S31508001D00884730288146F0D02BE01099894505D1BF
S31508001D10200603D4761E44F0800418E0484606F0F0
S31508001D20CCFD08B3761E0DF123018B4544F40074EF
S31508001D3008D2A9F130000BF8010B200607D5AAF145
S31508001D40010003E0200602D40AF101008246A0053C
S31508001D5002D51399681C0860B96912986D1C8847E2
S31508001D608146002ED1DC53E0002E51DDB9F1650F16
S31508001D7002D0B9F1450F4BD1A00549D5B9696D1CFB
S31508001D801298761E24F440748847002E81460CDD8E
S31508001D902B2804D0B9F12D0F07D144F48074B96902
S31508001DA012986D1C8847761E8146E00501D52D21BF
S31508001DB000E02B2108F8011BCDF8008021E0761EF3
S31508001DC00DF13901884544F400740CD2A9F13000AC
S31508001DD010F0FF0088F8000002D10099884509D95B
S31508001DE008F1010806E0E00501D51E4801E042F2C7
S31508001DF00F708246B96912986D1C884781461398F8
S31508001E000560002E04DD484606F057FD0028D6D1A9
S31508001E10F96912988847FF2053468BF8000088F81E
S31508001E20000000200A900B9004AA0CA90AA8FFF744
S31508001E30ADFDA00502D46FF00100F8E614F0240FFA
S31508001E4012D0E0071CD13868DDE90A12031D3B6091
S31508001E500068C0E9001213E07C8404006E84040064
S31508001E6032830400F1D8FFFF0AA9684606F012FD7E
S31508001E70E00705D13868009A011D396000680260DC
S31508001E802846D4E601491820ABBEFEE72600020024
S31508001E902DE9FF4F1F464FF03C0987B04FF000422F
S31508001EA0DDE9141001F10108DDF858A002EA4050F6
S31508001EB00390002005908346054604460490B969B8
S31508001EC0461E08988847AAF1010A0290BAF1000F3F
S31508001ED03BDD02982E2815D0102100F017FA0028AD
S31508001EE02EDB4FF0010B0599014317D0B9F1000F0E
S31508001EF00BDB4A46C11700F0F6F905430C43A9F176
S31508001F00040905E0012004900BE008B145F001053D
S31508001F1001200590049820B9361D02E0049800B106
S31508001F20361FB969089808F101088847BBF1000F00
S31508001F30AAF1010A0290C9D00999C1F80080C5E73B
S31508001F400298702808D0502806D0F969089888475A
S31508001F50BBF1000F14D04FE0002002900120BBF126
S31508001F60000F049009D0B969089808F10108884754
S31508001F70AAF10109B9F1000F07DCF9690898884741
S31508001F806FF001000BB0BDE8F08F2B2804D02D2888
S31508001F900CD14FF0FF300490B969089808F1010890
S31508001FA08847A9F10109B9F1000FE6DD411CE4D023
S31508001FB00A2100F0ABF90028DFDB029908F10108D5
S31508001FC001EB810100EB41000290B9690898884746
S31508001FD00A2100F09BF9099AA9F10109B9F1000F44
S31508001FE0C2F8008001DD0028E7DAF9690898884711
S31508001FF00499029800FB016655EA040004D004F02F
S315080020004041090002D006E0039898E0A40044EA9B
S315080020109574AD00B61E04F00041080002D16D1992
S315080020206441761E159810F0240F03D04FF00B0963
S315080020305C4803E04FF028096FF07D00824656455C
S3150800204007DAAAEB06018944B9F1410F01DD4FF021
S31508002050410901200021A9F1010200F044F90246D4
S3150800206028400B462140084301D0012100E0002109
S31508002070501E029143F1FF3128402140084301D008
S31508002080012000E000200299834651EA0B014FD057
S31508002090002108464FF00000039900F4400039B1CA
S315080020A000EB80004FF4400100EBD07001EA6000BD
S315080020B08015012802DD4FF0FF3000E013D0401CE8
S315080020C036D0029860B3BBF1000F0CD14A46012006
S315080020D0002100F008F928402140084301D00120DA
S315080020E000E00020E0B101204A46002100F0FBF89C
S315080020F0034640190A4661412D1A8C4111D3B9F19C
S31508002100400F09DD159810F0240F02D0AAF1340605
S3150800211003E0AAF1170600E0761C00254FF00044FC
S3150800212006E05B1E42F1FF3220EA030521EA0204BB
S31508002130CAF10100B04206DA1B4903980843019028
S31508002140002000900EE0039AC4F3D321E80A0A435C
S31508002150164940EA44500A433146CDE9000268462A
S3150800216006F0A1FB159810F0240F0BD01598C007A0
S3150800217015D13868DDE90012031D3B600068C0E927
S3150800218000120CE002A8694606F084FB1598C00701
S3150800219005D13868029A011D396000680260404618
S315080021A0F0E6000002FCFFFF0000F07F0000F03FB1
S315080021B02DE9FF4F92461D4685B04FF00041DDE9F7
S315080021C0124BDDE914727F1E01EA4B50414940F07B
S315080021D0FF4940EA0108002122F02000492804911D
S315080021E002D04E2828D04CE03BA0012607C88DE82F
S315080021F00700A9690698641C88477F1E014606D40D
S315080022001DF8060018B121F0200181420BD0E969BA
S3150800221006988847032E34D0082E32D06FF0010076
S3150800222009B0BDE8F08F761C032E01D0082EE0D148
S31508002230601CCAF80000DCE7A9690698641C884790
S315080022407F1E2AD420F02000412826D1A9690698A5
S31508002250641C88477F1E20D420F020004E281CD1FD
S31508002260A9690698641C88477F1E48F4002849F423
S315080022708009CAF8004001D4282806D0E9690698DA
S3150800228088475FEACB7012D022E0A9690698641CD9
S3150800229088477F1E01D4002803DAE969069888472B
S315080022A0BCE72928F1D1641CCAF80040E9E71BF00D
S315080022B0240F07D028680499031D2B600068C0E91D
S315080022C0001805E02868021D2A600068C0F800901A
S315080022D02046A5E70000F07F494E46494E49545925
S315080022E0000000007047B2F120030AD5C2F12003AE
S315080022F001FA02F120FA03F300FA02F041EA0301B7
S31508002300704700FA03F14FF0000070473A2800D2F0
S31508002310303820F02002412A01D3A2F13700884242
S3150800232001D34FF0FF3070475FEA400C08BF91F0C9
S31508002330000F4FEA8C234FEAC12243EA51514FEA74
S315080023401C5018BF00F5F0404FEA300018BF41F0A6
S3150800235000415FEA6C5C00F02980BCF1FF3F08BFD2
S3150800236040F080407047130C06BF12044FF0100C63
S315080023704FF0000C130E04BF12020CF1080C130FD9
S3150800238004BF12010CF1040C930F04BF92000CF168
S31508002390020CD30F04BF52000CF1010C11464FF08A
S315080023A00002A0F11F00A0EB0C00704711F0004FCF
S315080023B008BF704731F000413FF4D5AF0B0C06BF9C
S315080023C009044FF0100C4FF0000C0B0E04BF090265
S315080023D00CF1080C0B0F04BF09010CF1040C8B0F50
S315080023E004BF89000CF1020CCB0F04BF49000CF1A5
S315080023F0010CCCF12003A0EB0C0022FA03F302FA3D
S315080024000CF241EA030100F10100704720F07F4C0D
S3150800241080EA030023F07F47ACEB070303F57C5300
S3150800242000F0004003F1FF032DE980494FEA154B00
S3150800243009B44FEA144325EA0B4E24EA03480FF27F
S31508002440042606EB132749083E785FEA320203FBA7
S315080024500667C7F5000707FB06F64FEA54374FEA43
S31508002460D64606F1020607FB066CCCF1005C4FEA7D
S315080024701C472CEA074C07FB06F40CFB06F504EB95
S3150800248015464FEA961634BF00204FF000404FEA33
S31508002490D13706FB07FC4FEA1C4C0CFB0BF7D21B8B
S315080024A003FB0CF761EB07010CFB0EF7B0EB0740DB
S315080024B072EB17420CFB08F734BFA2EB0742B2EBEC
S315080024C0074261EB17414FEA0C444FEA910706FBB6
S315080024D007FC4FEA1C4C0CFB0BF7B0EBC74072EB42
S315080024E0573203FB0CF734BFA2EBC742B2EBC74225
S315080024F061EB57310CFB0EF7B0EBC70072EB577266
S315080025000CFB08F734BFA2EBC702B2EBC70261EBBC
S315080025105771039F4FEA816141EA921104EBCC049B
S315080025204FEAD1374FEA826206FB07FC42EA90126D
S315080025304FEA80604FEA1C4C0CFB0BF7D21B03FBDF
S315080025400CF761EB07010CFB0EF7B0EB074072EBDB
S3150800255017420CFB08F734BFA2EB0742B2EB07425F
S3150800256061EB17414FEA8C554FEA910704EB9C241F
S3150800257006FB07FC4FEA1C4C0CFB0BF7B0EBC740FD
S3150800258072EB573203FB0CF734BFA2EBC742B2EB30
S31508002590C74261EB57310CFB0EF7B0EBC70072EB85
S315080025A057720CFB08F734BFA2EBC702B2EBC7029F
S315080025B061EB577115EB4C254FEA816141EA92119F
S315080025C04FEA82624FEAD13742EA901206FB07FCCD
S315080025D044F100044FEA80604FEA1C4C0CFB0BF7F1
S315080025E0D21B03FB0CF761EB07010CFB0EF7B0EBF4
S315080025F0074072EB17420CFB08F734BFA2EB074201
S31508002600B2EB074261EB174115EB1C154FEA813116
S3150800261041EA92414FEA823242EA90424FEA8030DA
S315080026204FEA0C7644F1000448EA03434EEA0B48A5
S315080026304FF0000EB2EB080C71EB030724BF62469D
S3150800264039464EEB0E0E4FF0000B00185241494129
S315080026504BEB0B0BB2EB080C71EB03077BF1000B92
S3150800266024BF624639464EEB0E0E4FF0000B00189B
S31508002670524149414BEB0B0BB2EB080C71EB0307CC
S315080026807BF1000B24BF624639464EEB0E0E51EA2B
S31508002690020718BF46F0010616EB0E7655F1000242
S315080026A054F1000103D5BDE88901BDE80088BDE8FD
S315080026B08901BDE80048B619524141EB0101A3F171
S315080026C00103704780807F7E7D7C7B7A7978777678
S315080026D076757473727171706F6E6E6D6C6C6B6AF1
S315080026E06A6968686766666564646363626161608F
S315080026F0605F5F5E5E5D5D5C5C5B5B5A5A5959580C
S315080027005857575656555555545453535252525175
S31508002710515050504F4F4F4E4E4D4D4D4C4C4C4BCB
S315080027204B4B4A4A4A494949484848474747474612
S31508002730464645454544444444434343434242424E
S315080027404241414146EA0646A3F570534FEA16460A
S3150800275046EA42564FEAD22242EA415210B54FEAB9
S31508002760D121A3F1010300F02FF820F0004000F179
S31508002770020C00F0004701EB00501146BCF5006F53
S3150800278040EA070000D210BDBAF1000F0AD01CB506
S3150800279003B44FF004004FF004014FF000000FBCE3
S315080027A0BDE810404FF00001BBF1010FB9BF044866
S315080027B04FF0FF310348002140EA070010BD00BF73
S315080027C0FFFFEF7F0000F07F002B9C4630D4770098
S315080027D02BD01CB54FEA370703B44FF010004FF063
S315080027E01001BAF1000F06D0BCF1000FDCBF40F0B3
S315080027F0080040F008014FF000000FBCBDE810408B
S315080028000BF1010BBBF1010F08BF5FEA170722BFE7
S3150800281012F1010211F101014FF0004143F10003E9
S3150800282000F0004043EA00007047F9D35708D0E7A4
S3150800283046EA064613F1400F4FEA16461FDD13F126
S31508002840200FDFBF16430A46002120335B42BED065
S31508002850C3F1200746EA064602FA07F74FEA164684
S3150800286046EA0706C3F1200722FA03F201FA07F738
S3150800287021FA03F14FF0000342EA0702A7E746EA06
S31508002880020646EA06464FEA164646EA0106BCBF6F
S3150800289046EA0646360C4FF000034FF000024FF0AA
S315080028A0000194E72DE9804C9A46934670B491E866
S315080028B0380007C831EA400C48BF34EA430C03D550
S315080028C0FFF7A4FDFFF780FFF0BCBDE8008C2DE9FB
S315080028D0804C9A46934670B491E8380007C831EAA6
S315080028E0400C48BF34EA430C03D5FFF78FFDFFF7CA
S315080028F029FFF0BCBDE8008C2DE9804C9A4693462A
S3150800290070B491E8380007C810F0804F08BF13F07C
S31508002910804F03D100F01AF8FFF756FFF0BCBDE868
S31508002920008C2DE9804C9A46934670B491E838009D
S3150800293007C810F0804F08BF13F0804F03D100F08E
S3150800294005F8FFF7FFFEF0BCBDE8008C20F07F47D6
S3150800295080EA030023F07F4C07EB0C03A3F57C53B6
S3150800296000F00040A3F1FE0392F0000F00F0B380E0
S3150800297095F0000F00F077802DE901494FEA1140E4
S315080029804FEA144621EA004800FB06FC24EA0647FB
S3150800299008FB06F607FB08F800FB07F718EB0648DE
S315080029A04CEB164C4FEA124B18EB07484FEA154604
S315080029B04CEB174022EA0B4E0BFB06FC25EA0647B2
S315080029C00EFB06F607FB0EFE0BFB07F71EEB064E85
S315080029D04CEB164C4FF000061EEB074E4CEB174B14
S315080029E018EB0B0840F1000018EB0E0B58EB00082B
S315080029F040F100008F1A4FF000013CBFC943661B27
S31508002A0014BFB5EB040C00213CBFC943F61B4FEAC3
S31508002A1017444EEA8E0E27EA04454FEA1C4704FB84
S31508002A2007622CEA074C05FB07F70CFB05F604FBC7
S31508002A300CFC16EB074642EB174216EB0C4642EB2C
S31508002A401C421BEB060658EB0202414146EA9E066B
S31508002A5001D5BDE80189B619524141EB0101A3F13F
S31508002A600103BDE801894FEA14454FEA114724EAF4
S31508002A70054621EA074C05FB07F406FB07F70CFB9E
S31508002A8006F105FB0CFC11EB074144EB17444FEA32
S31508002A90124711EB0C4144EB1C4422EA074C05FB98
S31508002AA007F206FB07F70CFB06F605FB0CFC16EB14
S31508002AB0074642EB174216EB0C4642EB1C456A18D2
S31508002AC054F1000148BF7047B619524141EB010164
S31508002AD0A3F10103704795F0000F37D04FEA114272
S31508002AE04FEA144721EA024624EA074C02FB07F19B
S31508002AF006FB07F70CFB06F402FB0CFC14EB074479
S31508002B0041EB17414FEA154714EB0C4441EB1C41C6
S31508002B1025EA074C02FB07F506FB07F70CFB06F64A
S31508002B2002FB0CFC16EB074645EB174516EB0C4665
S31508002B3045EB1C42121951F1000148BF7047B619FE
S31508002B40524141EB0101A3F1010370474FEA1445D5
S31508002B504FEA114724EA054621EA074C05FB07F127
S31508002B6006FB07F70CFB06F24FF0000605FB0CFC0C
S31508002B7012EB074241EB174112EB0C4251EB1C4199
S31508002B8048BF7047921841EB0101A3F10103704752
S31508002B90FEE70020704700207047000010B5024885
S31508002BA004F098F9002010BD14B900201CB50021C6
S31508002BB00320CDE900010B464FF4007207A109482E
S31508002BC027F0C2FA08490128086006D007A010F0C5
S31508002BD075F8BDE81C4000F02BBB1CBD436F6D6D3E
S31508002BE000000000A1970208C0020020436F6D6D27
S31508002BF0207461736B206372656174652046616930
S31508002C006C65640010B580210348FDF7EAFE0349A8
S31508002C100020087010BD0000DCC00020B4020020AF
S31508002C201CB500210320CDE900010B464FF40072C4
S31508002C3007A1094827F088FA08490128086006D03C
S31508002C4007A010F03BF8BDE81C4000F0F1BA1CBD27
S31508002C50436F6E74726F6C003D900208C0020020CC
S31508002C60436F6E74726F6C207461736B2063726548
S31508002C70617465204661696C6564000010B5DFED16
S31508002C80190A9FED1A1A40F6E4412DED028B884287
S31508002C909FED158A04D39FED160ABDEC028B10BD75
S31508002CA000EE100AB8EE400A60EE201A00EE100A8E
S31508002CB0B8EE400A31EE400A81EE801A81EE200A0B
S31508002CC005F0EAFCC0EE080A9FED0A0A30EE800A13
S31508002CD0F7EE000A80EE801A9FED070A31EE400AE9
S31508002CE0DBE7000000401C4600E0764500404E4504
S31508002CF0339388C30FCF5B3B3393884330B50029A2
S31508002D001BD0002A19D0002B17D0002803DA002080
S31508002D100870107010E04FF4616490FBF4F50D70C4
S31508002D2090FBF4F104FB11003C2190FBF1F41470C4
S31508002D3090FBF1F201FB1200187030BD04480168DF
S31508002D40C1F34001002901D002214160704700000B
S31508002D50000002400F4808B50168C1F34011002978
S31508002D6016D020214160012101F042FF0020009089
S31508002D7009486946806826F0FAFF0098002807D0B7
S31508002D8006494FF080500860BFF34F8FBFF36F8F2F
S31508002D9008BD0000000002405C01002004ED00E0D0
S31508002DA00F4810B50168C1F34021002916D0411516
S31508002DB04160022101F026FF0A488168C1F3C0116B
S31508002DC00029FAD14FF09041102088610648006822
S31508002DD0002803D0BDE8104014F0B0B810BD0000BC
S31508002DE00000024000300140C802002010B504204F
S31508002DF001F0B6FE012001F0B3FE184A154C154B3A
S31508002E00917808341448085115480068C0F3022020
S31508002E10C0F10701042900D90421041D072C01D299
S31508002E20002000E0C01E01248C40641E04F002014C
S31508002E30814008010B4981F800044FF0E0214FF466
S31508002E400050C1F8000190781858917840F00200B7
S31508002E50585010BD000002400C3001403CAE02083C
S31508002E600CED00E00DE000E0074A10B5536807498D
S31508002E704FF47A740968B1FBF4F141435068C01AFB
S31508002E808842FBD310BD0000001000E0A800002017
S31508002E90024840680249B0FBF1F07047001000E0B4
S31508002EA0109802000648016841F0807101600548E3
S31508002EB000214160016841F001010160704700008E
S31508002EC0FCED00E0001000E0704700001CB5002192
S31508002ED00220CDE900010B46020208A10A4827F0A4
S31508002EE033F90A490128086006D009A00FF0E6FE62
S31508002EF0BDE81C4000F09CB91CBD00005561727409
S31508002F0050726F6300000000C1970208C0020020DB
S31508002F104465627567207461736B206372656174BA
S31508002F2065204661696C656400000000014601A0E1
S31508002F300FF0C4BE4572726F723A20257300000006
S31508002F402DE9F0414FF48048404601F007FF194D3E
S31508002F50174E194C6F0190B14146C6F800802846B5
S31508002F6001F0A1FF20703946284601F09CFF10F0B9
S31508002F70FF0F606801D0401C00E0401E60603846C4
S31508002F8001F0ECFE002811D039463760284601F0DA
S31508002F908AFF60704146284601F085FF10F0FF0F52
S31508002FA0606801D0401E00E0401C6060BDE8F0810A
S31508002FB014040140000400483401002070B58AB0AA
S31508002FC018216846FDF70DFD00242248069407944B
S31508002FD00894C16C41F00201C164C16C01F00201A0
S31508002FE00991016E41F001010166006E01254FF459
S31508002FF0404600F001000495CDE900640990694651
S31508003000154801F0B5FE1548416921F4E0614161B2
S31508003010416941F480714161416921F4E0414161AE
S31508003020416941F4805141618DF8214002208DF8B3
S31508003030220006968DF8205006A801F0EDFD0849F5
S31508003040602081F80004064928022439C1F80001E5
S315080030500AB070BD0010024000040048000001409C
S3150800306028E000E070B50C460546032813D294B153
S31508003070144E4FF0FF31B06826F074FF012820D1B6
S31508003080114905EB450001EB8002022D07CA84E8C9
S31508003090070008D00DE0502080F31188BFF34F8F4A
S315080030A0BFF36F8FFEE77068206030782071707804
S315080030B06071B068BDE8704000231A46194626F0CC
S315080030C039BD70BD340100200896002070B5012076
S315080030D026F096FC154CA06000B34FF080400168BE
S315080030E041F001010160406A11498860114802688F
S315080030F042F001020260406A4861FFF75FFF0E4D29
S315080031004FF48041284601F0CEFE2070690128461A
S3150800311001F0C9FE60700020606070BD502080F329
S315080031201188BFF34F8FBFF36F8FFEE7340100207E
S3150800313008960020000400400004004870B50C46BC
S31508003140064603280FD274B11F4D4FF0FF31A86809
S3150800315026F008FF012836D11C4966B1012E13D086
S31508003160022E28D119E0502080F31188BFF34F8F23
S31508003170BFF36F8FFEE74FF08042A0685062206869
S315080031800860A068886016E0114AA0685062206846
S31508003190C8600E49A06848610DE020686860227919
S315080031A02A7062796A7088610849227901F11800E3
S315080031B00A7761794171A868BDE8704000231A460C
S315080031C0194626F0B7BC70BD3401002008960020C9
S315080031D0000400401CB500210320CDE900010B4680
S315080031E04FF4007207A1094826F0AEFF08490128E6
S315080031F0086006D007A00FF061FDBDE81C4000F08E
S3150800320017B81CBD456E636F64657200D5910208D8
S31508003210C0020020456E636F646572207461736B2B
S3150800322020637265617465204661696C6564000097
S3150800323072B602A00FF042FDFBE7000053797374E3
S31508003240656D204572726F720D0A0000F0B52DED9E
S31508003250028B8FB007A810F035FCBDF81C0000EEF5
S31508003260100AB8EE400A9FEDFE8AFE4CC0EE080A28
S31508003270C4ED050ABDF81E0000EE100AB8EE400AB5
S31508003280C0EE080AC4ED060ABDF8200000EE100AD2
S31508003290B8EE400AC0EE080AC4ED030ABDF82200DB
S315080032A000EE100AB8EE400AC0EE080AC4ED040A99
S315080032B0BDF82400FFF7E2FC84ED0B0A94ED050A3D
S315080032C0D4ED060AE84EE94D20EE200A84ED070AF9
S315080032D094ED050AD4ED0E0A30EE600AB0EEC00A87
S315080032E010EE100AB0421DDD94ED050A84ED0E0AB3
S315080032F094ED050A10EE100A27F060FCCDE90001EE
S31508003300DBA2142102A8FDF7C7F802A9A86819F0DC
S31508003310B1FA9DF82D00012800D018B902A9686DE8
S3150800332019F0A8FA94ED060AD4ED0F0A30EE600AF1
S31508003330B0EEC00A10EE100AB0421CDD94ED060A83
S3150800334084ED0F0A94ED060A10EE100A27F036FCF3
S31508003350CDE90001C6A2142102A8FDF79DF802A92D
S31508003360E86919F087FA9DF82D00022803D102A909
S31508003370686D19F07FFA94ED070AD4ED100ABE4F6E
S3150800338030EE600AB0EEC00A10EE100AB04234DD24
S3150800339094ED070A84ED100A94ED070A10EE100A58
S315080033A094ED070AB84210EE100A03DC27F006FC73
S315080033B0B2A218E0B34994ED070A884210EE100A43
S315080033C003DC27F0FBFBB0A20DE0B14994ED070A38
S315080033D0884210EE100A03DC27F0F0FBADA202E0EB
S315080033E027F0ECFBADA2CDE90001142102A8FDF7F8
S315080033F053F802A9E86A19F03DFA94ED080AD4EDE3
S31508003400110A30EE600AB0EEC00A10EE100AB04299
S3150800341024DD94ED080A84ED110A94ED080A10EEED
S31508003420100AB84207DC94ED080A10EE100A27F0D5
S31508003430C5FB9CA208E0D4ED080A80EE880A10EEC7
S31508003440100A27F0BBFB9AA2CDE90001142102A8B5
S31508003450FDF722F802A9A86B19F00CFA94ED030AF5
S31508003460D4ED0C0A30EE600AB0EEC00A10EE100A6F
S31508003470B04214DD94ED030A84ED0C0A94ED030AB8
S3150800348010EE100A27F09AFBCDE900018BA2142151
S3150800349002A8FDF701F802A9686E19F0EBF994ED98
S315080034A0040AD4ED0D0A30EE600AB0EEC00A10EE3A
S315080034B0100AB04214DD94ED040A84ED0D0A94ED69
S315080034C0040A10EE100A27F079FBCDE900017DA267
S315080034D0142102A8FCF7E0FF02A9A86E19F0CAF9A0
S315080034E094ED0B0AD4ED140A30EE600AB0EEC00A69
S315080034F010EE100AB04214DD94ED0B0A84ED140A9E
S3150800350094ED0B0A10EE100A27F058FBCDE90001DE
S315080035106EA2142102A8FCF7BFFF02A9A86C19F035
S31508003520A9F90CA810F0F2FADDED0E0AB3EE050AB9
S3150800353060EE800AC4ED090ADDED0D0A9FED651AF5
S3150800354070EEC10A20EE800A84ED0A0A94ED090A93
S31508003550D4ED120A30EE600AB0EEC00A10EE100A78
S31508003560B04214DD94ED090A84ED120A94ED090AB5
S3150800357010EE100A27F022FBCDE9000156A214210D
S3150800358002A8FCF789FF02A9E86819F073F994ED17
S315080035900A0AD4ED130A30EE600AB0EEC00A10EE3D
S315080035A0100AB04214DD94ED0A0A84ED130A94ED6C
S315080035B00A0A10EE100A27F001FBCDE9000148A21D
S315080035C0142102A8FCF768FF02A9286A19F052F923
S315080035D09DF82C006178884240D06070002610B1B2
S315080035E0012826D0B3E09FED400A002284ED080AA0
S315080035F04521E86C1DF010FB3CA1E86C19F03AF97E
S315080036006FF07F4013F0B4F901460022E86C1DF014
S31508003610E8FA37A1686C19F02DF92078F0B1A0689E
S31508003620E0B100231A460321009627F079F82670A0
S315080036307BE00022F021E86C1DF0EEFA2FA1E86C81
S3150800364019F018F92E4813F093F901460022E86C90
S315080036501DF0C7FA207808B9A06853E065E00000B5
S3150800366000007A44280000206F12833A5C04002088
S31508003670252E336600000000000020410A252E335F
S31508003680662057000000C8420A252E3266205700D9
S3150800369000007A440A252E31662057000A252E3066
S315080036A0662057000A252E3266206D5768000000EE
S315080036B00A252E326620576800000000252E32663D
S315080036C056000000252E326641000000252E316680
S315080036D0C2B043003333D33F252E3366560000006D
S315080036E0252E33664100000000000000202053000C
S315080036F030303A30303A3030000000002020520096
S315080037001F741D0088B126F05BFD02460096002353
S315080037100121A06827F004F8012020706660AFF246
S31508003720300210211B48FCF7B7FE9DF82C00012833
S315080037300DD194ED080AD4ED070A9FED171A15491D
S3150800374000EE810A84ED080A686C19F093F89DF872
S315080037502D00A17888420FD0A070012810D0022829
S31508003760286D10D00DA100BF19F084F8AFF2B00192
S31508003770D5F8580019F07EF80FB0BDEC028BF0BDF5
S3150800378008A1286DF0E708A119F074F8AFF2C8018E
S31508003790A86DEFE74C0400201B0FB63A4343202FD1
S315080037A020435600432043004320560010B518F026
S315080037B077F91DF0A5FCBDE8104007F0A5BF10B5C8
S315080037C00024032000F072F80F2000F007F808B173
S315080037D0012401E000F024F8204610BD70B50E4E15
S315080037E005460024706898B14FF47A71B1FBF0F081
S315080037F00A490968B1FBF0F000F068FD40B9102DE0
S3150800380006D200222946501E00F030F8356000E046
S315080038100124204670BD0000AC000020A80000204E
S315080038200A4882B0016E41F001010166016E01F09D
S3150800383001010091816D41F080518165806D00F034
S315080038408050009002B000F039BD00000010024020
S31508003850002809DB00F01F02012191404009800081
S3150800386000F1E020C0F8001170470000F0B40E4BDC
S315080038701B680C46C3F30223C3F10705042D00D9C0
S315080038800425191D072901D2002300E0DB1E0126A5
S3150800389006FA05F1491E214099409E40761E1640BB
S315080038A03143F0BC04F0E4BD0CED00E0064900F03D
S315080038B0070208684FF6FF03184040EA0220034A49
S315080038C010430860704700000CED00E00000FA05A0
S315080038D001220168C0F8D022002280F8C82231F8F7
S315080038E0540F40F001000880088840F00200088064
S315080038F01046704770B50F4D044669B101290AD1C3
S31508003900D4F8D80203F031FE607A002803D028687C
S3150800391040F00600286070BD607A28B102F098FE73
S31508003920286820F006002860D4F8D802BDE8704060
S3150800393003F0B3BD10ED00E010B50C0607D501F095
S31508003940070101EB810100EBC100103005E001EB36
S31508003950810100EBC10000F5A87099B232B10122CD
S3150800396002730181190C4181002010BD00220273E7
S31508003970C180F9E701EB810200EBC202D0F8D80258
S31508003980526A03F074BC01EB810200EBC202D0F864
S31508003990D802D2F8642103F0BEBC70B504460B0603
S315080039A001F0070000EB800104EBC1014FF00102B2
S315080039B04FF0000502D54A74103103E081F85151E1
S315080039C001F5A871087094F89002012808D084F8C7
S315080039D09022206804F07BF984F89052002070BD8C
S315080039E0022070BD70B5044601F00F00227990429E
S315080039F001D9012070BD0B0601F0070000EB80011C
S31508003A0004EBC1014FF001024FF0000502D54A74DC
S31508003A10103103E081F8515101F5A8718D700870D5
S31508003A2094F89002012808D084F89022206804F0BF
S31508003A30EDF984F89052002070BD022070BD2DE982
S31508003A40F04704685FEA42480B788D69B4F85080FD
S31508003A504FF0000C4BF68F7748F2800648F68F79C0
S31508003A6048F2C00A444428D540F2024808EBC30885
S31508003A7034F80840C4F30904A54203D32D1B8D610D
S31508003A8002D00BE0C1F818C0D0F800C03CF82350AB
S31508003A903D4085F4005535432CF82350520609D588
S31508003AA00B78056835F8232002EA090242EA0A0279
S31508003AB025F8232074B30A8927E040F2064808EB64
S31508003AC0C30834F80840C4F30904A54203D32D1BE0
S31508003AD08D6102D00BE0C1F818C0D0F800C03CF8E0
S31508003AE023503D4085F4005535432CF823505206A3
S31508003AF009D40D78036833F8252002EA090242EA58
S31508003B000A0223F825202CB14A8949690068234608
S31508003B1004F097FB2046BDE8F0872DE9F05F0546DF
S31508003B2000680C465FEA42681646D1F818C0227843
S31508003B30B0F8508048F6BF7A48F2800B48F68F777F
S31508003B404CF280094FF6FF734FF4004E4FF0000118
S31508003B5040447DD540F2024808EBC20830F8080018
S31508003B60C0F30900844514D9BCEB000CC4F818C08E
S31508003B7010D0760408D5D5F800C03CF822603E403F
S31508003B8046EA09062CF8226094F82420012A60D017
S31508003B9076E1A161607810B1012813D01AE028688F
S31508003BA0B0F85030184400EBC200B0F80224C2F353
S31508003BB00902A0F80224B0F8022442F40042A0F850
S31508003BC0022407E02868B0F85030184400EBC20019
S31508003BD0A0F802146278286812B1012A11D018E0F8
S31508003BE0B0F850100844217800EBC100B0F806146C
S31508003BF0C1F30901A0F80614B0F8061441F400410F
S31508003C0005E0B0F850201044227800EBC200A0F876
S31508003C100614E07802280BD12278296831F82200A8
S31508003C2000EA0A0080F0200040EA0B0021F8220092
S31508003C3021782846FFF79EFE700408D521782A6861
S31508003C4032F82100384040EA090022F82100C3E092
S31508003C504DE0626902446261E2690244E2612669F2
S31508003C60226AB24202D33046111A03E084F82410BD
S31508003C700AB110462162617811B101292BD033E0CF
S31508003C802968B1F850201144227801EBC201B1F835
S31508003C900224C2F30902A1F8022401F2024158B132
S31508003CA03E280ED84208C60700D0521C0E8803EAE2
S31508003CB0822216430E8017E00A8842F400420A80E0
S31508003CC012E04209C30600D1521E0B884EEA822230
S31508003CD013430B8008E02968B1F850201144227874
S31508003CE001EBC201A1F8020483B22289C4E040F2C2
S31508003CF0064808EBC20830F80800C0F309008445F6
S31508003D0014D3BCEB000CC4F818C010D0760408D441
S31508003D10D5F800C03CF822603E4046EA09062CF871
S31508003D20226094F82420012A59D0A9E0A16160787C
S31508003D3010B1012813D01AE02868B0F8503018449A
S31508003D4000EBC200B0F80224C2F30902A0F802246C
S31508003D50B0F8022442F40042A0F8022407E02868DA
S31508003D60B0F85030184400EBC200A0F8021462788C
S31508003D70286812B1012A11D018E0B0F8501008448A
S31508003D80217800EBC100B0F80614C1F30901A0F8C8
S31508003D900614B0F8061441F4004105E0B0F85020C6
S31508003DA01044227800EBC200A0F80614E078022836
S31508003DB00BD121782A6832F8210000EA0A0080F03F
S31508003DC0200040EA0B0022F8210021782846FFF758
S31508003DD0D1FD70047FF532AF0020BDE8F09F62691F
S31508003DE002446261E2690244E2612669226AB242D9
S31508003DF003D33046111A216204E00AB11046216243
S31508003E0084F824106278296812B1012A2AD031E090
S31508003E10B1F850201144227801EBC201B1F806240A
S31508003E20C2F30902A1F8062401F2064158B13E2858
S31508003E300ED84208C60700D0521C0E8803EA822212
S31508003E4016430E8016E00A8842F400420A8011E002
S31508003E504209C30600D1521E0B884EEA822213433A
S31508003E600B8007E0B1F850201144227801EBC2011B
S31508003E70A1F80604628983B26169286804F0FCF92E
S31508003E802278296831F8220000EA0A0080F030001A
S31508003E9040EA0B0021F822009EE72DE9F04104468E
S31508003EA00F0601F0070000EB800104EBC1014FF09B
S31508003EB001064FF0000502D54E74103103E081F873
S31508003EC0515101F5A871022B0870C2F30A00086166
S31508003ED0CB7000D10D7194F89002012809D084F8AE
S31508003EE09062206803F03EFD284684F89052BDE8AB
S31508003EF0F0810220FBE710B501F0070404EB84010A
S31508003F0000EBC101C1E959230022C1F86C2181F8EF
S31508003F10512181F85041006801F5A87103F0C8FFE6
S31508003F20002010BD70B5044601F0070022799042C2
S31508003F3001D9012070BD0B064FF000054FF00102B4
S31508003F4006D500EB800104EBC1014A74103107E085
S31508003F5001EB810104EBC10181F8515101F5A8710A
S31508003F608A70087094F89002012808D084F8902284
S31508003F70206803F083FF84F89052002070BD022069
S31508003F8070BD10B501F0070404EB840100EBC10114
S31508003F90C1E90923012281F834200B630023CB628F
S31508003FA04A7401F8104F006803F082FF002010BD24
S31508003FB010B50446006804F041F9010404D520460A
S31508003FC0BDE8104001F0E9BE41050ED5206830F87D
S31508003FD0441F21F480610180204600F001F9204643
S31508003FE0BDE81040002100F027B9410405D5206836
S31508003FF030F8441F21F480417DE0810405D520680E
S3150800400030F8441F21F4005175E0C1041FD520681B
S3150800401030F8401F21F004010180206830F8401F65
S3150800402021F00801018094F8C802012806D1002071
S3150800403084F8C80201462046FFF75CFC204600F0DB
S31508004040E3F8206830F8441F21F4805153E0010555
S3150800405012D5206830F8401F41F008010180206819
S3150800406030F8441F21F400610180206830F8401FB1
S3150800407041F0040101800AE0010629D5206830F8DC
S31508004080441F21F08001018094F8C80218B1204627
S3150800409000F002F910BD206830F8401F41F0040115
S315080040A00180206830F8401F41F008010180012096
S315080040B084F8C8022068B0F854003C2101EA900050
S315080040C0C4F8CC022046BDE810400121FFF712BC17
S315080040D0810509D5206830F8441F21F40071018054
S315080040E0204600F0A5F810BDC005FCD5206830F8BC
S315080040F0441F21F48071018010BD000070B50400D2
S3150800410004D094F89102002510B106E0012070BD94
S3150800411084F89052204600F03FF8032084F8910274
S31508004120206803F06BFE002001260BE000EB8001FF
S3150800413004EBC1014E740874CD740D624D62401CC7
S31508004140C0B28D6221798142F0D8002012E000BF0A
S3150800415000EB800104EBC10181F8515181F850014F
S3150800416081F85351C1F86051C1F86451401CC0B27E
S31508004170C1F8685121798142EAD894E8070003F02A
S3150800418034FE257384F89162A07A012802D120466C
S31508004190FFF79EFB002070BD08B500680E498842EF
S315080041A018D10E4850F8881F21F0406140F83019A0
S315080041B0016841F4000101600068002200F4000073
S315080041C0009011461420FFF751FBBDE80840142063
S315080041D0FFF73EBB08BD0000005C0040001002402F
S315080041E070B5044640790125022801D0FFF720F86A
S315080041F02946D4F8D80203F06AF9D4F8D802BDE8FB
S31508004200704003F01DB9000010B50446407A30B17D
S315080042100648016821F00601016002F019FAD4F88F
S31508004220D802BDE8104003F038B9000010ED00E0F0
S31508004230D0F8D80203F03BB910B5044690F89002BE
S3150800424001280AD0012084F890022173206804F01E
S315080042500CF8002084F8900210BD022010BDD0F89A
S31508004260D82200F52671104603F03DB910B504466C
S3150800427090F8900201280CD0012084F8900220685A
S3150800428003F0CDFF206803F0A9FD002084F8900212
S3150800429010BD022010BD000010B50446D0F8D802A3
S315080042A003F063F9607A002804D00348016841F0F6
S315080042B00601016010BD000010ED00E002488168AB
S315080042C041F48041816070470070004010B5401E7F
S315080042D0B0F1807F01D3012010BD4FF0E02460616A
S315080042E00F21601704F0C4F80020A06107202061A0
S315080042F0002010BD01A2044900F066B85365744455
S3150800430041435F41000000000CB1002001A20449AE
S3150800431000F05AB85365744441435F4200000000F8
S3150800432010B1002038B504000BD0694604F06AFACB
S315080043300098A04201D0007840B10DA007F0E6FD34
S3150800434038BD12A113A00EF0B9FC38BD02F068FA08
S31508004350164880ED010A10EE100A26F02FFC41ECF3
S31508004360100B13A053EC102B07F0D0FD38BD00003E
S31508004370415F5365743A20696E76616C6964207092
S315080043806172616D6574657200000000415F536576
S315080043907400000025733A206D697373696E67208F
S315080043A0706172616D6574657200000008B1002065
S315080043B0415F536574207570646174656420746F19
S315080043C03A20252E36660000F8B50D461646040036
S315080043D00DD0694604F016FA0098A04201D000787C
S315080043E040B131460BA000BF0EF068FCF8BD11467F
S315080043F00EA0F9E785ED000A10EE100A26F0DEFB9E
S3150800440041EC100B314653EC102B0EA00EF056FC67
S31508004410F8BD000025733A20696E76616C696420E0
S31508004420706172616D6574657200000025733A20CB
S315080044306D697373696E6720706172616D65746505
S3150800444072000000257320757064617465642074B9
S315080044506F3A20252E34660010B504000ED00CA144
S31508004460FCF7E6FA80B10DA12046FCF7E1FA002830
S315080044700CD10CA0BDE810400EF020BCBDE81040E1
S315080044800EA111A00EF01ABC15A0F3E710BD00008E
S3150800449053687574446F776E000000004F70656E40
S315080044A0000000005365744761746865723A2044D9
S315080044B06576696365204F70656E000053657447BD
S315080044C0617468657200000025733A206D6973731C
S315080044D0696E6720706172616D65746572000000AF
S315080044E05365744761746865723A204465766963F2
S315080044F065205368757420446F776E0038B50400DC
S315080045000BD0694604F07EF90098A04201D00078E5
S3150800451040B10DA007F0FAFC38BD12A113A00EF0A9
S31508004520CDFB38BD02F08AF9164880ED020A10EE76
S31508004530100A26F043FB41EC100B13A053EC102B8A
S3150800454007F0E4FC38BD0000565F5365743A2069ED
S315080045506E76616C696420706172616D65746572EE
S3150800456000000000565F53657400000025733A206A
S315080045706D697373696E6720706172616D657465C4
S315080045807200000008B10020565F536574207570EC
S31508004590646174656420746F3A20252E36660000BF
S315080045A0FEE700000B494CF6CC420A6045F255522C
S315080045B00A6003224A60B0F5805F01D340F6FF70B7
S315080045C0C0F30B008860C8684007FCD14AF6AA20E9
S315080045D00860704700300040F8B53D48816C41F0EE
S315080045E001018164806C3B4D00F001000090D5F814
S315080045F0000820F0FF0040F01800C5F80008364C07
S315080046002078285844F21001884321786850207889
S315080046102858217820F4405040F4005068502078FB
S315080046202858217840F020006850207828582178AA
S3150800463020F04000685020782858217840F0800003
S31508004640685020782858217820F4407068502078DF
S315080046502858217820F44060685020481D4A2430A4
S31508004660217808321D4E88502178121D1C48885022
S315080046702178281D095822786FF30F0141F400614B
S31508004680115020782858217840F0020068501548C3
S3150800469000680022C0F30220012101F065FB0146F3
S315080046A00B2003F005FF0B2003F0D5FE20782858D1
S315080046B0217840F00100685016F1080656E8000F08
S315080046C040F0400046E800010029F7D1F8BD000097
S315080046D0001002400000024034AE020800380140D3
S315080046E014B100200CED00E010B540F6B830FFF725
S315080046F059FFFFF75BF800F0E7F8FEF783FA01F0D9
S315080047008FFDFEF7E3FCBDE8104001A00EF0D6BA17
S3150800471041707020496E69742053756363657373BD
S315080047200000000010B5FFF74AF800F00BFFFEF78F
S315080047305DFB02F095F902F091F801F035F801F009
S31508004740CFF901F0CBFA00F0C3FF01F0D7F801F07A
S315080047504BF9FEF7A7FB04A00EF0B0FABDE810402F
S315080047600AA00EF0ABBA00000D0A5B766572736993
S315080047706F6E5D485220434E4320504F5745522096
S31508004780535550504C592056312E300048617264AA
S315080047907761726520496E69742053756363657322
S315080047A07300000038B53548816C41F00101816419
S315080047B0806C334900F001000090081DD0F80028ED
S315080047C022F0FF0242F01D02C0F800282D48427868
S315080047D08A5844F210039A43437842F01002CA50AA
S315080047E042788A58437822F4405242F40052CA501A
S315080047F042788A58437822F02002CA5042788A586A
S31508004800437822F04002CA5042788A58437842F0E8
S315080048108002CA5042788A58437822F44072CA50B5
S3150800482042788A58437822F44062CA50164A144D90
S31508004830283243780835144C5A5142788A584078B9
S3150800484042F002020A50114800680022C0F3022012
S31508004850082101F070FA01460C2003F019FE0C201D
S3150800486003F0ECFD14F1080454E8000F40F0800052
S3150800487044E800010029F7D138BD000000100240C5
S31508004880000002402CAE0208004800400CED00E093
S31508004890F0B500230A24302537261F4611E000BF4D
S315080048A0B4EB107F02D905EB107C01E006EB107C17
S315080048B001F813C001EB430C00015B1C8CF8017076
S315080048C0DBB29342ECD3F0BD70B5254D4FF40051E1
S315080048D0284600F0EFFA234C4FF480412071284611
S315080048E000F0E8FA20754FF40041284600F0E2FA95
S315080048F084F824004FF090454021284600F0DAFA63
S3150800490084F834004FF48071284600F0D3FA84F80E
S3150800491044000221144800F0CDFA002184F854001E
S315080049204FEA010204EB0110491C03790370437036
S315080049308270C270826002730629F3DB002240216E
S315080049400A2025F06FF809490028086007D1502089
S3150800495080F31188BFF34F8FBFF36F8FFEE770BDEB
S31508004960000800482C96002000040048400100205A
S315080049702DE9F04F91B00D46064625F021FC074675
S315080049802F48DFF8C08000EB06144FF000092078A6
S315080049904FF0010BA8F1040AA8422FD1E078401C79
S315080049A0C0B2E0700A282CD32079A84229D02571F4
S315080049B084F802B045B1A06858F82630381AB0F520
S315080049C07A7F0CD220A20BE0A76084F80C9058F8E6
S315080049D0263023A240216846FBF75EFD06E024A2A6
S315080049E040216846FBF758FDC4F8089000231A468C
S315080049F06946DAF8000025F09DF802E0257084F88B
S31508004A0003902079B8B9A068A8B1381AB0F57A7FAA
S31508004A1011D3207B78B984F80CB058F8263018A240
S31508004A2040216846FBF738FD00231A466946DAF83E
S31508004A30000025F07FF8657011B0BDE8F08F000022
S31508004A402C960020440100205B4B45595D202573B8
S31508004A50206F6666202873686F7274290A00000042
S31508004A605B4B45595D202573206F6E0A00000000D8
S31508004A705B4B45595D202573206F66660A0000006A
S31508004A805B4B45595D202573206C6F6E670A0000E5
S31508004A9010B51C4C4FF40051204600F00BFAC1B279
S31508004AA00020FFF765FF4FF48041204600F002FA28
S31508004AB0C1B20120FFF75CFF4FF40041204600F029
S31508004AC0F9F9C1B20220FFF753FF4FF09044402195
S31508004AD0204600F0EFF9C1B20320FFF749FF4FF473
S31508004AE08071204600F0E6F9C1B20420FFF740FFC6
S31508004AF00221054800F0DEF9C1B2BDE810400520E4
S31508004B00FFF736BF00080048000400481CB500211E
S31508004B100320CDE900010B46802208A1084825F0AC
S31508004B2013FB08490128086006D007A00EF0C6F84E
S31508004B30BDE81C40FEF77CBB1CBD00004B65790038
S31508004B400D920208C00200204B6579207461736BD0
S31508004B5020637265617465204661696C656400004E
S31508004B60044908B58A6C02438A64896C014000913D
S31508004B7008BD000000100240044908B5CA6C02438B
S31508004B80CA64C96C0140009108BD000000100240CB
S31508004B90044908B5CA6C0243CA64C96C014000914D
S31508004BA008BD000000100240044908B5CA6C02435B
S31508004BB0CA64C96C0140009108BD0000001002409B
S31508004BC0044908B5CA6C0243CA64C96C014000911D
S31508004BD008BD000000100240044908B58A6D02436A
S31508004BE08A65896D0140009108BD000000100240E9
S31508004BF0034A515C425822F00102425070470000B5
S31508004C002CAE0208034A515C425822F00102425077
S31508004C10704700003CAE0208F0B54F4B4E4A077A83
S31508004C2020330026151F1C1F0168002F74D099B168
S31508004C30477A5FB3012F31D0022F32D00126857A09
S31508004C4055B1454908310A1F012D32D0022D3AD0F7
S31508004C50032D3CD046F002064168002979D0427AF5
S31508004C6082B3012A44D0022A45D046F00406837A44
S31508004C70002B6ED0384928310A1F012B43D0022B4E
S31508004C804BD0032B4DD046F0050662E017688F43DC
S31508004C90176001682A680A432A60D0E72F688F439D
S31508004CA001E02F680F432F60016815680D431560F2
S31508004CB0C5E705680F68AF430F60016815680D43BF
S31508004CC01560C9E70CE005681768AF4302E0056898
S31508004CD017682F43176002680D6815430D60BBE718
S31508004CE01A688A431A60416822680A432260BEE746
S31508004CF022688A4301E022680A43226041681A68EA
S31508004D000A431A60B3E743680C689C430C60406822
S31508004D101168014311601CE00CE0436814689C4369
S31508004D2002E0436814681C43146040680A6802433A
S31508004D300A600EE02F688F432F60016815688D435F
S31508004D401560416822688A43226040681968814371
S31508004D5019603046F0BD00000404014003490968A3
S31508004D60884301D000207047012070471404014091
S31508004D70F0B50A680F2692FAA2F2B2FA82F3032471
S31508004D808AE001259D402A407ED04D68012D01D03C
S31508004D90022D20D18D68876892FAA2FCBCFA8CFC99
S31508004DA04FEA4C0E04FA0EFC27EA0C0792FAA2FC0C
S31508004DB0BCFA8CFC4FEA4C0C05FA0CF52F438760BD
S31508004DC0CF680D68D0F804C02CEA050C7D434CEA80
S31508004DD0050CC0F804C00F69D0F80CC092FAA2F509
S31508004DE0B5FA85F54FEA450E04FA0EF52CEA050CD8
S31508004DF092FAA2F5B5FA85F56D00AF404CEA070CB4
S31508004E00C0F80CC04D68022D2FD1FF2A15D8D1F84D
S31508004E1014C0056A92FAA2F7B7FA87F7BF0006FA2E
S31508004E2007F7BD4392FAA2F7B7FA87F7BF000CFA5D
S31508004E3007FC45EA0C05056217E0D1F814E0476A55
S31508004E40150A95FAA5FCBCFA8CFC4FEA8C0C06FAF6
S31508004E500CFC95FAA5F5B5FA85F5AD0027EA0C0719
S31508004E600EFA05FE47EA0E0747624D68076892FA8A
S31508004E70A2FCBCFA8CFC4FEA4C0C04FA0CFE27EA9E
S31508004E800E0792FAA2F200E005E0B2FA82F25200A8
S31508004E9095402F4307605B1C0A6832FA03F57FF4D6
S31508004EA070AF0020F0BD0069814301D00020704733
S31508004EB0012070470069814301D000207047012016
S31508004EC0704710B5026822F001020260D1E9023289
S31508004ED0046843EA022224F4F854144304604A6836
S31508004EE00261026842F001020260826822F400420E
S31508004EF082608B690A6984681A436FF30A0414434B
S31508004F0084600A691AB1826842F4004282600A68BB
S31508004F10036823F44013134303604969426822F483
S31508004F2000420A434260002010BD000070B500240C
S31508004F301F49204D4FF40046C02803D0B0F5407FE6
S31508004F401CD019E0D1F8880000F0C00040F44000F9
S31508004F504038B0F5400027D0402804D080281CD11E
S31508004F6006E0044608E000F083F828B12C4603E082
S31508004F7000F086F800B13446204670BDD1F88800A6
S31508004F800D4900F4407040F0407040180CD0B0F560
S31508004F90807FE8D0B0F5007FEAD001F011F901F082
S31508004FA0DFF801F0EDF8DCE701F00AF9D9E70000CF
S31508004FB0001002400024F40000FFFFFC70B5002436
S31508004FC029492A4D4FF40046032804D00C281AD044
S31508004FD030282FD040E0D1F888006FF4403100F037
S31508004FE0030040F4403040180AD0012836D0022881
S31508004FF02ED001F0E5F801F0B3F801F0D1F817E08A
S3150800500001F0DEF814E0D1F8880000F00C0040F456
S315080050104020001FB0F54020F2D004281ED00828F2
S3150800502016D000BF01F0CCF801F09AF801F0A8F804
S31508005030044611E0D1F8880000F0300040F4401032
S315080050401038B0F54010DBD0102807D02028E9D159
S3150800505000F016F800B13446204670BD00F008F896
S315080050600028F9D02C46F7E7001002400024F40087
S3150800507002480068C0F38020704700000010024014
S315080050800248D0F89000C0F3400070470010024074
S3150800509003498A6822F0F00202438A6070470000DA
S315080050A000100240044951F8882F22EA104280B2C3
S315080050B002430A60704700000010024010B50368FA
S315080050C00122C3F3801373BBD1E900231A43D1E944
S315080050D0033423431A434B691A438B691A43CB6932
S315080050E01A430B6A1A4303684FF6BF74A3431A435D
S315080050F00260426840F604739A434B6942EA1342D7
S315080051008B681A4342608A68B2F5006F03D2426818
S3150800511042F4805242600A6AB2F5005F02D1898C75
S3150800512089B201610022C16921F40061C16110469A
S3150800513010BD00000149086070470000A800002063
S3150800514010B5012925D0042925D0102925D04029B4
S3150800515025D0B1F5807F24D0B1F5806F23D0B1F585
S31508005160805F22D0B1F5804F21D0B1F5803F20D0A5
S315080051700921114B18305B5C184403680E4C0A343D
S31508005180615C03248C40120CA3438A4013430360DA
S3150800519010BD0021EDE70121EBE70221E9E7032134
S315080051A0E7E70421E5E70521E3E70621E1E707212B
S315080051B0DFE70821DDE70000DCAD020810B50129AC
S315080051C025D0042925D0102925D0402925D0B1F588
S315080051D0807F24D0B1F5806F23D0B1F5805F22D0CF
S315080051E0B1F5804F21D0B1F5803F20D00921114B70
S315080051F018305B5C184403680E4C0A34615CF02472
S315080052008C40120CA3438A401343036010BD00214F
S31508005210EDE70121EBE70221E9E70321E7E70421AE
S31508005220E5E70521E3E70621E1E70721DFE70821AE
S31508005230DDE70000DCAD020810B501291FD00429FE
S315080052401FD010291FD040291FD0B1F5807F1ED04E
S31508005250B1F5806F1DD0B1F5805F1CD0B1F5804FD8
S315080052601BD0B1F5803F1AD00921036A0D4C615C49
S315080052700A248C40A3438A401343036210BD0021CD
S31508005280F3E70121F1E70221EFE70321EDE7042126
S31508005290EBE70521E9E70621E7E70721E5E7082126
S315080052A0E3E70000F0AD020810B5012925D004296E
S315080052B025D0102925D0402925D0B1F5807F24D0C6
S315080052C0B1F5806F23D0B1F5805F22D0B1F5804F5C
S315080052D021D0B1F5803F20D00921114B18305B5CF5
S315080052E0184403680E4C0A34615C0C248C40120C7A
S315080052F0A3438A401343036010BD0021EDE7012153
S31508005300EBE70221E9E70321E7E70421E5E70521C1
S31508005310E3E70621E1E70721DFE70821DDE70000EB
S31508005320DCAD02082DE9F04F02682A4B2A4E2B4FB6
S31508005330DFF8ACC02B4C2C4D4FF0804B98420BD06D
S31508005340584509D0B04207D0B84205D0604503D0C9
S31508005350A04201D0A84205D1D1F8048022F07002FB
S3150800536042EA0802DFF88480DFF88490DFF884A038
S31508005370984211D058450FD0B0420DD0B8420BD044
S31508005380604509D0A04207D0404505D0484503D01E
S31508005390504501D0A84203D1CE6822F44072324368
S315080053A002608A68C2620A888262984209D0A0426C
S315080053B007D0404505D0484503D0504501D0A842FE
S315080053C001D109690163416941F001014161002088
S315080053D0BDE8F08F002C01400004004000080040A2
S315080053E0000C0040003401400050014000400140DC
S315080053F000440140004801402DE9F0410446006898
S315080054000D46012610F0010F52D12969A868EA69EC
S31508005410084369691143084321682E4A1140084325
S315080054202060E868616821F4405101436160A86919
S31508005430A16821F440710143A1602748844201D143
S31508005440032008E02548844201D10C2003E02448C3
S31508005450844203D13020FFF7B1FD0BE02148844296
S3150800546001D1C02004E0204884421AD14FF440708C
S31508005470FFF75CFDA8B1696899B12A680026EB694F
S315080054800B2A0ED8194FD2B2B3F5004F57F822207F
S31508005490B0FBF2F00FD000EB5100B0FBF1F080B298
S315080054A0E0602888E16A80B221F00F010143E162D9
S315080054B03046BDE8F081400000EB5100B0FBF1F04A
S315080054C081B24FF6F07201EA0200C1F342010843C5
S315080054D0E6E70000F369FFEF0038014000440040AA
S315080054E000480040004C004000500040FCAD020857
S315080054F010F1080050E8002F22F0606242EA41628B
S3150800550040E80023002BF5D17047000010F1080091
S3150800551050E8002F61F35F7240E80023002BF7D1B3
S315080055207047B4EEE00AF1EE10FA02D2B0EE600A65
S315080055307047B4EEC10AF1EE10FAF9DDB0EE410A91
S31508005540704700002DE9F04F87B018216846FBF731
S3150800555048FA0420FFF710FB2020FFF70DFB012077
S31508005560FFF70AFB0220FFF707FB4FF090470420DE
S31508005570B8610820B861544E0420B0628002B06257
S315080055804FF40059C6F828900820B0611020B86179
S315080055900120B0610024CDE90094DFF8308105468A
S315080055A00490694640460294FFF7E2FB4FF48040B8
S315080055B0CDE900040495694640460294FFF7D8FBF6
S315080055C07001CDE900040495694640460294FFF748
S315080055D0CFFB4FF0040A4FF00208CDE90284CDE96B
S315080055E000A5694638460494FFF7C2FB0820CDE9B2
S315080055F00005CDE90284694604943846FFF7B8FBEE
S315080056001020CDE90005CDE90284694604943846A0
S31508005610FFF7AEFB4FF0400BCDE900B404956946A1
S3150800562038460294FFF7A4FB0095CDE9015403948C
S31508005630694630460494FFF79BFBCDE90084049540
S31508005640694630460294FFF793FBCDF800A0CDE9F2
S3150800565001540394694630460494FFF789FB4FF4D6
S3150800566080500090CDE9015403946946304604946D
S31508005670FFF77EFBCDF80090CDE901540394694607
S3150800568030460494FFF774FB4FF48070CDE90004AC
S315080056900495694638460294FFF76AFB082000908D
S315080056A0CDE901540394694630460494FFF760FB3C
S315080056B0CDE900B40494694630460294FFF758FBD6
S315080056C007B0BDE8F08F0000000400480008004855
S315080056D02DE9F0418EB01C2106A8FBF782F91821A6
S315080056E06846FBF77EF92C4801684FF0030821F459
S315080056F04051002401600120FFF74AFA0220FFF713
S3150800570047FA4FF4004002260125CDE90006042792
S31508005710CDE90285CDE9045769464FF09040FFF779
S3150800572027FB8020CDE90006CDE90285CDE904579F
S3150800573069461A48FFF71CFB17488838816D41F4FB
S3150800574000118165806D099400F400100D901448CD
S315080057500894CDE906400A940B940C94114C06A9BA
S315080057602046FFF7AEFB606840F000706060E068B6
S3150800577040F2FE718843E060E06820F40040E06093
S31508005780206820F400202060206820F40030206083
S315080057900EB0BDE8F0810000881002400004004801
S315080057A0C285B240005400402DE9F04192B028214C
S315080057B006A8FBF716F918216846FBF712F94B48B5
S315080057C0016E41F480510166016E01F48051109119
S315080057D0C16C41F00101C164C06C022500F00100F2
S315080057E0109020200024CDE9000503260527CDE9E1
S315080057F00264CDE904474FF0904869464046FFF7F2
S31508005800B7FA8020CDE90005CDE90264CDE9044761
S3150800581069464046FFF7ACFA35490822083134484C
S31508005820D1F8003823F0FF0343F00B03C1F8003822
S3150800583030498B78C35844F21006B3438E7843F048
S31508005840100383518B78C3588E7823F4405343F45E
S31508005850805383518B78C3588E7823F02003835165
S315080058608B78C3588E7823F0400383518B78C358BE
S315080058708E7843F0800383518B78C3588E7823F44F
S31508005880407383518B78C358897823F44063435017
S31508005890194E3068C0F3801018B1306820F0400007
S315080058A030604FF4404006904FF4827007904FF4F2
S315080058B0E060CDE9080501200A900BA9400281E8BD
S315080058C0150007200F9006A93046FFF7F7FB70680A
S315080058D020F010007060706820F008007060306872
S315080058E040F04000306012B0BDE8F0810010024080
S315080058F000000240BCAD020800300140F0B58BB094
S31508005900142106A8FBF76DF818216846FBF769F815
S315080059100120FFF761F90120FFF746F90124022665
S31508005920CDE9004600254FF0904702950494694654
S3150800593038460594FFF71CFA009604940594CDE9B9
S31508005940016569463846FFF713FAADF81840A01EF8
S31508005950CDE90750A40706A920460995FFF7E2FCFA
S31508005960206820F080002060A0681D49084040F0AB
S315080059700300A060A5132A4601212046FFF7E0FB95
S315080059804FF44026324601212046FFF78DFCFF11D1
S315080059903A4601212046FFF711FC00220121204644
S315080059A0FFF74AFC2A4610212046FFF7C9FB324674
S315080059B010212046FFF778FC3A4610212046FFF7CB
S315080059C0FDFB022210212046FFF736FC60680549D8
S315080059D008406060A06820F08000A0600BB0F0BDB1
S315080059E0F8FFFEFF8FFFFFFDF0B58BB0142106A868
S315080059F0FAF7F7FF18216846FAF7F3FF0220FFF7D0
S31508005A00EBF80220FFF7D0F81020022400258DE8D5
S31508005A10310001262E4FCDE9046469463846FFF762
S31508005A20A7F920208DE83100CDE904646946384697
S31508005A30FFF79EF9ADF818604FF6FF70CDE90750ED
S31508005A40244C06A920460995FFF76CFC206820F02F
S31508005A5080002060A0682049084040F00300A0604C
S31508005A60A5132A4601212046FFF76AFB4FF4402674
S31508005A70324601212046FFF717FC4FF410073A4635
S31508005A8001212046FFF79AFB002201212046FFF755
S31508005A90D3FB2A4610212046FFF752FB3246102137
S31508005AA02046FFF701FC3A4610212046FFF786FB01
S31508005AB0022210212046FFF7BFFB6068074908400D
S31508005AC06060A06820F08000A0600BB0F0BD000008
S31508005AD00004004800040040F8FFFEFF8FFFFFFDAA
S31508005AE02DE9F0438FB0202106A8FAF77AFF18218E
S31508005AF06846FAF776FF4FF44030FFF7D3FA39488D
S31508005B00016E41F480410166006E00F480400E90FB
S31508005B100120FFF755F84FF4007002264FF00308EE
S31508005B208DE8410103AA00240125072782E8B00071
S31508005B304FF0904969464846FFF71AF9A8028DE8DA
S31508005B40410103AA694682E8B0004846FFF710F902
S31508005B5025480068C0F30220011D072901D200204C
S31508005B6000E0C01E04FA00F10801204981F800048B
S31508005B701E4920202139C1F800014FF4E130CDE952
S31508005B8006400C20CDE90A40089409940C940D941B
S31508005B90174C06A92046FFF72FFC00212046FFF7E1
S31508005BA0B5FC00212046FFF7A3FC206820F0005032
S31508005BB02060606820F490406060A06820F02A00A9
S31508005BC0A060206840F001002060E069C0F3405002
S31508005BD00028FAD0E069C0F380500028F5D00FB04D
S31508005BE0BDE8F083001002400CED00E025E000E07F
S31508005BF0003801402DE9F04190B0202106A8FAF7B7
S31508005C00F0FE18216846FAF7ECFE4FF44010FFF74D
S31508005C1049FA2F48816D41F480218165806D00F431
S31508005C2080200E900220FEF7CBFF4FF480600225FD
S31508005C300024CDE9000503260727CDE90264DFF82D
S31508005C409480CDE9044769464046FFF791F8A802D3
S31508005C50CDE90005CDE90264CDE904476946404629
S31508005C60FFF786F84FF4E130CDE906400C20CDE980
S31508005C700A40089409940C940D94174C06A92046DA
S31508005C80FFF7BAFB00212046FFF740FC002120461B
S31508005C90FFF72EFC206820F000502060606820F492
S31508005CA090406060A06820F02A00A060206840F05C
S31508005CB001002060E069C0F340500028FAD0E0698E
S31508005CC0C0F380500028F5D010B0BDE8F081000080
S31508005CD000100240000400480048004010B50022A9
S31508005CE00F49104801F09EFA08B1FDF7A1FA0E49CE
S31508005CF00C4801F062FC08B1FDF79AFA0B4909480D
S31508005D0001F0F4F808B1FDF793FA064801F0D0FC63
S31508005D10002803D0BDE81040FDF78ABA10BD000080
S31508005D206002002014B900207801002050020020EB
S31508005D30FEE77047FEE730B500F00703C3F1070436
S31508005D40042C00D90424181D072801D2002300E0DA
S31508005D50DB1E012505FA04F0401E084098409D40C8
S31508005D606D1E1540284330BD30B500F00703C3F15A
S31508005D700704042C00D90424181D072801D200237F
S31508005D8000E0DB1E012505FA04F0401E0840984095
S31508005D909D406D1E1540284330BD2DE9F84F044639
S31508005DA040F68F7A40F2064B48F60F784FF0000916
S31508005DB08BE1B0F8441011F00F053AD030F82560A1
S31508005DC031047DD530F8251001EA0A0141F0800139
S31508005DD020F8251005EB850004EBC00797F85C0151
S31508005DE007F5A87700286CD0F87802286AD03978A1
S31508005DF0226832F8210048F68F73184048F2C0032B
S31508005E00184322F821003878D4F800C03CF820104E
S31508005E104904BCF8501001EB0C027ED540F2024151
S31508005E2001EBC000105A8005800D009076D03A89A3
S31508005E30A7E0C9062AD4018801EA080141F400410D
S31508005E400180206804F11005B0F85010227C014446
S31508005E5040F2024000EBC200085AC0F30900E062B3
S31508005E60616A0844606200212046FDF783FD207BB5
S31508005E7000289DD0A86900289AD1207B40F080018F
S31508005E802068A0F84C1084F80C901EE1018804F5EF
S31508005E90A8750A051ED5B0F850100A1829780BEB14
S31508005EA0C100105A04F52671C0F30903EB61EA88AC
S31508005EB0206802F0C6F92168088800EA0A0002E0AC
S31508005EC07BE03FE04EE040F0800008802046FEF789
S31508005ED0C6F9FAE00904D8D5018801EA0A0141F0B1
S31508005EE0800101802068B0F850102A7808440BEB2E
S31508005EF0C201405A83059B0DEB610DD0696959B102
S31508005F00EA88206802F09DF9E969686908446861C9
S31508005F1000212046FDF737FD01E02AE028E0206849
S31508005F2001880A050DD4C1F30131032909D0018876
S31508005F304BF68F72114081F4405148F280021143AA
S31508005F400180C2E02068B0F850103B780A180BEBC5
S31508005F50C301515A8905890D009117D0FA887969C4
S31508005F60009B11E0324639462046FDF768FD009051
S31508005F700CE00BEBC000105A8005800D009005D090
S31508005F807A8903466046796902F05BF9F9690098EF
S31508005F900844F8617869009908447861B86918B1C5
S31508005FA039690098814204D939782046FDF7EBFC17
S31508005FB003E03946206801F07BFF30062DD505EB56
S31508005FC0850004EBC001206830F8252002EA0802A3
S31508005FD042F4004220F82520C87C103101281DD043
S31508005FE0F0056ED42068B0F8502013180A7840F2ED
S31508005FF0024000EBC200185A8A69C0F309008242BF
S3150800600058D9121A8A6157D04A6902444A61CA693C
S315080060101044C861206801F04BFF56E0C1F818909B
S315080060200A7B48461AB3720622D54A7812B1012A63
S3150800603014D041E02068B0F8502010440A7800EBEC
S31508006040C200B0F80224C2F30902A0F80224B0F88C
S31508006050022442F40042A0F802242DE02268B2F895
S3150800606050301A440B7802EBC302A2F8020423E06C
S315080060704B78226813B1012B13D01DE0B2F85000FB
S3150800608010440A7800EBC200B0F80624C2F30902ED
S31508006090A0F80624B0F8062442F40042A0F8062424
S315080060A00AE0B2F850301A440B7802EBC302A2F8A1
S315080060B0060401E0C1F8189009782046FDF75AFC55
S315080060C003E032462046FDF728FD2068B0F8441064
S315080060D009043FF56EAE0020BDE8F88F2DE9F047BC
S315080060E005002ED0287800282BD00024DFF8588009
S315080060F0164E12E058F834703846FAF767FB8146B0
S31508006100024639462846FAF780FB20B915F80900F1
S315080061103A280CD058B1641CE4B230788442E9D3EA
S31508006120716800290DD00AA0BDE8F047084728463F
S315080061303A21FAF71DFB00B1401C08EBC401496877
S31508006140F2E7BDE8F0870000DCC00020B4020020BA
S31508006150556E6B6E6F776E20636F6D6D616E640042
S3150800616005498968054A01F0F0010909515C01F001
S315080061701F01C8407047000000100240C4AD020865
S3150800618005498968054A01F4E06102EB112109789D
S3150800619001F01F01C840704700100240D4AD020844
S315080061A005498968054A01F4605102EBD12109784D
S315080061B001F01F01C840704700100240D4AD020824
S315080061C01549886800F00C031448042B0DD04210BA
S315080061D0082B09D00C2B08D1CB6803F00303022B3C
S315080061E005D0032B03D101E0104670471046CA6854
S315080061F0C2F306224243C868C96800F0F0030120CA
S3150800620000EB1313B2FBF3F201F0C06100EB51602F
S315080062104000B2FBF0F07047001002400024F40082
S3150800622070B5074D002400BF05EBC400416855F85A
S31508006230340000F007F8641C052CF5D370BD000087
S31508006240000000202DE9F041164C06460F4620783E
S31508006250102805D227B11EB10025DFF84C800DE0C5
S315080062606168002915D011A019E000BF58F835005B
S315080062703146FAF7DDFB70B16D1CEDB22078854228
S31508006280F4D3C0B208EBC00148F83060401C4F6038
S315080062902070BDE8F08161680029FAD00AA0BDE83F
S315080062A0F0410847B4020020DCC00020436F6D6D42
S315080062B0616E6420726567697374726174696F6E62
S315080062C0206661696C656400436F6D6D616E64205C
S315080062D0616C72656164792065786973747300000E
S315080062E010B54FF0904488B00420A0610120FCF757
S315080062F0BBFD0420A0620A20FCF7B6FD0420A061BD
S31508006300C820FCF7B1FD1020A062112000F018F992
S31508006310C820FCF7A9FD362000F012F9702000F01D
S3150800632041F93A2000F00CF9552000F03BF90A2013
S31508006330FCF79AFDB22000F003F90C2000F032F9C0
S315080063400C2000F02FF9002000F02CF9332000F083
S3150800635029F9332000F026F9B72000F0F1F8752066
S3150800636000F020F9C22000F0EBF8012000F01AF93D
S31508006370C32000F0E5F8162000F014F9C42000F058
S31508006380DFF8202000F00EF9C62000F0D9F80F201B
S3150800639000F008F9D02000F0D3F8A42000F002F9A4
S315080063A0A12000F0FFF8D62000F0CAF8A12000F0DE
S315080063B0F9F8BB2000F0C4F83B2000F0F3F8E02021
S315080063C000F0BEF816A10FC98DE80F000E21684629
S315080063D000F0C2F8E12000F0B3F815A30DF1100C97
S315080063E00FCB8CE80F000E2104A800F0B5F8E420C6
S315080063F000F0A6F8272000F0D5F8002000F0D2F823
S31508006400002000F0CFF8292000F09AF82C2000F0A0
S3150800641097F80A20FCF728FD1020A06108B010BDE7
S31508006420F00B110E0D1936334B0714142C2E0000E1
S31508006430F00D120B09033244483916162D300000A8
S3150800644006498A68C2F34002002AFAD008738868A7
S31508006450C0F3C0100028FAD1704700000030014090
S315080064607CB54FF090451024AC620824AC62334CDE
S31508006470A668C6F34006002EFAD02A262673A66812
S31508006480C6F3C016002EFAD10826AE61060A8DF8A4
S3150800649000608DF80100100A8DF802008DF80320BF
S315080064A000206E46A268C2F34002002AFAD0325C87
S315080064B02273401C0428F5D3A068C0F3C010002836
S315080064C0FAD10820A862A068C0F340000028FAD0D4
S315080064D02B202073A068C0F3C0100028FAD108202A
S315080064E0A861080A8DF804008DF80510180A8DF8B9
S315080064F006008DF80730002001AAA168C1F3400103
S315080065000029FAD0115C2173401C0428F5D3A06831
S31508006510C0F3C0100028FAD10820A862A068C0F30A
S3150800652040000028FAD02C202073A068C0F3C010C1
S315080065300028FAD11020A8617CBD00000030014077
S3150800654010B54FF090441021A1620821A162FFF70F
S3150800655077FF1020A06110BD70B54FF0904410224F
S31508006560A2620822A2610E4B9A68C2F34002002A70
S31508006570FAD000224D1E09E0865C1E73AA4204D298
S315080065809E68C6F34006002EFAD0521C8A42F3D300
S315080065909868C0F3C0100028FAD11020A06170BD19
S315080065A00030014010B54FF090441021A162082137
S315080065B0A161FFF745FF1020A06110BD0178407862
S315080065C041EA0020704700001CB500210120CDE9F2
S315080065D000010B46420208A1094823F0B5FD094906
S315080065E00128086006D008A00CF068FBBDE81C402E
S315080065F0FCF71EBE1CBD000053746F726167650010
S31508006600C1940208C002002053746F726167652046
S315080066107461736B20637265617465204661696C89
S315080066206564000010B5502080F31188BFF34F8FC2
S31508006630BFF36F8F23F0CAFD18B104494FF080509D
S315080066400860002080F3118810BD000004ED00E00A
S3150800665038B53148016821F00F0141F004010160A5
S31508006660016801F00F010429FAD12C4850F8801F5F
S3150800667021F4807101602A4C206840F48030206043
S315080066802068C0F340400028FAD0D4F8980040F0BB
S315080066900100C4F8980000BFD4F89800C0F3400081
S315080066A00028F9D0E16845F213501E4A1140084304
S315080066B0E060E06840F08070E060206840F080703C
S315080066C020602068C0F340600028FAD0A06840F037
S315080066D00300A0608020FEF7DBFCA06800F00C0039
S315080066E00C28FAD155200090401E0090FCD1FEF7E8
S315080066F0CFFCA06820F4E060A060A06820F4605099
S31508006700A0600948FEF716FD0F20FDF767F8002878
S3150800671001D0FCF78DFD38BD002002400070004016
S31508006720001002400C80FFF980FE210A0248016829
S3150800673041F470010160704788ED00E01CB5002146
S315080067400120CDE900010B46820208A1084823F082
S31508006750FBFC08490128086006D007A00CF0AEFA31
S31508006760BDE81C40FCF764BD1CBD0000544654003F
S31508006770CD940208C0020020544654207461736BFD
S3150800678020637265617465204661696C6564000002
S315080067901CB500210120CDE900010B46420208A1E3
S315080067A0094823F0D1FC09490128086006D008A049
S315080067B00CF084FABDE81C40FCF73ABD1CBD00008D
S315080067C05072696E74000000A9930208C002002086
S315080067D054657374207461736B20637265617465A4
S315080067E0204661696C65640038B5074CA0680028C6
S315080067F009D106480090002301224FF47A7104A0BB
S3150800680023F038FFA06038BD2800002071940208E4
S3150800681052756E54696D6554696D657200000000A5
S31508006820F0EE400A9FED031A9FED030A00EE810A77
S31508006830704700009A99193D3333D33FDFED020ABA
S3150800684020EE200A70470000240C433D002804D09F
S315080068500178002901D0FFF741BC704710B5FFF752
S315080068603FF90E4850E8001F41F0400140E8001289
S31508006870002AF7D10A4800680321C0F30220FFF76F
S3150800688073FA0146252001F013FE252001F0E3FDE9
S31508006890FDF7A2FEBDE8104001F002BD0038014038
S315080068A00CED00E02DE9F0472648274900784058C6
S315080068B0264C80B2C0F5006004F60A1887B2002696
S315080068C0234D04F5805424E02249095C401CC0F39A
S315080068D00A006880287820B1012808D0022818D133
S315080068E01CE0AA2915D184F80A6101200EE094F863
S315080068F00A0112280CD200F8081094F80A01401C64
S31508006900C0B284F80A01122803D10220287000E0D8
S315080069102E706888B842D7D1BDE8F0875529F7D1D7
S315080069200C481222313841468146F9F7B9FF22F060
S3150800693099FC0848122249461E38F9F7B1FF22F099
S31508006940B1FCE5E734AE020804000240D89F0020F7
S315080069506801002014B100202DE9F047DFF8A8806F
S315080069608A4617460A21D8F8040023F0FBFA0128BC
S3150800697004D0BDE8F04725A00CF0A0B90A26284C9B
S315080069804FF00009274D02E0012022F0AFFD95F8EF
S31508006990040910B1761EF7D20AE04EB954E8000F82
S315080069A020F0400044E80002002AF7D185F804994F
S315080069B04FF48076B74200D83E46324651461A48CA
S315080069C0F9F76EFFA5F80699A5F80869012085F874
S315080069D00409B5F806092918401CA5F8060991F80E
S315080069E00408A06254E8000F40F0400044E80001A3
S315080069F00029F7D1D8F80400BDE8F04700231A4665
S31508006A00194623F097B80000680100204D75746593
S31508006A107820676574206661696C6564000000000B
S31508006A2000380140D89F0020DCA700201FB50028A9
S31508006A3013D0AA218DF800100168CDF8011041681D
S31508006A40CDF805108068CDF8090055208DF80D00A1
S31508006A500E2269460148FFF77FFF1FBD0038014037
S31508006A6010B5FFF7C7F80E4850E8001F41F020019F
S31508006A7040E80012002AF7D10A4800680421C0F34A
S31508006A800220FFF758F90146272001F001FD2720CB
S31508006A9001F0D4FCFDF786FEBDE8104001F050BCBD
S31508006AA0004800400CED00E02DE9F0414FF480600D
S31508006AB014460F46824200D9044614486421806869
S31508006AC023F050FA124E012803D001213046FEF772
S31508006AD08FF8114D0E4A0F4869780C3288500C48C9
S31508006AE06978001D09586A786FF30F012143115020
S31508006AF0224639460748F9F7D3FE68783058697848
S31508006B0040F001007050BDE8F08100005C010020F3
S31508006B1000000240D69B00202CAE02082DE9F04763
S31508006B20DFF8C880DFF8C890324C98F8000016469F
S31508006B308A46012801D0304812E00A21D9F8040013
S31508006B4023F010FA01284ED1642502E0012022F034
S31508006B50CDFC94F8040540B16D1EF7D205E000BFE0
S31508006B6094F8041509B1401EF9D294F80405234D8A
S31508006B70002748B155E8000F20F0400045E800021C
S31508006B80002AF7D184F804754FF48060864200D94C
S31508006B900646324651461A48F9F782FEA4F80675A3
S31508006BA0A4F80865012084F80405B4F80605211838
S31508006BB0401CA4F8060591F80401A86255E8000FE0
S31508006BC040F0400045E800010029F7D198F8000098
S31508006BD0012808D1D9F80400BDE8F04700231A4671
S31508006BE0194622F0A7BFBDE8F0870000BC020020C6
S31508006BF05C0100208C960020A08601000048004019
S31508006C00909700201448C169C1F38011002916D055
S31508006C100168C1F38011002911D0402101620F4A91
S31508006C20B2F80619B2F80839994209D2B2F8061923
S31508006C305318491CA2F8061993F80418816270477C
S31508006C4050E8001F21F0400140E80013002BF7D15F
S31508006C50002082F80409704700380140D89F0020B8
S31508006C601E4810B5C169C1F340121D4972B1426A86
S31508006C70D3B2B1F80021B1F80241521CD2B2944203
S31508006C8004D0B1F800410B55A1F80021C269C2F33E
S31508006C908012002A15D00268C2F38012002A10D08A
S31508006CA040220262B1F80625B1F808359A4209D29F
S31508006CB0B1F806258B18521CA1F8062593F804117D
S31508006CC0816210BD50E8002F22F0400240E8002300
S31508006CD0002BF7D1002081F8040510BD00480040BC
S31508006CE08C96002010B50A46024903A000F06AFAFD
S31508006CF0004810BDE4BB0020437573746F6D2048CF
S31508006D00494420436F6E666967000000D0F8BC02EC
S31508006D10002101750846704710B5D0F8BC2242B16B
S31508006D20D0F8C00251781278C368104698470020F8
S31508006D3010BD032010BD70B50446812100F08EFAFF
S31508006D400025258765870121204600F087FAA4F8E3
S31508006D507851A4F87A51D4F8BC0248B1D4F8C002E4
S31508006D6004F52F7480688047206800F0F6FD2560DA
S31508006D70002070BD12200880004870478402002059
S31508006D8010B5D0F8BC421CB12169012902D00AE02D
S31508006D90032010BDD0F8C00223786178C26818466F
S31508006DA0904700202061002010BD00000A210180C4
S31508006DB0004870474002002029210180004870479A
S31508006DC0B00100202921018000487047DC0100201D
S31508006DD02921018000487047080200202DE9F0416A
S31508006DE00446182000F0BAFD05004FF0000623D02F
S31508006DF00520C4F8BC526087A4F87A01022303224E
S31508006E008121204600F007FB01272787022303225A
S31508006E103946204600F0FFFAA4F878712E75D4F8A2
S31508006E20C0024068804702232A460121204600F016
S31508006E30FEFA0020BDE8F0810220C4F8BC62F9E73A
S31508006E4010B50A46024903A000F0BCF9004810BD77
S31508006E50E4BB0020437573746F6D2048494420498C
S31508006E606E74657266616365000000000420088020
S31508006E70004870478002002010B50A46024903A060
S31508006E8000F0A0F9004810BDE4BB002053544D693A
S31508006E9063726F656C656374726F6E696373000005
S31508006EA010B50A46024903A000F08CF9004810BD47
S31508006EB0E4BB002053544D333220437573746F6D11
S31508006EC02048756D616E20696E74657266616365CA
S31508006ED00000000010B5D0F8BC222AB10223012117
S31508006EE000F0A5FA002010BD032010BD19B1C0F8A6
S31508006EF0C0120020704703207047000010B51A2002
S31508006F0008800A480168001D0468001D0068081802
S31508006F1009D008220649FDF7BBFC054904221031B1
S31508006F202046FDF7B5FC0248801E10BD9075FF1F70
S31508006F309A020020F8B50022D0F8BC321546ADF802
S31508006F400020144633B10E7816F0600624D0202EA1
S31508006F505CD101E00320F8BD4A78921E0A2A55D270
S31508006F60DFE802F00F085454545454130B0588787C
S31508006F7058604EE00122191D39E04888000A9860D9
S31508006F8047E0012203F1080131E001221A61CA88AB
S31508006F90194600F068F83CE04E78062E10D003DC5F
S31508006FA03EB1012E32D134E00A2E23D00B2E2DD13C
S31508006FB028E090F89C22032A28D10222694616E086
S31508006FC04B882226B6EB132F07D1CA88022A00D986
S31508006FD00222D0F8C0120D6808E02126B6EB132F5E
S31508006FE004D1CA880D4D092A00D90922294600F07C
S31508006FF054F80EE090F89C22032A07D1012203F1E7
S315080070000C01F4E790F89C22032A04D000F020F83B
S3150800701003242046F8BD8878D860FAE734020020B1
S3150800702010B5D0F8B8220AB152689047002010BDB2
S31508007030134610B50A46002100F0F9F9002010BDE4
S31508007040134610B50A46002100F098FA002010BD34
S3150800705010B50446802100F076FA2046BDE81040B7
S31508007060002100F070BA10B50323C0F89432C0F8B6
S3150800707058211346C0F85C210A46002100F0D7F9CA
S31508007080002010BD10B50521C0F8941200231A4639
S31508007090194600F0CCF9002010BD10B50223C0F83F
S315080070A0943282611346C2610A46002100F066FAEC
S315080070B0002010BD10B50421C0F8941200231A460A
S315080070C0194600F05BFA002010BDF8B5044600200A
S315080070D0ADF8000048880D46010A062947D006DCA7
S315080070E001290FD0022912D0032962D11DE00729F0
S315080070F046D00F295DD1D4F8B402C26920E06946AA
S3150800710090473BE0D4F8B412207C0A68F7E7207C65
S3150800711002260028D4F8B80205D0C16A684688470E
S315080071200146467036E0816AF8E7C0B2062840D2C2
S31508007130DFE800F003090D111519D4F8B402426806
S31508007140B2B3207CDBE7D4F8B4028268F8E7D4F857
S31508007150B402C268F4E7D4F8B4020269F0E7D4F8D6
S31508007160B4024269ECE7D4F8B4028269E8E7207C05
S31508007170F0B9D4F8B802416B68468847014609E079
S31508007180207CA8B9D4F8B802016B6846884701463E
S3150800719007204870EA888AB1BDF8000040B18242EB
S315080071A000D90246ADF800202046FFF776FFF8BD65
S315080071B0FFE729462046FFF74BFFF8E72046FFF78B
S315080071C079FFF4E770B5002300281ED00025044691
S315080071D002E06D1CEDB2641C2678002EF9D102245B
S315080071E004EB450414801278CA545B1C0322CA5463
S315080071F000245B1C06E0CA545B1CDAB28C54521C91
S31508007200D3B2401C0278002AF5D170BD01004FF0B8
S31508007210000004D0012901D0022901D003207047BB
S315080072200120704778B10023C0F8B832C0F8C032E0
S31508007230C0F8CC3209B1C0F8B412012180F89C120A
S31508007240027000F09FB80320704710B5D0F8C4024A
S31508007250FCF7C8FBBDE81040FFF7D8BF10B5D0F85B
S31508007260C402FCF79AFBBDE81040FFF7CFBF70B524
S315080072701646044621B194F89C02032841D048E0FA
S31508007280D4F8941204F114000025022932D1D0E969
S3150800729002318B4206D95A1A826031462046FFF7D8
S315080072A0CFFE0FE0994214D14068884211D3D4F832
S315080072B0981288420DD2002211462046FFF7C0FEDA
S315080072C0C4F8985200231A461946204600F0AFF82B
S315080072D010E094F89C02032805D1D4F8B802C168D6
S315080072E009B1204688478021204600F02CF920461F
S315080072F0FFF7C8FE94F8A00201280AD184F8A05224
S3150800730007E0D4F8B80242691AB120469047002827
S3150800731000D1002070BD10B51346044621B194F87B
S315080073209C02032823D02AE0D4F8941204F5AA7004
S31508007330032924D1D0E9021291420AD98A1A826015
S31508007340C068824200D3024619462046FFF770FEFF
S3150800735015E094F89C02032805D1D4F8B80201690F
S3150800736009B1204688472046FFF7A4FE07E0D4F86F
S31508007370B80282691AB120469047002800D1002039
S3150800738010BD000010B51A490446C1F8D802C0F865
S31508007390C412184808600820087102204871C8718C
S315080073A00020087248728872C8720846FCF7A6FE62
S315080073B008B1FBF73DFF0022D4F8C4021823114692
S315080073C004F53174FCF7B8FA5823002280212068A6
S315080073D0FCF7B2FA9823002281212068FCF7ACFA60
S315080073E0D823002201212068FCF7A6FA002010BD48
S315080073F000BE0020005C00400A0601F07F01D0F8BC
S31508007400C40201EB810100EBC10001D5807C704705
S3150800741090F85201704710B51C461346D0F8C402BE
S315080074202246FCF73AFDBDE81040FFF7EFBE10B55F
S31508007430D0F8C402FCF75FFDBDE81040FFF7E6BED2
S3150800744070B50125044680F89C520020C4F89402C1
S315080074506060C4F8A402D4F8B802E0B1D4F8BC124B
S3150800746021B1426812B100212046904700224023EC
S3150800747011462046FFF7CFFF4026A4F8645133464D
S31508007480002280212046C4F86061FFF7C4FFA58466
S315080074900020266270BD032070BD90F89C12042956
S315080074A003D190F89D1280F89C120020704710B501
S315080074B0D0F8B81221B190F89C22032A02D004E031
S315080074C0032010BDC96901B18847002010BD0174A9
S315080074D00020704710B5D0F8C402FCF7ADFEBDE831
S315080074E01040FFF793BE70B5044600F2AA20054681
S315080074F000F04DF80120C4F89402B4F8B002C4F8BC
S31508007500980294F8AA0210F01F010AD001290ED099
S31508007510022912D000F080012046BDE8704000F034
S3150800752012B829462046BDE8704000F0C3B829467F
S315080075302046BDE8704000F0E7B929462046BDE878
S31508007540704000F041B910B5D0F8C402FCF7EAFC67
S31508007550BDE81040FFF75ABE10B5D0F8C402FCF7D4
S3150800756085FEBDE81040FFF751BE90F89C1280F8E2
S315080075709D12042180F89C120020704710B5D0F89F
S31508007580C402FCF7FEFCBDE81040FFF73FBE70B52D
S31508007590054611F8010B2870087868704C1C2046BF
S315080075A0FFF70CF86880A41C2046FFF707F8A880A8
S315080075B0A01CFFF703F8E88070BD38B50446002024
S315080075C0ADF8000049B1C4F8B812C96A19B16846DD
S315080075D08847C4F8CC02002038BD032038BD0246CF
S315080075E00320D2F8B832002B02D01B681046184781
S315080075F0704700002DE9F0410F462C4E897800258A
S3150800760004463170012906D939462046FFF720FD80
S315080076100320BDE8F08194F89C0202280CD00328C8
S315080076201DD039462046FFF713FD31782046FFF76F
S31508007630F7FC03252846ECE799B320466160FFF777
S31508007640CEFF050004D039462046FFF701FDF1E7D5
S315080076502046FFF72FFD032084F89C02EAE74FF047
S315080076600208C1B1606888421BD0C1B22046FFF744
S31508007670D7FC317820466160FFF7B1FF050010D0CE
S3150800768039462046FFF7E4FC21792046FFF7C8FC77
S3150800769084F89C82CEE784F89C8220466160FFF7D6
S315080076A0BFFC2046FFF706FDC4E700004A0200209B
S315080076B0FFF752BF2DE9F0410A78002512F0600263
S315080076C008D0202A01D0402A71D1D0F8B822926871
S315080076D0904731E04B78002201260A2B67D2DFE873
S315080076E003F0415E6658660805662D29FFF7EDFC2E
S315080076F05FE004468888D8B9C888C8B94888802809
S3150800770016D200F07F0794F89C02032810D084F85C
S315080077109E7239462046FFF7DDFE2046FFF7CAFC73
S315080077201FB1022084F89C0243E084F89C6240E082
S3150800773020463CE0FFF75EFF05463AE0CB88012B82
S3150800774035D190F89C32012B04D0022B02D0032BA2
S315080077502DD104E08260012200F1080116E0012221
S31508007760011D13E090F89C22012A03D0022A01D0B9
S31508007770032A1CD1CA88022A19D1C660D0F8A412D5
S3150800778009B10321C160022200F10C01FFF785FC53
S315080077900FE0498801290CD1C0F8A46211E090F8DD
S315080077A09C32012B08D0022B06D0032B04D0FFF7FE
S315080077B04FFC2846BDE8F08149880129F9D1C0F86F
S315080077C0A422FFF777FCF4E72DE9F0410D460446BD
S315080077D028780026097910F060000BD0202801D0FF
S315080077E040286DD1D4F8B8022946826820469047C9
S315080077F0064686E06878A8B3012822D003287CD1FB
S3150800780094F89C02022802D0032876D10BE00029BE
S3150800781073D0802971D02046FFF795FE8021204637
S31508007820FFF791FE6DE0688838B931B1802904D038
S31508007830E88810B92046FFF786FE2046FFF73AFC8F
S315080078405FE094F89C020228E1D0032855D16888A5
S31508007850A8BB480602D02046FFF7F7FC2046FFF7EC
S3150800786029FCBFE7FFE794F89C020027022802D00C
S31508007870032842D111E009B180293ED1080601F05A
S315080078807F0000EB800004EB800101D5143101E094
S3150800789001F5AA7102220F602BE0080601F00F001D
S315080078A000EB800004EB80000BD5808C40B101F022
S315080078B07F0000EB800004EB800514350CE020E027
S315080078C01BE0B0F86401C0B101F07F0000EB800056
S315080078D004EB800505F5AA7541B1802906D0204636
S315080078E0FFF78AFD10B10120286000E02F60022210
S315080078F029462046FFF7D1FB03E029462046FFF735
S31508007900A7FB3046BDE8F08170B506460878002426
S315080079100D4610F0600003D0202801D0402817D16A
S3150800792096F89C02012803D0022801D003280FD11B
S31508007930287901280CD8D6F8B802826830469047CC
S315080079400446E888204306D13046FFF7B3FB02E039
S315080079503046FFF77DFB204670BD704700487047EC
S31508007960E4BD00202DE9F04F0C78002530F82430CE
S3150800797048F68F121340CA78002A7DD0012A7CD097
S31508007980022A02D0032A79D0012548F2800213433D
S3150800799020F824300E7830F8263048F68F742340C5
S315080079A03343134320F826300B7B48F2C00A48F6C7
S315080079B0BF774CF280094BF68F764FF6FF7B4FF474
S315080079C0004EE3B3CB7891F800C0022B30F82C3088
S315080079D07ED048F68F6803EA0803134320F82C3054
S315080079E0B0F8503091F800C0034403EBCC03B1F86B
S315080079F008C02CF0010CA3F800C4B0F8503091F878
S31508007A0000C0034403EBCC03B1F80AC02CF0010C08
S31508007A10A3F804C44B7891F800C0002B30F82C303A
S31508007A204FEA43437ED0002B06DA30F82C30234049
S31508007A3043EA090320F82C3091F800C000E02EE054
S31508007A4030F82C305B0606D530F82C30234043EA54
S31508007A500A0320F82C30CB780C78012B30F8243028
S31508007A6003EA070301D083F02003134320F82430E8
S31508007A700B7830F8231002E008E00DE009E0314009
S31508007A80114320F823102846BDE8F08F43F400730D
S31508007A907BE743F4C06378E743F4806375E74B7884
S31508007AA0002BB0F85030034424D00E7803EBC603FD
S31508007AB0CE8826F00106A3F800640B7830F8236018
S31508007AC0760608D530F82360264046EA0A0600E01E
S31508007AD061E020F82360CB78012B06D00B7830F8CC
S31508007AE02310394081F02001CAE70B7830F82310BB
S31508007AF03940C5E70F7803EBC703CF8827F001079E
S31508007B00A3F80474B0F850300F78034403EBC703A6
S31508007B10B3F80674C7F30907A3F8067403F2064315
S31508007B200F6900E03DE05FB13E2F0DD84FEA570CD4
S31508007B30FF0701D00CF1010C1F880BEA8C2C0CE016
S31508007B401F8847F400470AE04FEA571CFF0601D191
S31508007B50ACF1010C1F884EEA8C2C47EA0C071F80F3
S31508007B600F7830F827305B0406D530F827302340E5
S31508007B7043EA090320F827300B782BB130F8231095
S31508007B80314081F400517BE70188314081F440514E
S31508007B901143018077E7234048F2801843EA080337
S31508007BA01CE7002B06DA30F82C30234043EA090399
S31508007BB020F82C3091F800C030F82C305B0606D53A
S31508007BC030F82C30234043EA0A0320F82C304B784F
S31508007BD013B1012B2DD035E0B0F850300C780344A2
S31508007BE003EBC403B3F80244C4F30904A3F802443C
S31508007BF00C6903F202435CB13E2C0ED84FEA540CD2
S31508007C00E40701D00CF1010C1C880BEA8C2C0DE062
S31508007C101C8844F400441C8014E04FEA541CE40613
S31508007C2001D1ACF1010C1C884EEA8C2C44EA0C04F8
S31508007C30F1E7B0F850300C78034403EBC4030C8A20
S31508007C40A3F802444B7813B1012B2DD035E0B0F8D8
S31508007C5050300C78034403EBC403B3F80644C4F36A
S31508007C600904A3F806440C6903F206435CB13E2CEA
S31508007C700ED84FEA540CE40701D00CF1010C1C880D
S31508007C800BEA8C2C0DE01C8844F400441C8014E09C
S31508007C904FEA541CE40601D1ACF1010C1C884EEAEB
S31508007CA08C2C44EA0C04F1E7B0F8504023180C7801
S31508007CB003EBC4030C8AA3F806440C7830F8243086
S31508007CC0334083F44053134320F824300DE72DE95D
S31508007CD0F04391F80C804F780A7848F6BF7C4BF64B
S31508007CE08F7948F2800348F2C0054CF2800648F6C0
S31508007CF08F74B8F1000F28D0002F30F822704FEAA1
S31508007D00474748D0002F05DA30F822702740374316
S31508007D1020F822700A7830F822707F0605D530F8E8
S31508007D20227027402F4320F822700D7830F825203E
S31508007D302240324320F825200C7830F8242002EA25
S31508007D400C021A4320F824201AE07FB130F822608A
S31508007D50760605D530F8226026402E4320F82260A4
S31508007D600A7830F8221001EA0C010EE030F82250A9
S31508007D706D0405D530F822502540354320F82250A9
S31508007D800A7830F8221001EA0901194320F822106E
S31508007D900020BDE8F083002F05DA30F8227027406E
S31508007DA0374320F822700A7830F82260760605D51F
S31508007DB030F8226026402E4320F822600E7830F8EC
S31508007DC0262022402A4320F826200C7830F8242042
S31508007DD002EA09021A4320F82420C1E730F8581F9E
S31508007DE041F40041018000207047012120F8401F1E
S31508007DF000210180818001820846704730F8401FC3
S31508007E004BF68072914301800020704730B54B785D
S31508007E100A78002B48F68F7530F8223048F280042D
S31508007E2015D05B0607D530F822302B4048F2C0053E
S31508007E302B4320F82230CA78012A1DD00A7830F858
S31508007E40221048F6BF73194081F0200111E05B0447
S31508007E5007D530F822302B404CF280052B4320F80A
S31508007E6022300A7830F822104BF68F73194081F4C5
S31508007E704051214320F82210002030BD10B54A7821
S31508007E800978002A48F2800330F8212005D048F600
S31508007E90BF74224082F0100204E04BF68F74224031
S31508007EA082F480521A4320F82120002010BD0000D9
S31508007EB02DE9F04706460C464878097B4FF000083E
S31508007EC048F68F7248F2801748F68F6348F2800AA0
S31508007ED0012809D0002971D0E07802286FD001283E
S31508007EE06ED00120BDE8F087A5692069854200D9D2
S31508007EF0054691B1E17802291ED0206A401B20620E
S31508007F00207836F820104906B6F85010314401EBAF
S31508007F10C00075D5A0F8065418E1ABB2E288304621
S31508007F20616900F0A9F9B6F850002178304400EBF1
S31508007F30C100A0F802540FE1216A81427AD921785A
S31508007F4036F821001040384326F82100206A401BE5
S31508007F502062207836F820104FF6FF7749066178B8
S31508007F604FF4004967D511B101292AD030E0B6F897
S31508007F705010314401EBC000B0F80614C1F30901F2
S31508007F80A0F8061400F206404DB13E2D0CD869083B
S31508007F90EA0700D0491C028807EA81210BE001881C
S31508007FA041F40041018013E06909EA0600D1491E3F
S31508007FB0028849EA81210A43028009E0EFE008E1E4
S31508007FC01DE1B6F85020911901EBC000A0F806543F
S31508007FD06289ABB23046616900F04EF9606928449F
S31508007FE060612169206A884202D9401B206202E04A
S31508007FF00546C4F82080607818B101282BD032E0F5
S315080080002FE0B6F850002178304400EBC100B0F8F4
S315080080100214C1F30901A0F8021400F202405DB18E
S315080080203E2D0ED86908EA0700D0491C028807EADF
S3150800803081210DE0A0E018E0018841F400410180AB
S3150800804011E06909EA0600D1491E028849EA812138
S315080080500A43028007E0B6F850002178304400EB66
S31508008060C100A0F80254228971E011B1012927D074
S315080080702DE0B6F85010314401EBC000B0F80214F8
S31508008080C1F30901A0F8021400F202404DB13E2DD9
S315080080900CD86908EA0700D0491C028807EA81213A
S315080080A00BE0018841F40041018010E06909EA0605
S315080080B000D1491E028849EA81210A43028006E066
S315080080C0B6F85010314401EBC000A0F802542289DA
S315080080D0ABB23046616900F0CFF860692844606148
S315080080E02169206A884202D9401B206202E00546BF
S315080080F0C4F82080607810B1012836D026E0B6F89A
S3150800810050002178304400EBC100B0F80614C1F3E2
S315080081100901A0F8061400F206404DB13E2D0CD810
S315080081206908EA0700D0491C028807EA81210BE0A2
S31508008130018841F40041018008E06909EA0600D196
S31508008140491E028849EA81210A4302806289ABB244
S315080081503046616900F090F8217836F8210048F633
S31508008160BF72104080F0300053E0B6F850108819FE
S31508008170217800EBC100CDE6227836F822001840B7
S3150800818040EA0A0026F82200B6F850002278304461
S3150800819000EBC2008BB2A0F802342289D8E7A069A6
S315080081A008B9E07878B1217836F82100184040EA15
S315080081B00A0000BF26F82100A169206981421ED95C
S315080081C0081AA0611DE0217836F8210010403843CE
S315080081D0F0E7E069A8B1217836F82100430401D513
S315080081E0430603D444F2400318420AD136F8210064
S315080081F0104048F2C002104326F8210001E0C4F8F6
S315080082001880217836F821004BF68F72104080F4DA
S31508008210405040EA0A0026F82100002062E60021C4
S31508008220A0F844104BF68071A0F840100020704763
S315080082300148FBF7BDBE000000BE0020B0F84400B0
S31508008240704710B510445C0800F5806008D030F817
S31508008250022B01F8012B120A01F8012B641EF6D134
S31508008260DA0701D00088087010BD11B98021A0F87E
S315080082704C1000207047000010B55B1C10445B08CA
S3150800828000F580600AD000BF11F8012B11F8014BE8
S3150800829042EA042220F8022B5B1EF5D110BD00002D
S315080082A010B541F21E111048F8F779FB012021F0AC
S315080082B0A7FB0E4C606010B90DA00AF0FFFC012068
S315080082C021F09EFBA06010B90EA00AF0F7FC012071
S315080082D021F096FBE060002804D1BDE8104010A00C
S315080082E00AF0ECBC10BD0000D89F002068010020F1
S315080082F04D75746578206372656174652066616979
S315080083006C65640044617461206D757465782063DA
S315080083107265617465206661696C656400000000B9
S3150800832053656E642064617461206D757465782088
S31508008330637265617465206661696C656400000036
S3150800834010B540F20A511648F8F729FB14490020DF
S31508008350A1F80001A1F80201012021F051FB114CFE
S31508008360606068B103220021012021F05BFBA06058
S3150800837070B10023BDE810401A46194621F0DABB51
S31508008380502080F31188BFF34F8FBFF36F8FFEE73E
S31508008390502080F31188BFF34F8FBFF36F8FFEE72E
S315080083A08C9600205C010020FEE700001CB5002129
S315080083B00420CDE900010B46402208A10A4821F015
S315080083C0C3FE0A490128086006D009A00AF076FC0F
S315080083D0BDE81C40FAF72CBF1CBD0000576174634A
S315080083E068646F670000000031980208C002002028
S315080083F05761746368646F67207461736B20637276
S3150800840065617465204661696C65640003B401980A
S315080084104100009850EAC12018BF04204A0D18BF31
S3150800842040F0010040F2FF72B2EB515F08BF40F026
S315080084300200012808BF052002B07047002809DBA2
S3150800844000F01F02012191404009800000F1E02060
S31508008450C0F800117047002809DB00F01F0201214F
S3150800846091404009800000F1E020C0F800117047F3
S315080084700907090E002804DB00F1E02080F8001443
S31508008480704700F00F0000F1E02080F8141D7047D7
S315080084900907090E002804DB00F1E02080F8001423
S315080084A0704700F00F0000F1E02080F8141D7047B7
S315080084B00907090E002804DB00F1E02080F8001403
S315080084C0704700F00F0000F1E02080F8141D704797
S315080084D030B52DED048B81B0B0EE408AF0EE608A9F
S315080084E06A4651EC180B0AF017FC00989FED329B70
S315080084F07E300090002821DC53EC192B51EC180B28
S3150800850022F0B0F91AD0002140F608004FF000001A
S31508008510044651EC180B22F05FF908EE100A40F6F3
S31508008520080004EA00014FF00000B5EEC08AF1EE3B
S3150800853010FA04BF0220F8F7C3FA2DE00098FF28C6
S3150800854030DB002108464FF0000000F4400553ECEC
S31508008550192B51EC180B22F0FBFA8CBF00240124CE
S315080085600220F8F7ADFA9FED168A4DB1002C0CBF24
S315080085704FF400004FF48000A84218BF9FED118AFF
S31508008580042108464FF00000002C01BFB1EE480A4E
S3150800859001B0BDEC048B30BDB0EE480A01B0BDECAD
S315080085A0048B30BD51EC180B22F016F901B000EE21
S315080085B0100ABDEC048B30BD00000000000000006E
S315080085C00000807FFFFF7F7F30B540F2FF742DEDFE
S315080085D0048BF0EE608A18EE901A85B0B0EE408AE9
S315080085E09FED2B9B05468DED008B34EA115147D044
S315080085F053EC192B51EC180B22F034F940D02A46CB
S3150800860051EC180B22F08EFB41EC180B18EE900A71
S315080086108DED008B34EA10501CD053EC192B51EC1D
S31508008620180B22F01FF92BD10220F8F749FA00F0AF
S315080086300BF910EE901A18EE900A8DED020B8DEDDF
S31508008640008B61F31E0003909DED020B05B0BDEC97
S31508008650048B30BD0220F8F733FA00F0E5F810EE87
S31508008660901A18EE900A8DED020B8DED008B61F3D2
S315080086701E0003909DED020B05B0BDEC048B30BDCA
S3150800868005B0B0EE480AF0EE680ABDEC048B30BDC2
S31508008690000000000000000010EE100A10B50023CC
S315080086A0A0F50001B1F1FE4F67D200BF00F5002129
S315080086B06FF07E0202EBE15CC1F302524FF07E518D
S315080086C001EB025100EE901AA0EBCC5003EB0C0123
S315080086D000EE100A51EA020036D030EE601A70EE4B
S315080086E0200A9FED3D2A3E4881EE200A9FED3B1A5F
S315080086F060EE000A00EE821A60EE201A61EE810A28
S31508008700784401EE101A00EB82009FED362AB8EE87
S31508008710C11AD0ED001A344841EE021A784401EE27
S31508008720101A00EB8200B8EEC11A90ED002ADFEDB0
S315080087302F2A01EE222AB0EE001A72EE200A40EE27
S31508008740010A31EEA00A10BDF7EE000A9FED291ABC
S3150800875030EE600ADFED260A00EE201ADFED260A63
S3150800876060EE001A40EE010A9FED241A00EE201A68
S3150800877061EE810A30EE200A10BD4FF07F41B1EB61
S31508008780400F03D2BDE8104000F078B8B0F1FF4FB3
S3150800879008BF10BDB5EEC00AF1EE10FA06D20120E8
S315080087A0F8F78EF9BDE8104000F06CB8B5EEC00ACF
S315080087B0F1EE10FA07D10220F8F782F900F054F822
S315080087C0B1EE400A10BDDFED0E0A6FF0160320EE7B
S315080087D0200A10EE100A69E766F1CC3EAAAA2A3FDB
S315080087E0D41504000070313FD8150400F4FD05388F
S315080087F021ED423E0A1180BEC1ABAA3EFFFFFFBE75
S315080088000000004B08B59FED060A0A4601468DEDA5
S31508008810000A6846F8F742FD9DED000A08BD00000B
S3150800882000000000000000009FED050B10B553EC9A
S31508008830102B51EC100B22F08DF841EC100B10BDEB
S3150800884000000000000000709FED050B10B553EC0A
S31508008850102B51EC100B22F07DF841EC100B10BDDB
S315080088600000000000000010DFED030AB7EE001A52
S3150800887081EE200A704700000000000030EE000A72
S3150800888070470000DFED020A80EEA00A704700007C
S315080088900000000010B5044691ED000BFFF718FE26
S315080088A084ED000A10BD10B5044690ED000B08468D
S315080088B0FFF78AFE84ED000B10BD30380A2801D276
S315080088C0012070470020704710B54421074800F082
S315080088D097FD0022322106481AF0B2FB054CA0602B
S315080088E001F0A6FA0020207010BD00005C270120C8
S315080088F0E59E0008B00300202DE9F0470E468146A4
S3150800890017461146304600F01CF94FF0FF3A00288A
S315080089107DD000223946304600F0BFF800284FF0D7
S31508008920000075D1B6F90480B6F900305246A8EBB6
S315080089300301491C0AFA81F10FFA81FAB6F906C051
S31508008940B6F90210ACEB010C0CF1010C02FA8CF230
S31508008950B7F802C012B2ACEB010C0FFA8CFCBCF1F2
S31508008960000F0EDD63F30F0468F30F0501EB0C002F
S3150800897061F31F4460F31F45C9F800400120C9F898
S315080089800450B7F906107388CB1AD21A12B2002A05
S3150800899013DDB6F9063099420FDA338863F30F040C
S315080089A0B38861F31F4463F30F05114461F31F4550
S315080089B009EBC001401C0C604D60B7F90220B6F9FE
S315080089C002108A4200DD1146B7F90630B6F90620CC
S315080089D0934200DA1A463B88B6F900C0521AA3EB4E
S315080089E00C031BB212B2002B10DD002A0EDD634405
S315080089F063F30F058B1863F31F456CF30F0409EB3C
S31508008A00C00361F31F441C605D60401C01E01AE06E
S31508008A1017E0B7F9043036889F1BAAEB070636B26B
S31508008A20002E0EDD63F30F0461F31F44334463F332
S31508008A300F05114461F31F4509EBC001401C0C608A
S31508008A404D60BDE8F0875046FBE770B5B1F90030D8
S31508008A50B2F90040A34200DC23460380B1F9025074
S31508008A60B2F90240A54200DD2C464480B1F9046003
S31508008A70B2F90450AE4200DA35468580B1F90610DF
S31508008A80B2F90620914200DB1146C1800120AB42B3
S31508008A9001DC8C4200DD002070BDF8B50D460446A9
S31508008AA0B0F90000B1F900101646884247DBB4F960
S31508008AB00210B5F90220914241DBB4F90410B5F968
S31508008AC0042091423BDCB4F90610B5F90620914220
S31508008AD035DC96B3ADF800006088ADF80200324682
S31508008AE06946284600F099F8002827D0A088ADF8EE
S31508008AF000006088ADF8020032466946284600F054
S31508008B008CF800281AD02088ADF80000E088ADF867
S31508008B10020032466946284600F07FF800280DD044
S31508008B20A088ADF80000E088ADF802003246694634
S31508008B30284600F072F8002800D00120F8BD002071
S31508008B40F8BDB0F90020B1F904309A4213DCB0F947
S31508008B500420B1F900309A420DDBB0F90220B1F9D0
S31508008B6006309A4207DCB0F90600B1F902108842CD
S31508008B7001DB0120704700207047F8B50D46044612
S31508008B80B0F90400B1F900101646884243DBB4F97F
S31508008B900600B5F9021088423DDBB4F90000B5F9C4
S31508008BA00410884237DCB4F90210B5F90620914260
S31508008BB031DC76B3ADF800006088ADF802003246C5
S31508008BC06946284600F029F818BBA088ADF80000C9
S31508008BD06088ADF8020032466946284600F01DF85E
S31508008BE0B8B92088ADF80000E088ADF80200324632
S31508008BF06946284600F011F858B9A088ADF8000073
S31508008C00E088ADF8020032466946284600F005F8C5
S31508008C1008B10020F8BD0120F8BD2DE9FC41144635
S31508008C200E46B1F90020B0F9001005468A423ADB33
S31508008C30B5F90400824236DCB6F90270B5F90220AD
S31508008C40974230DBB5F906309F422CDC002C75DDE7
S31508008C50401A9A1A401C521C00B212B200EBD0708D
S31508008C6002EBD27240105210904200DB104684424A
S31508008C7000DD0446ADF80010288800222044ADF82F
S31508008C8004006888ADF80200688831462044ADF8CB
S31508008C9006006846FFF7C1FF40B1BDF8040020444E
S31508008CA0ADF804003FE00020BDE8FC81E88800221A
S31508008CB0001BADF80200E888ADF8060031466846A4
S31508008CC0FFF7ABFF28B1BDF804002044ADF8040057
S31508008CD011E0A8880022001BADF80000A888ADF8AE
S31508008CE0040031466846FFF798FF50B1BDF800000A
S31508008CF0001BADF80000BDF80200001BADF802002D
S31508008D0016E06888ADF80200688800222044ADF8AD
S31508008D10060031466846FFF780FF70B1BDF80000CF
S31508008D20001BADF80000BDF806002044ADF80600AB
S31508008D303146684618F0C8F9B6E7FFE70120B3E7F9
S31508008D4010B5B1F90040B2F900309C4200DA23466A
S31508008D500380B1F90240B2F902309C4200DA234698
S31508008D604380B1F90440B2F904309C4200DD234641
S31508008D708380B1F90610B2F90620914200DC11464B
S31508008D80C18010BD2DE9FC4105461AF056F90026AA
S31508008D907D4C074600960DB1E86801E00EF0D4F860
S31508008DA06060006918F08CF86068406908B118F0CE
S31508008DB087F86068C06918F083F86068006A18F078
S31508008DC07FF86068016991B118F0FCF91CF070FB36
S31508008DD01CF0DCF86068B0F85011E1B30068017C5B
S31508008DE0C9071ED0C0684068D8B1002514E0A0F8AD
S31508008DF05061BDE8FC81411991F8301151B900F56F
S31508008E00AC7000F054FB616801EBC5010A6B0260A7
S31508008E10496B41606D1CADB26068B0F85011A9424B
S31508008E20E9D860684FF48071303014F059F86068FA
S31508008E30202100F5987014F053F86068A0F8506186
S31508008E4038461AF0F4F8009060680068436A13B16F
S31508008E5022680099984713F0C1FE00F0CFF800F099
S31508008E60A1F84A4D6F69EFBB0EF06EF80EF09AF84E
S31508008E7012F07AFE074600227F2117F0CDFE002267
S31508008E80114610460DF0ADFD0190BDF80410002204
S31508008E90384617F0A6FEFF22114610460DF0A1FD32
S31508008EA00190BDF804100022384617F063FF00222F
S31508008EB00321384617F02AFF00220321384617F007
S31508008EC016FF00220321384617F016FF0022032159
S31508008ED0384617F016FF00220321384617F045FFDB
S31508008EE02BA100E009E0384613F0C4FC00231A461B
S31508008EF00621384614F03EF96F6128681AF097F88B
S31508008F00B0F5967F0DD2206841F2883188427FF607
S31508008F1070AF6868009908446860A868401CA86033
S31508008F2067E71AF08AF828606068406828B1006820
S31508008F304FF47A71B1FBF0F000E01420696809B9C2
S31508008F4001216960A968E1B14FF47A7251436A68F0
S31508008F50B1FBF2F46E60AE60844200D9044628691B
S31508008F6020442861E868401CE8601AF09DF8C0F1C2
S31508008F70640302B022463846BDE8F04105A113F065
S31508008F80B2BC0446E6E70000FC020020C825012022
S31508008F903F0000002575204650530A2575252520D3
S31508008FA04350550070B50A4D002400BFC4EBC406F3
S31508008FB055F8260008B113F085FE05EB86001C213E
S31508008FC013F08EFF641CE4B2022CEFD370BD0000D0
S31508008FD0CC270120084949680AE04A68824202D03B
S31508008FE00A68824203D10A7E42F001020A7649697A
S31508008FF00029F2D170470000D00200207047000017
S315080090000421014800F0FCB950270120202101481D
S3150800901000F0F6B9682701202DE9FF410446DDE98D
S315080090200A671D004FF0000002D1B6F5807F2BD0ED
S31508009030039001900290ADF80C100090ADF8041062
S31508009040ADF80A20ADF80E203B463246294668465A
S3150800905017F09AFF3B463246294601A817F094FFB7
S315080090603B463246294602A817F08EFF3B46324653
S31508009070294603A817F088FFBDF90000BDF904309A
S31508009080984209DA054608E02080491E6080A180DA
S31508009090521EE280BDE8FF811D46BDF90820BDF9D4
S315080090A00C108A4201DA164600E00E46B54203DA8B
S315080090B0984206DB184604E08A4201DA104600E0C8
S315080090C00846801E2080BDF90030BDF90420934271
S315080090D001DD1D4600E01546BDF90800BDF90C1076
S315080090E0884201DD064600E00E46B54205DD93429C
S315080090F001DD194604E0114602E0884200DD01461A
S31508009100891CA180BDF90230BDF90620934201DA17
S315080091101D4600E01546BDF90A00BDF90E10884245
S3150800912001DA064600E00E46B54205DA934201DA50
S31508009130194604E0114602E0884200DA0146891E13
S315080091406180BDF90230BDF90620934201DD1D4656
S3150800915000E01546BDF90A00BDF90E10884201DD8A
S31508009160064600E00E46B54205DD934201DD194686
S3150800917004E0114602E0884200DD0146891CE180D0
S3150800918088E700002DE9F047404E88469146318829
S31508009190824621B13E483F4C056800200FE000207A
S315080091A0BDE8F08700EB400202EBC00205EB820344
S315080091B09A6AA24201DD521E9A62401C80B2884217
S315080091C0F0D300241FFA88F728E000BF04EB440018
S315080091D000EBC40005EB800001898F421CD1C268F0
S315080091E04A4519D14168504611F02EFCA0B104EB4E
S315080091F0440000EBC40005EB8000C269816A114493
S315080092004FF47A728162914200DD82620028C7D1EA
S315080092102C460120328812E0641CA4B230888442AD
S31508009220D4D3F5E700EB400101EBC00105EB810162
S31508009230A66A8B6AB34200DA0C46401C80B290429A
S31508009240F0D3606810B1204611F0C5FF19F0F5FE9D
S3150800925005464B4642465146204612F00BF820B1C9
S315080092600020A062E06940B10EE02C21204613F0F0
S3150800927037FE4FF00040A06291E7284619F0D7FE66
S31508009280E06108B90120E061204689E7040300206F
S31508009290CC0300200100008010B51421074800F017
S315080092A0AFF811F0ABFF002807D005490160054962
S315080092B04160054981600549C16010BD74270120D8
S315080092C0D1AB01084DAF01081DB101089DAB0108DE
S315080092D07FB50E46040003D10DF036FE04002CD0EF
S315080092E00DF0A6FE002828D094F82800400724D4BC
S315080092F0002506B3ADF80050ADF8025020460DF033
S315080093003BFE401EADF8040020460DF07BFE401ED5
S31508009310ADF806006A46314602A8FFF796FB002814
S315080093200BD02068017C890708D5DDE90001C4E96E
S315080093300C01012029E0A4F850517FBD82690AB1C9
S3150800934002A9904700260AE004EBC601002202A8FB
S315080093503031FFF7A2FB0028EFD1761CB6B2B4F87D
S315080093605001B042F0D880B2202804D204EBC000E5
S3150800937002A9303004E0A4F8505104F130006946DF
S315080093800CF020F9B4F85001401CA4F850016068AC
S315080093900028D2D019F036FF7FBD70B5054600F01B
S315080093A012F804460CE02146284600F01EF8064648
S315080093B02146284600F0A2F8204613F083FC3446DE
S315080093C0002CF0D170BD002800D04068704700B569
S315080093D003460022FFF7F7FF03E01846521C00F089
S315080093E004F80100F9D1104600BD0068091D40586F
S315080093F07047006840587047002800D0806870475A
S3150800940000224260C91C21F0030182600160704796
S3150800941070B504460068083013F0C8FB050013D081
S315080094200146002220461AF091FD29462046626828
S315080094301AF086FD616819B12A4620461AF086FD9B
S315080094406560A06800B9A560284670BD2DE9F041A1
S315080094500C4606000AD04CB1FFF7B5FFA04208D16A
S315080094603046FFF7D5FF051E01D01EE00020BDE8F7
S31508009470F0813068083013F099FB051EF7D0306884
S315080094802A460759304639461AF05AFD3A462946B9
S3150800949030461AF05BFD2A46214630461AF056FD3C
S315080094A02246294630461AF04BFD2846DFE770B5B6
S315080094B004460068083013F079FB050013D001460E
S315080094C0002220461AF03CFD29462046A2681AF0DA
S315080094D03DFDA16819B12A4620461AF031FDA5605E
S315080094E0606800B96560284670BD28B1416809B949
S315080094F0806808B1002070470120704770B50400E5
S315080095000DD0FFF760FF00228842204608D1FFF7FA
S315080095106CFF6060011E01D000221EE0A26070BDD3
S31508009520FFF76AFF8842206808440AD10168A160EB
S3150800953029B12046BDE8704000221AF001BD6260DC
S3150800954070BD05682046FFF750FF064602462946C5
S3150800955020461AF0F5FC2A4631462046BDE87040FA
S315080095601AF0F4BC10B50446006882680AB12146B0
S31508009570904720680068002801D02060F5E710BDF4
S315080095808068002801D0B0F9160070478068002866
S3150800959001D0807E8009704770B5164605460C4690
S315080095A051EA06001AD0284613F05EFFA868012380
S315080095B03246018A21440182A868418A314441829F
S315080095C02146284616F048FA00220B21284610F0B4
S315080095D043FD012803D1284616F098F9012070BDED
S315080095E077B581B00E46050017D0622215F0EAFC61
S315080095F0040012D0206880B128463146632215F04F
S31508009600E1FC10F0FF0208D023682046039998472A
S315080096100090BDF80000ADF80C00039804B070BDCA
S315080096202DE9F047074692B0408C1A9E40F0080094
S31508009630788490463A8499468A463289384615F09F
S31508009640C1FC0546A7F8209032895146384615F0E0
S31508009650B9FC0446788CA54220F00800788403D12A
S315080096602904B1EB044F68D0A7F820803289514607
S31508009670384615F0A7FC05468046A7F820905146BF
S3150800968038460AF0C9F9318900682A4618F01CFEDE
S3150800969030890B2823D147F6FF794D4501D04C4533
S315080096A01DD1384615F046FE00EBD07045103846F9
S315080096B014F097FD00EBD0704010C84506D1691C20
S315080096C0431C994200DA00E0194688464C4506D103
S315080096D0691C421C914201DA6C1C00E014461848C9
S315080096E0FFF796FE050028D02F60C5E90384308968
S315080096F0A8806846C5F808A00BF068FA1148FF214B
S31508009700CDE90050104802901048039000200890B8
S31508009710CDE9090130880B9070889DF842104042C7
S315080097200C90F0680790002060F300018DF8421055
S315080097303069069068460BF0A7FA12B0BDE8F087C4
S3150800974080270120C9890208C98B0208258B0208CF
S3150800975014210148FFF754BE802701202DE9F84F50
S3150800976000259046894606462C460427E5E000BFB4
S31508009770F16807EBC400085882017AD480B230EA4F
S31508009780090211D05FF0000230EA08000ED000206E
S3150800979082426ED051F834A06A461021504618F01D
S315080097A02CFB002871D103E00122EDE70120EFE749
S315080097B06A461121504618F020FB002865D16A46F2
S315080097C01221504618F019FB00285ED16A4613216B
S315080097D0504618F012FB002857D16A461521504604
S315080097E018F00BFB002850D16A461421504618F091
S315080097F004FBE8BB6A460A21504618F0FEFAB8BBD5
S315080098006A466B21504618F0F8FA88BB6A466C21FE
S31508009810504618F0F2FA58BB6A460121504618F02D
S31508009820ECFA28BB6A460421504618F0E6FAF8B95D
S315080098306A460221504618F0E0FAC8B96A4603217A
S31508009840504618F0DAFA98B96A460521504618F0D3
S31508009850D4FA68B96A460621504618F0CEFA38B9DD
S315080098606A463221504618F0C8FA08B96A4601E035
S315080098700BE061E06E21504618F0BFFA28B96A4637
S315080098806D21504618F0B9FA10B10320BDE8F88FDB
S315080098906A466921504618F0B0FAE8BB6A466A215A
S315080098A0504618F0AAFAB8BB6A466E21504618F018
S315080098B0A4FA88BB6A466D21504618F09EFA58BB32
S315080098C06A463721504618F098FA28BB6A46382166
S315080098D0504618F092FAF8B96A463521504618F0FB
S315080098E08CFAC8B96A464021504618F086FA98B9E3
S315080098F06A464521504618F080FA68B96A464121F9
S31508009900504618F07AFA38B96A464221504618F095
S3150800991074FA08B96A4600E00AE04321504618F08E
S315080099206CFA28B96A464921504618F066FA08B111
S31508009930022501E005B90125641C708CC0F30510E9
S31508009940A0423FF615AF2846A0E700000148406848
S3150800995070470000FC0200200448002141600161B4
S31508009960C16081600160416170470000C82501201F
S31508009970C0F30410072800D907207047A0F57F41D7
S31508009980FF3905D0002804D0712803D208490AE017
S315080099901F2070470749713880B2096829B1064AFD
S315080099A05268904201D2085C704700207047000058
S315080099B0AC9A0408E0030020F403002010B518212F
S315080099C00348FFF71DFD03490120087010BD00007C
S315080099D02C270120FC0300202DE9F04190460C4677
S315080099E0050015D0F6F7F2FE0A4F06462146BA6874
S315080099F0284690470446BA682819414690470146C2
S31508009A00701A03E06218AA5C2A55641CA042F9D2AF
S31508009A10BDE8F081100400202DE9F041094D90467B
S31508009A200E466A681C46074619469047306020B1BC
S31508009A3020686A68384400219047C8F80000BDE8E5
S31508009A40F0810000100400202DE9F04F87B08A4607
S31508009A50DDE910581F4693460446002105B12980C2
S31508009A605CB12078002809D0BAF1000F05D000268D
S31508009A7018F0060F15D0002004E0002007B0BDE856
S31508009A80F08F401C215C0A2904D00D2902D0002938
S31508009A90F7D100E0401C002DF0D04FF0FF312980AF
S31508009AA0ECE75FEA887001D541F6FF7789460846F4
S31508009AB08DF81410049127E00498CDF8189068B32F
S31508009AC04FF0000C05AA06ABCDF80CC0CDF8008007
S31508009AD0CDE9013220443B465A46514619F0CEFCA0
S31508009AE006997A1A314417B20EB288B1049901441C
S31508009AF0049120780A280BD00D2809D0605C0A2822
S31508009B000FD00D280DD00846205C08B1002FD3DCF5
S31508009B10049848B105B12E800498AFE74FF0010CC0
S31508009B20D0E7481C0490F3E7064A04A92046526881
S31508009B309047002DF0D001460022504610F0A0FBB9
S31508009B4006B2E8E7100400202DE9F04117468846DA
S31508009B5006001ED0002F1CD0F6F738FE04463846FD
S31508009B60F6F734FE050014D00B4A2C444146926899
S31508009B7030469047411903E0621BB25C3255641EB9
S31508009B80A142F9D930442A463946BDE8F04113F0D6
S31508009B9069B9BDE8F08100001004002000230278AE
S31508009BA0232902D0012A0DD00FE02AB10021012A6B
S31508009BB004D0022A04D008E0012101E0017004E083
S31508009BC0017001E0202902D00123184670470221BE
S31508009BD0F6E72DE9F0410E46804602460021334657
S31508009BE00846F6F73FFC04460027401C12F0DEFF45
S31508009BF0050008D02F5533464246611CF6F732FC5D
S31508009C002846BDE8F0810020FBE700002DE9F04773
S31508009C101E4614460D468246DDF8209015E000BF24
S31508009C204FEA540808FB0657394650464A469047B5
S31508009C30002808DD44F30000C0EB540407EB0605D2
S31508009C40A4F1010401E005DA4446002CE8D12046D7
S31508009C50BDE8F0873846FBE710B502004FF0000074
S31508009C600CD04B1E194200D0FEE70A44521E9A43F6
S31508009C70B2F5004F02D20C2A01D9104610BD0C20AD
S31508009C8010BD08444A1E401E9043114200D0FEE70C
S31508009C90704700002DE9F0410F46012100250446D2
S31508009CA041862E460BE01949F6F7C2FE10B16D1C27
S31508009CB0ADB202E0608E401C6086761CB6B257F8DC
S31508009CC0260010B101780029EDD1208EA8421AD0BD
S31508009CD0A06A002610B112F0F5FFA662E06A10B17C
S31508009CE012F0F0FFE662E80012F060FFA06268007A
S31508009CF012F05CFFE062A16A01B100B900256900B3
S31508009D0013F0EEF82586BDE8F08100000060010832
S31508009D102DE9F84F8146407A0F4600F007000228E1
S31508009D2019D010468046974200DD3A46164603206B
S31508009D302A4C2B4A00EB460020F00305A068116860
S31508009D401035411A636805EB010C9C4505D241683C
S31508009D5021F0004125E00846E4E79D4219D89246DD
S31508009D604FF0FF3B48196168884210D900226946BE
S31508009D701C48CDF800B00AF07FFB002269461A4855
S31508009D800AF07AFBA168DAF80000091AEAE7A0687F
S31508009D90DDE7284612F00AFF002816D0416841F090
S31508009DA0004188EA6702416089EA02010160416868
S31508009DB001F04041491C31F0804141608681A0F89C
S31508009DC00E8004D500F110018160BDE8F88FA16806
S31508009DD001F1100229448260A160F6E70803002019
S31508009DE0DC030020A9260108D944010800B591B072
S31508009DF068460AF0EBFE0B485A21806900907820E5
S31508009E000890CDE909014FF4FA700B9006480790BF
S31508009E10064801900020039068460AF035FF11B005
S31508009E2000BD00007C000020014C0108FF0D02085F
S31508009E3010B5084C012020700748FFF7C4FA00281F
S31508009E40A06803D0BDE8104019F0DCB9BDE81040A1
S31508009E5019F0CCB9B00300205C27012010B50446E0
S31508009E6090F84200A16B820709D4B4F840204AB1A1
S31508009E70A2F57F43FF3B1BD0521EA4F84020B4F83E
S31508009E804020AAB909B1820712D521461448FFF71E
S31508009E9035FBFFF7CDFFE16809B120468847216900
S31508009EA009B1204688472046BDE8104012F00ABF8F
S31508009EB0E26B52422263002911D0820702D4626BF8
S31508009EC0524222634210521C62F3410084F8420057
S31508009ED0A26A206A2262A062E06AE162A06310BDFB
S31508009EE05C27012070B5304D686819F0A0F8064661
S31508009EF0687880F00100687047E00020287094F8C0
S31508009F0042006978C0F380028A4242D061F3820037
S31508009F1084F84200216B8A19030719D4002917DC33
S31508009F20002A15DBC00709D1616939B1204688477F
S31508009F30216A01442162A16A0844A062A16809B1A4
S31508009F402046884794F8420040F0080084F842000A
S31508009F50206B8019206316D4E16A884200DD2163EC
S31508009F60E169204688470146606A884204D06162F2
S31508009F7062680AB120689047D4E90B01814202DB86
S31508009F802046FFF76BFF287818B10848FFF71BFA39
S31508009F9003E021460548FFF728FA0400ADD119F079
S31508009FA04CF8686070BD0000B00300205C270120F3
S31508009FB000B591B068460AF009FE0B48C121406910
S31508009FC00090F0200890CDE909014FF4FA700B9043
S31508009FD006480790064801900648039068460AF026
S31508009FE053FE11B000BD00007C000020014C0108A2
S31508009FF02B0E0208ED9D000870B5044640680D4614
S3150800A00008B1FFF7F9FF2268002A04D0294620463E
S3150800A010BDE87040104770BD2DE9FF4F99B09846CE
S3150800A020DDE926B12D9816468A464FF00009042820
S3150800A03011D0052811D0062812D0142870D101276E
S3150800A0400225002418FB06F00E901A98401E0D9063
S3150800A050701E069051E10027F2E701270325F0E775
S3150800A06001270225FFF772FC0068D0F83890E8E768
S3150800A070289860430BEB2022299860430AEB20219D
S3150800A08010124FEA212E7DD41A9B98427ADABEF135
S3150800A090000F77DBB64575DAD2B2CBB2802A05DA7D
S3150800A0A0C2F17F024FF0FF31520003E00121520056
S3150800A0B0A2F580720992802B05DAC3F17F034FF06F
S3150800A0C0FF325B0003E001225B00A3F580730A936D
S3150800A0D00EFB080C199B0CFB0533079343181193C9
S3150800A0E072D4DDF834C063456EDC1EEB02036BD414
S3150800A0F0DDF818C0634567DCDDF81CC011FB05C137
S3150800A100CDE915C112FB08F101FB05C10C91D7B3C6
S3150800A1102D99052905D014290BD0062955D066E0B6
S3150800A120EFE01598807807900C98817816988078D3
S3150800A13010E0199A0E990EFB08FC02EB41010A1869
S3150800A1400EFB08111CF802000790119803FB08F390
S3150800A150085C995C079A91420AD00A9A11FB02F2A6
S3150800A1600A99C1F58073079911FB0321C1F30721E9
S3150800A170079A90420DD0099A10FB02F20998C0F589
S3150800A180807301E02FE035E0079810FB0320C0F349
S3150800A190072008442C994008085527D015980178B7
S3150800A1A0407801EB0020ADF80C000C980178407857
S3150800A1B001EB0020ADF8100016980178407801EB05
S3150800A1C00020ADF8080023E04CE0159801881FFA36
S3150800A1D089F0814207D00C990988814203D01699E3
S3150800A1E00988814203D12C990020085583E0FF2174
S3150800A1F00846CEE715980088ADF80C001698008832
S3150800A200ADF808000888ADF810002C98FF21015514
S3150800A210BDF80C00BDF81010884209D1BDF8081029
S3150800A220884205D12B98BDF80C1000EB440017E0C6
S3150800A2300A98C2B2DDE903100CF0A8FC049009984C
S3150800A240C2B2DDE902010CF0A1FC7F22029004995A
S3150800A2500CF09CFC00902B98BDF8001000EB440015
S3150800A260018048E0079B93F800C05B780CEB03235A
S3150800A270DDF8ACC09BB22CF81430DDF8B4C0BCF1E4
S3150800A280050F06D0BCF1060F06D0BCF1140F09D194
S3150800A2900AE0079B9B780FE01FFA89FC634501D10A
S3150800A2A0002309E0FF2307E0199B0EFB083C0E9BE1
S3150800A2B000EB43031CF8033008B9002905DBDDF879
S3150800A2C034C0604503D1002901DD09980AE0BEF1D2
S3150800A2D0000F01D1002A04DB06998E4508D1002A11
S3150800A2E006DD0A98C0F1FF0010FB03F0010A00E042
S3150800A2F000212C980155641C24B22A988442FFF642
S3150800A300B7AE1DB0BDE8F08F10B5818F92B0044688
S3150800A310A9B168460AF05AFC0B480121CDE900406C
S3150800A320A08F0B9000200890CDE9090107480790F7
S3150800A3300748039068460AF0A7FC12B010BD12B091
S3150800A340BDE810401AF05CBB794A0208594C01086E
S3150800A3507B4A020810B50446406882080AD0496854
S3150800A36021F00301091D08446060204600F042F808
S3150800A370204610BDFEE74068103120F003008842F1
S3150800A38001D301207047002070472DE9FC47054698
S3150800A39048680C4620F0030001AA694619F092FDA8
S3150800A3A0DDE9007005EBC71101EB80098046D9F895
S3150800A3B0380060B164B1C4E9020504F10806C46056
S3150800A3C030460421FFF75DFC864202D0FEE7FEE731
S3150800A3D0FEE7C9F838400120296900FA07F2114357
S3150800A3E0296105EB870100FA08F04A6902434A61C8
S3150800A3F0BDE8FC8710B5044600F087F8046010BD78
S3150800A4002DE9FC4706464FF000000D000090074670
S3150800A410019042D00C46E9460DF10408802907D37D
S3150800A42008461EF0C9FA411F01208840401E044410
S3150800A43042464946204619F045FD009C092C2CDA6F
S3150800A44006EB8400019A40694FF0FF3101FA02F2E7
S3150800A45010400CD1641C3069A14008401DD01EF084
S3150800A460A3FA0446009006EB8000406978B11EF016
S3150800A4709BFA034606EBC411019001EB8000876B3B
S3150800A4805FB1786820F00300A84201D2FEE7FEE734
S3150800A49039463046009A1BF059F93846BDE8FC871C
S3150800A4A010B50446FFF7A6FF416841F00201416076
S3150800A4B0606840F00100606010BD10B5044600F009
S3150800A4C024F8416821F002014160606820F001002B
S3150800A4D0606010BD70B506460D46084600F015F8D2
S3150800A4E0040010D02079C0070BD0686880080BD00C
S3150800A4F02146304600F03CF821462846FFF72AFF59
S3150800A5000546284670BDFEE7FEE7426800F10801E9
S3150800A51022F00300001F0844910800D1FEE77047A7
S3150800A52070B506460C004FF000001ED0F2B1207937
S3150800A5301546C0071BD011462046FFF71CFF78B109
S3150800A5402946204600F025F805462046FFF752FF23
S3150800A5506868294640F0020068603046FFF715FF34
S3150800A5602046FFF7AAFF04F1080070BDFEE7FEE7E4
S3150800A5707CB5054648680C4620F0030001AA6946E2
S3150800A58019F0A0FCDDE90023214628461BF0DEF879
S3150800A5907CBD2DE9F0410D46044600F10801281F4F
S3150800A5A00E18606806F1080720F00300401BA0F1AA
S3150800A5B0040838460421FFF764FB874200D0FEE70B
S3150800A5C0606820F0030108EB0500001D814200D0F9
S3150800A5D0FEE7307900F0030040EA0800706020F0DA
S3150800A5E003000C2800D2FEE7207900F00300284378
S3150800A5F060603046FFF754FF3046BDE8F08138B555
S3150800A600044611F087F9054611F0B9F900282046E5
S3150800A61005D0218FE18615F079F9012038BD0FF0B4
S3150800A62031FB002820461ED00FF00EFA218FE08E4F
S3150800A63081420CD02087E08E00906A461C21204675
S3150800A6400FF00AFD0128E9D1204615F05FF92846E2
S3150800A65011F0A1F90428E0D1204613F0BDFD002130
S3150800A66010F0A0F9D9E70FF069FBD6E72DE9F04F0E
S3150800A6700D4687B00446002113F0E2FC60B3294674
S3150800A680204600F061FA2946204600F06FF80021BE
S3150800A690204614F0BFFB05900021204614F044FC28
S3150800A6A004900021204614F098FA012800D00020D2
S3150800A6B080460021204614F06CFD074600212046FE
S3150800A6C014F000FB42F2D17906464F450BD1608C57
S3150800A6D0000508D4012707E007B02846BDE8F04F73
S3150800A6E01C2112F0FDBB0027204613F027FDDFF8DA
S3150800A6F078A0834620460021BAF8042014F062FCAC
S3150800A700D5F810C0AB682968CDF800C0CDF80C8024
S3150800A710CDE90131C2B239465846059B09F034FAEB
S3150800A72028834E4504D1608C400501D4012600E0FB
S3150800A7300026204613F0E8FC074620460021BAF812
S3150800A740082014F03FFCC2B2686900246B68E96807
S3150800A7508DE81B0031463846049B09F015FA6883D4
S3150800A76007B0BDE8F08F0000280300202DE9F34F5D
S3150800A77081B00C46019808F0D5FC0646019813F0FE
S3150800A780DDFC8246304600F0B3FF2061400012F03F
S3150800A7903BFA20602069400012F036FA002541F69F
S3150800A7A09A79A0603AE036F91510DFF82081494514
S3150800A7B033D10027DFF818B11FE03946019813F0A6
S3150800A7C03FFC5946009014F0E9FDA8B9009808F036
S3150800A7D0BBFC012810D1009808F0ACFCA8420BD1AC
S3150800A7E0009814F0A7FD4146404501DA084602E004
S3150800A7F0009814F09FFD80467F1C019813F032FCE8
S3150800A800B842DAD8B8F1000F03DBA16821F8158041
S3150800A81003E0A168002021F815006D1C2069A842F4
S3150800A820C1D800252F46284641F69B784B4615E0A9
S3150800A83036F91010414504DB0D44A5F5F8559B3D46
S3150800A8400BE0994204D1A16831F81010394403E0AD
S3150800A850A26822F8101039440FB2401C21698142BF
S3150800A860E6D80021019814F0D5FA2169C1F1010250
S3150800A87000FB02A0C01B00B2002800DA002000225C
S3150800A8804FF0FF331146C44611E000BF36F9117088
S3150800A89067450BDBA7F5F8579B3F3AB210FB02F367
S3150800A8A0B3FBF5F3A76827F811300B46491C27694F
S3150800A8B08F42EBD8002B07DBA91A4143B1FBF5F110
S3150800A8C0401AA16821F81300BDE8FE8F01E0FFFFDA
S3150800A8D0010006002DE9F14F00221146009815F0F7
S3150800A8E0A5FF0021009814F0ABF904460021009852
S3150800A8F014F026FB20440FFA80F90021009814F082
S3150800A9004DFA20440FFA80F8009814F021F900EB6C
S3150800A910090101EB0800DFF898A006B25446009832
S3150800A92013F0A0FB074600252AE000982149806815
S3150800A930006850F82500834614F030FDF8B95846EB
S3150800A94015F03CF840BB0021584614F025F918B319
S3150800A950012821D002281FD003281DD000215846DF
S3150800A96014F02FFC58B9BBF81A10BBF81600081AD1
S3150800A970401C00B24844A04200DB044624B26D1CC9
S3150800A980BD42D2D3544504D004EB080000B2B0420D
S3150800A99000DC3046BDE8F88F0098BBF91A10B0F90C
S3150800A9A01600081A411CA142E8DB0C46E6E700003F
S3150800A9B001E0FFFF010004002DE9F84F0022804660
S3150800A9C0114615F01DFF0021404614F039F90446DA
S3150800A9D00021404614F06CFA20440FFA80FA002150
S3150800A9E0404614F029FA20440FFA80F9404614F03C
S3150800A9F0BDF800EB090101EB0A00DFF844B105B226
S3150800AA005C46404613F02EFB07460021404614F0EC
S3150800AA10D2F801284FF0000644D078E0D8F80800AC
S3150800AA204849006850F82600009014F0B7FCC0BBEF
S3150800AA30009814F0C3FF50B10098B8F91810B0F98F
S3150800AA401400091A481CA0422ADB4C1C28E00021E5
S3150800AA50009814F0A1F858B1032809D0062807D0A1
S3150800AA60082805D00021009814F0A5FB58B118E075
S3150800AA700098B8F91810B0F91400081A411CA14238
S3150800AA800EDB0C460CE00098143000900AF014FE19
S3150800AA905044A04204DB00980AF00EFE00EB0A04BC
S3150800AAA024B2761CBE42B9D35C453BD004EB090000
S3150800AAB033E000BFD8F808002249006850F826009D
S3150800AAC0009014F06BFC08BB009814F077FF60BB8D
S3150800AAD00021009814F060F838B3012825D004281E
S3150800AAE023D0072821D00021009814F06AFB68B902
S3150800AAF00098143000900AF0DFFD4844A04204DBB9
S3150800AB0000980AF0D9FD00EB090424B2761CBE426F
S3150800AB10D0D35C4506D004EB0A0000B2584501D0F4
S3150800AB20A84200DC2846BDE8F88F0098B0F918104E
S3150800AB30B8F91400091A481CA042E6DB4C1CE4E7E5
S3150800AB4001E0FFFF010004002DE9F84F0C4683469B
S3150800AB5008F05AFE064600F0CBFD6061400012F090
S3150800AB6053F860606069400012F04EF8002541F61F
S3150800AB709A79E0603AE036F91500DFF82881484509
S3150800AB8033D10027DFF820A11FE03946584613F0D5
S3150800AB9057FA5146009014F001FCA8B9009808F03D
S3150800ABA0BFFE012810D1009808F0B0FEA8420BD1CC
S3150800ABB0009813F016FB4146404501DA084602E0C4
S3150800ABC0009813F00EFB80467F1C584613F04AFA8D
S3150800ABD0B842DAD8B8F1000F03DBE16821F815802E
S3150800ABE003E0E168002021F815006D1C6069A842A1
S3150800ABF0C1D800252F46284641F69B784B4615E0D6
S3150800AC0036F91010414504DB0D44A5F5F8559B3D72
S3150800AC100BE0994204D1E16831F81010394403E099
S3150800AC20E26822F8101039440FB2401C616981426B
S3150800AC30E6D80021584614F077F98146584613F0AD
S3150800AC4063FA01466069C0F1010209FB0210C01BE4
S3150800AC5000B2002800DA002000224FF0FF33114628
S3150800AC60C44610E036F9117067450BDBA7F5F857AF
S3150800AC709B3F3AB210FB02F3B3FBF5F3E76827F8FC
S3150800AC8011300B46491C67698F42EBD8002B07DB4E
S3150800AC90A91A4143B1FBF5F1401AE16821F81300FE
S3150800ACA0BDE8F88F01E0FFFF010006001CB50B8820
S3150800ACB004892344ADF800304B8844892344ADF811
S3150800ACC002308B8804892344ADF80430C988438947
S3150800ACD01944ADF806104369694698471CBD00003B
S3150800ACE02DE9FF4F89B0C8781A9CC0070D46002881
S3150800ACF001D0F84800E0F848069001D0F74800E08F
S3150800AD00F748049001D1F54800E0F5484FF01003E4
S3150800AD104FF00C0E4FF0080BCDF814006188A2888E
S3150800AD204FF0000AA1EB0201504609B25246D4F888
S3150800AD3010C00FE002EB8207E66803EB870816F8F7
S3150800AD4008805FEAC87809D00BEB8707F65B891B92
S3150800AD5009B2521C9445EDD8002254E00EEB870741
S3150800AD60F65B304400B2F4E7E66802EB820703EBD1
S3150800AD70870CB146CDF820C016F80C60F60741D10D
S3150800AD80002872D091FBF0F80EEB8706079639F883
S3150800AD90066006FB08F60FFA86FCCDF800C04FF0F1
S3150800ADA0060C0CEB870C042639F90C8006EB870693
S3150800ADB0DDF800C039F90660E04500DCC4466645A2
S3150800ADC004DC009EC446B04500DC6646DDF800C0DB
S3150800ADD00196664506D0DDF820C04FF00108C24648
S3150800ADE049F80C80D4F80C80019E0BEB870728F8ED
S3150800ADF00760D4F80CC0079F3CF80770C01B891B76
S3150800AE0000B209B2521C26699642ADD8BAF1000FB3
S3150800AE1084D10021099813F0DAFE012826D00027EC
S3150800AE200020ADF80800ADF80C0003A902A8CDE98A
S3150800AE3000012089B4F9022003B22878189919F07C
S3150800AE4022F9E878384207D0099813F077F9BDF85F
S3150800AE5008100844ADF808000B99099813F0F0F8A3
S3150800AE6006464FF4FA682AE1FFE7FEE70127D7E727
S3150800AE709C49304614F092FA00286FD100213046DA
S3150800AE8013F00AFFF0B34FF00009484621690FE0B6
S3150800AE90E26800EB800352F82320B24207D1E1684A
S3150800AEA000EB80020BEB820031F9009002E0401CB7
S3150800AEB08142EDD8E878C007708C04D020F4806011
S3150800AEC040F4006003E020F4006040F48060708481
S3150800AED006F11400049982468847484528D030462A
S3150800AEE014F014FDB08AADF80000F08AADF802003F
S3150800AEF0308BADF80400708BADF806004946504615
S3150800AF00069A00E010E090476A46292130460FF07D
S3150800AF10A3F8304613F0A6F9324622210FF09CF822
S3150800AF20304614F0F3FC03E0708C20F44060708423
S3150800AF30002000906878012811D0022817D10599B9
S3150800AF4006F114008847B4F90010491C21F00101E4
S3150800AF50081A00EBD07040F34F0007E0A7E0059908
S3150800AF6006F1140088472188081A00B20090E8788C
S3150800AF70384208D0049906F114008847BDF808102D
S3150800AF80081AADF80800304600216B2214F01AF8AA
S3150800AF900FFA80F9304600216C2214F013F80FFAE4
S3150800AFA080FA304614F0C6F90190304613F019F9C4
S3150800AFB00146C9F3413001280FD129F4C040404564
S3150800AFC00BDCB0F57A7F01DDC0F57A70019A504343
S3150800AFD0642290FBF2F00FFA80F9CAF34130012897
S3150800AFE00ED12AF4C04040450ADCB0F57A7F01DD6F
S3150800AFF0C0F57A704843642190FBF1F00FFA80FAA5
S3150800B000B18A1698F28A411A01EB0900179900B21B
S3150800B0108A1A02EB0A01EA7809B2D207002A02D094
S3150800B020BDF9082000E0009A10440FFA80FA01D012
S3150800B030009801E0BDF9080008440FFA80F95AEAB9
S3150800B04009011BD0304614F061FCB18A01EB0A00F5
S3150800B050B082318B01EB0A003083F18A01EB0900DB
S3150800B060F082718B01EB09007083304614F04EFCB8
S3150800B07000234A465146304614F0EEFCE87838423A
S3150800B0800CD1049906F11400884719990844BDF8AB
S3150800B0900C100844BDF80810084406E0BDF80C106A
S3150800B0A019980844BDF80810081AADF80800E87899
S3150800B0B00BAAC0F38001099808F06CFA0646002E20
S3150800B0C004D0DDE90B0188427FF4D2AE0DB0BDE8AD
S3150800B0D0F08F00004157010837570108DD5601086F
S3150800B0E085560108010006002DE9F04F91B00E00C3
S3150800B0F005463DD02E83286808B111F0E3FD06EB1E
S3150800B1004600062101EB400011F050FD022101EB3B
S3150800B11046010144E960042101EB860128600144E7
S3150800B120C5E9010101210024012E19D0F0000830DB
S3150800B13011F06AFD814600EB860000F10408B000B4
S3150800B14000B2A346ADF81000C0F101028010ADF8B8
S3150800B15012B00FFA82FA5C46CDF828B00690B4E031
S3150800B160B4220270E8680480E8684180A868048010
S3150800B17011B0BDE8F08F0027BDF81220BAF1000F14
S3150800B18007DC032101EB42010AEB01000FFA80FA02
S3150800B1900CE0BDF81010531A052202EB430202EB2D
S3150800B1A00A00491E0FFA80FAADF81010BDF8120011
S3150800B1B0401CADF8120004A800F0F3F868B1BDF918
S3150800B1C0100006AA811042F827100AA900F0030009
S3150800B1D041F827007F1C042FCEDB042F7BD1099969
S3150800B1E00698884212D129F8140028F814B0DDE927
S3150800B1F00A014218DDE90C0108441118686801556E
S3150800B200686809010155641C24B25CE00799884204
S3150800B2101DD029F8140028F814B06A680A98105541
S3150800B2206A6800011055641C069B20B25B1E29F84B
S3150800B230103028F810B0DDE90B120A440D99091DE3
S3150800B2400A4469680A54696812010A5439E0089977
S3150800B250884219D029F8140028F814B0DDE90A0242
S3150800B26010446A6810556A6800011055641C069AED
S3150800B27020B2521E29F8102028F810B0DDE90C1269
S3150800B280114408316A6818E029F8140028F814B03F
S3150800B290DDE90A0210440C9A10446A6810556A6877
S3150800B2A000011055641C069A20B2521E29F8102077
S3150800B2B028F810B00D996A680C3111546A680901AA
S3150800B2C01154401C04B20BF1010B04A800F069F8F4
S3150800B2D000287FF450AF40F2D32016FB00F109EBAB
S3150800B2E04402881232F9022C824205D108EB440244
S3150800B2F032F9022C82421AD0A1EB8021B1F5007FE7
S3150800B30003DC494341F3CF3106E0C1F58061494387
S3150800B31041F3CF31C1F10F0129F8140028F81400C0
S3150800B32068680155686809010155641C24B2A01EA5
S3150800B3300EE000BF38F8102029F8142039F810203C
S3150800B34028F8142069680A5C0A55641C24B2401E51
S3150800B3500028EFDAEB680021084619801BE0EA6846
S3150800B36022F81100AB6839F8102023F811200AE0FA
S3150800B370AE6839F9102036F81130934200DA1A46C9
S3150800B38026F81120401C38F910208A4201D1A04223
S3150800B390EEDB491C09B2A042E1DB484611F080FC0D
S3150800B3A0E6E6B0F90210B0F90000814201DC01209E
S3150800B3B070470020704717B581B0022A03D8BDF838
S3150800B3C0080004B010BDBDF80830BDF80400C3F38A
S3150800B3D0C401C0F3C40421441F2900D31F2161F30B
S3150800B3E0C7005907890E01EB533100F0070401EB3A
S3150800B3F0C40101EB5031ADF804003F2900D33F21C9
S3150800B400CC0864F3020061F34F30C3F30421C0F3A0
S3150800B41004231944ADF804001F2900D31F2161F342
S3150800B4200C20ADF80400FF2A07D0DDE901010BF076
S3150800B43087FB0090BDF80000C3E780B2C1E717B5E7
S3150800B44081B0022A03D8BDF8080004B010BDBDF8C3
S3150800B4500400BDF80810C0F3C403C1F3C40413FB09
S3150800B46004F35B0963F3C700C0F30423C1F30424A0
S3150800B47013FB04F35B0963F30C2043079B0E4C078D
S3150800B480A40E03EB503304EB513113FB01F35B0AB3
S3150800B49063F3020043079B0E03EB503313FB01F1E2
S3150800B4A0890961F34F30ADF80400FF2A07D0DDE9BA
S3150800B4B001010BF045FB0090BDF80000C5E780B21E
S3150800B4C0C3E717B581B0022A03D8BDF8080004B04F
S3150800B4D010BDBDF80830BDF80400C3F3C401C0F3BD
S3150800B4E0C404091B002900DC002161F3C7005907C1
S3150800B4F0890E01EB533100F0070401EBC40101EB9F
S3150800B5005031ADF80400002900DC0021CC0864F3B2
S3150800B510020061F34F30C3F30421C0F30423C91AB0
S3150800B520ADF80400002900DC002161F30C20ADF819
S3150800B5300400FF2A07D0DDE901010BF001FB0090AA
S3150800B540BDF80000C3E780B2C1E72DE9FF4F89B017
S3150800B5500446169EDDE919577000DDF86090DDF89F
S3150800B56028A00FFA80FBB9F1040F22D0B9F1060F13
S3150800B5701FD0B9F1050F5CD0B9F1140F56D1B4F943
S3150800B5800000B4F90210CDF80CB006FB01030AEB73
S3150800B59043020092E2884FF00008511A491C0FFA3C
S3150800B5A081F9A188081A401C0FFA80FA4FEA4A0B5B
S3150800B5B081E020460AF072F801460390384611F0F9
S3150800B5C0BDFCB4F90000B4F90280A18806FB0802A4
S3150800B5D0081A401C00B2069040000AEB420A2E46A2
S3150800B5E002900CE051463046029A11F0A7FB0698E5
S3150800B5F008F10108DA4406EB40060FFA88F8B4F9B0
S3150800B60006004045EEDAB9F1060F0FD100224EF2D8
S3150800B6100700ADF80000114605E035F81130834201
S3150800B62000D17A54491C039B9942F6D30DB0BDE864
S3150800B630F08FB4F90010B4F9023006FB031000EBE2
S3150800B640400202EB0A00A288511A491C0AB2B11A32
S3150800B65001EB41010EB2E188C91A491C0CB200235C
S3150800B66017E000210DE090F802C007F801C010F8B5
S3150800B67001CB10F8028B0CEB082C25F811C0491CDD
S3150800B68009B29142EFDB5B1C05EB420517443044D7
S3150800B6901BB2A342E5DBC9E75A462846009911F0D2
S3150800B6A04DFB0099039805EB4A050844009008F1FC
S3150800B6B001000FFA80F8C845EEDBDDE90A014A0009
S3150800B6C00C9902FB0100B4F90010B4F9022006FB3C
S3150800B6D002110D18002408E052462946384611F092
S3150800B6E02DFB641C5744354424B24C45F4DB9DE7D6
S3150800B6F00146002041F6FF7200E0401C31F9103087
S3150800B7009342FAD1704700002DE9F043A3B0002018
S3150800B71012F004F9FE4C4FF4A075F0222946606039
S3150800B72015F077F90021606815F05FF900221146D7
S3150800B730606815F071FA606812F0F0F800220646A3
S3150800B740114615F047F9F0222946304615F061F9F9
S3150800B7500021304615F049F900221146304615F009
S3150800B76076FA00221146304615F0D5FA0022FF2156
S3150800B770304615F051FA00200BF00DF9014600226B
S3150800B780304615F02EFA00221146304615F035FAE5
S3150800B79000221146304615F0B9FA00221146304605
S3150800B7A015F0A5FA00221146304615F0A5FA002232
S3150800B7B01146304615F0A5FA00221146304615F016
S3150800B7C0CFFA60680AF0C4F9E06010F0CDF90746D0
S3150800B7D0D0A111F04FF80021384611F00FF80023D8
S3150800B7E01A460921384611F0C5FC00221146E068C0
S3150800B7F015F066FA42F264063146384615F0E9FA5B
S3150800B80016223321E06815F0E5F81E220C21E068BF
S3150800B81015F0FFF80022FF21E06815F0FDF9BE4F8C
S3150800B82038460BF0B8F801460022E06815F0D9F959
S3150800B83000221146E06815F0E0F900221146E0689A
S3150800B84015F005FA00220521E06815F064FA0022D1
S3150800B8501146E06815F084FA6FF07F4840460BF011
S3150800B8609AF801460022E06815F084FA0022FF21C2
S3150800B870E06815F09AFA00220221E06815F075FAD8
S3150800B880606810F071F9A5A1606110F0F3FF00215E
S3150800B890606910F0B3FFF0223621606915F09AF856
S3150800B8A020228021606915F0B4F8002211466069EB
S3150800B8B015F0CDF900221146606915F02CFA3846C4
S3150800B8C00BF069F801460022606915F053FA002268
S3150800B8D09449606915F05AFA0022FF21606915F04B
S3150800B8E064FA00221146606915F055FA00221146DD
S3150800B8F0606915F055FA00220221606915F035FADB
S3150800B90000221146606915F087F900221146606920
S3150800B91015F0FCF900221146606915F0F2F90022CB
S3150800B9201146606915F0E3F900221146606915F0C1
S3150800B930E3F900221146606915F012FA60680FF003
S3150800B94021F90221A06111F073FB7749A0690FF074
S3150800B95029FF32221146A0690FF0ACFE0021A0692A
S3150800B9600FF028FE22227821A06915F033F89622D6
S3150800B970C421A06915F04DF800221146A06915F0FA
S3150800B9807AF90022FF21A06915F070F90022114604
S3150800B990A06915F0C0F900220121A06915F05CF92B
S3150800B9A0606810F0E1F8814660A110F063FF00219D
S3150800B9B0484610F023FFC122AD21484615F00AF883
S3150800B9C020228021484615F024F8002211464846D0
S3150800B9D015F03DF900221146484615F09CF94046F7
S3150800B9E00AF0D9FF01460022484615F0C3F900229D
S3150800B9F04C49484615F0CAF90022FF21484615F079
S3150800BA00D4F900221146484615F0C5F90022114618
S3150800BA10484615F0C5F900220221484615F0A5F951
S3150800BA2000221146484615F0F7F800221146484606
S3150800BA3015F06CF900221146484615F062F9002205
S3150800BA401146484615F053F900221146484615F0A6
S3150800BA5053F900221146484615F082F960680AF043
S3150800BA6077F8206110F080F881462AA110F002FFCD
S3150800BA700021484610F0C2FE00231A46092148460E
S3150800BA8011F078FB00221146206915F019F93146A4
S3150800BA90484615F09EF90A2240F20511206914F06D
S3150800BAA099FF0C221E21206914F0B3FF0022FF2102
S3150800BAB0206915F0B1F838460AF06DFF01460022F4
S3150800BAC0206915F08EF800221146206915F095F8C0
S3150800BAD000221146206915F0BAF8002205212069CE
S3150800BAE015F019F900221146206915F039F9404672
S3150800BAF00AF051FF01460022206915F03BF90022A1
S3150800BB00FF21206915F051F900220221206911E070
S3150800BB107C0000200000000012A4FF004820544FBB
S3150800BB204F4C0000380603086898040856312E3032
S3150800BB300000000015F019F911A809F047F8E068A7
S3150800BB4011906FF01D001AAA96214FF4FA761990F3
S3150800BB5082E84300174818901748129011A809F070
S3150800BB6093F8684609F032F8206900903E200B9653
S3150800BB700895CDE909500F480790104801901048DC
S3150800BB800390684609F080F8606815F099F96068CE
S3150800BB900BF05CFA0B4901208862002015F072FB55
S3150800BBA0002240F6B831084817F04AFAA06023B0D8
S3150800BBB0BDE8F083014C01082B0E0208FF0D0208B0
S3150800BBC0B19F000800040048457602081CB50446E3
S3150800BBD090F8540000F0010088422DD094F85400E3
S3150800BBE011B140F0010001E020F0010084F8540092
S3150800BBF004F14801684609F036FD606ABDF8001090
S3150800BC00828A1144ADF80010BDF80210C08A0844B3
S3150800BC10ADF80200606ABDF80410808A0844ADF8E1
S3150800BC200400606ABDF80610C08A0844ADF806002C
S3150800BC306946204613F08DFE1CBD08B50846114618
S3150800BC400AF062FE0090BDF8000008BD2DE9F04F2D
S3150800BC500646C87A89B014460D46022831D91846D0
S3150800BC602A69A968FDF78EFA071E6BD0387D00F0A1
S3150800BC701F000EF04FFF4FF4807808B1062011E040
S3150800BC80387D00F01F000E2806D014280AD00EF0C2
S3150800BC9031FF30B1052005E028884FF00E0930B98C
S3150800BCA002E00420814606E06888404503D000206B
S3150800BCB04FF00509B8613A6A22B1214630461BF0B1
S3150800BCC09AFCB7E0B869E0B3214602A809F083FCFC
S3150800BCD0B5F9003013B96888404529D0A08821886D
S3150800BCE06288401A401C01B2E08805F1040C801AEB
S3150800BCF0401C02B26888CDE9000C02A8FDF78CF951
S3150800BD00BDF8080021880844ADF80800BDF80A0007
S3150800BD1061880844ADF80A00BDF80C00218808447B
S3150800BD20ADF80C00BDF80E0061880844ADF80E00A9
S3150800BD3002AA04A8B168FCF788FE00287AD004A8ED
S3150800BD4001E00EE051E0D6F80880B060CDF800902A
S3150800BD50224629463046BB690BF0B6FBC6F8088072
S3150800BD6068E0224604A8B168FCF76FFEF0B3BDF898
S3150800BD701400BDF81010401A401C0FFA80FB0BEB9C
S3150800BD804B0010F041FF039004A901A8D6F808A0BB
S3150800BD9009F021FC012101A809F0CDFCBDF910002C
S3150800BDA0B4F90010BDF91280401A0690B4F90200E1
S3150800BDB0A8EB000435E001AA514607A8FCF745FEA2
S3150800BDC068B30398009006985B4601B222B23846DB
S3150800BDD00FF0AEFA01280DD038460FF0FCF903989B
S3150800BDE010F05EFF0020C6F808A000E022E009B0C7
S3150800BDF0BDE8F08F07A8B060CDF8009001AA2946E3
S3150800BE003046039B0BF060FBBDF80600401CADF8FE
S3150800BE100600BDF80A00401CADF80A00641C08F1CB
S3150800BE200108BDF916004045C5DAC6F808A003980A
S3150800BE3010F036FF0120D8E770B5074C0546606854
S3150800BE4018B111F0A3FD0020606008F09DFE284699
S3150800BE50BDE8704017F016B97C00002070B50C4696
S3150800BE60264915460A78EAB3C1E90104E388A28897
S3150800BE7061882088FAF7F4FAB4F90400B4F90010D6
S3150800BE80B4F90220401AB4F90610401C891A491C54
S3150800BE90484342001B481A498378CB58847823F0D4
S3150800BEA001030B518378CB5813F0010FFAD1144CC8
S3150800BEB083780C341D51124B84781B1DE4586FF39C
S3150800BEC00F0414438278D4504FF0904210239362A3
S3150800BED0082393619A014A600B4A536843F00203A8
S3150800BEE0536000E006E082788A58807842F00102C2
S3150800BEF00A5070BDBDE870400BF020B8C40200209F
S3150800BF000000024044AE0208003001400FB44FF46E
S3150800BF10806110B5ADF5806D0DF20C436846DDF80D
S3150800BF200824F4F79FFA00246846F4F74FFC40F219
S3150800BF30FE31884209D20D220DF80020401C0A2243
S3150800BF400DF80020401C0DF8004082B269460448EE
S3150800BF50FAF7AAFD0DF5806D10BC5DF814FB00001C
S3150800BF60004800402DE9F74FC878A0B00C460228D3
S3150800BF707DD9114601A809F049FBB4F9200001282A
S3150800BF8029DD94F82200FD2825D3208818B394F8D3
S3150800BF902300BDF804104008C0F380021144ADF830
S3150800BFA00410BDF80610C0F340000844ADF80600BA
S3150800BFB094F82310BDF808004908C1F3C001401AD7
S3150800BFC0ADF8080094F82310BDF80A00C1F3400143
S3150800BFD0401AADF80A00209801A9826805A8FCF75E
S3150800BFE034FD002843D0E07B10F0070619D0E0881E
S3150800BFF0ADF80000BDF800006189884200D100262E
S3150800C00001A80BF0B5FF07461C210EA8F4F7E9FCBA
S3150800C010A0788DF85100BDF80000ADF840001FB1BA
S3150800C02005E060680090E5E7208800B9EEB3E0789F
S3150800C030FD2800D3FF208346BDF80800BDF804108C
S3150800C040401A401C0FFA80FABDF80A00BDF806101F
S3150800C050401A401C01B289465046CA4500DB0846CC
S3150800C060B4F90050B5EB600F00DB451000E043E083
S3150800C070BDF81810BDF81400081A401C0FFA80F80D
S3150800C0804FF0FF301D9000200790002D00DC87B18F
S3150800C090404610F0B9FD079000232A4601A916A8C4
S3150800C0A00CF0D2F9002116A800E01CE00BF080FD88
S3150800C0B01D90BDF81400ADF80C00BDF81800ADF8D9
S3150800C0C010000798119003A80E901390FF208DF882
S3150800C0D050004A465146A01D0EF0F2FA040018D048
S3150800C0E0022E0CD015E001A80E90E0788DF85000CD
S3150800C0F00EA920980CF06CFC23B0BDE8F08FBDF9B2
S3150800C1001410A06800EB4100BDF90410A0EB410033
S3150800C1100F90002F7DD0BDF9165027E02FB2ADF84D
S3150800C1200E70ADF8127042465946079810F0A6FEF2
S3150800C130BDF9141043463A4607980BF0DBFE8DF816
S3150800C1404800012802D102208DF84800012E08D1A6
S3150800C150BDF90610A068691A00EB41000088ADF821
S3150800C16040000EA920980CF033FC6D1CBDF91A008E
S3150800C170A842D3DAB7E000BFBDF80600BDF916102D
S3150800C18038440FFA80F9BDF80A00C01B0FFA80FA86
S3150800C190494503DDBDF91A10514544DB4246594667
S3150800C1A0079810F06BFEBDF90C1043464A460798EF
S3150800C1B00BF0A0FE8DF84800012802D102208DF868
S3150800C1C04800BDF91610494513DCADF80E90ADF8D8
S3150800C1D01290012E09D1BDF90620A168A9EB02002B
S3150800C1E001EB40000088ADF840000EA920980CF03D
S3150800C1F0EFFBBDF91A10514515DBADF80EA0ADF8E9
S3150800C20012A0012E0BD1BDF90600A268AAEB000008
S3150800C21000E009E002EB40000088ADF840000EA9F6
S3150800C22020980CF0D5FB7F1CAF42A5DBBDF80400B7
S3150800C230ADF87800BDF80800ADF87C00BDF806003A
S3150800C2402844ADF87A00BDF80A00401BADF87E0018
S3150800C2501EA80BF08DFE074630430CD001208DF842
S3150800C2604800BDF90A008DF850B0A0EB0509BDF9E4
S3150800C2700600054435E0BDF806008DF850B02844A0
S3150800C280ADF80E00BDF80A000EA9401BADF8120065
S3150800C2900020119020980CF09BFB24E06FB14246D9
S3150800C2A05946079810F0EAFDBDF9141043462AB21C
S3150800C2B007980BF01FFE8DF84800ADF80E50ADF844
S3150800C2C01250012E08D1BDF90600A168281A01EB03
S3150800C2D040000088ADF840000EA920980CF078FBC5
S3150800C2E06D1C4D45DADD079808B110F0D9FC1D988C
S3150800C2F0401C05D01D980CF051F916A80BF01CFE31
S3150800C300002C3FF4F9AE20460EF0D3F9F4E62DE9F9
S3150800C310F0410646086992B015460C4600287DD0BD
S3150800C320A07E02287AD929460EA8B268FCF78DFBAA
S3150800C330002873D00EA8D6F80880B06020690FF0E0
S3150800C340D7FA022806D0694620690EF067FF012849
S3150800C35049D0C9E0002741F6FF70CDE90070029781
S3150800C360D4E904123B4610A817F022F9284609F02A
S3150800C370AFF901462A88BDF9400001EBD17102EBFD
S3150800C380610100EBD072A1EB62010844401EADF8D2
S3150800C3901000ADF80C10284609F06EF901466A88B7
S3150800C3A0BDF9420001EBD17102EB610100EBD072DD
S3150800C3B0A1EB62010844401EADF81200ADF80E105C
S3150800C3C005A80BF043FB60690590208BADF82000AB
S3150800C3D0A07E8DF82E00009703AA05A9304623698A
S3150800C3E00BF094F880E005A80BF076F8A0788DF8A5
S3150800C3F02000208BADF81C00E07E8DF81E00A07E84
S3150800C4008DF81F00207F4FF0FF3740B100996888EC
S3150800C410ADF8060007EB515108445DE066E0284692
S3150800C42009F056F9298800EBD07001EB60000099F5
S3150800C430C1F38A21A0EB5100ADF80400284609F0A3
S3150800C4401BF9698800EBD07001EB60010098A1EB3D
S3150800C4509051C0F38A22ADF80610BDF80430521E7A
S3150800C4601A4407EB5050ADF808200844ADF80A0006
S3150800C47001AA05A9304623690AF0FAFF34E00099B3
S3150800C4802888C1F38A21ADF80400491E084410E043
S3150800C49001AA05A9304623690AF0EAFF0098BDF803
S3150800C4A00410C0F38A200144ADF80410BDF8081042
S3150800C4B00844ADF80800BDF90400B5F9041088422F
S3150800C4C0E6DDBDF80610009801EB5051ADF80610F0
S3150800C4D0BDF80A1001EB5050ADF80A00BDF9060088
S3150800C4E0B5F906108842CADDC6F8088012B0BDE85C
S3150800C4F0F081F0B5074691F8220087B016460C463B
S3150800C50002286BD9208C002868D094F8230010F0F4
S3150800C5103E0F63D0C00761D1B08831887288401A4F
S3150800C520401C01B2F088B4F90050801A401C00B2D1
S3150800C530814200DA0846B5EB600F00DD451031464A
S3150800C54004A809F063F894F82300BDF91020C0F395
S3150800C55044014807B4F9200001D428444042104455
S3150800C560ADF810000807BDF91420B4F9200001D46D
S3150800C57028444042101AADF8140094F82300BDF977
S3150800C580121040088007B4F9200001D4284440421C
S3150800C5900844ADF8120094F82300BDF916104008B7
S3150800C5A0C007B4F9200001D128444042081AADF862
S3150800C5B01600208C281A00B2002800DA0020A2787B
S3150800C5C094F82210CDE90212E18BADF80410009020
S3150800C5D02B4604AA3146384600F002F807B0F0BDEB
S3150800C5E02DE9FF4FA9B01D46DDE93879DDF8D88079
S3150800C5F016460C46FF2F00D3FF2708460BF0B8FC5B
S3150800C6002690284350EA080074D029982146826863
S3150800C61008A8FCF71AFA002873D0BDF82400BDF85C
S3150800C6202010401A401C00B204901C210AA810F0E1
S3150800C63057FC049810F0E8FA0D904FF0FF3024905C
S3150800C640002D0ADD00232A46214615A80BF0FCFE1C
S3150800C650002115A80BF0ACFA249001234246314676
S3150800C6601BA80BF0F1FE00211BA80BF0A1FA2590E0
S3150800C67001A80A900F90BDF8DC008DF84070ADF85F
S3150800C68030008DF84190B4F900002290B6F90030D8
S3150800C6904119994200DC1946B4F904000FFA81F9E8
S3150800C6A02190B6F90410421B8A4200DB0A460FFAAB
S3150800C6B082F8B4F902E0B6F902200EEB05009246BC
S3150800C6C0504500DC1046B4F906B007B2B6F90620A4
S3150800C6D0ABEB0500904200DB104600B20590A8EBD4
S3150800C6E00900401C00B22790D6450DDC01200CE05D
S3150800C6F000E006E0009732462146379B299800F06D
S3150800C700B8F92DB0BDE8F08F00208246934501DBCD
S3150800C710012000E0002083462698D8B3BDF8200003
S3150800C720ADF80400BDF82400ADF80800BDF92240B4
S3150800C73022E000BFBAF1000F01D1A7421BDCBBF112
S3150800C740000F02D10598A0421ADB25B2ADF80650B3
S3150800C750ADF80A5004990D9810F0F0FBBDF92010B9
S3150800C7602A46049B0D980BF0C5FB8DF838000AA9DC
S3150800C77029980CF02DF9641CBDF92600A042D9DAD7
S3150800C7801BA80BF0D9FB25980BF008FF2498401C32
S3150800C79007D000E009E015A80BF0CEFB24980BF0B3
S3150800C7A0FDFE0D9810F07CFAABE72298984201DC62
S3150800C7B0012000E0002013902198884201DB012126
S3150800C7C000E000210120009013981291084000EA29
S3150800C7D00A0010EA0B0F04D02798322801DA002045
S3150800C7E00090012000998DF838001AEA010F0ED042
S3150800C7F0ADF80490ADF808806088ADF8060070883A
S3150800C8000AA9401EADF80A0029980CF0E1F800992B
S3150800C8101BEA010F0ED0ADF80490ADF80880F08839
S3150800C8200AA9401CADF80600E088ADF80A00299868
S3150800C8300CF0CEF8139878B12088ADF8040030884B
S3150800C840ADF80670401EADF808000598ADF80A0068
S3150800C8500AA929980CF0BCF8129878B1B0880AA9E8
S3150800C860401CADF80400A088ADF808000598ADF89E
S3150800C8700670ADF80A0029980CF0AAF80098C0B11D
S3150800C880BDF92400BDF92010A9F10102ADF8041084
S3150800C890904200DB1046ADF80800401A401C05B26D
S3150800C8A0002D70DD139850EA0A0066D0BDF92240C3
S3150800C8B061E0BDF82000ADF80400BDF82400ADF82D
S3150800C8C00800B6F90200B4F90210401AA84200DBC3
S3150800C8D005460FFA85F8002533E06088284406B235
S3150800C8E0E088401B07B2BDF92200B04203DDBDF95E
S3150800C8F02600B84224DB04990D9810F01FFBBDF9F9
S3150800C90004103246049B0D980BF0F4FA8DF83800A3
S3150800C910BDF92200B04207DCADF80660ADF80A6042
S3150800C9200AA929980CF054F8BDF92600B84207DB85
S3150800C930ADF80670ADF80A700AA929980CF048F8FF
S3150800C9406D1C4545C9DB8DE026B2ADF80660ADF82D
S3150800C9500A6029460D9810F0F1FABDF904102B4625
S3150800C96032460D980BF0C6FA8DF838000AA92998B0
S3150800C9700CF02EF8641CA742E6DC139850EA0B006C
S3150800C9801DD0059C16E01AE026B2ADF80660ADF893
S3150800C9900A6029460D9810F0D1FABDF904102B4605
S3150800C9A032460D980BF0A6FA8DF838000AA9299890
S3150800C9B00CF00EF8BDF92600641CA042E4DABDF9B5
S3150800C9C0200008F10101884200DC0846BDF8241061
S3150800C9D0ADF80400081A401C05B2ADF80810002D81
S3150800C9E040DD129850EA0A001BD0BDF9224016E035
S3150800C9F026B2ADF80660ADF80A6029460D9810F023
S3150800CA009DFABDF904102B4632460D980BF072FAC2
S3150800CA108DF838000AA929980BF0DAFF641CA7429A
S3150800CA20E6DC129850EA0B001CD0059C15E026B2ED
S3150800CA30ADF80660ADF80A6029460D9810F07EFA42
S3150800CA40BDF904102B4632460D980BF053FA8DF8B3
S3150800CA5038000AA929980BF0BBFFBDF92600641C0B
S3150800CA60A042E4DA1BA80BF067FA25980BF096FDAE
S3150800CA708FE62DE9FF478EB00C46824615461C21E7
S3150800CA8002A81A9E10F02CFACDF808D0BDF844007A
S3150800CA90ADF810008DF82060B4F90200B5F902105F
S3150800CAA0884201DC012700E00027B4F90600B5F941
S3150800CAB00610884201DB012600E00026B4F90000D2
S3150800CAC0B5F90010884201DC012100E00021894601
S3150800CAD0B4F90410B5F90420914201DB012100E004
S3150800CAE00021ADF80000A088ADF804006088ADF814
S3150800CAF0020068888846401EADF806001FB102A9E4
S3150800CB0050460BF065FFE888401CADF80200E08847
S3150800CB10ADF806001EB102A950460BF059FF208851
S3150800CB20ADF800002888401EADF8040017B1B5F925
S3150800CB30020001E0B4F90200ADF8020016B1B5F939
S3150800CB40060001E0B4F90600ADF80600B9F1000FD9
S3150800CB5003D002A950460BF03BFFA888401CADF84D
S3150800CB600000A088ADF80400B8F1000F03D002A9B0
S3150800CB7050460BF02DFF12B0BDE8F0872DE9F04FB7
S3150800CB808B46A2F57F4195B091460646FF3944D0BB
S3150800CB90746A208C8046984204D02384608C40F0C6
S3150800CBA0080060844FF4802A5146204612F094FA11
S3150800CBB007465146204612F0AAFA0546B7F9087004
S3150800CBC0304606F03FFCB0F916107A1909FB021137
S3150800CBD005EBD570A1EB6000ADF8060038446D1E74
S3150800CBE02844ADF80A00706A818AADF80410008BF3
S3150800CBF0ADF8080006A80BF0F5FC06AA5146204633
S3150800CC0012F028FD01AA06A958460BF0D7FCA4F88D
S3150800CC102080608C20F00800608415B0BDE8F08F95
S3150800CC202DE9F0430E46A2F57F4191B090460546A0
S3150800CC30FF3956D06C6A278C9F4204D02384608CB7
S3150800CC4040F00800608406A80AF000FF4FF4802927
S3150800CC5006AA4946204612F04FFC4946204612F0DD
S3150800CC6056FAADF82A00284606F0ECFB050038D03F
S3150800CC700698B5F91620B0F90810BDF92A0000EB98
S3150800CC80010C08FB0C2200EBD073A2EB63021044E4
S3150800CC90491EADF80A200844ADF80E00A08AADF882
S3150800CCA00800208BADF80C0002AA0EA8B168FBF7A5
S3150800CCB0CCFE88B10EA8D6F80880B06028460FF0DA
S3150800CCC0EEF903460020009005F1140206A9304645
S3150800CCD00AF01CFCC6F808802784608C20F008003F
S3150800CCE0608411B0BDE8F0832DE9F0412E4D07466A
S3150800CCF068680AF03DF904463868C66B716B09B175
S3150800CD0030468847686800680188408811FB00F04B
S3150800CD10E168884201D1012000E00020216859B16C
S3150800CD20616849B128B107E068680068816A01B19D
S3150800CD30884720690028F7D10120206169680968B9
S3150800CD40C9688A69D20702D08969890700D4002090
S3150800CD506061606908B1012500E00025386841690D
S3150800CD6071B1016911F0300F06D0490704D5D6E92B
S3150800CD70001000F01BF803E0D6E90021FDF796FF46
S3150800CD80206800280BD06168002908D03A68127C10
S3150800CD90AA43D20703D1A268824202D1A160BDE8A4
S3150800CDA0F081A060FBE70000FC0200202DE9F34FAC
S3150800CDB005468A4893B041680E683069820701D5EE
S3150800CDC042076ED4C0F3011002281ED0012801D0F4
S3150800CDD0032866D100200F9008460AF0C9F8834652
S3150800CDE0A988B5F90000EA88091A491C0CB2B5F9F0
S3150800CDF00210521A521C17B24FF40062B2FBF4F337
S3150800CE00BB420FDAB2FBF4F20DE029463046149A1B
S3150800CE1000F0F0F8149A15B029463046BDE8F04FF0
S3150800CE20FDF744BF3A460C920791317CC1F30111D4
S3150800CE30012905D06880611E0844E8800020BDE00D
S3150800CE407188081A401EE880001B401C6880F5E7B8
S3150800CE500C99A7EB0A00884200DD084600B201904B
S3150800CE600120CBF81000BAF1000F20D1A7421EDB33
S3150800CE700194307CC0F30110032810D0002021460D
S3150800CE80149A00F0EAF8307CC0F30110012809D0A2
S3150800CE9031880798081A401EA880001B56E0012012
S3150800CEA0EDE797E0079828800798204466E00F98F2
S3150800CEB020B94FF480500FF0A7FE0F90307CC0F3D6
S3150800CEC0011003281BD000208646DDF850C00199C2
S3150800CED00F980A9014FB01F0401E0D90601E4843FF
S3150800CEE00E9000208146884222DA0E9ABEF1000F83
S3150800CEF002EB090001D00D9A101A002212E0012057
S3150800CF00E2E70A9BBEF1000F03EB400863460CF10B
S3150800CF10020C1B88A8F8003001D0084400E0401A2B
S3150800CF20521C12B2A242ECDB09F1010000B2D9E7A9
S3150800CF30307CC0F3011001281BD031880798091AE4
S3150800CF40A1EB0A00401EA8800199401A401C2880BF
S3150800CF5001990AEB0108B84513DBDBF81800C0078E
S3150800CF600FD0DBF8180080070BD50120CBF814008A
S3150800CF700AE007985044288001990844401EA88072
S3150800CF80E6E70021CBF814100F9828B10246294687
S3150800CF903046FDF78BFE05E0149AF8E7B16A09B149
S3150800CFA030468847DBF810000028F7D10198149915
S3150800CFB0604301EB400014900FFA88F08246B842AD
S3150800CFC0FFF646AF0F98002804D015B0BDE8F04F1D
S3150800CFD00FF066BE15B0BDE8F08F0000FC02002019
S3150800CFE030B504880D880580108808801888108058
S3150800CFF01C8030BDF8B58B880C884D881B1BCC88E7
S3150800D0005B1C641B641C13FB04F300245B1E0DE00D
S3150800D01002EB430602EB44073588ADF80050B7F833
S3150800D02000C0A6F800C05B1E3D80641CA342EFD872
S3150800D03043884C88CA881B1B5B1ECB8043889A1A78
S3150800D040521E4A8003880C888A881B1B5B1E8B80AD
S3150800D0500088801A401E0880F8BD2DE9F0470C4666
S3150800D06017468246002601EBD47931E00025601C7C
S3150800D07000EBD07827E0A01B401E01B2601B401EC3
S3150800D08000B2BAF1000F0AD015FB041207EB4203EF
S3150800D09011FB040107EB410210FB046009E010FBD9
S3150800D0A0046207EB420311FB040007EB400215FB81
S3150800D0B0041007EB400116FB045007EB4000FFF78E
S3150800D0C08FFF6D1C2DB2B5EB680FD4DB761C36B21C
S3150800D0D0B6EB690FCADBBDE8F08700002DE9F0471B
S3150800D0E0A2B005460CF0B6FF044628460CF07AFFB7
S3150800D0F08246606A0EF0D3FF054694F85400C007CE
S3150800D10077D004A80BF06EFA4FF4E02904AA494632
S3150800D110204612F09FFA04F1480101A808F0A3FA84
S3150800D120606ABDF80410828A1144ADF80410BDF88F
S3150800D1300610C08A01AA0844ADF80600606ABDF860
S3150800D1400810808A0844ADF80800606ABDF80A101D
S3150800D150C08A0844ADF80A0004A950460BF02EFA16
S3150800D1604946204611F08AFD06464946204611F0F2
S3150800D17099FE87194946204611F01EFF4FF0000810
S3150800D1801D490644CDF87480CDF87880206D09686D
S3150800D190284488470246206D41191DA80FF0CEFD88
S3150800D1A0BDF8040055223844ADF80400BDF8060061
S3150800D1B041463044ADF80600606A11F003FF0546A3
S3150800D1C012A80AF043FC12AA4946204612F094F91E
S3150800D1D09DF81300022804D8BDF85400A9B2884265
S3150800D1E007D01DAB01AA12A95046CDF800800AF057
S3150800D1F08DF922B0BDE8F087100400202DE9F04F24
S3150800D200C3B0054630300E462690FCF76EF9002866
S3150800D2107DD105F1140241A8B168FBF716FC002878
S3150800D22075D041A8D6F808A0B0603CA80AF09DFCC5
S3150800D2304FF4E0243CAA2146284612F0ADF92CA862
S3150800D2400BF0D0F99DF8F8008DF8B30047F6FF709B
S3150800D250ADF8B0002146284611F0A1FF00EBD070CA
S3150800D26047102146284611F09AFF00EBD0704FEA86
S3150800D270600B3146684610F021FD29A8069018A8CB
S3150800D28004906448019005200D9402902698FCF7B6
S3150800D290B3F8B6E00A223CA929A80FF04FFD3822B8
S3150800D2A02CA918A80FF04AFDE088ADF8A400E0887C
S3150800D2B0ADF8640012A809903FA80A90607BC007E1
S3150800D2C004D0B4F90000B4F902100FE0B4F9041060
S3150800D2D0A1F5FE40FF3875D0A2883AAB2846A1686A
S3150800D2E009F0A6F9BDF9E800BDF9EA10AA8A1044C2
S3150800D2F00FFA80F8E88A08440FFA80F9C7B1BBF13B
S3150800D300000F15D001204090A8EB070000E07DE053
S3150800D310ADF89C0008EB0700ADF8A000A9EB0B00E0
S3150800D320ADF89E0009EB0B00ADF8A20027A801E0B6
S3150800D330002040900390207B81072CD0C00702D0A4
S3150800D340B5F9140000E04046ADF84800ADF84A903B
S3150800D350217B4846890702D5B5F9181000E04146F1
S3150800D360ADF8FC10ADF8FE006A461A2128460CF006
S3150800D37073FE3FAB12AA29A930460AF0E9FB40988A
S3150800D38020B127AA18A930460BF018F96A461B21BE
S3150800D39028460CF061FE217B11F00C0F2DD040467B
S3150800D3A0ADF84880490702D5B5F9161000E0494698
S3150800D3B0ADF84A10ADF8FC00207B000703D5B5F997
S3150800D3C01A0001E019E04846ADF8FE006A461A213F
S3150800D3D028460CF041FE3FAB12AA29A930460AF0AE
S3150800D3E0B7FB409820B127AA18A930460BF0E6F8F3
S3150800D3F06A461B2128460CF02FFE21462698FBF785
S3150800D400F8FF04007FF446AFC6F808A043B0BDE8AD
S3150800D410F08F0000C8AF02082DE9F04F88468A68E9
S3150800D420A7B0044600F1140124A8FBF70EFB002858
S3150800D4307ED0D8F808001F9024A9C8F80810002143
S3150800D440204611F009FC05460021204611F000FD92
S3150800D450284400B220900021204611F07DFD284482
S3150800D46005B2204610F06AFEB4F88410484340F32B
S3150800D4700F201B90204610F047FEB4F8861048434C
S3150800D48040F30F201D9018A80AF06FFB18AA002178
S3150800D490204612F081F84146684610F00FFC002637
S3150800D4A018A80690701E0E90DFF8CCA10D96CDE94F
S3150800D4B001A609966A461A2120460A960CF0CCFD62
S3150800D4C020463122314611F07DFD00F0FF0900218A
S3150800D4D0204611F0C1FB834620463322314611F01F
S3150800D4E071FDC6B2204610F023FF2390204610F0A7
S3150800D4F0EBFFB4F87E10E9B3E18A2944081A00B2B2
S3150800D5001E90A08AADF84C00208BADF85C00002573
S3150800D510B4F97E70B9F1020F40D9BBF1000F3DDDB9
S3150800D520B00707D50021204611F016FD10B900E016
S3150800D5309FE00125F00731D00021204611F03AFC82
S3150800D54060BB7F1E3FB229E01D9810FB05F1B4F8B9
S3150800D5507E006A46401E91FBF0F01E990844ADF81D
S3150800D5604E00ADF85E000120CDE901A013A8099090
S3150800D57017A800E014E00A901A210E9520460CF030
S3150800D5806BFD17AB13AA18A940460AF0E1FA6A46DA
S3150800D5901B2120460CF060FD6D1C2DB2BD42D3DB6D
S3150800D5A0B4F88000F0B3A18A209800270144239894
S3150800D5B0081A00B21C90E08AADF84E00608BADF8F0
S3150800D5C05E00B4F98050B9F1020F13D9BBF1000F10
S3150800D5D010DD700705D50021204611F039FC00B989
S3150800D5E00127300706D50021204611F06DFC08B941
S3150800D5F06D1E2DB256460DF14C0B0DF15C094FF020
S3150800D600020A26E01B9810FB07F1B4F880006A4668
S3150800D610401E91FBF0F01C990844ADF84C00ADF89B
S3150800D6205C0000E017E00E97CDE9016ACDE909B97B
S3150800D6301A2120460CF010FD17AB13AA18A940466C
S3150800D6400AF086FA6A461B2120460CF005FD7F1C67
S3150800D6503FB2AF42D6DB4FF0FF300E900020099064
S3150800D6600A906A461B2120460CF0F6FC1F98C8F85B
S3150800D670080027B0BDE8F08FC8AF02082DE9F04FC3
S3150800D6809BB083460CF0A8FC064658460CF0E2FC14
S3150800D6900446122E7ED0152E01D0182E7BD111F0FD
S3150800D6A049FE0490204610F09CFD03902046002178
S3150800D6B0322211F087FC054620460021122211F07D
S3150800D6C081FC28440FFA80F820460021132211F025
S3150800D6D079FC28440FFA80FA20460021102211F01E
S3150800D6E071FC284407B220460021112211F06AFC79
S3150800D6F02844618E0FFA80F901EB0800ADF8600046
S3150800D700A08E3844ADF8620094F8390000F00300A2
S3150800D71001287DD018A9E08ECDE90001DDE90321B5
S3150800D720B4F9303005A8FBF777FCBDF81410A08AC9
S3150800D7300844ADF81400BDF81610E08A0844ADF8A0
S3150800D7401600BDF81810A08A0844ADF81800BDF8F0
S3150800D7501A10E08A0844ADF81A0000BF04F1140153
S3150800D7600D4619A80C9107F06CFF05A9284607F085
S3150800D77068FF5946D24810F04DFC012861D119A915
S3150800D7800C9807F05EFF152E5BD1E08D002858D067
S3150800D790A08D01E058E054E0002852D0E08E002821
S3150800D7A04FD058460CF01EFC064603A80C9907F005
S3150800D7B048FF20460DF0DCFE054694F8390000F0D7
S3150800D7C0030001287DD0BDF81800BDF81410401AD2
S3150800D7D0BDF80C100844ADF81000BDF81A00BDF8E5
S3150800D7E01610401ABDF80E1000EB0100BDF80C101B
S3150800D7F0ADF8120001EB0800ADF80C00BDF80E00FC
S3150800D800BDF810103844ADF80E00A1EB0A0000E090
S3150800D8107FE0ADF81000BDF81210A1EB0900ADF8D5
S3150800D820120094F8381001F0030001286FD0890718
S3150800D8306DD002286CD00023194630460C9A09F0A0
S3150800D84017FE1BB0BDE8F08F58460CF001FC0546E4
S3150800D85000780228F5D094F838004FF00106C14345
S3150800D86089074ED000F0030102294AD0C0F384008C
S3150800D870042801D0012844D120460021462211F06F
S3150800D880A1FBC0B2FF283CD1208ED0BB58460CF075
S3150800D890DFFB0746E08EB0F5807F34D0204610F0D7
S3150800D8A0A0FC8046204611F045FD014604F13202EF
S3150800D8B0E08ECDE900020023424603A8FBF7ACFB45
S3150800D8C000E02BE0BDF80C00A18A00220844ADF860
S3150800D8D00C00BDF80E00E18A0844ADF80E00BDF84C
S3150800D8E01000A18A0844ADF81000BDF81200E18ABC
S3150800D8F00844ADF8120003A93846FBF7CEF800280D
S3150800D9009FD12E709DE7002204F11401F4E730E060
S3150800D910C5E005A9204610F02BFC1FE7B4F92C003A
S3150800D92029B2401ABDF80C10401C00EBD070A1EBD0
S3150800D9306001ADF80C10BDF81010BDF80E20A1EB73
S3150800D9406000ADF81000B4F92E002914401A401CE6
S3150800D95000EBD070A2EB6000ADF80E00B4F92E0013
S3150800D960401ABDF81210401C00EBD070A1EB600005
S3150800D9703CE70FA809F0B0FD0FAA0021204611F0D8
S3150800D98068FDE08EADF83E00208EADF83C00608E56
S3150800D990ADF84000A08EADF8420094F8380016AAFB
S3150800D9A0C0098DF85000BDF8141001EB0800ADF859
S3150800D9B05800BDF81600BDF818103844ADF85A00DE
S3150800D9C0A1EB0A00BDF81A10ADF85C00A1EB09003E
S3150800D9D0ADF85E00B16810460F46FBF736F800282A
S3150800D9E090D016A8B060B4F92800B4F92C1090FBB2
S3150800D9F0F1F201FB1208B4F92A00B4F92E1090FBD3
S3150800DA00F1F201FB1200BDF90E10084400B2ADF8A0
S3150800DA100200884203DDE18D401AADF80200E18D6F
S3150800DA2080B20844401E30E0BDF90C1001EB080036
S3150800DA3000B2ADF80000884203DDA18D401AADF8AA
S3150800DA400000A18D80B20844401E0DE06A460FA969
S3150800DA503046636A09F00CFDBDF800002844ADF8AD
S3150800DA600000BDF804002844ADF80400BDF9000024
S3150800DA70BDF910108842E9DBBDF8021028140144EC
S3150800DA80ADF80210BDF806100844ADF80600BDF959
S3150800DA900200BDF912108842C6DBB760D1E60DA8B0
S3150800DAA009F0D4FF0DAA0021204611F025FD00201B
S3150800DAB00090636A0DA930460C9A09F027FDC0E666
S3150800DAC0C89B04082DE9F04FD3B005460CF0C2FAFE
S3150800DAD0044628460CF086FA4F9010A9204610F006
S3150800DAE047FB00216922204611F06CFA0546002101
S3150800DAF06A22204611F066FABDF84010BDF84420A7
S3150800DB00491BADF840102A44BDF84230ADF8442010
S3150800DB101B1ABDF84650511A2844ADF84600C01ADB
S3150800DB20401C0FFA80FAADF84230D4E90A02491CC3
S3150800DB300FFA81FBA2EB0008D34501DB012100E0C7
S3150800DB400021894600213E9194F85C1001F00301FA
S3150800DB50012908D1002806DA002A04DD216B814252
S3150800DB6001D101203E900021204611F07DF9219037
S3150800DB700021204611F0B4F936900021204611F014
S3150800DB80F7F920900021204611F020F9359004F18C
S3150800DB90340010A9139007F042FDA18E219808447D
S3150800DBA0A086218F3698081A2087E18E209801448E
S3150800DBB0E186618F3598081A00B26087B9F1000FBF
S3150800DBC011D0E18E401A401C00B204281DDAE18A01
S3150800DBD00AEBDA726FF0010000EB62000844E08697
S3150800DBE0001D608711E0218FA08E081A401C00B224
S3150800DBF004280ADAA18A0BEBDB726FF0010000EB4E
S3150800DC0062000844A086001D2087218FA08E081A6E
S3150800DC10401C00B21890618FE08E081A401C00B2B2
S3150800DC202290B9F1000F05D004F13805DC48189F99
S3150800DC30139E04E004F13606DA48229F351D3A9011
S3150800DC40A36D581C14D0216DA06A626D091A101AAA
S3150800DC507943784391FBF8F190FBF8F009B200B2EA
S3150800DC60401A5843C21700EB126001EB202005E06A
S3150800DC70216BA06A081A784390FBF8F000B2169058
S3150800DC80A26C501C14D0216CA06A636C091A181A6D
S3150800DC907943784391FBF8F190FBF8F009B200B2AA
S3150800DCA0401A5043C21700EB126001EB202005E032
S3150800DCB0D4E90910081A784390FBF8F000B23F90AF
S3150800DCC020460021162211F07DF9C0B2B9F1000FE5
S3150800DCD028D001280AD130462E4605463F984042AC
S3150800DCE000B23F901698404200B2169031883F988D
S3150800DCF00844288031881698084430803E9888B3AE
S3150800DD00A06A4042784390FBF8F000B2B9F1000FE0
S3150800DD1015D031880844B5F9001000B281420BDDF0
S3150800DD20308039E029883F98081A401C30802988B5
S3150800DD301698081A2880E1E7318028802CE029887F
S3150800DD40081A401CB6F9001000B2814201DD28808D
S3150800DD5001E029803080B5F90010B6F9000081424B
S3150800DD60EADB19E0FFE73A9913988847012813DC9C
S3150800DD7035A84F990FF0A2FF4FF4003042908A4819
S3150800DD803690002037901398389035AA1A212046E5
S3150800DD900CF062F935AAFBE050A8139907F03FFC8E
S3150800DDA068460AF01FFC4FF400356A4629462046A5
S3150800DDB011F050FC23A84F990FF080FF4FF0000890
S3150800DDC07948CDE924083095CDF89CD0139826904B
S3150800DDD0454623AA1A2120460CF03EF920460B2276
S3150800DDE0294611F0EFF805B258465146D34500DBEF
S3150800DDF00846B5EB600F00DD4510229A1899BDF963
S3150800DE000000914200DB1146B0EB610F00DD4810BF
S3150800DE10B9F1000F02D0228FA18E01E0628FE18E48
S3150800DE20511A491C09B2B1EB400F18DD9DF82200C2
S3150800DE3012909DF803709DF81A608DF803808DF88E
S3150800DE401A808DF822806946139A4F980AF0B6FB15
S3150800DE5012988DF803708DF81A608DF82200A18A41
S3150800DE60219800230844ADF83401218B36982A46B8
S3150800DE70081AADF83801E18A20980844ADF8360149
S3150800DE80618B3598081AADF83A014DA947A80AF0EA
S3150800DE90DBFA002147A809F08BFE17909DF822604F
S3150800DEA08DF8228045468DF8368010A90EA807F011
S3150800DEB0B6FBBDF838102198084400B2ADF8380012
S3150800DEC0BDF83A20209911440BB2ADF83A30BDF8A6
S3150800DED03C203699511A0AB2ADF83C20BDF83E707E
S3150800DEE03599791A09B2ADF83E10B9F1000F12D07A
S3150800DEF0C81A401C00B204281FDAE18A0AEBDA7253
S3150800DF006FF0010000EB62000844ADF83A00001D0E
S3150800DF10ADF83E0011E0101A401C00B204280CDAD5
S3150800DF20A18A0BEBDB726FF0010000EB620008447C
S3150800DF30ADF83800001DADF83C00BDF900200023FF
S3150800DF4019A813990AF080FA002119A809F030FED9
S3150800DF5007460EAA69464F980AF030FB8DF82260EC
S3150800DF608DF803508DF81A508DF836506946139A75
S3150800DF704F980AF023FB19A809F0DEFF47A809F015
S3150800DF80DBFF38460AF00AFB17980AF007FB23AAB4
S3150800DF901B2120460CF060F853B0BDE8F08F000056
S3150800DFA0E9560108915601083C9B04082DE9F047FB
S3150800DFB0B8B005460CF04EF8044628460CF012F8A0
S3150800DFC082460021204610F00EFE01280CD00027BC
S3150800DFD0204606F0CFF8054694F85C00002600F0C7
S3150800DFE00300012802D008E00127F1E7A06A00280B
S3150800DFF003DAE06A002800DD012620468DB110F01C
S3150800E000F0F8804626B1606A002801DAA08E05E09D
S3150800E01017B1B4F9340001E0B4F93800ADF894004A
S3150800E0200BE011F087F9804626B1606A002801DA0C
S3150800E030608F00E0E08EADF8960012A80AF0D2FADA
S3150800E0404FF4403612AA3146204611F003FB2B4600
S3150800E050424625A9204616F054F804F1680025A979
S3150800E060814607F0F7FA514668460FF027FE2F4813
S3150800E070019000200290CDE90D6012AECDE903961D
S3150800E080204613F0B1FE022806D06A461A21204619
S3150800E0900BF0E2FF4A463CE0382212A927A80EF008
S3150800E0A04DFE6A461A2120460BF0D6FF4A4612A9AB
S3150800E0B050460AF083FA6A461B2120460BF0CCFF2D
S3150800E0C045B127B1B4F93800ADF8940005E0B4F9C4
S3150800E0D03400F9E7608FADF896002B46424625A92D
S3150800E0E0204616F00EF804F1600025A9054607F04B
S3150800E0F0B1FA382227A912A80EF020FE02A901209B
S3150800E10081E861000E906A461A2120460BF0A4FFAA
S3150800E1102A4612A950460AF051FA6A461B21204699
S3150800E1200BF09AFF38B0BDE8F0870000549C04084D
S3150800E1302DE9F0438FB004460BF08CFF054610F02E
S3150800E14091F8074603A809F081FC03AA002138467E
S3150800E15011F0D2F928460DF09DFF28B19DF8290047
S3150800E16040F001008DF8290020460BF03BFF81683E
S3150800E17004460E4607F114020DA8FAF766FC0028B5
S3150800E18050D00DA8A0600BA9384605F0D3FBA88A85
S3150800E190ADF80400E88AADF80600288BADF808004B
S3150800E1A0BDF82E00ADF80A0001AA1046A168FAF7D4
S3150800E1B04CFC4FF000090DF1040878B1A768284611
S3150800E1C0C4F808800DF06BFF034605F1140203A995
S3150800E1D02046CDF8009009F099F9A760A88AADF80D
S3150800E1E00400BDF83200ADF80600288BADF808002B
S3150800E1F0688BADF80A0001AA1046A168FAF725FC53
S3150800E20078B1A7682846C4F808800DF048FF034689
S3150800E21005F1140203A92046CDF8009009F076F915
S3150800E220A760A6600FB0BDE8F08300002DE9FF4F98
S3150800E2309FB0987B8A7E00F00F04DDF8B0E00E46AA
S3150800E240032C18D0012C1DD0022C21D0042C13D05D
S3150800E250082C7DD1A24D4FF0FF0A6101FD2A2FD26D
S3150800E260A04F3878904202D17868A04225D0002085
S3150800E270DFF874821FE00424994D4FF0F00A103D30
S3150800E2801021EBE7964D4FF0800A163D0221E5E78F
S3150800E290934D4FF0C00A143D0421DFE715F800C07E
S3150800E2A0BCF1FF0F1DD01CFB02FC4FEA1C2C00BF63
S3150800E2B008F800C0401C8842F0D38B4D3A707C6049
S3150800E2C01F9AB3F80680188907902199926808FB67
S3150800E2D004F0B1F90010B2F90030994203DB0023CB
S3150800E2E002E09446E4E75B1A9B46B2F9043001EB78
S3150800E2F008079F4201DC414601E0591A491C894634
S3150800E3002199B2F90230B1F90210994201DB0023D2
S3150800E31000E05B1A1193079BB2F906200B4493425F
S3150800E32001DC079901E0511A491C0A9111994143E8
S3150800E3300BFB04100EEBD00100F007072C911C21F3
S3150800E34015A80EF0CDFDB089ADF85C00B07E00E0F2
S3150800E350C2E08DF86C00B07FC0F3C2008DF86D0086
S3150800E360FBF7F4FA08F008FE079A08FB02F1814267
S3150800E37000DC08461C900EF047FC07901890219880
S3150800E3800026018801EB0B02ADF80C200188A9F1E3
S3150800E390010001442198ADF81010438811981844DB
S3150800E3A08B1AADF81200ADF80E00ADF83810ADF8BE
S3150800E3B034200A99ADF836005B1C08441BB2ADF848
S3150800E3C03A000B930DA809F0D3FD1D9003A81590EC
S3150800E3D01A90C4F1080008EB0B010F90A1EB090095
S3150800E3E060431290119860E033462AFA07F05946BE
S3150800E3F04FF0000C1FE02C9ADDF83C801278A8EB51
S3150800E4000708024032FA08F205D015F80280079A82
S3150800E41002F8068002E0079A02F806C00F9A9742A9
S3150800E42002D22744E04004E02C9A0027521C5046AA
S3150800E4302C92491C761C4945DDDB1D9880B107984E
S3150800E440BDF912201844BDF90C1080460B9B09F043
S3150800E45051FD8DF8640018B940460B990EF040FD41
S3150800E460A9EB0B0081191C98814205D2BDF8120050
S3150800E470401CADF812000EE002208DF8640015A9C4
S3150800E4801F980AF0A5FABDF81200401CADF80E0058
S3150800E490ADF81200002612982C99384401EBD001E9
S3150800E4A000F0070701982C91401C0A9901908842B0
S3150800E4B09ADBBDF90E10BDF91200814209D0401E43
S3150800E4C0ADF8120002208DF8640015A91F980AF00D
S3150800E4D07FFA07980EF0E4FB23B0BDE8F08F000042
S3150800E4E086AE020814030020E02501202DE9F04F2E
S3150800E4F08346B1F902000C46401E411000F00100A7
S3150800E5004618B2F90050B3F9000089B0854200DA1E
S3150800E5102846ADF80000B2F90000B3F90030984279
S3150800E52000DC1846401EADF804005088801BADF884
S3150800E530020050880844ADF8060069460846DBF82C
S3150800E5400820FAF782FA00281FD0E08818B1A088B8
S3150800E55008B1012700E000270125684609F008FDF3
S3150800E56000B907B100251C2102A80EF0B9FCCDF8A8
S3150800E57008D02088ADF81000207A6E468DF8200065
S3150800E58035B102A958460AF023FA09B0BDE8F08F5A
S3150800E590BDF80410BDF90000BDF90680091A491C2A
S3150800E5A00DB2BDF80210ADF806104FF0000A47B1DB
S3150800E5B0B4F90610B4F90420114490FBF1F201FBFA
S3150800E5C0120A28460EF020FB079605908146BDF9EB
S3150800E5D002603EE0294648460EF0B0FCBDF9001040
S3150800E5E02B4632B2484609F085FC8DF818000FB361
S3150800E5F000B3002150460B4617E000BFB4F90420CB
S3150800E600824205DB121A1144104409B200B208E02E
S3150800E610B4F906C06244824201DC002001E009F830
S3150800E6200130491C401C09B200B2A942E6DB0220AF
S3150800E6308DF8180002A958460AF0CAF9BDF8020072
S3150800E640401CADF80200BDF80600401CADF80600F7
S3150800E650761C4645BEDD48460EF022FB95E70000CF
S3150800E6602DE9FF4FB2F90240B3F90250C5B0AC42EA
S3150800E67008DA128864F31F4062F30F0065F31F413E
S3150800E6801A8807E01B8865F31F40128864F31F4148
S3150800E69063F30F0062F30F010FFA81F904B2051450
S3150800E6A0A9EB04064FEA214AAAEB05070391002EB7
S3150800E6B001DD314600E07142002F01DD384600E0F9
S3150800E6C07842814201DD012000E00020159046983D
S3150800E6D0B0F90210159858B1002F01DD384600E050
S3150800E6E078424201002E01DD30460CE070420AE015
S3150800E6F0002E01DD304600E070424201002F01DDA8
S3150800E700384600E0784292FBF0F0AB4A105C10FB0A
S3150800E71001F03F30C0114FEA600800F0010202EB39
S3150800E720080B49464C4500DA2146A1EB0001ADF835
S3150800E730581001DD214600E049460144ADF85C1059
S3150800E7405146554500DA2946A1EB0001ADF85A10A5
S3150800E75001DD294600E051460844ADF85E004598BB
S3150800E76016A982680846FAF770F900287ED0159827
S3150800E770002100287BD0002E16DDAAEB080000B287
S3150800E780CDE90001A5EB080002B24B46214620A8B8
S3150800E79009F092FC0AEB0B00012100B2CDE9000159
S3150800E7A04B4605EB0B0015E00AEB0B0000B2CDE972
S3150800E7B0000105EB0B0002B24B46214620A809F0E2
S3150800E7C07BFCAAEB0800012100B2CDE900014B460B
S3150800E7D0A5EB080002B221460AA809F06DFC002143
S3150800E7E020A809F0E5F9189000210AA809F0E0F92F
S3150800E7F0159046984FF0FF39C846407AC00623D48C
S3150800E800A819032100B2CDE90001E01B03B22A468C
S3150800E81021462BA809F050FC039902200A149119E5
S3150800E82009B2CDE90010039801B2C81B03B236A895
S3150800E83009F042FC00212BA809F0BAF9814600210B
S3150800E84036A809F0B5F98046BDF85C00BDF8581041
S3150800E850401A401C04B2FBF779F808F08DFB054610
S3150800E86016A806F01BFFA84206D201E0A1E027E0A1
S3150800E87016A806F013FF0546AA4628460EF0C4F960
S3150800E8808346BDF95E70BDF85A00ADF85E000025F6
S3150800E890514658460EF052FB1C2119A80EF020FBD3
S3150800E8A016A9199146980088ADF86C004698BDF9E6
S3150800E8B05A60007A8DF87C00CDF870B01E9145E05C
S3150800E8C009EB0B00CDE900A103B204EB0B0001B282
S3150800E8D02A4620A809F0F0FB0121A9EB0800CDE99A
S3150800E8E000A103B2A4EB080001B22A4674E700BFF0
S3150800E8F0BDF958100BEB0500234632B2079009F014
S3150800E900F9FA8DF8740018B9214607980EF0E8FA56
S3150800E91025442919514505D2BDF85E00401CADF8BD
S3150800E9205E0012E002208DF8740019A945980AF0D5
S3150800E9304FF8BDF85E000025401CADF85A00ADF84A
S3150800E9405E00514658460EF0F9FA761CBE42CFDDF7
S3150800E950BDF95A10BDF95E00814209D0401EADF8D6
S3150800E9605E0002208DF8740019A945980AF030F85F
S3150800E97058460EF095F920A809F0DEFA0AA809F01B
S3150800E980DBFAB9F1FF3F02D02BA809F0D5FAB8F1A6
S3150800E990FF3F02D036A809F0CFFA189809F0FEFD15
S3150800E9A0159809F0FBFD484609F0F8FD404609F0C0
S3150800E9B0F5FD49B0BDE8F08F86AF02082DE9F04FA6
S3150800E9C08346B1F902000C46401E411000F00100D2
S3150800E9D0158889B00844281AADF80000108808443C
S3150800E9E0ADF80400B2F90210B3F90200814200DA68
S3150800E9F00846ADF80200B2F90200B3F902108842DF
S3150800EA0000DC0846401EADF8060069460846DBF8F5
S3150800EA100820FAF71AF800281FD0E08818B1A0884D
S3150800EA2008B1012600E000260127684609F0A0FA89
S3150800EA3000B906B100271C2102A80EF051FACDF83C
S3150800EA4008D02088ADF81000207A6D468DF8200091
S3150800EA5037B102A9584609F0BBFF09B0BDE8F08FE7
S3150800EA60BDF80400BDF80010BDF90670401A401C38
S3150800EA700FFA80F9BDF80200ADF8060048460EF018
S3150800EA80C3F8824605900795002056B1B4F90600EA
S3150800EA90B4F904100844BDF9021091FBF0F200FB2A
S3150800EAA012108046BDF9025031E0494650460EF034
S3150800EAB045FABDF900104B462AB2504609F01AFA33
S3150800EAC08DF81800A6B178B1B4F90410414502DAF8
S3150800EAD000208DF81800B4F90600B4F904100144B2
S3150800EAE0414501DC4FF0000808F101000FFA80F8F3
S3150800EAF002A9584609F06CFFBDF80200401CADF8A3
S3150800EB000200BDF80600401CADF806006D1CBD42AB
S3150800EB10CBDD50460EF0C4F89FE77CB505460BF0F2
S3150800EB2099FA446A28460BF05DFA626A05468168D6
S3150800EB3068461432F9F789FF002835D0AE68C5F85B
S3150800EB4008D094F83C00800621D5628FE08E824278
S3150800EB5008D1212329462046FEF710F82046628F61
S3150800EB6021231DE0202329462046FEF707F82046E4
S3150800EB70628F20232946FEF753F82046E28E0123AA
S3150800EB802946FDF7FBFF2046E28E012308E02046D2
S3150800EB90628F20232946FDF7F1FF628F2046202346
S3150800EBA02946FEF73DF8AE607CBD00002DE9F04F22
S3150800EBB0D5B005460BF04EFA0446008E00287DD0E7
S3150800EBC028460BF00FFA4F90608C49A940F00800D0
S3150800EBD0608420460FF0CCFA0025278C2584608CAB
S3150800EBE0A94640F008012E46C846618433A809F0B4
S3150800EBF0F9FC41A808F02AFF4FF4A02A33AA514687
S3150800EC00204610F027FD41AA5146204610F074FC14
S3150800EC10608C002120F0080060842046278410F0CC
S3150800EC20ADF953900021204610F0D6F852900021F5
S3150800EC30204610F01FF951900021204610F056F991
S3150800EC40509020A84F990FF039F8B548CDF8B4A0E0
S3150800EC50CDE9210812A824900AA8259054E1761C2B
S3150800EC60B6B2606AAFA150F82600F1F7E1FE0028B7
S3150800EC70F5D0E06A30F81500C0F30011002974D108
S3150800EC808846C0F3002109B14FF00108C0F380108F
S3150800EC9010B148F0800014E0A08EA84212D1B80640
S3150800ECA001D548F02008B80701D548F002087807CA
S3150800ECB001D548F00408380704D500E02CE148F0EF
S3150800ECC008008046A06A00EBC50103A806F0B0FC60
S3150800ECD0BDF80C10BDF82401B8F1000F0144ADF8D9
S3150800ECE00C10BDF80E20BDF826110A44ADF80E200A
S3150800ECF0BDF810201044ADF81000BDF81200084405
S3150800ED00ADF8120026D0A4F82080608C40F00801E7
S3150800ED10618412A809F066FC0AA808F097FE12AAF0
S3150800ED205146204610F096FC0AAA5146204610F095
S3150800ED30E3FB2784608C20F008016184E06A30F8E0
S3150800ED401500C0F3C02000289DF845000ED040F0FD
S3150800ED5001000DE0382233A912A80DF0EFFF20229A
S3150800ED6041A90AA80DF0EAFFE8E7C9E020F001008A
S3150800ED708DF8450003A8239020AA1A212E9520462F
S3150800ED800BF06AF99DF86B004108C9063CD520F0DE
S3150800ED903E001E308DF86B00B4F914305199BDF958
S3150800EDA00C2019448A4203D120F008008DF86B0024
S3150800EDB0B4F918205098BDF91010101A814205D1DF
S3150800EDC09DF86B0020F010008DF86B00B4F9162042
S3150800EDD05398BDF90E101044814205D19DF86B0079
S3150800EDE020F004008DF86B00B4F91A205298BDF98A
S3150800EDF01210101A814207D19DF86B00810849004C
S3150800EE0061F345008DF86B00BDF81210BDF90E00D0
S3150800EE10091A491C0FFA81FB5FEA886108D5E16A7D
S3150800EE2031F81510490503D5A0EB0B00ADF80E0017
S3150800EE3003AA12A94F9809F0C1FB606ABDF93C30D4
S3150800EE40BDF93A1050F826000890BDF82801BDF81B
S3150800EE5024C10A9AA0EB0C00401C00B2CDE90010B0
S3150800EE609DF845C0CDF808C054A8089914F0A0FB31
S3150800EE70BDF81010BDF80C00BDF95031091A491C2F
S3150800EE8009B2C91A01EBD17100EB6100ADF80C00AB
S3150800EE90BDF81210BDF80EC0BDF95221A1EB0C0148
S3150800EEA0491C09B2891A01EBD1710CEB610109B24F
S3150800EEB01844ADF81000881802B2ADF80E10ADF877
S3150800EEC012205FEA88600ED5E06A30F81500400522
S3150800EED009D50BEBDB70A1EB6001A2EB6000ADF886
S3150800EEE00E10ADF81200CDF8009003AA0AA9089BE7
S3150800EEF04F9808F00BFB20AA1B2120460BF0ACF814
S3150800EF006D1C761CADB2B6B2208EA8423FF6A9AEED
S3150800EF10608C20F00800608455B0BDE8F08F0000D2
S3150800EF20749B04080A0000002DE9F04FA7B00546B7
S3150800EF300BF090F8044628460BF054F8229000216E
S3150800EF4020460FF08FFE054600211222204610F0BB
S3150800EF5039F828440FFA80FB00211322204610F0C6
S3150800EF6031F828440FFA80FA0021204610F00CF8F0
S3150800EF7028440FFA80F918A808F068FD18AA4FF473
S3150800EF800031204610F0B8FAA06A08B1179009E0D7
S3150800EF9080200DF039FE05460146802220460AF0FB
S3150800EFA041FE179594F83C00002700F00F00012851
S3150800EFB000D1012720460021162210F003F8C0B21E
S3150800EFC0012800D10127E06A002868D00CF090FCDF
S3150800EFD0804602280DD002A9E06A0CF01FF9012824
S3150800EFE01BD04FF0FF363546E7B1A18A01EB0B007F
S3150800EFF01CE0BDF972009DF87D2041F6FF718DE891
S3150800F0000700BDF97430189A15A8E16A14F0D0FA09
S3150800F010BDF95460BDF95650E6E70298C0F38A2652
S3150800F020450DE1E7218BA1EB0A00801B711EADF8A7
S3150800F03014000844ADF81800B8F1020F5DD0204658
S3150800F0400FF0CFF8401BE18A00EBD07001EB6000AF
S3150800F050ADF81600691E0844ADF81A0011A808F0A4
S3150800F0603BFA4FF4003811AA4146204610F0F1F950
S3150800F07006EBD6704010ADF8480005EBD570401089
S3150800F080ADF84A0020466E2241460FF09BFFADF8C8
S3150800F090440005AA11A9E36A229808F0E9F909A823
S3150800F0A008F0D4FC09AA0021204610F025FABDF97B
S3150800F0B036009DF8412041F6FF718DE80700BDF93D
S3150800F0C0383007A8099A179914F072FAE18A01EB01
S3150800F0D00900BDF81E10ADF80E000844ADF8120080
S3150800F0E0E06AE0B13FB3218BA1EB0A00BDF81C1022
S3150800F0F0B0EB0100ADF80C0024E0E18A6D1E01EBCF
S3150800F1000900ADF816002844ADF81A000020009052
S3150800F11005AA18A9E36A229808F0F8F9BFE7204675
S3150800F12010F008F9BDF91C10A28A401A00EBD0703D
S3150800F13002EB6000DEE7A18A01EB0B00BDF81C10AC
S3150800F140ADF80C000844ADF810000020009003AAA2
S3150800F15009A9179B229808F0D9F9A06A002802D1B4
S3150800F16017980DF09DFD27B0BDE8F08F2DE9F04703
S3150800F17098B005460AF06EFF044628460AF032FFA4
S3150800F180064609A920460EF091FF94F84800002586
S3150800F190C10600D50125800601D545F002050021E6
S3150800F1A0204610F002F8A0F51C51D13904D1608C24
S3150800F1B0000501D445F004050BA808F047FCB4F88F
S3150800F1C04400ADF84200B4F84600ADF844008DF8A6
S3150800F1D049500BAA0021204610F08EF99DF84800E8
S3150800F1E04FF0010808B98DF84880E06B0C90206C48
S3150800F1F00D900C994FF6FF7081421ED00D998142F1
S3150800F2001BD04FF4802927465522494620460FF041
S3150800F210D9FE024649463846FAF7E2F90090BDF8A3
S3150800F2200000ADF83A002046202249460FF0CAFEF3
S3150800F2300090BDF80000ADF83C0094F8480041F68F
S3150800F240FF7A00F00700022801D003281ED19DF896
S3150800F2504800022801D0032818D1BDF93E10CDE98F
S3150800F260001A0295BDF940300B9A16A8616A14F087
S3150800F2709FF9BDF82800BDF82410401A401CBDF9B6
S3150800F280581000B2884201DA8DF8488094F8480090
S3150800F29004F1300700F00700032809D0BDF82A005A
S3150800F2A0BDF82610401A401C00B2B0F5806F00DA8F
S3150800F2B0002709A914A8B268F9F7C7FB00287DD06A
S3150800F2C094F8480040070BD120460FF0FDF840425D
S3150800F2D002B2002109A806F01AFA608BADF82A00D6
S3150800F2E094F848000DF1500900F00700022813D0E1
S3150800F2F0032811D0009709AA0BA93046636A08F0BB
S3150800F30005F9B068C6F80890804694F8480000F0F9
S3150800F310070003280FD05FE0D6F80880C6F80890E3
S3150800F320009709AA0BA93046636A08F0EFF8404629
S3150800F330C6F80880E6E7BDF93E10CDE9001A029541
S3150800F340BDF940300B9A06A8616A14F031F9BDF888
S3150800F3502800BDF82410401A401CBDF9181000B248
S3150800F360884219DA202211460B980AF089FFB4F868
S3150800F3704410BDF8182000EB400011440844ADF8CD
S3150800F3804200B4F84600ADF84400009709AA0BA954
S3150800F3903046636A08F0BAF8BDF82A00BDF82610A8
S3150800F3A0401A401C01B2BDF91A00814214DAB4F8B9
S3150800F3B04410ADF842100B99098900E00EE0B4F844
S3150800F3C04620009710440844ADF8440009AA0BA942
S3150800F3D03046636A08F09AF8C6F8088018B0BDE89F
S3150800F3E0F0872DE9F04397B007460AF0F5FD054684
S3150800F3F038460AF02FFE04464FF48026152D7ED097
S3150800F400182D7DD138460AF0EDFD054607A808F007
S3150800F4101DFB07AA3146204610F06EF813A92046B0
S3150800F42004F088FA13AA15A8A968F9F70EFB0028AC
S3150800F43066D0204604F00DF881460CF02BFE28B164
S3150800F4409DF8390040F001008DF8390020460FF08C
S3150800F45071FF064648460CF022FE0146BDF92E000D
S3150800F4600222CDE900060292BDF9303005A8079AB6
S3150800F47014F09EF820460EF0B4FEB4F9161000EB10
S3150800F480D076B9F9160001EB6601471A48460EF020
S3150800F490A8FEB90391FBF0F7002120460FF022FEE3
S3150800F4A00799B0F90800B1F90810081A00EBD070EE
S3150800F4B0BDF816104010091A09B2ADF81610E28AFE
S3150800F4C0794302EB660202EBA1310F1A00212046AE
S3150800F4D00FF0CEFB80462046002112220FF072FD67
S3150800F4E006462046002113220FF06CFDA28A06EB81
S3150800F4F008011144ADF84010ADF8427001E023E070
S3150800F5001FE0218B081AA0EB0800ADF84400BDF8EF
S3150800F51016003844ADF846009DF8390040F0020060
S3150800F5208DF8390015A8AC68A86048460CF0B7FDF8
S3150800F53003460020009010AA07A9284607F0E6FF10
S3150800F540AC6017B0BDE8F08338460AF04BFD0546B7
S3150800F55010A9204604F0EEF9684609F043F86A4611
S3150800F5603146204610F076F810AA6946284609F072
S3150800F57025F8E6E72DE9F043ABB005460AF06AFD43
S3150800F580044628460AF02EFD8146002120460FF043
S3150800F5907DFC0746002120460FF0B4FC06460021F4
S3150800F5A020460FF0FDFC0546002120460FF020FC02
S3150800F5B0A18AE28AADF88A20238BADF88C30B4F89C
S3150800F5C01AC03944ADF88810991BADF88C10ACEB0D
S3150800F5D000005119ADF88E00ADF88A1006A809F09A
S3150800F5E001F806AA4FF40031204610F033F822AA93
S3150800F5F006A9484608F0E2FF20460EF0F2FD054649
S3150800F600208BA18A411A491C481B06B2606A411C14
S3150800F61006D07043C11700EB116040F30F2708E0CE
S3150800F62020460FF0B1FA10F0010F01D0374600E07E
S3150800F63000272046002116220FF0C4FCC0B201287C
S3150800F64001D1F01B07B2A08A3844ADF8000028445F
S3150800F650ADF80400E08AADF80200608BADF806004C
S3150800F6604FF44037394620460FF010FC0646394617
S3150800F67020460FF047FC8046394620460FF090FC9E
S3150800F6800546394620460FF0B3FBBDF80010BDF815
S3150800F6900420891BADF8001002EB0801ADF8041030
S3150800F6A0BDF80210491BADF80210BDF80610084453
S3150800F6B0ADF8060014A808F095FF14AA39462046A6
S3150800F6C00FF0C8FF6A4614A9484608F077FF2BB022
S3150800F6D0BDE8F0832DE9F04FE1B005460AF0BAFC23
S3150800F6E0044628460AF07EFC8246826804F1140124
S3150800F6F030A8F9F7AAF900287ED0DAF808000F90A2
S3150800F70030A8CAF808002046002132220FF05AFC19
S3150800F71000B25790002120460FF048FC5B9000216C
S3150800F72020460FF06BFB5D90002120460FF0B4FBDE
S3150800F7305A90002120460FF0EBFB5990208C0026AA
S3150800F74009902684608C40F00800608422A808F09E
S3150800F75049FF4FF4A02522AA294620460FF07AFF32
S3150800F76032A808F073F932AA294620460FF0C4FEDB
S3150800F77009982084608C002720F0080060842046C1
S3150800F7800EF0B0FE0146E28A5B981044411A57987B
S3150800F7900844401EADF8160020460EF09CFE589010
S3150800F7A0002120460FF025FA012800D000208346C4
S3150800F7B0514642A80EF082FA4FF4A0204F90EB482B
S3150800F7C043900020449014A846903AA847900020F9
S3150800F7D089E0E06A30F91910BDF816005491401C0A
S3150800F7E000B2491E0144ADF81200ADF81610BDF975
S3150800F7F0C61088427CDC00E07DE0BBF1000F0AD031
S3150800F800218B5998091A5898091A5798081A401EA8
S3150800F810ADF8100009E0A18A5A9801445898091AC7
S3150800F82057980844401EADF81400002555E00020FE
S3150800F8305590A06A50F8270008B100785590BBF19A
S3150800F840000F0CD0BDF81000401EADF81400216B57
S3150800F85031F81510401A401CADF810000BE0BDF841
S3150800F8601400401CADF81000216B31F8151008443F
S3150800F870401EADF8140000261DE0A06AB91950F81C
S3150800F8802100E8B10078C0071AD0206BA919022216
S3150800F89002EB4101405EBBF1000F05D0BDF8101028
S3150800F8A0081AADF8100004E0BDF814100844ADF8C5
S3150800F8B01400761CB6B2A08C7119401E8142DCDB9E
S3150800F8C0BDF91600BDF9C210884217DAB819401CEE
S3150800F8D087B2A81980B2401C85B2A08CA842A6D8C7
S3150800F8E009F1010080B2E18C814649453FF671AFC6
S3150800F8F00F99CAF8081061B0BDE8F08FBDF910205D
S3150800F900ADF82820BDF91280ADF82A80BDF914108B
S3150800F910ADF82C10ADF82E0086469DF8AB00C0F366
S3150800F920440043070DD5B4F914C05A9B63449A4260
S3150800F93007DDBDF9A83003EBD373A2EB6302ADF87C
S3150800F940282082070DD5B4F916305B9A1A449045DB
S3150800F95007DDBDF9A82002EBD272A8EB6202ADF86A
S3150800F9602A20020711D5B4F91830599A9A1A521E44
S3150800F97091420ADABDF9A82002F0010302EBD2721D
S3150800F98003EB62021144ADF82C10C00712D0B4F98B
S3150800F9901A205D98101A401E86450BDABDF9A80094
S3150800F9A000F0010100EBD07001EB600101EB0E00E5
S3150800F9B0ADF82E00E28E00214A457DD1A08EA842E0
S3150800F9C07AD1208C420602D4820600D520218207ED
S3150800F9D001D541F00201420701D541F004010007B3
S3150800F9E001D541F00801002966D02184608C40F0D9
S3150800F9F00801618414A808F0F5FD3AA808F026F86D
S3150800FA004FF4A02814AA414620460FF023FE3AAA2E
S3150800FA10414620460FF070FD09982084608C20F03E
S3150800FA20080161840AA84590A18C42AA09FB0150E5
S3150800FA3050901A2120460AF00FFB0AAA14A950462C
S3150800FA4008F0BCFDA06A50F8270000287ED04FF4C5
S3150800FA50A028414620460FF01FFA0C904146204642
S3150800FA600FF056FA1290414620460FF09FFA029080
S3150800FA70414620460FF0C2F9BDF810300C9ABDF881
S3150800FA8012C01A440FFA82F8BDF81430129AADF86B
S3150800FA9040809A1A13B2ADF84430029A014662447D
S3150800FAA0ADF84220BDF816200020511AADF84610D0
S3150800FAB05599C1F3400100E018E05E9101B10220BA
S3150800FAC0A3EB0801491CBDF9FA2009B20092CDE959
S3150800FAD00110A06ABDF9FC30329A50F827105CA8CC
S3150800FAE0083113F065FD5E9858B11FE0382222A947
S3150800FAF014A80DF023F9202232A93AA80DF01EF910
S3150800FB0090E75498BDF81210BDF9722100EBD07039
S3150800FB1001EB600302EBD272401000EB6200A3EB2C
S3150800FB2062030844ADF84230ADF8460004AA30A98D
S3150800FB305FA8F8F78AFF48B15FA90020CAF808103D
S3150800FB400090A06A10AA50F8273000E007E03AA90A
S3150800FB505046083307F0DAFC30A9CAF8081042AA5A
S3150800FB601B2120460AF078FAB0E600008C9C0408AF
S3150800FB7030B5054691F82A0089B00C4602285FD9A7
S3150800FB80E08C00285CD0114604A805F03FFD208DC6
S3150800FB90BDF81010401E091AADF81010BDF8121065
S3150800FBA0091AADF81210BDF814100144ADF8141076
S3150800FBB0BDF816100844ADF8160004A906A805F005
S3150800FBC025FDBDF81810E08CBDF81220091AADF80D
S3150800FBD01810BDF81C100844ADF81C00BDF81A0032
S3150800FBE0E18C401AADF81A00BDF81E00E18C0844F5
S3150800FBF0ADF81E00BDF81400BDF81010401ABDF887
S3150800FC001610401C891A491C00B209B2B4F9002022
S3150800FC10884200DA0146B2EB610F00DD4A10E08C3B
S3150800FC20A178104403B294F82A00CDE90201A08C09
S3150800FC30ADF80400009204AA06A92846FCF7D0FCF1
S3150800FC4009B030BD2DE9F0418CB005460AF002FA3C
S3150800FC50044628460AF0C6F98046606A0CF01FFA80
S3150800FC60007800283BD1A06A002838D00078002800
S3150800FC7035D001A807F0EAFE01AA4FF40021204674
S3150800FC800FF03AFC94F86000000705D59DF82100AE
S3150800FC9040F002008DF82100002120460FF002F9FD
S3150800FCA00746002120460FF087F906460021204620
S3150800FCB00EF0E4FF054604F1140109A805F0D3FC8B
S3150800FCC0701902B2781901B209A805F020FD0020C2
S3150800FCD0009009AA01A94046A36A07F017FC0CB0D0
S3150800FCE0BDE8F0817CB50446806961896D46866801
S3150800FCF0A08961B1002865D0814203D12289E388B1
S3150800FD009A427CD302297BD003297AD0AFE010BB74
S3150800FD10E088218988421ED2B4F9060013F084FBD4
S3150800FD20B4F90410B4F90E20891A484321684988A1
S3150800FD3001EBE030ADF80200E0885A3000B213F06B
S3150800FD4073FBA18810FB01F02168098801EBE030FC
S3150800FD50ADF8040040E020680088ADF8000020688F
S3150800FD60A18840880844ADF80600B4F9060013F0E7
S3150800FD705BFBB4F90410B4F90E20891A48432168CC
S3150800FD80498801EBE030ADF80200E0885A3000B24D
S3150800FD9013F04AFBA18810FB01F021683246098856
S3150800FDA001EBE030ADF8040069460846F8F74DFE69
S3150800FDB030B1A0698560D4E90520216908F0FEFB09
S3150800FDC0A08970BB2068A18800880844ADF80400A3
S3150800FDD020684088ADF80200B4F9080013F024FB47
S3150800FDE0A18810FB01F02168498801EBE030ADF8E5
S3150800FDF0060020895A3000B213F016FB02E015E01F
S3150800FE0012E00FE0B4F90410B4F90E20891A484339
S3150800FE1021683246098801EBE030ADF800006946F2
S3150800FE201AE024E0022801D0012820D120683246B1
S3150800FE300088ADF8000020684088ADF80200206808
S3150800FE40A18800880844ADF804002068A188408885
S3150800FE500844ADF8060029460846F8F7F6FD30B11D
S3150800FE60A0698560D4E90520216908F0A7FBA06987
S3150800FE7086607CBD7CB50446806961896D46866866
S3150800FE80A08901290CD0012867D0814203D1228993
S3150800FE90E3889A427ED300297DD003297CD0B5E039
S3150800FEA0012822D1E088218988421ED2B4F90600A9
S3150800FEB013F0BAFAA18810FB01F02168498801EB12
S3150800FEC0E030ADF80600E0885A3000B213F0ACFA1C
S3150800FED0B4F90410B4F90E20891A48432168098830
S3150800FEE001EBE030ADF8040042E02068A188008804
S3150800FEF0401AADF8000020684088ADF80200B4F951
S3150800FF00060013F091FAA18810FB01F021684988D0
S3150800FF1001EBE030ADF80600E0885A3000B213F085
S3150800FF2083FAB4F90410B4F90E20891A48432168F3
S3150800FF303246098801EBE030ADF804006946084608
S3150800FF40F8F783FD30B1A0698560D4E905202169F9
S3150800FF5008F034FBA089012858D120680088401E83
S3150800FF60ADF804002068A18840880844ADF806006A
S3150800FF70B4F9080013F058FAB4F90410B4F90E20CD
S3150800FF80891A48432168498801EBE030ADF8020038
S3150800FF90208902E018E010E014E05A3000B213F0AD
S3150800FFA043FAA18810FB01F021683246098801EB63
S3150800FFB0E030ADF8000069461DE0022804D00328A9
S3150800FFC002D023E0022821D12068A1883246008881
S3150800FFD0401AADF8000020684088ADF80200206895
S3150800FFE00088401EADF804002068A18840880844AF
S3150800FFF0ADF8060029460846F8F727FD30B1A0698E
S315080100008560D4E90520216908F0D8FAA0698660D7
S315080100107CBD7CB50446806961896D468668A08980
S3150801002002290CD002287ED0814203D12289E38895
S315080100309A4279D3002978D0012977D0D4E00228C9
S315080100403FD1E088218988423BD25A3000B213F069
S31508010050EBF9A18810FB01F02168098801EBE03072
S31508010060ADF80000B4F9060013F0DEF9B4F904108E
S31508010070B4F90E20891A48432168498801EBE03012
S31508010080ADF80600B4F9080013F0CEF9A18810FB03
S3150801009001F02168498801EBE030ADF802002089BA
S315080100A05A3000B213F0C0F9B4F90410B4F90E20AD
S315080100B0891A48432168098801EBE030ADF8040044
S315080100C066E020680088401EADF804002068A18813
S315080100D04088401AADF80200E0885A3000B213F0A1
S315080100E0A3F9A18810FB01F02168098801EBE0302A
S315080100F0ADF80000B4F9060013F096F9B4F9041046
S31508010100B4F90E20891A484321683246498801EB19
S31508010110E030ADF8060069460846F8F796FC58B18E
S31508010120A069856003E00AE03BE034E036E0D4E903
S315080101300520216908F042FAA089022854D12068CD
S31508010140A1880088401AADF8000020684088401E42
S31508010150ADF8060020895A3000B213F065F9B4F9F2
S315080101600410B4F90E20891A48432168098801EB5D
S31508010170E030ADF80400B4F9080013F055F9A18888
S3150801018010FB01F02168498801EBE030ADF8020067
S31508010190324669461DE0032803D025E0032800D02E
S315080101A010BB2068A18832460088401AADF80000C5
S315080101B02068A1884088401AADF8020020682946BF
S315080101C00088401EADF8040020684088401EADF83E
S315080101D006000846F8F739FC30B1A0698560D4E90C
S315080101E00520216908F0EAF9A06986607CBD7CB51D
S315080101F00446806961896D468668A08903290ED0FF
S31508010200032867D0814203D12289E3889A427ED3A3
S3150801021002297DD001297CD002297BD0B1E00328AF
S315080102201FD1E088218988421BD25A3000B213F0C7
S31508010230FBF8B4F90410B4F90E20891A4843216869
S31508010240098801EBE030ADF80000B4F9060013F0B7
S31508010250EBF8A18810FB01F02168498801EBE03031
S3150801026040E02068A18800880844ADF804002068A9
S315080102704088401EADF80600E0885A3000B213F0F7
S31508010280D3F8B4F90410B4F90E20891A4843216841
S31508010290098801EBE030ADF80000B4F9060013F067
S315080102A0C3F8A18810FB01F021683246498801EBA1
S315080102B0E030ADF8020069460846F8F7C6FB30B1EA
S315080102C0A0698560D4E90520216908F077F9A08934
S315080102D0032856D120680088ADF800002068A18857
S315080102E04088401AADF8020020895A3000B213F04E
S315080102F09BF8A18810FB01F02168098801EBE03021
S31508010300ADF80400B4F9080013F08EF803E016E01E
S3150801031010E013E00FE0B4F90410B4F90E20891ABD
S31508010320484321683246498801EBE030ADF80600BA
S3150801033069461BE018B1012801D022E008BB2068F4
S3150801034032460088ADF800002068A1884088401A26
S31508010350ADF802002068A18800880844ADF80400B9
S31508010360206829464088401EADF806000846F8F779
S315080103706CFB30B1A0698560D4E90520216908F0D4
S315080103801DF9A06986607CBD70B5A4B00C4605460A
S3150801039020AA22A90EF0ADF822A805F07FF920B906
S315080103A020A805F07BF900283ED012A9284615F0A9
S315080103B06DFC012838D1214668460DF07FFC1B48A3
S315080103C001900220029012A804904FF480300D90FB
S315080103D022A805F063F980B122A803906A461A217A
S315080103E0284609F039FE22AA12A9204608F0E6F89D
S315080103F06A461B21284609F02FFE20A805F04EF96A
S31508010400002811D020AE6A461A212846039609F01B
S3150801041023FE20AA12A92046039608F0CFF86A46B9
S315080104201B21284609F018FE24B070BD4CAE0208FF
S315080104302DE9F04F88468A68B5B0044600F11401E3
S3150801044025A8F8F702FB00287ED0D8F808003090D6
S3150801045025A9C8F80810002120460EF0F9FC064621
S31508010460002120460EF078FD299020460DF066FE03
S31508010470B4F88410484340F30F2B20460DF044FE90
S31508010480B4F88610484340F30F20289004F124005D
S315080104902790F8F79CFF0546002120460EF0C0FC80
S315080104A0B4F884104FF4A0294843B4F88210021214
S315080104B0C1F1010303FB02B090FBF1F00FFA80FAD8
S315080104C0494620460EF0ACFCB4F88410C5F1010289
S315080104D048430012219002FB00A0B0FBF5F007B2D9
S315080104E0012F00DA0127002120460EF0B5FB05464B
S315080104F020460DF01DFF301A284400B231902046DF
S315080105000DF0E2FF2999081A284400B2329012A880
S3150801051008F068F812AA4D46494620460FF09AF89F
S315080105209DF8570020F007008DF85700FF208DF839
S315080105304B00608BBDF848100844ADF8AE00414643
S3150801054068460DF0BBFB00E08AE0474801900420AD
S315080105500D95002602907BE0ABEB0A017143401E24
S3150801056091FBF0F131980144A08A0E9608440FFADE
S3150801057080F92798F8F740FF66E0287BC0075FD126
S315080105802946204606F02EF97A1E4A4412B2ADF8DB
S31508010590AC20219B01B23B444846ADF8A8900344E0
S315080105A00FFA83F9BDF994309A4249DBBDF99820CF
S315080105B090424BDC2889ADF84C008819B4F88210B2
S315080105C0DDF8A0C090FBF1F201FB12002A7B6968F5
S315080105D0C2F3001304EB430200B232F96C3F31F95E
S315080105E01010B2F90420C91A01FB0CF1D21A91FBB9
S315080105F0F2F1ACEB01023299E38A11441944ADF8E0
S31508010600AA10696831F91010A1F5FE42FF3A17D010
S315080106102AA9039112A91195049169686A4631F9C3
S31508010620100010901A21204609F016FD2AAA12A9CF
S31508010630404607F0C3FF6A461B21204609F00CFD18
S3150801064029462798F8F7D5FE050096D1761CB6B245
S31508010650B4F88200B0423FF67FAF3098C8F8080078
S3150801066035B0BDE8F08F0000C8AF02082DE9F04F9C
S3150801067089468A6800F11401C1B005460F463CA8AF
S31508010680F8F7E3F900287DD03CA9D9F808A0C9F8FC
S315080106900810B5F88200022874D3002128460EF006
S315080106A0DBFA0446002128460EF0D2FB0619002182
S315080106B028460EF051FC044428460DF03FFDB5F8D6
S315080106C08410484340F30F200F9028460DF01CFD77
S315080106D0B5F88610484340F30F20099028460DF0D7
S315080106E027FE0146A88A3044401A00B239902846A6
S315080106F00DF0EAFEE98A2144081A00B23A90394611
S315080107003EA8D9F80820F8F7A0F900283AD027A872
S3150801071007F02BFA27AA4FF4A02128460EF03CFF32
S315080107202AA807F05FFF4FF400342AAA2146284673
S315080107300EF090FF214628460EF031FD00EBD070F1
S315080107404710214628460EF0C3FA00EBD070411037
S315080107508B46BDF99E005F4501DA3A4600E00A4636
S3150801076000EBD071B2EB610F05DD9DF8A51041F0E4
S3150801077010018DF8A510012807D19DF8A50040F0B4
S31508010780100000E086E18DF8A500B5F882100F98F3
S31508010790814201DB012000E000203B9005F12400A5
S315080107A03890F8F729FE70E1207BC0077ED12089B1
S315080107B0ADF89C002089ADF8AC002146284606F024
S315080107C011F800B20C903998ADF81800ADF8080088
S315080107D00C98059013906168099B31F91000217BEB
S315080107E0C1F3001205EB420131F96C2FB1F904107E
S315080107F0801A5843891A90FBF1F0191A3A98084455
S31508010800ADF80A00494614A80DF058FAA348159000
S31508010810032016904FF4A020219027A81A902AA801
S3150801082025941890BDF90A00039000260790E9E07F
S31508010830BDF90810ADF81810BDF80A00ADF81A0090
S31508010840BAF90420781C104481427BDC0F98B5F86C
S3150801085082207043531E90FBF3F33998184400B273
S31508010860ADF808000C9B334493FBF2FC02FB1C32E7
S3150801087012B205926368DDF824C033F91220237B8E
S31508010880C3F3001305EB4303B3F96C80B3F9703076
S31508010890A2EB080202FB0CF2A3EB080392FBF3F2AC
S315080108A0ACEB02033A9A1A4412B200E0E9E0ADF859
S315080108B00A209046BAF90020D21B521E90423FDB0D
S315080108C0002E3DD03B9AE2B36368139A33F912C0FE
S315080108D047F6FF72944533D0DDF814C033F91C305E
S315080108E093422DD0079B984501DA1A4600E0424605
S315080108F0039B0792984501DD1A4600E0424603929A
S3150801090081427BD0401EADF81800ADF80800079863
S31508010910ADF81A20ADF80A00824202D1401CADF8A2
S315080109200A0002AB06AA27A9484607F011F9BDF83D
S315080109300800CDF80C80401CADF80800CDF81C80E5
S315080109405CE000E063E0BDF81800C11B3844ADF86F
S315080109503800BDF81A00ADF83410A0EB0B01584465
S31508010960ADF83A00701E2290ADF8361061681398FA
S3150801097031F9101047F6FF70814201D006A900E04F
S3150801098000211D9162680599804632F91110414589
S3150801099001D002A800E000201E900DA817906168FA
S315080109A0139814AA31F9100024901A21284609F03F
S315080109B053FB6068139930F9112042450AD005990D
S315080109C030F91110414505D002AB06AA27A94846B8
S315080109D007F0BEF86FB1BBF1000F0AD06168139832
S315080109E031F91010414504D00DAA2AA9484607F045
S315080109F0E5FD14AA1B21284609F02EFB0598761C4D
S31508010A00B6B21390B5F88200B0423FF611AF3B98E3
S31508010A10B8BBB5F88200B04233D16168059831F99F
S31508010A201010A1F5FE40FF382BD0BDF80800761E40
S31508010A30C11B3844ADF83010ADF83400BDF80A00D2
S31508010A4014AAA0EB0B015844ADF8360000201D90FE
S31508010A501E900CA81790ADF8321022966168059879
S31508010A6031F9100024901A21284609F0F5FA0CAA42
S31508010A702AA9484607F0A2FD14AA1B21284609F00F
S31508010A80EBFA21463898F8F7B4FC04007FF48CAEEB
S31508010A90C9F808A041B0BDE8F08F0000C8AF020848
S31508010AA02DE9F04F8A468A68B9B0054600F1140166
S31508010AB037A8F7F7CAFF00287BD0DAF80800349080
S31508010AC037A9CAF80810002128460EF0C5F80446C9
S31508010AD0002128460EF0BCF90646002128460EF0EC
S31508010AE03BFA074628460DF029FBB5F8841048431A
S31508010AF040F30F20339028460DF006FBB5F8861013
S31508010B00484340F30F20249028460DF011FCA98A8A
S31508010B1032191144081A00B2259028460DF0D4FC62
S31508010B200146E88A3A191044401A00B228902CA8BE
S31508010B3007F01BF82CAA4FF4A02128460EF02CFD2D
S31508010B4016A807F04FFD4FF4003416AA2146284689
S31508010B500EF080FD214628460EF021FB00EBD070F1
S31508010B604FEA6009214628460EF0B2F800EBD0702C
S31508010B7043109846BDF9B2004A46C14500DB1A46FC
S31508010B8000EBD071B2EB610F05DD9DF8B91041F0AC
S31508010B9010018DF8B910012805D19DF8B90040F06A
S31508010BA010008DF8B90005F124002A90F8F724FC05
S31508010BB03EE143E1207BC0077ED12089ADF8B00034
S31508010BC02089ADF85C002146284605F00BFE06B2E1
S31508010BD02598ADF8D8002996ADF89C006068B3460B
S31508010BE030F816000A282CD0339800902068002384
S31508010BF030F91670207BC0F3C00105EB4100B0F94E
S31508010C007820B0F9741038460BF0B1FF2599002306
S31508010C100844ADF89C0024980090606830F9167075
S31508010C20207BC0F3001105EB4100B0F97020B0F943
S31508010C306C1038460BF09BFF2499081A289908442A
S31508010C4002E08048ADF89C00ADF89E00514602A826
S31508010C500DF034F84FF4A0200F907B480390032041
S31508010C6004902CA8089016A80027139406909FE0D4
S31508010C70BDF89C00ADF8D800BDF89E00ADF8DA00C5
S31508010C802998B5F88220C11991FBF2F002FB1010E0
S31508010C9006B2606830F91600A0F5FE41FF3969D041
S31508010CA024990091217BC1F3001205EB4201B1F9A8
S31508010CB07020B1F96C1000E0B6E000230BF057FF85
S31508010CC024990023081A28990844ADF89E003398F8
S31508010CD00090217B2068C1F3C00105EB410130F981
S31508010CE01600B1F97820B1F974100BF040FF259977
S31508010CF00844ADF89C00EFB3BDF8D800A0EB090194
S31508010D00ADF8BC104844BDF8DA10ADF8C000A1EB47
S31508010D100800ADF8BE0001EB0800ADF8C200781E68
S31508010D201090616831F91B10A1F5FE40FF3801D01A
S31508010D3036A900E000210B91616831F91610A1F579
S31508010D40FE40FF3801D027A800E000200C902FA80C
S31508010D500590616802AA31F91B0012901A212846EA
S31508010D6009F07AF9616847F6FF7031F91B2082426A
S31508010D7016D000E019E031F91610814210D027ABE0
S31508010D8036AA2CA9504606F0E3FEB9F1000F07D0A2
S31508010D90B8F1000F04D02FAA16A9504607F00EFC89
S31508010DA002AA1B21284609F057F97F1CB346BFB290
S31508010DB0B5F88200B8423FF65BAFB5F88200B84293
S31508010DC032D1606830F91610A1F5FE40FF382BD0F4
S31508010DD0BDF89C007F1EA0EB09014844ADF8C00090
S31508010DE0BDF89E00ADF8BC10A0EB08014044ADF873
S31508010DF0C2000020ADF8BE100B900C902FA81097DA
S31508010E000590606802AA1A2130F916001290284640
S31508010E1009F022F92FAA16A9504607F0CFFB02AA14
S31508010E201B21284609F018F921462A98F8F7E1FA0C
S31508010E3004007FF4BFAE3499CAF8081039B0BDE88A
S31508010E40F08F000001E0FFFFC8AF02082DE9F74F58
S31508010E50B1F92E00AAB014460E46002872D096F8AB
S31508010E60361002296ED9012808D1B6F934000028AE
S31508010E7004DC308E10B9708E0028EFD02088318EB0
S31508010E804218B08E151AADF82850A28811440B18CD
S31508010E90ADF82C306088718E0844B18E421AADF8CF
S31508010EA02A20E088718E0844B18E0144ADF82E10CF
S31508010EB0B6F92E0000EBD070A5EB60056D1EADF8F6
S31508010EC04C50012505EB60001844ADF85000B6F901
S31508010ED02E0000EBD070A2EB6000401EADF84E006C
S31508010EE0B6F92E0000EBD07005EB60000844ADF8AA
S31508010EF0520096F836002990FD2801D9FF2029903D
S31508010F002A9813A9826827A8F7F79FFD0028A5D074
S31508010F1021461DA804F07AFB4FF0FF3841464246A8
S31508010F201DA804F0E7FBB6F900901DA804F0D0FB54
S31508010F3004461DA804F0A0FB84421DA803DA04F0A8
S31508010F40C7FB02E0FEE304F097FBB9EB600F01DD96
S31508010F504FEA6009B6F900400AA804F0B9FB05464C
S31508010F600AA804F089FB85420AA802DA04F0B0FB54
S31508010F7001E004F081FBB4EB600F00DD4410B6F923
S31508010F802E00051905FB05F040000BF03DFE1090FB
S31508010F900146B6F92E2023460AA816F06DFA13A8BB
S31508010FA006F0E6FF012720B9F078FF2801D3B078CB
S31508010FB060B1002701234A461DA920A807F044FA73
S31508010FC0002120A806F0F4FD269001E0CDF89880CE
S31508010FD013A804F07DFB0BF017FE83461C2115A808
S31508010FE00BF07EFFCDF854D0CDF860B0CDF868D0BF
S31508010FF0B08DADF85C0096F836008DF86C00B078C7
S315080110008DF86D00BDF85000BDF84C20ADF8040010
S31508011010811A491C09B201EBD17102EB61010FFA80
S3150801102081FABDF85220BDF84E10401B521A521CC7
S3150801103012B202EBD27201EB6202401C14B200B288
S315080110406A1EADF80000ADF80210114409B2099202
S31508011050ADF806105246504500DC1046ADF80000C2
S31508011060A14200DB21462A98ADF806106946826836
S3150801107006A8F7F7EAFCD0B34A461DA906A8F7F76A
S315080110800CFDA0BBBDF81C00BDF91810BDF91A204E
S31508011090401A401C00B20890BDF94E301098D21A79
S315080110A002FB0500BDF95020521B891A0844401E4F
S315080110B0059047B14A461DA906A8F7F75EFD10B186
S315080110C001200F9000E00F970898002827DDBDF84A
S315080110D01800ADF80000BDF81C00ADF804000220A8
S315080110E0CDF860B08DF86400BDF91A8013E016E0FA
S315080110F0ADF802800F98ADF8068070B30598189080
S3150801110015A92A9807F064FC05982844059008F162
S3150801111001000FFA80F8BDF91E104145E8DABDF85D
S315080111205000ADF80400401B401C00B2ADF80000A9
S31508011130BDF85220ADF80620511B491C09B2ADF87D
S3150801114002105246504500DC1046ADF80000601CFE
S315080111501190814216DD084615E0FFE72A465846F2
S3150801116005990BF0EBFDBDF9181042465846089B48
S3150801117006F0C0FE8DF864000128C1D102208DF861
S315080111806400BDE7601CADF802002A9869468268CA
S3150801119006A8F7F75AFCD0B34A461DA906A8F7F7D9
S315080111A07CFCA0BBBDF81C00BDF91810BDF90620D2
S315080111B0401A401C00B20890BDF91E301098D21A88
S315080111C002FB0500BDF95020521B891A0844401E2E
S315080111D0059047B14A461DA906A8F7F7CEFC10B1F6
S315080111E001200F9000E00F970898002827DDBDF829
S315080111F01800ADF80000BDF81C00ADF80400022087
S31508011200CDF860B08DF86400BDF91E8013E016E0D4
S31508011210ADF802800F98ADF80680B0B3059818901E
S3150801122015A92A9807F0D4FB059828440590A8F132
S3150801123001000FFA80F8BDF91A104145E8DDBDF83D
S315080112404C0009992844ADF80000BDF85000401B30
S31508011250ADF80400BDF84E00ADF80200084400B22E
S31508011260ADF80600A04200DB2046ADF806002A9834
S315080112706946826806A8F7F7E8FBB0B34A461DA98E
S3150801128006A8F7F70AFCA8B17CE0FFE72A46584604
S3150801129005990BF053FDBDF9181042465846089BAF
S315080112A006F028FE8DF864000128B9D102208DF8D0
S315080112B06400B5E7BDF81C00BDF81810BDF9022099
S315080112C0401A401C00B20890BDF91A101098891AE4
S315080112D001FB050005904FB14A461DA906A8F7F777
S315080112E04CFC18B101200F9001E04BE00F970898CC
S315080112F0002847DD0F9860B100201890BDF8180046
S31508011300ADF80000BDF81C00ADF80400BDF91A00DF
S3150801131033E0CDF860B0F1E7ADF802800F98ADF88B
S31508011320068060B12998FF280598007804D096F8B8
S31508011330361010FB01F0000A8DF86C0013E00598D1
S31508011340089A017858460BF099FDBDF918104246DE
S315080113505846089B06F0CEFD8DF86400012802D197
S3150801136002208DF8640015A92A9807F031FB059823
S315080113702844059008F1010000B2BDF91E10804607
S315080113804145C9DA96F836008DF86C00BDF84C006F
S315080113902844ADF80000BDF85000BDF85210401BB6
S315080113A0ADF80400481B401CADF8061000B21199AF
S315080113B0ADF80200884200DC601CADF802002A98EC
S315080113C06946826806A8F7F740FB78B34A461DA91D
S315080113D006A8F7F762FB48BBBDF81C00BDF8181054
S315080113E0BDF91E20401A401C00B20890BDF906102E
S315080113F01098891A01FB050005900898002851DD07
S315080114003FB14A461DA906A8F7F7B7FB0020189071
S3150801141001E0CDF860B0BDF81800ADF80000BDF8E0
S315080114201C00ADF80400BDF91E0036E03AE000BF25
S31508011430ADF80280ADF806808FB14A461DA906A807
S31508011440F7F79BFB2998FF280598007804D096F8AA
S31508011450361010FB01F0000A8DF86C0013E00598B0
S31508011460089A017858460BF009FDBDF9181042464D
S315080114705846089B06F03EFD8DF86400012802D106
S3150801148002208DF8640015A92A9807F0A1FA059893
S3150801149028440590A8F1010000B2BDF91A1080464A
S315080114A04145C5DD96F836008DF86C00BDF850004B
S315080114B0ADF80400411BBDF84E00491C0AB2284488
S315080114C0ADF8002000B2ADF80200BDF85210119B2C
S315080114D0491B09B2ADF80610984200DB601CADF84D
S315080114E00200A14200DC2146ADF8061050465245DD
S315080114F000DC02462A98ADF800206946826806A8EB
S31508011500F7F7A3FAB8B34A464E461DA906A8F7F750
S31508011510C4FA80BBBDF81C00BDF91810099A401A17
S31508011520401C00B20890109802FB0500BDF9502036
S31508011530521B891A0844401E0590EFB132461DA96F
S3150801154006A8F7F71AFB10B14FF0010800E0B846F4
S31508011550059818900898002836DDBDF81800ADF8EA
S315080115600000BDF81C00ADF8040002208DF86400E7
S31508011570BDF91A6024E027E0B8465846E9E700BFF6
S31508011580ADF80260ADF80660B8F1000F12D1584601
S31508011590089A05990BF0D2FBBDF918103246584640
S315080115A0089B06F0A7FC8DF86400012802D10220E9
S315080115B08DF8640015A92A9807F00AFA761C36B23E
S315080115C0BDF91E00B042DBDA0022109817E000BF11
S315080115D000EB050EAEF10101002305EBD57608E017
S315080115E090F800C091F8008000F8018B01F801C954
S315080115F05B1CB3EB660FF3DB521C704612B2AA42B0
S31508011600E6DBBDF84C000999ADF80000084401B2C3
S31508011610BDF84E00119B284400B2ADF80200BDF892
S315080116205220ADF80410521B12B2ADF806209842AA
S3150801163000DB601CADF80200A24200DC2246AAF1DA
S315080116400100ADF806200C90814200DB01462A987C
S31508011650ADF804106946826806A8F7F7F6F9A8B343
S315080116604A464E461DA906A8F7F717FA70BBBDF8F4
S315080116701C00BDF91810099A401A401C00B20890BE
S31508011680109802FB0500BDF90020891A0844059047
S31508011690EFB132461DA906A8F7F76FFA10B14FF058
S315080116A0010800E0B846059818900898002835DD25
S315080116B0BDF81800ADF80000BDF81C00ADF804002F
S315080116C002208DF86400BDF91A6023E026E0B846C9
S315080116D05846E9E7ADF80260ADF80660B8F1000FC3
S315080116E012D15846089A05990BF028FBBDF918102E
S315080116F032465846089B06F0FDFB8DF86400012822
S3150801170002D102208DF8640015A92A9807F060F91C
S31508011710761C36B2BDF91E00B042DBDABDF84C00C4
S315080117200999ADF800000844BDF84E10099AADF8BC
S315080117300210114400B2ADF8040009B2ADF8061062
S315080117400C9A00E05AE1904201DBAAF10100ADF8DA
S315080117500400A14200DB21462A98ADF80610694625
S31508011760826806A8F7F771F9C0B34A461DA906A803
S31508011770F7F793F990BBBDF81C00BDF91810BDF930
S315080117801A20401A401C00B20890BDF90230109880
S31508011790D21A02FB0500BDF90020891A01EB0008DF
S315080117A047B14A461DA906A8F7F7E7F910B101207E
S315080117B00F9000E00F970898CDF860B0002822DD59
S315080117C0BDF81800ADF80000BDF81C00ADF804001E
S315080117D002208DF86400BDF91A6010E013E000BF1D
S315080117E0ADF802600F98ADF80660C8B3CDF8608011
S315080117F015A92A9807F0ECF8761CA84436B2BDF963
S315080118001E00B042ECDABDF84C00ADF800000999AB
S31508011810BDF85220084401B2501BADF80410401C13
S31508011820ADF8062000B2119AADF80200904200DC2C
S31508011830601CADF802000C98814201DBAAF1010196
S315080118402A98ADF804106946826806A8F7F7FDF8E4
S31508011850C8B34A461DA906A8F7F71FF9A8B15AE061
S31508011860FFE72A46414658460BF068FABDF91810B3
S3150801187032465846089B06F03DFB8DF86400012860
S31508011880B6D102208DF86400B2E7BDF81C00BDF997
S315080118901810BDF90620401A401C0FFA80FABDF946
S315080118A01E301098D21A02FB0500BDF90020891ACC
S315080118B00E184FB14A461DA906A8F7F75EF918B1E1
S315080118C04FF0010801E026E0B846CDF860B0BAF15C
S315080118D0000F20DDBDF81800ADF80000BDF81C00AA
S315080118E0ADF8040002208DF86400BDF91E400EE033
S315080118F0ADF80240ADF80640B8F1000F2FD01896A2
S3150801190015A92A9807F064F8641E2E4424B2BDF975
S315080119101A00A042ECDDBDF84C0069462844ADF832
S315080119200000BDF85000401BADF80400BDF84E009C
S31508011930CDF860B02844ADF80200BDF85200401B4E
S31508011940ADF806002A98826806A8F7F77EF8E8B384
S315080119504A461DA906A8F7F7A0F8A0B141E02A460C
S31508011960314658460BF0EAF9BDF918105346224696
S31508011970584606F0BFFA8DF864000128C0D1022046
S315080119808DF86400BCE7BDF91C10BDF918000A1AE8
S31508011990521C15B2002D24DDADF80410ADF8000077
S315080119A0BDF91A4019E000BFADF80240ADF806408E
S315080119B0294658460BF0C2FABDF918102B4622469D
S315080119C0584606F097FA8DF8640000E009E015A973
S315080119D02A9806F0FDFF641C24B2BDF91E00A04238
S315080119E0E2DA2FB920A806F0A7FA269806F0D6FD5E
S315080119F010980BF055F958460BF052F92DB0BDE881
S31508011A00F08F00002DE9F74FB4B09246054611460E
S31508011A1001F0F0FF04468068C0F30E07012F7DD957
S31508011A20000404D4208810B96088002876D060683C
S31508011A307F1EC0F30E40474370D0002128460DF0A3
S31508011A4007FA0646002128460DF006F906442846F7
S31508011A500CF074FBB5F88410484340F30F2806A828
S31508011A6005F0F4FF06AA4FF4C02128460DF044FDFF
S31508011A7028460CF05DFCA98A3144081A0FFA80F948
S31508011A802089BAF1020F4FEA004007D000284BDA45
S31508011A904FF4C02128460DF05FFA46E0002805DA22
S31508011AA04FF4C02128460DF085F900E00020834651
S31508011AB0688B401C06B235988068B0F90610B142A9
S31508011AC02CDB0699B4F90020B0F90200B1F9081027
S31508011AD0114406EB0B02114481421FDB28A806F0CC
S31508011AE044F828AA4FF4C02128460DF055FD0020D8
S31508011AF0ADF8A600ADF8A4000FA835990CF0DEF8EC
S31508011B008E4810900620119002201D904FF4C02097
S31508011B101C9006A8149028A8159000E00AE1BAF1CD
S31508011B20020F07D0012006E000208346E88A401EFE
S31508011B3006B2D3E70020269095F8880000F0070042
S31508011B40022819D1002128460DF06AF9B5F8841042
S31508011B50B5F882204843001208EB000191FBF2F127
S31508011B6009B2081A00EBD07209EB6201A8EB000072
S31508011B700FFA81F90FFA80F8ADF886600026D6E0EB
S31508011B8060684FF0000AC0F30E40B6FBF0F100FBA7
S31508011B90116008B94FF0010ABDF9A210A8EB0100BE
S31508011BA07043B0FBF7F101EB0900ADF88400ADF81D
S31508011BB00C00BDF98610269848B1BAF1000F02D07B
S31508011BC0B4F9000001E0B4F90200081A08E0BAF114
S31508011BD0000F02D0B4F9000001E0B4F9020008448C
S31508011BE0ADF80E0021A8189003A8199095F8880059
S31508011BF000F00700032848D06068C0F30E40B6FB22
S31508011C00F0F31F93BAF1000F68D02089000465D557
S31508011C104BA2102130A8EEF73FFC06A8149030A875
S31508011C201A9010201B900FAA1A21284608F014FAB8
S31508011C30BDF92A104FF0000A41F6FF728DE8060435
S31508011C40BDF92C3025A8069A1A9911F0B1FCBDF9EF
S31508011C509410BDF80C0001EBD172A0EB620100EB08
S31508011C60620002B209B2BDF80E302698ADF88C10A2
S31508011C70ADF89020C0B1A3EB0B00BDF89630ADF8D6
S31508011C809200C01AADF88E0017E026983A4605EB81
S31508011C904001B1F978000090B1F97430002130465D
S31508011CA00AF065FF0346ACE703EB0B00BDF8963077
S31508011CB0ADF88E001844ADF89200B5F914008242C9
S31508011CC015DBB5F91800814211DCCDF800A023AA6D
S31508011CD006A91A9B359805F019FC08E0002014900E
S31508011CE01A901B900FAA1A21284608F0B5F9BDF9D2
S31508011CF0A200BDF9841000EBD07001EB6002B5F9C2
S31508011D0014108A420DDBBDF90C10A1EB6000B5F980
S31508011D101810884205DC03AB21AA28A9359805F0D5
S31508011D2017FF0FAA1B21284608F096F9761CBE4212
S31508011D307FF626AF37B0BDE8F08F0000C8AF0208BE
S31508011D40256400002DE9F74FB8B0904604461146C0
S31508011D5001F050FE05468068010404D4298811B9AA
S31508011D60698800296FD0C0F30E06012E6BD9686801
S31508011D70761EC0F30E40464365D05FEA080000D0E0
S31508011D8001201D90002120460CF066FF81460021A6
S31508011D9020460DF0E1F8074620460CF0B5F9B4F8EF
S31508011DA08610484340F30F202D9020460CF08CFBFB
S31508011DB0024607EB0900E38A4FF4C0271844801A44
S31508011DC000B23290B8F1000F394620460DD00DF019
S31508011DD07BF82190B4F91800B5F900A0B5F902907D
S31508011DE08346B8F1010F06D00DE00DF031F82190C8
S31508011DF0B4F91400F0E7CAF100000FFA80FAC9F144
S31508011E0000000FFA80F919A805F0AFFE19AA39469C
S31508011E1020460DF0C1FB23A805F018FE23AA394672
S31508011E2020460DF069FB03A839990BF047FF724864
S31508011E3004900620059019A8CDE91078099023A8E1
S31508011E4008900027D2E0D4E0BDF966102D98401A13
S31508011E507843B0FBF6F13298B8F1000F0844ADF8B3
S31508011E605600ADF85E005846ADF854B069D0401C2E
S31508011E70ADF85400002002906868C0F30E40B7FB25
S31508011E80F0F100FB1170002874D0BDF85410A1EBD5
S31508011E90090000BFADF85C0015A80C9017A81D999C
S31508011EA00D9004EB41003246B0F970100091B0F97B
S31508011EB06C30F01B00210AF05AFE03461390029873
S31508011EC0F0B32889000468D54CA2102133A8EEF78F
S31508011ED0E3FA23A8089033A80E9010200F9003AABE
S31508011EE01A21204608F0B8F8BDF99E00002241F6ED
S31508011EF0FF718DE80700BDF9A0302BA8239A0E992A
S31508011F0011F056FBBDF9AE10BDF85E0001EBD171BB
S31508011F10A0EB610200EB61001D9912B2002900B223
S31508011F20BDF85C10ADF87E20ADF8820029D0219B62
S31508011F300B44ADF87C30BDF8AC300B44219901E077
S31508011F402BE015E001EB0301ADF88010B4F916108A
S31508011F5088422BDBB4F91A00824227DC0020009064
S31508011F601FAA23A90E9B399805F0D0FA1EE001E0B5
S31508011F70401E7DE70120BDF854100290A1EB0A002E
S31508011F8088E7BDF8AC30A1EB030C219BACEB03034E
S31508011F90ADF87C30219BC91AD6E7002008900E902F
S31508011FA00F9003AA1A21204608F056F8BDF96600D3
S31508011FB0BDF9561000EBD07001EB6002B4F91610AA
S31508011FC08A420DDBBDF95E10A1EB6001B4F91A0076
S31508011FD0814205DC17AB15AA19A9399805F0B8FD90
S31508011FE003AA1B21204608F037F87F1CB7427FF663
S31508011FF02BAF3BB0BDE8F08FC8AF020825640000DF
S3150801200070B5044609F086FC48B1006882680AB1D1
S31508012010217A9047207E810742D4C0077BD10021CF
S3150801202060680CF0C9F8002518E0017A0A0610D58F
S31508012030802904D0227A21F08001914209D1416890
S31508012040E160016820468847207E810728D4C007B9
S3150801205061D16D1C294660680CF0AEF818B10168AB
S315080120600029F6D0E1E7214600200BF0D3FF050051
S3150801207053D0002160680CF09FF8002619E001682A
S3150801208091B1017A0A060FD411B1227A91420BD184
S315080120904168E160016820468847207E810701D5AD
S315080120A0012070BDC00736D1761C314660680CF038
S315080120B083F810B1012DE2D02FE0012D2DD16068F2
S315080120C0416851B3217E490727D4217A232919D09A
S315080120D0242917D0A9030DF05AF9F0B1207A11383D
S315080120E01C280FD2DFE800F019191919191919193D
S315080120F01919190E0E190E0E191919190E0E0E0E99
S3150801210019190E196068406860602046FFF778FF64
S315080121100546012801D0002070BD284670BD000083
S315080121202DE9FF4F8A880B8889B0D21A521C17B23B
S31508012130CA8849880446511ADDE916B8491C19980E
S315080121400FFA81F9012813D0022813D0032843D1A5
S31508012150434E00BF5FEA08000ED000200690208893
S31508012160ADF8140098F80000FD2838D35A4639E02E
S315080121703C4EEFE73C4EEDE72088ADF80000ADF8A0
S3150801218008005A4600990C98B0470590002020E0AF
S31508012190002517E0BDF8080034F8151088420BD061
S315080121A004EB45005A460088ADF81400ADF808005E
S315080121B005990C98B047059004EB4500BDF8141035
S315080121C001806D1CBD42E5DB0B9804EB400408F168
S315080121D0010080464845DBDB0DB0BDE8F08F00FB0A
S315080121E00BF0020A05990C98B0470890002033E0D5
S315080121F0002528E018F8050020B30699884205D17C
S31508012200BDF8141034F81520914216D0FD2801D3D3
S315080122105A4602E000FB0BF0020A04EB450000886F
S31508012220ADF8180006990C98B047089018F80500FB
S31508012230069034F81500ADF8140004EB4500BDF816
S31508012240201001806D1CBD42D4DB0B98189904EB54
S31508012250400488440AF1010082464845C8DBBBE7C9
S315080122603FB40008B7B30008C3B400082DE9FF4F0F
S31508012270044688880A8883B0801A401C05B2C88833
S315080122804988DDE910A6401A401C0FFA80F976B193
S31508012290BDF81800BAF1FD0F00EB004000907CD3A1
S315080122A0A5F104084FF0000BBDF818A049E1BAF1F1
S315080122B0FD0F0FD3002608E02A462046069904F0AA
S315080122C031FB0598761C04EB40044E45F4DB07B058
S315080122D0BDE8F08FBDF80010002060F3020189B255
S315080122E060F3C70189B260F30C2189B260F34F31FB
S315080122F0ADF8001088B20090BDF8000000900146C4
S315080123005246069804F01CFC01900AF1040006994D
S31508012310C008C00689B2000EC1F3C40212FB00F25E
S3150801232062F30F064A07920E02EB513212FB00F2D4
S3150801233062F31F46C1F3042111FB00F161F30F0794
S31508012340BA46C0F1FF0200235AE0002052E000BF5E
S31508012350BDF8007034F810108F4245D004EB4001E7
S315080123600988ADF80810BDF80870ADF80010B1B2CB
S31508012370C7F3C40C1CFB021101EBC11C0CEBC131E8
S31508012380C1F3C45CBDF804106CF3C7014FEA477C7E
S315080123904FEA9C6C0CEB573C00E0D9E04FEA164833
S315080123A01CFB028C0CEBCC1808EBCC384FEA98686E
S315080123B068F302010CEBCC1808EBCC3CCCF3C25CFD
S315080123C06CF34F311FFA8AFCC7F3042717FB02C7C0
S315080123D007EBC71C0CEBC737C7F3C45767F30C21C8
S315080123E0ADF8041089B2019104EB4007BDF8041059
S315080123F03980401CA842ABDB05985B1C04EB400402
S315080124004B45A2DB63E7002710E03278FF2A12D09A
S315080124102088ADF804000199069804F091FB019013
S31508012420BDF804002080A41C761C7F1CAF425DDA2F
S31508012430B007EAD15AE0A4F800A0F4E73068411CD5
S3150801244043D0E8B33278FF2A53D02088ADF8040088
S315080124500199069804F074FB0190BDF804002080E8
S3150801246016F8012FA41CFF2A46D02088ADF80400CF
S315080124700199069804F064FB0190BDF804002080D8
S3150801248016F8012FA41CFF2A39D02088ADF80400BC
S315080124900199069804F054FB0190BDF804002080C8
S315080124A016F8012FA41CFF2A2CD02088ADF80400A9
S315080124B00199069804F044FB0190BDF8040000E078
S315080124C011E02080A41C761C0FE0A00707D0A4F811
S315080124D000A0022000990151A4F806A003E0009883
S315080124E02060009860600834361D3F1D4745A5DD0C
S315080124F01CE0A4F800A0B3E7A4F800A0C0E7A4F87C
S3150801250000A0CDE7A4F800A0DCE73278FF2A1CD0AA
S315080125102088ADF804000199069804F011FB019092
S31508012520BDF804002080A41C761C7F1CAF42ECDB9E
S3150801253005980BF1010B401B04EB40041298401B54
S315080125400644CB45FFF65FAFC1E6A4F800A0EAE76B
S3150801255000222188ADF800109346104633E0002783
S3150801256027E0307818B3904205D0FF282FD000FB1A
S315080125700AF31B0A9B46904203D134F8170081429D
S3150801258010D0BBF1FF0F24D004EB47005A46008850
S31508012590ADF800000099069804F0D2FA0090327856
S315080125A034F8171004EB4700BDF800300380761C99
S315080125B07F1CAF42D5DB059804EB40041298401BFB
S315080125C0064408F1010080464845C8DB7FE65346C4
S315080125D0D0E70698E2E700002DE9FF4F83B00C46E5
S315080125E0DDF84480F7F7B2F9BDF818A08146B8F1CD
S315080125F0000F0CD0A0882188401A401C07B2E08839
S315080126006188401A401C0FFA80FB002641E0B4F9A4
S31508012610026017E0B4F900500FFA86F80DE0109839
S315080126200290ADF804A0CDF80080D9F800002BB2CD
S31508012630059AC7690399B8476D1CB4F90400A842FD
S31508012640EDDA761CB4F90600B042E3DA07B0BDE864
S31508012650F08F002518E000BF18F8050098B1109909
S31508012660ADF804A04843000A0290608803993044F3
S3150801267000B200902088059A284403B2D9F80000D0
S31508012680D0F81CC0E0476D1CBD42E5DB1298761CEC
S3150801269080445E45DDDBD9E700680968884201D1D7
S315080126A0012070470020704740680A6820F04040C2
S315080126B0904200D208600020704700002DE9FF4FC4
S315080126C083B00E46DDE910B41746002103980CF0D5
S315080126D05AFD0546002103980CF0EEFA0146F078FA
S315080126E082070BD5C30742F2D17202D0954202D0B6
S315080126F006E0914206D120F00200F070C00701D031
S315080127007B4800E07B488146F078C00712D07948BB
S315080127104FF0000AA4F802A0A4F804A0C4F810A077
S31508012720A4F800A0C4F808A0C4F80CA0804639464D
S315080127300197AAE06E48EBE70198B84206D04FF434
S31508012740000128460CF023FE00286FD16A49284665
S315080127500CF024FE00286AD1002128460CF09CFAC8
S31508012760029070B32069401C2061A28802EB0B011C
S31508012770A180217DC9076DD000EB800080000AF099
S3150801278043FA009000287AD0E16851B12069401EC9
S3150801279000EB8000820000980AF0D0FAE0680AF09F
S315080127A07FFA206900EB8001009800EB81004FF069
S315080127B0000140F8145CF078C007284602D00222CE
S315080127C001E035E005220CF0FDFB216900B201EBC1
S315080127D08102009901EB820121F8100CF0784FF083
S315080127E00001C007284601D0032200E006220CF0AA
S315080127F0E9FB216900B201EB8102009901EB820133
S3150801280021F80E0C2069029900EB8002009800EB72
S31508012810820040F8081C206900EB8002009800EB52
S31508012820820040F804AC0098E06013E033E020E051
S315080128302846494688470146F078800705D5B4F900
S31508012840040042180698824225DCA28801EB0B0097
S315080128501044A0802846414688470146B4F900003D
S31508012860814202DD2846414688472080A068401CEF
S31508012870A060F078400703D54FF0FF3001E033E060
S31508012880012001994118019105D403980BF0D8FB51
S31508012890051E7FF451AFB4F90400002802DDA0EB50
S315080128A00B00A080206908B1069801E0B4F904007C
S315080128B06080CDB10198B84216D1039901AA8968F9
S315080128C0096851F82050F078C0F38001039800F0A8
S315080128D061FE4DB12846414688472080284649462B
S315080128E0884760800120A060019807B0BDE8F08F95
S315080128F035F30108E3E10108010006002DE9F04F6F
S31508012900B14D93B0044600216A880CF05BFB9DF833
S315080129101710421C62F30001820862F34101C008E4
S3150801292060F382018DF8171020460021AA880CF061
S3150801293049FB8DF8140020460021EA880CF042FB79
S315080129408DF81500204600212A890CF03BFB8DF8ED
S315080129501600002120460CF03AF9012800D0002083
S3150801296081469DF817004FF00001C00720460CD09C
S315080129700CF0D4FA82469DF817004FF00001C00703
S31508012980204605D00CF040FA04E00CF03DFAF1E7D8
S315080129900CF0C4FA07909DF81700C007204602D02C
S315080129A00BF0CCFB01E00BF0AFFB069020460021B3
S315080129B032220CF007FB05462046002110220CF0B6
S315080129C001FBE18A2844461820460BF08BFD301A94
S315080129D0ADF820002046002112220CF0F3FAA18A54
S315080129E02844451820460BF076FD281AADF8400014
S315080129F09DF817009DF81660C00701D008AD00E0E4
S31508012A0010AD002120460CF0BEFB11900021204696
S31508012A100CF052F983469DF81700C10708D0ABF5AB
S31508012A201C52D13A02D1618C490509D5C10708D191
S31508012A30119AA2F51C51D13903D1618C090500D42B
S31508012A400026B9F1000F08D0C00706D116B1012E2C
S31508012A5002D002E0012600E000260027ADF83C700E
S31508012A60B8468EB39DF81700400703D5A06842689B
S31508012A70521E15E0002213E000200E9009A90798BE
S31508012A80CDE9000105A92046069BFFF717FE024678
S31508012A90BDF8241007EB0A00084407B208F101083B
S31508012AA0A0684068904201DD002AE5DAB8F1000F16
S31508012AB002D0A7EB0A0007B29DF81700C007204607
S31508012AC003D00BF021FB02E00BE00BF037FB0FA95B
S31508012AD0CDE9005101460FFA88F33A46304611F01E
S31508012AE0D2FA9DF81700410703D5A1684E68761EEC
S31508012AF000E00026B9F1000F04D0C00702D12888EA
S31508012B003844288009AFA0684068B04249DD002EE4
S31508012B1047DB01200E900798CDE90007324605A943
S31508012B202046069BFFF7CAFD8046B9F1000F08D07B
S31508012B309DF81700C00704D12888BDF82410401A4B
S31508012B402880DDE90601BDF9202002AB019283E860
S31508012B508300BDF9400000904346324605A9204648
S31508012B60F8F7BEF846460C980AF09AF800200C9039
S31508012B70B9F1000F03D09DF81700C0070AD02888BD
S31508012B80BDF82410BDF83C20014402EB0A000844B4
S31508012B902880B8E7BDF83C20298802EB0A00081A04
S31508012BA0F6E7119942F2D170814201D0834502D1EB
S31508012BB020460DF0EDF900222B21204607F04CFAAC
S31508012BC013B0BDE8F08F00001C0300202DE9F74F74
S31508012BD00546007F93464FF0000AC00760D14FF0C3
S31508012BE00108EC680026C1467CB9287FC0F3C000FD
S31508012BF0401E304254D1B9F1000F51D001992846EF
S31508012C0088474FF000080446C1460EB9261E47D02C
S31508012C10B8F1000F06D0214628465A469047044681
S31508012C20B0423DD04FF00108002CDED020680BF0F1
S31508012C30ABFF0006D8D427681FE0012138460CF0FF
S31508012C40A6FBB0B12FB1012138460CF0A0FB002834
S31508012C50CAD1E868A04223D0B0B1284600F032FBB9
S31508012C600246E8680F21006807F0F6F9012817D12E
S31508012C7006E038460BF0F6FA0746002FDDD1E8E7FD
S31508012C80E86800680CF042FE2846EC6000F01AFB82
S31508012C900246E8680E21006807F0DEF9012802D02D
S31508012CA05046BDE8FE8FE86800680CF02FFE2969DA
S31508012CB009B1284688470120F3E700000FB44FF40D
S31508012CC0806110B5ADF5806D0DF20C436846DDF8EF
S31508012CD00824EDF7C7FB00246846EDF777FD40F2B7
S31508012CE0FE31884209D20D220DF80020401C0A2225
S31508012CF00DF80020401C0DF8004082B269460448D0
S31508012D00F3F70CFF0DF5806D10BC5DF814FB0000A0
S31508012D10004800400000000010B582B01446CDE915
S31508012D2000010023009A2360194B21F000409842C4
S31508012D302ADA024328D0B0F5801FA8BF226810DA24
S31508012D409FED150B53EC102B9DED000B51EC100B61
S31508012D5017F000FECDE900016FF0350221F00040C1
S31508012D6022600F4B6FF31E5103EB20501044206075
S31508012D7041F0FF5040F0005001909DED000B00BF5F
S31508012D8002B051EC100B10BD9DED000BF8E70000E9
S31508012D900000F07F00000000000000000000504322
S31508012DA002FCFFFF70B5426B818C12F0060F06D04C
S31508012DB0C2F34102022A04D0012A05D022E0008D7D
S31508012DC000E0C08C08441CE0B0F92C50468DAAB22C
S31508012DD0B24202D202F5B47215B2B0F92830C48CE7
S31508012DE09AB2A24202D202F5B47003B2701900EB8C
S31508012DF0D0704010844201DA601802E0834203DD94
S31508012E00501881B208B270BD0844FAE72DE9F34FAC
S31508012E108FB0054669460BF0ABF928460CF08AFADD
S31508012E200B9028460BF0DDF90A90002128460CF094
S31508012E3021F80790002128460CF058F8074600218A
S31508012E4028460CF09BF80446002128460BF0C4FFDF
S31508012E508346002128460CF06DF8064600212846CF
S31508012E600BF0E4FF06F0010106EBD67201EB6201F5
S31508012E7000F0010200EBD07002EB6000491C401C17
S31508012E8009B200B20D2900DB0D218A460D2800DBA7
S31508012E900D2081460D2F00DB0D27B8460D2C00DBD2
S31508012EA00D2426465846BBF10D0F01DA074600E008
S31508012EB00D2700246BE0A86A00EBC40108A802F0FC
S31508012EC0B7FBBDF920000799884213DCBDF900203C
S31508012ED00D2900DB0D21511A00EB0100ADF8200088
S31508012EE0BDF92200B04233DCBDF902100D2E07DA16
S31508012EF0324606E0BDF80020A2EB09010844EDE7D9
S31508012F000D22891A00EB01000B99ADF82200BDF9D3
S31508012F102400A1EB0801891E424688421EDBBDF941
S31508012F200010B8F10D0F0144104600DB0D200844CE
S31508012F300A99ADF82400BDF92600C91B891E8842E5
S31508012F401DDBBDF902100D2F08440DDA39460CE0D8
S31508012F50BDF80220A2EB0A010844D5E7BDF8001026
S31508012F60014401EB0900E3E70D210844ADF8260009
S31508012F70002208A81099F5F750FE58B905E0BDF8E2
S31508012F800210014401EB0A00F0E7641CA4B2288E82
S31508012F90A04290D8288EA04201D14FF6FF7411B0F5
S31508012FA02046BDE8F08F10F00F0000D101207047D0
S31508012FB0B0F90C00032101EB400020F003001030AA
S31508012FC070472DE9F0474FF0000805461C4616469E
S31508012FD00F46A3F80080404606E0296B228831F89F
S31508012FE01010401C11442180B042F6D30021284616
S31508012FF00BF0FFFD0128284615D00BF06CFA218845
S31508013000081A2080002128460BF046FF218808442B
S315080130102080296B31F816100844401EA080A4F8B8
S31508013020028000201FE00BF056FA21880844208010
S3150801303028460CF07FF98146002128460BF068FFE7
S3150801304022880146A9EB0200401AA080296B31F8B3
S315080130501610401A2080E2E7E96A628831F81010F2
S31508013060401C11446180B842F6D3002128460BF072
S315080130709DFF61880844608028460BF033FA618811
S31508013080081A6080E96A31F817100844401EE08082
S31508013090BDE8F0872DE9F05F89469346824600210F
S315080130A00BF0DCFE0546002150460BF013FF804667
S315080130B0002150460BF056FF0446002150460BF0FE
S315080130C07FFE064650460CF035F9411BA1EB080771
S315080130D050460BF086F8001B801B8742504605DADE
S315080130E00CF028F9411BA1EB080003E00BF079F875
S315080130F0001B801B00EBD07040F34F00BAF8141088
S3150801310042191144A9F80010BAF816100219114407
S31508013110A9F80210BBF1000F01D0ABF80000BDE819
S31508013120F09F0000024A002152880BF04BBF0000B5
S3150801313028030020034A10B5002152890BF042FFEB
S31508013140C0B210BD28030020034A10B50021928998
S315080131500BF038FFC0B210BD280300202DE9FC474B
S315080131600F0023D00569686928B10168B94202D1FF
S315080131704068BDE8FC87698A00224FF0040CC1F358
S3150801318008040CE0AE6802EB820356F823100CEB38
S315080131908303F35A791A8B420AD2521C92B2944289
S315080131A0F0D818B107606969002048600020E0E797
S315080131B002EB82041222A86802EB84020026825CD2
S315080131C04FF00609022A0CD04FF00C0A6AB1DFF853
S315080131D0A8C008234FF01008032A0FD0012A26D0C9
S315080131E043E009EB8402805A06E00AEB840209EB04
S315080131F084038258C05A515C461836E0ADF804106B
S3150801320008EB8401CDF800C003EB8408425A50F854
S315080132100810022301A8F6F7F9FC30B3A96851F89A
S315080132200820801A09EB84024010895A1CE0ADF87F
S31508013230041008EB8401CDF800C003EB8408425A58
S3150801324050F80810022301A8F6F7E0FC68B1A9684E
S3150801325009EB840351F80820801A0AEB840240100E
S315080132608A58C95A32F810000E18686910B10760F1
S315080132706869466030467CE7358E02082DE9F041DB
S315080132800D46044600F0DEF8071E19D0F88A00211B
S315080132902D1A38460BF020FF0689002138460BF017
S315080132A036FF00EBD07105EB6101304409B200B27B
S315080132B091FBF0F0A18E80B2814201D8491E88B2F5
S315080132C0BDE8F0812DE9F04100260746354630462E
S315080132D010E000BF08F05FFB616DB94209D1022811
S315080132E002D0042803D003E02046BDE8F081264633
S315080132F02546204608F014FB0400EBD10EB13046F2
S31508013300F3E70DB12846F0E7BDE8F041002008F0E3
S3150801331007BB00007CB50369006900255B8AC468A0
S315080133209E04A3682BD4980F17D00120B0EB937F86
S3150801333031D101EB02402668019018480090A06837
S31508013340042320F04042314601A8F6F75FFC10B38A
S31508013350801B801061680D561DE001EB022026686E
S31508013360ADF804000E4823F040420090022331468E
S3150801337001A8F6F74BFC70B1801B4010EAE76068BC
S31508013380405C995C38B131B1637B2268401E10FB01
S315080133900320491E455628467CBD0000AF44010856
S315080133A0C34401082DE9FF4F81B00E461D46174655
S315080133B04FF4003101980BF0F8FB00EBD070441084
S315080133C03F1B0198FFF7EEFC81465A3000B210F018
S315080133D02BF810FB07F04FEAE038484610F024F8BE
S315080133E010FB07F0C7134FF44039494601980BF013
S315080133F035FD8346494601980BF06CFD0090494618
S3150801340001980BF0AFFD8246494601980BF0D8FCAE
S31508013410328820444244A2EB0B01091B29803288D9
S315080134200099424421441144A9807188CA19A2EB22
S315080134300A01091B6980718839440844E88005B086
S31508013440BDE8F08F406A002802D000210AF0F8BDD5
S31508013450704700210AF0F4BD2DE9F04105460F46F3
S31508013460698C00200426C1F30513EA680FE000BF42
S3150801347006EBC00414595FEAC41C07D524F07F443F
S31508013480BC4203D152F83000BDE8F081401C8342AA
S31508013490EED84FF0806000EBB1204FEAB050688457
S315080134A0C0F30510C100104609F030FCE860688CCD
S315080134B0C0F30514641E17D06FF003025FEA4203D6
S315080134C0E86802EBC40141585FEAC11C0CD48901C2
S315080134D00AD403EBC40C00EBC4018444641EDCE982
S315080134E0000CC1E9000CEBD1E868082100EBC40027
S315080134F009F0F6FC082009F059FBE96841F834009F
S315080135000EF021FDEA6806EBC401505840F08070C0
S315080135105050EA6867F317005050E86850F83400CD
S31508013520B2E700002DE9FC410068C068C068B0FB3D
S31508013530F1F4944200DD1446154F786800688069F5
S3150801354020B30020ADF80000ADF80400ADF8020084
S3150801355025B2681E06B2ADF8066078686946006845
S3150801356082699047BDF80600BDF80210401A401C52
S3150801357000B2A04202DD351EEBDC01E0002D02DCC3
S315080135800020BDE8FC81BDF90640641C2046F8E729
S31508013590FC020020136821B15B1E13600BD48068FE
S315080135A005E05B1C1360806841688B4203DA00689A
S315080135B050F823007047002070472DE9F843154657
S315080135C00E46044608F0A6F908F0E5F901280AD0DE
S315080135D0032808D04FF6FF7005B1288006B1308060
S315080135E00020BDE8F88308F095F9694608F0A8F9BE
S315080135F04FF0000875B320460AF06DFFBDF80010BC
S31508013600084407B2002120460BF0F3FA01280CD032
S31508013610A08A00213F1A20460BF03EFC381A02B256
S3150801362040460021A5F8008010E0002120460BF055
S315080136306FFC218B081AC01BF1E7236B33F8103096
S31508013640194409B28A4205DB401C2880A38C80B242
S315080136509842F2D3FEB120460AF044FFBDF80210A3
S315080136600844E18A451A002120460BF09FFC281AD6
S3150801367002B240460021A6F8008008E0E36A33F862
S315080136801030194409B28A4205DB401C3080E38CAC
S3150801369080B29842F2D30120A3E72DE9FF4F83B008
S315080136A005461F460598F6F763F901460120884045
S315080136B0B5F8209000F0FF086FEA090080B2019082
S315080136C095F822004FF0FF36C0F3C00A00244FF0E8
S315080136D0040B1FE0E96801EBC4004268920140D57A
S315080136E0BAF1000F15D10BEBC4028958049AC1F33C
S315080136F00741090491420CD10068817911EA080F42
S3150801370007D06A4605990EF078FB012830D00228C1
S3150801371031D0641C688CC0F30510A042DAD820E0C9
S31508013720E96851F83400827912EA080F18D00BEBD0
S31508013730C4028A58C2F307411FFA82FA049A090495
S3150801374091420DD1019A1AEA020F09D1B24507DD54
S315080137506A4605990EF051FB01280FD002280AD0B6
S31508013760641C688CC0F30510A042D9D8002E0EDB64
S3150801377000983860012007B0BDE8F08F5046CA4569
S31508013780F6D05645ECDA064600983860E8E7002098
S31508013790F1E72DE9F047814642F30006C0F15A00E8
S315080137A01D460F46540800B2761C0FF03DFEA7EBE6
S315080137B0040800FB08F0C71148460FF035FE00FB68
S315080137C008F0C011002F06DD7F3F39120A1B32446B
S315080137D02A80214405E07F3739120A1B21442A80B1
S315080137E0891BA980002806DD7F380012011B314498
S315080137F06980204405E07F300012011B204469805E
S31508013800801BE880BDE8F087024A0021D2880BF0C8
S31508013810D9BB0000280300202DE9FF4F85B00746D4
S315080138200798DDE9153200891A4410440FFA80FA1F
S315080138300492B88C484384B2A14600255CE0BA6A72
S3150801384052F82410A1B33B6B00264FF0020E33F950
S3150801385015B0401E18E000BF04EB060C52F82CC048
S31508013860BCF1000F14D09CF800C05FEACC7C0FD0E5
S3150801387005EB06080EEB480C33F80C80761C08EBB2
S315080138800B0C0FFA8CFBB6B206EB050C8445E3DB91
S31508013890087880070DD507981599B0F908000144ED
S315080138A0169808445146504500DC08460FFA80FA36
S315080138B01EE0DDE913020244ABEB020000B2129AE4
S315080138C0CDE9002000230293DDE9072303A8083187
S315080138D00FF06EFEBDF90E10049808445146504586
S315080138E000DC08460FFA80FAA01984B2A81985B235
S315080138F0641C6D1CA4B2ADB2B88C00EB0901A142DF
S315080139009DD809B05046BDE8F08F0000034A10B5AE
S315080139100021128A0BF056FBC0B210BD2803002005
S31508013920034A10B50021528A0BF04CFBC0B210BDF8
S31508013930280300202DE9FC410C46064600210BF020
S31508013940D1FB05464FF4802130460BF0CBFBB5F988
S315080139500870B0F90850002130460BF0E4FBE9196C
S3150801396001EBD17100EB610005B230460AF039FC72
S31508013970F18A00EBD07001EB600005EBD571A0EB85
S31508013980610060802844E080694630460AF0F0FB11
S31508013990BDF800002080BDF80400A080BDE8FC81C8
S315080139A02DE9FF410646FFF754FD040020D04FF4E8
S315080139B08027394630460BF095FB05463046582296
S315080139C039460BF0FFFA06B2204608F068FB0146B5
S315080139D0002041F6FF72CDE90002029033462A46DD
S315080139E003A80FF0E5FDBDF90C0004B0BDE8F081B0
S315080139F00020FAE739B1012909D0022905D004299D
S31508013A0007D0002070473C30704748307047543023
S31508013A1070476030704700002DE9F04104460D46B5
S31508013A20668C00200423C6F30511E2680BE000BF8B
S31508013A3003EBC007D7595FEA871C03D527F07F47F1
S31508013A40AF4202D0401C8142F2D8814203D002EB38
S31508013A50C000BDE8F0814FF0806000EBB6204FEA68
S31508013A60B0506084C0F30510C100104609F04EF944
S31508013A70E060608CC0F30510401E0DD06FF00702A0
S31508013A80E16802EBC00601EBC0030E44401ED6E90D
S31508013A900016C3E90016F3D10821E06809F020FAF7
S31508013AA0082009F083F8E16808600EF04CFAE1682D
S31508013AB0486840F000704860E16865F3170048609F
S31508013AC0E068C6E730B585B0054614216846ECF7C7
S31508013AD088FF0C4C0521A06816F044FA01280AD182
S31508013AE0122209496846ECF7DBFE00231A461946F5
S31508013AF0A06816F01FF8122269462846ECF7D0FE90
S31508013B0005B030BD68010020F6B000202DE9F0416E
S31508013B100D4F804600242546F8682E4668B10521D2
S31508013B2016F020FA012808D1084800231A4690E819
S31508013B3070001946F86815F0FDFFC8E90045C8F890
S31508013B400860BDE8F08100006801002008B1002086
S31508013B5038B50C480D46144690F820004FF002017E
S31508013B60C0074FF0120002D00DF0C4F901E00DF0C4
S31508013B70D9F92246294603F02FF80090BDF800002E
S31508013B8038BD0000082701202DE9F0474FF0000C49
S31508013B90DDE90964089DDDF82CA0E1466F1E09BB25
S31508013BA0052A03D0062A01D0042A02D10023012DB1
S31508013BB001D0002109E001225FF000019C4436F89A
S31508013BC01180491CC4440FFA8CFCA942F6D3ACEB0C
S31508013BD0030109B2072A2AD2DFE802F004070B29F2
S31508013BE021160D00A4F8009021E0411A01EBD171CC
S31508013BF012E0411A11E0411A09B23AB291FBF2F107
S31508013C00A4F800900BB212E0411A09B22AB291FB4C
S31508013C10F2F10BB203EBD3714910218007E0411A87
S31508013C200AB2691C09B292FBF1F10BB22380002199
S31508013C300BE000BF34F8112036F811C0624404EBDA
S31508013C40410C1A44ACF80220491CB942F2D304EBE0
S31508013C50450106EB450231F8021C32F8022C1144E3
S31508013C602288891A0AB2BAF1000F0CD0002108E09D
S31508013C7034F8113036F81170C31ADB1B24F81130E9
S31508013C80491CA942F4D31046BDE8F08770B58AB03D
S31508013C900446FFF747FA05462046FFF7B5FD002D0E
S31508013CA05CD000285AD069462046F6F7DFFC0C217D
S31508013CB007A809F015F92046002132220BF082F9EE
S31508013CC005462046002112220BF07CF946192046AA
S31508013CD0002110220BF076F9054420460AF0FBFB79
S31508013CE0A18A3144081AADF8240020460AF0FAFBE5
S31508013CF0E18A2944081AADF82600002507E000687C
S31508013D0007AA694650F8250000F04CFA6D1CA06810
S31508013D104168A942F3D8009808F0C2FF019808F053
S31508013D20BFFF029808F0BCFF039808F0B9FF00210D
S31508013D3020460BF02EFA0546002120460AF0C2FF5E
S31508013D4042F2D1718D4201D0884202D120460CF04F
S31508013D501FF900222B21204606F07EF90AB070BD14
S31508013D600021A0F13002092A01D8D1B216E0612852
S31508013D7001D32038C0B2413806280FD2DFE800F057
S31508013D80030507090B0D0A2108E00B2106E00C21A2
S31508013D9004E00D2102E00E2100E00F2108467047DC
S31508013DA02DE9F041044690F82A00C00738D0A08CC6
S31508013DB00721B0FBF1F0E18CB1FBF0F200FB121226
S31508013DC000EB40010A4492B2B2FBF0F300FB132068
S31508013DD00844E2842085002120460BF083F9054634
S31508013DE0002120460BF09FF90746B5F908502046F1
S31508013DF00AF08AF906462046FFF72BFB0246E18CB4
S31508013E00E819414306EBD67005EBD573BDE8F041D9
S31508013E104010A0EB6300401A01B210460DF005B838
S31508013E20BDE8F08170B50D4C064600200D460A46E0
S31508013E3020601D21304606F00FF9206858B1017837
S31508013E4039B12946ECF7F4FD28B1304621680EF060
S31508013E50A3FD002070BD012070BD000048040020AC
S31508013E602DE9F04188B01F4614460D4606460BF06B
S31508013E70BBFD002842D0A54240D04FF4B47085421C
S31508013E8002D9A5F5B475ADB2844202D9A4F5B474C4
S31508013E90A4B2B18C4A1995B221448CB2854202D991
S31508013EA0A5F5B475ADB2844202D9A4F5B474A4B229
S31508013EB007AA06A93046FFF7EDF8394630460AF053
S31508013EC074FE80463046394651220BF07BF804A928
S31508013ED008B1012200E00022CDE90221CDE900481E
S31508013EE0BDF81C00BDF91A1082B2BDF918002B469F
S31508013EF003F0E6F804A930460BF02BFD08B0BDE83F
S31508013F00F0811FB5044603AA02A9FFF7C3F86B4659
S31508013F10BDF90C2002A92046FFF744FA204600F015
S31508013F200FFB011E03DD0246684601F0E3FB694605
S31508013F3020460BF00EFD1FBDF0B50546A1F57F40E5
S31508013F408BB00E46FF3858D0288EB04255D9A86A8C
S31508013F5000EBC601684601F06BFB03A928460AF087
S31508013F6007F9002128460AF0E5FF074600212846F9
S31508013F700AF05CFF044628460AF000F902F0EAFF57
S31508013F800A2190FBF1F2BA4201DB90FBF1F790FBB3
S31508013F90F1F33AB2A34201DB90FBF1F4BDF80C3020
S31508013FA0BDF80000991A0844ADF80000BDF80E10D6
S31508013FB0BDF802000F1B3844BDF8047000B23B443B
S31508013FC01A44ADF80420BDF80620ADF802001144E4
S31508013FD0214409B2ADF80610AA8EB24209D1EA6A9D
S31508013FE032F81620520504D5091A491C401AADF8AB
S31508013FF00200694628460BF0ACFC0BB0F0BD2DE972
S31508014000FC470446B0F882000D46A8427DD92046F1
S315080140100AF094F8B4F88410484340F30F26204672
S315080140200AF086F9074694F88800010705D500F0D5
S315080140300700012806D002286DD02046BDE8FC47B6
S315080140400BF064BC002120460AF006FE80460021DA
S3150801405020460AF0FDFEA28A40441044C01B0FFA0E
S3150801406080F920464FF4A02149220AF0ABFF0FFA46
S3150801407080F84FF4003120460BF091F80746A08AE4
S31508014080ADF80000E28AADF80220208BADF80400F5
S3150801409008EB0700618B121A0844ADF80220ADF847
S315080140A00600B4F88200401EA84217DD06FB05F19A
S315080140B091FBF0F24A44A2EB0801C91BADF80010C6
S315080140C0691C714391FBF0F1494401EB080038443E
S315080140D0ADF80400694620460BF03BFC002D47D09D
S315080140E0681E06FB00F1B4F88200401E91FBF0F24F
S315080140F04A44A2EB0801C91BADF800106E4396FBB2
S31508014100F0F1494401EB080001E031E003E03844ED
S31508014110ADF8040028E0002120460AF081FEB4F833
S31508014120841048434FEA2028B4F8820006EB0801B8
S3150801413091FBF0F6002120460AF08EFD8146754373
S31508014140002120460AF084FEA18A484429444518DC
S31508014150694620460AF00CF8E81B8119A0EB08000D
S31508014160ADF80410ADF80000694620460BF0F1FBE6
S31508014170BDE8FC8770B505460BF0DCF80446284611
S315080141800AF02FF8844201DB012070BD002070BDC2
S3150801419028B10A2803D00D2801D000207047012034
S315080141A0704700002DE9F74F0D4682B00446B04925
S315080141B00BF0F4F800287DD12046FEF7C5FF8246AC
S315080141C02046FFF7ADFB5FEA000973D0BAF1000F8D
S315080141D070D02046FEF7AEFF07462046FFF796FB4E
S315080141E0DFF890B2064620460021BBF80E200AF0F9
S315080141F0E9FE00F0FF0820460021BBF814200AF06A
S31508014200E1FEC0B201902B6807EB0A006FF00102CC
S31508014210D5F808C033F8171002EB40001B5A3CF8D2
S3150801422000001844401A00B200906B6806EB0900BA
S3150801423002EB400033F816101A5AEB68185A104464
S31508014240401A0FFA80FB002120460AF0C6FC012815
S315080142500AD1B8F1000F03D0B8F1020F02D003E07A
S31508014260022000E000208046208BA18A401A401CCB
S315080142700FFA80FA608BE18A401A401C0FFA80F91E
S315080142804046B8F1010F1BD0022824D02868B8F19E
S31508014290030F30F9170028D18046608CDDF800A09D
S315080142A040F400606084019801287BD0022877D009
S315080142B0032800E0D8E0686830F9167071D119E072
S315080142C029680098A0EB0A0031F8171000EBD070A6
S315080142D001EB600008E020460BF02CF8296831F85C
S315080142E0172000991144081A00B28046608C20F400
S315080142F00060D7E7608CD94640F480606084204628
S315080143000BF018F8504504D1204609F06AFF4845D4
S3150801431027D0A08AADF80000E08AADF80200208B0C
S31508014320ADF80400608BADF8060020460BF0EEFAF6
S3150801433004F114005146054601F002FA4946284699
S3150801434001F0F9F920460BF0E1FA6A4629212046DF
S3150801435005F082FE204609F085FF2246222105F056
S315080143607BFE204600216B220AF02CFE06B220466F
S3150801437000216C220AF026FE05B220460AF0DAFF71
S315080143808146204609F02DFF0146C6F341306422D5
S315080143904FF4FA634FF47A7C01281BD027E001E039
S315080143A00AE013E06968ABEB090000EBD07031F85D
S315080143B0161001EB600008E0204609F012FF696853
S315080143C031F8162002EB0B01081A07B2608C20F4AB
S315080143D0806093E726F4C040984208DC604501DD19
S315080143E0C0F57A7000FB09F090FBF2F006B2C5F34E
S315080143F0413001280BD125F4C040984207DC6045BD
S3150801440001DDC0F57A70484390FBF2F005B2049AD3
S3150801441008EB0600791912891044A28A801A05B296
S31508014420049840890844E18A401A06B255EA06000A
S315080144301AD020460BF06AFAA08A2844A082208B5B
S3150801444028442083E08A3044E082608B30446083CC
S3150801445020460BF05BFA05B0324629462046BDE8F0
S31508014460F04F00230BF0F8BA05B0BDE8F08F000055
S3150801447001000600280300202DE9F04106461546ED
S315080144800F46002005E039462046B04701280AD0E4
S3150801449020460FF03DFD040002D060688000F2D18D
S315080144A00020BDE8F08105B12C600120F9E70388F9
S315080144B00A88934201D0981A704740884988401A59
S315080144C0704703780A78934201D0981A7047407862
S315080144D04978401A704700002DE9F0414268096899
S315080144E022F040428A4227D10446FEF761FDDFF8F1
S315080144F04C800546D8F80820131BA2EB05005E1B65
S31508014500C8F8080015D0274661193246384608F01A
S3150801451015FC06E0A068401BA0602046FEF748FD92
S315080145200444D8F808008442F4D1B819294608F099
S31508014530D7FC0120BDE8F0810020FBE70803002035
S315080145402DE9F0414FF440360446402231460AF03F
S3150801455039FD05462046432231460AF033FD2844F3
S3150801456005B2314620460AF083FD00283146204629
S3150801457002DD0AF07DFD02E00AF07AFD4042284498
S3150801458005B2314620460AF07FFD0028314620460D
S3150801459002DD0AF079FD02E00AF076FD4042284480
S315080145A005B22046352231460AF00CFD074620465B
S315080145B0382231460AF006FD384400B2854200DD4C
S315080145C02846BDE8F08170B5054605F005FD0446A7
S315080145D0284605F03FFD064609F044FE05462A2C05
S315080145E001D0292C0BD10021304608F043F9284681
S315080145F010F0CEFB2846BDE8704013F05DB870BDDB
S315080146002DE9FC41064614468846D80729D004F107
S3150801461008000125002206F114010746F4F73DFAC0
S3150801462058B100208DF800006A46122130460197DC
S3150801463005F012FD9DF8000098B16089218A0844A9
S31508014640401EE081B4F90E10B4F90600814200DD7E
S31508014650E08102B02A4621464046BDE8F04103F012
S315080146601BBA0025EEE72DE9F041074688B01D463D
S31508014670164688460846F4F783FF044602A94046CB
S3150801468009F076FD2246114602A801F033F8022EFA
S3150801469005D0012E29D0002008B0BDE8F081DDE95A
S315080146A00201CDE9040100231A4604A940460AF08D
S315080146B08EFD04AA6846B968F4F7C7F90028EBD055
S315080146C0DDE90001CDE906010123002206A94046DC
S315080146D00AF07DFD06A902AA0846F4F7B6F90028EC
S315080146E0DAD006982860079809E002AA6846B968E8
S315080146F0F4F7ABF90028CFD00098286001986860D4
S315080147000120C9E770B5044609F0ACFC0646002548
S3150801471006E0A068006850F82500FFF7F3FF6D1C56
S31508014720B542F6D3608CC1071AD020F00100608427
S3150801473020460BF02DFC20460BF04CFB86B10021E0
S3150801474020460AF0D1FA58B10C494968884207D877
S315080147500B49096801EBC00050E902212046904740
S31508014760608C810708D520F0020060842046BDE8E8
S31508014770704000210BF072BA70BD0000F0020020F3
S31508014780C80300202DE9F0478046089D1F46E869C1
S3150801479000FB01F39B12002807DD934207DD00BFEA
S315080147A095F8280080070DD48BE09342F8DBCB19E6
S315080147B043439B12002808DD934239DA95F828000D
S315080147C080077ED40120BDE8F0879342F6DCA8690C
S315080147D0521C504340F395000312C0B2FF22002831
S315080147E028D000BF6E6AC0F1FF0404FB06F4A2EBF1
S315080147F0242600BFA3EB0104A14636D0002C15DB05
S31508014800BC4213DAC0F1FF00C6F1FF014843A2EB2F
S315080148106020C1B295F82800800701D5C1F1FF01D2
S3150801482018F804000FF064FB08F80400641C1CE087
S31508014830A869CEE74FF0FF06DCE7002C10DBBC4287
S315080148400EDAA6EB6000C1B295F82800800701D5FB
S31508014850C1F1FF0118F804000FF04AFB08F804003B
S31508014860686A641C361ABC4202DA686AB042E4DB3A
S31508014870BC4218DA002C16DBA86970438012704313
S31508014880C0F34721E869002801DAC1F1FF0195F86B
S315080148902800800701D5C1F1FF0118F804000FF0BF
S315080148A027FB08F8040095F82800800707D549462C
S315080148B0B94506DC00290DDB404609E001E0641C28
S315080148C001D500207FE7BC4204DC391B08EB040054
S315080148D008F006FB022076E72DE9F05F06460A9FF7
S315080148E08A461D46B86900FB02F18C12002800DDD4
S315080148F0641C97F82830544502DA980707D4D5E09E
S315080149008C120AEB050CA44502DA98077ED483E0DB
S31508014910521C424341F3950142F395044FEA21297A
S31508014920221204F0FF08C9B2A9EB0A04914505D081
S31508014930002803DA11B9FF219146641E914528D151
S31508014940002C0CDBAC420ADA01EB08004108980797
S3150801495001D5C1F1FF01305D0FF0CAFA305597F85C
S315080149602800641C800706D5A9EB0A01A9424DDA7D
S315080149708EE030460AE0AC4200DD2C46002C45D0DC
S3150801498006DD00BFA5EB040106EB040008F0A8FA52
S3150801499089E04FF0FF0B002844DAF86940424843A2
S315080149A04FEAA028002C0DDBAC420BDA08FB01F01C
S315080149B0C0F34721980701D5C1F1FF01305D0FF01A
S315080149C097FA3055B969A8F1FF0041438812641E68
S315080149D011D4AC420FDAC8F1FF014143ABEB6120B8
S315080149E0C1B297F82800800701D5C1F1FF01305DF2
S315080149F00FF07EFA305597F82800A41C800709D5D0
S31508014A00A9EB0A01491EA9424DDC00E04EE0002946
S31508014A10AFDC48E0AC4202DD0120BDE8F09F002C86
S31508014A20B0DA40E0C1F1FF00F96941434FEAA12834
S31508014A30002C0EDBAC420CDA00FB08F0ABEB602075
S31508014A40C1B2980701D5C1F1FF01305D0FF050FAE7
S31508014A503055B969C8F1FF0041438912641C0ED467
S31508014A60AC420CDA4843C0F3472197F8280080077F
S31508014A7001D5C1F1FF01305D0FF03AFA305597F8CB
S31508014A802800641C800707D5A9EB0A01A9420DDC99
S31508014A900029BFF66EAF06E0AC4200DD2C46002CBD
S31508014AA004D03FF76FAF4FF00200B6E74FF00000B2
S31508014AB0B3E77CB5446A06F02DFF054606F06BFFA1
S31508014AC004280CD1E18E2046218709F085FB06468C
S31508014AD005F0FAFE18B10021304605F063FF2846B5
S31508014AE006F059FF012804D0284606F054FF03288A
S31508014AF00AD101A9284606F023FFBDF9061020466A
S31508014B00FEF7BCFBE0862087204604F09DFFA06ADD
S31508014B1010B920460AF0FAFEE08E00906A461C217A
S31508014B20204605F099FA7CBD2DE9F04107468846ED
S31508014B3000261448F4F747FC04461DE021461148AF
S31508014B40F4F753FC05462068B84200D09FB961685E
S31508014B50414502D0B8F1000F0DD121460948F4F7B5
S31508014B60CDFC216909B120468847204608F0AAF8F4
S31508014B70F5F75EF901262C46002CDFD13046BDE853
S31508014B80F08100005C27012010B50348F4F705FC05
S31508014B90BDE81040F5F74CB95C27012070B505460C
S31508014BA00C460948F4F70FFC0BE00168A94204D149
S31508014BB04168A14207D0002C05D001460248F4F706
S31508014BC014FC0028F1D170BD5C27012010B50446FC
S31508014BD0442108F085F94FF4FA70E062002020625A
S31508014BE06420A0620120A4F840000448E06194F81A
S31508014BF0420040F0010084F8420010BD354C01081E
S31508014C0038B504464FF480650095D4E90B20002396
S31508014C10194607F0ACFF40F2B6334FF46172002132
S31508014C20009500F061FF226AA16A891A414302EBE5
S31508014C30A12038BD38B504464FF480600090D4E908
S31508014C400B200023194607F092FF226AA16A891AE6
S31508014C50414302EBA12038BDD0E90B128A4201DBA0
S31508014C60806A7047006A70470020F5F73BB98B1ACE
S31508014C70002B00DC531A4FF47A714B43B3FBF0F067
S31508014C80002800D10120704770B54168054611B169
S31508014C902868FFF749FF1948F4F727FC184E10B1A1
S31508014CA00EF0CBF970601548F4F7B2FB041E23D059
S31508014CB04422294608F042F82868A84200D124600F
S31508014CC0717894F8420061F3820084F84200C007C3
S31508014CD00FD0616939B120468847216A01442162AA
S31508014CE0A16A0844A06262681AB1206808B1216AFB
S31508014CF09047F5F79DF8204670BD00005C27012016
S31508014D00B003002070B5458D848D0023A54201D2DC
S31508014D102B4602E0C5F5B4752C448B420FD8A14247
S31508014D200DD8E21AB1EB520F416B02D841F00801D6
S31508014D3001E021F00801416341F0100134E04FF42C
S31508014D40B475934207D19E1A2644AE4203D0416BED
S31508014D5041F00801F0E7934209D3C2F5B4768E42D1
S31508014D6005D8A94203D8416B41F008011AE09342DC
S31508014D7006D2D61AC6F5B4768E4201D8A942F2D918
S31508014D802244AA4205D81944A14210D3914206D910
S31508014D900DE0A2F5B4728A4209D3A14207D9416B43
S31508014DA021F0080121F010014163012070BD0020A6
S31508014DB070BD10B500200C468884872161852D2297
S31508014DC0A285E18449002185616B21F006016163B1
S31508014DD04FF40041E185616B2086642041F00801AA
S31508014DE0608621F0010060631001A0630EF025F9C9
S31508014DF0E063208DA4F84000606B022120F01000CA
S31508014E006063204608F014F94FF44471204608F00F
S31508014E10F5FC2046BDE810400D210BF03EBD000013
S31508014E202DE9F04FAFB0044605F014F907462046C0
S31508014E3005F0D8F82A9028AA2CA93846FEF72AF9A7
S31508014E4006A82A9908F03AFFBDF9A000DFF888817B
S31508014E500DF1B00A0DF1080B00282DDD584602F0B8
S31508014E600DF902AA002138460AF0A2FA0020CDF867
S31508014E703CA01390CDE90780BDF8A000ADF8540019
S31508014E8006AA1A213846CDF838B005F0E5F8B98DE5
S31508014E90B88C7A8D0144104489B280B2CDE90001FB
S31508014EA0BDF854302CAA02A92A9802F0D7F806AA06
S31508014EB01B21384605F0D0F84FF4003949463846E3
S31508014EC009F0CCFF0646494638460AF003F8054676
S31508014ED0494638460AF046F804464946384609F02E
S31508014EE06FFFAE4201DD314600E02946844201DD0D
S31508014EF0224600E00246914205DDAE4201DD30461A
S31508014F0004E0284602E0844200DD2046BDF8A010F0
S31508014F10081A04B2002C34DD02A802F0AFF802AA7E
S31508014F204D46494638460AF043FA0120CDF83CA0D9
S31508014F301395CDE90780ADF8544006AA1A213846DB
S31508014F40CDF838B005F088F8BDF90A10BDF9540056
S31508014F50814201DDADF80A00398DB88CFA8C01441D
S31508014F60104489B280B2CDE90001BDF854302CAAAB
S31508014F7002A92A9802F072F806AA1B21384605F0FA
S31508014F806BF82DABBDF9A0202CA93846FEF70AFA15
S31508014F9018A803F027FB4FF4403418AA21463846CF
S31508014FA00AF058FB02201394CDE907802DA8099031
S31508014FB018A80A9006AA1A21384605F04DF82DAA0E
S31508014FC018A92A9803F0FAFA06AA1B21384605F009
S31508014FD043F82FB0BDE8F08F209B04082DE9F04770
S31508014FE086B08A46FD4809F015F801287ED1504653
S31508014FF004F0F2FF0546504605F02CF806465046E1
S3150801500005F028F80446022D11D0082D6FD0032D7E
S31508015010FCD00D2D6CD0112D6BD0132D6AD0152D0A
S3150801502064D106B05046BDE8F047FFF7F9BE06F071
S3150801503071FC05005AD006F0AEFC012856D101A92B
S31508015040284606F07DFC03AA02A93046FEF722F897
S31508015050BDF80400BDF80810401AADF80400BDF803
S315080150600600BDF80A10401AADF8060094F8340097
S31508015070C00744D14FF40031304609F096FD054684
S31508015080BDF80C004FF48031401BADF80C003046DA
S315080150900AF07DF910B1BDF80C0008E0BDF90C0065
S315080150A0C11700EB9171B5EBA10F00DA8D10401B0A
S315080150B0ADF80C0000B2012802DA0120ADF80C00A7
S315080150C0BDF8040010FB00F1BDF8060010FB001046
S315080150D0BDF80C1011FB01F1884206DD606B40F04A
S315080150E0010060630DF0A9FFE06304E079E0DEE00A
S315080150F0F7E01AE15AE194F83400C00771D0BDF916
S31508015100041019B9BDF8060000286AD0B4F92C7044
S31508015110628DB8B2904202D200F5B47007B2BDF9F9
S31508015120060000F039FBA18C401A618D401A05B2C0
S31508015130002D02DA05F5B4752DB2BDF80C004FF451
S315080151401D7110FB01F06421B0FBF1F8002001F09C
S3150801515001FF00EBC00101EB00114FF0500909EB0B
S315080151604100B0F5A07F0CD3002001F0F3FE00EB5F
S31508015170C00101EB001109EB4100A021B0FBF1F0E0
S3150801518000E001204FF4B4714843B0FBF8F294F8FB
S3150801519034002946C0F3C0093046FFF7B3FD00289D
S315080151A01FD0618DB4F84020781A511A0FFA81F888
S315080151B0A5EB080109B24FF40C7301F58C7100B225
S315080151C0994205D994F8342012070BD500250AE02F
S315080151D0626B5FEAC26C06D4120703D5424215B266
S315080151E001E061E00546B9F1000F08D0606B0207DE
S315080151F00ED4C0060CD499420AD9002508E0B9F1A3
S31508015200000F05D1616B0A0702D5C90600D4054608
S31508015210A5EB080005B2E06B0DF009FFA16B414350
S315080152204FF47A70B1FBF0F080B2854202DC40425D
S31508015230854200DA05B2618DB4F93220B4F930300D
S3150801524008EB0500A7EB010CD51A4FEACC0C9CFB21
S31508015250F5F52D1D00EB2510B4F92E5008440092E2
S3150801526000B23A4607F083FC07B2B6F92E00B842F7
S315080152700FD00DF0E2FEE0633946304600F07CF9C6
S31508015280AF4206D000221C21304604F0E5FE012873
S315080152900AD1B4F93000B84203D0B4F93200B842A1
S315080152A002D10DF0CAFEE06306B0BDE8F087606B77
S315080152B020F001006063304608F08EFF054605F0D0
S315080152C003FB044606F026FB06F065FB0428EBD132
S315080152D0002CE9D006B02846BDE8F047002105F0C4
S315080152E061BB504604F0B4FE0078B4F92E50132879
S315080152F006D0112804D0142805D0122803D008E0B6
S31508015300F08D401C01E0F08D401E01B2304600F0E0
S3150801531033F9B4F92E00A842C6D006B03046BDE826
S31508015320F04700221C2104F097BE504604F090FE77
S31508015330044604AA03A93046FDF7ACFEB068002569
S3150801534008B1B0F914500021304609F02EFC064682
S31508015350BDF810102844081ABDF80E20ADF8100043
S31508015360111809B20091BDF80C10121A0B18081A77
S3150801537001B21BB212B201A800F0D6F947F6FF77BF
S315080153803A4601A82168F3F748FC08B100200BE06A
S3150801539006EB450002B2114601A800F0ABF93A4600
S315080153A001A82168F3F739FC20717DE70021304611
S315080153B009F054FD07460021304609F08BFD0546E4
S315080153C00021304609F0CEFD04460021304609F099
S315080153D0F7FCAF4204DD394603E00000209B0408D0
S315080153E02946844201DD224600E00246914205DD56
S315080153F0AF4201DD384604E0284602E0844200DD7A
S31508015400204680464FF440394946304609F026FD84
S3150801541007464946304609F05DFD05464946304688
S3150801542009F0A0FD04464946304609F0C9FCAF42D9
S3150801543001DD394600E02946844201DD224600E0C5
S315080154400246914205DDAF4201DD384604E02846B1
S3150801545002E0844200DD2046801CA0EB08043046A9
S31508015460FFF76EF8204404B2504604F0F1FDB0F996
S315080154700010A14200DD0C46048015E770B50C4604
S315080154800546114600F006F821462846BDE8704053
S3150801549000F039B870B54FF4B47305460C46994215
S315080154A002D9A1F5B474A4B2288DE98C421A611AFD
S315080154B012B209B2002A02DA02F5B47212B200294E
S315080154C002DA01F5B47109B28E1AB4369E4203D9CD
S315080154D028460AF01BFA0DE04FF40033914202DA2E
S315080154E00246214603E08A4204DA22460146284654
S315080154F0FEF7B6FC2846FEF704FD28462C85BDE8CE
S315080155007040FEF7FEBC70B54FF4B47305460C4601
S31508015510994202D9A1F5B474A4B2298DE88C0A1A64
S31508015520091B12B209B2002A02DA02F5B47212B2E2
S31508015530002902DA01F5B47109B28E1AB4369E420F
S3150801554003D928460AF0E2F90DE04FF400339142F7
S3150801555002DA2246014603E08A4204DA0246214675
S315080155602846FEF77DFC2846FEF7CBFC2846EC8448
S31508015570BDE87040FEF7C5BCB0F92E308B420ED09F
S31508015580B0F932208A4200DA1146B0F930208A424F
S3150801559000DD11468B4202D0C18514F055B970471A
S315080155A00A8802804A8842808A888280C988C1809E
S315080155B070470A8802804A8842808A888280C98818
S315080155C0C18070470A8802804A8842808A88828018
S315080155D0C988C18070470A8802804A8842808A88B9
S315080155E08280C988C18070470A8802804A884280B9
S315080155F08A888280C988C18070470A8802804A8859
S3150801560042808A888280C988C18070470A88028058
S315080156104A8842808A888280C988C18070470A88F8
S3150801562002804A8842808A888280C988C1807047F8
S315080156300A8802804A8842808A888280C988C1800D
S3150801564070470A8802804A8842808A888280C98887
S31508015650C18070470A8802804A8842808A88828087
S31508015660C988C18070470A8802804A8842808A8828
S315080156708280C988C1807047C1884088081A401C41
S3150801568000B27047C1884088081A401C00B27047AA
S31508015690C1884088081A401C00B27047B0F9041046
S315080156A0B0F90020891AB0F90620B0F90200101ADB
S315080156B0401C491C4843704781880088081A401CC9
S315080156C000B2704781880088081A401C00B27047EA
S315080156D081880088081A401C00B2704781880088B2
S315080156E0081A401C00B2704781880088081A401CB5
S315080156F000B2704703885B1A038083881944818046
S315080157004188891A4180C1881144C180704703883C
S315080157100B44038083881944818041881144418060
S31508015720C1881144C180704710B5029C018042802E
S315080157308380C48010BD4288491E1144C1807047C8
S315080157400288491E114481807047000070B50646DB
S315080157500D46082007F02AFA041E0BD0024600213E
S3150801576007480DF06DFC30B1C4E9006501210DF063
S315080157704CFD012070BD204607F0A4FA002070BD3B
S315080157808557010810B5C468D4E900108847204632
S31508015790BDE8104007F096BA0022002801DA012276
S315080157A04042002901DA4942921C884207D9C1EBD5
S315080157B0011101EB4101B1FBF0F3103205E0C0EB39
S315080157C0001000EB4000B0FBF1F30020D9B2162916
S315080157D00BD92C2900D80120292900D8401C2529B4
S315080157E000D8401C20290BD90BE0022900D301203F
S315080157F0062900D3401C0A2900D3401C0F2900D3CF
S31508015800401C1844D10601D5C0F15A0091074FEA48
S31508015810C27105D509B1B43005E0C0F1B40002E0A2
S3150801582009B1C0F5B47080B27047C16000680AF06A
S315080158306DB800684FF0FF320168C26001F13C02A1
S31508015840904202D182684A6205E001F14C02904217
S3150801585001D182680A6300680AF058B810B50C4687
S3150801586000206421C4E90A0120636062A0862087BA
S31508015870E086608784F85C0004F13C01204600F06C
S31508015880A6F804F14C01204600F0A1F808212046AB
S3150801589007F0B4FF1021204607F0B0FF204600228A
S315080158A0BDE81040114600F0BEB810B50C460021FF
S315080158B004F13C00FFF738F904F14C00BDE810404B
S315080158C00021FFF731B900002DE9F0410D463148B5
S315080158D008F0A0FB012854D1284604F07DFB0446B4
S315080158E0284604F0B7FB8046132C0AD0012C4AD06F
S315080158F0082C48D0152C44D12846BDE8F041F8F7C4
S31508015900E1B84FF4003107F047FE0446284604F093
S315080159109FFB0546B0F90000A04200DD04462C8035
S315080159200021404609F0A0FA07460021404609F041
S31508015930D7FA06460021404609F01AFB044600211B
S31508015940404609F043FAB74201DA394600E03146E2
S31508015950844201DA224600E00246914205DAB7425C
S3150801596001DA384604E0304602E0844200DA20468D
S31508015970002806DAB5F900104042814200DC0146EA
S315080159802980BDE8F08108F134014046BDE8F041BF
S3150801599009F0DFBF3C9B040890F85C0000F00300A7
S315080159A0704790F85C1001F00301022901D0806A62
S315080159B07047816D491C01D0406D7047006B704777
S315080159C0816C491C01D0406C7047406A7047086079
S315080159D0002048608860401EC860704738B5134685
S315080159E090F85C2002F00302022A1BD1D0E90A4290
S315080159F08A4201DD0D4600E01546AC4201DD21462D
S31508015A0002E08A4200DC1146426A8A4200DA1146FD
S31508015A10026B8A4206D0009300F14C0300F1300272
S31508015A2000F022F838BDF8B5456A13468D421AD0FA
S31508015A30D0E90A428A4201DD0E4600E01646B44222
S31508015A4001DD214602E08A4200DC1146026B8A42E8
S31508015A5000DD11468D4206D0009300F13C0300F1AA
S31508015A60240200F001F8F8BDF0B591B00746169882
S31508015A701C4616460D4618B3E068401C2ED0A06891
S31508015A80C4E90105002118461560FFF74DF8684677
S31508015A90FFF79CF812484FF48071CDE900400020C9
S31508015AA00890CDE909010F4803903846002165227F
S31508015AB009F088FA0B906846FFF7E6F811B0F0BDD1
S31508015AC000211846FFF730F84FF0FF30E0603560E7
S31508015AD011B03846BDE8F04009F018BF3068CFE785
S31508015AE02B58010833580108F0B5C0F5806404FB4A
S31508015AF004F5AD0A05FB04F64FEA962C00FB00F601
S31508015B00B60A06FB00F745435543BF0A0CFB01FCE1
S31508015B1074434FEA9C2105EB45005C43DDF814E02C
S31508015B2004EB440201EB105007FB0EF700EB125091
S31508015B3000EB9720F0BD10B50C461021204607F062
S31508015B405DFE2046BDE810404FF4806107F070BA4B
S31508015B5010B50146034807F0A3FD044607F014FEF5
S31508015B60204610BD589B040870B50646008E0D46A2
S31508015B701446A8421BD9E00608D50121304609F08A
S31508015B8006FC18B10121304607F038FEF06A30F8F4
S31508015B901510A14320F8151029463046FEF7CCF911
S31508015BA0600504D53046BDE870400AF047BB70BDB4
S31508015BB070B50E460546002406E0324621462846BB
S31508015BC0FFF7D2FF641CA4B2288EA042F5D870BD97
S31508015BD008460021018641864FF6FF728286816258
S31508015BE0C162416280F83610014900F0EFBA00003F
S31508015BF02C04002010B50C46886A07F063F8E06AA1
S31508015C0007F060F80020A062E06210BD2DE9FC47AC
S31508015C108A46FA4808F0FEF9012843D1504604F0AD
S31508015C20DBF90646504604F015FA00270446132EFA
S31508015C3002D02A2E49D01AE0608EA146002831D01A
S31508015C400025D9F8248031E0D9F82C0030F8150060
S31508015C50C0F3802040B3608E28B1204608F054FA7C
S31508015C60618E90FBF1F001B2504604F015FA292E27
S31508015C702FD04FF6FF75012E2DD0022E6CD0082E8F
S31508015C807ED0062E7DD0032E7CD00E2E7BD00F2EF5
S31508015C907AD0102EFCD00D2E77D0152E02D1504673
S31508015CA0F8F784FFBDE8FC876D1CADB258F82500EE
S31508015CB00028F7D0D2A1EAF7BBFE0028F2D058F89F
S31508015CC0250000780028BFD1ECE7616A00F07EFA6A
S31508015CD0E8E72046F9E7504604F0BAF906462046B1
S31508015CE0A18EFEF729F905F015FE05F054FE0128E7
S31508015CF001D003281BD16946304605F021FE6946C5
S31508015D002046FDF783F82146A586A8421CD0E16AFC
S31508015D1031F81010C1F38012002AC3D1C1F3001162
S31508015D200029BFD1A08601462046FEF705F9A18EB6
S31508015D30A942B7D0E06A30F81100C0F34022002A20
S31508015D40B0D1C0F380229EE08D86ABE7C0F3001088
S31508015D500028A7D1019148E0504604F079F9074691
S31508015D6005F0D8FD064605F016FE04289AD0022845
S31508015D7098D06946304605F0E3FD6946204605E0B8
S31508015D8039E078E087E089E0CAE0D1E0FDF73EF83E
S31508015D900646A18E2046B14284D0A94201D0FEF71B
S31508015DA0CBF8A686384605F04FFEAE428CD0E06A9F
S31508015DB030F81600C0F38011002985D1C0F3001010
S31508015DC0002885D131462046FEF7B6F8E06A30F854
S31508015DD01610C1F340210029B7D1A18E30F8110060
S31508015DE0C0F380200028B0D1019601AA1C212046C3
S31508015DF004F032F956E7A18EA94237D0E26A32F8A1
S31508015E001100C0F3C013ABB1C0F3801393B9C0F34B
S31508015E1000231BB194F83630DB0713D040F48070A9
S31508015E2022F8110094F83600C00703D02046A18E47
S31508015E300DF084FDA18EE26A32F81100C0F340220A
S31508015E4032B902E020F48070EAE7C0F380226AB131
S31508015E50C0F3801252B9C0F3001038B9019101AAF2
S31508015E601C21204604F0F8F80128C3D12046A18E4A
S31508015E70FEF762F816E7A18EA942BBD0E06A30F8B0
S31508015E801100C0F34012002AB4D1C0F38012002ACF
S31508015E903FF45CAF06E72046A18E45E0208E002838
S31508015EA0A8D0504604F0D4F8074605F074FD064616
S31508015EB02FB9002005F034FD05F06DFD0646204694
S31508015EC008F08AF904F000FDA18EA94292D1022EAA
S31508015ED002D0042E2AD148B394F836100020E26A7B
S31508015EE0C90701D110E0401C32F81010C1F30013A4
S31508015EF0002BF8D1C1F38013002BF4D1C1F3002193
S31508015F000029F0D00AE0401C32F81010C1F3001342
S31508015F10002BF8D1C1F380110029F4D1A086C1E67E
S31508015F20A18E2046A94201D0FEF706F8A586B9E654
S31508015F302046A18EFEF700F8504604F089F800784D
S31508015F40132813D0142836D004264FF00209122834
S31508015F5058D011288AD10021204608F067FFA28E61
S31508015F608446AA427BD1A786E26AA5E0A08EA8420A
S31508015F7001D1A78601E0401CA086A18E238E9942F5
S31508015F8000D3A786A28EE66A08E0491C88B2A086D5
S31508015F90984200D3A786A08E90427DD0A18E36F86E
S31508015FA01100C0F3001CBCF1000FEED1C0F3801044
S31508015FB00028EAD15AE7A08EA84201D1A78600E0B7
S31508015FC000B9208E401EA08683B2E26A09E011B1AB
S31508015FD0491EA18602E0208E401EA086A08E984208
S31508015FE068D0A18E32F81100C0F30016002EEED14A
S31508015FF0C0F380100028EAD138E70000749B040832
S315080160000A0000000021204608F010FFA28E8046F3
S31508016010AA4214D1A786E26A05E0491C88B2A0867D
S31508016020218E884246D2A18E32F81100C0F30013A0
S31508016030002BF2D1C0F380100028EED116E7A16A31
S3150801604006EBC2000B5A31F832001B1A5B1C43F3EC
S315080160504E0318440FFA80FC1046238E1FE037E0E2
S3150801606009EBC00709EBC205CF5F4D5FAF4212DDF1
S3150801607031F9305065450EDC06EBC0054D5F4544E8
S31508016080654508DBE56A35F81070C7F3801515B95B
S31508016090C7F300152DB100E00CE0401C80B2834225
S315080160A0DED8834247D8E1E6491C88B2A086218E0C
S315080160B0884201D3A586D9E6A18E32F81100C0F32C
S315080160C00013002BF0D1C0F380100028ECD1CDE6E7
S315080160D0A16A06EBC2000B5A31F832001B1A5B1C87
S315080160E043F34E03184405B2B4F934001EE000BF69
S315080160F009EBC00709EBC203CF5FCB5E9F4213DAF8
S3150801610031F93030A3EB0C03AB420DDC06EBC003CF
S31508016110CB5EAB4208DBE36A33F81030C3F3801772
S3150801612017B9C3F3001323B1401E00B20028DFDA02
S315080161309CE60028B7DBA08698E6038E8B4204D935
S31508016140C06A30F81100824301D00020704701204F
S31508016150704770B50446008E0E461546B04234D9CE
S3150801616094F83600C00706D0E80504D54FF48071C7
S315080161702046FFF71DFDE80616D5218E01200129C7
S315080161800ED9002309E0B34205D0E26A12F81320BA
S31508016190D20600D400205B1C9BB29942F3D818B1F1
S315080161A00121204606F044FFE06A30F8161029431B
S315080161B020F8161031462046FDF7BEFE680504D5BF
S315080161C02046BDE870400AF039B870BD2DE9F34F95
S315080161D097B00D0079D0179C2046F3F75BFD6562F1
S315080161E000211622179808F0EDFEC0B21290002180
S315080161F0179808F03FFE0B900021179808F0BEFE8D
S315080162000F900021179808F095FE02900021179823
S3150801621008F00CFE0990179807F090FF049017985C
S3150801622007F072FF618E0027C1F101020299A946A2
S3150801623001FB020000B21090384685E04FF0000BD2
S315080162405D460AE0E06A791930F81100FCF7ABFE01
S3150801625058446D1C1FFA80FBADB259F8250040B1B0
S3150801626042A1EAF7E5FB20B159F825000078002894
S31508016270E8D15DB31099608E01FB08F1B1FBF0F22C
S315080162800F995318029A08FB023109B2089110991D
S3150801629008F101025143B1FBF0F10F9A0298491E28
S315080162A008FB0020084400B2149009990498C5F126
S315080162B0010201FB020000B20E90002801DA00205B
S315080162C00E904FF0000A564636E04BE0FFE709F11B
S315080162D0040036E0E06A30F81700FCF764FE0E9910
S315080162E001FB0AF1B1FBFBF20999824406FB012184
S315080162F00E9A09B20AFB02F0B0FBFBF0099A401E9E
S3150801630006FB0200129A00B2012A06D10A4604992E
S31508016310081A01B20498801A00B20B9A104403B203
S31508016320149800901144A06A09B200EBC700089AB4
S31508016330FFF7FAF9761C7F1CAE42CBD309EB850031
S31508016340001D814608F101008046608E40453FF6F2
S3150801635075AF179809F072FF179819B0BDE8F04F95
S3150801636009F0D4BA19B0BDE8F08F00000A000000A0
S3150801637010B50C46102104F12400F3F741F8102159
S3150801638004F13000F3F73CF8002024F86C0F208163
S31508016390608060816420A080A081E080E081032084
S315080163A060820520A0820A20E08247F6FF702082DB
S315080163B0207F20F00700401C20F0080020774FF4CA
S315080163C080702083608310BD70B50C4601F12406E8
S315080163D010E000BFF2F7F7FF0546007B400702D43D
S315080163E0686806F06FFC29463046F3F787F82846B1
S315080163F006F068FCA06A00283046EBD1F2F7CDFF1B
S3150801640004F130050AE000BFF2F7DDFF0646014652
S315080164102846F3F773F8304606F054FC606B0028FB
S315080164202846F1D1BDE87040F2F7B7BFF8B50D4679
S315080164307E4807F0EFFD012874D1284603F0CCFD0C
S315080164400646284603F006FE0446012E2DD0082EE0
S3150801645069D0292E68D0132E67D02C2E7ED0152E02
S315080164607FD1284603F0BEFD054601462046F6F7CC
S31508016470D3FF2646002229462046FBF763FC012264
S3150801648029463046FBF75EFC022229463046FBF7D1
S31508016490B9FA042229463046FBF7B4FA04F1240076
S315080164A0F3F723F8002871D0B9E005F033FA694605
S315080164B005F046FABDF80010A08A2546081AADF877
S315080164C00000284607F034FFBDF800104618284694
S315080164D007F034FEB5F88410484340F30F2700212E
S315080164E0284608F0B5FC301A00B20026002822DB3F
S315080164F0B84203DDB5F88260761E1CE095F888106F
S3150801650001F00701012902D002290FD013E0B5F8DD
S315080165108210491E414307EBD77001EB600090FBDF
S31508016520F7F608E01DE01DE024E027E0B5F8821043
S31508016530414391FBF7F6B4F97C00B04211D0B1B2F0
S315080165402046FDF75CFD2046B4F87C10FDF757FDA3
S3150801655000222046A4F87C601C2100E031E003F00B
S315080165607BFDF8BD34F87C1FFDF749FD47F6FF7042
S315080165702080F8BDBDE8F84009F08CBEB4F940208A
S31508016580B4F94C00824202DD164601E02EE00646C9
S3150801659034F9581FB4F90C30994201DD0C4600E074
S315080165A01C46A64205DD824201DD114604E001468C
S315080165B002E0994200DC19462846BDE8F84003F096
S315080165C06BBD284603F044FD0546204607F0B6FD97
S315080165D0B4F88410484300122880204607F094FD39
S315080165E0B4F88610484300126880F8BD94F888000C
S315080165F000F00700012804D0022807D003280AD092
S315080166000DE029462046FAF731F808E029462046E2
S31508016610F9F70EFF03E029462046FAF741FA29461B
S315080166202046BDE8F840F6F7E9BD0000C8AF020804
S315080166302DE9F04F8BB090460E4604001D460AD050
S3150801664056B1B4F88210414507D8002028805880F1
S315080166500BB0BDE8F08FFEE7FEE7204607F06EFDBA
S31508016660B4F88410484340F30F27204607F04CFD41
S31508016670B4F88610484340F30F20049094F8880034
S3150801668000F00700012804D003280AD0022819D0EF
S3150801669065E0B4F8820007FB08F7401E97FBF0F0A7
S315080166A05CE000973168002331F91800317BC1F3AA
S315080166B0C00204EB4201B1F97820B1F9741006F071
S315080166C056FA4BE004F1240003900790F2F77FFE97
S315080166D081464FF4A021204608F0A2FBB4F88410A5
S315080166E04843001206900021204608F099FBB4F8A9
S315080166F084104FF0000A484301120291B4F882004F
S31508016700C0F1010202FB017191FBF0F00FFA80FB67
S315080167100798F2F771FE06E0B14206D00AF1010ABE
S315080167200398F2F766FE0100F6D10298B4F88210D2
S31508016730384400FB08F090FBF1F00BFB0AF1B1FBC2
S31508016740F9F1069AC9F1010302FB03B20144B2FB4E
S31508016750F9F000B200EBD07001EB6000288000214F
S31508016760204608F079FA07460021204608F070FB12
S315080167702988384408442880204607F0D9FD298805
S31508016780081A28803146204600F02CF800EB08014B
S31508016790B4F88200049B91FBF0F200FB12107168B9
S315080167A080B231F91000317BC1F3001204EB4202C9
S315080167B032F96C1F401AB2F904205843511A90FB5A
S315080167C0F1F0181A68800021204608F0C5FB69888F
S315080167D0384408446880204607F076FE6988081A16
S315080167E0688035E729B190F88800000702D44889FE
S315080167F07047FEE700207047F0B504464FF4FA6685
S31508016800C1F341307710642501280BD121F4C0402A
S31508016810B04207DCB84201DDC0F57A70584390FBF7
S31508016820F5F001B2C2F3413001280BD122F4C04080
S31508016830B04207DCB84201DDC0F57A70584390FBD7
S31508016840F5F002B2944201DA204600E01046884289
S3150801685001DA0846F0BD944201DA2046F0BD104639
S31508016860F0BDF0B504464FF4FA66C1F3413077102E
S31508016870642501280BD121F4C040B04207DCB84297
S3150801688001DDC0F57A70584390FBF5F001B2C2F309
S31508016890413001280BD122F4C040B04207DCB8428E
S315080168A001DDC0F57A70584390FBF5F002B29442C7
S315080168B001DA204600E01046884201DA0846F0BDB2
S315080168C0944201DA2046F0BD1046F0BD002208B513
S315080168D01146104600F0B7F80090BDF8000008BD53
S315080168E0002208B51146104600F0C6F80090BDF81A
S315080168F0000008BD002208B51146104600F0EEF862
S315080169000090BDF8000008BD38B50C460546FFF7EE
S31508016910F1FF2246294600F085F90090BDF80000EE
S3150801692038BD000007B58107BDF8043002D020F84C
S31508016930023B521EBDF8041001EB01410EE002C0F4
S31508016940103A02C040F8081B40F8041C40F8101B16
S3150801695040F80C1C40F8081C40F8041C102AEED814
S3150801696003E000BF20F8023B521E002AFAD10EBDF1
S31508016970F82101EA1041C0F34232114300F4E05212
S3150801698008B541EAC20100F0F80041EA4010ADF845
S31508016990000080B208BDF82101EA1041C0F3423275
S315080169A0114300F4E05208B541EAC20100F0F800CB
S315080169B041EA4010ADF8000080B208BDF82101EAAD
S315080169C01041C0F34232114300F4E05208B541EADE
S315080169D0C20100F0F80041EA4010ADF8000080B2AB
S315080169E008BD18B54C09BDF80030D20864F3020396
S315080169F0ADF80030C308BDF80000890863F3C70085
S31508016A0080B262F30C2080B261F34F30ADF800001A
S31508016A1080B218BD18B54C09BDF80030D20864F328
S31508016A200203ADF80030C308BDF80000890863F316
S31508016A30C70080B262F30C2080B261F34F30ADF823
S31508016A40000080B218BD18B54C09BDF80030D2084F
S31508016A5064F30203ADF80030C308BDF800008908E5
S31508016A6063F3C70080B262F30C2080B261F34F3042
S31508016A70ADF8000080B218BD18B54C09BDF8003054
S31508016A80D20864F30203ADF80030C308BDF800006C
S31508016A90890863F3C70080B262F30C2080B261F300
S31508016AA04F30ADF8000080B218BD18B54C09BDF8D5
S31508016AB00030D20864F30203ADF80030C308BDF80C
S31508016AC00000890863F3C70080B262F30C2080B224
S31508016AD061F34F30ADF8000080B218BD18B54C0906
S31508016AE0BDF80030D20864F30203ADF80030C308DC
S31508016AF0BDF80000890863F3C70080B262F30C2071
S31508016B0080B261F34F30ADF8000080B218BD18B5F8
S31508016B104C09BDF80030D20864F30203ADF8003021
S31508016B20C308BDF80000890863F3C70080B262F3A1
S31508016B300C2080B261F34F30ADF8000080B218BD69
S31508016B4018B580B2030243EA102084B288B2010262
S31508016B5041EA1020121D0C4980B2D30840EA0040D0
S31508016B6044EA044208400A40121A5A4300EB5210FA
S31508016B70084040EA104080B2010241EA1020ADF80F
S31508016B80000080B218BD00001FF8E00718B580B2F2
S31508016B90030243EA102084B288B2010241EA1020B6
S31508016BA0121D0C4980B2D30840EA004044EA044267
S31508016BB008400A40121A5A4300EB5210084040EAAC
S31508016BC0104080B2010241EA1020ADF8000080B2FF
S31508016BD018BD00001FF8E00718B580B2030243EAA2
S31508016BE0102084B288B2010241EA1020121D0C4914
S31508016BF080B2D30840EA004044EA044208400A4009
S31508016C00121A5A4300EB5210084040EA104080B26B
S31508016C10010241EA1020ADF8000080B218BD00005B
S31508016C201FF8E00718B580B2030243EA102084B2C0
S31508016C3088B2010241EA1020121D0C4980B2D3081C
S31508016C4040EA004044EA044208400A40121A5A43FC
S31508016C5000EB5210084040EA104080B2010241EAB6
S31508016C601020ADF8000080B218BD00001FF8E0073B
S31508016C7080B2C0F3C402C2EBC20303EB0222D21DE7
S31508016C80520962F317414207920E02EB503202EBA8
S31508016C90420303EB0222D21C920962F30F21C0F3CD
S31508016CA00420C0EBC00202EB0020C01D400960F3BE
S31508016CB007010846FF2161F31F607047FF2208B5E7
S31508016CC011461046FFF7D8FE0090BDF8000008BD32
S31508016CD008B50720BDF8001060F30201ADF80010F1
S31508016CE0BDF800201F2161F3C70292B261F30C229D
S31508016CF091B260F34F31ADF8001088B20090BDF83B
S31508016D00000008BD70B50C00054611D000F022F947
S31508016D1010FB04F05030B0F5A07F0BDB284600F0DD
S31508016D2019F910FB04F0A021503090FBF1F002E0B4
S31508016D30002000E0012000B270BD2DE9F0410D46AA
S31508016D401E46174604461C2106F0CAF8C4E9005730
S31508016D50C4E90256BDE8F08138B50446502106F06B
S31508016D60BFF84FF4A0702080F02060804FF0FF300C
S31508016D70A080E0800020208160812069822120F0A6
S31508016D80400040F0080061F3D01020614EF2070080
S31508016D90ADF800000090BDF8000020870248206485
S31508016DA060645820A06438BD998F0108F8B5054676
S31508016DB05448F2F72DFB041E7DD0E86B48B9A86C40
S31508016DC005F0F4FE060077D001462A6C284690475E
S31508016DD0EE634FF4B471204606F082F8012025606F
S31508016DE0C4F85401082104F5AC70F2F709FB464EC4
S31508016DF022463221F7684548F4600CF021F96060B3
S31508016E00002865D0286981070AD529886A8811FB6F
S31508016E1002F1EA68D268914202D920F0020028619B
S31508016E20BDF80000072161F30200ADF80000BDF8C6
S31508016E3000201F2060F3C70292B260F30C2290B2C1
S31508016E4061F34F30ADF8000080B20090BDF8000044
S31508016E500090BDF800006085FF2084F829000CF039
S31508016E60D3F850B30CF074F8A060002006F056FD74
S31508016E702061002006F052FDE061002006F04EFD7B
S31508016E80234D20622A460021E06909F0F2FA2A46D2
S31508016E900021206A09F0EDFA0221E06906F0AEFC4C
S31508016EA00221206A06F0AAFC0021E06909F09DFD8D
S31508016EB00021206A02E00AE008E00DE009F095FDEC
S31508016EC0206908F023FDF760B7B116E00020F8BD88
S31508016ED0204605F0F7FEF9E700200AF03DF80546D9
S31508016EE005200AF039F801460A48009001232A4686
S31508016EF020460CF037F8B7E7F46060680CF079F9CA
S31508016F002046F8BD38270120A0030020858D0008FA
S31508016F10FFFF0F005068030810B50C4618B900F0BA
S31508016F2013F8002809D0D0F854110CB1012201E058
S31508016F304FF0FF321144C0F8541110BDC268002148
S31508016F401161C068416170470148C0687047000017
S31508016F50A003002010B90548C06820B1006800697F
S31508016F60C0F3C9107047822070470000A0030020B3
S31508016F700068C0687047000018B90948C068002849
S31508016F8009D00068017CC1F30111012904D0032944
S31508016F9002D0B0F900007047B0F90200704700004E
S31508016FA0A003002010B518B9FFF7CEFF002800D0BE
S31508016FB0006A10BD10B518B9FFF7C6FF002800D042
S31508016FC0C06910BD18B101460248F2F70EBA014868
S31508016FD0F2F7F9B93827012010B518B9FFF7B4FF48
S31508016FE0002800D0006910BD10B518B9FFF7ACFF2D
S31508016FF0002800D0406910BD10B508B9FFF7A4FFF5
S31508017000806810BD18B90948C068002809D0006809
S31508017010017CC1F30111012904D0032902D0B0F979
S3150801702002007047B0F9000070470000A003002075
S3150801703010B518B9FFF788FF002804D0D0F8540115
S31508017040002801DD012010BD002010BD08B5002172
S315080170500B460A4600910AF0F9FA08BD7CB50E7B83
S31508017060DDE90654022E08D94E88002E05D0A54220
S3150801707003D0CDE900544469A0477CBD38B5044620
S31508017080102105F02DFF01206080FF202073BDF837
S315080170900010002060F3020189B260F3C70189B2CA
S315080170A060F30C2189B260F34F31ADF8001088B254
S315080170B00090BDF800000090BDF80000208038BDA2
S315080170C02DE9F04F85B0824610B294468B460FFAE9
S315080170D082F9AAEB000EDDF838800FFA8EF20492D7
S315080170E0ABEB000217B203920AEB000203F5B47187
S315080170F0119C58441E46029212B203B20190884569
S315080171007DD04FF4B4718E4202D9A6F5B476B6B2E3
S31508017110884503D9A8F5B4701FFA80F80F99ACEB26
S31508017120010000B20090109818B101EBD17040101F
S31508017130401C05B25A21B6FBF1F0B8FBF1F1C0B219
S31508017140C9B2042800D10320042900D103218842A9
S315080171507ED146457CD868B3012854D0022878D018
S3150801716003287ED106F15A0000B20CF05DF90099A8
S3150801717010FB01F10AEBE130401B208030B20CF024
S3150801718053F910FB09F10BEBE130401B608008F164
S315080171905A0000B20CF048F910FB09F10AEBE1308C
S315080171A02844A0800FFA88F00CF03EF9009910FBEC
S315080171B001F15AE130B20CF037F9009910FB01F1EF
S315080171C00BEBE130401B60805A3630B20CF02CF9DB
S315080171D010FB09F10AEBE1302844A0800FFA88F088
S315080171E00CF022F910FB09F10BEBE1302844E080A1
S315080171F008F15A0000B20CF017F9009900E0E6E030
S3150801720010FB01F129E030B20CF00EF910FB09F17F
S315080172100BEBE1302844E0805A3630B20CF004F921
S31508017220009910FB01F10AEBE1302844A0800FFA1E
S3150801723088F00CF0F9F8009910FB01F10BEBE1303D
S31508017240401B608008F15A0000B20CF0EDF802E02C
S3150801725036E009E005E010FB09F10AEBE130401BD5
S31508017260208005B0BDE8F08F06F15A0000B20CF097
S31508017270DBF810FB09F10AEBE130401B208030B244
S315080172800CF0D2F8009910FB01F10BEBE130284420
S31508017290E0800FFA88F00CF0C7F810FB09F10BEB48
S315080172A0E130401B608008F15A0000B20CF0BCF8CE
S315080172B0009910FB01F10AEBE1302844A080D0E7E0
S315080172C030B1012837D0022861D003287ED099E051
S315080172D001297CD108F15A0000B20CF0A5F810FB7F
S315080172E009F10AEBE130401B20800FFA88F0029081
S315080172F00CF09AF8074630B280460CF095F88742AA
S3150801730001DA029800E040460CF08EF8009910FB6D
S3150801731001F10BEBE130401B60805A3630B20CF0BC
S3150801732083F810FB09F10AEBE1302844A0800198A3
S315080173302844E08095E7022964D1AEEB0500208058
S315080173400FFA88F00CF070F810FB09F10BEBE1303D
S31508017350401B608006F15A0000B201900CF064F8F7
S31508017360074608F15A0000B280460CF05DF88742DC
S3150801737001DD019800E040460CF056F8009910FB33
S3150801738001F10AEBE1302844A08030B269E0032913
S3150801739038D106F15A0000B20CF046F810FB09F193
S315080173A00AEBE130401B20800398401B608008F1FE
S315080173B05A0000B20CF038F810FB09F10AEBE1307B
S315080173C02844A0800FFA88F0804601E019E019E008
S315080173D00CF02AF8009910FB01F730B206460CF0BA
S315080173E023F8009910FB01F0874201DD404600E0D1
S315080173F030460CF019F8009910FB01F00BEBE03060
S3150801740096E729B1049820806780A280E38028E75F
S3150801741008F15A0000B203900CF006F8074606F187
S315080174205A0000B201900BF0FFFF874201DA039878
S3150801743000E001980BF0F8FF009910FB01F10AEB47
S31508017440E130401B208030B20BF0EEFF10FB09F152
S315080174500BEBE130401B608002982844A0800FFAAC
S3150801746088F00BF0E1FF10FB09F10BEBE1305FE768
S315080174702DE9F0411D0017460E4604461AD0F07A4A
S3150801748002281AD9D4F81CC0BCF1000F03D0204633
S31508017490E047012811D02B463A4631462046F4F7F3
S315080174A0D5FB012809D006A239462046BDE8F04198
S315080174B010F0A1B802A23946F8E7BDE8F08100004C
S315080174C04E6F0A646174610038B58469049D002CA5
S315080174D001D00095A04738BD38B50446182105F0F6
S315080174E0FFFC002211461046FFF794FA0090BDF8FA
S315080174F000000090BDF800002081FF20E072401CCA
S3150801750060800120207538BD704700002DE9FF4FC6
S31508017510B5B0887E429F1E4692460C4602287DD902
S31508017520206800287AD03598006A002876D020226B
S3150801753022A8E9F7FAF920680390002E6ED0307870
S3150801754000286BD03598514682682EA8F1F77DFA46
S31508017550002863D0207FB0F1000B01D14FF0010B59
S31508017560607F810707D4BAF80410BAF80000081A30
S31508017570401C03B20FE0B4F91210009141F6FF72F4
S31508017580CDE90120B4F91430314606A822680CF079
S315080175900FF8BDF918300398B4F912100025B0F99F
S315080175A008906A1E01EB09000B90BAF80000ADF8C5
S315080175B01000BAF80210ADF81210B4F916000690C8
S315080175C0B4F918000144ADF8121007B3F8B9BAF9BD
S315080175D0021000291BDAD7F808C0ACEB0100002815
S315080175E001DCA1EB0C000B99C1F1000C4FF4806191
S315080175F001EB4C01884200DD3A603868002806DB59
S315080176000546BDF81210B8880844ADF81200617F26
S315080176100020CDE90001B4F9142000E0A2E07019B8
S315080176202D930399F2F710FA00EB050829E0617F1B
S315080176300020CDE90001B4F9142006EB08002D9BC2
S315080176400399F2F701FA454600EB0508BDF8120061
S315080176500B99084400B2ADF812007FB110F5806F9E
S315080176600CDB3868002809DA3D60BDF91210BAF951
S315080176700200081A7860BAF90200B860705D00283D
S3150801768070D0BDF9121001EB090035998968B1F975
S3150801769002108842CBDB5846CDF8C0B0BBF1020FC9
S315080176A002D0032816D029E0607F0090B4F914307F
S315080176B0A8EB05017019039A0BF0D8FF0746504647
S315080176C0FEF700F8C01BBDF8101000EBD07001EBF7
S315080176D0600011E0607F0090B4F91430A8EB050151
S315080176E07019039A0BF0C2FF07465046FDF7EAFFE9
S315080176F0BDF81010C01B0844ADF81000D4E9019B71
S31508017700D94502D94846D9468346A07F800717D06E
S315080177100FA800F02AFAA089ADF83C00039890F961
S315080177200E0000B90120ADF83E00A07E8DF8440098
S31508017730A07F9DF84510C00860F301018DF845103A
S3150801774000200E90FFF7C2F83390FFF7BFF831908B
S3150801775012A800F047FF208AADF84C00BDF91000C9
S3150801776032906AE16DE100BFBDF810100698002756
S315080177700844ADF81000701908972190A8EB050088
S315080177802A90BAE00021A9F57F420991FF3A09D06A
S31508017790ABF57F41FF3905D0AB4A29183046126847
S315080177A09047099008AB6A4601A92198F2F734F97E
S315080177B0607FC0070AD00198232802D0012F13D071
S315080177C004E047B1012F0AD0022F0BD0E0683190AF
S315080177D0022F4ED04FE008980E90012047E000276F
S315080177E0E06847E0002042E0202841D108990E9838
S315080177F0081A072801D0A08937E00E9A21982BA9E3
S315080178001044062210F8013B01F8013B521EF9D13A
S3150801781000208DF8B2009DF8AD00FCF7A1FA0746E5
S315080178209DF8AC00FCF79CFA07EB001007909DF851
S31508017830AF00FCF795FA07469DF8AE00FCF790FAFB
S3150801784007EB001009909DF8B100FCF789FA074685
S315080178509DF8B000FCF784FA07EB0010C2B209984C
S31508017860C1B20798C0B2FFF7EEF833900220074677
S3150801787043E033983190DDE90021039802F000FDD9
S315080178802C904FF6FF70814522D0834520D0099868
S3150801789048451DD358451BD2BDF81010ADF8241024
S315080178A0BDF81200ADF82600A28A0A442C99491E91
S315080178B01144ADF828100B9909AA491E0844ADF8D8
S315080178C02A0012A9359800F079FEE089ADF8C400BE
S315080178D0BDF8C400ADF8940004AA22A9019B359805
S315080178E000F031F92C98002807DDBDF81010A08AA0
S315080178F001442C980844ADF810002A990898814249
S315080179003FF640AFA07F800723D53298ADF8000037
S31508017910206802AB6A46B0F90810BDF93E0001EBD2
S31508017920D171491000EBD07001EB6000BDF812105F
S315080179300844BDF81010ADF80810ADF80200ADF80E
S315080179400A00BDF8C400ADF83C000FA9359800F04F
S31508017950FFF8A07FC0071FD03298ADF80000206855
S31508017960BDF8121002AB028940891144091A03981D
S315080179706A4690F90D00081ABDF81010ADF80810FE
S31508017980ADF80200ADF80A00BDF8C400ADF83C0038
S315080179900FA9359800F0DCF8617F0020CDE90001D8
S315080179A006EB0800B4F9142007462D9B0399F2F754
S315080179B04BF8454600EB0508BAF80000ADF810008B
S315080179C03098022802D0032816D029E0607F00905B
S315080179D0B4F91430A8EB05013846039A0BF046FEB4
S315080179E007465046FDF76EFEC01BBDF8101000EBAA
S315080179F0D07001EB600011E0607F0090B4F914309B
S31508017A00A8EB05013846039A0BF030FE07465046A7
S31508017A10FDF758FEBDF81010C01B0844ADF810005C
S31508017A20BDF812100B980844359900B2ADF812004A
S31508017A308968B1F90610884203DC705D00287FF475
S31508017A4093AE39B0BDE8F08F2404002038B504465A
S31508017A50202105F045FAFF20A076FEF737FF0090B2
S31508017A60BDF80000A0810B4820604FF6FF706060EA
S31508017A70A060FEF72BFF0090BDF80000E08105200D
S31508017A8009F06AFA0090BDF8000020820020E0762D
S31508017A9038BD000050680308036C002B00D0184756
S31508017AA07047436C002B00D0184770472DE9F04109
S31508017AB00546C06B17460E46002824D0E86C05F02B
S31508017AC075F8041E1FD0E96C05F00AFAF1F73EFFB6
S31508017AD0296821626968E161A968A16100683A4675
S31508017AE02146007CC0F3801084F8240030682060A9
S31508017AF070686060EB6B28469847050002D12046FE
S31508017B0005F0E0F82846BDE8F08170B50C46054653
S31508017B1001F095FF206A2860E0696860A069A8609D
S31508017B20F1F714FF006894F82420016962F38611BD
S31508017B300161AA6C12B12146284690472046BDE844
S31508017B40704005F0BFB830B4046AA44630BC60473B
S31508017B5030B44C88002C06D00C7A022C03D9446A1E
S31508017B60A44630BC604730BC704738B504460A2184
S31508017B7005F0B6F901206080FF202072BDF80010DB
S31508017B80002060F3020189B260F3C70189B260F38C
S31508017B900C2189B260F34F31ADF8001088B200901C
S31508017BA0BDF800000090BDF80000208038BD000037
S31508017BB010B503460A4A002052F8304024B1401C49
S31508017BC0C0B21028F8D301E0102802D34FF0FF30D5
S31508017BD010BD42F8303002EBC002516010BD000002
S31508017BE0042801202DE9FF4F81B08B460E9D1646CC
S31508017BF01C46B5F90A10B5F90C00571AB5F908204B
S31508017C0005F11009ABEB020305F13C0AB4285DDA6C
S31508017C10B5F90E20B42A7DDA00287BD0002A79D05E
S31508017C20904277DDB1425ADC696D79434FEAA12C5E
S31508017C30A96A7F1C79438912A0F20F15582D01D81C
S31508017C40002909DB451E592D01D8002904DB5B38BB
S31508017C50B32802D2002900DD0021A2F20F1058280C
S31508017C6001D8002909DB501E592801D8002904DB4F
S31508017C705B3AB32A02D2002900DD0021ACEB0100F0
S31508017C8001EB60000125C71AA74200DD2746002F30
S31508017C900DDD3BB232465946CDF80090019800F009
S31508017CA091F9050003D13946019805F019F9A7425A
S31508017CB000DD2746002F00DA0027CDF800A05DE099
S31508017CC0B54276D1284605B0BDE8F08F68DDB5F92D
S31508017CD00E20B42A64DD904262DDB14201DA012048
S31508017CE0F1E7696D79434FEAA12CA96A7F1C7943AB
S31508017CF08912A0F20F15582D01D8002909DB451E56
S31508017D00592D01D8002904DB5B38B32804D2002990
S31508017D1002DD00E044E00021A2F20F10582801D844
S31508017D20002909DB501E592801D8002904DB5B3AD2
S31508017D30B32A02D2002900DD0021ACEB010001EBD8
S31508017D4060000125C71AA74200DD2746002F0DDD71
S31508017D503BB232465946CDF800A0019800F032F9F7
S31508017D60050003D13946019805F0BAF8A74200DDA6
S31508017D702746002F00DA0027CDF800900BEB070005
S31508017D8001B20198E41B384423B20746324600F093
S31508017D9019F9060094D12146384605F0A1F88FE76E
S31508017DA00127B846B42805D038B109DAB14209DC49
S31508017DB00AE047E0B14210DC04E0B14202DC0CE023
S31508017DC0B14201DC032708E0234632465946CDF87D
S31508017DD00090019800F0F6F80746B5F90E00B428A8
S31508017DE006D060B1B5F90A000FDAB04204DC0EE03C
S31508017DF0B5F90A00B04206DD4FF0030803E0B5F90C
S31508017E000A00B042F8DDBFB10EE0B042F4DD234608
S31508017E1032465946CDF800A0019800F0D3F88046BD
S31508017E2057B1B8F1000F07D0032F02D0012F05D0A3
S31508017E3008E0B8F1030F05D1002044E74046B8F140
S31508017E40010FFAD002203EE72DE9F8430546884698
S31508017E5040F26710411C089C1746002B01DA0023E3
S31508017E6002E08B4200DB0346002C01DA002402E023
S31508017E708C4200DB04469C4203DAC3F5B470204405
S31508017E8003E0E01A002800DC181BA5F86800AB819E
S31508017E90EC81A5F808806F811548286001202871B2
S31508017EA08B4200D9FEE7B42B01D2002000E0012065
S31508017EB0002C01DB8B4200DDFEE7B42C05D3A4F1CF
S31508017EC0B401B42901D2002600E0012600903A4601
S31508017ED0414605F1100000F0CBF823463A464146E3
S31508017EE005F13C00009600F0C3F8BDE8F8830000F0
S31508017EF0E57B01082DE9F8431E4617468846814663
S31508017F0000250C4C0DE00090D0F800C033463A46E7
S31508017F1041464846E047002808D0022800D10125F5
S31508017F20083420680028EED115B10220BDE8F8838F
S31508017F300120FBE70428012010B50179022906D0A2
S31508017F40052913D18068BDE8104004F0BBBE04467C
S31508017F50406900280AD00169002904DA406804F05A
S31508017F60B1FE6069EFE74169491E416110BD000034
S31508017F7070B5134D060008D05FF0000455F83410AB
S31508017F80B9B10879022805D002E02868002800D08E
S31508017F90012070BD887CB1F91020C007304601F177
S31508017FA0080102D0F0F7E9FD01E0F0F776FD0028B7
S31508017FB0EED0641CE4B2102CE0D3002070BD0000A2
S31508017FC004280120F8B5069CA58A266A521B658AEB
S31508017FD012B2491B94F8285009B24FEAC57526B161
S31508017FE0009485B3FCF7CEFBF8BD85B1207C8107EB
S31508017FF027D000F00301012923D0022901D1511C00
S315080180001FD4C043800728D1002A1ADC25E0227C28
S3150801801002F00304022C14D0D543AD0711D0012C6C
S3150801802001D100290DDC920701EB030207D0002AD2
S3150801803013DB49420FD50021002B0EDD0FE0002A84
S3150801804002DA0120F8BD10E04A4206D49A420ADA59
S31508018050991A104405E0994201DB0020F2E799429A
S3150801806001DA04F03DFF0220ECE7FCF735FCE9E70D
S315080180702DE9FC471C46DDF8288016460F46814641
S31508018080B42B01DDB43C24B204F15A0000B20BF062
S31508018090CBF907EB601520460BF0C6F906EB601025
S315080180A000B2CDE900082BB232463946484600F0FF
S315080180B003F8BDE8FC8700002DE9F0470F46DDE926
S315080180C008699846154604462C2104F009FFB5426D
S315080180D006D1B9F1030F03D16D1E761E2DB236B244
S315080180E0B54205DD4046B846074630462E460546A2
S315080180F027816581A4F80C80E68184F8109067824F
S31508018100A8EB07004B46A582002801DD014601E0E0
S31508018110A7EB0801721B002A01DD154600E0AD1B1D
S31508018120A94294F8281002DD41F0010101E021F08D
S31508018130010184F828100025E561244E2660A56111
S315080181402571CE074FF480150DD020B195FBF0F6B9
S315080181505643B612E66122B195FBF2F242439012FA
S31508018160A061E0690CE022B195FBF2F64643B6122E
S31508018170A66120B195FBF0F050438012E061A06939
S315080181802062980709D003F00300012808D00228C5
S3150801819013D0D843800714D006E021F0020001E08D
S315080181A041F0020084F82800216A881060620029DB
S315080181B001DA40426062BDE8F087206A0028EFDCF8
S315080181C0EBE7206A0028EBDDE7E70000C57F010839
S315080181D02DE9FE4F8046DDF830900E461C4699F88B
S315080181E01200174600F0010AB9F91050684609F15C
S315080181F00801FDF7F9F9BDF90200BAF1000F2FD010
S31508018200B84250DCBDF90600B8424CDBBDF90000A6
S315080182104119B14205DCBDF904203119521B9142BD
S3150801822009DDBDF902104A19BA4240DCBDF906203A
S31508018230521BBA423BDBBAF1000F18D0801B00D59E
S315080182400020A04231DCBDF90410891B091A491C1A
S315080182504218A24200DD211A002926DB4044EFE03C
S31508018260B84213DCBDF90600B8420FDBCEE7871B1F
S31508018270A7420BDC002F03DB3946404604F030FEEB
S31508018280BDF90400851B6D1C002D02DC0020BDE82C
S31508018290FE8FA54204DA611B08EB050004F020FEF7
S315080182A01FB9A54201D10120F1E70220EFE7BDF888
S315080182B00430821B181A401C0FFA80FCBDF8060010
S315080182C0401A401C03B2781A00B2A84202DA281AE8
S315080182D0401E01E0591B401AD9F8141000B20223B6
S315080182E0CF6803EB4003FB5A37F810609B1B1EB29D
S315080182F08B68496833F8103037F810004FF00007DB
S3150801830000EB010B02EB0C00401B18440FFA80F935
S315080183105019C01A401E05B2BAF1000F22D06BE0FF
S31508018320F11B01EB0B0010F8010C029009EB070099
S315080183305FEA000A08D4A24506DA18F80A10029874
S315080183400BF0D6FD08F80A00B5EB070A08D4A245D2
S3150801835006DA18F80A1002980BF0CAFD08F80A009E
S315080183607F1C3FB2B742DBDB09EB0700A04201DA0B
S31508018370014600E02146002901DA002002E0A04278
S3150801838000DB204600B2211A404404F0A9FDA81BCF
S31508018390411CA14201DA0A4600E02246002A01DA16
S315080183A0002402E0A14200DA0C4621B2404647E029
S315080183B0F11B01EB0B0010F8010CC0F1FF00029054
S315080183C009EB07005FEA000A08D4A24506DA18F89D
S315080183D00A1002980BF08CFD08F80A00B5EB070A9B
S315080183E008D4A24506DA18F80A1002980BF080FD9F
S315080183F008F80A007F1C3FB2B742D9DB681CA042C5
S3150801840001DA691C00E02146002901DA002504E0A9
S31508018410A04201DA6D1C00E025462AB2A9EB02004A
S31508018420A11A884201DA034600E00B46002B01DA5D
S31508018430002002E0884200DB084601B208EB020090
S3150801844004F04EFD31E700002DE9F04115460646D8
S3150801845088880A881C46801A401C02B2C8884B883C
S31508018460C01A401C00B2824200DA1046B5EB600F12
S3150801847000DD4510002D00DA002506F10800FDF79C
S31508018480B3F83582B474374830600220307100235E
S31508018490C5B1354800214FF47A7200BFC1EBC1045A
S315080184A000EB8404B4F91840AC421BD1C1EBC101FD
S315080184B000EB81004169491C41610169102D04DA0B
S315080184C0012303E07361BDE8F0812B110B4493424C
S315080184D005DA102D01DA012200E02A110A440261A7
S315080184E07061F0E7491C0229D8D300244FEA040138
S315080184F0C1EBC10700EB8707D7F814C0BCF1000F21
S3150801850007D12CB1D7F810C0D4F810E0F44500DA39
S315080185103C46491C0229EBD33CB16069401CC4E9BD
S315080185200430102D0CDA01200BE01C2004F03EFB70
S3150801853004461C2104F0D4FC4FF0FF3020610AE008
S3150801854028111844904205DA102D01DA012000E0BD
S3150801855028111A182261204629467461BDE8F0419E
S31508018560F2F7C2BDD1810108CC270120F0B500255B
S31508018570094E07462C4600BF06EBC4004068B842C0
S3150801858004D156F83450204600F008F8641CE4B2C9
S31508018590102CF1D32846F0BD042801200021421CE5
S315080185A008D0054A002352F8301042F8303002EB61
S315080185B0C0004360084670470428012030B4D388B8
S315080185C054881B1B5B1C1BB2012B09DB938814887F
S315080185D01B1B5B1C1BB2012B02DB036930BC184752
S315080185E030BC704738B50446382104F079FCFEF7EB
S315080185F065FB0090BDF8000024F8040FFEF75EFB4A
S315080186000090BDF800006080FEF76AF90090BDF899
S315080186100000E080FF2525720220A072FEF760F9AE
S315080186200090BDF800006083FEF75AF90090BDF886
S31508018630000020850748206104F8015CA57584F8C7
S315080186402650A57784F83250E07F20F03E001E3090
S31508018650E07738BD506803082DE9F04FCBB0834663
S31508018660DDE95465087B984614460F4602287DD9EC
S31508018670B7F90200002879D0AE4277D01AB28146FE
S315080186809246404500DD914601A8FFF7ABFF787B8E
S3150801869000F003008DF80600B86840B100208DF897
S315080186A00700B8680590387B8DF81E0005E0387B11
S315080186B08DF807003888ADF808002188A8F101036C
S315080186C0A1EB0802ADF840206188A1EB0801ADF8DD
S315080186D0421020881844ADF84400B4F802C0ADF839
S315080186E0D4006344ADF84630ADF8D020ADF8D210C9
S315080186F0ADF8D630B7F802C06244ADF8D020B7F865
S3150801870002C0614409B2ADF8D210B7F802C0A0EBB5
S315080187100C00ADF8D400B7F802C0801AA3EB0C031D
S315080187204FF0FF3C1BB2CDF80CC1401CADF8D6305A
S315080187304FF0000C00B2CDF810C1002812DD581A0E
S31508018740401C00B200280DDD012347F6FF7234A94B
S3150801875037A8FFF779FE01204490002137A8FFF7D3
S3150801876027FA4390002347F6FF7200E02DE010A98F
S315080187703DA8FFF769FE00213DA8FFF719FA4590C4
S3150801878006F5B470A84205D005F5B4714FF4B47076
S315080187908E4220D147F6FF70ADF8040010AA01A950
S315080187A05846FFF70BFF4598FFF7F8FE4398401C1C
S315080187B002D04398FFF7F2FE3DA8FFF7BDFB4498A8
S315080187C0002802D037A8FFF7B7FB4BB0BDE8F08FFA
S315080187D0A6F5B476B6B28642FAD202E0A5F5B47524
S315080187E0ADB28542FAD228B249900090B4F9022076
S315080187F0B4F9001033B219A84A93FFF725FB0021F3
S3150801880019A8FFF7D5F94690B54203D9A81BC0F5B3
S31508018810B47000E0701BDBF8081000913C282ADDD3
S31508018820B8F10A0F27D95A20B6FBF0F1B5FBF0F0DB
S3150801883000F00300ADF8540001A8ADF84CA0ADF85E
S31508018840505001F0030116901294ADF84E60ADF840
S315080188505210ADF8569010A8CDE9170B12A8F7F7E4
S3150801886041FA12A8F7F706FB12A8F7F7D2FB12A8E6
S31508018870F7F7BDFC04E010AA01A95846FFF79EFECA
S3150801888019A8FFF759FB3DA8FFF756FB449810B105
S3150801889037A8FFF751FB4698FFF780FE4598FFF783
S315080188A07DFE4398401C02D04398FFF777FE787BFC
S315080188B040078AD509F0FF0212AB51464A98FAF7E2
S315080188C068FFBDF84800218812AA0844ADF8480097
S315080188D0BDF84C0021880844ADF84C00BDF84A00A3
S315080188E061880844ADF84A00BDF84E00618808441D
S315080188F0ADF84E0015A80099F0F7A7F815AEC0B166
S31508018900002347F6FF7212A943A8FFF79DFD002130
S3150801891043A8FFF74DF90546584610AA01A9CBF811
S315080189200860FFF74BFE2846FFF738FE43A8FFF716
S3150801893003FB09F0FF0212AB51464998FAF729FFE2
S31508018940BDF84800218812AA0844ADF84800BDF8C8
S315080189504C0021880844ADF84C00BDF84A006188EE
S315080189600844ADF84A00BDF84E0061880844ADF8E0
S315080189704E0015A80099F0F768F8C0B1002347F62C
S31508018980FF7212A943A8FFF75FFD002143A8FFF76D
S315080189900FF90446584610AA01A9CBF80860FFF753
S315080189A00DFE2046FFF7FAFD43A8FFF7C5FA009822
S315080189B0CBF8080009E770B514460D460646F3F7E5
S315080189C0D1FA224629463046BDE87040F3F79FBCE6
S315080189D07CB50446087E0D4602280ED9A26868466B
S315080189E02968F0F732F8002807D0616B09B12046EB
S315080189F08847626D2946204690477CBD2DE9F04F90
S31508018A00CD6889B00C46074615B1207C00287DD073
S31508018A10207C012800D10025786881880088081AF9
S31508018A20401C00B20790BA6805A82168F0F70DF84E
S31508018A3000286BD0F0F78AFF83460068D7F80090C4
S31508018A40C16941BB017C490610D47968BDF9142076
S31508018A50B1F90030B1F90210D21ABDF916305B1A14
S31508018A60079901FB032209EB420113E07A68BDF974
S31508018A701630B2F90260B2F900209B1B079E7343B8
S31508018A8003EB430303EB0901BDF914309A1A02EB10
S31508018A90420211448946D4F804A05FEA0A0114D0B7
S31508018AA021688B88B1F90020B1F902109B1A5B1C69
S31508018AB00FFA83F8BDF914309A1ABDF91630591A06
S31508018AC008FB01220AEB420A01E04FF000083DB318
S31508018AD0007C00070FD46069FCF7E0FD0146002021
S31508018AE007E02A5C802A01D9FF2200E000222A54E5
S31508018AF0401C8842F5DB60698288B0F90010521A79
S31508018B00521C16B2BDF91420511A00E026E0BDF92F
S31508018B101620B0F902002944101A06FB001500E0D8
S31508018B20002678684188008849420AB2404201B263
S31508018B3005A8FCF7ECFDDBF80000C069D0B1606858
S31508018B400028207E0DD001A9CDF8008081E86100BA
S31508018B50534605A94846079A0BF04AF909B0BDE8F4
S31508018B60F08F8DE86100A36805A94846079AF9F7C9
S31508018B7033FDF3E7607E80B161680029217E25D047
S31508018B80CDF80080CDE90360CDE90115534605A965
S31508018B904846079A0AF0ECFEE0E760680028207E5E
S31508018BA00BD001A9CDF8008081E86100534605A9DB
S31508018BB04846079A0AF09AFFD0E78DE86100A3684C
S31508018BC005A94846079AF9F751FBC7E7CDE90260B7
S31508018BD0CDE90015A36805A94846079AF9F7A0FA49
S31508018BE0BCE72DE9F047B3F90240DDE908091D465E
S31508018BF0904614FB08F301EB4303B5F900100A9AF2
S31508018C0003EB4106B2F90230B2F9002003FB09F37E
S31508018C1000EB430000EB4207A888401A401C00B24B
S31508018C204FEA400A0AE052463946304604F086F8C9
S31508018C30641C06EB480607EB490724B2B5F906009A
S31508018C40A042F0DABDE8F0872DE9FF4FA1B00D4645
S31508018C50824681681446DDF8B89019A8FCF7CDFC60
S31508018C6019A8FFF785F91790288818B96888B0F503
S31508018C70807F01D0012100E0002116911C2108A85E
S31508018C8004F02EF9E87A8DF83800287B4FF00006B3
S31508018C9000F00F008DF8390006A80890DDE91610D6
S31508018CA008432CD1B9F1040F06D0B9F10E0F0AD039
S31508018CB0B9F1140F21D022E0A87A00BB249808A99B
S31508018CC0CDE9084013E021466846DAF80820EFF7AF
S31508018CD0BCFE00280ED0249809960D940B9028897D
S31508018CE0ADF8280002208DF8300008946EE0504651
S31508018CF0FFF76EFE25B0BDE8F08FA87AF0B3DAF873
S31508018D0008000288ADF818208088ADF81C00DAF84A
S31508018D100810801A401C4988ADF81A10DAF808308C
S31508018D200FFA80FBDB88ADF81E30A6882788591A0A
S31508018D30F61B761C36B21096E6886788491CF61B20
S31508018D40761C36B20FB21196F0F700FEFEF714F94B
S31508018D50804606A8FCF7A2FC5E46404501D9B8FB49
S31508018D60FBF77E43700003F04FFF1290304603F085
S31508018D704BFF14900B9006A80D9000E011E002201D
S31508018D808DF83000129809907F1EBDF81A00BDF9BA
S31508018D901E8038441897ADF81E00B9F1040F1DD18D
S31508018DA016E0A08821886288401A401C01B2E08832
S31508018DB0801A249A401C00B2490001FB0020CDE923
S31508018DC008420B9002200D948DF8300008A98EE711
S31508018DD0288818B96888B0F5807F01D0022000E09C
S31508018DE001208DF83000CAE006A91BA8FCF705FC8E
S31508018DF06088404202B22088404201B21BA8FCF7B3
S31508018E0086FC16981299002814980ED0CDE90410FC
S31508018E10CDE90259DDE91010CDE900011BA950463B
S31508018E20109B249A00F0F0FD0BE0CDE90310CDE983
S31508018E3001591098DDE9102300901BA82499F2F72F
S31508018E4084FBA87A022865D92A8992B2C2F3C40793
S31508018E5017FB00F767F30F015707BF0E07EB5237EA
S31508018E6017FB00F767F31F418E46C2F3042111FB76
S31508018E7000F161F30F03C0F1FF010022059347E0FA
S31508018E80129800EB420002900088ADF80400BDF884
S31508018E9004301FFA8EF0C3F3C40717FB010000EB79
S31508018EA0C01707EBC030C0F3C457BDF878004FEAC6
S31508018EB01E4C67F3C7005F07BF0E07EB533717FB57
S31508018EC001C707EBC71C0CEBC73C4FEA9C6C6CF35C
S31508018ED0020007EBC71C0CEBC737C7F3C25767F38A
S31508018EE04F30059FC3F30423BFB213FB017303EB92
S31508018EF0C31707EBC333C3F3C45363F30C20ADF8AD
S31508018F00780080B201900298BDF80430521C0380A3
S31508018F10B242B5D3179800B314980090BDF91A70E8
S31508018F2017E000BFBDF918105B463A460098FEF7F0
S31508018F30E1FF10B1022804D006E05946009803F073
S31508018F40CFFF02208DF8300000987F1C58443FB2AD
S31508018F500090BDF91E00B842E4DA08A95046FFF7A9
S31508018F6037FDBDF81E001899401CADF81A000844D3
S31508018F7001B2ADF81E10414501DDADF81E80BDF9FF
S31508018F801A1041457FF730AF149803F089FE1298FD
S31508018F9003F086FEAEE6000010B50C4658212046C1
S31508018FA003F09EFF10486061104820611048206355
S31508018FB0104820621048A061104860621048A062FB
S31508018FC01048E062104860631048A0631048E063E7
S31508018FD010482064104860641048A0641048606511
S31508018FE02C20E06410BD0000598601082D97010860
S31508018FF0B7890108F3910108498C01080993010809
S31508019000AD94010865970108079A0108E38B0108E1
S31508019010F79001082590010871900108ED91010862
S31508019020FD8901082DE9F04117460C460646F0F779
S315080190308DFC0546F807A06A20F000410BD060694F
S3150801904003F04EFFA06A40F00041A1622868016959
S3150801905041F0400104E0A1622868016921F040015C
S31508019060016160690834C6E90004B460BDE8F081AD
S31508019070FEB505460068029000980C4620F0E0000F
S3150801908000906868164681880088081A0099401C6D
S3150801909060F3942100916868C1884088081A00998C
S315080190A0401C60F35F510091A06A002801DA05218E
S315080190B000E00421009861F304000090206A28600A
S315080190C0E0696860A069A860F0F740FC006894F858
S315080190D024206B46016962F38611016104F10802D5
S315080190E031462846FEF7C4F9284600F0A8FC68462A
S315080190F001F07AFCFEBD70B5064615460C46D0074A
S3150801910001D0002070BDA80743D5A06A00F0004031
S3150801911000F58050A0622046FCF7C0FAA16A40001B
S3150801912021F00042824202D960F31E01A162A06ABF
S3150801913020F0004003F03AFD2146606168B9A06A53
S3150801914000F0004000F58060A06220F0004003F0C6
S315080191502DFD214660610028D4D00846D0E90012C9
S315080191608160E2606188E181A1892089081A401C31
S31508019170A16A00B221F0004100EB400291FBF2F135
S315080191802182A16A21F0004191FBF0F04110618230
S315080191902AE00846D0E900128160E260FCF77EFA0F
S315080191A04100A06A61F31E00A06220F0004003F0AE
S315080191B0FDFC6061A16A21F0004103F091FEA06AFD
S315080191C005F0010565F3DF70A0626069002899D092
S315080191D0306004F108007060B060F0F7B7FB006812
S315080191E0016965F386110161204670BD486903F07E
S315080191F069BDF0B51C46074697B015460E46086880
S315080192000023224601A900F094FFF0B3BDF80C2013
S31508019210002A3FD0BDF80A1000293BD02888BDF89E
S315080192200E30184400B2ADF84C0033686D88B3F8B7
S3150801923008C05B89ACEB03032B44BDF810509B1A9D
S315080192405B1B1BB2ADF84E304518B968B1F900C0C1
S3150801925065451FDBB1F90450A8421BDC9818B1F922
S315080192600220904216DBB1F90600834212DC214640
S31508019270019800F05AFF00280CD00199097B89074B
S3150801928008D101AB13AA314600E005E00090384643
S31508019290F4F7CCFF17B0F0BD202CFBD3A4F578402A
S315080192A0FF38F7D0A4F500500C38F3D02888BDF85C
S315080192B00E10BDF81020084401B26888104402B2A5
S315080192C0BDF80C00104400B20090BDF80A0008442D
S315080192D003B214A8FCF728FA05A8FFF783F90220B8
S315080192E08DF817008DF83E008DF84A008DF82E008E
S315080192F0B089ADF832000120ADF834003B6914AAF3
S3150801930005A938469847C5E72DE9F0470E46B1F94C
S31508019310021096B01C461546814600297ED0307A41
S3150801932002287BD9B5F90000B4F90020904205D18D
S31508019330B5F90230B4F90270BB426FD0904200DB36
S31508019340104601EBD171A0EB6100ADF84400B5F907
S315080193500010B4F90000B6F90220814200DD084682
S3150801936002EBD27100EB6100ADF84800B5F90210C5
S31508019370B4F90200B6F90220814200DA084602EB86
S31508019380D271A0EB6100ADF84600B5F90210B4F947
S315080193900200B6F90220814200DD084602EBD271CD
S315080193A000EB6100ADF84A0011A90846D9F8082072
S315080193B0EFF74BFB002875D011A9D9F808A0C9F811
S315080193C00810B5F90200B4F90210884206D12346FD
S315080193D02A4631464846F5F789F80EE0B5F9000000
S315080193E0B4F90010234688422A463146484602D136
S315080193F0F5F7E4FA01E0F5F733F9707A010701D4D4
S3150801940040074DD502A8FFF7EDF83088ADF80C00F6
S3150801941047F6FF70ADF80800307A00E042E08DF8B3
S315080194200B00B6F90200471040F3000000F10108ED
S31508019430707A400718D528886A46C01BADF800001F
S315080194406888C01BADF802002888C119A1EB08007D
S31508019450ADF804006888C119A1EB0800ADF806004B
S3150801946002A94846FFF7AAF8707A000718D5208896
S315080194706A46C01BADF800006088C01BADF8020043
S315080194802088C119A1EB0800ADF804006088C1194C
S31508019490A1EB0800ADF8060002A94846FFF78EF8C9
S315080194A0C9F808A016B0BDE8F08700002DE9FF4FFE
S315080194B08BB01E461746032B7ED3002F7CD0B000F7
S315080194C003F0A2FB05007BD00024386828602046FB
S315080194D0721E15E007EB800137F92030B1F904C097
S315080194E0634505D1B1F90230B1F906C0634505D026
S315080194F005EB84030968641C1960A4B2401C80B298
S315080195009042E7DB07EB8600B7F9001030F9042C27
S31508019510914205D1B7F9021030F9022C914206D0D1
S3150801952005EB840150F8040C641C0860A4B2032CF2
S3150801953043D37D49D1E90001CDE90201002027E0A5
S31508019540BDF9082035F920108A4200DA1146ADF82E
S31508019550081005EB8002BDF90A10B2F902309942EA
S3150801956000DB1946ADF80A10BDF90C3035F92010A3
S315080195708B4200DD1946ADF80C10BDF90E30B2F973
S3150801958002108B4200DD1946401CADF80E1080B260
S31508019590A042D5D30B9802A9826805A8EFF755FA18
S315080195A058B10B9805A90026806809900B98816027
S315080195B0B5F90210012011E002E0284603F070FB1C
S315080195C00FB0BDE8F08F00BF05EB8002B2F90220AB
S315080195D08A4201DA114606B2401C80B2A042F3D390
S315080195E02C2104FB01F003F00FFB8346B2460490DD
S315080195F0D1464FF00008701E00D52044621E09F1BD
S3150801960001010892914200DD002135F8262035F83E
S31508019610203035F8217005EB80009B1ABF1A428865
S3150801962005EB860005EB810140884988121A081A5C
S315080196300021079112FB07F110FB03F0814267DA5B
S315080196400120079001E00798F0B308980AF101068E
S31508019650864200DD0026B9F1010700D5274405EB4E
S31508019660860005EB8A01B0F90200B1F902209042A1
S3150801967016DB12D035F9263035F92A108B420CD073
S315080196804FF0010CCDE9000C5846FEF715FD58467A
S315080196900499FEF78DFA0BF12C0B08F10108B24675
S315080196A0A04523D005EB870005EB8901B0F9020037
S315080196B0B1F90220904217DB13D035F9273035F975
S315080196C029108B420DD000E022E00026CDE90006E4
S315080196D05846FEF7F1FC58460499FEF769FA0BF16C
S315080196E02C0B08F10108B946A045ACD3DDE90B01FD
S315080196F002AAFEF763FF0498FEF738FF049803F001
S31508019700CFFA284603F0CCFA0B990998886057E7EF
S31508019710BAF1010600D52644089809F101078742DE
S315080197209DDD00279BE70000A8AF020870B5144627
S315080197300D460646F7F78AFB224629463046F2F7D2
S3150801974011FC224629463046F2F7E1FD2246294612
S315080197503046F2F7CEFE224629463046BDE870402D
S31508019760F6F706BA2DE9FF4FA1B00D46309FDDF891
S31508019770CCB04FF48031B7F900004FF00A094042E6
S315080197801A907888B1FBF0F01A99199091FBF9F4BF
S3150801979078681D90604200EB800001EB400604F1F9
S315080197A0010820B209F040FE05900FFA88F009F089
S315080197B03BFE82465A3420B209F036FE044608F1C9
S315080197C05A0000B209F030FE02460598C6F10A01B0
S315080197D001FB00F30AFB063393FBF9F0614302FB35
S315080197E00611179091FBF9F01890179840111790E8
S315080197F0189840111890BDF9740000021B90BDF924
S31508019800760000021C90A8882988401A401C04B2D8
S31508019810E8886988401A401C0FFA80FA002648E051
S315080198200CA80090B5F90200B5F9001082190BAB26
S3150801983013A80FF0B6FA0EA80090B5F90200B5F90B
S31508019840041082190DAB13A80FF0ABFA0B9B0D98F8
S315080198500E99A0EB03080C980022A1EB000C114607
S31508019860012C08DD4FEA0822611E92FBF1F24FEA4C
S315080198700C2C9CFBF1F103F180093B7D8030DB0761
S315080198801CD0DDE9318CCDF80090CDE9010203AB9E
S3150801989083E81210CDE906B8DDE92301DDE92E23B7
S315080198A0F0F7BAFB3298761C00EB4400A34436B2B3
S315080198B032905645B4DB25B0BDE8F08F319B042BB9
S315080198C054D0052B13D0062B50D0142BEAD1239B49
S315080198D01E93249B12932E9B079305912F9B3299D6
S315080198E0864609920020CDF88090109188E0239B46
S315080198F01293249B1093DDE92E3C0491CE463299AE
S315080199008146E0460192002009912CE0049A0199CA
S31508019910424341430EEB212109EB222209124FEA68
S31508019920222207D4DDF840C0614503DA002A01DBAB
S315080199309A4203DB00210BF8001012E002FB081122
S31508019940DDF848C001EB410161440A7891F801C08C
S3150801995002EB0C22DDF824C02CF810208A780BF8CB
S315080199600020401C00B2A042D0DB9BE7DDF8C8C04E
S31508019970CDF80090CDE901020DF10C0888E8121026
S31508019980CDE906B3DDE92301DDE92E230BF02BFF33
S3150801999088E70999209A414302EB2121059A424316
S315080199A00EEB222209124FEA222209D4DDF848C019
S315080199B0614505DA002A03DBDDF81CC0624501DBD7
S315080199C0002219E002FB0319DDF87880DDF840C0B2
S315080199D008EB49080CEB4009B8F80080A9F80080A3
S315080199E0DDF81C8003FB08FCDDF8788008EB4C0CDD
S315080199F0614402FB03110A780BF80020401C00B2EF
S31508019A00A042C6DB4EE770472DE9F04387B0894689
S31508019A10DDE91251DDE91076DDE90E8C70B1C46A13
S31508019A20002C08D0CDF80080CDE904510396CDE984
S31508019A3001C74946A04707B0BDE8F083FEE7416B79
S31508019A40002900D00847704710B50446012103F0E4
S31508019A500FFF4FF6FF7060870121606A03F0E8FA8D
S31508019A6020460022BDE81040202100F0F5BA00008A
S31508019A7070B500200C46486216A1C4E90B10A06215
S31508019A8094F83C1041F0300184F83C10E0862087B8
S31508019A904FF6FF716187A08694F83C004FF4806108
S31508019AA020F00F00083084F83C00204603F0C0FA85
S31508019AB009A1204600F041FA204604F0D7FB0146E9
S31508019AC00C4803F0EDFD054603F05EFE65626C6227
S31508019AD070BD0000EF81B8004F7074696F6E203158
S31508019AE00A4F7074696F6E20320A4F7074696F6E0F
S31508019AF020330000AC9B040870B5486A0C46002563
S31508019B0010B103F017FF656294F83C00C00603D450
S31508019B10206B03F0D7F8256370BD000070B50E46BB
S31508019B203F4804F077FA012843D1304600F054FA49
S31508019B300546304600F08EFA04460E2D14D00F2D38
S31508019B4021D0102D1FD0082D21D02A2D23D0292D23
S31508019B5021D02C2D23D00D2D2CD0152D29D13046D1
S31508019B60BDE87040F5F7E0B904F036FB00F0ACFE4D
S31508019B70054601F0CFFE01F00EFF042819D17DBB81
S31508019B80218F2046E186BDE87040FFF75DBFBDE83D
S31508019B907040F0F734BDBDE8704006F07BBB304637
S31508019BA000F056FA05460021204605F095FA008987
S31508019BB0688070BD304600F04BFA0078132810D043
S31508019BC012280ED0142817D0112815D01B28D7D043
S31508019BD00A28EED101F0AEFEA042EAD02046D6E729
S31508019BE019E0204600F04EF8A8B1E08EA18E401C7F
S31508019BF08842DED2214608E0204600F043F850B1FB
S31508019C00E08E0028D5D02146401EE086BDE870408A
S31508019C1008460AF0C6BA2046BDE8704000F08EB87C
S31508019C20909B04082DE9F04104460025006B9046F7
S31508019C300E462F4620B1E6F7C9FD0246002008E088
S31508019C400F70BDE8F081216B095C0A2900D16D1CF2
S31508019C50401C904202D2218FA942F4D10021A8F1D9
S31508019C60010507E0B8F1000F01D0A94208D27354E3
S31508019C70401C491C904203D2236B1B5C0A2BF1D171
S31508019C807754DEE710B5406A012105F080FB80F0C4
S31508019C90010010BDF8B50F46084600F09DF90546C6
S31508019CA0182805D03946244804F0B4F901283AD1D0
S31508019CB0384600F0CFF9446A0646082D0ED0012D24
S31508019CC017D0092D30D0182D2DD13846F4F725FF98
S31508019CD03946BDE8F840184804F09CB901F01AFE67
S31508019CE001F04DFE00281ED13046BDE8F840FAF7CE
S31508019CF0E0BE01F00FFE050015D001F04CFE01286B
S31508019D0004D0284601F047FE03280CD169462846A7
S31508019D1001F016FEBDF902102046F9F7AFFA608781
S31508019D20304605F0F3FDF8BD4FF6FF706087304603
S31508019D30BDE8F84005F0EABDAC9B04082DE9F843F7
S31508019D400446012103F0B8F9204604F08FFA0146CA
S31508019D50606A06F0D4FD4FF0FF31606A05F03CFFFA
S31508019D600121606A03F04AFD00221F21204600F006
S31508019D7073F92046F9F766FB8046216B02F0E1FD8F
S31508019D8042F2D171606A07F024F8404607F098F864
S31508019D90606A05F0CFFA0546204605F0CBFA8542FA
S31508019DA00EDC94F83C0000F00F00042801D00828C6
S31508019DB006D1204605F0BEFA0146606A07F009F8A1
S31508019DC0404604F00EFA07460021606A04F04AFF8D
S31508019DD005460021606A05F0D7F8461900211122C7
S31508019DE0606A05F0EFF82844B919084407B294F8EF
S31508019DF03C003D4600F00F06082E02D0042E1ED068
S31508019E0034E0FDF7A1F8FDF7FDF8B4F91A10294475
S31508019E1088422BDAFDF798F8FDF7F4F8B4F91A1029
S31508019E20411AB4F91600814201DA042605E0FDF764
S31508019E308BF8FDF7E7F8618B401A401E15E0B4F977
S31508019E401600401B12D5FDF77FF8FDF7DBF8B4F9CC
S31508019E501A10B4F91650411AA94207DD0826FDF76A
S31508019E6073F8FDF7CFF8618B401A05B2BD4200DDE4
S31508019E703D462946606A06F018FD20460AF091F922
S31508019E800020082E06D0042E09D0012E0CD0022E51
S31508019E900FD015E0009000230D22606A0DE00090B6
S31508019EA000230A22606A08E0009000231022606AF3
S31508019EB003E000900023606A1322214603F068F943
S31508019EC0606A06F0FDFF94F83C0000F00F000128D7
S31508019ED001D0022818D1606A05F032FA0646606A8E
S31508019EE005F04AFA0546FDF72FF8FDF78BF8A84263
S31508019EF00ADCFDF729F8FDF785F8281A301A401EFD
S31508019F0001B2606A06F091FF00214046226B03F018
S31508019F10ADFB022808D04FF0000303281A4601D0EA
S31508019F20012104E0032102E000231A46022101B0BF
S31508019F304046BDE8F04303F01DB970B50E0004466E
S31508019F4003D00025A586294606E0FEE70A2802D1A0
S31508019F50A08E401CA086491C705C0028F6D1A08EF4
S31508019F60401CA086E586258794F83C00C00604D4E3
S31508019F70206B10B102F0A6FE256394F83C0040F070
S31508019F80100184F83C102046266305F0BFFC606A80
S31508019F90002803D0BDE8704005F0B8BC70BD10B507
S31508019FA00C464FF48061204603F028FC0421204624
S31508019FB003F024FC4FF40031204603F039F801215F
S31508019FC0204603F035F82046BDE8104001F0CCBD27
S31508019FD0486A002141627047007A20F08000704784
S31508019FE040687047017A15290BD0142909D016291A
S31508019FF007D0182905D0172903D0192901D000201F
S3150801A000704700697047017A01291FD002291DD0BE
S3150801A01003291BD0042919D0052917D0062915D0DB
S3150801A020072913D0082911D009290FD00A290DD0DB
S3150801A0300B290BD00C2909D00D2907D00E2905D0DB
S3150801A0400F2903D0102901D00020704700697047F5
S3150801A050006970470068704710B588B0C0B10090B4
S3150801A06001908DF808100020CDE903029DF818002B
S3150801A070084C20F007008DF8180060680590C4F8B0
S3150801A08004D06846F7F7BCFF0599616008B010BDB2
S3150801A0900120FBE7D0020020027A132A06D10069C3
S3150801A0A0B0F900208A4200DD11460180704710B5DB
S3150801A0B000F004F8BDE8104000F068BB10B50021B7
S3150801A0C00C4802F059FC0C4C2080002007F0B4FF24
S3150801A0D06080042007F0B0FFA080042007F0ACFFE1
S3150801A0E0E080042007F0A8FF2081042007F0A4FFE0
S3150801A0F0608110BDFD2801081C03002010B509293F
S3150801A10000D120210469F9F729F8002806D06168E9
S3150801A11001EBC000618A890B01D0002010BD0068DF
S3150801A1202168C0F31300084410BD08B142681047FE
S3150801A130FEE72DE9F0479A4690460C46070011D0EE
S3150801A1408CB100260546B1462660D5F800C05346AF
S3150801A150424621462846E04740B1A07BC00603D4C3
S3150801A16025600EE0FEE7FEE706B92E466D69002D6D
S3150801A170EBD14EB135685346424621463046A8478B
S3150801A18026600120BDE8F087B8F1200F20D3A8F595
S3150801A1907841FF391CD0A8F500510C3918D0B7F908
S3150801A1A0080000EBD0704008E080801CA080C4F84D
S3150801A1B0009039892181A4F80A90A4F80C90A07B13
S3150801A1C020F00F00401C40F01000A0730020D9E7D2
S3150801A1D04846A4F80690E9E72DE9F0479A460C4661
S3150801A1E08146092A47D000261146D9F81050F8F7B2
S3150801A1F0B5FF071E3DD0E8684FF0000850B151463B
S3150801A2004846F8F7ABFF020004D039464846F9F745
S3150801A21081F880466868298A00EBC70001FB08F1C6
S3150801A2200A110168090D002E02D000BF4FEA41014B
S3150801A230114401F108014FEA1111A18041792181E7
S3150801A2400179E18090F90620628190F90700A081E1
S3150801A250688A4FEA5022A07B62F3030020F01000BF
S3150801A260A07304D04FF6FF7000EA4100E0804FF07A
S3150801A2700100BDE8F0874FF001064FF02002B3E771
S3150801A2801FB540B113460A466946FFF752FFBDF8A6
S3150801A290040004B010BDFEE770B504464068B0B1CD
S3150801A2A0C268B2B12168904705466068408840B1E6
S3150801A2B0A06830B1C06808B102F004FDA06802F0D8
S3150801A2C001FD002020606060A060284670BD0B205B
S3150801A2D070BD092070BD000010B504460748EFF7A8
S3150801A2E072F808E008680078A04201D1086810BD34
S3150801A2F00248EFF77AF80100F4D110BD5027012082
S3150801A30010B50446E6F762FA40B1215C2E2907D05A
S3150801A3102F2903D05C2901D0401EF6D102A010BD19
S3150801A3202044401C10BD00000000000010F8011F69
S3150801A3303A2900D1401C70472DE9F04117460E0015
S3150801A34005462AD03078FFF7C7FF040027D0616891
S3150801A35009B1884728B3A06828B33046FFF7E6FF56
S3150801A3600146A3683A4620469847F0B1411C1CD0DD
S3150801A370C5E90004608868B1102002F017FC1021B5
S3150801A380A86002F0ADFDA9684FF0FF300860A96822
S3150801A390400048600020BDE8F0810B20FBE7032060
S3150801A3A0F9E70120F7E70920F5E70C20F3E77CB583
S3150801A3B01C004FF0000500D02560436853B11B69A6
S3150801A3C053B1019545686B88002B01AB06D000F0A7
S3150801A3D012F80BE00B207CBD09207CBD00930068B8
S3150801A3E013460A4601462E692846B047002CF4D082
S3150801A3F0019921607CBD2DE9FC5F054680681446FC
S3150801A4008B4690E84600D0F80C8068680027994684
S3150801A410B0F802A0B14247D8964245D2701A80B226
S3150801A420AAEB0001961BB14200D20E46B44208EBD4
S3150801A430000106D82246584602F080FCC9F80040B9
S3150801A44061E03246584602F079FC0020019001A8E5
S3150801A4505445009008D9D5E90010A31B07690BEBF1
S3150801A4600602B847074617E0D5E9001053460769BB
S3150801A4704246B8470746A86842680260A968019833
S3150801A48002444A60A11B814200D2084682B20BEB04
S3150801A4900600414602F052FC01983044A04200D21F
S3150801A4A00446C9F800402DE0544508D9CDF8009076
S3150801A4B00669296823465A46B047074622E0B8F195
S3150801A4C0000F05D1504602F071FBA9688046C860A5
S3150801A4D00020019001A80090D5E9001053460769AC
S3150801A4E04246B8470746A8680660019AA868B1189F
S3150801A4F09442416000D2224641465846C9F8002096
S3150801A50002F01CFC2FB9A868D9F80010826811441A
S3150801A51081603846BDE8FC9FF8B545680446E5B153
S3150801A520AE69E6B16B880020C3B3D2B1012A21D046
S3150801A530022A11D1134620680A4601462846B04721
S3150801A540002809D1D4E900106A46C369984700284A
S3150801A55002D1A26800999160F8BD0B20F8BD0920C7
S3150801A560F8BDA2689160A3680A461D68A9420CD382
S3150801A570596808E0A3689A680A449A60A1680B6852
S3150801A5809A4202D349688A42EAD9D4E900100023DB
S3150801A590846901B0A446BDE8F0406047FFE7134669
S3150801A5A020680A46014601B02846B446BDE8F0408F
S3150801A5B060472DE9FC410C468178154611FB04F1EB
S3150801A5C009128A4202DC0088BDE8FC81017A00EBA7
S3150801A5D0810212F8023C13FB04F31B129D4202DBB3
S3150801A5E032F8040CF0E7012360E000EB830292786D
S3150801A5F012FB04F21212954256DC00EB830737F878
S3150801A600040DADF804000198FCF732FB0646B8883C
S3150801A610ADF804000198FCF72BFBB97811FB04F19E
S3150801A620BA79091212FB04F2D1EB222240D0691A37
S3150801A63009B2C1EB012191FBF2F1CAB2C2F1FF03E2
S3150801A640C0F3072111FB02F1C6F3072414FB03111A
S3150801A65001EBC11404EBC134BDF80010250F65F3F5
S3150801A6600201C0F3074515FB02F5C6F3074717FBB9
S3150801A670035505EBC51707EBC535AD0E65F3C701E0
S3150801A680C0B210FB02F0F2B212FB030000EBC012DB
S3150801A69002EBC030800E60F30C21600E60F34F317F
S3150801A6A0ADF8001088B28FE75B1CDBB299429CD8E3
S3150801A6B0FEE74168002901DA02F004BB7047000091
S3150801A6C0FEB50546407A16460C4640072FD0224F5E
S3150801A6D0387820B9002000F043F801203870687AEC
S3150801A6E000F00700022818D04FEA060080EA640045
S3150801A6F068400190002000906A4601A91748F9F7B9
S3150801A700BBFE01280BD0324621462846EFF700FB4F
S3150801A710009000280BD0002418E02046E6E70098B0
S3150801A7200422416802EBB1714FEAB1014160FEBDF5
S3150801A73022462846FFF73DFF02900098BDF808100B
S3150801A740806800EB4400641C018024B20098B0F9CB
S3150801A7500E10A142ECDCFEBD080300209926010873
S3150801A76070B5084D0446286802F0ACFA204602F096
S3150801A7701DFA2860044D2146A86002F0B1FB6C6001
S3150801A78070BD0000DC0300200803002010B500217D
S3150801A790164802F0F1F8164C2080042007F04CFC0C
S3150801A7A06080042007F048FCE080042007F044FCA0
S3150801A7B0A080042007F040FC2081042007F03CFC1F
S3150801A7C06082042007F038FC2082042007F034FC5C
S3150801A7D0A081042007F030FC6081042007F02CFCDE
S3150801A7E0E081042007F028FCA08210BD8D3C0108F9
S3150801A7F02803002070B506000C4632D0084600F042
S3150801A80085F83046EEF7DFFD05E00868A04228D056
S3150801A8103046EEF7EAFD0100F7D1204603F0DCFCED
S3150801A82040B1A168896829B1C9680968A14201D1FD
S3150801A83000F057F8A06810B9204602F015FEA06886
S3150801A84086603046EEF733FE05000AD030462C60A6
S3150801A850EEF7B9FDA84204D13046BDE8704000F0D4
S3150801A86040B870BD10B50446074A0849F8F7AEF96D
S3150801A8706269002A06D0002804D12046BDE81040A6
S3150801A8800121104710BD0000EB930008C79300088B
S3150801A89010B50446074A0849F8F798F96269002A83
S3150801A8A006D0002804D12046BDE8104000211047F3
S3150801A8B010BD0000F3930008F993000801480068E9
S3150801A8C070470000D8020020002802D0007FC0F39C
S3150801A8D040007047002803D0C068002800D00068EF
S3150801A8E0704770B50446007FC0F3C00540F0080004
S3150801A8F020774007204602D4FFF7B4FF01E0FFF7AF
S3150801A900C7FF207F65F3C300207770BD2DE9F041AD
S3150801A910064603F061FC04003DD0E068002740B319
S3150801A9200068B04220D1207FC10702D020F0010083
S3150801A93020772046EEF747FDE16888420FD1204689
S3150801A940EEF75AFDE168884209D12046F8F7BAFCC4
S3150801A9500246E0680F210068FFF77EFB02E0204609
S3150801A960FFF7BFFFE06820B1E0680068B04200D198
S3150801A970E7602046EEF727FD11E028682946B04230
S3150801A98020460AD1EEF7BAFD284602F09BF9B068CF
S3150801A990002800D08760BDE8F081EEF726FD0500A6
S3150801A9A0EBD1F8E770B504001CD0207FC0F3400254
S3150801A9B08A4217D061F3410020772046FFF78AFFC4
S3150801A9C005000FD02046F8F77DFC0246E0680E2107
S3150801A9D00068FFF741FB012804D12846BDE870400D
S3150801A9E004F094BF70BD00002DE9F041804614487B
S3150801A9F00024144F06681EE0B8F1000F0AD004EBD4
S3150801AA00440000EBC40006EB80004168404600F0B4
S3150801AA101BF870B104EB440000EBC40006EB80059B
S3150801AA20686810B1284600F0D6FB28462C2102F0AA
S3150801AA3057FA641CA4B238888442DDD3BDE8F08194
S3150801AA40CC0300200403002070B50C46054600F02F
S3150801AA504FFF10B101280DD102E0A5420CD009E043
S3150801AA60204600F045FF012804D121462846E5F78E
S3150801AA70DFFF08B1002070BD012070BD70B50E4D15
S3150801AA800646286828B10020FFF7AEFF286802F0BD
S3150801AA9019F92C2006FB00F4204602F087F807492D
S3150801AAA0286028B10E802146BDE8704002F018BA28
S3150801AAB00020088070BD0000CC030020040300209C
S3150801AAC0014600200F290AD2DFE801F00909090920
S3150801AAD0080A080C0E10120C0E10120010207047EE
S3150801AAE018207047012070470220704704207047DC
S3150801AAF00820704701460020891E0D2909D2DFE882
S3150801AB0001F00708080708070707070707070700E7
S3150801AB100120704701460020032901D0062900D1EA
S3150801AB200120704770B500254D6291F838000C4632
S3150801AB3020F07C0040F0030081F83800084604F054
S3150801AB40F9FBA085204603F04CFBE08525864FF4EA
S3150801AB508070E08694F83800022140F0800084F87D
S3150801AB603800258565856586A58684F83950204689
S3150801AB7002F044FE2046BDE870404FF4803102F0F1
S3150801AB8057BA000010B50146034802F089FD04468C
S3150801AB9002F0FAFD204610BDC89B040870B54C6A40
S3150801ABA00D46002C12D0287C012802D12046FFF739
S3150801ABB073FBE06808B102F085F8206908B102F074
S3150801ABC081F8204602F07EF80020686270BD000018
S3150801ABD07FB514460D46084600F08AFE20B10128C5
S3150801ABE017D0022839D035E0296801F01F00001F67
S3150801ABF011282FD2880A216860F3942121602868D8
S3150801AC00400D60F35F512160287860F304012160EB
S3150801AC102FE02846FFF774FB17A1E5F709FFC8B926
S3150801AC20022229466846FFF787FB68B903AB042267
S3150801AC3021466846FFF7BBFB05466846FFF72CFB2E
S3150801AC4045B90398042805D1207800F01F00001F94
S3150801AC5011280ED3002004B070BD2068012161F3CC
S3150801AC609420C0F3140000F5001020F01F000B30EB
S3150801AC7020600120EFE7000062696E002DE9FF4FB1
S3150801AC8080465CA087B0006804905BA05BA300685F
S3150801AC9093460F4605900FCB8DE80F00B8F80810BC
S3150801ACA0002089B2CAB2090A09E000BF149C00EB68
S3150801ACB04003401CE254149C00B2234459700A9B79
S3150801ACC09842F3DB98F814004FF0000900F01F00D2
S3150801ACD0FFF7F6FE8246012101FA0AF1491E88B2FA
S3150801ACE006900025D8F814002C4600F01F012E46C0
S3150801ACF00B2906D00C2912D00D2920D00E2931D1C5
S3150801AD002CE0C0F38A20C01DC50804EBE70115FB3A
S3150801AD100B1407F00700C0F1070604A80DE0C0F3FD
S3150801AD208A20C01C850804EBA70115FB0B1407F044
S3150801AD3003000621A1EB400605A8814612E0C0F3EF
S3150801AD408A20401C450804EB670115FB0B1407F024
S3150801AD5001000421A1EB80066846EEE7C0F38A25C7
S3150801AD6015FB0B742846D8F8247001F04DFF5FEAED
S3150801AD70000B13D098F81000A0B10022211D384607
S3150801AD80FFF7CAFB00232A4659463846FFF70FFB49
S3150801AD905946CAF10802002053B222E000200BB03E
S3150801ADA0BDE8F08FD8F8040080680119F1E70A7840
S3150801ADB0069CF240224098F8144004F01F040E2C19
S3150801ADC001D019F80220149C00EB40052C44A2700E
S3150801ADD0A6EB0A0256B2002E01DA1E46491C401C91
S3150801ADE000B20A9A9042E2DB584601F059FF012067
S3150801ADF0D5E7000000FF00000055AAFF0011223325
S3150801AE00445566778899AABBCCDDEEFF2DE9FF4F3D
S3150801AE108046007D81B091460E4600F01F00FFF77F
S3150801AE204FFE8246012101FA0AF1491E0025D8F88A
S3150801AE3014001FFA81FB00F01F012F462C46072933
S3150801AE4006D0082912D009291FD00A2932D12BE0A8
S3150801AE50C0F38A20C01DC50804EBE60115FB0914D9
S3150801AE6006F00700C0F10707083423E0C0F38A207B
S3150801AE70C01C850804EBA60115FB0914062106F07A
S3150801AE800300A1EB4007103414E0C0F38A20401CEC
S3150801AE90450804EB660115FB0914042106F00100B7
S3150801AEA0A1EB8007403405E0C0F38A2515FB096448
S3150801AEB004F580642846D8F8249001F0A5FE061EFC
S3150801AEC040D098F8100068B10022211D4846FFF7C6
S3150801AED023FB00232A4631464846FFF768FA3146DE
S3150801AEE0002028E0D8F8040080680119F8E70A78F4
S3150801AEF0D9F80C30FA4002EA0B0203EB42030E9D25
S3150801AF001B8800EB4004ADF800302B55BDF8003026
S3150801AF101D0A0E9B23445D70D9F81040A25C9A70F5
S3150801AF20A7EB0A0257B2002F03DACAF1080257B291
S3150801AF30491C401C00B2049A9042D8DB304601F005
S3150801AF40AFFE012005B0BDE8F08F00002DE9FE43F4
S3150801AF500646087C0C46012801D040B32BE0606800
S3150801AF60FFF7CEF96CA1E5F763FD00281ED1022291
S3150801AF7068466168FFF7E0F90028F7D1606A38B9D1
S3150801AF80142001F013FE606268B1142101F0A8FFD4
S3150801AF90D4F8240069460C2211F8013B00F8013B5C
S3150801AFA0521EF9D107E06846FFF776F9B2E0606804
S3150801AFB08068002872D0616901F01F000E2816D03A
S3150801AFC0142814D004283BD0052839D0062837D0B0
S3150801AFD0072839D0082837D0092835D00A2833D088
S3150801AFE00B2828D00C2826D00D2824D08EE0227CC8
S3150801AFF0F2B1C1F38A22490D12FB01F114281BD0C3
S3150801B00001264E43304601F0D1FD05000FD0676A8F
S3150801B010002204213846FFF77FFA002332462946E3
S3150801B0203846FFF7C4F948B1284601F04BFE71E0EE
S3150801B03060688068A06166E00326E2E7A56162E0D0
S3150801B040207C0028F4D05EE0FFF73AFD012787400F
S3150801B050606A40B9142001F0A9FD6062002853D046
S3150801B060142101F03DFF7800656A01F09FFDE86053
S3150801B070384601F09BFD2861E968E9B3E0B3207C15
S3150801B080012804D060680024D0F8088039E000223D
S3150801B09004212846FFF740FA00241AE034E0002389
S3150801B0A0042269462846FFF782F99DF800209DF893
S3150801B0B001109DF80200FBF7F8FC0190E868BDF85D
S3150801B0C0041000EB4400018029699DF80300085526
S3150801B0D0641CBC42E3D316E008EB840618F8242066
S3150801B0E07178B078FBF7E1FC0090E868BDF80010CC
S3150801B0F000EB4400018000E008E02969F078085572
S3150801B100641CBC42E8D30120BDE8FE8321463046D3
S3150801B110FFF744FD0020F7E762696E002DE9F84F55
S3150801B1200C461D461646207DDDE90A32002100F04F
S3150801B1301F00042816D0052814D0062812D00B287B
S3150801B14039D00C2837D00D2835D00E2833D007280A
S3150801B15038D0082836D0092834D00A2832D0002019
S3150801B160BDE8F88F277C012F33D198469146D4F84C
S3150801B17024A0FFF7A5FC07466069C0F38A2015FBE2
S3150801B18000607843C11000225046091DFFF7C4F933
S3150801B190002470B9FD0805FB08F56B462A464946A1
S3150801B1A050460094FFF703F918B90098854200D173
S3150801B1B0012421460DE000922A4631462046FFF732
S3150801B1C05DFD05E000922A4631462046FFF71EFE40
S3150801B1D001460846C4E710B50446006800280BD0A6
S3150801B1E0C2680AB121469047207C012804D16068CB
S3150801B1F001F068FD0020606010BD000010B506482A
S3150801B200EEF706F9040004D0142101F069FE204680
S3150801B21010BD002010BD0000742701202DE9F04162
S3150801B2200F4605460421384601F05AFE25B128463F
S3150801B23000F05EFB18B105E00020BDE8F081A868C2
S3150801B2400028FAD000260A48EEF7BDF80BE0236875
S3150801B2502BB13A46294698470646012805D0214684
S3150801B2600348EEF7C2F80400F1D13046E5E70000DD
S3150801B270742701202DE9FF410E461D460446282163
S3150801B28001F02EFEAEB1304600F032FB08B9B168C6
S3150801B29079B1BDF8081021812074E56001280CD028
S3150801B2A0666000272148EEF78EF8054604F1140872
S3150801B2B031E0002004B0BDE8F0813046E5F786FAB2
S3150801B2C0401C01F073FC60600028F3D03146E5F7B5
S3150801B2D059FAE6E72B68CBB16868B8B142463146F8
S3150801B2E0284698470746012810D125606A682146ED
S3150801B2F02846904707460128DCD00421404601F03C
S3150801B300EFFD00202062A0616062E06129460748DE
S3150801B310EEF76BF80546002DDCD1207C012802D119
S3150801B320606801F0CFFC3846C4E7000074270120A5
S3150801B3302DE9FC4105680E46089FAC6800213CB121
S3150801B340CDE900371346014632462846A04701464D
S3150801B3500846BDE8FC8110B591F838000C4600F0A6
S3150801B3600300012801D0022809D154F8240F01F05D
S3150801B370A9FC00202060207D40F00300207510BD47
S3150801B3802DE9FF410F460846FEF726FE0546152814
S3150801B39007D0182D05D03946744802F03BFE01281E
S3150801B3A069D13846FEF756FE04462A2D13D04FF4C6
S3150801B3B08076132D21D0112D5FD02C2D7ED0152D01
S3150801B3C003D0182D01D0122D55D104B03846BDE849
S3150801B3D0F041F2F753B994F8380000F00300022857
S3150801B3E0204604D004B0BDE8F04104F027BF616AE5
S3150801B3F004B0BDE8F04100F0D5B93846FEF728FE9D
S3150801B4000546208E10B9E08EB04234D0204603F0AE
S3150801B41091FF0646204602F0E4FE074604F1320192
S3150801B420E08ECDE90001B4F930303A46314602A83A
S3150801B430EDF7F2FDBDF90800B5F900104042814269
S3150801B44000DD084600B22880BDF90A104942884243
S3150801B45000DC084600B22880BDF90C10891B884219
S3150801B46000DC084600B22880BDF90E10C91B8842C7
S3150801B47000DC08462880BDE8FF813846FEF7E8FD6E
S3150801B4800546204603F056FFB4F92C1088424DD1E3
S3150801B490204602F0A6FE0146B4F92E00814245D1A6
S3150801B4A0E18EB14213D1218E89B9B4F92C10B4F9C0
S3150801B4B0322001EBD171B2EB610F00E041E006D118
S3150801B4C0B4F9341000EBD070B1EB600F2ED02046E2
S3150801B4D003F030FF0646204602F083FE024604F1D9
S3150801B4E03201E08ECDE90001B4F93030314602A8C7
S3150801B4F0EDF792FDBDF80800A18A00220844ADF8CF
S3150801B5000800BDF80A00E18A0844ADF80A00BDF84A
S3150801B5100C00A18A0844ADF80C00BDF80E00E18ABA
S3150801B5200844ADF80E0002A8296806E069462046D7
S3150801B53002F09DFD002268462968EDF76EFB287129
S3150801B54099E73846FEF784FD054694F8390000F078
S3150801B5500300012804D0A08D2880E08D68808AE741
S3150801B560204600F005F8286085E70000C89B040816
S3150801B5701FB500F13202C18ECDE90012B0F93030A3
S3150801B580B0F92E20B0F92C1002A8EDF745FDBDF84B
S3150801B5900C00BDF80810BDF80A20411A2046491CBE
S3150801B5A061F30F00BDF80E1004B0891A491C61F346
S3150801B5B01F4010BD2DE9FF4105460C464FF4616059
S3150801B5C003E000BFA4F5616424B28442FADA02E01A
S3150801B5D004F5616424B2002CFADB288EA04267D0F8
S3150801B5E0284605F06DFC284603F0A4FE8046284649
S3150801B5F002F0F7FD074605F13206E88ECDE90006A9
S3150801B600B5F930303A46414602A8EDF705FDBDF8D1
S3150801B6100810A88A0844ADF80800BDF80A10E88A97
S3150801B6200844ADF80A00BDF80C10A88A0844ADF81C
S3150801B6300C00BDF80E10E88A0844ADF80E0002A900
S3150801B640284604F086F928462C8602F097FD04461A
S3150801B6500021FBF761FC284604F0F0FD0121204694
S3150801B660FBF75AFCE88ECDE90006B5F930303A46C3
S3150801B670414602A8EDF7D0FCBDF80800A98A08449E
S3150801B680ADF80800BDF80A00E98A0844ADF80A00D1
S3150801B690BDF80C00A98A0844ADF80C00BDF80E00E7
S3150801B6A0E98A0844ADF80E0002A9284604F051F9C2
S3150801B6B0BDE8FF812DE9FF470446B0F932000F4680
S3150801B6C01646B84203D1B4F93400B04268D02046D0
S3150801B6D005F0F6FB204603F02DFE8146204602F0D2
S3150801B6E080FD804604F13205E08ECDE90005B4F906
S3150801B6F030304246494602A8EDF78EFCBDF80810DF
S3150801B700A08A0844ADF80800BDF80A10E08A084482
S3150801B710ADF80A00BDF80C10A08A0844ADF80C0073
S3150801B720BDF80E10E08A0844ADF80E0002A92046BD
S3150801B73004F00FF967862046A68602F01FFD064625
S3150801B7400021FBF7E9FB204604F078FD012130468C
S3150801B750FBF7E2FBE08ECDE90005B4F9303042464D
S3150801B760494602A8EDF758FCBDF80800A18A084425
S3150801B770ADF80800BDF80A00E18A0844ADF80A00E8
S3150801B780BDF80C00A18A0844ADF80C00BDF80E00FE
S3150801B790E18A0844ADF80E0002A9204604F0D9F85A
S3150801B7A0BDE8FF872DE9F04385B08846044604F0D5
S3150801B7B0ADF8404600F09CF805464FF0000903280D
S3150801B7C009D003A94046FFF729FDC5B1012D24D0AB
S3150801B7D0022D22D066E094F8380000F00300022812
S3150801B7E001D0012802D1606A01F06CFA44F8249F5D
S3150801B7F0207D40F00300207505B0BDE8F08394F87C
S3150801B800380000F00300012801D0022802D1606A3D
S3150801B81001F058FAC4F8248044E0606A404519D01A
S3150801B82094F83810002601F00301012901D00229F4
S3150801B83000D106464046E4F7C9FF401C01F0B6F9B7
S3150801B8400700D9D04146E4F79DFF676216B1304635
S3150801B85001F038FA022D25D120460021572203F09E
S3150801B860B1FB064620460021582203F0ABFB07B27E
S3150801B87020460021592203F0A5FB00B241F6FF72CA
S3150801B8808DE805023B463246414604A807F090FE7C
S3150801B890BDF81010039861F39420BDF8121061F3F6
S3150801B8A05F50039094F8380065F3010084F8380076
S3150801B8B00398C0F38A21A185430DE38594F83820BE
S3150801B8C060F3860284F838204A08810D628620468C
S3150801B8D0A18604F0DFFC208E18B9E08EB0F5807FD2
S3150801B8E002D0204604F0AAFC204604F00FF883E7AC
S3150801B8F0032130B10078A0F120015F2903D8012086
S3150801B900704708467047802801D3022070470020F7
S3150801B910704700000148806870470000DC0200207B
S3150801B92018B101460248EDF760BD0148EDF74BBD78
S3150801B930442701200148406870470000DC020020C6
S3150801B94038B102681278012A05D0032A03D04FF0CC
S3150801B950FF30088002E002890A80408948807047E2
S3150801B960002806D001680978012903D0032901D0E6
S3150801B9700020704790F8440000F00F007047002837
S3150801B98006D001680978012903D0032901D00020CE
S3150801B9907047006B7047002801D00068007870472F
S3150801B9A000220A804A80002809D002681278012AF2
S3150801B9B001D0032A03D1028B0A80408B4880704745
S3150801B9C070B5204E0C460025B0B3417941F002010D
S3150801B9D04171B168814200D1756001680978012910
S3150801B9E001D002290ED114B1416BA14201D145639F
S3150801B9F014B1816AA14201D1856214B1C16AA14219
S3150801BA0000D1C56270BD417941F0020141710168F9
S3150801BA100978012901D002290ED114B1416BA1423D
S3150801BA2001D1456314B1816AA14201D1856214B17C
S3150801BA30C16AA14200D1C562FFF772FF0028E2D1AF
S3150801BA40756070BDDC02002010B50446407920F00F
S3150801BA500100607107F0F1FAE06407F0EEFAA064FC
S3150801BA6010BD002804D0032906D00C2901D00020D6
S3150801BA707047B0F9261001E0B0F924100068427E3B
S3150801BA800020C2F16402642306E0084400B212FBF6
S3150801BA9001F191FBF3F109B20029F6D170470000D3
S3150801BAA010B5154C2078002824D101F021F9EDF7BD
S3150801BAB085FFEDF7A5FAECF707FFEDF7A7FAFBF710
S3150801BAC023FDEDF745FE4FF4B4710C48EDF798FCEC
S3150801BAD05C210B48EDF794FCEDF73EFFEDF7DCFB37
S3150801BAE00120FEF7CBFF4420112804D0FEF7DFFA28
S3150801BAF00120207010BDFEE7E8020020382701204A
S3150801BB004427012010B50C460020486214F8481F46
S3150801BB1021F0180104F81C19411E2160227F22F028
S3150801BB200702227720836083E060C4E90110090CCB
S3150801BB302161616144F8040C14F81C0F022120F0FC
S3150801BB40400004F84809204601F058FE0021204625
S3150801BB5000F054FE2046BDE8104001A100F08ABE5F
S3150801BB60546578740000000010B50146034801F0D9
S3150801BB7097FD044601F008FE204610BDE49B040823
S3150801BB8010B508460C4600F00AF894F84800000774
S3150801BB9002D4606A01F096F80020606210BD10B503
S3150801BBA0044690F84800400603D5A06A08B101F09A
S3150801BBB089F894F8480020F0400084F848000020ED
S3150801BBC0A06210BD2DE9FF470E463F4802F022FA52
S3150801BBD0012876D13046FEF7FFF904463046FEF7CE
S3150801BBE039FA05462A2C1CD0132C0BD0292C18D02F
S3150801BBF02C2C1ED0152C64D104B03046BDE8F04774
S3150801BC00F3F7B4BA002103F06AFAB0F9080004B0F0
S3150801BC10C11700EB917081103046BDE8F047FEF779
S3150801BC203BBA00F0B9FD04B02846BDE8F04700F07C
S3150801BC304FBB002103F053FA81460021284603F041
S3150801BC405AFA80460021284603F067FA074695F80E
S3150801BC5048000024C10600D50124800601D544F018
S3150801BC600204284602F06AFA0021284603F09DFAE2
S3150801BC70A0F51C51D13905D1688C000502D441F6CD
S3150801BC80FF7002E0284602F059FA0097CDE901044F
S3150801BC9043464A4603A8696A07F08AFC3046FEF716
S3150801BCA0D7F9B0F90020BDF90C108A4200DD11461A
S3150801BCB00180B0F90220BDF90E108A4200DD114655
S3150801BCC04180BDE8FF870000E49B04082DE9F04F99
S3150801BCD08BB00D00804659D00021122203F072F96B
S3150801BCE029881022081A60F30F044046002103F040
S3150801BCF069F96988081A60F31F44A14608A94046EC
S3150801BD0002F0D4F9BDF82400BDF820100025401A28
S3150801BD10401C00B2D8F8247005902C4629464046A6
S3150801BD2003F0DDF902900021404603F0F6F9009090
S3150801BD300021404603F0DFF903900298AB465E46C0
S3150801BD40B0F90800079098F84800C10600D5012601
S3150801BD50800601D546F002060021404603F025FA81
S3150801BD60A0F51C51D13905D1B8F82200000501D436
S3150801BD7046F0040640460021D8F8242001F076FC56
S3150801BD8082460099079800EB010821E0FEE70020AA
S3150801BD90CDE90006DDE902127819059BEDF754FE97
S3150801BDA0044407984FEA2942584482420BDC444A24
S3150801BDB0009469461268384690470A280BD0385DC0
S3150801BDC048B9641C07E008EB0B000FFA80FB25460F
S3150801BDD0785D0028DBD107EB050B4FF00008BAF1B7
S3150801BDE0020F03D0BAF1030F16D025E0DDE90223CD
S3150801BDF0611B5846009607F039FCBDF82410BDF8BA
S3150801BE00202000EBD070891A491C09B201EBD171C7
S3150801BE104910A1EB60000DE0DDE90223611B5846DC
S3150801BE20009607F023FCBDF82410BDF82020891AD6
S3150801BE30491C081A0FFA80F800208DF81800824666
S3150801BE40049044BB2BE004AB6A4601A95846EDF7BA
S3150801BE50E3FDF00706D004981BF8001006A8EDF7D5
S3150801BE609DFEC0B9DDE90110009AFEF709FA01B293
S3150801BE700FFA89F208EB010082421EDB04994A197E
S3150801BE80A2421AD00AEB0502BA5CB2B1039A8A46F3
S3150801BE9010440FFA80F804982844A042D3D3094CD9
S3150801BEA05846049922689047064622682946384624
S3150801BEB090470BB03044BDE8F08FCDF810A0EEE7FF
S3150801BEC020040020240400202DE9F74F8AB05FEAF8
S3150801BED00209804664D0D8F8245040462A460021F3
S3150801BEE001F0C4FB8346287800285AD007A94046A2
S3150801BEF002F0DCF8BDF82000BDF81C100024401A39
S3150801BF00401C00B2049026462146404603F0E7F855
S3150801BF1003900021404603F000F9069000214046AF
S3150801BF2003F0E9F802900398A2465746B0F90800CB
S3150801BF30059098F84800C10600D50127800601D565
S3150801BF4047F002070021404603F02FF9A0F51C51DE
S3150801BF50D13905D1B8F82200000501D447F0040704
S3150801BF604B4A28460B99126890478046A85DA8B3A4
S3150801BF70DDE90510084409900020CDE90007DDE94F
S3150801BF8002212819049BEDF75FFD0644B04526D327
S3150801BF90A85D18B30998344650440FFA80FAEBE7BE
S3150801BFA0FEE70020A9F802005946BBF1010F07D0A8
S3150801BFB002290AD0BBF1030F04D1404602F0BEF8AC
S3150801BFC0A9F800000DB0BDE8F08F404602F0B6F8BA
S3150801BFD000EBD0704110A9F80010F3E7FFE7B8F1BC
S3150801BFE0000F12D005EB080010F8010C0A2801D041
S3150801BFF00D280AD115F8080038B9DDE9050101440B
S3150801C00001EB0A000FFA80FA44462819CDE90070B7
S3150801C010DDE90103A8EB0401039A07F027FB0546AE
S3150801C0200B98A04202D00298284405B2BBF1020F30
S3150801C03003D0BBF1030F16D025E00097DDE9010314
S3150801C040311B039A07F012FBBDF82010BDF81C201E
S3150801C05000EBD070891A491C09B201EBD17149105C
S3150801C060A1EB60000DE00097DDE90103311B039A9E
S3150801C07007F0FCFABDF82010BDF81C20891A491CE6
S3150801C080081A284405B2A9F80050A9F802A099E7A8
S3150801C0901804002090F84800C0F300107047406A61
S3150801C0A07047006C7047C06B704700002DE9F0417E
S3150801C0B017000D46044628D094F84800000725D4F1
S3150801C0C0204603F023FC606AE4F780FB06463846FF
S3150801C0D0E4F77CFB8119491C606A00F017FE60626F
S3150801C0E0002813D0A5F57F41FF3903D1084909680E
S3150801C0F0884705463A462946606AEDF725FD2046F2
S3150801C100BDE8F041002100F0B5BBFEE7BDE8F081CE
S3150801C110280400202DE9F04F95B05FEA010A804610
S3150801C1205FD010A9404601F0C1FFBDF84400BDF833
S3150801C13040100024401A401C00B2D8F824700A9016
S3150801C14025462146404602F0CAFF03900021404693
S3150801C15002F0E3FF00900021404602F0CCFF029076
S3150801C16003980021B0F908000B904046D8F824201E
S3150801C17001F07CFA834698F84800A1464E46C10666
S3150801C18000D50126800601D546F002060021404663
S3150801C19003F00BF8A0F51C52D13A05D1B8F82210D4
S3150801C1A0090501D446F004060B99009801EB00082D
S3150801C1B0385DB8B10020CDE90006DDE9022138195C
S3150801C1C00A9BEDF741FC0B990544BAF9022009EBE4
S3150801C1D00100824206DD08EB09000FFA80F92C46B8
S3150801C1E0E6E7FEE74FF00008C146BBF1020F03D0B0
S3150801C1F0BBF1030F16D025E0DDE90232291B3819F8
S3150801C200009607F033FABDF84410BDF8402000EB5C
S3150801C210D070891A491C09B201EBD1714910A1EBF9
S3150801C22060000DE0DDE90232291B3819009607F096
S3150801C2301DFABDF84410BDF84020891A491C081A90
S3150801C2400FFA80F800208DF84800089004940C90A5
S3150801C250FDB16D1E0498A8421BD804AB0CAA08A907
S3150801C2603846EDF7D9FBF00706D00498395C12A8D1
S3150801C270EDF794FC0028EDD1C1460C9A089903986C
S3150801C280FDF7FEFF4044BAF9001000B2814216DA02
S3150801C29004940C9A08990398FDF7F2FF0299029BF8
S3150801C2A00144BAF90000A9EB0302491C90420CDBD0
S3150801C2B04944884209DC012015B0BDE8F08F02998E
S3150801C2C0049C08440FFA80F8C4E70020F4E700004C
S3150801C2D02DE9F04F0446406A97B000287ED04FF00A
S3150801C2E0FF3903A92046C4F8309001F0DFFEBDF8F6
S3150801C2F01000BDF80C10401A401C0FFA80F80021F6
S3150801C300204602F0ECFE05460021204602F005FF14
S3150801C31007460021204602F0EEFE824694F84800C0
S3150801C3200026C10600D50126800601D546F002067B
S3150801C3300021204602F039FFA0F51C51D13904D15C
S3150801C340608C000501D446F004060097CDE9018604
S3150801C35053462A4616A8616A07F02AF9204603F0C9
S3150801C36099FF94F848004FF6FF7B00F007004FF05D
S3150801C3700008022804D003287ED001287DD0F6E1E2
S3150801C3800021204602F00EFC0604360C08D1204690
S3150801C39001F0F4FEFAF7DEFD032190FBF1F086B217
S3150801C3A005A8F8F713FC4FF49670059412901490AB
S3150801C3B0BDF81000BDF80C10BDF95820401A401CF4
S3150801C3C0002700B2ADF854B0904233DA0021801A42
S3150801C3D0CDE90E10E9480D91014600E0CAE1069043
S3150801C3E02046F8F7DBFB00210A4620B1016B90F8DD
S3150801C3F04200C0F34002109888420FDD9DF85600AE
S3150801C400119120F001008DF856003AB140F0020072
S3150801C4108DF856000F990D980D910F9030460F9A89
S3150801C4200D99F8F724FC1090139005A8F8F72CFC41
S3150801C430012705E0D1492046F8F776FBA4F84480A0
S3150801C440BDF81200BDF80E10BDF95A20401A401C5D
S3150801C45000B290427EDA002F7CD1821AB5F9080023
S3150801C4600021101ACDE90E10C5480D910146069016
S3150801C4702046F8F793FB01E023E0C5E000210A46D0
S3150801C48020B1016B90F84200C0F34002109888422F
S3150801C4900FDD9DF85600119120F001008DF8560028
S3150801C4A03AB140F002008DF856000F990D980D919A
S3150801C4B00F9030460F9A0D99F8F7D9FB1090139003
S3150801C4C09EE020460021642202F07CFD06460021FA
S3150801C4D0204602F067FB07043F0C08D1204601F00D
S3150801C4E04DFEFAF737FD032190FBF1F087B205A857
S3150801C4F0F8F76CFBBDF81000BDF80C100594401A4E
S3150801C500401CBDF9581000B2ADF854B04FF00009FF
S3150801C510884234DA202211462846FDF7B1FEBDF9D4
S3150801C520581000EB400008444142CDE90E9193486A
S3150801C5300A460690CDF8349049463846F8F797FBEF
S3150801C54010908E492046F8F729FB00B1006B36B1E9
S3150801C550306B00E027E01190F06B149009E0109918
S3150801C560814206DD11909DF8560020F001008DF8F4
S3150801C570560005A8F8F788FB4FF0010905E07F4941
S3150801C5802046F8F7D1FAA4F84480BDF81200BDF8A0
S3150801C5900E10401A401CBDF95A1000B2884202DA40
S3150801C5A0B9F1000F06D076492046F8F7BDFAA4F886
S3150801C5B04680DCE0B5F908200020114449420D9077
S3150801C5C0CDE90E016E480A46069038460D99F8F7E8
S3150801C5D04EFB10906A492046F8F7E0FA00B1006B65
S3150801C5E026B1306B1190F06B149009E010998142D5
S3150801C5F006DD11909DF8560020F001008DF85600D1
S3150801C60005A8F8F741FBB2E0BDF81200BDF80E1017
S3150801C610401A401C01B2BDF95A00814209DAB5F93E
S3150801C6200810884205DD5749606A09688847032862
S3150801C63002D8C4F82C909AE0BDF81000BDF80C1089
S3150801C6402E22461A11462846761CFDF719FE504435
S3150801C650A0EB80003044ADF80000BDF81200BDF82B
S3150801C6600E10401A401C00B2ADF80200B5F90820B8
S3150801C670D11990FBF1F301FB13018A42A0EB0100EA
S3150801C68004DCADF802002989084400E0C01BADF8B6
S3150801C690020069462046FFF719FB8146606AE4F7FE
S3150801C6A095F8394A074649461268606A9047374DF0
S3150801C6B0019005E02A6801A9606A9047A9F1010974
S3150801C6C00198C01CB842F5D80025DFF8C4B0019E10
S3150801C6D0AA46606A01990844DBF8001088472D4A82
S3150801C6E02844C5B2126801A9606A9047032D07D884
S3150801C6F00198B84204D80AF1010ABAF1030FE8D938
S3150801C700616A204601EB060A0746FFF748FA042D37
S3150801C71012D9681C00F04AFAB86240B32A46514653
S3150801C72000F00CFBB96A01F8058097F8480040F05B
S3150801C730400087F848000BE097F848002A4620F0A1
S3150801C740400087F84800514607F1280000F0F6FA3C
S3150801C75000202E213318626A401C0328D154F9D3CC
S3150801C760616AF61C09F1030001F80680E0622046B9
S3150801C77003F0CCF817B0BDE8F08F0000895D020818
S3150801C780915D0208280400201804002020040020D6
S3150801C79010040020140400202DE9F0410446054642
S3150801C7A090F8480000F00700012823D1E96A481CDF
S3150801C7B020D0114A686AC91E12689047024694F841
S3150801C7C048100020490601D5A16A06E004F12801AE
S3150801C7D003E00F5C401CF754C0B26E6A1318F75C8D
S3150801C7E0002FF6D1095C104431542046FFF7D7F9DA
S3150801C7F0781EE862BDE8F0811804002070B50D4680
S3150801C80004461A49F8F790F919492046F8F78CF9B8
S3150801C8100020A4F84400A4F84600022D0FD0032DE9
S3150801C8200DD0042D0BD094F8480020F0200100BF4C
S3150801C83001F0070084F84810012805D00AE094F8A9
S3150801C840480040F02001F3E7E06A401C02D0204688
S3150801C850FFF7A2FF94F8480065F3020084F8480040
S3150801C8602046BDE87040FFF733BD0000895D020828
S3150801C870915D020870B50D46044603F047F805B9FF
S3150801C880656A606AA8420DD194F84810090709D467
S3150801C890E3F79CFF411C606A00F038FA60620028E1
S3150801C8A020D01AE038B194F84810090703D400F0EB
S3150801C8B009FA002161622846E3F788FF401C00F067
S3150801C8C075F9606200280DD02946E3F75BFF94F8F5
S3150801C8D0480020F0080184F848102046BDE8704059
S3150801C8E0FFF7F6BC70BD0FB470B504460598F8B1EC
S3150801C8F0204603F00BF80598D8B1606A002530B1D7
S3150801C90094F84810090702D400F0DCF9656206A913
S3150801C9100598EDF75EF9606294F8480020F0080181
S3150801C920204684F84810FFF7D3FC70BC5DF814FB69
S3150801C930FEE72046F7E7016402F0E8BFC16302F0AB
S3150801C940E5BF70B5044690F848000D46000705D4C2
S3150801C950606A18B100F0B6F90021616235B194F840
S3150801C960480040F0080184F8481065622046BDE891
S3150801C9707040FFF7ADBC00002DE9F041094C0646B1
S3150801C980094D60680F46401CC1006060286800F0C8
S3150801C990BDF92860616800EBC10040E902670846F5
S3150801C9A0BDE8F081F0020020C803002008460021F6
S3150801C9B00185416280F82A10022100F01FBF00009C
S3150801C9C010B50146034800F06BFE044600F0DCFE94
S3150801C9D0204610BD009C04082DE9F04F87B00D468E
S3150801C9E05C4801F017FB012849D12846FDF7F4FAFE
S3150801C9F006462846FDF72EFB0446132E33D04FF084
S3150801CA0002082C2E3ED0152E39D107462846FDF7A9
S3150801CA10E9FA8346388D3C46002830D0786A0028E2
S3150801CA202DD005A9384601F0A3FB204601F053FD98
S3150801CA30BDF81410081A06B2204601F053FDBDF8D8
S3150801CA401610081A05B2204601F0CBFB8246684645
S3150801CA50FBF78BF86A460021204602F09DFD00246B
S3150801CA604FF0060967E0002102F044F9044628461A
S3150801CA70FDF7EEFAB0F90010A14200DA048007B01A
S3150801CA80BDE8F08F208D0028F9D0606A0028F6D01D
S3150801CA902846FDF7DDFA002507462E462846228D4B
S3150801CAA0C4460DE0636A33F92010A94200DD0D463C
S3150801CAB00CEB8001595EB14200DD0E46401C80B286
S3150801CAC08242EFD80021204602F014F92918304491
S3150801CAD039807880D3E7786A30F824103144ADF884
S3150801CAE00C10042101EB8401415A3144ADF81010B0
S3150801CAF097F82A10C90708EB840121D0415AAAEBF5
S3150801CB0001002844ADF80E00796A09EB8400095A38
S3150801CB10AAEB01002844ADF8120004AB03AA694642
S3150801CB205846FBF715F89DF80900641C20F0040027
S3150801CB308DF80900A4B2388D401EA042CBDC9EE7D1
S3150801CB40405A2844ADF80E00796A09EB8400085A60
S3150801CB50E0E70000009C040810B54162044602851E
S3150801CB6003F098FB2046BDE8104002F0CFBE10B591
S3150801CB708A42029C01DB904207DA8A4201DB88423B
S3150801CB8009DD8A4203DC904201DC204610BD8A4257
S3150801CB9003DC884201DB184610BD521AE41A401A12
S3150801CBA0604390FBF2F0184410BD000070B5040014
S3150801CBB010D0094D0146686806F0B0FB010007D0A0
S3150801CBC0A8682044A860EA68904200D81046E86040
S3150801CBD0084670BD004870BDE403002070B5002406
S3150801CBE0084E254656F8340038B100F06BF806EBC6
S3150801CBF0C40046F8345085718580641CE4B2082C5B
S3150801CC00F0D370BD8C2701202DE9F04105000BD02A
S3150801CC100022224C4FF0FF30012600BF04EBC2016F
S3150801CC208B79DB0703D014E00020BDE8F081898801
S3150801CC30A9420ED305D104EBC200867154F832001D
S3150801CC40F3E7002804DB04EBC0039B88994200D272
S3150801CC5050B2521CD2B2082AE0D3002805DB04EBF5
S3150801CC60C0018E7154F83000DFE7002704EBC700D6
S3150801CC708079C00704D07F1CFFB2082FF6D3FEE7E0
S3150801CC8054F83700294600F041F830B104EBC701E2
S3150801CC908E718D8044F83700C7E7FEE78C2701209F
S3150801CCA0074A002152F83130834204D102EBC1010F
S3150801CCB0002088717047491CC9B20829F2D3704708
S3150801CCC08C270120094910B588420DD000280BD0C0
S3150801CCD0064C0146606806F0F5FAA168814201D959
S3150801CCE0081A00E00020A06010BD0000E40300203F
S3150801CCF010B54FF4A041034806F0D6FA0249486038
S3150801CD0010BD000084280120E403002010B539B1C4
S3150801CD10094A904208D1BDE810400846FFF746BFC8
S3150801CD20FFF7D0FF044810BD0A460146024840688D
S3150801CD30BDE8104006F005BBE403002030B500F05D
S3150801CD40030401F003050346A54243D14EE00C78DE
S3150801CD501C704C785C708C789C70CC78DC700C7983
S3150801CD601C714C795C718C799C71CC79DC710C7A6B
S3150801CD701C724C7A5C728C7A9C72CC7ADC720C7B53
S3150801CD801C734C7B5C738C7B9C73CC7BDC730C7C3B
S3150801CD901C744C7C5C748C7C9C74CC7CDC740C7D23
S3150801CDA01C754C7D5C758C7D9C75CC7DDC750C7E0B
S3150801CDB01C764C7E5C768C7E9C76CC7EDC760C7FF3
S3150801CDC01C774C7F5C778C7F9C77CC7FDC77203116
S3150801CDD0203A2033202ABAD805E000BF11F8014BC2
S3150801CDE003F8014B521E002AF8D130BD4CB3C4F1E9
S3150801CDF0040405E011F8015B521E03F8015B641E89
S3150801CE00FCB1002AF6D11CE010C9203A10C310C99A
S3150801CE1010C351F8084B43F8084B51F8044C43F832
S3150801CE20044C51F8104B43F8104B51F80C4C43F88D
S3150801CE300C4C51F8084C43F8084C51F8044C43F88B
S3150801CE40044C202AE0D802E010C9121F10C3042A94
S3150801CE50FAD804E011F8014B03F8014B521E002AD7
S3150801CE60F8D130BD10B5034605E000BF11F8014BF6
S3150801CE7003F8014B521E002AF8D110BD10F0030326
S3150801CE8009D0C3F1040303E0521E00F8011B5B1E1F
S3150801CE900BB1002AF8D101EB012303EB014303EBA4
S3150801CEA001630EE008C0203A08C040F8083B40F884
S3150801CEB0043C40F8103B40F80C3C40F8083C40F86C
S3150801CEC0043C202AEED801E008C0121F042AFBD828
S3150801CED003E000BF00F8011B521E002AFAD1704771
S3150801CEE010F003034FF0000219D0C3F1040303E065
S3150801CEF0491E00F8012B5B1E8BB10029F8D170473A
S3150801CF0004C0203904C040F8082B40F8042C40F826
S3150801CF10102B40F80C2C40F8082C40F8042C20293A
S3150801CF20EED801E004C0091F0429FBD803E000BFBD
S3150801CF3000F8012B491E0029FAD1704710F00302A7
S3150801CF404FF0FF030AD0C2F1040203E0491E00F8BC
S3150801CF50013B521E12B10029F8D170474FF0FF323A
S3150801CF600EE004C0203904C040F8082B40F8042C10
S3150801CF7040F8102B40F80C2C40F8082C40F8042CEB
S3150801CF802029EED801E004C0091F0429FBD802E0D4
S3150801CF9000F8013B491E0029FAD170472DE9F041F5
S3150801CFA01D4616460F46044600F05EFAA0684FF085
S3150801CFB08062817E02EBB1114FEAB1618176A06888
S3150801CFC001F03F0101EB41018900C068FFF79EFEB0
S3150801CFD0A1686FF00303C860A168897E01F03F016B
S3150801CFE001EB41026FF00B0101EB82028750A06849
S3150801CFF0C268807E00F03F0000EB400003EB800032
S3150801D0000B1D1654A068C268807E00F03F0000EB35
S3150801D010400003EB80001550A068C268807E00F0CE
S3150801D0203F0000EB400001EB80001044BDE8F081B1
S3150801D0302DE9FF410C46074602F0C0FC0646E0070B
S3150801D04002D0384602F062FCF8692043F861E0072D
S3150801D05011D00221384602F0A6F960B1384601F02E
S3150801D060BBF8050007D0FDF7FDFB2846FDF732FCA6
S3150801D07008B102F04BFC384602F0A0FCB04202D1DE
S3150801D08014F0C07F07D0384601F0ECF802F0CFFC67
S3150801D090384602F0CCFCE0060CD502AA69463846A9
S3150801D0A001F027FA6946384602F053FC02A93846C8
S3150801D0B002F04FFCBDE8FF81028C11438A4201D080
S3150801D0C003F0B2BC704700002DE9F04717468846C1
S3150801D0D04FF6FF79044600234A4639460BF094FD7C
S3150801D0E0618C00250426C1F30512E06809E000BF3A
S3150801D0F006EBC503C3585FEA831C01D4DB0102D5DD
S3150801D1006D1CAA42F4D84FF0806202EBB1214FEAB6
S3150801D110B1516184C1F30511C900FFF7F7FDE0605C
S3150801D120608C6FF00702C0F3051009E0E16802EBB5
S3150801D130C00C01EBC0036144D1E900C1C3E900C1D8
S3150801D140401EA842F2D8E068082100EBC500FFF7A7
S3150801D150C7FEE16841F83580E06806EBC50142582B
S3150801D16067F3170242504A4639462046BDE8F0475A
S3150801D17003F0A8B870B516461D460446002203F00A
S3150801D1802BFD2A4631462046BDE8704003F022BCF5
S3150801D1902DE9FF4F81B093468846019803F090FE2A
S3150801D1A0B8F1000F03D1019801F05CF8804600241C
S3150801D1B02546019801F056F88146002101F040FD07
S3150801D1C006460021484601F037FE30440FFA80FA38
S3150801D1D00021484601F0B4FE304400B20090002117
S3150801D1E0404601F02DFD06460021404601F024FE89
S3150801D1F0304407B20021404601F0A2FE304406B28F
S3150801D200BBF1000F0FD0BBF1160F34D2DFE80BF0DC
S3150801D210D51123343F4454676913828797A1A6B56C
S3150801D220BFC5CBD1FDFC0021404601F0C4FC012855
S3150801D23022D03C461EE0404600F080FF0246019897
S3150801D24002F078F8014602EBD270401001EBD17179
S3150801D250A0EB61004DE0404600F070FF02460198E0
S3150801D26002F068F802EBD271491000EBD070A1EB1D
S3150801D270600009E03546A0E0404600F05FFF02463F
S3150801D280019802F057F8101A384404B2F2E73C46FE
S3150801D2901CE0304405B290E0404600F04FFF0246DC
S3150801D2A0019802F047F8014602EBD270401001EBF3
S3150801D2B0D171A0EB610007E0404600F03FFF02464E
S3150801D2C0019802F037F8101A384404B2404600F0C3
S3150801D2D01BFF0246019800F084FF101AD9E73C4665
S3150801D2E009E0404600F02AFF0246019802F022F8BA
S3150801D2F0101A384404B2404600F006FF0246019867
S3150801D30000F06FFF02EBD271491000EBD070A1EB70
S3150801D3106000BEE7019800F064FF4042BAE7404664
S3150801D32002F008F80246019802F004F8014602EBF9
S3150801D330D270401001EBD171A0EB610007E04046C5
S3150801D34001F0F8FF0246019801F0F4FF101A04B241
S3150801D350E0E7404600F045FF05462EE0404601F06D
S3150801D360E9FF0246019801F0E5FF02EBD271491087
S3150801D37000EBD070A1EB600007E0404601F0DAFF50
S3150801D3800246019801F0D6FF101A04B2E1E70198A6
S3150801D39001F0D0FF404204B20FE0019801F0CAFF44
S3150801D3A0404204B241E0019801F0C4FF404204B290
S3150801D3B04EE0404601F0BEFF04460021484601F012
S3150801D3C0FAFB012848464CD000F0B2FFB8F8142001
S3150801D3D004990A44B9F81410511A0144A1EB0A0038
S3150801D3E0204404B2484601F06FF8B8F816200E99A1
S3150801D3F00A44B9F81610511A014400980022081A6D
S3150801D400284405B2012101E01EE00AE0019803F073
S3150801D410E3FB019805B02A462146BDE8F04F03F023
S3150801D420D9BA404601F086FF0446404600F0D9FEC7
S3150801D4300246019800F0D5FE02EBD271491000EBC5
S3150801D440D070A1EB600025E7404601F073FF044662
S3150801D450404600F0C6FE0246019800F0C2FE101AC8
S3150801D46018E700F0C5FFB1E710B504468068002843
S3150801D47014D10B484168491C41601C20FFF796FBF3
S3150801D480A06000280AD01C21FFF72AFDA1680F20F9
S3150801D4904876A068017E41F00301017610BD0000BF
S3150801D4A0E80200202DE9FC410E460546012101F05E
S3150801D4B06EFFE0BB284600F0D9FE044600F05EFE8A
S3150801D4C00746F9F789FDA0420ED03846F9F78CFDD3
S3150801D4D0A04209D03846F9F76DFDA04204D0384676
S3150801D4E0F9F760FDA04237D14FF4002421462846BA
S3150801D4F001F054FF28BB2846ECF742F8074605F128
S3150801D50014016846F8F755F8BDF80000C01BADF8D8
S3150801D5100000BDF80200C01BADF80200BDF804000A
S3150801D5203844ADF80400BDF80600384400E013E0BD
S3150801D530ADF8060031466A460846EBF786FA002832
S3150801D5400BD0002301223146284601F040FE1CE09B
S3150801D550012101F01CFF10B10020BDE8FC81214624
S3150801D560284601F01BFF80B9D5E90501CDE900017F
S3150801D570002301226946284601F029FE31466A46FA
S3150801D5800846EBF762FA0028E7D0284600F06AFE5B
S3150801D590051EDDD10120E0E72DE9F0410E460746DB
S3150801D5A0002501F083FD040035D03146384601F0E7
S3150801D5B071FD02282FD904EBD470012101EB600417
S3150801D5C03146384601F06CFD20440FFA80F83146A1
S3150801D5D0384601F047FD04463146384601F04EFD0E
S3150801D5E0002C01DD214600E06142002801DD0246EA
S3150801D5F000E04242914205DD002C01DD204604E0AF
S3150801D600604202E0002800DC4042404400B20028A3
S3150801D61000DA284605463146384601F0B9FB0400CA
S3150801D6200ED03146384601F0A7FB022808D9314603
S3150801D630384601F0A7FB2044A84200DB05462DB277
S3150801D64038463146692201F0BDFC04B238463146F6
S3150801D6506A2201F0B7FC00B2844200DC0446002CC1
S3150801D66001DD281905B22846BDE8F08170B50D46D9
S3150801D67006465B2201F0A6FCC4B2304629461622AC
S3150801D68001F0A0FC04B90124204670BD002803D08E
S3150801D6900068884201D101207047002070470000C8
S3150801D6A02DE9F0410D4607460026364900E0006897
S3150801D6B0B8B182690A42FAD08069C0F30F10804670
S3150801D6C0FFF774FA041E31D04146FFF709FCC4E995
S3150801D6D000754FF001086FF0030725B1A86878B304
S3150801D6E032E03046EBE7F9F72FFC05001AD0EA6875
S3150801D6F0F2B1686A401C810068621046FFF706FBB2
S3150801D700E860696A07EB81014450A682E682002037
S3150801D710F9F732FC401E20830020F9F773FC401EFE
S3150801D720608323E02046FFF7CDFA0020BDE8F081AB
S3150801D7300420FFF73BFAE8600460C5F82480E4E7B3
S3150801D740FFE72846FFF790FEA868016881B141689E
S3150801D750491C4160A86889000068FFF7D7FAA968DB
S3150801D7600860A968496807EB810144502046DDE74E
S3150801D7700420FFF71BFAA96808600460A968C1F8C4
S3150801D7800480F3E7F0FF0F0070B5054602F04FF984
S3150801D790002000F09BFA284605F0C6FB284600F053
S3150801D7A06FF8012000F092FA4FF6FF724FF47021DC
S3150801D7B0284602F087FD284602F06CFDFDF77EF843
S3150801D7C0030007D0284602F0EBF818B12946184697
S3150801D7D0FDF710F8284600F045FD04000DD02A464D
S3150801D7E02221FCF739FC2A4623212046FCF734FC82
S3150801D7F02846BDE8704002F089B870BD7FB50C4671
S3150801D800064602F0DBF80546E0060CD502AA69468B
S3150801D810304600F06EFE6946304602F09AF802A9D3
S3150801D820304602F096F8F069A043F061E0070ED0A1
S3150801D830304602F06BF8304602F0C0F838B130468F
S3150801D84000F010FD02F0F3F8304602F0F0F8304629
S3150801D85002F0B4F8A84202D114F0C07F07D03046CE
S3150801D86000F000FD04B0BDE8704002F0E0B87FBDED
S3150801D870028C22EA01018A4201D003F0D5B8704729
S3150801D88070B504680546206818B128602846FFF770
S3150801D890F7FF2C6062682046002A03D02946BDE8B6
S3150801D8A07040104770BD00002DE9F0414D680C46E7
S3150801D8B0EDB1284600F03CFD0646284600F004FE78
S3150801D8C0074628460021102201F07CFBE98A12222C
S3150801D8D00844C01BE082401E60832846002101F0EF
S3150801D8E071FBA98A0844801BA082401E208341F24D
S3150801D8F00200E061002D06D043F20200C4F81C00C4
S3150801D90043F20230E06140F0740040F40060E061E7
S3150801D91002D040F40040E061BDE8F08110B501464F
S3150801D9200348FFF7BDFE0446FFF72EFF204610BD4C
S3150801D9304CAE020870B5054601F0E8FF284600F02E
S3150801D94091FC0400284610D006F006FB204602F09A
S3150801D95083FF002222212046FCF77EFB2046BDE8F4
S3150801D960704000222421FCF777BB00F007FC040075
S3150801D97007D02069A842284604D106F0EDFA00200E
S3150801D980206170BDBDE8704006F0E6BA014601485F
S3150801D990F7F7DCBE99D90108FFF7CCBF70B50C467D
S3150801D9A00846EBF717FB002000F090F92046144AC9
S3150801D9B0002102F05EFD012000F088F900212046D1
S3150801D9C0F7F7B2F8204600F007FC10B12046FCF73D
S3150801D9D09DFFA068002811D00068002518B1FFF73F
S3150801D9E071F9A0680560A068C06818B1FFF76AF9FF
S3150801D9F0A068C560A068FFF765F9A56070BD00005D
S3150801DA00FFFF0F002DE9F047A2B08046FCF7E4FAC4
S3150801DA1006464046FCF71EFB012700240546122E42
S3150801DA2072D0DFF89492152E6CD0182E7AD1404612
S3150801DA30FCF7D8FA824601462846F2F7A5FC0021EA
S3150801DA40284601F021F950B105F59070FAF78EFDD7
S3150801DA50060004D0FAF770FA3046FFF721F90021DB
S3150801DA60284601F0E5F800285CD002A8FAF7BAFDC5
S3150801DA708DF80B408DF822408DF832408DF83E40E6
S3150801DA8002AA0021284601F0E5FD0021284601F0F9
S3150801DA9068FB80460021284601F057FB064605F13A
S3150801DAA014016846F7F77CFDBDF80010A1EB0800E4
S3150801DAB0BDF80410ADF8000001EB0800ADF804004C
S3150801DAC0BDF802005146801BADF80200BDF80600FC
S3150801DAD03044ADF8060010A800F0F0F802A814903A
S3150801DAE068461D94CDE91270CDF8449010AA1A2102
S3150801DAF02846FCF7B1FA6A4602A95046FAF75EFDCE
S3150801DB00D4E001E055E00DE04046FCF7A1FA0646EF
S3150801DB100078022806D00021284601F0B5F820B180
S3150801DB200220307022B0BDE8F0870021284601F0B6
S3150801DB3093FA82460021284601F013FB814600210B
S3150801DB40284601F002FB804605F114016846F7F7FD
S3150801DB5027FDBDF800105246A1EB0900BDF80410D7
S3150801DB60ADF8000001EB0900BDF80210ADF804009C
S3150801DB70A1EB0800BDF80610ADF8020001EB08009C
S3150801DB80ADF8060069467068EAF787FF68B10021B3
S3150801DB90284601F041F8FD2807D3284600216022CE
S3150801DBA001F010FAC0B2FD2801D23770BAE7347015
S3150801DBB0B8E74046FCF716FA804602A8FAF712FDBE
S3150801DBC00021284601F034F828B19DF82B0040F0D1
S3150801DBD001008DF82B0002AA0021284601F03AFD22
S3150801DBE00021284601F0BDFA06460021284601F023
S3150801DBF0ACFA074605F114018A466846F7F7D0FCE0
S3150801DC00BDF800004146801BADF80000BDF80400D0
S3150801DC103044ADF80400BDF80200C01BADF802009F
S3150801DC20BDF806003844ADF8060010A800F046F81D
S3150801DC3002A814906846CDE91240CDF8449010AA7E
S3150801DC401A2128461D94FCF707FA0021284601F0F7
S3150801DC501BF830B1BDF8080018B1069E01270694D5
S3150801DC6001E0069E00276A4602A94046FAF7A6FC85
S3150801DC70E7B11820FEF7C8FF0746BDF908200023BB
S3150801DC805146FAF7E1FB05F590713846F9F790FF29
S3150801DC9066B18DF80B408DF82A408DF832408DF823
S3150801DCA03E406A4602A94046069627E710AA1B2166
S3150801DCB02846FCF7D1F935E74CAE020870B50D4692
S3150801DCC004464821FFF70CF9256070BD0149087023
S3150801DCD070470000F80200202DE9FF4188460846F2
S3150801DCE0FCF77AF904464046FCF77AF90546012C11
S3150801DCF023D0082C23D0032C3ED02A2C3ED00D2C21
S3150801DD004CD00E2C7DD0092C7CD00A2C7BD00F2C24
S3150801DD107AD0292C79D0222C78D0242C77D0132CA0
S3150801DD2076D0152C03D0182C01D0122C34D104B07E
S3150801DD304046BDE8F041FFF765BE2021FAE0202103
S3150801DD40FFF796FD4046FCF75EF9FDF718FE002839
S3150801DD5022D10821284601F01AFB00281CD095F883
S3150801DD6020004FF00101C007284602D0FFF780FDC9
S3150801DD7030E0FFF7A1F92DE02021F8E000F072F973
S3150801DD800646002406E0A868006850F8240001F059
S3150801DD904EFE641CB442F6D3BDE8FF81082101F0AA
S3150801DDA0F6FAF8B14046FCF753F90478132C06D075
S3150801DDB0112C04D0142C07D0122C05D008E001210F
S3150801DDC02846FFF779F903E001212846FFF750FDB8
S3150801DDD00A2CE1D004B02846BDE8F04100221C21F6
S3150801DDE0FCF73AB94FF40161284601F0D0FA002848
S3150801DDF0D2D0284601F0C7FD0028CDD100272846F4
S3150801DE0007E06DE095E09AE0B0E0B5E0D1E0F2E038
S3150801DE10F6E000F08DFA0646284600F0E9FA0446CF
S3150801DE204046FCF715F9007812281BD011280CD0AA
S3150801DE3013282BD01428AFD1284600F071FA800791
S3150801DE4003D0002E38DC002C36DC284600F0C9F950
S3150801DE500446284600F046FBE11704EB9171A0EB56
S3150801DE60A1000BE0284600F0BCF90446284600F05C
S3150801DE7039FBE11704EB917100EBA10001B204B083
S3150801DE803A462846BDE8F04102F0D0BC284600F0E3
S3150801DE9047FA8007E6D0002E01DC002CE2DD284691
S3150801DEA001F048FA0446284600F015FBE11704EB91
S3150801DEB0917100EBA1000BE0284601F03BFA0446FC
S3150801DEC0284600F008FBE11704EB9171A0EBA100CD
S3150801DED001B204B03A462846BDE8F04102F090BCCA
S3150801DEE04FF4806101F053FA18B10121284602F076
S3150801DEF06AFC284600F070F9FCF7E6FC064602249F
S3150801DF00FDF708FD10B94046FCF77DF8FDF743FD1E
S3150801DF10022801D0042800D106241EB144F00801C4
S3150801DF20284607E021462846FFF7C6F8082128466D
S3150801DF301DE0402104B0BDE8F041FFF7BDB840211E
S3150801DF40FFF796FC284600F0FAFD02287FF424AF75
S3150801DF5002AA6946284600F0CCFA6946284601F025
S3150801DF60F8FC02A9284601F0F4FC15E70E2104B0D5
S3150801DF70BDE8F041FFF77CBC002100F007FE04462E
S3150801DF800021284600F0AAFE204302D0284601F0C7
S3150801DF904EFD284600F066F80646002406E0A86805
S3150801DFA0006850F8240001F042FD641CB442F6D31F
S3150801DFB0F2E60021012201F005F806B22846002101
S3150801DFC0042200F0FFFF04B20021284600F0DEFD1E
S3150801DFD007460021284600F081FE384305D142F262
S3150801DFE0D170864201D08442BFD104B02846BDE82B
S3150801DFF0F04101F01CBD688C40F002006884F4E72A
S3150801E0000021FFF7C9FA014604B04046BDE8F041D0
S3150801E010FCF742B810B50C4600B96068006868B1EB
S3150801E02001690029FAD00021E16002692146904779
S3150801E030217E0120C90700D0002010BD012010BD96
S3150801E0408068002809D0002902DA4268511803D4E9
S3150801E05043680A468B4201D800207047006850F889
S3150801E060220070478068002800D04068704770B564
S3150801E0700C46054600F114012046F7F79AFAA868F6
S3150801E080002812D02188808A081A2080A968A088C9
S3150801E090898A0844A080A9686088898A401A6080AC
S3150801E0A0A968E088898A0844E08070BD70B50C4685
S3150801E0B00546002100F0C4FD06462146284600F023
S3150801E0C057F8704202B211462046F7F713FB0021B2
S3150801E0D0284600F0B1FE2188084420800021284600
S3150801E0E000F0E6FEA188081AA0800021284600F063
S3150801E0F027FF6188084460800021284600F04EFE0B
S3150801E100E188081AE08070BD70B50446002100F068
S3150801E11017FF05460021204600F040FE064600216D
S3150801E120204600F08DFD0246204600F05AF8401BB5
S3150801E130801B514200EB410000B270BD70B5044628
S3150801E140002100F079FE05460021204600F0B0FEC8
S3150801E15006460021204600F073FD0246204601F0DE
S3150801E160E9F8401B801B514200EB410000B270BD2B
S3150801E1700A4600F114011046F7F71BBA10B54168B3
S3150801E18009B100F073F804460A48EBF71CF90EE0EA
S3150801E1900021426A05E0C36853F82130A34208D03A
S3150801E1A0491C8A42F7D801460248EBF71EF90028AE
S3150801E1B0EED110BD382701208068002805D0827E5F
S3150801E1C002F03F028A4201D800207047C06801EB7D
S3150801E1D0410100EB810070478068002800D0806803
S3150801E1E07047418BC08A081A401C00B2704770B547
S3150801E1F0064600F037F8050001D000240AE00020A1
S3150801E20070BD21462846FFF71BFFB04201D12046C3
S3150801E21070BD641C2846FFF725FFA042F1D84FF0D0
S3150801E220FF3070BDF0B4468C00240425C6F30516EC
S3150801E23013E000BFC76805EBC40C57F80C705FEA1A
S3150801E240C71C09D527F07F479F4205D1C06850F8FA
S3150801E2503400F0BC03F0D1BD641CA642EAD8F0BC78
S3150801E26000207047002800D04068704700B5014675
S3150801E270FFF7F8FF0028FAD1084600BD2DE9F04757
S3150801E280DFF8948006464446FFF7ECFE074600256C
S3150801E290DFF888A00EE0B0685146006850F82500FE
S3150801E2A0814601F07BF820B9B9F91A00A04200DBD2
S3150801E2B004466D1CBD42EED30021304600F046FEF1
S3150801E2C081460021304600F06FFD074600213046A1
S3150801E2D000F0BCFC0546444504D0708BC01B401BAE
S3150801E2E0201A04B2304600F033FC80463046FFF768
S3150801E2F078FFA0EB0900C01B694200EB4101A8EBBE
S3150801E3000101304600F0EEF8081A00B2844200DD39
S3150801E3102046BDE8F087000001E0FFFF0100040088
S3150801E320806818B1407E00F00F0070470F207047D3
S3150801E3302DE9F84F0646002100F043FC012807D0D5
S3150801E340B068002802D0008A404200B2BDE8F88FC2
S3150801E3500021304600F0B2FD00900021304600F061
S3150801E36071FD81460021304600F070FC804641F679
S3150801E370FF7A54463046FFF775FE074600250EE03C
S3150801E380B0681949006850F82500834601F006F877
S3150801E39020B9BBF91400A04200DC04466D1CBD423D
S3150801E3A0EED3544506D0B28A09EB08001044001B87
S3150801E3B004B200E00D4C304600F0D8FB0546304665
S3150801E3C000F0B8FF0099411AA1EB0901C8F1000054
S3150801E3D001EB4000291A304600F07DF8084400B2E6
S3150801E3E08442B3DD2046B1E70100040001E0FFFFE6
S3150801E3F02DE9F0470646002100F0E3FB01280AD083
S3150801E400DFF8A08030464446FFF72CFE0746002574
S3150801E410DFF894A015E0B068002801D0B0F9100023
S3150801E420BDE8F087B0685146006850F82500814676
S3150801E43000F0B4FF20B9B9F91800A04200DB044680
S3150801E4406D1CBD42EED30021304600F037FD07466C
S3150801E4500021304600F0F6FC81460021304600F0E6
S3150801E460F5FB0546444504D0308BC01B401B201ADA
S3150801E47004B2304600F07AFB8046304600F05AFF77
S3150801E480C11BA1EB0900694200EB4101A8EB01019F
S3150801E490304600F020F8081A00B28442C0DD204652
S3150801E4A0BEE7000001E0FFFF0100040080680028C4
S3150801E4B002D0007EC0F3810070478068002802D030
S3150801E4C0007EC0F3011070478068002802D0408A98
S3150801E4D0404200B270478068002802D0008A404254
S3150801E4E000B270478068002802D0408A404200B2D4
S3150801E4F070472DE9F04F91B016460C464FF0FF379D
S3150801E500054600223B46114620460097F7F70CF9C7
S3150801E51000223B46114630460097F7F705F91021C8
S3150801E520284600F034FF002816D0284600F007FBDD
S3150801E530070011D00020FDF7F3F98046022F08D015
S3150801E54010E0FDF71CFAA84209D04046FDF7E8F9A4
S3150801E5508046B8F1000FF4D111B0BDE8F08FB8F1DB
S3150801E560000FF9D02846FFF7AFFF05902846FFF7B9
S3150801E57085FE0C902846FFF7DBFE0A902846FFF732
S3150801E58037FF08902846FFF7CBFE8146002019F091
S3150801E5900C0F009014D0012F10D0032F02D0022F98
S3150801E5A007D00DE00598002808DC0C98002805DC42
S3150801E5B006E04046FDF7D4F90C2801D10120009068
S3150801E5C0002009905FEA897014D0012F10D0032F1B
S3150801E5D002D0022F07D00DE00A98002808DC089817
S3150801E5E0002805DC06E04046FDF7BAF9032801D103
S3150801E5F001200990009909980843ADD04FF4803756
S3150801E6003946284600F0DDFA012800D000200E9090
S3150801E6103946284600F09AFC06903946284600F005
S3150801E620C3FB0F903946284600F00CFC8046394654
S3150801E630284600F043FC814628460122394600F067
S3150801E640C1FC0FFA80FB2846FFF7CBFD049028464C
S3150801E65000F070FE0390009800B15846824609986A
S3150801E66000B15846109028463946212200F0AAFCE6
S3150801E670C0B2022808D228463946312200F0A2FC47
S3150801E680C0B20228FFF468AFDDE9040101440C9821
S3150801E690A027084400B20B900098002870D00B9868
S3150801E6A00028FBD0E88A7080688BF0800E9840B10C
S3150801E6B0A98A01EB08003080ABF101010844B0805A
S3150801E6C007E0298BA1EB0900B080A0EB0B00401CE9
S3150801E6D0308006990498411A0F98091A1098081A51
S3150801E6E00499009048430B9990FBF1F000B205900C
S3150801E6F00020F8F72FFC00EB8001502000EB4100C9
S3150801E700B0F5A07F0ADB0020F8F724FC00EB8001B6
S3150801E710502000EB410090FBF7F000E0012005993D
S3150801E720884201DA084616E00020F8F713FC00EBE8
S3150801E7308001502000EB4100B0F5A07F0ADB0020E4
S3150801E740F8F708FC00EB8001502000EB410090FB34
S3150801E750F7F000E00120009900B2091A0AB2049BF9
S3150801E7600B99C91A09B200290BDCE98A06980844EB
S3150801E7707080698B0F98091A1098081A401EF08044
S3150801E78090E00C9B12FB03F393FBF1F1511A069AE5
S3150801E790EB8A1144194409B2401E71800844F0807D
S3150801E7A0B5F9162006981044814238DA708000209F
S3150801E7B0F8F7D0FB00EB8001502000EB4100B0F5E3
S3150801E7C0A07F0ADB0020F8F7C5FB00EB800150208B
S3150801E7D000EB410090FBF7F000E00120B6F90210CA
S3150801E7E00844B6F90610884219DD0020F8F7B2FB8D
S3150801E7F000EB8001502000EB4100B0F5A07F0ADB59
S3150801E8000020F8F7A7FB00EB8001502000EB410040
S3150801E81090FBF7F000E0012071880844F080B5F913
S3150801E8201A201098B6F90610121A0F98101A814272
S3150801E83038DDF0800020F8F78DFB00EB80015020D1
S3150801E84000EB4100B0F5A07F0ADB0020F8F782FB58
S3150801E85000EB8001502000EB410090FBF7F000E04F
S3150801E8600120B6F90610081AB6F90210884219DA13
S3150801E8700020F8F76FFB00EB8001502000EB410008
S3150801E880B0F5A07F0ADB0020F8F764FB00EB8001F6
S3150801E890502000EB410090FBF7F000E00120F188E1
S3150801E8A0081A70800A99039801440898084400B226
S3150801E8B00490099800283FF44FAE04980028FAD02E
S3150801E8C0698B0F98081AE080A0EB0B00401C60804A
S3150801E8D0A88A2080288BA0800399A1EB0801A1EBC7
S3150801E8E00901A1EB0A00039900904843049990FB9A
S3150801E8F0F1F000B202900020F8F72CFB00EB800043
S3150801E900502606EB40004FF4A07B584509DB002052
S3150801E910F8F720FB00EB800006EB400090FBF7F0D0
S3150801E92000E001200299884201DA084613E0002036
S3150801E930F8F710FB00EB800006EB4000584509DBB1
S3150801E9400020F8F707FB00EB800006EB400090FB80
S3150801E950F7F000E00120009900B2091A0AB2DDE9D0
S3150801E9600331C91A09B2002916DCA98A0E9840B1E1
S3150801E9704144AAF1010008442080298BA1EB090032
S3150801E98008E001EB08002080298BA1EB0901A1EB26
S3150801E9900A00401EA080DFE5089B12FB03F393FBE8
S3150801E9A0F1F1511A0E9A09B2EAB3AA8A401E53180E
S3150801E9B008EB0A02991809B221800844A080B5F922
S3150801E9C014001044884233DD20800020F8F7C2FA8B
S3150801E9D000EB800006EB4000584509DB0020F8F7FC
S3150801E9E0B9FA00EB800006EB400090FBF7F000E077
S3150801E9F00120B4F900100844B4F90410884217DD5F
S3150801EA000020F8F7A7FA00EB800006EB400058450E
S3150801EA100ADB0020F8F79EFA00EB800006EB4000BF
S3150801EA2090FBF7F001E039E0012021880844A08035
S3150801EA30B4F90410B5F9182077E0A0800020F8F79A
S3150801EA4089FA00EB800006EB40005D46A84272DBBE
S3150801EA500020F8F77FFA00EB800006EB400090FBF8
S3150801EA60F7F0B4F90410081AB4F90010884292DADA
S3150801EA700020F8F76FFA00EB800006EB4000A84289
S3150801EA805BDB0020F8F766FA00EB800006EB400036
S3150801EA9090FBF7F0A188081A20805DE5AB8A41440E
S3150801EAA0194409B2401E21800844A080B5F91420F2
S3150801EAB002EB0800814232DA20800020F8F74AFA90
S3150801EAC000EB800006EB4000584509DB0020F8F70B
S3150801EAD041FA00EB800006EB400090FBF7F000E0FE
S3150801EAE00120B4F900100844B4F90410884216DD6F
S3150801EAF00020F8F72FFA00EB800006EB4000584596
S3150801EB0009DB0020F8F726FA00EB800006EB400047
S3150801EB1090FBF7F000E0012021880844A080B5F9B0
S3150801EB201820B4F90410A2EB0A02A2EB09008142EB
S3150801EB3083DC11E5FFE7012093E70120AAE7806856
S3150801EB4018B1007E00F003007047032070470000EB
S3150801EB5008B505496A46496800912C21FBF77CFAF4
S3150801EB60BDF9020008BD000068AE020808B50549EE
S3150801EB706A46096800912C21FBF76EFABDF9000077
S3150801EB8008BD000068AE0208008C704710B509225E
S3150801EB9000F018FAC0B210BD10B5092200F012FA39
S3150801EBA0C0B210BD662200F00DBA10B5502200F0B1
S3150801EBB009FA00B210BD10B5162200F003FAC0B268
S3150801EBC010BD10B5162200F0FDF9C0B210BD10B582
S3150801EBD0162200F0F7F9C0B210BD10B5162200F0E2
S3150801EBE0F1F9C0B210BD10B5162200F0EBF9C0B2AA
S3150801EBF010BD10B5162200F0E5F9C0B210BD70B50A
S3150801EC000C460546202200F0DDF902462146284633
S3150801EC10BDE87040EAF7E4BC10B5212200F0D2F94C
S3150801EC20C0B210BD10B5682200F0CCF9C0B210BD53
S3150801EC3010B5342200F0C6F9002800D0012010BD15
S3150801EC4010B5322200F0BEF900B210BD10B532225D
S3150801EC5000F0B8F900B210BD10B5322200F0B2F9D1
S3150801EC6000B210BD10B5322200F0ACF900B210BDE9
S3150801EC7010B5322200F0A6F900B210BD10B5322245
S3150801EC8000F0A0F900B210BD10B5172200F09AF9EC
S3150801EC90002800D0012010BD034A10B5528900F0A2
S3150801ECA091F9C0B210BD00001C03002010B5042262
S3150801ECB000F088F900B210BD10B5042200F082F9FF
S3150801ECC000B210BD10B5042200F07CF900B210BDE7
S3150801ECD010B5042200F076F900B210BD10B50A226B
S3150801ECE000F070F980B210BD10B50A2200F06AF979
S3150801ECF080B210BD10B5492200F064F900B210BD0A
S3150801ED0010B5062200F05EF900B210BD10B5052255
S3150801ED1000F058F900B210BD10B5602200F052F9A2
S3150801ED20C0B210BD70B50E460546FFF7F5FF0228BD
S3150801ED301AD9FF24FD2802D2C0EB0020040A0EB11D
S3150801ED40002603E02846FFF78DFA054655B13146F8
S3150801ED502846FFF7E1FF022806D9FD28F2D24443E7
S3150801ED60240AEFE7022C01D8002070BDFD2C01D33F
S3150801ED70FF2070BD204670BD10B5372200F022F97C
S3150801ED80C0B210BD10B5382200F01CF900B210BD92
S3150801ED9010B5352200F016F900B210BD10B51122D2
S3150801EDA000F010F900B210BD10B5112200F00AF9F1
S3150801EDB000B210BD10B5112200F004F900B210BD61
S3150801EDC010B5112200F0FEF800B210BD10B51122DF
S3150801EDD000F0F8F800B210BD10B5112200F0F2F8F3
S3150801EDE000B210BD10B5112200F0ECF800B210BD4A
S3150801EDF010B5112200F0E6F800B210BD10B51122C7
S3150801EE0000F0E0F800B210BD10B5152200F0DAF8EE
S3150801EE1000B210BD10B5152200F0D4F800B210BD2D
S3150801EE2010B5152200F0CEF800B210BD10B51522A6
S3150801EE3000F0C8F800B210BD10B5122200F0C2F8F1
S3150801EE4000B210BD10B5122200F0BCF800B210BD18
S3150801EE5010B5122200F0B6F800B210BD10B5122294
S3150801EE6000F0B0F800B210BD10B5122200F0AAF8F1
S3150801EE7000B210BD10B5122200F0A4F800B210BD00
S3150801EE8010B5122200F09EF800B210BD10B512227C
S3150801EE9000F098F800B210BD10B5122200F092F8F1
S3150801EEA000B210BD10B5122200F08CF800B210BDE8
S3150801EEB010B5132200F086F800B210BD10B5132262
S3150801EEC000F080F800B210BD10B5132200F07AF8F0
S3150801EED000B210BD10B5132200F074F800B210BDCF
S3150801EEE010B5132200F06EF800B210BD10B513224A
S3150801EEF000F068F800B210BD10B5132200F062F8F0
S3150801EF0000B210BD10B5132200F05CF800B210BDB6
S3150801EF1010B5132200F056F800B210BD10B5142230
S3150801EF2000F050F800B210BD10B5142200F04AF8EE
S3150801EF3000B210BD10B5142200F044F800B210BD9D
S3150801EF4010B5102200F03EF800B210BD10B510221F
S3150801EF5000F038F800B210BD10B5102200F032F8F2
S3150801EF6000B210BD10B5102200F02CF800B210BD89
S3150801EF7010B5102200F026F800B210BD10B5102207
S3150801EF8000F020F800B210BD10B5102200F01AF8F2
S3150801EF9000B210BD10B5102200F014F800B210BD71
S3150801EFA010B5102200F00EF800B210BD10B51022EF
S3150801EFB000F008F800B210BD10B5102200F002F8F2
S3150801EFC000B210BD2DE9F8438846064614460121CC
S3150801EFD0104603F029F80746002515E06B46224638
S3150801EFE041463046F4F759FB0546012827D07FB13B
S3150801EFF0022D05D0B8F1000F02D04FF0000803E04A
S3150801F0003046FFF72FF90646002EE7D1012D16D017
S3150801F010B8F1000F03D1012C05D0042C03D02046EA
S3150801F02002F09AFF0AE031680FE0012C0AD0C88A7B
S3150801F03050B161B1012C0CD0B1F9160000900098BD
S3150801F040BDE8F883888AF3E709680029EDD100202D
S3150801F050F4E7B1F91400F1E710B50B22FFF7B2FF97
S3150801F06000B210BD10B54122FFF7ACFF00B210BDCA
S3150801F07010B54122FFF7A6FF00B210BD10B5422216
S3150801F080FFF7A0FF00B210BD10B54222FFF79AFFA5
S3150801F09000B210BD10B54522FFF794FFC0B210BDEE
S3150801F0A010B54322FFF78EFF00B210BD10B54022FE
S3150801F0B0FFF788FF00B210BD70B50C46054655220C
S3150801F0C0FFF780FF024621462846BDE87040EAF769
S3150801F0D087BA5722FFF776BF5722FFF773BF572222
S3150801F0E0FFF770BF5722FFF76DBF5722FFF76ABFB9
S3150801F0F05722FFF767BF10B55822FFF763FF00B223
S3150801F10010BD10B55822FFF75DFF00B210BD10B54E
S3150801F1105922FFF757FF00B210BD10B55922FFF764
S3150801F12051FF00B210BD10B55922FFF74BFF00B2CF
S3150801F13010BD10B55922FFF745FF00B210BD10B535
S3150801F1405922FFF73FFF00B210BD10B56A22FFF73B
S3150801F15039FF00B210BD10B56A22FFF733FF00B2BE
S3150801F16010BD10B56922FFF72DFF00B210BD10B50D
S3150801F1706922FFF727FF00B210BD10B50122FFF77C
S3150801F18021FF00B210BD10B50122FFF71BFF00B227
S3150801F19010BD10B50122FFF715FF00B210BD10B55D
S3150801F1A00122FFF70FFF00B210BD10B50122FFF7CC
S3150801F1B009FF00B210BD10B50722FFF703FF00B221
S3150801F1C010BD10B50822FFF7FDFE00B210BD2DE9EE
S3150801F1D0FF4107460888ADF800004888ADF80200E7
S3150801F1E00888ADF80400C888ADF806008888ADF827
S3150801F1F0080048880C46ADF80A00A088ADF80C004E
S3150801F200E088ADF80E001D4616466946384601F0F7
S3150801F21027FE2B463246384601A901F021FE2B4628
S3150801F2203246384602A901F01BFE2B4632463846BD
S3150801F23003A901F015FEBDF90030BDF904008342AA
S3150801F24001DA1D4600E00546BDF90810BDF90C2096
S3150801F250914201DA0E4600E01646B54205DA8342C6
S3150801F26001DA1A4604E0024602E0914200DA0A4649
S3150801F2702280BDF90030BDF904108B4201DD1D461F
S3150801F28000E00D46BDF90800BDF90C20904201DDEC
S3150801F290064600E01646B54205DD8B4201DD1A46F3
S3150801F2A004E00A4602E0904200DD0246A280BDF96A
S3150801F2B00230BDF90620934201DA1D4600E01546E3
S3150801F2C0BDF90A10BDF90E00814201DA0E4600E0C9
S3150801F2D00646B54205DA934201DA184604E01046B5
S3150801F2E002E0814200DA08466080BDF90230BDF9C4
S3150801F2F006108B4201DD1D4600E00D46BDF90A00E8
S3150801F300BDF90E20904201DD064600E01646B542DB
S3150801F31005DD8B4201DD184604E0084602E090420D
S3150801F32000DC1046E080052211462046F6F7E2F990
S3150801F330BDE8FF81018B808A081A401C00B270471C
S3150801F34070B50546FEF78EFF040012D0E88AE18AF9
S3150801F350451A2046FFF7C6F8054400212046FFF75F
S3150801F360EFFD2D1A00212046FFF76AFC281A00B284
S3150801F37070BDB5F9160070BD10B50446FFF7E0FF7C
S3150801F38002462046FEF72DFF104400B210BDC069A3
S3150801F390814301D00020704701207047C0690840A9
S3150801F3A000D001207047008C084000D0012070472A
S3150801F3B0F8B514460D4606465022FFF703FE00B27D
S3150801F3C06080002810D0304629465322FFF7FAFDFF
S3150801F3D0C0B22073022807D929463046FFF7A2FC96
S3150801F3E0022802D800202073F8BDFD2804D2217B0B
S3150801F3F011FB00F0000A2073207B0228F4D952225F
S3150801F40029463046FFF7DEFD024629463046EAF729
S3150801F410E7F80090BDF800002080304629465422BE
S3150801F420FFF7D0FDA060304629465122FFF7CAFDF5
S3150801F43000B10120617B002D60F382016173D3D095
S3150801F44029463046FFF7EEFB617B60F301016173E4
S3150801F450F8BDF8B514460E4605464622FFF7B2FD35
S3150801F460C0B2E072022807D931462846FFF75AFC8E
S3150801F4700021022801D8E172F8BDFD2804D2E27AFA
S3150801F48012FB00F0000AE072E07A0228F4D9218022
S3150801F4904FF480706080288BA98A4822401A401C44
S3150801F4A000B200EBD0704010A080688BE98A401A40
S3150801F4B0401C00B200EBD0704010E080284631466F
S3150801F4C0FFF780FD10F0FF00A0720DD047223146EC
S3150801F4D02846FFF777FD024631462846EAF780F8BF
S3150801F4E00090BDF800002081002EC5D0314628467F
S3150801F4F0FFF798FB2073F8BDF8B514460D46064686
S3150801F5005622FFF75FFDC0B2A076022807D9294621
S3150801F5103046FFF707FC022802D80020A076F8BD7E
S3150801F520FD2804D2A17E11FB00F0000AA076A07E78
S3150801F5300228F4D929463046FFF7BEFD0090BDF8EA
S3150801F5400000A081304629465822FFF73BFDA082DC
S3150801F550304629465922FFF735FD6082304629464D
S3150801F5605A22FFF72FFDA17F60F30201A1773DB172
S3150801F57029463046FFF756FBA17F60F3C501A177FF
S3150801F58029463046FFF7A5FD2060304629465B220D
S3150801F590FFF718FD2077F8BDF8B514460D4606465F
S3150801F5A04E22FFF70FFDC0B22072022807D929465D
S3150801F5B03046FFF7B7FB022802D800202072F8BDB3
S3150801F5C0FD2804D2217A11FB00F0000A2072207A64
S3150801F5D00228F4D9304629464922FFF7F3FC00B23E
S3150801F5E060800028EBD04D2229463046FFF7EAFC19
S3150801F5F0024629463046E9F7F3FF0090BDF80000B8
S3150801F6002080304629464A22FFF7DCFC00B2A0805A
S3150801F61028B1304629464B22FFF7D4FCE080304614
S3150801F62029464C22FFF7CEFC08B1012100E0002152
S3150801F630607A61F38200810861F3C3006072002D6C
S3150801F640BDD029463046FFF7EDFA617A60F301012C
S3150801F6506172F8BDF8B514460D460646FFF762FB1A
S3150801F660074685B1022F09D80020E070A07684F8F4
S3150801F670220084F82A0084F83600F8BD2946304667
S3150801F680FFF7D0FAA070304629460B22FFF79AFCFD
S3150801F6902080E078002855D0304629462122FFF7F8
S3150801F6A091FCC0B2E07002284CD929463046FFF7D2
S3150801F6B0A6FA0090BDF80000A08030462946262209
S3150801F6C0FFF780FC010007D0487A400704D00A22D8
S3150801F6D0A01DFDF733FB35E0304629462322FFF707
S3150801F6E071FCE17B60F30201E173480721D02946E9
S3150801F6F03046FFF784FA0090BDF80000E080222228
S3150801F70029463046FFF75EFC024629463046E9F7A8
S3150801F71067FF0090BDF80000608130462946242223
S3150801F720FFF750FC2072304629462522FFF74AFC8E
S3150801F7302073304629462722FFF744FCE17B60F314
S3150801F740C501E173304629463222FFF73BFC00B278
S3150801F750208428B394F8220010B330462946312272
S3150801F760FFF730FCC0B284F82200022818D93046C7
S3150801F77029463322FFF726FC94F82310302260F33A
S3150801F780450184F8231029463046FFF71BFC02463B
S3150801F79029463046E9F724FF0090BDF80000E083CA
S3150801F7A029463046FFF7F4FAE084E8B194F82A00CE
S3150801F7B0D0B129463046FFF7DFFA84F82A00022835
S3150801F7C012D929463046FFF7DDFA20853622294621
S3150801F7D03046FFF7F7FB024629463046E9F700FFB0
S3150801F7E00090BDF80000A084A07E80B3304629466B
S3150801F7F02822FFF7E7FB206148B33046294629222C
S3150801F800FFF7E0FBC0B2A076022820D92069FCF7F1
S3150801F8106FF802286CD02A2229463046FFF7D2FB18
S3150801F820024629463046E9F7DBFE0090BDF800009E
S3150801F8302083304629462B22FFF7C4FBE076304663
S3150801F84029462C22FFF7BEFB00B10120207794F848
S3150801F850360070B329463046FFF728FCE08540B3E9
S3150801F86094F83600022824D929463046FFF712FCB7
S3150801F87084F8360002281CD929463046FFF7F2FBE0
S3150801F880208629463046FFF7F9FB60862946304629
S3150801F890FFF706FCA086442229463046FFF792FB6D
S3150801F8A0024629463046E9F79BFE0090BDF800005E
S3150801F8B0A085FD2FBFF4E1AE14F8030F10FB07F086
S3150801F8C0000A04F8140BE07810FB07F0000AE07050
S3150801F8D0E07A10FB07F0000AE072E07C10FB07F003
S3150801F8E0000AE074E07F10FB07F0000AE077F8BD34
S3150801F8F029463046FFF7EDFB606129463046FFF79A
S3150801F900DBFB0090BDF800002083A0E77CB5054627
S3150801F910E9F736FE044605F114016846F5F749FE8E
S3150801F920BDF800006946001BADF80000BDF80200ED
S3150801F930001BADF80200BDF804002044ADF8040030
S3150801F940BDF806002044ADF80600284600F001F887
S3150801F9507CBD7CB50C460546FEF710FCF7F768FB3F
S3150801F96000280FD021466846F5F723FE6946284642
S3150801F970FDF798FD002805D02846FEF7FFFB6946E6
S3150801F980E9F7A6FC7CBD0068002808D0017E890736
S3150801F990F9D0007E00F00300012800D0002070474E
S3150801F9A00068002809D0017E11F00C0FF8D0007EFE
S3150801F9B0C0F38100012800D00020704710B5044625
S3150801F9C00849FFF7EBFC08B1002010BD2046FEF7F9
S3150801F9D049FC0028F9D00021FFF786F90028F4D060
S3150801F9E0012010BD010006007CB50546E9F7C8FDF2
S3150801F9F0044605F114016846F5F7DBFDBDF800007C
S3150801FA006946001BADF80000BDF80200001BADF801
S3150801FA100200BDF804002044ADF80400BDF8060054
S3150801FA202044ADF806002846FDF73CFD7CBD10B51F
S3150801FA30418C41F001014184FEF718FC418C41F0EB
S3150801FA4004014184FEF79AFB4068002803D0BDE80B
S3150801FA50104003F0D7BB10BD2DE9F047994617466C
S3150801FA6088468246FEF7FEFA0646002523E000BFD1
S3150801FA70DAF80800B9F1000F006850F8254005D0FA
S3150801FA804FF480212046FFF782FC98B9A18A00230A
S3150801FA9001EB0800A082E08A3A463844E082218BCD
S3150801FAA001EB08002083608B414638446083204679
S3150801FAB0FFF7D2FF6D1CB542DAD3BDE8F0872DE911
S3150801FAC0FF47456816460F4604469DB3002128465A
S3150801FAD0FFF7B2F9804600212846FFF731FA814639
S3150801FAE04FF480212046FFF752FC48B1A98A07EB5B
S3150801FAF00800084407B2E98A06EB0900084410E041
S3150801FB002846FEF7E8FCAA8A02EB0801081A3844D7
S3150801FB1007B22846FEF7E6FCEA8A02EB0901081A4B
S3150801FB20304406B200212846FFF78AF839183044CE
S3150801FB300FB206B2A08A381A07B2E08A301A06B29C
S3150801FB400FB9002E40D02046FFF7E0FE02A9204655
S3150801FB50FEF70EFB4FF0000875B169462846FEF719
S3150801FB60A5FA0022694602A8E8F797FF5FEA0008A6
S3150801FB7002D1284600F070FEA08A32463844A08297
S3150801FB80E08A39463044E082208B002338442083BA
S3150801FB90608B304460832046FFF75EFF8DB12246B5
S3150801FBA022212846FAF758FA2046FFF7AFFE002227
S3150801FBB0694604F11400E8F770FFB8F1000F07D1A0
S3150801FBC004E02046FFF7A2FEBDE8FF870028FBD028
S3150801FBD0284600F041FEF7E770B50C00064604D545
S3150801FBE0FEF740FBFEF73EFA04443046FEF7FFFAFD
S3150801FBF002463046FEF736FB0546002C2DDBFEF79E
S3150801FC0031FAA04229DD944227D015DA6FF00301B3
S3150801FC10A24214DDA86801EB82030068C35840F8C4
S3150801FC202230521EF4E7A86801EB82030068C35824
S3150801FC3040F82230521C00E00421A242F3DBA868F6
S3150801FC4000222221006840F824602846FAF704FABF
S3150801FC502846BDE87040FFF759BE70BD2DE9F04151
S3150801FC600D460646FEF729FCA0B93046FEF72CFCE0
S3150801FC7004463046FEF702FB00280BDA002C09DDA4
S3150801FC804042844200DB044622B22B46002130461C
S3150801FC9000F08AFC3046FEF709FC002825D13046DB
S3150801FCA0FEF746FB04463046FEF7A2FB074600214F
S3150801FCB03046FEF786FF01280BD0002F15DA002CF7
S3150801FCC013DD7842844200DB044621B22B4600222A
S3150801FCD006E0002C09DA002F07DD2B460022214613
S3150801FCE03046BDE8F04100F05FBCBDE8F0812DE982
S3150801FCF0F047894686B00446866802A94846FEF753
S3150801FD0037FA4846E9F73CFC0146024602A8F5F7E8
S3150801FD10F1FC02AA314604A8E8F797FE4FF400253C
S3150801FD200DF1100A20B929464846FFF730FB98B16C
S3150801FD304FF00108224614214846C4F808A0FAF7EC
S3150801FD408BF9224615214846FAF786F922461621E5
S3150801FD504846FAF781F901E04FF000082946484676
S3150801FD60FFF715FB20B1306800907068019006E036
S3150801FD7009F1140231466846E8F767FE90B1C4F8FE
S3150801FD8008D04846FEF76EF90746002508E0D9F877
S3150801FD900800006850F82510204605F053F96D1C37
S3150801FDA0BD42F4D3B8F1000F10D0224617214846B8
S3150801FDB0C4F808A0FAF750F9224618214846FAF776
S3150801FDC04BF9224619214846FAF746F9A66006B0C4
S3150801FDD0BDE8F0872DE9F14F82B00298FFF7EEFDF5
S3150801FDE000287CD10298FEF73DFA0090002102987E
S3150801FDF0FFF7E1F9824600210298FFF7E2F9074683
S3150801FE00009868B1FEF79AF981460098FEF77CF9E1
S3150801FE100546CAF341304FF0640B012803D012E0BE
S3150801FE203A46514692E02AF4C040B0F5FA6F0ADC28
S3150801FE30B0F57A7F01DDC0F57A7000FB09F090FB19
S3150801FE40FBF00FFA80FAC7F3413001280DD127F4E8
S3150801FE50C040B0F5FA6F08DCB0F57A7F01DDC0F570
S3150801FE607A70684390FBFBF007B200216B22029877
S3150801FE70FFF7A8F806B200216C220298FFF7A2F84C
S3150801FE8002B20298FFF756FA80460298FEF7A9F9D8
S3150801FE900446C6F3413001280ED126F4C040B0F518
S3150801FEA0FA6F09DCB0F57A7F01DDC0F57A7000FBDF
S3150801FEB008F090FBFBF006B2C2F3413001280DD1E0
S3150801FEC022F4C040B0F5FA6F08DCB0F57A7F01DD9F
S3150801FED0C0F57A70604390FBFBF002B200E055E092
S3150801FEE00AEB060006B2B81807B200210298FEF717
S3150801FEF053FE50B1012827D0801E082824D2DFE8F6
S3150801FF0000F00B13202B3318383B00210098FEF71D
S3150801FF1052FE012808D017E009EBD971491008EB00
S3150801FF20D870A1EB600001E0A9EB0800304406B2E5
S3150801FF300AE005EBD570401004EBD471A0EB610023
S3150801FF4000E0281B384407B23A463146029803B006
S3150801FF50BDE8F04FFFF7B3BD09EBD971491008EBBE
S3150801FF60D870A1EB600001E0A9EB0800304406B2A5
S3150801FF70E7E7A9EB080006E009EBD971491008EB98
S3150801FF80D870A1EB6000304406B2D2E7BDE8FE8F17
S3150801FF902DE9F04F0446408C87B0010501D540058F
S3150801FFA07ED42046FEF75EF95FEA000878D020463F
S3150801FFB0FEF7BEF90190608C002600054FF4FA6B36
S3150801FFC042F2D17A03D52046FFF7B4F95DE0002164
S3150801FFD02046FFF7D2F80546504501D1012600E033
S3150801FFE00026C5F34130012805D125F4C0405845FE
S3150801FFF001DC012000E0002081464046FEF79EF81C
S31508020000074626B12046EAF7D7FC05462BE0B9F1A2
S31508020010000F28D0B8F82200000518D4002140465F
S31508020020FFF7ABF8504512D100212046FEF708FE2D
S31508020030054600212046FEF7FFFE00EB05090021D2
S315080200402046FEF735FF411901EB09000AE025F4BF
S31508020050C040B0F57A7F01DDC0F57A707843642135
S3150802006090FBF1F005B2204600210222FEF7AAFF14
S315080200700FFA80F9204600210322FEF7A3FF02B2F7
S315080200803B4649462846F6F7ECFB07462046FEF766
S315080200901BFA0090608C4FF00009400505D500E078
S315080200A06BE02046FEF79DF853E000212046FEF756
S315080200B0FDFDA0F51C510546D13906D00020814622
S315080200C0C5F34130012802D007E00120F7E725F4FD
S315080200D0C040584501DC012000E000208346404626
S315080200E0FEF712F88246B9F1000F04D02046EAF765
S315080200F0F1FB05461BE0BBF1000F18D0B8F8220049
S31508020100400507D400214046FEF7D0FDA0F51C5154
S31508020110D13936D025F4C040B0F57A7F01DDC0F575
S315080201207A7000FB0AF0642190FBF1F005B22046D2
S3150802013000210522FEF746FF0FFA80FB2046002122
S315080201400622FEF73FFF02B2534659462846F6F7FD
S3150802015053FB054656EA090605D0DDE900210023C8
S31508020160204600F022FB2046FFF7E4F8B8421BD1EE
S315080201702046FEF736F8A84216D1002007B0BDE899
S31508020180F08F00212046FEF75BFD0546002120463A
S31508020190FEF7D6FE00EB050B00212046FEF7FEFD14
S315080201A0411901EB0B00C1E72046FFF7AFFB02A995
S315080201B02046FDF7DDFF04A94046FDF777FF00223A
S315080201C004A902A8E8F769FC060002D1404600F035
S315080201D043FBE08A6D1E2844608300212046FEF711
S315080201E0EAFC01281CD0A08A7F1E3844208302AA72
S315080201F029212046F9F730FF224622214046F9F7FF
S315080202002BFF2046FFF782FB608C002240F002009B
S31508020210608404A904F11400E8F73FFC36B904E047
S31508020220208BC01B401CA082E1E710B1404600F0BB
S3150802023013FB204600F002F801209FE738B5044672
S31508020240E9F79EF905460020ADF800006A46132133
S315080202502046F9F701FFBDF90000A84202D0204660
S31508020260FFF754FBA06818B1BDF80010C18209E077
S31508020270BDF8000030B12046FDF7F6F8A168BDF8D2
S315080202800000C882BDF90000A84202D02046FFF746
S315080202903DFB38BD70B505460021FEF76EFF0446E4
S315080202A000212846FEF702FD42F2D1718C4203D0A4
S315080202B0884201D0002070BD2846FFF7B8FB01200E
S315080202C070BD00002DE9F84F0446514890460D4688
S315080202D00078002870D02046FFF718FB05F47F0542
S315080202E00421404601F0A0FE06460221404601F0DE
S315080202F09BFE81460121404601F096FE00901021A0
S31508020300404601F091FE07464FF6FF7BEEB1B5F582
S31508020310702F12D08DB1204600210422FEF752FE1C
S3150802032000B242F2D17A504507D020460021012276
S31508020330FEF748FE00B250454DD100222A2120463A
S31508020340F9F78AFE2046FFF772FB4FF4702A5545E5
S3150802035000D085BBD84500D02EB12046FDF782FFD6
S3150802036008B1FFF764FB554500D025BB1FB32046ED
S3150802037000216E22FEF726FE00B240B92046002171
S315080203806D22FEF71FFE00B2B0F5807F01D002276C
S3150802039014E0204600216122FEF714FEC0B2FF28AF
S315080203A007D1204600216822FEF70CFE10F0FF0F47
S315080203B003D0012702E00EE028E00027A06820B15A
S315080203C0817E67F38711817605E027B12046FDF71E
S315080203D04BF8A068F4E75F46B84502D0B9F1000FBA
S315080203E002D02046FFF72AFF2046FFF78FFAB845C4
S315080203F004D0009949EA0600084207D0B5F5803FBD
S3150802040004D02046BDE8F84F05F0E4B8BDE8F88FF9
S31508020410F80200202DE9F04104460E46408C0021E0
S3150802042015460423C0F305100BE000BFE26803EB90
S31508020430C107D259D70103D522F07F42AA4202D078
S31508020440491C8842F2D8884202D10020BDE8F081D0
S31508020450E06850F83100314601F020FE28B13246F4
S3150802046029462046FFF72EFF01E00028EED001209C
S31508020470ECE72DE9F05F4FF6FF7A0F0005461FFA03
S3150802048082F802F47F09564602D0F87900B90026A6
S315080204900024214659E0EA68042000EBC40B96467C
S315080204A052F80B00C0F307424FEA024C524683B297
S315080204B0904501D0434509D1B9F5702F01D0CC45F5
S315080204C004D12FB15EF83430BB4201D0641C3CE043
S315080204D0800104D500234946284608F095FBE868BA
S315080204E050F80B10CA0101D489010CD550F8340012
S315080204F001F033FEE86850F83400FCF7E3FBE968DC
S31508020500002041F83400204608220AE0E96802EB96
S31508020510C00C01EBC0036144401CD1E900C1C3E928
S3150802052000C1698CC1F30511491E8142EED8688C57
S315080205300109491E61F309106884C0F30510C10058
S31508020540E868FCF7E3FB0121E860688CC0F3051054
S31508020550A042A0D8002908D0002E06D03246494625
S315080205602846BDE8F05FFFF7ADBEBDE8F09F000084
S3150802057070B506460B480078002812D000200CE019
S31508020580002506E0E06850F82510304605F0FFF829
S315080205906D1C606AA842F5D82046F6F713FD0400DA
S315080205A0EED170BDF80200202DE9F0411646074645
S315080205B092B00D4651EA06007AD0012B1DD03E496B
S315080205C03846F4F7B1FA3D493846F4F7ADFA00224F
S315080205D009213846F9F740FD012869D132462946EC
S315080205E03846E8F7D9FF012862D112B03846BDE885
S315080205F0F04100220A21F9F72FBD3846FDF7BEFD64
S3150802060080466846F4F7E2FA2D484FF4C874009714
S3150802061003902DB34046F6F7AFFC40102A46002158
S31508020620F4F725FBC82801D2C82002E0A04200D967
S3150802063020460B903846FDF74EFF4142281A08918C
S31508020640CDE909101D4801901E4807906A460921FE
S315080206503846F9F701FD01282AD16846F4F714FB52
S31508020660002E25D04046F6F7CDFC40103246002132
S31508020670F4F7FDFAC82801D2C82002E0A04200D940
S3150802068020460B903846FDF72DFF4142301A089155
S31508020690CDE90910084801900A4807906A460921D7
S315080206A03846F9F7D9FC012802D16846F4F7ECFA7C
S315080206B012B0BDE8F0810000755C02085D5C0208B4
S315080206C047590208014C01082DE9F04715468246AA
S315080206D099460C4651EA050065D0504600F0F0FBF3
S315080206E05046FDF7F8FE40420FFA80F808EB040080
S315080206F004B200215046FEF764FA012813D0002CF2
S3150802070013DC25DA5046FDF713FE06465046FDF77A
S315080207106FFE304400B2002800DA002040428442CC
S3150802072016DA04B214E0002C02DA4FF000040FE0E5
S315080207300EDD5046FDF7FCFD06465046FDF758FE0F
S31508020740304400B2002800DA0020844200DD044664
S315080207505046FDF7C7FE404206B2701905B2002D93
S3150802076002DD4FF0000510E00FDA5046FDF7ACFE49
S3150802077007465046FDF782FD384400B2002800DAE3
S3150802078000204042854200DA05B2A4EB080001B215
S31508020790A81B02B251EA020005D04B465046BDE8F4
S315080207A0F047FFF701BFBDE8F08770B516461D464C
S315080207B004461A4600F024F82A4631462046BDE881
S315080207C0704000F033B8F8B50E46044600F078FBE0
S315080207D0002000902046FDF745FD054604F1140762
S315080207E00AE033466A462146384605F0B9F82C46E9
S315080207F02046FDF737FD0546002DF2D1F8BD00006B
S3150802080070B50D46144606460749F4F78DF9304683
S31508020810FDF761FE401B01B223463046BDE8704033
S315080208200022FFF751BF00005D5C020870B50D4655
S31508020830144606460749F4F777F93046FDF752FE9D
S31508020840401B02B223463046BDE870400021FFF73E
S315080208503BBF0000755C02081FB5044602AA69463A
S31508020860FDF747FE6846F4F719FF20B902A8F4F720
S3150802087015FF002810D06846F4F710FF18B169462C
S315080208802046FFF766F802A8F4F708FF002803D007
S3150802089002A92046FFF75DF81FBD70B50D4604464E
S315080208A0FCF7E2FDA068858270BD38B50C460546A0
S315080208B000236A460421FDF7B5FC012807D0002863
S315080208C004D100222146284600F0CBF938BD00980B
S315080208D0A042F6D138BD2DE9F0410C4615461F4611
S315080208E006461946F2F7B8FD2A46214601F0ECFCFF
S315080208F0224639463046BDE8F041FFF7E3BC70B5FB
S31508020900064640680C46002863D0002C61D0304663
S31508020910FEF7FCFF2046FCF7A7FD30467568FDF793
S3150802092066FC0146042207E0A86802EB8103006818
S31508020930C35840F82130491C2846FDF793FB801E10
S315080209408842F1DAA9684868401E4860A96805D055
S31508020950820008681146FCF7D9F903E00868FCF733
S31508020960B1F90020A9680860A1684868401C486077
S31508020970A26881001068FCF7C9F9A16808602046D8
S31508020980FDF770FB6FF0030101EB8000A1680968AF
S315080209900E5028467460FFF75FFF3246222128462A
S315080209A0F9F75AFB002224212846F9F755FB324665
S315080209B022212046F9F750FB002223212046F9F787
S315080209C04BFB3046FFF733F83046BDE87040FEF77A
S315080209D09DBF70BD70B51546044600F010FA29464B
S315080209E02046BDE8704000F020BA70B50C460546B0
S315080209F0FCF73AFDA868017E01F00302A24207D07D
S31508020A0064F3010101762846BDE87040FEF77EBF11
S31508020A1070BD70B51546044600F0DBF92946204636
S31508020A20BDE87040FFF741BF2DE9F34F8FB081460D
S31508020A30008C109988427DD00490A9F82010484667
S31508020A40109A0499E8F78AFE5FEA000872D04FF412
S31508020A5020742046FCF7D8F821460390FCF740FAA2
S31508020A600024204672E000BFD9F80C00042200EBED
S31508020A70CA0102EBCA050A91405920F07F4000F0EC
S31508020A80EDF90590D9F80C00405920F07F4000F0A6
S31508020A90E2F9069010990598884355D10A98406854
S31508020AA0800151D40A980BAA6721006801F0A8F9B7
S31508020AB0012849D100270B9D40E000261EE000BF11
S31508020AC0039806EB860100EB81010E91D1F804B07A
S31508020AD0584600F0C3F90890584600F0BCF9296850
S31508020AE031F817200E9909898A4206D10699884251
S31508020AF003D105990898884202D2761CA642DFD30A
S31508020B00A6421AD1039A04EB8400A98922F8201076
S31508020B10039A298A02EB80004180A968C160296884
S31508020B2031F817100181696801610A99496821F04B
S31508020B307F4100E04DE0641C41607F1C286830F864
S31508020B40170008B1202CB8D30AF101008246B9F879
S31508020B502200C0F30511514501D9202C84D3002562
S31508020B6010E000BF039805EB850100EB810670686B
S31508020B7000F071F9014600964846109B049AE8F778
S31508020B804FFD6D1CA542EDD30398FCF789F8B8F121
S31508020B90010F0ED0B8F1030F11D0B8F1020F18D118
S31508020BA04846FEF7B3FE11B04846BDE8F04FFFF7D8
S31508020BB045BB11B04846BDE8F04FFEF7A7BE11B0D7
S31508020BC04846BDE8F04F4FF6FF724FF47021FFF723
S31508020BD079BB11B0BDE8F08F13460A460921FFF723
S31508020BE07ABE07B481B01346BDF80810ADF80010F6
S31508020BF0009A202104B0FFF76EBE13460A46232147
S31508020C00FFF769BE13460A462921FFF764BE134653
S31508020C100A462B21FFF75FBE13460A462121FFF734
S31508020C205ABE07B481B01346BDF80810ADF80010D5
S31508020C30009A302104B0FFF74EBE13460A46312108
S31508020C40FFF749BE13460A463321FFF744BE134649
S31508020C500A463221FFF73FBE13460A461721FFF717
S31508020C603ABE13460A460421FFF735BE13460A461C
S31508020C704621FFF730BE13460A464821FFF72BBE28
S31508020C8007B481B01346BDF80810ADF80010009AF3
S31508020C904D2104B0FFF71FBE13460A464E21FFF741
S31508020CA01ABE13460A464C21FFF715BE13460A46D4
S31508020CB04921FFF710BE13460A466021FFF70BBE0D
S31508020CC070B514460D46064600F016F82246294621
S31508020CD0304600F016F822462946304600F016F845
S31508020CE0224629463046BDE87040AFF300801346D7
S31508020CF00A461121FFF7EFBD13460A461221FFF7EE
S31508020D00EABD13460A461321FFF7E5BD13460A460E
S31508020D101021FFF7E0BD13460A460B21FFF7DBBD9C
S31508020D2007B481B01346BDF80810ADF80010009A52
S31508020D30442104B0FFF7CFBD13460A464121FFF707
S31508020D40CABD13460A464221FFF7C5BD13460A46DF
S31508020D504521FFF7C0BD13460A464321FFF7BBBD2F
S31508020D6013460A464021FFF7B6BD13460A465B21DB
S31508020D70FFF7B1BD07B481B01346BDF80810ADF848
S31508020D800010009A552104B0FFF7A5BD13460A467E
S31508020D905721FFF7A0BD13460A465821FFF79BBD08
S31508020DA013460A465921FFF796BD13460A465621A7
S31508020DB0FFF791BD13460A460121FFF78CBD13467C
S31508020DC00A460721FFF787BD13460A460821FFF799
S31508020DD082BD38B50C46054600236A460121FDF751
S31508020DE021FA012807D0002804D1002221462846E4
S31508020DF0FFF7E0FF38BD0098A042F6D138BD38B5F6
S31508020E000C46054600236A460721FDF70BFA012818
S31508020E1007D0002804D1002221462846FFF7CFFF33
S31508020E2038BD0098A042F6D138BD38B50C460546FD
S31508020E3000236A460821FDF7F5F9012807D000289C
S31508020E4004D1002221462846FFF7BEFF38BD009886
S31508020E50A042F6D138BD00F47F00704780B27047D1
S31508020E602DE9F0411E4615468846070025D0E8F7C3
S31508020E708DFB022813D000249EB13DB13846FDF7FA
S31508020E80F1F933462A464146FFF7EAFF002C14D009
S31508020E90324641463846BDE8F04107F009BF01240B
S31508020EA0EAE724B132464146384607F001FF002DEB
S31508020EB003D03846FDF7D6F9D7E7BDE8F08100003A
S31508020EC070B50B4D2978002911D101212970FDF73A
S31508020ED0CDF9044606E000BF20F0040060842046EF
S31508020EE0F3F710FC608C4107F6D40020287070BD19
S31508020EF0F002002008B5132802D209B1042905D93F
S31508020F00F5F7F8FC0090BDF8000008BD044A491E32
S31508020F10C9B202EBC00000EB4100008808BD000020
S31508020F205899040808B5132802D209B1052905D922
S31508020F30F5F7E0FC0090BDF8000008BD054A491E19
S31508020F4000EB8000C9B202EB400000EB41000088CA
S31508020F5008BD00009A98040808B5132805D3F5F7C2
S31508020F60C9FC0090BDF8000008BD024901EB40002B
S31508020F70008808BD74980408002801DAC0F57A705A
S31508020F8040F4005000B270472DE9FE4F17460C0098
S31508020F9005461E4602D1B7F5807F73D02888318868
S31508020FA0401A01B2298068887288801A00B268805D
S31508020FB0002C69D0DFF80CB1DBF80000A04244D05F
S31508020FC02046B4F5616F01DDA4F56160002801DAF7
S31508020FD000F561600A2190FBF1F8C8F1000101EB06
S31508020FE0810100EB410908F1010A0FFA88F002F0C3
S31508020FF01BFA02900FFA8AF002F016FA08F15A0161
S31508021000019008B202F010FA0AF15A01009008B2E9
S3150802101002F00AFA03460298C9F10A0808FB00F127
S315080210200198009A00FB09110A2091FBF0FC08FBC3
S3150802103002F103FB09120A2192FBF1F14FEA6C1243
S315080210404911CBE90121CBF80040B5F90010B5F9F1
S315080210500200B7F5807F21D0DBF80820DBF80430E0
S3150802106002FB01F403FB1044B6F800C07C434B4371
S315080210700CEBA4442C8002FB00307188784301EB08
S31508021080A0406880BDE8FE8F3288794302EB2121B1
S3150802109029805988784301EB2020F2E7DBF80830EB
S315080210A0DBF8042003FB01F402FB104437884A43A9
S315080210B007EBA4242C8003FB0020718801EBA020F7
S315080210C0DFE70000BC03002010B5B0F90420B0F930
S315080210D000304088D21A02EBD27252100C8813449E
S315080210E049881044E31A081A12FB02F113FB03F2A9
S315080210F010FB0020884201D8012010BD002010BD37
S3150802110010B5E5F7EDF80D4A4FF4C853A2F5485164
S31508021110A1F11C00F5F711FE0948F5F71DFE08486E
S315080211204FF4A0710180F0214180064941610649C8
S31508021130C160BDE81040F5F739BE000078F300201B
S31508021140782501205DBE00085CC100202DE9FC411E
S315080211500E46002507462A461431E7F79EFC002864
S3150802116026D001213046FEF712F900BB3046E8F7D1
S315080211700DFAE0B900208DF800006A4612213046C1
S315080211800197F8F769FF9DF8000002280FD030464C
S31508021190FCF768FF401E04000ED4B068006850F8D9
S315080211A024103846FFF7D2FF050009D102E00020D5
S315080211B0BDE8FC81641EF0D59DF8000000B93546ED
S315080211C02846F5E72DE9FC410025DFF8B4804FE013
S315080211D0294491F83011E9BB002441E0011991F83C
S315080211E03011C1BBA5423AD000EBC40100EBC500E1
S315080211F030303031E7F7A5FC68B37068B04600EBCB
S31508021200C40200EBC501684630313032E7F798FD73
S315080212106846F4F743FA0646D8F8040000EBC50018
S315080212203030F4F73BFA0746D8F8040000EBC4005E
S315080212303030F4F733FA3844864210D2D8F804002C
S31508021240464600EBC50069463030F4F7BBF9012083
S31508021250716801E00BE002E0214481F83001641C68
S31508021260D8F804004646B0F85011A142B6D86D1C0B
S31508021270D8F80410B1F85021AA42A9D8BDE8FC81D1
S31508021280FC02002010B50446F3F7EEFC34B16068A0
S3150802129000280ED0BDE81040E7F774BD002004E030
S315080212A0606808B1E7F76EFD2046F5F78BFE040085
S315080212B0F6D110BD10B591F82A000C4620F00100AF
S315080212C081F82A0000208884C884088510212046CF
S315080212D0FCF794FA4FF400712046FCF78FFA214680
S315080212E00548FCF7DDF9FCF74FFA2046BDE8104041
S315080212F0002202A100F00AB9389C04084F707469EA
S315080213006F6E20310A4F7074696F6E20320A4F7001
S3150802131074696F6E20330A4F7074696F6E20340ACF
S315080213204F7074696F6E203500000000F8B50E46DE
S315080213305648FCF76FFE01282ED13046F8F74CFEC8
S3150802134005463046F8F786FE04462C2D1CD02A2D73
S3150802135023D0292D2DD0012D2DD0022D37D0082DA1
S3150802136050D0032D4ED00E2D50D00F2D5DD00D2D01
S3150802137066D0132D7CD0152D01D0182D0CD13046F0
S31508021380BDE8F840EEF72DB83046F8F761FE054697
S315080213902046F2F705FB2880F8BDF2F75AF818B18D
S315080213A000222A21F8F758FE2046FEF773FF00218D
S315080213B041E0002140E0A06A20F400312046A16203
S315080213C0F2F747F8BDE8F8403149F3F7ADBBFAF74B
S315080213D0A1FA6946FAF7E4FABDF802000028DBD05A
S315080213E02046F2F736F80546FDF7AAFFBDF80210C1
S315080213F0084401B22846FFF718FDA06A40F40030F7
S31508021400A062F8BDBDE8F84004F004B9FCF7E4FEB2
S31508021410F9F75AFA0546FAF77DFAFAF7BCFA0428F2
S3150802142000D115B1E08C2085F8BDE18C208D814272
S31508021430FAD0E08401212046BDE8F84003F050BF07
S315080214403046F8F705FE0078132812D0122810D075
S31508021450142801D01128E7D1E08C0028E4D0258D84
S31508021460401E81B20122204600F0BBF82585F8BD50
S3150802147006E0E08CA18C401C8842F8D2258DF0E764
S31508021480F1F7E7FFBDE8F840FEF7D8BE1C9C040852
S31508021490E15D020870B50E460846F8F79DFD04465A
S315080214A0152805D031461848FCF7B4FD012823D182
S315080214B03046F8F7CFFD0546132C08D0292C1CD048
S315080214C0152C19D13046BDE87040ECF731BE3046CE
S315080214D0F8F7BEFD04462846FCF7C4FEF2F760FAA2
S315080214E006462846FDF726FF0246B4F90000B11A59
S315080214F0884200DC0846208070BDFCF7B3FEBDE8D2
S315080215007040002103F0ECBE389C04082DE9F84F20
S3150802151015465FEA010904460DD02046F1F799FF00
S315080215204FF0000B0090A4F826B0A4F828B0A4F84F
S3150802153024B0584606E0FEE70A2902D1A18C491CC6
S31508021540A184401C19F800100029F5D1A08C401C72
S31508021550A08494F82A00DDB340F0010184F82A1029
S315080215604846DFF733F9471CC7EBC7008246FBF745
S315080215704BFB06460025A0F1010800BF07FB0560E4
S315080215804946DFF7FFF86D1C07FB05F10A20EDB2A5
S3150802159001F80800072DF1D30AEB060101F801BC90
S315080215A031460098FBF766F93046FBF779FBA08CC3
S315080215B000EB4001E184C0EBC000A0842046F2F7AC
S315080215C0EFFBE08C20850098BDE8F84FFEF736BEA3
S315080215D020F0010084F82A0049460098FBF74AF9E8
S315080215E0EFE7F0B490F82A30DC07838C1ED0072484
S315080215F0B3FBF4F4C58CA142B5FBF4F716D207FB8C
S315080216001455AEB20FFA86FCACEB0105002D01DCCF
S31508021610A1EB0C05B5EB540F05D90D468E4201D93F
S31508021620291900E0291B04FB071189B28B4200D84D
S31508021630591EC1840185F0BC114603F051BE10B58E
S31508021640F5F782FCBDE81040F5F7C6BC2DE9F04770
S31508021650A6B09946154688460646DDF8B8A0FCF7B0
S315080216608DFD0446FFF7EBFF0746B04275D0A06929
S31508021670B04272D0B8B10021F3F756FA00221146E9
S31508021680A069FFF7A7F900226021A069FEF7C2FE4A
S3150802169094F82800800702D53846FCF74BF9A0696A
S315080216A0074604F026F9A661606938B194F828104D
S315080216B0890703D5FCF73EF9002060614046B8F178
S315080216C00A0F55D00B2853D00C2851D00D284FD0CD
S315080216D0B8F10E0F4CD0002194F8280061F30000EF
S315080216E06AF3410084F8280000213046F3F71CFA11
S315080216F0FFF7A5FF0021F3F717FA00221146304635
S31508021700FFF768F9FFF79BFF00221146FFF762F918
S31508021710002260213046FEF77DFEFFF790FF002289
S315080217206021FEF777FE55EA090023D014A8F3F7DD
S315080217304DFA56481690564814961790C9F100065F
S31508021740CDE91F5603A8F3F741FA2069CDE90E56EB
S315080217500390B8F10F0F26D200E014E0DFE808F094
S31508021760161A242A3037475B6C7D8240516476000C
S315080217700121B1E7304604F0BCF8BAF1000F02D0F5
S315080217803846FCF7D7F826B0BDE8F08741481590E9
S31508021790002004E03F4815902046F5F7EDFB0021AE
S315080217A01C90CDE91D0164E03A4815902046F5F7EC
S315080217B0E3FB0AE0384815902046F5F723FCEEE7E6
S315080217C0354815902046F5F71DFC4042E7E73148B3
S315080217D015902046F5F7D0FB00211C90CDE91D0196
S315080217E02C48049000252046F5F7C6FB22E0294836
S315080217F015902046F5F7C0FB404200211C90CDE922
S315080218001D012448049000252046F5F7B5FBCDE9CD
S315080218100C500B952DE0204815902046F5F7F2FB63
S3150802182000211C90CDE91D011B4804900025204685
S31508021830F5F7E8FB4042EAE7174815902046F5F720
S31508021840E1FB404200211C90CDE91D01124804909B
S3150802185000252046F5F7D6FBD9E710481590002053
S31508021860FF219DE70D480490FF2000210B90CDE94A
S315080218700C01002225213846F8F7EEFB14A8F3F7E7
S3150802188003FA03A8F3F700FA7DE70000CF58020827
S3150802189079580208D55D0208DB5D02087F40020816
S315080218A070B50020086791F874000C4620F0030012
S315080218B081F874004FF440712046FBF79FFF102110
S315080218C02046FBF79BFF0020F5F744FB502505EB66
S315080218D0C000B0F5A07F08DB0020F5F73BFB05EB5F
S315080218E0C000A02190FBF1F000E0012001B22046E1
S315080218F0BDE87040FEF7D1BF2DE9F34F83B0FE482D
S315080219000499FCF787FB012852D10498F8F764FB7F
S3150802191005460498F8F79EFB044600F065FA064663
S31508021920112D17D0012D46D0022D78D0082D77D04B
S31508021930032DFCD00E2D74D0292D73D0132D72D001
S315080219400D2D71D0152D33D1049805B0BDE8F04F91
S31508021950ECF72CBB0498F8F77BFB0546A06810B198
S31508021960B0F9147000E0002704F168016846F3F73D
S3150802197071FE3A4611466846F3F7BCFE00226846EF
S315080219802968E7F74AF92871002811D1022E0FD1E2
S3150802199004F160016846F3F75DFE3A461146684669
S315080219A0F3F7A8FE002268462968E7F736F9287190
S315080219B005B0BDE8F08F2046FDF7A8FF94F874003D
S315080219C040F0010184F874109EB1012E11D0022E46
S315080219D0EED1F9F79FFF6946F9F7B2FF2046FDF700
S315080219E0A9FC05462046FCF7FCFB854204DB0125DB
S315080219F003E004F1240042E0002500212046FDF719
S31508021A00F2F8DDB30128BDF900000ED0B4F96C1066
S31508021A108842EEDCB4F9601088423EDB0DE069E0EC
S31508021A20F2E024E131E136E1A6E1B4F96810884230
S31508021A30DFDBB4F9641088422FDCB4F96400B4F928
S31508021A406010401A00EBD07001EB6002BDF900107D
S31508021A50501A002800DC881A02B2B4F96C30B4F9BC
S31508021A6068001B1A03EBD37300EB6303581A0028AA
S31508021A7000DCC81A00B290422CDB33E003E0206790
S31508021A8096E7207194E7BDF90200B4F96A309842E4
S31508021A90AFDBB4F96620904202DD04F13000EEE7CE
S31508021AA0B4F96210521A02EBD27201EB6202111AEF
S31508021AB0002900DC811A0DB2B4F96E10C91A01EBBD
S31508021AC0D17103EB6102111A002900DC811A08B2EE
S31508021AD0A84207DA04F1240044F8700F207920F0AE
S31508021AE00200CEE704F1300044F8700F207940F086
S31508021AF00200C6E7206F0028C2D0F9F70BFF054699
S31508021B00F9F749FF0128BBD169462846F9F718FFB4
S31508021B10D4E90A010F1A2046F2F72CFB00284FF0E7
S31508021B200001204634D0FDF7ABF980460021204655
S31508021B30FDF7E2F906462046FDF7FCFBA0EB080096
S31508021B40801B05B200212046FDF74DF8012818D062
S31508021B50B4F91420BDF9001002EB0800081A7843FC
S31508021B6005EBD57100EB610090FBF5F0A16A256FD4
S31508021B700844D4E90A2104F130039D4224D1616A5A
S31508021B8023E0B4F91800BDF90010801B401AE6E7F5
S31508021B90FDF700FA064600212046FDF723F9054619
S31508021BA02046FCF71EFB401BB4F91A10801BBDF930
S31508021BB002202944511A00B2794300EBD072C1EBD4
S31508021BC0620191FBF0F0D1E7226B884201DA064600
S31508021BD000E00E46964201DA114602E0884200DA31
S31508021BE001462868884287D09D424FF00102204666
S31508021BF002D1F3F7F3FE01E0F3F715FF00221C21E9
S31508021C002046F8F729FAD3E694F8740020F0010181
S31508021C1084F87410002120462167FDF777FE2046D6
S31508021C20FCF7DAFA0646F8F74FFE0546F9F772FEAA
S31508021C30F9F7B1FE0428E6D1002DE4D0204600F0DB
S31508021C40D3F802280CD194F87400810704D440F022
S31508021C50020084F87400ABE620F0020084F87400EF
S31508021C6005B03046BDE8F04F0021F8F79BBEF9F7FC
S31508021C7051FEF9F790FE042801D00228C3D114F8C0
S31508021C80740F20F00200207092E605B02046BDE8E7
S31508021C90F04FFEF7D3BA4FF4403739462046FDF7E0
S31508021CA0EFF8814639462046FDF726F98046394639
S31508021CB02046FDF76FF9064639462046FDF792F8A3
S31508021CC005466D2239462046FDF77CF900B200909A
S31508021CD039462046FDF74BFA834639462046FDF734
S31508021CE03AFA82462046FDF725FB00EB4B072046CB
S31508021CF0FCF777FA02E00000549C040800EB4A005D
S31508021D008742204604DAFDF715FB00EB4B0003E099
S31508021D10FCF767FA00EB4A000099401010FB01F045
S31508021D2040F30F2049464246C14500DC1146B542FA
S31508021D3001DD2A4600E03246914207DD494642461F
S31508021D40C14501DD0D4604E0154602E0B54200DC58
S31508021D50354605444FF440312046AD1CFBF71CFCC2
S31508021D60284404B20498F8F773F9B0F90010A142AE
S31508021D7000DD0C4604801BE60498F8F769F900783A
S31508021D80132813D0112811D0142801D01228F2D101
S31508021D9094F874008007204617D4F3F711FE01223F
S31508021DA0401E01462046F3F73EFE15E094F87400FD
S31508021DB08007204604D4F3F703FE0122401CF0E70D
S31508021DC0F3F7EFFD0122411C03E0F3F7EAFD411E9A
S31508021DD001222046F3F702FE05B02046BDE8F04F81
S31508021DE000221C21F8F738B910B5F3F7D5FD0128FA
S31508021DF002D0022800D0002010BD00F053B800001F
S31508021E0070B514468288C379A2F57F45FF3D07D08F
S31508021E107BB3012B35D90668002206EB83052DE034
S31508021E20002213E0056805EBC2052E8826F4404613
S31508021E308E420AD12888010429D4400401D53046A5
S31508021E4014E068682060012070BD521C9342E9D8EC
S31508021E5025E000BF35F8120020F4404088420CD134
S31508021E6035F812100B0412D4490403D500F074F89D
S31508021E70E8E714E006EB82000FE0521C9342E9D829
S31508021E800DE022F440438B4209D1110401D5022008
S31508021E9070BD510401D51846E8E70068D2E700206C
S31508021EA070BD000070B514468288C379A2F57F45D5
S31508021EB0FF3D07D07BB3012B35D90668002206EB16
S31508021EC083052DE0002213E0056805EBC2052E887E
S31508021ED026F440468E420AD12888010429D44004B1
S31508021EE001D5304614E068682060012070BD521C96
S31508021EF09342E9D825E000BF35F8120020F44040A5
S31508021F0088420CD135F812100B0412D4490403D5B1
S31508021F1000F022F8E8E714E006EB82000FE0521C14
S31508021F209342E9D80DE022F440438B4209D11104C9
S31508021F3001D5022070BD510401D51846E8E70068AC
S31508021F40D2E7002070BD0821FAF7CABFC07908B1E6
S31508021F5000207047012070471CB50022FF21452842
S31508021F6055D01EDC302844D00EDC222841D006DCAF
S31508021F70032853D0062851D0202830D135E0252809
S31508021F8045D029282BD142E0362832D004DC312824
S31508021F903DD0332823D13CE0372838D044281ED1F7
S31508021FA027E0552825D00EDC4E2830D006DC4628F8
S31508021FB02DD047281DD04D2811D11AE0522818D005
S31508021FC053280CD123E0602821D004DC56281ED0E1
S31508021FD0572804D120E0612819D06D2802D0009232
S31508021FE000981CBD4FF4807014E0FF22114610467B
S31508021FF002E0002211461046F4F789FD0190BDF869
S3150802200004000190BDF80400ADF80000E8E700916D
S31508022010E6E70F200090E3E70248FBE741F6FF7088
S31508022020F8E700005068030810B50C46E7F7A6FC67
S31508022030204000D0012010BD2DE9F041154D06467D
S31508022040154C286818B90021616070212180218801
S315080220504A1C12F4404F02D00020BDE8F0816268A3
S315080220606F398A420AD21F3131F01F0710D039461A
S31508022070FAF74CFE0028F0D0286067602088401CDA
S3150802208080B22080296821B1014401F8716CE4E725
S31508022090FEE7FEE7E0030020F40300202DE9F04105
S315080220A00F4681880446A1F57F40FF3853D0E07970
S315080220B000284BD0012804D02668002106EB8005AB
S315080220C047E021F44040B84245D10020A080E071A3
S315080220D03BE000BF35F8112022F44042BA4237D11C
S315080220E0022811D0401E00EB40004000FAF75EFDC0
S315080220F0010030D02160E079401EC0B2E07101EBE8
S3150802210080030020024619E00120E07121B12888E7
S31508022110A0803068206015E06888A0807068F9E7BA
S3150802212035F810C0BC4508D056F820E041F822E040
S3150802213035F810C023F812C0521C401C94F807C088
S315080221408445EDD23046FAF7BDFD0120BDE8F0819F
S31508022150491C8842BED80020F8E710B50446808894
S31508022160A0F57F41FF390BD0E079012802D9206812
S31508022170FAF7A8FD2046BDE810400821FAF7B0BED6
S3150802218010BD0A46652100F09FB803B482B0BDF8B7
S315080221900C10ADF80010009A522104B000F094B861
S315080221A00A46512100F090B80A46502100F08CB830
S315080221B003B482B0BDF80C10ADF80010009A2021C5
S315080221C004B000F081B80A46212100F07DB803B4B4
S315080221D082B0BDF80C10ADF80010009A302104B098
S315080221E000F072B80A46342100F06EB80A46332166
S315080221F000F06AB80A46322100F066B80A46172184
S3150802220000F062B80A46622100F05EB80A46632107
S3150802221000F05AB80A46042100F056B803B482B050
S31508022220BDF80C10ADF80010009A4D2104B000F06C
S315080222304BB80A46492100F047B80A46062100F07B
S3150802224043B803B482B0BDF80C10ADF80010009A7A
S31508022250362104B000F038B80A46372100F034B8FF
S315080222600A46382100F030B80A46352100F02CB863
S3150802227070B50C46054600F016F82146284600F0C9
S3150802228016F82146284600F01AF821462846BDE8DF
S315080222907040AFF300800A46112100F015B80A46CD
S315080222A0152100F011B80A46122100F00DB80A46A7
S315080222B0132100F009B80A46142100F005B80A46A7
S315080222C0102100F001B80000014B00F007B8000029
S315080222D0D522020810801960704700002DE9F047E0
S315080222E0044680888946A0F57F411D46FF3969D094
S315080222F0E17929F4404617464FF00108012937D9F2
S315080223002268084602EB81030CE000BF33F810C0CE
S315080223102CF4404CB44505D102EB800103EB400294
S315080223200B462CE0401EF1D5491C01EB4100410049
S315080223301046FAF7EBFC010044D02160E07901EB84
S31508022340800205E002EB400C32F81030ACF804309B
S31508022350401EF7D5E079401CC0B201EB800303EBBF
S315080223604002191FE0710B4639464846921E20E084
S315080223702AD120F44040B04207D12346221D3946CD
S315080223804846AC46BDE8F04760470C20FAF70EFC13
S31508022390002817D021682060E279521CD2B2E27175
S315080223A000EB8202A38822F8023B031D016039462C
S315080223B04846A8473046E7F7DBFAA17908FA00F259
S315080223C01143A171BDE8F08784F807802346221DD0
S315080223D0EDE70A460B21FFF777BF03B482B0BDF8D3
S315080223E00C10ADF80010009A442104B0FFF76CBF38
S315080223F00A464221FFF768BF0A464521FFF764BF2E
S315080224000A464021FFF760BF70B50C46054600F044
S3150802241025F821462846BDE87040FFF7FBBE0A4666
S315080224205B21FFF751BF03B482B0BDF80C10ADF8BB
S315080224300010009A552104B0FFF746BF0A465921F3
S31508022440FFF742BF0A466A21FFF73EBF0A466921DD
S31508022450FFF73ABF0A466721FFF736BF0A46012148
S31508022460FFF732BF2DE9F0470F46DDE908891E4618
S31508022470154604461421FAF733FD276005B9044DBB
S31508022480C4F80490083484E86001BDE8F0870000C7
S31508022490354C01084162FDF739BA00684FF0FF3141
S315080224A04162FDF733BA10B54FF0FF300C46486269
S315080224B010212046FBF7A2F908212046FAF7B8FDB3
S315080224C02046BDE810404FF48061FAF7B1BD0846D0
S315080224D00021F2F729BB00002DE9F0478946354865
S315080224E0FBF798FD01285CD14846F7F775FD0446C7
S315080224F04846F7F7AFFD8046132C08D01C2C52D05D
S31508022500152C4ED14846BDE8F047EDF733B84FF4DF
S3150802251040352946FCF7BAFC074629464046FCF7E9
S31508022520F1FC064629464046FCF73AFD044629468A
S315080225304046FCF75DFCB74201DD394600E031460C
S31508022540A04201DD024600E02246914205DDB7427D
S3150802255001DD384604E0304602E0A04200DC2046AF
S31508022560841C29464046FBF717F8204405B248461C
S31508022570F7F76EFD0446B0F90000A84200DD0546ED
S3150802258025804FF4003529464046FBF705F80146F3
S31508022590B4F90000814203DB29464046FAF7FCFFFC
S315080225A02080BDE8F08700F007F84046BDE8F0470E
S315080225B0FDF7ACB9709C0408F0B591B00646002147
S315080225C06522FCF7FFFC07002DD03046FCF7DCFA43
S315080225D0746A00F00100611C4FF4807501D038B9A5
S315080225E005E008B1002403E02C46002503E0002597
S315080225F0601B002801DD601B00E0281B7843070AE0
S3150802260000213046F2F790FA6846F2F7DFFA0748F1
S315080226100894CDE900600648039009A9684681E84E
S31508022620B000F2F731FB11B0F0BD000095240208A4
S315080226309B24020810B501208884C8840C4602200F
S31508022640FAF7B4FA2063E08C4000FAF7AFFAE062D0
S31508022650216B82200880E16A0880E08CA18C4843BD
S315080226608100A06AFAF752FB0021A062016010BD40
S3150802267070B500250C462E4615E000BF50F8250019
S3150802268078B1406828B1FAF71DFBA06A50F8250010
S315080226904660A06A50F82500FAF714FBA06A40F8CB
S315080226A025606D1CADB2A08CE18C4843A842A06A95
S315080226B0E4DC08B1FAF706FBE06A08B1FAF702FBAE
S315080226C0206B002803D0BDE87040FAF7FBBA70BD4C
S315080226D02DE9FC410F466E48FBF79CFC012843D1C5
S315080226E03846F7F779FC05463846F7F7B3FC044649
S315080226F02A2D14D02C2D17D0012D37D0022D35D0E6
S315080227004FF6FF76082D49D00E2D66D00D2D68D0CE
S31508022710152D29D13846BDE8FC41ECF7DBBFBDE8EB
S31508022720FC41002102F066BE3846F7F791FC0346E3
S3150802273000200146A28C05E0256B35F81150491C8C
S31508022740284400B28A42F7D800210A46E58C05E0F9
S31508022750E66A36F81260521C314409B29542F7D835
S31508022760401E1880491E5980BDE8FC8101AA6946A7
S31508022770F0F723FF0128F7D1A18EBDF804008142A4
S3150802278004D1E18EBDF800209142EDD0A086BDF8B5
S3150802279000102046E186FDF7B9F8E5E7FDF7B6F839
S315080227A0F9F7B8F8F9F7EBF8A18EB1420AD0E18E3B
S315080227B0B14207D030B900221C212046F7F74CFC5B
S315080227C00128D1D1F9F7A6F8F9F7E5F8012801D0D9
S315080227D00328C9D1A686E686C6E7BDE8FC41FDF709
S315080227E095B83846F7F734FCA18E0568E08E0F4691
S315080227F08446B14201D0B04207D10020A086E086C5
S31508022800204603F0F1F92046E7E7A38C8B4200DC69
S315080228100021E28C824200DC0020142D0ED0132DFA
S315080228200ED0112D0ED0122D9ED1401C8B420DDCDE
S31508022830511E814208DD0021401C0EE0491EF5E7C3
S31508022840491CF3E7401EF1E7591E06E0002904DA9F
S3150802285010B1591E401E00E00021824201DC501EC2
S3150802286002E0002800DA00208F4201D1844594D084
S31508022870A186E0862046FDF749F8204603F0B4F91A
S3150802288002B02046BDE8F04100221C21F7F7E4BB5E
S315080228908C9C04082DE9F343044690F8600083B043
S315080228A00107049803D50A2830D00D282ED0002710
S315080228B0CDE90007E94649462046F1F7B3FA012869
S315080228C024D1DFF8CC80002104A8D8F8002090474C
S315080228D00646A16B2046254639B100F0A9FA2D49CC
S315080228E009688847A96B884210D2686B88B1007854
S315080228F078B10297474604E03A6802A99047B0427F
S3150802290007D0686B0299415C0029F5D105B0BDE88C
S31508022910F08394F86000400702D5204602F070F86A
S31508022920A06A38B1606AF9F7BAFB007810B920468E
S31508022930FCF7ECFF4A46616C606AF9F7B7FB20467A
S3150802294000F098F894F86000400715D5E06ADDF7BC
S315080229503DFF05464846DDF739FF2918491CE06A56
S31508022960FAF7D4F9E0620028D0D04A46616CE7F754
S31508022970EBF82046E7F7C8FC616C2046491C00F0D4
S3150802298061FA00221C212046F7F766FBBEE7000023
S315080229901404002028040020F8B50D00044609D0C6
S315080229A094F86000400702D5204602F029F8606BC9
S315080229B018B900E0FEE7A06B98B100202A4E2B4F0B
S315080229C0009009E032686946284690473968884780
S315080229D001462046FFF75EFF0098285C0028F1D1E1
S315080229E0F8BD29462046F1F71DFA0128F8D1A06A52
S315080229F038B1606AF9F753FB007810B92046FCF73C
S31508022A0085FF2A46616C606AF9F750FB204600F09A
S31508022A1031F894F86000400715D5E06ADDF7D6FE6E
S31508022A2006462846DDF7D2FE3118491CE06AFAF74F
S31508022A306DF9E0620028D3D02A46616CE7F784F87C
S31508022A402046E7F761FC0A492846666C0968884702
S31508022A503118204600F0F6F92046BDE8F840002273
S31508022A601C21F7F7F9BA0000140400201C04002000
S31508022A702804002070B50446406AF9F714FB4FF69D
S31508022A80FF75A84204D1606AF9F70BFBA84209D080
S31508022A902946606AF9F752FF2946606ABDE870401E
S31508022AA0F9F749BF70BD000010B591F860000C46F1
S31508022AB020F0040081F860000020C862086340F232
S31508022AC0DC51A1876063A06394F8541041F00101B8
S31508022AD084F854100121616494F8541041F00201FB
S31508022AE084F85410A4F8400094F8601021F00A0102
S31508022AF084F860106062A0622046F9F735F86062D1
S31508022B006420FEF739FA0146606AFEF762F90CA1FB
S31508022B10606AF9F7AFFE00231A460A49606AFAF7AD
S31508022B203DFA4FF480612046FAF782FA00212046E0
S31508022B3000F088F92046BDE8104004F0BDBD00004B
S31508022B4000000000C745010838B50446416C406AD2
S31508022B506A46F9F7B9F900212046FCF7F0FA054664
S31508022B6000212046FCF7C4FA0089BDF802106D1C44
S31508022B7008442844ADF80200B4F84000ADF8000055
S31508022B80606AFBF72EFBBDF9021088420ADD694628
S31508022B90606AF9F79BF80146204634F8405F00F070
S31508022BA051F9258038BD416C002902D0491E00F032
S31508022BB049B97047416C491C00F044B938B5044616
S31508022BC0416C406A6A46F9F77FF900212046FCF70C
S31508022BD0B6FA054600212046FCF78AFA0189BDF8AD
S31508022BE002002944401A401CADF80200B4F840001D
S31508022BF0ADF800006946606AF9F768F80146B4F864
S31508022C004050204600F01EF9A4F8405038BD000096
S31508022C1038B50446406C002840D021A069460068B1
S31508022C2000902046F1F7FEF8012837D1606AF9F7D5
S31508022C3036FA616C05460122491EE6F7CDFE29469B
S31508022C40606AF9F717FE2046FFF714FFA06A38B143
S31508022C50606AF9F724FA007810B92046FCF756FE9E
S31508022C6094F8600040070FD5616C0122491EE06A9C
S31508022C70E6F7B2FEE06ADDF7A9FD411CE06AFAF75B
S31508022C8045F8E062002809D0616C2046491E00F02A
S31508022C90D9F800221C212046F7F7DEF938BD0000D4
S31508022CA07F00000070B5456C0446691C00F0CAF83E
S31508022CB0606CA84204D02046BDE87040FFF7A8BF62
S31508022CC070BD70B5C86A0C46002510B1F9F7FAFF4F
S31508022CD0E562206B10B1F9F7F5FF2563A06A0028B3
S31508022CE002D0F9F7EFFFA56270BD000070B50E4677
S31508022CF03F48FBF78FF9012878D13046F7F76CF988
S31508022D0004463046F7F7A6F905460E2C12D00D2CC6
S31508022D1014D0012C60D0022C5ED0032C5CD0082C77
S31508022D205AD0152C5DD0182C60D13046BDE87040BB
S31508022D30EAF7D4B9BDE8704004F0BEBC3046F7F7EE
S31508022D4087F90168132910D0142913D0112916D02E
S31508022D50122919D008291CD07F291FD0022922D06E
S31508022D60032922D00A2927D031E02846BDE8704037
S31508022D70FFF720BF2846BDE87040FFF714BF284674
S31508022D80BDE87040FFF71ABF2846BDE87040FFF756
S31508022D90DBBE2846BDE87040FFF73ABF2846BDE8C5
S31508022DA07040FFF77FBF002101E047F6FF71284612
S31508022DB0BDE8704000F046B8284600F01BF830B16E
S31508022DC02846BDE8704000221F21F7F745B9284674
S31508022DD0BDE87040FFF75EBD3046BDE8704006F0BC
S31508022DE02DB83046BDE87040ECF72CBF70BD000028
S31508022DF0A89C040890F86000C0F3C0007047000061
S31508022E001FB5016B11B1084604B010BD0021FCF7CD
S31508022E106FF9002342F222026946F7F78AF908B1E6
S31508022E2001A0F1E701A0EFE7E280A2002A00000074
S31508022E3090F86010490702D4406AF9F730B9C06AB7
S31508022E4070470000F8B50546406C0C46A04267D0AC
S31508022E50686AF9F724F9334909688847002C00DAC1
S31508022E600444844203DCA4F5FE41FF3900D104463A
S31508022E7028466C64FEF724F800212846FCF738F940
S31508022E8006466A462146686AF9F71EF8B6F9084000
S31508022E902846FBF719FBBDF90210884203DD012219
S31508022EA02846FDF7C3FC2846FBF72EF906462846B0
S31508022EB0FBF70AFBBDF902100A19101AB04206DD21
S31508022EC0881B204401B201222846FDF7AFFC28469A
S31508022ED0FBF72EFABDF90010884203DD01222846C7
S31508022EE0FDF78EFC2846FBF729F906462846FBF726
S31508022EF01FFABDF900100A19101AB04206DD881B1E
S31508022F00204401B201222846FDF77AFCBDF80010DA
S31508022F102846A5F8401004F0CFFB284601F038FFF2
S31508022F20F8BD00002804002070B5044600F074F8C5
S31508022F3005000AD02046054A0021FDF79AFA2146DD
S31508022F402846BDE87040E7F757B870BDFFFF0F0087
S31508022F5000B500F059F8002800D0014800BD00006D
S31508022F60082701202DE9FF47994607460C9E00F0DF
S31508022F704BF8214D40B9002028704FF4B070F9F78C
S31508022F8015FE1E490860E860F3F7DEFFF3F7F4FF63
S31508022F904FF00108B0F5A07F01DC032007E0F3F744
S31508022FA0D3FFF3F7E9FFB0F5347F02DA022068703F
S31508022FB001E085F80180124CA4F12800E760BDF80B
S31508022FC004100187BDF80810418766610D48A6619D
S31508022FD02060C4E9076904F09FFB27B13846F4F775
S31508022FE00BF8A04202D10020FDF7C2FA85F800804C
S31508022FF004B00348BDE8F08740030020D40300204C
S31508023000082701203D83020802480068002800D0EC
S3150802301001207047D403002010B510B1FBF7AEF8B3
S3150802302001E0F3F791FFBDE81040F3F7E5BF10B5ED
S315080230300446DFF72DFF001B10BDDFF729BF00008E
S315080230402DE9F041074615460E460C48E6F7E0F923
S31508023050040010D0A7604FF0FF30266020610020E0
S315080230606061FFF7EAFFE5600549606001200871C3
S315080230702046BDE8F0810020FBE700002C2701204E
S31508023080FC03002010B5044601460548E6F736FA61
S3150802309004490120C8702046BDE81040F9F712BE5F
S315080230A02C270120FC0300200148407870470000C5
S315080230B0FC0300202DE9F047494CA07810B1012005
S315080230C0BDE8F0870120A0702078002628B1FFF716
S315080230D0B4FF5FEA000902D007E0A670EFE72069AD
S315080230E0401C2061642800D926613E4D4FEA060835
S315080230F084F8038084F804803B48E6F764F928607C
S3150802310037E03948E6F771F92E680746307DC00779
S315080231102ED18246304600F07AF888B93069B0F185
S31508023120000A01DD401E3061FFF787FF7060B16853
S3150802313021B1BAF1000F01D0304688474FF0010A93
S31508023140E07820B9306910B93046FFF79BFFBAF12B
S31508023150000F0DD02079E178084309D028680028A5
S31508023160C6D100BF4FF0FF351F48E6F72CF911E02C
S315080231702F6029680029C4D1F4E7307DC00705D13C
S31508023180304600F044F8A84200D2054631461648B1
S31508023190E6F72BF90600F0D14846FFF748FFE16843
S315080231A00844E060A068FFF742FFB0F5FA7F13D340
S315080231B0E16864225143B1FBF0F0C0B26070642842
S315080231C001D9002001E0C0F1640060702646C4F807
S315080231D00C80FFF732FFB06084F8028028466FE75A
S315080231E0FC030020D00300202C2701200121416185
S315080231F0704710B50446FFF720FF2168401A401EA3
S31508023200606010BD0021416170470161704710B5C9
S3150802321004464068FFF70BFF2168814201D8002067
S3150802322010BD081A10BD70B50346083A0C4602F0DE
S315080232300300111AA00705D1A1F10C0047F6F57291
S31508023240904201D3002070BD2078251F00F00300AC
S31508023250084320F0020040F0010121602946184681
S31508023260E7F793F82846E7F7C5F80179022141609E
S31508023270204670BD70B5810701D0002070BD0023BD
S315080232808060C0E90303194600EB810200EBC11412
S315080232905361002204EB8206521CB063202AF9DB32
S315080232A0491C0929F0DB70BD70B50C460546FFF7C7
S315080232B0E1FF0646A4F5976205F59761FFF7B3FFA6
S315080232C0304670BD2DE9F041002611B3083905468E
S315080232D04E680C46F00700D0FEE70846E7F7E0F826
S315080232E02179284689070CD52768AFB13979C907E4
S315080232F013D03946E7F73CF921463846E7F72AF864
S31508023300044621462846E7F7E5F801462846E7F740
S315080233103CF83046BDE8F081FEE7FEE770B50A469E
S31508023320054604211046E6F797FC04460146284658
S31508023330E7F766F8014622462846BDE87040E7F7F1
S31508023340EFB82DE9F05F90460C0081464FF0000574
S3150802335022D0B8F1000F1BD0A4F108052846E7F7DA
S31508023360D4F882466868042120F00307DAF80400D4
S3150802337020F00300384400F1040B4046E6F76CFCE3
S315080233800646B84500D966B12879C0070CD0FEE7CB
S315080233904846FFF797FF44E01146FFF7BFFF054689
S315080233A03FE00020BDE8F09FBE4216D99AF8040015
S315080233B0C00701D05E4510D941464846FFF7AEFF21
S315080233C005002ED04046474500D307463A462146D1
S315080233D02846F9F7B3FC2146DAE7BE4206D929465A
S315080233E04846E7F777F82846E7F767F828794F4611
S315080233F0C00700D0FEE731462846E6F7BCFF78B19B
S3150802340031462846E7F7C5F80146406820F002002B
S3150802341048603846E7F75EF801463846E6F7B5FFEC
S3150802342025462846BEE700004FF4B47190FBF1F238
S3150802343001FB1200002802DA00F5B47000B20E4948
S315080234405A2802DA31F910007047A0F15A025A2AAC
S3150802345003D2C0F1B40000B2F4E7A0F1B4025A2ACA
S3150802346001D210B202E0C0F5B47000B231F8100011
S31508023470404200B270470000F09904082DE9FF4F58
S3150802348083B05FEA0009119F7BD099F800000028F3
S3150802349077D00498002871D01098800702D541F693
S315080234A0FF70069000243F4A009401945268A3468E
S315080234B0254626464FF0FF386946484690478246D3
S315080234C00098019050E0374A01A948465268904749
S315080234D083461098761CC00704D051461298E6F720
S315080234E05DFB98BB5A4651460498F6F7C9FE00B2E8
S315080234F029180DB2002802DD0598284405B2B8F14C
S31508023500FF3F05D10598291A0698814200DDA04693
S315080235105046BAF10A0F1AD0BAF10D0F17D0014662
S31508023520A0F59C4045F2A512904210D9002005E06C
S315080235301DA2125C8A420AD0401CC0B21AA2125CB0
S31508023540002AF5D117B1B8F1FF3F08D008E024B92F
S31508023550B8F1FF3F01D107B13D60761E08E03D6034
S31508023560DDE90040DA46009019F804000028AAD1DD
S31508023570B8F1FF3F06D0139870B1404607B0BDE8D0
S31508023580F08F0CE02EB1BAF10D0F03D1BBF10A0F81
S3150802359000D1009C2046F1E70FB1002038600020D8
S315080235A0ECE7000010040020202C2E3B3A2D5F0089
S315080235B02DE9FF4F83B004464FF00000DDF848A01E
S315080235C0DDF84090208093460F00608049D0BBF119
S315080235D0000F46D05FEA8A7002D541F6FF70119055
S315080235E00025A846BBF8086025E00020CDE9000AB8
S315080235F0781902905946119B069AE6F725FA8044ED
S31508023600B4F9020006EB09010144B1F5004F28D2CC
S31508023610304448446080A8EB0501CDF800A05A461C
S31508023620069B029800F022F8B4F90010814200DBEA
S31508023630084620804546785D0028D6D15DB17819BE
S3150802364010F8010C0A2801D00D2804D1618806EB6E
S31508023650090008446080B4F9020028B1A0EB090009
S31508023660608007B0BDE8F08F6680FAE72DE9FF476C
S315080236701E46DDF8309090460D4607000CD0B8F18C
S31508023680000F09D03878002807D000200446029097
S315080236908DF80C00EDB923E0002004B0BDE8F087F0
S315080236A002AB01AA69463846E6F7B6F95FEAC97077
S315080236B004D003A80099E6F771FA50B9DDE90012B9
S315080236C04046F6F7DDFD00B2002802DD204430440C
S315080236D004B20298A842E3D3002C01DDA01B04B26F
S315080236E02046DAE710B50146802825D3002301F0E3
S315080236F03F0242F08002B1F5006F0AD2C0F384118C
S3150802370041F0C00161F3070062F30F2063F317402B
S3150802371010E0C1F3851444F08004B1F5803F0CD261
S31508023720C0F3033141F0E00161F3070064F30F20AF
S3150802373062F3174063F31F6010BDB1F5881F10D2FC
S31508023740C1F3824343F0F003C1F3053163F3070083
S3150802375041F0800161F30F2064F3174062F31F60A2
S3150802376010BD002010BD00002DE9F04100240F46CF
S3150802377006462546DFF8248007E0D8F800103019F7
S31508023780884700B9012004446D1CBD4202D2305D4F
S315080237900028F2D12046BDE8F0810000100400207E
S315080237A0F8B5074600200D460446064E009004E08A
S315080237B07268694638469047641C0098A842F7D34F
S315080237C02046F8BD10040020F8B500240546074E29
S315080237D0009404E07268694628469047641C00987B
S315080237E0285C0028F6D12046F8BD00001004002007
S315080237F078B500250446009501B969460A68A05CB1
S31508023800030601D4054634E006260223B6EB501F0A
S3150802381006D1C006400D24E004F03F031D1828E037
S315080238200E26B6EB101F02D10007000C0FE01E266B
S31508023830B6EBD00F1DD1521C0A604007A55CC00A20
S31508023840B3EB951F13D105F03F0500EB0530521C6B
S315080238500A60A55CB3EB951F09D105F03F0500EB9D
S315080238608510521C0A60A45CB3EB941FD4D00020C6
S3150802387078BD521C28460A6078BD0000F8B507468E
S3150802388008680025401E0C460D4E086001E0042D0E
S3150802389013D2206831683844884718B9216861B15B
S315080238A0491E21606D1CEDB20028F0D020680090F8
S315080238B07268694638469047F8BD0020F8BD000090
S315080238C0100400200078010601D401207047062161
S315080238D0B1EB501F01D1022070470E21B1EB101F28
S315080238E001D1032070471E21B1EBD00F01D104206C
S315080238F07047002070470000E2F7AAFEE0F712FFC1
S31508023900E0F7F2FEE4F752FDDFF7E0FAE2F711FA22
S31508023910DFF74CF9E2F712FFE2F756FEE1F7F6F89F
S31508023920DFF758FCDFF77CF9E2F732FF024901209C
S31508023930087005F0B1FEFEE7BC0200202DE9F04151
S315080239404FF480740E4607462246F2F7F6FB054602
S3150802395021463846F2F72CF9002D06D02246314682
S315080239603846BDE8F041F2F7F4BBBDE8F081000045
S315080239702DE9FF4F1D468A880B888BB0D21A521C36
S3150802398017B2CA8849880446511A491C1C98DDF898
S3150802399068A00FFA81F9012805D0022805D0032864
S315080239A04DD14F4802E04F4800E04F4880465FEA53
S315080239B00A002088ADF804002888ADF8080005D06A
S315080239C09AF80000FD283DD319983EE0DDE901107A
S315080239D04346199A9847009000202DE0002621E0D8
S315080239E0BDF8080035F81610884205D1BDF804005E
S315080239F034F8161088420FD004EB46004346008876
S31508023A00ADF8040005EB4600199A0088ADF80800DF
S31508023A10DDE901109847009004EB4600BDF8001056
S31508023A200180761CBE42DBDB0D9804EB4004189835
S31508023A3005EB40050AF1010082464845CEDB0FB088
S31508023A40BDE8F08F19994843000A02460090DDE95D
S31508023A50011043469847099000203DE000262FE0D2
S31508023A601AF8060058B3FD2801D3199802E01999E5
S31508023A704843000ABDF8081035F81620914208D1C5
S31508023A80BDF8041034F81620914202D100998142F9
S31508023A9010D004EB460102460988ADF8041005EB7E
S31508023AA0460143460988ADF808100090DDE9011081
S31508023AB09847099004EB4600BDF824100180761C4D
S31508023AC0BE42CDDB0D9804EB4004189805EB400581
S31508023AD01B9882440BF1010083464845BEDBAEE7DC
S31508023AE03FB40008B7B30008C3B400082DE9FF4F76
S31508023AF006468A8808888BB0101A401C07B2CA88FC
S31508023B004888DDE919BA101A401C0FFA80F85FEAEC
S31508023B100A001D46584605D0FD287CD9A7F1040B94
S31508023B20002027E1FD2813D300247F000BE03A4644
S31508023B3029463046F9F702F90D98641C06EB400649
S31508023B40189805EB40054445F1DB0FB0BDE8F08F48
S31508023B50002021E0002415E006EB440A5A46BAF88A
S31508023B600000ADF8180005EB44000088ADF8140013
S31508023B70DDE90501F2F7E4FF0590BDF81410AAF88D
S31508023B800010641CBC42E7DB0D9806EB4006189849
S31508023B9005EB400509F1010081464045DADBD4E729
S31508023BA0D14600241CE000BF99F80020AAB1FF2ADA
S31508023BB006EB44001AD009900088ADF8200005EB00
S31508023BC044000088ADF81C00DDE90701F2F7B8FFEA
S31508023BD00690BDF818100998018009F10109641CBC
S31508023BE0BC427CDA5FEA8970DED178E005EB4401F3
S31508023BF00988F1E7D9F80000F0B3401C74D099F8A7
S31508023C000020BAB1FF2A06EB44007AD00990008850
S31508023C10ADF8200000E0B6E005EB44000088ADF8F8
S31508023C201C00DDE90701F2F78BFF0690BDF81810B4
S31508023C300998018009F10100059099F80120AAB1B5
S31508023C40FF2A06EB440060D009904088ADF82000B0
S31508023C5005EB44004088ADF81C00DDE90701F2F7E0
S31508023C606FFF0690BDF81810099841800598401C08
S31508023C7005900278BAB100E02EE0FF2A06EB44006E
S31508023C8047D009908088ADF8200005EB440080886B
S31508023C90ADF81C00DDE90701F2F752FF0690BDF800
S31508023CA018100998818005984278AAB1FF2A06EB6E
S31508023CB0440032D00590C088ADF8200005EB4400D8
S31508023CC0C088ADF81C00DDE90701F2F739FF069056
S31508023CD0BDF818100598C18009F10409241D5C4530
S31508023CE088DB3BE000E00CE005EB440006EB440110
S31508023CF002880A8042884A8082888A80C088C88068
S31508023D00EAE705EB4401098893E705EB440149888C
S31508023D10ABE705EB44018988C4E705EB4401C9888A
S31508023D20D9E700BF99F80020AAB1FF2A06EB44009A
S31508023D3025D009900088ADF8200005EB44000088DC
S31508023D40ADF81C00DDE90701F2F7FAFE0690BDF8A8
S31508023D5018100998018009F10109641CBC42E1DBCB
S31508023D600D981B9906EB400618988A4405EB400500
S31508023D700198401C01904045FFF612AFE5E605EBB7
S31508023D8044010988E6E700202DE000241FE000BF71
S31508023D901AF80400D0B1FD2801D35A4602E000FB06
S31508023DA00BF0020A06EB440003900088ADF81800EF
S31508023DB005EB44000088ADF81400DDE90501F2F7C9
S31508023DC0BFFE05900398BDF814100180641CBC421E
S31508023DD0DEDB0D981B9906EB400618988A4405EB1C
S31508023DE0400509F1010081464045CEDBADE60000FB
S31508023DF02DE9FF4F85B09A460C46DDF850B0E5F737
S31508023E00A5FD0390A0882188401A401C06B2E088C6
S31508023E106188401A401C0FFA80F8BBF1000F01D0E6
S31508023E2000204BE000271DE0002515E013980290BC
S31508023E300AEB4500079A0088ADF804006088384402
S31508023E4000B2009020880599284403B203980068B6
S31508023E50D0F81CC0E0476D1CB542E7DB12997F1CFF
S31508023E600AEB410A4745DFDB09B0BDE8F08F0025BA
S31508023E701BE000BF1BF80500B0B113994843000ABE
S31508023E8002900AEB4500079A0088ADF8040061889B
S31508023E9001EB090000B2009020880599284403B274
S31508023EA003980068C769B8476D1CB542E2DB1599E5
S31508023EB009F101008B4412990AEB410A81464045F1
S31508023EC0D5DBD1E770B515460E460446802805D2DD
S31508023ED0E117002004EB9171891006E004F06CFDED
S31508023EE0411FCC4084F02001801F3060296070BDDC
S31508023EF0FD2902D2022901D80020704710FB01F0E1
S31508023F0000EBC01101EBC030C0F3C7507047000088
S31508023F1070B5094D04466868002808D044B12046A1
S31508023F20EFF746F8A9682044884200D3002070BDFE
S31508023F300248006870BD000008030020DC03002068
S31508023F40002902D00068091D42507047002901D095
S31508023F5000684250704700002DE9F04104460022ED
S31508023F602121F6F779F800287ED0608C40F480503B
S31508023F70608401E0FFF7F0FF00212046FAF760F8B7
S31508023F800028F7D12046FAF727F906460020F7F760
S31508023F90C7FC054600271CE0A86AA04202D0E86AC8
S31508023FA0A04203D121462846F7F70AFD686BA042CC
S31508023FB000D16F63686DB04207D1F7F7BBFCA04228
S31508023FC003D121462846F7F7FBFC2846F7F7A8FC53
S31508023FD00546002DE0D12046E5F7C4FA60680426B6
S31508023FE00028204602D0FAF702F92AE0FAF7C6F8BC
S31508023FF005460020EA68696A05E000BF52F82030E3
S31508024000A3420AD0401C8142F8D806E0E96806EBCA
S3150802401080028A5841F82020401C696A491E81425A
S31508024020F4D8686A401E81006862E868F8F76EFE8E
S31508024030E8601DE0096806EB80028A5841F82020EC
S31508024040401C616889684A68521E8242F2D86068D2
S3150802405080684068401E486061688200896808680E
S315080240601146F8F753FE00E007E0616889680860C0
S315080240702046BDE8F041F8F725BEBDE8F081C9B291
S315080240800022FCF718BEF0B50027DDE905458E1AB1
S31508024090012B05DC03280CD004280AD0052808D0F1
S315080240A0891A09B206282AD2DFE800F0290A03206B
S315080240B0140E2F80208806EBD67100EB61001CE0F7
S315080240C02F802088304418E05B1E18B291FBF0F06E
S315080240D02880F0BD91FBF3F02988084400B22880B5
S315080240E0218800EBD07001EB600006E05B1C18B279
S315080240F091FBF0F02880218808442080F0BD2F80AB
S31508024100F0BD2DE9F05F05460C46501E53B12188D5
S31508024110A1EB620121800844A080E88A6080688B4E
S31508024120E08009E06188A1EB620161800844E080D1
S31508024130A88A2080288BA0804FF44036314628462C
S31508024140FAF79EFE814631462846FAF7D5FE82469A
S3150802415031462846FAF71EFF804631462846FAF7C0
S3150802416041FE834631462846FBF701F807463146A3
S315080241702846FAF7F0FF0146208809EB0702801A5B
S315080241802080A0880AEB07021044A080608808EB0A
S315080241900102801A6080E08859440844E080BDE83C
S315080241A0F09F70B50446EFF74DF905001DD0FAF7F2
S315080241B018F806462046F9F7A7FF864215DD0021BC
S315080241C02846FAF789FF068900212846FAF79FFF4B
S315080241D0E18E3044414309B20022606AFCF726FBAD
S315080241E0606ABDE87040FBF791BB70BD2DE9F041EE
S315080241F01E4C0F460546E6682068001D04F0DDFEE3
S3150802420038B9206890F82C1001208840216981432A
S315080242102161681C15D1A7B11549226848689060C2
S3150802422023688268DA6022688368121D5A602268E7
S31508024230121D8260206841610868401C0860BDE85A
S31508024240F08120683544B5424560216805D2E06BA5
S31508024250BDE8F041091D04F0EDBFA06B091D04F08D
S31508024260E9FFA06A8542EAD2A562E8E7E0000020F3
S31508024270CC9500202DE9F041054604F0F3FF364CB3
S31508024280A068401CA0602068344F10B1606940B332
S315080242902DE02560A068012829D1002606EB8600B4
S315080242A007EB800004F0B8FF761C052EF6D32B48E0
S315080242B0643004F0B1FF2948783004F0ADFF27488E
S315080242C08C3004F0A9FF2548A03004F0A5FF234846
S315080242D0B43004F0A1FF21486430A0631430E063CF
S315080242E005E02068E96AC06A884200D82560606AE3
S315080242F0401C60626864E96A0120226988401043AA
S31508024300206101EB810007EB80004068A8608168A4
S31508024310E9608268291D51608160E86A00EB8000C5
S3150802432007EB8001696157F82010491C47F82010ED
S3150802433004F0B8FF606900280CD02068E96AC06AF0
S31508024340884207D206494FF080500860BFF34F8F64
S31508024350BFF36F8FBDE8F081E000002018950020BA
S3150802436004ED00E010B504F07DFF0E4C2068A0B9FC
S315080243700D4804F051FF0C48143004F04DFF0A486A
S31508024380E0601430206100220C210A2005F04AFB65
S31508024390206010B105A105F021F8BDE8104004F02F
S315080243A081BF000020010020E0950020546D725163
S315080243B00000000030B4026C0B46002A0BD0C1681C
S315080243C01144C1608468A14201D30168C16030BC4E
S315080243D01846DCF765BA30BC70472DE9F041856BA3
S315080243E0174604460026026C82B1C7B1E068DCF7BC
S315080243F057FAE168206C091AE1602268914202D2F2
S31508024400A168081AE060022F16D017E02068A8B93A
S31508024410A06805F077FF06460020A0600EE06068F7
S31508024420DCF73EFA216C606808446060A16888423D
S3150802443004D32068606001E005B16D1E6D1CA5639A
S315080244403046BDE8F08110B50446006B04F03EFF25
S315080244502046BDE8104004F039BF00000E484FF46C
S315080244601041420706D0C01D0B4920F00700411A29
S31508024470C1F51041094A00230144C2E9000308397B
S31508024480143A21F0070111604B600B600B1AC0E960
S315080244900013936053607047D8040020CC000020B4
S315080244A0144E154CA6F1A0074FF08058DFF84C9031
S315080244B012E000BF04F0D6FEF068C568281D04F0B5
S315080244C07CFDA068401EA0606068401E606004F023
S315080244D0E9FE2846FFF7B7FF60680028EAD1386880
S315080244E00128F9D9C9F80080BFF34F8FBFF36F8F40
S315080244F0F2E70000B8950020E000002004ED00E095
S315080245002DE9F0470D46DDE90984174682469100F2
S315080245109946089EA522206BDCF739FA6FF003014B
S31508024520206B01EB8701084420F00707780707D0BC
S31508024530502080F31188BFF34F8FBFF36F8FFEE7CA
S3150802454065B100202218295C82F83410295C11B161
S31508024550401C1028F6D3002084F84300052E07D302
S31508024560502080F31188BFF34F8FBFF36F8FFEE79A
S31508024570E662201DE66404F05AFE04F1180004F00F
S3150802458056FE2461C6F105006462A0614A46514698
S31508024590384600F075FA2060B8F1000F01D0C8F865
S315080245A00040BDE8F087000030B5114900E0114629
S315080245B00A688242FBD34B685C18844203D140687E
S315080245C018444860084643681C18944209D1084CA6
S315080245D0143C2468A24209D052681A4442600A6806
S315080245E012680260814200D0086030BD0460F9E7B3
S315080245F0CC00002070B5002441600B4D0061914249
S3150802460006D8D11A8269914206D2011D286907E0A5
S315080246109A4203D2994201D3012403E0011DE868B4
S3150802462004F008FE204670BD2001002010B504469D
S3150802463004F018FEA06B28B15FF0000404F032FE05
S31508024640204610BD0124F9E770B506460D480D4609
S31508024650C068C068C468201D04F0AFFC94F828003E
S31508024660410705D52A463146204600F0B5F803E04B
S3150802467000F0FE0084F828002046216ABDE8704052
S3150802468008470000200100207FB5374E63E00098F6
S31508024690002860DB029C606910B1201D04F08DFCC5
S315080246A003A800F0BBF8054600980A2853D2DFE8AB
S315080246B000F0520505282E460505282E94F82800EE
S315080246C02A4640F0010084F828000199A069019B56
S315080246D001442046FFF78EFF40B394F828004107AD
S315080246E007D50198A1692A460144204600F074F8C4
S315080246F003E000F0FE0084F82800216A2046884775
S3150802470029E014F8280F00F0FE00207023E094F840
S31508024710280040F0010084F828000198A06130B111
S3150802472041192B461A462046FFF764FF13E050202C
S3150802473080F31188BFF34F8FBFF36F8FFEE794F8AC
S315080247402800810703D4204604F0C0FD03E000F0E8
S31508024750FE0084F8280000226946306805F066FBE8
S31508024760002894D17FBD000020010020F8B50D462F
S31508024770064604F0C9FF684600F050F80446009859
S3150802478010B105F0E1FEF8BD1148ADB1016909683D
S31508024790D9B10025311B2A46006804F047FE05F008
S315080247A0D3FE0028EFD10B494FF080500860BFF3C3
S315080247B04F8FBFF36F8FF8BDA642EBD805F0C4FE44
S315080247C021463046FFF740FFF8BD0125E2E7000023
S315080247D02001002004ED00E070B516460C46054699
S315080247E004E0A869296A044428468847A869234632
S315080247F0011932462846FFF7FDFE0028F1D170BDA1
S315080248000548816B096821B1816BC96809688162AB
S3150802481070474FF0FF31FAE7E00000202DE9F0413A
S31508024820064605F0CDFC0E4C0546A068854214D214
S315080248304FF0FF3704E0C06839460068FFF704FF07
S31508024840E06801680029F6D12169C4E9031001204C
S3150802485030602846A560BDE8F0810020F8E7000030
S315080248602001002008484068401C4FF0500080F3A1
S31508024870118804D0BFF34F8FBFF36F8FFEE7BFF3E4
S315080248804F8FBFF36F8FFEE7D4000020074CE06816
S31508024890016841B1C0680021D0F80000FFF766FF41
S315080248A0FFF7F2FEF3E701210020F7E720010020D7
S315080248B02DE9F041044604F0D5FC94F9455004F17B
S315080248C0240609E0606A48B1304605F0CFFD08B112
S315080248D004F03AFE6D1E6DB2002DF3DC4FF0FF3682
S315080248E084F8456004F0DEFC04F0BCFC94F94450FC
S315080248F004F1100709E0206948B1384605F0B6FD0B
S3150802490008B104F021FE6D1E6DB2002DF3DC84F8A9
S315080249104460BDE8F04104F0C5BC000070B5044629
S31508024920002604F0F1FE2F4D286808B9FFF796FD18
S3150802493094B304F00700C0F11000C1438C4202D8B8
S315080249402118002902DC05F0FFFD3DE06868814276
S31508024950F9D8244814300246146801E02046144661
S3150802496062688A4202D22268002AF7D12A689442E9
S31508024970E9D006682268026060680836421A102A78
S315080249800FD96018430708D0502080F31188BFF367
S315080249904F8FBFF36F8FFEE713E042606160FFF748
S315080249A003FE61686868401A6860AA68904200D285
S315080249B0A86041F00040606000202060E868401C62
S315080249C0E86005F0C1FD0EB904F010FB700707D0C8
S315080249D0502080F31188BFF34F8FBFF36F8FFEE726
S315080249E0304670BDB80000200449086818B1086846
S315080249F0026D521C0265086870470000E00000203C
S31508024A002DE9F047064690F8600040072FD5706AF0
S31508024A10F7F745FB174909688847040027D0304647
S31508024A20FEF7EEF98146DBF7D1FE074604FB07F0EF
S31508024A30401CF8F7E9F88046002506E005FB0780E2
S31508024A403A464946F8F77AF96D1CA542F6D37D43EC
S31508024A50002108F805104146706AF7F70BFF404631
S31508024A60F8F71EF93046BDE8F04700F091B9BDE8FF
S31508024A70F08700002804002070470068FFF7C0BFCF
S31508024A8010B5031F4FF080741C601B1F21F0010133
S31508024A901960191F044B0B6014390A60091F6FF05D
S31508024AA0020244380A6010BD654802082DE9F04F33
S31508024AB0544E054689B070680168CC6BC968896826
S31508024AC02160016809698A0701D4C90723D0F2F768
S31508024AD099FA401E07B27068F2F74EFA401E03B200
S31508024AE00022114601A80097F0F71EFE01A961608F
S31508024AF070680068027CC068920705D5826942F030
S31508024B0002028261A16076E08169826961F34102EB
S31508024B108261A5606FE0A9882A88891A491C0FFA5A
S31508024B2081F9E9886A88891A491C0FFA81F8F2F725
S31508024B3069FA0146B5F90600814203DC7068F2F7A4
S31508024B4061FA401E07B242464946B2467068EEF717
S31508024B50E9FC81460026B5F902000DF10C0B28E0A6
S31508024B602A88ADF80C20AA88ADF81020ADF80E00F8
S31508024B70ADF81210C4F804B0C4F808B0DAF80400A4
S31508024B800168C96889682160BDF91210B94201DD58
S31508024B90ADF81270BDF91260B74205D10068C06857
S31508024BA0816941F002018161204600F02DF80FFA71
S31508024BB088F000EB0908A8F10101B942D0DDB74235
S31508024BC01CD02988ADF80C10A988ADF81010ADF8DC
S31508024BD00E00ADF81270C4F804B0C4F808B0DAF8DA
S31508024BE004000168C968896821600068C06881692B
S31508024BF041F002018161204600F006F809B0BDE8DD
S31508024C00F08F0000FC0200202DE9F0415F4C0746B8
S31508024C1094B06068F2F7ACF9F968054609B1384606
S31508024C208847606800680188408811FB00F0E968D7
S31508024C30884201D1012000E00020296859B169683B
S31508024C4031B128B907E060680068816A01B188470E
S31508024C5028690028F7D100256068F2F7BDF97A6855
S31508024C6001461046FCF772FA06466068416919B1B0
S31508024C707868FCF76BFA054656EA050051D1606872
S31508024C80F2F7C0F9401E0FFA80F86068F2F774F975
S31508024C90401E03B20022114611A8CDF80080F0F793
S31508024CA043FD386BB0B103A8F3F79CFC606811AA00
S31508024CB0C16A079190F829108DF82610418DADF832
S31508024CC0101090F829008DF80F003B6B03A938469F
S31508024CD0984726E06068C06A98B16946F6F79EFA70
S31508024CE001281ED103A8F2F7F7FB606811AA90F80B
S31508024CF029108DF81710C36A03A93846F2F7B8FBCC
S31508024D000FE003A8F3F76EFC6068418DADF810104A
S31508024D1090F829008DF80F0003A938467A68F3F748
S31508024D204DFC606890F82810C9070CD006B90669C8
S31508024D303846314600F096FA6068406990B105B97E
S31508024D40054629460BE0406928B105B905462946B4
S31508024D50384600F087FA0EB9606806693146384661
S31508024D6000F080FA6068F2F725F90146384600F045
S31508024D7079FA6068F2F716F90146384600F072FACF
S31508024D80606814B0BDE8F041E7F7AEBFFC02002048
S31508024D902DE9F04F89B004460021FAF7A9F90590E2
S31508024DA000212046FAF7CBF90790606C0690606AF4
S31508024DB0F7F775F9724A8246069912689047DFF83C
S31508024DC0C4B106460AEB0600DBF80020814600213C
S31508024DD09047054605982F46B0F908803846EFF7FA
S31508024DE0D7F900B12027002239460598F5F748FA7F
S31508024DF007B202AA606A0699F7F766F8606AF7F7D1
S31508024E004EF902460021606AF8F730FC616ABDF97C
S31508024E100820B1F91430B1F918101A443A448A42F2
S31508024E2027DD94F86010090723D4032821D000202F
S31508024E30ADF808000798BDF80A2040441044ADF8BA
S31508024E400A005DB150494846096888470644DBF8B6
S31508024E5000200AEB06000021904705462846EFF790
S31508024E6097F900B12025002229460598F5F708FA90
S31508024E7007B24FF4E02B204659462665F9F7FEFE9F
S31508024E80054659462046FAF797F800EB050A2046E2
S31508024E9011225946FAF796F800EB050959462046B3
S31508024EA0FAF700F84619204613225946FAF78AF8FD
S31508024EB0BDF808302844991BBDF80A20ADF80C1035
S31508024EC018447F1EA2EB0A013844ADF80E10ADF85D
S31508024ED0100002EB0901A8F101000844ADF812001E
S31508024EE004F148010D466846F0F7BDFB606ABDF855
S31508024EF00010828A1144ADF80010BDF80210C08A6B
S31508024F000844ADF80200606ABDF80410808A0844B5
S31508024F10ADF80400606ABDF80610C08A0844ADF808
S31508024F20060069462046FAF714FD03A92846F0F753
S31508024F309AFB29466846F0F796FB606ABDF80010A8
S31508024F40828A1144ADF80010BDF80210C08A0844DE
S31508024F50ADF80200606ABDF80410808A0844ADF80C
S31508024F600400606ABDF80610C08A0844ADF8060057
S31508024F7069462046FAF7EDFC09B0BDE8F08F000055
S31508024F801804002014040020100400202DE9F04122
S31508024F902B4C002020606068B0F85051002D4DD08F
S31508024FA0002703E0411991F83011D1B16D1EF9D5E8
S31508024FB00068416B01B1884760680168C9688A69F7
S31508024FC022F001028A610168C9688A6922F002022E
S31508024FD08A6190F82810002641F0040180F828100A
S31508024FE022E02F46E4E7811991F83011D9B9BE4279
S31508024FF005D10168C9688A6942F001028A610168B5
S31508025000C9688A6922F002028A6100EBC60030305A
S31508025010FFF74CFD606800EBC6003030F0F73EFB48
S31508025020216808442060761C6068B0F85011B142C5
S31508025030D9DC10F8281F21F004010170BDE8F081BF
S31508025040FC0200202DE9F04F0C4682468BB0012166
S315080250502046FAF79CF900287ED12046E4F796FA0C
S31508025060050027D0204600216122F9F7ABFF00F0A0
S31508025070FF09B9F1020F6FD36B462A4621465046FD
S31508025080EFF7F1FA012867D10127002204F114018A
S315080250906846E3F702FDA8B100208DF82000CDF896
S315080250A024D008AA12212046F4F7D6FF9DF820003C
S315080250B038B107E00BB021465046BDE8F04FFAF783
S315080250C016BE0027012D01D147F002073A46694666
S315080250D05046F2F7EBFC05003ED0204600216F222F
S315080250E0F9F770FF00B260F30F06804620460021EA
S315080250F07022F9F767FF01B2C8F34130642261F3FF
S315080251001F464FF4FA634FF47A7B012817D128F425
S31508025110C040984213DCB4F818C0B4F81480584555
S31508025120ACEB080C0CF1010C0FFA8CFC01DDC0F596
S315080251307A700CFB00FC9CFBF2F060F30F06C1F3DD
S315080251404130012813D121F4C04098420FDC618B0B
S31508025150E38AC91A491C00E07EE009B2584501DD16
S31508025160C0F57A70414391FBF2F060F31F4602A83C
S31508025170F2F7B2F98DF81390204600216E22F9F75C
S3150802518021FF00B2ADF80800B0F5616F02DDA0F5A7
S31508025190616003E0002803DA00F56160ADF80800F3
S315080251A0204600216D22F9F70DFFADF80A002046C8
S315080251B000216822F9F706FF8DF81400284840688E
S315080251C00068007CC0F3C0008DF81C00B8070ED535
S315080251D0D5E90001C5E902016889698A0844401EC1
S315080251E001B2E981B5F90600814200DDE881B5F927
S315080251F00A00BDF9061088422ADCB80705D53B46DF
S315080252002A4651462046EFF7FBF921465046FAF759
S315080252106EFDA08A02AA8119DAF804000088081A23
S31508025220ADF80C00E08A00EB2641DAF80400408863
S31508025230081AADF80E0029465046F2F732FCB807AE
S3150802524006D5E889401C6881698A0844401ECDE76C
S3150802525029465046F2F759FC0BB0BDE8F08F00001C
S31508025260FC0200202DE9F0470C00814605D11B48B7
S315080252704068F1F7B1FE04002AD021464846FFF7F6
S31508025280E1FE1FE00027F8F7EDFE0646002508E0D6
S31508025290A068006850F82510E7B14846FFF7D2FE25
S315080252A06D1CB542F4D34A4617212046F4F7D4FEBC
S315080252B04A4618212046F4F7CFFE4A4619212046C7
S315080252C0F4F7CAFEA0464046F8F7CCFF0400D9D147
S315080252D0BDE8F0874145E3D10127E1E7FC0200205A
S315080252E02DE9F04792B088460646EEF7B2F8050071
S315080252F06BD0F6F7D4FE024600212846F8F7B6F92F
S31508025300012838D0022802D0032819D10CE03046E9
S31508025310F8F714FF04462846FAF70CF8201A00EBA9
S31508025320D07040F34F0108E03046F8F707FF04460D
S315080253302846F9F7FFFF201A01B22846FBF75FFD58
S3150802534000213046F9F7CEFE044600213046F9F729
S31508025350EAFE8246B4F908703046F8F7D5FE814669
S31508025360304600216522F9F72DFE84B2B8F1000F06
S3150802537003D014B104E00021DFE73046EEF710FD52
S31508025380F18C07EB0A00484309EBD971491007EB80
S31508025390D772A1EB6201081A06B2B8F1000F17D04C
S315080253A0B4B16846EFF712FC0F48CDE9005028461B
S315080253B0F9F7C6FF0B940890CDE909060B48039046
S315080253C00B4807906846EFF75FFC12B0BDE8F08716
S315080253D005492846EFF7A8FB12B031462846BDE82C
S315080253E0F047FBF722BD0000E15D020851590208A9
S315080253F0014C01082DE9F04F0C464FF4A02689B05E
S3150802540005463146F9F748FD079031462846F9F729
S315080254107FFD834631462846F9F7C8FD824631465E
S315080254202846F9F7EBFC814631462846F9F769FE24
S31508025430069031462846F9F77CFE804631462846CC
S31508025440F9F753FE059031462846F9F75FFC0746F9
S3150802545031462846F9F754FC06461CE0079BCDF868
S3150802546008B0CDE90083CDE903A9DDE90523A1B298
S315080254702846EEF7D1F9B04201DA014600E0314694
S31508025480B94201DA384602E0B04200DB3046E96A40
S3150802549021F81400641CE88CA042DFD82846FAF7E3
S315080254A0F9FE09B02846BDE8F04FFAF72FBA000010
S315080254B02DE9F04F464C8DB0606801680A7CD20728
S315080254C07ED0C968496800297FD000F5AC70E4F738
S315080254D00CF8002879D160680168CA6893680C9349
S315080254E011688B4200D151688946F1F745FD0B9048
S315080254F0202103A8DBF775FA0025A0463CE04119EE
S3150802550091F83011B9BB00F5AC70E3F75CFF0646BB
S31508025510A0462EE0D8F804003146444600F5AC70A1
S31508025520E3F763FF83466068314600EBC50203A8CA
S315080255303032E3F7E1F90746401C19D000240DF191
S315080255400C0A09E0E3F782FF0AEBC401641C0A6845
S3150802555002604968416064B2D8F80400BC42314628
S3150802556000F5AC70EEDBE3F7C9FF3046F7F7AAFBA6
S315080255705E46002ECED16D1CD8F804004446B0F81B
S315080255805011A942BBD8254600F5AC70E3F71BFFBC
S3150802559012E00B98CDF80090CDE901046868DDE9C0
S315080255A00B2100682346C06B866BB04768682146A4
S315080255B000F5AC70E3F719FF0400EAD1686800E069
S315080255C003E000F5AC70E3F7E8FE0DB0BDE8F08F36
S315080255D0FC0200202DE9F0410746F8F743FD05468F
S315080255E0002412E0B868006850F824603046FAF7DA
S315080255F08DF900222A213046F4F72EFD3046FAF7B5
S3150802560085F93046FFF7E6FF641CAC42EAD3BDE8EB
S31508025610F08100002DE9FE4F0446EDF71AFF060059
S3150802562009D0F6F777F98046F6F7B5F9042805D0D2
S31508025630022803D012E00120BDE8FE8FE28C214643
S31508025640228504280AD10846F8F7C6FD0546F5F765
S315080256503BF918B100212846F5F7A4F94046F6F7B2
S315080256609AF9012804D04046F6F795F9032863D13A
S31508025670A06A800331D4002569464046F6F760F9E8
S31508025680BDF80200F18A401AADF80200BDF8000022
S31508025690B18A401AADF8000069463046F6F716FB9D
S315080256A007463046F6F7FBFC824600208046064649
S315080256B0DFF8949001900DE0D9F8002001A9504630
S315080256C090470A2803D1B84501D06D1C2DB2DDF8E2
S315080256D00480761CBE42EFD327E000212046F9F764
S315080256E001FD054600212046F9F71DFD2989B4F971
S315080256F01A200844B4F9161007B2501A00EBD070F3
S3150802570001EB600005B20C214046F6F7AAF9F18AC8
S31508025710084400B2281A90FBF7F0002800DA0020A5
S31508025720A18C814200DC481E05B2002D04DBA9B219
S3150802573001222046FBF755FFE08C029002AA1C21A3
S315080257402046F4F789FC77E71404002070B5D1E9FE
S315080257500245D5B1D4B1E560AC6000EBC21505EBE4
S315080257608305AE6B8E420FD1AC6384420CD100EB3B
S31508025770820501216C6901FA03F39C436C6103D12A
S31508025780036991408B43036170BDFEE7FEE72DE98D
S31508025790F0410C46498C06460020C1F305110EE07D
S315080257A026B1E26852F83020B24207D14FF6FF72AC
S315080257B04FF470212046FAF785FD02E0401C81422B
S315080257C0EED82046F8F74EFC0746002507E0A06803
S315080257D0006850F825103046FFF7D9FF6D1CBD4208
S315080257E0F5D3BDE8F0812DE9FF5F9846DDE90E5451
S315080257F0DDE911A6DDE9149BE4F7A8F8006831464D
S31508025800876B4846F7F79AFB0020034630E0109963
S315080258100AFB00F2414305EB212104EB222209127D
S315080258204FEA222209D4DDF804C0614505DA002AC6
S3150802583003DBDDF808C0624502DB09F800300AE03E
S3150802584002FB0811DDF800C0139A0CEB410102EBCA
S31508025850400209881180BBF1060F07D11399BAB223
S3150802586031F81010914201D109F80030401C00B2FB
S31508025870B042CCDBBDE8FF9F70B505460068F8F775
S315080258807DFC0446006900222721F4F7E5FB002285
S3150802589028216069F4F7E0FB606928B194F82810BA
S315080258A0890701D5F8F746F80020606114F8281F21
S315080258B0002221F0010104F818196021A060286865
S315080258C0FAF7A8FD2068BDE87040FAF71FB870B568
S315080258D004460068F8F752FC0546FBF7B0FE686115
S315080258E023682B61BDE87040002226211846F4F78A
S315080258F0B3BB70B50546F8F741FC040022D0266909
S315080259005EB1002225213046F4F7A6FB206920B1B4
S31508025910002226212846F4F79FFB00202561A06174
S315080259205DB1002227212846F4F796FB206920B1AB
S31508025930002228213046F4F78FFB2846BDE870403E
S31508025940F9F7E4BF70BD002200680A21F4F784BBA8
S3150802595010B50068F8F786FCBDE81040EEF720BAE5
S315080259602DE9FF4F85B090460C460846F8F77AFCB3
S3150802597006461021F9F70BFD00286FD03046F8F7D6
S31508025980CFFC834600253046F8F797FD1434CDE957
S31508025990024000B9059C00213046F9F757F98246BC
S315080259A000213046F9F7D2FA504407B200213046B0
S315080259B0F9F7FAF9504400B20190F08A618838443E
S315080259C0421AB8F80210501A0FFA80F9728B019827
S315080259D0101AE288801A081A00B200903046F8F7C0
S315080259E000FCC11B0198081A00B20490B9F1000F15
S315080259F00CDB0098002814DAB9F1000006DD05462A
S31508025A003046F8F761FD401B0AD40AE000980028E0
S31508025A1007DD404205B23046F8F730FCE84200D5C9
S31508025A2000250398012804D0022807D003280DD19F
S31508025A3015E0F08A61883844294421E0718B01987F
S31508025A40091AE0882844081A284405B20024304670
S31508025A50F8F72CFD0090A8B1029F14E0BDE0049867
S31508025A60F18A00EBD07007EB60000844E28861888F
S31508025A70521A521C12B202EBD27205EB620211449E
S31508025A80401AE1E7059F00213046F9F7DBF9504451
S31508025A900FFA80F900213046F9F710FA5044B18A14
S31508025AA00FFA80FA01EB09003988338B421AB8F8E3
S31508025AB00010501AA3EB0A02BB8800B2D21A891A3E
S31508025AC009B200280ADB002912DA002806DD044694
S31508025AD03046F8F72DFC001B09D409E0002907DD3A
S31508025AE0484204B23046F8F783FCE04200D5002467
S31508025AF03046F9F71FFCA0EB0901A1EB0A00009951
S31508025B0000B2012904D0022907D003290DD122E0C7
S31508025B10B18A01EB0900398803E0318BA1EB0A004F
S31508025B20B9882144401A204404B22D493046EEF77A
S31508025B30FBFF07462B493046EEF7F6FF384306D0F9
S31508025B4000220A213046F4F787FA012845D15FEA8E
S31508025B50CB7011D013E000EBD072B18A09EB620068
S31508025B600844B9883A88891A491C09B201EBD171E5
S31508025B7004EB61011144D5E7002C00DA00245FEA40
S31508025B808B7002D4002C00DD00245FEA4B7002D42D
S31508025B90002D00DA00255FEA0B7002D4002D00DD25
S31508025BA000250898B8F90010002800D020460844B5
S31508025BB0A8F80000B8F9021002D14FF0000000E080
S31508025BC028460844A8F80200089B09B02A46214636
S31508025BD03046BDE8F04FFAF7E7BC09B0BDE8F08FEA
S31508025BE0755C02085D5C02081CB50446828EC18E8D
S31508025BF06B46EDF7E6F9BDF90000002801DA4042E6
S31508025C000CE02046F9F796FBBDF9041088420BDA38
S31508025C102046F9F78FFBBDF80410401A01B201239A
S31508025C2000222046FAF750FDBDF90200002801DAE3
S31508025C3040420CE02046F8F7D4FABDF9061088422D
S31508025C400BDA2046F8F7CDFABDF80610401A02B26A
S31508025C50012300212046FAF737FD1CBD10B503467D
S31508025C60F8F739FC084401B2BDE81040002218468C
S31508025C70E3F792BC10B50346F8F734FC084402B2BF
S31508025C80BDE8104000211846E3F786BCF8B505467C
S31508025C900C460846F2F7A6FC4FF4803631462846EB
S31508025CA0F8F7BAFFE070022808D9284631462022BA
S31508025CB0F9F788F90090BDF80000A0802846314619
S31508025CC03122F9F77FF9C0B2002784F822000228A8
S31508025CD014D9284631463222F9F774F900B22084DB
S31508025CE0002809DD284631463022F9F76BF900907B
S31508025CF0BDF80000E08301E084F8227028463146A8
S31508025D004522F9F75FF9C0B284F8360002281AD993
S31508025D10284631464022F9F755F900B2E0850028AF
S31508025D200FDD284643223146F9F74CF9A086284664
S31508025D3044223146F9F746F90090BDF80000A085DD
S31508025D4001E084F8367031462846F8F7EBFFFD285D
S31508025D500AD2E17811FB00F1090AE1704143080A07
S31508025D6084F8220084F83600E07830B994F82200E4
S31508025D7018B994F83600002805D031462846F9F7AE
S31508025D806BF920800120F8BDA0F84410F9F7BEBDD2
S31508025D90A0F84610F9F7BABD70B5040015D00B4D38
S31508025DA0E868002811D0052104F0DCF801280CD196
S31508025DB0074894E80E0080E80E00E868BDE87040DF
S31508025DC000231A46194603F0B5BE70BD68010020C5
S31508025DD008B1002009B2FBF712B809B2FBF725B8D9
S31508025DE009B2FBF722B8000070B50446006800281D
S31508025DF07DD1F1F7A9F8F1F7EFF8F9F787FD002059
S31508025E00F7F78CFDF0224FF4A0712060FAF701FE35
S31508025E1000212068FAF7E9FD0022FF212068FAF737
S31508025E20FBFE0020F0F7B7FD014600222068FAF7CC
S31508025E30D8FE002211462068FAF7DFFE0022D52195
S31508025E402068FAF7DFFE002211462068FAF7DFFE1D
S31508025E502068F5F789FEFEA16060F6F70BFD0021C2
S31508025E606068F6F7CBFC872205216068FAF7B2FD6F
S31508025E70642211466068FAF7CCFD00221146606872
S31508025E80FAF7E5FE00220A216068FAF744FF6FF086
S31508025E907F452846F0F77FFD014600226068FAF73B
S31508025EA069FF0022F0496068FAF770FF0022FF21B5
S31508025EB06068FAF77AFF002211466068FAF76BFF04
S31508025EC0002211466068FAF76BFF00220221606819
S31508025ED0FAF74BFF0022B3216068FAF79DFE48F6EF
S31508025EE03230F0F758FD01460022606800E0E5E32B
S31508025EF0FAF777FE002211466068FAF77EFE00225C
S31508025F0011466068FAF702FF002211466068FAF73E
S31508025F10F8FE002211466068FAF7E9FE00221146E9
S31508025F206068FAF7E9FE2068EFF712FE2061F5F7D6
S31508025F301BFECEA16061F6F79DFC04216069F6F7A7
S31508025F405DFC00231A4609216069F7F713F9002256
S31508025F5011462069FAF7B4FE42F2640631466069D0
S31508025F60FAF737FF892207212069FAF733FD142247
S31508025F7060212069FAF74DFD0022FF212069FAF710
S31508025F804BFEBC48F0F707FD014600222069FAF7E6
S31508025F9028FE002211462069FAF72FFE0022114632
S31508025FA02069FAF754FE00220A212069FAF7B3FE9D
S31508025FB0002203212069FAF7D3FEAF48F0F7EBFC7B
S31508025FC0014600222069FAF7ABFE0022FF2120696A
S31508025FD0FAF7BCFE002211462069FAF7BCFE002237
S31508025FE001212069FAF7A8FE002202212069FAF7A0
S31508025FF0A8FE2846F0F7CFFC014600222069FAF7E8
S31508026000B9FE00229D492069FAF7C0FE0022FF2147
S315080260102069FAF7CAFE002202212069FAF7A5FECC
S315080260202068F5F7A1FD96A1A060F6F723FC0021EA
S31508026030A068F6F7E3FBA6220A21A068FAF7CAFCCB
S3150802604018225A21A068FAF7E4FC00221146A06831
S31508026050FAF7FDFD00221146A068FAF75CFE28460B
S31508026060F0F799FC01460022A068FAF783FE00229F
S315080260708549A068FAF78AFE0022FF21A068FAF786
S3150802608094FE00221146A068FAF785FE0022114600
S31508026090A068FAF785FE00220121A068FAF765FED4
S315080260A000221146A068FAF7B7FD00221146A06839
S315080260B0FAF72CFE00221146A068FAF722FE002201
S315080260C01146A068FAF713FE00221146A068FAF7ED
S315080260D013FE2068F5F748FD6CA1E060F6F7CAFBE7
S315080260E00021E068F6F78AFBC6223221E068FAF751
S315080260F071FC0F223C21E068FAF78BFC002211465C
S31508026100E068FAF7A4FD00221146E068FAF703FEF2
S315080261102846F0F740FC01460022E068FAF72AFE14
S3150802612000225C49E068FAF731FE0022F321E068B2
S31508026130FAF73BFE00221146E068FAF72CFE002227
S315080261401146E068FAF72CFE00220121E068FAF708
S315080261500CFE00221146E068FAF75EFD002211469F
S31508026160E068FAF7D3FD00221146E068FAF7C9FD9E
S3150802617000221146E068FAF7BAFD00221146E068E5
S31508026180FAF7BAFD2068F5F7EFFC43A1A061F6F726
S3150802619071FB0021A069F6F731FB87226E21A069FF
S315080261A0FAF718FC64221146A069FAF732FC0022B3
S315080261B01146A069FAF74BFD00220A21A069FAF7EF
S315080261C0AAFD2846F0F7E7FB01460022A069FAF77E
S315080261D0D1FD00222449A069FAF7D8FD0022FF2141
S315080261E0A069FAF7E2FD00221146A069FAF7D3FD83
S315080261F000221146A069FAF7D3FD00220221A069FE
S31508026200FAF7B3FD0022D821A069FAF705FD284856
S31508026210F0F7C1FB01460022A069FAF7E2FC002268
S315080262201146A069FAF7E9FC00221146A069FAF7B5
S315080262306DFD00221146A069FAF763FD0022114698
S31508026240A069FAF754FD00221146A06932E000005F
S315080262500A0A20202020202020202020202020205A
S3150802626020202056000000009CB20308E794B5E5FA
S315080262708E8B0000058512000145060084FA020885
S31508026280302E303030000000F4020308302E303051
S31508026290302056000C3303080A0A2020202020202A
S315080262A0202020202020202020202041000000003D
S315080262B00FA2B000FAF720FD2068EFF749FC6062EA
S315080262C0F5F752FCFEA1A062F6F7D4FA0421A06AF9
S315080262D0F6F794FA00231A460921A06AF6F74AFF46
S315080262E000221146606AFAF7EBFC3146A06AFAF711
S315080262F070FD89227021606AFAF76CFB142260210C
S31508026300606AFAF786FB0022C621606AFAF784FCFD
S31508026310ED48F0F740FB01460022606AFAF761FC95
S3150802632000221146606AFAF768FC00221146606A82
S31508026330FAF78DFC00220A21606AFAF7ECFC0022C1
S315080263400321606AFAF70CFDE048F0F724FB0146E0
S315080263500022606AFAF7E4FC0022FF21606AFAF773
S31508026360F5FC00221146606AFAF7F5FC00220121C3
S31508026370606AFAF7E1FC00220221606AFAF7E1FC98
S315080263802846F0F708FB01460022606AFAF7F2FC93
S315080263900022CF49606AFAF7F9FC0022FF21606AF7
S315080263A0FAF703FD00220221606AFAF7DEFC20688A
S315080263B0F5F7DAFBAFF23811E061F6F75BFA00217E
S315080263C0E069F6F71BFAA6227321E069FAF702FBDF
S315080263D019225A21E069FAF71CFB00221146E069E4
S315080263E0FAF735FC00221146E069FAF794FC2846CA
S315080263F0F0F7D1FA01460022E069FAF7BBFC00225F
S31508026400B449E069FAF7C2FC0022FF21E069FAF70B
S31508026410CCFC00221146E069FAF7BDFC00221146BF
S31508026420E069FAF7BDFC00220121E069FAF79DFC52
S3150802643000221146E069FAF7EFFB00221146E069ED
S31508026440FAF764FC00221146E069FAF75AFC0022C0
S315080264501146E069FAF74BFC00221146E069FAF7A1
S315080264604BFC2068F5F780FB9BA12062F6F702FA3F
S315080264700021206AF6F7C2F9C6229B21206AFAF79A
S31508026480A9FA0F223C21206AFAF7C3FA002211461A
S31508026490206AFAF7DCFB00221146206AFAF73BFC6F
S315080264A02846F0F778FA01460022206AFAF762FCD3
S315080264B000228B49206AFAF769FC0022FF21206A2A
S315080264C0FAF773FC00221146206AFAF764FC0022E6
S315080264D01146206AFAF764FC00220121206AFAF7BB
S315080264E044FC00221146206AFAF796FB002211465E
S315080264F0206AFAF70BFC00221146206AFAF701FC19
S3150802650000221146206AFAF7F2FB00221146206A97
S31508026510FAF7F2FB2068F5F727FB72A1E062F6F7B5
S31508026520A9F90021E06AF6F769F98722D721E06A14
S31508026530FAF750FA30226421E06AFAF76AFA002278
S315080265401146E06AFAF783FB00220A21E06AFAF7A3
S31508026550E2FB2846F0F71FFA01460022E06AFAF73C
S3150802656009FC00226249E06AFAF710FC0022FF21C0
S31508026570E06AFAF71AFC00221146E06AFAF70BFCFF
S3150802658000220421E06AFAF70BFC00220221E06AE3
S31508026590FAF7EBFB00229921E06AFAF73DFB554828
S315080265A0F0F7F9F901460022E06AFAF71AFB002227
S315080265B01146E06AFAF721FB00221146E06AFAF769
S315080265C0A5FB00221146E06AFAF79BFB0022114658
S315080265D0E06AFAF78CFB00221146E06AFAF78CFBAE
S315080265E02068EFF7B5FA2063F5F7BEFA42A16063B1
S315080265F0F6F740F90421606BF6F700F900231A460C
S315080266000921606BF6F7B6FD00221146206BFAF7F0
S3150802661057FB3146606BFAF7DCFB8922D921206BDE
S31508026620FAF7D8F912226021206BFAF7F2F900225A
S31508026630FF21206BFAF7F0FA3148F0F7ACF9014678
S315080266400022206BFAF7CDFA00221146206BFAF7E0
S31508026650D4FA00221146206BFAF7F9FA00220A2127
S31508026660206BFAF758FB00220321206BFAF778FB16
S315080266702448F0F790F901460022206BFAF750FBFE
S315080266800022FF21206BFAF761FB00221146206BDC
S31508026690FAF761FB00220121206BFAF74DFB002273
S315080266A00221206BFAF74DFB2846F0F774F90146EA
S315080266B00022206BFAF75EFB002225E0FEE30000CB
S315080266C0E794B5E6B581000026AAB7000860660019
S315080266D084FA0208F4020308302E303030204100D2
S315080266E00C3303080A302E303030205700000000E1
S315080266F09CB20308F2E80500E58A9FE78E87000048
S31508026700AD9D06005B501000FE49206BFAF73EFB72
S315080267100022FF21206BFAF748FB00220221206B98
S31508026720FAF723FB2068F5F71FFAF7A1A063F6F735
S31508026730A1F80021A06BF6F761F8BA22D721A06B5F
S31508026740FAF748F930226421A06BFAF762F90022B7
S315080267501146A06BFAF77BFA00220A21A06BFAF718
S31508026760DAFA2846F0F717F901460022A06BFAF77B
S3150802677001FB0022E749A06BFAF708FB0022FB217E
S31508026780A06BFAF712FB00221146A06BFAF703FB7D
S3150802679000220421A06BFAF703FB00220221A06B58
S315080267A0FAF7E3FA0022C221A06BFAF735FADA48B9
S315080267B0F0F7F1F801460022A06BFAF712FA002266
S315080267C01146A06BFAF719FA00221146A06BFAF7DE
S315080267D09DFA00221146A06BFAF793FA0022114697
S315080267E0A06BFAF784FA00221146A06BFAF784FA2C
S315080267F02068EFF7ADF9E063F5F7B6F9C7A12064AB
S31508026800F6F738F80421206CF5F7F8FF00231A4644
S315080268100921206CF6F7AEFC00221146E06BFAF766
S315080268204FFA3146206CFAF7D4FABC22D921E06B2A
S31508026830FAF7D0F812226021E06BFAF7EAF800229A
S31508026840B721E06BFAF7E8F9B648F0F7A4F801467B
S315080268500022E06BFAF7C5F900221146E06BFAF757
S31508026860CCF900221146E06BFAF7F1F900220A2167
S31508026870E06BFAF750FA00220321E06BFAF770FA96
S31508026880A948F0F788F801460022E06BFAF748FAB9
S315080268900022DC21E06BFAF759FA00221146E06B76
S315080268A0FAF759FA00220121E06BFAF745FA0022B3
S315080268B00221E06BFAF745FA2846F0F76CF801462A
S315080268C00022E06BFAF756FA00228E49E06BFAF7D5
S315080268D05DFA0022FF21E06BFAF767FA002202212D
S315080268E0E06BFAF742FA2068F5F73EF98FA1606481
S315080268F0F5F7C0FF0021606CF5F780FF05225A21E3
S31508026900606CFAF767F81A226421606CFAF781F864
S3150802691000220221606CFAF79AF900223321606C90
S31508026920FAF78BF92846F0F736F801460022606C2A
S31508026930FAF777F900220F21606CFAF783F9002239
S315080269400821606CFAF7E7F92846F0F724F80146B9
S315080269500022606CFAF70EFA00226E49606CFAF7AA
S3150802696015FA0022E221606CFAF71FFA0022114694
S31508026970606CFAF710FA00221146606CFAF710FA00
S3150802698000220221606CFAF7F0F900224521606CB8
S31508026990FAF742F92846EFF7FEFF01460022606C35
S315080269A0FAF71FF900221146606CFAF726F9002257
S315080269B01146606CFAF7AAF900221146606CFAF7DA
S315080269C0A0F900221146606CFAF791F900221146E5
S315080269D0606CFAF791F92068F5F7C6F856A1A06433
S315080269E0F5F748FF0021A06CF5F708FF0522C32139
S315080269F0A06CF9F7EFFF1A225021A06CFAF709F8F2
S31508026A0000220221A06CFAF722F900222521A06CA5
S31508026A10FAF713F92846EFF7BEFF01460022A06CE3
S31508026A20FAF7FFF800220F21A06CFAF70BF90022F9
S31508026A300821A06CFAF76FF92846EFF7ACFF014672
S31508026A400022A06CFAF796F900223249A06CFAF7EE
S31508026A509DF90022D521A06CFAF7A7F90022114662
S31508026A60A06CFAF798F900221146A06CFAF798F981
S31508026A7000220221A06CFAF778F900224521A06CBF
S31508026A80FAF7CAF82846EFF786FF01460022A06CF5
S31508026A90FAF7A7F800221146A06CFAF7AEF8002218
S31508026AA01146A06CFAF732F900221146A06CFAF7E1
S31508026AB028F900221146A06CFAF719F900221146A4
S31508026AC0A06CFAF719F92068F5F74EF81CA1E064EC
S31508026AD0F5F7D0FE0021E06CF5F790FE052240F2AC
S31508026AE01711E06CF9F776FF1A222321E06CF9F701
S31508026AF090FF00220221E06CFAF7A9F8002225216C
S31508026B00E06C1FE084FA02080A20302E3030206D2D
S31508026B10576800009CB203084202A400E883BDE954
S31508026B20878F0000400194000E00240030303A306E
S31508026B30303A303000000000302E30C2B043000038
S31508026B4020205200FAF779F82846EFF724FF014683
S31508026B500022E06CFAF765F800220F21E06CFAF7DA
S31508026B6071F80022FE49E06CFAF710F900228C212E
S31508026B70E06CFAF71AF900220821E06CFAF7CBF86A
S31508026B8000224521E06CFAF747F82846EFF703FF9B
S31508026B9001460022E06CFAF724F800221146E06C5E
S31508026BA0FAF72BF800221146E06CFAF7AFF8002242
S31508026BB01146E06CFAF7A5F800221146E06CFAF7DE
S31508026BC096F800221146E06CFAF796F82068F4F770
S31508026BD0CBFFE4A12065F5F74DFE0021206DF5F700
S31508026BE00DFE05221146206DF9F7F4FE1A225021F0
S31508026BF0206DF9F70EFF00220221206DFAF727F819
S31508026C0000222521206DFAF718F82846EFF7C3FE69
S31508026C1001460022206DFAF704F800220F21206DA2
S31508026C20FAF710F800220821206DFAF774F82846B8
S31508026C30EFF7B1FE01460022206DFAF79BF8002213
S31508026C40C749206DFAF7A2F80022F321206DFAF758
S31508026C50ACF800221146206DFAF79DF800220221AF
S31508026C60206DFAF79DF800220221206DFAF77DF8C9
S31508026C7000224521206DF9F7CFFF2846EFF78BFE54
S31508026C8001460022206DF9F7ACFF00221146206D5D
S31508026C90F9F7B3FF00221146206DFAF737F80022FA
S31508026CA01146206DFAF72DF800221146206DFAF7E3
S31508026CB01EF800221146206DFAF71EF82068F4F72E
S31508026CC053FFAFF644216065F5F7D4FD0021606DE8
S31508026CD0F5F794FD34220A21606DF9F77BFE5022FE
S31508026CE04FF48271606DF9F794FE00221146606DC9
S31508026CF0F9F7ADFF00221146606DFAF70CF828463F
S31508026D00EFF749FE01460022606DFAF733F80022D2
S31508026D109649606DFAF73AF80022FF21606DFAF794
S31508026D2044F800221146606DFAF735F8002211463A
S31508026D30606DFAF735F800220121606DFAF715F849
S31508026D4000221146606DF9F767FF00221146606D51
S31508026D50F9F7DCFF00221146606DF9F7D2FF00222F
S31508026D601146606DF9F7C3FF00221146606DF9F707
S31508026D70C3FF2068F4F7F8FE7BA1A065F5F77AFD54
S31508026D800021A06DF5F73AFD5722C821A06DF9F743
S31508026D9021FE20226421A06DF9F73BFE002211464E
S31508026DA0A06DF9F754FF00221146A06DF9F7B3FF5B
S31508026DB02846EFF7F0FD01460022A06DF9F7DAFF43
S31508026DC000226B49A06DF9F7E1FF0022FF21A06DB1
S31508026DD0F9F7EBFF00221146A06DF9F7DCFF002256
S31508026DE01146A06DF9F7DCFF00220221A06DF9F722
S31508026DF0BCFF00221146A06DF9F70EFF00221146CC
S31508026E00A06DF9F783FF00221146A06DF9F779FF05
S31508026E1000221146A06DF9F76AFF00221146A06DFD
S31508026E20F9F76AFF2068F4F79FFE52A1E065F5F7C5
S31508026E3021FD0021E06DF5F7E1FCDB221321E06D6F
S31508026E40F9F7C8FD0F223821E06DF9F7E2FD0022B5
S31508026E501146E06DF9F7FBFE00221146E06DF9F7DF
S31508026E605AFF2846EFF797FD01460022E06DF9F72B
S31508026E7081FF00224149E06DF9F788FF0022E721E8
S31508026E80E06DF9F792FF00221146E06DF9F783FFEC
S31508026E9000221146E06DF9F783FF00220121E06D19
S31508026EA0F9F763FF00221146E06DF9F7B5FE0022F5
S31508026EB01146E06DF9F72AFF002200E035E2114695
S31508026EC0E06DF9F71EFF00221146E06DF9F70FFF94
S31508026ED000221146E06DF9F70FFF2068F4F744FE29
S31508026EE024A12066F5F7C6FC0021206EF5F786FC7C
S31508026EF0DB227C21206EF9F76DFD0E222D21206EF4
S31508026F00F9F787FD00221146206EF9F7A0FE002246
S31508026F101146206EF9F7FFFE2846EFF73CFD0146BB
S31508026F200022206EF9F726FF00221449206EF9F78F
S31508026F302DFF0022FF21206EF9F737FF00221146A6
S31508026F40206EF9F728FF00221146206EF9F728FF6E
S31508026F5000220121206EF9F708FF002211460FE0F0
S31508026F609CB2030843432F4356000000D8F5020893
S31508026F70F4020308E8BE93E585A53A0018B30208A9
S31508026F80206EF9F749FE00221146206EF9F7BEFE79
S31508026F9000221146206EF9F7B4FE00221146206E31
S31508026FA0F9F7A5FE00221146206EF9F7A5FE20681C
S31508026FB0F4F7DAFDAFF62C516066F5F75BFC0021B3
S31508026FC0606EF5F71BFCDC223221606EF9F702FDD2
S31508026FD00F223821606EF9F71CFD00221146606EF9
S31508026FE0F9F735FE00221146606EF9F794FE284637
S31508026FF0EFF7D1FC01460022606EF9F7BBFE0022CC
S31508027000CA49606EF9F7C2FE0022F321606EF9F7EB
S31508027010CCFE00221146606EF9F7BDFE002211462B
S31508027020606EF9F7BDFE00220121606EF9F79DFE3A
S3150802703000221146606EF9F7EFFD00221146606ED6
S31508027040F9F764FE00221146606EF9F75AFE00222D
S315080270501146606EF9F74BFE00221146606EF9F78B
S315080270604BFE2068F4F780FDAFF69411A066F5F79B
S3150802707001FC0021A06EF5F7C1FBDC229B21A06E64
S31508027080F9F7A8FC0F223821A06EF9F7C2FC0022F4
S315080270901146A06EF9F7DBFD00221146A06EF9F73C
S315080270A03AFE2846EFF777FC01460022A06EF9F76A
S315080270B061FE00229D49A06EF9F768FE0022FF21B3
S315080270C0A06EF9F772FE00221146A06EF9F763FE6A
S315080270D000221146A06EF9F763FE00220121A06E76
S315080270E0F9F743FE00221146A06EF9F795FD002234
S315080270F01146A06EF9F70AFE00221146A06EF9F7AC
S3150802710000FE00221146A06EF9F7F1FD0022114693
S31508027110A06EF9F7F1FD2068F4F726FD84A1E06672
S31508027120F5F7A8FB0021E06EF5F768FBC6221321E6
S31508027130E06EF9F74FFC0F223821E06EF9F769FC89
S3150802714000221146E06EF9F782FD00221146E06E32
S31508027150F9F7E1FD2846EFF71EFC01460022E06E2C
S31508027160F9F708FE00227449E06EF9F70FFE0022CD
S31508027170FB21E06EF9F719FE00221146E06EF9F7D7
S315080271800AFE00221146E06EF9F70AFE00220121E4
S31508027190E06EF9F7EAFD00221146E06EF9F73CFDCA
S315080271A000221146E06EF9F7B1FD00221146E06EA3
S315080271B0F9F7A7FD00221146E06EF9F798FD0022BD
S315080271C01146E06EF9F798FD2068F4F7CDFC58A150
S315080271D02067F5F74FFB0021206FF5F70FFBC62254
S315080271E07C21206FF9F7F6FB0F223821206FF9F779
S315080271F010FC00221146206FF9F729FD00221146DC
S31508027200206FF9F788FD2846EFF7C5FB01460022ED
S31508027210206FF9F7AFFD00224749206FF9F7B6FD4F
S315080272200022FF21206FF9F7C0FD00221146206FC8
S31508027230F9F7B1FD00221146206FF9F7B1FD0022D8
S315080272400121206FF9F791FD00221146206FF9F707
S31508027250E3FC00221146206FF9F758FD0022114679
S31508027260206FF9F74EFD00221146206FF9F73FFD10
S3150802727000221146206FF9F73FFD2068F5F7A0FBBB
S3150802728002222E496067F5F767FCD8220621606F4D
S31508027290F9F7A0FB01226721606FF9F7BAFB002212
S315080272A00221606FF9F702FD2548EFF774FB0146E4
S315080272B00022606FF9F7E4FC0022CC21606FF9F72F
S315080272C0EBFC00220121606FF9F7EBFC2068F5F769
S315080272D077FB1A4902220831A067F5F73DFCD82246
S315080272E06F21A06FF9F776FB01226721A06FF9F7E4
S315080272F090FB00220221A06FF9F7D8FC1148EFF79C
S315080273004AFB01460022A06FF9F7BAFC0022822145
S31508027310A06FF9F7C1FC00220121A06FF9F7C1FCA1
S315080273202068BDE87040F9F7CBBD70BD0C33030881
S31508027330E8AEBEE5AE9A3A0018B3020898000020F5
S3150802734000430500056871002DE9F84F04464F1001
S3150802735091460D464FEA610AC80700D17F1E6000B2
S315080273608346F5F751FC06464B46002026E000BF49
S3150802737003EB4400009030F8021C6943601E15D4E2
S31508027380002200EB0A0C26F81010A44501DA33F89D
S315080273901C208A1AC11B012901D5198803E003EBAF
S315080273A0410131F8021C401E1144E9D55A463146BC
S315080273B01846F5F7C3FC009B08F101008046A04277
S315080273C0D6DB4FF47F51B1FBF5F2002093B214FBE2
S315080273D004FC0CE039F8102042B18A4202D129F89D
S315080273E0103003E092FBF5F229F81020401C844580
S315080273F0F0D8002039E000BF09EB40029346138813
S315080274006B43002123E0002B02DA4FF0000C01E067
S315080274104FEAA31C26F811C0A1EB0A0CBCF1000F17
S3150802742002DCB2F800C003E00CFB040839F818C005
S31508027430A3EB0C0CCB195B1CA34200DB631E03FBFC
S31508027440040802EB440239F81830491C6344A14285
S31508027450D9DB5A46002105E036F81130138002EBD3
S315080274604402491CA142F7DB401CA042C4DB304659
S31508027470BDE8F84FF5F714BC2DE9F0470E468AB079
S315080274801F468046014615469146D41907A8EEF7C7
S31508027490BDF805EBD57007EB600145F30002891AC2
S315080274A0891EADF82010012101EB6000ADF81E001F
S315080274B04046EEF70DF9BDF82010081AADF81C0083
S315080274C04046EEF7D9F8BDF81E1000230844ADF879
S315080274D022003A4607A901A8F0F7B6FF4D46B9F1C8
S315080274E0010F01D04FEA69052046F5F78DFB824662
S315080274F0B046002734E021465046F5F71FFD01A89D
S315080275000090DDF804C023B23AB200215046E047A3
S3150802751040B19AF80000800190FBF5F1A8F8001036
S31508027520012018E061004046F5F7DAFC15E000BFD5
S315080275300AEB00021AF8001012F8012C914204D143
S3150802754008EB400131F8022C02E0890191FBF5F2C1
S3150802755028F81020401CA042EADB08EB44087F1CEE
S31508027560A742C8DB5046F5F79BFB01A8F0F7E4FCF7
S31508027570012D14D020B2324629460746FFF7E4FE0B
S3150802758009F00100284401B2012926DD4FF47F5093
S3150802759090FBF1F2002093B204FB04F517E00020F9
S315080275A0644304E036F810108A093254401C8442B7
S315080275B0F8DC0AB0BDE8F08736F8102032B1FF2AA7
S315080275C00ED0920192FBF1F226F81020401C854259
S315080275D0F2D832463846FFF7B7FE0020644307E082
S315080275E026F81030F2E700BF16F810103154401C86
S315080275F08442F9DCDDE7F0B597B0074614460D4636
S3150802760001A8F0F7EFFFFF2211461046EFF702FA3C
S315080276100090BDF800000090BDF80000ADF8080023
S3150802762000262A4601A93846F0F7C8FF0FA8F0F740
S315080276300DFA23462A460FA938460096EFF766FF43
S3150802764017B0F0BD38B51248FEF7CEFB104D2868C4
S31508027650C0B1EDF799FA0F4CA068FBF713FD0020AD
S31508027660A06000900023C82209212868F9F7EEFFD6
S3150802767001202070BDE8384000224FF49671064872
S31508027680FBF7DEBCBDE8384004A0EBF717BB0000E9
S315080276905C0400207C00002039BE00086D61696E1A
S315080276A02073637265656E20637265617465206610
S315080276B061696C656400000030B591B005464FF407
S315080276C0E0216522F7F77EFC040017D06846EDF73D
S315080276D07DFA0F480B94CDE9005001200E94002143
S315080276E00890CDE909010B4807904FF6FF70ADF8EF
S315080276F040006846EDF7C8FA11B030BD044928467D
S31508027700EDF712FA15F8540F40F001002870F3E766
S31508027710CDBB0008594C01082DE9FC47FE4DFF4C2C
S3150802772095F82000C00703D0FD48EFF747F903E0B4
S3150802773004211220F9F7F6FB0090BDF800006080DC
S3150802774095F82000C00704D005211220F9F7EAFBB4
S3150802775003E004211220F9F7CDFB0090BDF80000E2
S31508027760A08095F82000C00703D0EE48EFF726F967
S3150802777001E0EFF7ADFA0090BDF80000E08095F859
S315080277802000C00703D0E848EFF718F903E0022102
S315080277901220F9F7C7FB0090BDF800002081E068C7
S315080277A0D03000F0C1FDE068D83000F0BDFD0026FB
S315080277B04620CDE90006D8485023DC4ADC49283859
S315080277C0FAF750FED44800965023D84AD8491438B6
S315080277D00196FAF747FED049E0682839D030FAF719
S315080277E039FECD49E0681439D830FAF733FEE06835
S315080277F0083000F099FD95F82000C00704D0022150
S315080278001220F9F777FB02E01220F9F7A5FB0146E9
S31508027810E0680830FAF7CCFCE06847F6FF7A51468A
S315080278200830FAF7D6FD0721E868EFF76BFA014642
S31508027830E0680830FAF71CFD0521E868EFF762FAF6
S315080278400146E0680830FAF709FEE0686621083062
S31508027850FAF7B9FCB049E06814390830FAF7FAFDC4
S31508027860E068103000F060FDE068FF211030FAF79A
S31508027870AAFCE06800F058FDFF21E068FAF7A3FCCD
S315080278806088ADF800000099E068FAF791FCA088D4
S31508027890ADF800000099E068FAF7C5FD607801289E
S315080278A07ED00228E8687CD05FF00A01EFF72AFA50
S315080278B00146E068FAF7FFFC6078012872D00228D0
S315080278C0E86870D05FF00A01EFF71CFA0146E06833
S315080278D0FAF7E5FCE068183000F026FD6078012822
S315080278E0E8687DD05FF00801EFF70CFA0146E06818
S315080278F01830FAF76EFDE068FF211830FAF763FCD4
S31508027900E088ADF80000E06800991830FAF750FCF4
S315080279102089ADF80000E06800991830FAF757FC9C
S315080279200221E868EFF7EEF90146E0681830FAF73F
S3150802793061FCE06801211830FAF754FCA088ADF81A
S315080279400000E06800991830FAF76DFD60780128A2
S315080279507ED00228E8687CD05FF01001EFF7D2F9F2
S315080279600146E0681830FAF783FC6078012871D07E
S315080279700228E8686FD00A21EFF7C4F90146E068E1
S315080279801830FAF798FC6078012865D00228E8686A
S315080279907ED00A21EFF7B6F90146E068183003E00F
S315080279A07FE081E082E084E0FAF779FC1220F9F7B9
S315080279B0D3FA0146E0681830FAF730FC0121E86884
S315080279C0EFF7A0F90146E0681830FAF732FCE068EA
S315080279D0A03000F0A9FC504EE068283EB16B00E0EA
S315080279E069E0A030FAF72DFC0321E868EFF78AF977
S315080279F00146E068A030FAF737FC0321E868EFF79A
S31508027A0081F90146E068A030FAF72AFCE0687F218E
S31508027A10A030FAF721FCE068A83000F085FC708FE8
S31508027A20ADF80000E0680099A830FAF70AFC0321CD
S31508027A30E868EFF767F90146E068A830FAF714FC38
S31508027A40E0687F21A830FAF707FCE068203004E0F6
S31508027A5033E035E036E038E039E000F065FC60787E
S31508027A60012839D00228E86839D00821EFF74AF9FF
S31508027A700146E0682030FAF7ACFCE068FF212030C6
S31508027A80FAF7A1FB2089ADF800000099E06800E04A
S31508027A9020E02030FAF78CFB95F82000C00720D0AA
S31508027AA070E00E21E86801E70C21FFE60E21E8687E
S31508027AB00AE70C2108E70C2116E71821E8684DE7C2
S31508027AC014214BE70E21E86856E70C2154E70E21EC
S31508027AD0E8685FE70C215DE71021E868C6E70C2134
S31508027AE0C4E71220F9F738FA0146E0682030FAF7B7
S31508027AF074FC0020EFF72EFA00EB40004FF4A07951
S31508027B0050304FF0A008484517DB0020EFF722FA5D
S31508027B1000EB400050300DE008270120400300200A
S31508027B201A171500302B280037322F00354C01085A
S31508027B30B0AF020890FBF8F000E0012001B2E0685D
S31508027B402030FAF75DFCE0687F212030FAF754FC12
S31508027B500020EFF7FFF9502707EB8000484507DBBF
S31508027B600020EFF7F7F907EB800191FBF8F000E048
S31508027B70012001B2E868EFF7C5F80146E06820304F
S31508027B80FAF736FCA088ADF80000E06800992030C4
S31508027B90FAF749FCE06800F12008607801287DD0F0
S31508027BA00228E8687BD01021EFF7ACF807460146B1
S31508027BB04046FAF778FB39464046FAF778FBE0681A
S31508027BC000F12008607801286AD00228E86868D09F
S31508027BD05FF00A01EFF796F8074601464046FAF7BC
S31508027BE06EFB39464046FAF756FB0521E868EFF779
S31508027BF089F80146E0682030FAF751FB0521E86862
S31508027C00EFF780F80146E0682030FAF754FBFF499F
S31508027C10FD4808600831FE480860E068583000F000
S31508027C2083FBE068F9495830FAF7ECFAE068232151
S31508027C305830FAF7EBFAE068603000F075FBF34962
S31508027C40E06808316030FAF7DDFAE0687F216030D3
S31508027C50FAF7DCFAE068C03000F066FBE06801215A
S31508027C60C030FAF7CBFAE0680121C030FAF7BAFA5F
S31508027C70E068803000F058FB607801287ED0022840
S31508027C80E8687CD05FF01001EFF73CF80146E0683F
S31508027C908030FAF7EDFA6078012803E006E308E394
S31508027CA009E30BE36CD00228E8686AD05FF010019A
S31508027CB0EFF728F80146E0688030FAF7FCFA6078B0
S31508027CC001287DD00228E8687BD01021EFF71AF840
S31508027CD00146E0688030FAF7E2FAE068783000F0A8
S31508027CE023FB607801286DD00228E8686BD00A2148
S31508027CF0EFF708F80146E0687830FAF7B9FAE0686B
S31508027D0000F17808607801287ED00228E8687CD0DD
S31508027D105FF00A01EEF7F6FF074601464046FAF714
S31508027D20CAFA39464046FAF7BAFAE068883000F0E5
S31508027D30FBFA0A21E868EEF7E5FF0146E0688830B3
S31508027D40FAF7B9FA0A21E868EEF7DCFF0146E068B5
S31508027D508830FAF7A4FAE068903000F0E5FA1421C0
S31508027D60E868EEF7CFFF0146E0689030FAF766FB5F
S31508027D70E068983000F0D8FA022103E0A0E2A2E215
S31508027D80A3E2A5E2E0689830FAF749FBE0686830B2
S31508027D9000F0CAFAE06800216830FAF769FAE06882
S31508027DA000216830FAF787FAE06800216830FAF7A6
S31508027DB076FAE068703000F0B7FA6078012803E0D6
S31508027DC088E28AE28BE28DE27ED00228E8687CD0DD
S31508027DD05FF00201EEF796FF0146E0687030FAF7A7
S31508027DE047FA6078012871D00228E8686FD0022124
S31508027DF0EEF788FF0146E0687030FAF75CFA6078B9
S31508027E00012865D0022801E06EE270E2E8687DD0BA
S31508027E105FF00201EEF776FF0146E0687030FAF786
S31508027E203EFAE068283000F07FFAE068B16B283045
S31508027E30FAF7BEF9EEF74CFF0146E0682830FAF782
S31508027E40F2FAE068FF212830FAF7BDF9E068303027
S31508027E5000F06AFAE068B16B3030FAF7A9F9E0681F
S31508027E60B16B3030FAF7DFFAE06833213030FAF7CF
S31508027E70AAF9E068383000F057FA708FADF80000BA
S31508027E80E06800993830FAF793F9EEF721FF0146D0
S31508027E90E0683830FAF7C7FAE068FF213830FAF7AF
S31508027EA092F9E068403000F03FFA708FADF80000B2
S31508027EB0E06800994030FAF77BF9708FADF8000058
S31508027EC0E0680099403004E013E215E216E218E28F
S31508027ED019E2FAF7A8FAE06833214030FAF773F99B
S31508027EE0E068483000F020FA2089ADF80000E06822
S31508027EF000994830FAF75CF9E068FF214830FAF74A
S31508027F0062F9A088ADF80000009900E0FEE1E06899
S31508027F104830FAF788FAE068503000F005FAE08847
S31508027F20ADF80000E06800995030FAF741F9E068C8
S31508027F30FF215030FAF747F9A088ADF80000E0684B
S31508027F4000995030FAF76FFAE068B03000F0ECF9B1
S31508027F50E06857465146B030FAF73BFAE068B8305F
S31508027F6000F0E2F9E0680021B830FAF732FAE06880
S31508027F70C83000F0D9F90321E868EEF7C3FE0146D6
S31508027F80E068C830FAF762FA0321E868EEF7BAFE43
S31508027F900146E068C830FAF755FAE068F03000F0B2
S31508027FA0C3F9E068B16BF030FAF702F9E068FF212D
S31508027FB0F030FAF708F90621E868EEF7A3FE01465B
S31508027FC0E068F030FAF754F9E0683946F030FAF723
S31508027FD000FAE068E03000F0A7F9E068C821E0306E
S31508027FE0FAF7CFF8E068E83000F09EF9E068782101
S31508027FF0E830FAF7C6F8E06800F5807000F094F900
S315080280002089ADF8000005E03BBC000850030020BB
S31508028010513B0108E068009900F58070FAF7B5F857
S315080280200F21E868EEF76EFE0146E06800F58070FB
S31508028030FAF7BAF8E068012100F58070FAF7B0F8A5
S31508028040E06800F5847000F06FF9E068B16B00F53E
S315080280508470FAF79AF8E06800F5987000F064F907
S31508028060E0684FF4827100F59870FAF7E6F8E0686E
S3150802807000F59C7000F058F90421E868EEF742FE14
S31508028080404201B2E06800F59C70FAF7F1F8EEF7A3
S315080280901FFE0146E06800F59C70FAF789F8E06869
S315080280A000F5A07000F040F9E068012100F5A07023
S315080280B0FAF7BFF8A088ADF80000E068009900F565
S315080280C0A070FAF7ABF8E06800F5947000F02CF9A6
S315080280D0E068002100F59470FAF784F80A21E86846
S315080280E0EEF710FE0146E06800F59470FAF7D7F845
S315080280F02089ADF80000E068009900F59470FAF757
S315080281008DF8E06800F5887000F00EF90321E8683A
S31508028110EEF7F8FD0146E06800F58870FAF789F887
S315080281200321E868EEF7EEFD0146E06800F588707F
S31508028130FAF74FF90821E868EEF7E4FD0146E06828
S3150802814000F58870FAF760F90221E868EEF7DAFDB9
S315080281500146E06800F58870FAF7A1F8E06800F5CC
S315080281608C7000F0E1F8E068394600F58C70FAF791
S3150802817030F90821E868EEF7C5FD0146E06800F522
S315080281808C70FAF741F9E068B16B00F58C70FAF772
S315080281900FF8E068FF2100F58C70FAF714F8E0682A
S315080281A000F5907000F0C0F80121E868EEF7AAFD24
S315080281B00146E06800F59070FAF73BF8A088ADF83A
S315080281C00000E068009900F59070FAF727F8022196
S315080281D0E868EEF797FD0146E06800F59070FAF751
S315080281E047F81220F8F7B8FE0146E06800F59070E5
S315080281F0FAF719F9E06800F5A47000F095F801217C
S31508028200E868EEF77FFD0146E06800F5A470F9F725
S31508028210F1FF2089ADF80000E068009900F5A47026
S31508028220F9F7D5FFE068032100F5A470F9F7DEFF38
S31508028230E06800F5A87000F077F8A088ADF80000AD
S31508028240E068009900F5A870F9F7C1FF0221E8680D
S31508028250EEF758FD0146E06800F5A870F9F7CAFF7F
S315080282600121E868EEF74EFD404201B2E06800F5EA
S31508028270A870FAF718F8E068042100F5A870F9F76B
S31508028280B5FFE0684FF4C87100F5A870F9F779FFF1
S31508028290E06800F5AC7000F047F895F82000C007D2
S315080282A036D002211220F8F725FE35E01821E868B3
S315080282B07AE4142178E40E21E8688BE40C2189E437
S315080282C01821E868E0E41421DEE41821E868EFE4FE
S315080282D01421EDE41821E868F8E41421F6E40E21E5
S315080282E0E86805E50C2103E50E21E86812E50C218C
S315080282F010E50821E8686DE506216BE50821E868BE
S3150802830076E5062174E50821E86883E5062181E514
S3150802831001211220F8F706FE0146E068BDE8FC478F
S3150802832000F5AC70FAF77FB80349097809B1F9F78D
S3150802833014BFF9F708BE0000400300202DE9F35FD9
S315080283400198F5F78FFFFE4C4FF48039A8B1FD4925
S315080283500198F5F79BF9A0B1E16800221831019856
S31508028360F4F7B2FEE1684A4608310198F4F7ACFE22
S31508028370E168F54A10310198FEE20022E1680198A7
S31508028380EEE7F2490198F5F781F9A0B3E168002210
S3150802839020310198F4F798FEE16800222831019805
S315080283A0F4F792FEE1680022D0310198F4F78CFEC8
S315080283B0E168202258310198F4F786FEE168202206
S315080283C0D8310198F4F780FEE1680422A0310198B9
S315080283D0F4F77AFEE1682022C8310198F4F774FEB0
S315080283E0E168012238310198F4F76EFEE1688022CD
S315080283F060310198C0E2FFE7D5490198F5F746F9D9
S3150802840028B1E168002201F5A0710198B4E2D149C8
S315080284100198F5F73BF94FF4A027DFF83C8307F1FB
S31508028420040A0AF1040BA8B3E1680022183101987C
S31508028430F4F74AFEE1680422A0310198F4F744FEF3
S31508028440E1680822A8310198F4F73EFEE1683A4647
S3150802845020310198F4F738FEBF4AE168603260318C
S315080284600198F4F731FEE168424658310198F4F76B
S315080284702BFEE1687A1C28310198F4F725FEE1689B
S315080284805246A0310198F4F71FFEE1685A46A83110
S31508028490019871E2FFE7B1490198F5F7F7F84FF449
S315080284A0003510B3E168002230310198F4F70CFE6A
S315080284B0E1680022B0310198F4F706FEE168042269
S315080284C0A0310198F4F700FEE1680822A831019864
S315080284D0F4F7FAFDE1682A4628310198F4F7F4FD23
S315080284E0E1682A46B031019846E29D490198F5F7B6
S315080284F0CDF84FF44036A8B3E1680022303101982E
S31508028500F4F7E2FDE1680022B0310198F4F7DCFDE8
S31508028510E1680422A0310198F4F7D6FDE168082241
S31508028520A8310198F4F7D0FDE1682A462831019866
S31508028530F4F7CAFDE1682A46B0310198F4F7C4FD9A
S31508028540E1683246F0310198F4F7BEFD854DE168DF
S315080285502A46C8310198F4F7B7FDE1683246D031A8
S315080285600198ABE0FFE780490198F5F78FF8E8B381
S31508028570E168002218310198F4F7A6FDE1680022A5
S3150802858068310198F4F7A0FDE1680022B831019834
S31508028590F4F79AFDE1680422A0310198F4F794FDF4
S315080285A0E1680822A8310198F4F78EFDE1684A4687
S315080285B008310198F4F788FDE168634A1031019899
S315080285C0F4F782FDE1683A4650310198F4F77CFDEA
S315080285D0E1683A4601F5A4710198F4F775FDE16878
S315080285E03A4680310198F4F76FFD00E010E0E16841
S315080285F0424658310198F4F767FDE1685246283138
S315080286000198F4F761FDE1685A4638310198B3E1F9
S3150802861056490198F5F73AF8002856D0E16800223B
S3150802862048310198F4F750FDE1680022B03101980B
S31508028630F4F74AFDE1680022E8310198F4F744FDAF
S31508028640E168802260310198F4F73EFDE168042270
S31508028650A0310198F4F738FD454FE1683A462831CA
S315080286600198F4F731FDE1682A46B0310198F4F72A
S315080286702BFD3F4AE1687F3260310198F4F724FD09
S31508028680E1683246F0310198F4F71EFDE168324698
S3150802869050310198F4F718FDE168324601F59C71EC
S315080286A00198F4F711FD2F4AE168603260310198AA
S315080286B0F4F70AFDE1683A46D8310198F4F704FD61
S315080286C0E1682A46D831019856E12A490198F4F711
S315080286D0DDFF98B3E168002218310198F4F7F4FC3B
S315080286E0E168002278310198F4F7EEFCE16800228D
S315080286F001F594710198F4F7E7FCE1684A460831F6
S315080287000198F4F7E1FCE1680F4A10310198F4F791
S31508028710DBFCE1683A4601F588710198F4F7D4FC66
S31508028720E1682A4601F58C710198F4F7CDFCE168F7
S315080287304FF4C02201F5907101981DE025E0000072
S31508028740400300204CAE020840000100589B040872
S31508028750009C0408749B0408200005003C9B04083E
S31508028760549C0408200003008C9C0408709C04088E
S3150802877001000200C8AF0208F4F7A6FCE1684FF44C
S31508028780E02201F588710198F6E07F490198F4F72D
S315080287907DFF4FF4802740B3E16800221831019823
S315080287A0F4F792FCE1680022E0310198F4F78CFCB8
S315080287B0E168002290310198F4F786FCE16800220C
S315080287C098310198F4F780FCE1680422A0310198F7
S315080287D0F4F77AFCE1680822A8310198F4F774FCE8
S315080287E0E1683A4628310198C6E068490198F4F7E3
S315080287F04DFF40B3E168002218310198F4F764FC92
S31508028800E168002278310198F4F75EFCE1680022FB
S31508028810D0310198F4F758FCE1682022D831019842
S31508028820F4F752FCE168202258310198F4F74CFC1F
S31508028830E1680422A0310198F4F746FCE1680822AF
S31508028840A83101983AE752490198F4F71FFFB0B3E5
S31508028850E168002218310198F4F736FCE168002233
S31508028860C0310198F4F730FCE16800229031019892
S31508028870F4F72AFCE168002201F598710198F4F7E9
S3150802888023FCE1684A4608310198F4F71DFCE168C1
S31508028890404A10310198F4F717FCE1683A4650311C
S315080288A00198F4F711FCE1683B4A28310198F4F77C
S315080288B00BFC394AE1681F32583101985CE0FFE740
S315080288C036490198F4F7E2FEC8B1E168002201F5DB
S315080288D080710198F4F7F8FBE1682A4601F5807180
S315080288E00198F4F7F1FBE1682A4601F584710198CB
S315080288F0F4F7EAFBE1683246F03101983CE0284990
S315080289000198F4F7C3FE00283BD0E168002218312B
S315080289100198F4F7D9FBE168002278310198F4F757
S31508028920D3FBE168802260310198F4F7CDFBE16858
S315080289300422A0310198F4F7C7FBE1680822A8319E
S315080289400198F4F7C1FBE1684A4608310198F4F741
S31508028950BBFBE1680F4A10310198F4F7B5FBE168F1
S31508028960104A01F5A8710198F4F7AEFBE16801987F
S315080289704FF4002201F5AC7102B0BDE8F05FF4F7DE
S31508028980A3BBBDE8FC9F00001C9C0408909B04083E
S31508028990AC9B04084000010001000400209B040867
S315080289A0A89C040802000700C143491C0840B0FA03
S315080289B080F0C0F11F00704718B1B0FA80F0C0F11C
S315080289C02000401E70470000FEB5066804460025D2
S315080289D0728C0420C2F305120CE000BFF36800EBA8
S315080289E0C507DB599F0104D5A76823F07F43BB421D
S315080289F003D06D1CAA42F1D8FEBDA388442B5DD0D4
S31508028A000EDC332B4DD006DC202B57D0222B55D02B
S31508028A10302B13D152E0342B43D0362B0ED14DE0F6
S31508028A20622B41D006DC472B48D0552B46D0572B14
S31508028A3004D136E0672B34D0682B32D069B3FF29CC
S31508028A402DD0D4E90302121A4A4300EB22200090E1
S31508028A50F068012701AA50F835001946F9F7CDF949
S31508028A6060B1DDE90010814208D1BDF80020BDF8E9
S31508028A7004309A4202D1814200D10027F068A188C7
S31508028A80009A50F83500F9F71FFC002FB4D0A288D7
S31508028A90A1682068F7F716FCFEBDE068D7E72069EB
S31508028AA0D5E7FF29FBDAF8E7E0680028F7D022695C
S31508028AB0002ACCD08029CADB0092C9E7002901DC4A
S31508028AC0A0892AE0FF2901DB208A26E0228AC8B289
S31508028AD091B20A02A78942EA11218AB2B9B20F02F1
S31508028AE047EA1121001D89B2C70841EA01400C492B
S31508028AF042EA024208400A40121A7A4300EB52102E
S31508028B00084040EA104080B2010241EA1020ADF85E
S31508028B10080080B20290BDF80800ADF8000097E799
S31508028B201FF8E0072DE9F04104682648A68825685B
S31508028B30E0F749FC10E0A1420BD00868226890428F
S31508028B4007D18868A268904203D18888A288904291
S31508028B5036D01C48E0F749FC0100ECD1698C0027A5
S31508028B600420C1F3051129E0EA6800EBC703D258CD
S31508028B70930122D5A36822F07F429A421DD121464B
S31508028B801048E0F7BBFC2046F4F79CF8E868314643
S31508028B9000EBC7042068F9F781FAE86850F837004D
S31508028BA0F9F7D4F900280BD06068216820F07F42D3
S31508028BB02846BDE8F041F7F75CBC7F1CB942D3D81A
S31508028BC0BDE8F0818027012070B50468A068A288F4
S31508028BD000F47F0631462068F6F7F4F9E060A588C6
S31508028BE00020A08023462A463146206800F00CF869
S31508028BF0A580A1682068EAF70FFFA1880068E268E5
S31508028C00BDE87040F9F760BB2DE9FF5F07469A4653
S31508028C100E4600252548E0F7EFFB04464FF4702878
S31508028C204FF004093CE054453CD021461F48E0F782
S31508028C30E0FB83462068B84231D1A068B04201D031
S31508028C4046452CD1A1880298814203D0A0F57F41DE
S31508028C50FF3924D1002511E0F86809EBC50141580E
S31508028C608A010AD5464503D021F07F41B14204D193
S31508028C7050F83500A188F9F711FA6D1C788CC0F303
S31508028C800510A842E8D800212046EBF74DFF2146F9
S31508028C900648E0F733FC2046F4F714F801255C464B
S31508028CA0002CC0D104B02846BDE8F09F80270120D9
S31508028CB02DE9F84F92468B46044600216E22F6F7B6
S31508028CC081F906B2204600216D22F6F77BF905B234
S31508028CD016B9B5F5807F62D0204600216F22F6F7D5
S31508028CE071F9ADF80000204600217022F6F76AF9FC
S31508028CF0ADF80200BDF900006427C0F341314FF414
S31508028D00FA684FF47A79012915D120F4C040404512
S31508028D1011DC04F11400ECF7CFFC0146BDF90000A2
S31508028D2020F4C040484501DDC0F57A70414391FB05
S31508028D30F7F0ADF80000BDF90200C0F34131012990
S31508028D4011D120F4C04040450DDC618BE28A891AB4
S31508028D50491C09B2484501DDC0F57A70414391FBC9
S31508028D60F7F0ADF80200A08ABDF80010BAF1000FBC
S31508028D700844ADF80000E08ABDF802100844ADF8D0
S31508028D80020006D0704206B24FF4803090FBF5F02E
S31508028D9005B26B462A4631465846F8F7F5F8BDE855
S31508028DA0F88FF0B5D0E90646059D4FF480772EB9BF
S31508028DB0BC4203D108021860100239E0B0F928C093
S31508028DC0A1EB0C01B0F92AC0A2EB0C029EB1BC427F
S31508028DD01AD1446906694C4306FB1244066A06EB35
S31508028DE0A4041C6003694B434169406A01FB0231D2
S31508028DF000EBA1001CE0066A01FB04611960416AE6
S31508028E00806902FB001013E0466907694E4307FBB7
S31508028E1012666643046A04EBA6241C6003694B4384
S31508028E20416901FB02318269406A514300EBA12084
S31508028E302860F0BD00880988401A70472DE9F0417C
S31508028E4086B00646F2F766FD050072D03046F1F79F
S31508028E5001F9044690F8540080076AD52846F2F7C5
S31508028E609AFD022865D02846F2F795FD042860D0B7
S31508028E706946606AF5F77CF903A92846F2F760FDA8
S31508028E8004A92846F2F78CFDBDF90C10002950DB1F
S31508028E90BDF90E0000284CDBBDF80020891AADF892
S31508028EA00810BDF80210401AADF80A003046F1F76C
S31508028EB093F80646606AF6F73DFA0146606ABDF916
S31508028EC0082000270546002A01DA01200EE08A4218
S31508028ED002DB47F6FF77F8E702A9F2F7F7FE87B251
S31508028EE002A9606AF3F716F980F0010094F8601097
S31508028EF04FF6FF788A0723D550EAC1724FF44070BD
S31508028F0001D1012E08D0C9071ED0022E12D0032E77
S31508028F1012D0082E10D019E0C4E9167894F8601019
S31508028F2041F00102014684F860202046F4F766FC07
S31508028F3006E03FE0E76503E001462046F4F778F8E5
S31508028F4094F86000C00701D1012E33D13946204674
S31508028F50F9F778FF94F86000C0072BD0D4E9161009
S31508028F60814208D9EA6B824202D12A6C8A4218D017
S31508028F70E863A06D11E008D2EA6B8A4202D12A6C34
S31508028F8082420ED0E963E06D07E0E96B4046814212
S31508028F9002D1296C814204D0E86328642046F6F798
S31508028FA0B5FC032E01D0082E04D114F8600F20F068
S31508028FB00100207006B0BDE8F081D0E901320169EE
S31508028FC09A60D0E901235A604A68824201D18268CE
S31508028FD04A60002202610868401E086008687047F5
S31508028FE00148806870470000E000002001A0E9F708
S31508028FF065FEFEE74170706C69636174696F6E2085
S315080290006D616C6C6F63206661696C656400000053
S3150802901001A0E9F753FEFEE70D0A21212120537428
S3150802902061636B204F766572666C6F7720696E2076
S315080290302573202121210D0A000000002DED0C8B3D
S315080290408AB0DFED5F8A69460020DAF70BF803A9D2
S315080290500120DAF707F89DED030AB8EEC00A9FED7C
S31508029060599AB3EE061AF0EE680A20EE090ADCF7F8
S3150802907058FAF0EE409A9DED000AB8EEC00A20EEC4
S31508029080090A9FED51CAF0EE680AB0EE4C1ADCF7EF
S3150802909048FAB0EE408AB0EE690ADDF7C1FBB0EED7
S315080290A0041AF0EE680ADCF73CFAF0EE409ADFEDB5
S315080290B047AAB0EE041AF0EE680A28EE2A0ADCF786
S315080290C030FA434CB0EE40AA0025F0EE68CA69466B
S315080290D00020D9F7C7FF03A90120D9F7C3FF9DEDE1
S315080290E0030AB0EE6C8AB3EE061AB8EEC00AF0EEC0
S315080290F0480A60EE09BA9DED000AB8EEC00A20EEEB
S3150802910009BAB0EE6B0ADCF70CFAB0EE40DAB0EE4A
S315080291104C1AF0EE480AB0EE4B0ADCF702FAF5EE04
S31508029120C0BAF0EE408AF1EE10FA04D203A9012081
S315080291300395DAF703F8B5EEC0BAF1EE10FA04D2DF
S31508029140694600200095D9F7F9FFB0EE4D0ADDF71A
S3150802915067FBB0EE48BAB0EE041AF0EE4B0ADCF73B
S31508029160E0F9B0EE408A28EEAA0AB0EE041AF0EE4A
S315080291704B0ADCF7D6F9F0EE408A38EE690AB0EE09
S31508029180C00A10EE100AA04207DC38EECA0AB0EE90
S31508029190C00A10EE100AA0420DDD06A8EAF7B6FCD0
S315080291A08DED078ACDED088A06A8FCF7F5FDF0EEE7
S315080291B0489AB0EE68AA0A2000F098F987E70000F4
S315080291C000000000CDCCCC3D00004842240C433DB3
S315080291D0BD3786350B4C0C4E4FF08045686A21899F
S315080291E02268411A09B211442160A060706AA18AF4
S315080291F0E268411A09B21144E1606061142000F084
S3150802920075F9EBE70896002000040040DBF740FCFE
S31508029210142000F06BF9F9E700F108014FF0FF326C
S31508029220C0E90112C1600161002101607047002195
S315080292300161704730B50B685A1C02D000F108026A
S3150802924002E0026904E02246546825689D42FAD97A
S3150802925053684B6099608A60516008610168491CCD
S31508029260016030BD502080F31188BFF34F8FBFF3E2
S315080292706F8F0A494868401C486001280CD1084883
S31508029280006810F0FF0F07D0502080F31188BFF353
S315080292904F8FBFF36F8FFEE770470000D4000020A0
S315080292A004ED00E00849486828B1401E486001D12B
S315080292B080F311887047502080F31188BFF34F8FCF
S315080292C0BFF36F8FFEE70000D400002070B50028B8
S315080292D02AD0A0F108046068002807DB502080F332
S315080292E01188BFF34F8FBFF36F8FFEE7216839B13D
S315080292F0502080F31188BFF34F8FBFF36F8FFEE7BD
S3150802930020F00040606000F0FFF9084D6068696867
S31508029310084468602046FBF747F92869401C28611B
S31508029320BDE8704001F010B970BD0000B800002019
S315080293304FF0E02000210161816105494FF47A72FC
S315080293400968B1FBF2F1491E4161072101617047C3
S31508029350A800002010B5D7F761F8114910280ED3D6
S3150802936000F1E02090F8F0030A78904207D25020E4
S3150802937080F31188BFF34F8FBFF36F8FFEE709485B
S315080293800068896800F4E060884207D9502080F3B3
S315080293901188BFF34F8FBFF36F8FFEE710BD000032
S315080293A0D40000200CED00E090B04FF47A6000F093
S315080293B09DF8084C01226946206800F037FD01280D
S315080293C003D1694604A0E2F7A1FD012000F08EF858
S315080293D0F0E70000400100202573000070B5002266
S315080293E060B100291ED0104C002300BF04EBC30550
S315080293F06E6886420AD104EBC3020FE0502080F35E
S315080294001188BFF34F8FBFF36F8FFEE71AB954F86F
S31508029410336006B92A465B1C082BE7D3002A01D01B
S31508029420C2E9001070BD0000D894002070B5154638
S315080294300E460446FFF716FF94F944100020491C0D
S3150802944001D184F8440094F94510491C01D184F8E5
S315080294504500FFF727FFA06B28B92A46314604F1D3
S31508029460240000F08FF82046BDE87040FBF720BACA
S3150802947000B50D4885B04168491C416003AB02AA94
S3150802948004A94068D9F73AFC9DF80C109DF8080023
S31508029490CDE900019DF8103004A210210748D6F73D
S315080294A0FBFF05B000BD000028000020253032640D
S315080294B03A253032643A2530326400004C040020E2
S315080294C04FF47A74204600F011F8FBE7DDF78CF9C1
S315080294D0054C207808B1D9F7B9FEF9F7EBFD322029
S315080294E000F004F8F5E700007C00002010B5020041
S315080294F014D00F48406B38B1502080F31188BFF35F
S315080295004F8FBFF36F8FFEE700F0FEF8002110467B
S31508029510FAF76CFE01F018F8002807D105494FF052
S3150802952080500860BFF34F8FBFF36F8F10BD0000E6
S31508029530E000002004ED00E002490A6A0260C968F8
S3150802954041607047E000002001490120C861704768
S31508029550E000002010B50C4650B1094909681831D7
S31508029560FFF768FE2046BDE810400121FAF73EBE25
S31508029570502080F31188BFF34F8FBFF36F8FFEE73A
S31508029580E0000020F0B40C46D0B1114943680D68DA
S31508029590EB619D680E6835620D689E6818357560C0
S315080295A00D6818359D60096888620168491C016062
S315080295B00AB14FF0FF342046F0BC1146FAF716BE40
S315080295C0502080F31188BFF34F8FBFF36F8FFEE7EA
S315080295D0E000002070B5040058D0226DA2B1E06CFC
S315080295E0884200D30146E06A88424FD0012A4DD10B
S315080295F0274D2A6894420FD1502080F31188BFF371
S315080296004F8FBFF36F8FFEE7502080F31188BFF3A9
S315080296104F8FBFF36F8FFEE7E162A269002A02DB72
S31508029620C1F10501A1611B4E00EB8000616906EBE1
S31508029630800081422AD1201DFFF7BFFC012130B9E3
S3150802964094F82C002A6901FA00F082432A61E06A3A
S315080296502A6981401143296100EB800006EB8000EC
S315080296604068A0608168E1608268211D516081605E
S31508029670E06A00EB800006EB80006061E06A00EBBE
S31508029680800056F82010491C46F8201070BD0000CC
S31508029690E0000020189500207CB517480025CDE982
S315080296A000502B46802215A1164800F04DFD124C9B
S315080296B02C3C012803D101F00FF8012802D0401CE6
S315080296C011D00EE0502080F31188BFF34F8FBFF3FD
S315080296D06F8F4FF0FF30A06201206061E56000F0F5
S315080296E015F9206B7CBD502080F31188BFF34F8F8C
S315080296F0BFF36F8FFEE700000C01002049444C457A
S3150802970000000000A14402080248416B491C41635B
S3150802971070470000E000002010B51F4C606B10B1C6
S315080297200120E06110BD0020E06120684FF0A531FC
S31508029730006B02688A4208D142688A4205D1826869
S315080297408A4202D1C068884204D02168206834312E
S31508029750FFF75EFC20691149B0FA80F0C0F11F00DC
S3150802976000EB800051F820206AB101EB800000F17D
S315080297700802416849684160914201D149684160DD
S31508029780C868206010BD502080F31188BFF34F8F40
S31508029790BFF36F8FFEE70000E00000201895002057
S315080297A0064801210170022141700448DDF73EF99D
S315080297B0DDF778F80120FFF799FEF6E708B10020F1
S315080297C0184C194D04F20A57B4F80001B4F80211FC
S315080297D0884216D0FFF746FDB4F80201265CB4F8B3
S315080297E00201401CC0B2A4F80201FFF75BFD0D2E70
S315080297F00BD00A2E09D028783F2802D23E54401CA4
S3150802980028700A20FFF772FEDEE7287800263E5403
S315080298100648DDF71BF82E7040210448D7F7BFF833
S31508029820EFE700008C9600205C010020969B002042
S31508029830044C4AF6AA264FF47A7526602846FFF79C
S3150802984055FEFAE700300040F8B50446B0F92E0096
S3150802985010F5004F59D0B4F92C30658D99B2A9424A
S3150802986002D201F5B4710BB294F83410C1F3410176
S31508029870D1B301290DD0022947D10095B4F9322076
S31508029880B4F93010F3F773F905B22046A28DA9B2DE
S3150802989037E0E91801EBD171B4F93070B4F9322026
S315080298A041F34F06B91801EBD17141F34F018842D2
S315080298B00CDA0A462B4639460096F3F758F905B2EA
S315080298C0A9B22046EBF71FFEB1B209E00093334670
S315080298D0F3F74DF905B2B1B22046EBF714FEA9B279
S315080298E02046EBF7D7FD0EE0FFE70093B4F93220E6
S315080298F0B4F930102B46F3F73AF905B2AAB2204664
S31508029900618DEBF7BBFDA4F84050F8BD1CB537488E
S315080299100168374A914207D1502080F31188BFF374
S315080299204F8FBFF36F8FFEE700683149491E8842A1
S3150802993007D1502080F31188BFF34F8FBFF36F8F83
S31508029940FEE72C4908780190FF20087008788DF800
S3150802995000009DF800009DF8002000F0F0009042FB
S3150802996007D0502080F31188BFF34F8FBFF36F8F54
S31508029970FEE79DF80000204C00F0500020700720FA
S31508029980A06005E09DF8002052008DF80020401ED8
S315080299909DF800201206F5D4A060032807D05020AF
S315080299A080F31188BFF34F8FBFF36F8FFEE74FF433
S315080299B04070A060019808700C482030016841F494
S315080299C070010160016841F070410160FFF7B0FC67
S315080299D000206060D6F7EAFC0848016841F0404179
S315080299E00160D6F7CFFC00201CBD000000ED00E0A8
S315080299F071C20F4100E400E0D400002034EF00E019
S31508029A0010B502460021012000F00CF8041E07D00A
S31508029A100021816001600B460A46C16000F08AF89F
S31508029A20204610BD2DE9F04117460E46050020D006
S31508029A304FF0FF30B0FBF5F0B0421AD305FB06F043
S31508029A4010F1510F15D85030FAF768FF04000CD000
S31508029A5004F150005EB12060C4E90F562046012188
S31508029A6000F010F8204684F84C70BDE8F0812460B6
S31508029A70F2E7502080F31188BFF34F8FBFF36F8F41
S31508029A80FEE700002DE9F0410F4604004FF00106FB
S31508029A902DD0E06B98B3B51EB5FBF0F1206C814270
S31508029AA03ED3FFF7DFFBD4E90F20216802FB001142
S31508029AB0A1600021A163216861600A46D4E90F0109
S31508029AC0401E00FB01212046E16000F8445F457014
S31508029AD004F11000A7B1FFF79FFB04F12400FFF77A
S31508029AE09BFB00BFFFF7DEFB3046BDE8F081502046
S31508029AF080F31188BFF34F8FBFF36F8FFEE70FE036
S31508029B0021690029EED000F0B1FC0028EAD0084904
S31508029B104FF080500860BFF34F8FBFF36F8FE1E7B6
S31508029B20502080F31188BFF34F8FBFF36F8FFEE784
S31508029B3004ED00E02DE9FF4782B01D468A464FF044
S31508029B400008040003D0BAF1000F08D011E0502033
S31508029B5080F31188BFF34F8FBFF36F8FFEE7206C38
S31508029B6038B1502080F31188BFF34F8FBFF36F8F40
S31508029B70FEE7022D0AD1E06B012807D0502080F3B8
S31508029B801188BFF34F8FBFF36F8FFEE700F00AFB12
S31508029B903F4F4FF000094FF0805648B9049838B144
S31508029BA0502080F31188BFF34F8FBFF36F8FFEE704
S31508029BB0FFF758FBA06BE16B884207D3022D05D04D
S31508029BC00498D0B1B8F1000F1AD01EE02A465146C1
S31508029BD02046FAF702FC616A19B104F1240000F082
S31508029BE045FC20B13E60BFF34F8FBFF36F8FFFF77F
S31508029BF059FB012006B0BDE8F087FFF753FB22E0C8
S31508029C006846FFF799FC4FF00108FFF74BFBFFF791
S31508029C107BFDFFF727FB94F94400401C01D184F829
S31508029C20449094F94500401C01D184F84590FFF709
S31508029C3039FB04A9684600F049FA30B12046FAF71A
S31508029C4037FE00F081FC0020D4E7FFF70BFBA06B80
S31508029C50E16B884213D1FFF725FB04F11000049942
S31508029C60FFF778FC2046FAF723FE00F06DFC002881
S31508029C709ED13E60BFF34F8FBFF36F8F98E7FFF712
S31508029C8011FB2046FAF714FE00F05EFC90E700008E
S31508029C9004ED00E02DE9F0471F4690468946040088
S31508029CA003D0B9F1000F08D011E0502080F31188D3
S31508029CB0BFF34F8FBFF36F8FFEE7206C38B150208A
S31508029CC080F31188BFF34F8FBFF36F8FFEE7022F22
S31508029CD00AD1E06B012807D0502080F31188BFF320
S31508029CE04F8FBFF36F8FFEE7FFF734FB5020EFF37A
S31508029CF0118680F31188BFF34F8FBFF36F8FA06B66
S31508029D00E16B884206D3022F04D0002086F311881D
S31508029D10BDE8F08794F94550A06B3A464946204675
S31508029D20FAF75BFB681C0AD0FFF75AF9854204D298
S31508029D307F2D14D06D1C84F845500120E6E7606A31
S31508029D400028FAD004F1240000F090FB0028F4D091
S31508029D50B8F1000FF1D00121C8F80010EDE7502044
S31508029D6080F31188BFF34F8FBFF36F8FFEE72DE99C
S31508029D70F0410F46040009D0206C78B1502080F3D8
S31508029D801188BFF34F8FBFF36F8FFEE7502080F322
S31508029D901188BFF34F8FBFF36F8FFEE7206848B96C
S31508029DA0A06838B1502080F31188BFF34F8FBFF3F4
S31508029DB06F8FFEE7FFF7CEFA5020EFF3118680F396
S31508029DC01188BFF34F8FBFF36F8FA06BE16B814290
S31508029DD026D994F94550401CA063681C0AD0FFF79F
S31508029DE0FFF8854204D27F2D12D06D1C84F84550A7
S31508029DF0012016E0606A0028FAD004F1240000F077
S31508029E0035FB0028F4D0002FF2D001203860EFE7A6
S31508029E10502080F31188BFF34F8FBFF36F8FFEE791
S31508029E20002086F31188BDE8F08100002DE9F74786
S31508029E30002683B08A46040003D0BAF1000F08D080
S31508029E4011E0502080F31188BFF34F8FBFF36F8F55
S31508029E50FEE7206C38B1502080F31188BFF34F8F8C
S31508029E60BFF36F8FFEE700F09DF9DFF8F4804FF03D
S31508029E7000094FF0805748B9059838B1502080F349
S31508029E801188BFF34F8FBFF36F8FFEE7FFF7EAF92B
S31508029E90A56BC5B151462046FAF78CFA6D1EA56325
S31508029EA0206950B104F1100000F0E0FA28B1C8F8B0
S31508029EB00070BFF34F8FBFF36F8FFFF7F3F90120DF
S31508029EC006B0BDE8F087059808B11EB106E0FFF7AF
S31508029ED0E9F927E06846FFF72FFB0126FFF7E2F9C3
S31508029EE0FFF712FCFFF7BEF994F94400401C01D1B2
S31508029EF084F8449094F94500401C01D184F84590B1
S31508029F00FFF7D0F905A9684600F0E0F800282046D0
S31508029F100AD0FAF7CDFC00F017FB2046FAF786FBC3
S31508029F200028B3D00020CBE7FAF780FB90B104F102
S31508029F3024000599FFF70EFB2046FAF7B9FC00F054
S31508029F4003FB0028A2D1C8F80070BFF34F8FBFF3F6
S31508029F506F8F9BE72046FAF7ABFC00F0F5FA95E718
S31508029F6004ED00E02DE9F343002683B004003546EC
S31508029F7009D0206C78B1502080F31188BFF34F8F37
S31508029F80BFF36F8FFEE7502080F31188BFF34F8F20
S31508029F90BFF36F8FFEE700F005F9DFF82C814FF06B
S31508029FA000094FF0805748B9049838B1502080F319
S31508029FB01188BFF34F8FBFF36F8FFEE7FFF752F992
S31508029FC0A06BC8B1401EA063206810B9FAF70CFD51
S31508029FD0A060206950B104F1100000F047FA28B1D8
S31508029FE0C8F80070BFF34F8FBFF36F8FFFF75AF9A8
S31508029FF0012005B0BDE8F083049808B11EB106E059
S3150802A000FFF750F95EE06846FFF796FA0126FFF772
S3150802A01049F9FFF779FBFFF725F994F94400401C43
S3150802A02001D184F8449094F94500401C01D184F882
S3150802A0304590FFF737F904A9684600F047F8002863
S3150802A040204612D0FAF734FC00F07EFA2046FAF7D8
S3150802A050EDFA0028B2D075B3FFF704F9606A58B36F
S3150802A060206B0068C0F1050128E0FAF7DFFAE0B1D3
S3150802A070206838B9FFF7F6F8A06800F09FF9054698
S3150802A080FFF710F904F124000499FFF763FA204652
S3150802A090FAF70EFC00F058FA00288FD1C8F80070BB
S3150802A0A0BFF34F8FBFF36F8F88E72046FAF700FC9E
S3150802A0B000F04AFA82E705E0FFE70021A068FFF709
S3150802A0C089FA9DE7002094E704ED00E02DE9F041C6
S3150802A0D00C46050014D0DCB1FFF7C4F8194EF26835
S3150802A0E06B682068D11A471C1AD02F68D6F820C088
S3150802A0F00026674516D0934214D8012526601BE030
S3150802A100502080F31188BFF34F8FBFF36F8FFEE79E
S3150802A110502080F31188BFF34F8FBFF36F8FFEE78E
S3150802A120002509E0884205D9401A20602846FFF72B
S3150802A13003FAF5E701252660FFF7B4F82846BDE8D5
S3150802A140F0810000E00000202DE9FF5F8346DDE98B
S3150802A1500E87994616468A469000FAF7DFFB0500EF
S3150802A1601DD05C20FAF7DAFB040015D05C21D6F77D
S3150802A17038FC25630021CDE90241CDE900874B462B
S3150802A180324651465846FAF7BBF92046FAF772F8AC
S3150802A190012004B0BDE8F09F2846FFF797F84FF074
S3150802A1A0FF30F6E70548416919B1406B18B100203E
S3150802A1B0704701207047022070470000E000002027
S3150802A1C00148C06870470000E00000202DE9F04110
S3150802A1D04A4C0026606B28B1A069401CA061304633
S3150802A1E0BDE8F081E5686D1CE56013D1A06B0068D7
S3150802A1F038B1502080F31188BFF34F8FBFF36F8FAA
S3150802A200FEE7A06BE16BA163E063206A401C206253
S3150802A210FAF7F6FAA16A3A488D420FD34FF0000EC2
S3150802A220A16B096839B1A16BC968C9684A689542C0
S3150802A23012D2A26202E04FF0FF31A1622168C96A16
S3150802A24001EB810150F82100012800D90126E069B5
S3150802A2500028C4D00126C2E7D1E902724B69BA6066
S3150802A260D1E902277A605F680A1D974201D1CF6851
S3150802A2705F60C1F814E01F687F1E1F60D1F828C00E
S3150802A280BCF1000F15D0D1E907379F60D1E907372E
S3150802A2907B60DCF8047001F118039F4202D10B6A55
S3150802A2A0CCF80430C1F828E0DCF800305B1ECCF8A4
S3150802A2B00030CB6A0127D4F810C09F4047EA0C0742
S3150802A2C0276103EB830300EB83035B688B609F685C
S3150802A2D0CF609F687A609A60CA6A02EB820200EBD4
S3150802A2E082034B6150F822305B1C40F82230C96A5F
S3150802A2F02268D26A914293D9012691E7E0000020AA
S3150802A3001895002070B504004FF000014FD0294D72
S3150802A3102868844207D0502080F31188BFF34F8FF4
S3150802A320BFF36F8FFEE7206D38B1401E2065E36CE0
S3150802A330E26A9A423BD040B139E0502080F3118854
S3150802A340BFF34F8FBFF36F8FFEE7201DFEF735FE73
S3150802A350012130B994F82C002A6901FA00F08243E7
S3150802A3602A61E06CE062C0F10500A061E06A2A6930
S3150802A370814011432961104900EB800001EB8000FE
S3150802A3804068A0608268E2608368221D5A60826023
S3150802A390E06A00EB800001EB80006061E06A00EB96
S3150802A3A0800051F82020521C41F82020012108463D
S3150802A3B070BD0000E00000201895002070B504006A
S3150802A3C04FF0000047D0274DE16A2A68D26A9142C7
S3150802A3D042D2A069002804DB2868C06AC0F10500D9
S3150802A3E0A061214E01EB8101606906EB8101884279
S3150802A3F02DD1201DFEF7E1FD012130B994F82C007C
S3150802A4002A6901FA00F082432A612868C06AE06272
S3150802A4102A6981401143296100EB800006EB80001E
S3150802A4204068A0608168E1608268211D5160816090
S3150802A430E06A00EB800006EB80006061E06A00EBF0
S3150802A440800056F82010491C46F8201002E02868B9
S3150802A450C06AE062012070BDE16C2A68D26A914244
S3150802A460F8D370BDE00000201895002070B5C068CA
S3150802A470C06850B3D0E90732816A9A60D0E90723E7
S3150802A4805A604A6800F118039A4201D1026A4A6080
S3150802A490002585620A68521E0A6029494A6B012408
S3150802A4A0DAB1284D6A68C261966806629668736070
S3150802A4B0936085622A68521C2A60C06A0A68D26A50
S3150802A4C090423AD90120CC6170BD502080F31188A0
S3150802A4D0BFF34F8FBFF36F8FFEE7D0E9026342697E
S3150802A4E0B360D0E9023673605668031D9E4201D1F5
S3150802A4F0C6685660456115686D1E1560C26A0E69A2
S3150802A50004FA02F535430D610E4D02EB82028C3DCB
S3150802A51005EB8202526882609668C6609668736026
S3150802A5209360C26A02EB820205EB8203436155F825
S3150802A53022305B1C45F82230BFE7002070BD0000C0
S3150802A540E0000020A49500202DE9F041464D0024A4
S3150802A5502746686B38B1FEF785FE686B401E68634E
S3150802A560686B40B17AE0502080F31188BFF34F8FB1
S3150802A570BFF36F8FFEE7A8683C4B00264FF0010831
S3150802A580F0BB6BE0D868C468D4E90721A06A916079
S3150802A590D4E907125160426804F118018A4201D1CE
S3150802A5A0216A4160A6620168491E0160D4E9022156
S3150802A5B060699160D4E9021251604268211D8A429B
S3150802A5C001D1E268426066610268521E0260E26A6E
S3150802A5D0D5F810C008FA02F040EA0C00286102EB2E
S3150802A5E08200224A8C3A02EB80004068A060D0F8CA
S3150802A5F008C0C4F80CC0D0F808C0CCF8041000E0B3
S3150802A60012E08160E06A00EB800002EB8001616182
S3150802A61052F82010491C42F82010E06A2968C96AD3
S3150802A620884201D3C5F81C8018680028AAD10CB143
S3150802A630FAF7E6F8AC693CB1FFF7C8FD08B1C5F808
S3150802A6401C80641EF8D1AE61E86938B10849012751
S3150802A65038070860BFF34F8FBFF36F8FFEF722FEEE
S3150802A6603846BDE8F0810000E0000020A4950020ED
S3150802A67004ED00E02DE9F0470746994616460D46D1
S3150802A6802C20DDF820A0FAF749F9040018D0B846BC
S3150802A69000204F4684F82800D146A5B1F9F762FE94
S3150802A6A004F11801C4F8008081E8A002201DFEF713
S3150802A6B0BEFD2EB194F8280040F0040184F8281053
S3150802A6C02046BDE8F087502080F31188BFF34F8FEC
S3150802A6D0BFF36F8FFEE700001CB5F9F743FE0C487F
S3150802A6E0006860B10A490220091DCDE9000100236C
S3150802A6F0802208A10948FFF727FD002807D1502024
S3150802A70080F31188BFF34F8FBFF36F8FFEE71CBD2F
S3150802A71020010020546D7220537663008D4802088A
S3150802A720FEB51E4613460200089D4FF0000014D0DF
S3150802A730124C2768002F0FD0CDE900130292062982
S3150802A74015DAFFF72FFD02284FF000030DD000227D
S3150802A75069462068FFF7EEF9FEBD502080F311889E
S3150802A760BFF34F8FBFF36F8FFEE72A46F0E700234A
S3150802A770324669463846FFF78DFAFEBD20010020AB
S3150802A78010B500290AD00878002807D00548784469
S3150802A790D6F74EF9002801D0002010BD02487844A9
S3150802A7A010BD000076F701006EF7010010B500290A
S3150802A7B00AD00878002807D005487844D6F738F929
S3150802A7C0002801D0002010BD0248784410BD0000C0
S3150802A7D066F701005EF7010021F00042A2F160521D
S3150802A7E0B2F5801F01F0004328BFD2F17F6C0BD966
S3150802A7F05FEA001C43EAC20242EB507018BF704778
S3150802A80028BF20F001007047B2F5801FBCBF18466A
S3150802A81070474FEA410C1CF5001F02D2084600F0A9
S3150802A82043BA70B500F040F900000089FFF7F6BF99
S3150802A8304FF00040A0F580007047000002494FF033
S3150802A840000000F03DBA00BF0000F87F491058BF6B
S3150802A850C1F140415B1058BFC3F140438B42EFF34D
S3150802A8600080704751EA030C17D41CF5801F58BFA5
S3150802A870BCF5801F00F10680994218BF704708BFD1
S3150802A8809042704707D711F5801F58BF13F5801FEE
S3150802A89019D499427047894270471CF5801F08D51A
S3150802A8A0BCF5801FF7D58B4218BF704708BF824296
S3150802A8B070474FF4001C1CEB410F38BF1CEB430FCB
S3150802A8C001D28B42704770B500F0EEF89224490027
S3150802A8D04FF000514FF08053FFF7B8BF51EA030C0F
S3150802A8E017D41CF5801F58BFBCF5801F00F10680DF
S3150802A8F0994218BF704708BF9042704707D711F5AB
S3150802A900801F58BF13F5801F19D499427047894290
S3150802A91070471CF5801F08D5BCF5801FF7D58B42FA
S3150802A92018BF704708BF824270474FF4001C1CEBE1
S3150802A930410F38BF1CEB430F01D28B42704770B5EB
S3150802A94000F0B2F8922449004FF000514FF08053BC
S3150802A950FFF77CBFDFF848C170B51CEA111E1EBF9F
S3150802A9601CEA13159EEA0C0F95EA0C0F00F06F808D
S3150802A97081EA030423EA4C134EEAD47E21EA4C11F7
S3150802A98041F4801143F48013AE44A1FB024CA0FBB0
S3150802A9900365AEF17F7E361955EB0C05A1FB034C18
S3150802A9A04CF10003A0FB021C16EB0C06654153F1A1
S3150802A9B00003094218BF46F0010613F4007F0BD1C3
S3150802A9C04FEA03314FEA0530340341EA155140EAAA
S3150802A9D016506FF003020AE04FEAC3214FEAC52078
S3150802A9E0F40241EA555140EA56506FF0020202EB70
S3150802A9F02E4201EB025585EACE710AD05FEA440C73
S3150802AA0018BF24F0004450F1000041F1000120EA89
S3150802AA10D47040F2FE7C624500D270BDA84214BFD3
S3150802AA204FF080444FF04044002E08BF0024BEF188
S3150802AA30806FA8BFA1F1C041BDE8704080F2828054
S3150802AA404FF0000001F1C04101F0004170479EEA53
S3150802AA500C0F0CEA131518BF95EA0C0F06D04FF027
S3150802AA60000081EA030E0EF0004170BD00F01CF8EA
S3150802AA708900013E00F007B800F009B84FEA430C16
S3150802AA805FEA5C5C08D081EA030100F05BB84FEA32
S3150802AA90410C5FEA5C5CF6D14FF000000149704751
S3150802AAA00000FF070000F87F0EF1020E2EF0030EDB
S3150802AAB05EF8046B364205D4012A43EB030515F505
S3150802AAC0001F12D8012841EB010C1CF5001F0CD8F7
S3150802AAD00ED14FEAD17C15F5001F0CEB4C0C0CF18C
S3150802AAE0020C08BF4CEBD37C04E04FF0080C01E0E3
S3150802AAF04FEAD37C0CEB4C0526FA05F606F0070658
S3150802AB00B6F1040C06D20EEB860CBDE870404CF08A
S3150802AB10010C6047DFE80CF0090B02024FF0004116
S3150802AB204FF00000A1F5002170BD19461046012814
S3150802AB3051EB010418BFD4F5001484BF002001F0BC
S3150802AB40004170BD0808A0F500114FEA31017047AF
S3150802AB5053EA010C17D41CF5801F58BFBCF5801F99
S3150802AB6000F106808B4218BF704708BF82427047C1
S3150802AB7007D713F5801F58BF11F5801F19D48B42CA
S3150802AB8070479B4270471CF5801F08D5BCF5801F8D
S3150802AB90F7D5994218BF704708BF904270474FF4DD
S3150802ABA0001C1CEB430F38BF1CEB410F01D2994224
S3150802ABB070470FB40CBC03BCFFF7C1BE43004FEA93
S3150802ABC0D30C4FEA3C0C43401FBF40070CF16051BF
S3150802ABD013F0FE4F70471CF0006F03D100200CF0F3
S3150802ABE0004170470CF0004343EA507010B540EA42
S3150802ABF0CC0000F00EF800BF000000924FEA0001F8
S3150802AC00FFF7A0BF4FF000414FF00000A1F5002169
S3150802AC1070470EF1020E2EF0030E5EF8044B244224
S3150802AC2004D44FEA4102B2F17F4F11D84FEA4003EA
S3150802AC30B3F17F4F0CD80ED14FEAD07CB2F17F4FD9
S3150802AC400CEB4C0C0CF1020C08BF4CEBD17C04E06B
S3150802AC504FF0080C01E04FEAD17C0CEB4C0324FAC6
S3150802AC6003F404F00704B4F1040C06D20EEB840CC8
S3150802AC70BDE810404CF0010C6047DFE80CF007080D
S3150802AC8002024FF00040A0F5800010BD08464200BF
S3150802AC9018BFD2F1807288BF00F0004010BD4FF095
S3150802ACA04070E1EE100A7047FF2141EAD050C00514
S3150802ACB070474FF000007047D6F760B8D6F74ABB20
S3150802ACC00CF00F03092B08BF082000F05F800A2B3F
S3150802ACD00BD0082B18BF704708BF1CF0400F0AD0CC
S3150802ACE04FF000004FF0000170471CF0400F18BFEC
S3150802ACF04FF0004070471CF0100F08D020F0704348
S3150802AD0000F07F4242EAD3014FEA4370704700F0EF
S3150802AD10604021F07F4242EA000201F07F4040EAA9
S3150802AD20727070474FF0FF0C4CF4E06C1CEA11533A
S3150802AD301CBF9CEA030C9445C2BFDA4201EB0251DE
S3150802AD407047002B0DD0BCF1000F0FD0002A01F07E
S3150802AD500041A4BF41F0E04141F07F614FF000009D
S3150802AD60704701F000414FF00000704750EA013386
S3150802AD704FF09B0C18BF4CF0806C7FF45FAD7047A8
S3150802AD80D6F72ABFD7F784B8D7F712BA1CF4801FAA
S3150802AD9011D01CF4E02F03D06FEACC31490070477A
S3150802ADA04FF04050EFF3008222F0704242EA00026E
S3150802ADB082F3008870474FF000007047081C304441
S3150802ADC0586C809400000000000000000102030491
S3150802ADD0060708090000000001020304000000003B
S3150802ADE004040404383800000800000008000000C3
S3150802ADF000020406080A0C0E1014000001000000E6
S3150802AE00020000000400000006000000080000001E
S3150802AE100A0000000C0000001000000020000000DC
S3150802AE20400000008000000000010000081C3044B9
S3150802AE30586C8094081C3044586C8094081C304422
S3150802AE40586C8094081C3044586C809400000000AA
S3150802AE50A9D801089DD9010800000000D9DC01081B
S3150802AE60820082004A020000000001E001E00000C0
S3150802AE7000FF0055AAFF00112233445566778899C8
S3150802AE80AABBCCDDEEFF000102030405060708098A
S3150802AE900A0B0C0D0E0F101112131415161718198A
S3150802AEA01A1B1C1D1E1F202122232425262728297A
S3150802AEB02A2B2C2D2E2F303132333435363738396A
S3150802AEC03A3B3C3D3E3F404142434445464748495A
S3150802AED04A4B4C4D4E4F505152535455565758594A
S3150802AEE05A5B5C5D5E5F606162636465666768693A
S3150802AEF06A6B6C6D6E6F707172737475767778792A
S3150802AF007A7B7C7D7E7F8081828384858687888919
S3150802AF108A8B8C8D8E8F9091929394959697989909
S3150802AF209A9B9C9D9E9FA0A1A2A3A4A5A6A7A8A9F9
S3150802AF30AAABACADAEAFB0B1B2B3B4B5B6B7B8B9E9
S3150802AF40BABBBCBDBEBFC0C1C2C3C4C5C6C7C8C9D9
S3150802AF50CACBCCCDCECFD0D1D2D3D4D5D6D7D8D9C9
S3150802AF60DADBDCDDDEDFE0E1E2E3E4E5E6E7E8E9B9
S3150802AF70EAEBECEDEEEFF0F1F2F3F4F5F6F7F8F9A9
S3150802AF80FAFBFCFDFEFF80808081818282838485B4
S3150802AF908687898A8C8D8F91939597999B9EA0A275
S3150802AFA0A5A7AAADAFB2B500FF1FFF1F01E001E0DA
S3150802AFB02100200069006A006C006B006D006E00BB
S3150802AFC063006200000000004CAE020871630108CB
S3150802AFD0C9630108000000002D6401086420040109
S3150802AFE0C00800006908D00000006908E0000000F7
S3150802AFF001E400000000A900AD01000000DF86BFE1
S3150802B000FF200003FC8C88B200000CE20DB9F300A5
S3150802B010008FD028B894400789E2F9BDFFF60008E8
S3150802B020E7F98888810008E98DFFC7000009F00161
S3150802B0305F1000000AF0004F2000000AE003CF204C
S3150802B040000004B000CC0000000000001000000060
S3150802B05000630000000000009F5000000000000985
S3150802B060F2000000000001FD000000000006FF904B
S3150802B070000000001EECF500000000CF44FF30007F
S3150802B0800009F900CFF300008FB0003FFF5009C650
S3150802B090000005FFF700000000000100000000079D
S3150802B0A0D40000025104F90005EFD604F600003078
S3150802B0B00005FAB3136AF8BEFCFD4FEE845CF0EAAB
S3150802B0C000BB820DB1F703F8DE4F64F50EFC5CAEE9
S3150802B0D008F2094002F63EE000000C60CFA000002C
S3150802B0E052003E20000000000000000005D60000C5
S3150802B0F00002108F13000007F9AFFFC00006FEB862
S3150802B1009FE00007F979DF900008FFFECA70000A7F
S3150802B110F3001540000DFFDFFFF4000FDFE97DF5B0
S3150802B120004F6FA00CF200BD1FFEFFF103F40FE8FB
S3150802B1306FF01A3005800A5000001E7000000000E9
S3150802B14000AF300000002003F32670000DDBDFFE9F
S3150802B150EFC006FA64464751005A7DFFFC0000001C
S3150802B160026AF3000000008E9FCD4000000CD8F85A
S3150802B17063000001FFDF10000000AC5EFD852000C1
S3150802B1806C101AFFFFF404000003AEC300000000AF
S3150802B1900000000000006EA00000000002FF000090
S3150802B1A00000001FD00000001501FC00000001FB92
S3150802B1B00FEAD300000FA0FFDC700000EA0FB00010
S3150802B1C000000EA0FA00000000EA1FA124202ABFF0
S3150802B1D0FEFFFFFD00BEB9887778A00000000000D8
S3150802B1E0000000BD215493000005F61FCFA0000001
S3150802B1F00A10F5E600003AA03F1EE600BFFF4B81A3
S3150802B2008A500018F25CFFF10000AD28F3BC00007A
S3150802B2100CEA09EF500000FF301FF200007F800B96
S3150802B220DEE20000500AD24FE400001970008FC215
S3150802B230000D200C50000001F901FC0000005F70AF
S3150802B2407FD700001AFF6DC3F5001FFC67F6BCF72F
S3150802B250007DB9D8B63DC40DBFF61412C100ACFACA
S3150802B260CEFCCF40002FCCDFABF306EFF7AAFBAF3D
S3150802B270302B5F6BAF75F30002F6DAF55F30000D1F
S3150802B280397D19C00000000000000000000000001F
S3150802B29000005004030601000900000D0E0EFFFD12
S3150802B2A06B00000D0E0BFFFFB800000D0C0C00FE24
S3150802B2B00001000D0C0E00FE5401000D0D0D00FEDE
S3150802B2C0A901000D0D0D00FEFE01000D0D0C00FE7C
S3150802B2D04C02000D0D0D00FE000022502B516E523D
S3150802B2E0F553605B286B848B598F00003A00000087
S3150802B2F05A8F0100D8B202080000000009000300B4
S3150802B300E4AF020888B20208ECB2020800000000A4
S3150802B3100000010860030020D9A10108FDA0010868
S3150802B3200F00030000FF010000B30208000000003E
S3150802B33000000000000A5B8EA1A28F5E0B000CD7EC
S3150802B340FFFFFFFFFFFFDC0F61FFFFFFFFFFFFFFAE
S3150802B350FF6893FFFFFFFFFFFFFFFF99A4FFFFFFB1
S3150802B360FFFFFFFFFFABA2FFFFFFFFFFFFFFFFA8E5
S3150802B3708DFFFFFFFFFFFFFFFF9055FFFFFFFFFF58
S3150802B380FFFFFF5602B3FFFFFFFFFFFFB8050000EE
S3150802B3903869797A6734000000000000000000006E
S3150802B3A000000000000A355B6B79786A5A32080099
S3150802B3B0000000000000000000000000000000007D
S3150802B3C00000000000001E78CAFDFFFFFFFFFFFF16
S3150802B3D0FFFFFCC6741A000000000000000000000F
S3150802B3E000000000000000001B9AFAFFFFFFFFFFA3
S3150802B3F0FFFFFFFFFFFFFFFFFFF8941700000000A3
S3150802B40000000000000000000000004AECFFFFFFF9
S3150802B410FFFFFFFFFFFFFFFFFFFFFFFFFFFFFFE843
S3150802B42042000000000000000000000000005CFE70
S3150802B430FFFFFFFFFFFFFFFFFFFFFFFFFFFFFFFF0C
S3150802B440FFFFFFFFFD5300000000000000000000A0
S3150802B4500044FAFFFFFFFFFFFFFFFFFFFFFFFFFFAB
S3150802B460FFFFFFFFFFFFFFFFFFF73D0000000000A1
S3150802B470000000000FE6FFFFFFFFFFFFFFE0824527
S3150802B4801C0B0D1E4989E7FFFFFFFFFFFFFFE10BBC
S3150802B490000000000000000096FFFFFFFFFFFFF814
S3150802B4A073030000000000000000067EFCFFFFFF99
S3150802B4B0FFFFFF8C0000000000000021FDFFFFFFD8
S3150802B4C0FFFFF9490000000000000000000000002C
S3150802B4D054FCFFFFFFFFFFFA1A0000000000008F6E
S3150802B4E0FFFFFFFFFFFF7D000000000000000000D5
S3150802B4F0000000000087FFFFFFFFFFFF8600000035
S3150802B50000000BF1FFFFFFFFFFE10500000000004E
S3150802B51000000000000000000007E5FFFFFFFFFF34
S3150802B520ED080000000058FFFFFFFFFFFF72000052
S3150802B530000000000000000000000000000077FF85
S3150802B540FFFFFFFFFF4F00000000A5FFFFFFFFFF01
S3150802B550FE180000000000000000000000000000C5
S3150802B56000001AFEFFFFFFFFFF9D00000000E8FF34
S3150802B570FFFFFFFFC70000000000000000000000F8
S3150802B58000000000000000C8FFFFFFFFFFE0000008
S3150802B5900021FFFFFFFFFFFF8900000000000000F7
S3150802B5A0000000000000000000000089FFFFFFFF06
S3150802B5B0FFFF19000053FFFFFFFFFFFF56000000C1
S3150802B5C00000000000000000000000000000005417
S3150802B5D0FFFFFFFFFFFF4C00007DFFFFFFFFFFFF9E
S3150802B5E02800000000000000000000000000000023
S3150802B5F000000024FFFFFFFFFFFF760000A1FFFF08
S3150802B600FFFFFFFF0A000000000000000000000024
S3150802B6100000000000000006FDFFFFFFFFFF9C0080
S3150802B62000C0FFFFFFFFFFEA000000000000000065
S3150802B630000000000000000000000000E3FFFFFF1A
S3150802B640FFFFB90000DAFFFFFFFFFFD2000000008C
S3150802B65000000000000000000000000000000000DA
S3150802B660C9FFFFFFFFFFD40000EEFFFFFFFFFFC287
S3150802B67000000000000000000000000000000000BA
S3150802B68000000000B9FFFFFFFFFFE80001FEFFFF11
S3150802B690FFFFFFB1000000000000000000000000EC
S3150802B6A00000000000000000A9FFFFFFFFFFFA00EC
S3150802B6B00CFFFFFFFFFFFFA40000000000000000D0
S3150802B6C00000000000000000000000009AFFFFFFD3
S3150802B6D0FFFFFF0616FFFFFFFFFFFF9F00000000A8
S3150802B6E0000000000000000000000000000000004A
S3150802B6F095FFFFFFFFFFFF111BFFFFFFFFFFFF9AEB
S3150802B7000000000000000000000000000000000029
S3150802B7100000000090FFFFFFFFFFFF161EFFFFFF5E
S3150802B720FFFFFF9600000000000000000000000076
S3150802B73000000000000000008BFFFFFFFFFFFF1A5A
S3150802B7401FFFFFFFFFFFFF9500000000000000003B
S3150802B7500000000000000000000000008BFFFFFF51
S3150802B760FFFFFF191BFFFFFFFFFFFF9A0000000004
S3150802B77000000000000000000000000000000000B9
S3150802B78090FFFFFFFFFFFF1616FFFFFFFFFFFF9F5A
S3150802B7900000000000000000000000000000000099
S3150802B7A00000000095FFFFFFFFFFFF110CFFFFFFE0
S3150802B7B0FFFFFFA4000000000000000000000000D8
S3150802B7C000000000000000009AFFFFFFFFFFFF06CF
S3150802B7D001FEFFFFFFFFFFB20000000000000000AD
S3150802B7E0000000000000000000000000A9FFFFFFA3
S3150802B7F0FFFFFB0000EFFFFFFFFFFFC20000000094
S3150802B8000000000000000000000000000000000028
S3150802B810B9FFFFFFFFFFE90000DBFFFFFFFFFFD2D3
S3150802B8200000000000000000000000000000000008
S3150802B83000000000C9FFFFFFFFFFD50000C1FFFFA0
S3150802B840FFFFFFEA00000000000000000000000001
S3150802B8500000000000000000E3FFFFFFFFFFBA0040
S3150802B86000A3FFFFFFFFFFFF090000000000000022
S3150802B870000000000000000000000005FDFFFFFFB9
S3150802B880FFFF9D00007FFFFFFFFFFFFF280000006C
S3150802B8900000000000000000000000000000002474
S3150802B8A0FFFFFFFFFFFF78000056FFFFFFFFFFFFC6
S3150802B8B05500000000000000000000000000000023
S3150802B8C000000053FFFFFFFFFFFF4F000024FFFFAA
S3150802B8D0FFFFFFFF880000000000000000000000D4
S3150802B8E00000000000000088FFFFFFFFFFFF1C00AA
S3150802B8F00000EBFFFFFFFFFFC4000000000000008E
S3150802B9000000000000000000000000C5FFFFFFFF66
S3150802B910FFE500000000AAFFFFFFFFFFFD1500007C
S3150802B920000000000000000000000000000018FDF2
S3150802B930FFFFFFFFFFA2000000005EFFFFFFFFFF01
S3150802B940FF6D00000000000000000000000000007B
S3150802B950000072FFFFFFFFFFFF54000000000EF514
S3150802B960FFFFFFFFFFDD03000000000000000000EC
S3150802B970000000000005E2FFFFFFFFFFF10A0000DA
S3150802B98000000096FFFFFFFFFFFF740000000000A3
S3150802B9900000000000000000007EFFFFFFFFFFFF1F
S3150802B9A08D00000000000027FEFFFFFFFFFFF63EA6
S3150802B9B000000000000000000000000048FAFFFF37
S3150802B9C0FFFFFFFC20000000000000009FFFFFFFB2
S3150802B9D0FFFFFFF462000000000000000000026E94
S3150802B9E0F8FFFFFFFFFFFF960000000000000000BF
S3150802B9F014ECFFFFFFFFFFFFFFD271330B00000DB0
S3150802BA003879DAFFFFFFFFFFFFFFE60F00000000AD
S3150802BA1000000000004DFCFFFFFFFFFFFFFFFFFFD6
S3150802BA20FFFAFBFFFFFFFFFFFFFFFFFFFFFA4600DC
S3150802BA300000000000000000000067FFFFFFFFFF94
S3150802BA40FFFFFFFFFFFFFFFFFFFFFFFFFFFFFFFFF6
S3150802BA50FE5D000000000000000000000000005427
S3150802BA60F0FFFFFFFFFFFFFFFFFFFFFFFFFFFFFFE5
S3150802BA70FFFFFFEC4C000000000000000000000081
S3150802BA800000000020A2FCFFFFFFFFFFFFFFFFFFF1
S3150802BA90FFFFFFFFFFFA9D1B0000000000000000E9
S3150802BAA000000000000000000000227CCDFEFFFF1F
S3150802BAB0FFFFFFFFFFFFFDC9791E0000000000001F
S3150802BAC00000000000000000000000000000000066
S3150802BAD0000C375D6D7A796C5B340A000000000051
S3150802BAE00000000000000000000000000000000046
S3150802BAF000000C3E73A7DBFFFFFFFF80000000007B
S3150802BB000008386DA1D5FDFFFFFFFFFFFFFFFF808D
S3150802BB100532679BCFFBFFFFFFFFFFFFFFFFFFFF1C
S3150802BB20FFFFFF809FFFFFFFFFFFFFFFFFFFFFFFF4
S3150802BB30FFFFFFFFFFFFFF80A0FFFFFFFFFFFFFFE3
S3150802BB40FFFFFFFFFFFFFFFFFFFFFF80A0FFFFFFD3
S3150802BB50FFFFFFFFFFFFFFFFFAFFFFFFFFFFFF8069
S3150802BB60A0FFFFFFFFFFFFEEBF8E5E2D18FFFFFF50
S3150802BB70FFFFFF80A0FFE1B180501F000000000018
S3150802BB8014FFFFFFFFFFFF802312000000000000E2
S3150802BB900000000014FFFFFFFFFFFF800000000007
S3150802BBA0000000000000000014FFFFFFFFFFFF80F7
S3150802BBB000000000000000000000000014FFFFFF64
S3150802BBC0FFFFFF80000000000000000000000000E8
S3150802BBD014FFFFFFFFFFFF800000000000000000C7
S3150802BBE00000000014FFFFFFFFFFFF8000000000B7
S3150802BBF0000000000000000014FFFFFFFFFFFF80A7
S3150802BC0000000000000000000000000014FFFFFF13
S3150802BC10FFFFFF8000000000000000000000000097
S3150802BC2014FFFFFFFFFFFF80000000000000000076
S3150802BC300000000014FFFFFFFFFFFF800000000066
S3150802BC40000000000000000014FFFFFFFFFFFF8056
S3150802BC5000000000000000000000000014FFFFFFC3
S3150802BC60FFFFFF8000000000000000000000000047
S3150802BC7014FFFFFFFFFFFF80000000000000000026
S3150802BC800000000014FFFFFFFFFFFF800000000016
S3150802BC90000000000000000014FFFFFFFFFFFF8006
S3150802BCA000000000000000000000000014FFFFFF73
S3150802BCB0FFFFFF80000000000000000000000000F7
S3150802BCC014FFFFFFFFFFFF800000000000000000D6
S3150802BCD00000000014FFFFFFFFFFFF8000000000C6
S3150802BCE0000000000000000014FFFFFFFFFFFF80B6
S3150802BCF000000000000000000000000014FFFFFF23
S3150802BD00FFFFFF80000000000000000000000000A6
S3150802BD1014FFFFFFFFFFFF80000000000000000085
S3150802BD200000000014FFFFFFFFFFFF800000000075
S3150802BD30000000000000000014FFFFFFFFFFFF8065
S3150802BD4000000000000000000000000014FFFFFFD2
S3150802BD50FFFFFF8000000000000000000000000056
S3150802BD6014FFFFFFFFFFFF80000000000000000035
S3150802BD700000000014FFFFFFFFFFFF800000000025
S3150802BD80000000000000000014FFFFFFFFFFFF8015
S3150802BD9000000000000000000000000014FFFFFF82
S3150802BDA0FFFFFF8000000000000000000000000006
S3150802BDB014FFFFFFFFFFFF800000000000000000E5
S3150802BDC00000000014FFFFFFFFFFFF8000000000D5
S3150802BDD0000000000000000014FFFFFFFFFFFF80C5
S3150802BDE000000000000000000000000014FFFFFF32
S3150802BDF0FFFFFF80000000000000000000000000B6
S3150802BE0014FFFFFFFFFFFF80000000000000000094
S3150802BE100000000014FFFFFFFFFFFF800000000084
S3150802BE20000000000000000014FFFFFFFFFFFF8074
S3150802BE3000000000000000000000000014FFFFFFE1
S3150802BE40FFFFFF8000000000000000000000000065
S3150802BE5014FFFFFFFFFFFF80000000000000000044
S3150802BE600000000014FFFFFFFFFFFF800000000034
S3150802BE70000000000000000014FFFFFFFFFFFF8024
S3150802BE8000000000000000000000000014FFFFFF91
S3150802BE90FFFFFF8000000000000000000000000015
S3150802BEA014FFFFFFFFFFFF800000000000000000F4
S3150802BEB00000000014FFFFFFFFFFFF8000000000E4
S3150802BEC0000000000000000014FFFFFFFFFFFF80D4
S3150802BED00000000000000005233E50636F757B7A60
S3150802BEE06B5C4D2701000000000000000000000006
S3150802BEF000000000001F81B3E0FDFFFFFFFFFFFF08
S3150802BF00FFFFFFFFFFFFF2C0791A000000000000E2
S3150802BF100000000000000054FFFFFFFFFFFFFFFFC5
S3150802BF20FFFFFFFFFFFFFFFFFFFFFFFCB22C000032
S3150802BF3000000000000000000054FFFFFFFFFFFFA3
S3150802BF40FFFFFFFFFFFFFFFFFFFFFFFFFFFFFFFAF6
S3150802BF50820700000000000000000054FFFFFFFFF8
S3150802BF60FFFFFFFFFFFFFFFFFFFFFFFFFFFFFFFFD1
S3150802BF70FFFFFFC10E000000000000000054FFFF93
S3150802BF80FFFFFFFFFFFFFFFBF7FFFFFFFFFFFFFFBD
S3150802BF90FFFFFFFFFFFFB903000000000000005487
S3150802BFA0FED6A37C5539220D02000003143C6EBD51
S3150802BFB0FCFFFFFFFFFFFFFFFF730000000000000A
S3150802BFC000100F0000000000000000000000000042
S3150802BFD000001E9CFCFFFFFFFFFFFFF2100000009F
S3150802BFE00000000000000000000000000000000041
S3150802BFF000000000000049F2FFFFFFFFFFFF730089
S3150802C0000000000000000000000000000000000020
S3150802C01000000000000000000049FFFFFFFFFFFFCD
S3150802C020C900000000000000000000000000000037
S3150802C030000000000000000000000000ABFFFFFF48
S3150802C040FFFFFD0C000000000000000000000000D9
S3150802C05000000000000000000000000000004DFF84
S3150802C060FFFFFFFFFF3B000000000000000000008A
S3150802C07000000000000000000000000000000000B0
S3150802C08008FCFFFFFFFFFF5B000000000000000046
S3150802C0900000000000000000000000000000000090
S3150802C0A0000000E8FFFFFFFFFF6F0000000000002E
S3150802C0B00000000000000000000000000000000070
S3150802C0C00000000000D2FFFFFFFFFF78000000001B
S3150802C0D00000000000000000000000000000000050
S3150802C0E000000000000000D8FFFFFFFFFF710000FC
S3150802C0F00000000000000000000000000000000030
S3150802C100000000000000000000E9FFFFFFFFFF63D8
S3150802C110000000000000000000000000000000000F
S3150802C1200000000000000000000013FFFFFFFFFFF1
S3150802C130FF470000000000000000000000000000A9
S3150802C14000000000000000000000000046FFFFFF9C
S3150802C150FFFFFF1D000000000000000000000000B5
S3150802C160000000000000000000000000000093FF2D
S3150802C170FFFFFFFFE70000000000000000000000CC
S3150802C180000000000000000000000000000000059A
S3150802C190E6FFFFFFFFFF9E00000000000000000010
S3150802C1A0000000000000000000000000000000007F
S3150802C1B0005EFFFFFFFFFFFF4A00000000000000CD
S3150802C1C0000000000000000000000000000000005F
S3150802C1D0000007D9FFFFFFFFFFDD02000000000095
S3150802C1E0000000000000000000000000000000003F
S3150802C1F0000000007FFFFFFFFFFFFF68000000004E
S3150802C200000000000000000000000000000000001E
S3150802C210000000000036F9FFFFFFFFFFD50300000C
S3150802C22000000000000000000000000000000000FE
S3150802C23000000000000013E1FFFFFFFFFFFD3F00C3
S3150802C24000000000000000000000000000000000DE
S3150802C2500000000000000007BFFFFFFFFFFFFF8C82
S3150802C26000000000000000000000000000000000BE
S3150802C270000000000000000001A9FFFFFFFFFFFF0A
S3150802C280C8070000000000000000000000000000CF
S3150802C2900000000000000000000095FFFFFFFFFFFE
S3150802C2A0FFE5190000000000000000000000000081
S3150802C2B0000000000000000000000093FFFFFFFFDF
S3150802C2C0FFFFF2330000000000000000000000003B
S3150802C2D000000000000000000000000093FFFFFFBE
S3150802C2E0FFFFFFF74000000000000000000000000A
S3150802C2F0000000000000000000000000029CFFFF92
S3150802C300FFFFFFFFF84B00000000000000000000DE
S3150802C3100000000000000000000000000007ACFF5B
S3150802C320FFFFFFFFFFF646000000000000000000C6
S3150802C330000000000000000000000000000010C11C
S3150802C340FFFFFFFFFFFFF23E0000000000000000B3
S3150802C35000000000000000000000000000000020AD
S3150802C360D6FFFFFFFFFFFFE73200000000000000D4
S3150802C37000000000000000000000000000000000AD
S3150802C38038E8FFFFFFFFFFFFD7200000000000008C
S3150802C390000000000000000000000000000000008D
S3150802C3A00058F7FFFFFFFFFFFFC212000000000060
S3150802C3B0000000000000000000000000000000006D
S3150802C3C0000184FFFFFFFFFFFFFF9D06000000003C
S3150802C3D0000000000000000000000000000000004D
S3150802C3E000000DB0FFFFFFFFFFFFFD730000000016
S3150802C3F0000000000000000000000000000000002D
S3150802C40000000024D5FFFFFFFFFFFFF04A000000EF
S3150802C410000000000000000000000000000000000C
S3150802C420000000004AEFFFFFFFFFFFFFD4240000D1
S3150802C43000000000000000000000000000000000EC
S3150802C44000000000017EFDFFFFFFFFFFFFAA0B00B1
S3150802C45000000000000000000000000000000000CC
S3150802C460000000000010B3FFFFFFFFFFFFFC75008E
S3150802C47000000000000000000000000000000000AC
S3150802C48000000000000030DDFFFFFFFFFFFFE63E71
S3150802C490000000000000000000000000000000008C
S3150802C4A00000000000000000D6FFFFFFFFFFFFC1EB
S3150802C4B01600000000000000000000000000000056
S3150802C4C000000000000000000000D8FFFFFFFFFF89
S3150802C4D0FFB6888888888888888888888888888827
S3150802C4E0888888888888888888888846D8FFFFFF49
S3150802C4F0FFFFFFFFFFFFFFFFFFFFFFFFFFFFFFFF3C
S3150802C500FFFFFFFFFFFFFFFFFFFFFFFFFF84D8FFCD
S3150802C510FFFFFFFFFFFFFFFFFFFFFFFFFFFFFFFF1B
S3150802C520FFFFFFFFFFFFFFFFFFFFFFFFFFFFFF8486
S3150802C530D8FFFFFFFFFFFFFFFFFFFFFFFFFFFFFF22
S3150802C540FFFFFFFFFFFFFFFFFFFFFFFFFFFFFFFFEB
S3150802C550FF84D8FFFFFFFFFFFFFFFFFFFFFFFFFF7D
S3150802C560FFFFFFFFFFFFFFFFFFFFFFFFFFFFFFFFCB
S3150802C570FFFFFF84D8FFFFFFFFFFFFFFFFFFFFFF5D
S3150802C580FFFFFFFFFFFFFFFFFFFFFFFFFFFFFFFFAB
S3150802C590FFFFFFFFFF84000000000000011A35506C
S3150802C5A06770797D766B583D19000000000000001F
S3150802C5B0000000000000000E5696CAF4FFFFFFFFB7
S3150802C5C0FFFFFFFFFFFFFFFFE9B06714000000004F
S3150802C5D00000000000007CFFFFFFFFFFFFFFFFFFD8
S3150802C5E0FFFFFFFFFFFFFFFFFFFFF9A12300000088
S3150802C5F000000000007CFFFFFFFFFFFFFFFFFFFFB9
S3150802C600FFFFFFFFFFFFFFFFFFFFFFF772000000BC
S3150802C610000000007CFFFFFFFFFFFFFFFFFFFFFF99
S3150802C620FFFFFFFFFFFFFFFFFFFFFFFF990000006D
S3150802C6300000007CFFFFFFFFFFFFFFF8EEE3E8F3D1
S3150802C640FDFFFFFFFFFFFFFFFFFFFFFF790000006F
S3150802C65000007CFACB9A71492B10000000000005F5
S3150802C660285198E6FFFFFFFFFFFFFFFA26000000AA
S3150802C670001609000000000000000000000000008B
S3150802C6800000066EF3FFFFFFFFFFFFA10000000098
S3150802C690000000000000000000000000000000008A
S3150802C6A000000034EFFFFFFFFFFFF50B000000005C
S3150802C6B0000000000000000000000000000000006A
S3150802C6C000000064FFFFFFFFFFFF450000000000B7
S3150802C6D0000000000000000000000000000000004A
S3150802C6E0000001E7FFFFFFFFFF77000000000000E0
S3150802C6F0000000000000000000000000000000002A
S3150802C70000009EFFFFFFFFFF9600000000000000EA
S3150802C7100000000000000000000000000000000009
S3150802C720007CFFFFFFFFFFA40000000000000000DE
S3150802C73000000000000000000000000000000000E9
S3150802C7406AFFFFFFFFFFA5000000000000000000CF
S3150802C7500000000000000000000000000000008148
S3150802C760FFFFFFFFFF94000000000000000000002A
S3150802C7700000000000000000000000000000A9FF01
S3150802C780FFFFFFFF77000000000000000000000026
S3150802C79000000000000000000000000011F7FFFF83
S3150802C7A0FFFFFF3F0000000000000000000000003D
S3150802C7B0000000000000000000000094FFFFFFFFD9
S3150802C7C0FFEB070000000000000000000000000068
S3150802C7D000000000000000000063FFFFFFFFFFFFEC
S3150802C7E083000000000000000000000000000000B6
S3150802C7F0000000000000078CFFFFFFFFFFFFDB0BB6
S3150802C8000000000000000000000000000000000018
S3150802C810000000116CE4FFFFFFFFFFFFEB2E000094
S3150802C8200000000000000000000000040F1B305842
S3150802C83080BFFBFFFFFFFFFFFFFFD72900000000B5
S3150802C840000000000000D4FFFFFFFFFFFFFFFFFF0D
S3150802C850FFFFFFFFFFFFFFF587080000000000004B
S3150802C8600000000000D4FFFFFFFFFFFFFFFFFFFFEE
S3150802C870FFFFFFFFD57C1500000000000000000046
S3150802C88000000000D4FFFFFFFFFFFFFFFFFFFFFFCF
S3150802C890FFFFD8420A000000000000000000000066
S3150802C8A0000000D4FFFFFFFFFFFFFFFFFFFFFFFFB0
S3150802C8B0FFFFFFFAB64E030000000000000000006A
S3150802C8C00000D4FFFFFFFFFFFFFFFFFFFFFFFFFF91
S3150802C8D0FFFFFFFFFFD03400000000000000000049
S3150802C8E0000304040407121C2846698ECDFEFFFFC6
S3150802C8F0FFFFFFFFFFFD64000000000000000000CC
S3150802C900000000000000000000000000156DE1FFB5
S3150802C910FFFFFFFFFFFE61000000000000000000AD
S3150802C92000000000000000000000000000057FFE75
S3150802C930FFFFFFFFFFF423000000000000000000D5
S3150802C94000000000000000000000000000005CFF7C
S3150802C950FFFFFFFFFFAC0000000000000000000020
S3150802C9600000000000000000000000000000A0FF18
S3150802C970FFFFFFFFFB1B0000000000000000000095
S3150802C9800000000000000000000000000016FCFF86
S3150802C990FFFFFFFF6D00000000000000000000001E
S3150802C9A000000000000000000000000000C0FFFFB9
S3150802C9B0FFFFFFA5000000000000000000000000C5
S3150802C9C00000000000000000000000007DFFFFFFDD
S3150802C9D0FFFFD30000000000000000000000000076
S3150802C9E0000000000000000000000064FFFFFFFFD7
S3150802C9F0FFE5000000000000000000000000000043
S3150802CA00000000000000000000004FFFFFFFFFFFCC
S3150802CA10F600000000000000000000000000000010
S3150802CA200000000000000000005CFFFFFFFFFFF3AC
S3150802CA3000000000000000000000000000000000E6
S3150802CA40000000000000000074FFFFFFFFFFE50082
S3150802CA5000000000000000000000000000000000C6
S3150802CA6000000000000000B1FFFFFFFFFFC5000045
S3150802CA7000000000000000000000000000000000A6
S3150802CA8000000000000EF7FFFFFFFFFF98000000FE
S3150802CA900000000000000000000000000000000086
S3150802CAA00000000092FFFFFFFFFFFF580000000092
S3150802CAB00000000000000000000000000000000066
S3150802CAC000004FFDFFFFFFFFFFF40C00000000000F
S3150802CAD00000000000000000000000000000000145
S3150802CAE069FCFFFFFFFFFFFF93001800000000002C
S3150802CAF00000000000000000000000000348CBFF11
S3150802CB00FFFFFFFFFFFFF01800E4E8B38A66442E32
S3150802CB101907000000010C1B406A9FECFFFFFFFF8C
S3150802CB20FFFFFFFFFF5A0000E4FFFFFFFFFFFFFFC3
S3150802CB30FFFFF9F6FEFFFFFFFFFFFFFFFFFFFFFF05
S3150802CB40FFFFFF7F000000E4FFFFFFFFFFFFFFFF7D
S3150802CB50FFFFFFFFFFFFFFFFFFFFFFFFFFFFFFFFD5
S3150802CB60FC7100000000E4FFFFFFFFFFFFFFFFFF6D
S3150802CB70FFFFFFFFFFFFFFFFFFFFFFFFFFFFD036AD
S3150802CB800000000000E4FFFFFFFFFFFFFFFFFFFFBB
S3150802CB90FFFFFFFFFFFFFFFFFFFFFFC55701000073
S3150802CBA00000000091CAF2FFFFFFFFFFFFFFFFFF31
S3150802CBB0FFFFFFFFFFFFE7B0702300000000000041
S3150802CBC0000000000000112D45556571777B7E7ABD
S3150802CBD073655135110000000000000000000000D6
S3150802CBE00000000000000000000000000000000035
S3150802CBF000000000000000009EFFFFFFFFFFFFFF8E
S3150802CC00A000000000000000000000000000000074
S3150802CC1000000000000000000000000057FFFFFFB0
S3150802CC20FFFFFFFFFFA00000000000000000000059
S3150802CC3000000000000000000000000000000000E4
S3150802CC4020F0FFFFFFFFFFFFFFFFA000000000002C
S3150802CC5000000000000000000000000000000000C4
S3150802CC600000000004C7FFFFFFFFFFFFFFFFFFA052
S3150802CC7000000000000000000000000000000000A4
S3150802CC8000000000000000000086FFFFFFFFFFFF14
S3150802CC90FFFFFFFFA00000000000000000000000E8
S3150802CCA00000000000000000000000000042FDFF36
S3150802CCB0FFFFFFFFFFFFFFFFFFA0000000000000CD
S3150802CCC00000000000000000000000000000000054
S3150802CCD00014E5FFFFFFFFF5CAFFFFFFFFFFA000F5
S3150802CCE00000000000000000000000000000000034
S3150802CCF0000000000000B3FFFFFFFFFF6780FFFF91
S3150802CD00FFFFFFA000000000000000000000000076
S3150802CD10000000000000000000006FFFFFFFFFFF99
S3150802CD20B00080FFFFFFFFFFA00000000000000028
S3150802CD30000000000000000000000000000030F8BB
S3150802CD40FFFFFFFFE6140080FFFFFFFFFFA00000C2
S3150802CD5000000000000000000000000000000000C3
S3150802CD6000000BD8FFFFFFFFFE45000080FFFFFF14
S3150802CD70FFFFA00000000000000000000000000005
S3150802CD80000000000000009EFFFFFFFFFF8E00006C
S3150802CD900080FFFFFFFFFFA0000000000000000068
S3150802CDA0000000000000000000000057FFFFFFFF20
S3150802CDB0FFD00700000080FFFFFFFFFFA000000072
S3150802CDC00000000000000000000000000000002132
S3150802CDD0F0FFFFFFFFF62A0000000080FFFFFFFFBB
S3150802CDE0FFA0000000000000000000000000000094
S3150802CDF000000004C7FFFFFFFFFF6B0000000000F2
S3150802CE0080FFFFFFFFFFA0000000000000000000F7
S3150802CE10000000000000000087FFFFFFFFFFB400CC
S3150802CE20000000000080FFFFFFFFFFA000000000D7
S3150802CE3000000000000000000000000042FDFFFFA5
S3150802CE40FFFFE81600000000000080FFFFFFFFFF5B
S3150802CE50A000000000000000000000000000000022
S3150802CE6015E6FFFFFFFFFF490000000000000080F3
S3150802CE70FFFFFFFFFFA00000000000000000000007
S3150802CE800000000000B4FFFFFFFFFF910000000052
S3150802CE900000000080FFFFFFFFFFA0000000000067
S3150802CEA000000000000000000070FFFFFFFFFFD334
S3150802CEB008000000000000000080FFFFFFFFFFA03F
S3150802CEC00000000000000000000000000030F8FF2B
S3150802CED0FFFFFFF82D00000000000000000080FFA1
S3150802CEE0FFFFFFFFA0000000000000000000000096
S3150802CEF0000BD8FFFFFFFFFF6E00000000000000D6
S3150802CF0000000080FFFFFFFFFFA0000000000000F6
S3150802CF100000000000009FFFFFFFFFFFB7010000AF
S3150802CF20000000000000000080FFFFFFFFFFA000D6
S3150802CF300000000000000000000058FFFFFFFFFF8E
S3150802CF40EA17000000000000000000000080FFFF52
S3150802CF50FFFFFFA00000000000000000000021F112
S3150802CF60FFFFFFFFFF4C000000000000000000006A
S3150802CF70000080FFFFFFFFFFA00000000000000086
S3150802CF80000004C8FFFFFFFFFF9500000000000035
S3150802CF900000000000000080FFFFFFFFFFA0000066
S3150802CFA00000000000000087FFFFFFFFFFD5090011
S3150802CFB000000000000000000000000080FFFFFFE4
S3150802CFC0FFFFA0000000000000000043FDFFFFFF76
S3150802CFD0FFF92F000000000000000000000000001A
S3150802CFE00080FFFFFFFFFFA0000000000000001501
S3150802CFF0E6FFFFFFFFFF72000000000000000000CE
S3150802D00000000000000080FFFFFFFFFFA0000000F5
S3150802D01000000000B4FFFFFFFFFFBA010000000096
S3150802D020000000000000000000000080FFFFFFFF74
S3150802D030FFA000000000000058FFFFFFFFFFEB19EA
S3150802D04000000000000000000000000000000000D0
S3150802D05080FFFFFFFFFFA000000000000070FFFF37
S3150802D060FFFFFF853838383838383838383838388E
S3150802D07038383838389CFFFFFFFFFFA00000000051
S3150802D080000070FFFFFFFFFFFFFFFFFFFFFFFFFF2D
S3150802D090FFFFFFFFFFFFFFFFFFFFFFFFFFFFFFFF90
S3150802D0A0FFFFFFFFFFFF9C70FFFFFFFFFFFFFFFF72
S3150802D0B0FFFFFFFFFFFFFFFFFFFFFFFFFFFFFFFF70
S3150802D0C0FFFFFFFFFFFFFFFFFFFFFF9C70FFFFFF52
S3150802D0D0FFFFFFFFFFFFFFFFFFFFFFFFFFFFFFFF50
S3150802D0E0FFFFFFFFFFFFFFFFFFFFFFFFFFFFFFFF40
S3150802D0F09C70FFFFFFFFFFFFFFFFFFFFFFFFFFFF22
S3150802D100FFFFFFFFFFFFFFFFFFFFFFFFFFFFFFFF1F
S3150802D110FFFFFFFFFF9C70FFFFFFFFFFFFFFFFFF01
S3150802D120FFFFFFFFFFFFFFFFFFFFFFFFFFFFFFFFFF
S3150802D130FFFFFFFFFFFFFFFFFFFF9C398484848404
S3150802D140848484848484848484848484848484848F
S3150802D150848484C2FFFFFFFFFFD1848484848450C1
S3150802D16000000000000000000000000000000000AF
S3150802D170000000000000000080FFFFFFFFFFA00084
S3150802D180000000000000000000000000000000008F
S3150802D1900000000000000000000000000080FFFF01
S3150802D1A0FFFFFFA0000000000000000000000000D2
S3150802D1B0000000000000000000000000000000005F
S3150802D1C0000080FFFFFFFFFFA00000000000000034
S3150802D1D0000000000000000000000000000000003F
S3150802D1E00000000000000080FFFFFFFFFFA0000014
S3150802D1F0000000000000000000000000000000001F
S3150802D20000000000000000000000000080FFFFFF91
S3150802D210FFFFA00000000000000000000000000060
S3150802D22000000000000000000000000000000000EE
S3150802D2300080FFFFFFFFFFA00000000000000000C3
S3150802D24000000000000000000000000000000000CE
S3150802D25000000000000080FFFFFFFFFFA0000000A3
S3150802D26000000000000000000000000000000000AE
S3150802D270000000000000000000000080FFFFFFFF22
S3150802D280FFA00000000000000000000000000000EF
S3150802D290000000000000000000000000000000007E
S3150802D2A080FFFFFFFFFFA000000000000000000053
S3150802D2B0000000000000000000000000000000005E
S3150802D2C0000000000080FFFFFFFFFFA00000000033
S3150802D2D0000000000000000000000000000000003E
S3150802D2E00000000000000000000080FFFFFFFFFFB3
S3150802D2F0A00000000000000000000000000000007E
S3150802D300000000000000000000000000000000808D
S3150802D310FFFFFFFFFFA0000000000000000000372B
S3150802D320FFFFFFFFFFFFFFFFFFFFFFFFFFFFFFFFFD
S3150802D330FFFFFFFFFFFFFF800000000000005BFF0A
S3150802D340FFFFFFFFFFFFFFFFFFFFFFFFFFFFFFFFDD
S3150802D350FFFFFFFFFFFF8000000000000080FFFFC5
S3150802D360FFFFFFFFFFFFFFFFFFFFFFFFFFFFFFFFBD
S3150802D370FFFFFFFFFF80000000000000A4FFFFFF81
S3150802D380FFFFFFFFFFFFFFFFFFFFFFFFFFFFFFFF9D
S3150802D390FFFFFFFF80000000000000C9FFFFFFFF3C
S3150802D3A0FFFFFFFFFFFFFFFFFFFFFFFFFFFFFFFF7D
S3150802D3B0FFFFFF80000000000000EDFFFFFFFFED0A
S3150802D3C0ACACACACACACACACACACACACACACACAC8D
S3150802D3D0ACAC56000000000011FFFFFFFFFFAD00D6
S3150802D3E0000000000000000000000000000000002D
S3150802D3F00000000000000036FFFFFFFFFF8200006A
S3150802D400000000000000000000000000000000000C
S3150802D4100000000000005BFFFFFFFFFF580000004E
S3150802D42000000000000000000000000000000000EC
S3150802D43000000000007FFFFFFFFFFF2E0000000034
S3150802D44000000000000000000000000000000000CC
S3150802D45000000000A4FFFFFFFFFC07000000000019
S3150802D46000000000000000000000000000000000AC
S3150802D470000000C8FFFFFFFFDA00000000000000FE
S3150802D480000000000000000000000000000000008C
S3150802D4900000EDFFFFFFFFB00000000000000000E3
S3150802D4A0000000000000000000000000000000006C
S3150802D4B011FFFFFFFFFF86000000000000000000CA
S3150802D4C00000000000000000000000000000003616
S3150802D4D0FFFFFFFFFF5C00000000000000000000E5
S3150802D4E000000000000000000000000000005AFFD3
S3150802D4F0FFFFFFFF320000000000000000000000EE
S3150802D500000000000000000000000000007FFFFF8E
S3150802D510FFFFFE0A000000000000000000000000F5
S3150802D520000000000000000000000000A3FFFFFF4B
S3150802D530FFDE0000000000000000000000000000FE
S3150802D5400000000000000000000000C8FFFFFFFF07
S3150802D550E097B5D0DCE5EDE9E2D1BB9A733E090066
S3150802D56000000000000000000000ECFFFFFFFFFFC4
S3150802D570FFFFFFFFFFFFFFFFFFFFFFFFFFF8B358A5
S3150802D580050000000000000010FFFFFFFFFFFFFF7D
S3150802D590FFFFFFFFFFFFFFFFFFFFFFFFFFFFFFE5A5
S3150802D5A06502000000000035FFFFFFFFFFFFFFFFD7
S3150802D5B0FFFFFFFFFFFFFFFFFFFFFFFFFFFFFFFF6B
S3150802D5C0C21D000000005AFFFFFFFFFFFFFFFFFF1B
S3150802D5D0FFFFFFFFFFFFFFFFFFFFFFFFFFFFFFFF4B
S3150802D5E0E4280000007EEDC399775439220F06021B
S3150802D5F0081326426595D5FFFFFFFFFFFFFFFFFFD2
S3150802D600E01500000900000000000000000000000C
S3150802D610000000000000248AF4FFFFFFFFFFFFFF5F
S3150802D620AD0000000000000000000000000000003D
S3150802D630000000000000001CC2FFFFFFFFFFFFFF03
S3150802D6404100000000000000000000000000000089
S3150802D650000000000000000AC1FFFFFFFFFFFFB73E
S3150802D66000000000000000000000000000000000AA
S3150802D6700000000000000011EDFFFFFFFFFFFC1590
S3150802D680000000000000000000000000000000008A
S3150802D6900000000000000071FFFFFFFFFFFF5B00B4
S3150802D6A0000000000000000000000000000000006A
S3150802D6B00000000000000EFBFFFFFFFFFF920000C4
S3150802D6C0000000000000000000000000000000004A
S3150802D6D0000000000000C4FFFFFFFFFFB9000000C2
S3150802D6E0000000000000000000000000000000002A
S3150802D6F000000000008BFFFFFFFFFFD700000000BD
S3150802D7000000000000000000000000000000000009
S3150802D7100000000076FFFFFFFFFFE50000000000A3
S3150802D72000000000000000000000000000000000E9
S3150802D73000000061FFFFFFFFFFED00000000000090
S3150802D74000000000000000000000000000000000C9
S3150802D750000063FFFFFFFFFFE50000000000000076
S3150802D76000000000000000000000000000000000A9
S3150802D7700079FFFFFFFFFFD900000000000000004C
S3150802D7800000000000000000000000000000000089
S3150802D7908FFFFFFFFFFFBE00000000000000000031
S3150802D7A0000000000000000000000000000000CB9E
S3150802D7B0FFFFFFFFFF9C00000000000000000000C2
S3150802D7C00000000000000000000000000017FEFF35
S3150802D7D0FFFFFFFF670000000000000000000000D6
S3150802D7E000000000000000000000000080FFFFFFAC
S3150802D7F0FFFFFF28000000000000000000000000F4
S3150802D8000000000000000000000021F7FFFFFFFFF4
S3150802D810FFD3000000000000000000000000000026
S3150802D820000000000000000019D3FFFFFFFFFFFF02
S3150802D8306D0000000000000000000000000000006B
S3150802D84000000000000039DDFFFFFFFFFFFFE508CB
S3150802D85000150000000000000000000000000000A3
S3150802D86000000138ABFFFFFFFFFFFFFFFF4F00007D
S3150802D870B8EAAF7F57321D0A000000010B183A6654
S3150802D88096E2FFFFFFFFFFFFFFFFFF8F000000B8D2
S3150802D890FFFFFFFFFFFFFFFFFAF5FDFFFFFFFFFF99
S3150802D8A0FFFFFFFFFFFFFFFFFF9E02000000B8FF1A
S3150802D8B0FFFFFFFFFFFFFFFFFFFFFFFFFFFFFFFF68
S3150802D8C0FFFFFFFFFFFFFA790000000000B8FFFF25
S3150802D8D0FFFFFFFFFFFFFFFFFFFFFFFFFFFFFFFF48
S3150802D8E0FFFFFFFFC432000000000000B8FFFFFF81
S3150802D8F0FFFFFFFFFFFFFFFFFFFFFFFFFFFFFFFF28
S3150802D900FDB648000000000000000070BCE1FDFF03
S3150802D910FFFFFFFFFFFFFFFFFFFFFFFFE2A86517FD
S3150802D9200000000000000000000000000007294671
S3150802D930525D68737D7B746650350E0000000000E8
S3150802D94000000000000000000000000000000000C7
S3150802D95000000000000000000000000000000F2F79
S3150802D9604E636D77260000000000000000000000EC
S3150802D9700000000000000000000000002C73ACE567
S3150802D980FFFFFFFFFFFF4C00000000000000000041
S3150802D9900000000000000000000000167ED6FFFF0F
S3150802D9A0FFFFFFFFFFFFFFFF490000000000000026
S3150802D9B000000000000000000000001993F6FFFFB7
S3150802D9C0FFFFFFFFFFFFFFFFFFFF4600000000000B
S3150802D9D000000000000000000000000167F0FFFFE1
S3150802D9E0FFFFFFFFFFFFFFFFFFFFFFFF43000000F0
S3150802D9F000000000000000000000000010B9FFFF50
S3150802DA00FFFFFFFFFFFFFFFFFFFFFFFFFFFF4100D3
S3150802DA100000000000000000000000000022D7FFFE
S3150802DA20FFFFFFFFFFFFFFFFFFD493694425190D90
S3150802DA3001000000000000000000000000001CE1D8
S3150802DA40FFFFFFFFFFFFFFFFD26D17000000000078
S3150802DA5000000000000000000000000000000012A4
S3150802DA60D6FFFFFFFFFFFFFFCC42000000000000C9
S3150802DA700000000000000000000000000000000096
S3150802DA8000B0FFFFFFFFFFFFF36201000000000086
S3150802DA900000000000000000000000000000000076
S3150802DAA000006AFFFFFFFFFFFFD22500000000000B
S3150802DAB00000000000000000000000000000000056
S3150802DAC00000001AF4FFFFFFFFFFCA110000000062
S3150802DAD00000000000000000000000000000000036
S3150802DAE00000000000A1FFFFFFFFFFD90F000000A2
S3150802DAF00000000000000000000000000000000016
S3150802DB000000000000002DFEFFFFFFFFF42A0000C0
S3150802DB1000000000000000000000000000000000F5
S3150802DB200000000000000000A1FFFFFFFFFF7600D3
S3150802DB3000000000000000000000000000000000D5
S3150802DB4000000000000000000019F9FFFFFFFFDCDB
S3150802DB5006000000000000000000000000000000AF
S3150802DB60000000000000000000000075FFFFFFFF34
S3150802DB70FF6A00000000000000000000000000002C
S3150802DB8000000000000000000000000000CCFFFFBB
S3150802DB90FFFFF30C00000000000000000203000073
S3150802DBA0000000000000000000000000000021FF45
S3150802DBB0FFFFFFFFAE000000001867A7D3F3FFFFC1
S3150802DBC0F9E2C18E4D0900000000000000000000C5
S3150802DBD066FFFFFFFFFF66000038B0FCFFFFFFFF8E
S3150802DBE0FFFFFFFFFFFFFFF1911A00000000000090
S3150802DBF00000A6FFFFFFFFFF3317A9FFFFFFFFFF86
S3150802DC00FFFFFFFFFFFFFFFFFFFFFFF471010000A9
S3150802DC1000000000E3FFFFFFFFFF45E9FFFFFFFFEC
S3150802DC20FFFFFFFFFFFFFFFFFFFFFFFFFFFFFFAD46
S3150802DC30080000000010FFFFFFFFFFFEF8FFFFFFCE
S3150802DC40FFFFFFFFFFFFFFFFFFFFFFFFFFFFFFFFD4
S3150802DC50FFFFB6040000003BFFFFFFFFFFFFFFFFC9
S3150802DC60FFFFFFCE864D25150511275DA7FBFFFF92
S3150802DC70FFFFFFFFFF8B00000064FFFFFFFFFFFFB0
S3150802DC80FFFFFFC53E000000000000000000002460
S3150802DC90B6FFFFFFFFFFFFFD36000082FFFFFFFF13
S3150802DCA0FFFFFFFF8B0400000000000000000000D9
S3150802DCB000000293FFFFFFFFFFFFBC00009AFFFF71
S3150802DCC0FFFFFFFFFF9900000000000000000000B0
S3150802DCD0000000000000B5FFFFFFFFFFFF2A00B2A9
S3150802DCE0FFFFFFFFFFFFD90500000000000000004C
S3150802DCF0000000000000000015F2FFFFFFFFFF858D
S3150802DD0000C1FFFFFFFFFFFF5A00000000000000EE
S3150802DD10000000000000000000000093FFFFFFFF64
S3150802DD20FFCD00C9FFFFFFFFFFF506000000000058
S3150802DD30000000000000000000000000002EFFFFA7
S3150802DD40FFFFFFFB08D0FFFFFFFFFFB60000000042
S3150802DD5000000000000000000000000000000001B2
S3150802DD60F0FFFFFFFFFF30D6FFFFFFFFFF8F000028
S3150802DD700000000000000000000000000000000093
S3150802DD800000BDFFFFFFFFFF4DD2FFFFFFFFFF7B36
S3150802DD900000000000000000000000000000000073
S3150802DDA000000000A5FFFFFFFFFF64CBFFFFFFFF98
S3150802DDB0FF750000000000000000000000000000DF
S3150802DDC000000000000094FFFFFFFFFF6DBCFFFF8D
S3150802DDD0FFFFFF83000000000000000000000000B3
S3150802DDE000000000000000008DFFFFFFFFFF70A685
S3150802DDF0FFFFFFFFFF900000000000000000000088
S3150802DE00000000000000000000009DFFFFFFFFFF6A
S3150802DE10688AFFFFFFFFFFAB00000000000000005A
S3150802DE20000000000000000000000000ACFFFFFF39
S3150802DE30FFFF5863FFFFFFFFFFDB00000000000043
S3150802DE400000000000000000000000000000D0FFF3
S3150802DE50FFFFFFFF3C37FFFFFFFFFFFE0E0000003C
S3150802DE600000000000000000000000000000000999
S3150802DE70FBFFFFFFFFFF1405F6FFFFFFFFFF5C0036
S3150802DE800000000000000000000000000000000082
S3150802DE900046FFFFFFFFFFE10000B9FFFFFFFFFF9C
S3150802DEA0BA000000000000000000000000000000A8
S3150802DEB0000000ADFFFFFFFFFF9E000066FFFFFFA9
S3150802DEC0FFFFFE3C0000000000000000000000000A
S3150802DED00000000029FBFFFFFFFFFF4E000010F4C1
S3150802DEE0FFFFFFFFFFD5080000000000000000004A
S3150802DEF0000000000005CEFFFFFFFFFFE60400005A
S3150802DF000093FFFFFFFFFFFFBA09000000000000B1
S3150802DF100000000000000AAFFFFFFFFFFFFF7200CC
S3150802DF2000000017F1FFFFFFFFFFFFCC38000000DB
S3150802DF30000000000000003CCDFFFFFFFFFFFFDDF1
S3150802DF4009000000000066FFFFFFFFFFFFFFFFB8A2
S3150802DF506B2A100002123172BFFFFFFFFFFFFFFF9D
S3150802DF60FD4200000000000000A2FFFFFFFFFFFFC6
S3150802DF70FFFFFFFFFFFBFDFFFFFFFFFFFFFFFFFFA7
S3150802DF80FFFF78000000000000000004ADFFFFFF5D
S3150802DF90FFFFFFFFFFFFFFFFFFFFFFFFFFFFFFFF81
S3150802DFA0FFFFFF8800000000000000000000028456
S3150802DFB0FCFFFFFFFFFFFFFFFFFFFFFFFFFFFFFF64
S3150802DFC0FFFFFFF7650000000000000000000000E8
S3150802DFD0000033BEFFFFFFFFFFFFFFFFFFFFFFFF4C
S3150802DFE0FFFFFFFDAD220000000000000000000058
S3150802DFF0000000000000328EDAFFFFFFFFFFFFFF7E
S3150802E000FFFFFED284250000000000000000000089
S3150802E0100000000000000000000000144060737C4D
S3150802E0207B715C3C0E00000000000000000000004E
S3150802E0300010FFFFFFFFFFFFFFFFFFFFFFFFFFFFCE
S3150802E040FFFFFFFFFFFFFFFFFFFFFFFFFFFFFFFFD0
S3150802E050FFFFFF6010FFFFFFFFFFFFFFFFFFFFFF4E
S3150802E060FFFFFFFFFFFFFFFFFFFFFFFFFFFFFFFFB0
S3150802E070FFFFFFFFFFFF6010FFFFFFFFFFFFFFFF2E
S3150802E080FFFFFFFFFFFFFFFFFFFFFFFFFFFFFFFF90
S3150802E090FFFFFFFFFFFFFFFFFF6010FFFFFFFFFF0E
S3150802E0A0FFFFFFFFFFFFFFFFFFFFFFFFFFFFFFFF70
S3150802E0B0FFFFFFFFFFFFFFFFFFFFFFFF6010FFFFEE
S3150802E0C0FFFFFFFFFFFFFFFFFFFFFFFFFFFFFFFF50
S3150802E0D0FFFFFFFFFFFFFFFFFFFFFFFFFFFFFF60DF
S3150802E0E00AACACACACACACACACACACACACACACAC02
S3150802E0F0ACACACACACACACACACACACACC7FFFFFF3C
S3150802E100FFFF6000000000000000000000000000A1
S3150802E110000000000000000000000000000000A946
S3150802E120FFFFFFFFFF49000000000000000000009B
S3150802E13000000000000000000000000000000000CF
S3150802E1400029FDFFFFFFFFD60100000000000000C6
S3150802E15000000000000000000000000000000000AF
S3150802E16000000000A6FFFFFFFFFF5E0000000000A0
S3150802E170000000000000000000000000000000008F
S3150802E18000000000000027FDFFFFFFFFDF0400007C
S3150802E190000000000000000000000000000000006F
S3150802E1A0000000000000000000A3FFFFFFFFFF6A57
S3150802E1B0000000000000000000000000000000004F
S3150802E1C0000000000000000000000024FCFFFFFF22
S3150802E1D0FFE7080000000000000000000000000041
S3150802E1E00000000000000000000000000000A0FF80
S3150802E1F0FFFFFFFF7600000000000000000000009D
S3150802E20000000000000000000000000000000000FE
S3150802E21022FBFFFFFFFFEE0D0000000000000000DA
S3150802E22000000000000000000000000000000000DE
S3150802E2300000009CFFFFFFFFFF81000000000000B6
S3150802E24000000000000000000000000000000000BE
S3150802E25000000000001FFAFFFFFFFFF41300000092
S3150802E260000000000000000000000000000000009E
S3150802E270000000000000000099FFFFFFFFFF8D006D
S3150802E280000000000000000000000000000000007E
S3150802E290000000000000000000001DF9FFFFFFFF5C
S3150802E2A0F81A00000000000000000000000000004C
S3150802E2B00000000000000000000000000096FFFFBA
S3150802E2C0FFFFFF99000000000000000000000000A8
S3150802E2D00000000000000000000000000000001B13
S3150802E2E0F8FFFFFFFFFC230000000000000000000B
S3150802E2F0000000000000000000000000000000000E
S3150802E300000093FFFFFFFFFFA500000000000000CA
S3150802E31000000000000000000000000000000000ED
S3150802E3200000000019F7FFFFFFFFFE2C00000000A7
S3150802E33000000000000000000000000000000000CD
S3150802E3400000000000000090FFFFFFFFFFB1000081
S3150802E35000000000000000000000000000000000AD
S3150802E36000000000000000000017F6FFFFFFFFFF95
S3150802E3703700000000000000000000000000000056
S3150802E3800000000000000000000000008DFFFFFFF3
S3150802E390FFFFBD00000000000000000000000000B2
S3150802E3A0000000000000000000000000000015F553
S3150802E3B0FFFFFFFFFF43000000000000000000000F
S3150802E3C0000000000000000000000000000000003D
S3150802E3D00089FFFFFFFFFFC80000000000000000E1
S3150802E3E0000000000000000000000000000000001D
S3150802E3F000000013F3FFFFFFFFFF4E0000000000BE
S3150802E40000000000000000000000000000000000FC
S3150802E41000000000000086FFFFFFFFFFD301000097
S3150802E42000000000000000000000000000000000DC
S3150802E430000000000000000012F2FFFFFFFFFF5A73
S3150802E44000000000000000000000000000000000BC
S3150802E450000000000000000000000083FFFFFFFF2D
S3150802E460FFDC0300000000000000000000000000BE
S3150802E4700000000000000000000000000010F0FF8D
S3150802E480FFFFFFFF6600000000000000000000001A
S3150802E490000000000000000000000000000000006C
S3150802E4A080FFFFFFFFFFE5070000000000000000F5
S3150802E4B0000000000000000000000000000000004C
S3150802E4C000000FEFFFFFFFFFFF72000000000000D1
S3150802E4D0000000000000000000000000000000002C
S3150802E4E000000000007DFFFFFFFFFFEC0B000000AD
S3150802E4F0000000000000000000000000000000000C
S3150802E500000000000000000DEDFFFFFFFFFF7E0088
S3150802E51000000000000000000000000000000000EB
S3150802E520000000000000000000007AFFFFFFFFFF66
S3150802E530F2110000000000000000000000000000C8
S3150802E5400000000000000000000000000BEBFFFFC7
S3150802E550FFFFFF8A00000000000000000000000024
S3150802E5600000000000000000000000000000007625
S3150802E570FFFFFFFFFFF71800000000000000000081
S3150802E580000000000000000000000000000000007B
S3150802E590000AEAFFFFFFFFFF9500000000000000E7
S3150802E5A0000000000000000000000000000000005B
S3150802E5B00000000073FFFFFFFFFFFB2000000000C2
S3150802E5C0000000000000000000000000000000003B
S3150802E5D000000000000009E8FFFFFFFFFFA100009E
S3150802E5E0000000000000000000000000000000001B
S3150802E5F000000000000000000070FFFFFFFFFFFEA2
S3150802E60029000000000000000000000000000000D1
S3150802E610000000000000000000000008E6FFFFFFFF
S3150802E620FFFFAD000000000000000000000000002F
S3150802E63000000000000000000000000000006DFF5E
S3150802E640FFFFFFFFFF33000000000000000000008C
S3150802E65000000000000000000000000000000000AA
S3150802E66007E3FFFFFFFFFFB90000000000000000FC
S3150802E670000000000000000000000000000000008A
S3150802E6800000006AFFFFFFFFFFFF3F0000000000D7
S3150802E690000000000000000000000000000000006A
S3150802E6A0000000000006E1FFFFFFFFFFC5000000B3
S3150802E6B0000000000000000000000000000000004A
S3150802E6C0000000000000000067FFFFFFFFFFFF4B8E
S3150802E6D0000000000000000000000000000000002A
S3150802E6E00000000000000000000005DFFFFFFFFF3A
S3150802E6F0FFD000000000000000000000000000003B
S3150802E70000000000000000000000000000000000F9
S3150802E71000000000214B5B6978776859481C0000A5
S3150802E72000000000000000000000000000000000D9
S3150802E730000000000E6ABAEDFFFFFFFFFFFFFFFFB2
S3150802E740FFFFE8B35F0900000000000000000000B8
S3150802E7500000000000001198F4FFFFFFFFFFFFFF13
S3150802E760FFFFFFFFFFFFFFFFFFEF89090000000021
S3150802E77000000000000000000047E5FFFFFFFFFF62
S3150802E780FFFFFFFFFFFFFFFFFFFFFFFFFFFFFFD9AF
S3150802E79036000000000000000000000054FDFFFFE4
S3150802E7A0FFFFFFFFFFFFFFFFFFFFFFFFFFFFFFFF69
S3150802E7B0FFFFFFFFF73E0000000000000000003FD9
S3150802E7C0F8FFFFFFFFFFFFFFFFFFE6D1C2C4D3ED4D
S3150802E7D0FFFFFFFFFFFFFFFFFFF02C000000000016
S3150802E7E0000005DCFFFFFFFFFFFFFCAC4F14000033
S3150802E7F0000000002165CBFFFFFFFFFFFFFFC600F9
S3150802E8000000000000006FFFFFFFFFFFFFD4320089
S3150802E81000000000000000000000005FF1FFFFFF9B
S3150802E820FFFFFF55000000000000DBFFFFFFFFFFB0
S3150802E830D9150000000000000000000000000000DA
S3150802E8403CF6FFFFFFFFFFC0000000000024FFFFA9
S3150802E850FFFFFFFF3E00000000000000000000006E
S3150802E860000000000074FFFFFFFFFFFB0F0000001F
S3150802E8700068FFFFFFFFFFC700000000000000005E
S3150802E88000000000000000000007ECFFFFFFFFFF8A
S3150802E8904E0000000085FFFFFFFFFF7F000000001B
S3150802E8A00000000000000000000000000000A5FFB4
S3150802E8B0FFFFFFFF6B000000009AFFFFFFFFFF56F6
S3150802E8C00000000000000000000000000000000038
S3150802E8D0000075FFFFFFFFFF8100000000A7FFFF92
S3150802E8E0FFFFFF42000000000000000000000000D9
S3150802E8F000000000000060FFFFFFFFFF8F0000001E
S3150802E900009BFFFFFFFFFF48000000000000000019
S3150802E9100000000000000000000066FFFFFFFFFF86
S3150802E920830000000084FFFFFFFFFF5D0000000078
S3150802E93000000000000000000000000000007DFF4B
S3150802E940FFFFFFFF6E0000000055FFFFFFFFFF936A
S3150802E95000000000000000000000000000000000A7
S3150802E9600000B7FFFFFFFFFF400000000017FCFF93
S3150802E970FFFFFFDE030000000000000000000000A9
S3150802E980000000000015F6FFFFFFFFF70C0000006D
S3150802E9900000B5FFFFFFFFFF5B000000000000005C
S3150802E9A00000000000000000008FFFFFFFFFFFAA23
S3150802E9B000000000000032FDFFFFFFFFED2000000F
S3150802E9C00000000000000000000000004EFEFFFFED
S3150802E9D0FFFFFD2F0000000000000082FFFFFFFF7F
S3150802E9E0FFE33C0000000000000000000000016D8B
S3150802E9F0F9FFFFFFFFFF8B00000000000000000187
S3150802EA009BFFFFFFFFFFFEBA5A2200000000000329
S3150802EA102F70D8FFFFFFFFFFFFAC030000000000C6
S3150802EA20000000000078FAFFFFFFFFFFFFFFF2E099
S3150802EA30D2D3E2F7FFFFFFFFFFFFFFFD88020000C8
S3150802EA40000000000000000000002FBFFFFFFFFFCC
S3150802EA50FFFFFFFFFFFFFFFFFFFFFFFFFFFFBE35C1
S3150802EA600000000000000000000000000000000690
S3150802EA70A4FFFFFFFFFFFFFFFFFFFFFFFFFFFFFFF1
S3150802EA80FF8E0400000000000000000000000000E5
S3150802EA90000A7FE9FFFFFFFFFFFFFFFFFFFFFFFF00
S3150802EAA0FFFFFFFFFFFFE9820E00000000000000E3
S3150802EAB0000000004AE2FFFFFFFFFFFFFFFFFFFF24
S3150802EAC0FFFFFFFFFFFFFFFFFFFFFFFFEB54000003
S3150802EAD00000000000000074FDFFFFFFFFFFFFD0EB
S3150802EAE084512616070817295689DAFFFFFFFFFF02
S3150802EAF0FFFF88000000000000006AFFFFFFFFFF1B
S3150802EB00FFC53800000000000000000000000042B7
S3150802EB10D2FFFFFFFFFFFF86000000000037FCFF61
S3150802EB20FFFFFFFF8A03000000000000000000004C
S3150802EB3000000000069AFFFFFFFFFFFF45000000E6
S3150802EB4001CAFFFFFFFFFFA100000000000000004E
S3150802EB5000000000000000000002B0FFFFFFFFFFF8
S3150802EB60DC02000046FFFFFFFFFFF0100000000076
S3150802EB70000000000000000000000000000018F677
S3150802EB80FFFFFFFFFF490000A4FFFFFFFFFF88000A
S3150802EB900000000000000000000000000000000065
S3150802EBA000000094FFFFFFFFFFA40000E8FFFFFF3D
S3150802EBB0FFFF3D000000000000000000000000000A
S3150802EBC00000000000000049FFFFFFFFFFDB001CFA
S3150802EBD0FFFFFFFFFFF9060000000000000000002B
S3150802EBE000000000000000000000000CFDFFFFFF0F
S3150802EBF0FFFE0D3DFFFFFFFFFFE4000000000000DF
S3150802EC0000000000000000000000000000000000F4
S3150802EC10EEFFFFFFFFFF234CFFFFFFFFFFD20000BF
S3150802EC2000000000000000000000000000000000D4
S3150802EC3000000000DBFFFFFFFFFF3254FFFFFFFF6C
S3150802EC40FFD00000000000000000000000000000E5
S3150802EC500000000000000000D9FFFFFFFFFF3C4C48
S3150802EC60FFFFFFFFFFE500000000000000000000B4
S3150802EC70000000000000000000000000EFFFFFFF98
S3150802EC80FFFF3337FFFFFFFFFFFD11000000000003
S3150802EC90000000000000000000000000000000184C
S3150802ECA0FFFFFFFFFFFF1F14FFFFFFFFFFFF5600D7
S3150802ECB00000000000000000000000000000000044
S3150802ECC000000060FFFFFFFFFFFA0300DEFFFFFF01
S3150802ECD0FFFFC40000000000000000000000000062
S3150802ECE000000000000001CEFFFFFFFFFFC8000082
S3150802ECF097FFFFFFFFFFFF5B000000000000000018
S3150802ED000000000000000000000069FFFFFFFFFF8F
S3150802ED10FF84000039FFFFFFFFFFFFF842000000F3
S3150802ED20000000000000000000000000004EFBFF8B
S3150802ED30FFFFFFFFFF2A000000C0FFFFFFFFFFFFE4
S3150802ED40FB83090000000000000000000000000D1F
S3150802ED5090FEFFFFFFFFFFFFB1000000002CF9FF46
S3150802ED60FFFFFFFFFFFFEF954D1B000000000000AD
S3150802ED7020519DF4FFFFFFFFFFFFFFF52300000070
S3150802ED80000063FFFFFFFFFFFFFFFFFFFFFFF3E444
S3150802ED90D6D7E5F5FFFFFFFFFFFFFFFFFFFFFE5A8E
S3150802EDA0000000000000006AFDFFFFFFFFFFFFFFF3
S3150802EDB0FFFFFFFFFFFFFFFFFFFFFFFFFFFFFFFF53
S3150802EDC0FFFC6400000000000000000037D0FFFFCF
S3150802EDD0FFFFFFFFFFFFFFFFFFFFFFFFFFFFFFFF33
S3150802EDE0FFFFFFFFCE350000000000000000000014
S3150802EDF000046ED9FFFFFFFFFFFFFFFFFFFFFFFFC4
S3150802EE00FFFFFFFFFFFFD86C0300000000000000B1
S3150802EE1000000000000000003893CCF8FFFFFFFF57
S3150802EE20FFFFFFFFFFFFF7CB91360000000000004F
S3150802EE3000000000000000000000000000000004BE
S3150802EE402E4E5D6C79796B5D4E2C04000000000035
S3150802EE5000000000000000000000000000000000A2
S3150802EE600000001C4564737C776B4F290100000083
S3150802EE700000000000000000000000000000000082
S3150802EE800000429AE5FFFFFFFFFFFFFFFFFFF0AC1E
S3150802EE905504000000000000000000000000000009
S3150802EEA0000047D1FFFFFFFFFFFFFFFFFFFFFFFF46
S3150802EEB0FFFFFFE2630100000000000000000000FF
S3150802EEC0000009A0FFFFFFFFFFFFFFFFFFFFFFFF95
S3150802EED0FFFFFFFFFFFFFFC41E0000000000000047
S3150802EEE000000010CAFFFFFFFFFFFFFFFFFFFFFF43
S3150802EEF0FFFFFFFFFFFFFFFFFFFFEB3400000000ED
S3150802EF000000000007C6FFFFFFFFFFFFFFFFFFFF2E
S3150802EF10F8E6F1FFFFFFFFFFFFFFFFFFFFF22F00FB
S3150802EF2000000000000098FFFFFFFFFFFFFFF190BF
S3150802EF304A1000000007307AD4FFFFFFFFFFFFFFE9
S3150802EF40E211000000000044FFFFFFFFFFFFFF94ED
S3150802EF50120000000000000000000366F0FFFFFF39
S3150802EF60FFFFFF9D0000000001D1FFFFFFFFFFFD2D
S3150802EF70680000000000000000000000000030EAFF
S3150802EF80FFFFFFFFFFFE2A0000004DFFFFFFFFFF06
S3150802EF90FF870000000000000000000000000000DB
S3150802EFA00034FBFFFFFFFFFFA0000000B2FFFFFFD8
S3150802EFB0FFFFD60600000000000000000000000067
S3150802EFC00000000085FFFFFFFFFFF40A000BF8FFB1
S3150802EFD0FFFFFFFF670000000000000000000000BE
S3150802EFE00000000000000DF4FFFFFFFFFF54004978
S3150802EFF0FFFFFFFFFFF60C00000000000000000004
S3150802F0000000000000000000009CFFFFFFFFFF95C4
S3150802F010007DFFFFFFFFFFC30000000000000000A5
S3150802F02000000000000000000000004AFFFFFFFF8A
S3150802F030FFD000A4FFFFFFFFFF8C000000000000C6
S3150802F0400000000000000000000000000016FFFF9C
S3150802F050FFFFFFF803C0FFFFFFFFFF6C0000000081
S3150802F0600000000000000000000000000000000090
S3150802F070E5FFFFFFFFFF24CFFFFFFFFFFF5D000055
S3150802F0800000000000000000000000000000000070
S3150802F0900000CFFFFFFFFFFF3ED5FFFFFFFFFF4F39
S3150802F0A00000000000000000000000000000000050
S3150802F0B000000000BFFFFFFFFFFF55D1FFFFFFFF64
S3150802F0C0FF5B0000000000000000000000000000D6
S3150802F0D0000000000000B5FFFFFFFFFF64C5FFFF49
S3150802F0E0FFFFFF6C000000000000000000000000A7
S3150802F0F00000000000000000C6FFFFFFFFFF6BAB29
S3150802F100FFFFFFFFFF910000000000000000000063
S3150802F11000000000000000000000DFFFFFFFFFFF05
S3150802F1207188FFFFFFFFFFCC00000000000000000F
S3150802F13000000000000000000000001DFFFFFFFFA6
S3150802F140FFFF6C56FFFFFFFFFFFC200000000000D8
S3150802F150000000000000000000000000006EFFFF33
S3150802F160FFFFFFFF6515FDFFFFFFFFFF9100000090
S3150802F17000000000000000000000000000000AE590
S3150802F180FFFFFFFFFFFF5D00BFFFFFFFFFFFFA392B
S3150802F190000000000000000000000000000000005F
S3150802F1A09BFFFFFFFFFFFFFF4F0056FFFFFFFFFF1B
S3150802F1B0FFE4290000000000000000000000000033
S3150802F1C0038CFFFFFFFFFFFFFFFF380002CEFFFFA2
S3150802F1D0FFFFFFFFF25E02000000000000000000D1
S3150802F1E00038C9FFFFFFFFFFFFFFFFFF20000032C5
S3150802F1F0F9FFFFFFFFFFFFFFD778351000000B1D51
S3150802F2004B7FD1FFFFFFFFFFFFFFFFFFFFFD070059
S3150802F21000005DFEFFFFFFFFFFFFFFFFFFFFFBFC96
S3150802F220FFFFFFFFFFFFFFFFFFF1FFFFFFFFFFDD0E
S3150802F230000000000054F1FFFFFFFFFFFFFFFFFF82
S3150802F240FFFFFFFFFFFFFFFFFFFFC056FFFFFFFFA6
S3150802F250FFB200000000000022C8FFFFFFFFFFFF09
S3150802F260FFFFFFFFFFFFFFFFFFFFF67C036AFFFFBB
S3150802F270FFFFFF86000000000000000048BBFFFFFA
S3150802F280FFFFFFFFFFFFFFFFFFFFF2921D00009E39
S3150802F290FFFFFFFFFF4B0000000000000000000018
S3150802F2A01C5A96C6D9EBFBF7E7C695530900000028
S3150802F2B000DAFFFFFFFFFD0F00000000000000005C
S3150802F2C0000000000000000000000000000000002E
S3150802F2D0000027FFFFFFFFFFCB0000000000000031
S3150802F2E0000000000000000000000000000000000E
S3150802F2F00000000081FFFFFFFFFF7700000000000B
S3150802F30000000000000000000000000000000000ED
S3150802F310000000000006E6FFFFFFFFFF21000000D5
S3150802F32000000000000000000000000000000000CD
S3150802F330000000000000006EFFFFFFFFFFC2000092
S3150802F34000000000000000000000000000000000AD
S3150802F350000000000000000014EBFFFFFFFFFF5251
S3150802F360000000000000000000000000000000008D
S3150802F37000000000000000000000ABFFFFFFFFFFD7
S3150802F380DC0200000000000000000000000000008F
S3150802F390000000000000000000000074FFFFFFFFED
S3150802F3A0FFFF5700000000000000000000000000F8
S3150802F3B00000000000000000000000005CFDFFFFE6
S3150802F3C0FFFFFFC40000000000000000000000006C
S3150802F3D00000000000000000000000000069FCFFB9
S3150802F3E0FFFFFFFFF72D00000000000000000000ED
S3150802F3F0000000000000000000000000000D9CFF55
S3150802F400FFFFFFFFFFFF6D00000000000000000085
S3150802F41000000000000000000000000000025CE29C
S3150802F420FFFFFFFFFFFFFFA800000000000000002B
S3150802F430000000000000000000000000001974DA55
S3150802F440FFFFFFFFFFFFFFFFBA06000000000000F4
S3150802F450000000000000000000051A365E8FCFFE8D
S3150802F460FFFFFFFFFFFFFFFFFFB40B0000000000D6
S3150802F47000000000000000000079FCFFFFFFFFFF0C
S3150802F480FFFFFFFFFFFFFFFFFFFF8D0200000000E7
S3150802F490000000000000000000000082FFFFFFFFDE
S3150802F4A0FFFFFFFFFFFFFFFFFFFFDD450000000034
S3150802F4B00000000000000000000000000085FFFFB9
S3150802F4C0FFFFFFFFFFFFFFFFFFFFEA7B0A000000C7
S3150802F4D00000000000000000000000000000008993
S3150802F4E0FFFFFFFFFFFFFFFFFFFEC56909000000E0
S3150802F4F000000000000000000000000000000000FC
S3150802F500008DFFFFFFFFFFFFDBA2681C0000000063
S3150802F51000000000000000000000000000000000DB
S3150802F52000000046766D6249290A000000000000C4
S3150802F53000000000000000000000000000000000BB
S3150802F5400000000000000000000010160A0A06FF6C
S3150802F5506400002A243403FFB407002A1432070081
S3150802F5609C0B002A223304006212002A1F3405FF6C
S3150802F570AE18002A25320200E81F002A1F3306FFAA
S3150802F5801526002A223404FFFD2C002A2332030002
S3150802F590D333002A243403FF233B002A223404FFF0
S3150802F5A000000102030405060708090A2E000000E6
S3150802F5B00C00010000000000A0F502080C00000083
S3150802F5C034B3020840F50208ACF502080000000050
S3150802F5D00000011068030020D9A10108FDA0010856
S3150802F5E03400010000FB0400C0F502080000000018
S3150802F5F000000000000000001FB300000000000029
S3150802F6000EFF2000000000000CFE000000000000B3
S3150802F6100CFA00000026AB100DF804206EFFFF70EE
S3150802F6200EFEFFF41BBFF14DFFFFDFFB002FF00CB0
S3150802F630FFF20EF8001FF0006FD00FF6001FF0530E
S3150802F640AF900FF4002FFE60FF503FF159DFE3053C
S3150802F650FD006FF0AFFB100CF600BFC05F60004FF5
S3150802F660D001FF80000000DF31BDFF40000009F431
S3150802F670004FFE0000006D200008E3000000500065
S3150802F6800000000000004E9100147CF900000003FF
S3150802F690FFEBEFFFFFF80000001FFFFFFFFEDD7024
S3150802F6A0000001FFD8541000000000002FFA01FEE6
S3150802F6B0700000000003FF800DFF40000000004FAD
S3150802F6C0F600AFF22000000007FF424CFFFF700071
S3150802F6D00000AFF9FFFFFFEB0000000EFD0ABCFEBB
S3150802F6E06730000002FF80008FF3FF3000008FF2C0
S3150802F6F00009FF05F200000EF800009FF67AA50041
S3150802F70008FCCCDEFFFFFFFFF304F809FFFECBAAD5
S3150802F710999A4061000330000000000000000000D2
S3150802F72001000000000006D7001EF40000000000D9
S3150802F730CF5004F904400000004F3025DDFFF400E5
S3150802F7400000009FFFFB87620005E800177FB5836C
S3150802F750000000DF7002DF9BFF2000005F510EFFF2
S3150802F760B86F3000000106066953A500000000477D
S3150802F7704E7CF4FF00000000D32FCAF4FC00000000
S3150802F78008E02F99F3FB0000004FA05F69F3FB0026
S3150802F7901008FF60AF1AF3FB00B00DFF11F90BF268
S3150802F7A0FE12F506FB09D008F0DFFFFA00946C108A
S3150802F7B000802CFFB20000200000000000000000BC
S3150802F7C000BC300000000000002FE000000000002E
S3150802F7D0000BD8BD3000000ABDFFFFFFC0000005C0
S3150802F7E0ECFE76459000009813FD8E27F700005F21
S3150802F7F0ADF9EF5FE40000096EFFF4B700000005FB
S3150802F800A2BF6A6EB20003AF4CFFEFC7FA0009F84F
S3150802F8100FFF88C087100280044FFA9BDFF46CDE64
S3150802F820FFFFFFFFFEE91EFDB97FF510000000008D
S3150802F830000FF20000000000001FF30000000000A5
S3150802F840000FF10000000000000680000000000022
S3150802F8506600000000000009FD2000000000006F9D
S3150802F860F6000000000005FF2022000034105FF9B0
S3150802F870CFF70008FFEFFFFFFFF4005FFEDFF41D7E
S3150802F880FF1002FF25FF72EFD0000FFEFFFFEFFB0E
S3150802F8900000FFCCFF55FF80000DF76FF79FF600BB
S3150802F8A000BFFFFFFFFF200004FDBFF57E601200C8
S3150802F8B00116FF0000058000006FF00000AE100080
S3150802F8C004FFA3236FF900000CFFFFFFFFC000002F
S3150802F8D007CFFFEC910004A000FB2000000000AF58
S3150802F8E0700FF7040000001FF500EF5AF400000A33
S3150802F8F0F8A70EFDFE400008FA4BF8EFD6000008FE
S3150802F900FFFFDFEEF201B0004FE935A5DFDADF705F
S3150802F9100089BEFF54EFFFD40008FE9EF56311006E
S3150802F92000007FA6EF3FF607400007FCAEF2FF6A2B
S3150802F930FF00007F76DF2FFFFF720008FFFFF2FF4E
S3150802F940C61091009F84DF2FF2000E800AF30DF293
S3150802F950FF844BFF00BF6CFF0DFFFFFFC005D08F72
S3150802F9609028ACCA500000005000000000000000B9
S3150802F9700000057000000000ADABEFFFD0000000EC
S3150802F98006FDA989FE000000002FFFFECF800000B9
S3150802F9900000FE779EF3000000000AFCBBDC579CC1
S3150802F9A040699ABDEFFFFFFFFF34FFFDB9AACE9566
S3150802F9B04550000EFEFFFEFF500000008F95FC7FAB
S3150802F9C0F100000005FFFFECFD000000003FB4FC5B
S3150802F9D08FA000000000DFDFEAC400000000034435
S3150802F9E0EECE7000000001EFDFE986000000244534
S3150802F9F067FEABDEF60008FFFFFFEDDDDDB00006B1
S3150802FA004310000000000000000000000000000093
S3150802FA1000000012101201FD900000121310FFFEE2
S3150802FA2028010012121200FDCA010012101201FD6D
S3150802FA305A0200120F1202FEE1020012111201FD11
S3150802FA407A030012111201FD0000EC00A21AE82046
S3150802FA5096225E2E303F00009F520000313F010081
S3150802FA6048FA02080000000007000300F4F502083D
S3150802FA7008FA020858FA0208000000000000010805
S3150802FA8070030020D9A10108FDA001081300030094
S3150802FA9000FE01006CFA02080000000000000000E7
S3150802FAA00AD505FFF06FFF01CF8000007CFFD70063
S3150802FAB000001DFFFFFFD20000DFFFFEFFFD00076B
S3150802FAC0FFFA109FFF700FFFC0000CFFE04FFF40C8
S3150802FAD00004FFF39FFE000000EFF7AFFB000000F3
S3150802FAE0BFFACFF9000000AFFBCFF90000008FFC88
S3150802FAF0BFFA0000009FFCAFFB000000BFFA8FFFB1
S3150802FB00000000EFF94FFF500003FFF40FFFD0008B
S3150802FB100BFFF008FFFB109FFF8000DFFFFFFFFDD2
S3150802FB2000002DFFFFFFD10000008DFFC700000077
S3150802FB302874000EFFF809FFFFA0BFFFFA002FFF87
S3150802FB40A000DFFA000CFFA000CFFA000CFFA0000D
S3150802FB50BFFA000BFFA000BFFA000BFFA000BFFA16
S3150802FB60000BFFA000BFFA000BFFA000CFFA000AA5
S3150802FB70FF800005ADFFD8100002DFFFFFFFE2009D
S3150802FB800DFFFFFFFFFD001FFFF967EFFF500FFE96
S3150802FB9020004FFF900BF300000FFFB00240000059
S3150802FBA01FFF90000000007FFF5000000001EFFDDC
S3150802FBB0000000000BFFF4000000008FFF90000019
S3150802FBC00005FFFC000000004FFFE100000003FFF4
S3150802FBD0FF400000005FFFF80000001AFFFFF5551E
S3150802FBE067816FFFFFFFFFFFF96FFFFFFFFFFFFD53
S3150802FBF04FFFFFFFFFFFFE000000000000000005A8
S3150802FC00AEFFC6000000BFFFFFFFC00008FFFFFFF0
S3150802FC10FFFA000BFFE5008FFF100AFE20000EFF19
S3150802FC204003C300000DFF50000000003FFF3000F4
S3150802FC30000015DFFD000000EFFFFFF3000000DF04
S3150802FC40FFFFC10000006EFFFFFD00000000018FEC
S3150802FC50FF80000000000AFFD00200000007FFF044
S3150802FC600AC200000DFFE00EFF9557DFFFA00FFF47
S3150802FC70FFFFFFFF3005FFFFFFFFF5000028CEFF5D
S3150802FC80D82000000000007FB500000000000EFF2B
S3150802FC90F10000000007FFFF2000000002FFFFF24C
S3150802FCA000000000BFFFFF200000006FFEFFF20009
S3150802FCB000001FFE6FFF2000000BFF64FFF200002A
S3150802FCC007FFB04FFF200002FFF103FFF20000DF3B
S3150802FCD0F6003FFF20009FFD2225FFF4342FFFFF89
S3150802FCE0FFFFFFFF90EFFFFFFFFFFFF608FFFFFF93
S3150802FCF0FFFFFE1003000003FFF200000000003FB2
S3150802FD00FF200000000003FFF200000000002FFFA2
S3150802FD1010000000000012340008FFFFFFFFFF80FA
S3150802FD2009FFFFFFFFFFC007FFFFFFFFFFF002FF0C
S3150802FD30FB6666676000DFF70000000000DFF5007B
S3150802FD4000000000EFF40000000000FFFFFFEB5088
S3150802FD500002FFFFFFFFF900008999ABFFFF700061
S3150802FD6000000008FFF00000000000EFF4000000A9
S3150802FD700000CFF60B10000000FFF62FD200000994
S3150802FD80FFF46FFFB646CFFFE05FFFFFFFFFFF609E
S3150802FD900AFFFFFFFFF800004AEFFFDA3000000013
S3150802FDA00029CFE400000019FFFFFD000002DFFF73
S3150802FDB0FFFF10002EFFFE84350000CFFF70000003
S3150802FDC00006FFF5000000000DFFA3686200001F91
S3150802FDD0FFFFFFFFB1004FFFFFFFFFFE106FFFF7A8
S3150802FDE0116FFFB07FFF400006FFF28FFD00000093
S3150802FDF0EFF77FFB000000CFF84FFF000000DFF7A8
S3150802FE000FFF700002FFF508FFF5002DFFE000DF87
S3150802FE10FFEEFFFF50001CFFFFFFF60000005CEF3D
S3150802FE20D820003FFFFFFFFFFE34FFFFFFFFFFF969
S3150802FE300EFFFFFFFFFFD05A87777FFFE40000001F
S3150802FE4003FFF5000000009FFD000000000FFF7091
S3150802FE5000000005FFF100000000AFFB00000000F3
S3150802FE600FFF6000000004FFF1000000009FFD0084
S3150802FE700000000DFFA000000001FFF800000000CE
S3150802FE805FFF5000000008FFF400000000BFFF20DB
S3150802FE900000000EFFF100000000EFFF1000000056
S3150802FEA0028CFFEB60000006FFFFFFFFD20004FF93
S3150802FEB0FFBADFFFD000CFFD20008FFF500FFF6093
S3150802FEC00000FFF700FFF600000EFF600DFFD000EE
S3150802FED005FFF2005FFFEABEFFF900007FFFFFFFA2
S3150802FEE0FF000006FFFFFFFFA10008FFFFFFFFFF5D
S3150802FEF0E103FFFC4014AFFFA08FFE1000008FFF46
S3150802FF0009FFB0000003FFF28FFE0000007FFF1416
S3150802FF10FFFD63249FFFD00DFFFFFFFFFFF5001DC6
S3150802FF20FFFFFFFFF7000005BEFFEC82000000029C
S3150802FF308DFEB50000006FFFFFFFC10004FFFFEF53
S3150802FF40FFFC000EFFD3006FFF804FFF200007FF64
S3150802FF50E07FFD000000FFF48FFC000000BFF66F93
S3150802FF60FE000000DFF82FFF600004FFF70BFFF624
S3150802FF70106FFFF601EFFFFFFFFFF3001BFFFFFF06
S3150802FF80FFF0000026863BFFB0000000006FFF402E
S3150802FF9000000007FFFC00005347EFFFE10001FFE6
S3150802FFA0FFFFFE200000DFFFFFA10000004FFD93C8
S3150802FFB00000000000000002FD91000000000000A1
S3150802FFC0004DFFF800000000000000EFFFFC0000F3
S3150802FFD00000000004FFFFFF00000000000009FF08
S3150802FFE0FFFF4000000000000EFFABFF900000007C
S3150802FFF000004FFF56FFE000000000009FFF11FFC0
S31508030000F30000000000EFFB00CFF8000000000437
S31508030010FFF6008FFD000000000AFFFFFFFFFF3019
S315080300200000000FFFFFFFFFFF900000006FFFFFB8
S31508030030FFFFFFE0000000DFFD544448FFF5000022
S3150803004006FFF7000001FFFB00002EFFF00000008B
S31508030050CFFF100BFFFF700000007FFF700AFFFD44
S31508030060000000003FFFE001BFD2000000000DFFC3
S31508030070F29FFE100000005FFF78FFF700000009FB
S31508030080FFF62FFFC0000000CFFF10BFFF200000C0
S315080300900FFFC004FFF7000003FFF7000EFFD000B1
S315080300A0007FFF20009FFF30000CFFD00003FFF8FE
S315080300B00000FFF800000EFFE0005FFF3000008F2E
S315080300C0FF3009FFE0000002FFF900EFF800000027
S315080300D00DFFE03FFF400000007FFF38FFE0000010
S315080300E00001FFF9CFFA000000000CFFEFFF5000F4
S315080300F00000007FFFFFF00000000001FFFFFB0088
S31508030100000000000CFFFF6000000000008FFFB036
S315080301100000009FFC00005FFF200000007FFF38FF
S31508030120FFF50004FFF80000000BFFF22FFF900015
S315080301300EFFE0000000EFFD00BFFE00007FFF306A
S3150803014000001FFF8005FFF40001FFF9000005FF0B
S31508030150F4000FFFA0000BFFE000009FFE0000AFB6
S31508030160FF00006FFF40000DFFA00004FFF5000429
S31508030170FFF90001FFF500000FFFA0008FFFE00065
S315080301806FFF000000AFFF000CFFFF400AFFB0003F
S315080301900004FFF500FFFFF900EFF60000000EFF6D
S315080301A0A05FFFFFE03FFF100000009FFF0AFFDF8D
S315080301B0FF48FFC000000004FFF5FFF4FFF9DFF76F
S315080301C0000000000EFFEFFE0AFFEFFF200000000D
S315080301D000AFFFFFA05FFFFFE00000000004FFFF82
S315080301E0F500FFFFF900000000000FFFFF000BFFFB
S315080301F0FF400000000000BFFF60007FFFA0000073
S315080302000000000000000000000000000000900845
S31508030210050402000A0000100E1301008F00F00AFD
S3150803022007130100D20000100E1401FF5E0100102F
S315080302300E130100E30100100F13000072020010F1
S315080302400E140100FE0200100E1301008303C00DF5
S315080302500D130000FF0300100F1301008E04001096
S315080302600E130100130560111413FE00D105E010E7
S31508030270111300007306A0181913000000000200EA
S3150803028003000400050006000700080009000A0029
S315080302900B001300280029002E0000002A00010085
S315080302A07C020308000000000E000300040604088D
S315080302B0040909010B010C0C0C0D0C0E0D010D0C98
S315080302C00E010E0CF8F8F8F8F808E3E3EBE7EBE7AA
S315080302D0AC020308C40203080C000000A0FA0208D3
S315080302E00402030898020308D00203081000010851
S315080302F078030020D9A10108FDA001081500010013
S3150803030000FD0100DC020308F402030800000000F4
S31508030310050FE3FCFF1F40001FF900007FFFE00005
S315080303207FFFFE003FF9BFD02FF00BFC0FF400FF51
S3150803033003FC001FE1FE0003FCBF4000FF2FD000B3
S315080303403FCBF4000FF2FD0003FC7F4000FF1FE0E4
S31508030350003FC3FC001FE0FF400FF41FF40BFC0330
S31508030360FF9BFD007FFFFE0007FFFE00002FF8003E
S315080303700001007FE3FFEFFF6FFC1FF03FC0FF03A1
S31508030380FC0FF03FC0FF03FC0FF03FC0FF03FC0F59
S31508030390F03FC0FF03FC0FE03E40003E03FD0007AD
S315080303A0FC3FD0003FC3FD0003FC2FD0003FC2FD36
S315080303B00003FC2FD0003FC2FD0003FC2FFFFFFF05
S315080303C0C2FFFFFFFC2FFFFFFFC2FFFFFFFC2FD07B
S315080303D0003FC2FD0003FC2FD0003FC2FD0003FC13
S315080303E02FD0003FC2FD0003FC2FD0003FC2FD0003
S315080303F003FC1FD0002FC03E400003FD00003FD082
S315080304000003FD00002FD00002FD00002FD00002DC
S31508030410FD00002FD00002FD00002FD00002FD00D2
S31508030420002FD00002FD00002FD00002FD00002F90
S31508030430D00002FEAAA82FFFFFD3FFFFFE3FFFFF50
S31508030440F00000000006FFE000000FFFFF80001F1A
S31508030450FFFFFC001FFFEFFFC00FFE007FF40BFD3D
S315080304600003FF03FE00003FD1FF00000BF8BFC0E7
S315080304700001FF2FE000003FCBF800000FF2FE005B
S315080304800007FCBF800001FF1FF00000FFC3FE004A
S31508030490007FD0BFD0003FF00FFE007FF801FFFFBB
S315080304A0FFFC001FFFFFFC0001FFFFF4000006FF2F
S315080304B0900000000000000BFFFFFFF8BFFFFFFFDF
S315080304C0D7FFFFFFFE3FABFEAAD0003FC0000003E5
S315080304D0FC0000003FC0000003FC0000003FC00012
S315080304E00003FC0000003FC0000003FC0000003FBF
S315080304F0C0000003FC0000003FC0000003FC00002E
S31508030500003FC0000003FC0000003FC0000003FCDE
S315080305100000002FC0007F800007FCBFC0000BFC53
S315080305203FD0000FF82FF0000FF40FF0001FF00F65
S31508030530F8002FE007FC003FD003FD003FC002FE92
S31508030540007F8001FF00BF4000FF40FF0000BF811E
S31508030550FE00003FC2FD00003FD3FC00002FF7F862
S3150803056000000FFBF400000FFFF0000007FFF00088
S315080305700003FFD0000003FFC0000002FF40000095
S3150803058000000000000000000000600800000000F2
S315080305900000E00905050200070080121115010095
S315080305A06100A00C0716020088002014121501002A
S315080305B0E700B00F0E1601FF34016016151501008A
S315080305C0A301F01112160000060280131415000089
S315080305D000000E001000110028002C002F00340024
S315080305E0360000002000000037000100D00503088C
S315080305F000000000090003000607060806090708A5
S3150803060007090802080709020907F2DEDEF6F6E813
S31508030610F6E8F600F80503080A06030809000000C9
S315080306201003030880050308E405030814060308F2
S315080306301000010480030020D9A10108FDA00108C8
S315080306401700010000FD0200200603083806030808
S31508030650000000000F40F30F30F20E20D103008193
S315080306601E303C1E3B0E3B0E1507004803A0000632
S315080306706058004FFFFFFF100A20840000C10A30AC
S31508030680000D00B100AFFFFFFB001C00D00003A064
S315080306901C00000009200000920003CFFB31F7A5D8
S315080306A0744E092001F9B20002BFE8000097DA0088
S315080306B00924E5B4A5BA08EFFA100092000004105D
S315080306C0000AC8000C10660A207600830742C00099
S315080306D0570A2B200009C6685C900001C1C0670051
S315080306E00A43902A004901B04700C1007BB1009E26
S315080306F0D400005C03D00004C05C00000CBD2000DD
S3150803070003DE801001E31D78806B001DF204F413E9
S31508030710CF6006DFD62B00000000003C3B3B150AE2
S3150803072071F15C0980B60C40D40C40B609805B01B4
S31508030730F10A706B00F20B607A05C04D03E04D05B4
S31508030740C07A0B60F16B0000B0089CB50BF8087C07
S315080307509500A000000B000000F000000F0002EE59
S31508030760FEE2011F110000F0001804F10D03804F8B
S31508030770FD02222A04D00000340000B50000F00070
S3150803078005B0000A60000E10004C0000970000E256
S315080307900003D0000870000D20002D0000009EE91C
S315080307A0000AD44DA01F2002F15E0000D56C00009C
S315080307B0C65E0000D51F2002F10AD44DA0009EE9AB
S315080307C000EFF322F300F300F300F300F300F30062
S315080307D0F300F319EFC208B43AE000002F1000053E
S315080307E0E00002E50001D70001D80001DA22218FD3
S315080307F0FFFF709FFFFF01222D800009B00005F25D
S3150803080000007CF8000002F200000E4B9439F13B1D
S31508030810FFC30000009B000004E100001E50000017
S31508030820AA000005E10D401E400D408FFFFFFD1293
S31508030830222E6200000E400CFFFF00E522200F1057
S315080308400001FFEB3002239F100000D600000D695C
S31508030850B438F12AEFC400006DFD5008D523201FD4
S315080308602000004D6DEA106FC43CA05F3002F02FE4
S315080308702002F00AC32BA001AFFA10AFFFFFBA920A
S3150803088022D776003F10000A900001F200007C0090
S31508030890000E500005E00000C8000003CFEA100E62
S315080308A0812CA02F1005D00E701B9006FFFF203F4A
S315080308B05018E06C0000F23F6129E005CFFB2007E2
S315080308C0EFC306E315E198000B87D203FB0AFFD9AA
S315080308D0C000108B00000D70624BD01CFEA1004EA9
S315080308E002A00000000002A04D004E02A000000076
S315080308F00001804F10D0380000000210004BE107BA
S31508030900DC5003F8000004BE71000029E200000071
S31508030910003FFFFF3000000000000002EEEEE20198
S3150803092011110012000002EB4000005CD60000081B
S31508030930F2017EB402E92000000000001AEFC309A1
S31508030940A32AE000003F00000AA00009C00002F144
S315080309500000010000028000004D00000004BDDD18
S315080309608100009B30006D3007A08EE8D5D10D07B6
S31508030970D219F3774A0D4000F31B580F2000D30C06
S31508030980580D4000F31B3A07D21AF5770D008EE887
S315080309905FB006A000000000009B3002400000057F
S315080309A0BDED600000006F30000000DD900000041C
S315080309B0E3F100000B80C700001F206E00008C00C7
S315080309C01F5000EFEEEFB006E21114F20C700000B0
S315080309D0B9BFFFFB20B7112AD0B70003F0B7000849
S315080309E0C0BFFFFF50B82226F2B70000C7B71115DC
S315080309F0F4BFFFFD60003BEFB3005F9338E00E6082
S31508030A00000004E00000006C00000004E0000000A1
S31508030A100E600000005F9338E0003BFFB300BFFFA2
S31508030A20EA300B82239F40B700007E0B700000F369
S31508030A30B700000E5B700000F3B700007E0B82233D
S31508030A409F40BFFFEB3000BFFFFF3B822220B7006A
S31508030A50000B700000BFFFFA0B822210B700000BD1
S31508030A60822220BFFFFF50BFFFFF3B822220B70031
S31508030A70000B700000BFFFFA0B822210B700000BB1
S31508030A80700000B7000000003BEFC4005F9438E134
S31508030A900E70000004E00000006C00000824E0006B
S31508030AA000E30E60000E305F9337F3003BEFC4009C
S31508030AB0B70000B7B70000B7B70000B7B70000B76D
S31508030AC0BFFFFFF7B82222C7B70000B7B70000B7C2
S31508030AD0B70000B7B7B7B7B7B7B7B7B7B704FFFF26
S31508030AE000225F00003F00003F00003F00003F0078
S31508030AF0004E0D52BA05DFB2B70007D1B7005E2024
S31508030B00B704E300B73E4000B9EF2000BF89D00021
S31508030B10BA00CA00B7001E70B70003F3B700000B8C
S31508030B20700000B700000B700000B700000B7000E0
S31508030B3000B700000B822220BFFFFF00B8000001A8
S31508030B40F3BF100009F3BEA0002EF3B7E300B7F313
S31508030B50B67B04D0F3B60D4C50F3B605FC00F3B6DA
S31508030B6000B300F3B6000000F3B90000B7BF5000A6
S31508030B70B7BCF200B7B7AD00B7B70D90B7B702F574
S31508030B80B7B7006FD7B7000AF7B70000D7003BEF30
S31508030B90B40005F9338F600E600005F14E000000BE
S31508030BA0D56C000000B74E000000D50E600005F1B5
S31508030BB005F9338F60003BEFB400BFFFD800B822B6
S31508030BC05D90B70004E0B70003F0B7002CA0BFFFA1
S31508030BD0FA10B8220000B7000000B7000000003B77
S31508030BE0EFB40004F9338F600E600005F14E000080
S31508030BF000D56C000000B74E000000D60F60000554
S31508030C00F105F8327F60004CFFC50000000CB028E0
S31508030C10000001BFE50000000000BFFFD800B822AE
S31508030C205D90B70004E0B70003F0B7001BB0BFFF41
S31508030C30FB10B822B900B7001F30B70007D003CF9F
S31508030C40EB31F723744E000001F9200002BFD700E9
S31508030C500004CA000004E5B423BB08DFEA10FFFF5B
S31508030C60FFF223F322001F100001F100001F1000FA
S31508030C7001F100001F100001F100001F1000D6004B
S31508030C8000E4D60000E4D60000E4D60000E4D6006B
S31508030C9000E4C70000F39A0002F12F835DA004CF96
S31508030CA0D8000C700000D506E00004E000F4000A42
S31508030CB080009B001F20002F207B00000C80E4008F
S31508030CC00005E5E0000000EE700000008F10007CD0
S31508030CD00000E80002F02F1003FD0007A00D6008CE
S31508030CE09F200C5008B00E3B701F0003F03E06C051
S31508030CF06B0000E58901F1B600009AD400B7F1004C
S31508030D00004FE0006FC000000FA0001F70005F10C7
S31508030D1000E50AB009A001E64E10004FE400000DF5
S31508030D20E000007DD80002F32F300C8007D08D0039
S31508030D3000C90C80000A803F1003E000AA00C60021
S31508030D4001F35D000007CE4000000EB0000000B7B7
S31508030D500000000B70000000B700006FFFFFF502EC
S31508030D602229D000003F300001E600000BA0000056
S31508030D708D000004F200001E8222217FFFFFF8BFC8
S31508030D80CB60B60B60B60B60B60B60B60B60B60BE2
S31508030D9060BFC03500002E00000D30000880000338
S31508030DA0D00000D200008700003C00000E100009A6
S31508030DB0700004C00000E10000A6CFB07B06B06B4C
S31508030DC006B06B06B06B06B06B06B07BCFB00007F8
S31508030DD0000005E50000B4B0002C0C20086068008C
S31508030DE0D000D0DDDDDD271005C108DFC300A42947
S31508030DF0D000001F108DEEF24E100F24E007F20903
S31508030E00ED8F20E400000E400000E400000E7CFC99
S31508030E1040EF528F2E6000B8E40008AE6000B8EFCA
S31508030E20528F2E6DFC4002BFE800DA24C35D000032
S31508030E3007B000005D000000DA24D302BFE8000013
S31508030E400001F1000001F1000001F102BFD6F10E25
S31508030E50923DF15D0004F17B0001F15D0003F10EA3
S31508030E60912DF102BFE6F102BFD500E814E45C0058
S31508030E7006B7FEEEEC5D000000E923A202BFE90017
S31508030E8001CF609A110B600DFFF30B6000B6000BE0
S31508030E906000B6000B6000B60002BFE6E20EA23C95
S31508030EA0F25D0002F27B0000F25D0002F20EA23D43
S31508030EB0F202BFE5F2000002F00C623BA006DFEA8D
S31508030EC010E400000E400000E400000E7DFC20EE56
S31508030ED042AC0E6002F0E4000F1E4000F2E4000F7D
S31508030EE02E4000F20D40820000E40E40E40E40E47A
S31508030EF00E40E4000D50007200000000D4000D40BF
S31508030F0000D4000D4000D4000D4000D4000D40224B
S31508030F10F20DF800E400000E400000E400000E4065
S31508030F200BA0E40BB00E4BC000EEFD000EC1D900BA
S31508030F30E402F40E4006E1E4E4E4E4E4E4E4E4E48D
S31508030F40E4E7DFB29EE80ED32CFB23E5E6004F1059
S31508030F50099E4003F0008AE4003F0008AE4003F010
S31508030F60008AE4003F0008A0E6DFC20EE41AC0E6E2
S31508030F70001F0E4000F1E4000F2E4000F2E4000FBC
S31508030F802002BFE8000EA23E805D0004F07B00014C
S31508030F90F15D0004F00DA23E8002BFE800E7DFC45E
S31508030FA00EF416F2E6000A8E40008AE7000B8EF569
S31508030FB028F2E6CFC40E400000E400000E4000000D
S31508030FC002BFD5F10EA23EF15D0004F17B0001F1EB
S31508030FD05D0004F10EA23EF102BFD5F1000001F156
S31508030FE0000001F1000001F1E6D8EE61E700E40034
S31508030FF0E400E400E40009EFC26D22617D200009E4
S31508031000FE910002C95622B84CFEA0053000B60070
S31508031010DFFF30B6000B6000B6000B6000AA1102B2
S31508031020DF60F3002F0F3002F0F3002F0F3002F0CA
S31508031030E4004F0AB22CF01BFE6F000D5000980611
S31508031040C000F201F206B000A80C50003E3E0000B4
S315080310500DD8000006F200C5003F100786A009F662
S3150803106000D31F00E7B02D00B54C0E188006A96003
S31508031070A6D3001FE104ED0000BB000E80005D004F
S315080310804E10A91E4001ED900008F10002EBA000E6
S31508031090C70D607C003F200D50009807B000E201A1
S315080310A0F205C000A70B50004D1E00000EB9000044
S315080310B008F3000005D000052C60001CF900007F2A
S315080310C0FFFB0002F3000C70009B0004E1001E50B6
S315080310D0008FFFFD00BF04E105C005C005C006C0BB
S315080310E04F6008C005C005C005C004E100BFB5B51B
S315080310F0B5B5B5B5B5B5B5B5B5B5B5CD100C7009B6
S31508031100900990099008A003F708B0099009900977
S31508031110900C80CD200BE80A33918DA006B7038087
S3150803112084640373808406B7000422FE0DA00000BE
S3150803113000000012000000037CFF000059EFFFFFC8
S31508031140000EFFFFFFFF000FFFFD848F000FD72060
S31508031150008F000F8000008F000F8000008F000FA4
S3150803116080007BDF023F8006FFFFAFFF8002EFF9B7
S31508031170EFFF6000021029A700000000B4DFFFFF9D
S31508031180FD4BE8E722227E8EC0C500006C0CFCF6F8
S3150803119011117FCFC0CFFFFFFB0CFCF611117FCFD8
S315080311A0C0C500006C0CE8E722227E8EB4DFFFFF81
S315080311B0FD4BDFF69FFFFFFDFFF8CFFFFFFFEFF6BF
S315080311C0AFFFFFFE132003333331FFF7BFFFFFFFE4
S315080311D0FFF8CFFFFFFFFFF7BFFFFFFF1320033320
S315080311E03331EFF6AFFFFFFEFFF8CFFFFFFFDFF662
S315080311F0AFFFFFFD0000000003D4000000003FFE20
S3150803120000000003FFF44D30003FFF40EFF303FFF8
S31508031210F4004FFF6FFF400004FFFFF40000004F88
S31508031220FF4000000003D3000000140000220DF75E
S31508031230004FF19FF74FFD00AFFFFD1000BFFE10F3
S31508031240004FFFF7004FFDAFF70EFD10AFF25B102F
S3150803125000990000000770000000320FF024000513
S31508031260FC0FF0CF501FF40FF05FF17F800FF008EB
S31508031270F7BF200FF002FBCF100EE001FCAF4001D1
S315080312801004FA5FB000000BF60DFA1001AFD00296
S31508031290DFFCCFFD200008EFFE91000000011000DF
S315080312A00000001441000000007FF700000343DF3D
S315080312B0FD34300EFFFFFFFFE06FFFFBBFFFF61B9A
S315080312C0FF7007FFB107FF2002FF701BFF7007FFC0
S315080312D0B16FFFFBBFFFF60EFFFFFFFFE00342CF31
S315080312E0FC233000007FF7000000000441000000E3
S315080312F000007303830000001DFF67F7000003EE79
S315080313005AFEF700006FD3B57FF70009FB3DFF854B
S31508031310FE30BF95FFFFFB3EF4766FFFFFFFD2A1BA
S3150803132000CFFFFFFFF40000CFFA02FFF40000CF5F
S31508031330FA02FFF40000AFF801FFF300000027727A
S31508031340000000007FF7000000008FF8000000008F
S315080313508FF8000000008FF8000000DFFFFFFD0094
S31508031360004FFFFFF4000004FFFF400023335FF53F
S315080313703332FFFFA44AFFFFFFFFFCCFFFFFFFFF48
S31508031380FFFF5C8F9AAAAAAAAAA8004FFFFFFFB07D
S315080313900001ED888889F8000AF2000000AF305F83
S315080313A0700000001EC0EF886000288BF6FFFFF36D
S315080313B000BFFFF8FFFFFFFFFFFFF8FFFFFFFFFF79
S315080313C0FFF7BFFFFFFFFFFFF400000110005900FE
S315080313D019EFFD709F03EFDA9DFEBF0EF600005F5F
S315080313E0FF7F70003FFFFF6900002AAAA9000000DB
S315080313F0000000AAAAA20000A6FFFEF30007F7FF53
S31508031400F500007FE0FBEFD9ADFE30FA08EFFE9159
S315080314100095000110000000002A0002EF788EFFF5
S31508031420FFFFFFFFFFFFFFFFFFDFFFFF0007FF00D1
S31508031430007F00000100002A0000002EF000788ECD
S31508031440FF030FFFFFF0BAFFFFFF03FFFFFFF0AA3B
S31508031450DFFFFF0400008FF00000008F000000008C
S315080314601000000000000000000000000006D20083
S3150803147000002A00118E100002EF007D2B90788E53
S31508031480FF030AB3F0FFFFFF0BA1F1E3FFFFFF031F
S31508031490F0E3C5FFFFFF0BA1F1E3DFFFFF030AB389
S315080314A0F00007FF007D2B9000007F00119E1000BF
S315080314B000010006D20000000000000000BFFFFF85
S315080314C0FFFFFBFD5BFFFFFFFFF501FFFFEFFFFBE1
S315080314D018FFF61CFFFFFCFF6001DFFF60960000A4
S315080314E08FF9000000008FFC88888888CFBFFFFF2C
S315080314F0FFFFFB000240000000CF1000003FF7008B
S31508031500000AFFE00004FFFF8000EFFFFF308FFFB4
S31508031510FFFC0EFFFFFFF2F9CFFFFF3DC5FFFFF10B
S315080315206FA3BFFA008FFFFB000026740000580064
S3150803153000359F1005FE9F106FFE9F17FFFE9F9FA6
S31508031540FFFE9FFFFFFE9FEFFFFE9F2DFFFE9F10EF
S31508031550CFFE9F100BFE8F00009B00000000460085
S315080315600000000FFD40000000FFFFA100000FFF71
S31508031570FFF70000FFFFFFFD500FFFFFFFFFB1FF5F
S31508031580FFFFFFFF6FFFFFFFFFB1FFFFFFFD400FE9
S31508031590FFFFF70000FFFFA100000FFD400000005A
S315080315A0360000000000AFFE30AFFE3FFFF70FFF27
S315080315B0F7FFFF80FFFF8FFFF80FFFF8FFFF80FF9E
S315080315C0FF8FFFF80FFFF8FFFF80FFFF8FFFF80F6E
S315080315D0FFF8FFFF80FFFF8FFFF70FFFF74898100D
S315080315E048981048888888881FFFFFFFFFF7FFFF82
S315080315F0FFFFFF8FFFFFFFFFF8FFFFFFFFFF8FFFD1
S31508031600FFFFFFF8FFFFFFFFFF8FFFFFFFFFF8FF57
S31508031610FFFFFFFF8FFFFFFFFFF7AFFFFFFFFE3061
S31508031620260000587FA000BF8FFB00BF8FFFC1BFF6
S315080316308FFFFDCF8FFFFFFF8FFFFFEF8FFFF4BFF6
S315080316408FFF40BF8FE300BF5D2000AE00000000A0
S3150803165000000370000000003FFA00000002EFFFDD
S315080316609000001EFFFFF80001DFFFFFFF700CFF6D
S31508031670FFFFFFF40DFFFFFFFFF501344444443039
S315080316800DFFFFFFFFF50FFFFFFFFFF80CFFFFFF3F
S31508031690FFF5000003100005FB0005FF4005FF40AA
S315080316A005FF5003FF50000BFC10000BFC10000C49
S315080316B0FC10000CFB00000A5003100003FC10008A
S315080316C00BFC10000BFC10000BFC10000DFB0005B7
S315080316D0FF5005FF5005FF5003FF50000A50000056
S315080316E0000069100000000DF500000000EF60001F
S315080316F000000EF600005888FFB8881FFFFFFFFF9B
S31508031700F79BBBFFDBBB30000EF600000000EF6063
S315080317100000000EF6000000009D200000466666E5
S3150803172066661FFFFFFFFFF7ADDDDDDDDD40000366
S31508031730ADFFC70000009FE624AFE3000BFF207749
S3150803174009FF407FF900CFA1FFE1EFF67FFFF0EF36
S31508031750F78FF93FFFC1FFE10BFF26CA19FF4000C8
S315080317609FE624AFE30000039DFFC7000032000095
S315080317700000000000DF500000000000001CF84ACB
S31508031780EFEB500000009FFD525DFC10000005FEC4
S315080317904A70CFE1000B802DFFF74FFB002FFB00AC
S315080317A0AFFB2FFF300BFF5007FE7FFB0001DFC0A7
S315080317B0003EFFE100001BFC4201BFA00000005BE6
S315080317C0EFB008FC100000000000004FE000000026
S315080317D0000000024000000003100000000000059E
S315080317E0FD000000000000EFF700000000008FFF77
S315080317F0F1000000002FFDEFA00000000BFB03FF24
S3150803180030000004FFC04FFC000000DFFD05FFF6B3
S3150803181000007FFFF8CFFFE1001FFFFC04FFFF90E6
S315080318200AFFFFD27FFFFF20FFFFFFFFFFFFF6043C
S315080318307888888888870000000000061000000062
S31508031840000FC1FFF8002EFFFCCDFF62EFDFF900A2
S315080318502C4EF90F900002EF900700002EF8880F20
S31508031860A0CDFF80DFDFF9FFF8001EFFFC000000B4
S31508031870000FC0000000000610000027000000004B
S315080318802EF90000002EFFF900002EF92EF9002E7E
S31508031890F9002EF90BF900002EF4270000002700A3
S315080318A027000000270BF900002EF42EF9002EF965
S315080318B0002EF92EF900002EFFF90000002EF9007C
S315080318C000000026000000000100000000000000E0
S315080318D03FC0077777720003FFFC2EFFFFF9000F5F
S315080318E0CFCFA00000E900041E93200000E9000002
S315080318F00E90000000E900000E900000B5E997007D
S315080319000EC77773BFFFF6000DFFFFFD0BFF7000D1
S315080319100000000000A600BFFFF6000000FFFFFF5F
S31508031920988874FFFFFFFFFFFFFFFFFFFFFFFFFF1F
S31508031930FFFFFFFFFFFFFFFFFFFFFFFFFFFFFFFFA6
S31508031940FFFFFFFFFFFFFFBFFFFFFFFFFB000002D5
S3150803195020000000003EE300000003EFFE30000015
S315080319603EFFFFE30000EFFFFFFE0000008FF800D5
S315080319700000008FF8000000008FF8000023328F64
S31508031980F82332FFFE3993EFFFFFFFC99CFFFFFFE2
S31508031990FFFFFF5C8F9AAAAAAAAAA8000000000361
S315080319A0620000000000CFFE000000003FFFE000D9
S315080319B0000009FFFD000000002DFF900000000055
S315080319C04FF4000000000CFD0000010009FF400170
S315080319D08EE11AFF7000EFFFDEFF90000CFFFFFF9A
S315080319E06000008FFFE91000000276300000000057
S315080319F007930000220AFFF2008FF5F91F708FF98B
S31508031A000CFCF88FF9001AEFFFF9000000EFFC0051
S31508031A100007BFFFF6000AFFFABFF600F91F70BFFB
S31508031A20F60CFCF400BFF41AC60000560000034483
S31508031A3041200000FFFF5E40241FFFF5EE2FF4FF51
S31508031A40FFC882FF4FFFFFFF5FF4FFFFFFF5FF4F5E
S31508031A50FFFFFF5FF4FFFFFFF5FF4FFFFFFF5FF495
S31508031A60FFFFFFF4FF934444430FFFFFFF50006853
S31508031A70888871000048888887000FFFFFFFFB00EE
S31508031A80F800000BFB0F800000BFF3FB77777DFFA1
S31508031A904FFFFFFFFFF4FFFF42DFFF4FFFC008FFC3
S31508031AA0F4FFFE00AFFF4FFFFCAFFFF4AFFFFFFFEE
S31508031AB0FD1000000000000FFFFFFFFFF79AAAAA18
S31508031AC0AAAA40000000000089999999993FFFFF47
S31508031AD0FFFFF712222222220000000000009AAA22
S31508031AE0AAAAAA4FFFFFFFFFF7000000000000BFE6
S31508031AF0FFFFFFFFFBFFFFFFFFFFFF4EFFFFFFFF9A
S31508031B00E4C3BFFFFFFB3CFF57FFFF75FFFFF93D2C
S31508031B10D39FFFFFFFD55DFFFFFFFFFFFFFFFFBF5C
S31508031B20FFFFFFFFFB01BBBA10005FFFF10007FFD2
S31508031B30FB00009FFF60000BFFFFFF60EFFFFFF155
S31508031B400EFFFFF800000CFE000000FF5000003FE8
S31508031B50C0000007F3000000A9000000020000000F
S31508031B60002A5000000EFF8FFF2000FFF8FFF40045
S31508031B700FFFEBBB3000FFF49992600FFF5FFF4F37
S31508031B80A0FFF5FFF5561FFF5FFFFFF4FFF5FFFF05
S31508031B90FF4EFF5FFFFFF40005FFFFFF40005FFFF7
S31508031BA0FFF4000044444400000015000000000947
S31508031BB0F10000002DFFF900000EFFFFF70005FFF7
S31508031BC0FFFFD0008FFFFFFF000AFFFFFFF200DFD2
S31508031BD0FFFFFF506FFFFFFFFD0EFFFFFFFFF6241A
S31508031BE04444444300002FF9000000004600000067
S31508031BF0BFFFFFFFFFFFF4FC8E8E8E88E8F7F80C15
S31508031C000C0B00B0F8FFECFCECEECFF8FFA0C0A07D
S31508031C10772FF8FFECFCECEECFF8F80C000000B0D9
S31508031C20F8FC8E888888E8F7BFFFFFFFFFFFF400FC
S31508031C300000000006300000000018EFE000000076
S31508031C4029FFFFB000003AFFFFFF30004CFFFFFFFC
S31508031C50FC000BFFFFFFFFF5000EFFFFFFFFD000A1
S31508031C60013444DFFF6000000000CFFE00000000DF
S31508031C7000CFF80000000000CFF10000000000BF0D
S31508031C80900000000000260000009BBBB2700FFF07
S31508031C90FF4F90FFFFF4FF9FFFFF5444FFFFFFFF33
S31508031CA0FFFFFFFFFFFFFFFFFFFFFFFFFFFFFFFF33
S31508031CB0FFFFFFFFFFFFFFFFFFFFFFFFFFFFFFFF23
S31508031CC03444444430000000000000000000059B33
S31508031CD0CB950000008FFFFFFFFF8003EFFA532326
S31508031CE05AFFE3DFA100000001AFD26005BEFEB5CF
S31508031CF00052001CFFFEFFFC100002EC40004CE201
S31508031D0000000100010001000000000AFA000000BB
S31508031D10000000FFF0000000000006D600000037B0
S31508031D207777777777750FFFFFFFFFFFFFF3F834B2
S31508031D30444444444FDF8CFFFFFFFFF2CFF8CFFF45
S31508031D40FFFFFF08FF89CCCCCCCCC3FFFB777777A3
S31508031D5077779F9CFFFFFFFFFFFFE100000000006E
S31508031D60000000377777777777750FFFFFFFFFFF59
S31508031D70FFF3F834444443004FDF8CFFFFFFC002F0
S31508031D80CFF8CFFFFFFC0008FF89CCCCCC9003FF2C
S31508031D90FB77777777779F9CFFFFFFFFFFFFE100CE
S31508031DA000000000000000377777777777750FFF15
S31508031DB0FFFFFFFFFFF3F834444200004FDF8CFFB9
S31508031DC0FF800002CFF8CFFFF8000008FF89CCCCCC
S31508031DD0600003FFFB77777777779F9CFFFFFFFF0B
S31508031DE0FFFFE100000000000000003777777777F0
S31508031DF077750FFFFFFFFFFFFFF3F834410000007D
S31508031E004FDF8CFF40000002CFF8CFF40000000834
S31508031E10FF89CC30000003FFFB77777777779F9CA2
S31508031E20FFFFFFFFFFFFE10000000000000000378F
S31508031E307777777777750FFFFFFFFFFFFFF3F800D5
S31508031E40000000004FDF800000000002CFF800000A
S31508031E5000000008FF800000000003FFFB77777788
S31508031E6077779F9CFFFFFFFFFFFFE100000000005D
S31508031E70000000000000000000000000000025FB31
S31508031E80000000000005CBFE00000001000D104213
S31508031E900000009FD1680000006800FFFEEEEDDD3C
S31508031EA0DDEFC09FD100B3000068000100003B05C9
S31508031EB074000000000009BEFB0000000000002DAE
S31508031EC0FB000000000000000000000000342000B2
S31508031ED0006EFEFD2004FFF3FFD00CFFF04FF50F55
S31508031EE0D5F295F82FF7413CFA3FFF60AFFB3FFE6B
S31508031EF0204FFB2FE29275FA0FEBF149F809FFF031
S31508031F009FF201DFF9FF900006AB95000004887085
S31508031F10000BCCFFFFDCC5BCCCCCCCCC5288888864
S31508031F2088604FFFFFFFFC04FAAE6F5FC04FAAE657
S31508031F30F4FC04FAAE6F4FC04FAAE6F4FC04FAAEFB
S31508031F406F4FC04FAAE6F5FC03FFFFFFFFB00688F5
S31508031F50888872000000000001710000000002EF8B
S31508031F60D1000000015FFFC0000002EA5FFD000028
S31508031F7002EFFA5D200002EFFFF8000002EFFFFE12
S31508031F80200002EFFFFE200002EFFFFE200000BF45
S31508031F90FFFE2000000DFFFE20000000FFFE2000CC
S31508031FA00000066410000000000005EFFFFFFFFFB6
S31508031FB08005FFFFFFFFFFFF05FFFF91DD19FFF513
S31508031FC0FFFFFD1111DFFFEFFFFFFB00BFFFF5FF6B
S31508031FD0FFFD1111DFFF05FFFF91DD19FFF005FF77
S31508031FE0FFFFFFFFFF0004EFFFFFFFFF80001788D7
S31508031FF087202DFFFFFD2EA0B378FEFA0B378FFF40
S31508032000FFFFFFFFFFFFFFFFFFFFFFFFFFFFFFFFCF
S31508032010FFFFFFFFFFFFFFFFFFFFFFFFFFFFFCFFC2
S31508032020FFFFFC04444444000000000000020000D3
S3150803203000000004F00069000000DF007FC0000014
S315080320400DF08FFFDDDDDDFF0BFFFFFFFFFFF00B5D
S31508032050FC00000000000AC00000000000000000A9
S31508032060000000000000000000000000000040031C
S315080320700000000000003003030900000E00B0044E
S315080320800404000516007008090900003F007007DC
S31508032090070D00FE6D00200A0A0900009A00400891
S315080320A0090A00FFC700800202040005CB001004DA
S315080320B0030D01FDDF001004030D00FDF300D0043A
S315080320C00505000500010007070600021501C00201
S315080320D0030400FE1B01A004040200021F01C00240
S315080320E00302000022014004060DFFFF4901000810
S315080320F0080900006D017004040900007F01E00669
S31508032100070900009F01E00607090000BF01000850
S3150803211008090000E301E006070900000302600757
S315080321200809000027023007070900004702C0070D
S31508032130080900006B026007070900008B02C0024A
S31508032140030700009602C002030900FEA402000763
S3150803215007070001BD02000707050002CF020007B3
S3150803216007070001E802E006070900000803700CE8
S315080321700C0C00FD5003D0080A09FF007D03100963
S3150803218008090100A103B00809090000CA03F009F8
S3150803219009090100F3031008070901001304A0073E
S315080321A00709010033044009090900005C04C00952
S315080321B0080901008004C0030209010089042006F6
S315080321C00609FF00A404A00808090100C80420079B
S315080321D007090100E804700B0A0901001505C0097F
S315080321E0080901003905100A0A0900006605B0083E
S315080321F0080901008A05100A0A0C00FDC605C0086D
S3150803220008090100EA057007070900000A0610070E
S31508032210070900002A068009080901004E069008E6
S315080322200A09FF007B06800D0E090000BA0610088E
S3150803223008090000DE06C0070909FF000707E007CB
S31508032240080900002B070004030D01FD3F0740049E
S31508032250060DFFFF66070004030D00FD7A07000756
S31508032260070600028F070006060100FF92073007DC
S31508032270040201089607300707070000AF0730086E
S31508032280070A0100D207E00607070000EB07300834
S31508032290080A000013086007070700002C08400413
S315080322A0050A000045084008080A00FD6D083008BD
S315080322B0070A010090086003030A00009F087003D9
S315080322C0050DFEFDC0086007070A0100E308600361
S315080322D0020A0100ED08B00C0B07010014093008C7
S315080322E0070701002D09A007080700004909300858
S315080322F0070A01FD6C093008080A00FD9409F00471
S3150803230004070100A209000606070000B709F0043E
S3150803231005090000CE09200807070100E709B006EA
S315080323200807FF00030AD00A0B0700002A0AA006BB
S3150803233007070000430AB006080AFFFD6B0A4006B2
S3150803234006070000800A3004040D00FD9A0A90036C
S31508032350020D01FDA70A3004040D00FDC10A00079A
S3150803236007020004C80A000505050005D50AC003C7
S3150803237003030002DA0A000C0C0D00FE280B000CFE
S315080323800C0900005E0B000C0C0B00FFA00B000CE5
S315080323900C090000D60B400809090000FF0B000CC6
S315080323A00C0D00FE4D0C000C0C0D00FE9B0C800D55
S315080323B00E0B00FFE80C000C0C0D00FE360D800D0D
S315080323C00E090000750D000C0C0D00FEC30D00066A
S315080323D0060A00FFE10D0009090A00FF0E0E800D2B
S315080323E00E0D00FE690E000C0C0900009F0E400836
S315080323F0090D00FEDA0E800A080C01FE0A0F800A90
S315080324000B0D00FE520F800A0B0B00FF8F0F800A7D
S315080324100B0B00FFCC0F800A080C01FEFC0F800A89
S315080324200C0BFFFF3E108007070B00FF65108007A4
S31508032430070B00FF8C10800A0B0B00FFC910800ADC
S315080324400B030003DA10800D0E0900001911000FA3
S31508032450100D00FE8111800D0F0DFFFEE311000C18
S315080324600C0B00FF2512800A0B0700014C12800A89
S315080324700B0700017312000F100AFF00C312000CAA
S315080324800C090000F912000C0C0D00FE4713000C92
S315080324900D0DFFFE9C13800A0B0B00FFD913800A50
S315080324A00B0D00FE2114800A0B0B00FF5E14800A35
S315080324B00B0B00FF9B14000C0C090000D1148007BA
S315080324C0090DFFFE0C15800A0B0D00FE5415800A34
S315080324D00B0D00FE9C15800D0E090000DB15000C84
S315080324E00E0DFFFE36160009090D00FE7116000FC4
S315080324F00F0C00FFCB16000F0F0900000F17000F74
S315080325000F0900005317000F0F0900009717000F54
S315080325100F090000DB17000F0F0900001F18000F33
S31508032520100B00FF7718800A0A0D00FEB818800AF8
S315080325300B0D00FE0019000C0D0DFFFE5519000FBB
S315080325400F09000099190009090D00FED419100C8A
S315080325500D0900000000721F51EF58EF5BEF5CEFA7
S315080325605DEF61EF63EF65EF69EF6CEF71EF76EFA0
S3150803257077EF78EF8EEF93EF98EF9BEF9CEF9DEF56
S31508032580A1EFA2EFA3EFA4EFB7EFB8EFBEEFC0EF4B
S31508032590C1EFC4EFC7EFC8EFC9EFCBEFE3EFE5EF42
S315080325A014F015F017F019F030F037F03AF043F05D
S315080325B06CF074F0ABF03BF190F191F192F193F179
S315080325C094F1D7F1E3F13DF254F2AAF412F7F2F7D4
S315080325D0200000005F00010000000000000000006A
S315080325E000000200B0000000F3F76000542503085A
S315080325F0000000003E00030000000102000304057A
S3150803260002060708090A090A0B0C000D0E0F10111A
S3150803261012130C14140000001516171819161A1B92
S315080326201C1D1D1E1F201D1D1621222303241E25C6
S3150803263025262728292A2B002C002D2E2F30313228
S31508032640332D343435302D2D2E2E36373839333A4B
S315080326503A3B3A3C290000093D0900000000000006
S315080326600000000000000000000000000000000059
S315080326700000000000000000000000000000000049
S315080326800000000000000000000000000000000039
S315080326900000000000000000010200030405020612
S315080326A00708090A090A0B0C0D0E0F10110C121351
S315080326B014151500000016171819171919191719DB
S315080326C0191A1919191917191719031B1C1D1D1E70
S315080326D01F20212223002400252627272700272613
S315080326E0282926262A2A272A272A2B2C2D2E2E2F37
S315080326F02E30000023093109000000000000000005
S3150803270000000000000000000000000000000000B8
S3150803271000000000000000000000000000000000A8
S315080327200000000000000000000000000000000098
S315080327300000000000010000000000000001000086
S315080327400200000000010000000000000000000075
S315080327500000000000000100000000000000000067
S31508032760000000000001090005FC00000000F5F464
S3150803277001090403F8010901080206000000000024
S315080327800000000000000C02FF000000000000002B
S3150803279000000000000400FA0000000000FC030427
S315080327A00000FE00FF0200FE00FEFFFC0000000022
S315080327B0FE0000FEFD0000FE00FC00000000000015
S315080327C0000000FEFE00FD00FB00E90000FC00041B
S315080327D0060000FC02020604FD040000F5000000E2
S315080327E00000000000000000F900000000000000DF
S315080327F000000000000000FBFEF700F8FF000000E1
S3150803280000000700FAFEFF0100FD0000FFF20000CA
S31508032810000000000000000000F1FE0700000000B1
S315080328200000000000000000F8000000000000009F
S315080328300000000600020000FC0000000000000083
S31508032840000000000000000000000702010000006D
S315080328500000000000000000000000000000000067
S315080328600000000000000000000000000000000057
S3150803287000000000F900000000000000000000004E
S31508032880000000000000000000000001040206FE2C
S31508032890000004FEFAE601050400FE000700060030
S315080328A00600EE00FE060006FE0402000001FE0016
S315080328B000FD0F000F00060008020306000000F9DA
S315080328C00000000001FF0001FDFEFC0100FE000000
S315080328D000F80000000000000000000000F40000FB
S315080328E00000000000000000000000000001F500E1
S315080328F0F400000000FF0013FEFE0202FE00FE02C3
S315080329000000F60000000000000000000000ED00D3
S3150803291002000000000000000000000000F4000CA4
S315080329200000F9000600F3EDF3FC060000F30002CD
S31508032930FC00FD0000000000000000000000000588
S3150803294006E900000000000000000000000009007E
S315080329500100000000000101FEFC00FFFFFE00006D
S31508032960FF000000FC00FE00FCFC00FBFAFAFC007A
S31508032970FC00FC00000000FE0000020001FE00014E
S3150803298000000002FF000000FF0202FF000000FC37
S3150803299000FF0000000000010002FF00FE00FD002A
S315080329A000FF00060000FE0000000000FF01FFFF15
S315080329B00000FE00FE000000000000000000FFFF0C
S315080329C000FEFE0000000000010000FF00FEFEFE00
S315080329D0000000000000000000FF00000000FFFEEA
S315080329E000FD00FAFFFA040000FC02040500FBFFE1
S315080329F0FE00FFF702FF01F602000001F600F6FEED
S31508032A00EFFF00F60004050002000000000000FDC9
S31508032A10FE00FA000000FE000000FE0000000000B1
S31508032A20FFFF00FFFE00000000000000FEFE00FF9F
S31508032A30FEFE0000FE00000000000000000000008B
S31508032A40FEFE00FE00FF00FC020000FE010202007B
S31508032A500000000000FF0000000000010000FE0067
S31508032A60FEFFFE000000000000000200FE0000005A
S31508032A7000FEFD00FC0006FF01FA000005F6F6F865
S31508032A80FC0200FEF4FD00FD00FC03FDF400FB0060
S31508032A900001FF02FF000200FAF900F6FBFCFBFA4D
S31508032AA0FEFB00FCFB01000100FE00000001000222
S31508032AB00000000000000000000000FE00FF00FF09
S31508032AC0FE00FDFCFCFF00FA000000000000FE000B
S31508032AD000000001FF0000000200000000000000E3
S31508032AE0000900000000000001000000FE000000CD
S31508032AF00000000000000000FD00020000000000C6
S31508032B000000000000000000FF000000FC000000B9
S31508032B1000F6FA000000FDF60000FE0200FB0000C6
S31508032B200000000000000000FD0000FC000000009B
S31508032B3000000000000000000200FD000000000283
S31508032B400001FCFC00FEFEFE000000000000FA0087
S31508032B50FE00FDFE00FCFBFAFE00FC00FA00000086
S31508032B60000F0000010000FE000200F8000000004C
S31508032B7000EEFD0606FEF80002FD00F6FFFE02F370
S31508032B80FE020003F9FDF9FAF80000F4000B000051
S31508032B90FF000000FFFFFEFBFA00EE000000000046
S31508032BA00000000001000000000000000000000013
S31508032BB00000000000FE00FFFEFD0000FC00FE0012
S31508032BC00000000000000000000000000000FF00F5
S31508032BD0FC000004FF0200FC02FFFFFBFE00FEFEF2
S31508032BE0FF00FDFD0000FEFFFFFDFE0000FE0002E4
S31508032BF0FF00FC000000FC00FD00FDFD02000000D4
S31508032C000000000000FC0200FD00FFFEFAFFFFFFC4
S31508032C10FFFFFEFF0000000000FEFEFE00000000AE
S31508032C2002FF00FF000000FFFEFFFEFEFE00020893
S31508032C30FF00FB00FF0400FEF8FE030000F7FD0299
S31508032C40FD0100FFFEFA00FD010000FD0000000281
S31508032C5002FCFC00FDFEFDFEFE00FD01FCFD060078
S31508032C600000000000000000020000000000000051
S31508032C700000000000000000000000000000000043
S31508032C80FD00000000000000000000000000000036
S31508032C900000000000000000000000000000000023
S31508032CA0000000000000000000000000FF00000014
S31508032CB00000000000000000000000000000000003
S31508032CC000000000000000000000FEFE00000000F7
S31508032CD00000000000000000FD0000FE0000FEFEEC
S31508032CE000000000FE00000000FF0000000000FFD7
S31508032CF000000000FD00FC000000FA0001FC0400CF
S31508032D00FFF70000FCFE00F8FBFB0000F8FEF8F9ED
S31508032D10F700FB00020DFE00FCFEFFFEFDFBFDF9BE
S31508032D20F8FCFE0000FF00010000F3FE0604FCF9B0
S31508032D300001FA00F6FFFE04EEFE010000F4FEF6BB
S31508032D40FEF20000F3000B0100FF00000000FFFF86
S31508032D50F9FF00F400000000FA00FE00FFFBF7008D
S31508032D6000FFFDFAFE00FF00000000F7FEFAFAFE78
S31508032D70FDFBFEFD00FCFEFAFD00FEFCFEFC000169
S31508032D8000FFFA000400FD00000000020001FC0831
S31508032D9000FEFEFE000000000000FA00FE00FDFE35
S31508032DA000FCFBFAFE00FC0208000000000F00000E
S31508032DB0010000FE00020000000000000000000001
S31508032DC000000000FFFC0000000000FF000000FEFA
S31508032DD0FE0000FCFE0000FC0003FF0000000000EC
S31508032DE0000100000000030402FE00FAFD0006FAD3
S31508032DF0FAFCFC080302EFFF04FE00FE02FEF900DC
S31508032E00FE02FEFEFAFE0000060400FB00F5FE06BF
S31508032E10FEF901FEFAFAFE080200FD00FB000206AF
S31508032E20FCF9F8FB060001F2FE02FDFFFC00FCF9C3
S31508032E30FDFDFE0000FCFCFE000604FEF500F5FDA4
S31508032E4000F9F5FFFAFDFAFB050000FE00FCFE009B
S31508032E50FEFD0003FA020000F600FEFCFDFFFAFB86
S31508032E60FAFC00FAFEFCFCFAFE00000109FD00FA72
S31508032E70FE00FEFCFCFBFBF9FEFC0400FD00F6FE6F
S31508032E800104FAF9FCFA06FE01EEFD04FCFDF9005D
S31508032E90FAF8FEFEFEFEFCFAFF00000605FFF40044
S31508032EA0F4FC05F9F3FCF9F8F6FA0400000000FE51
S31508032EB0000002FE0401FC040000FAFF00FF000103
S31508032EC001FE000000000000FE00000000020600EC
S31508032ED000FE00000000FFFFFE00000001020000E4
S31508032EE000000200FE000700030101FE00040000C3
S31508032EF000020000000000000000000000060005B4
S31508032F000000000000000000000000000000F400BC
S31508032F10FE03000600001302FCFC0202FF01F60092
S31508032F200009F40000000000000000000000F30799
S31508032F301B000000000000000000000000F4000071
S31508032F400000000000000000000000000000000070
S31508032F500000000000000000FD0000FCFE00000069
S31508032F600000000000000000000000000000000050
S31508032F70FF00FB00000100000219FCFE0605FB0228
S31508032F8000000202FE00000000000000000000002E
S31508032F90E705000000000000000000000000000034
S31508032FA0000000FB000000FB00000000FCFF00001F
S31508032FB000FC00FE00F7000000000000000000000F
S31508032FC000F30000000001000000000000FE0000FE
S31508032FD0FC00FD00FB000000FD02FE0000FBFEFCFA
S31508032FE00000FB00FE00F700FE0000F0FCF8FEF907
S31508032FF00000F300FBFF0000000000000000FDFDD9
S31508033000FEFD00000000FC00FC02FE0400FFFCFFBE
S31508033010FDFC00FEFFFF01FBFF000000EFFEFD00C5
S31508033020FC00FFF7FE0000FFFE000000000100FFA2
S31508033030FDFF030000000000000000000000000080
S31508033040000000000000000000000000000000006F
S31508033050000000000000000000000000000002005D
S315080330600000000000FC00FF000000FC0200000056
S31508033070FBFEFC0000FB00FE00F700000000ED006D
S31508033080FCF9F60000F300FFFD0000000000000055
S3150803309000FEFDFFFD01000003FE000609FEFEFA21
S315080330A002090304FB0208020604050000000000E7
S315080330B00000000000000C09FDFE00FE0F080F00CB
S315080330C00000020000070000FD00000000000000E9
S315080330D00000FF00000000000000000300000000DD
S315080330E0F0FEFEF8F70000F3000000000000000001
S315080330F0000000000000000000FD000000000000C2
S31508033100000000FF000000000000000003000000AC
S3150803311000F0FEFEF8F70000F800000000000000CB
S31508033120000000000000000000000000FE00000090
S31508033130FC0200FE020302FA0000FE02000200007F
S315080331400000FB00FEFFFC00FEF8000CFE00FCFF7F
S3150803315000FFFD00FEFBFCFE000000FD0000000072
S315080331600000000000FF000000000000000003004C
S31508033170000000F0FEFEF8F70000F3000000000070
S31508033180000A00000000000000000000FD00FAFE2F
S31508033190FE06FEFEF801FF01FFFB00040002010222
S315080331A0FBF8FE00F9FCFBF8F900FDFCFEFEFEFF4A
S315080331B0FEFF00FFFF030003FF00060000000000F8
S315080331C000000000000000FFFEFE0000FB00FF00F9
S315080331D0FD0000000000000000000000F4000000ED
S315080331E00000000000000000FEFE00FE00000000D4
S315080331F0FE0000FDFE0200FDFCFF00FAFFFCFFFED9
S3150803320000FD0000000000000000000000F30006B7
S315080332100000FD00000000FE00FE0000FF0000FFA6
S3150803322000FC000008FEFAFA01020200FB01030192
S31508033230060106FFFB0000F80000FAFB0000FC008D
S31508033240FEFD00FD00FD00FF0300FEFAFE07000079
S31508033250FE00FC000002FC0002FE020000FA00FF6A
S31508033260FF00FE02FE000000F8FEFC00FA0000F76D
S315080332700007FE00FD000100FE00FEFA00FE020044
S31508033280000000FF000002FE010000FEFF00FE0032
S31508033290000000000000000000000000000000001D
S315080332A0F400040000FE000000000000FEFE00001B
S315080332B0000400040000000000F4F501080603F802
S315080332C001080007000400000000000000000000D9
S315080332D0000A0000000000000000000000000000D3
S315080332E00000000034270308F82503089626030878
S315080332F03D3100005406030864200308D02503085B
S31508033300E43203081000022888030020D9A1010823
S31508033310FDA001080F00030000FF0100F4320308B3
S3150803332000000000000000000EA0D90D90C80C8014
S31508033330B70A60110B80D91F0991F0881F0880F01E
S3150803334088000000000D203C00000F0069002FFFD5
S31508033350FFFFF7015C11A610006900C3000088008F
S31508033360D2009FFFFFFFF012C523E22000D203C05D
S315080333700000F004B0000000700000000E0000001A
S3150803338000E0000019EFEA300CD6E6A702F40E00B7
S31508033390001F80E000006FEF50000016FFE50000F5
S315080333A00E0AF00100E05F13F85E6EB005CFFE91DA
S315080333B000000E0000000070000008DD3000A700C2
S315080333C04B02D004C0007700D01D20004B03D0A7C2
S315080333D0000007DC34C4CC3000001D2D22D00000C9
S315080333E0A63B00B30005C03A00A3001D200D00D07C
S315080333F000A60004CC40004DFC300000F718C000BE
S3150803340001F205D00000BB6E4000005FF300000721
S31508033410E6DB03802F301DBAA05F0001DF401FB42F
S3150803342048FEC003BFFC40B200000000001F01F0C5
S315080334301F00F0000003F10B900F404F007D009B27
S3150803344000AA00AA009B007D004F000F400B9003C3
S31508033450F15E000E6008C004F001F300F500E60013
S31508033460E600F501F304F008C00E605E0000930061
S3150803347088A6C209FE404DDDB142935000520000B2
S315080334800450000008A0000008A0001FFFFFF30374
S3150803349039B3300008A0000008A0000103F61E6037
S315080334A0E12C00000003FFF90333100003F52E4057
S315080334B000000E400004E000009A00000E400004DD
S315080334C0F000009A00000E400003F000009A000086
S315080334D00E500003F000009A00000E500003F0009F
S315080334E000004CFE70004FB68F900DB0005F32F4AB
S315080334F00000E74F20000CA4F20000CA2F40000E7C
S3150803350070DB0005F204FB68F90004CFE700EFFB64
S3150803351044CB00AB00AB00AB00AB00AB00AB00ABDE
S3150803352000AB07DFEA108E857EC0010006F10000B6
S3150803353006F000000D900000CC00001CC00001DB63
S3150803354000001DE544427FFFFFF97FFFFFF0244497
S315080335505F900000BC000009E100003FD81000049A
S315080335606DD0000002F4100002F4BD757DD019DF9A
S31508033570EA1000000DA0000000AC00000007E100FF
S3150803358000004F40100002F600F5001DA000F500EC
S315080335907FFFFFFFF3133333F730000000F5000016
S315080335A00000F50009FFFFF00AB444400C80000050
S315080335B00E7000000FFFFC4003345CF2000000F7B6
S315080335C0100000F78E856CF108DFFB30002AEFD573
S315080335D0003FD657400CC0000002F40000004F5BC2
S315080335E0FFA104FE845DD03F80003F30E80003F26C
S315080335F006F845DC0005DFE9109FFFFFFD9D4444FF
S31508033600E99C0004F200000BB000002F400000AD57
S31508033610000001F6000008E000000E8000006F10AD
S3150803362000019EFE9100BE636EC00F60006F00CC62
S31508033630202BC002EFFFE200DC424CD05F20001FC4
S3150803364055F20002F50ED535DE001AEFEA1003BF70
S31508033650EA202FA44BE18E0000E99D0000DD4F719F
S3150803366029FF07FFFC9E000210AC000002F607655F
S315080336708FB00AEFD7002E53F50000000000003F75
S3150803368052E42E53F50000000000002E52F60D21D9
S31508033690D001000000003100006CF2018ED6000F45
S315080336A0C300000AFB40000017EE70000005C300C4
S315080336B00000001FFFFFF303333330000000000050
S315080336C00000001FFFFFF303333330040000000E2E
S315080336D0D71000005CF92000002AF20003AFB106F8
S315080336E0DE82001C6000000000000007DFEA109E6F
S315080336F0746EC0010006F0000009C000008E2000A9
S3150803370006F2000008700000000000000B800000AD
S315080337100C900000006CEFDA4000003DA41016D9A7
S315080337200001E509EE98CA900A80BD43AFC0D30FDE
S3150803373013F2000CC0693C06D00007C03B4B06D009
S315080337400007C02C3C03F2000CC04A0F10BD439E71
S31508033750E3C50A8009EE91CF9001E5000000000059
S31508033760003DA41028000000007CEFD910000000DB
S315080337700CF1000000003FD700000000B96E0000FE
S315080337800002F20E50000009A007D000001F300007
S31508033790F400007FFFFFFB0000E733334F2005F0FB
S315080337A000000C900C90000006F18FFFFEC408E39E
S315080337B0334BF28E00001F58E00018F18FFFFFF815
S315080337C008E33337F68E000009C8E000009D8E3300
S315080337D0347F78FFFFFD700007CFFB4000CF966A62
S315080337E0F50AE20000301F600000004F20000000C9
S315080337F04F200000001F600000000AE200003001AD
S31508033800CF966AF50007DFFB408FFFFEA4008E44C0
S3150803381046CF708E000007F38E000000DA8E000094
S31508033820009D8E0000009D8E000000DA8E000007C2
S31508033830F38E4446BF708FFFFEA4008FFFFFF68EFC
S315080338404444418E0000008E0000008FFFFFC08EA7
S315080338503333208E0000008E0000008E4444428FCE
S31508033860FFFFF98FFFFFF68E4444418E0000008E5A
S315080338700000008E0000008FFFFFC08E3333208EBA
S315080338800000008E0000008E0000000007CFFC50E9
S3150803389000CF966AF60AE20000201F600000004F78
S315080338A0200000004F200000B91F600000B90AE39A
S315080338B00000B900CF966AF80007DFFC608E0000A7
S315080338C008E8E000008E8E000008E8E000008E8F0E
S315080338D0FFFFFFE8E333339E8E000008E8E00000AD
S315080338E08E8E000008E8E000008E8E8E8E8E8E8EF9
S315080338F08E8E8E8E02FFFFC00444BC000009C000F2
S31508033900009C000009C000009C000009C02000BA02
S315080339100EB58F603CFE808E00004F508E0004F675
S31508033920008E003F70008E03F800008E2EC0000044
S315080339308EECF600008FB07F30008E000AE1008E11
S315080339400000CC008E00001EA08E0000008E000032
S31508033950008E0000008E0000008E0000008E00001E
S31508033960008E0000008E0000008E4444408FFFFF47
S31508033970F28E00000008E8F7000002FE8FF100004F
S31508033980BFE8DCA0004F9E8D2F300D87E8D09C063C
S31508033990E07E8D01E7E507E8D006FC007E8D000A88
S315080339A02007E8D00000007E8E100008E8FC00001F
S315080339B08E8FF90008E8E6F6008E8E09F308E8E02C
S315080339C00CE18E8E001EB8E8E0003FEE8E00006F15
S315080339D0E8E00000AE0007CFEB500000CF966BF986
S315080339E0000AE200005F601F6000000AD04F200053
S315080339F00006F04F20000006F01F6000000AD00AF8
S31508033A00E200005F6000CF966BFA000007DFEB5019
S31508033A10008FFFFD7008E4458FB08E00005F38E025
S31508033A200001F58E00003F48E0014DD08FFFFFB23D
S31508033A3008E33310008E00000008E00000000007CA
S31508033A40CFEB500000CF966BF9000AE200005F60E7
S31508033A501F6000000AD04F20000006F04F20000028
S31508033A6005F01F6000000AD00AE200005F6001DF6C
S31508033A70855AFA000008DFFC5000000001EC219487
S31508033A800000001BFFC10000000012008FFFFD703D
S31508033A9008E4458FB08E00005F38E00001F58E001C
S31508033AA0003F38E0014DD08FFFFFC208E333DA0049
S31508033AB08E0002F608E00005F3019EFDA200CE641F
S31508033AC06B702F40000001F800000006FD9500000A
S31508033AD0016AEE500000009F00200005F13FA5474C
S31508033AE0EB004BEFE910FFFFFFFF2444BD44400002
S31508033AF009C00000009C00000009C00000009C00EB
S31508033B00000009C00000009C00000009C000000076
S31508033B109C00009C00000BA9C00000BA9C00000B87
S31508033B20A9C00000BA9C00000BA9C00000BA8E0009
S31508033B30000D94F40003F50CF868FD0009EFE9108D
S31508033B400CB000000AC05F200001F500E900008EF2
S31508033B500008F0000E70001F6005F10000AD00C9F3
S31508033B60000003F43F3000000CBAC00000005FF504
S31508033B7000000000EE00006F10000DB00002F21FF7
S31508033B8060003FF10008D00BB0008BE6000D70060D
S31508033B90F000E69B002F2001F503F14F108D00007E
S31508033BA0CA09B00E60D800006F0E6009B2F30000B0
S31508033BB01F9F1004F9D000000CFB0000EF800000E3
S31508033BC007F600009F30003F50000DA008F2009D45
S31508033BD00000CC04F300002F9E70000006FC0000D2
S31508033BE00009FE1000004F4DB00001E802F7000B74
S31508033BF0D0007F207F20000BD00CB000009C002F44
S31508033C0050002F30009E000C900000E805F10000DC
S31508033C1005F3E60000000CFD000000003F4000002D
S31508033C200002F3000000002F3000000002F300003A
S31508033C304FFFFFFF9144444AF3000003F6000001D7
S31508033C40EA000000CC0000009E1000006F40000050
S31508033C503F7000001ED4444436FFFFFFFC8FF68DE9
S31508033C60318D008D008D008D008D008D008D008DAA
S31508033C70008D008D008D318FF65D000000F2000087
S31508033C800B8000006D000001F200000B8000006D40
S31508033C90000001F200000B7000006D000001F20045
S31508033CA0000B7000006D000001F2BFF325F302F369
S31508033CB002F302F302F302F302F302F302F302F34B
S31508033CC002F325F3BFF300AD00001EC4000885A068
S31508033CD000E20E105B00970B5002E0EEEEEEE00BEF
S31508033CE0C00009B004CFEA100B745DB0000004F0FD
S31508033CF004CEEEF21F8214F24F1004F21F703DF247
S31508033D0004DFD7F2BA000000BA000000BA000000C8
S31508033D10BA8EFC30BFD54BF3BE1000CABA00007E7C
S31508033D20BA00007EBE1000CABFD55BF3B98EFC305D
S31508033D30007DFD6009F748F42F5000205F0000005E
S31508033D405F0000002F50002009F748F4007DFD604E
S31508033D500000001F40000001F40000001F4008EFA8
S31508033D60C4F40AF748FF42F50007F45F00002F453D
S31508033D70F00001F42F50006F40AE637EF4008EFC12
S31508033D804F40008EFC400AD538F42F20008C5FEE96
S31508033D90EEFF5F2111112F70001009F846E4007D2C
S31508033DA0FE80009EE305F44108C000CFFFF029D347
S31508033DB02008D00008D00008D00008D00008D0009A
S31508033DC008D000007EFC4E60AF747FF62F50005F6C
S31508033DD065F00000F65F00000F62F60006F609F7C5
S31508033DE047FF5007EFC4F50000003F20CB646EB0D1
S31508033DF003AEFD8000BA000000BA000000BA000056
S31508033E0000BA8EFB20BFC56DD0BE0003F2BA000010
S31508033E10F4BA0000F5BA0000F5BA0000F5BA0000D6
S31508033E20F5BAA800BABABABABABABABA000AB000A0
S31508033E309900000000AB000AB000AB000AB000AB63
S31508033E40000AB000AB000AB000AA064E71DFA0BA9A
S31508033E50000000BA000000BA000000BA001CC0BA8D
S31508033E6001CC00BA1CD100BBCF6000BFDBE100BDAB
S31508033E7011DC00BA003F70BA0007F3BABABABABA85
S31508033E80BABABABABABAB99EFA15DFD40BFB45ED74
S31508033E90E64AF2BE0006F6000E7BA0004F2000C9D4
S31508033EA0BA0003F1000C9BA0003F1000C9BA000337
S31508033EB0F1000C9BA0003F1000C9B99EFB20BFB4BC
S31508033EC05DD0BE0003F2BA0000F4BA0000F5BA00EA
S31508033ED000F5BA0000F5BA0000F5007DFD60009F05
S31508033EE0748F702F50007F05F00001F35F00002FD9
S31508033EF032F50007F009F748F70007DFD600B98E51
S31508033F00FC30BFC43AF3BE1000CABA00007EBA003A
S31508033F10007EBE1000CABFD55BF3BA7EFC30BA007A
S31508033F200000BA000000BA000000008EFC3F40AF54
S31508033F30748EF42F50007F45F00001F45F00002FC4
S31508033F4042F50007F40AF748FF4008EFC4F40000F7
S31508033F50001F40000001F40000001F40B98E4BFD0E
S31508033F6071BE100BB000BA000BA000BA000BA0007C
S31508033F7005DFEA13F735A06F000001EE9610016A14
S31508033F80EF300000D96C646F62AEFD7008D000088C
S31508033F90D000CFFFF029D32008D00008D00008D0DE
S31508033FA00008D00005F551009FE3C80002F3C800D6
S31508033FB002F3C80002F3C80002F3C90003F3AB0017
S31508033FC007F35F837EF306DFC5F30D90000AA06E41
S31508033FD00001F300F5007D0009C00E60003F24F0E0
S31508033FE00000C8B9000006FF3000000FC000C80073
S31508033FF006F1000D56D000CF6003F01F302F9C004A
S315080340009A00B807B2F10E4005E0D60C74E0000F2B
S315080340106F007C990000AFA001FF400005F4000B78
S31508034020E0004F3007E109D02F4000D9D900003FFF
S31508034030D000004FE10001E7BB000BB01E707E10F5
S3150803404005F30D90000AA06F0001F300F6007D004A
S3150803405009C00D60002F34F00000C9A9000005FF50
S315080340602000000EC0000000E5000094AD00001B10
S31508034070FC2000005FFFFFA13337F40001E70000CF
S31508034080CB00008E10004F40001EA33326FFFFFC13
S31508034090006EA00F9201F4001F4001F4003F303F69
S315080340A0C0006F3001F4001F4001F4001F4000FAFE
S315080340B02005EA8B8B8B8B8B8B8B8B8B8B8B8B8BD1
S315080340C08BBE5002AE0005F0005F0005F0004F10EE
S315080340D000DF104F5005F0005F0005F0005F002A6F
S315080340E0E00BE40007EC40B41E25DFC00100000026
S315080340F004CC302B01C05700932B01C005CC3006E6
S31508034100A10FF60BE200000000000000000000000B
S3150803411000027BFB000000049DFFFFD00003AFFFF6
S31508034120FFFFFD0000AFFFFFFFDFD0000AFFFFB66A
S3150803413010ED0000AF9400000ED0000AF100000055
S31508034140ED0000AF1000000ED0000AF1000045FD97
S315080341500000AF1001EFFFD0179DF1005FFFFC0EC3
S31508034160FFFF1000AFFD31FFFFE00000010003BDB4
S31508034170A3000000000050188888888405FABFDD6C
S31508034180DDDDFDAFE47F100000CA4EE04F100000EE
S31508034190C80EFEEF100000CFEFE03FEEEEEEF80E8E
S315080341A0F68F766666EB6FF8AF100000CC8FE03FAC
S315080341B0100000C80EFCDF655555EECFC25FFFFF42
S315080341C0FFF92C57750577777775FFFF1FFFFFFFF5
S315080341D0FFFFFF2FFFFFFFFFEFFF0EFFFFFFFE01AE
S315080341E0100011111110EFFE0EFFFFFFFEFFFF2F48
S315080341F0FFFFFFFFFFFF1FFFFFFFFF688707888893
S31508034200888668870788888886FFFF1FFFFFFFFF62
S31508034210FFFF2FFFFFFFFFDFFD0DFFFFFFFD000081
S31508034220000000015000000000001DF80000000017
S3150803423001DFFD000000001DFFE22D600001DFFE27
S3150803424020DFF7001DFFE2008FFF71DFFE20000865
S31508034250FFFEFFE20000008FFFFE2000000008FFBC
S31508034260E200000000007D200000000000000000BE
S315080342707F60000BE2EFF600BFF84FFF6BFFD10438
S31508034280FFFFFD10005FFFE10000BFFFF6000BFF15
S31508034290DFFF60BFFD14FFF5CFD1004FF6171000FF
S315080342A0036000000011000000000000FF0000008A
S315080342B0006F21FF12F70006FF61FF16FF601FF963
S315080342C001FF109FF16FE001FF100EF6AF8001FFAB
S315080342D01008FACF6001FF1006FCAF8000AA000899
S315080342E0FB7FD00000000DF71FF80000008FF107D1
S315080342F0FF91002AFF70009FFFEEFFF9000005CF2C
S31508034300FFFD5000000002442000000000000000EA
S31508034310000000000AFFA0000000000CFFC0000018
S3150803432003D6DFFFFD6D300EFFFFFFFFFFE05FFFE4
S31508034330FFAAFFFFF51AFFF4004FFFA103FFD00002
S315080343400DFF3004FFF0000FFF404FFFFB22BFFFB6
S31508034350F42FFFFFFFFFFFF209FEFFFFFFEF9000B9
S31508034360505EFFE5050000000CFFC00000000004D6
S315080343707740000000000003100341000000009F7F
S31508034380F50DF50000001BFDFF8DF5000002DFB1FA
S315080343902DFFF500004FF83EC2BFF50007FF55FF96
S315080343A0FE39FE409FE38FFFFFF56FF6AC2AFFFF4A
S315080343B0FFFF73E6005FFFFFFFFFF100006FFFD704
S315080343C07FFFF200006FFF900DFFF200006FFF9072
S315080343D00DFFF200004FFF700BFFE10000000033F2
S315080343E000000000000BFFB0000000000CFFC00037
S315080343F00000000CFFC0000000000CFFC000000016
S31508034400000CFFC00000008FFFFFFFF800002EFF1F
S31508034410FFFFE2000002EFFFFE200000002DFFE28F
S315080344200000799982DE289997FFFFFB22BFFFFFD9
S31508034430FFFFFFFFFFFFFFFFFFFFFFFAB3CFACCC82
S31508034440CCCCCCCCCA0006BBBBBBBA3000004FFFF2
S31508034450FFFFFFE10000EF30000006FB0009F8004C
S31508034460000000CF504FD0000000002FE1DF844248
S315080344700000344BF9FFFFFD0001FFFFFBFFFFFFC1
S31508034480988BFFFFFCFFFFFFFFFFFFFFFCFFFFFF0C
S31508034490FFFFFFFFFB9FFFFFFFFFFFFFF600000085
S315080344A00000003300018DFFC600EF004EFFFFFF3B
S315080344B0E4DF04FFB3004CFFFF0EF90000008FFF93
S315080344C06FC00001FFFFFF8E500001DEEEED000016
S315080344D0000000000022222200000021FFFFFF1037
S315080344E00008F8FFFBBC10001EF4FFFC100001DFF8
S315080344F0C0FEEFE8448EFE10FE1AFFFFFFC100FD63
S315080345000028BB940000000002700002EF0002EFCF
S31508034510FDFFFFFFFFFFFFFFFFFFFFFFFFFFFFFF9C
S31508034520FFFF3447FFF00005FF000005C000000049
S315080345300000027000000002EF00000002EFF00026
S315080345400DFFFFFF0220FFFFFFF08E1FFFFFFF0097
S31508034550E7FFFFFFF03F5FFFFFFF08903447FFF0D9
S3150803456000000005FF0000000005C0000000000071
S31508034570000000000000000770000000027000053C
S31508034580FA0000002EF000814F600002EFF001DD13
S3150803459007F0DFFFFFF0321E80F6FFFFFFF08E27DE
S315080345A0E0B9FFFFFFF00E73F19BFFFFFFF03F54E7
S315080345B0F09AFFFFFFF0890AC0D83447FFF0007F5F
S315080345C043F300005FF002F60CB0000005C00000DC
S315080345D0BF10000000000009E3000000000000020D
S315080345E0100037888888888873EFFFFFFFFFFFFE70
S315080345F0FE32DFFFFFFFFFF9007FFFFDFFFFFD1020
S31508034600CFFFA07FFFFFFFFFFA0007FFFFF35FA0BF
S315080346100000CFFF3003000000CFFC0000000000BD
S31508034620CFFFCCCCCCCCCCFFAFFFFFFFFFFFF9000D
S31508034630002000000001FA00000006FF1000000D2C
S31508034640FF7000006FFFF10001EFFFFA000BFFFF99
S31508034650FF605FFFFFFFE0CFFFFFFFF6FEBFFFFF31
S31508034660F9FD4FFFFFF9BF49FFFFF53FE52EFFD0E1
S3150803467006FFFFFD200028BA600004300000311F42
S31508034680E00006F91FE0007FFA1FE009FFFA1FE0C2
S31508034690AFFFFA1FEBFFFFFA1FFFFFFFFA1FFFFF2C
S315080346A0FFFA1FE6FFFFFA1FE05FFFFA1FE004FFAA
S315080346B0FA1FE0003EFA0FD00002D7000000000000
S315080346C00200000000000CFB2000000000FFFF9022
S315080346D00000000FFFFFE6000000FFFFFFFC3000AD
S315080346E00FFFFFFFFF9100FFFFFFFFFFE60FFFFF2F
S315080346F0FFFFFFF2FFFFFFFFFFFD0FFFFFFFFFF8BF
S3150803470000FFFFFFFFB2000FFFFFFD400000FFFFA2
S31508034710F70000000FFFA1000000006A4000000038
S3150803472000001444200144420DFFFF10DFFFF1FF90
S31508034730FFF30FFFFF3FFFFF40FFFFF4FFFFF40FF9
S31508034740FFFF4FFFFF40FFFFF4FFFFF40FFFFF4F8D
S31508034750FFFF40FFFFF4FFFFF40FFFFF4FFFFF408C
S31508034760FFFFF4FFFFF40FFFFF4FFFFF30FFFFF3D9
S315080347709FFFC009FFFC001444444444420DFFFF55
S31508034780FFFFFFF1FFFFFFFFFFFF3FFFFFFFFFFFF6
S31508034790F4FFFFFFFFFFFF4FFFFFFFFFFFF4FFFFDE
S315080347A0FFFFFFFF4FFFFFFFFFFFF4FFFFFFFFFFC3
S315080347B0FF4FFFFFFFFFFFF4FFFFFFFFFFFF4FFF63
S315080347C0FFFFFFFFF39FFFFFFFFFFC000210000040
S315080347D0420FE20003FB0FFE3004FB0FFFF404FB5A
S315080347E00FFFFF54FB0FFFFFFAFB0FFFFFFFFB0F44
S315080347F0FFFFFFFB0FFFFFD6FB0FFFFD14FB0FFFAA
S31508034800C104FB0FFB0004FB0CA00003FA00000025
S31508034810000000000012000000000003FF60000013
S3150803482000002EFFF500000001EFFFFF4000001D0A
S31508034830FFFFFFF30000CFFFFFFFFE200AFFFFFF86
S31508034840FFFFE00EFFFFFFFFFFF20399999999997E
S3150803485050058888888888700FFFFFFFFFFFF30FCE
S31508034860FFFFFFFFFFF40BFFFFFFFFFFD100000071
S31508034870000000003F9000003FFC00003FFD1000D1
S315080348803FFD10003FFD10001FFD100000CFF40090
S315080348900000CFF4000000CFF4000000CFF40000BE
S315080348A000CFE0000000A4000000000000CD1000C7
S315080348B0001FFD1000003FFD1000003FFD10000023
S315080348C03FFD1000003FFD000008FF900008FF9021
S315080348D00008FF900008FF900002FF900000078081
S315080348E0000000000004500000000002FF60000002
S315080348F000003FF70000000003FF70000000003FC0
S31508034900F7000006999AFFC99980FFFFFFFFFFFF8B
S315080349103DFFFFFFFFFFF201113FF71110000003F0
S31508034920FF70000000003FF70000000003FF70005F
S315080349300000000CD30000006999999999980FFF14
S31508034940FFFFFFFFF3DFFFFFFFFFFF20000000006D
S31508034950000000000156640000000003BFFEEFF9E3
S315080349601000007FFA1003DFE40008FFA009B41E55
S31508034970FF504FFF200BFF26FFE1EFFF09CFFF6331
S31508034980FFFABFFF09FFFF54FFF61EFF51DFFB09BE
S31508034990FFB003EFE204305FFC10002CFF956AFFBB
S315080349A09000000049DFFD920000000000000000AF
S315080349B0000000CD20000000000000008FF5001461
S315080349C0664000000004EFACFFEFFF910000001CF7
S315080349D0FFA1004DFE300000009FF5AB31EFF40058
S315080349E007B105FFFFE17FFE100FFE302DFFF54FE0
S315080349F0FF900CFFE000AFF65FFF6002FFF40006CE
S31508034A00FFEFFB00004FFD10003EFFC0000002DF72
S31508034A10E85401BFE300000005AEFF6007FF60002E
S31508034A200000000000004EF6000000000000000130
S31508034A30A10000000000000000000000003ED000B6
S31508034A4000000000000CFF80000000000006FFFFC6
S31508034A50200000000000EFFFFB00000000008FFCB1
S31508034A60CFF4000000002FFB00FFD00000000BFF6F
S31508034A70C00FFF70000004FFFD01FFFF100000DFF9
S31508034A80FFE02FFFFA00007FFFFF9BFFFFF3001FE6
S31508034A90FFFFB00EFFFFC00AFFFFFE24FFFFFF6004
S31508034AA0FFFFFFFFFFFFFFFA06CCCCCCCCCCCCCB69
S31508034AB0300000000000360000000000007F80DDA3
S31508034AC0DB00008DEFF8FFFFB007FFFFFD556FF41E
S31508034AD06FF8AFE2000574FF907E2000003FFA00EE
S31508034AE000000002EFB2504A00012EFD1DF48FB0FC
S31508034AF0FFFFD10BFFFFFBFFFE2000CFFFFB1221B9
S31508034B000000029FC000000000005B00000007A031
S31508034B100000000008FFB000000008FFFFB0000017
S31508034B2008FF95FFB00008FF9005FFB007FF900048
S31508034B3005FFB09F90000005FD004000000003102C
S31508034B404C20000000B60BFE200000CFF02EFE20FE
S31508034B5000CFF4002EFE20CFF400002EFECFF40083
S31508034B6000002EFFF4000000002EF40000000000F1
S31508034B701300000000083000000000000000BFF327
S31508034B8008BBBBBB90000BFFFF39FFFFFFF1008F8C
S31508034B90CFCFF000000AF100382F948000000AF105
S31508034BA000002F900000000AF100002F9000000378
S31508034BB00AF130002F9000001FCBF8F8002FEBBB4B
S31508034BC0BB39FFFFE2001FFFFFFFB09FFD20000078
S31508034BD00000000008D10037888700000000EFFFB7
S31508034BE0FFA0000000FFFFFFFDCCCCB6FFFFFFFFD1
S31508034BF0FFFFFFFFFFFFFFFFFFFFFFFFFFFFFFFFB4
S31508034C00FFFFFFFFFFFFFFFFFFFFFFFFFFFFFFFFA3
S31508034C10FFFFFFFFFFFFFFFFFFFFFFFFFFAFFFFFE3
S31508034C20FFFFFFF900000000000000000001DD108F
S31508034C30000000001DFFD100000001DFFFFD10008A
S31508034C40001DFFFFFFD100009FFFFFFFF9000001D2
S31508034C501CFFC1100000000CFFC0000000000CFF81
S31508034C60C0000000000CFFC0000079993BFFB39910
S31508034C7097FFFFB2442BFFFFFFFFFEDDEFFFFFFFAA
S31508034C80FFFFFFFAB3CFACCCCCCCCCCCCA00000028
S31508034C9000000200000000000004FFC70000000037
S31508034CA000AFFFF0000000001FFFFD000000000634
S31508034CB0FFFFC00000000008FFF700000000000C1B
S31508034CC0FF300000000004FFC00000000001EFF3FE
S31508034CD000004A3002DFF80005DFFE15EFFB00008F
S31508034CE0EFFFFFFFFA00000BFFFFFFF70000007F4F
S31508034CF0FFFFA200000002BA850000000000048638
S31508034D000000001006FFFA0002DFD1EF3CF101DFD5
S31508034D10FA0EE0AF21DFFA009FEFF6DFFA00008D07
S31508034D20FFFFFB00000006FFFD00000048EFFFF64B
S31508034D3000006FFFFBFFF6000EF3CF23FFF600EE2E
S31508034D400AF204FFF609FEFC0004FFF108DA100074
S31508034D5002620000000000000000006FFFF98700F0
S31508034D600008FFFF98F708A68FFFF95990FFA8FFD9
S31508034D70FFFCCC0FFA8FFFFFFFF1FFA8FFFFFFFF32
S31508034D801FFA8FFFFFFFF1FFA8FFFFFFFF1FFA8F31
S31508034D90FFFFFFF1FFA8FFFFFFFF1FFA7FFFFFFFDC
S31508034DA0F0FFE3122222210FFFFFFFF90000ACCC2C
S31508034DB0CCCB5000004999999995000EFFFFFFFF48
S31508034DC0F600FD2222224FF60FC0000001FFF3FC76
S31508034DD00000001FFF6FC0000002FFF6FFFFFFFF82
S31508034DE0FFFF6FFFFFDCFFFFF6FFFFB005FFFF6F57
S31508034DF0FFF6000FFFF6FFFFC006FFFF6FFFFFED8D
S31508034E00FFFFF69FFFFFFFFFFD10CDDDDDDDDDDDD7
S31508034E102FFFFFFFFFFFF3122222222222000000A8
S31508034E20000000000000000000000FFFFFFFFFFF67
S31508034E30F3DEEEEEEEEEEE200000000000000000CA
S31508034E40000000000DEEEEEEEEEEE2FFFFFFFFFFC1
S31508034E50FF3000000000000037888888888873EFD1
S31508034E60FFFFFFFFFFFEEFFFFFFFFFFFFE1CFFFF36
S31508034E70FFFFFFC1D28FFFFFFFF82DFF64EFFFFE91
S31508034E8045FFFFFA2BFFB2AFFFFFFFD3553DFFFFE9
S31508034E90FFFFFFBBFFFFFFFFFFFFFFFFFFFFAFFFA5
S31508034EA0FFFFFFFFF9000000000001FFFFF0000409
S31508034EB0FFFFD00006FFFF800008FFFF30000AFF50
S31508034EC0FFAAA60CFFFFFFF80EFFFFFFE10BDDDFCE
S31508034ED0FF6000004FFD0000007FF3000000BFA045
S31508034EE0000000FF10000003F800000003C00000E4
S31508034EF00000200000000455EFB5520000FFFD1F17
S31508034F00FFB0000FFFFFFFFC0000FFFF5333200035
S31508034F100FFF97FFFB5700FFF8AFFFC6F80FFF8A8F
S31508034F20FFFC4AA1FFF8AFFFE3220FFF8AFFFFFF4B
S31508034F30F4FFF8AFFFFFFF4FFF8AFFFFFFF4355279
S31508034F40AFFFFFFF40000AFFFFFFF400007FFFFFEC
S31508034F50FE20000001100000000000AF0000000062
S31508034F60018FFA30000002EFFFFF500000BFFFFF7A
S31508034F70FF10001FFFFFFFF50003FFFFFFFF700091
S31508034F805FFFFFFFF90008FFFFFFFFC000DFFFFF1A
S31508034F90FFFF209FFFFFFFFFFD0EFFFFFFFFFFF24F
S31508034FA0022222222221000008FFC0000000000975
S31508034FB0A20000005BBBBBBBBBBBBBA3FFFFFFFFE2
S31508034FC0FFFFFFFBFC0C30E11D0D11FCFC0B30E071
S31508034FD01D0D10FCFFFEFFEFFEFEEFFCFFF15A0866
S31508034FE070A05FFCFFF37B2992C27FFCFFBFCBBB9C
S31508034FF0BBBFCBFCFC0B2000000D00FCFFCFCCCCC9
S31508035000CCCFCCFB9FFFFFFFFFFFFFF6000000009E
S3150803501000000200000000000005DFB000000000E9
S3150803502007EFFFD000000018FFFFFF70000029FFFD
S31508035030FFFFFF00003BFFFFFFFFF8000AFFFFFF2C
S31508035040FFFFF1000FFFFFFFFFFFA000049AAAAFBF
S31508035050FFFF20000000000EFFFB00000000000E0B
S31508035060FFF400000000000EFFC000000000000E61
S31508035070FF5000000000000DFD00000000000004C2
S31508035080B300000035555502000FFFFFF2F400FF89
S31508035090FFFF2FF40FFFFFF2FFF3FFFFFF32221F7D
S315080350A0FFFFFFFFF7FFFFFFFFFF8FFFFFFFFFF87E
S315080350B0FFFFFFFFFF8FFFFFFFFFF8FFFFFFFFFF66
S315080350C08FFFFFFFFFF8FFFFFFFFFF8FFFFFFFFFC6
S315080350D0F88AAAAAAAAA30000000245531000000BB
S315080350E00003AFFFFFFFC7000002BFFFFEDEFFFF9F
S315080350F0F6005FFFB51000038EFFB0DFD300000094
S3150803510000008FF5180005AEFEC81004600002DF24
S31508035110FFFFFFF80000000CFF95347DFF400000F9
S3150803512002A20000007700000000000296000000BB
S31508035130000000000DFF500000000000000EFF6095
S3150803514000000000000005DA000000005BBBBBBBE3
S31508035150BBBBBBBA20FFFFFFFFFFFFFFFF90FC129D
S3150803516022222222220FF7FC5FFFFFFFFFFF2CFA02
S31508035170FC5FFFFFFFFFFF21FAFC5FFFFFFFFFFF57
S3150803518027FAFC2666666666661FFAFEBBBBBBBBCA
S31508035190BBBBBFB1AFFFFFFFFFFFFFFF5000000020
S315080351A00000000000005BBBBBBBBBBBBBBA20FF58
S315080351B0FFFFFFFFFFFFFF90FC1222222221000FB1
S315080351C0F7FC5FFFFFFFF8000CFAFC5FFFFFFFF831
S315080351D00001FAFC5FFFFFFFF80007FAFC26666684
S315080351E06663000FFAFEBBBBBBBBBBBBBFB1AFFF5E
S315080351F0FFFFFFFFFFFF5000000000000000000054
S315080352005BBBBBBBBBBBBBBA20FFFFFFFFFFFFFFFD
S31508035210FF90FC1222221000000FF7FC5FFFFFD05D
S3150803522000000CFAFC5FFFFFD0000001FAFC5FFFE9
S31508035230FFD0000007FAFC2666665000000FFAFE48
S31508035240BBBBBBBBBBBBBFB1AFFFFFFFFFFFFFFFD3
S31508035250500000000000000000005BBBBBBBBBBBEB
S31508035260BBBA20FFFFFFFFFFFFFFFF90FC122200E0
S315080352700000000FF7FC5FFF300000000CFAFC5F2C
S31508035280FF3000000001FAFC5FFF3000000007FA58
S31508035290FC2666100000000FFAFEBBBBBBBBBBBBFC
S315080352A0BFB1AFFFFFFFFFFFFFFF50000000000085
S315080352B0000000005BBBBBBBBBBBBBBA20FFFFFF49
S315080352C0FFFFFFFFFF90FC0000000000000FF7FC44
S315080352D00000000000000CFAFC00000000000001BA
S315080352E0FAFC00000000000007FAFC0000000000BA
S315080352F0000FFAFEBBBBBBBBBBBBBFB1AFFFFFFF18
S31508035300FFFFFFFF50000000000000000000000040
S31508035310000007B20000000000000ADFFA000000E0
S31508035320000000A93DF5000000044002E00010005B
S315080353300000AFF80B600000006C30FFFFFFFFFFB3
S31508035340FFFFFFF4AFF9000C5000006D4005500055
S3150803535004C00000100000000000C43EE80000007E
S315080353600000002EEFFA000000000000004FFA00CC
S31508035370000000000000000000000000011000000B
S315080353800007EFFFB30000AFFD8FFF2004FFFD0901
S31508035390FFB00AFEFD12AFF00EF55D2C0EF30FFFFC
S315080353A033129FF50FFFF307FFF60FFFE206FFF62B
S315080353B00FFE24137FF50DF57D2C0DF30AFFFD1162
S315080353C0BFF003FFFE0BFFA0007FFEBFFE10000326
S315080353D0ACDC810000003443000005667FFFF966F4
S315080353E050FFFFFFFFFFFF356666666666501CCCF7
S315080353F0CCCCCCC402FFFFFFFFFF602FF3FB7F6D0E
S31508035400F602FF2FB7F5DF602FF2FB7F5DF602FF8B
S315080354102FB7F5DF602FF2FB7F5DF602FF2FB7F597
S31508035420DF602FF3FB7F6DF601FFFFFFFFFF5007DA
S31508035430BCCCCCCC9000000000000001200000008A
S31508035440000004FF500000000002FFFF50000000A8
S315080354500439FFFE00000004FF39FFA0000004FF23
S31508035460FF39B0000004FFFFFF20000004FFFFFF21
S31508035470B0000004FFFFFFB0000004FFFFFFB00009
S315080354800004FFFFFFB0000000BFFFFFB0000000ED
S315080354900DFFFFB000000000FFFFB0000000000989
S315080354A0A8600000000000000017888888888740E5
S315080354B00002EFFFFFFFFFFFF4003EFFFFCFFFCF22
S315080354C0FFF703EFFFF908F809FFF83EFFFFFE2091
S315080354D0402EFFF8DFFFFFFFE101EFFFF89FFFFF15
S315080354E0FF80008FFFF809FFFFF902C209FFF800E2
S315080354F09FFFFE4EFE4EFFF80009FFFFFFFFFFFF6B
S31508035500F700008FFFFFFFFFFFC100000000000048
S3150803551003EFFFFFE203FBFBCEBFA4FF1D03A1FAC4
S31508035520FFF1D03A1FAFFFFFFFFFFAFFFFFFFFFFB1
S31508035530AFFFFFFFFFFAFFFFFFFFFFAFFFFFFFFF0F
S31508035540FAFFFFFFFFFFAFFFFFFFFFFAFFFFFFFFB4
S31508035550FFADFFFFFFFFF829AAAAAAA800000000CB
S315080355600000000300000000000004F1000820000A
S315080355700001FF100BF70000002FF10CFF944444C1
S3150803558045FF1BFFFFFFFFFFFFF18FFFFFFFFFFF36
S31508035590FD007FF70000000000006F6000000000B8
S315080355A000003000000000000000000000000000BA
S315080355B00000C003000000000000C003030A000047
S315080355C00F008005050500051C00D0090A0A00001E
S315080355D04E00B008090F00FE9200D00B0C0A00001B
S315080355E0CE00A0090A0B00FF0501F002030500051A
S315080355F00D01B004040E01FD2901C004040E00FDCB
S315080356004501A005060600055701200808070002FC
S3150803561073013003030500FE7B01600505030003E0
S3150803562083013003030300008801F004070EFFFF1C
S31508035630B9015009090A0000E6013005040A000009
S31508035640FA011008080A000022020008080A0000E6
S315080356504A0260090A0A00007C021008080A0000C8
S31508035660A402A008090A0000D1026008080A00007B
S31508035670F9020009090A00002603A008080A00001F
S315080356804E033003030800005A033003030B00FDDF
S315080356906B032008080800018B032008080600028C
S315080356A0A303200808080001C3030008080A00002A
S315080356B0EB03800E0E0D00FD4604400A0C0AFF009C
S315080356C08204A00A090A0100AF04200A0A0A000094
S315080356D0E104900B0A0A010013056009080A010090
S315080356E03B05E008080A01006305D00A0A0A000018
S315080356F09505600B090A0100C2055004020A010058
S31508035700CC053007070AFF00EF05100A0A0A01004D
S3150803571021065008080A01004906600D0B0A010014
S315080357208006600B090A0100AD06C00B0C0A0000CF
S31508035730E906200A090A01001607C00B0C0D00FD2D
S315080357406407300A090A01009107B008090A00002C
S31508035750BE073008090A0000EB07100B090A010007
S315080357601808F0090B0AFF004F08C00F100A0000BB
S315080357709F0870090A0A0000D10810090B0AFF00DE
S3150803578008093009090A00003509B004040E01FDA9
S315080357905109F004070EFFFF8209B004040E00FD49
S315080357A09E09300807060102B3090007070100FF2F
S315080357B0B709600805020109BC0960080808000062
S315080357C0DC099009080B0100080A0008080800000C
S315080357D0280A9009090B00005A0A900808080000CD
S315080357E07A0AF004060B00009B0AB009090B00FDB0
S315080357F0CD0A9009080B0100F90AE003020B010020
S31508035800040B0004050EFEFD270BA008080B010078
S31508035810530BE003020B01005E0BD00E0D080100CB
S31508035820920B900908080100B20BE008090800006A
S31508035830D60B9009080B01FD020C9009090B00FD14
S31508035840340CC00505080100480C000707080000CA
S31508035850640CD005060A0000820C800908080100BA
S31508035860A20CD0070908FF00C60C900C0D0800000F
S31508035870FA0CC007080800001A0DD007090BFFFD2C
S315080358804C0D500707080000680DF004050E00FDCF
S315080358908B0D3004020E01FD990DF004050E00FD73
S315080358A0BC0D200808030003C80DE005060500061D
S315080358B0D70D600404030003DD0D000E0F0FFFFE72
S315080358C04E0E000E0E0B00009B0E000E0E0D00FF73
S315080358D0F60E000E0E0B0000430FA0090A0B00007C
S315080358E07A0F000E0E0F00FEE30F000E0E0F00FEDA
S315080358F04C10C00F100D00FFB410000E0E0F00FE63
S315080359001D11C00F100B00007511000E0E0F00FEBF
S31508035910DE110007070C00FF0812800A0B0C00FFB4
S315080359204A12C00F100E00FEBA12000E0E0B00002C
S315080359300713A0090A0F00FE5213400C0A0E01FEB4
S315080359409813400C0D0F00FEFA13400C0D0D00FFC3
S315080359504F14400C0D0D00FFA414400C0A0E01FE53
S31508035960EA14400C0E0DFFFF4515C008090D00FF8C
S315080359708015C008090D00FFBB15400C0D0D00FF6F
S315080359801016400C0D0400032A16C00F100B000056
S3150803599082168011120F00FE0917C00F110FFFFEA2
S315080359A08917000E0E0D00FFE417400C0D080001C1
S315080359B01818400C0D0800014C188011120B000032
S315080359C0AF18000E0E0B0000FC18000E0E0F00FE9B
S315080359D06519000E0F0FFFFED619400C0D0D00FFBB
S315080359E02B1A400C0D0F00FE8D1A400C0D0D00FFEF
S315080359F0E21A400C0D0C00FF301B000E0E0B0000C4
S31508035A007D1BC0080A0FFFFEC81B400C0D0F00FEC6
S31508035A102A1C400C0D0F00FE8C1CC00F100B000037
S31508035A20E41C000E100FFFFE5C1D800A0B0F00FE20
S31508035A30AF1D8011120D00FF241E8011120A0000EB
S31508035A407E1E8011120A0000D81E8011120A000059
S31508035A50321F8011120A00008C1F8011120A0000DF
S31508035A60E61F8011120C00FF5220400C0C0F00FE9B
S31508035A70AC20400C0D0F00FE0E21000E0F0FFFFE8B
S31508035A807F218011120B0000E221800A0B0F00FE12
S31508035A903522100E0F0A00000000721F51EF58EF4F
S31508035AA05BEF5CEF5DEF61EF63EF65EF69EF6CEF5B
S31508035AB071EF76EF77EF78EF8EEF93EF98EF9BEF33
S31508035AC09CEF9DEFA1EFA2EFA3EFA4EFB7EFB8EF1B
S31508035AD0BEEFC0EFC1EFC4EFC7EFC8EFC9EFCBEF17
S31508035AE0E3EFE5EF14F015F017F019F030F037F09F
S31508035AF03AF043F06CF074F0ABF03BF190F191F1AE
S31508035B0092F193F194F1D7F1E3F13DF254F2AAF449
S31508035B1012F7F2F7200000005F0001000000000002
S31508035B200000000000000200B0000000F3F7600068
S31508035B30985A0308000000003E0003000000010213
S31508035B400003040502060708090A090A0B0C000DD7
S31508035B500E0F101112130C14140000001516171843
S31508035B6019161A1B1C1D1D1E1F201D1D1621222357
S31508035B7003241E2525262728292A2B002C002D2E0B
S31508035B802F303132332D343435302D2D2E2E3637F2
S31508035B903839333A3A3B3A3C290000093D090000B3
S31508035BA000000000000000000000000000000000E4
S31508035BB000000000000000000000000000000000D4
S31508035BC000000000000000000000000000000000C4
S31508035BD000000000000000000000000001020003AE
S31508035BE0040502060708090A090A0B0C0D0E0F100D
S31508035BF0110C121314151500000016171819171986
S31508035C0019191719191A1919191917191719031B0C
S31508035C101C1D1D1E1F20212223002400252627279D
S31508035C2027002726282926262A2A272A272A2B2C05
S31508035C302D2E2E2F2E3000002309310900000000D7
S31508035C400000000000000000000000000000000043
S31508035C500000000000000000000000000000000033
S31508035C600000000000000000000000000000000023
S31508035C700000000000000000000100000000000012
S31508035C8000010000020000000002000000000000FE
S31508035C9000000000000000000000010000000000F2
S31508035CA0000000000000000000010A0006FB0000D7
S31508035CB00000F4F3020B0504F7020B0109020700BF
S31508035CC0000000000000000000000D02FE000000B6
S31508035CD00000000000000000000400F900000000B6
S31508035CE000FC04040000FE00FE0200FE00FEFFFCAA
S31508035CF000000000FE0000FDFD0000FE00FC0000A1
S31508035D0000000000000000FEFE00FD00FA00E500AA
S31508035D1000FC0004070000FC02020704FC04000060
S31508035D20F30000000000000000000000F800000077
S31508035D300000000000000000000000FAFDF500F76F
S31508035D40FE00000000000900F9FEFF0100FC000048
S31508035D50FEEF0000000000000000000000EEFE0950
S31508035D60000000000000000000000000F70000002B
S31508035D70000000000000000700020000FC0000000D
S31508035D8000000000000000000000000000000902F7
S31508035D9001000000000000000000000000000000F1
S31508035DA000000000000000000000000000000000E2
S31508035DB00000000000000000F800000000000000DA
S31508035DC000000000000000000000000000000002C0
S31508035DD0040207FE000004FEF9E102060400FD00C2
S31508035DE0080007000700EB00FD070007FE04020092
S31508035DF00001FE0000FC1200120007000903040755
S31508035E00000000F80000000001FE0002FCFDFC0291
S31508035E1000FE000000F7000000000000000000007C
S31508035E2000F1000000000000000000000000000070
S31508035E300001F400F200000000FE0016FDFD020258
S31508035E40FE00FD020000F400000000000000000050
S31508035E500000EA0002000000000000000000000045
S31508035E6000F2000D0000F8000700F1EAF1FC070054
S31508035E7000F10003FB00FD00000000000000000025
S31508035E800000000607E5000000000000000000000F
S31508035E9000000B000200000000000202FDFC00FFE8
S31508035EA0FFFE0000FE000000FC00FE00FBFC00FAFB
S31508035EB0F9F9FC00FC00FC00000000FE00000200EB
S31508035EC002FE000100000002FE000000FE0202FFBF
S31508035ED0000000FC00FF0000000000010003FE00B4
S31508035EE0FD00FC0000FE00070000FE0000000000A5
S31508035EF0FF01FEFE0000FE00FE0000000000000099
S31508035F000000FFFF00FEFD0000000000010000FE88
S31508035F1000FEFEFE000000000000000000FF000077
S31508035F200000FEFD00FD00F9FEF9040000FC020472
S31508035F300600FAFFFD00FFF502FE02F40200000167
S31508035F40F400F4FEEDFE00F500040600030000006D
S31508035F50000000FCFD00F9000000FE000000FE0042
S31508035F6000000000FFFF00FFFD0000000000000026
S31508035F70FEFE00FEFDFE0000FE000000000000001D
S31508035F8000000000FEFE00FD00FE00FC020000FD0E
S31508035F90010202000000000000FE000000000002EB
S31508035FA00000FE00FEFEFD000000000000000200E7
S31508035FB0FE00000000FEFD00FC0007FE01F90000DC
S31508035FC006F5F4F7FC0200FEF1FC00FC00FC03FCFA
S31508035FD0F200FA000001FF02FE000200F9F700F5DD
S31508035FE0FBFBFBF9FDFA00FCFA01000100FE0000C9
S31508035FF0000200020000000000000000000000FE8E
S3150803600000FF00FFFE00FCFBFBFF00F90000000099
S315080360100000FE0000000001FF000000020000006F
S3150803602000000000000B0000000000000200000052
S31508036030FE0000000000000000000000FC00020053
S31508036040000000000000000000000000FE00000041
S31508036050FC00000000F5F9000000FDF50000FE0253
S3150803606000FA00000000000000000000FC0000FC2D
S315080360700000000000000000000000000200FC0011
S31508036080000000030002FCFC00FEFEFD0000000009
S315080360900000F900FE00FDFE00FBFAF9FE00FC0015
S315080360A0F900000000120000010000FD000200F6DE
S315080360B00000000000EBFC0707FEF70002FD00F5F1
S315080360C0FFFD02F0FE030003F8FDF8F9F70000F3FD
S315080360D0000D0000FF000000FFFFFEFAF900EB00C9
S315080360E0000000000000000001000000000000009E
S315080360F0000000000000000000FE00FFFEFD000097
S31508036100FC00FE0000000000000000000000000084
S315080361100000FF00FC000004FF0300FB02FEFFFA79
S31508036120FE00FDFEFE00FDFC0000FEFFFEFCFD007A
S3150803613000FE0002FE00FB000000FC00FC00FCFC65
S31508036140020000000000000000FC0200FD00FEFD46
S31508036150F9FEFEFEFFFEFDFF0000000000FEFEFE48
S315080361600000000003FE00FE000000FEFDFEFEFD2B
S31508036170FE000209FF00FA00FE0400FEF7FD030015
S3150803618000F5FC02FC0200FEFEF900FD010000FC1E
S315080361900000000202FCFC00FCFEFDFEFE00FC0102
S315080361A0FCFC0700000000000000000002000000DD
S315080361B000000000000000000000000000000000CE
S315080361C000000000FC0000000000000000000000C2
S315080361D000000000000000000000000000000000AE
S315080361E0000000000000000000000000000000009E
S315080361F0FE00000000000000000000000000000090
S315080362000000000000000000000000000000FEFE81
S31508036210000000000000000000000000FD0000FD73
S315080362200000FEFE00000000FE00000000FF000064
S31508036230000000FE00000000FD00FC000000F9005D
S3150803624002FB0400FEF50000FBFE00F7FAFA000065
S31508036250F6FEF7F7F500FA00020FFD00FBFEFFFE58
S31508036260FCFAFCF8F7FBFE0000FE00010000F0FE56
S315080362700705FBF80001F900F5FEFE04EBFD010036
S3150803628000F1FDF4FEF00000F0000D0100FE000031
S315080362900000FFFEF7FE00F100000000F900FE0013
S315080362A0FFFAF50000FFFDF9FE00FE00000000F608
S315080362B0FEF9F9FEFCFAFEFC00FCFEF9FD00FDFC06
S315080362C0FEFC000100FEF9000400FC0000000003C8
S315080362D00002FC0900FEFEFD000000000000F900B4
S315080362E0FE00FDFE00FBFAF9FE00FC0209000000B1
S315080362F000120000010000FD00020000000000007B
S315080363000000000000000000FEFC0000000000FF83
S31508036310000000FEFE0000FCFE0000FC0004FF0077
S3150803632000000000000100000000030402FE00F95B
S31508036330FC0007F9F9FCFC090402EDFE04FE00FE65
S3150803634002FEF800FE02FDFEF9FE0000070400FA4D
S3150803635000F4FD06FDF701FDF9F9FE090200FD004B
S31508036360FA000207FBF8F7FA070001F0FE02FCFE43
S31508036370FB00FBF8FDFDFE0000FBFBFE000705FE28
S31508036380F400F4FD00F8F3FFF9FCF9FA060000FD42
S3150803639000FCFE00FEFC0004F9020000F400FEFB0C
S315080363A0FCFEF9FAF9FB00F9FEFBFCF9FE00000115
S315080363B00BFC00F9FE00FEFCFBFAFAF7FDFC0400F1
S315080363C0FD00F5FD0104F9F8FCF907FE01EBFC04F1
S315080363D0FBFCF800F9F7FDFEFEFEFBF9FF000007DC
S315080363E006FEF100F3FB05F7F1FCF8F7F5F90400EF
S315080363F0000000FD000002FD0402FC040000F9FF92
S3150803640000FF000101FE000000000000FE0000007E
S315080364100002070000FD00000000FEFEFD0000006C
S315080364200102000000000200FE000900040101FD4C
S315080364300004000000020000000000000000000045
S31508036440000700060000000000000000000000002E
S315080364500000F300FE04000700001603FCFC02021A
S31508036460FE01F500000BF300000000000000000029
S315080364700000F1091F0000000000000000000000F2
S3150803648000F3000000000000000000000000000008
S31508036490000000000000000000000000FC0000FCF3
S315080364A0FE000000000000000000000000000000DD
S315080364B000000000FE00FA0000010000021DFCFEB9
S315080364C00706FA0200000202FD00000000000000B1
S315080364D000000000E30600000000000000000000C2
S315080364E000000000000000FA000000FA00000000A7
S315080364F0FBFF000000FB00FD00F5000000000000A4
S315080365000000000000F10000000001000000000088
S3150803651000FE0000FC00FD00FA000000FC02FD007E
S3150803652000FAFEFB0000FA00FE00F500FE0000EE8E
S31508036530FCF7FEF80000F100FAFF00000000000077
S315080365400000FDFCFEFC00000000FB00FB03FE044C
S3150803655000FEFBFEFCFC00FDFFFE02FAFF00000046
S31508036560ECFEFD00FB00FEF5FE0000FEFE0000004B
S31508036570000200FEFCFE040000000000000000000C
S3150803658000000000000000000000000000000000FA
S3150803659000000000000000000000000000000000EA
S315080365A0000003000000000000FB00FE000000FCE2
S315080365B002000000FAFEFC0000FA00FE00F50000E7
S315080365C00000EA00FCF8F50000F100FEFD000000FB
S315080365D00000000000FEFDFFFD01000004FD0007AA
S315080365E00BFEFEF9030B0405FA0309030605060069
S315080365F0000000000000000000000E0BFCFE00FE79
S31508036600120A12000000020000080000FC00000045
S31508036610000000000000FE00000000000000000368
S3150803662000000000EDFDFEF7F50000F10000000094
S3150803663000000000000000000000000000FC00004D
S3150803664000000000000000FE00000000000000003B
S315080366500300000000EDFDFEF7F50000F70000005B
S315080366600000000000000000000000000000000019
S31508036670FE000000FB0200FE020402F90000FE020F
S31508036680000200000000FA00FEFEFC00FEF7000E02
S31508036690FE00FBFE00FEFC00FEFAFCFD000000FC0B
S315080366A0000000000000000000FE000000000000DB
S315080366B000000300000000EDFDFEF7F50000F10001
S315080366C000000000000B00000000000000000000AE
S315080366D0FC00F9FDFE07FEFEF701FF01FEFA0005C1
S315080366E000020102FBF7FD00F7FCFAF7F700FCFCD2
S315080366F0FDFDFEFEFDFE00FEFF030003FE00070090
S315080367000000000000000000000000FEFEFE00007E
S31508036710FA00FF00FC000000000000000000000073
S31508036720F30000000000000000000000FEFE00FD6C
S3150803673000000000FE0000FCFE0200FCFCFE00FA5E
S31508036740FEFBFEFD00FC0000000000000000000048
S3150803675000F100070000FC00000000FD00FE000039
S31508036760FF0000FE00FB000009FDF9F90202020022
S31508036770FA020302070207FEFA0000F70000F9FA15
S315080367800000FC00FDFC00FD00FD00FE0300FEF911
S31508036790FE080000FE00FC000003FB0002FE0200E8
S315080367A000F900FEFF00FE02FE000000F7FDFB00F5
S315080367B0F90000F50008FE00FC000100FE00FEF9E2
S315080367C000FE0200000000FE000002FD010000FDBD
S315080367D0FE00FD00000000000000000000000000AD
S315080367E000000000F200050000FE000000000000A3
S315080367F0FEFE0000000400050000000000F2F3019D
S315080368000A0704F702090008000400000000000054
S3150803681000000000000C000000000000000000005B
S315080368200000000000000000785C03083C5B0308D6
S31508036830DA5B03083D31000028330308A85503082B
S31508036840145B030828680308100002289003002035
S31508036850D9A10108FDA001081000030000FF0100EB
S315080368603868030800000000000000009F68F68FE0
S3150803687057F46F46F35F35F24F1000150AF77F405A
S31508036880DA09ED909DD908DC808DC808C0000000A0
S3150803689000E5004F0000000F3006E0000002F1009B
S315080368A08C0000FFFFFFFFFFF2055AE555DA550096
S315080368B0009B000E6000000B9000F4000011D81135
S315080368C03F31008FFFFFFFFFF90245F6448E442050
S315080368D0002F1007C0000004F0009A0000005E00B5
S315080368E00B9000000000072000000000E4000000F1
S315080368F0000E40000002ADFFD92003FFBFCDFC0008
S31508036900BF40E403300ED00E400000DF30E4000041
S3150803691005FFAF50000004BFFFD70000001EBEFBF3
S31508036920000000E40BF400000E406F60B400E40BB3
S31508036930F31EFDAFBEFA0017CFFFC60000000E40D8
S3150803694000000000E4000001BFC300002F4000C997
S3150803695016E0000C90002F000C5007E00004D0004E
S31508036960A702F400003F000C60C9000000D704F139
S315080369707E00000003DFE42F41AEB20000100C9046
S31508036980C928E0000006E13F000D500002F404D0D8
S3150803699000A70000BA003E000C50006E1000D70591
S315080369A0E1001F500002BFC3000004CFE900000046
S315080369B003FB57F90000009F000AD0000008F10006
S315080369C0DB0000002FB3CE200000006FFC20000080
S315080369D0004EEFB00010005FA06FB01F500EC0004E
S315080369E06FB7F202F800006FFB000FD00001DFB0AB
S315080369F0008FE98AFE8FB0005CFFD910680000009B
S31508036A0000000000DAD9D9C8C800006F400DC004D9
S31508036A10F6009F100DD000FB002F8003F7004F6090
S31508036A2004F6003F7002F8000FB000DD0008F1001D
S31508036A303F6000DC0006F43F7000BE0005F5001F4A
S31508036A40A000CE0009F1007F3006F4005F5005F57B
S31508036A50006F4007F3009F100CE001FA005F500B2C
S31508036A60E003F700000E200360E2564DDFCE601DFB
S31508036A70FF304ECFBF6360E245000E2000000130B1
S31508036A800000008F00000008F00001229F2220CF9B
S31508036A90FFFFFF4455AF55510008F00000008F0073
S31508036AA0000008F0000001100EF10FF207E00B904A
S31508036AB00E4088887FFFFE05601FF20CD000000099
S31508036AC057000000EA000003F5000009F000000E75
S31508036AD0A000004F4000009E000000E9000004F4F7
S31508036AE0000009E000000E9000004F400000AE00D1
S31508036AF00000F9000005F300000AE000000F90000B
S31508036B00005F3000000004BEEB4000006FFBBFF6D9
S31508036B100002FD1001DF200AF300003FA00EE0008B
S31508036B20000EE00FB000000BF01FA000000AF10FE3
S31508036B30B000000BF00EE000000EE009F300003F82
S31508036B409002FD1001DF20006FFBBFF6000004BEB4
S31508036B50EB4000DFFFC8AAFC000FC000FC000FC013
S31508036B6000FC000FC000FC000FC000FC000FC000B3
S31508036B70FC000FC0018DFEC5004FFDACFF703C3015
S31508036B80002FF00000000BF20000000CF1000000DB
S31508036B903FB0000002EE2000002EF3000002EF30A3
S31508036BA000002EF3000002EF3000002EFCAAAAA76D
S31508036BB05FFFFFFFFB5FFFFFFFF03AAAAACFC00004
S31508036BC00001EE1000000CF30000009F60000004B3
S31508036BD0FE61000005DFFF500000003EF2000000E2
S31508036BE007F600000006F66910001DF29FFCBCFFBD
S31508036BF08004AEFEB5000000004FB000000001EDB2
S31508036C00000000000CF2000000009F500000000581
S31508036C10F9000000002FC003C50000DE1004F700CA
S31508036C200BF40004F7004FFFFFFFFFFD3999999B0B
S31508036C30FC9800000005F70000000005F7000000B7
S31508036C400005F70002FFFFFFF004FCAAAAA005F55A
S31508036C5000000007F300000009F10000000AFFFF27
S31508036C60C70007AAABFFC00000000BF6000000032D
S31508036C70FA00000003FA3C20000BF66FFDBBEFB0E9
S31508036C80039DFFC70000018DFEC60004EFCAAD9041
S31508036C9001EE400000008F400000000EE0000000F7
S31508036CA000FB2AEFD7001FDFD99DFB01FFA0000ACF
S31508036CB0F50FF200003F90BF200003F804FA000026
S31508036CC0AF4009FD99DFA00005CFFC60007FFFFFF9
S31508036CD0FFFF07FBAAAAAFE07F400005F806F4000A
S31508036CE000CF100000003FA00000000AF3000000D8
S31508036CF001FC000000008F500000000EE0000000B9
S31508036D0006F700000000DF100000004F90000000A7
S31508036D100BF2000000002AEFFC70003FFB89DFB08E
S31508036D200AF50000BF30BF100008F404FC4226FD34
S31508036D300006FFFFFE1005FE856AFD10EE1000072C
S31508036D40F82FA000001FB2FB000002FB0DF40000A1
S31508036D50AF703FFB89DFC00029DFFC6000006CFFD2
S31508036D60C60000AFD98CFA003FB00007F607F50056
S31508036D70000FD06F600002FF11FF5104DFF204EF2A
S31508036D80FFFB9F300057730AF100000000DF000085
S31508036D9000004FA00000003EF2008EBACFF50005B2
S31508036DA0BEFD9200000CD01FF20560000000000033
S31508036DB000000005601FF20CD00CD01FF20560001E
S31508036DC00000000000000001100EF10FF207E00BAF
S31508036DD0900E40000000052000018EF4004BFF933F
S31508036DE006DFC60000CF80000005CFE71000003994
S31508036DF0FFB40000016DF40000000420CFFFFFFF7D
S31508036E004677777772000000000000000000122220
S31508036E1022220CFFFFFFF44555555510620000006A
S31508036E200CFB40000006CFE710000039FFA1000065
S31508036E3002DF40004BFF9118EFC6000CFA30000042
S31508036E405100000000029DFEC5004FFB9BFF804CCE
S31508036E5020002FF00000000CF00000001FC0000007
S31508036E6001CF3000001DF40000009F50000000AC65
S31508036E700000000000000000003300000001FF10BE
S31508036E80000000CD00000000029DFFEC7100000029
S31508036E90009FC75458DF6000000CE400000006F9A1
S31508036EA00000AE103BEFB2BD3F6004F404FE97CF7B
S31508036EB0ED06E00AC00EE10008FD00E50E604F602E
S31508036EC00000FD00A91F406F300000CD008B2F3056
S31508036ED06F300000CD008B1F403F600000FD009916
S31508036EE00E600EE10008FE00E50AC004FE87BFAF88
S31508036EF09BE004F4003BFFB31BFC30009E1000002C
S31508036F0000000000000CE400000000000000009FE1
S31508036F10C7546AE000000000039DFFDB5000000031
S31508036F2000008FB000000000000EFF2000000000E4
S31508036F3006F6F90000000000DD0BF0000000004F24
S31508036F40604F700000000BE000DD00000002F8004F
S31508036F5006F50000009F10000EC000001FFFFFFF8C
S31508036F60FF300007F8888888FA0000ED0000000B58
S31508036F70F1005F600000004F800CF100000000EE96
S31508036F80001FFFFFFEB4001FD8888AFF701FB000DA
S31508036F90002FF01FB000000CF01FB000002FC01F19
S31508036FA0D8888AFE301FFFFFFFFD401FB000014D42
S31508036FB0F31FB0000004F91FB0000002FB1FB00066
S31508036FC00008F81FD88889CFE11FFFFFFFD91000F3
S31508036FD0004AEFEB500001BFFCACFFB000BFB200A4
S31508036FE0019C006FB0000000000DF10000000000D6
S31508036FF0FC00000000001FA00000000000FC0000C9
S315080370000000000DF100000000006FB00000000052
S3150803701000BFB20001AC1001BFFCBCFFB000004BBF
S31508037020EFEB50001FFFFFFDA40001FEAAAACFFA4B
S31508037030001FB000002BFA01FB0000000CF41FB080
S315080370400000003FB1FB00000000EE1FB000000087
S315080370500DF1FB00000000EE1FB00000003FB1FB7E
S315080370600000000CF41FB000002BFA01FEAAAACFF9
S31508037070FA001FFFFFFDA400001FFFFFFFFC01FE30
S31508037080AAAAAA701FB000000001FB000000001F97
S31508037090B000000001FD999999001FFFFFFFF00159
S315080370A0FB000000001FB000000001FB0000000009
S315080370B01FB000000001FEAAAAAAA01FFFFFFFFF38
S315080370C0001FFFFFFFFC1FEAAAAAA71FB0000000C4
S315080370D01FB00000001FB00000001FB00000001F13
S315080370E0FFFFFFF01FE99999901FB00000001FB03A
S315080370F00000001FB00000001FB00000001FB00012
S31508037100000000004ADFEB600001BFFCBBFFC100C3
S31508037110BFB200007D106FB0000000000DF1000043
S31508037120000000FC00000000001FA000000039302A
S31508037130FC00000006F50CF10000006F506FB0006C
S315080371400006F500BFB200009F5000AFFDBCFFD29A
S3150803715000004AEFEB60001FB0000001FB1FB00000
S315080371600001FB1FB0000001FB1FB0000001FB1F5D
S31508037170B0000001FB1FEAAAAAAAFB1FFFFFFFFF35
S31508037180FB1FB0000001FB1FB0000001FB1FB0008E
S315080371900001FB1FB0000001FB1FB0000001FB1F2D
S315080371A0B0000001FB1FB1FB1FB1FB1FB1FB1FB1F1
S315080371B0FB1FB1FB1FB1FB1FB000EFFFFF7008AA4F
S315080371C0ABF70000005F70000005F70000005F7072
S315080371D0000005F70000005F70000005F7000000D7
S315080371E05F70000006F60A7000CF30CFDADFC00002
S315080371F08DFE90001FB000001DE21FB00001DF30B6
S315080372001FB0000CF4001FB000BF50001FB00BF7EF
S3150803721000001FB0AF8000001FB9FFB000001FFFBA
S31508037220BBF800001FFB01DF50001FD0002FF20040
S315080372301FB00004FD101FB000007FB01FB0000090
S3150803724009F81FB00000001FB00000001FB00000BF
S31508037250001FB00000001FB00000001FB0000000B0
S315080372601FB00000001FB00000001FB00000001F81
S31508037270B00000001FB00000001FEAAAAAA51FFF5E
S31508037280FFFFF81FA0000000007F41FF3000000049
S315080372901FF41FFC00000009FF41FFF5000002FE72
S315080372A0F41FADE00000BE8F41FA4F80004F67F42C
S315080372B01FA0AF200DD07F41FA02FA07F407F41F87
S315080372C0A008F5EA007F41FA000EFF2006F41FA086
S315080372D0005F80006F41FA0000600006F41FA000FB
S315080372E00000006F401FB0000001FB1FF8000001FB
S315080372F0FB1FFF500001FB1FDFF20001FB1FB6FD5A
S315080373000001FB1FB09FA001FB1FB00CF601FB1F7A
S31508037310B001EF31FB1FB0004FE2FB1FB00007FDC2
S31508037320FB1FB00000BFFB1FB000001DFB1FB00012
S315080373300002FB00004ADFEB50000000AFFCBCFF75
S31508037340C10000BFB20001AFD0006FB00000009FBC
S31508037350800CF100000000FE00FC000000000AF2A9
S315080373601FA0000000009F30FC000000000AF20C7A
S31508037370F100000000FE006FB00000009F8000BF10
S31508037380B20001AFD00000AFFCBCFFC10000004A49
S31508037390EFEB5000001FFFFFFC70001FEAAABEFDBB
S315080373A0101FB000009F901FB000000EF01FB00022
S315080373B0000CF01FB000000EF01FB000009F901FD6
S315080373C0EAAABEFD101FFFFFFC70001FB0000000F5
S315080373D0001FB0000000001FB0000000001FB0002F
S315080373E000000000004ADFEB50000000AFFCBCFFC2
S315080373F0C10000BFB20001AFD0006FB00000009F0C
S31508037400800CF100000000FE00FC000000000AF1F9
S315080374101FA0000000009F30FC000000000AF20DC8
S31508037420F100000000FE007FA00000008F8000CF5F
S31508037430A100009FD00001CFFBABFFD10000006C79
S31508037440EFFD6000000000005FE634A700000000BF
S315080374503CFFFE40000000000243001FFFFFFC70D4
S31508037460001FEAAABEFD101FB000009F901FB000C0
S31508037470000EF01FB000000CF01FB000000EE01F56
S31508037480B000009F901FD999AEFD101FFFFFFFA004
S31508037490001FB0001FD0001FB00006F9001FB00080
S315080374A000BF401FB000001EE00029DFFD81003F3A
S315080374B0FC9ADFC00BF400002300ED000000000C6B
S315080374C0F3000000005FFA610000003BFFFD700057
S315080374D0000048EFB000000000BF4000000006F6B9
S315080374E00B500000CF31DFEB9AEF90006BEFEB50B8
S315080374F000EFFFFFFFFF89AAADFBAAA500009F20A7
S3150803750000000009F2000000009F2000000009F2B5
S31508037510000000009F2000000009F2000000009F01
S315080375202000000009F2000000009F200000000967
S31508037530F2000000009F2000003F90000005F73F7F
S3150803754090000005F73F90000005F73F90000005FF
S31508037550F73F90000005F73F90000005F73F9000BE
S315080375600005F73F90000005F62FB0000007F50E5B
S31508037570F000000BF208FA00007FB000CFFBBEFE56
S31508037580200007CFFD81000CF200000002F906F87F
S3150803759000000009F300EF0000001FC0008F600021
S315080375A0007F50001FD00000EE00000AF40005F724
S315080375B0000003FB000CF1000000DF202FA00000F1
S315080375C0006F809F300000000EE1FC0000000008F9
S315080375D0FCF50000000001FFE00000000000AF809A
S315080375E000004F9000000CF3000002F80EE00000C4
S315080375F02FF8000008F309F300007FFD00000DD003
S3150803760004F80000CD8F20002F8000FE0002F83F0B
S3150803761080007F3000AF3007F30ED000DE00005F36
S31508037620800CD008F202F900000FD02F8003F70769
S31508037630F400000AF27F3000ED0CE0000005F7DDE8
S3150803764000009F4F90000000FEF800003FDF400057
S315080376500000BFF300000EFF000000006FE000000B
S3150803766009FA00002FD000000BF306FA00007F701A
S3150803767000BF5002FC00001EE10DF2000005FB8F5F
S31508037680500000009FFA000000003FF500000000CC
S31508037690DFFE10000009F65FA000004FB00AF600EF
S315080376A001EE1001EF200BF500004FC06FA000009C
S315080376B008F80CF20000005F603FB000000ED0002F
S315080376C09F500008F30001EE0002FA000006F800D6
S315080376D0BF1000000CF14F700000003FBDD0000042
S315080376E00000AFF40000000002FC00000000001FC9
S315080376F0B00000000001FB00000000001FB00000FE
S31508037700000001FB0000001FFFFFFFFFF10AAAAA02
S31508037710AACFD000000001EF200000000CF50000FE
S3150803772000009F8000000005FB000000002FE10019
S31508037730000000DF300000000AF6000000007FA00A
S3150803774000000004FD000000001EFBAAAAAAA23F2F
S31508037750FFFFFFFFF41FFFA1FC741FA001FA001F20
S31508037760A001FA001FA001FA001FA001FA001FA03A
S3150803777001FA001FA001FA001FA001FA001FC74162
S31508037780FFFA470000005F3000000F8000000AE0A0
S31508037790000005F3000000F9000000AE0000005FDA
S315080377A04000000F9000000AE0000004F400000007
S315080377B0E90000009E0000004F4000000EA00000F4
S315080377C009F0000004F5000000EAAFFF147CF1009D
S315080377D0AF100AF100AF100AF100AF100AF100AFBB
S315080377E0100AF100AF100AF100AF100AF100AF104A
S315080377F00AF147CF1AFFF1000AF2000001FE9000D2
S31508037800007D5E00000D70F50004F109C000AB00B1
S315080378103F201F5000D807E00006E0FFFFFFFFF2F6
S3150803782022222222484000AF40007F40017CFFD637
S315080378300009FC99EF800130000DF000000009F201
S31508037840019EFFFFF30AF8433AF30FB00008F30F5C
S31508037850B0000EF309F946DFF3008DFE87F35F5098
S3150803786000000005F5000000005F5000000005F564
S31508037870000000005F56DFEA2005FDFC9BFF305F32
S31508037880F50004FE05FA000008F45F6000004F7572
S31508037890F6000004F75FA000008F45FF50004FE095
S315080378A05FCFC9BFF305F46DFEA2000007DFEB3017
S315080378B000CFD9AFF409F70002C30FD00000003F89
S315080378C0800000003F800000000FC000000009F799
S315080378D00002C300CFD9AFF30007DFEB3000000087
S315080378E0001FA000000001FA000000001FA000000E
S315080378F00001FA0008DFE82FA01DFD9BFDFA0AF830
S315080379000002EFA0FD000006FA3F8000002FA3F84F
S31508037910000002FA0FC000005FA0AF60001EFA0164
S31508037920DFB79EDFA0008DFE91FA0008DFE910009D
S315080379301DFB8AFE200AF30003FB00FA000009F187
S315080379403FFFFFFFFF33FA333333300FD000000016
S31508037950009F9000091000DFDAAEF600007DFFC530
S3150803796000001AEE900AF98800FB00001F9000BF7A
S31508037970FFFF558FC77201FA00001FA00001FA0026
S31508037980001FA00001FA00001FA00001FA00001F53
S31508037990A0000008DFE91EC01DFD9BFEEC0AF800E7
S315080379A001DFC0FD000004FC3F9000000FC3F80090
S315080379B00000FC0FD000004FC0AF80001DFC01DFA4
S315080379C0D9AFDFC0008DFE91FB000000002F902782
S315080379D000000BF407FFB9AEFA0004AEFFC6005F5A
S315080379E0500000005F500000005F500000005F5029
S315080379F00000005F56DFEA105FEFCADFD05FF400CE
S31508037A000AF65F900002F95F600000FA5F50000013
S31508037A10FB5F500000FB5F500000FB5F500000FB5C
S31508037A205F500000FB6F69F90400005F55F55F5569
S31508037A30F55F55F55F55F55F55F50004F70007FA49
S31508037A400000400000000004F70004F70004F700F4
S31508037A5004F70004F70004F70004F70004F700042A
S31508037A60F70004F70004F70006F54B9FE15EFC30C8
S31508037A705F5000000005F5000000005F500000009D
S31508037A8005F5000000005F50001DF305F5002DF312
S31508037A90005F502EF40005F52EF400005F9EFE00ED
S31508037AA00005FFFAFA00005FE30CF60005F6001E70
S31508037AB0F3005F50004FD005F500007FA05F55F532
S31508037AC05F55F55F55F55F55F55F55F55F55F55FF9
S31508037AD055F55F58DFE8008DFE8005FEFA9DFBDF4E
S31508037AE0A9DFB05FF2000DFF3000CF35F900007F44
S31508037AF0A00006F65F600005F700004F75F5000065
S31508037B005F600004F75F500005F600004F75F50047
S31508037B10005F600004F75F500005F600004F75F537
S31508037B2000005F600004F75F57DFEA105FEFA8CF36
S31508037B30D05FF30009F65F900002F95F600000FA70
S31508037B405F500000FB5F500000FB5F500000FB5FC7
S31508037B50500000FB5F500000FB0007DFEA30000D12
S31508037B60FD9AFF5009F70002EF10FD000006F73FE4
S31508037B708000002F93F8000002F90FD000006F6011
S31508037B809F80002EF100CFD9AFF400007DFEA3003D
S31508037B905F46DFEA2005FDFA8AFF305FF40003FE3D
S31508037BA005FA000008F45F6000004F75F60000044C
S31508037BB0F75FA000009F45FF50004FE05FDFC9BF96
S31508037BC0F305F56DFEA2005F5000000005F5000001
S31508037BD000005F5000000005F5000000000008DF04
S31508037BE0E81FA01DFD9BFCFA0AF70002EFA0FD00A3
S31508037BF00006FA3F8000002FA3F8000002FA0FD010
S31508037C0000006FA0AF80002EFA01DFD9AFDFA00016
S31508037C108DFE82FA000000001FA000000001FA0092
S31508037C200000001FA000000001FA5F46DB5FCFD902
S31508037C305FF5005FA0005F70005F50005F50005F54
S31508037C4050005F50005F5000018DFEC700CFB8ADEE
S31508037C50D03F90000102FB0000000BFFB84000056F
S31508037C609CFFC00000009F60500005F75FEA9AFE7C
S31508037C70106CEFD92001FA00001FA000BFFFFF55C3
S31508037C808FC77201FA00001FA00001FA00001FA0A7
S31508037C900001FA00000FC00000BFA99001BEE97FEA
S31508037CA0400003F87F400003F87F400003F87F4055
S31508037CB00003F87F400003F87F400004F86F600074
S31508037CC006F82FC0001EF80AFD89EEF8008DFE920D
S31508037CD0F80DE000000DD006F600003F7000FC002A
S31508037CE000AF10009F3001F900002F9007F3000042
S31508037CF00BF00EC0000005F65F50000000EDBE0055
S31508037D000000007FF8000000001FF10000BE00001D
S31508037D100CF10000AE05F40002FF60000F800F901F
S31508037D20008FEB0005F200AE000DB8F100BD0004AC
S31508037D30F403F52F701F70000EA09E00CC06F10009
S31508037D40009F1E9006F2CC000003FAF3001FAF60F3
S31508037D5000000DFD0000BFF10000008F700005FB59
S31508037D6000003FB0000CF207F7007F6000BF33FA4C
S31508037D7000001EDED0000004FF30000006FF50009E
S31508037D80003FBCF20000DE12FC000AF4005F906FAD
S31508037D9080000AF50DE000000CD006F600003F70DF
S31508037DA000FC00009F10009F3001FA00002F900688
S31508037DB0F300000CF00DC0000005F63F600000005C
S31508037DC0EDAE000000008FF8000000001FF200006F
S31508037DD000000FB0000001007F4000001FAAFB004F
S31508037DE0000019EEA10000002FFFFFFF9177777EB1
S31508037DF0F4000006F8000003FC000001EE10000082
S31508037E00BF4000008F7000004FB000001EF8777760
S31508037E1054FFFFFFFB007EF03FD707F4008F3008BF
S31508037E20F3008F3008F3009F208EE00FFA000BF261
S31508037E30008F3008F3008F3008F3007F4004FD708D
S31508037E4008EF1F71F71F71F71F71F71F71F71F717E
S31508037E50F71F71F71F71F71F71F71F71F7AFA100AE
S31508037E604BF90000ED0000DE0000DE0000DE000036
S31508037E70DE0000DE0000AF92005FF400CF1000DEE4
S31508037E800000DE0000DE0000DE0000ED004AF90017
S31508037E90AFB1000000000101DFC100C5AC5CE34FD0
S31508037EA02D4009FF90300002100001AFD500B8033A
S31508037EB0E41E0006A2E0006A0C701D502CFF700039
S31508037EC000000005309FF3CFF64EC1000000000006
S31508037ED0000027BA00000000000048DFFFF2000098
S31508037EE000016AFFFFFFFF2000007CFFFFFFFFFF83
S31508037EF0F200004FFFFFFFFFFFFF200005FFFFFF14
S31508037F00FFB73FF200005FFFFE950001FF20000563
S31508037F10FF730000001FF200005FE000000001FF8E
S31508037F20200005FE000000001FF200005FE00000CD
S31508037F300001FF200005FE000000698FF200005FC4
S31508037F40E00002EFFFFF200358FE00008FFFFFF259
S31508037F502DFFFFE00004FFFFFD0BFFFFFE000004FB
S31508037F60BDC810AFFFFFB0000000000000AFFFB1AF
S31508037F7000000000000000010000000000000000EF
S31508037F80510688888888883015F76EFFFFFFFFFF3C
S31508037F90B68FFDCFF33333336FECDFF20CE000001B
S31508037FA0003F702FF20CE00000003F802FFFFFE038
S31508037FB00000003FFFFFF42DF9999999BF924FF2FC
S31508037FC00CFFFFFFFFFF702FFBAFF11111115FDAF3
S31508037FD0BFF98EE00000003FC89FF20CE0000000E6
S31508037FE03F702FF64DE00000003FA46FFEEFFBBB8A
S31508037FF0BBBBCFFEEFC20CFFFFFFFFFF802C5888E9
S3150803800070288888888885FFFFF39FFFFFFFFFFF97
S31508038010FFFFF3AFFFFFFFFFFFFFFFF3AFFFFFFF17
S31508038020FFFFBFFFD16FFFFFFFFFFB00000000004C
S3150803803000000000CFFFE17FFFFFFFFFFCFFFFF318
S31508038040AFFFFFFFFFFFFFFFF3AFFFFFFFFFFFFFDB
S31508038050FFF39FFFFFFFFFFF5888602788888888FC
S3150803806085477750177777777774FFFFF39FFFFF77
S31508038070FFFFFFFFFFF3AFFFFFFFFFFFFFFFF3AFB7
S31508038080FFFFFFFFFFDFFFF17FFFFFFFFFFD00009D
S3150803809000000000000000000000000000000520AA
S315080380A0000000000000008FF30000000000000835
S315080380B0FFFE0000000000008FFFF800000000002C
S315080380C008FFFF9009D20000008FFFF9009FFE20EA
S315080380D00008FFFF9000DFFFE2008FFFF900002E84
S315080380E0FFFE28FFFF90000002EFFFFFFFF90000E5
S315080380F000002EFFFFFF900000000002EFFFF900CB
S3150803810000000000002EFF9000000000000002D8C7
S3150803811000000000002DB0000006E60DFFC00006B3
S31508038120FFF3CFFFC006FFFF31DFFFC7FFFF500195
S31508038130DFFFFFFF500001DFFFFF50000007FFFFCF
S31508038140D0000006FFFFFFC00006FFFFDFFFC006E3
S31508038150FFFF51DFFFC0FFFF5001DFFF58FF50004D
S3150803816001DFD00530000001610000000000CD509A
S31508038170000000000000003FFA000000000007E3CB
S3150803818003FFA00BC1000008FFB03FFA04FFD100AC
S3150803819004FFF603FFA01EFFA000DFF7003FFA0067
S315080381A02EFF403FFC0003FFA0006FFA08FF6000A4
S315080381B03FFA0000EFF0AFF20003FFA0000BFF1B2E
S315080381C0FF10001FF80000BFF19FF3000024000012
S315080381D00DFF06FF900000000002FFD01FFF2000DE
S315080381E0000000BFF8009FFD200000009FFE10005E
S315080381F0CFFE710004CFFF500001DFFFFEDFFFFF54
S31508038200600000009FFFFFFFFD400000000028CE2E
S31508038210FDA5000000000000046640000000000001
S31508038220003FFFF30000000000004FFFF4000000CA
S31508038230007817FFFFFF71870004FFFFFFFFFFFFAB
S31508038240FF400DFFFFFFFFFFFFFFD03FFFFFFE8845
S31508038250EFFFFFF308FFFFD0000DFFFF8000AFFF1E
S31508038260500005FFFA0000BFFF300003FFFB0001C3
S31508038270CFFF800008FFFC103EFFFFF6006FFFFFED
S31508038280E31FFFFFFFFFFFFFFFF109FFFFFFFFFFED
S31508038290FFFF9000DF8EFFFFFFE8FD000011019F3F
S315080382A0FFF91011000000004FFFF4000000000062
S315080382B0002CEED2000000000000000000000000C1
S315080382C0000000000892006BB100000000002DFFBB
S315080382D0E40AFF20000000004EFFFFF6AFF200009D
S315080382E000006FFE31CFFFFF200000009FFD2570C1
S315080382F0AFFFF2000001BFFA08FFB07FFF4000029C
S31508038300DFF80AFFFFD25FFF5004FFF51DFFFFFFEB
S31508038310E42EFF70DFE33EFFFFFFFFF61CFF13B1FA
S315080383205FFFFFFFFFFFF80960000AFFFFFFFFFF7C
S31508038330FFE0000000AFFFFD88BFFFFE0000000A54
S31508038340FFFF7003FFFFE0000000AFFFF7003FFFEA
S31508038350FE0000000AFFFF7003FFFFE00000008F26
S31508038360FFF5002FFFFC00000000000000000000DE
S3150803837000000000000009AA900000000000003F6A
S31508038380FFF30000000000004FFFF40000000000A8
S31508038390004FFFF40000000000004FFFF400000048
S315080383A00000004FFFF40000000000004FFFF40038
S315080383B00000000CEEEFFFFEEEC0000008FFFFFF13
S315080383C0FFFF900000008FFFFFFFF8000000000882
S315080383D0FFFFFF8000000000008FFFF80000002465
S315080383E0444407FF70444442FFFFFFC1661DFFFF75
S315080383F0FFFFFFFFFE66EFFFFFFFFFFFFFFFFFFF26
S31508038400FFFFFFFFFFFFFFFFFF66C4FFDFFFFFFF5F
S31508038410FFFFFFFFFD000000000000000000000052
S31508038420044444444441000000001EFFFFFFFFFFCD
S31508038430F40000000BFFFFFFFFFFFFE1000006FF4C
S315080384405000000001FFA00001FF90000000000596
S31508038450FF5000BFD000000000000AFE106FF300B3
S3150803846000000000001EFA0EFFCCCC200000BCCC96
S31508038470EFF2FFFFFFFA00006FFFFFFF4FFFFFFF5B
S31508038480F8888EFFFFFFF4FFFFFFFFFFFFFFFFFFE5
S31508038490FF4FFFFFFFFFFFFFFFFFFFF4FFFFFFFF96
S315080384A0FFFFFFFFFFFF37FFFFFFFFFFFFFFFFFF93
S315080384B0A00000001566400005CB00003BFFFFFF48
S315080384C09207FF0007FFFFFFFFFF66FF008FFFA46A
S315080384D0125BFFFDFF04FFE40000004EFFFF0DFFE4
S315080384E03000004546FFFF4FF7000000DFFFFFFFA0
S315080384F08FF1000000DFFFFFFF02100000001222C9
S31508038500222100000000000000000067777775004D
S3150803851000000673FFFFFFFE0000003FF6FFFFEEB5
S31508038520FD000000CFF1FFFF7000000009FFA0FF68
S31508038530FFFB200002BFFE10FF8DFFFCA9CFFFE261
S3150803854000FF619FFFFFFFFB1000FF70017CEED960
S315080385503000005620000000000000000000000262
S3150803856040000002EF000002EFF00003EFFFDFFF19
S31508038570FFFFFFFFFFFFFFFFFFFFFFFFFFFFFFFFFA
S31508038580FFFFFFFFFFFFFFFFFF7BBBDFFFF00000DF
S31508038590BFFF000000BFF0000000BE00000000009F
S315080385A0000000024000000000002EF0000000005A
S315080385B002EFF0000000003EFFF00000DFFFFFFFC0
S315080385C0F00710FFFFFFFFF03FD0FFFFFFFFF008A4
S315080385D0F5FFFFFFFFF004F7FFFFFFFFF00DF3FFC3
S315080385E0FFFFFFF03F708BBBDFFFF0000000000BBF
S315080385F0FFF00000000000BFF000000000000BE0E1
S315080386000000000000000000000000000000000059
S315080386100100000000000000000007F6000000004B
S3150803862000024000002DF80000000002EF000040A1
S315080386301CF400000002EFF0005FB01EE100000327
S31508038640EFFF0000AFA06F70DFFFFFFFF00710BF5B
S3150803865030FD0FFFFFFFFF03FD03F90AF0FFFFFFDE
S31508038660FFF007F50EC08F2FFFFFFFFF004F70DDEA
S3150803867007F3FFFFFFFFF01DF30FB09F2FFFFFFF69
S31508038680FF03F707F60CF07BBBDFFFF00003FE12D0
S31508038690FA000000BFFF0003FF40AF30000000BF31
S315080386A0F0003C306FA000000000BE0000006FE140
S315080386B000000000000000006FD200000000000068
S315080386C00000039000003ABBBBBBBBBBBBBBA3EF1D
S315080386D0FFFFFFFFFFFFFFFEFFD56EFFFFFFFFFF55
S315080386E0FFFF2004FFFFFFFFFFFFFF0002FFFFFF5F
S315080386F0BFFFFFFF5007FFFFF508FFFFFFFBBFFFA5
S31508038700FF50008FFFFFFFCBFFF5000009FFFFFCBB
S3150803871000AF50000004FFFFC0000300000004FF81
S31508038720FF40000000000004FFFF7444444444442F
S3150803873047FFFFFFFFFFFFFFFFFFFF6FFFFFFFFF80
S31508038740FFFFFFF6000006900000000001FF40004F
S315080387500000006FFA000000000DFFF2000000059C
S31508038760FFFF90000000EFFFFF3000009FFFFFFDB3
S3150803877000005FFFFFFFF9000EFFFFFFFFF307FF90
S31508038780FFFFFFFFA0CFFFFFFFFFFF0FFBFFFFFF6B
S31508038790FFF2FF4AFFFFFFFF2CF84FFFFFFFF07FB3
S315080387A0F25CFFFFFB00EFE508FFFF3002EFFFFF78
S315080387B0FF500001AFFFFB3000000003310000004B
S315080387C06B90000003A29FE000004FF99FE00005AD
S315080387D0FFFA9FE0006FFFFA9FE007FFFFFA9FE0AB
S315080387E08FFFFFFA9FE9FFFFFFFA9FFFFFFFFFFADD
S315080387F09FFFFFFFFFFA9FFEFFFFFFFA9FE1DFFFE1
S31508038800FFFA9FE01CFFFFFA9FE000BFFFFA9FE015
S31508038810000AFFFA9FE000009FFA9FE0000008F6AF
S315080388200000000000003A70000000000000EFFEA0
S31508038830500000000000FFFFFB2000000000FFFFC0
S31508038840FFF800000000FFFFFFFFE6000000FFFF40
S31508038850FFFFFFC30000FFFFFFFFFFFF9100FFFFBE
S31508038860FFFFFFFFFE60FFFFFFFFFFFFFFF7FFFFAF
S31508038870FFFFFFFFFFFAFFFFFFFFFFFFFFE2FFFF19
S31508038880FFFFFFFFF800FFFFFFFFFFFB2000FFFFCF
S31508038890FFFFFD400000FFFFFFFF70000000FFFF22
S315080388A0FFA100000000FFFFD30000000000AFE6B1
S315080388B000000000000002000000000000003ABBB0
S315080388C0B91003ABBB91EFFFFFA00EFFFFFAFFFF43
S315080388D0FFC00FFFFFFCFFFFFFC00FFFFFFCFFFFFB
S315080388E0FFC00FFFFFFCFFFFFFC00FFFFFFCFFFFEB
S315080388F0FFC00FFFFFFCFFFFFFC00FFFFFFCFFFFDB
S31508038900FFC00FFFFFFCFFFFFFC00FFFFFFCFFFFCA
S31508038910FFC00FFFFFFCFFFFFFC00FFFFFFCFFFFBA
S31508038920FFC00FFFFFFCFFFFFFC00FFFFFFCFFFFAA
S31508038930FFB00FFFFFFB7FFFFE4007FFFFE40000CA
S315080389400000000000003ABBBBBBBBBBBB91EFFFFB
S31508038950FFFFFFFFFFFAFFFFFFFFFFFFFFFCFFFF1E
S31508038960FFFFFFFFFFFCFFFFFFFFFFFFFFFCFFFF0C
S31508038970FFFFFFFFFFFCFFFFFFFFFFFFFFFCFFFFFC
S31508038980FFFFFFFFFFFCFFFFFFFFFFFFFFFCFFFFEC
S31508038990FFFFFFFFFFFCFFFFFFFFFFFFFFFCFFFFDC
S315080389A0FFFFFFFFFFFCFFFFFFFFFFFFFFFCFFFFCC
S315080389B0FFFFFFFFFFFCFFFFFFFFFFFFFFFB7FFF3D
S315080389C0FFFFFFFFFFE400000000000000004A204D
S315080389D000000AB4BFE300000FF8CFFF40000FF80A
S315080389E0CFFFF5000FF8CFFFFF600FF8CFFFFFF7B4
S315080389F00FF8CFFFFFFF9FF8CFFFFFFFFFF8CFFF6B
S31508038A00FFFFFFF8CFFFFFFFDFF8CFFFFFFC1FF8DD
S31508038A10CFFFFFB00FF8CFFFFA000FF8CFFF8000A4
S31508038A200FF8BFF700000FF87F6000000FF700008C
S31508038A300000000000000002CA1000000000000049
S31508038A402EFFC0000000000001EFFFFB000000003E
S31508038A50001DFFFFFFA000000000CFFFFFFFF90086
S31508038A6000000BFFFFFFFFFF700000AFFFFFFFFFD4
S31508038A70FFF60008FFFFFFFFFFFFFF400FFFFFFFA3
S31508038A80FFFFFFFFB00AFFFFFFFFFFFFFF60003492
S31508038A9044444444444200037777777777777710DB
S31508038AA00FFFFFFFFFFFFFFFB00FFFFFFFFFFFFFF4
S31508038AB0FFC00FFFFFFFFFFFFFFFB00CFFFFFFFF26
S31508038AC0FFFFFF7000000000000000000000000028
S31508038AD00041000000009FD00000009FFF20000017
S31508038AE09FFF5000009FFF5000009FFF5000009F0C
S31508038AF0FF5000009FFF5000000EFFD10000003E0C
S31508038B00FFC10000003EFFC10000003EFFC1000098
S31508038B10003EFFC10000003EFFC00000003EFF20EC
S31508038B200000003C600050000000009FC1000000E8
S31508038B300EFFC10000002EFFC10000002EFFC1007A
S31508038B4000002EFFC10000002EFFC10000002EFF0B
S31508038B50C0000000AFFF2000009FFF5000009FFFEA
S31508038B605000009FFF5000009FFF5000009FFF60CA
S31508038B7000000EFF600000003D50000000000000EA
S31508038B803991000000000000CFF800000000000043
S31508038B90DFF9000000000000DFF900000000000014
S31508038BA0DFF9000000000000DFF9000000367777E0
S31508038BB0EFFC777761EFFFFFFFFFFFFFFAFFFFFF8A
S31508038BC0FFFFFFFFFBAEFFFFFFFFFFFFE60000000F
S31508038BD0DFF9000000000000DFF9000000000000D4
S31508038BE0DFF9000000000000DFF9000000000000C4
S31508038BF0DFF90000000000009FF5000000000000F8
S31508038C0001100000003666666666666661EFFFFF5A
S31508038C10FFFFFFFFFAFFFFFFFFFFFFFFFBAFFFFFAC
S31508038C20FFFFFFFFF600000003688740000000000F
S31508038C3000008EFFFFFFF92000000004EFFD632507
S31508038C40BFFF70000007FFFA0000007FFFA00006C1
S31508038C50FFFD0008FC209FFFA002FFFF50008FFEC8
S31508038C6012FFFF60CFFFF2167FFFF50EFFFE1EFF12
S31508038C70FF12FFFFFF70DFFFF26FFFF30EFFFFF335
S31508038C800FFFFB00BFFF904FFFF805FFFE1001DF44
S31508038C90FF40288401EFFF300001BFFF600004EFA7
S31508038CA0FD300000006EFFFBBEFFF9000000000068
S31508038CB005ADFFEB710000004A100000000000003C
S31508038CC00000000EFE300000000000000000005FF8
S31508038CD0FF600015787400000000002DFFA6DFFF73
S31508038CE0FFFFA2000000000AFFFFE8325BFFF8005F
S31508038CF000000006FFF6001006FFFB000000000355
S31508038D00EFF87FD309FFFB00001E7001BFFEFFF2D9
S31508038D101FFFF70009FFA0008FFFFF70DFFFF100B9
S31508038D20CFFFD1005FFFF90CFFFF3005FFFF60009F
S31508038D302DFFB0EFFFB0000AFFFC00000AFFEFFFAC
S31508038D40E100000CFFF6000006FFFFF30000000A2F
S31508038D50FFF8100003EFFA0000000005EFFFCB80D1
S31508038D6001BFFB10000000005ADFFE70008FFE30C3
S31508038D700000000000000000005FFF300000000054
S31508038D8000000000002DE1000000000000000000C4
S31508038D900001000000000001CD40000000000000B3
S31508038DA000000AFFE000000000000000004FFFF883
S31508038DB00000000000000000DFFFFF1000000000B5
S31508038DC0000006FFFFFFA00000000000000EFFFFE3
S31508038DD0FFF30000000000008FFB338FFC00000048
S31508038DE0000002FFF9006FFF60000000000AFFFAA7
S31508038DF0006FFFE0000000004FFFFB007FFFF80055
S31508038E00000000DFFFFC008FFFFF10000006FFFFD6
S31508038E10FD009FFFFFA000000EFFFFFFCBFFFFFF34
S31508038E20F300008FFFFFFC008FFFFFFC0002FFFF2C
S31508038E30FFF9004FFFFFFF600AFFFFFFFE42CFFF68
S31508038E40FFFFE00FFFFFFFFFFFFFFFFFFFF309FF32
S31508038E50FFFFFFFFFFFFFFFFD00023333333333317
S31508038E603333330000000000000001400000000017
S31508038E7000000007F90012221000000129FF90FFE5
S31508038E80FFE200006FFFFFF8FFFFFE2005FFFFFF6D
S31508038E90FD9AADFFD05FFFBDFFE20000CF44FFF9A7
S31508038EA008FE200000044FFF9004D200000003FFD1
S31508038EB0FA0000100000003FFFA19106F600000229
S31508038EC0EFFB0CFC08FF60EFFFFFB01DFFFFFFF68B
S31508038ED0FFFFFC0002EFFFFFFEDDDDB000002DDE25
S31508038EE0FFF500000000000008FF50000000000026
S31508038EF00006F50000000000000000000000000066
S31508038F0004200000000000005FE2000000000005E6
S31508038F10FFFE20000000006FFFFFE300000006FFCE
S31508038F20FACFFE3000006FFF900CFFE30006FFF94F
S31508038F300000CFFE305FFF9000000CFFE2AFF900A0
S31508038F40000000CFF61B80000000000B90032000F2
S31508038F5000000003206FE2000000005FF2AFFE206E
S31508038F60000005FFF61CFFE300005FFF9001CFFE3C
S31508038F703005FFF900001CFFE35FFF90000001CFF7
S31508038F80FFFFF9000000001CFFFF9000000000012E
S31508038F90CFF90000000000001B9000000000002627
S31508038FA00000000000000000000002EFA000444497
S31508038FB04444420000003EFFFA04FFFFFFFFFD00A2
S31508038FC00003EFFFFFA0AFFFFFFFFE00000EFDEF5C
S31508038FD0CFF800000005FE00000BE2DF67F500008E
S31508038FE00005FE00000000DF600000000005FE002B
S31508038FF0000000DF600000000005FE00000000DF3F
S31508039000600000000415FE03200000DF6000000076
S315080390106FD6FE4FF10000DF944444413FFFFFFF44
S31508039020C00000DFFFFFFFFF24FFFFFC1000009FC7
S31508039030FFFFFFFE304FFFC00000000000000000E6
S315080390400004FC00000000000000000000001000FF
S3150803905000178888840000000000CFFFFFFF500038
S31508039060000000FFFFFFFFF644444430FFFFFFFF05
S31508039070FFFFFFFFFAFFFFFFFFFFFFFFFFFFFFFFF4
S31508039080FFFFFFFFFFFFFFFFFFFFFFFFFFFFFFFFDF
S31508039090FFFFFFFFFFFFFFFFFFFFFFFFFFFFFFFFCF
S315080390A0FFFFFFFFFFFFFFFFFFFFFFFFFFFFFFFFBF
S315080390B0FFFFFFFFFFFFFFFFFFFFFFFFFFFFFFFFAF
S315080390C0FFFFFFFFFFFF7FFFFFFFFFFFFFFFF60027
S315080390D0000000470000000000000004FF900000A5
S315080390E0000000004FFFF9000000000004FFFFFF27
S315080390F090000000004FFFFFFFF900000004FFFF88
S31508039100FFFFFF9000000CFFFFFFFFFFF1000000C9
S31508039110112FFFF71110000000001FFFF6000000D3
S315080391200000001FFFF60000000000001FFFF60006
S3150803913000000000001FFFF60000002444421FFF42
S31508039140F6244442FFFFFC08BBA2CFFFFFFFFFFF45
S31508039150A5555AFFFFFFFFFFFFFFFFFFFFFFFFFFB7
S31508039160FFFFFFFFFF66C4FFDFFFFFFFFFFFFFFFF2
S31508039170FD000000000000000000000000000000E1
S3150803918002B841000000000000009FFFFB0000003A
S315080391900000001FFFFFF0000000000007FFFFFEAE
S315080391A0000000000000DFFFFFC000000000000C05
S315080391B0FFFFF90000000000000AFFFF500000004F
S315080391C00000000CFFF100000000000003FFFA0096
S315080391D0000000000000DFFF20000000000000AFD1
S315080391E0FF90000004A50000AFFFD000007DFFF448
S315080391F002CFFFE20000DFFFFFE9FFFFF300000DE8
S31508039200FFFFFFFFFFE20000009FFFFFFFFFA10034
S31508039210000006FFFFFFFC40000000002FFFFD8350
S3150803922000000000000023200000000000000000EA
S31508039230352000000000001CFFFA0000019CA1AFC6
S31508039240FEFF60002EFFF9EF60AFB003EFFFB0EF4C
S3150803925092CF903EFFFA007FFFFFE6FFFFA00008CC
S31508039260FFFFFFFFFA00000001CFFFFFA000000089
S31508039270003FFFFF1000000036EFFFFFD100001C80
S31508039280FFFFFFFFFD1000AFFEFFC2DFFFD100EFB8
S3150803929060AFA01CFFFD20EF92CFA000CFFFE27FB7
S315080392A0FFFF40000BFFF908FFE5000000585000D8
S315080392B00100000000000000006FFFFFF1680000D6
S315080392C000AFFFFFF17F800000AFFFFFF17FF836A5
S315080392D062AFFFFFF13666FFF6AFFFFFF62222FF06
S315080392E0F6AFFFFFFFFFFEFFF6AFFFFFFFFFFEFF31
S315080392F0F6AFFFFFFFFFFEFFF6AFFFFFFFFFFEFF21
S31508039300F6AFFFFFFFFFFEFFF6AFFFFFFFFFFEFF10
S31508039310F6AFFFFFFFFFFEFFF6AFFFFFFFFFFEFF00
S31508039320F6AFFFFFFFFFFEFFF76FFFFFFFFFFAFF33
S31508039330FE300000000000FFFFFFFFFFF10000EF13
S31508039340FFFFFFFFF00000144444444420000005D7
S3150803935066666666640000CFFFFFFFFFFF9000FFA7
S31508039360EDDDDDDDEFF900FF400000000FFF90FFA4
S31508039370400000000EFFF6FF400000000EFFF9FF55
S31508039380400000000FFFF9FFFFFFFFFFFFFFF9FF94
S31508039390FFFFFFFFFFFFF9FFFFFFC57FFFFFF9FF92
S315080393A0FFFE0005FFFFF9FFFFFA0001FFFFF9FFC4
S315080393B0FFFD0004FFFFF9FFFFFF934DFFFFF9FFD2
S315080393C0FFFFFFFFFFFFF88FFFFFFFFFFFFFE3012D
S315080393D0222222222221007999999999999995FF0E
S315080393E0FFFFFFFFFFFFFCDFFFFFFFFFFFFFFA00A3
S315080393F0000000000000000000000000000000005C
S3150803940000000000000000EFFFFFFFFFFFFFFAFF69
S31508039410FFFFFFFFFFFFFB6888888888888884002A
S3150803942000000000000000000000000000000067C4
S3150803943077777777777774FFFFFFFFFFFFFFFBEFFA
S31508039440FFFFFFFFFFFFFA00000000000000000314
S315080394504444444444444430AFFFFFFFFFFFFFFF47
S31508039460FAFFFFFFFFFFFFFFFFFFCFFFFFFFFFFF30
S31508039470FFFFFC0AFFFFFFFFFFFFFFA0A16FFFFF30
S31508039480FFFFFFF63DFE42DFFFFFFFFD26FFFFF965
S3150803949019FFFFFF91BFFFFFFFD35FFFE54EFFFFF6
S315080394A0FFFFFF719917FFFFFFFFFFFFFD77DFFF41
S315080394B0FFFFFFFFFFFFFFFFFFFFFFFFFFFFFFFFAB
S315080394C0FFFFFFFF7FFFFFFFFFFFFFFFF600AFFF73
S315080394D0FFA000000FFFFFFB000001FFFFFF600076
S315080394E0003FFFFFF1000005FFFFFB0000008FFFB1
S315080394F0FFA555400AFFFFFFFFFF30CFFFFFFFFF22
S31508039500C00EFFFFFFFFF300EFFFFFFFFA00012284
S3150803951023FFFF100000004FFF7000000008FFE064
S3150803952000000000CFF5000000000FFC000000005B
S3150803953003FF30000000007F900000000007E100F1
S3150803954000000000000000000000008D90000000ED
S31508039550008BBCFAFDBB900000FFFFD0CFFFF100E4
S3150803956000FFFFF8FFFFF10000FFFFFFFFFFF10019
S3150803957000FFFFF30000000000FFFF95FFFFF179EE
S3150803958000FFFF88FFFFF17FB0FFFF88FFFFF17F32
S31508039590FAFFFF88FFFFF20221FFFF88FFFFFFDDC7
S315080395A0DCFFFF88FFFFFFFFFEFFFF88FFFFFFFFCC
S315080395B0FEFFFF88FFFFFFFFFE7AAA58FFFFFFFFA4
S315080395C0FE000008FFFFFFFFFE000008FFFFFFFF86
S315080395D0FE000006FFFFFFFFFC000000000000007E
S315080395E00000000008600000000000003FF00000D3
S315080395F000000006CFFA4000000001CFFFFFF90084
S3150803960000000CFFFFFFFF8000005FFFFFFFFFF175
S3150803961000009FFFFFFFFFF50000BFFFFFFFFFF7F7
S315080396200000CFFFFFFFFFF80000EFFFFFFFFFFA81
S315080396300002FFFFFFFFFFFE0008FFFFFFFFFFFF1C
S31508039640403FFFFFFFFFFFFFD1EFFFFFFFFFFFFFD6
S31508039650FAAFFFFFFFFFFFFFF7000000000000005F
S3150803966000000004FFFF000000000000BFF7000031
S31508039670000000000210000000044444444444442B
S315080396804444410BFFFFFFFFFFFFFFFFFFE0FFFF20
S31508039690FFFFFFFFFFFFFFFF3FF404D02F00F30395
S315080396A0F00FF4FF405D02F00F404F00FF4FFFFF3E
S315080396B0FFFFFFFFFFFFFFF4FFFF22B729A24F4279
S315080396C0CFFF4FFFF00A607902F20BFFF4FFFFDDCD
S315080396D0FEDFFDEFEDFFFF4FF848E444444447F44B
S315080396E05FF4FF404D000000003E00FF4FF748E4DB
S315080396F044444447F44FF4FFFFFFFFFFFFFFFFFF18
S31508039700FF37FFFFFFFFFFFFFFFFFFA0000000007B
S3150803971000000000000000000000000000018B307C
S3150803972000000000000002AFFFD0000000000003A5
S31508039730BFFFFFD00000000005CFFFFFFF7000004A
S315080397400006DFFFFFFFFE00000017EFFFFFFFFF26
S31508039750F8000029FFFFFFFFFFFFF10007FFFFFFE8
S31508039760FFFFFFFF90000FFFFFFFFFFFFFFF200034
S315080397700BFFFFFFFFFFFFFB0000005666667FFF38
S31508039780FFF30000000000002FFFFFC000000000E9
S3150803979000002FFFFF500000000000002FFFFD0010
S315080397A00000000000002FFFF60000000000000084
S315080397B02FFFE0000000000000001FFF70000000FC
S315080397C0000000000CFD000000000000000000304F
S315080397D00000000058888887060000FFFFFFFE0F79
S315080397E09000FFFFFFFE0FF900FFFFFFFE0FFF903C
S315080397F0FFFFFFFE0FFFF5FFFFFFFF322221FFFFEB
S31508039800FFFFFFFFF8FFFFFFFFFFFFF8FFFFFFFF65
S31508039810FFFFF8FFFFFFFFFFFFF8FFFFFFFFFFFF55
S31508039820F8FFFFFFFFFFFFF8FFFFFFFFFFFFF8FF4C
S31508039830FFFFFFFFFFF8FFFFFFFFFFFFF8FFFFFF35
S31508039840FFFFFFF8FFFFFFFFFFFFF8EFFFFFFFFF35
S31508039850FFF614444444444430000000000000006A
S3150803986000000000000000003689A97410000000FB
S31508039870000029EFFFFFFFFFC600000001AFFFFF4F
S31508039880FFFFFFFFFE600006FFFFFC7543469EFFD2
S31508039890FFB108FFFE710000000003CFFFE2CFFA15
S315080398A0100000000000004EFF40B6000059DEFE1F
S315080398B0C720001B50000005DFFFFFFFFFA10000C4
S315080398C0000009FFFFFEDEFFFFE300000000DFFCE8
S315080398D04000028FFF5000000001B6000000001B85
S315080398E060000000000000003500000000000000D2
S315080398F00000007FFE1000000000000000000EFFBD
S31508039900F6000000000000000000DFFF5000000022
S31508039910000000000004FFB0000000000000000083
S315080399200000100000000000044444444444444436
S315080399304444100AFFFFFFFFFFFFFFFFFFFE10FF70
S31508039940FFFFFFFFFFFFFFFFFFF50FF40000000017
S3150803995000000000FFF3FF4AFFFFFFFFFFFFFF0FB3
S31508039960FF5FF4AFFFFFFFFFFFFFF03FF5FF4AFF7F
S31508039970FFFFFFFFFFFF00EF5FF4AFFFFFFFFFFFF0
S31508039980FFF08FF5FF45888888888888880FFF5FEA
S31508039990F74444444444444445FFC1FFFFFFFFFFE3
S315080399A0FFFFFFFFFFF506EFFFFFFFFFFFFFFFFFC9
S315080399B0FB0004444444444444444444100AFFFF1B
S315080399C0FFFFFFFFFFFFFFFE10FFFFFFFFFFFFFF86
S315080399D0FFFFFFF50FF40000000000000000FFF38F
S315080399E0FF4DFFFFFFFFFF60000FFF5FF4DFFFFF81
S315080399F0FFFFF600003FF5FF4DFFFFFFFFFF600087
S31508039A0000EF5FF4DFFFFFFFFFF600008FF5FF4669
S31508039A10888888888830000FFF5FF74444444444A5
S31508039A20444445FFC1FFFFFFFFFFFFFFFFFFFFF5AD
S31508039A3006EFFFFFFFFFFFFFFFFFFB00044444445D
S31508039A40444444444444100AFFFFFFFFFFFFFFFF5B
S31508039A50FFFE10FFFFFFFFFFFFFFFFFFFFF50FF4FA
S31508039A600000000000000000FFF3FF4CFFFFFFF1BA
S31508039A700000000FFF5FF4CFFFFFFF100000003F59
S31508039A80F5FF4CFFFFFFF100000000EF5FF4CFFF87
S31508039A90FFFF100000008FF5FF46888888800000C6
S31508039AA0000FFF5FF74444444444444445FFC1FF61
S31508039AB0FFFFFFFFFFFFFFFFFFF506EFFFFFFFFFB8
S31508039AC0FFFFFFFFFB000444444444444444444426
S31508039AD0100AFFFFFFFFFFFFFFFFFFFE10FFFFFF59
S31508039AE0FFFFFFFFFFFFFFF50FF400000000000074
S31508039AF00000FFF3FF49FFFE00000000000FFF5FB1
S31508039B00F49FFFE000000000003FF5FF49FFFE0059
S31508039B100000000000EF5FF49FFFE0000000000074
S31508039B208FF5FF44888700000000000FFF5FF744A6
S31508039B3044444444444445FFC1FFFFFFFFFFFFFF7E
S31508039B40FFFFFFF506EFFFFFFFFFFFFFFFFFFB002A
S31508039B5004444444444444444444100AFFFFFFFF76
S31508039B60FFFFFFFFFFFE10FFFFFFFFFFFFFFFFFFE4
S31508039B70FFF50FF40000000000000000FFF3FF40AC
S31508039B80000000000000000FFF5FF4000000000063
S31508039B900000003FF5FF400000000000000000EF52
S31508039BA05FF400000000000000008FF5FF4000008E
S31508039BB000000000000FFF5FF74444444444444454
S31508039BC045FFC1FFFFFFFFFFFFFFFFFFFFF506EF9F
S31508039BD0FFFFFFFFFFFFFFFFFB0000000000000081
S31508039BE078100000000000000000269FFD0000001A
S31508039BF000000000004FEFFFF00000000000000027
S31508039C000E802EF70000000000200006E00000008A
S31508039C1000000003EFE300D70000000002A100CF15
S31508039C20FFD49F55555555557FF70FFFFFFFFFFF88
S31508039C30FFFFFFFFFFF5AFFFA0000BB00000003FDB
S31508039C40B2009C9000003F30000001500000000065
S31508039C500000BB02BBB50000000000000002F99F2C
S31508039C60FF800000000000000003BDFFF8000000AD
S31508039C700000000000003FFF800000000000000015
S31508039C800000000000000000017BDDB82000005F33
S31508039C90FFDFFFF60004FFFF68FFFF400EFFFF60CC
S31508039CA09FFFD04FFFFF6009FFF38FF6BF61C09F89
S31508039CB0F7BFF60B60E25FF9DFFF502033FFFBEFD8
S31508039CC0FFF5002EFFFCEFFFFC007FFFFCDFFFD153
S31508039CD00009FFFCCFFC145090AFFBAFF24F60F3C3
S31508039CE02FF96FFDFF7052EFF61FFFFF702EFFF17E
S31508039CF009FFFF72EFFF9000BFFFAEFFFD100005DF
S31508039D00CFFFFD8000000000110000000000058859
S31508039D108830000056667FFFFFE66663FFFFFFFF96
S31508039D20FFFFFFFBCDDDDDDDDDDDDDD80344444488
S31508039D30444444200EFFFFFFFFFFFFA00EFFFFFF73
S31508039D40FFFFFFA00EFF1FF6AFC4FFA00EFF0FF520
S31508039D509FB3FFA00EFF0FF59FB3FFA00EFF0FF5EE
S31508039D609FB3FFA00EFF0FF59FB3FFA00EFF0FF5DE
S31508039D709FB3FFA00EFF0FF59FB3FFA00EFF0FF5CE
S31508039D809FB3FFA00EFF1FF6AFC4FFA00DFFFFFF93
S31508039D90FFFFFF9008FFFFFFFFFFFF400024444437
S31508039DA044443100000000000000008A300000002F
S31508039DB000000000BFFF30000000000000BFFFFFE7
S31508039DC030000000000034FFFFFD0000000000BF64
S31508039DD044FFFFE000000000BFFF44FFF40000005B
S31508039DE000BFFFFF44F400000000BFFFFFFF410070
S31508039DF0000000BFFFFFFFF400000000BFFFFFFFE6
S31508039E00F400000000BFFFFFFFF400000000BFFFDF
S31508039E10FFFFF400000000BFFFFFFFF4000000008F
S31508039E208FFFFFFFF4000000000AFFFFFFF40000A6
S31508039E30000000CFFFFFF400000000000EFFFFF450
S31508039E40000000000000FFFFD4000000000000022D
S31508039E5031000000000000000000000057888888D1
S31508039E6088888872000000AFFFFFFFFFFFFFFFF23D
S31508039E700000BFFFFFFFFFFFFFFFFF7000BFFFFFED
S31508039E80F8AFFFA8FFFFF800BFFFFFFA00AFA00A6D
S31508039E90FFFF80BFFFFFFFF3006003FFFFF8AFFF7D
S31508039EA0FFFFFFF30003FFFFFF8EFFFFFFFFFF9098
S31508039EB0009FFFFFF84FFFFFFFFFA00000AFFFFF64
S31508039EC0804FFFFFFFB003E300BFFFF8004FFFFF1C
S31508039ED0FE23FFF32EFFFF80004FFFFFFEFFFFFE6B
S31508039EE0FFFFF700004FFFFFFFFFFFFFFFFF5000D5
S31508039EF0003DFFFFFFFFFFFFFF900001CFFFFFFEBF
S31508039F0060001CFFFFFFFFF200CF47F4D84FF50CA4
S31508039F10FF03E0C50EF5CFFF03E0C50EF5FFFF24EB
S31508039F20E2C62EF5FFFFFFFFFFFFF5FFFFFFFFFF6B
S31508039F30FFF5FFFFFFFFFFFFF5FFFFFFFFFFFFF53E
S31508039F40FFFFFFFFFFFFF5FFFFFFFFFFFFF5FFFF24
S31508039F50FFFFFFFFF5FFFFFFFFFFFFF5FFFFFFFF14
S31508039F60FFFFF5FFFFFFFFFFFFF5EFFFFFFFFFFF14
S31508039F70F35FFFFFFFFFFFA00134444444420000A0
S31508039F8000000000000000030000000000000000BD
S31508039F9005F10000000000000005FF10003E9000D8
S31508039FA0000000BFF1004FFB000000000BFF105F2D
S31508039FB0FFB000000000BFF16FFFFFFFFFFFFFFFC9
S31508039FC0FF1DFFFFFFFFFFFFFFFFF13EFFFECCCCA8
S31508039FD0CCCCCCCA002EFFB0000000000000001D48
S31508039FE0FB00000000000000001B600000000000EA
S31508039FF00000000000000000000000000000D0047C
S3150803A000000000000000D004030D0100140010072F
S3150803A010050601072300A00C0D0D00007800300B80
S3150803A0200B1200FEDB00300F0F0D00003D01600C24
S3150803A0300D0E00FF9801C003020601079E011006D4
S3150803A040051201FCCB011006051200FCF8013007C6
S3150803A050070700071102800A090901023A021004D8
S3150803A060040600FD4602E006050201044B0210043D
S3150803A07004030000510250060812FFFE9902000C61
S3150803A0800C0D0000E702B006050D00000803500A90
S3150803A0900A0D00004903500A0A0D00008A03100C32
S3150803A0A00C0D0000D803500A0A0D00001904200BF2
S3150803A0B00B0D00006104C00A0B0D0000A904900BE8
S3150803A0C00B0D0000F104200B0B0D000039051004DD
S3150803A0D0040A00004D051004040D00FD6705800AF7
S3150803A0E0090901029005800A09070103B005800AD8
S3150803A0F009090102D905500A0A0D00001A06A01219
S3150803A100121100FCB306300D0F0DFF001507A00D45
S3150803A1100C0D01006307000D0D0D0000B807E00ED6
S3150803A1200D0D01000D08100C0B0D01005508700BE1
S3150803A1300A0D01009608E00D0D0D0000EB08A00EB0
S3150803A1400C0D010039099005030D01004D0940095D
S3150803A150090DFF008809F00C0C0D0100D609B00A99
S3150803A1600A0D0100170A30110F0D0100790AA00E16
S3150803A1700C0D0100C70A200F0F0D0000290B000D57
S3150803A1800C0D0100770B200F0F1000FDEF0B100DC0
S3150803A1900C0D01003D0C300B0B0D0000850C900ACD
S3150803A1A00B0D0000CD0C400E0C0D01001B0DD00C41
S3150803A1B00E0DFF00760D4014140D0000F80D200C4B
S3150803A1C00C0D0000460EA00B0D0DFF009B0ED00BC9
S3150803A1D00C0D0000E90E0006051201FC160F5006C9
S3150803A1E00812FFFE5E0F0006051200FC8B0F800A9D
S3150803A1F009080103AF0F0009090200FEB80FD00AC8
S3150803A2000503020BC00FC00A0A0A0000F20F400C2E
S3150803A2100B0E01003F10400A0A0A00007110400C99
S3150803A2200B0E0000BE10000B0B0A0000F5106006AB
S3150803A230070E00002611700C0B0E00FC7311400C60
S3150803A2400A0E0100B9110005030E0100CE112005FF
S3150803A2500612FEFC0412100B0B0E01005112000528
S3150803A260030E010066120013110A0100BB12400C0B
S3150803A2700A0A0100ED12700B0B0A00002413400CA6
S3150803A2800B0E01FC7113400C0B0E00FCBE1360078A
S3150803A290060A0100DC130009090A000009147007FD
S3150803A2A0070C00003314300C0A0A01006514100A5F
S3150803A2B00C0AFF00A1143010110A0000F614F00965
S3150803A2C00A0A00002815100A0C0EFFFC7C15600903
S3150803A2D0090A0000A9155006051201FCD6156005E2
S3150803A2E0031201FCF1155006061200FC2716800A14
S3150803A2F0090501043E169007070700065716A00529
S3150803A300040401035F160012131300FD1417001249
S3150803A310120E000092170012121100FE2B180012DB
S3150803A320120E0000A918600C0D0D0000FE1800128D
S3150803A330131200FEA9190012121300FD541A401431
S3150803A340151100FE071B0012121300FDB21B401461
S3150803A350150E0000451C0012121300FDF01C00091F
S3150803A360090F00FF341D800D0E0F00FF9D1D4014BD
S3150803A370151200FE5A1E0012120E0000D81E600C9B
S3150803A3800D1300FD541FC00F0C1102FEBA1FC00F98
S3150803A390101300FD5220C00F101100FEDA20C00F63
S3150803A3A0101100FE6221C00F0C1102FEC821C00F56
S3150803A3B01211FFFE6122400B0B1000FFB922400B5E
S3150803A3C00B1000FF1123C00F101100FE9923C00FB5
S3150803A3D010040005B9234014150E00004C248016FA
S3150803A3E0171300FD272540141613FFFDF825001241
S3150803A3F0121100FE9126C00F100A0002E126C00FB3
S3150803A400100A000231278016180FFFFFE5270012EE
S3150803A410120E000063280012121300FD0E29001203
S3150803A4201313FFFDC329C00F101100FE4B2AC00FDB
S3150803A430101300FDE32AC00F101100FE6B2BC00F8B
S3150803A440100F00FFE32B0012120E0000612C400BC5
S3150803A4500D13FFFDDD2CC00F101300FD752DC00F66
S3150803A460101300FD0D2E4014150E0000A02E001229
S3150803A4701414FFFD682F800D0E1300FDED2F8016B3
S3150803A480171200FEBC308016170C000146318016E1
S3150803A490170C0001D0318016170C00015A328016AA
S3150803A4A0170C0001E4328016170C00016E33801670
S3150803A4B0170F00FF1B34C00F0E1301FDA034C00F86
S3150803A4C0101300FD383500121313FFFDED35801602
S3150803A4D0170E00008E36800D0E1300FD133720125B
S3150803A4E0130C00010000721F51EF58EF5BEF5CEF8E
S3150803A4F05DEF61EF63EF65EF69EF6CEF71EF76EF91
S3150803A50077EF78EF8EEF93EF98EF9BEF9CEF9DEF46
S3150803A510A1EFA2EFA3EFA4EFB7EFB8EFBEEFC0EF3B
S3150803A520C1EFC4EFC7EFC8EFC9EFCBEFE3EFE5EF32
S3150803A53014F015F017F019F030F037F03AF043F04D
S3150803A5406CF074F0ABF03BF190F191F192F193F169
S3150803A55094F1D7F1E3F13DF254F2AAF412F7F2F7C4
S3150803A560200000005F00010000000000000000005A
S3150803A57000000200B0000000F3F76000E4A403083B
S3150803A580000000003E00030000000102000304056A
S3150803A59002060708090A090A0B0C000D0E0F10110B
S3150803A5A012130C14140000001516171819161A1B83
S3150803A5B01C1D1D1E1F201D1D1621222303241E25B7
S3150803A5C025262728292A2B002C002D2E2F30313219
S3150803A5D0332D343435302D2D2E2E36373839333A3C
S3150803A5E03A3B3A3C290000093D09000000000000F7
S3150803A5F0000000000000000000000000000000004A
S3150803A6000000000000000000000000000000000039
S3150803A6100000000000000000000000000000000029
S3150803A6200000000000000000010200030405020602
S3150803A6300708090A090A0B0C0D0E0F10110C121341
S3150803A64014151500000016171819171919191719CB
S3150803A650191A1919191917191719031B1C1D1D1E60
S3150803A6601F20212223002400252627272700272603
S3150803A670282926262A2A272A272A2B2C2D2E2E2F27
S3150803A6802E300000230931090000000000000000F5
S3150803A69000000000000000000000000000000000A9
S3150803A6A00000000000000000000000000000000099
S3150803A6B00000000000000000000000000000000089
S3150803A6C00000000000010000000000000001000077
S3150803A6D00300000000020000000000000000000064
S3150803A6E00000000000000100000000000000000058
S3150803A6F00000000000010D0008FA00000000F0EF5A
S3150803A700020E0605F4020E010C0309000000000000
S3150803A7100000000000001102FE0000000000000017
S3150803A72000000000000600F70000000000FA050616
S3150803A7300000FD00FE0300FD00FDFFFA0000000017
S3150803A740FD0000FCFC0000FD00FA0000000000000C
S3150803A750000000FDFD00FC00F800DD0000FA00061D
S3150803A760090000FA03030A06FB060000F0000000CE
S3150803A7700000000000000000F500000000000000D3
S3150803A78000000000000000F8FDF200F4FE000000DF
S3150803A79000010B00F7FEFF0100FB0000FEEB0000C3
S3150803A7A0000000000000000000E9FE0B00000000A6
S3150803A7B00000000000000000F40000000000000094
S3150803A7C00000000A00030000FA0000000000000071
S3150803A7D0000000000000000000000B02010000005A
S3150803A7E00000000000000000000000000000000058
S3150803A7F00000000000000000000000000000000048
S3150803A80000000000F5000000000000000000000042
S3150803A810000000000000000000000002060309FD16
S3150803A820000006FDF6D902080601FC000A00090025
S3150803A8300900E500FD09000AFD0603000001FD0005
S3150803A84000FB1700170009000C040509000000F5B2
S3150803A8500000000001FE0002FBFCFA0200FD0000F6
S3150803A86000F40000000000000000000000ED0000F6
S3150803A8700000000000000000000000000001F000D6
S3150803A880EE00000000FE001DFDFC0303FD00FC03B3
S3150803A8900000F10000000000000000000000E400D2
S3150803A8A003000000000000000000000000EE001195
S3150803A8B00000F5000A00ECE4ECFA090000ED0003D9
S3150803A8C0F900FC000000000000000000000000077B
S3150803A8D009DD0000000000000000000000000E0073
S3150803A8E00200000000000202FDFA00FFFFFD00005F
S3150803A8F0FE000000FA00FE00F9FA00F9F6F6FB007E
S3150803A900FA00FA00000000FE0000030002FD000141
S3150803A91000000003FE000000FE0303FF000000FB27
S3150803A92000FF0000000000010004FE00FD00FB001C
S3150803A93000FE00090000FD0000000000FF01FEFE06
S3150803A9400000FD00FD000000000000000000FFFFFE
S3150803A95000FDFD0000000000010000FE00FDFDFDF6
S3150803A960000000000000000000FE00000000FEFCDE
S3150803A97000FC00F7FEF7060000FA03060800F9FFD5
S3150803A980FD00FFF203FE02F103000001F100F1FEF0
S3150803A990E7FE00F20006080004000000000100FBC1
S3150803A9A0FC00F7000000FD000000FD0000000000A9
S3150803A9B0FFFF00FFFC00000000000000FDFD00FE95
S3150803A9C0FDFE0000FD00000000000000000000007E
S3150803A9D0FEFE00FD00FE00FA030000FD010303006E
S3150803A9E00000000000FE0000000000020000FD0059
S3150803A9F0FDFEFD000000000000000200FE0000004E
S3150803AA0000FDFC00FB0009FE01F7000008F2F1F463
S3150803AA10FA0300FEEDFB00FB00FA04FBEE00F80068
S3150803AA200001FF02FE000300F7F500F2F9FAF9F751
S3150803AA30FDF8FFFBF802000100FD00000002000319
S3150803AA400000000000000000000000FD00FF00FFFA
S3150803AA50FD00FBFAFAFF00F7000000000000FE0005
S3150803AA6000000001FE0000000300000000000000D3
S3150803AA70000E00000000000002000000FD000000B8
S3150803AA800000000000000000FB00030000000000B7
S3150803AA900000000000000000FE000000FB000000AC
S3150803AAA000F2F7000000FCF20000FD0300F80000C6
S3150803AAB00000000000000000FB0000FB000000008F
S3150803AAC000000000000000000300FB000000000374
S3150803AAD00002FAFA00FDFDFD000000000000F70081
S3150803AAE0FD00FCFD00FAF9F7FE00FA00F700000086
S3150803AAF000170000010000FC000300F4000000003A
S3150803AB0000E5FB0A09FEF40003FC00F2FFFC03EC74
S3150803AB10FD040004F6FCF5F6F40000EF001000004F
S3150803AB20FF000000FFFFFDF8F6FFE5000000000048
S3150803AB300000000001000000000000000000000003
S3150803AB400000000000FD00FFFDFC0000FA00FD0008
S3150803AB500000000000000000000000000000FF00E5
S3150803AB60FA000006FF0400FA03FEFFF9FD00FCFDE8
S3150803AB70FE00FCFB0000FEFFFEFBFD0000FD0003DC
S3150803AB80FE00FA000000FA00FB00FBFB03000000CE
S3150803AB900000000000FA0300FC00FEFDF7FEFEFEBF
S3150803ABA0FFFEFDFF0000000000FDFEFE00000000A2
S3150803ABB003FE00FE000000FEFDFEFDFDFD00020C87
S3150803ABC0FF00F800FE0600FDF4FC040000F2FB0398
S3150803ABD0FB0200FEFEF700FC010000FB0000000379
S3150803ABE003FAFB00FBFDFCFDFD00FB01FBFB090073
S3150803ABF00000000000000000030000000000000041
S3150803AC000000000000000000000000000000000033
S3150803AC10FB00000000000000000000000000000028
S3150803AC200000000000000000000000000000000013
S3150803AC30000000000000000000000000FE00000005
S3150803AC4000000000000000000000000000000000F3
S3150803AC5000000000000000000000FEFD00000000E8
S3150803AC600000000000000000FC0000FC0000FDFDE1
S3150803AC7000000000FD00000000FF0000000000FEC9
S3150803AC8000000000FC00FA000000F60002FA0601C4
S3150803AC90FEF20000FAFD00F4F9F80000F4FDF4F5FD
S3150803ACA0F200F9000213FC00F9FDFFFDFBF8FBF5C2
S3150803ACB0F4F9FD0000FE00010000ECFD0906FAF5B3
S3150803ACC00001F700F2FEFD06E6FC010000EDFDF1CA
S3150803ACD0FDEB0000EC00110100FE00000000FFFE82
S3150803ACE0F5FE00ED00000000F700FD00FFF8F20096
S3150803ACF000FFFCF7FD00FE00000000F3FDF6F7FE7B
S3150803AD00FBF9FDFB00FAFDF6FC00FDFBFDFB00016C
S3150803AD1000FEF6000600FB00000000030002FA0C22
S3150803AD2000FDFDFD000000000000F700FD00FCFD2E
S3150803AD3000FAF9F7FE00FA020C00000000170000FB
S3150803AD40010000FC00030000000000000000FF00F3
S3150803AD5000000000FEFA0000000000FF000000FDEE
S3150803AD60FD0000FAFD0000FA0005FF0000000000E0
S3150803AD70000100000000040602FD00F7FB0009F6C7
S3150803AD80F7FAFA0C0503E7FE06FD00FD03FDF600D8
S3150803AD90FD03FCFEF7FE0000090600F800F0FC08B8
S3150803ADA0FCF501FCF6F6FD0C0300FC00F800020AAC
S3150803ADB0F9F5F4F9090001EBFE03FBFEF900FAF5D0
S3150803ADC0FCFCFE0000F9FAFD000907FDF000F0FCA3
S3150803ADD000F6EFFFF7FBF6F8080000FC00FAFD00A3
S3150803ADE0FDFB0005F6030000F100FDFAFBFEF7F98B
S3150803ADF0F6F900F7FDF9FBF7FD0000010EFB00F776
S3150803AE00FD00FDFAF9F8F8F5FCFA0600FC00F2FD78
S3150803AE100206F7F5FAF60AFD01E5FB06FAFBF50065
S3150803AE20F7F4FDFDFEFDFAF7FF00000908FEED0045
S3150803AE30EFF907F5ECFAF6F4F2F60600000000FD62
S3150803AE40000003FD0602FB060000F7FF00FF0001F2
S3150803AE5001FE000000000000FD00000000020901D9
S3150803AE6000FD00000000FEFEFD00000001020000D8
S3150803AE7000000200FE000B00050101FC00060000AD
S3150803AE80000200000000000000000000000900089E
S3150803AE900000000000000000000000000000EF00B2
S3150803AEA0FD05000900001D03FAFA0303FE01F2007B
S3150803AEB0000EEF0000000000000000000000EC0B8D
S3150803AEC028000000000000000000000000EF00005A
S3150803AED00000000000000000000000000000000061
S3150803AEE00000000000000000FB0000FBFD0000005E
S3150803AEF00000000000000000000000000000000041
S3150803AF00FE00F800000100000325FAFE0908F8030D
S3150803AF1000000303FC00000000000000000000001E
S3150803AF20DB0800000000000000000000000000002D
S3150803AF30000000F8000000F800000000FAFF000017
S3150803AF4000FA00FD00F20000000000000000000007
S3150803AF5000ED0000000001000000000000FD0000F5
S3150803AF60FB00FC00F8000000FB03FD0000F8FDF9F8
S3150803AF700000F800FD00F200FD0000E9FBF4FDF611
S3150803AF800000ED00F8FF0000000000000000FCFBD5
S3150803AF90FEFB00000000FA00FA04FD0600FEF9FEB7
S3150803AFA0FBFB00FDFFFE02F8FF000000E7FEFC00C6
S3150803AFB0FA00FEF2FD0000FEFE000000000200FE9D
S3150803AFC0FBFE050000000000000000000000000072
S3150803AFD00000000000000000000000000000000060
S3150803AFE0000000000000000000000000000004004C
S3150803AFF00000000000FA00FE000000FA030000004B
S3150803B000F8FDFA0000F800FD00F200000000E40075
S3150803B010FAF5F20000ED00FEFC0000000000000057
S3150803B02000FDFCFFFC01000005FC00090EFDFDF711
S3150803B030030E0506F8030C030806080000000000C3
S3150803B040000000000000120EFBFD00FE170C17009F
S3150803B05000000300000B0000FB00000000000000D6
S3150803B0600000FE00000000000000000400000000CD
S3150803B070E8FDFEF4F20000ED000000000000000009
S3150803B080000000000000000000FB000000000000B4
S3150803B090000000FE0000000000000000040000009D
S3150803B0A000E8FDFEF4F20000F400000000000000D2
S3150803B0B0000000000000000000000000FE00000081
S3150803B0C0F90300FD020503F700FFFE030002000073
S3150803B0D00000F900FDFEFA00FDF40012FD00FAFE79
S3150803B0E000FEFB00FDF8FAFD000000FB000000006F
S3150803B0F00000000000FE000000000000000004003D
S3150803B100000000E8FDFEF4F20000ED000000000078
S3150803B110000E00000000000000000000FB00F7FD21
S3150803B120FD09FDFDF401FE01FEF801060102010217
S3150803B130F9F4FD00F5FBF8F4F500FBFAFDFCFEFE59
S3150803B140FDFE00FEFF040004FE00090000000000E7
S3150803B15000000000000000FEFDFD0000F800FF00EF
S3150803B160FB0000000000000000000000EF000000E4
S3150803B1700000000000000000FDFD00FC00000000C8
S3150803B180FE0000FBFD0300FBFBFE00F8FEFAFEFDD6
S3150803B19000FB0000000000000000000000ED0009AD
S3150803B1A00000FB00000000FC00FD0000FF0000FE9D
S3150803B1B000F900000CFCF6F7020303FFF802040289
S3150803B1C009020AFEF80000F40000F7F80000FA0086
S3150803B1D0FCFB00FC00FC00FE0400FEF7FD0B000070
S3150803B1E0FD00FA000004F90003FD020000F600FE64
S3150803B1F0FF00FD03FE000000F4FDFA00F70000F26D
S3150803B200000BFD00FB000200FD00FDF700FD030037
S3150803B210000000FE000003FC010000FDFE00FD0027
S3150803B220000000000000000000000000000000000D
S3150803B230EE00060000FE000000000100FDFD000010
S3150803B240000600070000000000EEF0010C0905F4F3
S3150803B250020C000B000600000000000000000000BE
S3150803B260000F0000000000000000000000000000BE
S3150803B27000000000C4A6030888A5030826A6030839
S3150803B2803D3100006C680308F49F030860A50308B2
S3150803B29074B203081000022898030020D9A10108F4
S3150803B2A0FDA001081500040000FF010084B203088D
S3150803B2B0000000000000000000000000000000007D
S3150803B2C0000000000000000000000000000000006D
S3150803B2D0000000000000000000000000000000005D
S3150803B2E0000000000000000000000000000000004D
S3150803B2F0000000000000000000000000000000003D
S3150803B300000000000000000000000000000000002C
S3150803B3100000000000000000000000000000AC511F
S3150803B320BCD3B492B492AC31AC51A4118B4D938E69
S3150803B330ABF08B4E8B4E8410938E000000000000FA
S3150803B34000000000000000000000000000000000EC
S3150803B35000000000000000000000000000000000DC
S3150803B36000000000000000000000000000000000CC
S3150803B37000000000000000000000000000000000BC
S3150803B38000000000000000000000000000000000AC
S3150803B390000000000000000000000000000000009C
S3150803B3A0000000000000000000000000000000008C
S3150803B3B0000000000000000000000000000000007C
S3150803B3C0000000000000000000000000000000006C
S3150803B3D0000000000000000000000000000000005C
S3150803B3E0000000000000000000000000000000004C
S3150803B3F0000000000000000000000000000000003C
S3150803B400000000000000000000000000000000002B
S3150803B410000000000000000000000000000000001B
S3150803B420000000000000000000000000000000000B
S3150803B43000000000000000000000000000000000FB
S3150803B44000000000000000000000000000000000EB
S3150803B45000000000000000000000000000000000DB
S3150803B46000000000000000000000000000000000CB
S3150803B47000000000000000000000000000000000BB
S3150803B48000000000000000000000000000000000AB
S3150803B490000000000000000000000000000000009B
S3150803B4A08410C535D5B7D576C514CD56BCD3938E7A
S3150803B4B00000000000000000DD969BAF93F0734E7A
S3150803B4C07BAF83D08BAF93D0A3B1000000000000FD
S3150803B4D0000000000000000000000000000000005B
S3150803B4E0000000000000000000000000000000004B
S3150803B4F0000000000000000000000000000000003B
S3150803B500000000000000000000000000000000002A
S3150803B510000000000000000000000000000000001A
S3150803B520000000000000000000000000000000000A
S3150803B53000000000000000000000000000000000FA
S3150803B54000000000000000000000000000000000EA
S3150803B55000000000000000000000000000000000DA
S3150803B56000000000000000000000000000000000CA
S3150803B57000000000000000000000000000000000BA
S3150803B58000000000000000000000000000000000AA
S3150803B590000000000000000000000000000000009A
S3150803B5A0000000000000000000000000000000008A
S3150803B5B0000000000000000000000000000000007A
S3150803B5C0000000000000000000000000000000006A
S3150803B5D0000000000000000000000000000000005A
S3150803B5E0000000000000000000000000000000004A
S3150803B5F0000000000000000000000000000000003A
S3150803B6000000000000000000000000000000000029
S3150803B6100000000000000000000000000000000019
S3150803B62000000000000093B0DE18EE59D576AD751C
S3150803B63000000000000000000000000000000000F9
S3150803B6400000000000000000000000000000841055
S3150803B6509C718B8E8B6FA4710000000000000000A4
S3150803B66000000000000000000000000000000000C9
S3150803B67000000000000000000000000000000000B9
S3150803B68000000000000000000000000000000000A9
S3150803B6900000000000000000000000000000000099
S3150803B6A00000000000000000000000000000000089
S3150803B6B00000000000000000000000000000000079
S3150803B6C00000000000000000000000000000000069
S3150803B6D00000000000000000000000000000000059
S3150803B6E00000000000000000000000000000000049
S3150803B6F00000000000000000000000000000000039
S3150803B7000000000000000000000000000000000028
S3150803B7100000000000000000000000000000000018
S3150803B7200000000000000000000000000000000008
S3150803B73000000000000000000000000000000000F8
S3150803B74000000000000000000000000000000000E8
S3150803B75000000000000000000000000000000000D8
S3150803B76000000000000000000000000000000000C8
S3150803B77000000000000000000000000000000000B8
S3150803B78000000000000000000000000000000000A8
S3150803B7900000000000000000000000000000000098
S3150803B7A0000000000000000000000000AC72FEBBB1
S3150803B7B0EE7AAC92000000000000000000000000D2
S3150803B7C00000000000000000000000000000000068
S3150803B7D00000000084109C51B4F4BCF4A3F0BCB37D
S3150803B7E0C4B3B431D57500000000000000000000A2
S3150803B7F00000000000000000000000000000000038
S3150803B8000000000000000000000000000000000027
S3150803B8100000000000000000000000000000000017
S3150803B8200000000000000000000000000000000007
S3150803B83000000000000000000000000000000000F7
S3150803B84000000000000000000000000000000000E7
S3150803B85000000000000000000000000000000000D7
S3150803B86000000000000000000000000000000000C7
S3150803B87000000000000000000000000000000000B7
S3150803B88000000000000000000000000000000000A7
S3150803B8900000000000000000000000000000000097
S3150803B8A00000000000000000000000000000000087
S3150803B8B00000000000000000000000000000000077
S3150803B8C00000000000000000000000000000000067
S3150803B8D00000000000000000000000000000000057
S3150803B8E00000000000000000000000000000000047
S3150803B8F00000000000000000000000000000000037
S3150803B9000000000000000000000000000000000026
S3150803B9100000000000000000000000000000000016
S3150803B9200000000000000000000000000000000006
S3150803B9300000A3CEF6F9EE7ABCD30000000049C88E
S3150803B940838E8B4E8B8F93CF730C72AE00000000E1
S3150803B9500000000000009C51AC51CD76DDD7EE18EF
S3150803B960E5D7E5F7EDF7DD96CD14C472BBF0CCD376
S3150803B970C514ACB20000000000000000000000007F
S3150803B98000000000000000000000000000000000A6
S3150803B9900000000000000000000000000000000096
S3150803B9A00000000000000000000000000000000086
S3150803B9B00000000000000000000000000000000076
S3150803B9C00000000000000000000000000000000066
S3150803B9D00000000000000000000000000000000056
S3150803B9E00000000000000000000000000000000046
S3150803B9F00000000000000000000000000000000036
S3150803BA000000000000000000000000000000000025
S3150803BA100000000000000000000000000000000015
S3150803BA200000000000000000000000000000000005
S3150803BA3000000000000000000000000000000000F5
S3150803BA4000000000000000000000000000000000E5
S3150803BA5000000000000000000000000000000000D5
S3150803BA6000000000000000000000000000000000C5
S3150803BA7000000000000000000000000000000000B5
S3150803BA8000000000000000000000000000000000A5
S3150803BA900000000000000000000000000000000095
S3150803BAA00000000000000000000000000000000085
S3150803BAB00000000000000000AC71DCAAEE97DDF977
S3150803BAC00000630A7AECCD56E679FF1CFF1CEE7A72
S3150803BAD0D5D7C5349C51834D7AEC9C10CD75EE7938
S3150803BAE0F679EE38DDD7BD14B4D39BCFBCD3820821
S3150803BAF0830CC576B493AC31D575DD76DD55AC9339
S3150803BB000000000000000000000000000000000024
S3150803BB100000000000000000000000000000000014
S3150803BB200000000000000000000000000000000004
S3150803BB3000000000000000000000000000000000F4
S3150803BB4000000000000000000000000000000000E4
S3150803BB5000000000000000000000000000000000D4
S3150803BB6000000000000000000000000000000000C4
S3150803BB7000000000000000000000000000000000B4
S3150803BB8000000000000000000000000000000000A4
S3150803BB900000000000000000000000000000000094
S3150803BBA00000000000000000000000000000000084
S3150803BBB00000000000000000000000000000000074
S3150803BBC00000000000000000000000000000000064
S3150803BBD00000000000000000000000000000000054
S3150803BBE00000000000000000000000000000000044
S3150803BBF00000000000000000000000000000000034
S3150803BC000000000000000000000000000000000023
S3150803BC100000000000000000000000000000000013
S3150803BC200000000000000000000000000000000003
S3150803BC3000000000000000000000000000000000F3
S3150803BC40BBE9FD8AD554000083D093AFFF5DFFDFC0
S3150803BC50FF3CF6FBF6FBFF3CFFFFFFBEEDF8B451D6
S3150803BC60CD75FEFBEE59D5D6C5759C51000000006F
S3150803BC700000000000000000000000000000B4F40B
S3150803BC80B4B30000D596F638C4F3000000000000EC
S3150803BC900000000000000000000000000000000093
S3150803BCA00000000000000000000000000000000083
S3150803BCB00000000000000000000000000000000073
S3150803BCC00000000000000000000000000000000063
S3150803BCD00000000000000000000000000000000053
S3150803BCE00000000000000000000000000000000043
S3150803BCF00000000000000000000000000000000033
S3150803BD000000000000000000000000000000000022
S3150803BD100000000000000000000000000000000012
S3150803BD200000000000000000000000000000000002
S3150803BD3000000000000000000000000000000000F2
S3150803BD4000000000000000000000000000000000E2
S3150803BD5000000000000000000000000000000000D2
S3150803BD6000000000000000000000000000000000C2
S3150803BD7000000000000000000000000000000000B2
S3150803BD8000000000000000000000000000000000A2
S3150803BD900000000000000000000000000000000092
S3150803BDA00000000000000000000000000000000082
S3150803BDB00000000000000000832C834C938E84103F
S3150803BDC0000000000000DDB6E4A8ED0BDD960000D8
S3150803BDD0A411FFBEFF3CF6DAF6DBF6DBFF7DF71CA4
S3150803BDE0D5B6CD54E617FEDAF638E595C471934D04
S3150803BDF00000000000000000000000000000000032
S3150803BE00000000000000BDD7D535E6590000CD96E1
S3150803BE10FEFCB43100000000000000000000000032
S3150803BE200000000000000000000000000000000001
S3150803BE3000000000000000000000000000000000F1
S3150803BE4000000000000000000000000000000000E1
S3150803BE5000000000000000000000000000000000D1
S3150803BE6000000000000000000000000000000000C1
S3150803BE7000000000000000000000000000000000B1
S3150803BE8000000000000000000000000000000000A1
S3150803BE900000000000000000000000000000000091
S3150803BEA00000000000000000000000000000000081
S3150803BEB00000000000000000000000000000000071
S3150803BEC00000000000000000000000000000000061
S3150803BED00000000000000000000000000000000051
S3150803BEE00000000000000000000000000000000041
S3150803BEF00000000000000000000000000000000031
S3150803BF000000000000000000000000000000000020
S3150803BF100000000000000000000000000000000010
S3150803BF200000000000000000000000000000000000
S3150803BF3000000000000000000000000000009B4B0A
S3150803BF40D48AE4EBD48AC44BC44CABAAA36ACC2BDD
S3150803BF50FDEBCC4C7AEC6A49EEBBFFDEFEFCF6FB46
S3150803BF60F73CFF7DDDF7CCD3E596F637E554D47178
S3150803BF70D492ED34FE17F595C4308B2C9C510000F2
S3150803BF80000000000000000000008BAF6AAAACB3F3
S3150803BF90BC319BAFA51400009BD0EDD8CD1400008F
S3150803BFA00000000000000000000000000000000080
S3150803BFB00000000000000000000000000000000070
S3150803BFC00000000000000000000000000000000060
S3150803BFD00000000000000000000000000000000050
S3150803BFE00000000000000000000000000000000040
S3150803BFF00000000000000000000000000000000030
S3150803C000000000000000000000000000000000001F
S3150803C010000000000000000000000000000000000F
S3150803C02000000000000000000000000000000000FF
S3150803C03000000000000000000000000000000000EF
S3150803C04000000000000000000000000000000000DF
S3150803C05000000000000000000000000000000000CF
S3150803C06000000000000000000000000000000000BF
S3150803C07000000000000000000000000000000000AF
S3150803C080000000000000000000000000000000009F
S3150803C090000000000000000000000000000000008F
S3150803C0A0000000000000000000000000000000007F
S3150803C0B0000000000000000000000000000000006F
S3150803C0C000000000ABEEE50AFDCDF58DF58DFDAD5F
S3150803C0D0F56BFE0DDC6ACC29FDADDC69B305C4B28C
S3150803C0E0FEFCDDD7DDF7EE99DD95B3EFCC51F5B65A
S3150803C0F0D4B2BBAFDCB3FDD7FDF7F595ED75EDB55A
S3150803C100FE17FDB6D4F39BF0F8009BD09BCFABEF9D
S3150803C110BC30C471CC92CC92D471CC91CC71C4305E
S3150803C120ABCEB3CEC451938F0000000000000000CD
S3150803C13000000000000000000000000000000000EE
S3150803C14000000000000000000000000000000000DE
S3150803C15000000000000000000000000000000000CE
S3150803C16000000000000000000000000000000000BE
S3150803C17000000000000000000000000000000000AE
S3150803C180000000000000000000000000000000009E
S3150803C190000000000000000000000000000000008E
S3150803C1A0000000000000000000000000000000007E
S3150803C1B0000000000000000000000000000000006E
S3150803C1C0000000000000000000000000000000005E
S3150803C1D0000000000000000000000000000000004E
S3150803C1E0000000000000000000000000000000003E
S3150803C1F0000000000000000000000000000000002E
S3150803C200000000000000000000000000000000001D
S3150803C210000000000000000000000000000000000D
S3150803C22000000000000000000000000000000000FD
S3150803C230000000000000000000008410B48FBC4E0C
S3150803C240CCD2A3CF730C5B6D0000A34CE50AF5AD06
S3150803C250E52CE54CE54CED4CED4BF58CCC09DCAA0D
S3150803C260F56CED0EBBACDD77E618E679FEDADD3460
S3150803C270BBEFDCF3F5B6D492BC0FCC51D4B2D4F3EE
S3150803C280F5D6FDD7ED75F5B6FE18F5D6DCD2AB2C8B
S3150803C290A32CD492E534ED14ED13ED13ED13ECF35F
S3150803C2A0ED33F595FDF6FE58FE57F594EDD6DD9676
S3150803C2B0BC928B6E00000000000000000000000026
S3150803C2C0000000000000000000000000000000005D
S3150803C2D0000000000000000000000000000000004D
S3150803C2E00000FFFF0000000000000000000000003F
S3150803C2F0000000000000000000000000000000002D
S3150803C300000000000000000000000000000000001C
S3150803C310000000000000000000000000000000000C
S3150803C32000000000000000000000000000000000FC
S3150803C33000000000000000000000000000000000EC
S3150803C34000000000000000000000000000000000DC
S3150803C35000000000000000000000000000000000CC
S3150803C36000000000000000000000000000000000BC
S3150803C37000000000000000000000000000000000AC
S3150803C380000000000000000000000000000000009C
S3150803C390000000000000000000000000000000008C
S3150803C3A0000000000000000000000000000000007C
S3150803C3B000000000000000000000000000008410D8
S3150803C3C0B40BE4EBCC4AAB8B930B7A4A4186000059
S3150803C3D07AEBDC89FDCDED2CED4CED4CED4CED4CBB
S3150803C3E0ED4BED2BD44AE4C8F58FE639DE59FF3C0D
S3150803C3F0FFBDFEFACC92CC30F5B6E554CC71DD34EC
S3150803C400FE58FDF7E514CC51C430DD14FE59ED751D
S3150803C410B3AE9ACBA30CD471ED54F595F5B6E4F304
S3150803C420E4F3E534E514DCF3DCB2DCB2D4B1DCF2D4
S3150803C430F5B5FE37FE58FEBAFEFBE5958B6E000092
S3150803C44000000000000000000000000000000000DB
S3150803C45000000000000000000000000000000000CB
S3150803C46000000000000000000000D67ACE39000064
S3150803C47000000000000000000000000000000000AB
S3150803C480000000000000000000000000000000009B
S3150803C490000000000000000000000000000000008B
S3150803C4A0000000000000000000000000000000007B
S3150803C4B0000000000000000000000000000000006B
S3150803C4C0000000000000000000000000000000005B
S3150803C4D0000000000000000000000000000000004B
S3150803C4E0000000000000000000000000000000003B
S3150803C4F0000000000000000000000000000000002B
S3150803C500000000000000000000000000000000001A
S3150803C510000000000000000000000000000000000A
S3150803C52000000000000000000000000000000000FA
S3150803C53000000000000000000000000000000000EA
S3150803C54000000000BCD3D48AFD6ADCCDCCB300005E
S3150803C550000000000000BCD3E4CBFDCDE52CED4C78
S3150803C560ED4CED2DE54CE54BED4BE50BE48AF56B10
S3150803C570EE16EE5AFF9EFF9CE5B6BBCFDCF3EDD66F
S3150803C580D4B2D4D2EDB6F5F7ED96ED76F5B7FE1837
S3150803C590ED75C410A30CAB2DB3AFD492F5B7F5D78D
S3150803C5A0EDB7ED96ED76ED55ED55ED76ED76ED9623
S3150803C5B0F597F596E534DCB3DCD3DD13F618FEBB45
S3150803C5C0F659FEDAF617A430000000000000000052
S3150803C5D0000000000000000000000000000000004A
S3150803C5E0000000000000000000000000000000003A
S3150803C5F00000FFFF9CD300000000000000000000BD
S3150803C6000000000000000000000000000000000019
S3150803C6100000000000000000000000000000000009
S3150803C62000000000000000000000000000000000F9
S3150803C63000000000000000000000000000000000E9
S3150803C64000000000000000000000000000000000D9
S3150803C65000000000000000000000000000000000C9
S3150803C66000000000000000000000000000000000B9
S3150803C67000000000000000000000000000000000A9
S3150803C6800000000000000000000000000000000099
S3150803C6900000000000000000000000000000000089
S3150803C6A00000000000000000000000000000000079
S3150803C6B00000000000000000000000000000000069
S3150803C6C000000000000000000000B4D3D469FE0B8C
S3150803C6D0B3EC00000000000000000000A493BC09AE
S3150803C6E0FDADE52CED4CE54CED4CED4CE54BED4B3A
S3150803C6F0ED6CDCAAD3E8FEB6E67AEE59FF9DDD5467
S3150803C700BBCFF595ED75CC51E554F617ED96ED7659
S3150803C710ED76ED96F5D7ED76E535E4D4BBCFDD13A7
S3150803C720FE37F5B5ED53ED32ED31ED32ED32ED323F
S3150803C730ED32ED32ED31ED12ED12ED12ED53F574E6
S3150803C740ECF1DC8DDC6FE555FE7AFE7AFEFBDD75D2
S3150803C750ACB3000000000000000000000000000069
S3150803C76000000000000000000000000000000000B8
S3150803C770000000000000000000000000A5140000EF
S3150803C7800000000000000000000000000000000098
S3150803C7900000000000000000000000000000000088
S3150803C7A00000000000000000000000000000000078
S3150803C7B00000000000000000000000000000000068
S3150803C7C00000000000000000000000000000000058
S3150803C7D00000000000000000000000000000000048
S3150803C7E00000000000000000000000000000000038
S3150803C7F00000000000000000000000000000000028
S3150803C8000000000000000000000000000000000017
S3150803C8100000000000000000000000000000000007
S3150803C82000000000000000000000000000000000F7
S3150803C83000000000000000000000000000000000E7
S3150803C84000000000F800A3EFA3AAA36D93CF94D327
S3150803C850ADB89B29DBA7930A7BD16BCF6B4D000041
S3150803C86000000000ABABF56BED4DED4CED2CED2C5C
S3150803C870ED4CE54CED4BED4BED4ADC48DD12FF5E26
S3150803C880EE38FEDAD513C3F0F5D7DCF3CC71EDD663
S3150803C890F617ED96ED75ED96F5F7ED97DCD4D470AE
S3150803C8A0DC8FED31FDB1ED2DE4CBECCAECCAECCA55
S3150803C8B0ECC9ECCAECCAECAAECAAECAAECAAECAA58
S3150803C8C0ECAAECAAE4CBE4CBE4A9ECC9E469CBA9CA
S3150803C8D0D44DF593F5F6FEDCC4F5AD7500000000FE
S3150803C8E00000000000000000000000000000000037
S3150803C8F00000000000000000000000000000000027
S3150803C9000000FFFFA4F40000000000000000000080
S3150803C9100000000000000000000000000000000006
S3150803C92000000000000000000000000000000000F6
S3150803C93000000000000000000000000000000000E6
S3150803C94000000000000000000000000000000000D6
S3150803C95000000000000000000000000000000000C6
S3150803C96000000000000000000000000000000000B6
S3150803C97000000000000000000000000000000000A6
S3150803C9800000000000000000000000000000000096
S3150803C9900000000000000000000000000000000086
S3150803C9A00000000000000000000000000000000076
S3150803C9B00000000000000000000000000000000066
S3150803C9C0000000000000000000009B8DD46AD429F3
S3150803C9D0BC0DB4119BD10000B4D3DC67D46BACD5C2
S3150803C9E09D369CD38CB200000000932EDCAAF5ADCD
S3150803C9F0E52CED4CED2CE54CE52CED2BED2BE50963
S3150803CA00E50AEE13FEDBFF1CF658C431CC51F5D606
S3150803CA10D4B2D4D3F5F7EDD6ED96ED76F5D7F5F88A
S3150803CA20E4F3D44ED44CECECF52BE4E9E4C9ECCAB4
S3150803CA30ECCAECCAECEAECCAECE9ECEAECC9E4A900
S3150803CA40ECCAECCAECEBF50BECEAECAAE4A9E4AA0B
S3150803CA50E48AE4AAE4AAECCACBC8BB06DC4BF570A5
S3150803CA60ECF2B49300000000000000000000000090
S3150803CA7000000000000000000000000000000000A5
S3150803CA800000000000000000000094B2AD7500002D
S3150803CA900000000000000000000000000000000085
S3150803CAA00000000000000000000000000000000075
S3150803CAB00000000000000000000000000000000065
S3150803CAC00000000000000000000000000000000055
S3150803CAD00000000000000000000000000000000045
S3150803CAE00000000000000000000000000000000035
S3150803CAF00000000000000000000000000000000025
S3150803CB000000000000000000000000000000000014
S3150803CB100000000000000000000000000000000004
S3150803CB2000000000000000000000000000000000F4
S3150803CB3000000000000000000000000000000000E4
S3150803CB400000000000000000000000000000726BF7
S3150803CB50B3E9FDAAED2BBC9100000000000000001C
S3150803CB60C44EDCA7DD940000000000000000A410FA
S3150803CB707A699A86FDADED4DED4CED4CED4CE54BE2
S3150803CB80ED2AE529ED2AED6EF695FF3BFEFBFF1B25
S3150803CB90BBEFC410F5D6CC71E534F617EDB6ED76D2
S3150803CBA0ED96F618ED76D46FD40AE489ED0AECEB24
S3150803CBB0ECEBECEBECECECECECECECEDECEDED0D82
S3150803CBC0ED0CED0DF50DF50DECACDC2AD40AD3E925
S3150803CBD0DC29ECCBF52CE4CAE48AE48AE4AAE4AAC1
S3150803CBE0E4CAD409B306CBC7FD0BB38A0000000019
S3150803CBF00000000000000000000000000000000024
S3150803CC000000000000000000000000000000000013
S3150803CC1000009CB3C61800000000000000000000D6
S3150803CC2000000000000000000000000000000000F3
S3150803CC3000000000000000000000000000000000E3
S3150803CC4000000000000000000000000000000000D3
S3150803CC5000000000000000000000000000000000C3
S3150803CC6000000000000000000000000000000000B3
S3150803CC7000000000000000000000000000000000A3
S3150803CC800000000000000000000000000000000093
S3150803CC900000000000000000000000000000000083
S3150803CCA00000000000000000000000000000000073
S3150803CCB00000000000000000000000000000000063
S3150803CCC00000000000000000000000000000000053
S3150803CCD000000000A452C3E8FE4DDCA9CD540000B1
S3150803CCE00000000000000000D48BE52DC6180000E4
S3150803CCF000009B4DB3EBE4CBCBC9ED4CF58DE52B8F
S3150803CD00E54BE54CE52CED4BED4DE56FF614FEFAD8
S3150803CD10EE97E5F6FE9ACCD2C430EDB5CCB1ED75F7
S3150803CD20F5F7E596ED96F5D7F5F8DCB2CBAADBE889
S3150803CD30ECABECABECEBED0CECECECECED0DF52C19
S3150803CD40F52DED0DE4CCE48BE46CE46CE46CE46C57
S3150803CD50E46CE44BE44BDC0ACBC9C3A9C3A9DC8A5C
S3150803CD60F50BE4AAE48AE48AE48AED0BE4AAB2E8BA
S3150803CD70D40ADC29A45000000000000000000000CB
S3150803CD800000000000000000000000000000000092
S3150803CD9000000000000000000000841000000000EE
S3150803CDA00000000000000000000000000000000072
S3150803CDB00000000000000000000000000000000062
S3150803CDC00000000000000000000000000000000052
S3150803CDD00000000000000000000000000000000042
S3150803CDE00000000000000000000000000000000032
S3150803CDF00000000000000000000000000000000022
S3150803CE000000000000000000000000000000000011
S3150803CE100000000000000000000000000000000001
S3150803CE2000000000000000000000000000000000F1
S3150803CE3000000000000000000000000000000000E1
S3150803CE4000000000000000000000000000000000D1
S3150803CE5000000000000000000000B4D3BBC8FE0CAD
S3150803CE60ED4AD4D000000000000000000000AC9199
S3150803CE70CC29E59400007AEBBC0CDCAAFE0EDC8B0D
S3150803CE80CC0AF5EEE52BE54CED93EDB4EDB4EDB434
S3150803CE90EDD6F619E5F7DD73E574F5F6D4B2CC717C
S3150803CEA0E574D4B2EDB6F5F7EDB6EDD7F5D7E55596
S3150803CEB0CC0ECB68E469ECCBECECED2CECECED0C8E
S3150803CEC0F54CED0CE48ADC4ADC29D428DC28DC287A
S3150803CED0DC28DC48E449E468E489ECCBECCBF50BC5
S3150803CEE0F52BE48AC3A9BB48C3A9E4CBED0BE48AB3
S3150803CEF0E48AE48AECCBE4ABAAC7D3A7BC6D0000EB
S3150803CF000000000000000000000000000000000010
S3150803CF100000000000000000000000000000000000
S3150803CF2000000000000000000000000000000000F0
S3150803CF3000000000000000000000000000000000E0
S3150803CF4000000000000000000000000000000000D0
S3150803CF5000000000000000000000000000000000C0
S3150803CF6000000000000000000000000000000000B0
S3150803CF7000000000000000000000000000000000A0
S3150803CF800000000000000000000000000000000090
S3150803CF900000000000000000000000000000000080
S3150803CFA00000000000000000000000000000000070
S3150803CFB00000000000000000000000000000000060
S3150803CFC00000000000000000000000000000000050
S3150803CFD00000000000000000000000000000000040
S3150803CFE000009B8BED2AF5ACDCA9D5960000000062
S3150803CFF0000000000000C553BBC9932CB42DDCAA5E
S3150803D000FD8CF5ADED6CC3AAE50DED6BED4CEDB5F9
S3150803D010EDB8EDB7EDD7F618EDF7E555D4D2DD94AF
S3150803D020FE98EDD6D4B2E554C40FE534F618EDD719
S3150803D030ED96E534DCB2D431DC6CED0AF52CED2C37
S3150803D040ED0CF52CF52CE4AADC2AD409D3E8D3E8AD
S3150803D050DC29E48AECCBECECECECECCCECCCECABDE
S3150803D060EC8BEC8AEC89ECA9E4A9ECC9F52BE48BE7
S3150803D070BB68B328D409ED0BE4AAE48AE46AECCBCB
S3150803D080E48AB2C5B369000000000000000000008E
S3150803D090000000000000000000000000000000007F
S3150803D0A00000000000005ACB00000000000000004A
S3150803D0B0000000000000000000000000000000005F
S3150803D0C0000000000000000000000000000000004F
S3150803D0D0000000000000000000000000000000003F
S3150803D0E0000000000000000000000000000000002F
S3150803D0F0000000000000000000000000000000001F
S3150803D100000000000000000000000000000000000E
S3150803D11000000000000000000000000000000000FE
S3150803D12000000000000000000000000000000000EE
S3150803D13000000000000000000000000000000000DE
S3150803D14000000000000000000000000000000000CE
S3150803D15000000000000000000000000000000000BE
S3150803D16000000000000000008410BC6BFDCCF58CA9
S3150803D170D4ADCDD700000000000000000000B42F96
S3150803D180C3E9B36800000000E50CF5ADD46AC40929
S3150803D190F5ACED4EED94EDB7E575F5D6F5F7D4B2E6
S3150803D1A0D4B2ED75F637FF19E595D4F3DCF3CC91D4
S3150803D1B0F5F7F5B6E575E514E514E4F2DCD2F5758D
S3150803D1C0F596ED2FED0BF52CED0CDC6AD40AD3C8D6
S3150803D1D0D3E8E48BF530F592F5B3F5B4EDB4EDB4D5
S3150803D1E0ED95EDB5ED94ED94ED73ED31ED10ECCFD2
S3150803D1F0E4CDE4ACE48AE4A9ED09D449B308BB68F1
S3150803D200E4AAECCBE46AE46AECEBE46A9226B49209
S3150803D21000000000000000000000000000000000FD
S3150803D220000000000000000000005AAB630C8410E5
S3150803D23000000000000000000000000000000000DD
S3150803D24000000000000000000000000000000000CD
S3150803D25000000000000000000000000000000000BD
S3150803D26000000000000000000000000000000000AD
S3150803D270000000000000000000000000000000009D
S3150803D280000000000000000000000000000000008D
S3150803D290000000000000000000000000000000007D
S3150803D2A0000000000000000000000000000000006D
S3150803D2B0000000000000000000000000000000005D
S3150803D2C0000000000000000000000000000000004D
S3150803D2D0000000000000000000000000000000003D
S3150803D2E0000000000000000000000000000000002D
S3150803D2F09410CC4AF5ACED2BD4EF000000000000E7
S3150803D3000000000082EDC3CBD42ADCAB000000008A
S3150803D31000000000CC09DCCCED91ED95ED96ED759A
S3150803D320FDF7E554C430CC91ED75F5D7F698F65765
S3150803D330CC71CC91DCB2ED75EDB5E514E514E57564
S3150803D340F5B6F5B5ED95ED75ED55F550ED2BDC6AAE
S3150803D350D409D3E7DC49ED30F5D4F616FE38F6588A
S3150803D360F638F637F636F616F615F615F615F616EC
S3150803D370EDF6EDF6EDF7ED76ED35ED34ED12ECEF72
S3150803D380E4ADECEBECEAC388BB48E46AECABE48AAD
S3150803D390DC69ED0AC366936F000000000000000015
S3150803D3A00000000000000000000000000000BCD3DD
S3150803D3B08B4E738E00000000000000000000000082
S3150803D3C0000000000000000000000000000000004C
S3150803D3D0000000000000000000000000000000003C
S3150803D3E0000000000000000000000000000000002C
S3150803D3F0000000000000000000000000000000001C
S3150803D400000000000000000000000000000000000B
S3150803D41000000000000000000000000000000000FB
S3150803D42000000000000000000000000000000000EB
S3150803D43000000000000000000000000000000000DB
S3150803D44000000000000000000000000000000000CB
S3150803D45000000000000000000000000000000000BB
S3150803D46000000000000000000000000000000000AB
S3150803D4700000000000000000B514D429F58DF5ADB1
S3150803D480BC0C0000000000000000A38CD449ECABE0
S3150803D490CC6A0000000000000000D489BB6BF59637
S3150803D4A0ED96ED75ED95F5D6D4B2C3EFDCF3FDF73E
S3150803D4B0EDB6EE99FEFAD4F3CC30DCF3F5B6DCD24E
S3150803D4C0DCF3ED75F5D7EDD6ED95ED75ED75ED96C2
S3150803D4D0F593E48AD409D408DC48F54FF616F65AC8
S3150803D4E0F67AF658F636F636F616F616F5F5F5F529
S3150803D4F0F5F5F5F5F5F4EDF5EDD5EDF5EDF5ED7594
S3150803D500ED74ED74F575F555ED14ECF2E4AFED0C29
S3150803D510DC4AD409E4A9E4A9E4A9DCA9F52AAB48B9
S3150803D520AD7900000000000000000000FFFFAC100A
S3150803D530B3AFA38FAC51938E834E00000000000057
S3150803D54000000000000000000000000000000000CA
S3150803D55000000000000000000000000000000000BA
S3150803D56000000000000000000000000000000000AA
S3150803D570000000000000000000000000000000009A
S3150803D580000000000000000000000000000000008A
S3150803D590000000000000000000000000000000007A
S3150803D5A0000000000000000000000000000000006A
S3150803D5B0000000000000000000000000000000005A
S3150803D5C0000000000000000000000000000000004A
S3150803D5D0000000000000000000000000000000003A
S3150803D5E0000000000000000000000000000000002A
S3150803D5F0000000000000000000000000000000001A
S3150803D6008C71CC6AFDADF56CCC8D000000009C7264
S3150803D610AB8AED2BFDADED2CED4D000000000000AF
S3150803D620ED2DB36CD492F5F7E554F5B6EDB6CC30DB
S3150803D630C40FED95F5B6E555F699FF3CE575C45067
S3150803D640E4F3ED34ED75EDB5FE17F617EDB6ED9586
S3150803D650E555E575ED95ED75DC4DD409E469F50BEE
S3150803D660F5D3F69BFEBCF699F657F657F656F636F5
S3150803D670FE36F636FE16F5F5F615F615FE36F616E5
S3150803D680F615F616F5B6F575FD95F554F534ED3339
S3150803D690ED13ED14ECF4E4F2E4F0ECCEE48CDC8A5E
S3150803D6A0DC49D449D469CB86A349D511BC2DC42CEE
S3150803D6B0CC0BC3CABBABAB6DAB6DAC30ACD1000006
S3150803D6C00000000000000000000000000000000049
S3150803D6D00000000000000000000000000000000039
S3150803D6E00000000000000000000000000000000029
S3150803D6F00000000000000000000000000000000019
S3150803D7000000000000000000000000000000000008
S3150803D71000000000000000000000000000000000F8
S3150803D72000000000000000000000000000000000E8
S3150803D73000000000000000000000000000000000D8
S3150803D74000000000000000000000000000000000C8
S3150803D75000000000000000000000000000000000B8
S3150803D76000000000000000000000000000000000A8
S3150803D7700000000000000000000000000000000098
S3150803D7800000000000000000FFFFBC2BFDACED2BE2
S3150803D790ED4F00009BB0C42AFD8BF58DED6DD48B40
S3150803D7A0D46A00000000E592D492CC72ED95E57533
S3150803D7B0F5B6ED74C3EFD450F5D6ED95E534F659C1
S3150803D7C0FF9DF658CC70C40FCC10ED13E554EDB598
S3150803D7D0EDB5E533E534ED95FE37FE98F617E534F2
S3150803D7E0D46FE489F4CBEDB5EE7AEE38EDF7EDD6E2
S3150803D7F0EDB5EDB4E5B4E573E553E553E532DD324E
S3150803D800DD12D4F2D4B1D491D471D40FCB8DC34CD9
S3150803D810BB2BBB2BC36CCBCECBCEC38DBB6CBB4D4B
S3150803D820BB4DBB4DBB4DBB4CB32CBB4CB32AC38AB8
S3150803D830CBA9AB06BBC9BBA9AB699B6B9B8D8410F4
S3150803D84000000000000000000000000000000000C7
S3150803D85000000000000000000000000000000000B7
S3150803D86000000000000000000000000000000000A7
S3150803D8700000000000000000000000000000000097
S3150803D8800000000000000000000000000000000087
S3150803D8900000000000000000000000000000000077
S3150803D8A00000000000000000000000000000000067
S3150803D8B00000000000000000000000000000000057
S3150803D8C00000000000000000000000000000000047
S3150803D8D00000000000000000000000000000000037
S3150803D8E00000000000000000000000000000000027
S3150803D8F00000000000000000000000000000000017
S3150803D9000000000000000000000000000000000006
S3150803D9100000BC2EED2AF5ACDC8CA36ED48AFDACD4
S3150803D920ED6DE54CF58DCC0AB326ED91F6B9EE19F6
S3150803D930D4D3D491F5B5F5B6E533BBADE4D2F5D674
S3150803D940E574ED55F5F7EEBAEE38CC71C430D4B2BA
S3150803D950ED54ED75E595EDF5F636FE58EDF7D53448
S3150803D960CCB1C470BC2FC470CC51DC6EFE99FEFCDE
S3150803D970F638EDB6EDB6EDD6EDD6EDD5EDD5EE1515
S3150803D980EDF5EDB4E553DD12E4D1E491DC91E492CF
S3150803D990E492E491E470D40FC38DBB4CB32BAAEB8A
S3150803D9A0AAEBB32CC3ADCBEFCBCEC38DC3AEC3CFDC
S3150803D9B0CBCFB32BC3ACDC6EE4719AED7B4E000080
S3150803D9C00000000000000000000000000000000046
S3150803D9D00000000000000000000000000000000036
S3150803D9E00000000000000000000000000000000026
S3150803D9F00000000000000000000000000000000016
S3150803DA000000000000000000000000000000000005
S3150803DA1000000000000000000000000000000000F5
S3150803DA2000000000000000000000000000000000E5
S3150803DA3000000000000000000000000000000000D5
S3150803DA4000000000000000000000000000000000C5
S3150803DA5000000000000000000000000000000000B5
S3150803DA6000000000000000000000000000000000A5
S3150803DA700000000000000000000000000000000095
S3150803DA800000000000000000000000000000000085
S3150803DA9000000000000000000000B4B2D469F5CD10
S3150803DAA0D46AD42AFDEDE52CE54DED4CF56BCC2A6D
S3150803DAB0C450EE7BE659EE17D492E534F5D6ED510C
S3150803DAC0BBACE4D3F5B5ED54F5B5E4F3DD95EEBAA1
S3150803DAD0E575CC30D4B2ED95F5F6EDF6FF1AFEDA18
S3150803DAE0DD95C513C4D3C4B2CCD2D533E5B4E57436
S3150803DAF0D4D2D513D555D4F3DD35EDD7F679FED97A
S3150803DB00FE99F677F636ED94E512E4B1DC50DC506F
S3150803DB10DC50DC30DC30DC30DC30DC30DC50ECB2C2
S3150803DB20FD54FD95ED13DC71D430CBEFCC0FD43017
S3150803DB30DC91ED34F575ECF3ECCEDC69C3C7DC8A0E
S3150803DB40ED0CED0FC3EDB3EF00000000000000007D
S3150803DB5000000000000000000000000000000000B4
S3150803DB6000000000000000000000000000000000A4
S3150803DB700000000000000000000000000000000094
S3150803DB800000000000000000000000000000000084
S3150803DB900000000000000000000000000000000074
S3150803DBA00000000000000000000000000000000064
S3150803DBB00000000000000000000000000000000054
S3150803DBC00000000000000000000000000000000044
S3150803DBD00000000000000000000000000000000034
S3150803DBE00000000000000000000000000000000024
S3150803DBF00000000000000000000000000000000014
S3150803DC000000000000000000000000000000000003
S3150803DC1000000000000000000000000000000000F3
S3150803DC200000FFFFC42BF5ACE52CE4ABED4DED2C62
S3150803DC30ED4DECEAF5AED595CD77DDB6FE9AE575ED
S3150803DC40D4B0F5B4F5B4C40BDCADFDB5ED34F59439
S3150803DC50DC90D4D2F6BAFF7CDD34CC30E554F5F645
S3150803DC60F617FE99CD34BC92BCB3CD34EE38FF1A01
S3150803DC70FEB9EE15E5B4E553D533D575D514DD34BC
S3150803DC80DD55DD75DD75E574E575F595ED54ECD271
S3150803DC90ECB1ECD2ECF2ECF2ECD2ECB2ECB2E4710D
S3150803DCA0DC50D430D430D430D430D450DCB2F5750B
S3150803DCB0FDD6FD75E513D4B1CC71CC71CC92E534A0
S3150803DCC0FDD5F572DC6EBB69DC49F52ABB88A2E98A
S3150803DCD0C3ACB41000000000000000000000000000
S3150803DCE00000000000000000000000000000000023
S3150803DCF00000000000000000000000000000000013
S3150803DD000000000000000000000000000000000002
S3150803DD1000000000000000000000000000000000F2
S3150803DD2000000000000000000000000000000000E2
S3150803DD3000000000000000000000000000000000D2
S3150803DD4000000000000000000000000000000000C2
S3150803DD5000000000000000000000000000000000B2
S3150803DD6000000000000000000000000000000000A2
S3150803DD700000000000000000000000000000000092
S3150803DD800000000000000000000000000000000082
S3150803DD900000000000000000000000000000000072
S3150803DDA0000000000000000000000000BC4FE4CAA9
S3150803DDB0F5AED44ADCCBED6DED0AE54DFF3CE65BEB
S3150803DDC0C514E617FEFBDD13E571F612DD52CC2DFD
S3150803DDD0ED4CED4FF56FDCADD430F679FFDFE5F7A3
S3150803DDE0CC50DD13EDD6F5F7E5B6C4B2C4B3E618E1
S3150803DDF0FF7CFF1BEDF7DD53DD33DD53E594EDD5EE
S3150803DE00FEB9FEFBFEDBFEFAFEDBFE79E574D49172
S3150803DE10D430D410DC71ED13FD74ED13ECF3ECF38D
S3150803DE20E4D2ECD3ECF3ED14ED54F575F5B5F575CD
S3150803DE30ED13DC91D451D450DC91F575FDB6FDB6DE
S3150803DE40FDD6ED34CC92C491C4B3DD77F5D8DCD4D2
S3150803DE50BBADCC0CCBAB9B6DD5F5C3EEABCF0000FE
S3150803DE6000000000000000000000000000000000A1
S3150803DE700000000000000000000000000000000091
S3150803DE800000000000000000000000000000000081
S3150803DE900000000000000000000000000000000071
S3150803DEA00000000000000000000000000000000061
S3150803DEB00000000000000000000000000000000051
S3150803DEC00000000000000000000000000000000041
S3150803DED00000000000000000000000000000000031
S3150803DEE00000000000000000000000000000000021
S3150803DEF00000000000000000000000000000000011
S3150803DF000000000000000000000000000000000000
S3150803DF1000000000000000000000000000000000F0
S3150803DF2000000000000000000000000000000000E0
S3150803DF3000000000AD75D48CFDCCD48BD44AF58B88
S3150803DF40E52BF698FF7FE638DDD7E638EDF6DD54A0
S3150803DF50FED8EE35D553F677ED4FED2DE4CBD42A1F
S3150803DF60F554FEFBF6FBDD34D491E574F637F5F785
S3150803DF70C4D2E616FF7CF677DD73D512DD33E5B436
S3150803DF80F656FE97F657F679F69AF679FE99FE99B6
S3150803DF90F617ED74ED34F595F575E4D3D450D42F0F
S3150803DFA0DC50ECF2ED13E4F2ED33ED54ED55ED747C
S3150803DFB0ED74F554ED54ED34F554F595F595E4D231
S3150803DFC0CC0FC3CFD471E4D2DC91D471E4D3D4712A
S3150803DFD0AB6DBC10DD75EDD7DD35CCB4DCB3BBCF8B
S3150803DFE0BD14B410B2CAA2EB8B8D0000000000006A
S3150803DFF00000000000000000000000000000000010
S3150803E00000000000000000000000000000000000FF
S3150803E01000000000000000000000000000000000EF
S3150803E02000000000000000000000000000000000DF
S3150803E03000000000000000000000000000000000CF
S3150803E04000000000000000000000000000000000BF
S3150803E05000000000000000000000000000000000AF
S3150803E060000000000000000000000000000000009F
S3150803E070000000000000000000000000000000008F
S3150803E080000000000000000000000000000000007F
S3150803E090000000000000000000000000000000006F
S3150803E0A0000000000000000000000000000000005F
S3150803E0B00000000000000000000000000000A34C60
S3150803E0C0F52AF5ACCC09E4C8EDF2F73EFF3CEE3889
S3150803E0D0D596E618D4F3EE16FF59D553DD94FF3AD1
S3150803E0E0F697E4EED409ED0AED90F6DBEE38DD1487
S3150803E0F0DCD3FE38F637C4B1F677FED8DD53D5122E
S3150803E100DD53EDF5FE97FE97F656F615EE16F69AD7
S3150803E110F69AF69AFE99F5D6E534E534ED54ED54B8
S3150803E120ED34ED54F554ECD2D42FD42FE4F2F5F6AE
S3150803E130F616EDD5ED55ED54F574F574F574F554F9
S3150803E140F534E4F3DCB2DC91DC91C3EFC3CFCC3016
S3150803E150CC0FDCB2DC92DC71E4F3E513E534F5D6D7
S3150803E160F5F8FE9BFEDBFE58ED75E4F3D3EFD3EE2D
S3150803E170C3CEBBAEBBEFB410ABEFA3AFFFFF00003C
S3150803E180000000000000000000000000000000007E
S3150803E190000000000000000000000000000000006E
S3150803E1A0000000000000000000000000000000005E
S3150803E1B0000000000000000000000000000000004E
S3150803E1C0000000000000000000000000000000003E
S3150803E1D0000000000000000000000000000000002E
S3150803E1E0000000000000000000000000000000001E
S3150803E1F0000000000000000000000000000000000E
S3150803E20000000000000000000000000000000000FD
S3150803E21000000000000000000000000000000000ED
S3150803E22000000000000000000000000000000000DD
S3150803E23000000000000000000000000000000000CD
S3150803E240000000000000A3AECBCAF5ACDC8ACBE81D
S3150803E250FE95F75FFF5EEE79CD34DDB6DD13FED9A5
S3150803E260F657D532FEB7F677FF1ADCEFDC48F54AE0
S3150803E270ED8FE5F8E638DD34F5D6EE16C4D1DDB410
S3150803E280E5D4D512DD73F657FE97F656F636F63607
S3150803E290F656F636F635F635F679F659ED95E55426
S3150803E2A0ED55ED35ED34ED53ED13E4F3E4F3ED54A9
S3150803E2B0FDF6F5D4DD32DD32EDD5EDB5ED54F57465
S3150803E2C0ED54E513E4D2DC91DC91DC91DC71DC914D
S3150803E2D0DCB1E4D2E4F3DCB2C3CFBB8DDC92DCB2AF
S3150803E2E0D450D450D430D450C410AB8DC4B2EDF747
S3150803E2F0DD55DD75E534D450D40FE450ECB1E4B202
S3150803E300D430CC2FBC0FABEFA3AF00000000000046
S3150803E31000000000000000000000000000000000EC
S3150803E32000000000000000000000000000000000DC
S3150803E33000000000000000000000000000000000CC
S3150803E34000000000000000000000000000000000BC
S3150803E35000000000000000000000000000000000AC
S3150803E360000000000000000000000000000000009C
S3150803E370000000000000000000000000000000008C
S3150803E380000000000000000000000000000000007C
S3150803E390000000000000000000000000000000006C
S3150803E3A0000000000000000000000000000000005C
S3150803E3B0000000000000000000000000000000004C
S3150803E3C00000000000000000000000000000ACD0C0
S3150803E3D0BB69DC6CF5ACCBE9E56FF5D1ED6FF69966
S3150803E3E0D5F9DDB6E594FEB8E5B6DD94FED8F6981C
S3150803E3F0F658E553ED0EF54CE4ABE5D7F6BAF5D684
S3150803E400EDF6C4B1DD74E5B4DD74F657FE98F65639
S3150803E410F635F636F656F656F636F635F636F6354E
S3150803E420F636EDD6ED74ED75ED75ED55ED54ED3324
S3150803E430F555F5D6F616F636FE36FE36FE57E55389
S3150803E440E4F2ED54ED34E4F3E4D2DCB2DCD2E4F3E3
S3150803E450E513ED34F574ED55ED34F554F555F575C9
S3150803E460F575DC92CC0FE4F3F575ED13E513E4F2D9
S3150803E470E513CC7092AACCD2CCD3BD76FFDFEEDB04
S3150803E480DDF7CD13B36DCBADE4B1E4D2ECD2DC71D9
S3150803E490CC30B3AEAC2F0000000000000000000033
S3150803E4A0000000000000000000000000000000005B
S3150803E4B0000000000000000000000000000000004B
S3150803E4C0000000000000000000000000000000003B
S3150803E4D0000000000000000000000000000000002B
S3150803E4E0000000000000000000000000000000001B
S3150803E4F0000000000000000000000000000000000B
S3150803E50000000000000000000000000000000000FA
S3150803E51000000000000000000000000000000000EA
S3150803E52000000000000000000000000000000000DA
S3150803E53000000000000000000000000000000000CA
S3150803E54000000000000000000000000000000000BA
S3150803E550000000000000AAB5B3AAAAE7DCCBECECDE
S3150803E560CBE9F54ADC48E532E659DE18EE16E5F658
S3150803E570E5F7E5D5FEB8FEFBE5B6E638EDB5ECCD31
S3150803E580D409F617FF5DF658C4B1DD33E594EE16E4
S3150803E590FED8F657F636F656F656F656F656F635C0
S3150803E5A0F636F636EE35F636F657EDB5ED54E5336B
S3150803E5B0E4D3E4D3E513E554DD32DCF1E533E513BF
S3150803E5C0DCD1DCB1DC91E4D2E4B2E4B1E4D2ED13FC
S3150803E5D0ED13F514ED14ED13ECF3ED13ED13ED1440
S3150803E5E0ED15ED15ED15ED14ED14F575E4D3C3EF3F
S3150803E5F0D471ED33E4F2E4F3E4D3F554E4D3BB8EF8
S3150803E6009B0CD69A0000000000000000DEDBA30C7A
S3150803E610CBADD42FD450DCB1DCB1ECD2C41000009E
S3150803E62000000000000000000000000000000000D9
S3150803E63000000000000000000000000000000000C9
S3150803E64000000000000000000000000000000000B9
S3150803E65000000000000000000000000000000000A9
S3150803E6600000000000000000000000000000000099
S3150803E6700000000000000000000000000000000089
S3150803E6800000000000000000000000000000000079
S3150803E6900000000000000000000000000000000069
S3150803E6A00000000000000000000000000000000059
S3150803E6B00000000000000000000000000000000049
S3150803E6C00000000000000000000000000000000039
S3150803E6D00000000000000000000000000000000029
S3150803E6E07206D46BCC0AF54CD42AE4CAECCBDC709C
S3150803E6F0E530D533F699E5D4E596EE37F6D9EE59EE
S3150803E700DD75FEDBF677D42EE450F5F6FF7DCD13E3
S3150803E710D4F2EDD5F697F6B8F656F656F656F656F5
S3150803E720F676F656F635F635F636EE16EE15EE3772
S3150803E730F678EDF6EDB6E534DD34EDF7F658F67909
S3150803E740EDD6DCD1DC6EE44FE4D2E4D2DC91DC71A5
S3150803E750DC71DC50D430DC50DC50E471ECB2ECF301
S3150803E760E4D2DC92E490E4ADE4CEE4D0ECF3ED1429
S3150803E770ED15ED14F555ED34CC0FD470ED34E4F303
S3150803E780E4D3DCB2ED14ED14A2AABD5500000000D3
S3150803E790000000000000E75EBC11DC2FB36CC42F39
S3150803E7A0E4F2C34D822900000000000000000000C7
S3150803E7B00000000000000000000000000000000048
S3150803E7C00000000000000000000000000000000038
S3150803E7D00000000000000000000000000000000028
S3150803E7E00000000000000000000000000000000018
S3150803E7F00000000000000000000000000000000008
S3150803E80000000000000000000000000000000000F7
S3150803E81000000000000000000000000000000000E7
S3150803E82000000000000000000000000000000000D7
S3150803E83000000000000000000000000000000000C7
S3150803E84000000000000000000000000000000000B7
S3150803E85000000000000000000000000000000000A7
S3150803E860000000000000A3ECD572FE94E468E4EB14
S3150803E870ED0AE4ABDCCEE4F4F532C46FE659FED90F
S3150803E880DD54F679FEDAE596E5D7FF1BF679DCB0B3
S3150803E890ECD2E512E637CD54F617EDF6FEB9F65681
S3150803E8A0F657FEB8F657E5B4E5B4E5B4F636F656C4
S3150803E8B0EE16F658F679F679F67AF69AF69AEDF7A3
S3150803E8C0FE79FEBAF69AF69AFEBBFEBBF617ED522A
S3150803E8D0E4D0E4B0ECF2F534F534ED13E4D2E471A4
S3150803E8E0DC50D430D40FD42FD450E492ECD1E4CDF9
S3150803E8F0DCA9E489DC8BDCACE4CEE4F1ECF3ED349F
S3150803E900ED55C40FD450ED34E4D3DCD2E4B2E4D2EB
S3150803E910F513B34DB555F7BEDE58D573C4AFBC6D05
S3150803E920BBEEC38EC3CEA30B9A8982299C92BE39AA
S3150803E930CE59B576B4B3AC30A3CF9BAF9BCFAC71EE
S3150803E9409CD3000000000000000000000000000047
S3150803E95000000000000000000000000000000000A6
S3150803E9600000000000000000000000000000000096
S3150803E9700000000000000000000000000000000086
S3150803E9800000000000000000000000000000000076
S3150803E9900000000000000000000000000000000066
S3150803E9A00000000000000000000000000000000056
S3150803E9B00000000000000000000000000000000046
S3150803E9C00000000000000000000000000000000036
S3150803E9D00000000000000000000000000000000026
S3150803E9E00000000000000000000000009C0FD53363
S3150803E9F0FFFE00000000DCAAED4DF594DC92E490DE
S3150803EA00F5D4DD74D575FF7DE5B6F679F6BAE5B6C0
S3150803EA10EE38FEDBEE39E573DC70DCD1CD33EE5927
S3150803EA20F637EDF6F677FE98F658E5D6DD75DD7416
S3150803EA30DCF2DD13E595EDF7F699F69AF69AF69A6A
S3150803EA40F69AF6DBEDF7EDF8FEBBF67AF67AF67A82
S3150803EA50F679F679FE9AF6DAF638ED74E510E48E69
S3150803EA60E470E491ECD3F514F514ECF2E4B2D45162
S3150803EA70D410D40FD40FDC30E4AFE4CEDCABDC899E
S3150803EA80DC89DC6ADC8CDCAEE4F1E4F3CBF0D4722B
S3150803EA90ED34E4F3E4B2E4B1DCD2E4D3A2EB9ACBEB
S3150803EAA0C38BB2C4BB89C48DEE79C576BB8EE4929B
S3150803EAB050A3B55500000000000000000000FFFF4A
S3150803EAC0FF9FFF9ED5B7A3EFAC30B472C4F4C4104E
S3150803EAD00000000000000000000000000000000025
S3150803EAE00000000000000000000000000000000015
S3150803EAF00000000000000000000000000000000005
S3150803EB0000000000000000000000000000000000F4
S3150803EB1000000000000000000000000000000000E4
S3150803EB2000000000000000000000000000000000D4
S3150803EB3000000000000000000000000000000000C4
S3150803EB4000000000000000000000000000000000B4
S3150803EB5000000000000000000000000000000000A4
S3150803EB600000000000000000000000000000000094
S3150803EB7000008410BD34FFFFEE1400000000D449E2
S3150803EB80E4D0F573E4F1E594FEB7F698CD13EE9960
S3150803EB90EE18F679F6BAE5F7F679F659EE59F677F1
S3150803EBA0D3ECDC4FDD96FF3CEE17F658F6B9E5D7FE
S3150803EBB0E5B6E5B6EE38F699F658FE9AF679E5F728
S3150803EBC0EE59F6BAF69AF69AF69AF69AEDD7F659EA
S3150803EBD0F67AF67AF67AF679F679F678F679F679AA
S3150803EBE0F67AFE9BF679EDD5ED73ED32E4AFDC6E7E
S3150803EBF0DC6FE4B1E4D2E4B1ECCFE4CBDC69DC6AE4
S3150803EC00DC4CD40BDC4BE48CE4ABDC8ADC6AD489BD
S3150803EC10D46AE4ACE4AECBEDCBEFE4D3ED14E4B2C3
S3150803EC20DCB2DCD2ECF3B2EBC4B3000000000000A4
S3150803EC3000000000CD969A8AAB4CAC720000000027
S3150803EC4000000000000000000000EF3CCDB7000004
S3150803EC508410AC72B451AC10BCD3C51400000000C8
S3150803EC600000000000000000000000000000000093
S3150803EC700000000000000000000000000000000083
S3150803EC800000000000000000000000000000000073
S3150803EC900000000000000000000000000000000063
S3150803ECA00000000000000000000000000000000053
S3150803ECB00000000000000000000000000000000043
S3150803ECC00000000000000000000000000000000033
S3150803ECD00000000000000000000000000000000023
S3150803ECE00000000000000000000000000000000013
S3150803ECF000000000000000000000ACB3EF1DFF7D1C
S3150803ED00000000000000DC6BDC2DFE35E5D5EE16B1
S3150803ED10F697FEF9D555D555F6BAF6BAF69AE5F73E
S3150803ED20F6BAEE38F69AF6BAE48FED95EE9AF6DA6F
S3150803ED30FEDBF67AE596E5D7F699FEDAF699F679DD
S3150803ED40F6BAF6BAF6BAFEBAEE38F679F69AF69A35
S3150803ED50F69AF69AEDD7F659F67AF67AF679F679B1
S3150803ED60F678F679F679F659F639F639F639F67AFA
S3150803ED70FE9BF69AF617ED94E511DCB0DC4EDC0C37
S3150803ED80D3E9D3E8D3E8D3E7D3C7CBC8CBC9D40AE7
S3150803ED90DC6BE4ABE4CBE4CBE4AAE4A9E4A9E4CAD8
S3150803EDA0D428C38BCC2FE512E4F3DCB2DCB1E48FB1
S3150803EDB0ABACE71C00000000000000007BD07AAA79
S3150803EDC0FDD5AB0BB5140000000000000000DE996A
S3150803EDD0AC2FA3D0C61800000000000000009CD387
S3150803EDE0B471B3F0B4520000000000000000000044
S3150803EDF00000000000000000000000000000000002
S3150803EE0000000000000000000000000000000000F1
S3150803EE1000000000000000000000000000000000E1
S3150803EE2000000000000000000000000000000000D1
S3150803EE3000000000000000000000000000000000C1
S3150803EE4000000000000000000000000000000000B1
S3150803EE5000000000000000000000000000000000A1
S3150803EE600000000000000000000000000000000091
S3150803EE700000000000000000000000000000000081
S3150803EE800000ACF4FFFFF635000000000000E4883C
S3150803EE90ED30FEFAE594E5D4F697F698EE38CD14F8
S3150803EEA0EE79F6DBF69AEE18F679EE58FEDBEE38CF
S3150803EEB0EE17F71BF6BAFEFBEE79DD76EE18FEFAC9
S3150803EEC0F699F699F699F699F69AF69AF69AF69AB5
S3150803EED0F67AF67AF69AF69AF69AF6BAE5D7EE181F
S3150803EEE0F6BBF679F679F679F679F679F659F638B8
S3150803EEF0F639F639F639F639F639F639F67AFE9BDE
S3150803EF00FE9AF616EDB4ED73E512DCB0DC4ECBECE7
S3150803EF10C3AAC369C368B306AAA5B306C388C3A9A4
S3150803EF20C3A9C3A8C3A7CBC8D429CBC7B327BB696F
S3150803EF30CC0DE4AEDCCBDCAAD3C6A36AFFFF000084
S3150803EF40DDF772290000D5D7CC30FD34B3F00000C5
S3150803EF50F77EBD149B8C9309CD13FFFF00000000B9
S3150803EF6000000000000000000000FFFFAC51ABF0FA
S3150803EF70D5D70000000000000000000000000000D4
S3150803EF800000000000000000000000000000000070
S3150803EF900000000000000000000000000000000060
S3150803EFA00000000000000000000000000000000050
S3150803EFB00000000000000000000000000000000040
S3150803EFC00000000000000000000000000000000030
S3150803EFD00000000000000000000000000000000020
S3150803EFE00000000000000000000000000000000010
S3150803EFF00000000000000000000000000000000000
S3150803F00000000000000000000000BD55FFFFF5D218
S3150803F010000000000000ED2FF676FE98E5B4E5B48F
S3150803F020FE97F677FF1BD535DD55FF5CF6DAF659FD
S3150803F030EE38EE79FEFBEE38EE59F6DAFEDBEE59DC
S3150803F040DD96EE79FEFBF699F699F69AF69AF69A0E
S3150803F050F69AF69AF69AF69AF67AF6BBFF1CF69A93
S3150803F060EE59FEBAEE19E5B7FEBAF679F679F679E8
S3150803F070F679F659F639F659F659F639F639F63967
S3150803F080F639F639F638F638F638F658FE59FE598B
S3150803F090FE59F658FE58FE38FE18EDB6E553DCF170
S3150803F0A0D48FCC0CBB67C38BCBF0C3CEC3AABB67C9
S3150803F0B0BB46C388C3A8B3079A66A2E6B367C3C8A1
S3150803F0C0DC6BCB87CCAED51269E7000000009492BF
S3150803F0D0930AD40E82298B6EB513B471DDF6FFFF3E
S3150803F0E0000000000000000000000000000000000F
S3150803F0F0000000000000BCD3934EBD34000000009E
S3150803F10000000000000000000000000000000000EE
S3150803F11000000000000000000000000000000000DE
S3150803F12000000000000000000000000000000000CE
S3150803F13000000000000000000000000000000000BE
S3150803F14000000000000000000000000000000000AE
S3150803F150000000000000000000000000000000009E
S3150803F160000000000000000000000000000000008E
S3150803F170000000000000000000000000000000007E
S3150803F180000000000000000000000000000000006E
S3150803F1900000C576FFFFFF1CF56FE50DEDB5FE799B
S3150803F1A0FED9F697E5B4E574FE97F698FEFBE618DE
S3150803F1B0CD14FF3CF6DBEE59EE38F6BAF6BAF69AF4
S3150803F1C0EE99FEDBF659DD96F699FEDAF69AF69A85
S3150803F1D0F69AF69AF69AF69AF69AF69AF69AF6BA7E
S3150803F1E0FF1CEE38D555D535D515EE18FEFBDDB61D
S3150803F1F0EDF7FEBAF659F679F679F639F639F65988
S3150803F200F638F638F638F638F659F659F638F6383B
S3150803F210F638F618F5F8FE39FE39F638F617F5F71F
S3150803F220F5F7F618EDF8F5F6F5F6F616F5B2DC8EFB
S3150803F230DC91E514ED13ECEFDC8CDC6BD44AD44992
S3150803F240D428C3C8BB68B348CBC9DC4A89A2598743
S3150803F25000005B6D52CB4A8C6A8AAAC491E2A41059
S3150803F260000000000000000000000000000000008D
S3150803F270000000000000000000000000000000007D
S3150803F280CD77A3F100000000000000000000000095
S3150803F290000000000000000000000000000000005D
S3150803F2A0000000000000000000000000000000004D
S3150803F2B0000000000000000000000000000000003D
S3150803F2C0000000000000000000000000000000002D
S3150803F2D0000000000000000000000000000000001D
S3150803F2E0000000000000000000000000000000000D
S3150803F2F000000000000000000000000000000000FD
S3150803F30000000000000000000000000000000000EC
S3150803F31000000000000000000000B514FFFFF6FD22
S3150803F320D556C472CCB4CCB3CCB2DD74EDF5E57363
S3150803F330F678F69AF69AFF1CD535E5F7FF3BEE59AC
S3150803F340F659F6DBF69AF6BAFEFBF679DD96F69AE1
S3150803F350FEDAF69AF69AF69AF69AF69AF69AF69AD4
S3150803F360F69AF69AFF1CF659D555D514DD96F6592D
S3150803F370EE19E5F7FEBAF679DD55F658FEBAF6380C
S3150803F380F639F659F639F638F638F638F638F638D9
S3150803F390F638F658F67AFE79F658F638FE38F5B69C
S3150803F3A0EDB5F617FE17FE38F618EDF7EDD7EDB5FA
S3150803F3B0E594E553E553E532DCCFDC90DCB2E4F4BF
S3150803F3C0E534E4D2DCB0DC8FDC8DDC8CDC8BDC6AE8
S3150803F3D0D428D428B3279B089BCC93AE936E0000FE
S3150803F3E0ACF5C408DC26AC2E0000000000000000C3
S3150803F3F00000DEFB00000000000000000000000023
S3150803F40000000000000000000000BD35B4B3000092
S3150803F41000000000000000000000000000000000DB
S3150803F42000000000000000000000000000000000CB
S3150803F43000000000000000000000000000000000BB
S3150803F44000000000000000000000000000000000AB
S3150803F450000000000000000000000000000000009B
S3150803F460000000000000000000000000000000008B
S3150803F470000000000000000000000000000000007B
S3150803F480000000000000000000000000000000006B
S3150803F490000000000000000000000000000000005B
S3150803F4A00000B4F3FF1CEEBAE5D8E535D4B1CC6F4A
S3150803F4B0CCD2CCB1DD53DD32EDF6FEBAF6DBFF1C5A
S3150803F4C0E5D6D514FEFAF679F69AF6BAF69AF6BAA0
S3150803F4D0F699DDB6F69AFEDBF69AF69AF69AF69A50
S3150803F4E0F69AF69AF69AF67AFEFBFEBBD596D514E5
S3150803F4F0DD96FEBBFF1CF69BF67AF658F678FEBA3F
S3150803F500F618D554FE79F659EDF7F638F659F6385E
S3150803F510F638F637F638F638F638F5F7E552EDB431
S3150803F520F637FE7AFE9AE510DC2DED12ED33ED5330
S3150803F530ED95EDB6EDD6EDF5EDF4EDB4DD32D4F299
S3150803F540CCD1D46FDCB1E4D3E534E575E4F3DCB2AE
S3150803F550DCD3DCD2DCB1DC8FD46DD44CE4ABEC89E0
S3150803F560D406C3E6BBC9C3CDA36E9A67C2C6A38C2A
S3150803F57000000000000000000000BDD700000000E6
S3150803F580000000000000000000000000000000006A
S3150803F5900000D67AB49300000000000000000000C3
S3150803F5A0000000000000000000000000000000004A
S3150803F5B0000000000000000000000000000000003A
S3150803F5C0000000000000000000000000000000002A
S3150803F5D0000000000000000000000000000000001A
S3150803F5E0000000000000000000000000000000000A
S3150803F5F000000000000000000000000000000000FA
S3150803F60000000000000000000000000000000000E9
S3150803F61000000000000000000000000000000000D9
S3150803F62000000000000000000000A493CD76FFDF71
S3150803F630F678ECABE426F571FF1AFEB8EE15EDF590
S3150803F640EDF7F6DBF6BAF636F657DD53EE17F69A06
S3150803F650F69AF69AF6BAF6BADDD7EE79FEFBF6BA55
S3150803F660F69AF69AF69AF69AF69AF69AF6BAFF1B5F
S3150803F670E618D514DD56F69AFEFCF67AF67AF67A85
S3150803F680F679F679F679F638FE99E5B6D534FE793C
S3150803F690F659E5D7EE18FE59F638F637F638F6383A
S3150803F6A0F618F638ED52DC8DED52ED94EDB4F5B659
S3150803F6B0E4F2DCB1ED12DCB1DC91E4B1E4D0E4F1BF
S3150803F6C0E531E552EDB4EDB4D512D4F2ED54E4F4D4
S3150803F6D0DCF3E5B5E5B5DCD2DCB1DCD2DCB2DCD3F0
S3150803F6E0DCD3DCB2CC2FBB8BDC8EE4ABE4A9DB48E2
S3150803F6F0CA06B9C6B146A1E7CD55E79E0000000084
S3150803F700F79E9D14000000000000000000000000A2
S3150803F710000000000000000000000000BD15FC1FEB
S3150803F72000000000000000000000000000000000C8
S3150803F73000000000000000000000000000000000B8
S3150803F74000000000000000000000000000000000A8
S3150803F7500000000000000000000000000000000098
S3150803F7600000000000000000000000000000000088
S3150803F7700000000000000000000000000000000078
S3150803F7800000000000000000000000000000000068
S3150803F7900000000000000000000000000000000058
S3150803F7A00000000000000000000000000000000048
S3150803F7B00000B4F4C576FFFFEDD3E3E3ED0EFEB91F
S3150803F7C0FE77FE77FE76FE98FEFBF6B9ED72E551F7
S3150803F7D0EE35F615F636EE57F678F699FEDBE5F7C7
S3150803F7E0EE38FEFBF699F69AF69AF69AF69AF69A8A
S3150803F7F0F67AFEDBFEDAD575D514EE38FEFBF69AF5
S3150803F800F67AF67AF65AF679F679F679FE79EE18ED
S3150803F810E5B6F638EE18EE18F659F638E5D6F617BD
S3150803F820FE58F638F638F638F618F618FE59F5B5CA
S3150803F830DCCEE4D0E4F2E513E534D4F2DCF3E534C4
S3150803F840E534E4D3E4D2DC91D450D42FD44FDCB0DE
S3150803F850E4F1E4F2E4D2E514E555D513EE17F61709
S3150803F860DCF3D491DCB1DCB2DCB2DCB2CC10AACCCA
S3150803F8709B0DAC11BBCEBBACCBABCB6AD34ADAC8B8
S3150803F880B963B1C6BB6DFEBA94F473920000000067
S3150803F8900000000000000000000000000000000057
S3150803F8A000000000AD750000000000000000000025
S3150803F8B00000000000000000000000000000000037
S3150803F8C00000000000000000000000000000000027
S3150803F8D00000000000000000000000000000000017
S3150803F8E00000000000000000000000000000000007
S3150803F8F000000000000000000000000000000000F7
S3150803F90000000000000000000000000000000000E6
S3150803F91000000000000000000000000000000000D6
S3150803F92000000000000000000000000000000000C6
S3150803F93000000000000000000000C576FF9EF6DC0C
S3150803F940ED2EE489FE77F678E573DD53DD53E5B6E8
S3150803F950EDF6D46EDC71ED94ED93ED73EDB3EE36FF
S3150803F960F657F6DAEE39E5D7FEDAF69AF69AF69AFE
S3150803F970F69AF69AF69AF69AFEFBEE59CCF4D575EC
S3150803F980FEDBFEBBF67AF67AF67AF679F679F67937
S3150803F990F679F659F679EE18DD55EDD7FEBAF65926
S3150803F9A0F638F639F618E595EDF7FE58F638F618EB
S3150803F9B0F5F7F617F618FE59EDB4E48FE4D2ED34ED
S3150803F9C0ECF2E4F2D4B1CCB2CCB3E575E575DD134C
S3150803F9D0ED75ED75E4F3D470D430D40CD409D44B57
S3150803F9E0DCCFCCB2BC51E596FE59DD14D451DCB15B
S3150803F9F0DCB2DCB2E4D2E4D3B3AF834D00007B4E72
S3150803FA007B6E8B2CAB6CA32BB30AC247D9E680A2B9
S3150803FA104062A2ABBB6E00000000000000000000BD
S3150803FA2000000000000000000000000000000000C5
S3150803FA3000000000000000000000000000000000B5
S3150803FA4000000000000000000000000000000000A5
S3150803FA500000000000000000000000000000000095
S3150803FA600000000000000000000000000000000085
S3150803FA700000000000000000000000000000000075
S3150803FA800000000000000000000000000000000065
S3150803FA900000000000000000000000000000000055
S3150803FAA00000000000000000000000000000000045
S3150803FAB00000000000000000000000000000000035
S3150803FAC0A493DE59FF9EEE17ECAAED71E5D5D53260
S3150803FAD0E573E5B4EDF6F618D4B0DCB1E514F5D65E
S3150803FAE0F575DCD1E5B4F657F658F659E5D7F69A1F
S3150803FAF0F6BAF69AF69AF69AF69AF69AF69AFEFBEC
S3150803FB00E5F7CCF3EE18FEFCF67AF67AF67AF67A89
S3150803FB10F67AF678F679F679F679F659FE79EDF7FF
S3150803FB20DD34EDD7FE79F639F638F638F637F617B3
S3150803FB30E555EDD6FE58F5F8F5F7F617F5D6F5F6C5
S3150803FB40FE59F5D7DC8FE4D1ED34ECF3ED12E5126B
S3150803FB50D4B1CC93D4F4EDB7E576DD35E596F6174F
S3150803FB60F5B6E532DCAED44ACBC6DCCED514BC3109
S3150803FB70D514F659E575D451DCB3DCB3DC92DC92C3
S3150803FB80ECF4D4518B6D00000000BC11BBD07BCFC5
S3150803FB907B6F8BEE92EB48A391E6E288BA47AAA954
S3150803FBA0A410000000000000000000000000000090
S3150803FBB00000000000000000000000000000000034
S3150803FBC00000000000000000000000000000000024
S3150803FBD00000000000000000000000000000000014
S3150803FBE00000000000000000000000000000000004
S3150803FBF000000000000000000000000000000000F4
S3150803FC0000000000000000000000000000000000E3
S3150803FC1000000000000000000000000000000000D3
S3150803FC2000000000000000000000000000000000C3
S3150803FC3000000000000000000000000000000000B3
S3150803FC400000000000009B539C52FFFFF6DCEE14F5
S3150803FC50ECA9DCB0DD53F656FE97F677FF3ACC915E
S3150803FC60B36DFDF7FDF7E534CC0FE552F677F615D8
S3150803FC70F636E5B6EE59FEDBF69AF69AF69AF69A4C
S3150803FC80F69AF6BAFEFBDDB6D514F69AFEDCF67AD4
S3150803FC90F67AF67AF679F679F679F678F679F679DA
S3150803FCA0F679F659F679EDF8DD14E5B6FE9AFE59B6
S3150803FCB0F638F658EDD6F5F7FE59DD55E555FE182F
S3150803FCC0FE38F617F5F7EDB5EDB5FE59F5F7DC8F02
S3150803FCD0E4D2E513E4F2E4F2E511D4B0CCB3D4F4F8
S3150803FCE0EDB6EDD6D514D514DD95F638FE39EDB750
S3150803FCF0E513D48CE553E597CCD3CCD4DDD7E552BD
S3150803FD00D40BDC6EDC70D492D493E4D4D472A3AF50
S3150803FD1093B0AB8FCD7600000000AC727A6A834E3F
S3150803FD20736E834CA2EABA47BA48A2AA9CD30000C8
S3150803FD3000000000000000000000000000000000B2
S3150803FD4000000000000000000000000000000000A2
S3150803FD500000000000000000000000000000000092
S3150803FD600000000000000000000000000000000082
S3150803FD700000000000000000000000000000000072
S3150803FD800000000000000000000000000000000062
S3150803FD900000000000000000000000000000000052
S3150803FDA00000000000000000000000000000000042
S3150803FDB00000000000000000000000000000000032
S3150803FDC00000000000000000000000008410728B91
S3150803FDD0DE7AFFBEF6BCF5F3DC29DD12FE97F635AF
S3150803FDE0FE76FE98D4D1B3AEE534FDF7DD13C42F02
S3150803FDF0E534ED93EDB4F636EDF6EE38F6BAF67964
S3150803FE00F69AF69AF69AF69AF6BBFEDADD75D5559C
S3150803FE10FEBBFEBBF65AEE59F67AF679F679F6790B
S3150803FE20F679F679F679F679F658F639F659EDF755
S3150803FE30DD35E575FE79EDF7F617FE58EDF7CC9245
S3150803FE40E596FE9ADD34D513FE37FE37F5F7F61732
S3150803FE50ED96E555F5F8F5F6DC8FE4D2E513E513EB
S3150803FE60E4F4E4D1E4F0CC91C492DD75FE59EDD601
S3150803FE70D4F3D513DD54EDD7FE59E5B7DD75ED9605
S3150803FE80F618E5D7CD35D595D4ABD408D46DD46C4F
S3150803FE90D46CD48DE4D0ECF1AB2B828B0000BCD2AE
S3150803FEA0B3CFA30CB4B100000000000000008BCF51
S3150803FEB0ABAEBAEABB0AAB6D000000000000000057
S3150803FEC00000000000000000000000000000000021
S3150803FED00000000000000000000000000000000011
S3150803FEE00000000000000000000000000000000001
S3150803FEF000000000000000000000000000000000F1
S3150803FF0000000000000000000000000000000000E0
S3150803FF1000000000000000000000000000000000D0
S3150803FF2000000000000000000000000000000000C0
S3150803FF3000000000000000000000000000000000B0
S3150803FF4000000000000000000000000000000000A0
S3150803FF500000D4D3B4F4DE39F71CFF1CF6DCF571C4
S3150803FF60DC2BEE16F636FE97F616BC0FBC0FED9590
S3150803FF70FE38D492BBEFED74F5F8E532E4EFF637C5
S3150803FF80FE9AF679EE38F69AF69AF69AF69AF6DB22
S3150803FF90FEBAD534DD76FEBBF69BF67AEE18F6592D
S3150803FFA0F679F679F679F679F679F679F659F65908
S3150803FFB0F639F638F638F658ED96D4F4E5B6E55438
S3150803FFC0F5F7F638FE79F5F7C471D514FE99DD54BD
S3150803FFD0CC91FDF7FE38F5F7FE17F5B6DD34E57572
S3150803FFE0ED94E4D1E4D2E4F3E4D2E4D3E471E4F1A6
S3150803FFF0E573CCD3BC71EDF7FEBAEDB6DD54CCD3BD
S31508040000CCD3E596EDF7DD54CCF3DD75EE18D5566D
S31508040010CD34CC70CC30CC4FCC08C3C7C3A9C3A845
S31508040020D409C3EAAB89AB4B932CFFFF000000004D
S3150804003000000000000000000000736E938DB34DAD
S31508040040BBCEB4D20000000000000000000000008F
S31508040050000000000000000000000000000000008E
S31508040060000000000000000000000000000000007E
S31508040070000000000000000000000000000000006E
S31508040080000000000000000000000000000000005E
S31508040090000000000000000000000000000000004E
S315080400A0000000000000000000000000000000003E
S315080400B0000000000000000000000000000000002E
S315080400C0000000000000000000000000000000001E
S315080400D000000000000000000000ACB3FF9ECDD76E
S315080400E0FF5DFF3DF6DCE4EEDC6DF637FE98E5745D
S315080400F0B3AED4B2F5D6FDF7D492BBCEED75F5D62C
S31508040100ED75DC90E551F6BAF69AE5F7F679F6BA9E
S31508040110F69AF69AF6BAF6BAD515E5B7FEDBF67A7E
S31508040120FE9AE5F7EE18FE99F679F679F679F679F0
S31508040130F679F659F639F639F659F658F638FE992F
S31508040140EDB6CCD3CCF3F5B5F5F6F5F7F617FE59B7
S31508040150FE38C492CCB2FE99E554BC0FF5D7FE58C6
S31508040160F5F6F617F5F7DD55DD35DD13E4F1E4F3B9
S31508040170E4D3E4B1E4D2E4B2DCB0F553D534B43113
S31508040180DD54FE79F658F679DD96CCD3D4F3E596A4
S31508040190E596DD54DD95E5D7CD75CD34C3CFBBAF34
S315080401A0C3CFBB89C3C8CC2ABBA9B368AAC582C9AD
S315080401B0000000000000000000000000000000002D
S315080401C00000000000008370AC50BC10BD34000071
S315080401D0000000000000000000000000000000000D
S315080401E000000000000000000000000000000000FD
S315080401F000000000000000000000000000000000ED
S3150804020000000000000000000000000000000000DC
S3150804021000000000000000000000000000000000CC
S3150804022000000000000000000000000000000000BC
S3150804023000000000000000000000000000000000AC
S31508040240000000000000000000000000000000009C
S31508040250000000000000000000000000000000008C
S315080402609C31DE7AFFBEC576FF9EFF5DF6DCDCAD0B
S31508040270DC6FFE79D513ABCDED95FDF7F5D6DCB27B
S31508040280B38EED75F5D6E514DC2FE511FEFBF69A6B
S31508040290E596F699F6BAF69AF67AF6BAF6BAD53528
S315080402A0E5B7FEDBF67AFEBAE5D7E5D6FE99F67922
S315080402B0F679F679F679F659F639F639F639F659B4
S315080402C0F659F638F638F658F5F7E555CCD2EDB5BD
S315080402D0F5D5F5B4F5F7F638F637FE79D4D3BC1068
S315080402E0FE38ED96BBCFED95FE79EDD7EDD7F6172B
S315080402F0EDB6DD35D4B2D44FECD2ECF3E4B1E4B2C6
S31508040300E4B2DC90ED73EDF7B450CCD2F658F67936
S31508040310FF1CF69AD514C491CCB2CCD3CCD3DD95B4
S31508040320E618EE59E5B6DC92DCD4D490BBA8AB2724
S31508040330A308AB08D409AB47B4F4000000000000D6
S31508040340000000000000000000000000000000009B
S315080403500000834D9B6ECD150000000000000000D0
S31508040360000000000000000000000000000000007B
S31508040370000000000000000000000000000000006B
S31508040380000000000000000000000000000000005B
S31508040390000000000000000000000000000000004B
S315080403A0000000000000000000000000000000003B
S315080403B0000000000000000000000000000000002B
S315080403C0000000000000000000000000000000001B
S315080403D0000000000000000000000000000000000B
S315080403E000000000000000009C31FF9EF71CC57643
S315080403F0FF7EFF7EFEFCD46CECF2DD55AC0EFE5798
S31508040400FE17F5B5E513B36DED55FDD7DCB3D40F7B
S31508040410E510F6BAFEDBDD75E618F6BAF67AF67A6C
S31508040420F69AFEBBD535E5B7FEDBF679F6BAEE38AD
S31508040430DD55FE79F679F679F679F679F659F639C7
S31508040440F639F659F659F659F659F638F638F618C5
S31508040450FE9AE555C451E554FE36F5D5ED72ED948C
S31508040460FE59F5D6FE58DD34B3EFED96F5B6B3CF9F
S31508040470DD34FE38EDF7E5B6EDD7F617EDB6D4B2AA
S31508040480C3EED450ED13ECF2E4D1E4D2DC70F5D526
S31508040490F659C471BC91F638F679FEDBFF1CE5F70C
S315080404A0CCF4C4B2BC51B431B451B431BC71C471C6
S315080404B09ACB928B9ACAAB47D46ADCEBD46BD42812
S315080404C0A307FC1F00000000000000000000000055
S315080404D0000000000000000000000000830D936E79
S315080404E000000000000000000000000000000000FA
S315080404F000000000000000000000000000000000EA
S3150804050000000000000000000000000000000000D9
S3150804051000000000000000000000000000000000C9
S3150804052000000000000000000000000000000000B9
S3150804053000000000000000000000000000000000A9
S315080405400000000000000000000000000000000099
S315080405500000000000000000000000000000000089
S315080405600000000000000000000000000000000079
S3150804057072ECFFFFFF5DC576F73CFF7EFF3CD40BAC
S31508040580C3CEC4B2F656FE77EDB5ED75B38EDCF37D
S31508040590FDD7D472D42FED31F69AFF3DDDB6DD963C
S315080405A0FEDBF67AF67AF67AFEDBDD76E576FEDAB1
S315080405B0F679F679FE99DD55EE18FE99F679F67907
S315080405C0F659F659F639F639F639F639F659F63941
S315080405D0F639F638F638F618FE59DD14D4D3CCB302
S315080405E0E553FE15F5D5DC8EF594FE39F5D6FE7978
S315080405F0EDB6BBEFD4F3EDB6BC10CCB2FE38F617A5
S31508040600EDB6EDB5F5D6F618DD54CC0FC3ADD4501A
S31508040610ECF3ECF3DC71DCF2F618F639CCF3BC51E6
S31508040620EE38F69AF69AFEFBFEFCEE79DDF7EDF760
S31508040630E5D7D534B430BC91C4B2CC51D451CC0D21
S31508040640B368B368BBA9CC4ACBE6938C0000000018
S315080406500000000000000000000000000000000088
S31508040660000000000000736D8C51000000000000BB
S315080406700000000000000000000000000000000068
S315080406800000000000000000000000000000000058
S315080406900000000000000000000000000000000048
S315080406A00000000000000000000000000000000038
S315080406B00000000000000000000000000000000028
S315080406C00000000000000000000000000000000018
S315080406D00000000000000000000000000000000008
S315080406E000000000000000000000000000000000F8
S315080406F00000000000000000838FFFBFFFDFC576FF
S31508040700E69AFF9FFF3CD40D9AEBEE18FEB9EDF579
S31508040710FE16C3EFCC50FE17D470D471ED32F658DA
S31508040720FF1CEE18D555FEBBF67AF67AF67AFEDB8A
S31508040730E5D7DD55FEBAF699F679FEBAE596DD757E
S31508040740FEBAF679F679F659F659F638EE38F659C0
S31508040750F639F639F639F639F639F638F617FE580B
S31508040760E596EDB7ED96CCD2CC50ED34FE38ED9344
S31508040770D3EBF5D7FE38F5B6FE18F618C471C4518E
S31508040780E555C450C451EDB6F618EDB6ED96EDB67A
S31508040790F5F7EDB6D491C3AEC3AECBEFE4B2E4D16C
S315080407A0E554EDF7FE59D555BC92F639F6BAF67AFC
S315080407B0F69AF679E5F8E5D7DD76EE18EDF8C4721B
S315080407C0B430BC71C411C3ABBB87BB89BBA8BB8996
S315080407D0C3889AC7841000000000000000000000C7
S315080407E00000000000000000000000000000C61819
S315080407F0738E0000000000000000000000000000E6
S3150804080000000000000000000000000000000000D6
S3150804081000000000000000000000000000000000C6
S3150804082000000000000000000000000000000000B6
S3150804083000000000000000000000000000000000A6
S315080408400000000000000000000000000000000096
S315080408500000000000000000000000000000000086
S315080408600000000000000000000000000000000076
S315080408700000000000000000000000000000000066
S315080408809C92F6DBFFFFC596D5F8FFDFFF3CC4B3A1
S31508040890B472FF1CF638FE77DD12BBAEFDD6D491D2
S315080408A0CC50F553ED73F6DBF6DBD514EE18FEDB08
S315080408B0F67AF67AFE9AEE18EDB6FE9AF679F6798F
S315080408C0FE9AF638DD14FE99F679F659F639F6598C
S315080408D0F639EDD7F638F659F639F639F639F639DA
S315080408E0F639F638F618F617E575DD34EDB6DD345F
S315080408F0CC71C3EFFDB6FE79DCD0D40CF5D6F61868
S31508040900EDD7EDD7FE37D512BC2FCCB1C471C4319F
S31508040910DD14F5F7F617EDD6EDD6DD54E554E4F314
S31508040920D430C430C430C40FE554FE79F618FE79C1
S31508040930DD96C4B3F659FEBBF679EE18F639F659C0
S31508040940D555C4B2E576FE9AEDD7B4519C0F934DAE
S31508040950A286C388BBA8B368BBAAB367B3CDFFFF97
S315080409600000000000000000000000000000000075
S315080409700000000000008410A51400000000000018
S315080409800000000000000000000000000000000055
S315080409900000000000000000000000000000000045
S315080409A00000000000000000000000000000000035
S315080409B00000000000000000000000000000000025
S315080409C00000000000000000000000000000000015
S315080409D00000000000000000000000000000000005
S315080409E000000000000000000000000000000000F5
S315080409F000000000000000000000000000000000E5
S31508040A0000000000000000008BD0E6BAFFFFD5F80E
S31508040A10C596FFFFFF5DBD35C555FEBAF638FE37E8
S31508040A20C40EE513ED13CC0FF575ED12ED94FF3CEA
S31508040A30DD76DD96FEFBF659F679F679FE99EE171C
S31508040A40CD14EDF8FE9AF659FEBAD554E5D6FEBA93
S31508040A50F659F638F639FE7AE596E5F7F679F6396B
S31508040A60F639F639F639F659F638F638F638F5F722
S31508040A70DCF3CC91FE79ED95D4D2BBEFCBEFFE999E
S31508040A80F658DC4EDC4EEDD6EDF7ED96EDB4F615DC
S31508040A90EDB4C470BC30BC30C471CCB2DD55FE585C
S31508040AA0F618EE17E5B6D514CC51F618F699CCD245
S31508040AB0C4B2D555DD76E5B7FEBAE5D7D555FEFBFE
S31508040AC0FEBAE5B7F639EE18EE38CCF492CBC492F2
S31508040AD0EDF7FE79BCF30000AC929AC6C387B368F7
S31508040AE0B348C3EABB45BB47C44DAAAB00000000E4
S31508040AF00000000000000000000000000000841050
S31508040B00FFFF0000000000000000000000000000D5
S31508040B1000000000000000000000000000000000C3
S31508040B2000000000000000000000000000000000B3
S31508040B3000000000000000000000000000000000A3
S31508040B400000000000000000000000000000000093
S31508040B500000000000000000000000000000000083
S31508040B600000000000000000000000000000000073
S31508040B700000000000000000000000000000000063
S31508040B800000000000000000000000000000000053
S31508040B908370CDF8FFFFE6BBC575FF9EF6DCCD96E0
S31508040BA0EE39F659FE79D491CC50F595CBEFED3460
S31508040BB0F595E4D1F5F6EE7AD534FEBAF659F65932
S31508040BC0F679FEB9FEBABC50AC10F699EE38F67949
S31508040BD0E5D7D514FE9AF639F639F638FE9AE5B706
S31508040BE0DD55F679F659F639F639F659F659F639D8
S31508040BF0F638F638F638FE38C430DD13FE38FE58B3
S31508040C00E534D451B36DD4B1FF1CED94D42FDC8FE5
S31508040C10ED94E595E594EDD4EDB4FDF6DD12BC0E40
S31508040C20AB8DC471DD13CCD2E5B6F679F659EE3838
S31508040C30DD75D514DDB6EE38EDD7DD75E5B7DD76A9
S31508040C40D575EE18D555BC92BC72CCF4DDB6D575FF
S31508040C50EE38DD54A36EBC51B450DD95FE18C4F3CA
S31508040C60000000008A88D448DC8AAB099B8DA36AF5
S31508040C70AAC4B326B42E0000000000000000000039
S31508040C800000000000000000000000000000000052
S31508040C900000000000000000000000000000000042
S31508040CA00000000000000000000000000000000032
S31508040CB00000000000000000000000000000000022
S31508040CC00000000000000000000000000000000012
S31508040CD00000000000000000000000000000000002
S31508040CE000000000000000000000000000000000F2
S31508040CF000000000000000000000000000000000E2
S31508040D0000000000000000000000000000000000D1
S31508040D1000000000000000000000B555FFFFFFBEFC
S31508040D20C576EEBBEE9AD5F7FEFBF67AF5D5C38CF7
S31508040D30ED34D471DCB2F575ED14ECD1F657D597CC
S31508040D40EE18FEBAF658F678F679FE99DCD3C4514D
S31508040D50FF1BEE17E596FE9ADD34E5D8FE9AF639BA
S31508040D60F638FE9AEDF7CCD3F659F659F659F659EC
S31508040D70F658F658F638F617F638F638FE99DCF3C8
S31508040D80B3AEF5F7F5F7F5F7FE59D492C3CFBBAE74
S31508040D90DD14FEDBE511E450E48EE572DD33ED7314
S31508040DA0F5D4ED73FDF5F5D4CC90A32CB3CFDD348F
S31508040DB0CCB2C471E596FE9AFEBAEE18D555CD1492
S31508040DC0C4B3CCD3E5B7E5F7CD34BC51B410ABEF17
S31508040DD0BC92DD96DD76F658D555CCD3CCF3ABEF7D
S31508040DE0E596ABCFDD75F617B451000000008AE826
S31508040DF0D3E8C3A9ACB30000AC15B3EDA2E5B36A56
S31508040E00CC9500000000000000000000000000006F
S31508040E1000000000000000000000000000000000C0
S31508040E2000000000000000000000000000000000B0
S31508040E3000000000000000000000000000000000A0
S31508040E400000000000000000000000000000000090
S31508040E500000000000000000000000000000000080
S31508040E600000000000000000000000000000000070
S31508040E700000000000000000000000000000000060
S31508040E800000000000000000000000000000000050
S31508040E900000000000000000000000000000000040
S31508040EA00000A4D3FFDFFFFFBD55B514FF1DD5F71A
S31508040EB0FF1CFEDCDCF1D40EED13D450FD95E4D30F
S31508040EC0E4B2F5F4E617DDB7FEDBF638F679F6791B
S31508040ED0FE9AE514E534FF5CE617D534FE9AEDD69A
S31508040EE0DD55FE58EE17F658FE79F659C492EDD735
S31508040EF0FE79F639F658F658F659F638EDF7F61730
S31508040F00F638FE79F5F7B3AEC471FE58F5D6F5D6BC
S31508040F10FE18ED96B34DCBEFC430D556F616E4B0AD
S31508040F20E4B2DC6EE551DCF2E573F5B4ED73ED94E9
S31508040F30F5D5E574A36CA34DE575E534BC30BC70F2
S31508040F40D554F67AFEFBF679D555C471BC30C492ED
S31508040F50DD96E5D7E5B7F659F639EE18FE7ADD7566
S31508040F60B410E5B6E596ABCFD513EDB6ABCFE5969B
S31508040F70EDB7A4510000000092A8C3869BAE0000FA
S31508040F80000000008410AB8CAB6EACB2000000000D
S31508040F90000000000000000000000000000000003F
S31508040FA0000000000000000000000000000000002F
S31508040FB0000000000000000000000000000000001F
S31508040FC0000000000000000000000000000000000F
S31508040FD000000000000000000000000000000000FF
S31508040FE000000000000000000000000000000000EF
S31508040FF000000000000000000000000000000000DF
S3150804100000000000000000000000000000000000CE
S3150804101000000000000000000000000000000000BE
S31508041020000000000000000000009411F71CFFFFF8
S31508041030BD35AC92FF5DD5D7FF7EFF7ED4D1DC509B
S31508041040DC71ED34E4F3DC91ED73F6B9DDD7F659CA
S31508041050F658F679F658FEBAE596DD13FF1BF658E8
S31508041060D4F3FE58FEBADD34E596F592EDD6FE596C
S31508041070FE9AC471DD55FEB9F638F638F638F638F0
S31508041080FE59EDD7EDF7F658F638FE78DD34BC92FE
S31508041090DD34FE38F5D7F5D6EDB6FE38CC71B34C4B
S315080410A0CC51CCB3DD34CC71E4B2ECB3DC6DDD11D8
S315080410B0D4D1ED74EDB4E594DD12DD12F615D4F24F
S315080410C09B4EBC51EDB5CCB1BC0EBC30CCF3E5F7A8
S315080410D0F639EDF7E596DD75EDD7F659EDF8EE1820
S315080410E0EDD7D555C451B38EE555F679CD13D4F35A
S315080410F0C4B2CCD3DD75ABAFEE18CCF4B4B30000F0
S31508041100C596A2E582680000000000000000000001
S31508041110B492B411C51400000000000000000000D9
S3150804112000000000000000000000000000000000AD
S31508041130000000000000000000000000000000009D
S31508041140000000000000000000000000000000008D
S31508041150000000000000000000000000000000007D
S31508041160000000000000000000000000000000006D
S31508041170000000000000000000000000000000005D
S31508041180000000000000000000000000000000004D
S31508041190000000000000000000000000000000003D
S315080411A0000000000000000000000000000000002D
S315080411B000008C10D619FFFFB4F4CD96F6BBD5B74C
S315080411C0FFBFFF5DDCF2DC70E4D2ED34D430ECD240
S315080411D0F615E659E619F677EE37F679F679F679D5
S315080411E0DD54F658FEDBD4F4ED96FE79EDD6DD55DE
S315080411F0F616DCCFF617FE9AC4B2D4F3FE99F617A0
S31508041200F617F638F638FE58EDF7EDD6F638F6380A
S31508041210FE79E575DDB6D576E513FE17F5B6F5D58B
S31508041220EDB5F637D4D2CC30DC92CCB2C492C472C3
S31508041230AB4DE4D2ECD3DCB0E552D4B1E573E59416
S31508041240E574DD12CC90E593EDB4ABAEA38EEDB5A3
S31508041250F5F6D490BBCEBC30D515CD15BC72BC7191
S31508041260CCB1C471BC51BC51CCD2BC7192AABB8E50
S31508041270D491E5B6DD75CCB2F638B430DD34DD5537
S31508041280AC10F639B452C5140000AC517A8A000081
S3150804129000000000000000000000B4549B6EC55610
S315080412A0000000000000000000000000000000002C
S315080412B0000000000000000000000000000000001C
S315080412C0000000000000000000000000000000000C
S315080412D000000000000000000000000000000000FC
S315080412E000000000000000000000000000000000EC
S315080412F000000000000000000000000000000000DC
S3150804130000000000000000000000000000000000CB
S3150804131000000000000000000000000000000000BB
S3150804132000000000000000000000000000000000AB
S3150804133000000000000000000000FFFFC597FF7EC4
S31508041340BD35F73CDD76D5B7FFDFF6FCDCD3E51310
S31508041350FDB6D451DC92ECF2E574E65AF6BAF637E1
S31508041360F638F659FEBAE5D7EDF8FEFBDD35D4D3E3
S31508041370FE79FE79DD34E5B6F5B4DC6FFE99D5352C
S31508041380C491FE99F638F5F7F618F618F658EE17D6
S31508041390E5B6F638F638F658F658D4F4E69ADDB6CD
S315080413A0ED54F5D5EDD5EDD4E5B4EDB4E594BBEF40
S315080413B0ED13E554D534CCB3A3AEBBEFD471D471D5
S315080413C0ED33EDB4DD12ED94E573E593E532CC4FD8
S315080413D0D4D1FE77D513B3EFE575ED74D450D40F95
S315080413E0DCB2E5D6DDB6C470BC0EBC30C491CCF311
S315080413F0DD75E5B6CC30A2EBA2EBCC30C450BC719B
S31508041400F618F618ABEFD555C4D3C4D3DD75AC724C
S3150804141000006B6F8430000000000000000000002C
S3150804142000000000BCB7ABAFDDD700000000000029
S31508041430000000000000000000000000000000009A
S31508041440000000000000000000000000000000008A
S31508041450000000000000000000000000000000007A
S31508041460000000000000000000000000000000006A
S31508041470000000000000000000000000000000005A
S31508041480000000000000000000000000000000004A
S31508041490000000000000000000000000000000003A
S315080414A0000000000000000000000000000000002A
S315080414B0000000000000000000000000000000001A
S315080414C000000000C5D7CDD7C596FF3CD4D3D53583
S315080414D0FF5DF73DDD13F595ED34CC30F555ECF2AB
S315080414E0DD13EE9AF6B8F657F639FE9AEE38DDB6F7
S315080414F0FEBBF67ACCB2EDB6F658F618DD35F5F637
S31508041500E4B0FD95E595B410FE79FE58F5F7F5D7E0
S31508041510F5F7FE38F617E5B6F618F638F638F63857
S31508041520E595CCF4E6FBD575F5B6EDB4EDB4EDB4B6
S31508041530EDB3ED94FE36CC70CBEFF554FE79E57633
S31508041540DD55B3EF92AAA2EBB36DD491C42FCCB0F8
S31508041550EDD4EDB4ED74ED54D491CC70FE17DD558D
S31508041560ABAEBBEFD450DC90D42FD491EE38F679D9
S31508041570DD13E4F3E595EDD6EDD7DD13D491D471F7
S31508041580BB8DA2CAC40FDD55C491D534E5B6AC10DB
S31508041590CCF3C4B3E596AC51000072EC732C00008E
S315080415A00000000000000000000000000000C5B6AE
S315080415B08C1000000000000000000000000000007D
S315080415C00000000000000000000000000000000009
S315080415D000000000000000000000000000000000F9
S315080415E000000000000000000000000000000000E9
S315080415F000000000000000000000000000000000D9
S3150804160000000000000000000000000000000000C8
S3150804161000000000000000000000000000000000B8
S3150804162000000000000000000000000000000000A8
S315080416300000000000000000000000000000000098
S31508041640000000000000000000000000D618A431C5
S31508041650E69AFF1BDCF2C431E659FF7EE595FDF7F1
S31508041660D471DCB2F555E4B2E534F71AEE78F679B6
S31508041670F659FEDBE5F7EE18FF1CE618D513FE78D7
S31508041680FE58E595E596F5B5ECAFED33B410EDD710
S31508041690FE79F618F5D6F5F6F593EDB5E5B6F6172B
S315080416A0F638F617FE79E5B6DCF3E618FF9DD53469
S315080416B0F5F8EDB5ED93ED94ED94ED93F615D4F1B7
S315080416C0C3EEFD34E575FE7AFE9AD514BC10BBAE9E
S315080416D0A2EB9AAAA2EBAB8CC42FBBEEC3EFCC3019
S315080416E0D491C3CEAB2CDD13E5B6BC70C3EFD4716D
S315080416F0D4B1CC30CC30E5B6E596D451D4D2DD9409
S31508041700E5B6DD54DCD2E4F2DCB1BBAEA2EBCC9296
S31508041710EDD7CCD3C4D3D514B430ABCFDD14B45180
S315080417200000BCD382AA00000000000000000000EC
S315080417300000000000000000ACF3C4100000000024
S315080417400000000000000000000000000000000087
S315080417500000000000000000000000000000000077
S315080417600000000000000000000000000000000067
S315080417700000000000000000000000000000000057
S315080417800000000000000000000000000000000047
S315080417900000000000000000000000000000000037
S315080417A00000000000000000000000000000000027
S315080417B00000000000000000000000000000000017
S315080417C00000000000000000000000000000000007
S315080417D0000000000000ACB3FFDFFE79DD13ABCFD9
S315080417E0D596FF1CF638E554D4B1F574ED34DC30DF
S315080417F0E534FFBEF6DAF679FE9AEE79E5F8FEBA2E
S31508041800FF3CDDD7E5D7F638FE79E575EDB6F55232
S31508041810ECD1AB8DE5B7FEBAF618F5F6F5D5FDD4D9
S31508041820E4B0DD33F638F638F617FE79EDF7DD342D
S31508041830ED96F6DBFFFEDD75F5F8EDD5ED93ED9443
S31508041840ED94ED94ED93FE15930CAB0CFD95F5F71D
S31508041850EDF7F638EDB6ED55D470D40FD470AB2C3D
S31508041860B38ED491C3CFCC10CC30DC92D451BBCF39
S31508041870E575FE79CCB2B34DCC2FD4B1D450D4513E
S31508041880DD34DCB2D471D4F2E595E595B3AEC3EF95
S31508041890E4F3E513CC3092AAAC51DDB7DD55D53463
S315080418A0E5B79B8EA36EBC71000093EF8ACB00004C
S315080418B00000000000000000000000000000000016
S315080418C0B4F4C4100000000000000000000000008A
S315080418D000000000000000000000000000000000F6
S315080418E000000000000000000000000000000000E6
S315080418F000000000000000000000000000000000D6
S3150804190000000000000000000000000000000000C5
S3150804191000000000000000000000000000000000B5
S3150804192000000000000000000000000000000000A5
S315080419300000000000000000000000000000000095
S315080419400000000000000000000000000000000085
S315080419500000000000000000000000008BB1C5B7BD
S31508041960FFBEED34ED34B3EFCD14EE59E576E53329
S31508041970DD52F5B5ED34D42FDD11FF7EFFBFEE370A
S31508041980F699E65AE67AFF1CEE9AD5B6FEFBF659A0
S31508041990F5F7D535F5D5E470BB8EDD75FEDBF6793E
S315080419A0F5F7ED93F636DC8FD450F638F638F61795
S315080419B0FE79F618D513F617EDB6EEDAFFFFD5B6A7
S315080419C0E576EDD6ED94ED94ED93ED94ED74FE364F
S315080419D0BC5061E8DC71FE17EE17EE18E5B6E5951E
S315080419E0ED34DC70ED13D450928AED54FDB6ED1443
S315080419F0E4F3E4F3E534DCB2B3AED4D3FE79D4B27B
S31508041A00B36CD450DCB2D450D42FD491D471D471DD
S31508041A10DCF4EDF7BC509289B36DDC91E4F2D47032
S31508041A209B8D9C71C4F4EDF8E5F7E5D7ABEF8AEB2B
S31508041A300000936EA491000000000000000000005E
S31508041A40000000000000BDD7BDD70000000000005C
S31508041A500000000000000000000000000000000074
S31508041A600000000000000000000000000000000064
S31508041A700000000000000000000000000000000054
S31508041A800000000000000000000000000000000044
S31508041A900000000000000000000000000000000034
S31508041AA00000000000000000000000000000000024
S31508041AB00000000000000000000000000000000014
S31508041AC00000000000000000000000000000000004
S31508041AD000000000000000000000000000000000F4
S31508041AE0000000009C31E67AFEDBE4D2F554D4719A
S31508041AF0B410DDD7CCD3ED55F638F617E534CC70EB
S31508041B00F615FF5DFFFFFF7DEE37DDB7FF5DFFBF0F
S31508041B10D5F7D5B7FF3CFF1CCCD3C4B3FDF5BAEB58
S31508041B20CD35FF1BF67AF699EDB4F5F5DCF1CC0F55
S31508041B30FE17FE59F5F8FE79F638D4D3EDB6FE59F4
S31508041B40DD75F71BFFFFDDF7DD34F5F7ED94ED944E
S31508041B50ED94ED94ED94ED94ED53CD95BC30E4B24B
S31508041B60F638EDF7F618DD75E5D6E4F3D40FF55433
S31508041B709AAB4104E4D3F535DCB2DCD3DCD2E51305
S31508041B80DCD3BBCFCCD2F617DCB1C38DC3CFD4908C
S31508041B90D450D450CC4ED42DD450DD55F637B40F8A
S31508041BA0928AAB2CCC2FD450C40EC53300009BAFFD
S31508041BB0DD76F659DD75AB8D92CB726A00000000AE
S31508041BC00000000000000000000000000000FFFF05
S31508041BD000000000000000000000000000000000F3
S31508041BE000000000000000000000000000000000E3
S31508041BF000000000000000000000000000000000D3
S31508041C0000000000000000000000000000000000C2
S31508041C1000000000000000000000000000000000B2
S31508041C2000000000000000000000000000000000A2
S31508041C300000000000000000000000000000000092
S31508041C400000000000000000000000000000000082
S31508041C500000000000000000000000000000000072
S31508041C60000000000000000000000000734DFFDFC4
S31508041C70F638ECB1ED13ED34BBAFC4D3D534ED96D9
S31508041C80FE7AFEBBDD14CC6FFF3CFF5EEE16FEFB50
S31508041C90DDB7CC0BE4CCF637D63AEEDCF6FCFEFC24
S31508041CA0B411DD96CC2ECCD3FF3CF69AFEBBF617C0
S31508041CB0EDD4DCD2D3EFF5D7FE79EDF7FE79F61835
S31508041CC0CC92EDB6FE59F5D7DDB6FF7DFFFFE67972
S31508041CD0D514F618E595ED94ED93ED94E594E5930E
S31508041CE0E552DDF6DE59CBCEF5B6EE17F617DD75F9
S31508041CF0CD14FE58D471DC50E4B1728A728BCC319F
S31508041D00ED35DCB3DCD3DCD2DCF2E4F3C3EFCC92FE
S31508041D10E575D46EBB4BBB6DDC70D46FCC4ACC482E
S31508041D20C3EAD4B2E5F7DD95AB8EB34D9AEAB38D23
S31508041D30CC0FBBEFCDD700009C10C4B3E5B6BBEF00
S31508041D40B34CB3CE7AAA5AAB0000000000000000D8
S31508041D500000000000000000000000000000000071
S31508041D600000000000000000000000000000000061
S31508041D700000000000000000000000000000000051
S31508041D800000000000000000000000000000000041
S31508041D900000000000000000000000000000000031
S31508041DA00000000000000000000000000000000021
S31508041DB00000000000000000000000000000000011
S31508041DC00000000000000000000000000000000001
S31508041DD000000000000000000000000000000000F1
S31508041DE000000000000000000000000000000000E1
S31508041DF0000000008BAFFF5DF617EC71ECF2F534CA
S31508041E00D4B2ABF0E556EDB6F617FEBBD4F4DDB4A2
S31508041E10FFFFEE37E510EDB6CC70E469E447CC0A6B
S31508041E20CCF4F5F6F5F6E5F8BCD3E5B7C4D3FF1C50
S31508041E30F6BAF6DBFE7AEDB5D4D1D450F595FE594B
S31508041E40F5F8FE79EDD7B3AEDD35FE9AF618ED96BC
S31508041E50E617FFFEFF7DFF7DC514E575E575EDD52F
S31508041E60E573E593E594DD74ED94CCB1F79DDD96C1
S31508041E70D430F637EDF7FE58C492D534FE78CC3014
S31508041E80DC91CC10AD14AC51CBF0E514DCB3DCD248
S31508041E90DCB1DCD2E4F3C430C451DCCFDCABBB6ABE
S31508041EA0B32AD48BD46AC428CC28BBAAD535F65809
S31508041EB0BC50A34CC40EA2EBBBACBB4BC4D30000B2
S31508041EC0C55582CCBC72E575A30BB34CCC0FB36D68
S31508041ED08B2C7B4C00000000000000000000000072
S31508041EE000000000000000000000000000000000E0
S31508041EF000000000000000000000000000000000D0
S31508041F0000000000000000000000000000000000BF
S31508041F1000000000000000000000000000000000AF
S31508041F20000000000000000000000000000000009F
S31508041F30000000000000000000000000000000008F
S31508041F40000000000000000000000000000000007F
S31508041F50000000000000000000000000000000006F
S31508041F60000000000000000000000000000000005F
S31508041F70000000000000000000000000AC92B53428
S31508041F80FE79E471ECF3ECD2E554B430D4D3EDD550
S31508041F90EDD5F619D575FF5DFFDFE5B4F574D4B252
S31508041FA0CC50ECEEECEAC387C36AEC8DFD92BCB365
S31508041FB0ABF0DDB7FEFBFEDBF6DBFEFCEDD7D4B0FB
S31508041FC0DCD1ED74FE38F618FE9AEDF7B3F0D4D3E7
S31508041FD0F5F8F638F638E575E5F7FFFEFF9DFFFFD9
S31508041FE0C596CCF3F5D7ED75E574E594DD93E573FD
S31508041FF0ED94CCB0E658FFDFCC30ED34F638EE1766
S31508042000EDD7726ACD34FE18CC4FCBE9CC4FFF3DE1
S31508042010BC51CC0FE513DCD2DCB1DCB2DCD2E51260
S31508042020CC91B3CECC4AE4E9B369B349D489CC2973
S31508042030CC49B367C3EFE5D6F6179B0BBBCEBBCE2D
S315080420409AA7CBEAB3ACACB4B451D5960000B45055
S31508042050ED75A36D9B6DCC51D450D4D3B47193AEA6
S315080420608B8F6B4D0000000000000000AD758410D6
S31508042070000000000000000000000000000000004E
S31508042080000000000000000000000000000000003E
S31508042090000000000000000000000000000000002E
S315080420A0000000000000000000000000000000001E
S315080420B0000000000000000000000000000000000E
S315080420C000000000000000000000000000000000FE
S315080420D000000000000000000000000000000000EE
S315080420E000000000000000000000000000000000DE
S315080420F000000000000000000000000000000000CE
S315080421000000000000008C10E513FD34E4D3ECF362
S31508042110E4D2C3EFDCF2F5B5F5F6E596CCB2F5F5FF
S31508042120FF1BED95ECD3C38EE492ECD2ECECC3889A
S31508042130D40AE4A9DCCE8B0ED556FEFCF659FE9AD3
S31508042140FF5CE5B7D4B1E512ED34F5D6FE38FE7971
S31508042150F5D7B3F0EDB7EDD7EDB6F618FE38E55575
S31508042160EEBAFFDEFF7CFFFFDE9AB472F5D7DD35E3
S31508042170EDB5E553E573E573E573D4D0DDF7FFFFF5
S31508042180DDF6CC10F638EDF7FEBAAC106A49EDD791
S31508042190FDD7D46AC385CD12FFFFC4B2C3CFE4F218
S315080421A0DCD2DCB2DCB1DCB1E513D492AB2ACC28A0
S315080421B0E4EBA329AB68D48BCC29C3E8BB8BCC92BC
S315080421C0E5B5D4D392C9D48DAB07AB28B38792AA05
S315080421D0C4F5000000000000AC31EDF7C4F3A41206
S315080421E0A410B471DD95DD54CCD3BCB2BCB2B451E1
S315080421F0830C732C736EAD7500000000000000009C
S3150804220000000000000000000000000000000000BC
S3150804221000000000000000000000000000000000AC
S31508042220000000000000000000000000000000009C
S31508042230000000000000000000000000000000008C
S31508042240000000000000000000000000000000007C
S31508042250000000000000000000000000000000006C
S31508042260000000000000000000000000000000005C
S31508042270000000000000000000000000000000004C
S31508042280000000000000000000000000000000003C
S315080422908B2DF513F553ED14DC71B32CDC70F57541
S315080422A0FDB6D4B3CC51ED32E531F595CC10C3AEB9
S315080422B0ED33E4B2E48DBB67DC6AECCAB3EEC4F56D
S315080422C0FF3CEDF7F5F7F659DD96D451ED13ED120B
S315080422D0ED95FE79FE39E53459669BAFFF5DE575E4
S315080422E0EDD7F618FE38DD55EF5CFFFFFF1BFFDE62
S315080422F0FFDF9BCFDD14E595E575E553E573E573D7
S31508042300E573DCF1CD54FFBEFFBEBC91D4B2F6181A
S31508042310EDF7EDB6C514B4D3D515ED75D468B32465
S31508042320DD76FFDFCCF3BBAEDC91E4F3DCB1DCB2E3
S31508042330DCB1E533D492A2C8CC48DCABA2A7BB89EE
S31508042340D48ACC6ABB88BBCECCD2F617A34BB36669
S31508042350CC4A9246C387A32A000000000000000066
S315080423600000BCB3E534CD5400000000738E9BF026
S31508042370B492BCB2B472AC31B4920000000000004E
S31508042380000000000000000000000000000000003B
S31508042390000000000000000000000000000000002B
S315080423A0000000000000000000000000000000001B
S315080423B0000000000000000000000000000000000B
S315080423C000000000000000000000000000000000FB
S315080423D000000000000000000000000000000000EB
S315080423E000000000000000000000000000000000DB
S315080423F000000000000000000000000000000000CB
S3150804240000000000000000000000000000000000BA
S315080424100000000000000000FFFF930CECB1FD75FE
S31508042420CC30AB0BC3CEED34F534C3EFDC92ED33CD
S31508042430DC6FE4F2BBAEDC91E4D2ECD3D44FBB69D7
S31508042440E489E4CDE5D8F638F575E575E595DD3422
S31508042450D451ECF3E4D2ED54FE99F5D7CCB2C47258
S315080424608B2DABF0FEDAE596EDB7FE38FE38DD5572
S31508042470EF3CFFFFF71BFF7CFFFFC514ABCFEDD680
S31508042480D513ED95E532E573E573ED94BC0FDEBA25
S31508042490FFFFC534BB6DF5F7EDF7FE18C4F3DE99F7
S315080424A0CD75CCB4DCD1DC28B326DDB6FFFFDD342C
S315080424B0C430D470ECF3E4D2D491D491E554C42F47
S315080424C09A86D46AD44A9AA7C3E9D46AC3E8BBCC21
S315080424D0C451D513D4D3A2C7DCCBA2C7B306B3EB76
S315080424E0000000000000000000000000B471D4F3EE
S315080424F0CD350000000000000000000000000000C8
S3150804250000000000000000000000000000000000B9
S3150804251000000000000000000000000000000000A9
S315080425200000000000000000000000000000000099
S315080425300000000000000000000000000000000089
S315080425400000000000000000000000000000000079
S315080425500000000000000000000000000000000069
S315080425600000000000000000000000000000000059
S315080425700000000000000000000000000000000049
S315080425800000000000000000000000000000000039
S315080425900000000000000000000000000000000029
S315080425A0000000008AABF534CC30CBEFE4B1ECF391
S315080425B0DCB1C3ADED13ED13F554CBEFC3ADF53371
S315080425C0E4B1ECF3CC11C389ECA9E4F1F5D8ECF247
S315080425D0D430D4D2DCF3DCB2ECF3E4F2ED54FE7975
S315080425E0E535B430D514E5F7E6DAABCFFE18EDB623
S315080425F0E596FE38FE38DD55F73CFFFFFF9EFEFBE9
S31508042600FFFFF6DB9B4DCCF3DD75DD33ED74E53268
S31508042610E573ED94CBEEC4F4FFFFE638C3EFDD13A0
S31508042620EDF7FE79BC30C595FFFFE638CD35CC2EDF
S31508042630DC27B368DE5AFFFFE5F6A34DA32CCC309E
S31508042640E4D3D4B2D492E533C3CB9A85D48ABBE90E
S31508042650A2E7CC6AD48AB367BC2FC491E575AB4BA1
S31508042660BBA8BBA9BB47B3895AAB0000000000004E
S31508042670000000000000BC51CC72D5F80000000030
S315080426800000000000000000000000000000000038
S315080426900000000000000000000000000000000028
S315080426A00000000000000000000000000000000018
S315080426B00000000000000000000000000000000008
S315080426C000000000000000000000000000000000F8
S315080426D000000000000000000000000000000000E8
S315080426E000000000000000000000000000000000D8
S315080426F000000000000000000000000000000000C8
S3150804270000000000000000000000000000000000B7
S3150804271000000000000000000000000000000000A7
S31508042720000000000000000000000000FFFF930CFA
S31508042730B30CECF3ECF3F554CC0FC3CEF554ECF32D
S31508042740F534BB8DD450E4D2E4B3ED0FC3C9CBCA78
S31508042750F52EDC71D430CBEFD4B2ED54E4F3E4B205
S31508042760E4B3ED34FE57E514B3F0DDF6DD55EE9922
S31508042770FFBEB410E596F618E596FE38FE18DD3564
S31508042780EF1BFFFFFFFFFF3CFF9DF6DAC4B3A3CFA1
S31508042790E5D6C4B2ED95E513E513E513F534B38E22
S315080427A0DF1BFFFFCC91DC91E554F638DD55D59651
S315080427B0FFBDFFFEFF9ED597B36AD3C5BBA8B51464
S315080427C0DE5AF69AEE18CCD3BBCFCC0FE4F3DCD49E
S315080427D0DCD0B3679AA7D48BCC09C3E9D449C3C759
S315080427E0C40DBC50CCF2C42FB347CBC9BB47B3679F
S315080427F0A51400000000000000000000000000000E
S31508042800C472C4D3000000000000000000000000E9
S3150804281000000000000000000000000000000000A6
S315080428200000000000000000000000000000000096
S315080428300000000000000000000000000000000086
S315080428400000000000000000000000000000000076
S315080428500000000000000000000000000000000066
S315080428600000000000000000000000000000000056
S315080428700000000000000000000000000000000046
S315080428800000000000000000000000000000000036
S315080428900000000000000000000000000000000026
S315080428A00000000000000000000000000000000016
S315080428B000000000000093AE8A08F534E4F2F554EB
S315080428C0C3CFCC10F534F534D450BB8DED14DC915C
S315080428D0E4B2ECECC3A6C3CAC3AEBBAECC2FDCD2FF
S315080428E0ED54DCB2E4B2E4F4ECD0ED10BC30AB6EDB
S315080428F0E699DDB6D4B2FFBEFF3CBC51CC92FE5974
S31508042900E576FDF8FE18DD35E6DAFFFFFFFFFFFF83
S31508042910FF7DEE99DD54CD34D596DD96BC71F596DA
S31508042920E4D2E4F3ED54CBEFBCB2FFFFC471CBEFB2
S31508042930DCD2E595E596DDF7FF9DFF1BFFFFFF9DBE
S315080429409BD08A87CB64B325D555FFFFFFFFF6795D
S31508042950BCB2ABCFA34DCC71E535DCEDAB06A2E733
S31508042960DCCBBB88BB68DC8AB388B3CEC4B1CCD213
S31508042970BB68C3A8BB67AB67A514000000000000CA
S315080429800000000000000000D618B471A3CF0000B0
S315080429900000000000000000000000000000000025
S315080429A00000000000000000000000000000000015
S315080429B00000000000000000000000000000000005
S315080429C000000000000000000000000000000000F5
S315080429D000000000000000000000000000000000E5
S315080429E000000000000000000000000000000000D5
S315080429F000000000000000000000000000000000C5
S31508042A0000000000000000000000000000000000B4
S31508042A1000000000000000000000000000000000A4
S31508042A200000000000000000000000000000000094
S31508042A300000000000000000000000000000A410D0
S31508042A40C3EFCC0FED13ED13BBAEDCB2E4F3F5958F
S31508042A50B36DBB8DED0FDC90D44FD44AC3A9A2A69F
S31508042A60B32AE4D2ED34E4F3E491E4B2F534E4EFC2
S31508042A70C3A8B38BAB4ECD34F79DCBEFE5B6FFFFBA
S31508042A80E658CCD3C472F5F8E576EDD7F617D534FF
S31508042A90DE79FFFFFFFFFFFFFFFFDDD6C471EE7986
S31508042AA09BCFCCB3CCF3C491F575E4D2E4F3F534F7
S31508042AB0CC30BD76D4F3BB8ED491DCF2E535DDF7A4
S31508042AC0FFFFFFBEEE79AC50E659F6FDA38DB2E4DE
S31508042AD0BB25B40DD5B7EEFBFFDEFFBEB45179C6F0
S31508042AE0BBEFD4B0ED2AB347AB48CC499246C3EA08
S31508042AF0CC08B3ACBC51CCB2C3EBB347BB67AB8809
S31508042B00841000000000000000000000000000001F
S31508042B100000C4D48B4E0000000000000000000032
S31508042B200000000000000000000000000000000093
S31508042B300000000000000000000000000000000083
S31508042B400000000000000000000000000000000073
S31508042B500000000000000000000000000000000063
S31508042B600000000000000000000000000000000053
S31508042B700000000000000000000000000000000043
S31508042B800000000000000000000000000000000033
S31508042B900000000000000000000000000000000023
S31508042BA00000000000000000000000000000000013
S31508042BB00000000000000000000000000000000003
S31508042BC000000000B514C472DD13B38EDC71DC9109
S31508042BD0BBAEED34E513DCB2AAECE4D1DCA9DC8C9B
S31508042BE0DC8CE4EAC3A8AAE7ECF0E4D3E4F3E4F360
S31508042BF0ED14E4D1C3CBB305C3EDBC52BBCFEEFB96
S31508042C00FF3BC36DF6FBFFFFE699D4F4C555DD55C6
S31508042C10EDD7DD95F617E575D5B6DEDAC5D7C596CB
S31508042C20CDD6BCB2BC31DDD6DE389BAFE596B41042
S31508042C30D4D2ED54E4D2E4F3ED149B2CC451CC3134
S31508042C40C42FDCD2D451D5B6FFFFFFFFBCF3E5D6BB
S31508042C50FFFEFF9DFF3DB4719286A242C3EAFF5B65
S31508042C60E679A410B4B2BC3081848AAB9308AB6706
S31508042C70A2C7CC09A2E89A87D428C3C9AB4DCC917C
S31508042C80CC6FA307BB469B68000000000000000049
S31508042C9000000000000000000000C575BCB7000075
S31508042CA00000000000000000000000000000000012
S31508042CB00000000000000000000000000000000002
S31508042CC000000000000000000000000000000000F2
S31508042CD000000000000000000000000000000000E2
S31508042CE000000000000000000000000000000000D2
S31508042CF000000000000000000000000000000000C2
S31508042D0000000000000000000000000000000000B1
S31508042D1000000000000000000000000000000000A1
S31508042D200000000000000000000000000000000091
S31508042D300000000000000000000000000000000081
S31508042D40000000000000000000000000BC92ED76C0
S31508042D50D4F3DD13E513BBAEBBCEED34FDB5AB0B37
S31508042D608A09DC6FE468E4CADCAAE4CBB328DC701D
S31508042D70F515DC91D430D450C38CA287AAC5ECCD02
S31508042D80C492A30BD533FFFFE5D6C3CFFFDEFFFFFF
S31508042D90DE59CC92F75CDDB6DD54E595F617F638C0
S31508042DA0BC92B513D5D7E638FF5CEE79BC72FF5CE6
S31508042DB0FFFFE6FBAC10E555ABAEDCF3ED14DCB275
S31508042DC0E513CC71B3AEBBCFBC10ED34C3AED5B6E8
S31508042DD0FFFFCE17E617FF7DE5D6C4D2DDB6EEBAF9
S31508042DE0FF7FEE178AC6612250E3402061867B0D79
S31508042DF061A76966926AA1C7A1E69266A348A30772
S31508042E00BB88CC289AE9C451D4B2A308BBC78A059F
S31508042E10A39000000000000000000000000000006D
S31508042E200000000000000000000000000000000090
S31508042E300000000000000000000000000000000080
S31508042E400000000000000000000000000000000070
S31508042E500000000000000000000000000000000060
S31508042E600000000000000000000000000000000050
S31508042E700000000000000000000000000000000040
S31508042E800000000000000000000000000000000030
S31508042E900000000000000000000000000000000020
S31508042EA00000000000000000000000000000000010
S31508042EB00000000000000000000000000000000000
S31508042EC000000000000000000000000000000000F0
S31508042ED000009C51EDB7E575D514DD75EDD6A30C48
S31508042EE0CC51F5B5DC91B431DEBAD5D6C40DC3667A
S31508042EF0F50ABB88BB68ED0FDC70D44CCBEBBB4A38
S31508042F00A265C347FD8DB3CF8228C44EFFFFFFFFDA
S31508042F10CC92D4B2FFFFFFFFD597C4B3E6BABCF38D
S31508042F20BC30EDD6E5D6F638DD34EF1CFFFFFF3CA2
S31508042F30FF9DDDD7BC51F699F6DAFFBEDE38B451EB
S31508042F40D514A36DE4F3E4F3D4B2E554DC927A28F9
S31508042F50ABCFFD96BBCEDE79FFFFE679FEDAF63710
S31508042F60D555BCF3FF5DFFFFD5F75A4B00000000AB
S31508042F702042AC10518728E4F6BB9A49A246D2C926
S31508042F80B1E799A66964B308AAA7B367A2A7A2EB8F
S31508042F90CC30AB49B3E8A1C6A986A4110000000049
S31508042FA0000000000000000000000000000000000F
S31508042FB000000000000000000000000000000000FF
S31508042FC000000000000000000000000000000000EF
S31508042FD000000000000000000000000000000000DF
S31508042FE000000000000000000000000000000000CF
S31508042FF000000000000000000000000000000000BF
S3150804300000000000000000000000000000000000AE
S31508043010000000000000000000000000000000009E
S31508043020000000000000000000000000000000008E
S31508043030000000000000000000000000000000007E
S31508043040000000000000000000000000000000006E
S315080430500000000000000000A4F1BC51FF1CCCB223
S31508043060EDB6C492ABAEBC10EDD6F5F4C42FDE9A19
S31508043070FFFFFFFFE75ED5D5AAE7B307E4CBDCAAD3
S31508043080C3C8B327C3C8BB47CBA8FD0BA30B79C8D2
S31508043090B368EEFBFFFFFFFFC3EEEE37FFFFDE99D3
S315080430A0BC92C514DE58FF3CD5B6C492EDF7F63883
S315080430B0DD55DD75FEDADDF6E637B430AB8EE5B5FB
S315080430C0F679FF5CFFFFD637B450C472B3AEE51485
S315080430D0DCF3DCD3F5559B0CA32CFD76B3F0EF5D3E
S315080430E0FFFFF6BAF638D554CD75FFFFFFBF522950
S315080430F0000000003126ACB3FF1CFFFF734D8B4D57
S31508043100FFFF72497082A1E7CA68D288816699A6C8
S31508043110A9E78186C248A26791C6BBA9AB68A9C8B4
S31508043120CA2789656B2C0000000000000000000017
S31508043130000000000000000000000000000000007D
S31508043140000000000000000000000000000000006D
S31508043150000000000000000000000000000000005D
S31508043160000000000000000000000000000000004D
S31508043170000000000000000000000000000000003D
S31508043180000000000000000000000000000000002D
S31508043190000000000000000000000000000000001D
S315080431A0000000000000000000000000000000000D
S315080431B000000000000000000000000000000000FD
S315080431C000000000000000000000000000000000ED
S315080431D00000000000000000000000000000FFFFDF
S315080431E09BD0FE7AE576CCB2EDD7CCB3A34DDD34CD
S315080431F0F638E553D595FFFFFFFFFF9DEF1CFFFF4C
S31508043200B55681A4F4EAE4CAE469ECCAD429D3E835
S31508043210E4699AC9824AAAE5D5D5FFFFFFFFF77D77
S31508043220BBAEDDF7F75DCD75ABAEEEDBFFFFFFFF9B
S31508043230FF5CBC30C450F658F618C4B2EEFAFFFF69
S31508043240FF9DAC10DDD6F6FAD575B410CD34FFFF64
S31508043250E679BC72B3EFBBEFE534DCD3DCD3ED55CA
S31508043260C3EFB32DCD35FFFFFF9EDDD6EE38B491FF
S31508043270FFFFACD400000000524ABCF4FFBFFFFFB6
S31508043280FFBEFFBEC575FF3CD6587985A9A68165DC
S31508043290BA08CA68A1C68986B2488145BA28A1E788
S315080432A07903B2889A07C249CA48D207A9C68A497D
S315080432B0836D00000000000000000000000000000C
S315080432C000000000000000000000000000000000EC
S315080432D000000000000000000000000000000000DC
S315080432E000000000000000000000000000000000CC
S315080432F000000000000000000000000000000000BC
S3150804330000000000000000000000000000000000AB
S31508043310000000000000000000000000000000009B
S31508043320000000000000000000000000000000008B
S31508043330000000000000000000000000000000007B
S31508043340000000000000000000000000000000006B
S31508043350000000000000000000000000000000005B
S31508043360000000000000A411F5F7D4F3EDD7DD55ED
S31508043370BC10FE598AEBD4F4FE38DCF2D5B6FFFF4E
S31508043380EEDAF73BFF1BD553FFFFD639A2A6CB656A
S31508043390CB87C348C348DC299A8892EDBB27C4B0B7
S315080433A0FFFFFFFFFFFFE679C3CEEEDAFFFFD5B7CF
S315080433B0C4D3F6BAD555C4F3E5F7FEDABC91BC50C6
S315080433C0FE9AE575D5D6FFFFDE17B492FFFFFFFF19
S315080433D0FF9DC554CDD6FFDEFFFFEF3BC513B3CF24
S315080433E0BC30E534DCD3DCF3E4F38208C5D7FFFF4D
S315080433F0E6BAF6DAE618DE3862CB00004A29D6BB06
S31508043400FFFFD5F7FEBAF6BAEE9AEE9AFF3CFFFF2F
S315080434108C106081CA48818591A6CA68A1E791A6DD
S31508043420A1C7A1C6B20799C691A69186A9C7C248DB
S31508043430B32BB289C9C7D207A9E7928A84100000B8
S31508043440000000000000000000000000000000006A
S31508043450000000000000000000000000000000005A
S31508043460000000000000000000000000000000004A
S31508043470000000000000000000000000000000003A
S31508043480000000000000000000000000000000002A
S31508043490000000000000000000000000000000001A
S315080434A0000000000000000000000000000000000A
S315080434B000000000000000000000000000000000FA
S315080434C000000000000000000000000000000000EA
S315080434D000000000000000000000000000000000DA
S315080434E000000000000000000000AAAB830CE5768B
S315080434F0CCB3E575FE79C451BC10FE799B2DCC92EC
S31508043500FE38D4B2CD95FFFFBCF4CE19FF19ED935E
S31508043510DDD6FFFFBD15A3AFEF1BA38EC327CBA82C
S31508043520B34CC3AAA38BFFFFFFFFF77DFFFFE65843
S31508043530CC92FFFFF77D930CD514EE59CD96EEDBAE
S31508043540FFDEFFFFFFFFDE17D514FEFBD534E5D6F5
S31508043550BC92C4D3DDF7D555F73CFFFFFFFFFFFF49
S31508043560FFFFFFFFF7DFB4929B0CA32CED13E4F2E5
S31508043570E513CC2FAC30F7BFF79DFFDEFFFF62EBF8
S315080435800000736EDEFCFFFF8BD04A49E699F73CD0
S31508043590FF7DF6FBF679FFDE72CB6861C268B22757
S315080435A07965AA07B20791A699C691A69186B22803
S315080435B0A1C6A9C7C249B185A32C0000B2EAB98637
S315080435C0D248CA06A9C7932C0000000000000000D0
S315080435D000000000000000000000000000000000D9
S315080435E000000000000000000000000000000000C9
S315080435F000000000000000000000000000000000B9
S3150804360000000000000000000000000000000000A8
S315080436100000000000000000000000000000000098
S315080436200000000000000000000000000000000088
S315080436300000000000000000000000000000000078
S315080436400000000000000000000000000000000068
S315080436500000000000000000000000000000000058
S315080436600000000000000000000000000000000048
S315080436707B0D82CCC514AC0FDD35FEDCC492EDB7E8
S31508043680C451D512D513B3EFFE79D492C555FFFFAD
S31508043690E67ABD55F676FE76D534C595FFFFE6FC83
S315080436A0FFFFD5F789A2AA87BB8A8A04D619FFFF22
S315080436B0FFFFFFFFFFFFE638DD95FFFFBCF4BC7193
S315080436C0F6BAC5B662CB49C83966312531254A09E1
S315080436D028A47A8AF5F7DD34BC92FFFFFFFFDE38AB
S315080436E08B6EB4D3FFFFF77DF77DFFDEDDF8ABF015
S315080436F0CD55B4B29B2CDCB1E513ED33C3EEA3CEA2
S31508043700E73CFFFFA4B2000018A4B536ACF47BEF7F
S315080437107CB18410FFFFFFFFFFFFFFFFFFFECDD63E
S3150804372060E49965B248B24891C7898691A599A675
S3150804373099A691C6A1C6A1C6BA28BA28BA28BA08AB
S315080437409104CDD70000B2EBB9A6A1C7A1C7B94465
S31508043750A2078B2E000000000000000000000000F5
S315080437600000000000000000000000000000000047
S315080437700000000000000000000000000000000037
S315080437800000000000000000000000000000000027
S315080437900000000000000000000000000000000017
S315080437A00000000000000000000000000000000007
S315080437B000000000000000000000000000000000F7
S315080437C000000000000000000000000000000000E7
S315080437D000000000000000000000000000000000D7
S315080437E000000000000000000000000000000000C7
S315080437F00000630C5A8A4A087B6E0000BCD3C47264
S31508043800FE9ADD35CCD3EDB5CC50C44FFE77BC0E4D
S31508043810D4D3E535BCD3FFDEFFFFDE79B450DD1221
S31508043820EDF7BD34FFFFFFFFFFFFFFFFD595B2E6B7
S315080438309A239247F79EFFFFFFFFFFFFFFFFDDD79F
S31508043840F658D5D77A6A72EC41A720C40801104203
S3150804385008010000082108210000000008012022B0
S31508043860200149878BF0EF5CF75DB4D3EF1CFFDFCB
S31508043870EF3CE6DBD5B7EEBAFFFFFFFF9C109ACB09
S31508043880C3CEED13ED13CBCEABCEFFFF628B328ADC
S31508043890647110834229D77D85148C51FFFFFFFF7D
S315080438A0FFDFEEFBFFFF94107862918691A6C2694A
S315080438B0AA0781658165BA28B207C228C248A1C683
S315080438C0A9E6BA48A9E7B208A9659A8A00000000D9
S315080438D0AB2D9903932C8B2D90E3B9659A69AD7535
S315080438E000000000000000000000000000000000C6
S315080438F000000000000000000000000000000000B6
S3150804390000000000000000000000000000000000A5
S315080439100000000000000000000000000000000095
S315080439200000000000000000000000000000000085
S315080439300000000000000000000000000000000075
S315080439400000000000000000000000000000000065
S315080439500000000000000000000000000000000055
S315080439600000000000000000000000000000000045
S3150804397000000000000000005A6A628B7B4E0000BB
S315080439800000C534C472E596FE59CCB2D4B1CCB0A5
S31508043990FE77B3ADB3EEF5D5C491DCD3B4B3FFFF6C
S315080439A0FFBEFFBEEEBAEEBAFFFFCE38EF3DFFFF0D
S315080439B0FFFFFFFFFFFFDD72BAC56902D639FFFFB5
S315080439C0F79EFFDFE71CDDB6A34D1821000020A3F0
S315080439D020A308218C11C5F8BDB718A3F77EFFFFED
S315080439E083CF8B8EB514626A390540E51801080041
S315080439F0B4F3FFFFFFFFFFFFFFFFFFFFFFFFFFFF1C
S31508043A00FFFFE6BBCCD3BCB2B491BBEFDC91F57433
S31508043A10D470A38EA4727D95A75B85B6AEFAAEDA8A
S31508043A2031A6F73DFFFFFFFFC5B6CD75FFFF8B2C0B
S31508043A30A94491A68185C268A9E7A20799A6A9E718
S31508043A40B207A1E6C248A1E6A1C6BA28B207A1C62A
S31508043A50B22788E3ACB300000000BBADB1E7D4DA03
S31508043A6000007208A924A1A68BEF0000000000003C
S31508043A700000000000000000000000000000000034
S31508043A800000000000000000000000000000000024
S31508043A900000000000000000000000000000000014
S31508043AA00000000000000000000000000000000004
S31508043AB000000000000000000000000000000000F4
S31508043AC000000000000000000000000000000000E4
S31508043AD000000000000000000000000000000000D4
S31508043AE000000000000000000000000000000000C4
S31508043AF000000000000000000000000000000000B4
S31508043B008410000000000000CD95C472CCB2FEBA41
S31508043B10DD34BBCFD491ED94F5F5C470BBEEED94CA
S31508043B20DD33DCD3BCD3F7DEFFDEF6FBF6FBE65863
S31508043B30CDB6836E732CFFFFFFFFFFFFFFFFFFFF6A
S31508043B40E6BAAC10A38EEF3CC5D7B5965229A38E18
S31508043B505A2800219410E65972ED2145AD34B576FC
S31508043B60B5B6FFFFFFFFFFFF83AFACD3FFFFFFFF31
S31508043B70FF5DFFDFFFFFBD35CE18FFFFFFFFFFFF29
S31508043B80FFFFFFDFFFBFFFDFFFFFCD95ABAEDE799B
S31508043B90FFFFDE58B450BBCDE532E512D4D27B4ED6
S31508043BA06C718E587D743208C5B7FFFFF77DDE79D0
S31508043BB0D5F7FFDEEF5D71C8C1C6918589A6BA48F7
S31508043BC0C249A9E7A1C78985C24891A5A1E7B22830
S31508043BD0A1C6A1E7A9E6B207A1E6A1648A0800007E
S31508043BE000000000B2CAB2A9000000005AEB91C74F
S31508043BF0990492EC00000000000000000000000098
S31508043C0000000000000000000000000000000000A2
S31508043C100000000000000000000000000000000092
S31508043C200000000000000000000000000000000082
S31508043C300000000000000000000000000000000072
S31508043C400000000000000000000000000000000062
S31508043C500000000000000000000000000000000052
S31508043C600000000000000000000000000000000042
S31508043C700000000000000000000000000000000032
S31508043C800000000000000000000000000000BD1451
S31508043C90D4D3BC30EDD6FEBACC71B34CDD33EDD5F6
S31508043CA0DD32D4F1F5F6C44FD4D2FE58C514EF3C30
S31508043CB0FFBEFF9DFFDEFF9DA4B2080000009C51D5
S31508043CC0FFFFFFFFFFFFFFFFFFFFFFFFE6BAEF1B44
S31508043CD0FFFFFFFFFFBEEDD7286239E7FFFFEF3D81
S31508043CE06BAE857431868BF0A4B3C5B7B555C638A3
S31508043CF04A69BD96FFFFFFFFFFFFFFFFFFFFFFFFB8
S31508043D00FFFFFFFFFFFEFFFFFFDFFFDFFFBEFFFF33
S31508043D10DE9AA34DDE17FFFFFFFFFFFFFF9DD5D6F3
S31508043D20BCB2C471D4B19ACB624A9D13A4F3D61912
S31508043D30FFFFE69AB4D3E638FFFFFFFFBDB630218E
S31508043D40C20799858186A1E8D289A1E7AA2891A6FE
S31508043D50A1C6BA4891A5AA08A9E799C699C5B227DA
S31508043D60A9C6A1E680E3AC3100000000000091A5D5
S31508043D70C4910000000000007A4A910391E700000C
S31508043D800000000000000000000000000000000021
S31508043D900000000000000000000000000000000011
S31508043DA00000000000000000000000000000000001
S31508043DB000000000000000000000000000000000F1
S31508043DC000000000000000000000000000000000E1
S31508043DD000000000000000000000000000000000D1
S31508043DE000000000000000000000000000000000C1
S31508043DF000000000000000000000000000000000B1
S31508043E0000000000000000000000000000000000A0
S31508043E1000000000D67ACD34C471BC51FEFBE5958A
S31508043E20AB2BCC30E594E5B3D512CCB0CC90D49179
S31508043E30ED74FED9BC71D659FFFFEF3BFFFFFFFFB8
S31508043E40C638000069C8936FBD96FFFFFFFFFFFFE2
S31508043E50FFFFFFFFFFFFFFFFFFFFFFFFFFFFDD96EB
S31508043E60BCB3730CDE59FFBE6BEF54B23ACB28844D
S31508043E7030E563AEB6B9BF3A73CFEF1DFFFFFFFF58
S31508043E80FFFFFFFFFFFFFFFFFFFFFFDFFFDFFFDF90
S31508043E90FFDFFFBEFFFFF77DA3AED5B7FFFFFFFE2B
S31508043EA0FFBEFFBEFFFFFFFFFFDEE6DBDE58E67858
S31508043EB0EE99FF7DFFFFFF9EEE99EE99F73CFFFF13
S31508043EC0FF5CFFFFB4B32800A1C6A9E789649289F9
S31508043ED0B2C9B1C6AA07AA078165C269AA0799A57C
S31508043EE0A1E799C7A1C6A1C6B24899A699258A2861
S31508043EF0000000000000D4F599C7FFFF0000000089
S31508043F000000732C816581459CD3000000000000E5
S31508043F10000000000000000000000000000000008F
S31508043F20000000000000000000000000000000007F
S31508043F30000000000000000000000000000000006F
S31508043F40000000000000000000000000000000005F
S31508043F50000000000000000000000000000000004F
S31508043F60000000000000000000000000000000003F
S31508043F70000000000000000000000000000000002F
S31508043F80000000000000000000000000000000001F
S31508043F90000000000000000000000000BCF4DD344E
S31508043FA0AC10EDF7F659CC4EAAEADCD2ED53F5B5CA
S31508043FB0CC90A32BD512ED74ED13D513AB8DC5B7E1
S31508043FC0FFFFF77DFEBAFE36B42F7A8AFDF79C31D9
S31508043FD0AD34E71BFFFFFFFFFFFFFFFFFFFFFFFFF8
S31508043FE0FFFFFFFFFFDED514E659FFDFD618FFFFF4
S31508043FF09CF44C30B7BD85548534BF7CDFFF7D12F5
S315080440009C72FFFFFFFFFFFFFFFFFFFFFFFFFFDFBE
S31508044010FFDFFFDFFFDEFFBEFFBEFFFFFFDEB4F3F9
S31508044020DE17FFFFFFFFFFBEFFBEFFBEFFBEFF9EFC
S31508044030FFDFFFFFFFFFFFFFFFFFFFFFFFBDFFBE21
S31508044040FFFEFFDEFF9DFF3CFF3CFFFFBC316861BE
S315080440507945AA0899A5A2889BAFB207A1E6BA48EA
S315080440608965A9E7BA08A9E7898591A6A9E7A1C632
S31508044070B227A1C799C780C3ABF0000000000000AF
S31508044080B34DABCF0000000000000000000079C764
S3150804409068C2AC53000000000000000000000000E5
S315080440A000000000000000000000000000000000FE
S315080440B000000000000000000000000000000000EE
S315080440C000000000000000000000000000000000DE
S315080440D000000000000000000000000000000000CE
S315080440E000000000000000000000000000000000BE
S315080440F000000000000000000000000000000000AE
S31508044100000000000000000000000000000000009D
S31508044110000000000000000000000000000000008D
S31508044120000094B2CCF3C4D3BCF3FE9AE552C3AAF6
S31508044130BB6EECF3ED13F555A30BC46FF5D5E4F29A
S31508044140C3CFAB6DF5F7AC31DEFBFFFFFEDAFF3A02
S31508044150F698E5B5DD75C534FFFFD5D7D618FFFF44
S31508044160FFFFFFFFFFFFFFFFFFFFFFFFFFFFDD75F9
S31508044170D555FFFFFFFFFFFFFF5D62EC6450A71AEA
S31508044180AF7C8E775C708C72FFFFFFFFFFDFF79EB4
S31508044190FF9EFFDEFFDFFFBFFFDFFFDEFFBEFFDEA2
S315080441A0FFDEFFFFDE78E6BAFFFFFFDEFFBEFFBED7
S315080441B0FFBEFFBEFFBEFFBEFFBEFFBEFFBEFFBE05
S315080441C0FFBEFFBEFF9DFF9DFF9DFF9DFF7DFF3C3C
S315080441D0FF3CFFFF934D99038165818591A5A985C8
S315080441E0AC72BB6DA165BA2891A591A6B227B2286F
S315080441F099A68164AA07A1E7A1C6BA4899C69944AB
S315080442008185FFFF00000000DD7592AA000000000A
S3150804421000000000000000006A287183C5750000CC
S31508044220000000000000000000000000000000007C
S31508044230000000000000000000000000000000006C
S31508044240000000000000000000000000000000005C
S31508044250000000000000000000000000000000004C
S31508044260000000000000000000000000000000003C
S31508044270000000000000000000000000000000002C
S31508044280000000000000000000000000000000001C
S31508044290000000000000000000000000000000000C
S315080442A000000000000000000000C514D4F4B4B3F4
S315080442B0D5B7F618DC8CBB8BBB8EED34F555BBCF66
S315080442C0B3AEFDF5E512C3EF9ACBDD14FEDBDD359F
S315080442D0938FD699CDF7FFFFFFFEC4B1C4D3E6BAD0
S315080442E0FFFFC4F38B0CFF9EFFFFFFFFFFFFFFFFDB
S315080442F0FFFFFFFFFFFFE5F7C4D3F79DFFFFFFFFAF
S31508044300FFBEA4515A08849285348D34BDD7FFFF65
S31508044310FFDFFFBEDE9AE6BAFFBEFFDFFFDEFFDE83
S31508044320FFBEFFBEFFBEFFBEFFDEFF9DFF9DFFFF74
S31508044330FFDEFFBEFFBEFFBEFFBEFFBEFFBEFFBE63
S31508044340FFBEFFBEFFBEFFBEFF9DFF9DFF9DFFBED6
S31508044350FFBDFF7CFF7CFF5CFF7DF73C7A49912318
S315080443608985816589859964ABCEBCB28904BA48C6
S3150804437099C689A5BA48BA07A9E78985A1C6BA28F4
S3150804438099C6C26999C691A688C2AB4D00000000B9
S315080443900000B38FBC71000000000000000000009C
S315080443A00000838C40C0A4920000000000000000B6
S315080443B000000000000000000000000000000000EB
S315080443C000000000000000000000000000000000DB
S315080443D000000000000000000000000000000000CB
S315080443E000000000000000000000000000000000BB
S315080443F000000000000000000000000000000000AB
S31508044400000000000000000000000000000000009A
S31508044410000000000000000000000000000000008A
S31508044420000000000000000000000000000000007A
S315080444300000B472CD550000DD77E510D48CC3EFC7
S31508044440BBCEF596CC30AB4DF595E533B32CBB8D89
S31508044450CC91E596EDD7FE79C471ACB3EF9DBD3426
S31508044460E594F617EE58C554FF3BD617BCD2DDF7CC
S31508044470F79EFFFFFFFFFFFFFFFFFFFFFFFFF6BAF1
S31508044480BC71EF1BFFFFFFBEFFFFFFFFFFBEBD347E
S31508044490BD14D5D7FF7DE69AC596F73CFFDEFFDE49
S315080444A0FFDEFFDEFFDEFFDEFFDEFFBEFFDEFFDE32
S315080444B0FFBEFFDEFFDEFFBEFFBEFFBEFFBEFFBEC2
S315080444C0FFBEFFBEFFBEFFBEFFBEFFBEFFBEFFBEF2
S315080444D0FF9DFF9DFFBDFF3CFF5CFFFEFFFEFF9DAA
S315080444E0FFFFD6BA694589447945A1C691A6A1C5EF
S315080444F0A2AAB53489E7BA26A9E78986BA48C2279B
S31508044500A9C689659985916580E3BA28A9E799A614
S3150804451099857903BD7500000000C451AB6D000090
S31508044520000000000000000000000000626951233A
S31508044530DE1B000000000000000000000000000070
S315080445400000000000000000000000000000000059
S315080445500000000000000000000000000000000049
S315080445600000000000000000000000000000000039
S315080445700000000000000000000000000000000029
S315080445800000000000000000000000000000000019
S315080445900000000000000000000000000000000009
S315080445A000000000000000000000000000000000F9
S315080445B00000000000000000AD75A3F0E6590000F5
S315080445C0C4B2DCACE4D0C410D471DCD2A32CE4F3BA
S315080445D0ED55B34BB32BDCB2CCD3EDF7E5D7F6598F
S315080445E0E555A2ECDE38F7BDE5F7F658FE37D513E0
S315080445F0D575DDD7EEDAFEFBBCF3FFFEFFFFFFFF42
S31508044600FFFFFFFFFFFFFF3CBC31DE79FFFFFFBE64
S31508044610FFBEFFDEFFFFFF7DFF9EF73CEEFBF73C88
S31508044620FFBEFFFFFFBEFFBEFFBEFFBEFFBEFFBE4F
S31508044630FFBEFFBEFFBEFFBEFFBEFFBEFFBEFFBE80
S31508044640FFBEFFBEFFBEFFBEFFBEFFBEFFBEFFBE70
S31508044650FFBEFF9DFF9DFF9DFF9DFFBDFFBDFF5C48
S31508044660EEBADE38DE17EEBAFF3CA410608289651E
S315080446708985A1E68985B1E5A22800007ACBB1C56A
S31508044680AA079185B9C6918489C681C7722A72EB2D
S315080446907AEC9985BA28A1C799C681039A89000034
S315080446A00000D4718A6A00000000000000000000BF
S315080446B0000000000000622849A60000000000006F
S315080446C000000000000000000000000000000000D8
S315080446D000000000000000000000000000000000C8
S315080446E000000000000000000000000000000000B8
S315080446F000000000000000000000000000000000A8
S315080447000000000000000000000000000000000097
S315080447100000000000000000000000000000000087
S315080447200000000000000000000000000000000077
S315080447300000000000000000000000000000000067
S315080447409C31ABF000000000B3ECECCDE4D3C40F0D
S31508044750D492AB4CCC50F576B32DB365E4EDCC923C
S31508044760CCF3F639EDF7EE17BC10E4B2B34DB4D278
S31508044770FFFFFFFFE679E5D6C4109B2DF73CFFFF44
S31508044780D5B6F73CFFFFFFFFFFFFFFFFFFFFFF9DC7
S31508044790C472D596FFFFFFBEFFBEFFBDFF9DFFDEB9
S315080447A0FFDEFFFFFFFFFFDEFFBEFFBEFFBEFFBE4D
S315080447B0FFBEFFBEFFBEFFBEFFBEFFBEFFBEFFBEFF
S315080447C0FFBEFFBEFFBEFFBEFFBEFFBEFFBEFFBEEF
S315080447D0FFBEFFBEFFBEFFBEFF9DFF5CFF7DEEBAB8
S315080447E0F73CF73CFF9DFFDEFFBDE699BD34A430D8
S315080447F0AC71724A698791A5A1E691C68164BA0625
S31508044800A22700007B2CC206A1A568E38A69841046
S31508044810A471A30D00000000AD7599E7B9E681857A
S3150804482099C691C68902ABF00000D4D3928A0000D7
S315080448300000000000000000000000000000000066
S315080448407BCF6B2D00000000000000000000000074
S315080448500000000000000000000000000000000046
S315080448600000000000000000000000000000000036
S315080448700000000000000000000000000000000026
S315080448800000000000000000000000000000000016
S315080448900000000000000000000000000000000006
S315080448A000000000000000000000000000000000F6
S315080448B000000000000000000000000000000000E6
S315080448C000000000000000006B6D949200000000D8
S315080448D092C9AAE9F554E4F3B38DB38DF575B36DAE
S315080448E0B367D447ED50CCD4D514F5F8FE79C4B2E1
S315080448F0BC30ED74ED33BB6D9BAEF7BEFFFFFFDE38
S31508044900B4D3C5B6D659FFFFFFDEFFDEFFFFFFFFB0
S31508044910FFFFFFDEFFDEFFFFD5B6B431FFBEFFFFA4
S31508044920FFBEFFBDFF9DFF9DFF9DFF9DFFBEFFBE12
S31508044930FFBEFFDEFFBEFFBEFFBEFFBEFFBEFFBE5D
S31508044940FFBEFFBEFFBEFFBEFFBEFFBEFFBEFFBE6D
S31508044950FFBEFFBEFFBEFFBEFFBEFFBEFFBEFFBD5E
S31508044960FF7CFF5CFF7CEEBAF79DFFBEF71BFF7D5D
S31508044970FF9DFFFFFFFFFF7CFFFF94716B0C9248BE
S31508044980A1C589A57124C2279A070000BBEFC18473
S3150804499050C36B4D00000000BC318AAA0000000019
S315080449A000009965AAEB9BCF91248144A9A5894463
S315080449B0AD75C4F4C47000000000000000000000D7
S315080449C0000000000000000000005AEB9CF3000001
S315080449D000000000000000000000000000000000C5
S315080449E000000000000000000000000000000000B5
S315080449F000000000000000000000000000000000A5
S31508044A000000000000000000000000000000000094
S31508044A100000000000000000000000000000000084
S31508044A200000000000000000000000000000000074
S31508044A300000000000000000000000000000000064
S31508044A400000000000000000000000000000000054
S31508044A50738E5AAB00000000B49361E8C430E4F2E4
S31508044A60B36DDCF3BBAEBBA9D488E48BCC91ABF1B4
S31508044A70EDF7FE59E596B40FE574DCF3D4D2ED33BD
S31508044A80CBEF9B2CEF3CFFFFFFFFFFFFBD55DE99E5
S31508044A90FFFFFFFFFFFFFFFFFFFFFFFFFFFFFFFF14
S31508044AA0FF7DA3AFDE79FFFFFF9DFF9DFF9DFF9D61
S31508044AB0FF9DFFBDFF9DFFBDFFBEFFBEFFBEFFBE40
S31508044AC0FFBEFFBEFFBEFFBEFFBEFFBEFFBEFFBEEC
S31508044AD0FFBEFFBEFFBEFFBEFFBEFFBEFFBEFFBEDC
S31508044AE0FFBEFFBDFF9DFF9DFF7CFF7CFF9DF6DAA1
S31508044AF0DE59FFFFF75DF6FAFFBEFF9DFF9DFFDE59
S31508044B00FF9E6B2D00009ACAA18489C679A6C2267F
S31508044B10B289ABAEA9A648418C5300000000000038
S31508044B2092CB92EC00000000ACF471868410930DCD
S31508044B3099657A6A924890C191E6D6730000000096
S31508044B400000000000000000000000000000000053
S31508044B5000009CD36B4DAD750000000000000000FA
S31508044B600000000000000000000000000000000033
S31508044B700000000000000000000000000000000023
S31508044B800000000000000000000000000000000013
S31508044B900000000000000000000000000000000003
S31508044BA000000000000000000000000000000000F3
S31508044BB000000000000000000000000000000000E3
S31508044BC000000000000000000000000000000000D3
S31508044BD000000000000000007BD031A600000000A1
S31508044BE0000000009BCFA2CACC30C3D0C3CBDC8A5A
S31508044BF0E489D44D82EEBC71FEDBEDD7B410DD3406
S31508044C00E573D4D2D4B2E4F3E4D2BB4D7A08DEDA3F
S31508044C10FFFFFFFFDE9ADE9AFFFFFFFFFFFFFFFF9E
S31508044C20FFFFFFFFFFFFFFFFFFFFBD13AC31FFFFD1
S31508044C30FF9DFF9DFF9DFF7DFF9DFF9DFF9DFF9DA2
S31508044C40FFBDFFBEFFBEFFBEFFBEFFBEFFBEFFBE6B
S31508044C50FFBEFFBEFFBEFFBEFFBEFFBEFFBEFFBE5A
S31508044C60FFBEFFBEFFBEFF9DFF9DFF9DFF9DFF9DEF
S31508044C70FF7CFF5CFF5CFF7DEE79EEFBEF3CFF7D7E
S31508044C80FF9DFF7DFF7DFFBEEEFBCE59DD7591A628
S31508044C90A18482498ACAC226D268B18559A6000067
S31508044CA0000000000000C53582490000000000002D
S31508044CB094B2AD750000592499A684100000930C8B
S31508044CC08061AA89000000000000000000000000BE
S31508044CD0000000000000000000000000AD757BCF56
S31508044CE000000000000000000000000000000000B2
S31508044CF000000000000000000000000000000000A2
S31508044D000000000000000000000000000000000091
S31508044D100000000000000000000000000000000081
S31508044D200000000000000000000000000000000071
S31508044D300000000000000000000000000000000061
S31508044D400000000000000000000000000000000051
S31508044D500000000000000000000000000000000041
S31508044D608C31841000000000000000000000ABCF66
S31508044D70C38FC3ADDC8BE469BAE4A451BD56FE59AE
S31508044D80DD558AABCCB3F638D4F2D4D2E4F3D47175
S31508044D90D430AB4C9AAAA34DDE9AFFFFFFFFFFFF60
S31508044DA0FFFFFFFFFFFFFFFFFFDFFFFFFFDFFFDF61
S31508044DB0FFFFFFDF9B6EDE59FFFFFF9DFF9DFF7D13
S31508044DC0FF7DFF9DFF9DFFBDFFBDFFBEFFBEFFBE6E
S31508044DD0FFBEFFBEFFBEFFBEFFBEFFBEFFBEFFBED9
S31508044DE0FFBEFFBEFFBEFFBEFFBEFFBDFF9DFF9D0C
S31508044DF0FF9DFF9DFF9DFF9DFF7CFF7CFF5BFFDE04
S31508044E00D617BD34FFDEFFBEFF7DFF7DFF5DFFFFC6
S31508044E10CE790000A2EB99639964832DB32CB1A5CE
S31508044E2088E2C45000000000000000000000A2EC64
S31508044E3082AA0000000000000000000000009B0B8E
S31508044E408964FFFF00000000C51471A59B2D0000AE
S31508044E500000000000000000000000000000000040
S31508044E6000000000000094929492000000000000E4
S31508044E700000000000000000000000000000000020
S31508044E800000000000000000000000000000000010
S31508044E900000000000000000000000000000000000
S31508044EA000000000000000000000000000000000F0
S31508044EB000000000000000000000000000000000E0
S31508044EC000000000000000000000000000000000D0
S31508044ED000000000000000000000000000000000C0
S31508044EE000000000000000009CB3A51400000000A8
S31508044EF000000000B4F38A4AD42FECCBDBE69A63AD
S31508044F00B4D2D6DCDD96EDD7930CBC31F5F8E5962C
S31508044F10DCF2D4D2E4F3C40FBBEF8A69D471DC0F94
S31508044F2091C6CE18FFFFFFFFDE9AB4D3DE9AFFFFC1
S31508044F30FFDFFFDEFFDEFFDEFFBEFFFFD6189BAEF8
S31508044F40FFFFFFDEFF7DFF9DFFBDFFBEFFBEFFBE69
S31508044F50FFBEFFBEFFBEFFBEFFBEFFBEFFBEFFBE57
S31508044F60FFBEFFBEFFBEFFBEFFBEFFBEFFBEFFBE47
S31508044F70FF9DFF9DFF9DFF9DFF9DFF9DFF9DFF9D3F
S31508044F80FF7DFF5CFF7CFF5CCDB6EEFBFFDEFF7D9D
S31508044F90FF7DFF7CFFFFE71C834D8A69A184A1433B
S31508044FA08A49A4B4B1A6B2EB7AAAABEF0000000012
S31508044FB000000000DD75A36EFFFFFFFFFFFFFFFF84
S31508044FC0FFFFFFFFFFFF820881E7000000000000E3
S31508044FD0000000007AAB83D08410000000000000B3
S31508044FE00000000000000000FFFFFFFFFFFFFFFFB7
S31508044FF0FFFFFFFFFFFF00000000000000000000A5
S31508045000000000000000000000000000000000008E
S31508045010000000000000000000000000000000007E
S31508045020000000000000000000000000000000006E
S31508045030000000000000000000000000000000005E
S31508045040000000000000000000000000000000004E
S31508045050000000000000000000000000000000003E
S31508045060000000000000000000000000000000002E
S315080450700000BDD70000000000000000698791C445
S31508045080D3C7B2C3A309C5D8FFFFD5B6CCB2930C10
S31508045090D514EE18E5D8E575DCF2E513C40FBBEFB5
S315080450A0B38EA32CBBCFDC90CA259965BC92AC2DD4
S315080450B07A0791C761C7C67AFFFFFFBEFFBEFFBE68
S315080450C0FFBEFFDEFFFFB4F3AC51FFFFFFDEFFBEFA
S315080450D0FFBEFFBEFFBEFFBEFFBEFFBEFFBEFFBED6
S315080450E0FFBEFFBEFFBEFFBEFFBEFFBEFFBEFFBEC6
S315080450F0FFBEFFBEFF9DFF9DFF9DFF9DFF9DFF9D7C
S31508045100FF9DFF9DFF9DFF9DFF9DFF7DFF9DFF5C0E
S31508045110F75CFFDEFF7DFF7DFF7CFFBEFFFF930C80
S315080451208881A143912379E70000BC5190A1CDD78A
S3150804513093CF8B2D000000000000A410C575FFFF57
S31508045140FFFFFFFF00000000FFFFFFFFFFFFCDD7B3
S31508045150A3EF000000000000FFFFFFFFFFFFFFFFB3
S31508045160FFFFFFFFFFFF000000000000FFFFFFFF37
S31508045170FFFFFFFF000000009CD3FFFFFFFFFFFFB8
S31508045180000000000000000000000000000000000D
S315080451900000FFFFFFFFFFFFFFFFFFFFFFFF000009
S315080451A000000000000000000000000000000000ED
S315080451B000000000000000000000000000000000DD
S315080451C000000000000000000000000000000000CD
S315080451D000000000000000000000000000000000BD
S315080451E000000000000000000000000000000000AD
S315080451F00000000000000000000000000000841009
S315080452009BEF59637143E4EFBC4DC534F79EFFFF2A
S31508045210D659C4939B8EB451FE79E5B6E5B6E5B680
S31508045220DCF2E4F3C40FAB4CAB4DCC51AB6ED42ECD
S31508045230CA67C9E7A183B327B38DD40F81E7496643
S31508045240E73CFFFFFFFFFFFFFFFFFFDEFFDFFFFF78
S31508045250B513B4D3FF7DFFDEFFBEFFBEFFBEFFBEA0
S31508045260FFBEFFBEFFBEFFBEFFBEFFBEFFBEFFBE44
S31508045270FFBEFFBEFFBEFFBEFF9DFF9DFF9DFF9DB8
S31508045280FF9DFF9DFF9DFF9DFF9DFF9DFF9DFF9D2C
S31508045290FF9DFF9DFF9DFF9DFF9DFF7DFF7DFF7D7C
S315080452A0FF7DFFFF93D0580089C68A4982EB000028
S315080452B0000081A7A36D00008B2C9BF00000000062
S315080452C08410EF5DFFFFFFFF0000000000000000F0
S315080452D000000000DEFBFFDFFFFF00000000FFFF09
S315080452E0FFFFFFFF00000000FFFFFFFFFFFFFFFFB8
S315080452F00000FFFFFFFFFFFF0000000000000000A2
S31508045300000000000000FFFFFFFF0000000000008F
S31508045310000000000000FFFFFFFFFFFFFFFF000083
S315080453200000FFFFFFFFFFFF000000000000000071
S31508045330000000000000000000000000000000005B
S31508045340000000000000000000000000000000004B
S31508045350000000000000000000000000000000003B
S31508045360000000000000000000000000000000002B
S31508045370000000000000000000000000000000001B
S31508045380FFFF738E6B4D72ABAB0B8B2AD67900007D
S31508045390000000000000DFFFB430A3F0B4D3F61811
S315080453A0E5B6E5B5E5B6E5B6E574D470B38DAB6D8B
S315080453B0C430C3EF9B6EC40CD368D268B227C3ED5E
S315080453C0AB4DBBCEB34CA2EC8AECD638F77DF71CB2
S315080453D0DE18FF7DFFFFFFFFFFFFD638D638FF7DB7
S315080453E0FFBEFF9EFFBEFFBEFFBEFFBEFFBEFFBEE3
S315080453F0FFBEFFBEFFBEFFBEFFBEFFBEFF9DFF9DF5
S31508045400FF9DFF9DFF9DFF9DFF9DFF9DFF9DFF9DAA
S31508045410FF9DFF9DFF9DFF9DFF9DFF9DFF7DFF7DDA
S31508045420FF7DFF7DFF7DF75CFFFFC5D751E8832C21
S315080454307BCF00000000000094527ACB00000000E5
S3150804544049E87B6E00000000FFDFFFFFFFFF000056
S315080454500000000000000000000000009492CE79CD
S31508045460FFFFFFFFFFFFFFFFFFFF00000000000034
S3150804547000000000FFFFFFFF0000FFFFFFFF000022
S31508045480000000000000000000000000000000000A
S31508045490FFFFFFFF00000000000000000000FFFF00
S315080454A0FFFF00000000000000000000FFFFFFFFF0
S315080454B0FFFF0000000000000000000000000000DC
S315080454C000000000000000000000000000000000CA
S315080454D000000000000000000000000000000000BA
S315080454E000000000000000000000000000000000AA
S315080454F0000000000000000000000000000000009A
S315080455000000000000000000FFFF6B6D31AD0000D5
S315080455100000AD7600000000000000000000AC307A
S31508045520930CA472DDB6EDF7E5B6EDD6F617FE587C
S31508045530ED959B2C928ABBAEDCF3AB2CAC31ABCB92
S31508045540DC88CB29B207CBEDAB4DBBCEBBCDA32CA8
S31508045550E492AB2CA32C8229C575FFFFFFFFFF7DC0
S31508045560FFDEFFFFFF9DFF7DFFBEFF9EFF9EFFBE82
S31508045570FFBEFF9EFFBEFFBEFFBEFFBEFFBEFFBE51
S31508045580FF9DFF9DFF9DFF9DFF9DFF9DFF9DFF9D29
S31508045590FF9DFF9DFF9DFF9DFF9DFF9DFF9DFF9D19
S315080455A0FF9DFF7DFF5CFF7DFFDFFFFFFF9DFFFF84
S315080455B0E6DB834E00000000000000000000000047
S315080455C073CFBDF70000000052AB84110000000041
S315080455D0FFFFFFFF000000000000000000000000BD
S315080455E00000FFFF94B20000FFFFFFFFFFFFFFFF6D
S315080455F0000000000000000000000000FFFFFFFF9D
S31508045600FFFFFFFF0000000000000000000000008C
S315080456100000000000000000FFFFFFFF000000007C
S31508045620000000000000FFFFFFFF0000000000006C
S31508045630000000000000FFFFFFFF00000000FFFF5E
S31508045640FFFFFFFFFFFFFFFFFFFF00000000FFFF54
S31508045650FFFFFFFFFFFFFFFFFFFFFFFFFFFFFFFF48
S31508045660FFFFFFFFFFFFFFFFFFFF00000000FFFF34
S31508045670FFFFFFFFFFFFFFFFFFFFFFFF0000000024
S315080456800000FFFFFFFFFFFFFFFFFFFF0000000012
S315080456900000000000000000934EC55600000000FC
S315080456A000000000ABCD71840000CD96F5F6F61720
S315080456B0EDF6DD75C4F3B471A3F093EF8AABB38E3C
S315080456C0DCF3A30CC4B49BCEC3A5D428CBE8BBABEC
S315080456D0A32DA30BF5748A8A7A49CCB1BBCEDDB661
S315080456E0FFFFE6FBA491EEFBFFFFFFBEFFDEFFDE36
S315080456F0FF9EFF9EFFBEFFBEFFBEFFBEFFBEFFBEF0
S31508045700FFBEFFBDFF9DFF9DFF9DFF9DFF9DFF9D66
S31508045710FF9DFF9DFF9DFF9DFF9DFF9DFF9DFF9D97
S31508045720FFBDFFDEFFFFFFFFFFFFFF5DFF9DFFFFDE
S31508045730DE79C595FF7DFFDF5249AD75000000008F
S3150804574000000000000084109471000000000000AE
S315080457509CD3949200000000FFFFFFFF00000000A6
S315080457600000FFFFFFFFFFFFFFFF94B2AD750000C7
S31508045770FFFFFFFFFFFFFFFF00000000FFFFFFFF23
S3150804578000000000FFFFFFFFFFFFFFFF000000000F
S315080457900000FFFFFFFFFFFFFFFFFFFF0000000001
S315080457A00000FFFFFFFF000000000000FFFFFFFFEF
S315080457B000000000FFFFFFFFFFFF00000000FFFFDF
S315080457C0FFFF0000FFFFFFFFFFFF00000000FFFFD1
S315080457D0FFFFFFFFFFFFFFFFFFFF00000000FFFFC3
S315080457E0FFFF00000000FFFFFFFF00000000FFFFAF
S315080457F0FFFF0000FFFFFFFFFFFF00000000FFFFA1
S31508045800FFFFFFFFFFFF0000FFFFFFFFFFFF000092
S31508045810FFFFFFFF0000000000000000000000007A
S31508045820934CF6FB0000000000009B8D81E6000007
S31508045830BDD4DD55DD75BCD3A41093B0AC100000FF
S315080458400000730C8A8AC430DCD39BCFABCFBD1659
S31508045850BBECD427CC67BBAABB8E9AEBCC30ED1332
S3150804586092EB9C10FF5CFF1B8B4D6A8ADE59FFFF87
S31508045870FFBEFFBEFFBEFFBEFFBEFFBEFFBEFFBE2E
S31508045880FFBEFFBEFFBEFFBEFFBDFF9DFF9DFF9D82
S31508045890FF9DFF9DFF9DFF9DFF9DFF9DFF9DFF9D16
S315080458A0FF9DFF7DFFBDFFFFFFDEF6FBF6BB9C10E9
S315080458B08BCFFFFFFFDEC596C534DE17D5F77B4DC4
S315080458C00000000000000000000000000000843012
S315080458D0B596000000000000AD35AD750000000067
S315080458E0FFFF000000000000FFFFFFFF0000FFFFAE
S315080458F0FFFFFFFFFFFFFFFFFFFFFFFFFFFFFFFFA6
S3150804590000000000FFFFFFFF000000000000FFFF8B
S31508045910FFFFFFFF00000000FFFFFFFFFFFF00007F
S31508045920FFFFFFFFFFFFFFFFFFFFFFFFFFFF000073
S3150804593000000000FFFFFFFF00000000FFFFFFFF5D
S31508045940FFFF00000000FFFFFFFFFFFFFFFFFFFF51
S3150804595000000000000000000000FFFFFFFFFFFF3B
S31508045960FFFF00000000FFFFFFFF00000000FFFF2D
S31508045970FFFF00000000FFFFFFFFFFFFFFFFFFFF21
S3150804598000000000000000000000FFFFFFFFFFFF0B
S31508045990FFFFFFFF00000000FFFFFFFF00000000FD
S315080459A0000000000000BCB2A3ED00000000F7BF31
S315080459B0932C69E600000000A472AC309C10000029
S315080459C0000000000000000000006A8C8249DCB177
S315080459D0C42F93F1AB6ECD96BD77B36BDC8AD46BCB
S315080459E0CBEF8269A32CD491BBAE9ACB7A6A82CBCD
S315080459F0938ED5B6FF5DFFDEFFFFFFBEFFBEFFBE7B
S31508045A00FFBEFFBEFFBEFFBEFFBEFFBDFF9DFF9DDF
S31508045A10FF9DFF9DFF9DFF9DFF9DFF9DFF9DFF9D94
S31508045A20FF9DFF9DFF9DFF9DFF7DFFDEFFFFC55583
S31508045A308B0CC451B3CFA2EB72AAFFFFC595B4D29F
S31508045A40FFDDFFFEFEFB94100000000000000000CE
S31508045A50000000009472A514000000000000000075
S31508045A600000000000000000FFFF00000000000026
S31508045A70FFFFFFFF00000000FFFFFFFFFFFFFFFF20
S31508045A80FFFFFFFFFFFFFFFF00000000FFFFFFFF10
S31508045A90000000000000FFFFFFFFFFFF00000000FA
S31508045AA0FFFFFFFF000000000000FFFFFFFFFFFFEE
S31508045AB0FFFFFFFFFFFF000000000000FFFFFFFFDE
S31508045AC000000000FFFFFFFF000000000000FFFFCA
S31508045AD0FFFFFFFFFFFF00000000000000000000BA
S31508045AE000000000FFFFFFFFFFFF00000000FFFFAC
S31508045AF0FFFF00000000FFFFFFFF00000000FFFF9C
S31508045B00FFFFFFFFFFFF00000000FFFFFFFFFFFF8F
S31508045B1000000000FFFFFFFFFFFF00000000000079
S31508045B20FFFFFFFF00000000000000000000A410B3
S31508045B30BCB10000D6BA62CB9B6D00000000B5B6B6
S31508045B40947200000000000000000000000000003D
S31508045B500000A49271C7E4F2B3AD0000C4B3B3CF96
S31508045B60000093D0AB4CD42AECAFB32D7A08C3CE3D
S31508045B709ACBCD54EEDAFF5CFFFFFF7DD5B6CD7523
S31508045B80F6FBFFFFFFFFFFBEFFBEFFBEFF9DFF9DA7
S31508045B90FF9DFF9DFF9DFF9DFF9DFF9DFF9DFF9D13
S31508045BA0FF9DFF9DFF7DFF9DFF9DFF9DFF9DFF9D23
S31508045BB0FFDEFF9D7B6D5803B189E430DBCFC38ECE
S31508045BC0E659EF1BE657FF9CFF1BFEFAFF7CFF5CBA
S31508045BD09C100000000000000000CE398C71DEBB6A
S31508045BE000000000000000000000000000000000A3
S31508045BF0FFFFFFFF00000000FFFFFFFF000000009B
S31508045C00FFFFFFFF000000000000FFFFFFFFFFFF8C
S31508045C1000000000FFFFFFFF000000000000FFFF78
S31508045C20FFFFFFFF00000000FFFFFFFFFFFF00006C
S31508045C30FFFFFFFF000000000000FFFFFFFF00005A
S31508045C4000000000FFFFFFFF00000000FFFFFFFF4A
S31508045C500000FFFFFFFFFFFFFFFFFFFFFFFF00003E
S31508045C600000FFFFFFFFFFFF00000000FFFFFFFF2C
S31508045C70FFFF00000000FFFFFFFF00000000FFFF1A
S31508045C80FFFF00000000FFFFFFFFFFFFFFFF00000C
S31508045C900000FFFF0000000000000000FFFFFFFFF8
S31508045CA0FFFF00000000FFFFFFFFFFFF00000000EA
S31508045CB0000000000000C514BCB3C6584B6E0000B3
S31508045CC0000000000000B596C61800000000000099
S31508045CD000000000000000000000841061A8E4B27F
S31508045CE0BBEF0000C5968A69E5B600008390934B1E
S31508045CF09B8BAC108B6EABCFE4F3EDF7FFFFFFFF86
S31508045D00FF1CFEFBFF7DEE79DDB6D596EEFBFFFFA5
S31508045D10FFFFFF9DFF9DFF9DFF9DFF9DFF9DFF9D2F
S31508045D20FF9DFF9DFF9DFF9DFF9DFF9DFF9DFF9D81
S31508045D30FF9DFF9DFF9DFF7DFFBEEEDBB4F4DDB73F
S31508045D40D514C451CC51DDB7DEB9C574FF3CFF3C4C
S31508045D50FEFAFEFAFED9FFDDDDF65A090000000058
S31508045D600000C618841000000000000000000000AF
S31508045D700000000000000000FFFFFFFF0000000015
S31508045D80FFFFFFFFFFFFFFFFFFFFFFFF000000000D
S31508045D90FFFFFFFFFFFFFFFF00000000FFFFFFFFFD
S31508045DA0000000000000FFFFFFFFFFFF00000000E7
S31508045DB00000FFFFFFFFFFFFFFFFFFFF00000000DB
S31508045DC0FFFFFFFF0000000000000000FFFFFFFFC9
S31508045DD000000000FFFFFFFFFFFFFFFFFFFFFFFFBD
S31508045DE00000FFFFFFFF0000FFFFFFFFFFFFFFFFAD
S31508045DF000000000FFFFFFFFFFFF00000000FFFF99
S31508045E00FFFF00000000FFFFFFFF00000000FFFF88
S31508045E10FFFFFFFFFFFF00000000FFFFFFFFFFFF7C
S31508045E20FFFFFFFFFFFFFFFFFFFF00000000FFFF6C
S31508045E30FFFFFFFF00000000000000000000000054
S31508045E40ACB3FFFF000000000000000000000000E3
S31508045E500000000000000000000000000000000030
S31508045E60000000006B0CB3CECCB1C6180000AC9190
S31508045E707A6AA4D300009CB384120000000062ABC3
S31508045E80B410A38E9B6DCD95FEFBFEFBFEFBFF1B9C
S31508045E90FF5CE5D6830C8B6DFF5DFFFFFFFFFF9D5F
S31508045EA0FF9DFF9DFF9DFF9DFF9DFF9DFF9DFF9D00
S31508045EB0FF9DFF9DFF9DFF9DFF7DFF7DFF7DFF7D70
S31508045EC0FF5CFF9EFFFFFFFFFFFFFFFEFFFEFFFFD6
S31508045ED0D637FF1BF6DADE38FFBDFED9FEFAFEFA20
S31508045EE0FF3B9C30C5548BCE838E00000000000017
S31508045EF00000000000000000000000000000000090
S31508045F00FFFFFFFFFFFF0000000000000000000085
S31508045F100000000000000000FFFFFFFFFFFFFFFF77
S31508045F2000000000FFFFFFFF000000000000FFFF65
S31508045F30FFFFFFFFFFFF0000000000000000000055
S31508045F400000000000000000FFFFFFFF0000000043
S31508045F5000000000FFFFFFFF00000000FFFFFFFF37
S31508045F6000000000000000000000FFFFFFFF000023
S31508045F700000FFFFFFFFFFFF00000000FFFFFFFF19
S31508045F80FFFF00000000FFFFFFFF00000000FFFF07
S31508045F90FFFF00000000FFFFFFFFFFFFFFFF0000F9
S31508045FA00000FFFFFFFFFFFFFFFF00000000FFFFE9
S31508045FB0FFFF00000000FFFFFFFF000000000000D5
S31508045FC000000000000000000000000000000000BF
S31508045FD000000000000000000000000000000000AF
S31508045FE00000000000000000000000000000938C80
S31508045FF0C44F7BAC0000000000000000B535C53670
S31508046000D5D8BD158BB0624AB4F4A451AC92BCF38E
S31508046010E679FF5CFF7CFF1BFEDAFFBEF69A7AABD5
S31508046020412493AFFFBEFFFFFFFFFFBDFF9DFF9D0A
S31508046030FF9DFF9DFF9DFF9DFF9DFF9DFF7DFF7DAE
S31508046040FF7DFF7DFF7DFF7DFF7DFF7DFF7DFF7C5F
S31508046050FF7CFF7DFF7DFF9DF73CFF1BD595934D88
S31508046060DE17FF9CFEDAFEDAFF5CE657EEFAFFFF60
S31508046070CD54522900000000000000000000000072
S3150804608000000000000000000000FFFFFFFFFFFF04
S315080460900000000000000000000000000000FFFFF0
S315080460A0FFFF0000FFFFFFFF00000000FFFFFFFFE8
S315080460B0000000000000FFFF0000FFFFFFFFFFFFD6
S315080460C00000000000000000000000000000FFFFC0
S315080460D0FFFF00000000000000000000FFFFFFFFB4
S315080460E000000000FFFFFFFF0000000000000000A2
S315080460F00000FFFFFFFFFFFF000000000000000094
S315080461000000FFFFFFFFFFFFFFFFFFFF0000000087
S315080461100000000000000000000000000000FFFF6F
S31508046120FFFFFFFFFFFFFFFF000000000000000065
S31508046130FFFFFFFF0000FFFFFFFF00000000FFFF57
S31508046140FFFF00000000000000000000000000003F
S31508046150000000000000000000000000000000002D
S31508046160000000000000000000000000000000001D
S315080461700000000000009CB34104628A000000008D
S315080461800000C418A432E65ADDF9E5F9DDB8C536C7
S31508046190BD15CDB7D5D8D5D7CDB7CD96DDF7F699F4
S315080461A0FF3CFF7CFF7CFFFEDDB628A328A2C5754D
S315080461B0FF3CFFFFFFFFFFDEFF9DFF9DFF9DFF9D49
S315080461C0FF9DFF7DFF7DFF7DFF7DFF7DFF7DFF7DBD
S315080461D0FF7DFF7DFF7DFF7DFF7DFF7DFF7DFF5CEE
S315080461E0FFFFE6DB732D41A86AABFFDEFEFAFF1B51
S315080461F0FF3BF6D9CD74FF7CE67872CB9410000089
S315080462000000000000000000000000000000836E8B
S315080462109410C534F75DFFFFFFFFFFFF0000000081
S315080462200000FFFFFFFFFFFF00000000FFFFFFFF66
S3150804623000000000FFFFFFFF000000000000FFFF52
S3150804624000000000FFFFFFFFFFFFFFFF0000000044
S315080462500000FFFFFFFFFFFFFFFF00000000000034
S3150804626000000000FFFFFFFF00000000FFFFFFFF24
S31508046270000000000000000000000000FFFFFFFF10
S31508046280FFFF00000000FFFFFFFFFFFFFFFF000006
S31508046290FFFFFFFFFFFF0000FFFFFFFFFFFFFFFFFA
S315080462A00000FFFFFFFFFFFFFFFF0000FFFFFFFFE8
S315080462B0FFFF00000000FFFFFFFFFFFFFFFFFFFFD8
S315080462C0FFFF00000000FFFFFFFF000000000000C2
S315080462D000000000000000000000000000000000AC
S315080462E0000000000000000000000000000000009C
S315080462F0000000000000000000000000000000008C
S315080463006B50736E000000000000B4F4E5F9D598EC
S31508046310D578D577D598D5D8D5B8D5B8CD97C51560
S31508046320B4B3AC93AC73B493BCD3D595E617F678EB
S31508046330FFFFFFFF7269080049667B0CD5D6FFFF8D
S31508046340FFFFFFFFFF9DFF5DFF7DFF7DFF7DFF7D57
S31508046350FF7DFF7DFF7DFF7DFF7DFF7DFF7DFF7D4B
S31508046360FF7DFF7DFF7DFFBEFFFF943100007B6F3D
S315080463705208FF5CFF5CFF3CFF3BFF9DDE17E657B8
S31508046380FF1BD5B6BD1383F0000000000000000013
S315080463900000ACD3AC92C514E618FF3CBCF3FFDF8F
S315080463A0FFFFFFFFFFFFFFFFFFFFFFFFFFFF0000E9
S315080463B000000000FFFFFFFFFFFFFFFFFFFFFFFFD7
S315080463C0FFFFFFFFFFFFFFFF000000000000FFFFC5
S315080463D0FFFFFFFFFFFFFFFFFFFFFFFFFFFF0000B9
S315080463E0000000000000000000000000FFFFFFFF9F
S315080463F0FFFFFFFFFFFFFFFF000000000000000093
S31508046400000000000000FFFFFFFFFFFFFFFFFFFF84
S31508046410FFFF0000000000000000FFFFFFFFFFFF72
S31508046420FFFFFFFFFFFFFFFFFFFFFFFFFFFFFFFF6A
S31508046430000000000000FFFFFFFFFFFFFFFFFFFF54
S31508046440FFFF00000000FFFFFFFFFFFFFFFFFFFF46
S31508046450FFFF00000000000000000000000000002C
S31508046460000000000000000000000000000000001A
S31508046470000000000000000000000000000000000A
S3150804648000000000000000000000000000000000FA
S315080464908410B4F5E61AD577D598D597CD97D597B8
S315080464A0D577CD97CD97CD98CD98D5B8D5B8CD779E
S315080464B0BCD4B493BCF5B493BCD3EE58FFFFB45123
S315080464C04905390500005209BD34FF3CFFFFFFFFAB
S315080464D0FFFFFF9DFF7CFF7DFF7DFF7CFF7DFF7D2A
S315080464E0FF7DFF7DFF7DFF7DFF7DFF7CFF9DFFFF19
S315080464F09CD38410CD35A410BCF3EEDAFF9CFF5C64
S31508046500FF5CFF5CF73CE678FFDEC534C5138C10E8
S315080465100000000000000000B513D596F679F67958
S31508046520E618F659AC7100000000000000000000EF
S315080465300000000000000000000000000000000049
S315080465400000000000000000000000000000000039
S315080465500000000000000000000000000000000029
S315080465600000000000000000000000000000000019
S315080465700000000000000000000000000000000009
S3150804658000000000000000000000000000000000F9
S3150804659000000000000000000000000000000000E9
S315080465A000000000000000000000000000000000D9
S315080465B000000000000000000000000000000000C9
S315080465C000000000000000000000000000000000B9
S315080465D000000000000000000000000000000000A9
S315080465E00000000000000000000000000000000099
S315080465F00000000000000000000000000000000089
S315080466000000000000000000000000000000000078
S3150804661000000000000000008410A452DDF9CD97A4
S31508046620D597D597D597CD98CD98C597C598CD982C
S31508046630CD98CD77CD77CD77CD97CD98D598C536E6
S31508046640AC53A3F1B4D3DDD782EB30A31001000019
S31508046650000020626A8BBD34FF5CFFFFFFFFFFFF6B
S31508046660FF7DFF7CFF7DFF7DFF7DFF7DFF7DFF7D39
S31508046670FF5CFF7CFFFFBD758C71CD96DD75D5B5C6
S31508046680F6DADE17FF9DFF5CFF5CFF5CFF9DE69A6A
S31508046690FF3CD5F7A450BD550000000000000000DB
S315080466A0BCF4F699E618DDF7FEDAC4D272EC0000FB
S315080466B000000000000000000000000000000000C8
S315080466C000000000000000000000000000000000B8
S315080466D000000000000000000000000000000000A8
S315080466E00000000000000000000000000000000098
S315080466F00000000000000000000000000000000088
S315080467000000000000000000000000000000000077
S315080467100000000000000000000000000000000067
S315080467200000000000000000000000000000000057
S315080467300000000000000000000000000000000047
S315080467400000000000000000000000000000000037
S315080467500000000000000000000000000000000027
S315080467600000000000000000000000000000000017
S315080467700000000000000000000000000000000007
S3150804678000000000000000000000000000000000F7
S3150804679000000000000000000000000000000000E7
S315080467A0AC93C515D5B8D597D597D597D598D59714
S315080467B0CD97CD77CD77CD97CD97CD57CD57CD57A7
S315080467C0CD56CD57CD57CD57D598DDB9BCD5A4529E
S315080467D0B4B47B0E49671001184218210000000062
S315080467E0288372CBCDB6F6FBFFFFFFFFFFDEFF7DE6
S315080467F0FF7DFF7CFF5CFF5CFF7CFFFFCDF78C1001
S31508046800C556DD96E5F6F6FAFF3BD5F6F71BFF5CAB
S31508046810FF5CFF5CFF5CF71CD637DE58A430A492F5
S315080468200000000000009C72C555F699DDF7FEBA13
S31508046830EE38838D00000000000000000000000010
S315080468400000000000000000000000000000000036
S315080468500000000000000000000000000000000026
S315080468600000000000000000000000000000000016
S315080468700000000000000000000000000000000006
S3150804688000000000000000000000000000000000F6
S3150804689000000000000000000000000000000000E6
S315080468A000000000000000000000000000000000D6
S315080468B000000000000000000000000000000000C6
S315080468C000000000000000000000000000000000B6
S315080468D000000000000000000000000000000000A6
S315080468E00000000000000000000000000000000096
S315080468F00000000000000000000000000000000086
S315080469000000000000000000000000000000000075
S315080469100000000000000000000000000000000065
S315080469200000000000009C73A432E5F9D577D597DA
S31508046930CD97CD97CD97CD97CD97CD97CD96CD9726
S31508046940CD77C556BD15BD15C515C515C536CD3680
S31508046950CD56C536CD57CDB8CD97E61AD5976A6ABA
S31508046960180130E45166286308000000100149A79D
S31508046970838EBD35DE99FF7CFFFFFFFFFFFEFFFF19
S31508046980FFDEC5759C920000C534FE99C513F6B999
S31508046990FF9DD5F7DE38FFBDFF5CFF5CFF3CFF7D3E
S315080469A0DE78F6DAB492628A0000000000009C31B0
S315080469B0E679EE99FEDBD5755A0900000000000059
S315080469C000000000000000000000000000000000B5
S315080469D000000000000000000000000000000000A5
S315080469E00000000000000000000000000000000095
S315080469F00000000000000000000000000000000085
S31508046A000000000000000000000000000000000074
S31508046A100000000000000000000000000000000064
S31508046A200000000000000000000000000000000054
S31508046A300000000000000000000000000000000044
S31508046A400000000000000000000000000000000034
S31508046A500000000000000000000000000000000024
S31508046A600000000000000000000000000000000014
S31508046A700000000000000000000000000000000004
S31508046A8000000000000000000000000000000000F4
S31508046A9000000000000000000000000000000000E4
S31508046AA000000000000000000000000000009BF148
S31508046AB0DDB8CD97CD97CD97CD77CD97CD98CD9792
S31508046AC0CD77CD97CD97CD97CD77C536BD15C4F57A
S31508046AD0BCF5BCF4BCF4BD15C515C515C515C51658
S31508046AE0C515BCF4CD76EE19830D100130E438C50E
S31508046AF01821000041A8000000007B8EAD13C5755F
S31508046B00BD34CDB7E679CD968B8E8C100000000087
S31508046B10CD75E5D6D595FF3BFF9DE679DE58FF9DF5
S31508046B20FF5CFF3CFF3CFF5CF71BFF5C9C51734D0D
S31508046B3000000000B514B4F4FF1CD5D7B472626A19
S31508046B400000000000000000000000000000000033
S31508046B500000000000000000000000000000000023
S31508046B60000000000000000000000000FFFFFFFF17
S31508046B70FFFFFFFFFFFFFFFF00000000000000000B
S31508046B8000000000000000000000000000000000F3
S31508046B9000000000000000000000000000000000E3
S31508046BA000000000000000000000000000000000D3
S31508046BB000000000FFFFFFFFFFFFFFFFFFFFFFFFCF
S31508046BC000000000000000000000000000000000B3
S31508046BD000000000000000000000000000000000A3
S31508046BE00000000000000000000000000000000093
S31508046BF00000000000000000000000000000000083
S31508046C000000000000000000000000000000000072
S31508046C100000000000000000000000000000000062
S31508046C200000000000000000000000000000000052
S31508046C3000000000A493BCF5D5D9CD98CD98CD987D
S31508046C40CD97CD97CD97CD97CD97CD97CD97CD9712
S31508046C50CD77C536C516C4F5C515C514C514C514EA
S31508046C60BCF4BCF5BD14BCF5BCF5C514BD14C535DA
S31508046C70E63972AB0000080018824186C557000041
S31508046C800000000000000000ACB29411ACF483F0DC
S31508046C9094B2000000000000BD346229D5F7FFFF56
S31508046CA0FF7DEEDAD658FF7DF73CFF3CFF3CF73C08
S31508046CB0FF7DF73BACD3738E000000009450CDB62D
S31508046CC0EEBADDF7A4307B2D0000000000000000BA
S31508046CD000000000000000000000000000000000A2
S31508046CE00000000000000000000000000000000092
S31508046CF00000FFFFFFFFFFFFFFFF0000FFFFFFFF8E
S31508046D000000000000000000000000000000000071
S31508046D100000000000000000000000000000000061
S31508046D200000000000000000000000000000000051
S31508046D30000000000000000000000000FFFFFFFF45
S31508046D4000000000FFFFFFFF000000000000000035
S31508046D500000000000000000000000000000000021
S31508046D600000000000000000000000000000000011
S31508046D700000000000000000000000000000000001
S31508046D8000000000000000000000000000000000F1
S31508046D9000000000000000000000000000000000E1
S31508046DA000000000000000000000000000000000D1
S31508046DB000000000000000000000AD759C11DE19FB
S31508046DC0C577CD77CD97CD97CD97CD77CD96CD96FB
S31508046DD0CD97CD97CD97CD57C516BCF5BCF5BCF563
S31508046DE0BCF4BCF4BCF4BCF4BCF4BCF4BCF4BCF411
S31508046DF0C514C4F5C515BCF4C535DDF8834E0000C5
S31508046E00832DBD35000000000000000000000000CE
S31508046E100000000000000000000000000000000060
S31508046E206AEB8B6EEE9AFFBEFFFECDB6ACD3FFDEE1
S31508046E30F73CF73CF75CF75CF73CF73BFF7D83EFE1
S31508046E407B8E0000AC92EE9AE638FF1ACD75941143
S31508046E500000000000000000000000000000000020
S31508046E600000000000000000000000000000000010
S31508046E7000000000000000000000FFFFFFFF000004
S31508046E8000000000FFFFFFFF0000000000000000F4
S31508046E9000000000000000000000000000000000E0
S31508046EA000000000000000000000000000000000D0
S31508046EB000000000000000000000000000000000C0
S31508046EC000000000FFFFFFFF00000000FFFFFFFFB8
S31508046ED000000000000000000000000000000000A0
S31508046EE00000000000000000000000000000000090
S31508046EF00000000000000000000000000000000080
S31508046F00000000000000000000000000000000006F
S31508046F10000000000000000000000000000000005F
S31508046F20000000000000000000000000000000004F
S31508046F30000000000000000000000000000000003F
S31508046F4000009C31CD56CDB7CD97CD97CD97CD972B
S31508046F50CD97CD97CD97CD97CD77C556C516C4F69B
S31508046F60C516C536C556C576C556C515C516C53519
S31508046F70C535C515C515C4F5BD15C514C515C51539
S31508046F80BCF4C515E5F9BCD4728B8BF0000000007F
S31508046F9000000000000000000000000000000000DF
S31508046FA0000072AB730C9C10C514D5B6FF9DFF5C2C
S31508046FB0FFFF8BAE8B8EFFFFF73CF75CE6DAEF1B21
S31508046FC0F75CF75CFF7DDE597B0D8BAFDE18FF1B84
S31508046FD0EE99FF1BC55500008C0FA451C575C5B69F
S31508046FE0000000000000000000000000000000008F
S31508046FF0000000000000000000000000000000007F
S315080470000000FFFFFFFF000000000000FFFFFFFF76
S31508047010FFFFFFFFFFFFFFFFFFFFFFFFFFFFFFFF6E
S31508047020FFFFFFFF00000000FFFFFFFFFFFFFFFF5A
S31508047030FFFFFFFF0000000000000000FFFFFFFF46
S31508047040FFFFFFFFFFFFFFFF00000000FFFFFFFF3A
S3150804705000000000FFFFFFFFFFFFFFFFFFFFFFFF2A
S31508047060FFFFFFFFFFFFFFFFFFFF00000000000018
S3150804707000000000000000000000000000000000FE
S3150804708000000000000000000000000000000000EE
S3150804709000000000000000000000000000000000DE
S315080470A000000000000000000000000000000000CE
S315080470B000000000000000000000000000000000BE
S315080470C000000000000000009C72AC73DDF9CD7767
S315080470D0CD97CD97CD97CD97CD77CD97CD97CD77BE
S315080470E0C576CD56C557CD77CD97CDB7CDB8CDB8DE
S315080470F0CDB8CD97CD97CD97CD97CD97CD77CD777D
S31508047100C535BD14C515C4F5C4F5C4F4C4F4DDB851
S31508047110B4535A09526A0000000000000000000037
S31508047120000000000000000000009C10EE38FF5C20
S31508047130CD75D5F7FFBEFF3CFFFEA410A491FFFF53
S31508047140EF3CF75CE6BADE38F75CF73CFF5CFF7C9D
S31508047150C595728B93CFD5D6C554DDF78B8E72CB76
S31508047160C555E658F6DAD5D7ACD3000000000000BA
S3150804717000000000000000000000000000000000FD
S315080471800000000000000000FFFFFFFF00000000F1
S315080471900000FFFFFFFFFFFFFFFF00000000FFFFE7
S315080471A0FFFFFFFF00000000FFFFFFFFFFFFFFFFD9
S315080471B0FFFFFFFF00000000FFFFFFFFFFFF0000C7
S315080471C00000FFFFFFFFFFFF00000000FFFFFFFFB7
S315080471D0FFFFFFFFFFFFFFFF00000000FFFFFFFFA9
S315080471E0FFFF00000000FFFFFFFF00000000FFFF95
S315080471F0FFFF00000000000000000000000000007F
S31508047200000000000000000000000000000000006C
S31508047210000000000000000000000000000000005C
S31508047220000000000000000000000000000000004C
S31508047230000000000000000000000000000000003C
S315080472400000000000000000000000000000841098
S315080472508BAFDDF9CD97CD97CD97CD77CD77CD97F4
S31508047260CDB7CDB7CD97CD97CD97CDB7CDB7CD976C
S31508047270CD97CD97CD98C597CD97CD97CD97CD97E3
S31508047280CD97CD97CD77CD76C536BCF5C4F5C4F57F
S31508047290C4F5C4F5C4F5C4D5D577CD1672AC41C7C3
S315080472A000000000000000000000000000000000CC
S315080472B00000AC92D576C514C534FF9DFF5CFF5C0F
S315080472C0FF3CB492DE58FF9DF73CF73CFF5CDDF7C4
S315080472D0DE79FF9DF71BFF9DE679C5348B8EB4F3E3
S315080472E0FF3CE679DE18C555C534C554EE99D5D69E
S315080472F0A4B2000000000000000000000000000026
S31508047300000000000000000000000000000000006B
S315080473100000FFFF000000000000FFFFFFFFFFFF63
S31508047320FFFF00000000FFFFFFFFFFFF0000000053
S31508047330FFFFFFFFFFFFFFFF000000000000000043
S315080473400000FFFFFFFFFFFFFFFFFFFFFFFF000037
S315080473500000000000000000FFFFFFFFFFFFFFFF23
S3150804736000000000FFFFFFFFFFFF00000000FFFF13
S31508047370FFFF00000000FFFFFFFF00000000000001
S3150804738000000000000000000000000000000000EB
S3150804739000000000000000000000000000000000DB
S315080473A000000000000000000000000000000000CB
S315080473B000000000000000000000000000000000BB
S315080473C000000000000000000000000000000000AB
S315080473D00000000000009C31BCD4D5D8CD77CD7709
S315080473E0CD77CD77C576CD97CD97CD97CD97CD77F4
S315080473F0CD77CD77CD97CD97CD97CD97CD98CD979A
S31508047400CD77CD97CD97CD97CD97CD97CD97CD778A
S31508047410C556C4F5C4D5C4F5C4F5C4F5C4F5C4D570
S31508047420BCD5C536D59893905A09736E00000000EA
S3150804743000000000000000000000F8005A4A9C0FF3
S31508047440FF5CFF7DF73CF75CE658AC71EF3CF75CF4
S31508047450F73CF73CF73CEEBAD5F7F73CF73CFF5C4C
S31508047460EEFAD618EEFBBD14D638FFDEFFFFDE585B
S315080474709C10D5F7E679D5D69430000000000000B4
S3150804748000000000000000000000000000000000EA
S3150804749000000000000000000000FFFFFFFF0000DE
S315080474A00000FFFFFFFF0000FFFF00000000FFFFD2
S315080474B0FFFFFFFF00000000FFFFFFFFFFFFFFFFC6
S315080474C0000000000000000000000000FFFFFFFFAE
S315080474D0FFFFFFFF0000000000000000000000009E
S315080474E00000FFFFFFFFFFFF00000000FFFFFFFF94
S315080474F0FFFF00000000FFFFFFFF00000000FFFF82
S31508047500FFFF00000000000000000000000000006B
S315080475100000000000000000000000000000000059
S315080475200000000000000000000000000000000049
S315080475300000000000000000000000000000000039
S315080475400000000000000000000000000000000029
S315080475500000000000000000000000009C5193B0E9
S31508047560D5B8C577CD77CD77CD77CD77CD77CD9788
S31508047570CD77CD97CD97CD97CD97CD97CD97CD97F9
S31508047580CD97CD97CD97CD97CD97CD97CD97CD97C9
S31508047590CD97CD97CD97CDB8CDD8C515C4D5C4F557
S315080475A0C4F5C4F5C4F5C4F5BCF5B4F4B4F5D59876
S315080475B0C4F57B2E6AED0000000000000000000000
S315080475C000000000C596EEFAFF7CEF1BF73CF73C7B
S315080475D0DDF7D5D6FF9DF73BF73CF73CF73BFF3C79
S315080475E0DE18DE58FF7CFF7CE699CDB6E6BAEEFBDC
S315080475F08BCEE6B9FFBDDE58B4F3E699EEB9C555A8
S31508047600730E0000000000000000000000000000E7
S315080476100000000000000000000000000000000058
S31508047620FFFFFFFFFFFF000000000000FFFFFFFF52
S31508047630FFFF00000000FFFFFFFFFFFF0000000040
S31508047640FFFFFFFFFFFF00000000FFFFFFFFFFFF34
S3150804765000000000FFFFFFFFFFFFFFFF0000000020
S31508047660FFFFFFFFFFFF00000000FFFFFFFFFFFF14
S3150804767000000000FFFFFFFFFFFF00000000FFFF00
S31508047680FFFF00000000FFFFFFFF000000000000EE
S3150804769000000000000000000000000000000000D8
S315080476A000000000000000000000000000000000C8
S315080476B000000000000000000000000000000000B8
S315080476C000000000000000000000000000000000A8
S315080476D00000000000000000000000000000000098
S315080476E0000000008B8FC536C516C536CD77CD7715
S315080476F0CD57CD77CD97CD97CD97CD97CD97CD97B8
S31508047700CD97CD97CD97CD97CD97CD97CD97CD9747
S31508047710CD97CD97CD97CD97CD97CD97CD97C5775F
S31508047720CD77C515BCF5C4F5C4F5C4F5C4F5C4F5DB
S31508047730BD15BCF5BCF5BCF5C516CD379BF15A4A43
S31508047740620800000000000000000000F77EF6FB57
S31508047750F71BF73BF75CFF5CD5D6D5D6FF9DF73C00
S31508047760F73CF73CF73CF73CEE99E678FF5CF71BE9
S31508047770E679CD96CDD6E699DE58CDB5FFFED61771
S31508047780AC51E658F6DA940F9CD3000000000000CA
S3150804779000000000000000000000000000000000D7
S315080477A00000000000000000FFFFFFFFFFFFFFFFCF
S315080477B000000000FFFFFFFFFFFFFFFF0000FFFFC1
S315080477C0FFFFFFFF00000000FFFFFFFFFFFF0000B1
S315080477D00000FFFFFFFFFFFF00000000FFFFFFFFA1
S315080477E0FFFFFFFF00000000FFFFFFFFFFFF000091
S315080477F00000FFFFFFFFFFFF00000000FFFFFFFF81
S31508047800FFFF00000000FFFFFFFF00000000FFFF6E
S31508047810FFFF000000000000000000000000000058
S315080478200000000000000000000000000000000046
S315080478300000000000000000000000000000000036
S315080478400000000000000000000000000000000026
S315080478500000000000000000000000000000000016
S31508047860000000000000000000008BF09BF1CD979B
S31508047870C515C516C556CD77CD77CD77CD77CD77D2
S31508047880CD97CD97CD97CD97CD77CD77CD77CD7746
S31508047890CD97CD97CD97CD97CD97CD77C577CD771E
S315080478A0C556C556C556C516C516C516C516C5162E
S315080478B0C536CD36C536C535C515BCD4BCB4C5150F
S315080478C0CD36BCD5CD57BCD5836E7B4E00000000A3
S315080478D000000000C5D7EEDBFF5CF73BF73CFF7DF5
S315080478E0C555D5F7FF9DF73CF73CF73BF75CEF1B0F
S315080478F0E699F6FAFF5CE679E679F71BDE38B513FE
S31508047900FFBEDE38DE78E6BA8B2DAC92EE999C5132
S31508047910838E000000000000000000000000000044
S315080479200000000000000000000000000000000045
S31508047930FFFFFFFF0000000000000000FFFFFFFF3D
S31508047940FFFFFFFF00000000FFFFFFFF0000FFFF2F
S31508047950FFFFFFFFFFFF00000000FFFFFFFF00001F
S3150804796000000000FFFFFFFFFFFFFFFF000000000D
S31508047970FFFF0000000000000000FFFFFFFFFFFFFD
S3150804798000000000FFFFFFFFFFFF000000000000EB
S31508047990000000000000FFFFFFFF000000000000D9
S315080479A000000000000000000000000000000000C5
S315080479B000000000000000000000000000000000B5
S315080479C000000000000000000000000000000000A5
S315080479D00000000000000000000000000000000095
S315080479E00000000000000000000000000000000085
S315080479F000008B8FCD77C536C536C536C536C55610
S31508047A00CD77CD77CD77CD77CD77C576CD77CD774D
S31508047A10CD77CD77CD77CD77CD97CD97CD97CD77D4
S31508047A20CD77CD77C556C536C536BD15BCF5BCD597
S31508047A30BCD5BCD4B4B4B494B493B473AC53A43220
S31508047A40AC32AC328B0D82ED936F8B6F8B6F9BB020
S31508047A509BD1728C830E841000000000AD75DEBACB
S31508047A60FF9DF73BFFBDCDF7728AF6FBF77CF73C23
S31508047A70F73BF71BF71BF71BEEBAEEDAFF5CDE786B
S31508047A80DE58F73BEEDACDB6F71BF73BBD34D5D750
S31508047A9072ABAC92E679BD14BD148C3000000000BC
S31508047AA000000000000000000000000000000000C4
S31508047AB00000000000000000FFFFFFFF00000000B8
S31508047AC00000FFFFFFFFFFFFFFFFFFFF00000000AE
S31508047AD0000000000000FFFFFFFFFFFFFFFF00009C
S31508047AE00000FFFFFFFF00000000FFFFFFFFFFFF8E
S31508047AF0FFFFFFFF00000000FFFF0000000000007A
S31508047B00FFFFFFFFFFFFFFFF00000000FFFFFFFF6F
S31508047B10FFFF000000000000000000000000FFFF57
S31508047B20FFFF000000000000000000000000000045
S31508047B300000000000000000000000000000000033
S31508047B400000000000000000000000000000000023
S31508047B500000000000000000000000000000000013
S31508047B600000000000000000000000000000000003
S31508047B7000000000000000009411B493D597CD5777
S31508047B80CD57CD57C556C556C556CD77CD77CD777E
S31508047B90CD77CD77CD57CD57CD77CD97D598D59881
S31508047BA0CD97C577BD15BCD4B4B3B493B473AC53ED
S31508047BB0AC53AC53AC53AC53AC52AC32AC32AC52FF
S31508047BC0AC52B452B493B4B3BCD4C536B4B4A43228
S31508047BD0A432AC73B4B4B4D5AC93AC53A3D193D098
S31508047BE05249ACD40000D679FFBDFFDEFFFFDE792B
S31508047BF0ACF3FFFFFFDDFF9CF75BF71BF71BF71BD7
S31508047C00F73BF71AFF5CE679DE38F71BFF5CF6FBF1
S31508047C10E699FF9DDE58BCF47ACBC534DDD7BD148E
S31508047C20EE9A8BF00000000000000000000000003F
S31508047C300000000000000000000000000000000032
S31508047C40FFFFFFFF00000000FFFFFFFFFFFF00002C
S31508047C500000FFFFFFFFFFFF00000000FFFFFFFF1C
S31508047C60FFFFFFFFFFFF00000000FFFFFFFF00000C
S31508047C70FFFFFFFFFFFF0000FFFFFFFF00000000FC
S31508047C80FFFF00000000FFFFFFFFFFFFFFFFFFFFEE
S31508047C9000000000FFFFFFFFFFFFFFFF00000000DA
S31508047CA0000000000000FFFFFFFF000000000000C6
S31508047CB000000000000000000000000000000000B2
S31508047CC000000000000000000000000000000000A2
S31508047CD00000000000000000000000000000000092
S31508047CE00000000000000000000000000000000082
S31508047CF00000000000000000000000000000FFFF74
S31508047D007B2DBCB4BCD5B494B4B4B4B4B4B4B4D4B0
S31508047D10BCF5C536CD97CD97CD97D598CDB8CD9723
S31508047D20C556B4F4A452A4129390936F9BD1B4731A
S31508047D30B494B494B4B4BCB4BCD5BCF5BCF5C516FB
S31508047D40C515C515C516C536C556C556C556C5364B
S31508047D50C536C536C556C536C536C516BD35C53642
S31508047D60C556CD97CDB8D5D8AC736A6BA452C5B7EA
S31508047D70FF7DD5F7BD35CDB6DE38CDD6DE37E6B9C7
S31508047D80FF5CFFFEFFBDF73BF71BF71BF73CE6B9A5
S31508047D90DE37F71BFF5CE699DE18F75CE6DADDD614
S31508047DA09BCFB492CDB6F6BAB4F39CD300000000C8
S31508047DB000000000000000000000000000000000B1
S31508047DC00000000000000000FFFFFFFFFFFFFFFFA9
S31508047DD0FFFFFFFF0000000000000000FFFFFFFF99
S31508047DE0FFFFFFFFFFFFFFFF0000FFFFFFFF00008D
S31508047DF00000FFFFFFFFFFFFFFFFFFFF000000007B
S31508047E00FFFFFFFF00000000FFFFFFFFFFFFFFFF6C
S31508047E10FFFF0000FFFFFFFFFFFFFFFFFFFFFFFF5E
S31508047E20FFFFFFFFFFFF0000FFFF00000000FFFF4A
S31508047E30FFFF000000000000000000000000000032
S31508047E400000000000000000000000000000000020
S31508047E500000000000000000000000000000000010
S31508047E600000000000000000000000000000000000
S31508047E7000000000000000000000000000000000F0
S31508047E80000000000000000093AFBC94AC53BCF59E
S31508047E90B4B4B4B4B494B473B493A4129BD1A43252
S31508047EA0AC32A432A411A43193B07B0D832E9390E3
S31508047EB09BF0AC32B4B3C515CD36C536C515C51554
S31508047EC0C516C515C4F5C4F5C4F5BCF5BD15BD156B
S31508047ED0C515C536C536C556C577C557C536C53657
S31508047EE0C516C515C515C514BCF5B516B4F5BCF542
S31508047EF0CD97C536AC93A4328B0D82AC82CC932E27
S31508047F009B4E9B2FA350A3B0AC31BD13DE37FF7C29
S31508047F10FFFEFF5CF73BE6BADE58F71BF73CEEBA02
S31508047F20D617EF3BEF3BF6FABCF393CFC575F6DAF3
S31508047F3072AB5AAB0000000000000000000000000D
S31508047F40000000000000000000000000000000001F
S31508047F50000000000000000000000000000000000F
S31508047F6000000000000000000000000000000000FF
S31508047F700000FFFFFFFF00000000FFFFFFFF0000F7
S31508047F800000000000000000FFFFFFFF00000000E3
S31508047F90FFFF0000000000000000000000000000D1
S31508047FA00000000000000000FFFFFFFFFFFFFFFFC7
S31508047FB0FFFF00000000FFFFFFFF000000000000B5
S31508047FC0000000000000000000000000000000009F
S31508047FD0000000000000000000000000000000008F
S31508047FE0000000000000000000000000000000007F
S31508047FF0000000000000000000000000000000006F
S31508048000000000000000000000000000000000005E
S3150804801094118B0E9BD1D5B8C536C536C536C5362B
S31508048020C536BCD4AC52A432A432AC52AC53B4B4A4
S31508048030BCD4C515D597D597CD76CD56C536BD15B9
S31508048040BD15C515BD15C4F5C4F5BCF5BD15BD15D9
S31508048050C516C536C556C576C576CD97CD97CD987A
S31508048060CD97C556C535C515C515BCF5BD15BD167B
S31508048070B516BD16BCF6BD15C536C536CD57C516D7
S3150804808082ED934EB473AC11B411B413B413B41291
S315080480909B6F930E9B70AC12C555F6FBFFFFF71B3F
S315080480A0DE79F73BF75CDE79CDF7F73BEF1BFF1B71
S315080480B0C53493CFE659BCB2AC3193CFA531000091
S315080480C0000000000000000000000000000000009E
S315080480D0000000000000000000000000000000008E
S315080480E0000000000000000000000000000000007E
S315080480F000000000000000000000FFFFFFFF000072
S315080481000000FFFFFFFF0000000000000000000061
S31508048110FFFFFFFF00000000FFFF00000000000053
S31508048120000000000000000000000000000000003D
S31508048130FFFFFFFF0000000000000000FFFFFFFF35
S31508048140FFFF00000000000000000000000000001F
S31508048150000000000000000000000000000000000D
S3150804816000000000000000000000000000000000FD
S3150804817000000000000000000000000000000000ED
S3150804818000000000000000000000000000000000DD
S3150804819000000000000000007B8E51E9D5B8C53602
S315080481A0C536C536BD36BD15BD15C536C556CD77D6
S315080481B0CD77C557CD56C536C515C515C515BCF5F0
S315080481C0BD15BD15C516C536BD15BD15C516C536A9
S315080481D0C556CD77CD98CD97CD97CDB7CD97CD97B5
S315080481E0CDB7CD97C576C556C515C515BCF4BD140A
S315080481F0BCF5BCF5BD16BD16BD16C516C536C516E1
S31508048200C516C516C4F5C535C5768B4E8B2EAC3248
S31508048210A3F1ABF1AC12ABF1A3D0B433BC55A3B202
S31508048220934E9BF0C555EEFBEF3BF73BF73BDE79E8
S31508048230D638F73CEEFBF75CD5F7E638BCD3B47210
S31508048240EE79F699836E0000000000000000000035
S31508048250000000000000000000000000000000000C
S3150804826000000000000000000000000000000000FC
S3150804827000000000000000000000000000000000EC
S315080482800000FFFFFFFFFFFFFFFFFFFFFFFF0000E8
S315080482900000000000000000FFFFFFFFFFFFFFFFD4
S315080482A0FFFF0000000000000000000000000000BE
S315080482B00000000000000000FFFFFFFF00000000B0
S315080482C0FFFFFFFFFFFFFFFF0000000000000000A4
S315080482D0000000000000000000000000000000008C
S315080482E0000000000000000000000000000000007C
S315080482F0000000000000000000000000000000006C
S31508048300000000000000000000000000000000005B
S31508048310000000000000000000000000000000004B
S315080483204A098B90DE39BD55C556C577C556C55617
S31508048330C536C536C536C536C536C536C536C51574
S31508048340C515BD15BD15C515C516C4F5BD15BD158B
S31508048350C536C557CD97CDB8CDD8CDD8CDB7CDB7B9
S31508048360CDB7CD97CD97CDB7CDB7C556BD15BCF40A
S31508048370BCF5BCF5BD15BD15BD15BD16BD36C53652
S31508048380C536C536BD36C536C516C516C515BD1595
S31508048390C536C536832E936FAC11A3F0AC11ABF07A
S315080483A0ABD0B413AC14B474C515B4939BAF9BF09B
S315080483B0BD34F77CFFDDEF1BEEFBEEFBEF1BF73C52
S315080483C0CDB69BEF8B6DDDD7DDF7DDF79410000096
S315080483D0000000000000000000000000000000008B
S315080483E0000000000000000000000000000000007B
S315080483F0000000000000000000000000000000006B
S31508048400000000000000000000000000000000005A
S31508048410000000000000000000000000000000004A
S31508048420000000000000000000000000000000003A
S31508048430000000000000000000000000000000002A
S31508048440FFFFFFFFFFFFFFFFFFFFFFFFFFFF000028
S31508048450000000000000000000000000000000000A
S3150804846000000000000000000000000000000000FA
S3150804847000000000000000000000000000000000EA
S3150804848000000000000000000000000000000000DA
S3150804849000000000000000000000000000000000CA
S315080484A00000000000009C11624ACD97C556C556C7
S315080484B0CD77CD77CD77CD77C556C536C536C5368E
S315080484C0C536C536C516C516BD36BD15BD15C5157D
S315080484D0C536C556CD77CD97CD98CDB8CDB8CDB8D8
S315080484E0CDB7CDB7CDB6CDB7CDB7CDB7CDB7C59684
S315080484F0C536BCF5B4F5BCF5BCF5B515BD15C5153D
S31508048500BD36C536C536C536C536C536BD56C53671
S31508048510C536C536C536C536BD15C536BCF58B4E06
S31508048520A3D0AC11A3D0ABF0A3F0B413B434B47491
S31508048530BCB4BCB4BCF5AC739BB0AC51CDF7FFDE90
S31508048540F75CE6DAF73CDE79C534A4108B8EC513DE
S31508048550EE38B492ACF200000000000000000000FF
S3150804856000000000000000000000000000000000F9
S3150804857000000000000000000000000000000000E9
S3150804858000000000000000000000000000000000D9
S3150804859000000000000000000000000000000000C9
S315080485A000000000000000000000000000000000B9
S315080485B000000000000000000000000000000000A9
S315080485C00000000000000000000000000000000099
S315080485D00000000000000000000000000000000089
S315080485E00000000000000000000000000000000079
S315080485F00000000000000000000000000000000069
S315080486000000000000000000000000000000000058
S315080486100000000000000000000000000000000048
S315080486200000000000000000000000000000941193
S3150804863093D0AC73CD98C556CD77CD77CD77CD5736
S31508048640C536C536C515BD15BD15BD15C536C536DC
S31508048650C536C556C577CD97CD98CDD8CDD8CDD8FE
S31508048660CDB8CDB7CDB7CDB7CDB6CDB7CD97C59720
S31508048670C597C556BD36BD16BCF5B516BD16BD158A
S31508048680BD15C536C556C556C577CD97C577C577BD
S31508048690C577BD56BD55C555C556C556BD36C53629
S315080486A0C536BD15C556AC738B0EAC11A3D0A3F055
S315080486B0A3D0AC12B434B454BCB4B4B3AC93B4B409
S315080486C0BCF5A432938FB4D3EF1CFFBEF73CDE3857
S315080486D0B4F451E86249FEDAEE38ACB200000000A0
S315080486E00000000000000000000000000000000078
S315080486F00000000000000000000000000000000068
S315080487000000000000000000000000000000000057
S315080487100000000000000000000000000000000047
S315080487200000000000000000000000000000000037
S315080487300000000000000000000000000000000027
S315080487400000000000000000000000000000000017
S315080487500000000000000000000000000000000007
S3150804876000000000000000000000000000000000F7
S3150804877000000000000000000000000000000000E7
S3150804878000000000000000000000000000000000D7
S3150804879000000000000000000000000000000000C7
S315080487A000000000000000000000000000000000B7
S315080487B0000000009411BD15A47393D0D5D8CD77C5
S315080487C0CD77CD77CD77C536BD36BD36C556C556B4
S315080487D0C576C596CD97CD97CDB8CDB8CDD8CDB8F5
S315080487E0CDB8CDB7CDB7CDB7CDB7CDB7CDB7CD9776
S315080487F0CD97C577C577C577C556BD16BCF6BCF6FD
S31508048800BD15BD16BCF6BD16C556CD97CD97CD97E5
S31508048810CD97CD97CD97CD97CD97C577C556BD55E9
S31508048820C536C536BD36C536C536C536BD16C5566E
S31508048830936F932EAC32A3D0A3D0ABF1B434B43433
S31508048840B493ACB3B4B3B4B3B4B3B4D4B4D49BD0C0
S315080488509BF0D618FFFFD6587B8E0000A431EE385D
S31508048860AC710000000000000000000000000000D9
S3150804887000000000000000000000000000000000E6
S3150804888000000000000000000000000000000000D6
S3150804889000000000000000000000000000000000C6
S315080488A000000000000000000000000000000000B6
S315080488B000000000000000000000000000000000A6
S315080488C00000000000000000000000000000000096
S315080488D00000000000000000000000000000000086
S315080488E00000000000000000000000000000000076
S315080488F00000000000000000000000000000000066
S315080489000000000000000000000000000000000055
S315080489100000000000000000000000000000000045
S315080489200000000000000000000000000000000035
S315080489300000000000000000000000008BAFD5D83E
S31508048940BD15AC73CD97CD77CD77CD77CD77C55695
S31508048950BD36C556CD97CDB7CDB7CDB7CDB7CDB7FF
S31508048960CDB7CDB7CDB7CDB6CDB6CDB6CDB6CDB7D9
S31508048970CD97CD97CD97CD77C577C577C556C536E7
S31508048980BD16BD15B4F5BCF5BD15C515C536CD77EB
S31508048990CD97CD97CD97CD97CD97CD97CD97CD97A5
S315080489A0CD97CD97CD97C576C556BD36C516C5168A
S315080489B0C536C536C536C556BCD482EDA3D1ABF18A
S315080489C0ABD0A3D0AC13B434AC74B4B3B4B3B4B3AB
S315080489D0B4B3B4B3AC93B4F4A452936FC576DEDAE5
S315080489E0000000009410836E0000000000000000E0
S315080489F00000000000000000000000000000000065
S31508048A000000000000000000000000000000000054
S31508048A100000000000000000000000000000000044
S31508048A200000000000000000000000000000000034
S31508048A300000000000000000000000000000000024
S31508048A400000000000000000000000000000000014
S31508048A500000000000000000000000000000000004
S31508048A6000000000000000000000000000000000F4
S31508048A7000000000000000000000000000000000E4
S31508048A8000000000000000000000000000000000D4
S31508048A9000000000000000000000000000000000C4
S31508048AA000000000000000000000000000000000B4
S31508048AB000000000000000000000000000000000A4
S31508048AC00000AD7593F0DE1AAC73B4B4CD97CD77C8
S31508048AD0CD77C577C556C556CD77CD97CD97CDB73E
S31508048AE0C5B7C5B7CDB6CDB7CDB7CDB6CDB7CDB766
S31508048AF0CDB7CDB7CD97CD97CD77C577C577C5779C
S31508048B00C577C556C515C4F4BD15BD15BCF5BD1543
S31508048B10C536CD57CD97CD97CD97CD97CD97CD97CC
S31508048B20CD97CD97CD97CD97CD97CD97CD97C5971B
S31508048B30C577C556C536BD36C536C516BD36BD3622
S31508048B40C5769BF08AEEB433A3D0A3D0AC12B43462
S31508048B50B454B4B3B4B3B4B3B4B3ACB3B494AC9478
S31508048B60B4B4B4949BB09C10AD750000000000002A
S31508048B7000000000000000000000000000000000E3
S31508048B8000000000000000000000000000000000D3
S31508048B9000000000000000000000000000000000C3
S31508048BA000000000000000000000000000000000B3
S31508048BB000000000000000000000000000000000A3
S31508048BC00000000000000000000000000000000093
S31508048BD00000000000000000000000000000000083
S31508048BE00000000000000000000000000000000073
S31508048BF00000000000000000000000000000000063
S31508048C000000000000000000000000000000000052
S31508048C100000000000000000000000000000000042
S31508048C200000000000000000000000000000000032
S31508048C300000000000000000000000000000000022
S31508048C4000000000000000000000838EACB3C55687
S31508048C509BD1CD97CD77C577C577C556BD35C5564E
S31508048C60CD97CD97CD97C5B6CDB7CDB7CD97CD977B
S31508048C70CD97CD97CD98CD98CDB7CDB7CD97CD77A0
S31508048C80C577C577C556C556BD36C516BCF5BD14D4
S31508048C90C515C515C536C556CD97CDB7CD97CD9748
S31508048CA0CD97CD97CD97CD97CD97CD97CD97CD9792
S31508048CB0CD97C597C577C597C577C577C577C5567B
S31508048CC0C536BD36BD36BD36BD36BD358B2E9B7015
S31508048CD0B432A3D0B413B434B454B4B3ACB3B4B345
S31508048CE0B4B3B494B494B474AC74AC94BCF5A3F1AE
S31508048CF0834E8410000000000000000000000000FD
S31508048D000000000000000000000000000000000051
S31508048D100000000000000000000000000000000041
S31508048D200000000000000000000000000000000031
S31508048D300000000000000000000000000000000021
S31508048D400000000000000000000000000000000011
S31508048D500000000000000000000000000000000001
S31508048D6000000000000000000000000000000000F1
S31508048D7000000000000000000000000000000000E1
S31508048D8000000000000000000000000000000000D1
S31508048D9000000000000000000000000000000000C1
S31508048DA000000000000000000000000000000000B1
S31508048DB000000000000000000000000000000000A1
S31508048DC00000000000000000000000000000000091
S31508048DD0000083AFD5F89C119C11D5F9C577C55603
S31508048DE0BD36C536BD56BD36C556CD97CD97CD9637
S31508048DF0CD97CD97CDB7CD97CD77CD97CD97CDB622
S31508048E00CDB6CD97CD77CD77C577C556C536C53694
S31508048E10BD15BD15BD15BD15C515C536C577CD9783
S31508048E20CD97CD97CD97CD97CD97CD97CD97CD9710
S31508048E30CD97CD97CD97CD77C596BD96C597C5776A
S31508048E40C576C576C576C576C536BD36BD36BD3650
S31508048E50BD36C556B47382ADABF1ABF1AC13B434BD
S31508048E60B434B4B3B4B4AC94B493B474B494B493FB
S31508048E70B493ACB3AC93BCD5BCB4936F8BB00000BD
S31508048E8000000000000000000000000000000000D0
S31508048E9000000000000000000000000000000000C0
S31508048EA000000000000000000000000000000000B0
S31508048EB000000000000000000000000000000000A0
S31508048EC00000000000000000000000000000000090
S31508048ED00000000000000000000000000000000080
S31508048EE00000000000000000000000000000000070
S31508048EF00000000000000000000000000000000060
S31508048F00000000000000000000000000000000004F
S31508048F10000000000000000000000000000000003F
S31508048F20000000000000000000000000000000002F
S31508048F30000000000000000000000000000000001F
S31508048F40000000000000000000000000000000000F
S31508048F500000000000000000B4D39411DE1993B099
S31508048F60B4D4C597C556BD36C555BD56BD56BD56AA
S31508048F70C556CD77CD97CD97CD97CDB7CDB7CD97E8
S31508048F80CD96CDB7CDB7CD97CD77CD77CD77C55619
S31508048F90C556BD36C536C536C536C536BD15BD1521
S31508048FA0C536CD97CDB7CD97CD97CD97CD97CD97D8
S31508048FB0CD97CD97CD97CD97CD97CD97CD97CD977F
S31508048FC0C596C597C597C576C576C556C556C57596
S31508048FD0C556BD36BD36BD36BD36BD36C5369B709F
S31508048FE082CEB432AC12B413B434AC94AC94B49305
S31508048FF0B474AC94ACB3ACB3ACB3AC94B494B4732B
S31508049000B494BCF5A4127B0D000000000000000017
S31508049010000000000000000000000000000000003E
S31508049020000000000000000000000000000000002E
S31508049030000000000000000000000000000000001E
S31508049040000000000000000000000000000000000E
S3150804905000000000000000000000000000000000FE
S3150804906000000000000000000000000000000000EE
S3150804907000000000000000000000000000000000DE
S3150804908000000000000000000000000000000000CE
S3150804909000000000000000000000000000000000BE
S315080490A000000000000000000000000000000000AE
S315080490B0000000000000000000000000000000009E
S315080490C0000000000000000000000000000000008E
S315080490D0000000000000000000000000000000007E
S315080490E093D0B4F5B4F493AFCDB7C556C556C556A3
S315080490F0C556C556BD56C556C556C576CD97CD97DC
S31508049100CD97CD97CD97CD97CD97CD97CD97CD774D
S31508049110C577C557C556BD56BD36C536C536C536D3
S31508049120C536C536C516C576CD97CD97CD97CD9791
S31508049130CD97CD97CD97CD97CD97CD97CD97CD97FD
S31508049140CD97CD97CD97CD97C577BD77C576C57796
S31508049150C557C556C576BD56C556BD36BD16BD15C5
S31508049160BD15BD15BD15BCB58AEE9B70B433B413D5
S31508049170B433AC94AC74B474B494B4B4B4B3B49310
S31508049180AC94AC94B494B473AC73AC94BCF5AC52D0
S31508049190834E0000000000000000000000000000EC
S315080491A000000000000000000000000000000000AD
S315080491B0000000000000000000000000000000009D
S315080491C0000000000000000000000000000000008D
S315080491D0000000000000000000000000000000007D
S315080491E0000000000000000000000000000000006D
S315080491F0000000000000000000000000000000005D
S31508049200000000000000000000000000000000004C
S31508049210000000000000000000000000000000003C
S31508049220000000000000000000000000000000002C
S31508049230000000000000000000000000000000001C
S31508049240000000000000000000000000000000000C
S3150804925000000000000000000000000000000000FC
S31508049260000000000000000093F0E65A9BF193D03A
S31508049270D5F8BD56C556C556C556C556C556C5565A
S31508049280C535C556CD97CD97CD97CD97CD77CD977F
S31508049290CD97C577C577C557BD56BD56BD56C53690
S315080492A0C536C536C536C516C516C536CD97CD9742
S315080492B0CD97CD77CD97CD97CD97CD97CD97CD979C
S315080492C0CD97CD97CD97CD97CD97CD97CD77C59794
S315080492D0C577C576C577C557C576C576BD56BD5611
S315080492E0C536C536BD16B515BD15BD15BD36C4F688
S315080492F0A3918AEFB433B413B413AC93AC93B49375
S31508049300B4B4B4B4AC94B474AC94AC94B494B47423
S31508049310AC73B494B473BCD5B4B38B6E8410000028
S31508049320000000000000000000000000000000002B
S31508049330000000000000000000000000000000001B
S31508049340000000000000000000000000000000000B
S3150804935000000000000000000000000000000000FB
S3150804936000000000000000000000000000000000EB
S3150804937000000000000000000000000000000000DB
S3150804938000000000000000000000000000000000CB
S3150804939000000000000000000000000000000000BB
S315080493A000000000000000000000000000000000AB
S315080493B0000000000000000000000000000000009B
S315080493C0000000000000000000000000000000008B
S315080493D0000000000000000000000000000000007B
S315080493E000000000000000000000000000009431A6
S315080493F09C11DE39834EA473CD97C556C556C556FA
S31508049400C556C556C556C535BD15C556CD77CD778A
S31508049410CD77CD77CD77C576C576C577C557C55685
S31508049420BD56BD56C535C536C536C536C516BD156C
S31508049430C556CD97CD97CD97CD97CD97CD97CD9743
S31508049440CD97CD97CD97CD97CD97CD97CD97CD97EA
S31508049450CD77CD77CD77C577C577C577C577C57702
S31508049460C576C576C556BD56C535C536BD36BD158C
S31508049470BD15BD15BD15BCF5BC7493509350B413F6
S31508049480B413B494ACB3ACB3AC93AC94AC94B494F6
S31508049490B494AC94B494B473AC73B474B454B4536D
S315080494A0BCB4BCB4936F9BD100000000000000005C
S315080494B0000000000000000000000000000000009A
S315080494C0000000000000000000000000000000008A
S315080494D0000000000000000000000000000000007A
S315080494E0000000000000000000000000000000006A
S315080494F0000000000000000000000000000000005A
S315080495000000000000000000000000000000000049
S315080495100000000000000000000000000000000039
S315080495200000000000000000000000000000000029
S315080495300000000000000000000000000000000019
S315080495400000000000000000000000000000000009
S3150804955000000000000000000000000000000000F9
S3150804956000000000000000000000000000000000E9
S3150804957000000000000093F0C536AC937AEDCDB731
S31508049580C556C556C556C556C556C556C556BD351A
S31508049590BD35C556C577CD77CD77C577C577BD763D
S315080495A0BD56BD56C556C556C556C556C536C51641
S315080495B0C536BD36C536C576CD97CD97CD97CD97E5
S315080495C0CD97CD97CD97CD97CD97CD97CD97CD9769
S315080495D0CD97CD77CD77CD77CD77CD77C577C57749
S315080495E0C577C577C577C576C577C577C577C5768B
S315080495F0C536C536BD56BD15B4F5BD15BD15BD155F
S31508049600B4B4B4948B4FA391B433B4B3ACB4AC949C
S31508049610AC74B474B494B494B494B493B474B433C2
S31508049620AC33B453AC33B414B414B454AC32930E4C
S3150804963093D00000000000000000000000000000B5
S315080496400000000000000000000000000000000008
S3150804965000000000000000000000000000000000F8
S3150804966000000000000000000000000000000000E8
S3150804967000000000000000000000000000000000D8
S3150804968000000000000000000000000000000000C8
S3150804969000000000000000000000000000000000B8
S315080496A000000000000000000000000000000000A8
S315080496B00000000000000000000000000000000098
S315080496C00000000000000000000000000000000088
S315080496D00000000000000000000000000000000078
S315080496E00000000000000000000000000000000068
S315080496F0000000000000000000000000000093F0D5
S31508049700E65A834E8B8FDE19BD56C556C556C536E1
S31508049710C536C536C556C556C556C556C576C5775E
S31508049720C577C576C576BD56BD56BD56C556C55606
S31508049730C556C536C536C536C516C536C576CDB776
S31508049740CD97CD97CD97CD97CD97CD97CD97CD97E7
S31508049750CD77C577CD77CD77CD77CD77C577C577EF
S31508049760C577C577C577C577C577C577C577C57707
S31508049770C577C577C577C577C557C556C556BD15C3
S31508049780B4F5BD15BD15BD15B4D4BCF4A4328B2EE1
S31508049790B453B474AC74B494B474B474B494B49440
S315080497A0B494B494B473B413AC34AC33B453B4545B
S315080497B0AC13ABF3AC13ABF182EDA492000000003A
S315080497C00000000000000000000000000000000087
S315080497D00000000000000000000000000000000077
S315080497E00000000000000000000000000000000067
S315080497F00000000000000000000000000000000057
S315080498000000000000000000000000000000000046
S315080498100000000000000000000000000000000036
S315080498200000000000000000000000000000000026
S315080498300000000000000000000000000000000016
S315080498400000000000000000000000000000000006
S3150804985000000000000000000000000000000000F6
S3150804986000000000000000000410C312B0E5000068
S31508049870B8B20308F206E8EC993661D63A9624BEDD
S31508049880055E05FA04B14D6A8E09CEE7FF47FE0068
S31508049890FCC0FAA47AA963F19CF3EA8AE38EECD3B2
S315080498A0FE7AFF5DEA0FF312F476FDDAFF3DAA3776
S315080498B0BB59CC9BE5FCF73E7AB893B9B4FBD63DC5
S315080498C0EF3E5B587C399D5BC65DEF5E453E65BEE3
S315080498D0965FBEFFE79F2DBE4E1E86BFB73FE7BF06
S315080498E0263B4E9C86FDB75EE7BF25334DB58658A5
S315080498F0B6FBE79E65CD8630A6B4CF39EFBD9E6C20
S31508049900AEB0C714DF79F7DDD70ADF2EE773F7B8E9
S31508049910FFDCFF6BFF8EFFB3FFD8FFFCFE45FEA9F5
S31508049920FF10FF76FFDCFD24FDA9FE70FF16FF9CE1
S31508049930FB88FC4CFD52FE77FF5C8B6CA44FBD5430
S31508049940D679EF5D7C939535B5F8CEDBEF7EBDF71A
S31508049950E71CEF7DF7BEFFDFE1C6D165C145B0E37D
S31508049960D8CCC0CBA8AA8869893578F468D348B115
S3150804997059B65175413430D23A5531F329B2190FD3
S315080499801C5C1BBA13380A3404DC045A03B702B342
S31508049990057804B40411030C044F03CD034B026881
S315080499A045083C672BE61AE47D886CE7544533433F
S315080499B0C646ADA59CE483A2FEC6FE05FD44F3E2B5
S315080499C0FD80FD00FC60FB60FC60F3E0EB60E28078
S315080499D0F283E243DA02B9A16A685A0649A5392428
S315080499E0536F42CC3229218773AE630C4208210493
S315080499F000003C027804B306EE08280B610D990FA3
S31508049A00D01106143A166C189D1ACB1CF71E212180
S31508049A1048236C258E27AC29C72BDF2DF32F033259
S31508049A20103418361C381C3A173C0E3EFF3FEC41DE
S31508049A30D443B64593476A493C4B084DCD4E8D50A1
S31508049A404652F953A5554B57EA58825A135C9C5DFE
S31508049A501F5F9A600D627963DD6439668D67D9681C
S31508049A601D6A596B8C6CB76DD96EF36F04710C72E1
S31508049A700B730174EE74D275AD767F7747780679E1
S31508049A80BB79677A0A7BA27B327CB77C337DA57D5A
S31508049A900D7E6C7EC07E0B7F4B7F827FAF7FD27F2D
S31508049AA0EB7FFA7FFF7F0000000000000004040437
S31508049AB00404040404040400000000000606060660
S31508049AC00606050000000000000000000000000073
S31508049AD0000000000200000000000000000004006E
S31508049AE00002000202000000000000000202020256
S31508049AF0000200000002000000000000020000004E
S31508049B00000101050505010500000000001001011A
S31508049B10000000001002020C0C12120000000000E3
S31508049B204CAE0208B34D0108000000000000000016
S31508049B30DD4F010800000000410400004CAE020895
S31508049B405D580108AB58010800000000C95801080F
S31508049B5004010D00000600004CAE0208375B01083C
S31508049B60000000000000000000000000D127D127F3
S31508049B70440200004CAE0208D15B0108F55B0108FB
S31508049B80000000000D5C0108040182008503000042
S31508049B904CAE0208719A0108F99A010800000000FF
S31508049BA01D9B01088200D127050400004CAE02085B
S31508049BB09F9F0108D19F010800000000959C010899
S31508049BC000000000800200004CAE020825AB010824
S31508049BD057B301080000000081B30108D127D12733
S31508049BE0C00300004CAE020805BB010881BB01088E
S31508049BF000000000C5BB0108D127D127C004000016
S31508049C004CAE0208ADC901080000000000000000BF
S31508049C10D9C90108D127D127C00200004CAE0208D1
S31508049C20B512020800000000000000002D13020807
S31508049C30D1278200C5020000E49B04080000000046
S31508049C40000000000000000095140208000000004F
S31508049C50C00400003C9B0408A11802080000000088
S31508049C6000000000F918020800000000850700003B
S31508049C704CAE0208A7240208CF24020800000000FC
S31508049C80D924020834001E00840200004CAE0208DF
S31508049C90352602087126020800000000D1260208AB
S31508049CA0D127D127850300004CAE0208A92A020849
S31508049CB0C32C020800000000ED2C020804018200EF
S31508049CC0440600000400000800000000000000022A
S31508049CD00001000010000000000000000030F13D03
S31508049CE00070643E0000A33E0090CF3E0090F83E0C
S31508049CF000400F3F00E0203F0000000015B78337FF
S31508049D00CDE37B380EE1C53860F69138AF5F0F387E
S31508049D10E1BC3E3823F44739000000000000000087
S31508049D20303132333435363738394142434445467F
S31508049D304030580030313233343536373839616279
S31508049D4063646566403078003031323334353637EB
S31508049D503839616263646566787000303132333449
S31508049D603536373839414243444546585000000091
S31508049D7002400000000000A00000000005400000AA
S31508049D80000000C8000000000C4000000000409CD1
S31508049D9000000000194000000020BCBE00000000BE
S31508049DA034400000BFC91B8E00000004B540000003
S31508049DB0504BCFD06607E2CF010000006C4100008B
S31508049DC03E8251AADFEEA73401000000D942000002
S31508049DD0DCB5A0E23A301F97FFFFFFFFB445000049
S31508049DE0FD25A0C8E9A3C14FFFFFFFFFFF3F000001
S31508049DF00000008000000000FF3F00000000008013
S31508049E00000000005365744441435F4100000000AC
S31508049E105365744441435F42000000005365744728
S31508049E206174686572000000415F53657400000040
S31508049E30565F5365740000004B45595F46554E43BB
S31508049E4033202850423129004B45595F454E435F1C
S31508049E503120285043313329000000004B45595F0F
S31508049E60454E435F32202850433134290000000010
S31508049E704B45595F454E435F3320285043313529B6
S31508049E80000000004B45595F46554E433120285083
S31508049E90413629004B45595F46554E4332202850D2
S31508049EA0413829000A00000042746E31000000009F
S31508049EB042746E320000000042746E3300000000E3
S31508049EC042746E340000000042746E3500000000CF
S31508049ED00000000030A00408000000204C04000024
S31508049EE01402000868A104084C0400209C7A0100A6
S31508049EF070020008000000000000F07FFFFFFFFF6B
S31508049F00FFFFEF7F1C00000043000000F8FFFFFF7F
S31508049F100C0000000E0000000F0000002E000000D8
S31508049F201001000043000000F8FFFFFF0040404016
S31508049F30404040404040414141414140404040400A
S31508049F4040404040404040404040404040050202B6
S31508049F500202020202020202020202020220202075
S31508049F6020202020202020020202020202029090D1
S31508049F7090909090101010101010101010101010CF
S31508049F801010101010101010020202020202888823
S31508049F90888888880808080808080808080808082F
S31508049FA00808080808080808020202024000000017
S31508049FB0000000000000000000000000000000008F
S31508049FC0000000000000000000000000000000007F
S31508049FD0000000000000000000000000000000006F
S31508049FE0000000000000000000000000000000005F
S31508049FF0000000000000000000000000000000004F
S3150804A000000000000000000000000000000000003E
S3150804A010000000000000000000000000000000002E
S3150804A020000000000000000000000000000000001E
S3150804A03017049E0408F5421B081008130D431B0851
S3150804A0401C081359441B0830081AFD081A28081A4C
S3150804A050251811032FFFFF0B2080BF04011EAA62D7
S3150804A060081324F432100227011AAA010134023310
S3150804A070041E489E04085C041A70041A84041A947C
S3150804A080041A3804011C13DD6D1B08370413356FD5
S3150804A09039281A810C1A0D041A1904C11AC5101A7A
S3150804A0A0B9041AD1041AAD04140902291301011CAE
S3150804A0B0C03209AA33020315092111011401220227
S3150804A0C01607058103022D0507050107291A0956EE
S3150804A0D02C691A31130A06290843400122C0134C75
S3150804A0E0021420972B1B0893041A9D041A75B4139B
S3150804A0F06D6E1B0879041AA1041AFD0413E56C1B7A
S3150804A100084108414F040309041201441583045005
S3150804A110571D020102034D2A1A83011B4B2D2F409A
S3150804A12041397C69180127A93401BB022480C5D4A6
S3150804A130C3B2A1021B70180AC5380208F13702080F
S3150804A14069041EE53602087D101AA10C1AC9041EF4
S3150804A150A89E0408B0041AB8041AA4041AC0041A57
S30D0804A160C8041AD004410000EA
S705080001D918
