:020000040800F2
:10000000E8A2012025040008355D0008A14500088C
:10001000315D0008912B0008A98300080000000052
:100020000000000000000000000000006503000860
:10003000C92E000800000000C10300082566000862
:100040003F0400083F0400083F0400083F04000884
:100050003F0400083F0400083F0400083F04000874
:100060003F0400083F0400083F0400083D2D00083D
:10007000552D0008A12D00083F0400083F0400088A
:100080003F0400083F0400083F0400083F04000844
:10009000318200083F0400083F0400083F040008C4
:1000A0003F0400083F0400083F0400083F04000824
:1000B0003F0400083F0400083F0400083F04000814
:1000C0003F0400083F0400083F0400083F04000804
:1000D0003F040008056C00083F040008616C00083C
:1000E000412F00083F0400083F0400083F040008B7
:1000F0003F0400083F0400083F0400083F040008D4
:100100003F0400083F0400083F0400083F040008C3
:100110003F0400083F0400083F0400083F040008B3
:100120003F0400083F0400083F0400083F040008A3
:100130003F0400083F0400083F0400083F04000893
:100140003F0400083F0400083F04000800000000CE
:10015000000000000000000000000000000000009F
:100160000000000000000000000000003F04000844
:100170003F0400083F0400083F0400083F04000853
:100180003F0400083F0400083F0400083F04000843
:100190003F040008000000003F0400083F0400087E
:1001A0003F0400083F0400083F0400083F04000823
:1001B0003F0400083F0400083F0400083F04000813
:1001C0003F0400083F0400083F0400083F04000803
:1001D0003F0400083F04000800F002F800F0B2F805
:1001E0000AA090E8000C82448344AAF10107DA4592
:1001F00001D100F0A7F8AFF2090EBAE80F0013F032
:10020000010F18BFFB1A43F0010318472C9D04008F
:100210004C9D04000A444FF0000C10F8013B13F011
:10022000070408BF10F8014B1D1108BF10F8015B4F
:10023000641E05D010F8016B641E01F8016BF9D142
:1002400013F0080F1EBF10F8014BAD1C0C1B09D199
:100250006D1E58BF01F801CBFAD505E014F8016B0B
:1002600001F8016B6D1EF9D59142D6D3704700009D
:100270000023002400250026103A28BF78C1FBD8AF
:10028000520728BF30C148BF0B6070476E2900F08D
:100290008884702900F0F78766292AF03F85652950
:1002A0002AF03C8567292AF0398561292AF03885AA
:1002B00003681B0A28BF41F08001692900F05881BA
:1002C000642900F05581752900F052816F2900F0F2
:1002D0008487782900F0C387E92900F01F87E42983
:1002E00000F01C87F52900F01987EF2900F08187BD
:1002F000F82900F0C2870368DB0928BF41F08001BC
:10030000632900F0A086732900F0A586E32901F097
:10031000E981F32901F0EE81002070471FB52AF032
:10032000F0FC00F0C9FF0400002000212AF070FA60
:10033000401C6060002000212AF054FAE0601FBDDC
:1003400010B510BD01F0C2FA1146FFF7E7FF23F028
:10035000CBFA01F012FB03B4FFF7F2FF03BC01F08C
:1003600091FD00002C4B19680868B0E8F04F80F34D
:100370000988BFF36F8F4FF0000080F3118870473A
:100380000000000008480068006880F308884FF00B
:10039000000080F3148862B661B6BFF34F8FBFF3DD
:1003A0006F8F00DF00BF00BF08ED00E0DFF80C003A
:1003B000016841F470010160704700BF88ED00E002
:1003C000EFF30980BFF36F8F134B1A681EF0100F05
:1003D00008BF20ED108A20E9F04F106009B44FF0FB
:1003E000500080F31188BFF34F8FBFF36F8F29F058
:1003F000C5F94FF0000080F3118809BC196808683E
:10040000B0E8F04F1EF0100F08BFB0EC108A80F378
:100410000988BFF36F8F7047E0000020EFF305807D
:10042000704700000948804709480047FEE7FEE79B
:10043000FEE7FEE7FEE7FEE7FEE7FEE7FEE7FEE794
:1004400004480549054A064B704700002D6700081F
:10045000D9010008E89C0120E8A20120E89E0120C3
:10046000E89E01207CB51D4616460C00009001D088
:100470002044401E074B7B442A4669460190304683
:1004800000F0B7FD05461CB10020694600F0C4FD30
:1004900028467CBDA90B00000FB47CB50C0009AA4E
:1004A000009001D02044401E084B7B4469460190D7
:1004B000089800F09EFD05461CB10020694600F03A
:1004C000ABFD28467CBC5DF814FB0000750B0000FA
:1004D00070B5044685690068C10601D5302600E084
:1004E0002026C00707D070BDD4E9012130469047CF
:1004F000206A401C20626D1EF6D570BD70B50446A2
:1005000085690078C00707D170BDD4E9012120209A
:100510009047206A401C20626D1EF6D570BD70B5F4
:100520000C460546012A05D02878800600D5EA69E0
:10053000002302E0012305E05B1C934202D2E05C51
:100540000028F9D1A869E618C01AA861286A1844D9
:1005500028622846FFF7BCFF04E0D5E9012114F822
:10056000010B9047B442F8D32846FFF7C7FF70BD90
:100570002DE9F0410646002410687529314616A57C
:1005800010D000F0A3FA002802DA404213A507E0D9
:1005900031688A0701D512A502E0490704D511A5E3
:1005A000012401E000F09BFA00210A2206F1240751
:1005B00009E0B0FBF2FCB0FBF2F302FB1C003030B0
:1005C00078541846491C0028F3D123462A46304661
:1005D000BDE8F04100F08CBA000000002D000000E2
:1005E0002B000000200000002DE9F05F8946044642
:1005F0004FF0000ADFF874B1FB44C0F820A0204699
:10060000E1688847002874D0252806D0D4E9012164
:100610009047206A401C2062F1E700265F46204692
:10062000E16888472028054607DB312D05D2781977
:1006300010F8200C08B10643F1E7B00701D526F009
:100640000406C4F81CA00027C4F818A02A2D09D05D
:10065000284608F032F938B304EB8708303DC8F873
:10066000185019E059F8041B204604EB87029161E9
:10067000E1688847012F054618D1E069002820DA93
:1006800026F020061DE0D8F8180000EB800005EBEE
:1006900040003038C8F818002046E1688847054611
:1006A00008F00BF90028EED1012F0AD02E2D08D129
:1006B0002046E16888477F1C0546022F46F0200649
:1006C000C4DBA069002803DA404246F00106A061BD
:1006D000F00701D026F010066C2D0BD0682D09D044
:1006E0004C2D39D06A2D35D0742D35D07A2D33D09C
:1006F00016E038E0E1682F4620468847B8420546B4
:1007000009D16C2F26D04FF48060E1680643204663
:100710008847054604E06C2F1AD04FF480700643DA
:100720000DB3A5F14100192802D8203546F4006622
:100730004A462946204626604E46FFF7A7FD80B16F
:1007400001280BD0F61D26F0070000F1080956E736
:100750004020E4E78020D8E70020D6E706F104092E
:100760004DE7284652E7206ABDE8F09F2C97040029
:10077000401ECAB210F8011F8A4202D00029F9D1E6
:100780000020704740EA0103024630B59B0710D1B4
:100790004FF0013400E008C208C91D1B9D4315EA53
:1007A000C41FF8D013F0FF0102F8011B0DD01B0A83
:1007B000F8E711F8013B002B02F8013B05D011F8D6
:1007C000013B002B02F8013BF3D130BD10B5431CB7
:1007D00002E010F8011B71B18107FAD14FF001322C
:1007E00002C88C1A8C4314EAC211F9D0C01A0A0646
:1007F00003D0C01E10BDC01A10BD0A0401D0801E57
:1008000010BD0902FCD0401E10BD40EA010370B5C6
:100810009B072ED14FF00136042A2AD308C810C9ED
:100820009D1B9D43121F15EAC61517D0D8B2E1B221
:10083000401A50EA056110D198B2A1B2401A50EAAC
:1008400005410AD123F07F4024F07F41401A50EA4D
:10085000052102D1180EA0EB146070BDA342DBD0BD
:1008600018BA21BA884201D9012070BD4FF0FF307B
:1008700070BD0AB9002070BD10F8013B11F8014BA2
:1008800063B1A3420AD1521E08D010F8013B11F8FF
:10089000014B1BB1A34201D1521EEDD1181B70BDFB
:1008A000032A40F2308010F0030C00F0158011F89C
:1008B000013BBCF1020F624498BF11F801CB00F874
:1008C000013B38BF11F8013BA2F1040298BF00F8C8
:1008D00001CB38BF00F8013B11F0030300F0258085
:1008E000083AC0F0088051F8043B083A51F804CBAC
:1008F000A0E80810F5E7121D5CBF51F8043B40F872
:10090000043BAFF30080D20724BF11F8013B11F87C
:1009100001CB48BF11F8012B24BF00F8013B00F8C0
:1009200001CB48BF00F8012B704710B5203AC0F04A
:100930000B80B1E81850203AA0E81850B1E81850E0
:10094000A0E81850BFF4F5AF5FEA027C24BFB1E81D
:100950001850A0E8185044BF18C918C0BDE810408E
:100960005FEA827C24BF51F8043B40F8043B08BF97
:100970007047D20728BF31F8023B48BF11F8012B5E
:1009800028BF20F8023B48BF00F8012B704702F057
:10099000FF0343EA032242EA024200F002B84FF0AA
:1009A00000020429C0F0128010F0030C00F01B803C
:1009B000CCF1040CBCF1020F18BF00F8012BA8BF4A
:1009C00020F8022BA1EB0C0100F00DB85FEAC17C0E
:1009D00024BF00F8012B00F8012B48BF00F8012BC1
:1009E00070474FF0000200B51346944696462039F2
:1009F00022BFA0E80C50A0E80C50B1F12001BFF4D8
:100A0000F7AF090728BFA0E80C5048BF0CC05DF83D
:100A100004EB890028BF40F8042B08BF704748BF8B
:100A200020F8022B11F0804F18BF00F8012B7047FF
:100A30004FF0013C50F8042B51F8043B9A4221D16D
:100A4000A2EB0C03934313EACC1317D150F8042BF9
:100A500051F8043B9A4215D1A2EB0C03934313EADD
:100A6000CC130BD150F8042B51F8043B9A4209D116
:100A7000A2EB0C03934313EACC13DBD04FF000003E
:100A8000704700BFD01A01BAB1FA81F101F0180124
:100A900022FA01F0CB40C1F12001DBB2C0B2C01A92
:100AA0002CFA01F3D11A914311EAC311E6D1704730
:100AB00070477047704710B500F002FC006810BD29
:100AC00010B5044600F0FCFB046010BD09684A053F
:100AD00001D540B27047C905FCD500B2704709681E
:100AE0004A0501D5C0B27047C905FCD580B2704730
:100AF0002DE9F0470D4699469246044600F1240838
:100B00000168880604D5E06921F01001216000E049
:100B10000120A84201DD471B00E00027A1697A19E6
:100B200002EB0900081AA0612078C00602D4204612
:100B3000FFF7CEFC002608E0D4E901211AF80600F0
:100B40009047206A401C761C20624E45F4DB2078DA
:100B5000C0060AD52046FFF7BBFC06E0D4E9012118
:100B600030209047206A401C2062381EA7F1010700
:100B7000F4DC07E0D4E9012118F805009047206A69
:100B8000401C2062281EA5F10105F3DC2046FFF77A
:100B9000B5FC2078000602D50220BDE8F0870120D0
:100BA000FBE711680268006A530501D508700AE086
:100BB000D30501D5088006E0130603D5C217C1E9A5
:100BC000000200E008600120704770472DE9FF4FE8
:100BD0000C461E464FF0FF378BB0D2E90001DDF81E
:100BE00060800A908A46C1F30A5505B93D46002146
:100BF00008464FF00000BAF1000F00F4400005DA9B
:100C000000EB80004FF4400101EA50004FEA905998
:100C1000B9F1010F00DDB9460A9850EA4A000ED03A
:100C200044F61050A5F2FF3545432F14B8F1000FDC
:100C30001ED07542291E1EDDC9F100021CE0B8F16C
:100C4000010F4FF0000001D0302103E0F24305E036
:100C50002154401CB042FBDB3046002200212154CD
:100C60000B99C1F80880C1E900200FB0BDE8F08FF2
:100C7000BD1B6D1CDEE74A4600DA694206A800F09B
:100C80008FFD06AB93E8070003AB83E807005046EF
:100C90000A9901F049FB8DE80700A0F500501F38C4
:100CA00000900398002D0ADD42F21F014A460844D5
:100CB000002303A90390684601F0F4FD09E0A0F5C4
:100CC00000504A461F38002303A90390684601F0EC
:100CD00013FE8DE807000004000C03D04FF0FF3036
:100CE000410800E01046B8F1000F03D00022009246
:100CF00015461EE0751E05D400F0E6FA3032625546
:100D00006D1EF9D5B3460122084302D000227F1C94
:100D100004E02078302801D100227F1E002A0997A4
:100D200084D01DE0112D07DA00F0CEFA3032625582
:100D30006D1C50EA0102F5D1084302D00098C8B1F9
:100D40000EE00021681E05E0235C625C63542254BF
:100D5000401E491C8142F7DBAB46A81B401E099090
:100D6000002004F80B000B98099AC0F80880C0E92D
:100D7000002B7AE711264FF0000857E72DE9F04FD6
:100D800088460446D21D22F0070191B0D1E9000146
:100D9000CDE90A0107F03AFB02460B98C00F01D0DB
:100DA0002D2007E02068810701D52B2002E02021BB
:100DB00001EAC000032A099001D0072A05DB034697
:100DC0004146204600F044FC0BE12078800601D526
:100DD000E06900E00620B8F1650F814606D0B8F161
:100DE000660F18D0B8F1670F70D131E00020B9F16B
:100DF000110F009001DB112301E009F101030AAAA0
:100E000001A90CA8FFF7E2FEDDE90C70002609F14C
:100E10000105834647E001204B4600904FF0004714
:100E20000AAA01A90CA8FFF7D1FEDDE90DB00C99C3
:100E30005D46002610B909F101000D18B9EB050057
:100E400003D4C0F1FF3609F10105A5EB09002BE041
:100E5000B9F1010F01DA4FF001090020B9F1110FCA
:100E60000090484601DD112300E003460AAA01A9CB
:100E70000CA8FFF7ABFEDDE90C704D46002683465B
:100E8000207800070AD4AB4500DA5D4601A8012DA1
:100E900004DD411911F8011C302907D04F4502DA51
:100EA00017F1040F04DA012082460FE06D1EEEE711
:100EB000002F02DCED1B3E4403E0781CA84200DD5D
:100EC0007D1CB81B00F1010A4FF000472078000795
:100ED00003D4AA4501DB4FF0FF3A0021B7F1004FE0
:100EE0000DF143088DF8431024D002202B23002F4E
:100EF00001DA7F422D230A21021EA0F1010000DC4D
:100F00005FB197FBF1FC97FBF1F201FB1C7C1746EC
:100F10000CF1300C08F801CDEEE7A8F101000370E8
:100F20002188090501D5452100E06521A0F10108CE
:100F300000F8011C09980FA9A1EB0807FF1D00B1DB
:100F40000120411901EBEA70A1693844081A401EDA
:100F5000A0612078C00602D42046FFF7B9FA0998AC
:100F600028B1D4E901219047206A401C20622078F2
:100F7000C00622D52046FFF7ABFA1EE0002E04DBA8
:100F8000B34502DD01A8805D00E03020D4E90121F5
:100F90009047206A401C2062761CAAF101005FEA9B
:100FA000000A0AD100F088F9C0680168405CD4E901
:100FB00001219047206A401C2062281EA5F10105EE
:100FC000DCDC07E0D4E9012118F8010B9047206A26
:100FD000401C2062381EA7F10107F3DC2046FFF712
:100FE0008DFA032011B041E601694A1C02610878BC
:100FF000704700B58FB0CDE9013100210591054959
:101000007944CDE9031011466846FFF7EDFA0FB0B9
:1010100000BD0000E5FFFFFF0A6802F8010B0A604F
:101020007047D1E900239A4202D2531C0B60107022
:10103000704710B5436913B1AFF3008001E0FFF7CB
:101040006EFA012010BD127800F124010A7000220E
:101050004A700122EDE711684FF0FF32E9E7000026
:101060002DE9FF5F15468A460446DFF8AC80F84458
:101070000027D8E900103E46CDE9001010E03AF80C
:1010800016106A4602A800F0FDFB411C07D021782B
:10109000890603D5E269391891420DD80744761CB8
:1010A0002078800602D5E069B84205DDAE42E6DB75
:1010B0003AF816000028E2D1A069C01BA0612046C2
:1010C000FFF706FAD8E90010CDE90010002017E07C
:1010D0003AF818106A4602A800F0D4FBB0F1FF3FBE
:1010E00081460BD000250DF1080B05E0D4E9012164
:1010F0001BF8050090476D1C4D45F7D308F1010022
:10110000B0428046E4DB206A384420622046FFF784
:10111000F5F9BDE8FF9F00000A8D04002DE9F041BC
:101120008046D21D22F007020025D2E90002F529EF
:1011300015A614D0011E72F1000106DA0023D0EBCF
:10114000030063EB020211A608E0D8F800108B0739
:1011500001D50FA602E0490701D50EA601251146CB
:10116000002408F1240704E000F0AEF830323A55CC
:10117000641C50EA0102F7D12B4632462146404614
:10118000BDE8F041FFF7B4BC000000002D000000F6
:101190002B0000002000000030B4002100F12404E6
:1011A00008E002F00705D208303542EA4372DB0856
:1011B0006554491C52EA0305F3D10468002310A2C8
:1011C000250707D5A40600D421B1C46901230DA2C7
:1011D000641EC46130BCFFF78BBC10B504462146C9
:1011E0001068FFF77CFC02462046BDE81040002353
:1011F000D2E7D21D22F00701D1E90023CCE700009D
:101200000000000030000000F0B40D460188090520
:1012100002D5214C7C4402E01F4C7C440E3400215A
:1012200000F1240608E002F00F071209E75D42EA28
:1012300003721B097754491C52EA0307F3D1027861
:101240000023120704D5702D06D009B102231134F2
:101250002246F0BCFFF74CBC01231034F8E770B510
:1012600004460D4621461068FFF739FC0246294620
:101270002046BDE870400023C6E7D21D22F00703D8
:10128000D3E90023C0E70368126843F0200303603A
:101290000823C3610023B7E76C8B04007CB50546C7
:1012A00000236846CDE9003300F046FA6946284637
:1012B00007F0F0FA7CBD000000487047A49C0120B4
:1012C00000487047849C012030B5B0F10A024FEA13
:1012D000900E71F100034EEA817EB0EB0E0061EBDF
:1012E00091014FEA101E4EEA017E10EB0E0041EB19
:1012F00011114FEA102E4EEA016E10EB0E0041EB79
:1013000011214FEA104E4EEA014E10EB0E0041EB58
:101310001141401841F100014FEAD00040EA41700C
:101320004FEAD10110EB80054FEA810444EA907442
:1013300044EB01046D1944EB0404521BA3414FF02C
:10134000000348BF0A3200D530BD401C41F1000106
:1013500030BD00002DE9F04F04460D46D21D22F0AD
:10136000070089B0D0E900974846394607F04EF8A3
:101370000246F80F01D02D2307E02068810701D530
:101380002B2302E0202101EAC0038DF820300BB1AD
:10139000012000E00020032A824601D0072A04DB56
:1013A0002946204600F054F93FE12078800601D418
:1013B0000D2500E0E569C7F30A560D2D49DA002135
:1013C0004FEA175B08464FF00000002F00F4400082
:1013D00007DA00EB80004FF4400100EBD07001EA27
:1013E00060008115012901DD4FF0FF3100224FEA35
:1013F000850CBCF1180F06D31346ACF118004FF062
:101400008052C24003E04FF4801323FA0CF30CF136
:101410000C0CBCF1200F04D3ACF1200C09FA0CF039
:1014200001E007FA0CF000294FF0004801DD18B97F
:101430000FE00ED140450CD319EB02095F4121B9F1
:10144000404502D19F4329EA0209BBEB175F00D058
:10145000761C2088000502D57B48784402E07A4853
:101460007844193808AA302302F80A30037C0AF1BC
:101470000101002E0AF1020A53546A4602DC4FF0C1
:10148000300101E04FF031014FF001088DF80010FC
:1014900002D0A6F2FF3603E059EA470100D06B4EB6
:1014A000002D02DC2178090704D54FF002082E2117
:1014B0008DF80110C44600210BE0C7F303433F0140
:1014C000C35C491C6D1E02F80830052908F10108AB
:1014D00001DA002DF1DC00210CE000EB1973491C4E
:1014E0001B786D1E082902F808304FEA091908F127
:1014F000010801DA002DF0DC21688B0602D516E028
:10150000A8F10108E04505DD02EB080313F8013CF2
:10151000302BF5D0B8F1000F09DD02EB080313F80A
:10152000013C2E2B03D1090701D4A8F10108002D9D
:1015300005DD3E2102F808106D1E08F10108407C0F
:10154000002E02F8080008F1010804DA2D20764286
:1015500002F8080002E02B2002F808000A214FF4EC
:101560007A70864208F101080BDB96FBF0F330330A
:1015700002F8083096FBF0F308F1010800FB13664F
:1015800001E0642E0CDB642096FBF0F3303302F8AC
:10159000083096FBF0F308F1010800FB136601E048
:1015A0000A2E06DB96FBF1F0303002F8080008F155
:1015B000010896FBF1F001FB1060303002F80800E2
:1015C000A16908F1010808EB050202EB0A00081AFC
:1015D000A0612078C00602D42046FEF779FF216A78
:1015E00008AE01EB0A00206204E0D4E9012116F8FC
:1015F000010B9047BAF1010AF7D22078C00602D554
:101600002046FEF765FF6E4609E016F8010B3E28FE
:101610000FD0D4E901219047206A401C2062B8F124
:101620000108F2D22046FEF769FF09B00320BDE8A9
:10163000F08F206A2844206203E0D4E901213020A1
:1016400090476D1EEBD3F8E76189040002FCFFFFB1
:101650002DE9F0411F46044603260168072A01F4DC
:10166000006004DB08B116A505E016A503E008B18B
:1016700015A500E015A521F010002060A069C01E8E
:10168000A0610FB1401EA0612046FEF721FF4FB1BF
:10169000D4E9012138469047206A401C2062C01CD2
:1016A000206206E0206AFAE7D4E9012115F8010B6F
:1016B0009047761EF8D22046FEF720FFBDE8F08165
:1016C0004E414E006E616E00494E4600696E6600E6
:1016D00010B5436913B1AFF3008001E0FFF7C0FC20
:1016E000012010BD128800F1240182840022C284EE
:1016F0000122EDE711684FF0FF32E9E70FB4002354
:1017000000B589B00CA900910B99CB60214B7B44AB
:101710000693214B7B44079304236FF00042CDE9ED
:1017200001321E4A7A446B4608920246002029F094
:1017300059FB09B05DF814FB70B506464FF0FF3059
:1017400015460C46324686B00091CDE90101694646
:101750000020049004A8FFF7D1FF02460498211846
:1017600025B108B1084600E020462860049800280A
:101770000DD0002A02DD0098884208D03246081BAE
:1017800069460094CDE9010404A8FFF7B7FF06B04D
:1017900070BD0000290200004102000001020000AB
:1017A0002DE9F047814616468AB0354878440DC881
:1017B0008DE80D0032487844801C03AC0DC884E8E5
:1017C0000D0041F69B300844372190FBF1F290FB6D
:1017D000F1F5A5F1800501FB12041B3C02D5644222
:1017E000012000E00020DFF898A080460027FA449E
:1017F000AAF1BE0A0EE0E0070AD03246684607EBBF
:10180000470101230AEB810101F076F88DE807001A
:1018100064107F1C002CEED1194F7F44AE3F19E0BD
:10182000E80715D007EB04100DF1180A90E80E0038
:101830008AE80E00C068F04201D19819089032463B
:10184000012306A903A801F057F803AB83E80700BA
:101850006D10641C002DE3D14FF001033246694640
:10186000B8F1000F03A802D001F01CF801E001F06C
:1018700043F8C9E90001C9F808200AB0BDE8F087BB
:10188000A086040070B516460C46054600F044F8E4
:10189000036893F80101012806D0FF2C0FD8185DCA
:1018A00068B101202C7070BDD3F807013246214683
:1018B00003F2071303442846BDE8704018474FF071
:1018C000FF3070BD00487047849C01207546FFF7CB
:1018D000F9FFAE4605006946534620F007008546ED
:1018E00018B020B5FEF7ACFDBDE820404FF0000673
:1018F0004FF000074FF000084FF0000B21F00701F8
:10190000AC46ACE8C009ACE8C009ACE8C009ACE83A
:10191000C0098D467047000010B5FFF7CDFC001DD3
:1019200010BD00BFED8E020010B50446FFF7F4FFB6
:101930000068005D00F0010010BD426842B101681E
:1019400011F8013B23B1521EC0E90012184670473E
:101950000121C160881E704742685AB1C36801689E
:1019600043B983688B4205D0491E521CC0E900125E
:10197000002070474FF0FF30704710B50446AFF3BA
:1019800000802046BDE81040FEF7E5BC2DE9FF4F82
:1019900006468BB00878FF2806D0491C2D2805D0B4
:1019A00000244FF0000908E000200CE00124F8E7D3
:1019B00009EB8903491C00EB43090878FF28F7D19C
:1019C00014B1C9F100008146107800252C46AA46C2
:1019D00029462D2801D02B2804D1521C2D2813D0A4
:1019E000002082468B461078FF280FD04FF0000C65
:1019F0000A21521CA5FB017804FB018105FB0C1197
:101A0000C5194BEB0104EEE70120EAE70021084687
:101A10004FF00000BAF1000F02D000EB8000400848
:101A2000C0F38157012F01DD4FF0FF370E9955EAC2
:101A3000040009EB01080BD04FF0020918F5FA7FFA
:101A400016DA4FEACA70002F706008DD012007E047
:101A50004FEACA70C6E900B00FB0BDE8F08F0020B1
:101A60003060FFF72DFCC0F800901821084616E002
:101A7000B8F5FA7F18DD002F02DAF748784401E064
:101A8000F6487844D0E90010C6E9001040EACA7070
:101A90007060FFF715FCC0F80090142108460FB0E5
:101AA000BDE8F04F29F037B9002108464FF000009B
:101AB000B8F10001099002DAC7F1000200E03A46ED
:101AC00001DAC8F1000106A8FFF76AFE06AB93E849
:101AD000070003AB83E8070044F23E005BEA040121
:101AE0000090584604D144F21E012C465D460091F8
:101AF000210C0904014306D10099240444EA154449
:101B00002D041039009104F07F41014306D1009962
:101B1000240244EA15642D020839009104F0704152
:101B2000014306D10099240144EA15742D01091FCF
:101B3000009104F04041014306D10099A40044EA19
:101B40009574AD00891E009104F00041084304D152
:101B500000986D196441401E00904FF001033A4611
:101B60006846B8F1000FCDE9014503A902DD00F098
:101B7000D8FE01E000F0ABFEBAF1000F04460D46BE
:101B800001D084F00044002108464FF0000009997C
:101B900040F2FF77484010F00C0F07D124F00040CE
:101BA000284303D0C4F30A50B84212D1FFF788FB90
:101BB000C0F80090C4F30A50B8420AD1A84878444B
:101BC000D0E90010C6E9001004F00041084370603D
:101BD00042E7C6E900543FE72DE9FF4F1F464FF0AB
:101BE000000A4FF0FF38454691B0D7E90146CDF8DD
:101BF0003CA0FFF761FBC0680168405C1090B969C8
:101C000012986D1C8847396A814688470028F6D1AA
:101C1000B9F1FF3F0AD0002E24F4D06411DDB9F1F0
:101C20002B0F08D0B9F12D0F0BD102E0404615B0B3
:101C300013E744F48064B96912986D1C8847761ED6
:101C40008146600504A901D52D2000E02B20002E3F
:101C500001F1010B0DF130088DF810003FDDB9F1F5
:101C6000690F08D0B9F1490F05D0B9F16E0F02D054
:101C7000B9F14E0F1CD13B4601A8009580E85002F7
:101C8000DDE912126FF0020029F0B0F8C11CCED1CC
:101C90000EE0B96912986D1C884781461398761E2C
:101CA00044F4007405600F98401C002E0F9016DD60
:101CB000B9F1300FEDD0B9F1780F02D0B9F1580F6A
:101CC0000DD10F9801280AD13B46CDE90054DDE93A
:101CD0001212001F029629F087F8C11CA7D1109993
:101CE00089453ED144F0800406E01399681CAAF1AE
:101CF000010A44F400740860B9696D1C1298761EDC
:101D0000884730288146F0D02BE01099894505D1CD
:101D1000200603D4761E44F0800418E0484606F0FE
:101D2000CCFD08B3761E0DF123018B4544F40074FD
:101D300008D2A9F130000BF8010B200607D5AAF153
:101D4000010003E0200602D40AF101008246A0054A
:101D500002D51399681C0860B96912986D1C8847F0
:101D60008146002ED1DC53E0002E51DDB9F1650F24
:101D700002D0B9F1450F4BD1A00549D5B9696D1C09
:101D80001298761E24F440748847002E81460CDD9C
:101D90002B2804D0B9F12D0F07D144F48074B96910
:101DA00012986D1C8847761E8146E00501D52D21CD
:101DB00000E02B2108F8011BCDF8008021E0761E01
:101DC0000DF13901884544F400740CD2A9F13000BA
:101DD00010F0FF0088F8000002D10099884509D969
:101DE00008F1010806E0E00501D51E4801E042F2D5
:101DF0000F708246B96912986D1C88478146139806
:101E00000560002E04DD484606F057FD0028D6D1B7
:101E1000F96912988847FF2053468BF8000088F82C
:101E2000000000200A900B9004AA0CA90AA8FFF752
:101E3000ADFDA00502D46FF00100F8E614F0240F08
:101E400012D0E0071CD13868DDE90A12031D3B609F
:101E50000068C0E9001213E0E0840400D2840400AA
:101E600096830400F1D8FFFF0AA9684606F012FD28
:101E7000E00705D13868009A011D396000680260EA
:101E80002846D4E601491820ABBEFEE72600020032
:101E90002DE9FF4F1F464FF03C0987B04FF000423D
:101EA000DDE9141001F10108DDF858A002EA405004
:101EB0000390002005908346054604460490B969C6
:101EC000461E08988847AAF1010A0290BAF1000F4D
:101ED0003BDD02982E2815D0102100F017FA0028BB
:101EE0002EDB4FF0010B0599014317D0B9F1000F1C
:101EF0000BDB4A46C11700F0F6F905430C43A9F184
:101F0000040905E0012004900BE008B145F001054B
:101F100001200590049820B9361D02E0049800B114
:101F2000361FB969089808F101088847BBF1000F0E
:101F3000AAF1010A0290C9D00999C1F80080C5E749
:101F40000298702808D0502806D0F9690898884768
:101F5000BBF1000F14D04FE0002002900120BBF134
:101F6000000F049009D0B969089808F10108884762
:101F7000AAF10109B9F1000F07DCF969089888474F
:101F80006FF001000BB0BDE8F08F2B2804D02D2896
:101F90000CD14FF0FF300490B969089808F101089E
:101FA0008847A9F10109B9F1000FE6DD411CE4D031
:101FB0000A2100F0ABF90028DFDB029908F10108E3
:101FC00001EB810100EB41000290B9690898884754
:101FD0000A2100F09BF9099AA9F10109B9F1000F52
:101FE000C2F8008001DD0028E7DAF969089888471F
:101FF0000499029800FB016655EA040004D004F03D
:102000004041090002D006E0039898E0A40044EAA9
:102010009574AD00B61E04F00041080002D16D19A0
:102020006441761E159810F0240F03D04FF00B0971
:102030005C4803E04FF028096FF07D00824656456A
:1020400007DAAAEB06018944B9F1410F01DD4FF02F
:10205000410901200021A9F1010200F044F90246E2
:1020600028400B462140084301D0012100E0002117
:10207000501E029143F1FF3128402140084301D016
:10208000012000E000200299834651EA0B014FD065
:10209000002108464FF00000039900F4400039B1D8
:1020A00000EB80004FF4400100EBD07001EA6000CB
:1020B0008015012802DD4FF0FF3000E013D0401CF6
:1020C00036D0029860B3BBF1000F0CD14A46012014
:1020D000002100F008F928402140084301D00120E8
:1020E00000E00020E0B101204A46002100F0FBF8AA
:1020F000034640190A4661412D1A8C4111D3B9F1AA
:10210000400F09DD159810F0240F02D0AAF1340613
:1021100003E0AAF1170600E0761C00254FF000440A
:1021200006E05B1E42F1FF3220EA030521EA0204C9
:10213000CAF10100B04206DA1B4903980843019036
:10214000002000900EE0039AC4F3D321E80A0A436A
:10215000164940EA44500A433146CDE90002684638
:1021600006F0A1FB159810F0240F0BD01598C007AE
:1021700015D13868DDE90012031D3B600068C0E935
:1021800000120CE002A8694606F084FB1598C0070F
:1021900005D13868029A011D396000680260404626
:1021A000F0E6000002FCFFFF0000F07F0000F03FBF
:1021B0002DE9FF4F92461D4685B04FF00041DDE905
:1021C000124BDDE914727F1E01EA4B50414940F089
:1021D000FF4940EA0108002122F02000492804912B
:1021E00002D04E2828D04CE03BA0012607C88DE83D
:1021F0000700A9690698641C88477F1E014606D41B
:102200001DF8060018B121F0200181420BD0E969C8
:1022100006988847032E34D0082E32D06FF0010084
:1022200009B0BDE8F08F761C032E01D0082EE0D156
:10223000601CCAF80000DCE7A9690698641C88479E
:102240007F1E2AD420F02000412826D1A9690698B3
:10225000641C88477F1E20D420F020004E281CD10B
:10226000A9690698641C88477F1E48F4002849F431
:102270008009CAF8004001D4282806D0E9690698E8
:1022800088475FEACB7012D022E0A9690698641CE7
:1022900088477F1E01D4002803DAE9690698884739
:1022A000BCE72928F1D1641CCAF80040E9E71BF01B
:1022B000240F07D028680499031D2B600068C0E92B
:1022C000001805E02868021D2A600068C0F8009028
:1022D0002046A5E70000F07F494E46494E49545933
:1022E000000000007047B2F120030AD5C2F12003BC
:1022F00001FA02F120FA03F300FA02F041EA0301C5
:10230000704700FA03F14FF0000070473A2800D2FE
:10231000303820F02002412A01D3A2F13700884250
:1023200001D34FF0FF3070475FEA400C08BF91F0D7
:10233000000F4FEA8C234FEAC12243EA51514FEA82
:102340001C5018BF00F5F0404FEA300018BF41F0B4
:1023500000415FEA6C5C00F02980BCF1FF3F08BFE0
:1023600040F080407047130C06BF12044FF0100C71
:102370004FF0000C130E04BF12020CF1080C130FE7
:1023800004BF12010CF1040C930F04BF92000CF176
:10239000020CD30F04BF52000CF1010C11464FF098
:1023A0000002A0F11F00A0EB0C00704711F0004FDD
:1023B00008BF704731F000413FF4D5AF0B0C06BFAA
:1023C00009044FF0100C4FF0000C0B0E04BF090273
:1023D0000CF1080C0B0F04BF09010CF1040C8B0F5E
:1023E00004BF89000CF1020CCB0F04BF49000CF1B3
:1023F000010CCCF12003A0EB0C0022FA03F302FA4B
:102400000CF241EA030100F10100704720F07F4C1B
:1024100080EA030023F07F47ACEB070303F57C530E
:1024200000F0004003F1FF032DE980494FEA154B0E
:1024300009B44FEA144325EA0B4E24EA03480FF28D
:10244000042606EB132749083E785FEA320203FBB5
:102450000667C7F5000707FB06F64FEA54374FEA51
:10246000D64606F1020607FB066CCCF1005C4FEA8B
:102470001C472CEA074C07FB06F40CFB06F504EBA3
:1024800015464FEA961634BF00204FF000404FEA41
:10249000D13706FB07FC4FEA1C4C0CFB0BF7D21B99
:1024A00003FB0CF761EB07010CFB0EF7B0EB0740E9
:1024B00072EB17420CFB08F734BFA2EB0742B2EBFA
:1024C000074261EB17414FEA0C444FEA910706FBC4
:1024D00007FC4FEA1C4C0CFB0BF7B0EBC74072EB50
:1024E000573203FB0CF734BFA2EBC742B2EBC74233
:1024F00061EB57310CFB0EF7B0EBC70072EB577274
:102500000CFB08F734BFA2EBC702B2EBC70261EBCA
:102510005771039F4FEA816141EA921104EBCC04A9
:102520004FEAD1374FEA826206FB07FC42EA90127B
:102530004FEA80604FEA1C4C0CFB0BF7D21B03FBED
:102540000CF761EB07010CFB0EF7B0EB074072EBE9
:1025500017420CFB08F734BFA2EB0742B2EB07426D
:1025600061EB17414FEA8C554FEA910704EB9C242D
:1025700006FB07FC4FEA1C4C0CFB0BF7B0EBC7400B
:1025800072EB573203FB0CF734BFA2EBC742B2EB3E
:10259000C74261EB57310CFB0EF7B0EBC70072EB93
:1025A00057720CFB08F734BFA2EBC702B2EBC702AD
:1025B00061EB577115EB4C254FEA816141EA9211AD
:1025C0004FEA82624FEAD13742EA901206FB07FCDB
:1025D00044F100044FEA80604FEA1C4C0CFB0BF7FF
:1025E000D21B03FB0CF761EB07010CFB0EF7B0EB02
:1025F000074072EB17420CFB08F734BFA2EB07420F
:10260000B2EB074261EB174115EB1C154FEA813124
:1026100041EA92414FEA823242EA90424FEA8030E8
:102620004FEA0C7644F1000448EA03434EEA0B48B3
:102630004FF0000EB2EB080C71EB030724BF6246AB
:1026400039464EEB0E0E4FF0000B00185241494137
:102650004BEB0B0BB2EB080C71EB03077BF1000BA0
:1026600024BF624639464EEB0E0E4FF0000B0018A9
:10267000524149414BEB0B0BB2EB080C71EB0307DA
:102680007BF1000B24BF624639464EEB0E0E51EA39
:10269000020718BF46F0010616EB0E7655F1000250
:1026A00054F1000103D5BDE88901BDE80088BDE80B
:1026B0008901BDE80048B619524141EB0101A3F17F
:1026C0000103704780807F7E7D7C7B7A7978777686
:1026D00076757473727171706F6E6E6D6C6C6B6AFF
:1026E0006A6968686766666564646363626161609D
:1026F000605F5F5E5E5D5D5C5C5B5B5A5A5959581A
:102700005857575656555555545453535252525183
:10271000515050504F4F4F4E4E4D4D4D4C4C4C4BD9
:102720004B4B4A4A4A494949484848474747474620
:10273000464645454544444444434343434242425C
:102740004241414146EA0646A3F570534FEA164618
:1027500046EA42564FEAD22242EA415210B54FEAC7
:10276000D121A3F1010300F02FF820F0004000F187
:10277000020C00F0004701EB00501146BCF5006F61
:1027800040EA070000D210BDBAF1000F0AD01CB514
:1027900003B44FF004004FF004014FF000000FBCF1
:1027A000BDE810404FF00001BBF1010FB9BF044874
:1027B0004FF0FF310348002140EA070010BD00BF81
:1027C000FFFFEF7F0000F07F002B9C4630D47700A6
:1027D0002BD01CB54FEA370703B44FF010004FF071
:1027E0001001BAF1000F06D0BCF1000FDCBF40F0C1
:1027F000080040F008014FF000000FBCBDE8104099
:102800000BF1010BBBF1010F08BF5FEA170722BFF5
:1028100012F1010211F101014FF0004143F10003F7
:1028200000F0004043EA00007047F9D35708D0E7B2
:1028300046EA064613F1400F4FEA16461FDD13F134
:10284000200FDFBF16430A46002120335B42BED073
:10285000C3F1200746EA064602FA07F74FEA164692
:1028600046EA0706C3F1200722FA03F201FA07F746
:1028700021FA03F14FF0000342EA0702A7E746EA14
:10288000020646EA06464FEA164646EA0106BCBF7D
:1028900046EA0646360C4FF000034FF000024FF0B8
:1028A000000194E72DE9804C9A46934670B491E874
:1028B000380007C831EA400C48BF34EA430C03D55E
:1028C000FFF7A4FDFFF780FFF0BCBDE8008C2DE909
:1028D000804C9A46934670B491E8380007C831EAB4
:1028E000400C48BF34EA430C03D5FFF78FFDFFF7D8
:1028F00029FFF0BCBDE8008C2DE9804C9A46934638
:1029000070B491E8380007C810F0804F08BF13F08A
:10291000804F03D100F01AF8FFF756FFF0BCBDE876
:10292000008C2DE9804C9A46934670B491E83800AB
:1029300007C810F0804F08BF13F0804F03D100F09C
:1029400005F8FFF7FFFEF0BCBDE8008C20F07F47E4
:1029500080EA030023F07F4C07EB0C03A3F57C53C4
:1029600000F00040A3F1FE0392F0000F00F0B380EE
:1029700095F0000F00F077802DE901494FEA1140F2
:102980004FEA144621EA004800FB06FC24EA064709
:1029900008FB06F607FB08F800FB07F718EB0648EC
:1029A0004CEB164C4FEA124B18EB07484FEA154612
:1029B0004CEB174022EA0B4E0BFB06FC25EA0647C0
:1029C0000EFB06F607FB0EFE0BFB07F71EEB064E93
:1029D0004CEB164C4FF000061EEB074E4CEB174B22
:1029E00018EB0B0840F1000018EB0E0B58EB000839
:1029F00040F100008F1A4FF000013CBFC943661B35
:102A000014BFB5EB040C00213CBFC943F61B4FEAD1
:102A100017444EEA8E0E27EA04454FEA1C4704FB92
:102A200007622CEA074C05FB07F70CFB05F604FBD5
:102A30000CFC16EB074642EB174216EB0C4642EB3A
:102A40001C421BEB060658EB0202414146EA9E0679
:102A500001D5BDE80189B619524141EB0101A3F14D
:102A60000103BDE801894FEA14454FEA114724EA02
:102A7000054621EA074C05FB07F406FB07F70CFBAC
:102A800006F105FB0CFC11EB074144EB17444FEA40
:102A9000124711EB0C4144EB1C4422EA074C05FBA6
:102AA00007F206FB07F70CFB06F605FB0CFC16EB22
:102AB000074642EB174216EB0C4642EB1C456A18E0
:102AC00054F1000148BF7047B619524141EB010172
:102AD000A3F10103704795F0000F37D04FEA114280
:102AE0004FEA144721EA024624EA074C02FB07F1A9
:102AF00006FB07F70CFB06F402FB0CFC14EB074487
:102B000041EB17414FEA154714EB0C4441EB1C41D4
:102B100025EA074C02FB07F506FB07F70CFB06F658
:102B200002FB0CFC16EB074645EB174516EB0C4673
:102B300045EB1C42121951F1000148BF7047B6190C
:102B4000524141EB0101A3F1010370474FEA1445E3
:102B50004FEA114724EA054621EA074C05FB07F135
:102B600006FB07F70CFB06F24FF0000605FB0CFC1A
:102B700012EB074241EB174112EB0C4251EB1C41A7
:102B800048BF7047921841EB0101A3F10103704760
:102B9000FEE70020704700207047000010B5024893
:102BA00004F098F9002010BD14C500201CB50021C8
:102BB0000320CDE900010B464FF4806207A10948CC
:102BC00027F0F4FA08490128086006D007A010F0A1
:102BD00071F8BDE81C4000F02BBB1CBD436F6D6D50
:102BE0000000000005980208C0020020436F6D6DD0
:102BF000207461736B20637265617465204661693E
:102C00006C65640010B580210348FDF7EAFE0349B6
:102C10000020087010BD0000DCCC0020B4020020B1
:102C20001CB500210320CDE900010B464FF40072D2
:102C300007A1094827F0BAFA08490128086006D018
:102C400007A010F037F8BDE81C4000F0F1BA1CBD39
:102C5000436F6E74726F6C002D900208C0020020EA
:102C6000436F6E74726F6C207461736B2063726556
:102C7000617465204661696C6564000010B5DFED24
:102C8000190A9FED1A1A40F6E4412DED028B884295
:102C90009FED158A04D39FED160ABDEC028B10BD83
:102CA00000EE100AB8EE400A60EE201A00EE100A9C
:102CB000B8EE400A31EE400A81EE801A81EE200A19
:102CC00005F0EAFCC0EE080A9FED0A0A30EE800A21
:102CD000F7EE000A80EE801A9FED070A31EE400AF7
:102CE000DBE7000000401C4600E0764500404E4512
:102CF000339388C30FCF5B3B3393884330B50029B0
:102D00001BD0002A19D0002B17D0002803DA00208E
:102D10000870107010E04FF4616490FBF4F50D70D2
:102D200090FBF4F104FB11003C2190FBF1F41470D2
:102D300090FBF1F201FB1200187030BD04480168ED
:102D4000C1F34001002901D0022141607047000019
:102D5000000002400F4808B50168C1F34011002986
:102D600016D020214160012101F042FF0020009097
:102D700009486946806827F02CF80098002807D099
:102D800006494FF080500860BFF34F8FBFF36F8F3D
:102D900008BD0000000002405C01002004ED00E0DE
:102DA0000F4810B50168C1F34021002916D0411524
:102DB0004160022101F026FF0A488168C1F3C01179
:102DC0000029FAD14FF09041102088610648006830
:102DD000002803D0BDE8104014F0A8B810BD0000D2
:102DE0000000024000300140C802002010B504205D
:102DF00001F0B6FE012001F0B3FE184A154C154B48
:102E0000917808341448085115480068C0F302202E
:102E1000C0F10701042900D90421041D072C01D2A7
:102E2000002000E0C01E01248C40641E04F002015A
:102E3000814008010B4981F800044FF0E0214FF474
:102E40000050C1F8000190781858917840F00200C5
:102E5000585010BD000002400C300140A0AE0208E6
:102E60000CED00E00DE000E0074A10B5536807499B
:102E70004FF47A740968B1FBF4F141435068C01A09
:102E80008842FBD310BD0000001000E0A800002025
:102E9000024840680249B0FBF1F07047001000E0C2
:102EA000109802000648016841F0807101600548F1
:102EB00000214160016841F001010160704700009C
:102EC000FCED00E0001000E0704700001CB50021A0
:102ED0000220CDE900010B46420208A10A4827F072
:102EE00065F90A490128086006D009A00FF0E2FE42
:102EF000BDE81C4000F09CB91CBD00005561727417
:102F000050726F630000000025980208C002002084
:102F10004465627567207461736B206372656174C8
:102F200065204661696C656400000000014601A0EF
:102F30000FF0C0BE4572726F723A20257300000018
:102F40002DE9F0414FF48048404601F007FF194D4C
:102F5000174E194C6F0190B14146C6F800802846C3
:102F600001F0A1FF20703946284601F09CFF10F0C7
:102F7000FF0F606801D0401C00E0401E60603846D2
:102F800001F0ECFE002811D039463760284601F0E8
:102F90008AFF60704146284601F085FF10F0FF0F60
:102FA000606801D0401E00E0401C6060BDE8F08118
:102FB00014040140000400483401002070B58AB0B8
:102FC00018216846FDF70DFD002422480694079459
:102FD0000894C16C41F00201C164C16C01F00201AE
:102FE0000991016E41F001010166006E01254FF467
:102FF000404600F001000495CDE90064099069465F
:10300000154801F0B5FE1548416921F4E0614161C0
:10301000416941F480714161416921F4E0414161BC
:10302000416941F4805141618DF8214002208DF8C1
:10303000220006968DF8205006A801F0EDFD084903
:10304000602081F80004064928022439C1F80001F3
:103050000AB070BD001002400004004800000140AA
:1030600028E000E070B50C460546032813D294B161
:10307000144E4FF0FF31B06826F0A6FF012820D192
:10308000114905EB450001EB8002022D07CA84E8D7
:10309000070008D00DE0502080F31188BFF34F8F58
:1030A000BFF36F8FFEE77068206030782071707812
:1030B0006071B068BDE8704000231A46194626F0DA
:1030C0006BBD70BD3401002008A6002070B5012042
:1030D00026F0C8FC154CA06000B34FF0804001689A
:1030E00041F001010160406A11498860114802689D
:1030F00042F001020260406A4861FFF75FFF0E4D37
:103100004FF48041284601F0CEFE20706901284628
:1031100001F0C9FE60700020606070BD502080F337
:103120001188BFF34F8FBFF36F8FFEE7340100208C
:1031300008A60020000400400004004870B50C46BA
:10314000064603280FD274B11F4D4FF0FF31A86817
:1031500026F03AFF012836D11C4966B1012E13D062
:10316000022E28D119E0502080F31188BFF34F8F31
:10317000BFF36F8FFEE74FF08042A0685062206877
:103180000860A068886016E0114AA0685062206854
:10319000C8600E49A06848610DE020686860227927
:1031A0002A7062796A7088610849227901F11800F1
:1031B0000A7761794171A868BDE8704000231A461A
:1031C000194626F0E9BC70BD3401002008A6002095
:1031D000000400401CB500210320CDE900010B468E
:1031E0004FF4007207A1094826F0E0FF08490128C2
:1031F000086006D007A00FF05DFDBDE81C4000F0A0
:1032000017B81CBD456E636F64657200C5910208F6
:10321000C0020020456E636F646572207461736B39
:1032200020637265617465204661696C65640000A5
:1032300072B602A00FF03EFDFBE7000053797374F5
:10324000656D204572726F720D0A0000F0B52DEDAC
:10325000028B8FB007A810F02DFCBDF81C0000EE0B
:10326000100AB8EE400A9FEDFE8AFE4CC0EE080A36
:10327000C4ED050ABDF81E0000EE100AB8EE400AC3
:10328000C0EE080AC4ED060ABDF8200000EE100AE0
:10329000B8EE400AC0EE080AC4ED030ABDF82200E9
:1032A00000EE100AB8EE400AC0EE080AC4ED040AA7
:1032B000BDF82400FFF7E2FC84ED0B0A94ED050A4B
:1032C000D4ED060AE84EE94D20EE200A84ED070A07
:1032D00094ED050AD4ED0E0A30EE600AB0EEC00A95
:1032E00010EE100AB0421DDD94ED050A84ED0E0AC1
:1032F00094ED050A10EE100A27F092FCCDE90001CA
:10330000DBA2142102A8FDF7C7F802A9A86819F0EA
:10331000A9FA9DF82D00012800D018B902A9686DFE
:1033200019F0A0FA94ED060AD4ED0F0A30EE600A07
:10333000B0EEC00A10EE100AB0421CDD94ED060A91
:1033400084ED0F0A94ED060A10EE100A27F068FCCF
:10335000CDE90001C6A2142102A8FDF79DF802A93B
:10336000E86919F07FFA9DF82D00022803D102A91F
:10337000686D19F077FA94ED070AD4ED100ABE4F84
:1033800030EE600AB0EEC00A10EE100AB04234DD32
:1033900094ED070A84ED100A94ED070A10EE100A66
:1033A00094ED070AB84210EE100A03DC27F038FC4F
:1033B000B2A218E0B34994ED070A884210EE100A51
:1033C00003DC27F02DFCB0A20DE0B14994ED070A13
:1033D000884210EE100A03DC27F022FCADA202E0C6
:1033E00027F01EFCADA2CDE90001142102A8FDF7D3
:1033F00053F802A9E86A19F035FA94ED080AD4EDF9
:10340000110A30EE600AB0EEC00A10EE100AB042A7
:1034100024DD94ED080A84ED110A94ED080A10EEFB
:10342000100AB84207DC94ED080A10EE100A27F0E3
:10343000F7FB9CA208E0D4ED080A80EE880A10EEA3
:10344000100A27F0EDFB9AA2CDE90001142102A891
:10345000FDF722F802A9A86B19F004FA94ED030A0B
:10346000D4ED0C0A30EE600AB0EEC00A10EE100A7D
:10347000B04214DD94ED030A84ED0C0A94ED030AC6
:1034800010EE100A27F0CCFBCDE900018BA214212D
:1034900002A8FDF701F802A9686E19F0E3F994EDAE
:1034A000040AD4ED0D0A30EE600AB0EEC00A10EE48
:1034B000100AB04214DD94ED040A84ED0D0A94ED77
:1034C000040A10EE100A27F0ABFBCDE900017DA243
:1034D000142102A8FCF7E0FF02A9A86E19F0C2F9B6
:1034E00094ED0B0AD4ED140A30EE600AB0EEC00A77
:1034F00010EE100AB04214DD94ED0B0A84ED140AAC
:1035000094ED0B0A10EE100A27F08AFBCDE90001BA
:103510006EA2142102A8FCF7BFFF02A9A86C19F043
:10352000A1F90CA810F0EAFADDED0E0AB3EE050AD7
:1035300060EE800AC4ED090ADDED0D0A9FED651A03
:1035400070EEC10A20EE800A84ED0A0A94ED090AA1
:10355000D4ED120A30EE600AB0EEC00A10EE100A86
:10356000B04214DD94ED090A84ED120A94ED090AC3
:1035700010EE100A27F054FBCDE9000156A21421E9
:1035800002A8FCF789FF02A9E86819F06BF994ED2D
:103590000A0AD4ED130A30EE600AB0EEC00A10EE4B
:1035A000100AB04214DD94ED0A0A84ED130A94ED7A
:1035B0000A0A10EE100A27F033FBCDE9000148A2F9
:1035C000142102A8FCF768FF02A9286A19F04AF939
:1035D0009DF82C006178884240D06070002610B1C0
:1035E000012826D0B3E09FED400A002284ED080AAE
:1035F0004521E86C1DF008FB3CA1E86C19F032F99C
:103600006FF07F4013F0ACF901460022E86C1DF02A
:10361000E0FA37A1686C19F025F92078F0B1A068BC
:10362000E0B100231A460321009627F0ABF826707C
:103630007BE00022F021E86C1DF0E6FA2FA1E86C97
:1036400019F010F92E4813F08BF901460022E86CAE
:103650001DF0BFFA207808B9A06853E065E00000CB
:1036600000007A44280000206F12833A5C04002096
:10367000252E336600000000000020410A252E336D
:10368000662057000000C8420A252E3266205700E7
:1036900000007A440A252E31662057000A252E3074
:1036A000662057000A252E3266206D5768000000FC
:1036B0000A252E326620576800000000252E32664B
:1036C00056000000252E326641000000252E31668E
:1036D000C2B043003333D33F252E3366560000007B
:1036E000252E33664100000000000000202053001A
:1036F00030303A30303A30300000000020205200A4
:103700001F741D0088B126F08DFD0246009600232F
:103710000121A06827F036F8012020706660AFF222
:10372000300210211B48FCF7B7FE9DF82C00012841
:103730000DD194ED080AD4ED070A9FED171A15492B
:1037400000EE810A84ED080A686C19F08BF89DF888
:103750002D00A17888420FD0A070012810D0022837
:10376000286D10D00DA100BF19F07CF8AFF2B001A8
:10377000D5F8580019F076F80FB0BDEC028BF0BD0B
:1037800008A1286DF0E708A119F06CF8AFF2C801A4
:10379000A86DEFE74C0400201B0FB63A4343202FDF
:1037A00020435600432043004320560010B518F034
:1037B0006FF91DF09DFCBDE8104007F0A5BF10B5E6
:1037C0000024032000F072F80F2000F007F808B181
:1037D000012401E000F024F8204610BD70B50E4E23
:1037E00005460024706898B14FF47A71B1FBF0F08F
:1037F0000A490968B1FBF0F000F068FD40B9102DEE
:1038000006D200222946501E00F030F8356000E054
:103810000124204670BD0000AC000020A80000205C
:103820000A4882B0016E41F001010166016E01F0AB
:1038300001010091816D41F080518165806D00F042
:103840008050009002B000F039BD0000001002402E
:10385000002809DB00F01F0201219140400980008F
:1038600000F1E020C0F8001170470000F0B40E4BEA
:103870001B680C46C3F30223C3F10705042D00D9CE
:103880000425191D072901D2002300E0DB1E0126B3
:1038900006FA05F1491E214099409E40761E1640C9
:1038A0003143F0BC04F0E4BD0CED00E0064900F04B
:1038B000070208684FF6FF03184040EA0220034A57
:1038C00010430860704700000CED00E00000FA05AE
:1038D00001220168C0F8D022002280F8C82231F805
:1038E000540F40F001000880088840F00200088072
:1038F0001046704770B50F4D044669B101290AD1D1
:10390000D4F8D80203F031FE607A002803D028688A
:1039100040F00600286070BD607A28B102F098FE81
:10392000286820F006002860D4F8D802BDE870406E
:1039300003F0B3BD10ED00E010B50C0607D501F0A3
:10394000070101EB810100EBC100103005E001EB44
:10395000810100EBC10000F5A87099B232B10122DB
:1039600002730181190C4181002010BD00220273F5
:10397000C180F9E701EB810200EBC202D0F8D80266
:10398000526A03F074BC01EB810200EBC202D0F872
:10399000D802D2F8642103F0BEBC70B504460B0611
:1039A00001F0070000EB800104EBC1014FF00102C0
:1039B0004FF0000502D54A74103103E081F85151EF
:1039C00001F5A871087094F89002012808D084F8D5
:1039D0009022206804F07BF984F89052002070BD9A
:1039E000022070BD70B5044601F00F0022799042AC
:1039F00001D9012070BD0B0601F0070000EB80012A
:103A000004EBC1014FF001024FF0000502D54A74EA
:103A1000103103E081F8515101F5A8718D700870E3
:103A200094F89002012808D084F89022206804F0CD
:103A3000EDF984F89052002070BD022070BD2DE990
:103A4000F04704685FEA42480B788D69B4F850800B
:103A50004FF0000C4BF68F7748F2800648F68F79CE
:103A600048F2C00A444428D540F2024808EBC30893
:103A700034F80840C4F30904A54203D32D1B8D611B
:103A800002D00BE0C1F818C0D0F800C03CF82350B9
:103A90003D4085F4005535432CF82350520609D596
:103AA0000B78056835F8232002EA090242EA0A0287
:103AB00025F8232074B30A8927E040F2064808EB72
:103AC000C30834F80840C4F30904A54203D32D1BEE
:103AD0008D6102D00BE0C1F818C0D0F800C03CF8EE
:103AE00023503D4085F4005535432CF823505206B1
:103AF00009D40D78036833F8252002EA090242EA66
:103B00000A0223F825202CB14A8949690068234616
:103B100004F097FB2046BDE8F0872DE9F05F0546ED
:103B200000680C465FEA42681646D1F818C0227851
:103B3000B0F8508048F6BF7A48F2800B48F68F778D
:103B40004CF280094FF6FF734FF4004E4FF0000126
:103B500040447DD540F2024808EBC20830F8080026
:103B6000C0F30900844514D9BCEB000CC4F818C09C
:103B700010D0760408D5D5F800C03CF822603E404D
:103B800046EA09062CF8226094F82420012A60D025
:103B900076E1A161607810B1012813D01AE028689D
:103BA000B0F85030184400EBC200B0F80224C2F361
:103BB0000902A0F80224B0F8022442F40042A0F85E
:103BC000022407E02868B0F85030184400EBC20027
:103BD000A0F802146278286812B1012A11D018E006
:103BE000B0F850100844217800EBC100B0F806147A
:103BF000C1F30901A0F80614B0F8061441F400411D
:103C000005E0B0F850201044227800EBC200A0F884
:103C10000614E07802280BD12278296831F82200B6
:103C200000EA0A0080F0200040EA0B0021F82200A0
:103C300021782846FFF79EFE700408D521782A686F
:103C400032F82100384040EA090022F82100C3E0A0
:103C50004DE0626902446261E2690244E261266900
:103C6000226AB24202D33046111A03E084F82410CB
:103C70000AB110462162617811B101292BD033E0DD
:103C80002968B1F850201144227801EBC201B1F843
:103C90000224C2F30902A1F8022401F2024158B140
:103CA0003E280ED84208C60700D0521C0E8803EAF0
:103CB000822216430E8017E00A8842F400420A80EE
:103CC00012E04209C30600D1521E0B884EEA82223E
:103CD00013430B8008E02968B1F850201144227882
:103CE00001EBC201A1F8020483B22289C4E040F2D0
:103CF000064808EBC20830F80800C0F30900844504
:103D000014D3BCEB000CC4F818C010D0760408D44F
:103D1000D5F800C03CF822603E4046EA09062CF87F
:103D2000226094F82420012A59D0A9E0A16160788A
:103D300010B1012813D01AE02868B0F850301844A8
:103D400000EBC200B0F80224C2F30902A0F802247A
:103D5000B0F8022442F40042A0F8022407E02868E8
:103D6000B0F85030184400EBC200A0F8021462789A
:103D7000286812B1012A11D018E0B0F85010084498
:103D8000217800EBC100B0F80614C1F30901A0F8D6
:103D90000614B0F8061441F4004105E0B0F85020D4
:103DA0001044227800EBC200A0F80614E078022844
:103DB0000BD121782A6832F8210000EA0A0080F04D
:103DC000200040EA0B0022F8210021782846FFF766
:103DD000D1FD70047FF532AF0020BDE8F09F62692D
:103DE00002446261E2690244E2612669226AB242E7
:103DF00003D33046111A216204E00AB11046216251
:103E000084F824106278296812B1012A2AD031E09E
:103E1000B1F850201144227801EBC201B1F8062418
:103E2000C2F30902A1F8062401F2064158B13E2866
:103E30000ED84208C60700D0521C0E8803EA822220
:103E400016430E8016E00A8842F400420A8011E010
:103E50004209C30600D1521E0B884EEA8222134348
:103E60000B8007E0B1F850201144227801EBC20129
:103E7000A1F80604628983B26169286804F0FCF93C
:103E80002278296831F8220000EA0A0080F0300028
:103E900040EA0B0021F822009EE72DE9F04104469C
:103EA0000F0601F0070000EB800104EBC1014FF0A9
:103EB00001064FF0000502D54E74103103E081F881
:103EC000515101F5A871022B0870C2F30A00086174
:103ED000CB7000D10D7194F89002012809D084F8BC
:103EE0009062206803F03EFD284684F89052BDE8B9
:103EF000F0810220FBE710B501F0070404EB840118
:103F000000EBC101C1E959230022C1F86C2181F8FD
:103F1000512181F85041006801F5A87103F0C8FFF4
:103F2000002010BD70B5044601F0070022799042D0
:103F300001D9012070BD0B064FF000054FF00102C2
:103F400006D500EB800104EBC1014A74103107E093
:103F500001EB810104EBC10181F8515101F5A87118
:103F60008A70087094F89002012808D084F8902292
:103F7000206803F083FF84F89052002070BD022077
:103F800070BD10B501F0070404EB840100EBC10122
:103F9000C1E90923012281F834200B630023CB629D
:103FA0004A7401F8104F006803F082FF002010BD32
:103FB00010B50446006804F041F9010404D5204618
:103FC000BDE8104001F0E9BE41050ED5206830F88B
:103FD000441F21F480610180204600F001F9204651
:103FE000BDE81040002100F027B9410405D5206844
:103FF00030F8441F21F480417DE0810405D520681C
:1040000030F8441F21F4005175E0C1041FD5206829
:1040100030F8401F21F004010180206830F8401F73
:1040200021F00801018094F8C802012806D100207F
:1040300084F8C80201462046FFF75CFC204600F0E9
:10404000E3F8206830F8441F21F4805153E0010563
:1040500012D5206830F8401F41F008010180206827
:1040600030F8441F21F400610180206830F8401FBF
:1040700041F0040101800AE0010629D5206830F8EA
:10408000441F21F08001018094F8C80218B1204635
:1040900000F002F910BD206830F8401F41F0040123
:1040A0000180206830F8401F41F0080101800120A4
:1040B00084F8C8022068B0F854003C2101EA90005E
:1040C000C4F8CC022046BDE810400121FFF712BC25
:1040D000810509D5206830F8441F21F40071018062
:1040E000204600F0A5F810BDC005FCD5206830F8CA
:1040F000441F21F48071018010BD000070B50400E0
:1041000004D094F89102002510B106E0012070BDA2
:1041100084F89052204600F03FF8032084F8910282
:10412000206803F06BFE002001260BE000EB80010D
:1041300004EBC1014E740874CD740D624D62401CD5
:10414000C0B28D6221798142F0D8002012E000BF18
:1041500000EB800104EBC10181F8515181F850015D
:1041600081F85351C1F86051C1F86451401CC0B28C
:10417000C1F8685121798142EAD894E8070003F038
:1041800034FE257384F89162A07A012802D120467A
:10419000FFF79EFB002070BD08B500680E498842FD
:1041A00018D10E4850F8881F21F0406140F83019AE
:1041B000016841F4000101600068002200F4000081
:1041C000009011461420FFF751FBBDE80840142071
:1041D000FFF73EBB08BD0000005C0040001002403D
:1041E00070B5044640790125022801D0FFF720F878
:1041F0002946D4F8D80203F06AF9D4F8D802BDE809
:10420000704003F01DB9000010B50446407A30B18B
:104210000648016821F00601016002F019FAD4F89D
:10422000D802BDE8104003F038B9000010ED00E0FE
:10423000D0F8D80203F03BB910B5044690F89002CC
:1042400001280AD0012084F890022173206804F02C
:104250000CF8002084F8900210BD022010BDD0F8A8
:10426000D82200F52671104603F03DB910B504467A
:1042700090F8900201280CD0012084F89002206868
:1042800003F0CDFF206803F0A9FD002084F8900220
:1042900010BD022010BD000010B50446D0F8D802B1
:1042A00003F063F9607A002804D00348016841F004
:1042B0000601016010BD000010ED00E002488168B9
:1042C00041F48041816070470070004010B5401E8D
:1042D000B0F1807F01D3012010BD4FF0E024606178
:1042E0000F21601704F0C4F80020A06107202061AE
:1042F000002010BD01A2044900F066B85365744463
:1043000041435F41000000000CBD002001A20449B0
:1043100000F05AB85365744441435F420000000006
:1043200010BD002038B504000BD0694604F06AFACD
:104330000098A04201D0007840B10DA007F0E6FD42
:1043400038BD12A113A00EF0B5FC38BD02F068FA1A
:10435000164880ED010A10EE100A26F061FC41ECCF
:10436000100B13A053EC102B07F0D0FD38BD00004C
:10437000415F5365743A20696E76616C69642070A0
:104380006172616D6574657200000000415F536584
:104390007400000025733A206D697373696E67209D
:1043A000706172616D6574657200000008BD002067
:1043B000415F536574207570646174656420746F27
:1043C0003A20252E36660000F8B50D461646040044
:1043D0000DD0694604F016FA0098A04201D000788A
:1043E00040B131460BA000BF0EF064FCF8BD114691
:1043F0000EA0F9E785ED000A10EE100A26F010FC79
:1044000041EC100B314653EC102B0EA00EF052FC79
:10441000F8BD000025733A20696E76616C696420EE
:10442000706172616D6574657200000025733A20D9
:104430006D697373696E6720706172616D65746513
:1044400072000000257320757064617465642074C7
:104450006F3A20252E34660010B504000ED00CA152
:10446000FCF7E6FA80B10DA12046FCF7E1FA00283E
:104470000CD10CA0BDE810400EF01CBCBDE81040F3
:104480000EA111A00EF016BC15A0F3E710BD0000A0
:1044900053687574446F776E000000004F70656E4E
:1044A000000000005365744761746865723A2044E7
:1044B0006576696365204F70656E000053657447CB
:1044C000617468657200000025733A206D6973732A
:1044D000696E6720706172616D65746572000000BD
:1044E0005365744761746865723A20446576696300
:1044F00065205368757420446F776E0038B50400EA
:104500000BD0694604F07EF90098A04201D00078F3
:1045100040B10DA007F0FAFC38BD12A113A00EF0B7
:10452000C9FB38BD02F08AF9164880ED020A10EE88
:10453000100A26F075FB41EC100B13A053EC102B66
:1045400007F0E4FC38BD0000565F5365743A2069FB
:104550006E76616C696420706172616D65746572FC
:1045600000000000565F53657400000025733A2078
:104570006D697373696E6720706172616D657465D2
:104580007200000008BD0020565F536574207570EE
:10459000646174656420746F3A20252E36660000CD
:1045A000FEE700000B494CF6CC420A6045F255523A
:1045B0000A6003224A60B0F5805F01D340F6FF70C5
:1045C000C0F30B008860C8684007FCD14AF6AA20F7
:1045D0000860704700300040F8B53D48816C41F0FC
:1045E00001018164806C3B4D00F001000090D5F822
:1045F000000820F0FF0040F01800C5F80008364C15
:104600002078285844F21001884321786850207897
:104610002858217820F4405040F400506850207809
:104620002858217840F020006850207828582178B8
:1046300020F04000685020782858217840F0800011
:10464000685020782858217820F4407068502078ED
:104650002858217820F44060685020481D4A2430B2
:10466000217808321D4E88502178121D1C48885030
:104670002178281D095822786FF30F0141F4006159
:10468000115020782858217840F0020068501548D1
:1046900000680022C0F30220012101F065FB014601
:1046A0000B2003F005FF0B2003F0D5FE20782858DF
:1046B000217840F00100685016F1080656E8000F16
:1046C00040F0400046E800010029F7D1F8BD0000A5
:1046D000001002400000024098AE0208003801407D
:1046E00014BD00200CED00E010B540F6B830FFF727
:1046F00059FFFFF75BF800F0E7F8FEF783FA01F0E7
:104700008FFDFEF7E3FCBDE8104001A00EF0D2BA29
:1047100041707020496E69742053756363657373CB
:104720000000000010B5FFF74AF800F00BFFFEF79D
:104730005DFB02F095F902F091F801F035F801F017
:10474000CFF901F0CBFA00F0C3FF01F0D7F801F088
:104750004BF9FEF7A7FB04A00EF0ACFABDE8104041
:104760000AA00EF0A7BA00000D0A5B7665727369A5
:104770006F6E5D485220434E4320504F57455220A4
:10478000535550504C592056312E300048617264B8
:104790007761726520496E69742053756363657330
:1047A0007300000038B53548816C41F00101816427
:1047B000806C334900F001000090081DD0F80028FB
:1047C00022F0FF0242F01D02C0F800282D48427876
:1047D0008A5844F210039A43437842F01002CA50B8
:1047E00042788A58437822F4405242F40052CA5028
:1047F00042788A58437822F02002CA5042788A5878
:10480000437822F04002CA5042788A58437842F0F6
:104810008002CA5042788A58437822F44072CA50C3
:1048200042788A58437822F44062CA50164A144D9E
:10483000283243780835144C5A5142788A584078C7
:1048400042F002020A50114800680022C0F3022020
:10485000082101F070FA01460C2003F019FE0C202B
:1048600003F0ECFD14F1080454E8000F40F0800060
:1048700044E800010029F7D138BD000000100240D3
:104880000000024090AE0208004800400CED00E03D
:10489000F0B500230A24302537261F4611E000BF5B
:1048A000B4EB107F02D905EB107C01E006EB107C25
:1048B00001F813C001EB430C00015B1C8CF8017084
:1048C000DBB29342ECD3F0BD70B5254D4FF40051EF
:1048D000284600F0EFFA234C4FF48041207128461F
:1048E00000F0E8FA20754FF40041284600F0E2FAA3
:1048F00084F824004FF090454021284600F0DAFA71
:1049000084F834004FF48071284600F0D3FA84F81C
:1049100044000221144800F0CDFA002184F854002C
:104920004FEA010204EB0110491C03790370437044
:104930008270C270826002730629F3DB002240217C
:104940000A2025F0A1F809490028086007D1502065
:1049500080F31188BFF34F8FBFF36F8FFEE770BDF9
:10496000000800482CA60020000400484001002058
:104970002DE9F04F91B00D46064625F053FC074651
:104980002F48DFF8C08000EB06144FF000092078B4
:104990004FF0010BA8F1040AA8422FD1E078401C87
:1049A000C0B2E0700A282CD32079A84229D0257102
:1049B00084F802B045B1A06858F82630381AB0F52E
:1049C0007A7F0CD220A20BE0A76084F80C9058F8F4
:1049D000263023A240216846FBF75EFD06E024A2B4
:1049E00040216846FBF758FDC4F8089000231A469A
:1049F0006946DAF8000025F0CFF802E0257084F867
:104A000003902079B8B9A068A8B1381AB0F57A7FB8
:104A100011D3207B78B984F80CB058F8263018A24E
:104A200040216846FBF738FD00231A466946DAF84C
:104A3000000025F0B1F8657011B0BDE8F08F0000FE
:104A40002CA60020440100205B4B45595D202573B6
:104A5000206F6666202873686F7274290A00000050
:104A60005B4B45595D202573206F6E0A00000000E6
:104A70005B4B45595D202573206F66660A00000078
:104A80005B4B45595D202573206C6F6E670A0000F3
:104A900010B51C4C4FF40051204600F00BFAC1B287
:104AA0000020FFF765FF4FF48041204600F002FA36
:104AB000C1B20120FFF75CFF4FF40041204600F037
:104AC000F9F9C1B20220FFF753FF4FF090444021A3
:104AD000204600F0EFF9C1B20320FFF749FF4FF481
:104AE0008071204600F0E6F9C1B20420FFF740FFD4
:104AF0000221054800F0DEF9C1B2BDE810400520F2
:104B0000FFF736BF00080048000400481CB500212C
:104B10000320CDE900010B464FF4807207A108483D
:104B200025F044FB07490128086006D006A00EF0D6
:104B3000C1F8BDE81C40FEF77BBB1CBD4B6579008E
:104B4000FD910208C00200204B6579207461736BEF
:104B500020637265617465204661696C656400005C
:104B6000044908B58A6C02438A64896C014000914B
:104B700008BD000000100240044908B5CA6C024399
:104B8000CA64C96C0140009108BD000000100240D9
:104B9000044908B5CA6C0243CA64C96C014000915B
:104BA00008BD000000100240044908B5CA6C024369
:104BB000CA64C96C0140009108BD000000100240A9
:104BC000044908B5CA6C0243CA64C96C014000912B
:104BD00008BD000000100240044908B58A6D024378
:104BE0008A65896D0140009108BD000000100240F7
:104BF000034A515C425822F00102425070470000C3
:104C000090AE0208034A515C425822F00102425021
:104C100070470000A0AE0208F0B54F4B4E4A077A2D
:104C200020330026151F1C1F0168002F74D099B176
:104C3000477A5FB3012F31D0022F32D00126857A17
:104C400055B1454908310A1F012D32D0022D3AD005
:104C5000032D3CD046F002064168002979D0427A03
:104C600082B3012A44D0022A45D046F00406837A52
:104C7000002B6ED0384928310A1F012B43D0022B5C
:104C80004BD0032B4DD046F0050662E017688F43EA
:104C9000176001682A680A432A60D0E72F688F43AB
:104CA00001E02F680F432F60016815680D43156000
:104CB000C5E705680F68AF430F60016815680D43CD
:104CC0001560C9E70CE005681768AF4302E00568A6
:104CD00017682F43176002680D6815430D60BBE726
:104CE0001A688A431A60416822680A432260BEE754
:104CF00022688A4301E022680A43226041681A68F8
:104D00000A431A60B3E743680C689C430C60406830
:104D10001168014311601CE00CE0436814689C4377
:104D200002E0436814681C43146040680A68024348
:104D30000A600EE02F688F432F60016815688D436D
:104D40001560416822688A4322604068196881437F
:104D500019603046F0BD00000404014003490968B1
:104D6000884301D00020704701207047140401409F
:104D7000F0B50A680F2692FAA2F2B2FA82F303247F
:104D80008AE001259D402A407ED04D68012D01D04A
:104D9000022D20D18D68876892FAA2FCBCFA8CFCA7
:104DA0004FEA4C0E04FA0EFC27EA0C0792FAA2FC1A
:104DB000BCFA8CFC4FEA4C0C05FA0CF52F438760CB
:104DC000CF680D68D0F804C02CEA050C7D434CEA8E
:104DD000050CC0F804C00F69D0F80CC092FAA2F517
:104DE000B5FA85F54FEA450E04FA0EF52CEA050CE6
:104DF00092FAA2F5B5FA85F56D00AF404CEA070CC2
:104E0000C0F80CC04D68022D2FD1FF2A15D8D1F85B
:104E100014C0056A92FAA2F7B7FA87F7BF0006FA3C
:104E200007F7BD4392FAA2F7B7FA87F7BF000CFA6B
:104E300007FC45EA0C05056217E0D1F814E0476A63
:104E4000150A95FAA5FCBCFA8CFC4FEA8C0C06FA04
:104E50000CFC95FAA5F5B5FA85F5AD0027EA0C0727
:104E60000EFA05FE47EA0E0747624D68076892FA98
:104E7000A2FCBCFA8CFC4FEA4C0C04FA0CFE27EAAC
:104E80000E0792FAA2F200E005E0B2FA82F25200B6
:104E900095402F4307605B1C0A6832FA03F57FF4E4
:104EA00070AF0020F0BD0069814301D00020704741
:104EB000012070470069814301D000207047012024
:104EC000704710B5026822F001020260D1E9023297
:104ED000046843EA022224F4F854144304604A6844
:104EE0000261026842F001020260826822F400421C
:104EF00082608B690A6984681A436FF30A04144359
:104F000084600A691AB1826842F4004282600A68C9
:104F1000036823F44013134303604969426822F491
:104F200000420A434260002010BD000070B500241A
:104F30001F49204D4FF40046C02803D0B0F5407FF4
:104F40001CD019E0D1F8880000F0C00040F4400007
:104F50004038B0F5400027D0402804D080281CD12C
:104F600006E0044608E000F083F828B12C4603E090
:104F700000F086F800B13446204670BDD1F88800B4
:104F80000D4900F4407040F0407040180CD0B0F56E
:104F9000807FE8D0B0F5007FEAD001F011F901F090
:104FA000DFF801F0EDF8DCE701F00AF9D9E70000DD
:104FB000001002400024F40000FFFFFC70B5002444
:104FC00029492A4D4FF40046032804D00C281AD052
:104FD00030282FD040E0D1F888006FF4403100F045
:104FE000030040F4403040180AD0012836D002288F
:104FF0002ED001F0E5F801F0B3F801F0D1F817E098
:1050000001F0DEF814E0D1F8880000F00C0040F464
:105010004020001FB0F54020F2D004281ED0082800
:1050200016D000BF01F0CCF801F09AF801F0A8F812
:10503000044611E0D1F8880000F0300040F4401040
:105040001038B0F54010DBD0102807D02028E9D167
:1050500000F016F800B13446204670BD00F008F8A4
:105060000028F9D02C46F7E7001002400024F40095
:1050700002480068C0F38020704700000010024022
:105080000248D0F89000C0F3400070470010024082
:1050900003498A6822F0F00202438A6070470000E8
:1050A00000100240044951F8882F22EA104280B2D1
:1050B00002430A60704700000010024010B5036808
:1050C0000122C3F3801373BBD1E900231A43D1E952
:1050D000033423431A434B691A438B691A43CB6940
:1050E0001A430B6A1A4303684FF6BF74A3431A436B
:1050F0000260426840F604739A434B6942EA1342E5
:105100008B681A4342608A68B2F5006F03D2426826
:1051100042F4805242600A6AB2F5005F02D1898C83
:1051200089B201610022C16921F40061C1611046A8
:1051300010BD00000149086070470000A800002071
:1051400010B5012925D0042925D0102925D04029C2
:1051500025D0B1F5807F24D0B1F5806F23D0B1F593
:10516000805F22D0B1F5804F21D0B1F5803F20D0B3
:105170000921114B18305B5C184403680E4C0A344B
:10518000615C03248C40120CA3438A4013430360E8
:1051900010BD0021EDE70121EBE70221E9E7032142
:1051A000E7E70421E5E70521E3E70621E1E7072139
:1051B000DFE70821DDE7000040AE020810B5012955
:1051C00025D0042925D0102925D0402925D0B1F596
:1051D000807F24D0B1F5806F23D0B1F5805F22D0DD
:1051E000B1F5804F21D0B1F5803F20D00921114B7E
:1051F00018305B5C184403680E4C0A34615CF02480
:105200008C40120CA3438A401343036010BD00215D
:10521000EDE70121EBE70221E9E70321E7E70421BC
:10522000E5E70521E3E70621E1E70721DFE70821BC
:10523000DDE7000040AE020810B501291FD00429A7
:105240001FD010291FD040291FD0B1F5807F1ED05C
:10525000B1F5806F1DD0B1F5805F1CD0B1F5804FE6
:105260001BD0B1F5803F1AD00921036A0D4C615C57
:105270000A248C40A3438A401343036210BD0021DB
:10528000F3E70121F1E70221EFE70321EDE7042134
:10529000EBE70521E9E70621E7E70721E5E7082134
:1052A000E3E7000054AE020810B5012925D0042917
:1052B00025D0102925D0402925D0B1F5807F24D0D4
:1052C000B1F5806F23D0B1F5805F22D0B1F5804F6A
:1052D00021D0B1F5803F20D00921114B18305B5C03
:1052E000184403680E4C0A34615C0C248C40120C88
:1052F000A3438A401343036010BD0021EDE7012161
:10530000EBE70221E9E70321E7E70421E5E70521CF
:10531000E3E70621E1E70721DFE70821DDE70000F9
:1053200040AE02082DE9F04F02682A4B2A4E2B4F5F
:10533000DFF8ACC02B4C2C4D4FF0804B98420BD07B
:10534000584509D0B04207D0B84205D0604503D0D7
:10535000A04201D0A84205D1D1F8048022F0700209
:1053600042EA0802DFF88480DFF88490DFF884A046
:10537000984211D058450FD0B0420DD0B8420BD052
:10538000604509D0A04207D0404505D0484503D02C
:10539000504501D0A84203D1CE6822F44072324376
:1053A00002608A68C2620A888262984209D0A0427A
:1053B00007D0404505D0484503D0504501D0A8420C
:1053C00001D109690163416941F001014161002096
:1053D000BDE8F08F002C01400004004000080040B0
:1053E000000C0040003401400050014000400140EA
:1053F00000440140004801402DE9F04104460068A6
:105400000D46012610F0010F52D12969A868EA69FA
:10541000084369691143084321682E4A1140084333
:105420002060E868616821F4405101436160A86927
:10543000A16821F440710143A1602748844201D151
:10544000032008E02548844201D10C2003E02448D1
:10545000844203D13020FFF7B1FD0BE021488442A4
:1054600001D1C02004E0204884421AD14FF440709A
:10547000FFF75CFDA8B1696899B12A680026EB695D
:105480000B2A0ED8194FD2B2B3F5004F57F822208D
:10549000B0FBF2F00FD000EB5100B0FBF1F080B2A6
:1054A000E0602888E16A80B221F00F010143E162E7
:1054B0003046BDE8F081400000EB5100B0FBF1F058
:1054C00081B24FF6F07201EA0200C1F342010843D3
:1054D000E6E70000F369FFEF0038014000440040B8
:1054E00000480040004C00400050004060AE020800
:1054F00010F1080050E8002F22F0606242EA416299
:1055000040E80023002BF5D17047000010F108009F
:1055100050E8002F61F35F7240E80023002BF7D1C1
:105520007047B4EEE00AF1EE10FA02D2B0EE600A73
:105530007047B4EEC10AF1EE10FAF9DDB0EE410A9F
:10554000704700002DE9F04F87B018216846FBF73F
:1055500048FA0420FFF710FB2020FFF70DFB012085
:10556000FFF70AFB0220FFF707FB4FF090470420EC
:10557000B8610820B861544E0420B0628002B06265
:105580004FF40059C6F828900820B0611020B86187
:105590000120B0610024CDE90094DFF83081054698
:1055A0000490694640460294FFF7E2FB4FF48040C6
:1055B000CDE900040495694640460294FFF7D8FB04
:1055C0007001CDE900040495694640460294FFF756
:1055D000CFFB4FF0040A4FF00208CDE90284CDE979
:1055E00000A5694638460494FFF7C2FB0820CDE9C0
:1055F0000005CDE90284694604943846FFF7B8FBFC
:105600001020CDE90005CDE90284694604943846AE
:10561000FFF7AEFB4FF0400BCDE900B404956946AF
:1056200038460294FFF7A4FB0095CDE9015403949A
:10563000694630460494FFF79BFBCDE9008404954E
:10564000694630460294FFF793FBCDF800A0CDE900
:1056500001540394694630460494FFF789FB4FF4E4
:1056600080500090CDE9015403946946304604947B
:10567000FFF77EFBCDF80090CDE901540394694615
:1056800030460494FFF774FB4FF48070CDE90004BA
:105690000495694638460294FFF76AFB082000909B
:1056A000CDE901540394694630460494FFF760FB4A
:1056B000CDE900B40494694630460294FFF758FBE4
:1056C00007B0BDE8F08F0000000400480008004863
:1056D0002DE9F0418EB01C2106A8FBF782F91821B4
:1056E0006846FBF77EF92C4801684FF0030821F467
:1056F0004051002401600120FFF74AFA0220FFF721
:1057000047FA4FF4004002260125CDE900060427A0
:10571000CDE90285CDE9045769464FF09040FFF787
:1057200027FB8020CDE90006CDE90285CDE90457AD
:1057300069461A48FFF71CFB17488838816D41F409
:1057400000118165806D099400F400100D901448DB
:105750000894CDE906400A940B940C94114C06A9C8
:105760002046FFF7AEFB606840F000706060E068C4
:1057700040F2FE718843E060E06820F40040E060A1
:10578000206820F400202060206820F40030206091
:105790000EB0BDE8F081000088100240000400480F
:1057A000C285B240005400402DE9F04192B028215A
:1057B00006A8FBF716F918216846FBF712F94B48C3
:1057C000016E41F480510166016E01F48051109127
:1057D000C16C41F00101C164C06C022500F0010000
:1057E000109020200024CDE9000503260527CDE9EF
:1057F0000264CDE904474FF0904869464046FFF700
:10580000B7FA8020CDE90005CDE90264CDE904476F
:1058100069464046FFF7ACFA35490822083134485A
:10582000D1F8003823F0FF0343F00B03C1F8003830
:1058300030498B78C35844F21006B3438E7843F056
:10584000100383518B78C3588E7823F4405343F46C
:10585000805383518B78C3588E7823F02003835173
:105860008B78C3588E7823F0400383518B78C358CC
:105870008E7843F0800383518B78C3588E7823F45D
:10588000407383518B78C358897823F44063435025
:10589000194E3068C0F3801018B1306820F0400015
:1058A00030604FF4404006904FF4827007904FF400
:1058B000E060CDE9080501200A900BA9400281E8CB
:1058C000150007200F9006A93046FFF7F7FB706818
:1058D00020F010007060706820F008007060306880
:1058E00040F04000306012B0BDE8F081001002408E
:1058F0000000024020AE020800300140F0B58BB03D
:10590000142106A8FBF76DF818216846FBF769F823
:105910000120FFF761F90120FFF746F90124022673
:10592000CDE9004600254FF0904702950494694662
:1059300038460594FFF71CFA009604940594CDE9C7
:10594000016569463846FFF713FAADF81840A01E06
:10595000CDE90750A40706A920460995FFF7E2FC08
:10596000206820F080002060A0681D49084040F0B9
:105970000300A060A5132A4601212046FFF7E0FBA3
:105980004FF44026324601212046FFF78DFCFF11DF
:105990003A4601212046FFF711FC00220121204652
:1059A000FFF74AFC2A4610212046FFF7C9FB324682
:1059B00010212046FFF778FC3A4610212046FFF7D9
:1059C000FDFB022210212046FFF736FC60680549E6
:1059D00008406060A06820F08000A0600BB0F0BDBF
:1059E000F8FFFEFF8FFFFFFDF0B58BB0142106A876
:1059F000FAF7F7FF18216846FAF7F3FF0220FFF7DE
:105A0000EBF80220FFF7D0F81020022400258DE8E3
:105A1000310001262E4FCDE9046469463846FFF770
:105A2000A7F920208DE83100CDE9046469463846A5
:105A3000FFF79EF9ADF818604FF6FF70CDE90750FB
:105A4000244C06A920460995FFF76CFC206820F03D
:105A500080002060A0682049084040F00300A0605A
:105A6000A5132A4601212046FFF76AFB4FF4402682
:105A7000324601212046FFF717FC4FF410073A4643
:105A800001212046FFF79AFB002201212046FFF763
:105A9000D3FB2A4610212046FFF752FB3246102145
:105AA0002046FFF701FC3A4610212046FFF786FB0F
:105AB000022210212046FFF7BFFB6068074908401B
:105AC0006060A06820F08000A0600BB0F0BD000016
:105AD0000004004800040040F8FFFEFF8FFFFFFDB8
:105AE0002DE9F0438FB0202106A8FAF77AFF18219C
:105AF0006846FAF776FF4FF44030FFF7D3FA39489B
:105B0000016E41F480410166006E00F480400E9009
:105B10000120FFF755F84FF4007002264FF00308FC
:105B20008DE8410103AA00240125072782E8B0007F
:105B30004FF0904969464846FFF71AF9A8028DE8E8
:105B4000410103AA694682E8B0004846FFF710F910
:105B500025480068C0F30220011D072901D200205A
:105B600000E0C01E04FA00F10801204981F8000499
:105B70001E4920202139C1F800014FF4E130CDE960
:105B800006400C20CDE90A40089409940C940D9429
:105B9000174C06A92046FFF72FFC00212046FFF7EF
:105BA000B5FC00212046FFF7A3FC206820F0005040
:105BB0002060606820F490406060A06820F02A00B7
:105BC000A060206840F001002060E069C0F3405010
:105BD0000028FAD0E069C0F380500028F5D00FB05B
:105BE000BDE8F083001002400CED00E025E000E08D
:105BF000003801402DE9F04190B0202106A8FAF7C5
:105C0000F0FE18216846FAF7ECFE4FF44010FFF75B
:105C100049FA2F48816D41F480218165806D00F43F
:105C200080200E900220FEF7CBFF4FF4806002250B
:105C30000024CDE9000503260727CDE90264DFF83B
:105C40009480CDE9044769464046FFF791F8A802E1
:105C5000CDE90005CDE90264CDE904476946404637
:105C6000FFF786F84FF4E130CDE906400C20CDE98E
:105C70000A40089409940C940D94174C06A92046E8
:105C8000FFF7BAFB00212046FFF740FC0021204629
:105C9000FFF72EFC206820F000502060606820F4A0
:105CA00090406060A06820F02A00A060206840F06A
:105CB00001002060E069C0F340500028FAD0E0699C
:105CC000C0F380500028F5D010B0BDE8F08100008E
:105CD00000100240000400480048004010B50022B7
:105CE0000F49104801F09EFA08B1FDF7A1FA0E49DC
:105CF0000C4801F062FC08B1FDF79AFA0B4909481B
:105D000001F0F4F808B1FDF793FA064801F0D0FC71
:105D1000002803D0BDE81040FDF78ABA10BD00008E
:105D20006002002014C500207801002050020020ED
:105D3000FEE77047FEE730B500F00703C3F1070444
:105D4000042C00D90424181D072801D2002300E0E8
:105D5000DB1E012505FA04F0401E084098409D40D6
:105D60006D1E1540284330BD30B500F00703C3F168
:105D70000704042C00D90424181D072801D200238D
:105D800000E0DB1E012505FA04F0401E08409840A3
:105D90009D406D1E1540284330BD2DE9F84F044647
:105DA00040F68F7A40F2064B48F60F784FF0000924
:105DB0008BE1B0F8441011F00F053AD030F82560AF
:105DC00031047DD530F8251001EA0A0141F0800147
:105DD00020F8251005EB850004EBC00797F85C015F
:105DE00007F5A87700286CD0F87802286AD03978AF
:105DF000226832F8210048F68F73184048F2C00339
:105E0000184322F821003878D4F800C03CF820105C
:105E10004904BCF8501001EB0C027ED540F202415F
:105E200001EBC000105A8005800D009076D03A89B1
:105E3000A7E0C9062AD4018801EA080141F400411B
:105E40000180206804F11005B0F85010227C014454
:105E500040F2024000EBC200085AC0F30900E062C1
:105E6000616A0844606200212046FDF783FD207BC3
:105E700000289DD0A86900289AD1207B40F080019D
:105E80002068A0F84C1084F80C901EE1018804F5FD
:105E9000A8750A051ED5B0F850100A1829780BEB22
:105EA000C100105A04F52671C0F30903EB61EA88BA
:105EB000206802F0C6F92168088800EA0A0002E0BA
:105EC0007BE03FE04EE040F0800008802046FEF797
:105ED000C6F9FAE00904D8D5018801EA0A0141F0BF
:105EE000800101802068B0F850102A7808440BEB3C
:105EF000C201405A83059B0DEB610DD0696959B110
:105F0000EA88206802F09DF9E969686908446861D7
:105F100000212046FDF737FD01E02AE028E0206857
:105F200001880A050DD4C1F30131032909D0018884
:105F30004BF68F72114081F4405148F280021143B8
:105F40000180C2E02068B0F850103B780A180BEBD3
:105F5000C301515A8905890D009117D0FA887969D2
:105F6000009B11E0324639462046FDF768FD00905F
:105F70000CE00BEBC000105A8005800D009005D09E
:105F80007A8903466046796902F05BF9F9690098FD
:105F90000844F8617869009908447861B86918B1D3
:105FA00039690098814204D939782046FDF7EBFC25
:105FB00003E03946206801F07BFF30062DD505EB64
:105FC000850004EBC001206830F8252002EA0802B1
:105FD00042F4004220F82520C87C103101281DD051
:105FE000F0056ED42068B0F8502013180A7840F2FB
:105FF000024000EBC200185A8A69C0F309008242CD
:1060000058D9121A8A6157D04A6902444A61CA694A
:106010001044C861206801F04BFF56E0C1F81890A9
:106020000A7B48461AB3720622D54A7812B1012A71
:1060300014D041E02068B0F8502010440A7800EBFA
:10604000C200B0F80224C2F30902A0F80224B0F89A
:10605000022442F40042A0F802242DE02268B2F8A3
:1060600050301A440B7802EBC302A2F8020423E07A
:106070004B78226813B1012B13D01DE0B2F8500009
:1060800010440A7800EBC200B0F80624C2F30902FB
:10609000A0F80624B0F8062442F40042A0F8062432
:1060A0000AE0B2F850301A440B7802EBC302A2F8AF
:1060B000060401E0C1F8189009782046FDF75AFC63
:1060C00003E032462046FDF728FD2068B0F8441072
:1060D00009043FF56EAE0020BDE8F88F2DE9F047CA
:1060E00005002ED0287800282BD00024DFF8588017
:1060F000164E12E058F834703846FAF767FB8146BE
:10610000024639462846FAF780FB20B915F80900FF
:106110003A280CD058B1641CE4B230788442E9D3F8
:10612000716800290DD00AA0BDE8F047084728464D
:106130003A21FAF71DFB00B1401C08EBC401496885
:10614000F2E7BDE8F0870000DCCC0020B4020020BC
:10615000556E6B6E6F776E20636F6D6D616E640050
:1061600005498968054A01F0F0010909515C01F00F
:106170001F01C840704700000010024028AE02080E
:1061800005498968054A01F4E06102EB11210978AB
:1061900001F01F01C84070470010024038AE0208ED
:1061A00005498968054A01F4605102EBD12109785B
:1061B00001F01F01C84070470010024038AE0208CD
:1061C0001549886800F00C031448042B0DD04210C8
:1061D000082B09D00C2B08D1CB6803F00303022B4A
:1061E00005D0032B03D101E0104670471046CA6862
:1061F000C2F306224243C868C96800F0F0030120D8
:1062000000EB1313B2FBF3F201F0C06100EB51603D
:106210004000B2FBF0F07047001002400024F40090
:1062200070B5074D002400BF05EBC400416855F868
:10623000340000F007F8641C052CF5D370BD000095
:10624000000000202DE9F041164C06460F4620784C
:10625000102805D227B11EB10025DFF84C800DE0D3
:106260006168002915D011A019E000BF58F8350069
:106270003146FAF7DDFB70B16D1CEDB22078854236
:10628000F4D3C0B208EBC00148F83060401C4F6046
:106290002070BDE8F08161680029FAD00AA0BDE84D
:1062A000F0410847B4020020DCCC0020436F6D6D44
:1062B000616E6420726567697374726174696F6E70
:1062C000206661696C656400436F6D6D616E64206A
:1062D000616C72656164792065786973747300001C
:1062E00010B54FF0904488B00420A0610120FCF765
:1062F000BBFD0420A0620A20FCF7B6FD0420A061CB
:10630000C820FCF7B1FD1020A062112000F018F9A0
:10631000C820FCF7A9FD362000F012F9702000F02B
:1063200041F93A2000F00CF9552000F03BF90A2021
:10633000FCF79AFDB22000F003F90C2000F032F9CE
:106340000C2000F02FF9002000F02CF9332000F091
:1063500029F9332000F026F9B72000F0F1F8752074
:1063600000F020F9C22000F0EBF8012000F01AF94B
:10637000C32000F0E5F8162000F014F9C42000F066
:10638000DFF8202000F00EF9C62000F0D9F80F2029
:1063900000F008F9D02000F0D3F8A42000F002F9B2
:1063A000A12000F0FFF8D62000F0CAF8A12000F0EC
:1063B000F9F8BB2000F0C4F83B2000F0F3F8E0202F
:1063C00000F0BEF816A10FC98DE80F000E21684637
:1063D00000F0C2F8E12000F0B3F815A30DF1100CA5
:1063E0000FCB8CE80F000E2104A800F0B5F8E420D4
:1063F00000F0A6F8272000F0D5F8002000F0D2F831
:10640000002000F0CFF8292000F09AF82C2000F0AE
:1064100097F80A20FCF728FD1020A06108B010BDF5
:10642000F00B110E0D1936334B0714142C2E0000EF
:10643000F00D120B09033244483916162D300000B6
:1064400006498A68C2F34002002AFAD008738868B5
:10645000C0F3C0100028FAD170470000003001409E
:106460007CB54FF090451024AC620824AC62334CEC
:10647000A668C6F34006002EFAD02A262673A66820
:10648000C6F3C016002EFAD10826AE61060A8DF8B2
:1064900000608DF80100100A8DF802008DF80320CD
:1064A00000206E46A268C2F34002002AFAD0325C95
:1064B0002273401C0428F5D3A068C0F3C010002844
:1064C000FAD10820A862A068C0F340000028FAD0E2
:1064D0002B202073A068C0F3C0100028FAD1082038
:1064E000A861080A8DF804008DF80510180A8DF8C7
:1064F00006008DF80730002001AAA168C1F3400111
:106500000029FAD0115C2173401C0428F5D3A0683F
:10651000C0F3C0100028FAD10820A862A068C0F318
:1065200040000028FAD02C202073A068C0F3C010CF
:106530000028FAD11020A8617CBD00000030014085
:1065400010B54FF090441021A1620821A162FFF71D
:1065500077FF1020A06110BD70B54FF0904410225D
:10656000A2620822A2610E4B9A68C2F34002002A7E
:10657000FAD000224D1E09E0865C1E73AA4204D2A6
:106580009E68C6F34006002EFAD0521C8A42F3D30E
:106590009868C0F3C0100028FAD11020A06170BD27
:1065A0000030014010B54FF090441021A162082145
:1065B000A161FFF745FF1020A06110BD0178407870
:1065C00041EA0020704700001CB500210120CDE900
:1065D00000010B46420208A1094823F0E7FD0949E2
:1065E0000128086006D008A00CF064FBBDE81C4040
:1065F000FCF71EBE1CBD000053746F72616765001E
:1066000025950208C002002053746F7261676520EF
:106610007461736B20637265617465204661696C97
:106620006564000010B5502080F31188BFF34F8FD0
:10663000BFF36F8F23F0FCFD18B104494FF0805079
:106640000860002080F3118810BD000004ED00E018
:1066500038B53148016821F00F0141F004010160B3
:10666000016801F00F010429FAD12C4850F8801F6D
:1066700021F4807101602A4C206840F48030206051
:106680002068C0F340400028FAD0D4F8980040F0C9
:106690000100C4F8980000BFD4F89800C0F340008F
:1066A0000028F9D0E16845F213501E4A1140084312
:1066B000E060E06840F08070E060206840F080704A
:1066C00020602068C0F340600028FAD0A06840F045
:1066D0000300A0608020FEF7DBFCA06800F00C0047
:1066E0000C28FAD155200090401E0090FCD1FEF7F6
:1066F000CFFCA06820F4E060A060A06820F46050A7
:10670000A0600948FEF716FD0F20FDF767F8002886
:1067100001D0FCF78DFD38BD002002400070004024
:10672000001002400C80FFF980FE210A0248016837
:1067300041F470010160704788ED00E01CB5002154
:106740000120CDE900010B46020308A1084823F00F
:106750002DFD08490128086006D007A00CF0AAFA10
:10676000BDE81C40FCF764BD1CBD0000544654004D
:1067700031950208C0020020544654207461736BA6
:1067800020637265617465204661696C6564000010
:106790001CB500210120CDE900010B46420208A1F1
:1067A000094823F003FD09490128086006D008A024
:1067B0000CF080FABDE81C40FCF73ABD1CBD00009F
:1067C0005072696E7400000099930208C0020020A4
:1067D00054657374207461736B20637265617465B2
:1067E000204661696C65640038B5074CA0680028D4
:1067F00009D106480090002301224FF47A7104A0C9
:1068000023F06AFFA06038BD28000020D59402085C
:1068100052756E54696D6554696D657200000000B3
:10682000F0EE400A9FED031A9FED030A00EE810A85
:10683000704700009A99193D3333D33FDFED020AC8
:1068400020EE200A70470000240C433D002804D0AD
:106850000178002901D0FFF741BC704710B5FFF760
:106860003FF90E4850E8001F41F0400140E8001297
:10687000002AF7D10A4800680321C0F30220FFF77D
:1068800073FA0146252001F013FE252001F0E3FDF7
:10689000FDF7A2FEBDE8104001F002BD0038014046
:1068A0000CED00E02DE9F0472648274900784058D4
:1068B000264C80B2C0F5006004F60A1887B20026A4
:1068C000234D04F5805424E02249095C401CC0F3A8
:1068D0000A006880287820B1012808D0022818D141
:1068E0001CE0AA2915D184F80A6101200EE094F871
:1068F0000A0112280CD200F8081094F80A01401C72
:10690000C0B284F80A01122803D10220287000E0E6
:106910002E706888B842D7D1BDE8F0875529F7D1E5
:106920000C481222313841468146F9F7B9FF22F06E
:1069300091FC0848122249461E38F9F7B1FF22F0AF
:10694000A9FCE5E798AE020804000240D8AB00209D
:106950006801002014BD00202DE9F047DFF8A88071
:106960008A4617460A21D8F8040023F02DFB012897
:1069700004D0BDE8F04725A00CF09CB90A26284CAD
:106980004FF00009274D02E0012022F0E1FD95F8CB
:10699000040910B1761EF7D20AE04EB954E8000F90
:1069A00020F0400044E80002002AF7D185F804995D
:1069B0004FF48076B74200D83E46324651461A48D8
:1069C000F9F76EFFA5F80699A5F80869012085F882
:1069D0000409B5F806092918401CA5F8060991F81C
:1069E0000408A06254E8000F40F0400044E80001B1
:1069F0000029F7D1D8F80400BDE8F04700231A4673
:106A0000194623F0C9B80000680100204D7574656F
:106A10007820676574206661696C65640000000019
:106A200000380140D8AB0020DCB300201FB500289F
:106A300013D0AA218DF800100168CDF8011041682B
:106A4000CDF805108068CDF8090055208DF80D00AF
:106A50000E2269460148FFF77FFF1FBD0038014045
:106A600010B5FFF7C7F80E4850E8001F41F02001AD
:106A700040E80012002AF7D10A4800680421C0F358
:106A80000220FFF758F90146272001F001FD2720D9
:106A900001F0D4FCFDF786FEBDE8104001F050BCCB
:106AA000004800400CED00E02DE9F0414FF400708B
:106AB00014460F46824200D9044614486421806877
:106AC00023F082FA124E012803D001213046FEF74E
:106AD0008FF8114D0E4A0F4869780C3288500C48D7
:106AE0006978001D09586A786FF30F01214311502E
:106AF000224639460748F9F7D3FE68783058697856
:106B000040F001007050BDE8F08100005C01002001
:106B100000000240D6A9002090AE02082DE9F047FF
:106B2000DFF8C880DFF8C890324C98F800001646AD
:106B30008A46012801D0304812E00A21D9F8040021
:106B400023F042FA01284ED1642502E0012022F010
:106B5000FFFC94F8040340B16D1EF7D205E000BFBE
:106B600094F8041309B1401EF9D294F80403234D9C
:106B7000002748B155E8000F20F0400045E800022A
:106B8000002AF7D184F804734FF40070864200D9CC
:106B90000646324651461A48F9F782FEA4F80673B3
:106BA000A4F80863012084F80403B4F8060321184C
:106BB000401CA4F8060391F80401A86255E8000FF0
:106BC00040F0400045E800010029F7D198F80000A6
:106BD000012808D1D9F80400BDE8F04700231A467F
:106BE000194622F0D9BFBDE8F0870000BC020020A2
:106BF0005C0100208CA60020A08601000048004017
:106C000090A700201448C169C1F38011002916D053
:106C10000168C1F38011002911D0402101620F4A9F
:106C2000B2F80619B2F80839994209D2B2F8061931
:106C30005318491CA2F8061993F80418816270478A
:106C400050E8001F21F0400140E80013002BF7D16D
:106C5000002082F80409704700380140D8AB0020BA
:106C60001E4810B5C169C1F340121D4972B1426A94
:106C7000D3B2B1F80021B1F80241521CD2B2944211
:106C800004D0B1F800410B55A1F80021C269C2F34C
:106C90008012002A15D00268C2F38012002A10D098
:106CA00040220262B1F80623B1F808339A4209D2B1
:106CB000B1F806238B18521CA1F8062393F804118F
:106CC000816210BD50E8002F22F0400240E800230E
:106CD000002BF7D1002081F8040310BD00480040CC
:106CE0008CA6002010B50A46024903A000F06AFAFB
:106CF000004810BDE4C70020437573746F6D2048D1
:106D0000494420436F6E666967000000D0F8BC02FA
:106D1000002101750846704710B5D0F8BC2242B179
:106D2000D0F8C00251781278C36810469847002006
:106D300010BD032010BD70B50446812100F08EFA0D
:106D40000025258765870121204600F087FAA4F8F1
:106D50007851A4F87A51D4F8BC0248B1D4F8C002F2
:106D600004F52F7480688047206800F0F6FD2560E8
:106D7000002070BD12200880004870478402002067
:106D800010B5D0F8BC421CB12169012902D00AE03B
:106D9000032010BDD0F8C00223786178C26818467D
:106DA000904700202061002010BD00000A210180D2
:106DB00000487047400200202921018000487047A8
:106DC000B00100202921018000487047DC0100202B
:106DD0002921018000487047080200202DE9F04178
:106DE0000446182000F0BAFD05004FF0000623D03D
:106DF0000520C4F8BC526087A4F87A01022303225C
:106E00008121204600F007FB012727870223032268
:106E10003946204600F0FFFAA4F878712E75D4F8B0
:106E2000C0024068804702232A460121204600F024
:106E3000FEFA0020BDE8F0810220C4F8BC62F9E748
:106E400010B50A46024903A000F0BCF9004810BD85
:106E5000E4C70020437573746F6D2048494420498E
:106E60006E7465726661636500000000042008802E
:106E7000004870478002002010B50A46024903A06E
:106E800000F0A0F9004810BDE4C7002053544D693C
:106E900063726F656C656374726F6E696373000013
:106EA00010B50A46024903A000F08CF9004810BD55
:106EB000E4C7002053544D333220437573746F6D13
:106EC0002048756D616E20696E74657266616365D8
:106ED0000000000010B5D0F8BC222AB10223012125
:106EE00000F0A5FA002010BD032010BD19B1C0F8B4
:106EF000C0120020704703207047000010B51A2010
:106F000008800A480168001D0468001D0068081810
:106F100009D008220649FDF7BBFC054904221031BF
:106F20002046FDF7B5FC0248801E10BD9075FF1F7E
:106F30009A020020F8B50022D0F8BC321546ADF810
:106F40000020144633B10E7816F0600624D0202EAF
:106F50005CD101E00320F8BD4A78921E0A2A55D27E
:106F6000DFE802F00F085454545454130B0588788A
:106F700058604EE00122191D39E04888000A9860E7
:106F800047E0012203F1080131E001221A61CA88B9
:106F9000194600F068F83CE04E78062E10D003DC6D
:106FA0003EB1012E32D134E00A2E23D00B2E2DD14A
:106FB00028E090F89C22032A28D10222694616E094
:106FC0004B882226B6EB132F07D1CA88022A00D994
:106FD0000222D0F8C0120D6808E02126B6EB132F6C
:106FE00004D1CA880D4D092A00D90922294600F08A
:106FF00054F80EE090F89C22032A07D1012203F1F5
:107000000C01F4E790F89C22032A04D000F020F849
:1070100003242046F8BD8878D860FAE734020020BF
:1070200010B5D0F8B8220AB152689047002010BDC0
:10703000134610B50A46002100F0F9F9002010BDF2
:10704000134610B50A46002100F098FA002010BD42
:1070500010B50446802100F076FA2046BDE81040C5
:10706000002100F070BA10B50323C0F89432C0F8C4
:1070700058211346C0F85C210A46002100F0D7F9D8
:10708000002010BD10B50521C0F8941200231A4647
:10709000194600F0CCF9002010BD10B50223C0F84D
:1070A000943282611346C2610A46002100F066FAFA
:1070B000002010BD10B50421C0F8941200231A4618
:1070C000194600F05BFA002010BDF8B50446002018
:1070D000ADF8000048880D46010A062947D006DCB5
:1070E00001290FD0022912D0032962D11DE00729FE
:1070F00046D00F295DD1D4F8B402C26920E06946B8
:1071000090473BE0D4F8B412207C0A68F7E7207C73
:1071100002260028D4F8B80205D0C16A684688471C
:107120000146467036E0816AF8E7C0B2062840D2D0
:10713000DFE800F003090D111519D4F8B402426814
:10714000B2B3207CDBE7D4F8B4028268F8E7D4F865
:10715000B402C268F4E7D4F8B4020269F0E7D4F8E4
:10716000B4024269ECE7D4F8B4028269E8E7207C13
:10717000F0B9D4F8B802416B68468847014609E087
:10718000207CA8B9D4F8B802016B6846884701464C
:1071900007204870EA888AB1BDF8000040B18242F9
:1071A00000D90246ADF800202046FFF776FFF8BD73
:1071B000FFE729462046FFF74BFFF8E72046FFF799
:1071C00079FFF4E770B5002300281ED0002504469F
:1071D00002E06D1CEDB2641C2678002EF9D1022469
:1071E00004EB450414801278CA545B1C0322CA5471
:1071F00000245B1C06E0CA545B1CDAB28C54521C9F
:10720000D3B2401C0278002AF5D170BD01004FF0C6
:10721000000004D0012901D0022901D003207047C9
:107220000120704778B10023C0F8B832C0F8C032EE
:10723000C0F8CC3209B1C0F8B412012180F89C1218
:10724000027000F09FB80320704710B5D0F8C40258
:10725000FCF7C8FBBDE81040FFF7D8BF10B5D0F869
:10726000C402FCF79AFBBDE81040FFF7CFBF70B532
:107270001646044621B194F89C02032841D048E008
:10728000D4F8941204F114000025022932D1D0E977
:1072900002318B4206D95A1A826031462046FFF7E6
:1072A000CFFE0FE0994214D14068884211D3D4F840
:1072B000981288420DD2002211462046FFF7C0FEE8
:1072C000C4F8985200231A461946204600F0AFF839
:1072D00010E094F89C02032805D1D4F8B802C168E4
:1072E00009B1204688478021204600F02CF920462D
:1072F000FFF7C8FE94F8A00201280AD184F8A05232
:1073000007E0D4F8B80242691AB120469047002835
:1073100000D1002070BD10B51346044621B194F889
:107320009C02032823D02AE0D4F8941204F5AA7012
:10733000032924D1D0E9021291420AD98A1A826023
:10734000C068824200D3024619462046FFF770FE0D
:1073500015E094F89C02032805D1D4F8B80201691D
:1073600009B1204688472046FFF7A4FE07E0D4F87D
:10737000B80282691AB120469047002800D1002047
:1073800010BD000010B51A490446C1F8D802C0F873
:10739000C412184808600820087102204871C8719A
:1073A0000020087248728872C8720846FCF7A6FE70
:1073B00008B1FBF73DFF0022D4F8C40218231146A0
:1073C00004F53174FCF7B8FA5823002280212068B4
:1073D000FCF7B2FA9823002281212068FCF7ACFA6E
:1073E000D823002201212068FCF7A6FA002010BD56
:1073F00000CA0020005C00400A0601F07F01D0F8BE
:10740000C40201EB810100EBC10001D5807C704713
:1074100090F85201704710B51C461346D0F8C402CC
:107420002246FCF73AFDBDE81040FFF7EFBE10B56D
:10743000D0F8C402FCF75FFDBDE81040FFF7E6BEE0
:1074400070B50125044680F89C520020C4F89402CF
:107450006060C4F8A402D4F8B802E0B1D4F8BC1259
:1074600021B1426812B100212046904700224023FA
:1074700011462046FFF7CFFF4026A4F8645133465B
:10748000002280212046C4F86061FFF7C4FFA58474
:107490000020266270BD032070BD90F89C12042964
:1074A00003D190F89D1280F89C120020704710B50F
:1074B000D0F8B81221B190F89C22032A02D004E03F
:1074C000032010BDC96901B18847002010BD0174B7
:1074D0000020704710B5D0F8C402FCF7ADFEBDE83F
:1074E0001040FFF793BE70B5044600F2AA2005468F
:1074F00000F04DF80120C4F89402B4F8B002C4F8CA
:10750000980294F8AA0210F01F010AD001290ED0A7
:10751000022912D000F080012046BDE8704000F042
:1075200012B829462046BDE8704000F0C3B829468D
:107530002046BDE8704000F0E7B929462046BDE886
:10754000704000F041B910B5D0F8C402FCF7EAFC75
:10755000BDE81040FFF75ABE10B5D0F8C402FCF7E2
:1075600085FEBDE81040FFF751BE90F89C1280F8F0
:107570009D12042180F89C120020704710B5D0F8AD
:10758000C402FCF7FEFCBDE81040FFF73FBE70B53B
:10759000054611F8010B2870087868704C1C2046CD
:1075A000FFF70CF86880A41C2046FFF707F8A880B6
:1075B000A01CFFF703F8E88070BD38B50446002032
:1075C000ADF8000049B1C4F8B812C96A19B16846EB
:1075D0008847C4F8CC02002038BD032038BD0246DD
:1075E0000320D2F8B832002B02D01B68104618478F
:1075F000704700002DE9F0410F462C4E8978002598
:1076000004463170012906D939462046FFF720FD8E
:107610000320BDE8F08194F89C0202280CD00328D6
:107620001DD039462046FFF713FD31782046FFF77D
:10763000F7FC03252846ECE799B320466160FFF785
:10764000CEFF050004D039462046FFF701FDF1E7E3
:107650002046FFF72FFD032084F89C02EAE74FF055
:107660000208C1B1606888421BD0C1B22046FFF752
:10767000D7FC317820466160FFF7B1FF050010D0DC
:1076800039462046FFF7E4FC21792046FFF7C8FC85
:1076900084F89C82CEE784F89C8220466160FFF7E4
:1076A000BFFC2046FFF706FDC4E700004A020020A9
:1076B000FFF752BF2DE9F0410A78002512F0600271
:1076C00008D0202A01D0402A71D1D0F8B82292687F
:1076D000904731E04B78002201260A2B67D2DFE881
:1076E00003F0415E6658660805662D29FFF7EDFC3C
:1076F0005FE004468888D8B9C888C8B94888802817
:1077000016D200F07F0794F89C02032810D084F86A
:107710009E7239462046FFF7DDFE2046FFF7CAFC81
:107720001FB1022084F89C0243E084F89C6240E090
:1077300020463CE0FFF75EFF05463AE0CB88012B90
:1077400035D190F89C32012B04D0022B02D0032BB0
:107750002DD104E08260012200F1080116E001222F
:10776000011D13E090F89C22012A03D0022A01D0C7
:10777000032A1CD1CA88022A19D1C660D0F8A412E3
:1077800009B10321C160022200F10C01FFF785FC61
:107790000FE0498801290CD1C0F8A46211E090F8EB
:1077A0009C32012B08D0022B06D0032B04D0FFF70C
:1077B0004FFC2846BDE8F08149880129F9D1C0F87D
:1077C000A422FFF777FCF4E72DE9F0410D460446CB
:1077D00028780026097910F060000BD0202801D00D
:1077E00040286DD1D4F8B8022946826820469047D7
:1077F000064686E06878A8B3012822D003287CD109
:1078000094F89C02022802D0032876D10BE00029CC
:1078100073D0802971D02046FFF795FE8021204645
:10782000FFF791FE6DE0688838B931B1802904D046
:10783000E88810B92046FFF786FE2046FFF73AFC9D
:107840005FE094F89C020228E1D0032855D16888B3
:10785000A8BB480602D02046FFF7F7FC2046FFF7FA
:1078600029FCBFE7FFE794F89C020027022802D01A
:10787000032842D111E009B180293ED1080601F068
:107880007F0000EB800004EB800101D5143101E0A2
:1078900001F5AA7102220F602BE0080601F00F002B
:1078A00000EB800004EB80000BD5808C40B101F030
:1078B0007F0000EB800004EB800514350CE020E035
:1078C0001BE0B0F86401C0B101F07F0000EB800064
:1078D00004EB800505F5AA7541B1802906D0204644
:1078E000FFF78AFD10B10120286000E02F6002221E
:1078F00029462046FFF7D1FB03E029462046FFF743
:10790000A7FB3046BDE8F08170B506460878002434
:107910000D4610F0600003D0202801D0402817D178
:1079200096F89C02012803D0022801D003280FD129
:10793000287901280CD8D6F8B802826830469047DA
:107940000446E888204306D13046FFF7B3FB02E047
:107950003046FFF77DFB204670BD704700487047FA
:10796000E4C900202DE9F04F0C78002530F82430D0
:1079700048F68F121340CA78002A7DD0012A7CD0A5
:10798000022A02D0032A79D0012548F2800213434B
:1079900020F824300E7830F8263048F68F742340D3
:1079A0003343134320F826300B7B48F2C00A48F6D5
:1079B000BF774CF280094BF68F764FF6FF7B4FF482
:1079C000004EE3B3CB7891F800C0022B30F82C3096
:1079D0007ED048F68F6803EA0803134320F82C3062
:1079E000B0F8503091F800C0034403EBCC03B1F879
:1079F00008C02CF0010CA3F800C4B0F8503091F886
:107A000000C0034403EBCC03B1F80AC02CF0010C16
:107A1000A3F804C44B7891F800C0002B30F82C3048
:107A20004FEA43437ED0002B06DA30F82C30234057
:107A300043EA090320F82C3091F800C000E02EE062
:107A400030F82C305B0606D530F82C30234043EA62
:107A50000A0320F82C30CB780C78012B30F8243036
:107A600003EA070301D083F02003134320F82430F6
:107A70000B7830F8231002E008E00DE009E0314017
:107A8000114320F823102846BDE8F08F43F400731B
:107A90007BE743F4C06378E743F4806375E74B7892
:107AA000002BB0F85030034424D00E7803EBC6030B
:107AB000CE8826F00106A3F800640B7830F8236026
:107AC000760608D530F82360264046EA0A0600E02C
:107AD00061E020F82360CB78012B06D00B7830F8DA
:107AE0002310394081F02001CAE70B7830F82310C9
:107AF0003940C5E70F7803EBC703CF8827F00107AC
:107B0000A3F80474B0F850300F78034403EBC703B4
:107B1000B3F80674C7F30907A3F8067403F2064323
:107B20000F6900E03DE05FB13E2F0DD84FEA570CE2
:107B3000FF0701D00CF1010C1F880BEA8C2C0CE024
:107B40001F8847F400470AE04FEA571CFF0601D19F
:107B5000ACF1010C1F884EEA8C2C47EA0C071F8001
:107B60000F7830F827305B0406D530F827302340F3
:107B700043EA090320F827300B782BB130F82310A3
:107B8000314081F400517BE70188314081F440515C
:107B90001143018077E7234048F2801843EA080345
:107BA0001CE7002B06DA30F82C30234043EA0903A7
:107BB00020F82C3091F800C030F82C305B0606D548
:107BC00030F82C30234043EA0A0320F82C304B785D
:107BD00013B1012B2DD035E0B0F850300C780344B0
:107BE00003EBC403B3F80244C4F30904A3F802444A
:107BF0000C6903F202435CB13E2C0ED84FEA540CE0
:107C0000E40701D00CF1010C1C880BEA8C2C0DE070
:107C10001C8844F400441C8014E04FEA541CE40621
:107C200001D1ACF1010C1C884EEA8C2C44EA0C0406
:107C3000F1E7B0F850300C78034403EBC4030C8A2E
:107C4000A3F802444B7813B1012B2DD035E0B0F8E6
:107C500050300C78034403EBC403B3F80644C4F378
:107C60000904A3F806440C6903F206435CB13E2CF8
:107C70000ED84FEA540CE40701D00CF1010C1C881B
:107C80000BEA8C2C0DE01C8844F400441C8014E0AA
:107C90004FEA541CE40601D1ACF1010C1C884EEAF9
:107CA0008C2C44EA0C04F1E7B0F8504023180C780F
:107CB00003EBC4030C8AA3F806440C7830F8243094
:107CC000334083F44053134320F824300DE72DE96B
:107CD000F04391F80C804F780A7848F6BF7C4BF659
:107CE0008F7948F2800348F2C0054CF2800648F6CE
:107CF0008F74B8F1000F28D0002F30F822704FEAAF
:107D0000474748D0002F05DA30F822702740374324
:107D100020F822700A7830F822707F0605D530F8F6
:107D2000227027402F4320F822700D7830F825204C
:107D30002240324320F825200C7830F8242002EA33
:107D40000C021A4320F824201AE07FB130F8226098
:107D5000760605D530F8226026402E4320F82260B2
:107D60000A7830F8221001EA0C010EE030F82250B7
:107D70006D0405D530F822502540354320F82250B7
:107D80000A7830F8221001EA0901194320F822107C
:107D90000020BDE8F083002F05DA30F8227027407C
:107DA000374320F822700A7830F82260760605D52D
:107DB00030F8226026402E4320F822600E7830F8FA
:107DC000262022402A4320F826200C7830F8242050
:107DD00002EA09021A4320F82420C1E730F8581FAC
:107DE00041F40041018000207047012120F8401F2C
:107DF00000210180818001820846704730F8401FD1
:107E00004BF68072914301800020704730B54B786B
:107E10000A78002B48F68F7530F8223048F280043B
:107E200015D05B0607D530F822302B4048F2C0054C
:107E30002B4320F82230CA78012A1DD00A7830F866
:107E4000221048F6BF73194081F0200111E05B0455
:107E500007D530F822302B404CF280052B4320F818
:107E600022300A7830F822104BF68F73194081F4D3
:107E70004051214320F82210002030BD10B54A782F
:107E80000978002A48F2800330F8212005D048F60E
:107E9000BF74224082F0100204E04BF68F7422403F
:107EA00082F480521A4320F82120002010BD0000E7
:107EB0002DE9F04706460C464878097B4FF000084C
:107EC00048F68F7248F2801748F68F6348F2800AAE
:107ED000012809D0002971D0E07802286FD001284C
:107EE0006ED00120BDE8F087A5692069854200D9E0
:107EF000054691B1E17802291ED0206A401B20621C
:107F0000207836F820104906B6F85010314401EBBD
:107F1000C00075D5A0F8065418E1ABB2E28830462F
:107F2000616900F0A9F9B6F850002178304400EBFF
:107F3000C100A0F802540FE1216A81427AD9217868
:107F400036F821001040384326F82100206A401BF3
:107F50002062207836F820104FF6FF7749066178C6
:107F60004FF4004967D511B101292AD030E0B6F8A5
:107F70005010314401EBC000B0F80614C1F3090100
:107F8000A0F8061400F206404DB13E2D0CD8690849
:107F9000EA0700D0491C028807EA81210BE001882A
:107FA00041F40041018013E06909EA0600D1491E4D
:107FB000028849EA81210A43028009E0EFE008E1F2
:107FC0001DE1B6F85020911901EBC000A0F806544D
:107FD0006289ABB23046616900F04EF960692844AD
:107FE00060612169206A884202D9401B206202E058
:107FF0000546C4F82080607818B101282BD032E003
:108000002FE0B6F850002178304400EBC100B0F802
:108010000214C1F30901A0F8021400F202405DB19C
:108020003E2D0ED86908EA0700D0491C028807EAED
:1080300081210DE0A0E018E0018841F400410180B9
:1080400011E06909EA0600D1491E028849EA812146
:108050000A43028007E0B6F850002178304400EB74
:10806000C100A0F80254228971E011B1012927D082
:108070002DE0B6F85010314401EBC000B0F8021406
:10808000C1F30901A0F8021400F202404DB13E2DE7
:108090000CD86908EA0700D0491C028807EA812148
:1080A0000BE0018841F40041018010E06909EA0613
:1080B00000D1491E028849EA81210A43028006E074
:1080C000B6F85010314401EBC000A0F802542289E8
:1080D000ABB23046616900F0CFF860692844606156
:1080E0002169206A884202D9401B206202E00546CD
:1080F000C4F82080607810B1012836D026E0B6F8A8
:1081000050002178304400EBC100B0F80614C1F3F0
:108110000901A0F8061400F206404DB13E2D0CD81E
:108120006908EA0700D0491C028807EA81210BE0B0
:10813000018841F40041018008E06909EA0600D1A4
:10814000491E028849EA81210A4302806289ABB252
:108150003046616900F090F8217836F8210048F641
:10816000BF72104080F0300053E0B6F8501088190C
:10817000217800EBC100CDE6227836F822001840C5
:1081800040EA0A0026F82200B6F85000227830446F
:1081900000EBC2008BB2A0F802342289D8E7A069B4
:1081A00008B9E07878B1217836F82100184040EA23
:1081B0000A0000BF26F82100A169206981421ED96A
:1081C000081AA0611DE0217836F8210010403843DC
:1081D000F0E7E069A8B1217836F82100430401D521
:1081E000430603D444F2400318420AD136F8210072
:1081F000104048F2C002104326F8210001E0C4F804
:108200001880217836F821004BF68F72104080F4E8
:10821000405040EA0A0026F82100002062E60021D2
:10822000A0F844104BF68071A0F840100020704771
:108230000148FBF7BDBE000000CA0020B0F84400B2
:10824000704710B510445C0800F5806008D030F825
:10825000022B01F8012B120A01F8012B641EF6D142
:10826000DA0701D00088087010BD11B98021A0F88C
:108270004C1000207047000010B55B1C10445B08D8
:1082800000F580600AD000BF11F8012B11F8014BF6
:1082900042EA042220F8022B5B1EF5D110BD00003B
:1082A00010B541F21E111048F8F779FB012021F0BA
:1082B000D9FB0E4C606010B90DA00AF0FBFC012048
:1082C00021F0D0FBA06010B90EA00AF0F3FC012051
:1082D00021F0C8FBE060002804D1BDE8104010A0E8
:1082E0000AF0E8BC10BD0000D8AB002068010020F7
:1082F0004D75746578206372656174652066616987
:108300006C65640044617461206D757465782063E8
:108310007265617465206661696C656400000000C7
:1083200053656E642064617461206D757465782096
:10833000637265617465206661696C656400000044
:1083400010B540F20A311648F8F729FB144900200D
:10835000A1F80001A1F80201012021F083FB114CDA
:10836000606068B103220021012021F08DFBA06034
:1083700070B10023BDE810401A46194621F00CBC2C
:10838000502080F31188BFF34F8FBFF36F8FFEE74C
:10839000502080F31188BFF34F8FBFF36F8FFEE73C
:1083A0008CA600205C010020FEE700001CB5002127
:1083B0000420CDE900010B46402208A10A4821F023
:1083C000F5FE0A490128086006D009A00AF072FCEF
:1083D000BDE81C40FAF72CBF1CBD00005761746358
:1083E00068646F670000000095980208C0020020D2
:1083F0005761746368646F67207461736B20637284
:1084000065617465204661696C65640003B4019818
:108410004100009850EAC12018BF04204A0D18BF3F
:1084200040F0010040F2FF72B2EB515F08BF40F034
:108430000200012808BF052002B07047002809DBB0
:1084400000F01F02012191404009800000F1E0206E
:10845000C0F800117047002809DB00F01F0201215D
:1084600091404009800000F1E020C0F80011704701
:108470000907090E002804DB00F1E02080F8001451
:10848000704700F00F0000F1E02080F8141D7047E5
:108490000907090E002804DB00F1E02080F8001431
:1084A000704700F00F0000F1E02080F8141D7047C5
:1084B0000907090E002804DB00F1E02080F8001411
:1084C000704700F00F0000F1E02080F8141D7047A5
:1084D00030B52DED048B81B0B0EE408AF0EE608AAD
:1084E0006A4651EC180B0AF00FFC00989FED329B86
:1084F0007E300090002821DC53EC192B51EC180B36
:1085000022F0E2F91AD0002140F608004FF00000F6
:10851000044651EC180B22F091F908EE100A40F6CF
:10852000080004EA00014FF00000B5EEC08AF1EE49
:1085300010FA04BF0220F8F7C3FA2DE00098FF28D4
:1085400030DB002108464FF0000000F4400553ECFA
:10855000192B51EC180B22F02DFB8CBF00240124A9
:108560000220F8F7ADFA9FED168A4DB1002C0CBF32
:108570004FF400004FF48000A84218BF9FED118A0D
:10858000042108464FF00000002C01BFB1EE480A5C
:1085900001B0BDEC048B30BDB0EE480A01B0BDECBB
:1085A000048B30BD51EC180B22F048F901B000EEFD
:1085B000100ABDEC048B30BD00000000000000007C
:1085C0000000807FFFFF7F7F30B540F2FF742DED0C
:1085D000048BF0EE608A18EE901A85B0B0EE408AF7
:1085E0009FED2B9B05468DED008B34EA115147D052
:1085F00053EC192B51EC180B22F066F940D02A46A7
:1086000051EC180B22F0C0FB41EC180B18EE900A4D
:108610008DED008B34EA10501CD053EC192B51EC2B
:10862000180B22F051F92BD10220F8F749FA00F08B
:108630000BF910EE901A18EE900A8DED020B8DEDED
:10864000008B61F31E0003909DED020B05B0BDECA5
:10865000048B30BD0220F8F733FA00F0E5F810EE95
:10866000901A18EE900A8DED020B8DED008B61F3E0
:108670001E0003909DED020B05B0BDEC048B30BDD8
:1086800005B0B0EE480AF0EE680ABDEC048B30BDD0
:10869000000000000000000010EE100A10B50023DA
:1086A000A0F50001B1F1FE4F67D200BF00F5002137
:1086B0006FF07E0202EBE15CC1F302524FF07E519B
:1086C00001EB025100EE901AA0EBCC5003EB0C0131
:1086D00000EE100A51EA020036D030EE601A70EE59
:1086E000200A9FED3D2A3E4881EE200A9FED3B1A6D
:1086F00060EE000A00EE821A60EE201A61EE810A36
:10870000784401EE101A00EB82009FED362AB8EE95
:10871000C11AD0ED001A344841EE021A784401EE35
:10872000101A00EB8200B8EEC11A90ED002ADFEDBE
:108730002F2A01EE222AB0EE001A72EE200A40EE35
:10874000010A31EEA00A10BDF7EE000A9FED291ACA
:1087500030EE600ADFED260A00EE201ADFED260A71
:1087600060EE001A40EE010A9FED241A00EE201A76
:1087700061EE810A30EE200A10BD4FF07F41B1EB6F
:10878000400F03D2BDE8104000F078B8B0F1FF4FC1
:1087900008BF10BDB5EEC00AF1EE10FA06D20120F6
:1087A000F8F78EF9BDE8104000F06CB8B5EEC00ADD
:1087B000F1EE10FA07D10220F8F782F900F054F830
:1087C000B1EE400A10BDDFED0E0A6FF0160320EE89
:1087D000200A10EE100A69E766F1CC3EAAAA2A3FE9
:1087E000381604000070313F3C160400F4FD0538D3
:1087F00021ED423E0A1180BEC1ABAA3EFFFFFFBE83
:108800000000004B08B59FED060A0A4601468DEDB3
:10881000000A6846F8F742FD9DED000A08BD000019
:1088200000000000000000009FED050B10B553ECA8
:10883000102B51EC100B22F0BFF841EC100B10BDC7
:1088400000000000000000709FED050B10B553EC18
:10885000102B51EC100B22F0AFF841EC100B10BDB7
:108860000000000000000010DFED030AB7EE001A60
:1088700081EE200A704700000000000030EE000A80
:1088800070470000DFED020A80EEA00A704700008A
:108890000000000010B5044691ED000BFFF718FE34
:1088A00084ED000A10BD10B5044690ED000B08469B
:1088B000FFF78AFE84ED000B10BD30380A2801D284
:1088C000012070470020704710B54421074800F090
:1088D00097FD0022322106481AF0AAFB054CA06041
:1088E00001F0A6FA0020207010BD00005C330120CA
:1088F000E59E0008B00300202DE9F0470E468146B2
:1089000017461146304600F01CF94FF0FF3A002898
:108910007DD000223946304600F0BFF800284FF0E5
:10892000000075D1B6F90480B6F900305246A8EBC4
:108930000301491C0AFA81F10FFA81FAB6F906C05F
:10894000B6F90210ACEB010C0CF1010C02FA8CF23E
:10895000B7F802C012B2ACEB010C0FFA8CFCBCF100
:10896000000F0EDD63F30F0468F30F0501EB0C003D
:1089700061F31F4460F31F45C9F800400120C9F8A6
:108980000450B7F906107388CB1AD21A12B2002A13
:1089900013DDB6F9063099420FDA338863F30F041A
:1089A000B38861F31F4463F30F05114461F31F455E
:1089B00009EBC001401C0C604D60B7F90220B6F90C
:1089C00002108A4200DD1146B7F90630B6F90620DA
:1089D000934200DA1A463B88B6F900C0521AA3EB5C
:1089E0000C031BB212B2002B10DD002A0EDD634413
:1089F00063F30F058B1863F31F456CF30F0409EB4A
:108A0000C00361F31F441C605D60401C01E01AE07C
:108A100017E0B7F9043036889F1BAAEB070636B279
:108A2000002E0EDD63F30F0461F31F44334463F340
:108A30000F05114461F31F4509EBC001401C0C6098
:108A40004D60BDE8F0875046FBE770B5B1F90030E6
:108A5000B2F90040A34200DC23460380B1F9025082
:108A6000B2F90240A54200DD2C464480B1F9046011
:108A7000B2F90450AE4200DA35468580B1F90610ED
:108A8000B2F90620914200DB1146C1800120AB42C1
:108A900001DC8C4200DD002070BDF8B50D460446B7
:108AA000B0F90000B1F900101646884247DBB4F96E
:108AB0000210B5F90220914241DBB4F90410B5F976
:108AC000042091423BDCB4F90610B5F9062091422E
:108AD00035DC96B3ADF800006088ADF80200324690
:108AE0006946284600F099F8002827D0A088ADF8FC
:108AF00000006088ADF8020032466946284600F062
:108B00008CF800281AD02088ADF80000E088ADF875
:108B1000020032466946284600F07FF800280DD052
:108B2000A088ADF80000E088ADF802003246694642
:108B3000284600F072F8002800D00120F8BD00207F
:108B4000F8BDB0F90020B1F904309A4213DCB0F955
:108B50000420B1F900309A420DDBB0F90220B1F9DE
:108B600006309A4207DCB0F90600B1F902108842DB
:108B700001DB0120704700207047F8B50D46044620
:108B8000B0F90400B1F900101646884243DBB4F98D
:108B90000600B5F9021088423DDBB4F90000B5F9D2
:108BA0000410884237DCB4F90210B5F9062091426E
:108BB00031DC76B3ADF800006088ADF802003246D3
:108BC0006946284600F029F818BBA088ADF80000D7
:108BD0006088ADF8020032466946284600F01DF86C
:108BE000B8B92088ADF80000E088ADF80200324640
:108BF0006946284600F011F858B9A088ADF8000081
:108C0000E088ADF8020032466946284600F005F8D3
:108C100008B10020F8BD0120F8BD2DE9FC41144643
:108C20000E46B1F90020B0F9001005468A423ADB41
:108C3000B5F90400824236DCB6F90270B5F90220BB
:108C4000974230DBB5F906309F422CDC002C75DDF5
:108C5000401A9A1A401C521C00B212B200EBD0709B
:108C600002EBD27240105210904200DB1046844258
:108C700000DD0446ADF80010288800222044ADF83D
:108C800004006888ADF80200688831462044ADF8D9
:108C900006006846FFF7C1FF40B1BDF8040020445C
:108CA000ADF804003FE00020BDE8FC81E888002228
:108CB000001BADF80200E888ADF8060031466846B2
:108CC000FFF7ABFF28B1BDF804002044ADF8040065
:108CD00011E0A8880022001BADF80000A888ADF8BC
:108CE000040031466846FFF798FF50B1BDF8000018
:108CF000001BADF80000BDF80200001BADF802003B
:108D000016E06888ADF80200688800222044ADF8BB
:108D1000060031466846FFF780FF70B1BDF80000DD
:108D2000001BADF80000BDF806002044ADF80600B9
:108D30003146684618F0C0F9B6E7FFE70120B3E70F
:108D400010B5B1F90040B2F900309C4200DA234678
:108D50000380B1F90240B2F902309C4200DA2346A6
:108D60004380B1F90440B2F904309C4200DD23464F
:108D70008380B1F90610B2F90620914200DC114659
:108D8000C18010BD2DE9FC4105461AF04EF90026C0
:108D90007D4C074600960DB1E86801E00EF0CCF876
:108DA0006060006918F084F86068406908B118F0E4
:108DB0007FF86068C06918F07BF86068006A18F096
:108DC00077F86068016991B118F0F4F91CF068FB5C
:108DD0001CF0D4F86068B0F85011E1B30068017C71
:108DE000C9071ED0C0684068D8B1002514E0A0F8BB
:108DF0005061BDE8FC81411991F8301151B900F57D
:108E0000AC7000F054FB616801EBC5010A6B0260B5
:108E1000496B41606D1CADB26068B0F85011A94259
:108E2000E9D860684FF48071303014F051F8606810
:108E3000202100F5987014F04BF86068A0F850619C
:108E400038461AF0ECF8009060680068436A13B185
:108E500022680099984713F0B9FE00F0CFF800F0AF
:108E6000A1F84A4D6F69EFBB0EF066F80EF092F86C
:108E700012F072FE074600227F2117F0C5FE002285
:108E8000114610460DF0A5FD0190BDF8041000221A
:108E9000384617F09EFEFF22114610460DF099FD50
:108EA0000190BDF804100022384617F05BFF002245
:108EB0000321384617F022FF00220321384617F01D
:108EC0000EFF00220321384617F00EFF0022032177
:108ED000384617F00EFF00220321384617F03DFFF9
:108EE0002BA100E009E0384613F0BCFC00231A4631
:108EF0000621384614F036F96F6128681AF08FF8A9
:108F0000B0F5967F0DD2206841F2883188427FF615
:108F100070AF6868009908446860A868401CA86041
:108F200067E71AF082F828606068406828B1006836
:108F30004FF47A71B1FBF0F000E01420696809B9D0
:108F400001216960A968E1B14FF47A7251436A68FE
:108F5000B1FBF2F46E60AE60844200D90446286929
:108F600020442861E868401CE8601AF095F8C0F1D8
:108F7000640302B022463846BDE8F04105A113F073
:108F8000AABC0446E6E70000FC020020C83101202C
:108F90003F0000002575204650530A2575252520E1
:108FA0004350550070B50A4D002400BFC4EBC40601
:108FB00055F8260008B113F07DFE05EB86001C2154
:108FC00013F086FF641CE4B2022CEFD370BD0000E6
:108FD000CC330120084949680AE04A68824202D03D
:108FE0000A68824203D10A7E42F001020A76496988
:108FF0000029F2D170470000D00200207047000025
:109000000421014800F0FCB950330120202101481F
:1090100000F0F6B9683301202DE9FF410446DDE98F
:109020000A671D004FF0000002D1B6F5807F2BD0FB
:10903000039001900290ADF80C100090ADF8041070
:10904000ADF80A20ADF80E203B4632462946684668
:1090500017F092FF3B463246294601A817F08CFFD5
:109060003B463246294602A817F086FF3B46324669
:10907000294603A817F080FFBDF90000BDF90430B0
:10908000984209DA054608E02080491E6080A180E8
:10909000521EE280BDE8FF811D46BDF90820BDF9E2
:1090A0000C108A4201DA164600E00E46B54203DA99
:1090B000984206DB184604E08A4201DA104600E0D6
:1090C0000846801E2080BDF90030BDF9042093427F
:1090D00001DD1D4600E01546BDF90800BDF90C1084
:1090E000884201DD064600E00E46B54205DD9342AA
:1090F00001DD194604E0114602E0884200DD014628
:10910000891CA180BDF90230BDF90620934201DA25
:109110001D4600E01546BDF90A00BDF90E10884253
:1091200001DA064600E00E46B54205DA934201DA5E
:10913000194604E0114602E0884200DA0146891E21
:109140006180BDF90230BDF90620934201DD1D4664
:1091500000E01546BDF90A00BDF90E10884201DD98
:10916000064600E00E46B54205DD934201DD194694
:1091700004E0114602E0884200DD0146891CE180DE
:1091800088E700002DE9F047404E88469146318837
:10919000824621B13E483F4C056800200FE0002088
:1091A000BDE8F08700EB400202EBC00205EB820352
:1091B0009A6AA24201DD521E9A62401C80B2884225
:1091C000F0D300241FFA88F728E000BF04EB440026
:1091D00000EBC40005EB800001898F421CD1C268FE
:1091E0004A4519D14168504611F026FCA0B104EB64
:1091F000440000EBC40005EB8000C269816A1144A1
:109200004FF47A728162914200DD82620028C7D1F8
:109210002C460120328812E0641CA4B230888442BB
:10922000D4D3F5E700EB400101EBC00105EB810170
:10923000A66A8B6AB34200DA0C46401C80B29042A8
:10924000F0D3606810B1204611F0BDFF19F0EDFEBB
:1092500005464B4642465146204612F003F820B1DF
:109260000020A062E06940B10EE02C21204613F0FE
:109270002FFE4FF00040A06291E7284619F0CFFE84
:10928000E06108B90120E061204689E7040300207D
:10929000CC0300200100008010B51421074800F025
:1092A000AFF811F0A3FF002807D005490160054978
:1092B0004160054981600549C16010BD74330120DA
:1092C000C1AB01083DAF01080DB101088DAB01082C
:1092D0007FB50E46040003D10DF02EFE04002CD005
:1092E0000DF09EFE002828D094F82800400724D4D2
:1092F000002506B3ADF80050ADF8025020460DF041
:1093000033FE401EADF8040020460DF073FE401EF3
:10931000ADF806006A46314602A8FFF796FB002822
:109320000BD02068017C890708D5DDE90001C4E97C
:109330000C01012029E0A4F850517FBD82690AB1D7
:1093400002A9904700260AE004EBC601002202A809
:109350003031FFF7A2FB0028EFD1761CB6B2B4F88B
:109360005001B042F0D880B2202804D204EBC000F3
:1093700002A9303004E0A4F8505104F130006946ED
:109380000CF018F9B4F85001401CA4F850016068C2
:109390000028D2D019F02EFF7FBD70B5054600F031
:1093A00012F804460CE02146284600F01EF8064656
:1093B0002146284600F0A2F8204613F07BFC3446F4
:1093C000002CF0D170BD002800D04068704700B577
:1093D00003460022FFF7F7FF03E01846521C00F097
:1093E00004F80100F9D1104600BD0068091D40587D
:1093F0007047006840587047002800D08068704768
:1094000000224260C91C21F00301826001607047A4
:1094100070B504460068083013F0C0FB050013D097
:109420000146002220461AF089FD2946204662683E
:109430001AF07EFD616819B12A4620461AF07EFDB9
:109440006560A06800B9A560284670BD2DE9F041AF
:109450000C4606000AD04CB1FFF7B5FFA04208D178
:109460003046FFF7D5FF051E01D01EE00020BDE805
:10947000F0813068083013F091FB051EF7D030689A
:109480002A460759304639461AF052FD3A462946CF
:1094900030461AF053FD2A46214630461AF04EFD5A
:1094A0002246294630461AF043FD2846DFE770B5CC
:1094B00004460068083013F071FB050013D0014624
:1094C000002220461AF034FD29462046A2681AF0F0
:1094D00035FDA16819B12A4620461AF029FDA5607C
:1094E000606800B96560284670BD28B1416809B957
:1094F000806808B1002070470120704770B50400F3
:109500000DD0FFF760FF00228842204608D1FFF708
:109510006CFF6060011E01D000221EE0A26070BDE1
:10952000FFF76AFF8842206808440AD10168A160F9
:1095300029B12046BDE8704000221AF0F9BC6260F3
:1095400070BD05682046FFF750FF064602462946D3
:1095500020461AF0EDFC2A4631462046BDE8704010
:109560001AF0ECBC10B50446006882680AB12146C6
:10957000904720680068002801D02060F5E710BD02
:109580008068002801D0B0F9160070478068002874
:1095900001D0807E8009704770B5164605460C469E
:1095A00051EA06001AD0284613F056FFA868012396
:1095B0003246018A21440182A868418A31444182AD
:1095C0002146284616F040FA00220B21284610F0CA
:1095D0003BFD012803D1284616F090F9012070BD0B
:1095E00077B581B00E46050017D0622215F0E2FC77
:1095F000040012D0206880B128463146632215F05D
:10960000D9FC10F0FF0208D0236820460399984740
:109610000090BDF80000ADF80C00039804B070BDD8
:109620002DE9F047074692B0408C1A9E40F00800A2
:10963000788490463A8499468A463289384615F0AD
:10964000B9FC0546A7F8209032895146384615F0F6
:10965000B1FC0446788CA54220F00800788403D140
:109660002904B1EB044F68D0A7F820803289514615
:10967000384615F09FFC05468046A7F820905146D5
:1096800038460AF0C1F9318900682A4618F014FEFC
:1096900030890B2823D147F6FF794D4501D04C4541
:1096A0001DD1384615F03EFE00EBD070451038460F
:1096B00014F08FFD00EBD0704010C84506D1691C36
:1096C000431C994200DA00E0194688464C4506D111
:1096D000691C421C914201DA6C1C00E014461848D7
:1096E000FFF796FE050028D02F60C5E90384308976
:1096F000A8806846C5F808A00BF060FA1148FF2161
:10970000CDE90050104802901048039000200890C6
:10971000CDE9090130880B9070889DF842104042D5
:109720000C90F0680790002060F300018DF8421063
:109730003069069068460BF09FFA12B0BDE8F087DA
:1097400080330120B9890208B98B0208158B020801
:1097500014210148FFF754BE803301202DE9F84F52
:1097600000259046894606462C460427E5E000BFC2
:10977000F16807EBC400085882017AD480B230EA5D
:10978000090211D05FF0000230EA08000ED000207C
:1097900082426ED051F834A06A461021504618F02B
:1097A00024FB002871D103E00122EDE70120EFE75F
:1097B0006A461121504618F018FB002865D16A4608
:1097C0001221504618F011FB00285ED16A46132181
:1097D000504618F00AFB002857D16A46152150461A
:1097E00018F003FB002850D16A461421504618F0A7
:1097F000FCFAE8BB6A460A21504618F0F6FAB8BBF4
:109800006A466B21504618F0F0FA88BB6A466C2114
:10981000504618F0EAFA58BB6A460121504618F043
:10982000E4FA28BB6A460421504618F0DEFAF8B97B
:109830006A460221504618F0D8FAC8B96A46032190
:10984000504618F0D2FA98B96A460521504618F0E9
:10985000CCFA68B96A460621504618F0C6FA38B9FB
:109860006A463221504618F0C0FA08B96A4601E04B
:109870000BE061E06E21504618F0B7FA28B96A464D
:109880006D21504618F0B1FA10B10320BDE8F88FF1
:109890006A466921504618F0A8FAE8BB6A466A2170
:1098A000504618F0A2FAB8BB6A466E21504618F02E
:1098B0009CFA88BB6A466D21504618F096FA58BB50
:1098C0006A463721504618F090FA28BB6A4638217C
:1098D000504618F08AFAF8B96A463521504618F011
:1098E00084FAC8B96A464021504618F07EFA98B901
:1098F0006A464521504618F078FA68B96A4641210F
:10990000504618F072FA38B96A464221504618F0AB
:109910006CFA08B96A4600E00AE04321504618F0A4
:1099200064FA28B96A464921504618F05EFA08B12F
:10993000022501E005B90125641C708CC0F30510F7
:10994000A0423FF615AF2846A0E700000148406856
:1099500070470000FC0200200448002141600161C2
:10996000C16081600160416170470000C831012021
:10997000C0F30410072800D907207047A0F57F41E5
:10998000FF3905D0002804D0712803D208490AE025
:109990001F2070470749713880B2096829B1064A0B
:1099A0005268904201D2085C704700207047000066
:1099B000109B0408E0030020F403002010B51821D8
:1099C0000348FFF71DFD03490120087010BD00008A
:1099D0002C330120FC0300202DE9F04190460C4679
:1099E000050015D0F6F7F2FE0A4F06462146BA6882
:1099F000284690470446BA682819414690470146D0
:109A0000701A03E06218AA5C2A55641CA042F9D2BD
:109A1000BDE8F081100400202DE9F041094D904689
:109A20000E466A681C46074619469047306020B1CA
:109A300020686A68384400219047C8F80000BDE8F3
:109A4000F0810000100400202DE9F04F87B08A4615
:109A5000DDE910581F4693460446002105B12980D0
:109A60005CB12078002809D0BAF1000F05D000269B
:109A700018F0060F15D0002004E0002007B0BDE864
:109A8000F08F401C215C0A2904D00D2902D0002946
:109A9000F7D100E0401C002DF0D04FF0FF312980BD
:109AA000ECE75FEA887001D541F6FF778946084602
:109AB0008DF81410049127E00498CDF8189068B33D
:109AC0004FF0000C05AA06ABCDF80CC0CDF8008015
:109AD000CDE9013220443B465A46514619F0C6FCB6
:109AE00006997A1A314417B20EB288B1049901442A
:109AF000049120780A280BD00D2809D0605C0A2830
:109B00000FD00D280DD00846205C08B1002FD3DC03
:109B1000049848B105B12E800498AFE74FF0010CCE
:109B2000D0E7481C0490F3E7064A04A9204652688F
:109B30009047002DF0D001460022504610F098FBCF
:109B400006B2E8E7100400202DE9F04117468846E8
:109B500006001ED0002F1CD0F6F738FE044638460B
:109B6000F6F734FE050014D00B4A2C4441469268A7
:109B700030469047411903E0621BB25C3255641EC7
:109B8000A142F9D930442A463946BDE8F04113F0E4
:109B900061B9BDE8F08100001004002000230278C4
:109BA000232902D0012A0DD00FE02AB10021012A79
:109BB00004D0022A04D008E0012101E0017004E091
:109BC000017001E0202902D00123184670470221CC
:109BD000F6E72DE9F0410E46804602460021334665
:109BE0000846F6F73FFC04460027401C12F0D6FF5B
:109BF000050008D02F5533464246611CF6F732FC6B
:109C00002846BDE8F0810020FBE700002DE9F04781
:109C10001E4614460D468246DDF8209015E000BF32
:109C20004FEA540808FB0657394650464A469047C3
:109C3000002808DD44F30000C0EB540407EB0605E0
:109C4000A4F1010401E005DA4446002CE8D12046E5
:109C5000BDE8F0873846FBE710B502004FF0000082
:109C60000CD04B1E194200D0FEE70A44521E9A4304
:109C7000B2F5004F02D20C2A01D9104610BD0C20BB
:109C800010BD08444A1E401E9043114200D0FEE71A
:109C9000704700002DE9F0410F46012100250446E0
:109CA00041862E460BE01949F6F7C2FE10B16D1C35
:109CB000ADB202E0608E401C6086761CB6B257F8EA
:109CC000260010B101780029EDD1208EA8421AD0CB
:109CD000A06A002610B112F0EDFFA662E06A10B192
:109CE00012F0E8FFE662E80012F058FFA062680098
:109CF00012F054FFE062A16A01B100B900256900C9
:109D000013F0E6F82586BDE8F0810000F05F010859
:109D10002DE9F84F8146407A0F4600F007000228EF
:109D200019D010468046974200DD3A461646032079
:109D30002A4C2B4A00EB460020F00305A06811686E
:109D40001035411A636805EB010C9C4505D241684A
:109D500021F0004125E00846E4E79D4219D89246EB
:109D60004FF0FF3B48196168884210D900226946CC
:109D70001C48CDF800B00AF077FB002269461A486B
:109D80000AF072FBA168DAF80000091AEAE7A06895
:109D9000DDE7284612F002FF002816D0416841F0A6
:109DA000004188EA6702416089EA02010160416876
:109DB00001F04041491C31F0804141608681A0F8AA
:109DC0000E8004D500F110018160BDE8F88FA16814
:109DD00001F1100229448260A160F6E70803002027
:109DE000DC030020A1260108C944010800B591B098
:109DF00068460AF0E3FE0B485A21806900907820FB
:109E00000890CDE909014FF4FA700B9006480790CD
:109E1000064801900020039068460AF02DFF11B01B
:109E200000BD00007C000020F14B0108EF0D02088E
:109E300010B5084C012020700748FFF7C4FA00282D
:109E4000A06803D0BDE8104019F0D4B9BDE81040B7
:109E500019F0C4B9B00300205C33012010B50446EA
:109E600090F84200A16B820709D4B4F840204AB1AF
:109E7000A2F57F43FF3B1BD0521EA4F84020B4F84C
:109E80004020AAB909B1820712D521461448FFF72C
:109E900035FBFFF7CDFFE16809B12046884721690E
:109EA00009B1204688472046BDE8104012F002BFA5
:109EB000E26B52422263002911D0820702D4626B06
:109EC000524222634210521C62F3410084F8420065
:109ED000A26A206A2262A062E06AE162A06310BD09
:109EE0005C33012070B5304D686819F098F806466B
:109EF000687880F00100687047E00020287094F8CE
:109F000042006978C0F380028A4242D061F3820045
:109F100084F84200216B8A19030719D4002917DC41
:109F2000002A15DBC00709D1616939B1204688478D
:109F3000216A01442162A16A0844A062A16809B1B2
:109F40002046884794F8420040F0080084F8420018
:109F5000206B8019206316D4E16A884200DD2163FA
:109F6000E169204688470146606A884204D0616200
:109F700062680AB120689047D4E90B01814202DB94
:109F80002046FFF76BFF287818B10848FFF71BFA47
:109F900003E021460548FFF728FA0400ADD119F087
:109FA00044F8686070BD0000B00300205C330120FD
:109FB00000B591B068460AF001FE0B48C121406926
:109FC0000090F0200890CDE909014FF4FA700B9051
:109FD00006480790064801900648039068460AF034
:109FE0004BFE11B000BD00007C000020F14B0108C9
:109FF0001B0E0208ED9D000870B5044640680D4632
:10A0000008B1FFF7F9FF2268002A04D0294620464C
:10A01000BDE87040104770BD2DE9FF4F99B09846DC
:10A02000DDE926B12D9816468A464FF0000904282E
:10A0300011D0052811D0062812D0142870D101277C
:10A040000225002418FB06F00E901A98401E0D9071
:10A05000701E069051E10027F2E701270325F0E783
:10A0600001270225FFF772FC0068D0F83890E8E776
:10A07000289860430BEB2022299860430AEB2021AB
:10A0800010124FEA212E7DD41A9B98427ADABEF143
:10A09000000F77DBB64575DAD2B2CBB2802A05DA8B
:10A0A000C2F17F024FF0FF31520003E00121520064
:10A0B000A2F580720992802B05DAC3F17F034FF07D
:10A0C000FF325B0003E001225B00A3F580730A937B
:10A0D0000EFB080C199B0CFB0533079343181193D7
:10A0E00072D4DDF834C063456EDC1EEB02036BD422
:10A0F000DDF818C0634567DCDDF81CC011FB05C145
:10A10000CDE915C112FB08F101FB05C10C91D7B3D4
:10A110002D99052905D014290BD0062955D066E0C4
:10A12000EFE01598807807900C98817816988078E1
:10A1300010E0199A0E990EFB08FC02EB41010A1877
:10A140000EFB08111CF802000790119803FB08F39E
:10A15000085C995C079A91420AD00A9A11FB02F2B4
:10A160000A99C1F58073079911FB0321C1F30721F7
:10A17000079A90420DD0099A10FB02F20998C0F597
:10A18000807301E02FE035E0079810FB0320C0F357
:10A19000072008442C994008085527D015980178C5
:10A1A000407801EB0020ADF80C000C980178407865
:10A1B00001EB0020ADF8100016980178407801EB13
:10A1C0000020ADF8080023E04CE0159801881FFA44
:10A1D00089F0814207D00C990988814203D01699F1
:10A1E0000988814203D12C990020085583E0FF2182
:10A1F0000846CEE715980088ADF80C001698008840
:10A20000ADF808000888ADF810002C98FF21015522
:10A21000BDF80C00BDF81010884209D1BDF8081037
:10A22000884205D12B98BDF80C1000EB440017E0D4
:10A230000A98C2B2DDE903100CF0A0FC0490099862
:10A24000C2B2DDE902010CF099FC7F220290049970
:10A250000CF094FC00902B98BDF8001000EB44002B
:10A26000018048E0079B93F800C05B780CEB032368
:10A27000DDF8ACC09BB22CF81430DDF8B4C0BCF1F2
:10A28000050F06D0BCF1060F06D0BCF1140F09D1A2
:10A290000AE0079B9B780FE01FFA89FC634501D118
:10A2A000002309E0FF2307E0199B0EFB083C0E9BEF
:10A2B00000EB43031CF8033008B9002905DBDDF887
:10A2C00034C0604503D1002901DD09980AE0BEF1E0
:10A2D000000F01D1002A04DB06998E4508D1002A1F
:10A2E00006DD0A98C0F1FF0010FB03F0010A00E050
:10A2F00000212C980155641C24B22A988442FFF650
:10A30000B7AE1DB0BDE8F08F10B5818F92B0044696
:10A31000A9B168460AF052FC0B480121CDE9004082
:10A32000A08F0B9000200890CDE909010748079005
:10A330000748039068460AF09FFC12B010BD12B0A7
:10A34000BDE810401AF054BB694A0208494C0108A4
:10A350006B4A020810B50446406882080AD0496872
:10A3600021F00301091D08446060204600F042F816
:10A37000204610BDFEE74068103120F003008842FF
:10A3800001D301207047002070472DE9FC470546A6
:10A3900048680C4620F0030001AA694619F08AFDBE
:10A3A000DDE9007005EBC71101EB80098046D9F8A3
:10A3B000380060B164B1C4E9020504F10806C46064
:10A3C00030460421FFF75DFC864202D0FEE7FEE73F
:10A3D000FEE7C9F838400120296900FA07F2114365
:10A3E000296105EB870100FA08F04A6902434A61D6
:10A3F000BDE8FC8710B5044600F087F8046010BD86
:10A400002DE9FC4706464FF000000D00009007467E
:10A41000019042D00C46E9460DF10408802907D38B
:10A4200008461EF0C1FA411F01208840401E044426
:10A4300042464946204619F03DFD009C092C2CDA85
:10A4400006EB8400019A40694FF0FF3101FA02F2F5
:10A4500010400CD1641C3069A14008401DD01EF092
:10A460009BFA0446009006EB8000406978B11EF02C
:10A4700093FA034606EBC411019001EB8000876B51
:10A480005FB1786820F00300A84201D2FEE7FEE742
:10A4900039463046009A1BF051F93846BDE8FC8732
:10A4A00010B50446FFF7A6FF416841F00201416084
:10A4B000606840F00100606010BD10B5044600F017
:10A4C00024F8416821F002014160606820F0010039
:10A4D000606010BD70B506460D46084600F015F8E0
:10A4E000040010D02079C0070BD0686880080BD01A
:10A4F0002146304600F03CF821462846FFF72AFF67
:10A500000546284670BDFEE7FEE7426800F10801F7
:10A5100022F00300001F0844910800D1FEE77047B5
:10A5200070B506460C004FF000001ED0F2B1207945
:10A530001546C0071BD011462046FFF71CFF78B117
:10A540002946204600F025F805462046FFF752FF31
:10A550006868294640F0020068603046FFF715FF42
:10A560002046FFF7AAFF04F1080070BDFEE7FEE7F2
:10A570007CB5054648680C4620F0030001AA6946F0
:10A5800019F098FCDDE90023214628461BF0D6F897
:10A590007CBD2DE9F0410D46044600F10801281F5D
:10A5A0000E18606806F1080720F00300401BA0F1B8
:10A5B000040838460421FFF764FB874200D0FEE719
:10A5C000606820F0030108EB0500001D814200D007
:10A5D000FEE7307900F0030040EA0800706020F0E8
:10A5E00003000C2800D2FEE7207900F00300284386
:10A5F00060603046FFF754FF3046BDE8F08138B563
:10A60000044611F07FF9054611F0B1F90028204603
:10A6100005D0218FE18615F071F9012038BD0FF0CA
:10A6200029FB002820461ED00FF006FA218FE08E6D
:10A6300081420CD02087E08E00906A461C21204683
:10A640000FF002FD0128E9D1204615F057F9284600
:10A6500011F099F90428E0D1204613F0B5FD00214E
:10A6600010F098F9D9E70FF061FBD6E72DE9F04F2C
:10A670000D4687B00446002113F0DAFC60B329468A
:10A68000204600F061FA2946204600F06FF80021CC
:10A69000204614F0B7FB05900021204614F03CFC46
:10A6A00004900021204614F090FA012800D00020E8
:10A6B00080460021204614F064FD07460021204614
:10A6C00014F0F8FA42F2D17906464F450BD1608C6E
:10A6D000000508D4012707E007B02846BDE8F04F81
:10A6E0001C2112F0F5BB0027204613F01FFDDFF8F8
:10A6F00078A0834620460021BAF8042014F05AFCC2
:10A70000D5F810C0AB682968CDF800C0CDF80C8032
:10A71000CDE90131C2B239465846059B09F02CFA01
:10A7200028834E4504D1608C400501D4012600E009
:10A730000026204613F0E0FC074620460021BAF828
:10A74000082014F037FCC2B2686900246B68E9681D
:10A750008DE81B0031463846049B09F00DFA6883EA
:10A7600007B0BDE8F08F0000280300202DE9F34F6B
:10A7700081B00C46019808F0CDFC0646019813F014
:10A78000D5FC8246304600F0B3FF2061400012F055
:10A7900033FA20602069400012F02EFA002541F6BD
:10A7A0009A79A0603AE036F91510DFF82081494522
:10A7B00033D10027DFF818B11FE03946019813F0B4
:10A7C00037FC5946009014F0E1FDA8B9009808F054
:10A7D000B3FC012810D1009808F0A4FCA8420BD1CA
:10A7E000009814F09FFD4146404501DA084602E01A
:10A7F000009814F097FD80467F1C019813F02AFC06
:10A80000B842DAD8B8F1000F03DBA16821F815804F
:10A8100003E0A168002021F815006D1C2069A84202
:10A82000C1D800252F46284641F69B784B4615E0B7
:10A8300036F91010414504DB0D44A5F5F8559B3D54
:10A840000BE0994204D1A16831F81010394403E0BB
:10A85000A26822F8101039440FB2401C21698142CD
:10A86000E6D80021019814F0CDFA2169C1F1010266
:10A8700000FB02A0C01B00B2002800DA002000226A
:10A880004FF0FF331146C44611E000BF36F9117096
:10A8900067450BDBA7F5F8579B3F3AB210FB02F375
:10A8A000B3FBF5F3A76827F811300B46491C27695D
:10A8B0008F42EBD8002B07DBA91A4143B1FBF5F11E
:10A8C000401AA16821F81300BDE8FE8F01E0FFFFE8
:10A8D000010006002DE9F14F00221146009815F005
:10A8E0009DFF0021009814F0A3F904460021009870
:10A8F00014F01EFB20440FFA80F90021009814F098
:10A9000045FA20440FFA80F8009814F019F900EB8A
:10A91000090101EB0800DFF898A006B25446009840
:10A9200013F098FB074600252AE00098214980682B
:10A93000006850F82500834614F028FDF8B9584601
:10A9400015F034F840BB0021584614F01DF918B337
:10A95000012821D002281FD003281DD000215846ED
:10A9600014F027FC58B9BBF81A10BBF81600081AE7
:10A97000401C00B24844A04200DB044624B26D1CD7
:10A98000BD42D2D3544504D004EB080000B2B0421B
:10A9900000DC3046BDE8F88F0098BBF91A10B0F91A
:10A9A0001600081A411CA142E8DB0C46E6E700004D
:10A9B00001E0FFFF010004002DE9F84F002280466E
:10A9C000114615F015FF0021404614F031F90446F8
:10A9D0000021404614F064FA20440FFA80FA002166
:10A9E000404614F021FA20440FFA80F9404614F052
:10A9F000B5F800EB090101EB0A00DFF844B105B23C
:10AA00005C46404613F026FB07460021404614F002
:10AA1000CAF801284FF0000644D078E0D8F80800C2
:10AA20004849006850F82600009014F0AFFCC0BB05
:10AA3000009814F0BBFF50B10098B8F91810B0F9A5
:10AA40001400091A481CA0422ADB4C1C28E00021F3
:10AA5000009814F099F858B1032809D0062807D0B7
:10AA6000082805D00021009814F09DFB58B118E08B
:10AA70000098B8F91810B0F91400081A411CA14246
:10AA80000EDB0C460CE00098143000900AF00CFE2F
:10AA90005044A04204DB00980AF006FE00EB0A04D2
:10AAA00024B2761CBE42B9D35C453BD004EB09000E
:10AAB00033E000BFD8F808002249006850F82600AB
:10AAC000009014F063FC08BB009814F06FFF60BBAB
:10AAD0000021009814F058F838B3012825D0042834
:10AAE00023D0072821D00021009814F062FB68B918
:10AAF0000098143000900AF0D7FD4844A04204DBCF
:10AB000000980AF0D1FD00EB090424B2761CBE4285
:10AB1000D0D35C4506D004EB0A0000B2584501D002
:10AB2000A84200DC2846BDE8F88F0098B0F918105C
:10AB3000B8F91400091A481CA042E6DB4C1CE4E7F3
:10AB400001E0FFFF010004002DE9F84F0C468346A9
:10AB500008F052FE064600F0CBFD6061400012F0A6
:10AB60004BF860606069400012F046F8002541F63D
:10AB70009A79E0603AE036F91500DFF82881484517
:10AB800033D10027DFF820A11FE03946584613F0E3
:10AB90004FFA5146009014F0F9FBA8B9009808F05C
:10ABA000B7FE012810D1009808F0A8FEA8420BD1EA
:10ABB000009813F00EFB4146404501DA084602E0DA
:10ABC000009813F006FB80467F1C584613F042FAAB
:10ABD000B842DAD8B8F1000F03DBE16821F815803C
:10ABE00003E0E168002021F815006D1C6069A842AF
:10ABF000C1D800252F46284641F69B784B4615E0E4
:10AC000036F91010414504DB0D44A5F5F8559B3D80
:10AC10000BE0994204D1E16831F81010394403E0A7
:10AC2000E26822F8101039440FB2401C6169814279
:10AC3000E6D80021584614F06FF98146584613F0C3
:10AC40005BFA01466069C0F1010209FB0210C01BFA
:10AC500000B2002800DA002000224FF0FF33114636
:10AC6000C44610E036F9117067450BDBA7F5F857BD
:10AC70009B3F3AB210FB02F3B3FBF5F3E76827F80A
:10AC800011300B46491C67698F42EBD8002B07DB5C
:10AC9000A91A4143B1FBF5F1401AE16821F813000C
:10ACA000BDE8F88F01E0FFFF010006001CB50B882E
:10ACB00004892344ADF800304B8844892344ADF81F
:10ACC00002308B8804892344ADF80430C988438955
:10ACD0001944ADF806104369694698471CBD000049
:10ACE0002DE9FF4F89B0C8781A9CC0070D4600288F
:10ACF00001D0F84800E0F848069001D0F74800E09D
:10AD0000F748049001D1F54800E0F5484FF01003F2
:10AD10004FF00C0E4FF0080BCDF814006188A2889C
:10AD20004FF0000AA1EB0201504609B25246D4F896
:10AD300010C00FE002EB8207E66803EB870816F805
:10AD400008805FEAC87809D00BEB8707F65B891BA0
:10AD500009B2521C9445EDD8002254E00EEB87074F
:10AD6000F65B304400B2F4E7E66802EB820703EBDF
:10AD7000870CB146CDF820C016F80C60F60741D11B
:10AD8000002872D091FBF0F80EEB8706079639F891
:10AD9000066006FB08F60FFA86FCCDF800C04FF0FF
:10ADA000060C0CEB870C042639F90C8006EB8706A1
:10ADB000DDF800C039F90660E04500DCC4466645B0
:10ADC00004DC009EC446B04500DC6646DDF800C0E9
:10ADD0000196664506D0DDF820C04FF00108C24656
:10ADE00049F80C80D4F80C80019E0BEB870728F8FB
:10ADF0000760D4F80CC0079F3CF80770C01B891B84
:10AE000000B209B2521C26699642ADD8BAF1000FC1
:10AE100084D10021099813F0D2FE012826D0002702
:10AE20000020ADF80800ADF80C0003A902A8CDE998
:10AE300000012089B4F9022003B22878189919F08A
:10AE40001AF9E878384207D0099813F06FF9BDF87D
:10AE500008100844ADF808000B99099813F0E8F8B9
:10AE600006464FF4FA682AE1FFE7FEE70127D7E735
:10AE70009C49304614F08AFA00286FD100213046F0
:10AE800013F002FFF0B34FF00009484621690FE0CC
:10AE9000E26800EB800352F82320B24207D1E16858
:10AEA00000EB80020BEB820031F9009002E0401CC5
:10AEB0008142EDD8E878C007708C04D020F480601F
:10AEC00040F4006003E020F4006040F4806070848F
:10AED00006F11400049982468847484528D0304638
:10AEE00014F00CFDB08AADF80000F08AADF8020055
:10AEF000308BADF80400708BADF806004946504623
:10AF0000069A00E010E090476A46292130460FF08B
:10AF10009BF8304613F09EF9324622210FF094F848
:10AF2000304614F0EBFC03E0708C20F44060708439
:10AF3000002000906878012811D0022817D10599C7
:10AF400006F114008847B4F90010491C21F00101F2
:10AF5000081A00EBD07040F34F0007E0A7E0059916
:10AF600006F1140088472188081A00B20090E8789A
:10AF7000384208D0049906F114008847BDF808103B
:10AF8000081AADF80800304600216B2214F012F8C0
:10AF90000FFA80F9304600216C2214F00BF80FFAFA
:10AFA00080FA304614F0BEF90190304613F011F9E2
:10AFB0000146C9F3413001280FD129F4C040404572
:10AFC0000BDCB0F57A7F01DDC0F57A70019A504351
:10AFD000642290FBF2F00FFA80F9CAF341300128A5
:10AFE0000ED12AF4C04040450ADCB0F57A7F01DD7D
:10AFF000C0F57A704843642190FBF1F00FFA80FAB3
:10B00000B18A1698F28A411A01EB0900179900B229
:10B010008A1A02EB0A01EA7809B2D207002A02D0A2
:10B02000BDF9082000E0009A10440FFA80FA01D020
:10B03000009801E0BDF9080008440FFA80F95AEAC7
:10B0400009011BD0304614F059FCB18A01EB0A000B
:10B05000B082318B01EB0A003083F18A01EB0900E9
:10B06000F082718B01EB09007083304614F046FCCE
:10B0700000234A465146304614F0E6FCE878384250
:10B080000CD1049906F11400884719990844BDF8B9
:10B090000C100844BDF80810084406E0BDF80C1078
:10B0A00019980844BDF80810081AADF80800E878A7
:10B0B0000BAAC0F38001099808F064FA0646002E36
:10B0C00004D0DDE90B0188427FF4D2AE0DB0BDE8BB
:10B0D000F08F00003157010827570108CD560108AD
:10B0E00075560108010006002DE9F04F91B00E00E1
:10B0F00005463DD02E83286808B111F0DBFD06EB34
:10B100004600062101EB400011F048FD022101EB51
:10B1100046010144E960042101EB860128600144F5
:10B12000C5E9010101210024012E19D0F0000830E9
:10B1300011F062FD814600EB860000F10408B000CA
:10B1400000B2A346ADF81000C0F101028010ADF8C6
:10B1500012B00FFA82FA5C46CDF828B00690B4E03F
:10B16000B4220270E8680480E8684180A86804801E
:10B1700011B0BDE8F08F0027BDF81220BAF1000F22
:10B1800007DC032101EB42010AEB01000FFA80FA10
:10B190000CE0BDF81010531A052202EB430202EB3B
:10B1A0000A00491E0FFA80FAADF81010BDF812001F
:10B1B000401CADF8120004A800F0F3F868B1BDF926
:10B1C000100006AA811042F827100AA900F0030017
:10B1D00041F827007F1C042FCEDB042F7BD1099977
:10B1E0000698884212D129F8140028F814B0DDE935
:10B1F0000A014218DDE90C0108441118686801557C
:10B20000686809010155641C24B25CE00799884212
:10B210001DD029F8140028F814B06A680A9810554F
:10B220006A6800011055641C069B20B25B1E29F859
:10B23000103028F810B0DDE90B120A440D99091DF1
:10B240000A4469680A54696812010A5439E0089985
:10B25000884219D029F8140028F814B0DDE90A0250
:10B2600010446A6810556A6800011055641C069AFB
:10B2700020B2521E29F8102028F810B0DDE90C1277
:10B28000114408316A6818E029F8140028F814B04D
:10B29000DDE90A0210440C9A10446A6810556A6885
:10B2A00000011055641C069A20B2521E29F8102085
:10B2B00028F810B00D996A680C3111546A680901B8
:10B2C0001154401C04B20BF1010B04A800F069F802
:10B2D00000287FF450AF40F2D32016FB00F109EBB9
:10B2E0004402881232F9022C824205D108EB440252
:10B2F00032F9022C82421AD0A1EB8021B1F5007FF5
:10B3000003DC494341F3CF3106E0C1F58061494395
:10B3100041F3CF31C1F10F0129F8140028F81400CE
:10B3200068680155686809010155641C24B2A01EB3
:10B330000EE000BF38F8102029F8142039F810204A
:10B3400028F8142069680A5C0A55641C24B2401E5F
:10B350000028EFDAEB680021084619801BE0EA6854
:10B3600022F81100AB6839F8102023F811200AE008
:10B37000AE6839F9102036F81130934200DA1A46D7
:10B3800026F81120401C38F910208A4201D1A04231
:10B39000EEDB491C09B2A042E1DB484611F078FC23
:10B3A000E6E6B0F90210B0F90000814201DC0120AC
:10B3B00070470020704717B581B0022A03D8BDF846
:10B3C000080004B010BDBDF80830BDF80400C3F398
:10B3D000C401C0F3C40421441F2900D31F2161F319
:10B3E000C7005907890E01EB533100F0070401EB48
:10B3F000C40101EB5031ADF804003F2900D33F21D7
:10B40000CC0864F3020061F34F30C3F30421C0F3AE
:10B4100004231944ADF804001F2900D31F2161F350
:10B420000C20ADF80400FF2A07D0DDE901010BF084
:10B430007FFB0090BDF80000C3E780B2C1E717B5FD
:10B4400081B0022A03D8BDF8080004B010BDBDF8D1
:10B450000400BDF80810C0F3C403C1F3C40413FB17
:10B4600004F35B0963F3C700C0F30423C1F30424AE
:10B4700013FB04F35B0963F30C2043079B0E4C079B
:10B48000A40E03EB503304EB513113FB01F35B0AC1
:10B4900063F3020043079B0E03EB503313FB01F1F0
:10B4A000890961F34F30ADF80400FF2A07D0DDE9C8
:10B4B00001010BF03DFB0090BDF80000C5E780B234
:10B4C000C3E717B581B0022A03D8BDF8080004B05D
:10B4D00010BDBDF80830BDF80400C3F3C401C0F3CB
:10B4E000C404091B002900DC002161F3C7005907CF
:10B4F000890E01EB533100F0070401EBC40101EBAD
:10B500005031ADF80400002900DC0021CC0864F3C0
:10B51000020061F34F30C3F30421C0F30423C91ABE
:10B52000ADF80400002900DC002161F30C20ADF827
:10B530000400FF2A07D0DDE901010BF0F9FA0090C1
:10B54000BDF80000C3E780B2C1E72DE9FF4F89B025
:10B550000446169EDDE919577000DDF86090DDF8AD
:10B5600028A00FFA80FBB9F1040F22D0B9F1060F21
:10B570001FD0B9F1050F5CD0B9F1140F56D1B4F951
:10B580000000B4F90210CDF80CB006FB01030AEB81
:10B5900043020092E2884FF00008511A491C0FFA4A
:10B5A00081F9A188081A401C0FFA80FA4FEA4A0B69
:10B5B00081E020460AF06AF801460390384611F00F
:10B5C000B5FCB4F90000B4F90280A18806FB0802BA
:10B5D000081A401C00B2069040000AEB420A2E46B0
:10B5E00002900CE051463046029A11F09FFB0698FB
:10B5F00008F10108DA4406EB40060FFA88F8B4F9BE
:10B6000006004045EEDAB9F1060F0FD100224EF2E6
:10B610000700ADF80000114605E035F8113083420F
:10B6200000D17A54491C039B9942F6D30DB0BDE872
:10B63000F08FB4F90010B4F9023006FB031000EBF0
:10B64000400202EB0A00A288511A491C0AB2B11A40
:10B6500001EB41010EB2E188C91A491C0CB200236A
:10B6600017E000210DE090F802C007F801C010F8C3
:10B6700001CB10F8028B0CEB082C25F811C0491CEB
:10B6800009B29142EFDB5B1C05EB420517443044E5
:10B690001BB2A342E5DBC9E75A462846009911F0E0
:10B6A00045FB0099039805EB4A050844009008F112
:10B6B00001000FFA80F8C845EEDBDDE90A014A0017
:10B6C0000C9902FB0100B4F90010B4F9022006FB4A
:10B6D00002110D18002408E052462946384611F0A0
:10B6E00025FB641C5744354424B24C45F4DB9DE7EC
:10B6F0000146002041F6FF7200E0401C31F9103095
:10B700009342FAD1704700002DE9F043A3B0002026
:10B7100012F0FCF8FE4C4FF4A075F0222946606050
:10B7200015F06FF90021606815F057F900221146F5
:10B73000606815F069FA606812F0E8F800220646C1
:10B74000114615F03FF9F0222946304615F059F917
:10B750000021304615F041F900221146304615F01F
:10B760006EFA00221146304615F0CDFA0022FF2174
:10B77000304615F049FA00200BF005F90146002289
:10B78000304615F026FA00221146304615F02DFA03
:10B7900000221146304615F0B1FA0022114630461B
:10B7A00015F09DFA00221146304615F09DFA002250
:10B7B0001146304615F09DFA00221146304615F02C
:10B7C000C7FA60680AF0BCF9E06010F0C5F90746F6
:10B7D000D0A111F047F80021384611F007F80023F6
:10B7E0001A460921384611F0BDFC00221146E068D6
:10B7F00015F05EFA42F264063146384615F0E1FA79
:10B8000016223321E06815F0DDF81E220C21E068D5
:10B8100015F0F7F80022FF21E06815F0F5F9BE4FAA
:10B8200038460BF0B0F801460022E06815F0D1F977
:10B8300000221146E06815F0D8F900221146E068B0
:10B8400015F0FDF900220521E06815F05CFA0022F0
:10B850001146E06815F07CFA6FF07F4840460BF027
:10B8600092F801460022E06815F07CFA0022FF21E0
:10B87000E06815F092FA00220221E06815F06DFAF6
:10B88000606810F069F9A5A1606110F0EBFF00217C
:10B89000606910F0ABFFF0223621606915F092F874
:10B8A00020228021606915F0ACF800221146606901
:10B8B00015F0C5F900221146606915F024FA3846E2
:10B8C0000BF061F801460022606915F04BFA002286
:10B8D0009449606915F052FA0022FF21606915F061
:10B8E0005CFA00221146606915F04DFA00221146FB
:10B8F000606915F04DFA00220221606915F02DFAF9
:10B9000000221146606915F07FF900221146606936
:10B9100015F0F4F900221146606915F0EAF90022E9
:10B920001146606915F0DBF900221146606915F0D7
:10B93000DBF900221146606915F00AFA60680FF021
:10B9400019F90221A06111F06BFB7749A0690FF092
:10B9500021FF32221146A0690FF0A4FE0021A06948
:10B960000FF020FE22227821A06915F02BF89622F4
:10B97000C421A06915F045F800221146A06915F010
:10B9800072F90022FF21A06915F068F90022114622
:10B99000A06915F0B8F900220121A06915F054F949
:10B9A000606810F0D9F8814660A110F05BFF0021BB
:10B9B000484610F01BFFC122AD21484615F002F8A1
:10B9C00020228021484615F01CF8002211464846E6
:10B9D00015F035F900221146484615F094F9404615
:10B9E0000AF0D1FF01460022484615F0BBF90022BB
:10B9F0004C49484615F0C2F90022FF21484615F08F
:10BA0000CCF900221146484615F0BDF90022114636
:10BA1000484615F0BDF900220221484615F09DF96F
:10BA200000221146484615F0EFF80022114648461C
:10BA300015F064F900221146484615F05AF9002223
:10BA40001146484615F04BF900221146484615F0BC
:10BA50004BF900221146484615F07AF960680AF061
:10BA60006FF8206110F078F881462AA110F0FAFEF4
:10BA70000021484610F0BAFE00231A460921484624
:10BA800011F070FB00221146206915F011F93146C2
:10BA9000484615F096F90A2240F20511206914F083
:10BAA00091FF0C221E21206914F0ABFF0022FF2120
:10BAB000206915F0A9F838460AF065FF0146002212
:10BAC000206915F086F800221146206915F08DF8DE
:10BAD00000221146206915F0B2F8002205212069E4
:10BAE00015F011F900221146206915F031F9404690
:10BAF0000AF049FF01460022206915F033F90022BF
:10BB0000FF21206915F049F900220221206911E086
:10BB10007C0000200000000012A4FF004820544FC9
:10BB20004F4C00009C060308CC98040856312E3078
:10BB30000000000015F011F911A809F03FF8E068C5
:10BB400011906FF01D001AAA96214FF4FA76199001
:10BB500082E84300174818901748129011A809F07E
:10BB60008BF8684609F02AF8206900903E200B9671
:10BB70000895CDE909500F480790104801901048EA
:10BB80000390684609F078F8606815F091F96068EC
:10BB90000BF054FA0B4901208862002015F06AFB73
:10BBA000002240F6B831084817F042FAA06023B0EE
:10BBB000BDE8F083F14B01081B0E0208EF0D0208EF
:10BBC000B19F000800040048357602081CB5044601
:10BBD00090F8540000F0010088422DD094F85400F1
:10BBE00011B140F0010001E020F0010084F85400A0
:10BBF00004F14801684609F02EFD606ABDF80010A6
:10BC0000828A1144ADF80010BDF80210C08A0844C1
:10BC1000ADF80200606ABDF80410808A0844ADF8EF
:10BC20000400606ABDF80610C08A0844ADF806003A
:10BC30006946204613F085FE1CBD08B5084611462E
:10BC40000AF05AFE0090BDF8000008BD2DE9F04F43
:10BC50000646C87A89B014460D46022831D91846DE
:10BC60002A69A968FDF78EFA071E6BD0387D00F0AF
:10BC70001F000EF047FF4FF4807808B1062011E056
:10BC8000387D00F01F000E2806D014280AD00EF0D0
:10BC900029FF30B1052005E028884FF00E0930B9A2
:10BCA00002E00420814606E06888404503D0002079
:10BCB0004FF00509B8613A6A22B1214630461BF0BF
:10BCC00092FCB7E0B869E0B3214602A809F07BFC1A
:10BCD000B5F9003013B96888404529D0A08821887B
:10BCE0006288401A401C01B2E08805F1040C801AF9
:10BCF000401C02B26888CDE9000C02A8FDF78CF95F
:10BD0000BDF8080021880844ADF80800BDF80A0015
:10BD100061880844ADF80A00BDF80C002188084489
:10BD2000ADF80C00BDF80E0061880844ADF80E00B7
:10BD300002AA04A8B168FCF788FE00287AD004A8FB
:10BD400001E00EE051E0D6F80880B060CDF8009038
:10BD5000224629463046BB690BF0AEFBC6F8088088
:10BD600068E0224604A8B168FCF76FFEF0B3BDF8A6
:10BD70001400BDF81010401A401C0FFA80FB0BEBAA
:10BD80004B0010F039FF039004A901A8D6F808A0D1
:10BD900009F019FC012101A809F0C5FCBDF910004A
:10BDA000B4F90010BDF91280401A0690B4F90200EF
:10BDB000A8EB000435E001AA514607A8FCF745FEB0
:10BDC00068B30398009006985B4601B222B23846E9
:10BDD0000FF0A6FA01280DD038460FF0F4F90398B9
:10BDE00010F056FF0020C6F808A000E022E009B0DD
:10BDF000BDE8F08F07A8B060CDF8009001AA2946F1
:10BE00003046039B0BF058FBBDF80600401CADF814
:10BE10000600BDF80A00401CADF80A00641C08F1D9
:10BE20000108BDF916004045C5DAC6F808A0039818
:10BE300010F02EFF0120D8E770B5074C054660686A
:10BE400018B111F09BFD0020606008F095FE2846B7
:10BE5000BDE8704017F00EB97C00002070B50C46AC
:10BE6000264915460A78EAB3C1E90104E388A288A5
:10BE700061882088FAF7F4FAB4F90400B4F90010E4
:10BE8000B4F90220401AB4F90610401C891A491C62
:10BE9000484342001B481A498378CB58847823F0E2
:10BEA00001030B518378CB5813F0010FFAD1144CD6
:10BEB00083780C341D51124B84781B1DE4586FF3AA
:10BEC0000F0414438278D4504FF0904210239362B1
:10BED000082393619A014A600B4A536843F00203B6
:10BEE000536000E006E082788A58807842F00102D0
:10BEF0000A5070BDBDE870400BF018B8C4020020B5
:10BF000000000240A8AE0208003001400FB44FF418
:10BF1000007110B5ADF5007D83AB6846829AF4F7E9
:10BF2000A1FA00246846F4F751FCB0F5FF7F09D26E
:10BF30000D220DF80020401C0A220DF80020401CA4
:10BF40000DF8004082B269460348FAF7ADFD0DF5E1
:10BF5000007D10BC5DF814FB004800402DE9F74F50
:10BF6000C878A0B00C4602287DD9114601A809F076
:10BF700045FBB4F92000012829DD94F82200FD28B2
:10BF800025D3208818B394F82300BDF80410400886
:10BF9000C0F380021144ADF80410BDF80610C0F3E0
:10BFA00040000844ADF8060094F82310BDF80800DE
:10BFB0004908C1F3C001401AADF8080094F82310F5
:10BFC000BDF80A00C1F34001401AADF80A002098FC
:10BFD00001A9826805A8FCF738FD002843D0E07B62
:10BFE00010F0070619D0E088ADF80000BDF8000099
:10BFF0006189884200D1002601A80BF0B1FF0746F5
:10C000001C210EA8F4F7EDFCA0788DF85100BDF8C6
:10C010000000ADF840001FB105E060680090E5E762
:10C02000208800B9EEB3E078FD2800D3FF208346D6
:10C03000BDF80800BDF80410401A401C0FFA80FA41
:10C04000BDF80A00BDF80610401A401C01B289462E
:10C050005046CA4500DB0846B4F90050B5EB600F06
:10C0600000DB451000E043E0BDF81810BDF81400F7
:10C07000081A401C0FFA80F84FF0FF301D90002086
:10C080000790002D00DC87B1404610F0B5FD079009
:10C0900000232A4601A916A80CF0CEF9002116A803
:10C0A00000E01CE00BF07CFD1D90BDF81400ADF825
:10C0B0000C00BDF81800ADF810000798119003A807
:10C0C0000E901390FF208DF850004A465146A01D57
:10C0D0000EF0EEFA040018D0022E0CD015E001A8E4
:10C0E0000E90E0788DF850000EA920980CF068FCB6
:10C0F00023B0BDE8F08FBDF91410A06800EB41003B
:10C10000BDF90410A0EB41000F90002F7DD0BDF9C8
:10C11000165027E02FB2ADF80E70ADF812704246FF
:10C120005946079810F0A2FEBDF9141043463A464E
:10C1300007980BF0D7FE8DF84800012802D10220A5
:10C140008DF84800012E08D1BDF90610A068691AC3
:10C1500000EB41000088ADF840000EA920980CF0DB
:10C160002FFC6D1CBDF91A00A842D3DAB7E000BF5E
:10C17000BDF80600BDF9161038440FFA80F9BDF875
:10C180000A00C01B0FFA80FA494503DDBDF91A10F9
:10C19000514544DB42465946079810F067FEBDF909
:10C1A0000C1043464A4607980BF09CFE8DF8480059
:10C1B000012802D102208DF84800BDF9161049452A
:10C1C00013DCADF80E90ADF81290012E09D1BDF937
:10C1D0000620A168A9EB020001EB40000088ADF841
:10C1E00040000EA920980CF0EBFBBDF91A10514548
:10C1F00015DBADF80EA0ADF812A0012E0BD1BDF9E4
:10C200000600A268AAEB000000E009E002EB400093
:10C210000088ADF840000EA920980CF0D1FB7F1CDF
:10C22000AF42A5DBBDF80400ADF87800BDF808000A
:10C23000ADF87C00BDF806002844ADF87A00BDF8E2
:10C240000A00401BADF87E001EA80BF089FE0746D1
:10C2500030430CD001208DF84800BDF90A008DF85C
:10C2600050B0A0EB0509BDF90600054435E0BDF866
:10C2700006008DF850B02844ADF80E00BDF80A0055
:10C280000EA9401BADF812000020119020980CF070
:10C2900097FB24E06FB142465946079810F0E6FD3F
:10C2A000BDF9141043462AB207980BF01BFE8DF817
:10C2B0004800ADF80E50ADF81250012E08D1BDF96E
:10C2C0000600A168281A01EB40000088ADF8400084
:10C2D0000EA920980CF074FB6D1C4D45DADD079813
:10C2E00008B110F0D5FC1D98401C05D01D980CF02D
:10C2F0004DF916A80BF018FE002C3FF4F9AE2046BD
:10C300000EF0CFF9F4E62DE9F0410646086992B047
:10C3100015460C4600287DD0A07E02287AD92946F1
:10C320000EA8B268FCF791FB002873D00EA8D6F8CF
:10C330000880B06020690FF0D3FA022806D0694661
:10C3400020690EF063FF012849D0C9E0002741F6BB
:10C35000FF70CDE900700297D4E904123B4610A8A3
:10C3600017F01EF9284609F0ABF901462A88BDF9F5
:10C37000400001EBD17102EB610100EBD072A1EB47
:10C3800062010844401EADF81000ADF80C102846BC
:10C3900009F06AF901466A88BDF9420001EBD171E2
:10C3A00002EB610100EBD072A1EB62010844401E78
:10C3B000ADF81200ADF80E1005A80BF03FFB606958
:10C3C0000590208BADF82000A07E8DF82E00009700
:10C3D00003AA05A9304623690BF090F880E005A870
:10C3E0000BF072F8A0788DF82000208BADF81C00BF
:10C3F000E07E8DF81E00A07E8DF81F00207F4FF09C
:10C40000FF3740B100996888ADF8060007EB51513D
:10C4100008445DE066E0284609F052F9298800EBFF
:10C42000D07001EB60000099C1F38A21A0EB5100AC
:10C43000ADF80400284609F017F9698800EBD070C0
:10C4400001EB60010098A1EB9051C0F38A22ADF896
:10C450000610BDF80430521E1A4407EB5050ADF8D8
:10C4600008200844ADF80A0001AA05A9304623694E
:10C470000AF0F6FF34E000992888C1F38A21ADF86C
:10C480000400491E084410E001AA05A930462369AA
:10C490000AF0E6FF0098BDF80410C0F38A200144BA
:10C4A000ADF80410BDF808100844ADF80800BDF957
:10C4B0000400B5F904108842E6DDBDF806100098C6
:10C4C00001EB5051ADF80610BDF80A1001EB5050C9
:10C4D000ADF80A00BDF90600B5F906108842CADDBC
:10C4E000C6F8088012B0BDE8F081F0B5074691F8B3
:10C4F000220087B016460C4602286BD9208C0028F3
:10C5000068D094F8230010F03E0F63D0C00761D1CB
:10C51000B08831887288401A401C01B2F088B4F9A2
:10C520000050801A401C00B2814200DA0846B5EB88
:10C53000600F00DD4510314604A809F05FF894F85B
:10C540002300BDF91020C0F344014807B4F92000CE
:10C5500001D4284440421044ADF810000807BDF94A
:10C560001420B4F9200001D428444042101AADF838
:10C57000140094F82300BDF9121040088007B4F9A4
:10C58000200001D4284440420844ADF8120094F839
:10C590002300BDF916104008C007B4F9200001D1EE
:10C5A00028444042081AADF81600208C281A00B220
:10C5B000002800DA0020A27894F82210CDE90212B7
:10C5C000E18BADF8041000902B4604AA31463846A2
:10C5D00000F002F807B0F0BD2DE9FF4FA9B01D46ED
:10C5E000DDE93879DDF8D88016460C46FF2F00D3F8
:10C5F000FF2708460BF0B4FC2690284350EA0800B9
:10C6000074D029982146826808A8FCF71EFA0028F1
:10C6100073D0BDF82400BDF82010401A401C00B2B1
:10C6200004901C210AA810F053FC049810F0E4FABE
:10C630000D904FF0FF302490002D0ADD00232A4694
:10C64000214615A80BF0F8FE002115A80BF0A8FA5A
:10C6500024900123424631461BA80BF0EDFE002139
:10C660001BA80BF09DFA259001A80A900F90BDF829
:10C67000DC008DF84070ADF830008DF84190B4F9D1
:10C6800000002290B6F900304119994200DC1946A9
:10C69000B4F904000FFA81F92190B6F90410421B95
:10C6A0008A4200DB0A460FFA82F8B4F902E0B6F9D2
:10C6B00002200EEB05009246504500DC1046B4F90E
:10C6C00006B007B2B6F90620ABEB0500904200DBDE
:10C6D000104600B20590A8EB0900401C00B227905C
:10C6E000D6450DDC01200CE000E006E00097324664
:10C6F0002146379B299800F0B8F92DB0BDE8F08F9E
:10C7000000208246934501DB012000E000208346A3
:10C710002698D8B3BDF82000ADF80400BDF8240079
:10C72000ADF80800BDF9224022E000BFBAF1000FC9
:10C7300001D1A7421BDCBBF1000F02D10598A0423A
:10C740001ADB25B2ADF80650ADF80A5004990D98E1
:10C7500010F0ECFBBDF920102A46049B0D980BF05D
:10C76000C1FB8DF838000AA929980CF029F9641C3E
:10C77000BDF92600A042D9DA1BA80BF0D5FB2598FD
:10C780000BF004FF2498401C07D000E009E015A836
:10C790000BF0CAFB24980BF0F9FE0D9810F078FA14
:10C7A000ABE72298984201DC012000E000201390C2
:10C7B0002198884201DB012100E000210120009046
:10C7C00013981291084000EA0A0010EA0B0F04D0F7
:10C7D0002798322801DA00200090012000998DF876
:10C7E00038001AEA010F0ED0ADF80490ADF80880B9
:10C7F0006088ADF8060070880AA9401EADF80A00EE
:10C8000029980CF0DDF800991BEA010F0ED0ADF865
:10C810000490ADF80880F0880AA9401CADF8060025
:10C82000E088ADF80A0029980CF0CAF8139878B19E
:10C830002088ADF804003088ADF80670401EADF8D1
:10C8400008000598ADF80A000AA929980CF0B8F874
:10C85000129878B1B0880AA9401CADF80400A088ED
:10C86000ADF808000598ADF80670ADF80A002998F3
:10C870000CF0A6F80098C0B1BDF92400BDF9201055
:10C88000A9F10102ADF80410904200DB1046ADF8AA
:10C890000800401A401C05B2002D70DD139850EAC4
:10C8A0000A0066D0BDF9224061E0BDF82000ADF875
:10C8B0000400BDF82400ADF80800B6F90200B4F990
:10C8C0000210401AA84200DB05460FFA85F8002541
:10C8D00033E06088284406B2E088401B07B2BDF907
:10C8E0002200B04203DDBDF92600B84224DB0499E2
:10C8F0000D9810F01BFBBDF904103246049B0D98F7
:10C900000BF0F0FA8DF83800BDF92200B04207DCD8
:10C91000ADF80660ADF80A600AA929980CF050F845
:10C92000BDF92600B84207DBADF80670ADF80A7015
:10C930000AA929980CF044F86D1C4545C9DB8DE027
:10C9400026B2ADF80660ADF80A6029460D9810F0E1
:10C95000EDFABDF904102B4632460D980BF0C2FAE1
:10C960008DF838000AA929980CF02AF8641CA7420F
:10C97000E6DC139850EA0B001DD0059C16E01AE087
:10C9800026B2ADF80660ADF80A6029460D9810F0A1
:10C99000CDFABDF904102B4632460D980BF0A2FAE1
:10C9A0008DF838000AA929980CF00AF8BDF926007C
:10C9B000641CA042E4DABDF9200008F101018842BC
:10C9C00000DC0846BDF82410ADF80400081A401C2D
:10C9D00005B2ADF80810002D40DD129850EA0A00AB
:10C9E0001BD0BDF9224016E026B2ADF80660ADF8C6
:10C9F0000A6029460D9810F099FABDF904102B46EB
:10CA000032460D980BF06EFA8DF838000AA9299875
:10CA10000BF0D6FF641CA742E6DC129850EA0B002C
:10CA20001CD0059C15E026B2ADF80660ADF80A6092
:10CA300029460D9810F07AFABDF904102B463246BB
:10CA40000D980BF04FFA8DF838000AA929980BF0D1
:10CA5000B7FFBDF92600641CA042E4DA1BA80BF066
:10CA600063FA25980BF092FD8FE62DE9FF478EB013
:10CA70000C46824615461C2102A81A9E10F028FA80
:10CA8000CDF808D0BDF84400ADF810008DF8206056
:10CA9000B4F90200B5F90210884201DC012700E078
:10CAA0000027B4F90600B5F90610884201DB01261B
:10CAB00000E00026B4F90000B5F90010884201DC5E
:10CAC000012100E000218946B4F90410B5F90420E1
:10CAD000914201DB012100E00021ADF80000A088B7
:10CAE000ADF804006088ADF8020068888846401EF2
:10CAF000ADF806001FB102A950460BF061FFE888AF
:10CB0000401CADF80200E088ADF806001EB102A995
:10CB100050460BF055FF2088ADF800002888401ED5
:10CB2000ADF8040017B1B5F9020001E0B4F9020054
:10CB3000ADF8020016B1B5F9060001E0B4F906003F
:10CB4000ADF80600B9F1000F03D002A950460BF072
:10CB500037FFA888401CADF80000A088ADF804009D
:10CB6000B8F1000F03D002A950460BF029FF12B014
:10CB7000BDE8F0872DE9F04F8B46A2F57F4195B0D7
:10CB800091460646FF3944D0746A208C804698420C
:10CB900004D02384608C40F0080060844FF4802A25
:10CBA0005146204612F090FA07465146204612F0B0
:10CBB000A6FA0546B7F90870304606F03BFCB0F916
:10CBC00016107A1909FB021105EBD570A1EB600074
:10CBD000ADF8060038446D1E2844ADF80A00706AAE
:10CBE000818AADF80410008BADF8080006A80BF0A0
:10CBF000F1FC06AA5146204612F024FD01AA06A91E
:10CC000058460BF0D3FCA4F82080608C20F008007C
:10CC1000608415B0BDE8F08F2DE9F0430E46A2F513
:10CC20007F4191B090460546FF3956D06C6A278CFB
:10CC30009F4204D02384608C40F00800608406A8E2
:10CC40000AF0FCFE4FF4802906AA4946204612F05D
:10CC50004BFC4946204612F052FAADF82A0028460D
:10CC600006F0E8FB050038D00698B5F91620B0F9B3
:10CC70000810BDF92A0000EB010C08FB0C2200EBA8
:10CC8000D073A2EB63021044491EADF80A20084499
:10CC9000ADF80E00A08AADF80800208BADF80C00AE
:10CCA00002AA0EA8B168FBF7D0FE88B10EA8D6F88C
:10CCB0000880B06028460FF0EAF903460020009093
:10CCC00005F1140206A930460AF018FCC6F80880DF
:10CCD0002784608C20F00800608411B0BDE8F083E8
:10CCE0002DE9F0412E4D074668680AF039F90446EF
:10CCF0003868C66B716B09B1304688476868006850
:10CD00000188408811FB00F0E168884201D10120D0
:10CD100000E00020216859B1616849B128B107E0FD
:10CD200068680068816A01B1884720690028F7D1E6
:10CD30000120206169680968C9688A69D20702D040
:10CD40008969890700D400206061606908B1012504
:10CD500000E000253868416971B1016911F0300FB8
:10CD600006D0490704D5D6E9001000F01BF803E00F
:10CD7000D6E90021FDF79AFF206800280BD06168F2
:10CD8000002908D03A68127CAA43D20703D1A268CE
:10CD9000824202D1A160BDE8F081A060FBE7000003
:10CDA000FC0200202DE9F34F05468A4893B0416804
:10CDB0000E683069820701D542076ED4C0F30110B6
:10CDC00002281ED0012801D0032866D100200F9030
:10CDD00008460AF0C5F88346A988B5F90000EA8834
:10CDE000091A491C0CB2B5F90210521A521C17B29A
:10CDF0004FF40062B2FBF4F3BB420FDAB2FBF4F281
:10CE00000DE029463046149A00F0F0F8149A15B057
:10CE100029463046BDE8F04FFDF748BF3A460C9230
:10CE20000791317CC1F30111012905D06880611E91
:10CE30000844E8800020BDE07188081A401EE880A0
:10CE4000001B401C6880F5E70C99A7EB0A0088429C
:10CE500000DD084600B201900120CBF81000BAF1C5
:10CE6000000F20D1A7421EDB0194307CC0F30110DB
:10CE7000032810D000202146149A00F0EAF8307CF4
:10CE8000C0F30110012809D031880798081A401E04
:10CE9000A880001B56E00120EDE797E00798288066
:10CEA0000798204466E00F9820B94FF480500FF0A7
:10CEB000A3FE0F90307CC0F3011003281BD000208C
:10CEC0008646DDF850C001990F980A9014FB01F0D6
:10CED000401E0D90601E48430E90002081468842FF
:10CEE00022DA0E9ABEF1000F02EB090001D00D9A72
:10CEF000101A002212E00120E2E70A9BBEF1000FA7
:10CF000003EB400863460CF1020C1B88A8F80030C4
:10CF100001D0084400E0401A521C12B2A242ECDBDD
:10CF200009F1010000B2D9E7307CC0F301100128FB
:10CF30001BD031880798091AA1EB0A00401EA8806F
:10CF40000199401A401C288001990AEB0108B84554
:10CF500013DBDBF81800C0070FD0DBF818008007E0
:10CF60000BD50120CBF814000AE007985044288024
:10CF700001990844401EA880E6E70021CBF8141070
:10CF80000F9828B1024629463046FDF78FFE05E08E
:10CF9000149AF8E7B16A09B130468847DBF8100007
:10CFA0000028F7D101981499604301EB40001490D8
:10CFB0000FFA88F08246B842FFF646AF0F98002875
:10CFC00004D015B0BDE8F04F0FF062BE15B0BDE85B
:10CFD000F08F0000FC02002030B504880D88058029
:10CFE00010880880188810801C8030BDF8B58B88A8
:10CFF0000C884D881B1BCC885B1C641B641C13FBBA
:10D0000004F300245B1E0DE002EB430602EB440731
:10D010003588ADF80050B7F800C0A6F800C05B1E18
:10D020003D80641CA342EFD843884C88CA881B1BF0
:10D030005B1ECB8043889A1A521E4A8003880C8854
:10D040008A881B1B5B1E8B800088801A401E08800C
:10D05000F8BD2DE9F0470C4617468246002601EB45
:10D06000D47931E00025601C00EBD07827E0A01BCC
:10D07000401E01B2601B401E00B2BAF1000F0AD080
:10D0800015FB041207EB420311FB040107EB4102FD
:10D0900010FB046009E010FB046207EB420311FB84
:10D0A000040007EB400215FB041007EB400116FBE0
:10D0B000045007EB4000FFF78FFF6D1C2DB2B5EB5E
:10D0C000680FD4DB761C36B2B6EB690FCADBBDE85D
:10D0D000F08700002DE9F047A2B005460CF0B2FF42
:10D0E000044628460CF076FF8246606A0EF0CFFFB9
:10D0F000054694F85400C00777D004A80BF06AFAEC
:10D100004FF4E02904AA4946204612F09BFA04F1A4
:10D11000480101A808F09FFA606ABDF80410828AED
:10D120001144ADF80410BDF80610C08A01AA0844E5
:10D13000ADF80600606ABDF80810808A0844ADF8B2
:10D140000800606ABDF80A10C08A0844ADF80A00F9
:10D1500004A950460BF02AFA4946204611F086FDF4
:10D1600006464946204611F095FE87194946204655
:10D1700011F01AFF4FF000081D490644CDF87480E5
:10D18000CDF87880206D0968284488470246206DD4
:10D1900041191DA80FF0CAFDBDF8040055223844FE
:10D1A000ADF80400BDF8060041463044ADF8060075
:10D1B000606A11F0FFFE054612A80AF03FFC12AAB1
:10D1C0004946204612F090F99DF81300022804D831
:10D1D000BDF85400A9B2884207D01DAB01AA12A91C
:10D1E0005046CDF800800AF089F922B0BDE8F087FA
:10D1F000100400202DE9F04FC3B0054630300E4634
:10D200002690FCF772F900287DD105F1140241A89F
:10D21000B168FBF71AFC002875D041A8D6F808A021
:10D22000B0603CA80AF099FC4FF4E0243CAA2146E7
:10D23000284612F0A9F92CA80BF0CCF99DF8F800BB
:10D240008DF8B30047F6FF70ADF8B00021462846D0
:10D2500011F09DFF00EBD07047102146284611F0D9
:10D2600096FF00EBD0704FEA600B3146684610F035
:10D270001DFD29A8069018A8049064480190052077
:10D280000D9402902698FCF7B7F8B6E00A223CA964
:10D2900029A80FF04BFD38222CA918A80FF046FD45
:10D2A000E088ADF8A400E088ADF8640012A8099009
:10D2B0003FA80A90607BC00704D0B4F90000B4F91D
:10D2C00002100FE0B4F90410A1F5FE40FF3875D04C
:10D2D000A2883AAB2846A16809F0A2F9BDF9E80096
:10D2E000BDF9EA10AA8A10440FFA80F8E88A0844C7
:10D2F0000FFA80F9C7B1BBF1000F15D001204090A3
:10D30000A8EB070000E07DE0ADF89C0008EB07000B
:10D31000ADF8A000A9EB0B00ADF89E0009EB0B00E7
:10D32000ADF8A20027A801E0002040900390207BE8
:10D3300081072CD0C00702D0B5F9140000E04046A8
:10D34000ADF84800ADF84A90217B4846890702D5E0
:10D35000B5F9181000E04146ADF8FC10ADF8FE003C
:10D360006A461A2128460CF06FFE3FAB12AA29A983
:10D3700030460AF0E5FB409820B127AA18A93046AC
:10D380000BF014F96A461B2128460CF05DFE217B48
:10D3900011F00C0F2DD04046ADF84880490702D55A
:10D3A000B5F9161000E04946ADF84A10ADF8FC009A
:10D3B000207B000703D5B5F91A0001E019E04846C3
:10D3C000ADF8FE006A461A2128460CF03DFE3FAB40
:10D3D00012AA29A930460AF0B3FB409820B127AA27
:10D3E00018A930460BF0E2F86A461B2128460CF0DB
:10D3F0002BFE21462698FBF7FCFF04007FF446AF86
:10D40000C6F808A043B0BDE8F08F00002CB00208B9
:10D410002DE9F04F88468A68A7B0044600F1140150
:10D4200024A8FBF712FB00287ED0D8F808001F9034
:10D4300024A9C8F808100021204611F005FC054673
:10D440000021204611F0FCFC284400B2209000216D
:10D45000204611F079FD284405B2204610F066FE02
:10D46000B4F88410484340F30F201B90204610F07E
:10D4700043FEB4F88610484340F30F201D9018A8CF
:10D480000AF06BFB18AA0021204612F07DF84146F5
:10D49000684610F00BFC002618A80690701E0E902F
:10D4A000DFF8CCA10D96CDE901A609966A461A21AE
:10D4B00020460A960CF0C8FD20463122314611F074
:10D4C00079FD00F0FF090021204611F0BDFB8346E5
:10D4D00020463322314611F06DFDC6B2204610F0D1
:10D4E0001FFF2390204610F0E7FFB4F87E10E9B349
:10D4F000E18A2944081A00B21E90A08AADF84C00B7
:10D50000208BADF85C000025B4F97E70B9F1020FF4
:10D5100040D9BBF1000F3DDDB00707D50021204603
:10D5200011F012FD10B900E09FE00125F00731D0A5
:10D530000021204611F036FC60BB7F1E3FB229E07F
:10D540001D9810FB05F1B4F87E006A46401E91FB61
:10D55000F0F01E990844ADF84E00ADF85E000120D1
:10D56000CDE901A013A8099017A800E014E00A90E3
:10D570001A210E9520460CF067FD17AB13AA18A9C7
:10D5800040460AF0DDFA6A461B2120460CF05CFD9D
:10D590006D1C2DB2BD42D3DBB4F88000F0B3A18A7C
:10D5A0002098002701442398081A00B21C90E08AB2
:10D5B000ADF84E00608BADF85E00B4F98050B9F163
:10D5C000020F13D9BBF1000F10DD700705D5002144
:10D5D000204611F035FC00B90127300706D500219F
:10D5E000204611F069FC08B96D1E2DB256460DF1AA
:10D5F0004C0B0DF15C094FF0020A26E01B9810FB62
:10D6000007F1B4F880006A46401E91FBF0F01C99C7
:10D610000844ADF84C00ADF85C0000E017E00E9750
:10D62000CDE9016ACDE909B91A2120460CF00CFDBB
:10D6300017AB13AA18A940460AF082FA6A461B21C2
:10D6400020460CF001FD7F1C3FB2AF42D6DB4FF00D
:10D65000FF300E90002009900A906A461B21204658
:10D660000CF0F2FC1F98C8F8080027B0BDE8F08F56
:10D670002CB002082DE9F04F9BB083460CF0A4FCBF
:10D68000064658460CF0DEFC0446122E7ED0152EBF
:10D6900001D0182E7BD111F045FE0490204610F0E9
:10D6A00098FD039020460021322211F083FC0546AC
:10D6B00020460021122211F07DFC28440FFA80F848
:10D6C00020460021132211F075FC28440FFA80FA3D
:10D6D00020460021102211F06DFC284407B220469C
:10D6E0000021112211F066FC2844618E0FFA80F9A6
:10D6F00001EB0800ADF86000A08E3844ADF8620080
:10D7000094F8390000F0030001287DD018A9E08EBC
:10D71000CDE90001DDE90321B4F9303005A8FBF7BC
:10D720007BFCBDF81410A08A0844ADF81400BDF8C5
:10D730001610E08A0844ADF81600BDF81810A08A4B
:10D740000844ADF81800BDF81A10E08A0844ADF896
:10D750001A0000BF04F114010D4619A80C9107F03E
:10D7600068FF05A9284607F064FF5946D24810F023
:10D7700049FC012861D119A90C9807F05AFF152E10
:10D780005BD1E08D002858D0A08D01E058E054E036
:10D79000002852D0E08E00284FD058460CF01AFCDA
:10D7A000064603A80C9907F044FF20460DF0D8FE6A
:10D7B000054694F8390000F0030001287DD0BDF83B
:10D7C0001800BDF81410401ABDF80C100844ADF84C
:10D7D0001000BDF81A00BDF81610401ABDF80E1062
:10D7E00000EB0100BDF80C10ADF8120001EB0800D1
:10D7F000ADF80C00BDF80E00BDF810103844ADF8BF
:10D800000E00A1EB0A0000E07FE0ADF81000BDF8CB
:10D810001210A1EB0900ADF8120094F8381001F0D5
:10D82000030001286FD089076DD002286CD0002337
:10D83000194630460C9A09F013FE1BB0BDE8F08F74
:10D8400058460CF0FDFB054600780228F5D094F808
:10D8500038004FF00106C14389074ED000F00301A4
:10D8600002294AD0C0F38400042801D0012844D101
:10D8700020460021462211F09DFBC0B2FF283CD17A
:10D88000208ED0BB58460CF0DBFB0746E08EB0F58F
:10D89000807F34D0204610F09CFC8046204611F05A
:10D8A00041FD014604F13202E08ECDE90002002381
:10D8B000424603A8FBF7B0FB00E02BE0BDF80C00EC
:10D8C000A18A00220844ADF80C00BDF80E00E18AE0
:10D8D0000844ADF80E00BDF81000A18A0844ADF868
:10D8E0001000BDF81200E18A0844ADF8120003A947
:10D8F0003846FBF7D2F800289FD12E709DE7002212
:10D9000004F11401F4E730E0C5E005A9204610F069
:10D9100027FC1FE7B4F92C0029B2401ABDF80C10FF
:10D92000401C00EBD070A1EB6001ADF80C10BDF80D
:10D930001010BDF80E20A1EB6000ADF81000B4F996
:10D940002E002914401A401C00EBD070A2EB60009E
:10D95000ADF80E00B4F92E00401ABDF81210401CAC
:10D9600000EBD070A1EB60003CE70FA809F0ACFD24
:10D970000FAA0021204611F064FDE08EADF83E00B4
:10D98000208EADF83C00608EADF84000A08EADF862
:10D99000420094F8380016AAC0098DF85000BDF86E
:10D9A000141001EB0800ADF85800BDF81600BDF8E2
:10D9B00018103844ADF85A00A1EB0A00BDF81A104F
:10D9C000ADF85C00A1EB0900ADF85E00B16810464F
:10D9D0000F46FBF73AF8002890D016A8B060B4F9CB
:10D9E0002800B4F92C1090FBF1F201FB1208B4F9F5
:10D9F0002A00B4F92E1090FBF1F201FB1200BDF9E0
:10DA00000E10084400B2ADF80200884203DDE18D3B
:10DA1000401AADF80200E18D80B20844401E30E0AB
:10DA2000BDF90C1001EB080000B2ADF8000088420F
:10DA300003DDA18D401AADF80000A18D80B208442D
:10DA4000401E0DE06A460FA93046636A09F008FDE2
:10DA5000BDF800002844ADF80000BDF804002844DB
:10DA6000ADF80400BDF90000BDF910108842E9DBF3
:10DA7000BDF8021028140144ADF80210BDF80610DC
:10DA80000844ADF80600BDF90200BDF91210884245
:10DA9000C6DBB760D1E60DA809F0D0FF0DAA0021C2
:10DAA000204611F021FD00200090636A0DA9304648
:10DAB0000C9A09F023FDC0E62C9C04082DE9F04FD8
:10DAC000D3B005460CF0BEFA044628460CF082FAA4
:10DAD0004F9010A9204610F043FB002169222046F8
:10DAE00011F068FA054600216A22204611F062FA18
:10DAF000BDF84010BDF84420491BADF840102A4441
:10DB0000BDF84230ADF844201B1ABDF84650511AFA
:10DB10002844ADF84600C01A401C0FFA80FAADF850
:10DB20004230D4E90A02491C0FFA81FBA2EB00083B
:10DB3000D34501DB012100E00021894600213E910F
:10DB400094F85C1001F00301012908D1002806DADD
:10DB5000002A04DD216B814201D101203E90002189
:10DB6000204611F079F921900021204611F0B0F9FA
:10DB700036900021204611F0F3F920900021204634
:10DB800011F01CF9359004F1340010A9139007F03E
:10DB90003EFDA18E21980844A086218F3698081A50
:10DBA0002087E18E20980144E186618F3598081A1C
:10DBB00000B26087B9F1000F11D0E18E401A401C0D
:10DBC00000B204281DDAE18A0AEBDA726FF0010074
:10DBD00000EB62000844E086001D608711E0218FA1
:10DBE000A08E081A401C00B204280ADAA18A0BEBA6
:10DBF000DB726FF0010000EB62000844A086001D9C
:10DC00002087218FA08E081A401C00B21890618FC7
:10DC1000E08E081A401C00B22290B9F1000F05D026
:10DC200004F13805DC48189F139E04E004F1360621
:10DC3000DA48229F351D3A90A36D581C14D0216DEF
:10DC4000A06A626D091A101A7943784391FBF8F1C2
:10DC500090FBF8F009B200B2401A5843C21700EB2B
:10DC6000126001EB202005E0216BA06A081A7843BE
:10DC700090FBF8F000B21690A26C501C14D0216CEE
:10DC8000A06A636C091A181A7943784391FBF8F17A
:10DC900090FBF8F009B200B2401A5043C21700EBF3
:10DCA000126001EB202005E0D4E90910081A78433E
:10DCB00090FBF8F000B23F9020460021162211F0B0
:10DCC00079F9C0B2B9F1000F28D001280AD1304645
:10DCD0002E4605463F98404200B23F90169840427B
:10DCE00000B2169031883F980844288031881698F1
:10DCF000084430803E9888B3A06A4042784390FB45
:10DD0000F8F000B2B9F1000F15D031880844B5F928
:10DD1000001000B281420BDD308039E029883F9845
:10DD2000081A401C308029881698081A2880E1E7D4
:10DD3000318028802CE02988081A401CB6F9001090
:10DD400000B2814201DD288001E029803080B5F9F0
:10DD50000010B6F900008142EADB19E0FFE73A99CA
:10DD600013988847012813DC35A84F990FF09EFFC0
:10DD70004FF4003042908A48369000203790139834
:10DD8000389035AA1A2120460CF05EF935AAFBE03E
:10DD900050A8139907F03BFC68460AF01BFC4FF4AF
:10DDA00000356A462946204611F04CFC23A84F99BD
:10DDB0000FF07CFF4FF000087948CDE9240830953A
:10DDC000CDF89CD013982690454623AA1A212046C8
:10DDD0000CF03AF920460B22294611F0EBF805B277
:10DDE00058465146D34500DB0846B5EB600F00DDD1
:10DDF0004510229A1899BDF90000914200DB1146A6
:10DE0000B0EB610F00DD4810B9F1000F02D0228F96
:10DE1000A18E01E0628FE18E511A491C09B2B1EB6B
:10DE2000400F18DD9DF8220012909DF803709DF8B8
:10DE30001A608DF803808DF81A808DF8228069466B
:10DE4000139A4F980AF0B2FB12988DF803708DF870
:10DE50001A608DF82200A18A219800230844ADF8A9
:10DE60003401218B36982A46081AADF83801E18A28
:10DE700020980844ADF83601618B3598081AADF842
:10DE80003A014DA947A80AF0D7FA002147A809F09E
:10DE900087FE17909DF822608DF8228045468DF808
:10DEA000368010A90EA807F0B2FBBDF838102198F3
:10DEB000084400B2ADF83800BDF83A20209911446A
:10DEC0000BB2ADF83A30BDF83C203699511A0AB27F
:10DED000ADF83C20BDF83E703599791A09B2ADF81D
:10DEE0003E10B9F1000F12D0C81A401C00B204282D
:10DEF0001FDAE18A0AEBDA726FF0010000EB6200D0
:10DF00000844ADF83A00001DADF83E0011E0101ACB
:10DF1000401C00B204280CDAA18A0BEBDB726FF014
:10DF2000010000EB62000844ADF83800001DADF8B8
:10DF30003C00BDF90020002319A813990AF07CFACF
:10DF4000002119A809F02CFE07460EAA69464F9831
:10DF50000AF02CFB8DF822608DF803508DF81A50D2
:10DF60008DF836506946139A4F980AF01FFB19A88E
:10DF700009F0DAFF47A809F0D7FF38460AF006FB98
:10DF800017980AF003FB23AA1B2120460CF05CF82B
:10DF900053B0BDE8F08F0000D95601088156010842
:10DFA000A09B04082DE9F047B8B005460CF04AF8EC
:10DFB000044628460CF00EF882460021204610F058
:10DFC0000AFE01280CD00027204606F0CBF80546B3
:10DFD00094F85C00002600F00300012802D008E05D
:10DFE0000127F1E7A06A002803DAE06A002800DDD3
:10DFF000012620468DB110F0ECF8804626B1606A0B
:10E00000002801DAA08E05E017B1B4F9340001E070
:10E01000B4F93800ADF894000BE011F083F98046B4
:10E0200026B1606A002801DA608F00E0E08EADF86A
:10E03000960012A80AF0CEFA4FF4403612AA3146E2
:10E04000204611F0FFFA2B46424625A9204616F03D
:10E0500050F804F1680025A9814607F0F3FA51460B
:10E0600068460FF023FE2F48019000200290CDE972
:10E070000D6012AECDE90396204613F0ADFE0228E6
:10E0800006D06A461A2120460BF0DEFF4A463CE0E5
:10E09000382212A927A80EF049FE6A461A21204606
:10E0A0000BF0D2FF4A4612A950460AF07FFA6A46A0
:10E0B0001B2120460BF0C8FF45B127B1B4F9380049
:10E0C000ADF8940005E0B4F93400F9E7608FADF8DD
:10E0D00096002B46424625A9204616F00AF804F180
:10E0E000600025A9054607F0ADFA382227A912A835
:10E0F0000EF01CFE02A9012081E861000E906A4624
:10E100001A2120460BF0A0FF2A4612A950460AF019
:10E110004DFA6A461B2120460BF096FF38B0BDE849
:10E12000F0870000B89C04082DE9F0438FB0044646
:10E130000BF088FF054610F08DF8074603A809F09C
:10E140007DFC03AA0021384611F0CEF928460DF0D7
:10E1500099FF28B19DF8290040F001008DF82900B1
:10E1600020460BF037FF816804460E4607F1140283
:10E170000DA8FAF76AFC002850D00DA8A0600BA9E2
:10E18000384605F0CFFBA88AADF80400E88AADF860
:10E190000600288BADF80800BDF82E00ADF80A0087
:10E1A00001AA1046A168FAF750FC4FF000090DF1E2
:10E1B000040878B1A7682846C4F808800DF067FF06
:10E1C000034605F1140203A92046CDF8009009F09A
:10E1D00095F9A760A88AADF80400BDF83200ADF843
:10E1E0000600288BADF80800688BADF80A0001AA7C
:10E1F0001046A168FAF729FC78B1A7682846C4F848
:10E2000008800DF044FF034605F1140203A92046DF
:10E21000CDF8009009F072F9A760A6600FB0BDE8D4
:10E22000F08300002DE9FF4F9FB0987B8A7E00F0BD
:10E230000F04DDF8B0E00E46032C18D0012C1DD0E1
:10E24000022C21D0042C13D0082C7DD1A24D4FF0EC
:10E25000FF0A6101FD2A2FD2A04F3878904202D1E7
:10E260007868A04225D00020DFF874821FE00424E3
:10E27000994D4FF0F00A103D1021EBE7964D4FF00D
:10E28000800A163D0221E5E7934D4FF0C00A143D88
:10E290000421DFE715F800C0BCF1FF0F1DD01CFB07
:10E2A00002FC4FEA1C2C00BF08F800C0401C88424A
:10E2B000F0D38B4D3A707C601F9AB3F806801889B2
:10E2C00007902199926808FB04F0B1F90010B2F9A7
:10E2D0000030994203DB002302E09446E4E75B1A36
:10E2E0009B46B2F9043001EB08079F4201DC41462E
:10E2F00001E0591A491C89462199B2F90230B1F955
:10E300000210994201DB002300E05B1A1193079B86
:10E31000B2F906200B44934201DC079901E0511A3F
:10E32000491C0A91119941430BFB04100EEBD001DB
:10E3300000F007072C911C2115A80EF0C9FDB0892B
:10E34000ADF85C00B07E00E0C2E08DF86C00B07FFC
:10E35000C0F3C2008DF86D00FBF7F8FA08F004FE78
:10E36000079A08FB02F1814200DC08461C900EF07F
:10E3700043FC0790189021980026018801EB0B02BE
:10E38000ADF80C200188A9F1010001442198ADF8F5
:10E3900010104388119818448B1AADF81200ADF88C
:10E3A0000E00ADF83810ADF834200A99ADF83600FB
:10E3B0005B1C08441BB2ADF83A000B930DA809F0A2
:10E3C000CFFD1D9003A815901A90C4F1080008EB2A
:10E3D0000B010F90A1EB090060431290119860E0CF
:10E3E00033462AFA07F059464FF0000C1FE02C9AEA
:10E3F000DDF83C801278A8EB0708024032FA08F2F8
:10E4000005D015F80280079A02F8068002E0079A04
:10E4100002F806C00F9A974202D22744E04004E077
:10E420002C9A0027521C50462C92491C761C4945B8
:10E43000DDDB1D9880B10798BDF912201844BDF9A5
:10E440000C1080460B9B09F04DFD8DF8640018B947
:10E4500040460B990EF03CFDA9EB0B0081191C986E
:10E46000814205D2BDF81200401CADF812000EE04A
:10E4700002208DF8640015A91F980AF0A1FABDF8D2
:10E480001200401CADF80E00ADF8120000261298E4
:10E490002C99384401EBD00100F0070701982C912A
:10E4A000401C0A99019088429ADBBDF90E10BDF913
:10E4B0001200814209D0401EADF8120002208DF8F2
:10E4C000640015A91F980AF07BFA07980EF0E0FB8C
:10E4D00023B0BDE8F08F0000EAAE0208140300206C
:10E4E000E03101202DE9F04F8346B1F902000C46DE
:10E4F000401E411000F001004618B2F90050B3F977
:10E50000000089B0854200DA2846ADF80000B2F973
:10E510000000B3F90030984200DC1846401EADF808
:10E5200004005088801BADF8020050880844ADF804
:10E53000060069460846DBF80820FAF786FA002844
:10E540001FD0E08818B1A08808B1012700E000279B
:10E550000125684609F004FD00B907B100251C211A
:10E5600002A80EF0B5FCCDF808D02088ADF8100058
:10E57000207A6E468DF8200035B102A958460AF07F
:10E580001FFA09B0BDE8F08FBDF80410BDF9000016
:10E59000BDF90680091A491C0DB2BDF80210ADF88C
:10E5A00006104FF0000A47B1B4F90610B4F9042080
:10E5B000114490FBF1F201FB120A28460EF01CFBFD
:10E5C000079605908146BDF902603EE0294648461F
:10E5D0000EF0ACFCBDF900102B4632B2484609F0F3
:10E5E00081FC8DF818000FB300B3002150460B4694
:10E5F00017E000BFB4F90420824205DB121A11446F
:10E60000104409B200B208E0B4F906C06244824284
:10E6100001DC002001E009F80130491C401C09B26E
:10E6200000B2A942E6DB02208DF8180002A9584684
:10E630000AF0C6F9BDF80200401CADF80200BDF8B2
:10E640000600401CADF80600761C4645BEDD484677
:10E650000EF01EFB95E700002DE9FF4FB2F90240D6
:10E66000B3F90250C5B0AC4208DA128864F31F4017
:10E6700062F30F0065F31F411A8807E01B8865F3FA
:10E680001F40128864F31F4163F30F0062F30F0110
:10E690000FFA81F904B20514A9EB04064FEA214AE6
:10E6A000AAEB05070391002E01DD314600E071421F
:10E6B000002F01DD384600E07842814201DD012073
:10E6C00000E0002015904698B0F90210159858B156
:10E6D000002F01DD384600E078424201002E01DDC6
:10E6E00030460CE070420AE0002E01DD304600E0CA
:10E6F00070424201002F01DD384600E0784292FB73
:10E70000F0F0AB4A105C10FB01F03F30C0114FEA53
:10E71000600800F0010202EB080B49464C4500DAA4
:10E720002146A1EB0001ADF8581001DD214600E0C3
:10E7300049460144ADF85C105146554500DA29467A
:10E74000A1EB0001ADF85A1001DD294600E0514669
:10E750000844ADF85E00459816A982680846FAF7A5
:10E7600074F900287ED01598002100287BD0002E57
:10E7700016DDAAEB080000B2CDE90001A5EB080008
:10E7800002B24B46214620A809F08EFC0AEB0B0092
:10E79000012100B2CDE900014B4605EB0B0015E06D
:10E7A0000AEB0B0000B2CDE9000105EB0B0002B251
:10E7B0004B46214620A809F077FCAAEB080001216E
:10E7C00000B2CDE900014B46A5EB080002B221469C
:10E7D0000AA809F069FC002120A809F0E1F91890C5
:10E7E00000210AA809F0DCF9159046984FF0FF398E
:10E7F000C846407AC00623D4A819032100B2CDE947
:10E800000001E01B03B22A4621462BA809F04CFC6C
:10E81000039902200A14911909B2CDE90010039856
:10E8200001B2C81B03B236A809F03EFC00212BA898
:10E8300009F0B6F98146002136A809F0B1F9804601
:10E84000BDF85C00BDF85810401A401C04B2FBF73C
:10E850007DF808F089FB054616A806F017FFA842C8
:10E8600006D201E0A1E027E016A806F00FFF05465A
:10E87000AA4628460EF0C0F98346BDF95E70BDF881
:10E880005A00ADF85E000025514658460EF04EFB8A
:10E890001C2119A80EF01CFB16A919914698008896
:10E8A000ADF86C004698BDF95A60007A8DF87C008E
:10E8B000CDF870B01E9145E009EB0B00CDE900A149
:10E8C00003B204EB0B0001B22A4620A809F0ECFBCE
:10E8D0000121A9EB0800CDE900A103B2A4EB0800D7
:10E8E00001B22A4674E700BFBDF958100BEB0500D2
:10E8F000234632B2079009F0F5FA8DF8740018B982
:10E90000214607980EF0E4FA25442919514505D20D
:10E91000BDF85E00401CADF85E0012E002208DF8EC
:10E92000740019A945980AF04BF8BDF85E0000255F
:10E93000401CADF85A00ADF85E00514658460EF046
:10E94000F5FA761CBE42CFDDBDF95A10BDF95E0066
:10E95000814209D0401EADF85E0002208DF874009F
:10E9600019A945980AF02CF858460EF091F920A8FC
:10E9700009F0DAFA0AA809F0D7FAB9F1FF3F02D094
:10E980002BA809F0D1FAB8F1FF3F02D036A809F060
:10E99000CBFA189809F0FAFD159809F0F7FD4846EA
:10E9A00009F0F4FD404609F0F1FD49B0BDE8F08FF3
:10E9B000EAAF02082DE9F04F8346B1F902000C4698
:10E9C000401E411000F00100158889B00844281A43
:10E9D000ADF8000010880844ADF80400B2F9021048
:10E9E000B3F90200814200DA0846ADF80200B2F93C
:10E9F0000200B3F90210884200DC0846401EADF860
:10EA0000060069460846DBF80820FAF71EF80028D9
:10EA10001FD0E08818B1A08808B1012600E00026C8
:10EA20000127684609F09CFA00B906B100271C21AD
:10EA300002A80EF04DFACDF808D02088ADF81000ED
:10EA4000207A6D468DF8200037B102A9584609F0AA
:10EA5000B7FF09B0BDE8F08FBDF80400BDF80010A5
:10EA6000BDF90670401A401C0FFA80F9BDF802008B
:10EA7000ADF8060048460EF0BFF8824605900795AF
:10EA8000002056B1B4F90600B4F904100844BDF9E9
:10EA9000021091FBF0F200FB12108046BDF902500B
:10EAA00031E0494650460EF041FABDF900104B46A0
:10EAB0002AB2504609F016FA8DF81800A6B178B1BE
:10EAC000B4F90410414502DA00208DF81800B4F9B9
:10EAD0000600B4F904100144414501DC4FF0000880
:10EAE00008F101000FFA80F802A9584609F068FF02
:10EAF000BDF80200401CADF80200BDF80600401C45
:10EB0000ADF806006D1CBD42CBDD50460EF0C0F8DE
:10EB10009FE77CB505460BF095FA446A28460BF052
:10EB200059FA626A0546816868461432F9F78DFF22
:10EB3000002835D0AE68C5F808D094F83C008006AF
:10EB400021D5628FE08E824208D1212329462046BA
:10EB5000FEF710F82046628F21231DE0202329466E
:10EB60002046FEF707F82046628F20232946FEF74D
:10EB700053F82046E28E01232946FDF7FBFF20468D
:10EB8000E28E012308E02046628F20232946FDF70C
:10EB9000F1FF628F204620232946FEF73DF8AE6044
:10EBA0007CBD00002DE9F04FD5B005460BF04AFAC8
:10EBB0000446008E00287DD028460BF00BFA4F90BB
:10EBC000608C49A940F00800608420460FF0C8FA24
:10EBD0000025278C2584608CA94640F008012E462C
:10EBE000C846618433A809F0F5FC41A808F026FF67
:10EBF0004FF4A02A33AA5146204610F023FD41AA23
:10EC00005146204610F070FC608C002120F0080076
:10EC100060842046278410F0A9F9539000212046F3
:10EC200010F0D2F852900021204610F01BF95190BC
:10EC30000021204610F052F9509020A84F990FF073
:10EC400035F8B548CDF8B4A0CDE9210812A8249034
:10EC50000AA8259054E1761CB6B2606AAFA150F8BC
:10EC60002600F1F7E5FE0028F5D0E06A30F815003F
:10EC7000C0F30011002974D18846C0F3002109B106
:10EC80004FF00108C0F3801010B148F0800014E08C
:10EC9000A08EA84212D1B80601D548F02008B807C6
:10ECA00001D548F00208780701D548F00408380774
:10ECB00004D500E02CE148F008008046A06A00EB93
:10ECC000C50103A806F0ACFCBDF80C10BDF824018A
:10ECD000B8F1000F0144ADF80C10BDF80E20BDF8DE
:10ECE00026110A44ADF80E20BDF810201044ADF8EE
:10ECF0001000BDF812000844ADF8120026D0A4F8A8
:10ED00002080608C40F00801618412A809F062FC48
:10ED10000AA808F093FE12AA5146204610F092FC71
:10ED20000AAA5146204610F0DFFB2784608C20F0B1
:10ED300008016184E06A30F81500C0F3C0200028A3
:10ED40009DF845000ED040F001000DE0382233A9B7
:10ED500012A80DF0EBFF202241A90AA80DF0E6FF52
:10ED6000E8E7C9E020F001008DF8450003A82390F2
:10ED700020AA1A212E9520460BF066F99DF86B000B
:10ED80004108C9063CD520F03E001E308DF86B00CE
:10ED9000B4F914305199BDF90C2019448A4203D1B9
:10EDA00020F008008DF86B00B4F918205098BDF9D8
:10EDB0001010101A814205D19DF86B0020F0100050
:10EDC0008DF86B00B4F916205398BDF90E1010445D
:10EDD000814205D19DF86B0020F004008DF86B0096
:10EDE000B4F91A205298BDF91210101A814207D1B5
:10EDF0009DF86B008108490061F345008DF86B00B8
:10EE0000BDF81210BDF90E00091A491C0FFA81FB5A
:10EE10005FEA886108D5E16A31F81510490503D524
:10EE2000A0EB0B00ADF80E0003AA12A94F9809F051
:10EE3000BDFB606ABDF93C30BDF93A1050F82600C0
:10EE40000890BDF82801BDF824C10A9AA0EB0C0077
:10EE5000401C00B2CDE900109DF845C0CDF808C0B7
:10EE600054A8089914F09CFBBDF81010BDF80C00D4
:10EE7000BDF95031091A491C09B2C91A01EBD17107
:10EE800000EB6100ADF80C00BDF81210BDF80EC02B
:10EE9000BDF95221A1EB0C01491C09B2891A01EB01
:10EEA000D1710CEB610109B21844ADF8100088185B
:10EEB00002B2ADF80E10ADF812205FEA88600ED5F0
:10EEC000E06A30F81500400509D50BEBDB70A1EBCB
:10EED0006001A2EB6000ADF80E10ADF81200CDF8A5
:10EEE000009003AA0AA9089B4F9808F007FB20AAE4
:10EEF0001B2120460BF0A8F86D1C761CADB2B6B2F3
:10EF0000208EA8423FF6A9AE608C20F008006084F5
:10EF100055B0BDE8F08F0000D89B04080A0000003F
:10EF20002DE9F04FA7B005460BF08CF804462846B3
:10EF30000BF050F82290002120460FF08BFE054682
:10EF400000211222204610F035F828440FFA80FBE9
:10EF500000211322204610F02DF828440FFA80FAE1
:10EF60000021204610F008F828440FFA80F918A86C
:10EF700008F064FD18AA4FF40031204610F0B4FAEE
:10EF8000A06A08B1179009E080200DF035FE054613
:10EF90000146802220460AF03DFE179594F83C0079
:10EFA000002700F00F00012800D101272046002192
:10EFB00016220FF0FFFFC0B2012800D10127E06A3E
:10EFC000002868D00CF08CFC804602280DD002A9E5
:10EFD000E06A0CF01BF901281BD04FF0FF363546D4
:10EFE000E7B1A18A01EB0B001CE0BDF972009DF8AE
:10EFF0007D2041F6FF718DE80700BDF97430189A45
:10F0000015A8E16A14F0CCFABDF95460BDF9565068
:10F01000E6E70298C0F38A26450DE1E7218BA1EBD4
:10F020000A00801B711EADF814000844ADF81800EA
:10F03000B8F1020F5DD020460FF0CBF8401BE18AFB
:10F0400000EBD07001EB6000ADF81600691E0844BB
:10F05000ADF81A0011A808F037FA4FF4003811AAD9
:10F060004146204610F0EDF906EBD6704010ADF8A1
:10F07000480005EBD5704010ADF84A0020466E22DE
:10F0800041460FF097FFADF8440005AA11A9E36AC5
:10F09000229808F0E5F909A808F0D0FC09AA002197
:10F0A000204610F021FABDF936009DF8412041F6C6
:10F0B000FF718DE80700BDF9383007A8099A179944
:10F0C00014F06EFAE18A01EB0900BDF81E10ADF8EC
:10F0D0000E000844ADF81200E06AE0B13FB3218BA6
:10F0E000A1EB0A00BDF81C10B0EB0100ADF80C005C
:10F0F00024E0E18A6D1E01EB0900ADF816002844FA
:10F10000ADF81A000020009005AA18A9E36A229819
:10F1100008F0F4F9BFE7204610F004F9BDF91C101F
:10F12000A28A401A00EBD07002EB6000DEE7A18AF1
:10F1300001EB0B00BDF81C10ADF80C000844ADF855
:10F1400010000020009003AA09A9179B229808F03C
:10F15000D5F9A06A002802D117980DF099FD27B0C3
:10F16000BDE8F08F2DE9F04798B005460AF06AFF38
:10F17000044628460AF02EFF064609A920460EF04E
:10F180008DFF94F848000025C10600D501258006B2
:10F1900001D545F00205002120460FF0FEFFA0F545
:10F1A0001C51D13904D1608C000501D445F004050F
:10F1B0000BA808F043FCB4F84400ADF84200B4F8E2
:10F1C0004600ADF844008DF849500BAA00212046B6
:10F1D00010F08AF99DF848004FF0010808B98DF841
:10F1E0004880E06B0C90206C0D900C994FF6FF70EE
:10F1F00081421ED00D9981421BD04FF480292746B1
:10F200005522494620460FF0D5FE0246494638466B
:10F21000FAF7E6F90090BDF80000ADF83A00204694
:10F22000202249460FF0C6FE0090BDF80000ADF860
:10F230003C0094F8480041F6FF7A00F007000228ED
:10F2400001D003281ED19DF84800022801D00328D0
:10F2500018D1BDF93E10CDE9001A0295BDF9403034
:10F260000B9A16A8616A14F09BF9BDF82800BDF846
:10F270002410401A401CBDF9581000B2884201DA2F
:10F280008DF8488094F8480004F1300700F007003A
:10F29000032809D0BDF82A00BDF82610401A401CEA
:10F2A00000B2B0F5806F00DA002709A914A8B2688F
:10F2B000F9F7CBFB00287DD094F8480040070BD12C
:10F2C00020460FF0F9F8404202B2002109A806F0EA
:10F2D00016FA608BADF82A0094F848000DF1500939
:10F2E00000F00700022813D0032811D0009709AAC4
:10F2F0000BA93046636A08F001F9B068C6F80890B7
:10F30000804694F8480000F0070003280FD05FE023
:10F31000D6F80880C6F80890009709AA0BA93046CD
:10F32000636A08F0EBF84046C6F80880E6E7BDF9E6
:10F330003E10CDE9001A0295BDF940300B9A06A89F
:10F34000616A14F02DF9BDF82800BDF82410401AA8
:10F35000401CBDF9181000B2884219DA202211466B
:10F360000B980AF085FFB4F84410BDF8182000EBA4
:10F37000400011440844ADF84200B4F84600ADF82E
:10F380004400009709AA0BA93046636A08F0B6F852
:10F39000BDF82A00BDF82610401A401C01B2BDF984
:10F3A0001A00814214DAB4F84410ADF842100B99F7
:10F3B000098900E00EE0B4F84620009710440844A4
:10F3C000ADF8440009AA0BA93046636A08F096F824
:10F3D000C6F8088018B0BDE8F0872DE9F04397B073
:10F3E00007460AF0F1FD054638460AF02BFE0446B2
:10F3F0004FF48026152D7ED0182D7DD138460AF089
:10F40000E9FD054607A808F019FB07AA3146204682
:10F4100010F06AF813A9204604F084FA13AA15A87C
:10F42000A968F9F712FB002866D0204604F009F815
:10F4300081460CF027FE28B19DF8390040F001000C
:10F440008DF8390020460FF06DFF064648460CF057
:10F450001EFE0146BDF92E000222CDE900060292F1
:10F46000BDF9303005A8079A14F09AF820460EF03E
:10F47000B0FEB4F9161000EBD076B9F9160001EB26
:10F480006601471A48460EF0A4FEB90391FBF0F757
:10F49000002120460FF01EFE0799B0F90800B1F9CF
:10F4A0000810081A00EBD070BDF816104010091AA9
:10F4B00009B2ADF81610E28A794302EB660202EB5C
:10F4C000A1310F1A002120460FF0CAFB80462046CA
:10F4D000002112220FF06EFD064620460021132265
:10F4E0000FF068FDA28A06EB08011144ADF8401048
:10F4F000ADF8427001E023E01FE0218B081AA0EB79
:10F500000800ADF84400BDF816003844ADF84600D8
:10F510009DF8390040F002008DF8390015A8AC685C
:10F52000A86048460CF0B3FD03460020009010AAE6
:10F5300007A9284607F0E2FFAC6017B0BDE8F083EA
:10F5400038460AF047FD054610A9204604F0EAF9BE
:10F55000684609F03FF86A463146204610F072F8D6
:10F5600010AA6946284609F021F8E6E72DE9F0439C
:10F57000ABB005460AF066FD044628460AF02AFDAF
:10F580008146002120460FF079FC074600212046E5
:10F590000FF0B0FC0646002120460FF0F9FC0546AE
:10F5A000002120460FF01CFCA18AE28AADF88A20D7
:10F5B000238BADF88C30B4F81AC03944ADF88810FC
:10F5C000991BADF88C10ACEB00005119ADF88E0012
:10F5D000ADF88A1006A808F0FDFF06AA4FF4003126
:10F5E000204610F02FF822AA06A9484608F0DEFFB0
:10F5F00020460EF0EEFD0546208BA18A411A491CDB
:10F60000481B06B2606A411C06D07043C11700EB6C
:10F61000116040F30F2708E020460FF0ADFA10F01C
:10F62000010F01D0374600E00027204600211622B6
:10F630000FF0C0FCC0B2012801D1F01B07B2A08AB4
:10F640003844ADF800002844ADF80400E08AADF875
:10F650000200608BADF806004FF440373946204673
:10F660000FF00CFC0646394620460FF043FC80465E
:10F67000394620460FF08CFC0546394620460FF0EF
:10F68000AFFBBDF80010BDF80420891BADF80010D9
:10F6900002EB0801ADF80410BDF80210491BADF8EB
:10F6A0000210BDF806100844ADF8060014A808F0D2
:10F6B00091FF14AA394620460FF0C4FF6A4614A9E8
:10F6C000484608F073FF2BB0BDE8F0832DE9F04FFA
:10F6D000E1B005460AF0B6FC044628460AF07AFC7A
:10F6E0008246826804F1140130A8F9F7AEF90028C7
:10F6F0007ED0DAF808000F9030A8CAF8080020463B
:10F70000002132220FF056FC00B257900021204613
:10F710000FF044FC5B90002120460FF067FB5D90EA
:10F72000002120460FF0B0FB5A90002120460FF038
:10F73000E7FB5990208C002609902684608C40F0CD
:10F740000800608422A808F045FF4FF4A02522AAF3
:10F75000294620460FF076FF32A808F06FF932AA4A
:10F76000294620460FF0C0FE09982084608C0027AF
:10F7700020F00800608420460EF0ACFE0146E28ACC
:10F780005B981044411A57980844401EADF8160083
:10F7900020460EF098FE5890002120460FF021FAE6
:10F7A000012800D000208346514642A80EF07EFA80
:10F7B0004FF4A0204F90EB4843900020449014A8B1
:10F7C00046903AA84790002089E0E06A30F9191085
:10F7D000BDF816005491401C00B2491E0144ADF81A
:10F7E0001200ADF81610BDF9C61088427CDC00E0AE
:10F7F0007DE0BBF1000F0AD0218B5998091A589867
:10F80000091A5798081A401EADF8100009E0A18A9D
:10F810005A9801445898091A57980844401EADF860
:10F820001400002555E000205590A06A50F82700EC
:10F8300008B100785590BBF1000F0CD0BDF8100056
:10F84000401EADF81400216B31F81510401A401C11
:10F85000ADF810000BE0BDF81400401CADF810002E
:10F86000216B31F815100844401EADF81400002635
:10F870001DE0A06AB91950F82100E8B10078C0076E
:10F880001AD0206BA919022202EB4101405EBBF1A4
:10F89000000F05D0BDF81010081AADF8100004E0F4
:10F8A000BDF814100844ADF81400761CB6B2A08C54
:10F8B0007119401E8142DCDBBDF91600BDF9C21092
:10F8C000884217DAB819401C87B2A81980B2401CC8
:10F8D00085B2A08CA842A6D809F1010080B2E18CC3
:10F8E000814649453FF671AF0F99CAF8081061B0DB
:10F8F000BDE8F08FBDF91020ADF82820BDF91280C9
:10F90000ADF82A80BDF91410ADF82C10ADF82E001A
:10F9100086469DF8AB00C0F3440043070DD5B4F90B
:10F9200014C05A9B63449A4207DDBDF9A83003EB2B
:10F93000D373A2EB6302ADF8282082070DD5B4F98A
:10F9400016305B9A1A44904507DDBDF9A82002EBFA
:10F95000D272A8EB6202ADF82A20020711D5B4F9E1
:10F960001830599A9A1A521E91420ADABDF9A82003
:10F9700002F0010302EBD27203EB62021144ADF814
:10F980002C10C00712D0B4F91A205D98101A401E2E
:10F9900086450BDABDF9A80000F0010100EBD0703C
:10F9A00001EB600101EB0E00ADF82E00E28E0021AC
:10F9B0004A457DD1A08EA8427AD1208C420602D43D
:10F9C000820600D52021820701D541F002014207BD
:10F9D00001D541F00401000701D541F008010029DB
:10F9E00066D02184608C40F00801618414A808F07E
:10F9F000F1FD3AA808F022F84FF4A02814AA4146D5
:10FA000020460FF01FFE3AAA414620460FF06CFD3B
:10FA100009982084608C20F0080161840AA8459030
:10FA2000A18C42AA09FB015050901A2120460AF0ED
:10FA30000BFB0AAA14A9504608F0B8FDA06A50F8BA
:10FA4000270000287ED04FF4A028414620460FF022
:10FA50001BFA0C90414620460FF052FA1290414694
:10FA600020460FF09BFA0290414620460FF0BEF967
:10FA7000BDF810300C9ABDF812C01A440FFA82F883
:10FA8000BDF81430129AADF840809A1A13B2ADF84E
:10FA90004430029A01466244ADF84220BDF8162077
:10FAA0000020511AADF846105599C1F3400100E00D
:10FAB00018E05E9101B10220A3EB0801491CBDF9D9
:10FAC000FA2009B20092CDE90110A06ABDF9FC301C
:10FAD000329A50F827105CA8083113F061FD5E9847
:10FAE00058B11FE0382222A914A80DF01FF92022D6
:10FAF00032A93AA80DF01AF990E75498BDF81210FF
:10FB0000BDF9722100EBD07001EB600302EBD27201
:10FB1000401000EB6200A3EB62030844ADF84230F2
:10FB2000ADF8460004AA30A95FA8F8F78EFF48B1E7
:10FB30005FA90020CAF808100090A06A10AA50F827
:10FB4000273000E007E03AA95046083307F0D6FC1A
:10FB500030A9CAF8081042AA1B2120460AF074FAFC
:10FB6000B0E60000F09C040830B5054691F82A0084
:10FB700089B00C4602285FD9E08C00285CD0114681
:10FB800004A805F03BFD208DBDF81010401E091A99
:10FB9000ADF81010BDF81210091AADF81210BDF82A
:10FBA00014100144ADF81410BDF816100844ADF857
:10FBB000160004A906A805F021FDBDF81810E08C78
:10FBC000BDF81220091AADF81810BDF81C10084431
:10FBD000ADF81C00BDF81A00E18C401AADF81A000F
:10FBE000BDF81E00E18C0844ADF81E00BDF81400FD
:10FBF000BDF81010401ABDF81610401C891A491C97
:10FC000000B209B2B4F90020884200DA0146B2EB32
:10FC1000610F00DD4A10E08CA178104403B294F823
:10FC20002A00CDE90201A08CADF80400009204AADC
:10FC300006A92846FCF7D0FC09B030BD2DE9F041FB
:10FC40008CB005460AF0FEF9044628460AF0C2F9CF
:10FC50008046606A0CF01BFA007800283BD1A06A4D
:10FC6000002838D00078002835D001A807F0E6FE3B
:10FC700001AA4FF4002120460FF036FC94F86000F2
:10FC8000000705D59DF8210040F002008DF8210005
:10FC9000002120460FF0FEF80746002120460FF015
:10FCA00083F90646002120460EF0E0FF054604F1E8
:10FCB000140109A805F0CFFC701902B2781901B23D
:10FCC00009A805F01CFD0020009009AA01A94046E2
:10FCD000A36A07F013FC0CB0BDE8F0817CB50446C4
:10FCE000806961896D468668A08961B1002865D008
:10FCF000814203D12289E3889A427CD302297BD0B6
:10FD000003297AD0AFE010BBE088218988421ED257
:10FD1000B4F9060013F080FBB4F90410B4F90E2016
:10FD2000891A48432168498801EBE030ADF80200A8
:10FD3000E0885A3000B213F06FFBA18810FB01F08D
:10FD40002168098801EBE030ADF8040040E020684C
:10FD50000088ADF800002068A18840880844ADF80C
:10FD60000600B4F9060013F057FBB4F90410B4F917
:10FD70000E20891A48432168498801EBE030ADF82C
:10FD80000200E0885A3000B213F046FBA18810FB55
:10FD900001F021683246098801EBE030ADF804003B
:10FDA00069460846F8F751FE30B1A0698560D4E98C
:10FDB0000520216908F0FAFBA08970BB2068A188A2
:10FDC00000880844ADF8040020684088ADF80200BF
:10FDD000B4F9080013F020FBA18810FB01F02168A2
:10FDE000498801EBE030ADF8060020895A3000B2B6
:10FDF00013F012FB02E015E012E00FE0B4F904107A
:10FE0000B4F90E20891A484321683246098801EB6B
:10FE1000E030ADF8000069461AE024E0022801D085
:10FE2000012820D1206832460088ADF80000206803
:10FE30004088ADF802002068A18800880844ADF829
:10FE400004002068A18840880844ADF806002946CF
:10FE50000846F8F7FAFD30B1A0698560D4E90520BD
:10FE6000216908F0A3FBA06986607CBD7CB50446CF
:10FE7000806961896D468668A08901290CD00128B6
:10FE800067D0814203D12289E3889A427ED3002938
:10FE90007DD003297CD0B5E0012822D1E0882189DA
:10FEA00088421ED2B4F9060013F0B6FAA18810FBFE
:10FEB00001F02168498801EBE030ADF80600E088E8
:10FEC0005A3000B213F0A8FAB4F90410B4F90E20B5
:10FED000891A48432168098801EBE030ADF8040035
:10FEE00042E02068A1880088401AADF80000206830
:10FEF0004088ADF80200B4F9060013F08DFAA1882D
:10FF000010FB01F02168498801EBE030ADF80600F4
:10FF1000E0885A3000B213F07FFAB4F90410B4F953
:10FF20000E20891A484321683246098801EBE030E7
:10FF3000ADF8040069460846F8F787FD30B1A069BE
:10FF40008560D4E90520216908F030FBA0890128EB
:10FF500058D120680088401EADF804002068A188B0
:10FF600040880844ADF80600B4F9080013F054FACC
:10FF7000B4F90410B4F90E20891A4843216849885D
:10FF800001EBE030ADF80200208902E018E010E05B
:10FF900014E05A3000B213F03FFAA18810FB01F0D0
:10FFA00021683246098801EBE030ADF8000069466F
:10FFB0001DE0022804D0032802D023E0022821D12A
:10FFC0002068A18832460088401AADF800002068F9
:10FFD0004088ADF8020020680088401EADF804009B
:10FFE0002068A18840880844ADF8060029460846E4
:10FFF000F8F72BFD30B1A0698560D4E905202169AF
:020000040801F1
:1000000008F0D4FAA06986607CBD7CB5044680699E
:1000100061896D468668A08902290CD002287ED0AD
:10002000814203D12289E3889A4279D3002978D08A
:10003000012977D0D4E002283FD1E0882189884285
:100040003BD25A3000B213F0E7F9A18810FB01F05F
:100050002168098801EBE030ADF80000B4F9060032
:1000600013F0DAF9B4F90410B4F90E20891A4843F0
:100070002168498801EBE030ADF80600B4F90800CA
:1000800013F0CAF9A18810FB01F02168498801EB3F
:10009000E030ADF8020020895A3000B213F0BCF90C
:1000A000B4F90410B4F90E20891A4843216809886C
:1000B00001EBE030ADF8040066E020680088401EE7
:1000C000ADF804002068A1884088401AADF802000D
:1000D000E0885A3000B213F09FF9A18810FB01F0BC
:1000E0002168098801EBE030ADF80000B4F90600A2
:1000F00013F092F9B4F90410B4F90E20891A4843A8
:1001000021683246498801EBE030ADF806006946C7
:100110000846F8F79AFC58B1A069856003E00AE048
:100120003BE034E036E0D4E90520216908F03EFAEE
:10013000A089022854D12068A1880088401AADF80F
:10014000000020684088401EADF8060020895A3023
:1001500000B213F061F9B4F90410B4F90E20891A51
:1001600048432168098801EBE030ADF80400B4F998
:10017000080013F051F9A18810FB01F021684988AB
:1001800001EBE030ADF80200324669461DE003287D
:1001900003D025E0032800D010BB2068A188324698
:1001A0000088401AADF800002068A1884088401AF5
:1001B000ADF80200206829460088401EADF8040012
:1001C00020684088401EADF806000846F8F73DFC60
:1001D00030B1A0698560D4E90520216908F0E6F90D
:1001E000A06986607CBD7CB50446806961896D46E6
:1001F0008668A08903290ED0032867D0814203D1E5
:100200002289E3889A427ED302297DD001297CD0BD
:1002100002297BD0B1E003281FD1E08821898842E0
:100220001BD25A3000B213F0F7F8B4F90410B4F945
:100230000E20891A48432168098801EBE030ADF8A7
:100240000000B4F9060013F0E7F8A18810FB01F0F4
:100250002168498801EBE03040E02068A1880088EF
:100260000844ADF8040020684088401EADF8060040
:10027000E0885A3000B213F0CFF8B4F90410B4F9A2
:100280000E20891A48432168098801EBE030ADF857
:100290000000B4F9060013F0BFF8A18810FB01F0CC
:1002A00021683246498801EBE030ADF8020069462A
:1002B0000846F8F7CAFB30B1A0698560D4E905208B
:1002C000216908F073F9A089032856D120680088B5
:1002D000ADF800002068A1884088401AADF80200FF
:1002E00020895A3000B213F097F8A18810FB01F072
:1002F0002168098801EBE030ADF80400B4F908008A
:1003000013F08AF803E016E010E013E00FE0B4F910
:100310000410B4F90E20891A4843216832464988EE
:1003200001EBE030ADF8060069461BE018B101288A
:1003300001D022E008BB206832460088ADF80000FA
:100340002068A1884088401AADF802002068A18882
:1003500000880844ADF80400206829464088401E03
:10036000ADF806000846F8F770FB30B1A06985606B
:10037000D4E90520216908F019F9A06986607CBDDF
:1003800070B5A4B00C46054620AA22A90EF0A9F823
:1003900022A805F07BF920B920A805F077F90028FC
:1003A0003ED012A9284615F069FC012838D1214613
:1003B00068460DF07BFC1B4801900220029012A8B9
:1003C00004904FF480300D9022A805F05FF980B1C1
:1003D00022A803906A461A21284609F035FE22AA6F
:1003E00012A9204608F0E2F86A461B21284609F0C7
:1003F0002BFE20A805F04AF9002811D020AE6A464D
:100400001A212846039609F01FFE20AA12A92046A9
:10041000039608F0CBF86A461B21284609F014FE23
:1004200024B070BDB0AE02082DE9F04F88468A684E
:10043000B5B0044600F1140125A8F8F706FB002822
:100440007ED0D8F80800309025A9C8F808100021FF
:1004500020460EF0F5FC0646002120460EF074FD05
:10046000299020460DF062FEB4F88410484340F312
:100470000F2B20460DF040FEB4F88610484340F3A1
:100480000F20289004F124002790F8F7A0FF0546DC
:10049000002120460EF0BCFCB4F884104FF4A029D3
:1004A0004843B4F882100212C1F1010303FB02B009
:1004B00090FBF1F00FFA80FA494620460EF0A8FCB6
:1004C000B4F88410C5F1010248430012219002FBE8
:1004D00000A0B0FBF5F007B2012F00DA01270021E0
:1004E00020460EF0B1FB054620460DF019FF301AEC
:1004F000284400B2319020460DF0DEFF2999081AF9
:10050000284400B2329012A808F064F812AA4D46AE
:10051000494620460FF096F89DF8570020F0070056
:100520008DF85700FF208DF84B00608BBDF8481008
:100530000844ADF8AE00414668460DF0B7FB00E058
:100540008AE04748019004200D95002602907BE048
:10055000ABEB0A017143401E91FBF0F1319801446D
:10056000A08A0E9608440FFA80F92798F8F744FFFE
:1005700066E0287BC0075FD12946204606F02AF9AD
:100580007A1E4A4412B2ADF8AC20219B01B23B4422
:100590004846ADF8A89003440FFA83F9BDF99430AA
:1005A0009A4249DBBDF9982090424BDC2889ADF88E
:1005B0004C008819B4F88210DDF8A0C090FBF1F26D
:1005C00001FB12002A7B6968C2F3001304EB4302AB
:1005D00000B232F96C3F31F91010B2F90420C91A97
:1005E00001FB0CF1D21A91FBF2F1ACEB0102329952
:1005F000E38A11441944ADF8AA10696831F9101062
:10060000A1F5FE42FF3A17D02AA9039112A911952C
:10061000049169686A4631F9100010901A21204649
:1006200009F012FD2AAA12A9404607F0BFFF6A4648
:100630001B21204609F008FD29462798F8F7D9FE26
:10064000050096D1761CB6B2B4F88200B0423FF6EF
:100650007FAF3098C8F8080035B0BDE8F08F0000D3
:100660002CB002082DE9F04F89468A6800F1140188
:10067000C1B005460F463CA8F8F7E7F900287DD041
:100680003CA9D9F808A0C9F80810B5F882000228DA
:1006900074D3002128460EF0D7FA044600212846DC
:1006A0000EF0CEFB0619002128460EF04DFC044446
:1006B00028460DF03BFDB5F88410484340F30F2069
:1006C0000F9028460DF018FDB5F88610484340F30A
:1006D0000F20099028460DF023FE0146A88A3044D9
:1006E000401A00B2399028460DF0E6FEE98A21440E
:1006F000081A00B23A9039463EA8D9F80820F8F70F
:10070000A4F900283AD027A807F027FA27AA4FF41F
:10071000A02128460EF038FF2AA807F05BFF4FF40F
:1007200000342AAA214628460EF08CFF214628468E
:100730000EF02DFD00EBD0704710214628460EF03C
:10074000BFFA00EBD07041108B46BDF99E005F45AB
:1007500001DA3A4600E00A4600EBD071B2EB610FD5
:1007600005DD9DF8A51041F010018DF8A5100128B8
:1007700007D19DF8A50040F0100000E086E18DF85B
:10078000A500B5F882100F98814201DB012000E03E
:1007900000203B9005F124003890F8F72DFE70E121
:1007A000207BC0077ED12089ADF89C002089ADF860
:1007B000AC002146284606F00DF800B20C9039989E
:1007C000ADF81800ADF808000C980590139061681A
:1007D000099B31F91000217BC1F3001205EB4201A6
:1007E00031F96C2FB1F90410801A5843891A90FB23
:1007F000F1F0191A3A980844ADF80A00494614A8CD
:100800000DF054FAA3481590032016904FF4A02041
:10081000219027A81A902AA825941890BDF90A00BB
:10082000039000260790E9E0BDF90810ADF8181014
:10083000BDF80A00ADF81A00BAF90420781C10447B
:1008400081427BDC0F98B5F882207043531E90FBE9
:10085000F3F33998184400B2ADF808000C9B334408
:1008600093FBF2FC02FB1C3212B205926368DDF8C6
:1008700024C033F91220237BC3F3001305EB430399
:10088000B3F96C80B3F97030A2EB080202FB0CF2F2
:10089000A3EB080392FBF3F2ACEB02033A9A1A447F
:1008A00012B200E0E9E0ADF80A209046BAF9002063
:1008B000D21B521E90423FDB002E3DD03B9AE2B34A
:1008C0006368139A33F912C047F6FF72944533D028
:1008D000DDF814C033F91C3093422DD0079B9845A6
:1008E00001DA1A4600E04246039B0792984501DD73
:1008F0001A4600E04246039281427BD0401EADF88A
:100900001800ADF808000798ADF81A20ADF80A00F5
:10091000824202D1401CADF80A0002AB06AA27A908
:10092000484607F00DF9BDF80800CDF80C80401CD2
:10093000ADF80800CDF81C805CE000E063E0BDF895
:100940001800C11B3844ADF83800BDF81A00ADF8E6
:100950003410A0EB0B015844ADF83A00701E229001
:10096000ADF836106168139831F9101047F6FF7032
:10097000814201D006A900E000211D91626805991D
:10098000804632F91110414501D002A800E0002054
:100990001E900DA817906168139814AA31F91000E1
:1009A00024901A21284609F04FFB6068139930F90A
:1009B000112042450AD0059930F91110414505D062
:1009C00002AB06AA27A9484607F0BAF86FB1BBF1F7
:1009D000000F0AD06168139831F91010414504D016
:1009E0000DAA2AA9484607F0E1FD14AA1B212846B2
:1009F00009F02AFB0598761CB6B21390B5F8820070
:100A0000B0423FF611AF3B98B8BBB5F88200B04298
:100A100033D16168059831F91010A1F5FE40FF3817
:100A20002BD0BDF80800761EC11B3844ADF830103D
:100A3000ADF83400BDF80A0014AAA0EB0B0158442D
:100A4000ADF8360000201D901E900CA81790ADF850
:100A5000321022966168059831F9100024901A210D
:100A6000284609F0F1FA0CAA2AA9484607F09EFD8B
:100A700014AA1B21284609F0E7FA21463898F8F70E
:100A8000B8FC04007FF48CAEC9F808A041B0BDE802
:100A9000F08F00002CB002082DE9F04F8A468A68DA
:100AA000B9B0054600F1140137A8F7F7CEFF0028CA
:100AB0007BD0DAF80800349037A9CAF80810002172
:100AC00028460EF0C1F80446002128460EF0B8F979
:100AD0000646002128460EF037FA074628460DF054
:100AE00025FBB5F88410484340F30F203390284687
:100AF0000DF002FBB5F88610484340F30F20249018
:100B000028460DF00DFCA98A32191144081A00B2CA
:100B1000259028460DF0D0FC0146E88A3A19104489
:100B2000401A00B228902CA807F017F82CAA4FF40E
:100B3000A02128460EF028FD16A807F04BFD4FF423
:100B4000003416AA214628460EF07CFD2146284690
:100B50000EF01DFB00EBD0704FEA600921462846DD
:100B60000EF0AEF800EBD07043109846BDF9B2001D
:100B70004A46C14500DB1A4600EBD071B2EB610F6B
:100B800005DD9DF8B91041F010018DF8B91001286C
:100B900005D19DF8B90040F010008DF8B90005F1BD
:100BA00024002A90F8F728FC3EE143E1207BC007AF
:100BB0007ED12089ADF8B0002089ADF85C002146D7
:100BC000284605F007FE06B22598ADF8D80029960C
:100BD000ADF89C006068B34630F816000A282CD0A7
:100BE000339800902068002330F91670207BC0F302
:100BF000C00105EB4100B0F97820B0F97410384617
:100C00000BF0ADFF259900230844ADF89C00249813
:100C10000090606830F91670207BC0F3001105EB7E
:100C20004100B0F97020B0F96C1038460BF097FF16
:100C30002499081A2899084402E08048ADF89C00DD
:100C4000ADF89E00514602A80DF030F84FF4A020F8
:100C50000F907B480390032004902CA8089016A8BE
:100C60000027139406909FE0BDF89C00ADF8D800D3
:100C7000BDF89E00ADF8DA002998B5F88220C119B8
:100C800091FBF2F002FB101006B2606830F916001A
:100C9000A0F5FE41FF3969D024990091217BC1F371
:100CA000001205EB4201B1F97020B1F96C1000E0BF
:100CB000B6E000230BF053FF24990023081A28996B
:100CC0000844ADF89E0033980090217B2068C1F362
:100CD000C00105EB410130F91600B1F97820B1F9F6
:100CE00074100BF03CFF25990844ADF89C00EFB35D
:100CF000BDF8D800A0EB0901ADF8BC104844BDF820
:100D0000DA10ADF8C000A1EB0800ADF8BE0001EBB1
:100D10000800ADF8C200781E1090616831F91B1010
:100D2000A1F5FE40FF3801D036A900E000210B916B
:100D3000616831F91610A1F5FE40FF3801D027A8EF
:100D400000E000200C902FA80590616802AA31F9FC
:100D50001B0012901A21284609F076F9616847F6BF
:100D6000FF7031F91B20824216D000E019E031F902
:100D70001610814210D027AB36AA2CA9504606F097
:100D8000DFFEB9F1000F07D0B8F1000F04D02FAA91
:100D900016A9504607F00AFC02AA1B21284609F0B2
:100DA00053F97F1CB346BFB2B5F88200B8423FF694
:100DB0005BAFB5F88200B84232D1606830F91610E6
:100DC000A1F5FE40FF382BD0BDF89C007F1EA0EBA4
:100DD00009014844ADF8C000BDF89E00ADF8BC1054
:100DE000A0EB08014044ADF8C2000020ADF8BE10F1
:100DF0000B900C902FA810970590606802AA1A21FA
:100E000030F916001290284609F01EF92FAA16A9EB
:100E1000504607F0CBFB02AA1B21284609F014F923
:100E200021462A98F8F7E5FA04007FF4BFAE34991A
:100E3000CAF8081039B0BDE8F08F000001E0FFFFEC
:100E40002CB002082DE9F74FB1F92E00AAB01446D4
:100E50000E46002872D096F8361002296ED9012865
:100E600008D1B6F93400002804DC308E10B9708E39
:100E70000028EFD02088318E4218B08E151AADF8B8
:100E80002850A28811440B18ADF82C306088718E60
:100E90000844B18E421AADF82A20E088718E0844C9
:100EA000B18E0144ADF82E10B6F92E0000EBD070D3
:100EB000A5EB60056D1EADF84C50012505EB6000FB
:100EC0001844ADF85000B6F92E0000EBD070A2EB3C
:100ED0006000401EADF84E00B6F92E0000EBD07059
:100EE00005EB60000844ADF8520096F836002990F2
:100EF000FD2801D9FF2029902A9813A9826827A8E4
:100F0000F7F7A3FD0028A5D021461DA804F076FB25
:100F10004FF0FF38414642461DA804F0E3FBB6F906
:100F200000901DA804F0CCFB04461DA804F09CFB17
:100F300084421DA803DA04F0C3FB02E0FEE304F0E0
:100F400093FBB9EB600F01DD4FEA6009B6F9004091
:100F50000AA804F0B5FB05460AA804F085FB854203
:100F60000AA802DA04F0ACFB01E004F07DFBB4EB6C
:100F7000600F00DD4410B6F92E00051905FB05F0E1
:100F800040000BF039FE10900146B6F92E202346A2
:100F90000AA816F069FA13A806F0E2FF012720B9A3
:100FA000F078FF2801D3B07860B1002701234A46CA
:100FB0001DA920A807F040FA002120A806F0F0FDA6
:100FC000269001E0CDF8988013A804F079FB0BF08F
:100FD00013FE83461C2115A80BF07AFFCDF854D0E0
:100FE000CDF860B0CDF868D0B08DADF85C0096F863
:100FF00036008DF86C00B0788DF86D00BDF85000AB
:10100000BDF84C20ADF80400811A491C09B201EB6F
:10101000D17102EB61010FFA81FABDF85220BDF8DF
:101020004E10401B521A521C12B202EBD27201EB4C
:101030006202401C14B200B26A1EADF80000ADF8A6
:101040000210114409B20992ADF8061052465045FB
:1010500000DC1046ADF80000A14200DB21462A98D2
:10106000ADF806106946826806A8F7F7EEFCD0B323
:101070004A461DA906A8F7F710FDA0BBBDF81C0045
:10108000BDF91810BDF91A20401A401C00B2089092
:10109000BDF94E301098D21A02FB0500BDF9502060
:1010A000521B891A0844401E059047B14A461DA9A3
:1010B00006A8F7F762FD10B101200F9000E00F972E
:1010C0000898002827DDBDF81800ADF80000BDF82D
:1010D0001C00ADF804000220CDF860B08DF864006B
:1010E000BDF91A8013E016E0ADF802800F98ADF854
:1010F000068070B30598189015A92A9807F060FC2F
:1011000005982844059008F101000FFA80F8BDF910
:101110001E104145E8DABDF85000ADF80400401B50
:10112000401C00B2ADF80000BDF85220ADF806201A
:10113000511B491C09B2ADF802105246504500DC63
:101140001046ADF80000601C1190814216DD084683
:1011500015E0FFE72A46584605990BF0E7FDBDF973
:10116000181042465846089B06F0BCFE8DF86400F5
:101170000128C1D102208DF86400BDE7601CADF8E4
:1011800002002A986946826806A8F7F75EFCD0B389
:101190004A461DA906A8F7F780FCA0BBBDF81C00B5
:1011A000BDF91810BDF90620401A401C00B2089085
:1011B000BDF91E301098D21A02FB0500BDF950206F
:1011C000521B891A0844401E059047B14A461DA982
:1011D00006A8F7F7D2FC10B101200F9000E00F979E
:1011E0000898002827DDBDF81800ADF80000BDF80C
:1011F0001C00ADF804000220CDF860B08DF864004A
:10120000BDF91E8013E016E0ADF802800F98ADF82E
:101210000680B0B30598189015A92A9807F0D0FB5E
:10122000059828440590A8F101000FFA80F8BDF94F
:101230001A104145E8DDBDF84C0009992844ADF885
:101240000000BDF85000401BADF80400BDF84E0092
:10125000ADF80200084400B2ADF80600A04200DB81
:101260002046ADF806002A986946826806A8F7F776
:10127000ECFBB0B34A461DA906A8F7F70EFCA8B1CF
:101280007CE0FFE72A46584605990BF04FFDBDF973
:10129000181042465846089B06F024FE8DF864005C
:1012A0000128B9D102208DF86400B5E7BDF81C0013
:1012B000BDF81810BDF90220401A401C00B2089079
:1012C000BDF91A101098891A01FB050005904FB15D
:1012D0004A461DA906A8F7F750FC18B101200F9047
:1012E00001E04BE00F970898002847DD0F9860B1A8
:1012F00000201890BDF81800ADF80000BDF81C00E3
:10130000ADF80400BDF91A0033E0CDF860B0F1E7A4
:10131000ADF802800F98ADF8068060B12998FF28DB
:101320000598007804D096F8361010FB01F0000AFA
:101330008DF86C0013E00598089A017858460BF078
:1013400095FDBDF9181042465846089B06F0CAFDA7
:101350008DF86400012802D102208DF8640015A9DF
:101360002A9807F02DFB05982844059008F1010004
:1013700000B2BDF91E1080464145C9DA96F8360024
:101380008DF86C00BDF84C002844ADF80000BDF8A5
:101390005000BDF85210401BADF80400481B401C23
:1013A000ADF8061000B21199ADF80200884200DCD9
:1013B000601CADF802002A986946826806A8F7F713
:1013C00044FB78B34A461DA906A8F7F766FB48BB5D
:1013D000BDF81C00BDF81810BDF91E20401A401CB5
:1013E00000B20890BDF906101098891A01FB05009B
:1013F00005900898002851DD3FB14A461DA906A86E
:10140000F7F7BBFB0020189001E0CDF860B0BDF805
:101410001800ADF80000BDF81C00ADF80400BDF9DF
:101420001E0036E03AE000BFADF80280ADF806805D
:101430008FB14A461DA906A8F7F79FFB2998FF28F8
:101440000598007804D096F8361010FB01F0000AD9
:101450008DF86C0013E00598089A017858460BF057
:1014600005FDBDF9181042465846089B06F03AFDA6
:101470008DF86400012802D102208DF8640015A9BE
:101480002A9807F09DFA059828440590A8F10100D4
:1014900000B2BDF91A1080464145C5DD96F8360008
:1014A0008DF86C00BDF85000ADF80400411BBDF88C
:1014B0004E00491C0AB22844ADF8002000B2ADF835
:1014C0000200BDF85210119B491B09B2ADF806107D
:1014D000984200DB601CADF80200A14200DC21460E
:1014E000ADF806105046524500DC02462A98ADF889
:1014F00000206946826806A8F7F7A7FAB8B34A46FB
:101500004E461DA906A8F7F7C8FA80BBBDF81C0017
:10151000BDF91810099A401A401C00B208901098A2
:1015200002FB0500BDF95020521B891A0844401ED9
:101530000590EFB132461DA906A8F7F71EFB10B1C2
:101540004FF0010800E0B846059818900898002868
:1015500036DDBDF81800ADF80000BDF81C00ADF890
:10156000040002208DF86400BDF91A6024E027E031
:10157000B8465846E9E700BFADF80260ADF806602E
:10158000B8F1000F12D15846089A05990BF0CEFB1E
:10159000BDF9181032465846089B06F0A3FC8DF89A
:1015A0006400012802D102208DF8640015A92A9850
:1015B00007F006FA761C36B2BDF91E00B042DBDA3F
:1015C0000022109817E000BF00EB050EAEF10101FC
:1015D000002305EBD57608E090F800C091F8008074
:1015E00000F8018B01F801C95B1CB3EB660FF3DB5C
:1015F000521C704612B2AA42E6DBBDF84C000999B3
:10160000ADF80000084401B2BDF84E00119B28441B
:1016100000B2ADF80200BDF85220ADF80410521B24
:1016200012B2ADF80620984200DB601CADF8020053
:10163000A24200DC2246AAF10100ADF806200C907F
:10164000814200DB01462A98ADF8041069468268A1
:1016500006A8F7F7FAF9A8B34A464E461DA906A808
:10166000F7F71BFA70BBBDF81C00BDF91810099AFA
:10167000401A401C00B20890109802FB0500BDF90A
:101680000020891A08440590EFB132461DA906A82A
:10169000F7F773FA10B14FF0010800E0B84605986B
:1016A00018900898002835DDBDF81800ADF8000046
:1016B000BDF81C00ADF8040002208DF86400BDF9EF
:1016C0001A6023E026E0B8465846E9E7ADF8026024
:1016D000ADF80660B8F1000F12D15846089A059986
:1016E0000BF024FBBDF9181032465846089B06F053
:1016F000F9FB8DF86400012802D102208DF8640006
:1017000015A92A9807F05CF9761C36B2BDF91E00BF
:10171000B042DBDABDF84C000999ADF8000008448E
:10172000BDF84E10099AADF80210114400B2ADF8A0
:10173000040009B2ADF806100C9A00E05AE190429C
:1017400001DBAAF10100ADF80400A14200DB214653
:101750002A98ADF806106946826806A8F7F775F969
:10176000C0B34A461DA906A8F7F797F990BBBDF884
:101770001C00BDF91810BDF91A20401A401C00B217
:101780000890BDF902301098D21A02FB0500BDF98D
:101790000020891A01EB000847B14A461DA906A896
:1017A000F7F7EBF910B101200F9000E00F970898C0
:1017B000CDF860B0002822DDBDF81800ADF80000BB
:1017C000BDF81C00ADF8040002208DF86400BDF9DE
:1017D0001A6010E013E000BFADF802600F98ADF89A
:1017E0000660C8B3CDF8608015A92A9807F0E8F81C
:1017F000761CA84436B2BDF91E00B042ECDABDF842
:101800004C00ADF800000999BDF85220084401B21F
:10181000501BADF80410401CADF8062000B2119A20
:10182000ADF80200904200DC601CADF802000C989C
:10183000814201DBAAF101012A98ADF80410694642
:10184000826806A8F7F701F9C8B34A461DA906A899
:10185000F7F723F9A8B15AE0FFE72A464146584670
:101860000BF064FABDF9181032465846089B06F092
:1018700039FB8DF864000128B6D102208DF8640090
:10188000B2E7BDF81C00BDF91810BDF90620401ADA
:10189000401C0FFA80FABDF91E301098D21A02FBD4
:1018A0000500BDF90020891A0E184FB14A461DA93E
:1018B00006A8F7F762F918B14FF0010801E026E039
:1018C000B846CDF860B0BAF1000F20DDBDF81800C1
:1018D000ADF80000BDF81C00ADF8040002208DF842
:1018E0006400BDF91E400EE0ADF80240ADF80640C0
:1018F000B8F1000F2FD0189615A92A9807F060F8B4
:10190000641E2E4424B2BDF91A00A042ECDDBDF8DD
:101910004C0069462844ADF80000BDF85000401B5B
:10192000ADF80400BDF84E00CDF860B02844ADF825
:101930000200BDF85200401BADF806002A988268EC
:1019400006A8F7F782F8E8B34A461DA906A8F7F7F4
:10195000A4F8A0B141E02A46314658460BF0E6F91A
:10196000BDF9181053462246584606F0BBFA8DF8CA
:1019700064000128C0D102208DF86400BCE7BDF9E5
:101980001C10BDF918000A1A521C15B2002D24DDD6
:10199000ADF80410ADF80000BDF91A4019E000BF21
:1019A000ADF80240ADF80640294658460BF0BEFAA5
:1019B000BDF918102B462246584606F093FA8DF8CA
:1019C000640000E009E015A92A9806F0F9FF641CFC
:1019D00024B2BDF91E00A042E2DA2FB920A806F019
:1019E000A3FA269806F0D2FD10980BF051F958464C
:1019F0000BF04EF92DB0BDE8F08F00002DE9F74F48
:101A0000B4B092460546114601F0ECFF04468068EA
:101A1000C0F30E07012F7DD9000404D4208810B92B
:101A20006088002876D060687F1EC0F30E40474370
:101A300070D0002128460DF003FA06460021284602
:101A40000DF002F9064428460CF070FBB5F884103E
:101A5000484340F30F2806A805F0F0FF06AA4FF40C
:101A6000C02128460DF040FD28460CF059FCA98AFB
:101A70003144081A0FFA80F92089BAF1020F4FEAAF
:101A8000004007D000284BDA4FF4C02128460DF063
:101A90005BFA46E0002805DA4FF4C02128460DF035
:101AA00081F900E000208346688B401C06B235981F
:101AB0008068B0F90610B1422CDB0699B4F9002019
:101AC000B0F90200B1F90810114406EB0B02114401
:101AD00081421FDB28A806F040F828AA4FF4C02155
:101AE00028460DF051FD0020ADF8A600ADF8A40089
:101AF0000FA835990CF0DAF88E4810900620119056
:101B000002201D904FF4C0201C9006A8149028A815
:101B1000159000E00AE1BAF1020F07D0012006E0BB
:101B200000208346E88A401E06B2D3E700202690B4
:101B300095F8880000F00700022819D100212846F6
:101B40000DF066F9B5F88410B5F88220484300120C
:101B500008EB000191FBF2F109B2081A00EBD07218
:101B600009EB6201A8EB00000FFA81F90FFA80F887
:101B7000ADF886600026D6E060684FF0000AC0F33A
:101B80000E40B6FBF0F100FB116008B94FF0010AFE
:101B9000BDF9A210A8EB01007043B0FBF7F101EB17
:101BA0000900ADF88400ADF80C00BDF98610269848
:101BB00048B1BAF1000F02D0B4F9000001E0B4F965
:101BC0000200081A08E0BAF1000F02D0B4F90000D0
:101BD00001E0B4F902000844ADF80E0021A8189005
:101BE00003A8199095F8880000F00700032848D052
:101BF0006068C0F30E40B6FBF0F31F93BAF1000F1C
:101C000068D02089000465D54BA2102130A8EEF7DA
:101C100043FC06A8149030A81A9010201B900FAA1D
:101C20001A21284608F010FABDF92A104FF0000AD0
:101C300041F6FF728DE80604BDF92C3025A8069AFE
:101C40001A9911F0ADFCBDF99410BDF80C0001EB30
:101C5000D172A0EB620100EB620002B209B2BDF8E2
:101C60000E302698ADF88C10ADF89020C0B1A3EBE3
:101C70000B00BDF89630ADF89200C01AADF88E009A
:101C800017E026983A4605EB4001B1F9780000903C
:101C9000B1F97430002130460AF061FF0346ACE729
:101CA00003EB0B00BDF89630ADF88E001844ADF88C
:101CB0009200B5F91400824215DBB5F91800814293
:101CC00011DCCDF800A023AA06A91A9B359805F0CF
:101CD00015FC08E0002014901A901B900FAA1A21FE
:101CE000284608F0B1F9BDF9A200BDF9841000EB57
:101CF000D07001EB6002B5F914108A420DDBBDF91A
:101D00000C10A1EB6000B5F91810884205DC03AB9C
:101D100021AA28A9359805F013FF0FAA1B212846F0
:101D200008F092F9761CBE427FF626AF37B0BDE8C8
:101D3000F08F00002CB00208256400002DE9F74F59
:101D4000B8B090460446114601F04CFE0546806846
:101D5000010404D4298811B9698800296FD0C0F31F
:101D60000E06012E6BD96868761EC0F30E404643FE
:101D700065D05FEA080000D001201D9000212046B8
:101D80000CF062FF8146002120460DF0DDF8074689
:101D900020460CF0B1F9B4F88610484340F30F2008
:101DA0002D9020460CF088FB024607EB0900E38AE1
:101DB0004FF4C0271844801A00B23290B8F1000FD7
:101DC000394620460DD00DF077F82190B4F918006F
:101DD000B5F900A0B5F902908346B8F1010F06D01D
:101DE0000DE00DF02DF82190B4F91400F0E7CAF1E0
:101DF00000000FFA80FAC9F100000FFA80F919A863
:101E000005F0ABFE19AA394620460DF0BDFB23A80C
:101E100005F014FE23AA394620460DF065FB03A801
:101E200039990BF043FF724804900620059019A8D9
:101E3000CDE91078099023A808900027D2E0D4E0DB
:101E4000BDF966102D98401A7843B0FBF6F1329830
:101E5000B8F1000F0844ADF85600ADF85E005846E2
:101E6000ADF854B069D0401CADF854000020029089
:101E70006868C0F30E40B7FBF0F100FB117000285A
:101E800074D0BDF85410A1EB090000BFADF85C00A0
:101E900015A80C9017A81D990D9004EB410032462F
:101EA000B0F970100091B0F96C30F01B00210AF00D
:101EB00056FE034613900298F0B32889000468D5B3
:101EC0004CA2102133A8EEF7E7FA23A8089033A814
:101ED0000E9010200F9003AA1A21204608F0B4F8A3
:101EE000BDF99E00002241F6FF718DE80700BDF9A3
:101EF000A0302BA8239A0E9911F052FBBDF9AE1019
:101F0000BDF85E0001EBD171A0EB610200EB610056
:101F10001D9912B2002900B2BDF85C10ADF87E2008
:101F2000ADF8820029D0219B0B44ADF87C30BDF880
:101F3000AC300B44219901E02BE015E001EB0301EB
:101F4000ADF88010B4F9161088422BDBB4F91A00F2
:101F5000824227DC002000901FAA23A90E9B3998FB
:101F600005F0CCFA1EE001E0401E7DE70120BDF83F
:101F700054100290A1EB0A0088E7BDF8AC30A1EB49
:101F8000030C219BACEB0303ADF87C30219BC91AF9
:101F9000D6E7002008900E900F9003AA1A21204641
:101FA00008F052F8BDF96600BDF9561000EBD0708C
:101FB00001EB6002B4F916108A420DDBBDF95E1028
:101FC000A1EB6001B4F91A00814205DC17AB15AA38
:101FD00019A9399805F0B4FD03AA1B21204608F081
:101FE00033F87F1CB7427FF62BAF3BB0BDE8F08FD4
:101FF0002CB002082564000070B5044609F082FC8C
:1020000048B1006882680AB1217A9047207E810732
:1020100042D4C0077BD1002160680CF0C5F80025D0
:1020200018E0017A0A0610D5802904D0227A21F01E
:102030008001914209D14168E160016820468847EA
:10204000207E810728D4C00761D16D1C29466068B5
:102050000CF0AAF818B101680029F6D0E1E7214692
:1020600000200BF0CFFF050053D0002160680CF07A
:102070009BF8002619E0016891B1017A0A060FD495
:1020800011B1227A91420BD14168E160016820468A
:102090008847207E810701D5012070BDC00736D159
:1020A000761C314660680CF07FF810B1012DE2D04B
:1020B0002FE0012D2DD16068416851B3217E490781
:1020C00027D4217A232919D0242917D0A9030DF068
:1020D00056F9F0B1207A11381C280FD2DFE800F051
:1020E00019191919191919191919190E0E190E0E8C
:1020F000191919190E0E0E0E19190E19606840687B
:1021000060602046FFF778FF0546012801D00020D7
:1021100070BD284670BD00002DE9FF4F8A880B88EE
:1021200089B0D21A521C17B2CA8849880446511A7B
:10213000DDE916B8491C19980FFA81F9012813D066
:10214000022813D0032843D1434E00BF5FEA0800A2
:102150000ED0002006902088ADF8140098F80000FA
:10216000FD2838D35A4639E03C4EEFE73C4EEDE7C8
:102170002088ADF80000ADF808005A4600990C9888
:10218000B0470590002020E0002517E0BDF80800CA
:1021900034F8151088420BD004EB45005A460088ED
:1021A000ADF81400ADF8080005990C98B0470590FB
:1021B00004EB4500BDF8141001806D1CBD42E5DB49
:1021C0000B9804EB400408F1010080464845DBDB36
:1021D0000DB0BDE8F08F00FB0BF0020A05990C98DA
:1021E000B0470890002033E0002528E018F80500EB
:1021F00020B30699884205D1BDF8141034F8152093
:10220000914216D0FD2801D35A4602E000FB0BF0A4
:10221000020A04EB45000088ADF8180006990C98F6
:10222000B047089018F80500069034F81500ADF88E
:10223000140004EB4500BDF8201001806D1CBD4268
:10224000D4DB0B98189904EB400488440AF1010090
:1022500082464845C8DBBBE73FB40008B7B3000877
:10226000C3B400082DE9FF4F044688880A8883B06C
:10227000801A401C05B2C8884988DDE910A6401ABA
:10228000401C0FFA80F976B1BDF81800BAF1FD0FC5
:1022900000EB004000907CD3A5F104084FF0000B48
:1022A000BDF818A049E1BAF1FD0F0FD3002608E0F0
:1022B0002A462046069904F02DFB0598761C04EB6F
:1022C00040044E45F4DB07B0BDE8F08FBDF80010C8
:1022D000002060F3020189B260F3C70189B260F3A4
:1022E0000C2189B260F34F31ADF8001088B2009034
:1022F000BDF80000009001465246069804F018FC14
:1023000001900AF104000699C008C00689B2000EC7
:10231000C1F3C40212FB00F262F30F064A07920EE9
:1023200002EB513212FB00F262F31F46C1F30421AB
:1023300011FB00F161F30F07BA46C0F1FF02002361
:102340005AE0002052E000BFBDF8007034F81010D1
:102350008F4245D004EB40010988ADF80810BDF864
:102360000870ADF80010B1B2C7F3C40C1CFB021129
:1023700001EBC11C0CEBC131C1F3C45CBDF804100E
:102380006CF3C7014FEA477C4FEA9C6C0CEB573C5F
:1023900000E0D9E04FEA16481CFB028C0CEBCC188D
:1023A00008EBCC384FEA986868F302010CEBCC18C4
:1023B00008EBCC3CCCF3C25C6CF34F311FFA8AFCC7
:1023C000C7F3042717FB02C707EBC71C0CEBC73783
:1023D000C7F3C45767F30C21ADF8041089B201911B
:1023E00004EB4007BDF804103980401CA842ABDB69
:1023F00005985B1C04EB40044B45A2DB63E7002718
:1024000010E03278FF2A12D02088ADF8040001993C
:10241000069804F08DFB0190BDF804002080A41CF8
:10242000761C7F1CAF425DDAB007EAD15AE0A4F80F
:1024300000A0F4E73068411C43D0E8B33278FF2AAB
:1024400053D02088ADF804000199069804F070FB81
:102450000190BDF80400208016F8012FA41CFF2A6B
:1024600046D02088ADF804000199069804F060FB7E
:102470000190BDF80400208016F8012FA41CFF2A4B
:1024800039D02088ADF804000199069804F050FB7B
:102490000190BDF80400208016F8012FA41CFF2A2B
:1024A0002CD02088ADF804000199069804F040FB78
:1024B0000190BDF8040000E011E02080A41C761C0F
:1024C0000FE0A00707D0A4F800A002200099015156
:1024D000A4F806A003E0009820600098606008342B
:1024E000361D3F1D4745A5DD1CE0A4F800A0B3E75D
:1024F000A4F800A0C0E7A4F800A0CDE7A4F800A0CD
:10250000DCE73278FF2A1CD02088ADF8040001995E
:10251000069804F00DFB0190BDF804002080A41C77
:10252000761C7F1CAF42ECDB05980BF1010B401BC6
:1025300004EB40041298401B0644CB45FFF65FAF06
:10254000C1E6A4F800A0EAE700222188ADF8001057
:102550009346104633E0002727E0307818B39042C6
:1025600005D0FF282FD000FB0AF31B0A9B469042A0
:1025700003D134F81700814210D0BBF1FF0F24D0F3
:1025800004EB47005A460088ADF800000099069811
:1025900004F0CEFA0090327834F8171004EB4700BC
:1025A000BDF800300380761C7F1CAF42D5DB059858
:1025B00004EB40041298401B064408F101008046D9
:1025C0004845C8DB7FE65346D0E70698E2E70000BF
:1025D0002DE9FF4F83B00C46DDF84480F7F7B6F9DC
:1025E000BDF818A08146B8F1000F0CD0A088218852
:1025F000401A401C07B2E0886188401A401C0FFA5C
:1026000080FB002641E0B4F9026017E0B4F9005005
:102610000FFA86F80DE010980290ADF804A0CDF8FE
:102620000080D9F800002BB2059AC7690399B84712
:102630006D1CB4F90400A842EDDA761CB4F906006A
:10264000B042E3DA07B0BDE8F08F002518E000BF24
:1026500018F8050098B11099ADF804A04843000A95
:10266000029060880399304400B200902088059A57
:10267000284403B2D9F80000D0F81CC0E0476D1C14
:10268000BD42E5DB1298761C80445E45DDDBD9E770
:1026900000680968884201D1012070470020704716
:1026A00040680A6820F04040904200D20860002054
:1026B000704700002DE9FF4F83B00E46DDE910B4EE
:1026C0001746002103980CF056FD0546002103989B
:1026D0000CF0EAFA0146F07882070BD5C30742F204
:1026E000D17202D0954202D006E0914206D120F08C
:1026F0000200F070C00701D07B4800E07B488146B3
:10270000F078C00712D079484FF0000AA4F802A070
:10271000A4F804A0C4F810A0A4F800A0C4F808A06D
:10272000C4F80CA0804639460197AAE06E48EBE752
:102730000198B84206D04FF4000128460CF01FFE65
:1027400000286FD16A4928460CF020FE00286AD183
:10275000002128460CF098FA029070B32069401CC2
:102760002061A28802EB0B01A180217DC9076DD0F9
:1027700000EB800080000AF03FFA009000287AD039
:10278000E16851B12069401E00EB80008200009892
:102790000AF0CCFAE0680AF07BFA206900EB8001CD
:1027A000009800EB81004FF0000140F8145CF078D5
:1027B000C007284602D0022201E035E005220CF0D5
:1027C000F9FB216900B201EB8102009901EB820162
:1027D00021F8100CF0784FF00001C007284601D016
:1027E000032200E006220CF0E5FB216900B201EBB8
:1027F0008102009901EB820121F80E0C20690299F7
:1028000000EB8002009800EB820040F8081C206971
:1028100000EB8002009800EB820040F804AC0098C6
:10282000E06013E033E020E028464946884701464F
:10283000F078800705D5B4F9040042180698824262
:1028400025DCA28801EB0B001044A08028464146FD
:1028500088470146B4F90000814202DD284641461E
:1028600088472080A068401CA060F078400703D50E
:102870004FF0FF3001E033E0012001994118019150
:1028800005D403980BF0D4FB051E7FF451AFB4F9C7
:102890000400002802DDA0EB0B00A080206908B135
:1028A000069801E0B4F904006080CDB10198B84207
:1028B00016D1039901AA8968096851F82050F07867
:1028C000C0F38001039800F05DFE4DB128464146FB
:1028D0008847208028464946884760800120A060BC
:1028E000019807B0BDE8F08F25F30108D3E1010896
:1028F000010006002DE9F04FB14D93B004460021D0
:102900006A880CF057FB9DF81710421C62F3000117
:10291000820862F34101C00860F382018DF817104C
:1029200020460021AA880CF045FB8DF814002046B3
:102930000021EA880CF03EFB8DF8150020460021AE
:102940002A890CF037FB8DF81600002120460CF088
:1029500036F9012800D0002081469DF817004FF07D
:102960000001C00720460CD00CF0D0FA82469DF83A
:1029700017004FF00001C007204605D00CF03CFACC
:1029800004E00CF039FAF1E70CF0C0FA07909DF87A
:102990001700C007204602D00BF0C8FB01E00BF087
:1029A000ABFB06902046002132220CF003FB0546CB
:1029B0002046002110220CF0FDFAE18A2844461836
:1029C00020460BF087FD301AADF82000204600218C
:1029D00012220CF0EFFAA18A2844451820460BF089
:1029E00072FD281AADF840009DF817009DF816609A
:1029F000C00701D008AD00E010AD002120460CF06A
:102A0000BAFB1190002120460CF04EF983469DF848
:102A10001700C10708D0ABF51C52D13A02D1618C26
:102A2000490509D5C10708D1119AA2F51C51D13920
:102A300003D1618C090500D40026B9F1000F08D03C
:102A4000C00706D116B1012E02D002E0012600E037
:102A500000260027ADF83C70B8468EB39DF81700ED
:102A6000400703D5A0684268521E15E0002213E01B
:102A700000200E9009A90798CDE9000105A920467C
:102A8000069BFFF717FE0246BDF8241007EB0A006D
:102A9000084407B208F10108A0684068904201DDCF
:102AA000002AE5DAB8F1000F02D0A7EB0A0007B25E
:102AB0009DF81700C007204603D00BF01DFB02E075
:102AC0000BE00BF033FB0FA9CDE9005101460FFAE3
:102AD00088F33A46304611F0CEFA9DF817004107C8
:102AE00003D5A1684E68761E00E00026B9F1000FFC
:102AF00004D0C00702D128883844288009AFA068D4
:102B00004068B04249DD002E47DB01200E90079857
:102B1000CDE90007324605A92046069BFFF7CAFD0E
:102B20008046B9F1000F08D09DF81700C00704D106
:102B30002888BDF82410401A2880DDE90601BDF977
:102B4000202002AB019283E88300BDF94000009091
:102B50004346324605A92046F8F7C2F846460C9887
:102B60000AF096F800200C90B9F1000F03D09DF800
:102B70001700C0070AD02888BDF82410BDF83C20F3
:102B8000014402EB0A0008442880B8E7BDF83C2065
:102B9000298802EB0A00081AF6E7119942F2D1706F
:102BA000814201D0834502D120460DF0E9F900228F
:102BB0002B21204607F048FA13B0BDE8F08F000043
:102BC0001C0300202DE9F74F0546007F93464FF088
:102BD000000AC00760D14FF00108EC680026C1462A
:102BE0007CB9287FC0F3C000401E304254D1B9F1F7
:102BF000000F51D00199284688474FF0000804463D
:102C0000C1460EB9261E47D0B8F1000F06D02146A6
:102C100028465A4690470446B0423DD04FF001083E
:102C2000002CDED020680BF0A7FF0006D8D4276860
:102C30001FE0012138460CF0A2FBB0B12FB10121F9
:102C400038460CF09CFB0028CAD1E868A04223D08B
:102C5000B0B1284600F02EFB0246E8680F2100685C
:102C600007F0F2F9012817D106E038460BF0F2FA26
:102C70000746002FDDD1E8E7E86800680CF03EFE6B
:102C80002846EC6000F016FB0246E8680E2100685A
:102C900007F0DAF9012802D05046BDE8FE8FE86857
:102CA00000680CF02BFE296909B1284688470120ED
:102CB000F3E700000FB44FF4007110B5ADF5007DDF
:102CC00083AB6846829AEDF7CDFB00246846EDF7AA
:102CD0007DFDB0F5FF7F09D20D220DF80020401CCC
:102CE0000A220DF80020401C0DF8004082B269460F
:102CF0000348F3F713FF0DF5007D10BC5DF814FBDE
:102D0000004800400000000010B582B01446CDE934
:102D100000010023009A2360194B21F000409842E3
:102D20002ADA024328D0B0F5801FA8BF226810DA43
:102D30009FED150B53EC102B9DED000B51EC100B80
:102D400017F03AFECDE900016FF0350221F00040A6
:102D500022600F4B6FF31E5103EB20501044206094
:102D600041F0FF5040F0005001909DED000B00BF7E
:102D700002B051EC100B10BD9DED000BF8E7000008
:102D80000000F07F00000000000000000000504341
:102D900002FCFFFF70B5426B818C12F0060F06D06B
:102DA000C2F34102022A04D0012A05D022E0008D9C
:102DB00000E0C08C08441CE0B0F92C50468DAAB24B
:102DC000B24202D202F5B47215B2B0F92830C48C06
:102DD0009AB2A24202D202F5B47003B2701900EBAB
:102DE000D0704010844201DA601802E0834203DDB3
:102DF000501881B208B270BD0844FAE72DE9F34FCC
:102E00008FB0054669460BF0ABF928460CF08AFAFC
:102E10000B9028460BF0DDF90A90002128460CF0B3
:102E200021F80790002128460CF058F807460021A9
:102E300028460CF09BF80446002128460BF0C4FFFE
:102E40008346002128460CF06DF8064600212846EE
:102E50000BF0E4FF06F0010106EBD67201EB620114
:102E600000F0010200EBD07002EB6000491C401C36
:102E700009B200B20D2900DB0D218A460D2800DBC6
:102E80000D2081460D2F00DB0D27B8460D2C00DBF1
:102E90000D2426465846BBF10D0F01DA074600E027
:102EA0000D2700246BE0A86A00EBC40108A802F01B
:102EB000B7FBBDF920000799884213DCBDF900205B
:102EC0000D2900DB0D21511A00EB0100ADF82000A7
:102ED000BDF92200B04233DCBDF902100D2E07DA35
:102EE000324606E0BDF80020A2EB09010844EDE7F8
:102EF0000D22891A00EB01000B99ADF82200BDF9F3
:102F00002400A1EB0801891E424688421EDBBDF960
:102F10000010B8F10D0F0144104600DB0D200844ED
:102F20000A99ADF82400BDF92600C91B891E884204
:102F30001DDBBDF902100D2F08440DDA39460CE0F7
:102F4000BDF80220A2EB0A010844D5E7BDF8001045
:102F5000014401EB0900E3E70D210844ADF8260028
:102F6000002208A81099F5F758FE58B905E0BDF8F9
:102F70000210014401EB0A00F0E7641CA4B2288EA1
:102F8000A04290D8288EA04201D14FF6FF7411B014
:102F90002046BDE8F08F10F00F0000D101207047EF
:102FA000B0F90C00032101EB400020F003001030C9
:102FB00070472DE9F0474FF0000805461C461646BD
:102FC0000F46A3F80080404606E0296B228831F8BE
:102FD0001010401C11442180B042F6D30021284635
:102FE0000BF0FFFD0128284615D00BF06CFA218864
:102FF000081A2080002128460BF046FF218808444B
:103000002080296B31F816100844401EA080A4F8D7
:10301000028000201FE00BF056FA2188084420802F
:1030200028460CF07FF98146002128460BF068FF06
:1030300022880146A9EB0200401AA080296B31F8D2
:103040001610401A2080E2E7E96A628831F8101011
:10305000401C11446180B842F6D3002128460BF091
:103060009DFF61880844608028460BF033FA618830
:10307000081A6080E96A31F817100844401EE080A1
:10308000BDE8F0872DE9F05F89469346824600212E
:103090000BF0DCFE0546002150460BF013FF804686
:1030A000002150460BF056FF0446002150460BF01D
:1030B0007FFE064650460CF035F9411BA1EB080790
:1030C00050460BF086F8001B801B8742504605DAFD
:1030D0000CF028F9411BA1EB080003E00BF079F894
:1030E000001B801B00EBD07040F34F00BAF81410A7
:1030F00042191144A9F80010BAF816100219114427
:10310000A9F80210BBF1000F01D0ABF80000BDE838
:10311000F09F0000024A002152880BF04BBF0000D4
:1031200028030020034A10B5002152890BF042FF0A
:10313000C0B210BD28030020034A10B500219289B7
:103140000BF038FFC0B210BD280300202DE9FC476A
:103150000F0023D00569686928B10168B94202D11E
:103160004068BDE8FC87698A00224FF0040CC1F377
:1031700008040CE0AE6802EB820356F823100CEB57
:103180008303F35A791A8B420AD2521C92B29442A8
:10319000F0D818B107606969002048600020E0E7B6
:1031A00002EB82041222A86802EB84020026825CF1
:1031B0004FF00609022A0CD04FF00C0A6AB1DFF872
:1031C000A8C008234FF01008032A0FD0012A26D0E8
:1031D00043E009EB8402805A06E00AEB840209EB23
:1031E00084038258C05A515C461836E0ADF804108A
:1031F00008EB8401CDF800C003EB8408425A50F874
:103200000810022301A8F6F701FD30B3A96851F8B0
:103210000820801A09EB84024010895A1CE0ADF89E
:10322000041008EB8401CDF800C003EB8408425A77
:1032300050F80810022301A8F6F7E8FC68B1A96865
:1032400009EB840351F80820801A0AEB840240102D
:103250008A58C95A32F810000E18686910B1076010
:103260006869466030467CE7258E02082DE9F0410A
:103270000D46044600F0DEF8071E19D0F88A00213A
:103280002D1A38460BF020FF0689002138460BF036
:1032900036FF00EBD07105EB6101304409B200B29A
:1032A00091FBF0F0A18E80B2814201D8491E88B214
:1032B000BDE8F0812DE9F04100260746354630464D
:1032C00010E000BF08F05FFB616DB94209D1022830
:1032D00002D0042803D003E02046BDE8F081264652
:1032E0002546204608F014FB0400EBD10EB1304611
:1032F000F3E70DB12846F0E7BDE8F041002008F003
:1033000007BB00007CB50369006900255B8AC468BF
:103310009E04A3682BD4980F17D00120B0EB937FA5
:1033200031D101EB02402668019018480090A06856
:10333000042320F04042314601A8F6F767FC10B3A1
:10334000801B801061680D561DE001EB022026688D
:10335000ADF804000E4823F04042009002233146AD
:1033600001A8F6F753FC70B1801B4010EAE76068D3
:10337000405C995C38B131B1637B2268401E10FB20
:103380000320491E455628467CBD00009F44010885
:10339000B34401082DE9FF4F81B00E461D46174684
:1033A0004FF4003101980BF0F8FB00EBD0704410A3
:1033B0003F1B0198FFF7EEFC81465A3000B210F037
:1033C0002BF810FB07F04FEAE038484610F024F8DD
:1033D00010FB07F0C7134FF44039494601980BF032
:1033E00035FD8346494601980BF06CFD0090494637
:1033F00001980BF0AFFD8246494601980BF0D8FCCE
:10340000328820444244A2EB0B01091B29803288F8
:103410000099424421441144A9807188CA19A2EB41
:103420000A01091B6980718839440844E88005B0A5
:10343000BDE8F08F406A002802D000210AF0F8BDF4
:10344000704700210AF0F4BD2DE9F04105460F4612
:10345000698C00200426C1F30513EA680FE000BF61
:1034600006EBC00414595FEAC41C07D524F07F445E
:10347000BC4203D152F83000BDE8F081401C8342C9
:10348000EED84FF0806000EBB1204FEAB050688476
:10349000C0F30510C100104609F030FCE860688CEC
:1034A000C0F30514641E17D06FF003025FEA4203F5
:1034B000E86802EBC40141585FEAC11C0CD48901E1
:1034C0000AD403EBC40C00EBC4018444641EDCE9A1
:1034D000000CC1E9000CEBD1E868082100EBC40046
:1034E00009F0F6FC082009F059FBE96841F83400BE
:1034F0000EF021FDEA6806EBC401505840F08070E0
:103500005050EA6867F317005050E86850F83400EC
:10351000B2E700002DE9FC410068C068C068B0FB5C
:10352000F1F4944200DD1446154F78680068806914
:1035300020B30020ADF80000ADF80400ADF80200A3
:1035400025B2681E06B2ADF8066078686946006864
:1035500082699047BDF80600BDF80210401A401C71
:1035600000B2A04202DD351EEBDC01E0002D02DCE2
:103570000020BDE8FC81BDF90640641C2046F8E748
:10358000FC020020136821B15B1E13600BD480681D
:1035900005E05B1C1360806841688B4203DA0068B9
:1035A00050F823007047002070472DE9F843154676
:1035B0000E46044608F0A6F908F0E5F901280AD0FD
:1035C000032808D04FF6FF7005B1288006B130807F
:1035D0000020BDE8F88308F095F9694608F0A8F9DD
:1035E0004FF0000875B320460AF06DFFBDF80010DB
:1035F000084407B2002120460BF0F3FA01280CD052
:10360000A08A00213F1A20460BF03EFC381A02B275
:1036100040460021A5F8008010E0002120460BF074
:103620006FFC218B081AC01BF1E7236B33F81030B5
:10363000194409B28A4205DB401C2880A38C80B261
:103640009842F2D3FEB120460AF044FFBDF80210C2
:103650000844E18A451A002120460BF09FFC281AF5
:1036600002B240460021A6F8008008E0E36A33F881
:103670001030194409B28A4205DB401C3080E38CCB
:1036800080B29842F2D30120A3E72DE9FF4F83B027
:1036900005461F460598F6F76BF90146012088405C
:1036A000B5F8209000F0FF086FEA090080B20190A1
:1036B00095F822004FF0FF36C0F3C00A00244FF007
:1036C000040B1FE0E96801EBC4004268920140D599
:1036D000BAF1000F15D10BEBC4028958049AC1F35B
:1036E0000741090491420CD10068817911EA080F61
:1036F00007D06A4605990EF078FB012830D00228E1
:1037000031D0641C688CC0F30510A042DAD820E0E8
:10371000E96851F83400827912EA080F18D00BEBEF
:10372000C4028A58C2F307411FFA82FA049A0904B4
:1037300091420DD1019A1AEA020F09D1B24507DD73
:103740006A4605990EF051FB01280FD002280AD0D5
:10375000641C688CC0F30510A042D9D8002E0EDB83
:1037600000983860012007B0BDE8F08F5046CA4588
:10377000F6D05645ECDA064600983860E8E70020B7
:10378000F1E72DE9F047814642F30006C0F15A0007
:103790001D460F46540800B2761C0FF03DFEA7EB05
:1037A000040800FB08F0C71148460FF035FE00FB87
:1037B00008F0C011002F06DD7F3F39120A1B32448A
:1037C0002A80214405E07F3739120A1B21442A80D0
:1037D000891BA980002806DD7F380012011B3144B7
:1037E0006980204405E07F300012011B204469807D
:1037F000801BE880BDE8F087024A0021D2880BF0E8
:10380000D9BB0000280300202DE9FF4F85B00746F3
:103810000798DDE9153200891A4410440FFA80FA3E
:103820000492B88C484384B2A14600255CE0BA6A91
:1038300052F82410A1B33B6B00264FF0020E33F96F
:1038400015B0401E18E000BF04EB060C52F82CC067
:10385000BCF1000F14D09CF800C05FEACC7C0FD004
:1038600005EB06080EEB480C33F80C80761C08EBD1
:103870000B0C0FFA8CFBB6B206EB050C8445E3DBB0
:10388000087880070DD507981599B0F9080001440C
:10389000169808445146504500DC08460FFA80FA55
:1038A0001EE0DDE913020244ABEB020000B2129A03
:1038B000CDE9002000230293DDE9072303A80831A6
:1038C0000FF06EFEBDF90E100498084451465045A5
:1038D00000DC08460FFA80FAA01984B2A81985B254
:1038E000641C6D1CA4B2ADB2B88C00EB0901A142FE
:1038F0009DD809B05046BDE8F08F0000034A10B5CE
:103900000021128A0BF056FBC0B210BD2803002024
:10391000034A10B50021528A0BF04CFBC0B210BD17
:10392000280300202DE9FC410C46064600210BF03F
:10393000D1FB05464FF4802130460BF0CBFBB5F9A7
:103940000870B0F90850002130460BF0E4FBE9198B
:1039500001EBD17100EB610005B230460AF039FC91
:10396000F18A00EBD07001EB600005EBD571A0EBA4
:10397000610060802844E080694630460AF0F0FB30
:10398000BDF800002080BDF80400A080BDE8FC81E7
:103990002DE9FF410646FFF754FD040020D04FF407
:1039A0008027394630460BF095FB054630465822B5
:1039B00039460BF0FFFA06B2204608F068FB0146D4
:1039C000002041F6FF72CDE90002029033462A46FC
:1039D00003A80FF0E5FDBDF90C0004B0BDE8F081CF
:1039E0000020FAE739B1012909D0022905D00429BC
:1039F00007D0002070473C30704748307047543043
:103A000070476030704700002DE9F04104460D46D4
:103A1000668C00200423C6F30511E2680BE000BFAA
:103A200003EBC007D7595FEA871C03D527F07F4710
:103A3000AF4202D0401C8142F2D8814203D002EB57
:103A4000C000BDE8F0814FF0806000EBB6204FEA87
:103A5000B0506084C0F30510C100104609F04EF963
:103A6000E060608CC0F30510401E0DD06FF00702BF
:103A7000E16802EBC00601EBC0030E44401ED6E92C
:103A80000016C3E90016F3D10821E06809F020FA16
:103A9000082009F083F8E16808600EF04CFAE1684C
:103AA000486840F000704860E16865F317004860BE
:103AB000E068C6E730B585B0054614216846ECF7E6
:103AC00090FF0C4C0521A06816F07EFA01280AD15F
:103AD000122209496846ECF7E3FE00231A4619460C
:103AE000A06816F059F8122269462846ECF7D8FE6D
:103AF00005B030BD68010020F6BC00202DE9F04182
:103B00000D4F804600242546F8682E4668B10521F1
:103B100016F05AFA012808D1084800231A4690E8FE
:103B200070001946F86816F037F8C8E90045C8F87B
:103B30000860BDE8F08100006801002008BD002099
:103B400038B50C480D46144690F820004FF002019D
:103B5000C0074FF0120002D00DF0C4F901E00DF0E3
:103B6000D9F92246294603F02FF80090BDF800004D
:103B700038BD0000083301202DE9F0474FF0000C5C
:103B8000DDE90964089DDDF82CA0E1466F1E09BB44
:103B9000052A03D0062A01D0042A02D10023012DD0
:103BA00001D0002109E001225FF000019C4436F8B9
:103BB0001180491CC4440FFA8CFCA942F6D3ACEB2B
:103BC000030109B2072A2AD2DFE802F004070B2911
:103BD00021160D00A4F8009021E0411A01EBD171EB
:103BE00012E0411A11E0411A09B23AB291FBF2F126
:103BF000A4F800900BB212E0411A09B22AB291FB6C
:103C0000F2F10BB203EBD3714910218007E0411AA6
:103C10000AB2691C09B292FBF1F10BB223800021B8
:103C20000BE000BF34F8112036F811C0624404EBF9
:103C3000410C1A44ACF80220491CB942F2D304EBFF
:103C4000450106EB450231F8021C32F8022C114402
:103C50002288891A0AB2BAF1000F0CD0002108E0BC
:103C600034F8113036F81170C31ADB1B24F8113008
:103C7000491CA942F4D31046BDE8F08770B58AB05C
:103C80000446FFF747FA05462046FFF7B5FD002D2D
:103C90005CD000285AD069462046F6F7E7FC0C2194
:103CA00007A809F015F92046002132220BF082F90D
:103CB00005462046002112220BF07CF946192046C9
:103CC000002110220BF076F9054420460AF0FBFB98
:103CD000A18A3144081AADF8240020460AF0FAFB04
:103CE000E18A2944081AADF82600002507E000689B
:103CF00007AA694650F8250000F04CFA6D1CA06830
:103D00004168A942F3D8009808F0C2FF019808F072
:103D1000BFFF029808F0BCFF039808F0B9FF00212C
:103D200020460BF02EFA0546002120460AF0C2FF7D
:103D300042F2D1718D4201D0884202D120460CF06E
:103D40001FF900222B21204606F07EF90AB070BD33
:103D50000021A0F13002092A01D8D1B216E0612871
:103D600001D32038C0B2413806280FD2DFE800F076
:103D7000030507090B0D0A2108E00B2106E00C21C1
:103D800004E00D2102E00E2100E00F2108467047FB
:103D90002DE9F041044690F82A00C00738D0A08CE5
:103DA0000721B0FBF1F0E18CB1FBF0F200FB121245
:103DB00000EB40010A4492B2B2FBF0F300FB132087
:103DC0000844E2842085002120460BF083F9054653
:103DD000002120460BF09FF90746B5F90850204610
:103DE0000AF08AF906462046FFF72BFB0246E18CD3
:103DF000E819414306EBD67005EBD573BDE8F041F9
:103E00004010A0EB6300401A01B210460DF005B857
:103E1000BDE8F08170B50D4C064600200D460A46FF
:103E200020601D21304606F00FF9206858B1017856
:103E300039B12946ECF7FCFD28B1304621680EF077
:103E4000A3FD002070BD012070BD000048040020CB
:103E50002DE9F04188B01F4614460D4606460BF08A
:103E6000BBFD002842D0A54240D04FF4B47085423B
:103E700002D9A5F5B475ADB2844202D9A4F5B474E3
:103E8000A4B2B18C4A1995B221448CB2854202D9B0
:103E9000A5F5B475ADB2844202D9A4F5B474A4B248
:103EA00007AA06A93046FFF7EDF8394630460AF072
:103EB00074FE80463046394651220BF07BF804A947
:103EC00008B1012200E00022CDE90221CDE900483D
:103ED000BDF81C00BDF91A1082B2BDF918002B46BE
:103EE00003F0E6F804A930460BF02BFD08B0BDE85E
:103EF000F0811FB5044603AA02A9FFF7C3F86B4679
:103F0000BDF90C2002A92046FFF744FA204600F034
:103F10000FFB011E03DD0246684601F0E3FB694624
:103F200020460BF00EFD1FBDF0B50546A1F57F4004
:103F30008BB00E46FF3858D0288EB04255D9A86AAB
:103F400000EBC601684601F06BFB03A928460AF0A6
:103F500007F9002128460AF0E5FF07460021284618
:103F60000AF05CFF044628460AF000F902F0EAFF76
:103F70000A2190FBF1F2BA4201DB90FBF1F790FBD2
:103F8000F1F33AB2A34201DB90FBF1F4BDF80C303F
:103F9000BDF80000991A0844ADF80000BDF80E10F5
:103FA000BDF802000F1B3844BDF8047000B23B445A
:103FB0001A44ADF80420BDF80620ADF80200114403
:103FC000214409B2ADF80610AA8EB24209D1EA6ABC
:103FD00032F81620520504D5091A491C401AADF8CA
:103FE0000200694628460BF0ACFC0BB0F0BD2DE991
:103FF000FC470446B0F882000D46A8427DD9204611
:104000000AF094F8B4F88410484340F30F26204691
:104010000AF086F9074694F88800010705D500F0F4
:104020000700012806D002286DD02046BDE8FC47D5
:104030000BF064BC002120460AF006FE80460021F9
:1040400020460AF0FDFEA28A40441044C01B0FFA2D
:1040500080F920464FF4A02149220AF0ABFF0FFA65
:1040600080F84FF4003120460BF091F80746A08A03
:10407000ADF80000E28AADF80220208BADF8040014
:1040800008EB0700618B121A0844ADF80220ADF866
:104090000600B4F88200401EA84217DD06FB05F1B9
:1040A00091FBF0F24A44A2EB0801C91BADF80010E5
:1040B000691C714391FBF0F1494401EB080038445D
:1040C000ADF80400694620460BF03BFC002D47D0BC
:1040D000681E06FB00F1B4F88200401E91FBF0F26E
:1040E0004A44A2EB0801C91BADF800106E4396FBD1
:1040F000F0F1494401EB080001E031E003E038440D
:10410000ADF8040028E0002120460AF081FEB4F852
:10411000841048434FEA2028B4F8820006EB0801D7
:1041200091FBF0F6002120460AF08EFD8146754392
:10413000002120460AF084FEA18A484429444518FB
:10414000694620460AF00CF8E81B8119A0EB08002C
:10415000ADF80410ADF80000694620460BF0F1FB05
:10416000BDE8FC8770B505460BF0DCF80446284630
:104170000AF02FF8844201DB012070BD002070BDE1
:1041800028B10A2803D00D2801D000207047012053
:10419000704700002DE9F74F0D4682B00446B04944
:1041A0000BF0F4F800287DD12046FEF7C5FF8246CB
:1041B0002046FFF7ADFB5FEA000973D0BAF1000FAC
:1041C00070D02046FEF7AEFF07462046FFF796FB6D
:1041D000DFF890B2064620460021BBF80E200AF018
:1041E000E9FE00F0FF0820460021BBF814200AF089
:1041F000E1FEC0B201902B6807EB0A006FF00102EC
:10420000D5F808C033F8171002EB40001B5A3CF8F1
:1042100000001844401A00B200906B6806EB0900D9
:1042200002EB400033F816101A5AEB68185A104483
:10423000401A0FFA80FB002120460AF0C6FC012834
:104240000AD1B8F1000F03D0B8F1020F02D003E099
:10425000022000E000208046208BA18A401A401CEA
:104260000FFA80FA608BE18A401A401C0FFA80F93D
:104270004046B8F1010F1BD0022824D02868B8F1BD
:10428000030F30F9170028D18046608CDDF800A0BC
:1042900040F400606084019801287BD0022877D028
:1042A000032800E0D8E0686830F9167071D119E091
:1042B00029680098A0EB0A0031F8171000EBD070C5
:1042C00001EB600008E020460BF02CF8296831F87B
:1042D000172000991144081A00B28046608C20F41F
:1042E0000060D7E7608CD94640F480606084204647
:1042F0000BF018F8504504D1204609F06AFF4845F4
:1043000027D0A08AADF80000E08AADF80200208B2B
:10431000ADF80400608BADF8060020460BF0EEFA15
:1043200004F114005146054601F002FA49462846B8
:1043300001F0F9F920460BF0E1FA6A4629212046FE
:1043400005F082FE204609F085FF2246222105F075
:104350007BFE204600216B220AF02CFE06B220468E
:1043600000216C220AF026FE05B220460AF0DAFF90
:104370008146204609F02DFF0146C6F341306422F4
:104380004FF4FA634FF47A7C01281BD027E001E058
:104390000AE013E06968ABEB090000EBD07031F87C
:1043A000161001EB600008E0204609F012FF696872
:1043B00031F8162002EB0B01081A07B2608C20F4CA
:1043C000806093E726F4C040984208DC604501DD38
:1043D000C0F57A7000FB09F090FBF2F006B2C5F36D
:1043E000413001280BD125F4C040984207DC6045DC
:1043F00001DDC0F57A70484390FBF2F005B2049AF3
:1044000008EB0600791912891044A28A801A05B2B5
:10441000049840890844E18A401A06B255EA060029
:104420001AD020460BF06AFAA08A2844A082208B7A
:1044300028442083E08A3044E082608B30446083EB
:1044400020460BF05BFA05B0324629462046BDE80F
:10445000F04F00230BF0F8BA05B0BDE8F08F000074
:1044600001000600280300202DE9F041064615460C
:104470000F46002005E039462046B04701280AD003
:1044800020460FF03DFD040002D060688000F2D1AC
:104490000020BDE8F08105B12C600120F9E7038818
:1044A0000A88934201D0981A704740884988401A78
:1044B000704703780A78934201D0981A7047407881
:1044C0004978401A704700002DE9F04142680968B8
:1044D00022F040428A4227D10446FEF761FDDFF810
:1044E0004C800546D8F80820131BA2EB05005E1B84
:1044F000C8F8080015D0274661193246384608F03A
:1045000015FC06E0A068401BA0602046FEF748FDB1
:104510000444D8F808008442F4D1B819294608F0B8
:10452000D7FC0120BDE8F0810020FBE70803002054
:104530002DE9F0414FF440360446402231460AF05E
:1045400039FD05462046432231460AF033FD284412
:1045500005B2314620460AF083FD00283146204648
:1045600002DD0AF07DFD02E00AF07AFD40422844B7
:1045700005B2314620460AF07FFD0028314620462C
:1045800002DD0AF079FD02E00AF076FD404228449F
:1045900005B22046352231460AF00CFD074620467A
:1045A000382231460AF006FD384400B2854200DD6B
:1045B0002846BDE8F08170B5054605F005FD0446C6
:1045C000284605F03FFD064609F044FE05462A2C24
:1045D00001D0292C0BD10021304608F043F92846A0
:1045E00010F0CEFB2846BDE8704013F05DB870BDFA
:1045F0002DE9FC41064614468846D80729D004F127
:1046000008000125002206F114010746F4F745FAD7
:1046100058B100208DF800006A46122130460197FB
:1046200005F012FD9DF8000098B16089218A0844C8
:10463000401EE081B4F90E10B4F90600814200DD9D
:10464000E08102B02A4621464046BDE8F04103F031
:104650001BBA0025EEE72DE9F041074688B01D465C
:10466000164688460846F4F78BFF044602A94046E2
:1046700009F076FD2246114602A801F033F8022E19
:1046800005D0012E29D0002008B0BDE8F081DDE979
:104690000201CDE9040100231A4604A940460AF0AC
:1046A0008EFD04AA6846B968F4F7CFF90028EBD06C
:1046B000DDE90001CDE906010123002206A94046FB
:1046C0000AF07DFD06A902AA0846F4F7BEF9002803
:1046D000DAD006982860079809E002AA6846B96807
:1046E000F4F7B3F90028CFD00098286001986860EB
:1046F0000120C9E770B5044609F0ACFC0646002568
:1047000006E0A068006850F82500FFF7F3FF6D1C75
:10471000B542F6D3608CC1071AD020F00100608446
:1047200020460BF02DFC20460BF04CFB86B10021FF
:1047300020460AF0D1FA58B10C494968884207D896
:104740000B49096801EBC00050E90221204690475F
:10475000608C810708D520F0020060842046BDE807
:10476000704000210BF072BA70BD0000F002002012
:10477000C80300202DE9F0478046089D1F46E869E0
:1047800000FB01F39B12002807DD934207DD00BF09
:1047900095F8280080070DD48BE09342F8DBCB1905
:1047A00043439B12002808DD934239DA95F828002C
:1047B00080077ED40120BDE8F0879342F6DCA8692B
:1047C000521C504340F395000312C0B2FF22002850
:1047D00028D000BF6E6AC0F1FF0404FB06F4A2EB10
:1047E000242600BFA3EB0104A14636D0002C15DB24
:1047F000BC4213DAC0F1FF00C6F1FF014843A2EB4F
:104800006020C1B295F82800800701D5C1F1FF01F1
:1048100018F804000FF064FB08F80400641C1CE0A6
:10482000A869CEE74FF0FF06DCE7002C10DBBC42A6
:104830000EDAA6EB6000C1B295F82800800701D51A
:10484000C1F1FF0118F804000FF04AFB08F804005A
:10485000686A641C361ABC4202DA686AB042E4DB59
:10486000BC4218DA002C16DBA86970438012704332
:10487000C0F34721E869002801DAC1F1FF0195F88A
:104880002800800701D5C1F1FF0118F804000FF0DE
:1048900027FB08F8040095F82800800707D549464B
:1048A000B94506DC00290DDB404609E001E0641C47
:1048B00001D500207FE7BC4204DC391B08EB040073
:1048C00008F006FB022076E72DE9F05F06460A9F16
:1048D0008A461D46B86900FB02F18C12002800DDF3
:1048E000641C97F82830544502DA980707D4D5E0BD
:1048F0008C120AEB050CA44502DA98077ED483E0FB
:10490000521C424341F3950142F395044FEA212999
:10491000221204F0FF08C9B2A9EB0A04914505D0A0
:10492000002803DA11B9FF219146641E914528D170
:10493000002C0CDBAC420ADA01EB080041089807B6
:1049400001D5C1F1FF01305D0FF0CAFA305597F87B
:104950002800641C800706D5A9EB0A01A9424DDA9C
:104960008EE030460AE0AC4200DD2C46002C45D0FB
:1049700006DD00BFA5EB040106EB040008F0A8FA71
:1049800089E04FF0FF0B002844DAF86940424843C1
:104990004FEAA028002C0DDBAC420BDA08FB01F03B
:1049A000C0F34721980701D5C1F1FF01305D0FF039
:1049B00097FA3055B969A8F1FF0041438812641E87
:1049C00011D4AC420FDAC8F1FF014143ABEB6120D7
:1049D000C1B297F82800800701D5C1F1FF01305D11
:1049E0000FF07EFA305597F82800A41C800709D5EF
:1049F000A9EB0A01491EA9424DDC00E04EE0002966
:104A0000AFDC48E0AC4202DD0120BDE8F09F002CA5
:104A1000B0DA40E0C1F1FF00F96941434FEAA12853
:104A2000002C0EDBAC420CDA00FB08F0ABEB602094
:104A3000C1B2980701D5C1F1FF01305D0FF050FA06
:104A40003055B969C8F1FF0041438912641C0ED486
:104A5000AC420CDA4843C0F3472197F8280080079E
:104A600001D5C1F1FF01305D0FF03AFA305597F8EA
:104A70002800641C800707D5A9EB0A01A9420DDCB8
:104A80000029BFF66EAF06E0AC4200DD2C46002CDC
:104A900004D03FF76FAF4FF00200B6E74FF00000D1
:104AA000B3E77CB5446A06F02DFF054606F06BFFC0
:104AB00004280CD1E18E2046218709F085FB0646AB
:104AC00005F0FAFE18B10021304605F063FF2846D4
:104AD00006F059FF012804D0284606F054FF0328A9
:104AE0000AD101A9284606F023FFBDF90610204689
:104AF000FEF7BCFBE0862087204604F09DFFA06AFD
:104B000010B920460AF0FAFEE08E00906A461C2199
:104B1000204605F099FA7CBD2DE9F041074688460C
:104B200000261448F4F74FFC04461DE021461148C6
:104B3000F4F75BFC05462068B84200D09FB9616875
:104B4000414502D0B8F1000F0DD121460948F4F7D4
:104B5000D5FC216909B120468847204608F0AAF80B
:104B6000F5F766F901262C46002CDFD13046BDE86A
:104B7000F08100005C33012010B50348F4F70DFC10
:104B8000BDE81040F5F754B95C33012070B5054617
:104B90000C460948F4F717FC0BE00168A94204D160
:104BA0004168A14207D0002C05D001460248F4F725
:104BB0001CFC0028F1D170BD5C33012010B5044607
:104BC000442108F085F94FF4FA70E0620020206279
:104BD0006420A0620120A4F840000448E06194F839
:104BE000420040F0010084F8420010BD254C01084D
:104BF00038B504464FF480650095D4E90B200023B6
:104C0000194607F0ACFF40F2B6334FF46172002151
:104C1000009500F061FF226AA16A891A414302EB04
:104C2000A12038BD38B504464FF480600090D4E927
:104C30000B200023194607F092FF226AA16A891A05
:104C4000414302EBA12038BDD0E90B128A4201DBBF
:104C5000806A7047006A70470020F5F743B98B1AE5
:104C6000002B00DC531A4FF47A714B43B3FBF0F086
:104C7000002800D10120704770B54168054611B188
:104C80002868FFF749FF1948F4F72FFC184E10B1B8
:104C90000EF0CBF970601548F4F7BAFB041E23D070
:104CA0004422294608F042F82868A84200D124602E
:104CB000717894F8420061F3820084F84200C007E2
:104CC0000FD0616939B120468847216A01442162C9
:104CD000A16A0844A06262681AB1206808B1216A1A
:104CE0009047F5F7A5F8204670BD00005C33012021
:104CF000B003002070B5458D848D0023A54201D2FC
:104D00002B4602E0C5F5B4752C448B420FD8A14266
:104D10000DD8E21AB1EB520F416B02D841F00801F5
:104D200001E021F00801416341F0100134E04FF44B
:104D3000B475934207D19E1A2644AE4203D0416B0C
:104D400041F00801F0E7934209D3C2F5B4768E42F0
:104D500005D8A94203D8416B41F008011AE09342FB
:104D600006D2D61AC6F5B4768E4201D8A942F2D937
:104D70002244AA4205D81944A14210D3914206D92F
:104D80000DE0A2F5B4728A4209D3A14207D9416B62
:104D900021F0080121F010014163012070BD0020C5
:104DA00070BD10B500200C468884872161852D22B6
:104DB000A285E18449002185616B21F006016163D0
:104DC0004FF40041E185616B2086642041F00801C9
:104DD000608621F0010060631001A0630EF025F9E8
:104DE000E063208DA4F84000606B022120F01000E9
:104DF0006063204608F014F94FF44471204608F02F
:104E0000F5FC2046BDE810400D210BF03EBD000032
:104E10002DE9F04FAFB0044605F014F907462046DF
:104E200005F0D8F82A9028AA2CA93846FEF72AF9C6
:104E300006A82A9908F03AFFBDF9A000DFF888819A
:104E40000DF1B00A0DF1080B00282DDD584602F0D7
:104E50000DF902AA002138460AF0A2FA0020CDF886
:104E60003CA01390CDE90780BDF8A000ADF8540038
:104E700006AA1A213846CDF838B005F0E5F8B98D04
:104E8000B88C7A8D0144104489B280B2CDE900011A
:104E9000BDF854302CAA02A92A9802F0D7F806AA25
:104EA0001B21384605F0D0F84FF400394946384602
:104EB00009F0CCFF0646494638460AF003F8054695
:104EC000494638460AF046F804464946384609F04D
:104ED0006FFFAE4201DD314600E02946844201DD2C
:104EE000224600E00246914205DDAE4201DD304639
:104EF00004E0284602E0844200DD2046BDF8A01010
:104F0000081A04B2002C34DD02A802F0AFF802AA9D
:104F10004D46494638460AF043FA0120CDF83CA0F8
:104F20001395CDE90780ADF8544006AA1A213846FA
:104F3000CDF838B005F088F8BDF90A10BDF9540075
:104F4000814201DDADF80A00398DB88CFA8C01443C
:104F5000104489B280B2CDE90001BDF854302CAACA
:104F600002A92A9802F072F806AA1B21384605F019
:104F70006BF82DABBDF9A0202CA93846FEF70AFA34
:104F800018A803F027FB4FF4403418AA21463846EE
:104F90000AF058FB02201394CDE907802DA8099050
:104FA00018A80A9006AA1A21384605F04DF82DAA2D
:104FB00018A92A9803F0FAFA06AA1B21384605F028
:104FC00043F82FB0BDE8F08F849B04082DE9F0472B
:104FD00086B08A46FD4809F015F801287ED1504672
:104FE00004F0F2FF0546504605F02CF80646504600
:104FF00005F028F80446022D11D0082D6FD0032D9E
:10500000FCD00D2D6CD0112D6BD0132D6AD0152D29
:1050100064D106B05046BDE8F047FFF7F9BE06F090
:1050200071FC05005AD006F0AEFC012856D101A94A
:10503000284606F07DFC03AA02A93046FEF722F8B6
:10504000BDF80400BDF80810401AADF80400BDF822
:105050000600BDF80A10401AADF8060094F83400B6
:10506000C00744D14FF40031304609F096FD0546A3
:10507000BDF80C004FF48031401BADF80C003046F9
:105080000AF07DF910B1BDF80C0008E0BDF90C0084
:10509000C11700EB9171B5EBA10F00DA8D10401B29
:1050A000ADF80C0000B2012802DA0120ADF80C00C6
:1050B000BDF8040010FB00F1BDF8060010FB001065
:1050C000BDF80C1011FB01F1884206DD606B40F069
:1050D000010060630DF0A9FFE06304E079E0DEE029
:1050E000F7E01AE15AE194F83400C00771D0BDF935
:1050F000041019B9BDF8060000286AD0B4F92C7064
:10510000628DB8B2904202D200F5B47007B2BDF918
:10511000060000F039FBA18C401A618D401A05B2DF
:10512000002D02DA05F5B4752DB2BDF80C004FF470
:105130001D7110FB01F06421B0FBF1F8002001F0BB
:1051400001FF00EBC00101EB00114FF0500909EB2A
:105150004100B0F5A07F0CD3002001F0F3FE00EB7E
:10516000C00101EB001109EB4100A021B0FBF1F0FF
:1051700000E001204FF4B4714843B0FBF8F294F81A
:1051800034002946C0F3C0093046FFF7B3FD0028BC
:105190001FD0618DB4F84020781A511A0FFA81F8A7
:1051A000A5EB080109B24FF40C7301F58C7100B244
:1051B000994205D994F8342012070BD500250AE04E
:1051C000626B5FEAC26C06D4120703D5424215B285
:1051D00001E061E00546B9F1000F08D0606B0207FD
:1051E0000ED4C0060CD499420AD9002508E0B9F1C2
:1051F000000F05D1616B0A0702D5C90600D4054628
:10520000A5EB080005B2E06B0DF009FFA16B41436F
:105210004FF47A70B1FBF0F080B2854202DC40427C
:10522000854200DA05B2618DB4F93220B4F930302C
:1052300008EB0500A7EB010CD51A4FEACC0C9CFB40
:10524000F5F52D1D00EB2510B4F92E500844009201
:1052500000B23A4607F083FC07B2B6F92E00B84216
:105260000FD00DF0E2FEE0633946304600F07CF9E5
:10527000AF4206D000221C21304604F0E5FE012892
:105280000AD1B4F93000B84203D0B4F93200B842C0
:1052900002D10DF0CAFEE06306B0BDE8F087606B96
:1052A00020F001006063304608F08EFF054605F0EF
:1052B00003FB044606F026FB06F065FB0428EBD151
:1052C000002CE9D006B02846BDE8F047002105F0E3
:1052D00061BB504604F0B4FE0078B4F92E50132898
:1052E00006D0112804D0142805D0122803D008E0D5
:1052F000F08D401C01E0F08D401E01B2304600F000
:1053000033F9B4F92E00A842C6D006B03046BDE845
:10531000F04700221C2104F097BE504604F090FE96
:10532000044604AA03A93046FDF7ACFEB068002588
:1053300008B1B0F914500021304609F02EFC0646A1
:10534000BDF810102844081ABDF80E20ADF8100062
:10535000111809B20091BDF80C10121A0B18081A96
:1053600001B21BB212B201A800F0D6F947F6FF77DE
:105370003A4601A82168F3F750FC08B100200BE081
:1053800006EB450002B2114601A800F0ABF93A461F
:1053900001A82168F3F741FC20717DE70021304628
:1053A00009F054FD07460021304609F08BFD054603
:1053B0000021304609F0CEFD04460021304609F0B8
:1053C000F7FCAF4204DD394603E00000849B04088B
:1053D0002946844201DD224600E00246914205DD75
:1053E000AF4201DD384604E0284602E0844200DD99
:1053F000204680464FF440394946304609F026FDA4
:1054000007464946304609F05DFD054649463046A7
:1054100009F0A0FD04464946304609F0C9FCAF42F8
:1054200001DD394600E02946844201DD224600E0E4
:105430000246914205DDAF4201DD384604E02846D0
:1054400002E0844200DD2046801CA0EB08043046C8
:10545000FFF76EF8204404B2504604F0F1FDB0F9B5
:105460000010A14200DD0C46048015E770B50C4623
:105470000546114600F006F821462846BDE8704072
:1054800000F039B870B54FF4B47305460C46994234
:1054900002D9A1F5B474A4B2288DE98C421A611A1C
:1054A00012B209B2002A02DA02F5B47212B200296D
:1054B00002DA01F5B47109B28E1AB4369E4203D9EC
:1054C00028460AF01BFA0DE04FF40033914202DA4D
:1054D0000246214603E08A4204DA22460146284673
:1054E000FEF7B6FC2846FEF704FD28462C85BDE8ED
:1054F0007040FEF7FEBC70B54FF4B47305460C4621
:10550000994202D9A1F5B474A4B2298DE88C0A1A83
:10551000091B12B209B2002A02DA02F5B47212B201
:10552000002902DA01F5B47109B28E1AB4369E422E
:1055300003D928460AF0E2F90DE04FF40033914216
:1055400002DA2246014603E08A4204DA0246214694
:105550002846FEF77DFC2846FEF7CBFC2846EC8467
:10556000BDE87040FEF7C5BCB0F92E308B420ED0BE
:10557000B0F932208A4200DA1146B0F930208A426E
:1055800000DD11468B4202D0C18514F08FB97047FF
:105590000A8802804A8842808A888280C988C180BD
:1055A00070470A8802804A8842808A888280C98837
:1055B000C18070470A8802804A8842808A88828037
:1055C000C988C18070470A8802804A8842808A88D8
:1055D0008280C988C18070470A8802804A884280D8
:1055E0008A888280C988C18070470A8802804A8878
:1055F00042808A888280C988C18070470A88028078
:105600004A8842808A888280C988C18070470A8817
:1056100002804A8842808A888280C988C180704717
:105620000A8802804A8842808A888280C988C1802C
:1056300070470A8802804A8842808A888280C988A6
:10564000C18070470A8802804A8842808A888280A6
:10565000C988C18070470A8802804A8842808A8847
:105660008280C988C1807047C1884088081A401C60
:1056700000B27047C1884088081A401C00B27047C9
:10568000C1884088081A401C00B27047B0F9041065
:10569000B0F90020891AB0F90620B0F90200101AFA
:1056A000401C491C4843704781880088081A401CE8
:1056B00000B2704781880088081A401C00B2704709
:1056C00081880088081A401C00B2704781880088D1
:1056D000081A401C00B2704781880088081A401CD4
:1056E00000B2704703885B1A038083881944818065
:1056F0004188891A4180C1881144C180704703885C
:105700000B4403808388194481804188114441807F
:10571000C1881144C180704710B5029C018042804D
:105720008380C48010BD4288491E1144C1807047E7
:105730000288491E114481807047000070B50646FA
:105740000D46082007F02AFA041E0BD0024600215D
:1057500007480DF06DFC30B1C4E9006501210DF082
:105760004CFD012070BD204607F0A4FA002070BD5A
:105770007557010810B5C468D4E900108847204661
:10578000BDE8104007F096BA0022002801DA012295
:105790004042002901DA4942921C884207D9C1EBF4
:1057A000011101EB4101B1FBF0F3103205E0C0EB58
:1057B000001000EB4000B0FBF1F30020D9B2162935
:1057C0000BD92C2900D80120292900D8401C2529D3
:1057D00000D8401C20290BD90BE0022900D301205E
:1057E000062900D3401C0A2900D3401C0F2900D3EE
:1057F000401C1844D10601D5C0F15A0091074FEA68
:10580000C27105D509B1B43005E0C0F1B40002E0C1
:1058100009B1C0F5B47080B27047C16000680AF089
:105820006DB800684FF0FF320168C26001F13C02C0
:10583000904202D182684A6205E001F14C02904236
:1058400001D182680A6300680AF058B810B50C46A6
:1058500000206421C4E90A0120636062A0862087D9
:10586000E086608784F85C0004F13C01204600F08B
:10587000A6F804F14C01204600F0A1F808212046CA
:1058800007F0B4FF1021204607F0B0FF20460022A9
:10589000BDE81040114600F0BEB810B50C4600211E
:1058A00004F13C00FFF738F904F14C00BDE810406A
:1058B0000021FFF731B900002DE9F0410D463148D4
:1058C00008F0A0FB012854D1284604F07DFB0446D3
:1058D000284604F0B7FB8046132C0AD0012C4AD08E
:1058E000082C48D0152C44D12846BDE8F041F8F7E3
:1058F000E5B84FF4003107F047FE0446284604F0AF
:105900009FFB0546B0F90000A04200DD04462C8054
:105910000021404609F0A0FA07460021404609F060
:10592000D7FA06460021404609F01AFB044600213A
:10593000404609F043FAB74201DA394600E0314601
:10594000844201DA224600E00246914205DAB7427B
:1059500001DA384604E0304602E0844200DA2046AC
:10596000002806DAB5F900104042814200DC014609
:105970002980BDE8F08108F134014046BDE8F041DE
:1059800009F0DFBFA09B040890F85C0000F0030062
:10599000704790F85C1001F00301022901D0806A81
:1059A0007047816D491C01D0406D7047006B704796
:1059B000816C491C01D0406C7047406A7047086098
:1059C000002048608860401EC860704738B51346A4
:1059D00090F85C2002F00302022A1BD1D0E90A42AF
:1059E0008A4201DD0D4600E01546AC4201DD21464C
:1059F00002E08A4200DC1146426A8A4200DA11461D
:105A0000026B8A4206D0009300F14C0300F1300291
:105A100000F022F838BDF8B5456A13468D421AD019
:105A2000D0E90A428A4201DD0E4600E01646B44241
:105A300001DD214602E08A4200DC1146026B8A4207
:105A400000DD11468D4206D0009300F13C0300F1C9
:105A5000240200F001F8F8BDF0B591B007461698A1
:105A60001C4616460D4618B3E068401C2ED0A068B0
:105A7000C4E90105002118461560FFF74DF8684696
:105A8000FFF79CF812484FF48071CDE900400020E8
:105A90000890CDE909010F4803903846002165229E
:105AA00009F088FA0B906846FFF7E6F811B0F0BDF0
:105AB00000211846FFF730F84FF0FF30E060356006
:105AC00011B03846BDE8F04009F018BF3068CFE7A4
:105AD0001B58010823580108F0B5C0F5806404FB89
:105AE00004F5AD0A05FB04F64FEA962C00FB00F620
:105AF000B60A06FB00F745435543BF0A0CFB01FC01
:105B000074434FEA9C2105EB45005C43DDF814E04B
:105B100004EB440201EB105007FB0EF700EB1250B0
:105B200000EB9720F0BD10B50C461021204607F081
:105B30005DFE2046BDE810404FF4806107F070BA6A
:105B400010B50146034807F0A3FD044607F014FE14
:105B5000204610BDBC9B040870B50646008E0D465D
:105B60001446A8421BD9E00608D50121304609F0A9
:105B700006FC18B10121304607F038FEF06A30F813
:105B80001510A14320F8151029463046FEF7CCF930
:105B9000600504D53046BDE870400AF047BB70BDD3
:105BA00070B50E460546002406E0324621462846DA
:105BB000FFF7D2FF641CA4B2288EA042F5D870BDB6
:105BC00008460021018641864FF6FF728286816277
:105BD000C162416280F83610014900F0EFBA00005E
:105BE0002C04002010B50C46886A07F063F8E06AC0
:105BF00007F060F80020A062E06210BD2DE9FC47CC
:105C00008A46FA4808F0FEF9012843D1504604F0CC
:105C1000DBF90646504604F015FA00270446132E19
:105C200002D02A2E49D01AE0608EA146002831D039
:105C30000025D9F8248031E0D9F82C0030F815007F
:105C4000C0F3802040B3608E28B1204608F054FA9B
:105C5000618E90FBF1F001B2504604F015FA292E46
:105C60002FD04FF6FF75012E2DD0022E6CD0082EAE
:105C70007ED0062E7DD0032E7CD00E2E7BD00F2E14
:105C80007AD0102EFCD00D2E77D0152E02D1504692
:105C9000F8F788FFBDE8FC876D1CADB258F8250009
:105CA0000028F7D0D2A1EAF7C3FE0028F2D058F8B6
:105CB000250000780028BFD1ECE7616A00F07EFA89
:105CC000E8E72046F9E7504604F0BAF906462046D0
:105CD000A18EFEF729F905F015FE05F054FE012806
:105CE00001D003281BD16946304605F021FE6946E4
:105CF0002046FDF783F82146A586A8421CD0E16A1C
:105D000031F81010C1F38012002AC3D1C1F3001181
:105D10000029BFD1A08601462046FEF705F9A18ED5
:105D2000A942B7D0E06A30F81100C0F34022002A3F
:105D3000B0D1C0F380229EE08D86ABE7C0F30010A7
:105D40000028A7D1019148E0504604F079F90746B0
:105D500005F0D8FD064605F016FE04289AD0022864
:105D600098D06946304605F0E3FD6946204605E0D7
:105D700039E078E087E089E0CAE0D1E0FDF73EF85D
:105D80000646A18E2046B14284D0A94201D0FEF73A
:105D9000CBF8A686384605F04FFEAE428CD0E06ABE
:105DA00030F81600C0F38011002985D1C0F300102F
:105DB000002885D131462046FEF7B6F8E06A30F873
:105DC0001610C1F340210029B7D1A18E30F811007F
:105DD000C0F380200028B0D1019601AA1C212046E2
:105DE00004F032F956E7A18EA94237D0E26A32F8C0
:105DF0001100C0F3C013ABB1C0F3801393B9C0F36B
:105E000000231BB194F83630DB0713D040F48070C8
:105E100022F8110094F83600C00703D02046A18E66
:105E20000DF084FDA18EE26A32F81100C0F3402229
:105E300032B902E020F48070EAE7C0F380226AB150
:105E4000C0F3801252B9C0F3001038B9019101AA11
:105E50001C21204604F0F8F80128C3D12046A18E69
:105E6000FEF762F816E7A18EA942BBD0E06A30F8CF
:105E70001100C0F34012002AB4D1C0F38012002AEE
:105E80003FF45CAF06E72046A18E45E0208E002857
:105E9000A8D0504604F0D4F8074605F074FD064635
:105EA0002FB9002005F034FD05F06DFD06462046B3
:105EB00008F08AF904F000FDA18EA94292D1022EC9
:105EC00002D0042E2AD148B394F836100020E26A9A
:105ED000C90701D110E0401C32F81010C1F30013C3
:105EE000002BF8D1C1F38013002BF4D1C1F30021B2
:105EF0000029F0D00AE0401C32F81010C1F3001362
:105F0000002BF8D1C1F380110029F4D1A086C1E69D
:105F1000A18E2046A94201D0FEF706F8A586B9E673
:105F20002046A18EFEF700F8504604F089F800786C
:105F3000132813D0142836D004264FF00209122853
:105F400058D011288AD10021204608F067FFA28E80
:105F50008446AA427BD1A786E26AA5E0A08EA84229
:105F600001D1A78601E0401CA086A18E238E994214
:105F700000D3A786A28EE66A08E0491C88B2A086F4
:105F8000984200D3A786A08E90427DD0A18E36F88D
:105F90001100C0F3001CBCF1000FEED1C0F3801063
:105FA0000028EAD15AE7A08EA84201D1A78600E0D6
:105FB00000B9208E401EA08683B2E26A09E011B1CA
:105FC000491EA18602E0208E401EA086A08E984227
:105FD00068D0A18E32F81100C0F30016002EEED169
:105FE000C0F380100028EAD138E70000D89B0408ED
:105FF0000A0000000021204608F010FFA28E804613
:10600000AA4214D1A786E26A05E0491C88B2A0869C
:10601000218E884246D2A18E32F81100C0F30013BF
:10602000002BF2D1C0F380100028EED116E7A16A50
:1060300006EBC2000B5A31F832001B1A5B1C43F30B
:106040004E0318440FFA80FC1046238E1FE037E001
:1060500009EBC00709EBC205CF5F4D5FAF4212DD10
:1060600031F9305065450EDC06EBC0054D5F454407
:10607000654508DBE56A35F81070C7F3801515B97A
:10608000C7F300152DB100E00CE0401C80B2834244
:10609000DED8834247D8E1E6491C88B2A086218E2B
:1060A000884201D3A586D9E6A18E32F81100C0F34B
:1060B0000013002BF0D1C0F380100028ECD1CDE606
:1060C000A16A06EBC2000B5A31F832001B1A5B1CA6
:1060D00043F34E03184405B2B4F934001EE000BF88
:1060E00009EBC00709EBC203CF5FCB5E9F4213DA17
:1060F00031F93030A3EB0C03AB420DDC06EBC003EF
:10610000CB5EAB4208DBE36A33F81030C3F3801791
:1061100017B9C3F3001323B1401E00B20028DFDA21
:106120009CE60028B7DBA08698E6038E8B4204D954
:10613000C06A30F81100824301D00020704701206E
:10614000704770B50446008E0E461546B04234D9ED
:1061500094F83600C00706D0E80504D54FF48071E6
:106160002046FFF71DFDE80616D5218E01200129E6
:106170000ED9002309E0B34205D0E26A12F81320D9
:10618000D20600D400205B1C9BB29942F3D818B110
:106190000121204606F044FFE06A30F8161029433A
:1061A00020F8161031462046FDF7BEFE680504D5DE
:1061B0002046BDE870400AF039B870BD2DE9F34FB4
:1061C00097B00D0079D0179C2046F3F763FD656208
:1061D00000211622179808F0EDFEC0B2129000219F
:1061E000179808F03FFE0B900021179808F0BEFEAC
:1061F0000F900021179808F095FE02900021179843
:1062000008F00CFE0990179807F090FF049017987B
:1062100007F072FF618E0027C1F101020299A946C1
:1062200001FB020000B21090384685E04FF0000BF1
:106230005D460AE0E06A791930F81100FCF7ABFE20
:1062400058446D1C1FFA80FBADB259F8250040B1CF
:1062500042A1EAF7EDFB20B159F8250000780028AB
:10626000E8D15DB31099608E01FB08F1B1FBF0F24B
:106270000F995318029A08FB023109B2089110993C
:1062800008F101025143B1FBF0F10F9A0298491E47
:1062900008FB0020084400B2149009990498C5F145
:1062A000010201FB020000B20E90002801DA00207A
:1062B0000E904FF0000A564636E04BE0FFE709F13A
:1062C000040036E0E06A30F81700FCF764FE0E992F
:1062D00001FB0AF1B1FBFBF20999824406FB0121A3
:1062E0000E9A09B20AFB02F0B0FBFBF0099A401EBD
:1062F00006FB0200129A00B2012A06D10A4604994E
:10630000081A01B20498801A00B20B9A104403B222
:10631000149800901144A06A09B200EBC700089AD3
:10632000FFF7FAF9761C7F1CAE42CBD309EB850050
:10633000001D814608F101008046608E40453FF611
:1063400075AF179809F072FF179819B0BDE8F04FB4
:1063500009F0D4BA19B0BDE8F08F00000A000000BF
:1063600010B50C46102104F12400F3F749F8102170
:1063700004F13000F3F744F8002024F86C0F20817A
:10638000608060816420A080A081E080E0810320A3
:1063900060820520A0820A20E08247F6FF702082FA
:1063A000207F20F00700401C20F0080020774FF4E9
:1063B00080702083608310BD70B50C4601F1240607
:1063C00010E000BFF2F7FFFF0546007B400702D454
:1063D000686806F06FFC29463046F3F78FF82846C8
:1063E00006F068FCA06A00283046EBD1F2F7D5FF32
:1063F00004F130050AE000BFF2F7E5FF064601466A
:106400002846F3F77BF8304606F054FC606B002812
:106410002846F1D1BDE87040F2F7BFBFF8B50D4690
:106420007E4807F0EFFD012874D1284603F0CCFD2B
:106430000646284603F006FE0446012E2DD0082EFF
:1064400069D0292E68D0132E67D02C2E7ED0152E21
:106450007FD1284603F0BEFD054601462046F6F7EB
:10646000D7FF2646002229462046FBF767FC01227B
:1064700029463046FBF762FC022229463046FBF7EC
:10648000BDFA042229463046FBF7B8FA04F124008D
:10649000F3F72BF8002871D0B9E005F033FA69461C
:1064A00005F046FABDF80010A08A2546081AADF896
:1064B0000000284607F034FFBDF8001046182846B3
:1064C00007F034FEB5F88410484340F30F2700214D
:1064D000284608F0B5FC301A00B20026002822DB5E
:1064E000B84203DDB5F88260761E1CE095F888108E
:1064F00001F00701012902D002290FD013E0B5F8FD
:106500008210491E414307EBD77001EB600090FBFE
:10651000F7F608E01DE01DE024E027E0B5F8821062
:10652000414391FBF7F6B4F97C00B04211D0B1B20F
:106530002046FDF75CFD2046B4F87C10FDF757FDC2
:1065400000222046A4F87C601C2100E031E003F02A
:106550007BFDF8BD34F87C1FFDF749FD47F6FF7061
:106560002080F8BDBDE8F84009F08CBEB4F94020A9
:10657000B4F94C00824202DD164601E02EE00646E8
:1065800034F9581FB4F90C30994201DD0C4600E093
:106590001C46A64205DD824201DD114604E00146AB
:1065A00002E0994200DC19462846BDE8F84003F0B5
:1065B0006BBD284603F044FD0546204607F0B6FDB6
:1065C000B4F88410484300122880204607F094FD58
:1065D000B4F88610484300126880F8BD94F888002B
:1065E00000F00700012804D0022807D003280AD0B1
:1065F0000DE029462046FAF735F808E029462046FE
:10660000F9F712FF03E029462046FAF745FA294632
:106610002046BDE8F840F6F7EDBD00002CB00208BA
:106620002DE9F04F8BB090460E4604001D460AD06F
:1066300056B1B4F88210414507D800202880588010
:106640000BB0BDE8F08FFEE7FEE7204607F06EFDD9
:10665000B4F88410484340F30F27204607F04CFD60
:10666000B4F88610484340F30F20049094F8880053
:1066700000F00700012804D003280AD0022819D00E
:1066800065E0B4F8820007FB08F7401E97FBF0F0C6
:106690005CE000973168002331F91800317BC1F3C9
:1066A000C00204EB4201B1F97820B1F9741006F090
:1066B00056FA4BE004F1240003900790F2F787FEAE
:1066C00081464FF4A021204608F0A2FBB4F88410C4
:1066D0004843001206900021204608F099FBB4F8C8
:1066E00084104FF0000A484301120291B4F882006E
:1066F000C0F1010202FB017191FBF0F00FFA80FB87
:106700000798F2F779FE06E0B14206D00AF1010AD5
:106710000398F2F76EFE0100F6D10298B4F88210E9
:10672000384400FB08F090FBF1F00BFB0AF1B1FBE1
:10673000F9F1069AC9F1010302FB03B20144B2FB6D
:10674000F9F000B200EBD07001EB6000288000216E
:10675000204608F079FA07460021204608F070FB31
:106760002988384408442880204607F0D9FD298824
:10677000081A28803146204600F02CF800EB08016A
:10678000B4F88200049B91FBF0F200FB12107168D8
:1067900080B231F91000317BC1F3001204EB4202E8
:1067A00032F96C1F401AB2F904205843511A90FB79
:1067B000F1F0181A68800021204608F0C5FB6988AE
:1067C000384408446880204607F076FE6988081A35
:1067D000688035E729B190F88800000702D448891D
:1067E0007047FEE700207047F0B504464FF4FA66A4
:1067F000C1F341307710642501280BD121F4C0404A
:10680000B04207DCB84201DDC0F57A70584390FB16
:10681000F5F001B2C2F3413001280BD122F4C0409F
:10682000B04207DCB84201DDC0F57A70584390FBF6
:10683000F5F002B2944201DA204600E010468842A8
:1068400001DA0846F0BD944201DA2046F0BD104658
:10685000F0BDF0B504464FF4FA66C1F3413077104D
:10686000642501280BD121F4C040B04207DCB842B6
:1068700001DDC0F57A70584390FBF5F001B2C2F328
:10688000413001280BD122F4C040B04207DCB842AD
:1068900001DDC0F57A70584390FBF5F002B29442E6
:1068A00001DA204600E01046884201DA0846F0BDD1
:1068B000944201DA2046F0BD1046F0BD002208B532
:1068C0001146104600F0B7F80090BDF8000008BD72
:1068D000002208B51146104600F0C6F80090BDF839
:1068E000000008BD002208B51146104600F0EEF881
:1068F0000090BDF8000008BD38B50C460546FFF70E
:10690000F1FF2246294600F085F90090BDF800000D
:1069100038BD000007B58107BDF8043002D020F86B
:10692000023B521EBDF8041001EB01410EE002C013
:10693000103A02C040F8081B40F8041C40F8101B35
:1069400040F80C1C40F8081C40F8041C102AEED833
:1069500003E000BF20F8023B521E002AFAD10EBD10
:10696000F82101EA1041C0F34232114300F4E05231
:1069700008B541EAC20100F0F80041EA4010ADF864
:10698000000080B208BDF82101EA1041C0F3423294
:10699000114300F4E05208B541EAC20100F0F800EA
:1069A00041EA4010ADF8000080B208BDF82101EACC
:1069B0001041C0F34232114300F4E05208B541EAFD
:1069C000C20100F0F80041EA4010ADF8000080B2CA
:1069D00008BD18B54C09BDF80030D20864F30203B5
:1069E000ADF80030C308BDF80000890863F3C700A4
:1069F00080B262F30C2080B261F34F30ADF800003A
:106A000080B218BD18B54C09BDF80030D20864F347
:106A10000203ADF80030C308BDF80000890863F335
:106A2000C70080B262F30C2080B261F34F30ADF842
:106A3000000080B218BD18B54C09BDF80030D2086E
:106A400064F30203ADF80030C308BDF80000890804
:106A500063F3C70080B262F30C2080B261F34F3061
:106A6000ADF8000080B218BD18B54C09BDF8003073
:106A7000D20864F30203ADF80030C308BDF800008B
:106A8000890863F3C70080B262F30C2080B261F31F
:106A90004F30ADF8000080B218BD18B54C09BDF8F4
:106AA0000030D20864F30203ADF80030C308BDF82B
:106AB0000000890863F3C70080B262F30C2080B243
:106AC00061F34F30ADF8000080B218BD18B54C0925
:106AD000BDF80030D20864F30203ADF80030C308FB
:106AE000BDF80000890863F3C70080B262F30C2090
:106AF00080B261F34F30ADF8000080B218BD18B518
:106B00004C09BDF80030D20864F30203ADF8003040
:106B1000C308BDF80000890863F3C70080B262F3C0
:106B20000C2080B261F34F30ADF8000080B218BD88
:106B300018B580B2030243EA102084B288B2010281
:106B400041EA1020121D0C4980B2D30840EA0040EF
:106B500044EA044208400A40121A5A4300EB521019
:106B6000084040EA104080B2010241EA1020ADF82E
:106B7000000080B218BD00001FF8E00718B580B211
:106B8000030243EA102084B288B2010241EA1020D5
:106B9000121D0C4980B2D30840EA004044EA044286
:106BA00008400A40121A5A4300EB5210084040EACB
:106BB000104080B2010241EA1020ADF8000080B21E
:106BC00018BD00001FF8E00718B580B2030243EAC1
:106BD000102084B288B2010241EA1020121D0C4933
:106BE00080B2D30840EA004044EA044208400A4028
:106BF000121A5A4300EB5210084040EA104080B28B
:106C0000010241EA1020ADF8000080B218BD00007A
:106C10001FF8E00718B580B2030243EA102084B2DF
:106C200088B2010241EA1020121D0C4980B2D3083B
:106C300040EA004044EA044208400A40121A5A431B
:106C400000EB5210084040EA104080B2010241EAD5
:106C50001020ADF8000080B218BD00001FF8E0075A
:106C600080B2C0F3C402C2EBC20303EB0222D21D06
:106C7000520962F317414207920E02EB503202EBC7
:106C8000420303EB0222D21C920962F30F21C0F3EC
:106C90000420C0EBC00202EB0020C01D400960F3DD
:106CA00007010846FF2161F31F607047FF2208B506
:106CB00011461046FFF7D8FE0090BDF8000008BD51
:106CC00008B50720BDF8001060F30201ADF8001010
:106CD000BDF800201F2161F3C70292B261F30C22BC
:106CE00091B260F34F31ADF8001088B20090BDF85A
:106CF000000008BD70B50C00054611D000F022F967
:106D000010FB04F05030B0F5A07F0BDB284600F0FC
:106D100019F910FB04F0A021503090FBF1F002E0D3
:106D2000002000E0012000B270BD2DE9F0410D46C9
:106D30001E46174604461C2106F0CAF8C4E900574F
:106D4000C4E90256BDE8F08138B50446502106F08A
:106D5000BFF84FF4A0702080F02060804FF0FF302B
:106D6000A080E0800020208160812069822120F0C5
:106D7000400040F0080061F3D01020614EF207009F
:106D8000ADF800000090BDF80000208702482064A4
:106D900060645820A06438BD898F0108F8B50546A5
:106DA0005448F2F735FB041E7DD0E86B48B9A86C57
:106DB00005F0F4FE060077D001462A6C284690477D
:106DC000EE634FF4B471204606F082F8012025608E
:106DD000C4F85401082104F5AC70F2F711FB464EDB
:106DE00022463221F7684548F4600CF021F96060D2
:106DF000002865D0286981070AD529886A8811FB8F
:106E000002F1EA68D268914202D920F002002861BA
:106E1000BDF80000072161F30200ADF80000BDF8E5
:106E200000201F2060F3C70292B260F30C2290B2E0
:106E300061F34F30ADF8000080B20090BDF8000063
:106E40000090BDF800006085FF2084F829000CF058
:106E5000D3F850B30CF074F8A060002006F056FD93
:106E60002061002006F052FDE061002006F04EFD9A
:106E7000234D20622A460021E06909F0F2FA2A46F1
:106E80000021206A09F0EDFA0221E06906F0AEFC6B
:106E90000221206A06F0AAFC0021E06909F09DFDAC
:106EA0000021206A02E00AE008E00DE009F095FD0B
:106EB000206908F023FDF760B7B116E00020F8BDA7
:106EC000204605F0F7FEF9E700200AF03DF80546F8
:106ED00005200AF039F801460A48009001232A46A5
:106EE00020460CF037F8B7E7F46060680CF079F9E9
:106EF0002046F8BD38330120A0030020858D00080E
:106F0000FFFF0F00B468030810B50C4618B900F075
:106F100013F8002809D0D0F854110CB1012201E077
:106F20004FF0FF321144C0F8541110BDC268002167
:106F30001161C068416170470148C0687047000036
:106F4000A003002010B90548C06820B1006800699E
:106F5000C0F3C9107047822070470000A0030020D2
:106F60000068C0687047000018B90948C068002868
:106F700009D00068017CC1F30111012904D0032963
:106F800002D0B0F900007047B0F90200704700006D
:106F9000A003002010B518B9FFF7CEFF002800D0DD
:106FA000006A10BD10B518B9FFF7C6FF002800D061
:106FB000C06910BD18B101460248F2F716BA01487F
:106FC000F2F701BA3833012010B518B9FFF7B4FF52
:106FD000002800D0006910BD10B518B9FFF7ACFF4C
:106FE000002800D0406910BD10B508B9FFF7A4FF14
:106FF000806810BD18B90948C068002809D0006829
:10700000017CC1F30111012904D0032902D0B0F998
:1070100002007047B0F9000070470000A003002094
:1070200010B518B9FFF788FF002804D0D0F8540134
:10703000002801DD012010BD002010BD08B5002191
:107040000B460A4600910AF0F9FA08BD7CB50E7BA2
:10705000DDE90654022E08D94E88002E05D0A5423F
:1070600003D0CDE900544469A0477CBD38B504463F
:10707000102105F02DFF01206080FF202073BDF856
:107080000010002060F3020189B260F3C70189B2E9
:1070900060F30C2189B260F34F31ADF8001088B273
:1070A0000090BDF800000090BDF80000208038BDC1
:1070B0002DE9F04F85B0824610B294468B460FFA08
:1070C00082F9AAEB000EDDF838800FFA8EF20492F6
:1070D000ABEB000217B203920AEB000203F5B471A6
:1070E000119C58441E46029212B203B20190884588
:1070F0007DD04FF4B4718E4202D9A6F5B476B6B203
:10710000884503D9A8F5B4701FFA80F80F99ACEB45
:10711000010000B20090109818B101EBD17040103E
:10712000401C05B25A21B6FBF1F0B8FBF1F1C0B238
:10713000C9B2042800D10320042900D103218842C8
:107140007ED146457CD868B3012854D0022878D037
:1071500003287ED106F15A0000B20CF05DF90099C7
:1071600010FB01F10AEBE130401B208030B20CF043
:1071700053F910FB09F10BEBE130401B608008F183
:107180005A0000B20CF048F910FB09F10AEBE130AB
:107190002844A0800FFA88F00CF03EF9009910FB0B
:1071A00001F15AE130B20CF037F9009910FB01F10E
:1071B0000BEBE130401B60805A3630B20CF02CF9FA
:1071C00010FB09F10AEBE1302844A0800FFA88F0A7
:1071D0000CF022F910FB09F10BEBE1302844E080C0
:1071E00008F15A0000B20CF017F9009900E0E6E04F
:1071F00010FB01F129E030B20CF00EF910FB09F19F
:107200000BEBE1302844E0805A3630B20CF004F940
:10721000009910FB01F10AEBE1302844A0800FFA3D
:1072200088F00CF0F9F8009910FB01F10BEBE1305C
:10723000401B608008F15A0000B20CF0EDF802E04B
:1072400036E009E005E010FB09F10AEBE130401BF4
:10725000208005B0BDE8F08F06F15A0000B20CF0B6
:10726000DBF810FB09F10AEBE130401B208030B263
:107270000CF0D2F8009910FB01F10BEBE13028443F
:10728000E0800FFA88F00CF0C7F810FB09F10BEB67
:10729000E130401B608008F15A0000B20CF0BCF8ED
:1072A000009910FB01F10AEBE1302844A080D0E7FF
:1072B00030B1012837D0022861D003287ED099E070
:1072C00001297CD108F15A0000B20CF0A5F810FB9E
:1072D00009F10AEBE130401B20800FFA88F00290A0
:1072E0000CF09AF8074630B280460CF095F88742C9
:1072F00001DA029800E040460CF08EF8009910FB8D
:1073000001F10BEBE130401B60805A3630B20CF0DB
:1073100083F810FB09F10AEBE1302844A0800198C2
:107320002844E08095E7022964D1AEEB0500208077
:107330000FFA88F00CF070F810FB09F10BEBE1305C
:10734000401B608006F15A0000B201900CF064F816
:10735000074608F15A0000B280460CF05DF88742FB
:1073600001DD019800E040460CF056F8009910FB52
:1073700001F10AEBE1302844A08030B269E0032932
:1073800038D106F15A0000B20CF046F810FB09F1B2
:107390000AEBE130401B20800398401B608008F11D
:1073A0005A0000B20CF038F810FB09F10AEBE1309A
:1073B0002844A0800FFA88F0804601E019E019E027
:1073C0000CF02AF8009910FB01F730B206460CF0D9
:1073D00023F8009910FB01F0874201DD404600E0F0
:1073E00030460CF019F8009910FB01F00BEBE0307F
:1073F00096E729B1049820806780A280E38028E77F
:1074000008F15A0000B203900CF006F8074606F1A6
:107410005A0000B201900BF0FFFF874201DA039897
:1074200000E001980BF0F8FF009910FB01F10AEB66
:10743000E130401B208030B20BF0EEFF10FB09F171
:107440000BEBE130401B608002982844A0800FFACB
:1074500088F00BF0E1FF10FB09F10BEBE1305FE787
:107460002DE9F0411D0017460E4604461AD0F07A69
:1074700002281AD9D4F81CC0BCF1000F03D0204652
:10748000E047012811D02B463A4631462046F4F712
:10749000DDFB012809D006A239462046BDE8F041AF
:1074A00010F0A1B802A23946F8E7BDE8F08100006B
:1074B0004E6F0A646174610038B58469049D002CC4
:1074C00001D00095A04738BD38B50446182105F015
:1074D000FFFC002211461046FFF794FA0090BDF819
:1074E00000000090BDF800002081FF20E072401CE9
:1074F00060800120207538BD704700002DE9FF4FE6
:10750000B5B0887E429F1E4692460C4602287DD921
:10751000206800287AD03598006A002876D020228A
:1075200022A8E9F702FA20680390002E6ED0307886
:1075300000286BD03598514682682EA8F1F785FA5D
:10754000002863D0207FB0F1000B01D14FF0010B78
:10755000607F810707D4BAF80410BAF80000081A4F
:10756000401C03B20FE0B4F91210009141F6FF7213
:10757000CDE90120B4F91430314606A822680CF098
:107580000FF8BDF918300398B4F912100025B0F9BE
:1075900008906A1E01EB09000B90BAF80000ADF8E4
:1075A0001000BAF80210ADF81210B4F916000690E7
:1075B000B4F918000144ADF8121007B3F8B9BAF9DC
:1075C000021000291BDAD7F808C0ACEB0100002834
:1075D00001DCA1EB0C000B99C1F1000C4FF48061B0
:1075E00001EB4C01884200DD3A603868002806DB78
:1075F0000546BDF81210B8880844ADF81200617F46
:107600000020CDE90001B4F9142000E0A2E07019D7
:107610002D930399F2F718FA00EB050829E0617F32
:107620000020CDE90001B4F9142006EB08002D9BE1
:107630000399F2F709FA454600EB0508BDF8120078
:107640000B99084400B2ADF812007FB110F5806FBD
:107650000CDB3868002809DA3D60BDF91210BAF970
:107660000200081A7860BAF90200B860705D00285C
:1076700070D0BDF9121001EB090035998968B1F994
:1076800002108842CBDB5846CDF8C0B0BBF1020FE8
:1076900002D0032816D029E0607F0090B4F914309E
:1076A000A8EB05017019039A0BF0D8FF0746504666
:1076B000FEF700F8C01BBDF8101000EBD07001EB16
:1076C000600011E0607F0090B4F91430A8EB050170
:1076D0007019039A0BF0C2FF07465046FDF7EAFF08
:1076E000BDF81010C01B0844ADF81000D4E9019B90
:1076F000D94502D94846D9468346A07F800717D08E
:107700000FA800F02AFAA089ADF83C00039890F980
:107710000E0000B90120ADF83E00A07E8DF84400B7
:10772000A07F9DF84510C00860F301018DF8451059
:1077300000200E90FFF7C2F83390FFF7BFF83190AA
:1077400012A800F047FF208AADF84C00BDF91000E8
:1077500032906AE16DE100BFBDF810100698002775
:107760000844ADF81000701908972190A8EB0500A7
:107770002A90BAE00021A9F57F420991FF3A09D089
:10778000ABF57F41FF3905D0AB4A29183046126866
:107790009047099008AB6A4601A92198F2F73CF995
:1077A000607FC0070AD00198232802D0012F13D090
:1077B00004E047B1012F0AD0022F0BD0E0683190CE
:1077C000022F4ED04FE008980E90012047E000278E
:1077D000E06847E0002042E0202841D108990E9857
:1077E000081A072801D0A08937E00E9A21982BA902
:1077F0001044062210F8013B01F8013B521EF9D15A
:1078000000208DF8B2009DF8AD00FCF7A1FA074604
:107810009DF8AC00FCF79CFA07EB001007909DF870
:10782000AF00FCF795FA07469DF8AE00FCF790FA1A
:1078300007EB001009909DF8B100FCF789FA0746A4
:107840009DF8B000FCF784FA07EB0010C2B209986B
:10785000C1B20798C0B2FFF7EEF833900220074696
:1078600043E033983190DDE90021039802F000FDF8
:107870002C904FF6FF70814522D0834520D0099887
:1078800048451DD358451BD2BDF81010ADF8241043
:10789000BDF81200ADF82600A28A0A442C99491EB0
:1078A0001144ADF828100B9909AA491E0844ADF8F7
:1078B0002A0012A9359800F079FEE089ADF8C400DD
:1078C000BDF8C400ADF8940004AA22A9019B359824
:1078D00000F031F92C98002807DDBDF81010A08ABF
:1078E00001442C980844ADF810002A990898814268
:1078F0003FF640AFA07F800723D53298ADF8000057
:10790000206802AB6A46B0F90810BDF93E0001EBF1
:10791000D171491000EBD07001EB6000BDF812107E
:107920000844BDF81010ADF80810ADF80200ADF82D
:107930000A00BDF8C400ADF83C000FA9359800F06E
:10794000FFF8A07FC0071FD03298ADF80000206874
:10795000BDF8121002AB028940891144091A03983C
:107960006A4690F90D00081ABDF81010ADF808101D
:10797000ADF80200ADF80A00BDF8C400ADF83C0057
:107980000FA9359800F0DCF8617F0020CDE90001F7
:1079900006EB0800B4F9142007462D9B0399F2F773
:1079A00053F8454600EB0508BAF80000ADF81000A2
:1079B0003098022802D0032816D029E0607F00907A
:1079C000B4F91430A8EB05013846039A0BF046FED3
:1079D00007465046FDF76EFEC01BBDF8101000EBC9
:1079E000D07001EB600011E0607F0090B4F91430BA
:1079F000A8EB05013846039A0BF030FE07465046C7
:107A0000FDF758FEBDF81010C01B0844ADF810007B
:107A1000BDF812100B980844359900B2ADF8120069
:107A20008968B1F90610884203DC705D00287FF494
:107A300093AE39B0BDE8F08F2404002038B5044679
:107A4000202105F045FAFF20A076FEF737FF0090D1
:107A5000BDF80000A0810B4820604FF6FF70606009
:107A6000A060FEF72BFF0090BDF80000E08105202C
:107A700009F06AFA0090BDF8000020820020E0764C
:107A800038BD0000B4680308036C002B00D0184711
:107A90007047436C002B00D0184770472DE9F04128
:107AA0000546C06B17460E46002824D0E86C05F04A
:107AB00075F8041E1FD0E96C05F00AFAF1F746FFCD
:107AC000296821626968E161A968A16100683A4694
:107AD0002146007CC0F3801084F8240030682060C8
:107AE00070686060EB6B28469847050002D120461D
:107AF00005F0E0F82846BDE8F08170B50C46054673
:107B000001F095FF206A2860E0696860A069A860BC
:107B1000F1F71CFF006894F82420016962F38611D4
:107B20000161AA6C12B12146284690472046BDE863
:107B3000704005F0BFB830B4046AA44630BC60475A
:107B400030B44C88002C06D00C7A022C03D9446A3D
:107B5000A44630BC604730BC704738B504460A21A3
:107B600005F0B6F901206080FF202072BDF80010FA
:107B7000002060F3020189B260F3C70189B260F3AB
:107B80000C2189B260F34F31ADF8001088B200903B
:107B9000BDF800000090BDF80000208038BD000056
:107BA00010B503460A4A002052F8304024B1401C68
:107BB000C0B21028F8D301E0102802D34FF0FF30F4
:107BC00010BD42F8303002EBC002516010BD000021
:107BD000043401202DE9FF4F81B08B460E9D1646DF
:107BE0001C46B5F90A10B5F90C00571AB5F908206A
:107BF00005F11009ABEB020305F13C0AB4285DDA8C
:107C0000B5F90E20B42A7DDA00287BD0002A79D07D
:107C1000904277DDB1425ADC696D79434FEAA12C7D
:107C2000A96A7F1C79438912A0F20F15582D01D83B
:107C3000002909DB451E592D01D8002904DB5B38DA
:107C4000B32802D2002900DD0021A2F20F1058282B
:107C500001D8002909DB501E592801D8002904DB6E
:107C60005B3AB32A02D2002900DD0021ACEB01000F
:107C700001EB60000125C71AA74200DD2746002F4F
:107C80000DDD3BB232465946CDF80090019800F028
:107C900091F9050003D13946019805F019F9A74279
:107CA00000DD2746002F00DA0027CDF800A05DE0B8
:107CB000B54276D1284605B0BDE8F08F68DDB5F94C
:107CC0000E20B42A64DD904262DDB14201DA012067
:107CD000F1E7696D79434FEAA12CA96A7F1C7943CA
:107CE0008912A0F20F15582D01D8002909DB451E75
:107CF000592D01D8002904DB5B38B32804D20029B0
:107D000002DD00E044E00021A2F20F10582801D863
:107D1000002909DB501E592801D8002904DB5B3AF1
:107D2000B32A02D2002900DD0021ACEB010001EBF7
:107D300060000125C71AA74200DD2746002F0DDD90
:107D40003BB232465946CDF800A0019800F032F916
:107D5000050003D13946019805F0BAF8A74200DDC5
:107D60002746002F00DA0027CDF800900BEB070024
:107D700001B20198E41B384423B20746324600F0B2
:107D800019F9060094D12146384605F0A1F88FE78D
:107D90000127B846B42805D038B109DAB14209DC68
:107DA0000AE047E0B14210DC04E0B14202DC0CE042
:107DB000B14201DC032708E0234632465946CDF89C
:107DC0000090019800F0F6F80746B5F90E00B428C7
:107DD00006D060B1B5F90A000FDAB04204DC0EE05B
:107DE000B5F90A00B04206DD4FF0030803E0B5F92B
:107DF0000A00B042F8DDBFB10EE0B042F4DD234628
:107E000032465946CDF800A0019800F0D3F88046DC
:107E100057B1B8F1000F07D0032F02D0012F05D0C2
:107E200008E0B8F1030F05D1002044E74046B8F15F
:107E3000010FFAD002203EE72DE9F84305468846B7
:107E400040F26710411C089C1746002B01DA002302
:107E500002E08B4200DB0346002C01DA002402E042
:107E60008C4200DB04469C4203DAC3F5B470204424
:107E700003E0E01A002800DC181BA5F86800AB81BD
:107E8000EC81A5F808806F811548286001202871D1
:107E90008B4200D9FEE7B42B01D2002000E0012084
:107EA000002C01DB8B4200DDFEE7B42C05D3A4F1EE
:107EB000B401B42901D2002600E0012600903A4620
:107EC000414605F1100000F0CBF823463A46414602
:107ED00005F13C00009600F0C3F8BDE8F88300000F
:107EE000D57B01082DE9F8431E4617468846814692
:107EF00000250C4C0DE00090D0F800C033463A4607
:107F000041464846E047002808D0022800D1012514
:107F1000083420680028EED115B10220BDE8F883AE
:107F20000120FBE70434012010B50179022906D0B5
:107F3000052913D18068BDE8104004F0BBBE04469B
:107F4000406900280AD00169002904DA406804F079
:107F5000B1FE6069EFE74169491E416110BD000053
:107F600070B5134D060008D05FF0000455F83410CA
:107F7000B9B10879022805D002E02868002800D0AD
:107F8000012070BD887CB1F91020C007304601F196
:107F9000080102D0F0F7F1FD01E0F0F77EFD0028C6
:107FA000EED0641CE4B2102CE0D3002070BD0000C1
:107FB00004340120F8B5069CA58A266A521B658AFE
:107FC00012B2491B94F8285009B24FEAC57526B180
:107FD000009485B3FCF7CEFBF8BD85B1207C81070A
:107FE00027D000F00301012923D0022901D1511C1F
:107FF0001FD4C043800728D1002A1ADC25E0227C48
:1080000002F00304022C14D0D543AD0711D0012C8B
:1080100001D100290DDC920701EB030207D0002AF1
:1080200013DB49420FD50021002B0EDD0FE0002AA3
:1080300002DA0120F8BD10E04A4206D49A420ADA78
:10804000991A104405E0994201DB0020F2E79942B9
:1080500001DA04F03DFF0220ECE7FCF735FCE9E72C
:108060002DE9FC471C46DDF8288016460F46814660
:10807000B42B01DDB43C24B204F15A0000B20BF081
:10808000CBF907EB601520460BF0C6F906EB601044
:1080900000B2CDE900082BB232463946484600F01E
:1080A00003F8BDE8FC8700002DE9F0470F46DDE945
:1080B00008699846154604462C2104F009FFB5428C
:1080C00006D1B9F1030F03D16D1E761E2DB236B263
:1080D000B54205DD4046B846074630462E460546C1
:1080E00027816581A4F80C80E68184F8109067826E
:1080F000A8EB07004B46A582002801DD014601E000
:10810000A7EB0801721B002A01DD154600E0AD1B3C
:10811000A94294F8281002DD41F0010101E021F0AC
:10812000010184F828100025E561244E2660A56130
:108130002571CE074FF480150DD020B195FBF0F6D8
:108140005643B612E66122B195FBF2F24243901219
:10815000A061E0690CE022B195FBF2F64643B6124D
:10816000A66120B195FBF0F050438012E061A06958
:108170002062980709D003F00300012808D00228E4
:1081800013D0D843800714D006E021F0020001E0AC
:1081900041F0020084F82800216A881060620029FA
:1081A00001DA40426062BDE8F087206A0028EFDC17
:1081B000EBE7206A0028EBDDE7E70000B57F010868
:1081C0002DE9FE4F8046DDF830900E461C4699F8AA
:1081D0001200174600F0010AB9F91050684609F17B
:1081E0000801FDF7F9F9BDF90200BAF1000F2FD02F
:1081F000B84250DCBDF90600B8424CDBBDF90000C6
:108200004119B14205DCBDF904203119521B9142DC
:1082100009DDBDF902104A19BA4240DCBDF9062059
:10822000521BBA423BDBBAF1000F18D0801B00D5BD
:108230000020A04231DCBDF90410891B091A491C39
:108240004218A24200DD211A002926DB4044EFE05B
:10825000B84213DCBDF90600B8420FDBCEE7871B3E
:10826000A7420BDC002F03DB3946404604F030FE0A
:10827000BDF90400851B6D1C002D02DC0020BDE84B
:10828000FE8FA54204DA611B08EB050004F020FE16
:108290001FB9A54201D10120F1E70220EFE7BDF8A7
:1082A0000430821B181A401C0FFA80FCBDF806002F
:1082B000401A401C03B2781A00B2A84202DA281A07
:1082C000401E01E0591B401AD9F8141000B20223D5
:1082D000CF6803EB4003FB5A37F810609B1B1EB2BC
:1082E0008B68496833F8103037F810004FF00007FA
:1082F00000EB010B02EB0C00401B18440FFA80F955
:108300005019C01A401E05B2BAF1000F22D06BE01E
:10831000F11B01EB0B0010F8010C029009EB0700B8
:108320005FEA000A08D4A24506DA18F80A10029893
:108330000BF0D6FD08F80A00B5EB070A08D4A245F1
:1083400006DA18F80A1002980BF0CAFD08F80A00BD
:108350007F1C3FB2B742DBDB09EB0700A04201DA2A
:10836000014600E02146002901DA002002E0A04297
:1083700000DB204600B2211A404404F0A9FDA81BEE
:10838000411CA14201DA0A4600E02246002A01DA35
:10839000002402E0A14200DA0C4621B2404647E048
:1083A000F11B01EB0B0010F8010CC0F1FF00029073
:1083B00009EB07005FEA000A08D4A24506DA18F8BC
:1083C0000A1002980BF08CFD08F80A00B5EB070ABA
:1083D00008D4A24506DA18F80A1002980BF080FDBE
:1083E00008F80A007F1C3FB2B742D9DB681CA042E4
:1083F00001DA691C00E02146002901DA002504E0C9
:10840000A04201DA6D1C00E025462AB2A9EB020069
:10841000A11A884201DA034600E00B46002B01DA7C
:10842000002002E0884200DB084601B208EB0200AF
:1084300004F04EFD31E700002DE9F04115460646F7
:1084400088880A881C46801A401C02B2C8884B885B
:10845000C01A401C00B2824200DA1046B5EB600F31
:1084600000DD4510002D00DA002506F10800FDF7BB
:10847000B3F83582B474374830600220307100237D
:10848000C5B1354800214FF47A7200BFC1EBC10479
:1084900000EB8404B4F91840AC421BD1C1EBC1011C
:1084A00000EB81004169491C41610169102D04DA2A
:1084B000012303E07361BDE8F0812B110B4493426B
:1084C00005DA102D01DA012200E02A110A440261C6
:1084D0007061F0E7491C0229D8D300244FEA040157
:1084E000C1EBC10700EB8707D7F814C0BCF1000F40
:1084F00007D12CB1D7F810C0D4F810E0F44500DA59
:108500003C46491C0229EBD33CB16069401CC4E9DC
:108510000430102D0CDA01200BE01C2004F03EFB8F
:1085200004461C2104F0D4FC4FF0FF3020610AE027
:1085300028111844904205DA102D01DA012000E0DC
:1085400028111A182261204629467461BDE8F041BD
:10855000F2F7CABDC1810108CC330120F0B5002576
:10856000094E07462C4600BF06EBC4004068B842DF
:1085700004D156F83450204600F008F8641CE4B2E8
:10858000102CF1D32846F0BD043401200021421CF8
:1085900008D0054A002352F8301042F8303002EB80
:1085A000C0004360084670470434012030B4D388CB
:1085B00054881B1B5B1C1BB2012B09DB938814889E
:1085C0001B1B5B1C1BB2012B02DB036930BC184771
:1085D00030BC704738B50446382104F079FCFEF70A
:1085E00065FB0090BDF8000024F8040FFEF75EFB69
:1085F0000090BDF800006080FEF76AF90090BDF8B9
:108600000000E080FF2525720220A072FEF760F9CD
:108610000090BDF800006083FEF75AF90090BDF8A5
:10862000000020850748206104F8015CA57584F8E6
:108630002650A57784F83250E07F20F03E001E30AF
:10864000E07738BDB46803082DE9F04FCBB083461E
:10865000DDE95465087B984614460F4602287DD90B
:10866000B7F90200002879D0AE4277D01AB281461D
:108670009246404500DD914601A8FFF7ABFF787BAD
:1086800000F003008DF80600B86840B100208DF8B6
:108690000700B8680590387B8DF81E0005E0387B30
:1086A0008DF807003888ADF808002188A8F101038B
:1086B000A1EB0802ADF840206188A1EB0801ADF8FC
:1086C000421020881844ADF84400B4F802C0ADF858
:1086D000D4006344ADF84630ADF8D020ADF8D210E8
:1086E000ADF8D630B7F802C06244ADF8D020B7F884
:1086F00002C0614409B2ADF8D210B7F802C0A0EBD5
:108700000C00ADF8D400B7F802C0801AA3EB0C033C
:108710004FF0FF3C1BB2CDF80CC1401CADF8D63079
:108720004FF0000C00B2CDF810C1002812DD581A2D
:10873000401C00B200280DDD012347F6FF7234A96A
:1087400037A8FFF779FE01204490002137A8FFF7F2
:1087500027FA4390002347F6FF7200E02DE010A9AE
:108760003DA8FFF769FE00213DA8FFF719FA4590E3
:1087700006F5B470A84205D005F5B4714FF4B47095
:108780008E4220D147F6FF70ADF8040010AA01A96F
:108790005846FFF70BFF4598FFF7F8FE4398401C3B
:1087A00002D04398FFF7F2FE3DA8FFF7BDFB4498C7
:1087B000002802D037A8FFF7B7FB4BB0BDE8F08F19
:1087C000A6F5B476B6B28642FAD202E0A5F5B47543
:1087D000ADB28542FAD228B249900090B4F9022095
:1087E000B4F9001033B219A84A93FFF725FB002112
:1087F00019A8FFF7D5F94690B54203D9A81BC0F5D3
:10880000B47000E0701BDBF8081000913C282ADDF2
:10881000B8F10A0F27D95A20B6FBF0F1B5FBF0F0FA
:1088200000F00300ADF8540001A8ADF84CA0ADF87D
:10883000505001F0030116901294ADF84E60ADF85F
:108840005210ADF8569010A8CDE9170B12A8F7F703
:1088500045FA12A8F7F70AFB12A8F7F7D6FB12A8F9
:10886000F7F7C1FC04E010AA01A95846FFF79EFEE5
:1088700019A8FFF759FB3DA8FFF756FB449810B124
:1088800037A8FFF751FB4698FFF780FE4598FFF7A2
:108890007DFE4398401C02D04398FFF777FE787B1B
:1088A00040078AD509F0FF0212AB51464A98FAF701
:1088B00068FFBDF84800218812AA0844ADF84800B6
:1088C000BDF84C0021880844ADF84C00BDF84A00C2
:1088D00061880844ADF84A00BDF84E00618808443C
:1088E000ADF84E0015A80099F0F7AFF815AEC0B17D
:1088F000002347F6FF7212A943A8FFF79DFD002150
:1089000043A8FFF74DF90546584610AA01A9CBF830
:108910000860FFF74BFE2846FFF738FE43A8FFF735
:1089200003FB09F0FF0212AB51464998FAF729FF01
:10893000BDF84800218812AA0844ADF84800BDF8E7
:108940004C0021880844ADF84C00BDF84A0061880D
:108950000844ADF84A00BDF84E0061880844ADF8FF
:108960004E0015A80099F0F770F8C0B1002347F643
:10897000FF7212A943A8FFF75FFD002143A8FFF78C
:108980000FF90446584610AA01A9CBF80860FFF772
:108990000DFE2046FFF7FAFD43A8FFF7C5FA009841
:1089A000CBF8080009E770B514460D460646F3F704
:1089B000D5FA224629463046BDE87040F3F7A3BCFD
:1089C0007CB50446087E0D4602280ED9A26868468A
:1089D0002968F0F73AF8002807D0616B09B1204602
:1089E0008847626D2946204690477CBD2DE9F04FAF
:1089F000CD6889B00C46074615B1207C00287DD093
:108A0000207C012800D10025786881880088081A18
:108A1000401C00B20790BA6805A82168F0F715F865
:108A200000286BD0F0F792FF83460068D7F80090DB
:108A3000C16941BB017C490610D47968BDF9142095
:108A4000B1F90030B1F90210D21ABDF916305B1A33
:108A5000079901FB032209EB420113E07A68BDF993
:108A60001630B2F90260B2F900209B1B079E7343D7
:108A700003EB430303EB0901BDF914309A1A02EB2F
:108A8000420211448946D4F804A05FEA0A0114D0D6
:108A900021688B88B1F90020B1F902109B1A5B1C88
:108AA0000FFA83F8BDF914309A1ABDF91630591A25
:108AB00008FB01220AEB420A01E04FF000083DB337
:108AC000007C00070FD46069FCF7E0FD0146002040
:108AD00007E02A5C802A01D9FF2200E000222A5404
:108AE000401C8842F5DB60698288B0F90010521A98
:108AF000521C16B2BDF91420511A00E026E0BDF94F
:108B00001620B0F902002944101A06FB001500E0F7
:108B1000002678684188008849420AB2404201B282
:108B200005A8FCF7ECFDDBF80000C069D0B1606877
:108B30000028207E0DD001A9CDF8008081E86100D9
:108B4000534605A94846079A0BF04AF909B0BDE813
:108B5000F08F8DE86100A36805A94846079AF9F7E8
:108B600037FDF3E7607E80B161680029217E25D062
:108B7000CDF80080CDE90360CDE90115534605A984
:108B80004846079A0AF0ECFEE0E760680028207E7D
:108B90000BD001A9CDF8008081E86100534605A9FA
:108BA0004846079A0AF09AFFD0E78DE86100A3686B
:108BB00005A94846079AF9F755FBC7E7CDE90260D2
:108BC000CDE90015A36805A94846079AF9F7A4FA64
:108BD000BCE72DE9F047B3F90240DDE908091D467D
:108BE000904614FB08F301EB4303B5F900100A9A11
:108BF00003EB4106B2F90230B2F9002003FB09F39E
:108C000000EB430000EB4207A888401A401C00B26A
:108C10004FEA400A0AE052463946304604F086F8E8
:108C2000641C06EB480607EB490724B2B5F90600B9
:108C3000A042F0DABDE8F0872DE9FF4FA1B00D4664
:108C4000824681681446DDF8B89019A8FCF7CDFC7F
:108C500019A8FFF785F91790288818B96888B0F522
:108C6000807F01D0012100E0002116911C2108A87D
:108C700004F02EF9E87A8DF83800287B4FF00006D2
:108C800000F00F008DF8390006A80890DDE91610F5
:108C900008432CD1B9F1040F06D0B9F10E0F0AD058
:108CA000B9F1140F21D022E0A87A00BB249808A9BA
:108CB000CDE9084013E021466846DAF80820EFF7CE
:108CC000C4FE00280ED0249809960D940B90288994
:108CD000ADF8280002208DF8300008946EE0504670
:108CE000FFF76EFE25B0BDE8F08FA87AF0B3DAF892
:108CF00008000288ADF818208088ADF81C00DAF86A
:108D00000810801A401C4988ADF81A10DAF80830AB
:108D10000FFA80FBDB88ADF81E30A6882788591A29
:108D2000F61B761C36B21096E6886788491CF61B3F
:108D3000761C36B20FB21196F0F708FEFEF714F962
:108D4000804606A8FCF7A2FC5E46404501D9B8FB68
:108D5000FBF77E43700003F04FFF1290304603F0A4
:108D60004BFF14900B9006A80D9000E011E002203C
:108D70008DF83000129809907F1EBDF81A00BDF9D9
:108D80001E8038441897ADF81E00B9F1040F1DD1AC
:108D900016E0A08821886288401A401C01B2E08851
:108DA000801A249A401C00B2490001FB0020CDE942
:108DB00008420B9002200D948DF8300008A98EE730
:108DC000288818B96888B0F5807F01D0022000E0BB
:108DD00001208DF83000CAE006A91BA8FCF705FCAD
:108DE0006088404202B22088404201B21BA8FCF7D2
:108DF00086FC16981299002814980ED0CDE904101C
:108E0000CDE90259DDE91010CDE900011BA950465A
:108E1000109B249A00F0F0FD0BE0CDE90310CDE9A2
:108E200001591098DDE9102300901BA82499F2F74E
:108E30008CFBA87A022865D92A8992B2C2F3C407AA
:108E400017FB00F767F30F015707BF0E07EB523709
:108E500017FB00F767F31F418E46C2F3042111FB95
:108E600000F161F30F03C0F1FF010022059347E019
:108E7000129800EB420002900088ADF80400BDF8A3
:108E800004301FFA8EF0C3F3C40717FB010000EB98
:108E9000C01707EBC030C0F3C457BDF878004FEAE5
:108EA0001E4C67F3C7005F07BF0E07EB533717FB76
:108EB00001C707EBC71C0CEBC73C4FEA9C6C6CF37B
:108EC000020007EBC71C0CEBC737C7F3C25767F3A9
:108ED0004F30059FC3F30423BFB213FB017303EBB1
:108EE000C31707EBC333C3F3C45363F30C20ADF8CC
:108EF000780080B201900298BDF80430521C0380C3
:108F0000B242B5D3179800B314980090BDF91A7007
:108F100017E000BFBDF918105B463A460098FEF70F
:108F2000E1FF10B1022804D006E05946009803F092
:108F3000CFFF02208DF8300000987F1C58443FB2CC
:108F40000090BDF91E00B842E4DA08A95046FFF7C8
:108F500037FDBDF81E001899401CADF81A000844F2
:108F600001B2ADF81E10414501DDADF81E80BDF91E
:108F70001A1041457FF730AF149803F089FE12981C
:108F800003F086FEAEE6000010B50C4658212046E0
:108F900003F09EFF10486061104820611048206374
:108FA000104820621048A061104860621048A0621A
:108FB0001048E062104860631048A0631048E06306
:108FC00010482064104860641048A0641048606530
:108FD0002C20E06410BD0000498601081D9701089F
:108FE000A7890108E3910108398C0108F992010869
:108FF0009D94010855970108F7990108D38B010842
:10900000E79001081590010861900108DD910108C1
:10901000ED8901082DE9F04117460C460646F0F7A8
:1090200095FC0546F807A06A20F000410BD0606966
:1090300003F04EFFA06A40F00041A1622868016978
:1090400041F0400104E0A1622868016921F040017B
:10905000016160690834C6E90004B460BDE8F081CC
:10906000FEB505460068029000980C4620F0E0002E
:1090700000906868164681880088081A0099401C8C
:1090800060F3942100916868C1884088081A0099AB
:10909000401C60F35F510091A06A002801DA0521AD
:1090A00000E00421009861F304000090206A286029
:1090B000E0696860A069A860F0F748FC006894F86F
:1090C00024206B46016962F38611016104F10802F4
:1090D00031462846FEF7C4F9284600F0A8FC684649
:1090E00001F07AFCFEBD70B5064615460C46D00769
:1090F00001D0002070BDA80743D5A06A00F0004051
:1091000000F58050A0622046FCF7C0FAA16A40003A
:1091100021F00042824202D960F31E01A162A06ADE
:1091200020F0004003F03AFD2146606168B9A06A72
:1091300000F0004000F58060A06220F0004003F0E5
:109140002DFD214660610028D4D00846D0E90012E8
:109150008160E2606188E181A1892089081A401C50
:10916000A16A00B221F0004100EB400291FBF2F154
:109170002182A16A21F0004191FBF0F0411061824F
:109180002AE00846D0E900128160E260FCF77EFA2E
:109190004100A06A61F31E00A06220F0004003F0CD
:1091A000FDFC6061A16A21F0004103F091FEA06A1C
:1091B00005F0010565F3DF70A0626069002899D0B1
:1091C000306004F108007060B060F0F7BFFB006829
:1091D000016965F386110161204670BD486903F09D
:1091E00069BDF0B51C46074697B015460E4608689F
:1091F0000023224601A900F094FFF0B3BDF80C2033
:10920000002A3FD0BDF80A1000293BD02888BDF8BD
:109210000E30184400B2ADF84C0033686D88B3F8D6
:1092200008C05B89ACEB03032B44BDF810509B1ABC
:109230005B1B1BB2ADF84E304518B968B1F900C0E0
:1092400065451FDBB1F90450A8421BDC9818B1F941
:109250000220904216DBB1F90600834212DC21465F
:10926000019800F05AFF00280CD00199097B89076A
:1092700008D101AB13AA314600E005E00090384662
:10928000F4F7D0FF17B0F0BD202CFBD3A4F5784045
:10929000FF38F7D0A4F500500C38F3D02888BDF87B
:1092A0000E10BDF81020084401B26888104402B2C4
:1092B000BDF80C00104400B20090BDF80A0008444C
:1092C00003B214A8FCF728FA05A8FFF783F90220D7
:1092D0008DF817008DF83E008DF84A008DF82E00AD
:1092E000B089ADF832000120ADF834003B6914AA12
:1092F00005A938469847C5E72DE9F0470E46B1F96C
:10930000021096B01C461546814600297ED0307A60
:1093100002287BD9B5F90000B4F90020904205D1AC
:10932000B5F90230B4F90270BB426FD0904200DB55
:10933000104601EBD171A0EB6100ADF84400B5F926
:109340000010B4F90000B6F90220814200DD0846A1
:1093500002EBD27100EB6100ADF84800B5F90210E4
:10936000B4F90200B6F90220814200DA084602EBA5
:10937000D271A0EB6100ADF84600B5F90210B4F966
:109380000200B6F90220814200DD084602EBD271EC
:1093900000EB6100ADF84A0011A90846D9F8082091
:1093A000EFF753FB002875D011A9D9F808A0C9F828
:1093B0000810B5F90200B4F90210884206D123461C
:1093C0002A4631464846F5F78DF80EE0B5F900001B
:1093D000B4F90010234688422A463146484602D155
:1093E000F5F7E8FA01E0F5F737F9707A010701D4EB
:1093F00040074DD502A8FFF7EDF83088ADF80C0016
:1094000047F6FF70ADF80800307A00E042E08DF8D2
:109410000B00B6F90200471040F3000000F101080C
:10942000707A400718D528886A46C01BADF800003E
:109430006888C01BADF802002888C119A1EB08009C
:10944000ADF804006888C119A1EB0800ADF806006A
:1094500002A94846FFF7AAF8707A000718D52088B5
:109460006A46C01BADF800006088C01BADF8020062
:109470002088C119A1EB0800ADF804006088C1196B
:10948000A1EB0800ADF8060002A94846FFF78EF8E8
:10949000C9F808A016B0BDE8F08700002DE9FF4F1D
:1094A0008BB01E461746032B7ED3002F7CD0B00016
:1094B00003F0A2FB05007BD000243868286020461A
:1094C000721E15E007EB800137F92030B1F904C0B6
:1094D000634505D1B1F90230B1F906C0634505D045
:1094E00005EB84030968641C1960A4B2401C80B2B7
:1094F0009042E7DB07EB8600B7F9001030F9042C47
:10950000914205D1B7F9021030F9022C914206D0F0
:1095100005EB840150F8040C641C0860A4B2032C11
:1095200043D37D49D1E90001CDE90201002027E0C4
:10953000BDF9082035F920108A4200DA1146ADF84D
:10954000081005EB8002BDF90A10B2F90230994209
:1095500000DB1946ADF80A10BDF90C3035F92010C2
:109560008B4200DD1946ADF80C10BDF90E30B2F992
:1095700002108B4200DD1946401CADF80E1080B27F
:10958000A042D5D30B9802A9826805A8EFF75DFA2F
:1095900058B10B9805A90026806809900B98816046
:1095A000B5F90210012011E002E0284603F070FB3B
:1095B0000FB0BDE8F08F00BF05EB8002B2F90220CA
:1095C0008A4201DA114606B2401C80B2A042F3D3AF
:1095D0002C2104FB01F003F00FFB8346B2460490FC
:1095E000D1464FF00008701E00D52044621E09F1DC
:1095F00001010892914200DD002135F8262035F85E
:10960000203035F8217005EB80009B1ABF1A428884
:1096100005EB860005EB810140884988121A081A7B
:109620000021079112FB07F110FB03F0814267DA7A
:109630000120079001E00798F0B308980AF10106AD
:10964000864200DD0026B9F1010700D5274405EB6D
:10965000860005EB8A01B0F90200B1F902209042C0
:1096600016DB12D035F9263035F92A108B420CD092
:109670004FF0010CCDE9000C5846FEF715FD584699
:109680000499FEF78DFA0BF12C0B08F10108B24694
:10969000A04523D005EB870005EB8901B0F9020056
:1096A000B1F90220904217DB13D035F9273035F994
:1096B00029108B420DD000E022E00026CDE9000603
:1096C0005846FEF7F1FC58460499FEF769FA0BF18B
:1096D0002C0B08F10108B946A045ACD3DDE90B011C
:1096E00002AAFEF763FF0498FEF738FF049803F020
:1096F000CFFA284603F0CCFA0B990998886057E70F
:10970000BAF1010600D52644089809F101078742FD
:109710009DDD00279BE700000CB0020870B51446E1
:109720000D460646F7F78EFB224629463046F2F7ED
:1097300015FC224629463046F2F7E5FD2246294629
:109740003046F2F7D2FE224629463046BDE8704048
:10975000F6F70ABA2DE9FF4FA1B00D46309FDDF8AC
:10976000CCB04FF48031B7F900004FF00A09404205
:109770001A907888B1FBF0F01A99199091FBF9F4DE
:1097800078681D90604200EB800001EB400604F118
:10979000010820B209F040FE05900FFA88F009F0A8
:1097A0003BFE82465A3420B209F036FE044608F1E8
:1097B0005A0000B209F030FE02460598C6F10A01CF
:1097C00001FB00F30AFB063393FBF9F0614302FB54
:1097D0000611179091FBF9F0189017984011179007
:1097E000189840111890BDF9740000021B90BDF943
:1097F000760000021C90A8882988401A401C04B2F8
:10980000E8886988401A401C0FFA80FA002648E070
:109810000CA80090B5F90200B5F9001082190BAB45
:1098200013A80FF0B6FA0EA80090B5F90200B5F92A
:10983000041082190DAB13A80FF0ABFA0B9B0D9817
:109840000E99A0EB03080C980022A1EB000C114626
:10985000012C08DD4FEA0822611E92FBF1F24FEA6B
:109860000C2C9CFBF1F103F180093B7D8030DB0780
:109870001CD0DDE9318CCDF80090CDE9010203ABBD
:1098800083E81210CDE906B8DDE92301DDE92E23D6
:10989000F0F7C2FB3298761C00EB4400A34436B2CA
:1098A00032905645B4DB25B0BDE8F08F319B042BD8
:1098B00054D0052B13D0062B50D0142BEAD1239B68
:1098C0001E93249B12932E9B079305912F9B3299F5
:1098D000864609920020CDF88090109188E0239B65
:1098E0001293249B1093DDE92E3C0491CE463299CD
:1098F0008146E0460192002009912CE0049A0199EA
:10990000424341430EEB212109EB222209124FEA87
:10991000222207D4DDF840C0614503DA002A01DBCA
:109920009A4203DB00210BF8001012E002FB081141
:10993000DDF848C001EB410161440A7891F801C0AB
:1099400002EB0C22DDF824C02CF810208A780BF8EA
:109950000020401C00B2A042D0DB9BE7DDF8C8C06D
:10996000CDF80090CDE901020DF10C0888E8121045
:10997000CDE906B3DDE92301DDE92E230BF02BFF52
:1099800088E70999209A414302EB2121059A424335
:109990000EEB222209124FEA222209D4DDF848C038
:1099A000614505DA002A03DBDDF81CC0624501DBF6
:1099B000002219E002FB0319DDF87880DDF840C0D1
:1099C00008EB49080CEB4009B8F80080A9F80080C2
:1099D000DDF81C8003FB08FCDDF8788008EB4C0CFC
:1099E000614402FB03110A780BF80020401C00B20E
:1099F000A042C6DB4EE770472DE9F04387B08946A9
:109A0000DDE91251DDE91076DDE90E8C70B1C46A32
:109A1000002C08D0CDF80080CDE904510396CDE9A3
:109A200001C74946A04707B0BDE8F083FEE7416B98
:109A3000002900D00847704710B50446012103F003
:109A40000FFF4FF6FF7060870121606A03F0E8FAAC
:109A500020460022BDE81040202100F0F5BA0000A9
:109A600070B500200C46486216A1C4E90B10A06234
:109A700094F83C1041F0300184F83C10E0862087D7
:109A80004FF6FF716187A08694F83C004FF4806127
:109A900020F00F00083084F83C00204603F0C0FAA4
:109AA00009A1204600F041FA204604F0D7FB014608
:109AB0000C4803F0EDFD054603F05EFE65626C6246
:109AC00070BD0000EF81B8004F7074696F6E203177
:109AD0000A4F7074696F6E20320A4F7074696F6E2E
:109AE00020330000109C040870B5486A0C4600251D
:109AF00010B103F017FF656294F83C00C00603D470
:109B0000206B03F0D7F8256370BD000070B50E46DA
:109B10003F4804F077FA012843D1304600F054FA68
:109B20000546304600F08EFA04460E2D14D00F2D57
:109B300021D0102D1FD0082D21D02A2D23D0292D42
:109B400021D02C2D23D00D2D2CD0152D29D13046F0
:109B5000BDE87040F5F7E4B904F036FB00F0ACFE68
:109B6000054601F0CFFE01F00EFF042819D17DBBA0
:109B7000218F2046E186BDE87040FFF75DBFBDE85C
:109B80007040F0F73CBDBDE8704006F07BBB30464E
:109B900000F056FA05460021204605F095FA0089A6
:109BA000688070BD304600F04BFA0078132810D062
:109BB00012280ED0142817D0112815D01B28D7D062
:109BC0000A28EED101F0AEFEA042EAD02046D6E748
:109BD00019E0204600F04EF8A8B1E08EA18E401C9E
:109BE0008842DED2214608E0204600F043F850B11A
:109BF000E08E0028D5D02146401EE086BDE87040AA
:109C000008460AF0C6BA2046BDE8704000F08EB89B
:109C1000F49B04082DE9F04104460025006B9046B2
:109C20000E462F4620B1E6F7D1FD0246002008E09F
:109C30000F70BDE8F081216B095C0A2900D16D1C11
:109C4000401C904202D2218FA942F4D10021A8F1F8
:109C5000010507E0B8F1000F01D0A94208D2735402
:109C6000401C491C904203D2236B1B5C0A2BF1D190
:109C70007754DEE710B5406A012105F080FB80F0E3
:109C8000010010BDF8B50F46084600F09DF90546E5
:109C9000182805D03946244804F0B4F901283AD1EF
:109CA000384600F0CFF9446A0646082D0ED0012D43
:109CB00017D0092D30D0182D2DD13846F4F729FFB3
:109CC0003946BDE8F840184804F09CB901F01AFE86
:109CD00001F04DFE00281ED13046BDE8F840FAF7ED
:109CE000E0BE01F00FFE050015D001F04CFE01288A
:109CF00004D0284601F047FE03280CD169462846C7
:109D000001F016FEBDF902102046F9F7AFFA6087A0
:109D1000304605F0F3FDF8BD4FF6FF706087304622
:109D2000BDE8F84005F0EABD109C04082DE9F843B1
:109D30000446012103F0B8F9204604F08FFA0146E9
:109D4000606A06F0D4FD4FF0FF31606A05F03CFF19
:109D50000121606A03F04AFD00221F21204600F025
:109D600073F92046F9F766FB8046216B02F0E1FDAE
:109D700042F2D171606A07F024F8404607F098F883
:109D8000606A05F0CFFA0546204605F0CBFA854219
:109D90000EDC94F83C0000F00F00042801D00828E5
:109DA00006D1204605F0BEFA0146606A07F009F8C0
:109DB000404604F00EFA07460021606A04F04AFFAC
:109DC00005460021606A05F0D7F8461900211122E6
:109DD000606A05F0EFF82844B919084407B294F80E
:109DE0003C003D4600F00F06082E02D0042E1ED087
:109DF00034E0FDF7A1F8FDF7FDF8B4F91A10294495
:109E000088422BDAFDF798F8FDF7F4F8B4F91A1048
:109E1000411AB4F91600814201DA042605E0FDF783
:109E20008BF8FDF7E7F8618B401A401E15E0B4F996
:109E30001600401B12D5FDF77FF8FDF7DBF8B4F9EB
:109E40001A10B4F91650411AA94207DD0826FDF789
:109E500073F8FDF7CFF8618B401A05B2BD4200DD03
:109E60003D462946606A06F018FD20460AF091F941
:109E70000020082E06D0042E09D0012E0CD0022E70
:109E80000FD015E0009000230D22606A0DE00090D5
:109E900000230A22606A08E0009000231022606A12
:109EA00003E000900023606A1322214603F068F962
:109EB000606A06F0FDFF94F83C0000F00F000128F6
:109EC00001D0022818D1606A05F032FA0646606AAD
:109ED00005F04AFA0546FDF72FF8FDF78BF8A84282
:109EE0000ADCFDF729F8FDF785F8281A301A401E1C
:109EF00001B2606A06F091FF00214046226B03F038
:109F0000ADFB022808D04FF0000303281A4601D009
:109F1000012104E0032102E000231A46022101B0DE
:109F20004046BDE8F04303F01DB970B50E0004468D
:109F300003D00025A586294606E0FEE70A2802D1BF
:109F4000A08E401CA086491C705C0028F6D1A08E13
:109F5000401CA086E586258794F83C00C00604D402
:109F6000206B10B102F0A6FE256394F83C0040F08F
:109F7000100184F83C102046266305F0BFFC606A9F
:109F8000002803D0BDE8704005F0B8BC70BD10B526
:109F90000C464FF48061204603F028FC0421204643
:109FA00003F024FC4FF40031204603F039F801217E
:109FB000204603F035F82046BDE8104001F0CCBD46
:109FC000486A002141627047007A20F080007047A3
:109FD00040687047017A15290BD0142909D0162939
:109FE00007D0182905D0172903D0192901D000203E
:109FF000704700697047017A01291FD002291DD0DE
:10A0000003291BD0042919D0052917D0062915D0FA
:10A01000072913D0082911D009290FD00A290DD0FA
:10A020000B290BD00C2909D00D2907D00E2905D0FA
:10A030000F2903D0102901D0002070470069704714
:10A04000006970470068704710B588B0C0B10090D3
:10A0500001908DF808100020CDE903029DF818004A
:10A06000084C20F007008DF8180060680590C4F8CF
:10A0700004D06846F7F7C0FF0599616008B010BDCD
:10A080000120FBE7D0020020027A132A06D10069E2
:10A09000B0F900208A4200DD11460180704710B5FA
:10A0A00000F004F8BDE8104000F068BB10B50021D6
:10A0B0000C4802F059FC0C4C2080002007F0B4FF43
:10A0C0006080042007F0B0FFA080042007F0ACFF00
:10A0D000E080042007F0A8FF2081042007F0A4FFFF
:10A0E000608110BDF52801081C03002010B5092966
:10A0F00000D120210469F9F729F8002806D0616809
:10A1000001EBC000618A890B01D0002010BD0068FE
:10A110002168C0F31300084410BD08B1426810471D
:10A12000FEE72DE9F0479A4690460C46070011D00D
:10A130008CB100260546B1462660D5F800C05346CE
:10A14000424621462846E04740B1A07BC00603D4E2
:10A1500025600EE0FEE7FEE706B92E466D69002D8C
:10A16000EBD14EB135685346424621463046A847AA
:10A1700026600120BDE8F087B8F1200F20D3A8F5B4
:10A180007841FF391CD0A8F500510C3918D0B7F927
:10A19000080000EBD0704008E080801CA080C4F86C
:10A1A000009039892181A4F80A90A4F80C90A07B32
:10A1B00020F00F00401C40F01000A0730020D9E7F1
:10A1C0004846A4F80690E9E72DE9F0479A460C4680
:10A1D0008146092A47D000261146D9F81050F8F7D1
:10A1E000B5FF071E3DD0E8684FF0000850B151465A
:10A1F0004846F8F7ABFF020004D039464846F9F765
:10A2000081F880466868298A00EBC70001FB08F1E5
:10A210000A110168090D002E02D000BF4FEA41016A
:10A22000114401F108014FEA1111A1804179218106
:10A230000179E18090F90620628190F90700A08100
:10A24000688A4FEA5022A07B62F3030020F01000DE
:10A25000A07304D04FF6FF7000EA4100E0804FF099
:10A260000100BDE8F0874FF001064FF02002B3E790
:10A270001FB540B113460A466946FFF752FFBDF8C5
:10A28000040004B010BDFEE770B504464068B0B1EC
:10A29000C268B2B12168904705466068408840B105
:10A2A000A06830B1C06808B102F004FDA06802F0F7
:10A2B00001FD002020606060A060284670BD0B207A
:10A2C00070BD092070BD000010B504460748EFF7C7
:10A2D0007AF808E008680078A04201D1086810BD4B
:10A2E0000248EFF782F80100F4D110BD503301208D
:10A2F00010B50446E6F76AFA40B1215C2E2907D072
:10A300002F2903D05C2901D0401EF6D102A010BD38
:10A310002044401C10BD00000000000010F8011F88
:10A320003A2900D1401C70472DE9F04117460E0034
:10A3300005462AD03078FFF7C7FF040027D06168B0
:10A3400009B1884728B3A06828B33046FFF7E6FF75
:10A350000146A3683A4620469847F0B1411C1CD0FC
:10A36000C5E90004608868B1102002F017FC1021D4
:10A37000A86002F0ADFDA9684FF0FF300860A96841
:10A38000400048600020BDE8F0810B20FBE703207F
:10A39000F9E70120F7E70920F5E70C20F3E77CB5A2
:10A3A0001C004FF0000500D02560436853B11B69C5
:10A3B00053B1019545686B88002B01AB06D000F0C6
:10A3C00012F80BE00B207CBD09207CBD00930068D7
:10A3D00013460A4601462E692846B047002CF4D0A1
:10A3E000019921607CBD2DE9FC5F0546806814461B
:10A3F0008B4690E84600D0F80C80686800279946A4
:10A40000B0F802A0B14247D8964245D2701A80B245
:10A41000AAEB0001961BB14200D20E46B44208EBF3
:10A42000000106D82246584602F080FCC9F80040D8
:10A4300061E03246584602F079FC0020019001A804
:10A440005445009008D9D5E90010A31B07690BEB10
:10A450000602B847074617E0D5E9001053460769DA
:10A460004246B8470746A86842680260A968019852
:10A4700002444A60A11B814200D2084682B20BEB23
:10A480000600414602F052FC01983044A04200D23E
:10A490000446C9F800402DE0544508D9CDF8009095
:10A4A0000669296823465A46B047074622E0B8F1B4
:10A4B000000F05D1504602F071FBA9688046C860C4
:10A4C0000020019001A80090D5E9001053460769CB
:10A4D0004246B8470746A8680660019AA868B118BE
:10A4E0009442416000D2224641465846C9F80020B5
:10A4F00002F01CFC2FB9A868D9F80010826811443A
:10A5000081603846BDE8FC9FF8B545680446E5B172
:10A51000AE69E6B16B880020C3B3D2B1012A21D065
:10A52000022A11D1134620680A4601462846B04740
:10A53000002809D1D4E900106A46C3699847002869
:10A5400002D1A26800999160F8BD0B20F8BD0920E6
:10A55000F8BDA2689160A3680A461D68A9420CD3A1
:10A56000596808E0A3689A680A449A60A1680B6871
:10A570009A4202D349688A42EAD9D4E900100023FA
:10A58000846901B0A446BDE8F0406047FFE7134688
:10A5900020680A46014601B02846B446BDE8F040AE
:10A5A00060472DE9FC410C468178154611FB04F10A
:10A5B00009128A4202DC0088BDE8FC81017A00EBC6
:10A5C000810212F8023C13FB04F31B129D4202DBD2
:10A5D00032F8040CF0E7012360E000EB830292788C
:10A5E00012FB04F21212954256DC00EB830737F897
:10A5F000040DADF804000198FCF732FB0646B8885C
:10A60000ADF804000198FCF72BFBB97811FB04F1BD
:10A61000BA79091212FB04F2D1EB222240D0691A56
:10A6200009B2C1EB012191FBF2F1CAB2C2F1FF0301
:10A63000C0F3072111FB02F1C6F3072414FB031139
:10A6400001EBC11404EBC134BDF80010250F65F314
:10A650000201C0F3074515FB02F5C6F3074717FBD8
:10A66000035505EBC51707EBC535AD0E65F3C701FF
:10A67000C0B210FB02F0F2B212FB030000EBC012FA
:10A6800002EBC030800E60F30C21600E60F34F319E
:10A69000ADF8001088B28FE75B1CDBB299429CD802
:10A6A000FEE74168002901DA02F004BB70470000B0
:10A6B000FEB50546407A16460C4640072FD0224F7D
:10A6C000387820B9002000F043F801203870687A0B
:10A6D00000F00700022818D04FEA060080EA640064
:10A6E00068400190002000906A4601A91748F9F7D8
:10A6F000BBFE01280BD0324621462846EFF708FB67
:10A70000009000280BD0002418E02046E6E70098CF
:10A710000422416802EBB1714FEAB1014160FEBD14
:10A7200022462846FFF73DFF02900098BDF808102A
:10A73000806800EB4400641C018024B20098B0F9EA
:10A740000E10A142ECDCFEBD08030020912601089A
:10A7500070B5084D0446286802F0ACFA204602F0B5
:10A760001DFA2860044D2146A86002F0B1FB6C6020
:10A7700070BD0000DC0300200803002010B500219C
:10A78000164802F0F1F8164C2080042007F04CFC2B
:10A790006080042007F048FCE080042007F044FCBF
:10A7A000A080042007F040FC2081042007F03CFC3E
:10A7B0006082042007F038FC2082042007F034FC7B
:10A7C000A081042007F030FC6081042007F02CFCFD
:10A7D000E081042007F028FCA08210BD7D3C010828
:10A7E0002803002070B506000C4632D0084600F061
:10A7F00085F83046EEF7E7FD05E00868A04228D06E
:10A800003046EEF7F2FD0100F7D1204603F0DCFC04
:10A8100040B1A168896829B1C9680968A14201D11C
:10A8200000F057F8A06810B9204602F015FEA068A5
:10A8300086603046EEF73BFE05000AD030462C60BD
:10A84000EEF7C1FDA84204D13046BDE8704000F0EB
:10A8500040B870BD10B50446074A0849F8F7B2F988
:10A860006269002A06D0002804D12046BDE81040C5
:10A870000121104710BD0000EB930008C7930008AA
:10A8800010B50446074A0849F8F79CF96269002A9E
:10A8900006D0002804D12046BDE810400021104712
:10A8A00010BD0000F3930008F99300080148006808
:10A8B00070470000D8020020002802D0007FC0F3BB
:10A8C00040007047002803D0C068002800D000680E
:10A8D000704770B50446007FC0F3C00540F0080023
:10A8E00020774007204602D4FFF7B4FF01E0FFF7CE
:10A8F000C7FF207F65F3C300207770BD2DE9F041CD
:10A90000064603F061FC04003DD0E068002740B338
:10A910000068B04220D1207FC10702D020F00100A2
:10A9200020772046EEF74FFDE16888420FD12046A0
:10A93000EEF762FDE168884209D12046F8F7BAFCDB
:10A940000246E0680F210068FFF77EFB02E0204628
:10A95000FFF7BFFFE06820B1E0680068B04200D1B7
:10A96000E7602046EEF72FFD11E028682946B04247
:10A9700020460AD1EEF7C2FD284602F09BF9B068E6
:10A98000002800D08760BDE8F081EEF72EFD0500BD
:10A99000EBD1F8E770B504001CD0207FC0F3400273
:10A9A0008A4217D061F3410020772046FFF78AFFE3
:10A9B00005000FD02046F8F77DFC0246E0680E2126
:10A9C0000068FFF741FB012804D12846BDE870402C
:10A9D00004F094BF70BD00002DE9F041804614489A
:10A9E0000024144F06681EE0B8F1000F0AD004EBF3
:10A9F000440000EBC40006EB80004168404600F0D4
:10AA00001BF870B104EB440000EBC40006EB8005BA
:10AA1000686810B1284600F0D6FB28462C2102F0C9
:10AA200057FA641CA4B238888442DDD3BDE8F081B3
:10AA3000CC0300200403002070B50C46054600F04E
:10AA40004FFF10B101280DD102E0A5420CD009E062
:10AA5000204600F045FF012804D121462846E5F7AD
:10AA6000E7FF08B1002070BD012070BD70B50E4D2C
:10AA70000646286828B10020FFF7AEFF286802F0DC
:10AA800019F92C2006FB00F4204602F087F807494C
:10AA9000286028B10E802146BDE8704002F018BA47
:10AAA0000020088070BD0000CC03002004030020BB
:10AAB000014600200F290AD2DFE801F0090909093F
:10AAC000080A080C0E10120C0E101200102070470D
:10AAD00018207047012070470220704704207047FB
:10AAE0000820704701460020891E0D2909D2DFE8A1
:10AAF00001F0070808070807070707070707070007
:10AB00000120704701460020032901D0062900D109
:10AB10000120704770B500254D6291F838000C4651
:10AB200020F07C0040F0030081F83800084604F073
:10AB3000F9FBA085204603F04CFBE08525864FF409
:10AB40008070E08694F83800022140F0800084F89C
:10AB50003800258565856586A58684F839502046A8
:10AB600002F044FE2046BDE870404FF4803102F010
:10AB700057BA000010B50146034802F089FD0446AB
:10AB800002F0FAFD204610BD2C9C040870B54C6AFA
:10AB90000D46002C12D0287C012802D12046FFF758
:10ABA00073FBE06808B102F085F8206908B102F093
:10ABB00081F8204602F07EF80020686270BD000037
:10ABC0007FB514460D46084600F08AFE20B10128E4
:10ABD00017D0022839D035E0296801F01F00001F86
:10ABE00011282FD2880A216860F3942121602868F7
:10ABF000400D60F35F512160287860F3040121600B
:10AC00002FE02846FFF774FB17A1E5F711FFC8B93D
:10AC1000022229466846FFF787FB68B903AB042286
:10AC200021466846FFF7BBFB05466846FFF72CFB4D
:10AC300045B90398042805D1207800F01F00001FB3
:10AC400011280ED3002004B070BD2068012161F3EB
:10AC50009420C0F3140000F5001020F01F000B300A
:10AC600020600120EFE7000062696E002DE9FF4FD0
:10AC700080465CA087B0006804905BA05BA300687E
:10AC800093460F4605900FCB8DE80F00B8F80810DB
:10AC9000002089B2CAB2090A09E000BF149C00EB87
:10ACA0004003401CE254149C00B2234459700A9B98
:10ACB0009842F3DB98F814004FF0000900F01F00F1
:10ACC000FFF7F6FE8246012101FA0AF1491E88B219
:10ACD00006900025D8F814002C4600F01F012E46DF
:10ACE0000B2906D00C2912D00D2920D00E2931D1E4
:10ACF0002CE0C0F38A20C01DC50804EBE70115FB5A
:10AD00000B1407F00700C0F1070604A80DE0C0F31C
:10AD10008A20C01C850804EBA70115FB0B1407F063
:10AD200003000621A1EB400605A8814612E0C0F30E
:10AD30008A20401C450804EB670115FB0B1407F043
:10AD400001000421A1EB80066846EEE7C0F38A25E6
:10AD500015FB0B742846D8F8247001F04DFF5FEA0C
:10AD6000000B13D098F81000A0B10022211D384626
:10AD7000FFF7CAFB00232A4659463846FFF70FFB68
:10AD80005946CAF10802002053B222E000200BB05D
:10AD9000BDE8F08FD8F8040080680119F1E70A785F
:10ADA000069CF240224098F8144004F01F040E2C38
:10ADB00001D019F80220149C00EB40052C44A2702D
:10ADC000A6EB0A0256B2002E01DA1E46491C401CB0
:10ADD00000B20A9A9042E2DB584601F059FF012086
:10ADE000D5E7000000FF00000055AAFF0011223344
:10ADF000445566778899AABBCCDDEEFF2DE9FF4F5D
:10AE00008046007D81B091460E4600F01F00FFF79E
:10AE10004FFE8246012101FA0AF1491E0025D8F8A9
:10AE200014001FFA81FB00F01F012F462C46072952
:10AE300006D0082912D009291FD00A2932D12BE0C7
:10AE4000C0F38A20C01DC50804EBE60115FB0914F8
:10AE500006F00700C0F10707083423E0C0F38A209A
:10AE6000C01C850804EBA60115FB0914062106F099
:10AE70000300A1EB4007103414E0C0F38A20401C0B
:10AE8000450804EB660115FB0914042106F00100D6
:10AE9000A1EB8007403405E0C0F38A2515FB096467
:10AEA00004F580642846D8F8249001F0A5FE061E1B
:10AEB00040D098F8100068B10022211D4846FFF7E5
:10AEC00023FB00232A4631464846FFF768FA3146FD
:10AED000002028E0D8F8040080680119F8E70A7813
:10AEE000D9F80C30FA4002EA0B0203EB42030E9D44
:10AEF0001B8800EB4004ADF800302B55BDF8003046
:10AF00001D0A0E9B23445D70D9F81040A25C9A7014
:10AF1000A7EB0A0257B2002F03DACAF1080257B2B0
:10AF2000491C401C00B2049A9042D8DB304601F024
:10AF3000AFFE012005B0BDE8F08F00002DE9FE4313
:10AF40000646087C0C46012801D040B32BE060681F
:10AF5000FFF7CEF96CA1E5F76BFD00281ED10222A8
:10AF600068466168FFF7E0F90028F7D1606A38B9F0
:10AF7000142001F013FE606268B1142101F0A8FFF3
:10AF8000D4F8240069460C2211F8013B00F8013B7B
:10AF9000521EF9D107E06846FFF776F9B2E0606823
:10AFA0008068002872D0616901F01F000E2816D059
:10AFB000142814D004283BD0052839D0062837D0CF
:10AFC000072839D0082837D0092835D00A2833D0A7
:10AFD0000B2828D00C2826D00D2824D08EE0227CE7
:10AFE000F2B1C1F38A22490D12FB01F114281BD0E2
:10AFF00001264E43304601F0D1FD05000FD0676AAF
:10B00000002204213846FFF77FFA00233246294602
:10B010003846FFF7C4F948B1284601F04BFE71E00D
:10B0200060688068A06166E00326E2E7A56162E0EF
:10B03000207C0028F4D05EE0FFF73AFD012787402E
:10B04000606A40B9142001F0A9FD6062002853D065
:10B05000142101F03DFF7800656A01F09FFDE86072
:10B06000384601F09BFD2861E968E9B3E0B3207C34
:10B07000012804D060680024D0F8088039E000225C
:10B0800004212846FFF740FA00241AE034E00023A8
:10B09000042269462846FFF782F99DF800209DF8B2
:10B0A00001109DF80200FBF7F8FC0190E868BDF87C
:10B0B000041000EB4400018029699DF80300085545
:10B0C000641CBC42E3D316E008EB840618F8242085
:10B0D0007178B078FBF7E1FC0090E868BDF80010EB
:10B0E00000EB4400018000E008E02969F078085591
:10B0F000641CBC42E8D30120BDE8FE8321463046F3
:10B10000FFF744FD0020F7E762696E002DE9F84F74
:10B110000C461D461646207DDDE90A32002100F06E
:10B120001F00042816D0052814D0062812D00B289A
:10B1300039D00C2837D00D2835D00E2833D0072829
:10B1400038D0082836D0092834D00A2832D0002038
:10B15000BDE8F88F277C012F33D198469146D4F86B
:10B1600024A0FFF7A5FC07466069C0F38A2015FB01
:10B1700000607843C11000225046091DFFF7C4F952
:10B18000002470B9FD0805FB08F56B462A464946C0
:10B1900050460094FFF703F918B90098854200D192
:10B1A000012421460DE000922A4631462046FFF751
:10B1B0005DFD05E000922A4631462046FFF71EFE5F
:10B1C00001460846C4E710B50446006800280BD0C5
:10B1D000C2680AB121469047207C012804D16068EA
:10B1E00001F068FD0020606010BD000010B5064849
:10B1F000EEF70EF9040004D0142101F069FE204698
:10B2000010BD002010BD0000743301202DE9F04175
:10B210000F4605460421384601F05AFE25B128465E
:10B2200000F05EFB18B105E00020BDE8F081A868E1
:10B230000028FAD000260A48EEF7C5F80BE023688C
:10B240002BB13A46294698470646012805D02146A3
:10B250000348EEF7CAF80400F1D13046E5E70000F4
:10B26000743301202DE9FF410E461D460446282176
:10B2700001F02EFEAEB1304600F032FB08B9B168E5
:10B2800079B1BDF8081021812074E56001280CD047
:10B29000666000272148EEF796F8054604F1140889
:10B2A00031E0002004B0BDE8F0813046E5F78EFAC9
:10B2B000401C01F073FC60600028F3D03146E5F7D4
:10B2C00061FAE6E72B68CBB16868B8B1424631460F
:10B2D000284698470746012810D125606A6821460C
:10B2E0002846904707460128DCD00421404601F05B
:10B2F000EFFD00202062A0616062E06129460748FE
:10B30000EEF773F80546002DDCD1207C012802D130
:10B31000606801F0CFFC3846C4E7000074330120B8
:10B320002DE9FC4105680E46089FAC6800213CB140
:10B33000CDE900371346014632462846A04701466C
:10B340000846BDE8FC8110B591F838000C4600F0C5
:10B350000300012801D0022809D154F8240F01F07C
:10B36000A9FC00202060207D40F00300207510BD66
:10B370002DE9FF410F460846FEF726FE0546152833
:10B3800007D0182D05D03946744802F03BFE01283D
:10B3900069D13846FEF756FE04462A2D13D04FF4E5
:10B3A0008076132D21D0112D5FD02C2D7ED0152D20
:10B3B00003D0182D01D0122D55D104B03846BDE868
:10B3C000F041F2F757B994F8380000F00300022872
:10B3D000204604D004B0BDE8F04104F027BF616A04
:10B3E00004B0BDE8F04100F0D5B93846FEF728FEBC
:10B3F0000546208E10B9E08EB04234D0204603F0CE
:10B4000091FF0646204602F0E4FE074604F13201B1
:10B41000E08ECDE90001B4F930303A46314602A859
:10B42000EDF7FAFDBDF90800B5F900104042814280
:10B4300000DD084600B22880BDF90A104942884262
:10B4400000DC084600B22880BDF90C10891B884238
:10B4500000DC084600B22880BDF90E10C91B8842E6
:10B4600000DC08462880BDE8FF813846FEF7E8FD8D
:10B470000546204603F056FFB4F92C1088424DD102
:10B48000204602F0A6FE0146B4F92E00814245D1C5
:10B49000E18EB14213D1218E89B9B4F92C10B4F9DF
:10B4A000322001EBD171B2EB610F00E041E006D137
:10B4B000B4F9341000EBD070B1EB600F2ED0204601
:10B4C00003F030FF0646204602F083FE024604F1F8
:10B4D0003201E08ECDE90001B4F93030314602A8E6
:10B4E000EDF79AFDBDF80800A18A00220844ADF8E6
:10B4F0000800BDF80A00E18A0844ADF80A00BDF86A
:10B500000C00A18A0844ADF80C00BDF80E00E18AD9
:10B510000844ADF80E0002A8296806E069462046F6
:10B5200002F09DFD002268462968EDF776FB287140
:10B5300099E73846FEF784FD054694F8390000F097
:10B540000300012804D0A08D2880E08D68808AE760
:10B55000204600F005F8286085E700002C9C0408D0
:10B560001FB500F13202C18ECDE90012B0F93030C2
:10B57000B0F92E20B0F92C1002A8EDF74DFDBDF862
:10B580000C00BDF80810BDF80A20411A2046491CDD
:10B5900061F30F00BDF80E1004B0891A491C61F365
:10B5A0001F4010BD2DE9FF4105460C464FF4616078
:10B5B00003E000BFA4F5616424B28442FADA02E039
:10B5C00004F5616424B2002CFADB288EA04267D017
:10B5D000284605F06DFC284603F0A4FE8046284668
:10B5E00002F0F7FD074605F13206E88ECDE90006C8
:10B5F000B5F930303A46414602A8EDF70DFDBDF8E9
:10B600000810A88A0844ADF80800BDF80A10E88AB6
:10B610000844ADF80A00BDF80C10A88A0844ADF83B
:10B620000C00BDF80E10E88A0844ADF80E0002A91F
:10B63000284604F086F928462C8602F097FD044639
:10B640000021FBF761FC284604F0F0FD01212046B3
:10B65000FBF75AFCE88ECDE90006B5F930303A46E2
:10B66000414602A8EDF7D8FCBDF80800A98A0844B5
:10B67000ADF80800BDF80A00E98A0844ADF80A00F0
:10B68000BDF80C00A98A0844ADF80C00BDF80E0006
:10B69000E98A0844ADF80E0002A9284604F051F9E1
:10B6A000BDE8FF812DE9FF470446B0F932000F469F
:10B6B0001646B84203D1B4F93400B04268D02046EF
:10B6C00005F0F6FB204603F02DFE8146204602F0F1
:10B6D00080FD804604F13205E08ECDE90005B4F925
:10B6E00030304246494602A8EDF796FCBDF80810F6
:10B6F000A08A0844ADF80800BDF80A10E08A0844A2
:10B70000ADF80A00BDF80C10A08A0844ADF80C0092
:10B71000BDF80E10E08A0844ADF80E0002A92046DC
:10B7200004F00FF967862046A68602F01FFD064644
:10B730000021FBF7E9FB204604F078FD01213046AB
:10B74000FBF7E2FBE08ECDE90005B4F9303042466C
:10B75000494602A8EDF760FCBDF80800A18A08443C
:10B76000ADF80800BDF80A00E18A0844ADF80A0007
:10B77000BDF80C00A18A0844ADF80C00BDF80E001D
:10B78000E18A0844ADF80E0002A9204604F0D9F879
:10B79000BDE8FF872DE9F04385B08846044604F0F4
:10B7A000ADF8404600F09CF805464FF0000903282C
:10B7B00009D003A94046FFF729FDC5B1012D24D0CA
:10B7C000022D22D066E094F8380000F00300022831
:10B7D00001D0012802D1606A01F06CFA44F8249F7C
:10B7E000207D40F00300207505B0BDE8F08394F89B
:10B7F000380000F00300012801D0022802D1606A5D
:10B8000001F058FAC4F8248044E0606A404519D039
:10B8100094F83810002601F00301012901D0022913
:10B8200000D106464046E4F7D1FF401C01F0B6F9CE
:10B830000700D9D04146E4F7A5FF676216B130464C
:10B8400001F038FA022D25D120460021572203F0BD
:10B85000B1FB064620460021582203F0ABFB07B29D
:10B8600020460021592203F0A5FB00B241F6FF72E9
:10B870008DE805023B463246414604A807F090FE9B
:10B88000BDF81010039861F39420BDF8121061F315
:10B890005F50039094F8380065F3010084F8380095
:10B8A0000398C0F38A21A185430DE38594F83820DD
:10B8B00060F3860284F838204A08810D62862046AB
:10B8C000A18604F0DFFC208E18B9E08EB0F5807FF1
:10B8D00002D0204604F0AAFC204604F00FF883E7CB
:10B8E000032130B10078A0F120015F2903D80120A5
:10B8F000704708467047802801D302207047002017
:10B90000704700000148806870470000DC0200209A
:10B9100018B101460248EDF768BD0148EDF753BD87
:10B92000443301200148406870470000DC020020D9
:10B9300038B102681278012A05D0032A03D04FF0EB
:10B94000FF30088002E002890A8040894880704701
:10B95000002806D001680978012903D0032901D005
:10B960000020704790F8440000F00F007047002856
:10B9700006D001680978012903D0032901D00020ED
:10B980007047006B7047002801D00068007870474E
:10B9900000220A804A80002809D002681278012A11
:10B9A00001D0032A03D1028B0A80408B4880704764
:10B9B00070B5204E0C460025B0B3417941F002012C
:10B9C0004171B168814200D175600168097801292F
:10B9D00001D002290ED114B1416BA14201D14563BE
:10B9E00014B1816AA14201D1856214B1C16AA14238
:10B9F00000D1C56270BD417941F002014171016819
:10BA00000978012901D002290ED114B1416BA1425C
:10BA100001D1456314B1816AA14201D1856214B19B
:10BA2000C16AA14200D1C562FFF772FF0028E2D1CE
:10BA3000756070BDDC02002010B50446407920F02E
:10BA40000100607107F0F1FAE06407F0EEFAA0641B
:10BA500010BD002804D0032906D00C2901D00020F5
:10BA60007047B0F9261001E0B0F924100068427E5A
:10BA70000020C2F16402642306E0084400B212FB15
:10BA800001F191FBF3F109B20029F6D170470000F2
:10BA900010B5154C2078002824D101F021F9EDF7DC
:10BAA0008DFFEDF7ADFAECF70FFFEDF7AFFAFBF70F
:10BAB00023FDEDF74DFE4FF4B4710C48EDF7A0FCFB
:10BAC0005C210B48EDF79CFCEDF746FFEDF7E4FB3E
:10BAD0000120FEF7CBFF4420112804D0FEF7DFFA47
:10BAE0000120207010BDFEE7E8020020383301205D
:10BAF0004433012010B50C460020486214F8481F5A
:10BB000021F0180104F81C19411E2160227F22F047
:10BB10000702227720836083E060C4E90110090CEA
:10BB20002161616144F8040C14F81C0F022120F01B
:10BB3000400004F84809204601F058FE0021204644
:10BB400000F054FE2046BDE8104001A100F08ABE7E
:10BB5000546578740000000010B50146034801F0F8
:10BB600097FD044601F008FE204610BD489C0408DD
:10BB700010B508460C4600F00AF894F84800000793
:10BB800002D4606A01F096F80020606210BD10B522
:10BB9000044690F84800400603D5A06A08B101F0B9
:10BBA00089F894F8480020F0400084F8480000200C
:10BBB000A06210BD2DE9FF470E463F4802F022FA71
:10BBC000012876D13046FEF7FFF904463046FEF7ED
:10BBD00039FA05462A2C1CD0132C0BD0292C18D04E
:10BBE0002C2C1ED0152C64D104B03046BDE8F04793
:10BBF000F3F7B8BA002103F06AFAB0F9080004B00C
:10BC0000C11700EB917081103046BDE8F047FEF798
:10BC10003BBA00F0B9FD04B02846BDE8F04700F09B
:10BC20004FBB002103F053FA81460021284603F060
:10BC30005AFA80460021284603F067FA074695F82D
:10BC400048000024C10600D50124800601D544F037
:10BC50000204284602F06AFA0021284603F09DFA01
:10BC6000A0F51C51D13905D1688C000502D441F6EC
:10BC7000FF7002E0284602F059FA0097CDE901046E
:10BC800043464A4603A8696A07F08AFC3046FEF735
:10BC9000D7F9B0F90020BDF90C108A4200DD114639
:10BCA0000180B0F90220BDF90E108A4200DD114674
:10BCB0004180BDE8FF870000489C04082DE9F04F53
:10BCC0008BB00D00804659D00021122203F072F98A
:10BCD00029881022081A60F30F044046002103F05F
:10BCE00069F96988081A60F31F44A14608A940460B
:10BCF00002F0D4F9BDF82400BDF820100025401A48
:10BD0000401C00B2D8F8247005902C4629464046C5
:10BD100003F0DDF902900021404603F0F6F90090AF
:10BD20000021404603F0DFF903900298AB465E46DF
:10BD3000B0F90800079098F84800C10600D5012620
:10BD4000800601D546F002060021404603F025FAA0
:10BD5000A0F51C51D13905D1B8F82200000501D455
:10BD600046F0040640460021D8F8242001F076FC75
:10BD700082460099079800EB010821E0FEE70020C9
:10BD8000CDE90006DDE902127819059BEDF75CFEAE
:10BD9000044407984FEA2942584482420BDC444A43
:10BDA000009469461268384690470A280BD0385DDF
:10BDB00048B9641C07E008EB0B000FFA80FB25462E
:10BDC000785D0028DBD107EB050B4FF00008BAF1D6
:10BDD000020F03D0BAF1030F16D025E0DDE90223EC
:10BDE000611B5846009607F039FCBDF82410BDF8D9
:10BDF000202000EBD070891A491C09B201EBD171E7
:10BE00004910A1EB60000DE0DDE90223611B5846FB
:10BE1000009607F023FCBDF82410BDF82020891AF5
:10BE2000491C081A0FFA80F800208DF81800824685
:10BE3000049044BB2BE004AB6A4601A95846EDF7D9
:10BE4000EBFDF00706D004981BF8001006A8EDF7EC
:10BE5000A5FEC0B9DDE90110009AFEF709FA01B2AA
:10BE60000FFA89F208EB010082421EDB04994A199D
:10BE7000A2421AD00AEB0502BA5CB2B1039A8A4612
:10BE800010440FFA80F804982844A042D3D3094CF8
:10BE90005846049922689047064622682946384643
:10BEA00090470BB03044BDE8F08FCDF810A0EEE71E
:10BEB00020040020240400202DE9F74F8AB05FEA17
:10BEC0000209804664D0D8F8245040462A46002112
:10BED00001F0C4FB8346287800285AD007A94046C1
:10BEE00002F0DCF8BDF82000BDF81C100024401A58
:10BEF000401C00B2049026462146404603F0E7F875
:10BF000003900021404603F000F9069000214046CE
:10BF100003F0E9F802900398A2465746B0F90800EA
:10BF2000059098F84800C10600D50127800601D584
:10BF300047F002070021404603F02FF9A0F51C51FD
:10BF4000D13905D1B8F82200000501D447F0040723
:10BF50004B4A28460B99126890478046A85DA8B3C3
:10BF6000DDE90510084409900020CDE90007DDE96E
:10BF700002212819049BEDF767FD0644B04526D33E
:10BF8000A85D18B30998344650440FFA80FAEBE7DD
:10BF9000FEE70020A9F802005946BBF1010F07D0C7
:10BFA00002290AD0BBF1030F04D1404602F0BEF8CB
:10BFB000A9F800000DB0BDE8F08F404602F0B6F8D9
:10BFC00000EBD0704110A9F80010F3E7FFE7B8F1DB
:10BFD000000F12D005EB080010F8010C0A2801D060
:10BFE0000D280AD115F8080038B9DDE9050101442A
:10BFF00001EB0A000FFA80FA44462819CDE90070D7
:10C00000DDE90103A8EB0401039A07F027FB0546CD
:10C010000B98A04202D00298284405B2BBF1020F4F
:10C0200003D0BBF1030F16D025E00097DDE9010333
:10C03000311B039A07F012FBBDF82010BDF81C203D
:10C0400000EBD070891A491C09B201EBD17149107B
:10C05000A1EB60000DE00097DDE90103311B039ABD
:10C0600007F0FCFABDF82010BDF81C20891A491C05
:10C07000081A284405B2A9F80050A9F802A099E7C7
:10C080001804002090F84800C0F300107047406A80
:10C090007047006C7047C06B704700002DE9F0419D
:10C0A00017000D46044628D094F84800000725D410
:10C0B000204603F023FC606AE4F788FB0646384616
:10C0C000E4F784FB8119491C606A00F017FE606286
:10C0D000002813D0A5F57F41FF3903D1084909682D
:10C0E000884705463A462946606AEDF72DFD204609
:10C0F000BDE8F041002100F0B5BBFEE7BDE8F081EE
:10C10000280400202DE9F04F95B05FEA010A80462F
:10C110005FD010A9404601F0C1FFBDF84400BDF852
:10C1200040100024401A401C00B2D8F824700A9035
:10C1300025462146404602F0CAFF039000214046B2
:10C1400002F0E3FF00900021404602F0CCFF029095
:10C1500003980021B0F908000B904046D8F824203D
:10C1600001F07CFA834698F84800A1464E46C10685
:10C1700000D50126800601D546F002060021404682
:10C1800003F00BF8A0F51C52D13A05D1B8F82210F3
:10C19000090501D446F004060B99009801EB00084C
:10C1A000385DB8B10020CDE90006DDE9022138197B
:10C1B0000A9BEDF749FC0B990544BAF9022009EBFB
:10C1C0000100824206DD08EB09000FFA80F92C46D7
:10C1D000E6E7FEE74FF00008C146BBF1020F03D0CF
:10C1E000BBF1030F16D025E0DDE90232291B381917
:10C1F000009607F033FABDF84410BDF8402000EB7C
:10C20000D070891A491C09B201EBD1714910A1EB18
:10C2100060000DE0DDE90232291B3819009607F0B5
:10C220001DFABDF84410BDF84020891A491C081AAF
:10C230000FFA80F800208DF84800089004940C90C4
:10C24000FDB16D1E0498A8421BD804AB0CAA08A926
:10C250003846EDF7E1FBF00706D00498395C12A8E8
:10C26000EDF79CFC0028EDD1C1460C9A0899039883
:10C27000FDF7FEFF4044BAF9001000B2814216DA21
:10C2800004940C9A08990398FDF7F2FF0299029B17
:10C290000144BAF90000A9EB0302491C90420CDBEF
:10C2A0004944884209DC012015B0BDE8F08F0299AD
:10C2B000049C08440FFA80F8C4E70020F4E700006B
:10C2C0002DE9F04F0446406A97B000287ED04FF029
:10C2D000FF3903A92046C4F8309001F0DFFEBDF815
:10C2E0001000BDF80C10401A401C0FFA80F8002115
:10C2F000204602F0ECFE05460021204602F005FF34
:10C3000007460021204602F0EEFE824694F84800DF
:10C310000026C10600D50126800601D546F002069A
:10C320000021204602F039FFA0F51C51D13904D17B
:10C33000608C000501D446F004060097CDE9018623
:10C3400053462A4616A8616A07F02AF9204603F0E8
:10C3500099FF94F848004FF6FF7B00F007004FF07C
:10C360000008022804D003287ED001287DD0F6E101
:10C370000021204602F00EFC0604360C08D12046AF
:10C3800001F0F4FEFAF7DEFD032190FBF1F086B236
:10C3900005A8F8F713FC4FF49670059412901490CA
:10C3A000BDF81000BDF80C10BDF95820401A401C13
:10C3B000002700B2ADF854B0904233DA0021801A61
:10C3C000CDE90E10E9480D91014600E0CAE1069062
:10C3D0002046F8F7DBFB00210A4620B1016B90F8FC
:10C3E0004200C0F34002109888420FDD9DF85600CD
:10C3F000119120F001008DF856003AB140F0020092
:10C400008DF856000F990D980D910F9030460F9AA8
:10C410000D99F8F724FC1090139005A8F8F72CFC60
:10C42000012705E0D1492046F8F776FBA4F84480BF
:10C43000BDF81200BDF80E10BDF95A20401A401C7C
:10C4400000B290427EDA002F7CD1821AB5F9080042
:10C450000021101ACDE90E10C5480D910146069035
:10C460002046F8F793FB01E023E0C5E000210A46EF
:10C4700020B1016B90F84200C0F34002109888424E
:10C480000FDD9DF85600119120F001008DF8560047
:10C490003AB140F002008DF856000F990D980D91B9
:10C4A0000F9030460F9A0D99F8F7D9FB1090139022
:10C4B0009EE020460021642202F07CFD0646002119
:10C4C000204602F067FB07043F0C08D1204601F02C
:10C4D0004DFEFAF737FD032190FBF1F087B205A876
:10C4E000F8F76CFBBDF81000BDF80C100594401A6D
:10C4F000401CBDF9581000B2ADF854B04FF000091F
:10C50000884234DA202211462846FDF7B1FEBDF9F3
:10C51000581000EB400008444142CDE90E91934889
:10C520000A460690CDF8349049463846F8F797FB0E
:10C5300010908E492046F8F729FB00B1006B36B108
:10C54000306B00E027E01190F06B149009E0109937
:10C55000814206DD11909DF8560020F001008DF813
:10C56000560005A8F8F788FB4FF0010905E07F4960
:10C570002046F8F7D1FAA4F84480BDF81200BDF8BF
:10C580000E10401A401CBDF95A1000B2884202DA5F
:10C59000B9F1000F06D076492046F8F7BDFAA4F8A5
:10C5A0004680DCE0B5F908200020114449420D9096
:10C5B000CDE90E016E480A46069038460D99F8F707
:10C5C0004EFB10906A492046F8F7E0FA00B1006B84
:10C5D00026B1306B1190F06B149009E010998142F4
:10C5E00006DD11909DF8560020F001008DF85600F0
:10C5F00005A8F8F741FBB2E0BDF81200BDF80E1037
:10C60000401A401C01B2BDF95A00814209DAB5F95D
:10C610000810884205DD5749606A09688847032881
:10C6200002D8C4F82C909AE0BDF81000BDF80C10A8
:10C630002E22461A11462846761CFDF719FE504454
:10C64000A0EB80003044ADF80000BDF81200BDF84A
:10C650000E10401A401C00B2ADF80200B5F90820D7
:10C66000D11990FBF1F301FB13018A42A0EB010009
:10C6700004DCADF802002989084400E0C01BADF8D5
:10C68000020069462046FFF719FB8146606AE4F71D
:10C690009DF8394A074649461268606A9047374D07
:10C6A000019005E02A6801A9606A9047A9F1010993
:10C6B0000198C01CB842F5D80025DFF8C4B0019E2F
:10C6C000AA46606A01990844DBF8001088472D4AA1
:10C6D0002844C5B2126801A9606A9047032D07D8A3
:10C6E0000198B84204D80AF1010ABAF1030FE8D957
:10C6F000616A204601EB060A0746FFF748FA042D57
:10C7000012D9681C00F04AFAB86240B32A46514672
:10C7100000F00CFBB96A01F8058097F8480040F07A
:10C72000400087F848000BE097F848002A4620F0C0
:10C73000400087F84800514607F1280000F0F6FA5B
:10C7400000202E213318626A401C0328D154F9D3EB
:10C75000616AF61C09F1030001F80680E0622046D8
:10C7600003F0CCF817B0BDE8F08F0000795D020847
:10C77000815D020828040020180400202004002005
:10C7800010040020140400202DE9F0410446054661
:10C7900090F8480000F00700012823D1E96A481CFE
:10C7A00020D0114A686AC91E12689047024694F860
:10C7B00048100020490601D5A16A06E004F12801CD
:10C7C00003E00F5C401CF754C0B26E6A1318F75CAC
:10C7D000002FF6D1095C104431542046FFF7D7F9F9
:10C7E000781EE862BDE8F0811804002070B50D469F
:10C7F00004461A49F8F790F919492046F8F78CF9D8
:10C800000020A4F84400A4F84600022D0FD0032D08
:10C810000DD0042D0BD094F8480020F0200100BF6B
:10C8200001F0070084F84810012805D00AE094F8C8
:10C83000480040F02001F3E7E06A401C02D02046A7
:10C84000FFF7A2FF94F8480065F3020084F848005F
:10C850002046BDE87040FFF733BD0000795D020857
:10C86000815D020870B50D46044603F047F805B92E
:10C87000656A606AA8420DD194F84810090709D486
:10C88000E3F7A4FF411C606A00F038FA60620028F8
:10C8900020D01AE038B194F84810090703D400F00A
:10C8A00009FA002161622846E3F790FF401C00F07E
:10C8B00075F9606200280DD02946E3F763FF94F80C
:10C8C000480020F0080184F848102046BDE8704078
:10C8D000FFF7F6BC70BD0FB470B504460598F8B10B
:10C8E000204603F00BF80598D8B1606A002530B1F6
:10C8F00094F84810090702D400F0DCF9656206A933
:10C900000598EDF766F9606294F8480020F0080198
:10C91000204684F84810FFF7D3FC70BC5DF814FB88
:10C92000FEE72046F7E7016402F0E8BFC16302F0CA
:10C93000E5BF70B5044690F848000D46000705D4E1
:10C94000606A18B100F0B6F90021616235B194F85F
:10C95000480040F0080184F8481065622046BDE8B0
:10C960007040FFF7ADBC00002DE9F041094C0646D0
:10C97000094D60680F46401CC1006060286800F0E7
:10C98000BDF92860616800EBC10040E90267084614
:10C99000BDE8F081F0020020C80300200846002115
:10C9A0000185416280F82A10022100F01FBF0000BB
:10C9B00010B50146034800F06BFE044600F0DCFEB3
:10C9C000204610BD649C04082DE9F04F87B00D4649
:10C9D0005C4801F017FB012849D12846FDF7F4FA1D
:10C9E00006462846FDF72EFB0446132E33D04FF0A3
:10C9F00002082C2E3ED0152E39D107462846FDF7C9
:10CA0000E9FA8346388D3C46002830D0786A002801
:10CA10002DD005A9384601F0A3FB204601F053FDB7
:10CA2000BDF81410081A06B2204601F053FDBDF8F7
:10CA30001610081A05B2204601F0CBFB8246684664
:10CA4000FBF78BF86A460021204602F09DFD00248A
:10CA50004FF0060967E0002102F044F90446284639
:10CA6000FDF7EEFAB0F90010A14200DA048007B039
:10CA7000BDE8F08F208D0028F9D0606A0028F6D03C
:10CA80002846FDF7DDFA002507462E462846228D6A
:10CA9000C4460DE0636A33F92010A94200DD0D465B
:10CAA0000CEB8001595EB14200DD0E46401C80B2A5
:10CAB0008242EFD80021204602F014F929183044B0
:10CAC00039807880D3E7786A30F824103144ADF8A3
:10CAD0000C10042101EB8401415A3144ADF81010CF
:10CAE00097F82A10C90708EB840121D0415AAAEB14
:10CAF00001002844ADF80E00796A09EB8400095A58
:10CB0000AAEB01002844ADF8120004AB03AA694661
:10CB10005846FBF715F89DF80900641C20F0040046
:10CB20008DF80900A4B2388D401EA042CBDC9EE7F0
:10CB3000405A2844ADF80E00796A09EB8400085A7F
:10CB4000E0E70000649C040810B5416204460285D9
:10CB500003F098FB2046BDE8104002F0CFBE10B5B0
:10CB60008A42029C01DB904207DA8A4201DB88425A
:10CB700009DD8A4203DC904201DC204610BD8A4276
:10CB800003DC884201DB184610BD521AE41A401A31
:10CB9000604390FBF2F0184410BD000070B5040033
:10CBA00010D0094D0146686806F0B0FB010007D0BF
:10CBB000A8682044A860EA68904200D81046E8605F
:10CBC000084670BD004870BDE403002070B5002425
:10CBD000084E254656F8340038B100F06BF806EBE5
:10CBE000C40046F8345085718580641CE4B2082C7A
:10CBF000F0D370BD8C3301202DE9F04105000BD03E
:10CC00000022224C4FF0FF30012600BF04EBC2018E
:10CC10008B79DB0703D014E00020BDE8F081898820
:10CC2000A9420ED305D104EBC200867154F832003C
:10CC3000F3E7002804DB04EBC0039B88994200D291
:10CC400050B2521CD2B2082AE0D3002805DB04EB14
:10CC5000C0018E7154F83000DFE7002704EBC700F5
:10CC60008079C00704D07F1CFFB2082FF6D3FEE7FF
:10CC700054F83700294600F041F830B104EBC70101
:10CC80008E718D8044F83700C7E7FEE78C330120B2
:10CC9000074A002152F83130834204D102EBC1012E
:10CCA000002088717047491CC9B20829F2D3704727
:10CCB0008C330120094910B588420DD000280BD0D3
:10CCC000064C0146606806F0F5FAA168814201D978
:10CCD000081A00E00020A06010BD0000E40300205E
:10CCE00010B54FF4D041034806F0D6FA0249486027
:10CCF00010BD000084340120E403002010B539B1D8
:10CD0000094A904208D1BDE810400846FFF746BFE7
:10CD1000FFF7D0FF044810BD0A46014602484068AC
:10CD2000BDE8104006F005BBE403002030B500F07C
:10CD3000030401F003050346A54243D14EE00C78FD
:10CD40001C704C785C708C789C70CC78DC700C79A2
:10CD50001C714C795C718C799C71CC79DC710C7A8A
:10CD60001C724C7A5C728C7A9C72CC7ADC720C7B72
:10CD70001C734C7B5C738C7B9C73CC7BDC730C7C5A
:10CD80001C744C7C5C748C7C9C74CC7CDC740C7D42
:10CD90001C754C7D5C758C7D9C75CC7DDC750C7E2A
:10CDA0001C764C7E5C768C7E9C76CC7EDC760C7F12
:10CDB0001C774C7F5C778C7F9C77CC7FDC77203135
:10CDC000203A2033202ABAD805E000BF11F8014BE1
:10CDD00003F8014B521E002AF8D130BD4CB3C4F108
:10CDE000040405E011F8015B521E03F8015B641EA8
:10CDF000FCB1002AF6D11CE010C9203A10C310C9BA
:10CE000010C351F8084B43F8084B51F8044C43F851
:10CE1000044C51F8104B43F8104B51F80C4C43F8AC
:10CE20000C4C51F8084C43F8084C51F8044C43F8AA
:10CE3000044C202AE0D802E010C9121F10C3042AB3
:10CE4000FAD804E011F8014B03F8014B521E002AF6
:10CE5000F8D130BD10B5034605E000BF11F8014B15
:10CE600003F8014B521E002AF8D110BD10F0030345
:10CE700009D0C3F1040303E0521E00F8011B5B1E3E
:10CE80000BB1002AF8D101EB012303EB014303EBC3
:10CE900001630EE008C0203A08C040F8083B40F8A3
:10CEA000043C40F8103B40F80C3C40F8083C40F88B
:10CEB000043C202AEED801E008C0121F042AFBD847
:10CEC00003E000BF00F8011B521E002AFAD1704790
:10CED00010F003034FF0000219D0C3F1040303E084
:10CEE000491E00F8012B5B1E8BB10029F8D1704759
:10CEF00004C0203904C040F8082B40F8042C40F846
:10CF0000102B40F80C2C40F8082C40F8042C202959
:10CF1000EED801E004C0091F0429FBD803E000BFDC
:10CF200000F8012B491E0029FAD1704710F00302C6
:10CF30004FF0FF030AD0C2F1040203E0491E00F8DB
:10CF4000013B521E12B10029F8D170474FF0FF3259
:10CF50000EE004C0203904C040F8082B40F8042C2F
:10CF600040F8102B40F80C2C40F8082C40F8042C0A
:10CF70002029EED801E004C0091F0429FBD802E0F3
:10CF800000F8013B491E0029FAD170472DE9F04114
:10CF90001D4616460F46044600F05EFAA0684FF0A4
:10CFA0008062817E02EBB1114FEAB1618176A068A7
:10CFB00001F03F0101EB41018900C068FFF79EFECF
:10CFC000A1686FF00303C860A168897E01F03F018A
:10CFD00001EB41026FF00B0101EB82028750A06868
:10CFE000C268807E00F03F0000EB400003EB800051
:10CFF0000B1D1654A068C268807E00F03F0000EB55
:10D00000400003EB80001550A068C268807E00F0ED
:10D010003F0000EB400001EB80001044BDE8F081D0
:10D020002DE9FF410C46074602F0C0FC0646E0072A
:10D0300002D0384602F062FCF8692043F861E0074C
:10D0400011D00221384602F0A6F960B1384601F04D
:10D05000BBF8050007D0FDF7FDFB2846FDF732FCC5
:10D0600008B102F04BFC384602F0A0FCB04202D1FD
:10D0700014F0C07F07D0384601F0ECF802F0CFFC86
:10D08000384602F0CCFCE0060CD502AA69463846C8
:10D0900001F027FA6946384602F053FC02A93846E7
:10D0A00002F04FFCBDE8FF81028C11438A4201D09F
:10D0B00003F0B2BC704700002DE9F04717468846E0
:10D0C0004FF6FF79044600234A4639460BF094FD9B
:10D0D000618C00250426C1F30512E06809E000BF59
:10D0E00006EBC503C3585FEA831C01D4DB0102D5FC
:10D0F0006D1CAA42F4D84FF0806202EBB1214FEAD6
:10D10000B1516184C1F30511C900FFF7F7FDE0607B
:10D11000608C6FF00702C0F3051009E0E16802EBD4
:10D12000C00C01EBC0036144D1E900C1C3E900C1F7
:10D13000401EA842F2D8E068082100EBC500FFF7C6
:10D14000C7FEE16841F83580E06806EBC50142584A
:10D1500067F3170242504A4639462046BDE8F04779
:10D1600003F0A8B870B516461D460446002203F029
:10D170002BFD2A4631462046BDE8704003F022BC14
:10D180002DE9FF4F81B093468846019803F090FE49
:10D19000B8F1000F03D1019801F05CF8804600243B
:10D1A0002546019801F056F88146002101F040FD26
:10D1B00006460021484601F037FE30440FFA80FA57
:10D1C0000021484601F0B4FE304400B20090002136
:10D1D000404601F02DFD06460021404601F024FEA8
:10D1E000304407B20021404601F0A2FE304406B2AE
:10D1F000BBF1000F0FD0BBF1160F34D2DFE80BF0FC
:10D20000D51123343F4454676913828797A1A6B58B
:10D21000BFC5CBD1FDFC0021404601F0C4FC012874
:10D2200022D03C461EE0404600F080FF02460198B6
:10D2300002F078F8014602EBD270401001EBD17198
:10D24000A0EB61004DE0404600F070FF02460198FF
:10D2500002F068F802EBD271491000EBD070A1EB3C
:10D26000600009E03546A0E0404600F05FFF02465E
:10D27000019802F057F8101A384404B2F2E73C461D
:10D280001CE0304405B290E0404600F04FFF0246FB
:10D29000019802F047F8014602EBD270401001EB12
:10D2A000D171A0EB610007E0404600F03FFF02466D
:10D2B000019802F037F8101A384404B2404600F0E2
:10D2C0001BFF0246019800F084FF101AD9E73C4684
:10D2D00009E0404600F02AFF0246019802F022F8D9
:10D2E000101A384404B2404600F006FF0246019886
:10D2F00000F06FFF02EBD271491000EBD070A1EB90
:10D300006000BEE7019800F064FF4042BAE7404683
:10D3100002F008F80246019802F004F8014602EB18
:10D32000D270401001EBD171A0EB610007E04046E4
:10D3300001F0F8FF0246019801F0F4FF101A04B260
:10D34000E0E7404600F045FF05462EE0404601F08C
:10D35000E9FF0246019801F0E5FF02EBD2714910A6
:10D3600000EBD070A1EB600007E0404601F0DAFF6F
:10D370000246019801F0D6FF101A04B2E1E70198C5
:10D3800001F0D0FF404204B20FE0019801F0CAFF63
:10D39000404204B241E0019801F0C4FF404204B2AF
:10D3A0004EE0404601F0BEFF04460021484601F031
:10D3B000FAFB012848464CD000F0B2FFB8F8142020
:10D3C00004990A44B9F81410511A0144A1EB0A0057
:10D3D000204404B2484601F06FF8B8F816200E99C0
:10D3E0000A44B9F81610511A014400980022081A8C
:10D3F000284405B2012101E01EE00AE0019803F093
:10D40000E3FB019805B02A462146BDE8F04F03F042
:10D41000D9BA404601F086FF0446404600F0D9FEE6
:10D420000246019800F0D5FE02EBD271491000EBE4
:10D43000D070A1EB600025E7404601F073FF044681
:10D44000404600F0C6FE0246019800F0C2FE101AE7
:10D4500018E700F0C5FFB1E710B504468068002862
:10D4600014D10B484168491C41601C20FFF796FB12
:10D47000A06000280AD01C21FFF72AFDA1680F2018
:10D480004876A068017E41F00301017610BD0000DE
:10D49000E80200202DE9FC410E460546012101F07D
:10D4A0006EFFE0BB284600F0D9FE044600F05EFEA9
:10D4B0000746F9F789FDA0420ED03846F9F78CFDF2
:10D4C000A04209D03846F9F76DFDA04204D0384695
:10D4D000F9F760FDA04237D14FF4002421462846D9
:10D4E00001F054FF28BB2846ECF74AF8074605F13F
:10D4F00014016846F8F755F8BDF80000C01BADF8F8
:10D500000000BDF80200C01BADF80200BDF8040029
:10D510003844ADF80400BDF80600384400E013E0DC
:10D52000ADF8060031466A460846EBF78EFA002849
:10D530000BD0002301223146284601F040FE1CE0BA
:10D54000012101F01CFF10B10020BDE8FC81214643
:10D55000284601F01BFF80B9D5E90501CDE900019E
:10D56000002301226946284601F029FE31466A4619
:10D570000846EBF76AFA0028E7D0284600F06AFE72
:10D58000051EDDD10120E0E72DE9F0410E460746FA
:10D59000002501F083FD040035D03146384601F006
:10D5A00071FD02282FD904EBD470012101EB600436
:10D5B0003146384601F06CFD20440FFA80F83146C0
:10D5C000384601F047FD04463146384601F04EFD2D
:10D5D000002C01DD214600E06142002801DD024609
:10D5E00000E04242914205DD002C01DD204604E0CE
:10D5F000604202E0002800DC4042404400B20028C3
:10D6000000DA284605463146384601F0B9FB0400E9
:10D610000ED03146384601F0A7FB022808D9314622
:10D62000384601F0A7FB2044A84200DB05462DB296
:10D6300038463146692201F0BDFC04B23846314615
:10D640006A2201F0B7FC00B2844200DC0446002CE0
:10D6500001DD281905B22846BDE8F08170B50D46F8
:10D6600006465B2201F0A6FCC4B2304629461622CB
:10D6700001F0A0FC04B90124204670BD002803D0AD
:10D680000068884201D101207047002070470000E7
:10D690002DE9F0410D4607460026364900E00068B6
:10D6A000B8B182690A42FAD08069C0F30F1080468F
:10D6B000FFF774FA041E31D04146FFF709FCC4E9B4
:10D6C00000754FF001086FF0030725B1A86878B323
:10D6D00032E03046EBE7F9F72FFC05001AD0EA6894
:10D6E000F2B1686A401C810068621046FFF706FBD1
:10D6F000E860696A07EB81014450A682E682002057
:10D70000F9F732FC401E20830020F9F773FC401E1D
:10D71000608323E02046FFF7CDFA0020BDE8F081CA
:10D720000420FFF73BFAE8600460C5F82480E4E7D2
:10D73000FFE72846FFF790FEA868016881B14168BD
:10D74000491C4160A86889000068FFF7D7FAA968FA
:10D750000860A968496807EB810144502046DDE76D
:10D760000420FFF71BFAA96808600460A968C1F8E3
:10D770000480F3E7F0FF0F0070B5054602F04FF9A3
:10D78000002000F09BFA284605F0C6FB284600F072
:10D790006FF8012000F092FA4FF6FF724FF47021FB
:10D7A000284602F087FD284602F06CFDFDF77EF862
:10D7B000030007D0284602F0EBF818B129461846B6
:10D7C000FDF710F8284600F045FD04000DD02A466C
:10D7D0002221FCF739FC2A4623212046FCF734FCA1
:10D7E0002846BDE8704002F089B870BD7FB50C4690
:10D7F000064602F0DBF80546E0060CD502AA6946AB
:10D80000304600F06EFE6946304602F09AF802A9F2
:10D81000304602F096F8F069A043F061E0070ED0C0
:10D82000304602F06BF8304602F0C0F838B13046AE
:10D8300000F010FD02F0F3F8304602F0F0F8304648
:10D8400002F0B4F8A84202D114F0C07F07D03046ED
:10D8500000F000FD04B0BDE8704002F0E0B87FBD0C
:10D86000028C22EA01018A4201D003F0D5B8704748
:10D8700070B504680546206818B128602846FFF78F
:10D88000F7FF2C6062682046002A03D02946BDE8D5
:10D890007040104770BD00002DE9F0414D680C4606
:10D8A000EDB1284600F03CFD0646284600F004FE97
:10D8B000074628460021102201F07CFBE98A12224B
:10D8C0000844C01BE082401E60832846002101F00E
:10D8D00071FBA98A0844801BA082401E208341F26C
:10D8E0000200E061002D06D043F20200C4F81C00E3
:10D8F00043F20230E06140F0740040F40060E06107
:10D9000002D040F40040E061BDE8F08110B501466E
:10D910000348FFF7BDFE0446FFF72EFF204610BD6B
:10D92000B0AE020870B5054601F0E8FF284600F0E9
:10D9300091FC0400284610D006F006FB204602F0B9
:10D9400083FF002222212046FCF77EFB2046BDE813
:10D95000704000222421FCF777BB00F007FC040094
:10D9600007D02069A842284604D106F0EDFA00202D
:10D97000206170BDBDE8704006F0E6BA014601487E
:10D98000F7F7DCBE89D90108FFF7CCBF70B50C46AC
:10D990000846EBF71FFB002000F090F92046144AE0
:10D9A000002102F05EFD012000F088F900212046F0
:10D9B000F7F7B2F8204600F007FC10B12046FCF75C
:10D9C0009DFFA068002811D00068002518B1FFF75E
:10D9D00071F9A0680560A068C06818B1FFF76AF91E
:10D9E000A068C560A068FFF765F9A56070BD00007C
:10D9F000FFFF0F002DE9F047A2B08046FCF7E4FAE4
:10DA000006464046FCF71EFB012700240546122E61
:10DA100072D0DFF89492152E6CD0182E7AD1404631
:10DA2000FCF7D8FA824601462846F2F7A9FC002105
:10DA3000284601F021F950B105F59070FAF78EFDF6
:10DA4000060004D0FAF770FA3046FFF721F90021FA
:10DA5000284601F0E5F800285CD002A8FAF7BAFDE4
:10DA60008DF80B408DF822408DF832408DF83E4005
:10DA700002AA0021284601F0E5FD0021284601F018
:10DA800068FB80460021284601F057FB064605F159
:10DA900014016846F7F77CFDBDF80010A1EB080003
:10DAA000BDF80410ADF8000001EB0800ADF804006B
:10DAB000BDF802005146801BADF80200BDF806001B
:10DAC0003044ADF8060010A800F0F0F802A8149059
:10DAD00068461D94CDE91270CDF8449010AA1A2121
:10DAE0002846FCF7B1FA6A4602A95046FAF75EFDED
:10DAF000D4E001E055E00DE04046FCF7A1FA06460F
:10DB00000078022806D00021284601F0B5F820B19F
:10DB10000220307022B0BDE8F0870021284601F0D5
:10DB200093FA82460021284601F013FB814600212A
:10DB3000284601F002FB804605F114016846F7F71C
:10DB400027FDBDF800105246A1EB0900BDF80410F6
:10DB5000ADF8000001EB0900BDF80210ADF80400BB
:10DB6000A1EB0800BDF80610ADF8020001EB0800BB
:10DB7000ADF8060069467068EAF78FFF68B10021CA
:10DB8000284601F041F8FD2807D3284600216022ED
:10DB900001F010FAC0B2FD2801D23770BAE7347034
:10DBA000B8E74046FCF716FA804602A8FAF712FDDD
:10DBB0000021284601F034F828B19DF82B0040F0F0
:10DBC00001008DF82B0002AA0021284601F03AFD41
:10DBD0000021284601F0BDFA06460021284601F042
:10DBE000ACFA074605F114018A466846F7F7D0FCFF
:10DBF000BDF800004146801BADF80000BDF80400F0
:10DC00003044ADF80400BDF80200C01BADF80200BE
:10DC1000BDF806003844ADF8060010A800F046F83C
:10DC200002A814906846CDE91240CDF8449010AA9D
:10DC30001A2128461D94FCF707FA0021284601F016
:10DC40001BF830B1BDF8080018B1069E01270694F4
:10DC500001E0069E00276A4602A94046FAF7A6FCA4
:10DC6000E7B11820FEF7C8FF0746BDF908200023DA
:10DC70005146FAF7E1FB05F590713846F9F790FF48
:10DC800066B18DF80B408DF82A408DF832408DF842
:10DC90003E406A4602A94046069627E710AA1B2185
:10DCA0002846FCF7D1F935E7B0AE020870B50D464D
:10DCB00004464821FFF70CF9256070BD0149087042
:10DCC00070470000F80200202DE9FF418846084611
:10DCD000FCF77AF904464046FCF77AF90546012C30
:10DCE00023D0082C23D0032C3ED02A2C3ED00D2C40
:10DCF0004CD00E2C7DD0092C7CD00A2C7BD00F2C44
:10DD00007AD0292C79D0222C78D0242C77D0132CBF
:10DD100076D0152C03D0182C01D0122C34D104B09D
:10DD20004046BDE8F041FFF765BE2021FAE0202122
:10DD3000FFF796FD4046FCF75EF9FDF718FE002858
:10DD400022D10821284601F01AFB00281CD095F8A2
:10DD500020004FF00101C007284602D0FFF780FDE8
:10DD600030E0FFF7A1F92DE02021F8E000F072F992
:10DD70000646002406E0A868006850F8240001F078
:10DD80004EFE641CB442F6D3BDE8FF81082101F0C9
:10DD9000F6FAF8B14046FCF753F90478132C06D094
:10DDA000112C04D0142C07D0122C05D008E001212E
:10DDB0002846FFF779F903E001212846FFF750FDD7
:10DDC0000A2CE1D004B02846BDE8F04100221C2115
:10DDD000FCF73AB94FF40161284601F0D0FA002867
:10DDE000D2D0284601F0C7FD0028CDD10027284613
:10DDF00007E06DE095E09AE0B0E0B5E0D1E0F2E058
:10DE0000F6E000F08DFA0646284600F0E9FA0446EE
:10DE10004046FCF715F9007812281BD011280CD0C9
:10DE200013282BD01428AFD1284600F071FA8007B0
:10DE300003D0002E38DC002C36DC284600F0C9F96F
:10DE40000446284600F046FBE11704EB9171A0EB75
:10DE5000A1000BE0284600F0BCF90446284600F07B
:10DE600039FBE11704EB917100EBA10001B204B0A2
:10DE70003A462846BDE8F04102F0D0BC284600F002
:10DE800047FA8007E6D0002E01DC002CE2DD2846B0
:10DE900001F048FA0446284600F015FBE11704EBB0
:10DEA000917100EBA1000BE0284601F03BFA04461B
:10DEB000284600F008FBE11704EB9171A0EBA100EC
:10DEC00001B204B03A462846BDE8F04102F090BCE9
:10DED0004FF4806101F053FA18B10121284602F095
:10DEE0006AFC284600F070F9FCF7E6FC06460224BE
:10DEF000FDF708FD10B94046FCF77DF8FDF743FD3E
:10DF0000022801D0042800D106241EB144F00801E3
:10DF1000284607E021462846FFF7C6F8082128468C
:10DF20001DE0402104B0BDE8F041FFF7BDB840213D
:10DF3000FFF796FC284600F0FAFD02287FF424AF94
:10DF400002AA6946284600F0CCFA6946284601F044
:10DF5000F8FC02A9284601F0F4FC15E70E2104B0F4
:10DF6000BDE8F041FFF77CBC002100F007FE04464D
:10DF70000021284600F0AAFE204302D0284601F0E6
:10DF80004EFD284600F066F80646002406E0A86824
:10DF9000006850F8240001F042FD641CB442F6D33E
:10DFA000F2E60021012201F005F806B22846002120
:10DFB000042200F0FFFF04B20021284600F0DEFD3D
:10DFC00007460021284600F081FE384305D142F281
:10DFD000D170864201D08442BFD104B02846BDE84A
:10DFE000F04101F01CBD688C40F002006884F4E749
:10DFF0000021FFF7C9FA014604B04046BDE8F041F0
:10E00000FCF742B810B50C4600B96068006868B10A
:10E0100001690029FAD00021E16002692146904798
:10E02000217E0120C90700D0002010BD012010BDB5
:10E030008068002809D0002902DA4268511803D408
:10E0400043680A468B4201D800207047006850F8A8
:10E05000220070478068002800D04068704770B583
:10E060000C46054600F114012046F7F79AFAA86815
:10E07000002812D02188808A081A2080A968A088E8
:10E08000898A0844A080A9686088898A401A6080CB
:10E09000A968E088898A0844E08070BD70B50C46A4
:10E0A0000546002100F0C4FD06462146284600F042
:10E0B00057F8704202B211462046F7F713FB0021D1
:10E0C000284600F0B1FE218808442080002128461F
:10E0D00000F0E6FEA188081AA0800021284600F082
:10E0E00027FF6188084460800021284600F04EFE2A
:10E0F000E188081AE08070BD70B50446002100F088
:10E1000017FF05460021204600F040FE064600218C
:10E11000204600F08DFD0246204600F05AF8401BD4
:10E12000801B514200EB410000B270BD70B5044647
:10E13000002100F079FE05460021204600F0B0FEE7
:10E1400006460021204600F073FD0246204601F0FD
:10E15000E9F8401B801B514200EB410000B270BD4A
:10E160000A4600F114011046F7F71BBA10B54168D2
:10E1700009B100F073F804460A48EBF724F90EE001
:10E180000021426A05E0C36853F82130A34208D059
:10E19000491C8A42F7D801460248EBF726F90028C5
:10E1A000EED110BD383301208068002805D0827E72
:10E1B00002F03F028A4201D800207047C06801EB9C
:10E1C000410100EB810070478068002800D0806822
:10E1D0007047418BC08A081A401C00B2704770B566
:10E1E000064600F037F8050001D000240AE00020C0
:10E1F00070BD21462846FFF71BFFB04201D12046E3
:10E2000070BD641C2846FFF725FFA042F1D84FF0EF
:10E21000FF3070BDF0B4468C00240425C6F305160B
:10E2200013E000BFC76805EBC40C57F80C705FEA39
:10E23000C71C09D527F07F479F4205D1C06850F819
:10E240003400F0BC03F0D1BD641CA642EAD8F0BC97
:10E2500000207047002800D04068704700B5014694
:10E26000FFF7F8FF0028FAD1084600BD2DE9F04776
:10E27000DFF8948006464446FFF7ECFE074600258B
:10E28000DFF888A00EE0B0685146006850F825001D
:10E29000814601F07BF820B9B9F91A00A04200DBF1
:10E2A00004466D1CBD42EED30021304600F046FE10
:10E2B00081460021304600F06FFD074600213046C0
:10E2C00000F0BCFC0546444504D0708BC01B401BCD
:10E2D000201A04B2304600F033FC80463046FFF787
:10E2E00078FFA0EB0900C01B694200EB4101A8EBDD
:10E2F0000101304600F0EEF8081A00B2844200DD59
:10E300002046BDE8F087000001E0FFFF01000400A7
:10E31000806818B1407E00F00F0070470F207047F2
:10E320002DE9F84F0646002100F043FC012807D0F4
:10E33000B068002802D0008A404200B2BDE8F88FE1
:10E340000021304600F0B2FD00900021304600F080
:10E3500071FD81460021304600F070FC804641F698
:10E36000FF7A54463046FFF775FE074600250EE05B
:10E37000B0681949006850F82500834601F006F896
:10E3800020B9BBF91400A04200DC04466D1CBD425C
:10E39000EED3544506D0B28A09EB08001044001BA6
:10E3A00004B200E00D4C304600F0D8FB0546304684
:10E3B00000F0B8FF0099411AA1EB0901C8F1000073
:10E3C00001EB4000291A304600F07DF8084400B205
:10E3D0008442B3DD2046B1E70100040001E0FFFF05
:10E3E0002DE9F0470646002100F0E3FB01280AD0A2
:10E3F000DFF8A08030464446FFF72CFE0746002594
:10E40000DFF894A015E0B068002801D0B0F9100042
:10E41000BDE8F087B0685146006850F82500814695
:10E4200000F0B4FF20B9B9F91800A04200DB04469F
:10E430006D1CBD42EED30021304600F037FD07468B
:10E440000021304600F0F6FC81460021304600F005
:10E45000F5FB0546444504D0308BC01B401B201AF9
:10E4600004B2304600F07AFB8046304600F05AFF96
:10E47000C11BA1EB0900694200EB4101A8EB0101BE
:10E48000304600F020F8081A00B28442C0DD204671
:10E49000BEE7000001E0FFFF0100040080680028E3
:10E4A00002D0007EC0F3810070478068002802D04F
:10E4B000007EC0F3011070478068002802D0408AB7
:10E4C000404200B270478068002802D0008A404273
:10E4D00000B270478068002802D0408A404200B2F3
:10E4E00070472DE9F04F91B016460C464FF0FF37BC
:10E4F000054600223B46114620460097F7F70CF9E7
:10E5000000223B46114630460097F7F705F91021E7
:10E51000284600F034FF002816D0284600F007FBFC
:10E52000070011D00020FDF7F3F98046022F08D034
:10E5300010E0FDF71CFAA84209D04046FDF7E8F9C3
:10E540008046B8F1000FF4D111B0BDE8F08FB8F1FA
:10E55000000FF9D02846FFF7AFFF05902846FFF7D8
:10E5600085FE0C902846FFF7DBFE0A902846FFF751
:10E5700037FF08902846FFF7CBFE8146002019F0B0
:10E580000C0F009014D0012F10D0032F02D0022FB7
:10E5900007D00DE00598002808DC0C98002805DC61
:10E5A00006E04046FDF7D4F90C2801D10120009087
:10E5B000002009905FEA897014D0012F10D0032F3A
:10E5C00002D0022F07D00DE00A98002808DC089836
:10E5D000002805DC06E04046FDF7BAF9032801D122
:10E5E00001200990009909980843ADD04FF4803775
:10E5F0003946284600F0DDFA012800D000200E90B0
:10E600003946284600F09AFC06903946284600F024
:10E61000C3FB0F903946284600F00CFC8046394673
:10E62000284600F043FC814628460122394600F086
:10E63000C1FC0FFA80FB2846FFF7CBFD049028466B
:10E6400000F070FE0390009800B158468246099889
:10E6500000B15846109028463946212200F0AAFC05
:10E66000C0B2022808D228463946312200F0A2FC66
:10E67000C0B20228FFF468AFDDE9040101440C9840
:10E68000A027084400B20B900098002870D00B9887
:10E690000028FBD0E88A7080688BF0800E9840B12B
:10E6A000A98A01EB08003080ABF101010844B08079
:10E6B00007E0298BA1EB0900B080A0EB0B00401C08
:10E6C000308006990498411A0F98091A1098081A70
:10E6D0000499009048430B9990FBF1F000B205902B
:10E6E0000020F8F72FFC00EB8001502000EB4100E8
:10E6F000B0F5A07F0ADB0020F8F724FC00EB8001D6
:10E70000502000EB410090FBF7F000E0012005995C
:10E71000884201DA084616E00020F8F713FC00EB07
:10E720008001502000EB4100B0F5A07F0ADB002003
:10E73000F8F708FC00EB8001502000EB410090FB53
:10E74000F7F000E00120009900B2091A0AB2049B18
:10E750000B99C91A09B200290BDCE98A069808440A
:10E760007080698B0F98091A1098081A401EF08063
:10E7700090E00C9B12FB03F393FBF1F1511A069A04
:10E78000EB8A1144194409B2401E71800844F0809C
:10E79000B5F9162006981044814238DA70800020BE
:10E7A000F8F7D0FB00EB8001502000EB4100B0F502
:10E7B000A07F0ADB0020F8F7C5FB00EB80015020AA
:10E7C00000EB410090FBF7F000E00120B6F90210E9
:10E7D0000844B6F90610884219DD0020F8F7B2FBAC
:10E7E00000EB8001502000EB4100B0F5A07F0ADB78
:10E7F0000020F8F7A7FB00EB8001502000EB410060
:10E8000090FBF7F000E0012071880844F080B5F932
:10E810001A201098B6F90610121A0F98101A814291
:10E8200038DDF0800020F8F78DFB00EB80015020F0
:10E8300000EB4100B0F5A07F0ADB0020F8F782FB77
:10E8400000EB8001502000EB410090FBF7F000E06E
:10E850000120B6F90610081AB6F90210884219DA32
:10E860000020F8F76FFB00EB8001502000EB410027
:10E87000B0F5A07F0ADB0020F8F764FB00EB800115
:10E88000502000EB410090FBF7F000E00120F18800
:10E89000081A70800A99039801440898084400B245
:10E8A0000490099800283FF44FAE04980028FAD04D
:10E8B000698B0F98081AE080A0EB0B00401C608069
:10E8C000A88A2080288BA0800399A1EB0801A1EBE6
:10E8D0000901A1EB0A00039900904843049990FBB9
:10E8E000F1F000B202900020F8F72CFB00EB800062
:10E8F000502606EB40004FF4A07B584509DB002072
:10E90000F8F720FB00EB800006EB400090FBF7F0EF
:10E9100000E001200299884201DA084613E0002055
:10E92000F8F710FB00EB800006EB4000584509DBD0
:10E930000020F8F707FB00EB800006EB400090FB9F
:10E94000F7F000E00120009900B2091A0AB2DDE9EF
:10E950000331C91A09B2002916DCA98A0E9840B100
:10E960004144AAF1010008442080298BA1EB090051
:10E9700008E001EB08002080298BA1EB0901A1EB45
:10E980000A00401EA080DFE5089B12FB03F393FB07
:10E99000F1F1511A0E9A09B2EAB3AA8A401E53182D
:10E9A00008EB0A02991809B221800844A080B5F941
:10E9B00014001044884233DD20800020F8F7C2FAAA
:10E9C00000EB800006EB4000584509DB0020F8F71B
:10E9D000B9FA00EB800006EB400090FBF7F000E096
:10E9E0000120B4F900100844B4F90410884217DD7E
:10E9F0000020F8F7A7FA00EB800006EB400058452E
:10EA00000ADB0020F8F79EFA00EB800006EB4000DE
:10EA100090FBF7F001E039E0012021880844A08054
:10EA2000B4F90410B5F9182077E0A0800020F8F7B9
:10EA300089FA00EB800006EB40005D46A84272DBDD
:10EA40000020F8F77FFA00EB800006EB400090FB17
:10EA5000F7F0B4F90410081AB4F90010884292DAF9
:10EA60000020F8F76FFA00EB800006EB4000A842A8
:10EA70005BDB0020F8F766FA00EB800006EB400055
:10EA800090FBF7F0A188081A20805DE5AB8A41442D
:10EA9000194409B2401E21800844A080B5F9142011
:10EAA00002EB0800814232DA20800020F8F74AFAAF
:10EAB00000EB800006EB4000584509DB0020F8F72A
:10EAC00041FA00EB800006EB400090FBF7F000E01D
:10EAD0000120B4F900100844B4F90410884216DD8E
:10EAE0000020F8F72FFA00EB800006EB40005845B5
:10EAF00009DB0020F8F726FA00EB800006EB400067
:10EB000090FBF7F000E0012021880844A080B5F9CF
:10EB10001820B4F90410A2EB0A02A2EB090081420A
:10EB200083DC11E5FFE7012093E70120AAE7806875
:10EB300018B1007E00F0030070470320704700000A
:10EB400008B505496A46496800912C21FBF77CFA13
:10EB5000BDF9020008BD0000CCAE020808B50549A9
:10EB60006A46096800912C21FBF76EFABDF9000096
:10EB700008BD0000CCAE0208008C704710B5092219
:10EB800000F018FAC0B210BD10B5092200F012FA58
:10EB9000C0B210BD662200F00DBA10B5502200F0D0
:10EBA00009FA00B210BD10B5162200F003FAC0B287
:10EBB00010BD10B5162200F0FDF9C0B210BD10B5A1
:10EBC000162200F0F7F9C0B210BD10B5162200F001
:10EBD000F1F9C0B210BD10B5162200F0EBF9C0B2C9
:10EBE00010BD10B5162200F0E5F9C0B210BD70B529
:10EBF0000C460546202200F0DDF902462146284653
:10EC0000BDE87040EAF7ECBC10B5212200F0D2F963
:10EC1000C0B210BD10B5682200F0CCF9C0B210BD72
:10EC200010B5342200F0C6F9002800D0012010BD34
:10EC300010B5322200F0BEF900B210BD10B532227C
:10EC400000F0B8F900B210BD10B5322200F0B2F9F0
:10EC500000B210BD10B5322200F0ACF900B210BD08
:10EC600010B5322200F0A6F900B210BD10B5322264
:10EC700000F0A0F900B210BD10B5172200F09AF90B
:10EC8000002800D0012010BD034A10B5528900F0C1
:10EC900091F9C0B210BD00001C03002010B5042281
:10ECA00000F088F900B210BD10B5042200F082F91E
:10ECB00000B210BD10B5042200F07CF900B210BD06
:10ECC00010B5042200F076F900B210BD10B50A228A
:10ECD00000F070F980B210BD10B50A2200F06AF998
:10ECE00080B210BD10B5492200F064F900B210BD29
:10ECF00010B5062200F05EF900B210BD10B5052275
:10ED000000F058F900B210BD10B5602200F052F9C1
:10ED1000C0B210BD70B50E460546FFF7F5FF0228DC
:10ED20001AD9FF24FD2802D2C0EB0020040A0EB13C
:10ED3000002603E02846FFF78DFA054655B1314617
:10ED40002846FFF7E1FF022806D9FD28F2D2444306
:10ED5000240AEFE7022C01D8002070BDFD2C01D35E
:10ED6000FF2070BD204670BD10B5372200F022F99B
:10ED7000C0B210BD10B5382200F01CF900B210BDB1
:10ED800010B5352200F016F900B210BD10B51122F1
:10ED900000F010F900B210BD10B5112200F00AF910
:10EDA00000B210BD10B5112200F004F900B210BD80
:10EDB00010B5112200F0FEF800B210BD10B51122FE
:10EDC00000F0F8F800B210BD10B5112200F0F2F812
:10EDD00000B210BD10B5112200F0ECF800B210BD69
:10EDE00010B5112200F0E6F800B210BD10B51122E6
:10EDF00000F0E0F800B210BD10B5152200F0DAF80E
:10EE000000B210BD10B5152200F0D4F800B210BD4C
:10EE100010B5152200F0CEF800B210BD10B51522C5
:10EE200000F0C8F800B210BD10B5122200F0C2F810
:10EE300000B210BD10B5122200F0BCF800B210BD37
:10EE400010B5122200F0B6F800B210BD10B51222B3
:10EE500000F0B0F800B210BD10B5122200F0AAF810
:10EE600000B210BD10B5122200F0A4F800B210BD1F
:10EE700010B5122200F09EF800B210BD10B512229B
:10EE800000F098F800B210BD10B5122200F092F810
:10EE900000B210BD10B5122200F08CF800B210BD07
:10EEA00010B5132200F086F800B210BD10B5132281
:10EEB00000F080F800B210BD10B5132200F07AF80F
:10EEC00000B210BD10B5132200F074F800B210BDEE
:10EED00010B5132200F06EF800B210BD10B5132269
:10EEE00000F068F800B210BD10B5132200F062F80F
:10EEF00000B210BD10B5132200F05CF800B210BDD6
:10EF000010B5132200F056F800B210BD10B514224F
:10EF100000F050F800B210BD10B5142200F04AF80D
:10EF200000B210BD10B5142200F044F800B210BDBC
:10EF300010B5102200F03EF800B210BD10B510223E
:10EF400000F038F800B210BD10B5102200F032F811
:10EF500000B210BD10B5102200F02CF800B210BDA8
:10EF600010B5102200F026F800B210BD10B5102226
:10EF700000F020F800B210BD10B5102200F01AF811
:10EF800000B210BD10B5102200F014F800B210BD90
:10EF900010B5102200F00EF800B210BD10B510220E
:10EFA00000F008F800B210BD10B5102200F002F811
:10EFB00000B210BD2DE9F8438846064614460121EB
:10EFC000104603F029F80746002515E06B46224657
:10EFD00041463046F4F759FB0546012827D07FB15A
:10EFE000022D05D0B8F1000F02D04FF0000803E069
:10EFF0003046FFF72FF90646002EE7D1012D16D037
:10F00000B8F1000F03D1012C05D0042C03D0204609
:10F0100002F09AFF0AE031680FE0012C0AD0C88A9A
:10F0200050B161B1012C0CD0B1F9160000900098DC
:10F03000BDE8F883888AF3E709680029EDD100204C
:10F04000F4E7B1F91400F1E710B50B22FFF7B2FFB6
:10F0500000B210BD10B54122FFF7ACFF00B210BDE9
:10F0600010B54122FFF7A6FF00B210BD10B5422235
:10F07000FFF7A0FF00B210BD10B54222FFF79AFFC4
:10F0800000B210BD10B54522FFF794FFC0B210BD0D
:10F0900010B54322FFF78EFF00B210BD10B540221D
:10F0A000FFF788FF00B210BD70B50C46054655222B
:10F0B000FFF780FF024621462846BDE87040EAF788
:10F0C0008FBA5722FFF776BF5722FFF773BF572239
:10F0D000FFF770BF5722FFF76DBF5722FFF76ABFD8
:10F0E0005722FFF767BF10B55822FFF763FF00B242
:10F0F00010BD10B55822FFF75DFF00B210BD10B56E
:10F100005922FFF757FF00B210BD10B55922FFF783
:10F1100051FF00B210BD10B55922FFF74BFF00B2EE
:10F1200010BD10B55922FFF745FF00B210BD10B554
:10F130005922FFF73FFF00B210BD10B56A22FFF75A
:10F1400039FF00B210BD10B56A22FFF733FF00B2DD
:10F1500010BD10B56922FFF72DFF00B210BD10B52C
:10F160006922FFF727FF00B210BD10B50122FFF79B
:10F1700021FF00B210BD10B50122FFF71BFF00B246
:10F1800010BD10B50122FFF715FF00B210BD10B57C
:10F190000122FFF70FFF00B210BD10B50122FFF7EB
:10F1A00009FF00B210BD10B50722FFF703FF00B240
:10F1B00010BD10B50822FFF7FDFE00B210BD2DE90D
:10F1C000FF4107460888ADF800004888ADF8020006
:10F1D0000888ADF80400C888ADF806008888ADF846
:10F1E000080048880C46ADF80A00A088ADF80C006D
:10F1F000E088ADF80E001D4616466946384601F017
:10F2000027FE2B463246384601A901F021FE2B4647
:10F210003246384602A901F01BFE2B4632463846DC
:10F2200003A901F015FEBDF90030BDF904008342C9
:10F2300001DA1D4600E00546BDF90810BDF90C20B5
:10F24000914201DA0E4600E01646B54205DA8342E5
:10F2500001DA1A4604E0024602E0914200DA0A4668
:10F260002280BDF90030BDF904108B4201DD1D463E
:10F2700000E00D46BDF90800BDF90C20904201DD0B
:10F28000064600E01646B54205DD8B4201DD1A4612
:10F2900004E00A4602E0904200DD0246A280BDF989
:10F2A0000230BDF90620934201DA1D4600E0154602
:10F2B000BDF90A10BDF90E00814201DA0E4600E0E8
:10F2C0000646B54205DA934201DA184604E01046D4
:10F2D00002E0814200DA08466080BDF90230BDF9E3
:10F2E00006108B4201DD1D4600E00D46BDF90A0007
:10F2F000BDF90E20904201DD064600E01646B542FB
:10F3000005DD8B4201DD184604E0084602E090422C
:10F3100000DC1046E080052211462046F6F7E2F9AF
:10F32000BDE8FF81018B808A081A401C00B270473B
:10F3300070B50546FEF78EFF040012D0E88AE18A18
:10F34000451A2046FFF7C6F8054400212046FFF77E
:10F35000EFFD2D1A00212046FFF76AFC281A00B2A3
:10F3600070BDB5F9160070BD10B50446FFF7E0FF9B
:10F3700002462046FEF72DFF104400B210BDC069C2
:10F38000814301D00020704701207047C0690840C8
:10F3900000D001207047008C084000D00120704749
:10F3A000F8B514460D4606465022FFF703FE00B29C
:10F3B0006080002810D0304629465322FFF7FAFD1E
:10F3C000C0B22073022807D929463046FFF7A2FCB5
:10F3D000022802D800202073F8BDFD2804D2217B2A
:10F3E00011FB00F0000A2073207B0228F4D952227E
:10F3F00029463046FFF7DEFD024629463046EAF749
:10F40000EFF80090BDF800002080304629465422D5
:10F41000FFF7D0FDA060304629465122FFF7CAFD14
:10F4200000B10120617B002D60F382016173D3D0B4
:10F4300029463046FFF7EEFB617B60F30101617303
:10F44000F8BDF8B514460E4605464622FFF7B2FD54
:10F45000C0B2E072022807D931462846FFF75AFCAD
:10F460000021022801D8E172F8BDFD2804D2E27A19
:10F4700012FB00F0000AE072E07A0228F4D9218041
:10F480004FF480706080288BA98A4822401A401C63
:10F4900000B200EBD0704010A080688BE98A401A5F
:10F4A000401C00B200EBD0704010E080284631468E
:10F4B000FFF780FD10F0FF00A0720DD0472231460B
:10F4C0002846FFF777FD024631462846EAF788F8D6
:10F4D0000090BDF800002081002EC5D0314628469E
:10F4E000FFF798FB2073F8BDF8B514460D460646A5
:10F4F0005622FFF75FFDC0B2A076022807D9294641
:10F500003046FFF707FC022802D80020A076F8BD9D
:10F51000FD2804D2A17E11FB00F0000AA076A07E97
:10F520000228F4D929463046FFF7BEFD0090BDF809
:10F530000000A081304629465822FFF73BFDA082FB
:10F54000304629465922FFF735FD6082304629466C
:10F550005A22FFF72FFDA17F60F30201A1773DB191
:10F5600029463046FFF756FBA17F60F3C501A1771E
:10F5700029463046FFF7A5FD2060304629465B222C
:10F58000FFF718FD2077F8BDF8B514460D4606467E
:10F590004E22FFF70FFDC0B22072022807D929467C
:10F5A0003046FFF7B7FB022802D800202072F8BDD2
:10F5B000FD2804D2217A11FB00F0000A2072207A83
:10F5C0000228F4D9304629464922FFF7F3FC00B25D
:10F5D00060800028EBD04D2229463046FFF7EAFC38
:10F5E000024629463046E9F7FBFF0090BDF80000CF
:10F5F0002080304629464A22FFF7DCFC00B2A0807A
:10F6000028B1304629464B22FFF7D4FCE080304633
:10F6100029464C22FFF7CEFC08B1012100E0002171
:10F62000607A61F38200810861F3C3006072002D8B
:10F63000BDD029463046FFF7EDFA617A60F301014B
:10F640006172F8BDF8B514460D460646FFF762FB39
:10F65000074685B1022F09D80020E070A07684F813
:10F66000220084F82A0084F83600F8BD2946304686
:10F67000FFF7D0FAA070304629460B22FFF79AFC1C
:10F680002080E078002855D0304629462122FFF717
:10F6900091FCC0B2E07002284CD929463046FFF7F1
:10F6A000A6FA0090BDF80000A08030462946262228
:10F6B000FFF780FC010007D0487A400704D00A22F7
:10F6C000A01DFDF733FB35E0304629462322FFF726
:10F6D00071FCE17B60F30201E173480721D0294608
:10F6E0003046FFF784FA0090BDF80000E080222247
:10F6F00029463046FFF75EFC024629463046E9F7C8
:10F700006FFF0090BDF8000060813046294624223A
:10F71000FFF750FC2072304629462522FFF74AFCAD
:10F720002073304629462722FFF744FCE17B60F333
:10F73000C501E173304629463222FFF73BFC00B297
:10F74000208428B394F8220010B330462946312291
:10F75000FFF730FCC0B284F82200022818D93046E6
:10F7600029463322FFF726FC94F82310302260F359
:10F77000450184F8231029463046FFF71BFC02465A
:10F7800029463046E9F72CFF0090BDF80000E083E1
:10F7900029463046FFF7F4FAE084E8B194F82A00ED
:10F7A000D0B129463046FFF7DFFA84F82A00022854
:10F7B00012D929463046FFF7DDFA20853622294640
:10F7C0003046FFF7F7FB024629463046E9F708FFC7
:10F7D0000090BDF80000A084A07E80B3304629468A
:10F7E0002822FFF7E7FB206148B33046294629224B
:10F7F000FFF7E0FBC0B2A076022820D92069FCF711
:10F800006FF802286CD02A2229463046FFF7D2FB37
:10F81000024629463046E9F7E3FE0090BDF80000B5
:10F820002083304629462B22FFF7C4FBE076304682
:10F8300029462C22FFF7BEFB00B10120207794F867
:10F84000360070B329463046FFF728FCE08540B308
:10F8500094F83600022824D929463046FFF712FCD6
:10F8600084F8360002281CD929463046FFF7F2FBFF
:10F87000208629463046FFF7F9FB60862946304648
:10F88000FFF706FCA086442229463046FFF792FB8C
:10F89000024629463046E9F7A3FE0090BDF8000075
:10F8A000A085FD2FBFF4E1AE14F8030F10FB07F0A5
:10F8B000000A04F8140BE07810FB07F0000AE0706F
:10F8C000E07A10FB07F0000AE072E07C10FB07F022
:10F8D000000AE074E07F10FB07F0000AE077F8BD53
:10F8E00029463046FFF7EDFB606129463046FFF7B9
:10F8F000DBFB0090BDF800002083A0E77CB5054647
:10F90000E9F73EFE044605F114016846F5F749FEA5
:10F91000BDF800006946001BADF80000BDF802000C
:10F92000001BADF80200BDF804002044ADF804004F
:10F93000BDF806002044ADF80600284600F001F8A6
:10F940007CBD7CB50C460546FEF710FCF7F768FB5E
:10F9500000280FD021466846F5F723FE6946284661
:10F96000FDF798FD002805D02846FEF7FFFB694605
:10F97000E9F7AEFC7CBD0068002808D0017E89074D
:10F98000F9D0007E00F00300012800D0002070476D
:10F990000068002809D0017E11F00C0FF8D0007E1D
:10F9A000C0F38100012800D00020704710B5044644
:10F9B0000849FFF7EBFC08B1002010BD2046FEF718
:10F9C00049FC0028F9D00021FFF786F90028F4D07F
:10F9D000012010BD010006007CB50546E9F7D0FD09
:10F9E000044605F114016846F5F7DBFDBDF800009B
:10F9F0006946001BADF80000BDF80200001BADF821
:10FA00000200BDF804002044ADF80400BDF8060073
:10FA10002044ADF806002846FDF73CFD7CBD10B53E
:10FA2000418C41F001014184FEF718FC418C41F00A
:10FA300004014184FEF79AFB4068002803D0BDE82A
:10FA4000104003F0D7BB10BD2DE9F047994617468B
:10FA500088468246FEF7FEFA0646002523E000BFF0
:10FA6000DAF80800B9F1000F006850F8254005D019
:10FA70004FF480212046FFF782FC98B9A18A002329
:10FA800001EB0800A082E08A3A463844E082218BEC
:10FA900001EB08002083608B414638446083204698
:10FAA000FFF7D2FF6D1CB542DAD3BDE8F0872DE930
:10FAB000FF47456816460F4604469DB30021284679
:10FAC000FFF7B2F9804600212846FFF731FA814658
:10FAD0004FF480212046FFF752FC48B1A98A07EB7A
:10FAE0000800084407B2E98A06EB0900084410E060
:10FAF0002846FEF7E8FCAA8A02EB0801081A3844F7
:10FB000007B22846FEF7E6FCEA8A02EB0901081A6A
:10FB1000304406B200212846FFF78AF839183044ED
:10FB20000FB206B2A08A381A07B2E08A301A06B2BB
:10FB30000FB9002E40D02046FFF7E0FE02A9204674
:10FB4000FEF70EFB4FF0000875B169462846FEF738
:10FB5000A5FA0022694602A8E8F79FFF5FEA0008BD
:10FB600002D1284600F070FEA08A32463844A082B6
:10FB7000E08A39463044E082208B002338442083D9
:10FB8000608B304460832046FFF75EFF8DB12246D4
:10FB900022212846FAF758FA2046FFF7AFFE002246
:10FBA000694604F11400E8F778FFB8F1000F07D1B7
:10FBB00004E02046FFF7A2FEBDE8FF870028FBD047
:10FBC000284600F041FEF7E770B50C00064604D564
:10FBD000FEF740FBFEF73EFA04443046FEF7FFFA1C
:10FBE00002463046FEF736FB0546002C2DDBFEF7BD
:10FBF00031FAA04229DD944227D015DA6FF00301D3
:10FC0000A24214DDA86801EB82030068C35840F8E3
:10FC10002230521EF4E7A86801EB82030068C35843
:10FC200040F82230521C00E00421A242F3DBA86815
:10FC300000222221006840F824602846FAF704FADE
:10FC40002846BDE87040FFF759BE70BD2DE9F04170
:10FC50000D460646FEF729FCA0B93046FEF72CFCFF
:10FC600004463046FEF702FB00280BDA002C09DDC3
:10FC70004042844200DB044622B22B46002130463B
:10FC800000F08AFC3046FEF709FC002825D13046FA
:10FC9000FEF746FB04463046FEF7A2FB074600216E
:10FCA0003046FEF786FF01280BD0002F15DA002C16
:10FCB00013DD7842844200DB044621B22B46002249
:10FCC00006E0002C09DA002F07DD2B460022214632
:10FCD0003046BDE8F04100F05FBCBDE8F0812DE9A1
:10FCE000F047894686B00446866802A94846FEF772
:10FCF00037FA4846E9F744FC0146024602A8F5F700
:10FD0000F1FC02AA314604A8E8F79FFE4FF4002553
:10FD10000DF1100A20B929464846FFF730FB98B18B
:10FD20004FF00108224614214846C4F808A0FAF70B
:10FD30008BF9224615214846FAF786F92246162104
:10FD40004846FAF781F901E04FF000082946484695
:10FD5000FFF715FB20B1306800907068019006E055
:10FD600009F1140231466846E8F76FFE90B1C4F815
:10FD700008D04846FEF76EF90746002508E0D9F896
:10FD80000800006850F82510204605F053F96D1C56
:10FD9000BD42F4D3B8F1000F10D0224617214846D7
:10FDA000C4F808A0FAF750F9224618214846FAF795
:10FDB0004BF9224619214846FAF746F9A66006B0E3
:10FDC000BDE8F0872DE9F14F82B00298FFF7EEFD14
:10FDD00000287CD10298FEF73DFA0090002102989D
:10FDE000FFF7E1F9824600210298FFF7E2F90746A2
:10FDF000009868B1FEF79AF981460098FEF77CF901
:10FE00000546CAF341304FF0640B012803D012E0DD
:10FE10003A46514692E02AF4C040B0F5FA6F0ADC47
:10FE2000B0F57A7F01DDC0F57A7000FB09F090FB38
:10FE3000FBF00FFA80FAC7F3413001280DD127F407
:10FE4000C040B0F5FA6F08DCB0F57A7F01DDC0F58F
:10FE50007A70684390FBFBF007B200216B22029896
:10FE6000FFF7A8F806B200216C220298FFF7A2F86B
:10FE700002B20298FFF756FA80460298FEF7A9F9F7
:10FE80000446C6F3413001280ED126F4C040B0F537
:10FE9000FA6F09DCB0F57A7F01DDC0F57A7000FBFE
:10FEA00008F090FBFBF006B2C2F3413001280DD1FF
:10FEB00022F4C040B0F5FA6F08DCB0F57A7F01DDBE
:10FEC000C0F57A70604390FBFBF002B200E055E0B1
:10FED0000AEB060006B2B81807B200210298FEF736
:10FEE00053FE50B1012827D0801E082824D2DFE815
:10FEF00000F00B13202B3318383B00210098FEF73D
:10FF000052FE012808D017E009EBD971491008EB1F
:10FF1000D870A1EB600001E0A9EB0800304406B204
:10FF20000AE005EBD570401004EBD471A0EB610042
:10FF300000E0281B384407B23A463146029803B025
:10FF4000BDE8F04FFFF7B3BD09EBD971491008EBDD
:10FF5000D870A1EB600001E0A9EB0800304406B2C4
:10FF6000E7E7A9EB080006E009EBD971491008EBB7
:10FF7000D870A1EB6000304406B2D2E7BDE8FE8F36
:10FF80002DE9F04F0446408C87B0010501D54005AE
:10FF90007ED42046FEF75EF95FEA000878D020465E
:10FFA000FEF7BEF90190608C002600054FF4FA6B55
:10FFB00042F2D17A03D52046FFF7B4F95DE0002183
:10FFC0002046FFF7D2F80546504501D1012600E052
:10FFD0000026C5F34130012805D125F4C04058451D
:10FFE00001DC012000E0002081464046FEF79EF83B
:10FFF000074626B12046EAF7DFFC05462BE0B9F1BB
:020000040802F0
:10000000000F28D0B8F82200000518D4002140467F
:10001000FFF7ABF8504512D100212046FEF708FE4D
:10002000054600212046FEF7FFFE00EB05090021F2
:100030002046FEF735FF411901EB09000AE025F4DF
:10004000C040B0F57A7F01DDC0F57A707843642155
:1000500090FBF1F005B2204600210222FEF7AAFF34
:100060000FFA80F9204600210322FEF7A3FF02B217
:100070003B4649462846F6F7ECFB07462046FEF786
:100080001BFA0090608C4FF00009400505D500E098
:100090006BE02046FEF79DF853E000212046FEF776
:1000A000FDFDA0F51C510546D13906D00020814642
:1000B000C5F34130012802D007E00120F7E725F41D
:1000C000C040584501DC012000E000208346404646
:1000D000FEF712F88246B9F1000F04D02046EAF785
:1000E000F9FB05461BE0BBF1000F18D0B8F8220061
:1000F000400507D400214046FEF7D0FDA0F51C5175
:10010000D13936D025F4C040B0F57A7F01DDC0F595
:100110007A7000FB0AF0642190FBF1F005B22046F2
:1001200000210522FEF746FF0FFA80FB2046002142
:100130000622FEF73FFF02B2534659462846F6F71D
:1001400053FB054656EA090605D0DDE900210023E8
:10015000204600F022FB2046FFF7E4F8B8421BD10E
:100160002046FEF736F8A84216D1002007B0BDE8B9
:10017000F08F00212046FEF75BFD0546002120465A
:10018000FEF7D6FE00EB050B00212046FEF7FEFD34
:10019000411901EB0B00C1E72046FFF7AFFB02A9B5
:1001A0002046FDF7DDFF04A94046FDF777FF00225A
:1001B00004A902A8E8F771FC060002D1404600F04D
:1001C00043FBE08A6D1E2844608300212046FEF731
:1001D000EAFC01281CD0A08A7F1E3844208302AA92
:1001E00029212046F9F730FF224622214046F9F71F
:1001F0002BFF2046FFF782FB608C002240F00200BC
:10020000608404A904F11400E8F747FC36B904E05F
:10021000208BC01B401CA082E1E710B1404600F0DB
:1002200013FB204600F002F801209FE738B5044692
:10023000E9F7A6F905460020ADF800006A4613214B
:100240002046F9F701FFBDF90000A84202D0204680
:10025000FFF754FBA06818B1BDF80010C18209E097
:10026000BDF8000030B12046FDF7F6F8A168BDF8F2
:100270000000C882BDF90000A84202D02046FFF766
:100280003DFB38BD70B505460021FEF76EFF044604
:1002900000212846FEF702FD42F2D1718C4203D0C4
:1002A000884201D0002070BD2846FFF7B8FB01202E
:1002B00070BD00002DE9F84F0446514890460D46A8
:1002C0000078002870D02046FFF718FB05F47F0562
:1002D0000421404601F0A0FE06460221404601F0FE
:1002E0009BFE81460121404601F096FE00901021C0
:1002F000404601F091FE07464FF6FF7BEEB1B5F5A3
:10030000702F12D08DB1204600210422FEF752FE3C
:1003100000B242F2D17A504507D020460021012296
:10032000FEF748FE00B250454DD100222A2120465A
:10033000F9F78AFE2046FFF772FB4FF4702A554505
:1003400000D085BBD84500D02EB12046FDF782FFF6
:1003500008B1FFF764FB554500D025BB1FB320460D
:1003600000216E22FEF726FE00B240B92046002191
:100370006D22FEF71FFE00B2B0F5807F01D002278C
:1003800014E0204600216122FEF714FEC0B2FF28CF
:1003900007D1204600216822FEF70CFE10F0FF0F67
:1003A00003D0012702E00EE028E00027A06820B17A
:1003B000817E67F38711817605E027B12046FDF73E
:1003C0004BF8A068F4E75F46B84502D0B9F1000FDA
:1003D00002D02046FFF72AFF2046FFF78FFAB845E4
:1003E00004D0009949EA0600084207D0B5F5803FDD
:1003F00004D02046BDE8F84F05F0E4B8BDE8F88F1A
:10040000F80200202DE9F04104460E46408C002100
:1004100015460423C0F305100BE000BFE26803EBB0
:10042000C107D259D70103D522F07F42AA4202D098
:10043000491C8842F2D8884202D10020BDE8F081F0
:10044000E06850F83100314601F020FE28B1324614
:1004500029462046FFF72EFF01E00028EED00120BC
:10046000ECE72DE9F05F4FF6FF7A0F0005461FFA23
:1004700082F802F47F09564602D0F87900B90026C6
:100480000024214659E0EA68042000EBC40B96469C
:1004900052F80B00C0F307424FEA024C524683B2B7
:1004A000904501D0434509D1B9F5702F01D0CC4515
:1004B00004D12FB15EF83430BB4201D0641C3CE063
:1004C000800104D500234946284608F095FBE868DA
:1004D00050F80B10CA0101D489010CD550F8340032
:1004E00001F033FEE86850F83400FCF7E3FBE968FC
:1004F000002041F83400204608220AE0E96802EBB7
:10050000C00C01EBC0036144401CD1E900C1C3E948
:1005100000C1698CC1F30511491E8142EED8688C77
:100520000109491E61F309106884C0F30510C10078
:10053000E868FCF7E3FB0121E860688CC0F3051074
:10054000A042A0D8002908D0002E06D03246494645
:100550002846BDE8F05FFFF7ADBEBDE8F09F0000A4
:1005600070B506460B480078002812D000200CE039
:10057000002506E0E06850F82510304605F0FFF849
:100580006D1C606AA842F5D82046F6F713FD0400FA
:10059000EED170BDF80200202DE9F0411646074665
:1005A00092B00D4651EA06007AD0012B1DD03E498B
:1005B0003846F4F7B1FA3D493846F4F7ADFA00226F
:1005C00009213846F9F740FD012869D1324629460C
:1005D0003846E8F7E1FF012862D112B03846BDE89D
:1005E000F04100220A21F9F72FBD3846FDF7BEFD84
:1005F00080466846F4F7E2FA2D484FF4C874009735
:1006000003902DB34046F6F7AFFC40102A46002178
:10061000F4F725FBC82801D2C82002E0A04200D987
:1006200020460B903846FDF74EFF4142281A0891AC
:10063000CDE909101D4801901E4807906A4609211E
:100640003846F9F701FD01282AD16846F4F714FB72
:10065000002E25D04046F6F7CDFC40103246002152
:10066000F4F7FDFAC82801D2C82002E0A04200D960
:1006700020460B903846FDF72DFF4142301A089175
:10068000CDE90910084801900A4807906A460921F7
:100690003846F9F7D9FC012802D16846F4F7ECFA9C
:1006A00012B0BDE8F0810000655C02084D5C0208F4
:1006B00037590208F14B01082DE9F04715468246EB
:1006C00099460C4651EA050065D0504600F0F0FB13
:1006D0005046FDF7F8FE40420FFA80F808EB0400A0
:1006E00004B200215046FEF764FA012813D0002C12
:1006F00013DC25DA5046FDF713FE06465046FDF79B
:100700006FFE304400B2002800DA002040428442EC
:1007100016DA04B214E0002C02DA4FF000040FE005
:100720000EDD5046FDF7FCFD06465046FDF758FE2F
:10073000304400B2002800DA0020844200DD044684
:100740005046FDF7C7FE404206B2701905B2002DB3
:1007500002DD4FF0000510E00FDA5046FDF7ACFE69
:1007600007465046FDF782FD384400B2002800DA03
:1007700000204042854200DA05B2A4EB080001B235
:10078000A81B02B251EA020005D04B465046BDE814
:10079000F047FFF701BFBDE8F08770B516461D466C
:1007A00004461A4600F024F82A4631462046BDE8A1
:1007B000704000F033B8F8B50E46044600F078FB00
:1007C000002000902046FDF745FD054604F1140782
:1007D0000AE033466A462146384605F0B9F82C4609
:1007E0002046FDF737FD0546002DF2D1F8BD00008B
:1007F00070B50D46144606460749F4F78DF93046A4
:10080000FDF761FE401B01B223463046BDE8704053
:100810000022FFF751BF00004D5C020870B50D4685
:10082000144606460749F4F777F93046FDF752FEBD
:10083000401B02B223463046BDE870400021FFF75E
:100840003BBF0000655C02081FB5044602AA69466A
:10085000FDF747FE6846F4F719FF20B902A8F4F740
:1008600015FF002810D06846F4F710FF18B169464C
:100870002046FFF766F802A8F4F708FF002803D027
:1008800002A92046FFF75DF81FBD70B50D4604466E
:10089000FCF7E2FDA068858270BD38B50C460546C0
:1008A00000236A460421FDF7B5FC012807D0002883
:1008B00004D100222146284600F0CBF938BD00982B
:1008C000A042F6D138BD2DE9F0410C4615461F4631
:1008D00006461946F2F7B8FD2A46214601F0ECFC1F
:1008E000224639463046BDE8F041FFF7E3BC70B51B
:1008F000064640680C46002863D0002C61D0304684
:10090000FEF7FCFF2046FCF7A7FD30467568FDF7B3
:1009100066FC0146042207E0A86802EB8103006838
:10092000C35840F82130491C2846FDF793FB801E30
:100930008842F1DAA9684868401E4860A96805D075
:10094000820008681146FCF7D9F903E00868FCF753
:10095000B1F90020A9680860A1684868401C486097
:10096000A26881001068FCF7C9F9A16808602046F8
:10097000FDF770FB6FF0030101EB8000A1680968CF
:100980000E5028467460FFF75FFF3246222128464A
:10099000F9F75AFB002224212846F9F755FB324685
:1009A00022212046F9F750FB002223212046F9F7A7
:1009B0004BFB3046FFF733F83046BDE87040FEF79A
:1009C0009DBF70BD70B51546044600F010FA29466B
:1009D0002046BDE8704000F020BA70B50C460546D0
:1009E000FCF73AFDA868017E01F00302A24207D09D
:1009F00064F3010101762846BDE87040FEF77EBF32
:100A000070BD70B51546044600F0DBF92946204656
:100A1000BDE87040FFF741BF2DE9F34F8FB081462D
:100A2000008C109988427DD00490A9F82010484687
:100A3000109A0499E8F792FE5FEA000872D04FF42A
:100A400020742046FCF7D8F821460390FCF740FAC2
:100A50000024204672E000BFD9F80C00042200EB0D
:100A6000CA0102EBCA050A91405920F07F4000F00C
:100A7000EDF90590D9F80C00405920F07F4000F0C6
:100A8000E2F9069010990598884355D10A98406874
:100A9000800151D40A980BAA6721006801F0A8F9D7
:100AA000012849D100270B9D40E000261EE000BF31
:100AB000039806EB860100EB81010E91D1F804B09A
:100AC000584600F0C3F90890584600F0BCF9296870
:100AD00031F817200E9909898A4206D10699884271
:100AE00003D105990898884202D2761CA642DFD32A
:100AF000A6421AD1039A04EB8400A98922F8201097
:100B0000039A298A02EB80004180A968C1602968A4
:100B100031F817100181696801610A99496821F06B
:100B20007F4100E04DE0641C41607F1C286830F884
:100B3000170008B1202CB8D30AF101008246B9F899
:100B40002200C0F30511514501D9202C84D3002582
:100B500010E000BF039805EB850100EB810670688B
:100B600000F071F9014600964846109B049AE8F798
:100B700057FD6D1CA542EDD30398FCF789F8B8F139
:100B8000010F0ED0B8F1030F11D0B8F1020F18D138
:100B90004846FEF7B3FE11B04846BDE8F04FFFF7F8
:100BA00045BB11B04846BDE8F04FFEF7A7BE11B0F7
:100BB0004846BDE8F04F4FF6FF724FF47021FFF743
:100BC00079BB11B0BDE8F08F13460A460921FFF743
:100BD0007ABE07B481B01346BDF80810ADF8001016
:100BE000009A202104B0FFF76EBE13460A46232167
:100BF000FFF769BE13460A462921FFF764BE134674
:100C00000A462B21FFF75FBE13460A462121FFF754
:100C10005ABE07B481B01346BDF80810ADF80010F5
:100C2000009A302104B0FFF74EBE13460A46312128
:100C3000FFF749BE13460A463321FFF744BE134669
:100C40000A463221FFF73FBE13460A461721FFF737
:100C50003ABE13460A460421FFF735BE13460A463C
:100C60004621FFF730BE13460A464821FFF72BBE48
:100C700007B481B01346BDF80810ADF80010009A13
:100C80004D2104B0FFF71FBE13460A464E21FFF761
:100C90001ABE13460A464C21FFF715BE13460A46F4
:100CA0004921FFF710BE13460A466021FFF70BBE2D
:100CB00070B514460D46064600F016F82246294641
:100CC000304600F016F822462946304600F016F865
:100CD000224629463046BDE87040AFF300801346F7
:100CE0000A461121FFF7EFBD13460A461221FFF70E
:100CF000EABD13460A461321FFF7E5BD13460A462F
:100D00001021FFF7E0BD13460A460B21FFF7DBBDBC
:100D100007B481B01346BDF80810ADF80010009A72
:100D2000442104B0FFF7CFBD13460A464121FFF727
:100D3000CABD13460A464221FFF7C5BD13460A46FF
:100D40004521FFF7C0BD13460A464321FFF7BBBD4F
:100D500013460A464021FFF7B6BD13460A465B21FB
:100D6000FFF7B1BD07B481B01346BDF80810ADF868
:100D70000010009A552104B0FFF7A5BD13460A469E
:100D80005721FFF7A0BD13460A465821FFF79BBD28
:100D900013460A465921FFF796BD13460A465621C7
:100DA000FFF791BD13460A460121FFF78CBD13469C
:100DB0000A460721FFF787BD13460A460821FFF7B9
:100DC00082BD38B50C46054600236A460121FDF771
:100DD00021FA012807D0002804D100222146284604
:100DE000FFF7E0FF38BD0098A042F6D138BD38B516
:100DF0000C46054600236A460721FDF70BFA012839
:100E000007D0002804D1002221462846FFF7CFFF53
:100E100038BD0098A042F6D138BD38B50C4605461D
:100E200000236A460821FDF7F5F9012807D00028BC
:100E300004D1002221462846FFF7BEFF38BD0098A6
:100E4000A042F6D138BD00F47F00704780B27047F1
:100E50002DE9F0411E4615468846070025D0E8F7E3
:100E600095FB022813D000249EB13DB13846FDF712
:100E7000F1F933462A464146FFF7EAFF002C14D029
:100E8000324641463846BDE8F04107F009BF01242B
:100E9000EAE724B132464146384607F001FF002D0B
:100EA00003D03846FDF7D6F9D7E7BDE8F08100005A
:100EB00070B50B4D2978002911D101212970FDF75A
:100EC000CDF9044606E000BF20F00400608420460F
:100ED000F3F710FC608C4107F6D40020287070BD39
:100EE000F002002008B5132802D209B1042905D95F
:100EF000F5F7F8FC0090BDF8000008BD044A491E53
:100F0000C9B202EBC00000EB4100008808BD000040
:100F1000BC99040808B5132802D209B1052905D9DE
:100F2000F5F7E0FC0090BDF8000008BD054A491E39
:100F300000EB8000C9B202EB400000EB41000088EA
:100F400008BD0000FE98040808B5132805D3F5F77E
:100F5000C9FC0090BDF8000008BD024901EB40004B
:100F6000008808BDD8980408002801DAC0F57A7016
:100F700040F4005000B270472DE9FE4F17460C00B8
:100F800005461E4602D1B7F5807F73D02888318888
:100F9000401A01B2298068887288801A00B268807D
:100FA000002C69D0DFF80CB1DBF80000A04244D07F
:100FB0002046B4F5616F01DDA4F56160002801DA17
:100FC00000F561600A2190FBF1F8C8F1000101EB26
:100FD000810100EB410908F1010A0FFA88F002F0E3
:100FE0001BFA02900FFA8AF002F016FA08F15A0181
:100FF000019008B202F010FA0AF15A01009008B20A
:1010000002F00AFA03460298C9F10A0808FB00F147
:101010000198009A00FB09110A2091FBF0FC08FBE3
:1010200002F103FB09120A2192FBF1F14FEA6C1263
:101030004911CBE90121CBF80040B5F90010B5F911
:101040000200B7F5807F21D0DBF80820DBF8043000
:1010500002FB01F403FB1044B6F800C07C434B4391
:101060000CEBA4442C8002FB00307188784301EB28
:10107000A0406880BDE8FE8F3288794302EB2121D1
:1010800029805988784301EB2020F2E7DBF808300B
:10109000DBF8042003FB01F402FB104437884A43C9
:1010A00007EBA4242C8003FB0020718801EBA02017
:1010B000DFE70000BC03002010B5B0F90420B0F950
:1010C00000304088D21A02EBD27252100C881344BE
:1010D00049881044E31A081A12FB02F113FB03F2C9
:1010E00010FB0020884201D8012010BD002010BD57
:1010F00010B5E5F7F5F80D4A4FF4C853A2F548517D
:10110000A1F11C00F5F711FE0948F5F71DFE08488E
:101110004FF4A0710180F0214180064941610649E8
:10112000C160BDE81040F5F739BE000078FF00202F
:10113000783101205DBE00085CCD00202DE9FC4126
:101140000E46002507462A461431E7F7A6FC00287C
:1011500026D001213046FEF712F900BB3046E8F7F1
:1011600015FAE0B900208DF800006A4612213046D9
:101170000197F8F769FF9DF8000002280FD030466C
:10118000FCF768FF401E04000ED4B068006850F8F9
:1011900024103846FFF7D2FF050009D102E00020F5
:1011A000BDE8FC81641EF0D59DF8000000B935460D
:1011B0002846F5E72DE9FC410025DFF8B4804FE033
:1011C000294491F83011E9BB002441E0011991F85C
:1011D0003011C1BBA5423AD000EBC40100EBC50001
:1011E00030303031E7F7ADFC68B37068B04600EBE3
:1011F000C40200EBC501684630313032E7F7A0FD8C
:101200006846F4F743FA0646D8F8040000EBC50038
:101210003030F4F73BFA0746D8F8040000EBC4007E
:101220003030F4F733FA3844864210D2D8F804004C
:10123000464600EBC50069463030F4F7BBF90120A3
:10124000716801E00BE002E0214481F83001641C88
:10125000D8F804004646B0F85011A142B6D86D1C2B
:10126000D8F80410B1F85021AA42A9D8BDE8FC81F1
:10127000FC02002010B50446F3F7EEFC34B16068C0
:1012800000280ED0BDE81040E7F77CBD002004E048
:10129000606808B1E7F776FD2046F5F78BFE04009D
:1012A000F6D110BD10B591F82A000C4620F00100CF
:1012B00081F82A0000208884C884088510212046EF
:1012C000FCF794FA4FF400712046FCF78FFA2146A0
:1012D0000548FCF7DDF9FCF74FFA2046BDE8104061
:1012E000002202A100F00AB99C9C04084F707469A6
:1012F0006F6E20310A4F7074696F6E20320A4F7022
:1013000074696F6E20330A4F7074696F6E20340AEF
:101310004F7074696F6E203500000000F8B50E46FE
:101320005648FCF76FFE01282ED13046F8F74CFEE8
:1013300005463046F8F786FE04462C2D1CD02A2D93
:1013400023D0292D2DD0012D2DD0022D37D0082DC1
:1013500050D0032D4ED00E2D50D00F2D5DD00D2D21
:1013600066D0132D7CD0152D01D0182D0CD1304610
:10137000BDE8F840EEF731B83046F8F761FE0546B3
:101380002046F2F705FB2880F8BDF2F75AF818B1AD
:1013900000222A21F8F758FE2046FEF773FF0021AD
:1013A00041E0002140E0A06A20F400312046A16223
:1013B000F2F747F8BDE8F8403149F3F7ADBBFAF76B
:1013C000A1FA6946FAF7E4FABDF802000028DBD07A
:1013D0002046F2F736F80546FDF7AAFFBDF80210E1
:1013E000084401B22846FFF718FDA06A40F4003017
:1013F000A062F8BDBDE8F84004F004B9FCF7E4FED3
:10140000F9F75AFA0546FAF77DFAFAF7BCFA042812
:1014100000D115B1E08C2085F8BDE18C208D814292
:10142000FAD0E08401212046BDE8F84003F050BF27
:101430003046F8F705FE0078132812D0122810D095
:10144000142801D01128E7D1E08C0028E4D0258DA4
:10145000401E81B20122204600F0BBF82585F8BD70
:1014600006E0E08CA18C401C8842F8D2258DF0E784
:10147000F1F7E7FFBDE8F840FEF7D8BE809C04080E
:10148000D15D020870B50E460846F8F79DFD04468A
:10149000152805D031461848FCF7B4FD012823D1A2
:1014A0003046F8F7CFFD0546132C08D0292C1CD068
:1014B000152C19D13046BDE87040ECF735BE3046EA
:1014C000F8F7BEFD04462846FCF7C4FEF2F760FAC2
:1014D00006462846FDF726FF0246B4F90000B11A79
:1014E000884200DC0846208070BDFCF7B3FEBDE8F2
:1014F0007040002103F0ECBE9C9C04082DE9F84FDD
:1015000015465FEA010904460DD02046F1F799FF20
:101510004FF0000B0090A4F826B0A4F828B0A4F86F
:1015200024B0584606E0FEE70A2902D1A18C491CE6
:10153000A184401C19F800100029F5D1A08C401C92
:10154000A08494F82A00DDB340F0010184F82A1049
:101550004846DFF73BF9471CC7EBC7008246FBF75D
:101560004BFB06460025A0F1010800BF07FB056004
:101570004946DFF707F96D1C07FB05F10A20EDB2BC
:1015800001F80800072DF1D30AEB060101F801BCB0
:1015900031460098FBF766F93046FBF779FBA08CE3
:1015A00000EB4001E184C0EBC000A0842046F2F7CC
:1015B000EFFBE08C20850098BDE8F84FFEF736BEC3
:1015C00020F0010084F82A0049460098FBF74AF908
:1015D000EFE7F0B490F82A30DC07838C1ED00724A4
:1015E000B3FBF4F4C58CA142B5FBF4F716D207FBAC
:1015F0001455AEB20FFA86FCACEB0105002D01DCF0
:10160000A1EB0C05B5EB540F05D90D468E4201D95F
:10161000291900E0291B04FB071189B28B4200D86D
:10162000591EC1840185F0BC114603F051BE10B5AE
:10163000F5F782FCBDE81040F5F7C6BC2DE9F04790
:10164000A6B09946154688460646DDF8B8A0FCF7D0
:101650008DFD0446FFF7EBFF0746B04275D0A06949
:10166000B04272D0B8B10021F3F756FA0022114609
:10167000A069FFF7A7F900226021A069FEF7C2FE6A
:1016800094F82800800702D53846FCF74BF9A0698A
:10169000074604F026F9A661606938B194F828106D
:1016A000890703D5FCF73EF9002060614046B8F198
:1016B0000A0F55D00B2853D00C2851D00D284FD0ED
:1016C000B8F10E0F4CD0002194F8280061F300000F
:1016D0006AF3410084F8280000213046F3F71CFA31
:1016E000FFF7A5FF0021F3F717FA00221146304655
:1016F000FFF768F9FFF79BFF00221146FFF762F939
:10170000002260213046FEF77DFEFFF790FF0022A9
:101710006021FEF777FE55EA090023D014A8F3F7FD
:101720004DFA56481690564814961790C9F100067F
:10173000CDE91F5603A8F3F741FA2069CDE90E560B
:101740000390B8F10F0F26D200E014E0DFE808F0B4
:10175000161A242A3037475B6C7D8240516476002C
:101760000121B1E7304604F0BCF8BAF1000F02D015
:101770003846FCF7D7F826B0BDE8F0874148159009
:10178000002004E03F4815902046F5F7EDFB0021CE
:101790001C90CDE91D0164E03A4815902046F5F70C
:1017A000E3FB0AE0384815902046F5F723FCEEE706
:1017B000354815902046F5F71DFC4042E7E73148D3
:1017C00015902046F5F7D0FB00211C90CDE91D01B6
:1017D0002C48049000252046F5F7C6FB22E0294856
:1017E00015902046F5F7C0FB404200211C90CDE942
:1017F0001D012448049000252046F5F7B5FBCDE9EE
:101800000C500B952DE0204815902046F5F7F2FB83
:1018100000211C90CDE91D011B48049000252046A5
:10182000F5F7E8FB4042EAE7174815902046F5F740
:10183000E1FB404200211C90CDE91D0112480490BB
:1018400000252046F5F7D6FBD9E710481590002073
:10185000FF219DE70D480490FF2000210B90CDE96A
:101860000C01002225213846F8F7EEFB14A8F3F707
:1018700003FA03A8F3F700FA7DE70000BF58020857
:1018800069580208C55D0208CB5D02086F40020876
:1018900070B50020086791F874000C4620F0030032
:1018A00081F874004FF440712046FBF79FFF102130
:1018B0002046FBF79BFF0020F5F744FB502505EB86
:1018C000C000B0F5A07F08DB0020F5F73BFB05EB7F
:1018D000C000A02190FBF1F000E0012001B2204601
:1018E000BDE87040FEF7D1BF2DE9F34F83B0FE484D
:1018F0000499FCF787FB012852D10498F8F764FBA0
:1019000005460498F8F79EFB044600F065FA064683
:10191000112D17D0012D46D0022D78D0082D77D06B
:10192000032DFCD00E2D74D0292D73D0132D72D021
:101930000D2D71D0152D33D1049805B0BDE8F04FB1
:10194000ECF730BB0498F8F77BFB0546A06810B1B4
:10195000B0F9147000E0002704F168016846F3F75D
:1019600071FE3A4611466846F3F7BCFE002268460F
:101970002968E7F752F92871002811D1022E0FD1FA
:1019800004F160016846F3F75DFE3A461146684689
:10199000F3F7A8FE002268462968E7F73EF92871A8
:1019A00005B0BDE8F08F2046FDF7A8FF94F874005D
:1019B00040F0010184F874109EB1012E11D0022E66
:1019C000EED1F9F79FFF6946F9F7B2FF2046FDF720
:1019D000A9FC05462046FCF7FCFB854204DB0125FB
:1019E00003E004F1240042E0002500212046FDF739
:1019F000F2F8DDB30128BDF900000ED0B4F96C1087
:101A00008842EEDCB4F9601088423EDB0DE069E00C
:101A1000F2E024E131E136E1A6E1B4F96810884250
:101A2000DFDBB4F9641088422FDCB4F96400B4F948
:101A30006010401A00EBD07001EB6002BDF900109D
:101A4000501A002800DC881A02B2B4F96C30B4F9DC
:101A500068001B1A03EBD37300EB6303581A0028CA
:101A600000DCC81A00B290422CDB33E003E02067B0
:101A700096E7207194E7BDF90200B4F96A30984204
:101A8000AFDBB4F96620904202DD04F13000EEE7EE
:101A9000B4F96210521A02EBD27201EB6202111A0F
:101AA000002900DC811A0DB2B4F96E10C91A01EBDD
:101AB000D17103EB6102111A002900DC811A08B20E
:101AC000A84207DA04F1240044F8700F207920F0CE
:101AD0000200CEE704F1300044F8700F207940F0A6
:101AE0000200C6E7206F0028C2D0F9F70BFF0546B9
:101AF000F9F749FF0128BBD169462846F9F718FFD5
:101B0000D4E90A010F1A2046F2F72CFB00284FF007
:101B10000001204634D0FDF7ABF980460021204675
:101B2000FDF7E2F906462046FDF7FCFBA0EB0800B6
:101B3000801B05B200212046FDF74DF8012818D082
:101B4000B4F91420BDF9001002EB0800081A78431C
:101B500005EBD57100EB610090FBF5F0A16A256FF4
:101B60000844D4E90A2104F130039D4224D1616A7A
:101B700023E0B4F91800BDF90010801B401AE6E715
:101B8000FDF700FA064600212046FDF723F9054639
:101B90002046FCF71EFB401BB4F91A10801BBDF950
:101BA00002202944511A00B2794300EBD072C1EBF4
:101BB000620191FBF0F0D1E7226B884201DA064620
:101BC00000E00E46964201DA114602E0884200DA51
:101BD00001462868884287D09D424FF00102204686
:101BE00002D1F3F7F3FE01E0F3F715FF00221C2109
:101BF0002046F8F729FAD3E694F8740020F00101A2
:101C000084F87410002120462167FDF777FE2046F6
:101C1000FCF7DAFA0646F8F74FFE0546F9F772FECA
:101C2000F9F7B1FE0428E6D1002DE4D0204600F0FB
:101C3000D3F802280CD194F87400810704D440F042
:101C4000020084F87400ABE620F0020084F874000F
:101C500005B03046BDE8F04F0021F8F79BBEF9F71C
:101C600051FEF9F790FE042801D00228C3D114F8E0
:101C7000740F20F00200207092E605B02046BDE807
:101C8000F04FFEF7D3BA4FF4403739462046FDF700
:101C9000EFF8814639462046FDF726F98046394659
:101CA0002046FDF76FF9064639462046FDF792F8C3
:101CB00005466D2239462046FDF77CF900B20090BA
:101CC00039462046FDF74BFA834639462046FDF754
:101CD0003AFA82462046FDF725FB00EB4B072046EB
:101CE000FCF777FA02E00000B89C040800EB4A0019
:101CF0008742204604DAFDF715FB00EB4B0003E0BA
:101D0000FCF767FA00EB4A000099401010FB01F065
:101D100040F30F2049464246C14500DC1146B5421A
:101D200001DD2A4600E03246914207DD494642463F
:101D3000C14501DD0D4604E0154602E0B54200DC78
:101D4000354605444FF440312046AD1CFBF71CFCE2
:101D5000284404B20498F8F773F9B0F90010A142CE
:101D600000DD0C4604801BE60498F8F769F900785A
:101D7000132813D0112811D0142801D01228F2D121
:101D800094F874008007204617D4F3F711FE01225F
:101D9000401E01462046F3F73EFE15E094F874001D
:101DA0008007204604D4F3F703FE0122401CF0E72D
:101DB000F3F7EFFD0122411C03E0F3F7EAFD411EBA
:101DC00001222046F3F702FE05B02046BDE8F04FA1
:101DD00000221C21F8F738B910B5F3F7D5FD01281A
:101DE00002D0022800D0002010BD00F053B800003F
:101DF00070B514468288C379A2F57F45FF3D07D0B0
:101E00007BB3012B35D90668002206EB83052DE054
:101E1000002213E0056805EBC2052E8826F4404633
:101E20008E420AD12888010429D4400401D53046C5
:101E300014E068682060012070BD521C9342E9D80C
:101E400025E000BF35F8120020F4404088420CD154
:101E500035F812100B0412D4490403D500F074F8BD
:101E6000E8E714E006EB82000FE0521C9342E9D849
:101E70000DE022F440438B4209D1110401D5022028
:101E800070BD510401D51846E8E70068D2E700208C
:101E900070BD000070B514468288C379A2F57F45F5
:101EA000FF3D07D07BB3012B35D90668002206EB36
:101EB00083052DE0002213E0056805EBC2052E889E
:101EC00026F440468E420AD12888010429D44004D1
:101ED00001D5304614E068682060012070BD521CB6
:101EE0009342E9D825E000BF35F8120020F44040C5
:101EF00088420CD135F812100B0412D4490403D5D2
:101F000000F022F8E8E714E006EB82000FE0521C34
:101F10009342E9D80DE022F440438B4209D11104E9
:101F200001D5022070BD510401D51846E8E70068CC
:101F3000D2E7002070BD0821FAF7CABFC07908B106
:101F400000207047012070471CB50022FF21452862
:101F500055D01EDC302844D00EDC222841D006DCCF
:101F6000032853D0062851D0202830D135E0252829
:101F700045D029282BD142E0362832D004DC312844
:101F80003DD0332823D13CE0372838D044281ED117
:101F900027E0552825D00EDC4E2830D006DC462818
:101FA0002DD047281DD04D2811D11AE0522818D025
:101FB00053280CD123E0602821D004DC56281ED001
:101FC000572804D120E0612819D06D2802D0009252
:101FD00000981CBD4FF4807014E0FF22114610469B
:101FE00002E0002211461046F4F789FD0190BDF889
:101FF00004000190BDF80400ADF80000E8E700918E
:10200000E6E70F200090E3E70248FBE741F6FF70A8
:10201000F8E70000B468030810B50C46E7F7AEFC1B
:10202000204000D0012010BD2DE9F041154D06469D
:10203000154C286818B90021616070212180218821
:102040004A1C12F4404F02D00020BDE8F0816268C3
:102050006F398A420AD21F3131F01F0710D039463A
:10206000FAF74CFE0028F0D0286067602088401CFA
:1020700080B22080296821B1014401F8716CE4E745
:10208000FEE7FEE7E0030020F40300202DE9F04125
:102090000F4681880446A1F57F40FF3853D0E07990
:1020A00000284BD0012804D02668002106EB8005CB
:1020B00047E021F44040B84245D10020A080E071C3
:1020C0003BE000BF35F8112022F44042BA4237D13C
:1020D000022811D0401E00EB40004000FAF75EFDE0
:1020E000010030D02160E079401EC0B2E07101EB08
:1020F00080030020024619E00120E07121B1288808
:10210000A0803068206015E06888A0807068F9E7DA
:1021100035F810C0BC4508D056F820E041F822E060
:1021200035F810C023F812C0521C401C94F807C0A8
:102130008445EDD23046FAF7BDFD0120BDE8F081BF
:10214000491C8842BED80020F8E710B504468088B4
:10215000A0F57F41FF390BD0E079012802D9206832
:10216000FAF7A8FD2046BDE810400821FAF7B0BEF6
:1021700010BD0A46652100F09FB803B482B0BDF8D7
:102180000C10ADF80010009A522104B000F094B881
:102190000A46512100F090B80A46502100F08CB850
:1021A00003B482B0BDF80C10ADF80010009A2021E5
:1021B00004B000F081B80A46212100F07DB803B4D4
:1021C00082B0BDF80C10ADF80010009A302104B0B8
:1021D00000F072B80A46342100F06EB80A46332186
:1021E00000F06AB80A46322100F066B80A461721A4
:1021F00000F062B80A46622100F05EB80A46632128
:1022000000F05AB80A46042100F056B803B482B070
:10221000BDF80C10ADF80010009A4D2104B000F08C
:102220004BB80A46492100F047B80A46062100F09B
:1022300043B803B482B0BDF80C10ADF80010009A9A
:10224000362104B000F038B80A46372100F034B81F
:102250000A46382100F030B80A46352100F02CB883
:1022600070B50C46054600F016F82146284600F0E9
:1022700016F82146284600F01AF821462846BDE8FF
:102280007040AFF300800A46112100F015B80A46ED
:10229000152100F011B80A46122100F00DB80A46C7
:1022A000132100F009B80A46142100F005B80A46C7
:1022B000102100F001B80000014B00F007B8000049
:1022C000C522020810801960704700002DE9F04710
:1022D000044680888946A0F57F411D46FF3969D0B4
:1022E000E17929F4404617464FF00108012937D912
:1022F0002268084602EB81030CE000BF33F810C0EF
:102300002CF4404CB44505D102EB800103EB4002B4
:102310000B462CE0401EF1D5491C01EB4100410069
:102320001046FAF7EBFC010044D02160E07901EBA4
:10233000800205E002EB400C32F81030ACF80430BB
:10234000401EF7D5E079401CC0B201EB800303EBDF
:102350004002191FE0710B4639464846921E20E0A4
:102360002AD120F44040B04207D12346221D3946ED
:102370004846AC46BDE8F04760470C20FAF70EFC33
:10238000002817D021682060E279521CD2B2E27195
:1023900000EB8202A38822F8023B031D016039464C
:1023A0004846A8473046E7F7E3FAA17908FA00F271
:1023B0001143A171BDE8F08784F807802346221DF0
:1023C000EDE70A460B21FFF777BF03B482B0BDF8F3
:1023D0000C10ADF80010009A442104B0FFF76CBF58
:1023E0000A464221FFF768BF0A464521FFF764BF4E
:1023F0000A464021FFF760BF70B50C46054600F065
:1024000025F821462846BDE87040FFF7FBBE0A4686
:102410005B21FFF751BF03B482B0BDF80C10ADF8DB
:102420000010009A552104B0FFF746BF0A46592113
:10243000FFF742BF0A466A21FFF73EBF0A466921FD
:10244000FFF73ABF0A466721FFF736BF0A46012168
:10245000FFF732BF2DE9F0470F46DDE908891E4638
:10246000154604461421FAF733FD276005B9044DDB
:10247000C4F80490083484E86001BDE8F0870000E7
:10248000254C01084162FDF739BA00684FF0FF3171
:102490004162FDF733BA10B54FF0FF300C46486289
:1024A00010212046FBF7A2F908212046FAF7B8FDD3
:1024B0002046BDE810404FF48061FAF7B1BD0846F0
:1024C0000021F2F729BB00002DE9F0478946354885
:1024D000FBF798FD01285CD14846F7F775FD0446E7
:1024E0004846F7F7AFFD8046132C08D01C2C52D07D
:1024F000152C4ED14846BDE8F047EDF737B84FF4FC
:1025000040352946FCF7BAFC074629464046FCF709
:10251000F1FC064629464046FCF73AFD04462946AA
:102520004046FCF75DFCB74201DD394600E031462C
:10253000A04201DD024600E02246914205DDB7429D
:1025400001DD384604E0304602E0A04200DC2046CF
:10255000841C29464046FBF717F8204405B248463C
:10256000F7F76EFD0446B0F90000A84200DD05460D
:1025700025804FF4003529464046FBF705F8014613
:10258000B4F90000814203DB29464046FAF7FCFF1C
:102590002080BDE8F08700F007F84046BDE8F0472E
:1025A000FDF7ACB9D49C0408F0B591B00646002103
:1025B0006522FCF7FFFC07002DD03046FCF7DCFA63
:1025C000746A00F00100611C4FF4807501D038B9C5
:1025D00005E008B1002403E02C46002503E00025B7
:1025E000601B002801DD601B00E0281B7843070A00
:1025F00000213046F2F790FA6846F2F7DFFA074812
:102600000894CDE900600648039009A9684681E86E
:10261000B000F2F731FB11B0F0BD000085240208D4
:102620008B24020810B501208884C8840C4602203F
:10263000FAF7B4FA2063E08C4000FAF7AFFAE062F0
:10264000216B82200880E16A0880E08CA18C4843DD
:102650008100A06AFAF752FB0021A062016010BD60
:1026600070B500250C462E4615E000BF50F8250039
:1026700078B1406828B1FAF71DFBA06A50F8250030
:102680004660A06A50F82500FAF714FBA06A40F8EB
:1026900025606D1CADB2A08CE18C4843A842A06AB5
:1026A000E4DC08B1FAF706FBE06A08B1FAF702FBCE
:1026B000206B002803D0BDE87040FAF7FBBA70BD6C
:1026C0002DE9FC410F466E48FBF79CFC012843D1E5
:1026D0003846F7F779FC05463846F7F7B3FC044669
:1026E0002A2D14D02C2D17D0012D37D0022D35D006
:1026F0004FF6FF76082D49D00E2D66D00D2D68D0EF
:10270000152D29D13846BDE8FC41ECF7DFBFBDE807
:10271000FC41002102F066BE3846F7F791FC034603
:1027200000200146A28C05E0256B35F81150491CAC
:10273000284400B28A42F7D800210A46E58C05E019
:10274000E66A36F81260521C314409B29542F7D855
:10275000401E1880491E5980BDE8FC8101AA6946C7
:10276000F0F723FF0128F7D1A18EBDF804008142C4
:1027700004D1E18EBDF800209142EDD0A086BDF8D5
:1027800000102046E186FDF7B9F8E5E7FDF7B6F859
:10279000F9F7B8F8F9F7EBF8A18EB1420AD0E18E5B
:1027A000B14207D030B900221C212046F7F74CFC7B
:1027B0000128D1D1F9F7A6F8F9F7E5F8012801D0F9
:1027C0000328C9D1A686E686C6E7BDE8FC41FDF729
:1027D00095B83846F7F734FCA18E0568E08E0F46B1
:1027E0008446B14201D0B04207D10020A086E086E5
:1027F000204603F0F1F92046E7E7A38C8B4200DC8A
:102800000021E28C824200DC0020142D0ED0132D1A
:102810000ED0112D0ED0122D9ED1401C8B420DDCFE
:10282000511E814208DD0021401C0EE0491EF5E7E3
:10283000491CF3E7401EF1E7591E06E0002904DABF
:1028400010B1591E401E00E00021824201DC501EE2
:1028500002E0002800DA00208F4201D1844594D0A4
:10286000A186E0862046FDF749F8204603F0B4F93A
:1028700002B02046BDE8F04100221C21F7F7E4BB7E
:10288000F09C04082DE9F343044690F8600083B0FF
:102890000107049803D50A2830D00D282ED0002730
:1028A000CDE90007E94649462046F1F7B3FA012889
:1028B00024D1DFF8CC80002104A8D8F8002090476C
:1028C0000646A16B2046254639B100F0A9FA2D49EC
:1028D00009688847A96B884210D2686B88B1007874
:1028E00078B10297474604E03A6802A99047B0429F
:1028F00007D0686B0299415C0029F5D105B0BDE8AD
:10290000F08394F86000400702D5204602F070F88A
:10291000A06A38B1606AF9F7BAFB007810B92046AE
:10292000FCF7ECFF4A46616C606AF9F7B7FB20469A
:1029300000F098F894F86000400715D5E06ADDF7DC
:1029400045FF05464846DDF741FF2918491CE06A66
:10295000FAF7D4F9E0620028D0D04A46616CE7F774
:10296000F3F82046E7F7D0FC616C2046491C00F0E4
:1029700061FA00221C212046F7F766FBBEE7000043
:102980001404002028040020F8B50D00044609D0E6
:1029900094F86000400702D5204602F029F8606BE9
:1029A00018B900E0FEE7A06B98B100202A4E2B4F2B
:1029B000009009E0326869462846904739688847A0
:1029C00001462046FFF75EFF0098285C0028F1D101
:1029D000F8BD29462046F1F71DFA0128F8D1A06A72
:1029E00038B1606AF9F753FB007810B92046FCF75C
:1029F00085FF2A46616C606AF9F750FB204600F0BB
:102A000031F894F86000400715D5E06ADDF7DEFE86
:102A100006462846DDF7DAFE3118491CE06AFAF767
:102A20006DF9E0620028D3D02A46616CE7F78CF894
:102A30002046E7F769FC0A492846666C096888471A
:102A40003118204600F0F6F92046BDE8F840002293
:102A50001C21F7F7F9BA0000140400201C04002020
:102A60002804002070B50446406AF9F714FB4FF6BD
:102A7000FF75A84204D1606AF9F70BFBA84209D0A0
:102A80002946606AF9F752FF2946606ABDE870403E
:102A9000F9F749BF70BD000010B591F860000C4611
:102AA00020F0040081F860000020C862086340F252
:102AB000DC51A1876063A06394F8541041F00101D8
:102AC00084F854100121616494F8541041F002011B
:102AD00084F85410A4F8400094F8601021F00A0122
:102AE00084F860106062A0622046F9F735F86062F1
:102AF0006420FEF739FA0146606AFEF762F90CA11C
:102B0000606AF9F7AFFE00231A460A49606AFAF7CD
:102B10003DFA4FF480612046FAF782FA0021204600
:102B200000F088F92046BDE8104004F0BDBD00006B
:102B300000000000B745010838B50446416C406A02
:102B40006A46F9F7B9F900212046FCF7F0FA054684
:102B500000212046FCF7C4FA0089BDF802106D1C64
:102B600008442844ADF80200B4F84000ADF8000075
:102B7000606AFBF72EFBBDF9021088420ADD694648
:102B8000606AF9F79BF80146204634F8405F00F090
:102B900051F9258038BD416C002902D0491E00F052
:102BA00049B97047416C491C00F044B938B5044636
:102BB000416C406A6A46F9F77FF900212046FCF72C
:102BC000B6FA054600212046FCF78AFA0189BDF8CD
:102BD00002002944401A401CADF80200B4F840003D
:102BE000ADF800006946606AF9F768F80146B4F884
:102BF0004050204600F01EF9A4F8405038BD0000B7
:102C000038B50446406C002840D021A069460068D1
:102C100000902046F1F7FEF8012837D1606AF9F7F5
:102C200036FA616C05460122491EE6F7D5FE2946B3
:102C3000606AF9F717FE2046FFF714FFA06A38B163
:102C4000606AF9F724FA007810B92046FCF756FEBE
:102C500094F8600040070FD5616C0122491EE06ABC
:102C6000E6F7BAFEE06ADDF7B1FD411CE06AFAF76B
:102C700045F8E062002809D0616C2046491E00F04A
:102C8000D9F800221C212046F7F7DEF938BD0000F4
:102C90007F00000070B5456C0446691C00F0CAF85E
:102CA000606CA84204D02046BDE87040FFF7A8BF82
:102CB00070BD70B5C86A0C46002510B1F9F7FAFF6F
:102CC000E562206B10B1F9F7F5FF2563A06A0028D3
:102CD00002D0F9F7EFFFA56270BD000070B50E4697
:102CE0003F48FBF78FF9012878D13046F7F76CF9A8
:102CF00004463046F7F7A6F905460E2C12D00D2CE7
:102D000014D0012C60D0022C5ED0032C5CD0082C97
:102D10005AD0152C5DD0182C60D13046BDE87040DB
:102D2000EAF7D8B9BDE8704004F0BEBC3046F7F70A
:102D300087F90168132910D0142913D0112916D04E
:102D4000122919D008291CD07F291FD0022922D08E
:102D5000032922D00A2927D031E02846BDE8704057
:102D6000FFF720BF2846BDE87040FFF714BF284694
:102D7000BDE87040FFF71ABF2846BDE87040FFF776
:102D8000DBBE2846BDE87040FFF73ABF2846BDE8E5
:102D90007040FFF77FBF002101E047F6FF71284632
:102DA000BDE8704000F046B8284600F01BF830B18E
:102DB0002846BDE8704000221F21F7F745B9284694
:102DC000BDE87040FFF75EBD3046BDE8704006F0DC
:102DD0002DB83046BDE87040ECF730BF70BD000044
:102DE0000C9D040890F86000C0F3C000704700001C
:102DF0001FB5016B11B1084604B010BD0021FCF7EE
:102E00006FF9002342F222026946F7F78AF908B106
:102E100001A0F1E701A0EFE7E280A2002A00000094
:102E200090F86010490702D4406AF9F730B9C06AD7
:102E300070470000F8B50546406C0C46A04267D0CC
:102E4000686AF9F724F9334909688847002C00DAE1
:102E50000444844203DCA4F5FE41FF3900D104465A
:102E600028466C64FEF724F800212846FCF738F960
:102E700006466A462146686AF9F71EF8B6F9084020
:102E80002846FBF719FBBDF90210884203DD012239
:102E90002846FDF7C3FC2846FBF72EF906462846D0
:102EA000FBF70AFBBDF902100A19101AB04206DD41
:102EB000881B204401B201222846FDF7AFFC2846BA
:102EC000FBF72EFABDF90010884203DD01222846E7
:102ED000FDF78EFC2846FBF729F906462846FBF746
:102EE0001FFABDF900100A19101AB04206DD881B3E
:102EF000204401B201222846FDF77AFCBDF80010FB
:102F00002846A5F8401004F0CFFB284601F038FF12
:102F1000F8BD00002804002070B5044600F074F8E5
:102F200005000AD02046054A0021FDF79AFA2146FD
:102F30002846BDE87040E7F75FB870BDFFFF0F009F
:102F400000B500F059F8002800D0014800BD00008D
:102F5000083301202DE9FF47994607460C9E00F0F3
:102F60004BF8214D40B9002028704FF4B070F9F7AC
:102F700015FE1E490860E860F3F7DEFFF3F7F4FF83
:102F80004FF00108B0F5A07F01DC032007E0F3F764
:102F9000D3FFF3F7E9FFB0F5347F02DA022068705F
:102FA00001E085F80180124CA4F12800E760BDF82B
:102FB00004100187BDF80810418766610D48A661BD
:102FC0002060C4E9076904F09FFB27B13846F4F795
:102FD0000BF8A04202D10020FDF7C2FA85F800806C
:102FE00004B00348BDE8F08740030020D40300206C
:102FF000083301202D83020802480068002800D011
:1030000001207047D403002010B510B1FBF7AEF8D3
:1030100001E0F3F791FFBDE81040F3F7E5BF10B50D
:103020000446DFF735FF001B10BDDFF731BF00009E
:103030002DE9F041074615460E460C48E6F7E8F93B
:10304000040010D0A7604FF0FF3026602061002000
:103050006061FFF7EAFFE5600549606001200871E3
:103060002046BDE8F0810020FBE700002C33012062
:10307000FC03002010B5044601460548E6F73EFA79
:1030800004490120C8702046BDE81040F9F712BE7F
:103090002C330120FC0300200148407870470000D9
:1030A000FC0300202DE9F047494CA07810B1012025
:1030B000BDE8F0870120A0702078002628B1FFF736
:1030C000B4FF5FEA000902D007E0A670EFE72069CD
:1030D000401C2061642800D926613E4D4FEA060855
:1030E00084F8038084F804803B48E6F76CF9286094
:1030F00037E03948E6F779F92E680746307DC00792
:103100002ED18246304600F07AF888B93069B0F1A5
:10311000000A01DD401E3061FFF787FF7060B16873
:1031200021B1BAF1000F01D0304688474FF0010AB3
:10313000E07820B9306910B93046FFF79BFFBAF14B
:10314000000F0DD02079E178084309D028680028C5
:10315000C6D100BF4FF0FF351F48E6F734F911E044
:103160002F6029680029C4D1F4E7307DC00705D15C
:10317000304600F044F8A84200D2054631461648D1
:10318000E6F733F90600F0D14846FFF748FFE1685B
:103190000844E060A068FFF742FFB0F5FA7F13D360
:1031A000E16864225143B1FBF0F0C0B26070642862
:1031B00001D9002001E0C0F1640060702646C4F827
:1031C0000C80FFF732FFB06084F8028028466FE77A
:1031D000FC030020D00300202C3301200121416199
:1031E000704710B50446FFF720FF2168401A401EC3
:1031F000606010BD0021416170470161704710B5EA
:1032000004464068FFF70BFF2168814201D8002087
:1032100010BD081A10BD70B50346083A0C4602F0FE
:103220000300111AA00705D1A1F10C0047F6F572B1
:10323000904201D3002070BD2078251F00F00300CC
:10324000084320F0020040F00101216029461846A1
:10325000E7F79BF82846E7F7CDF8017902214160AE
:10326000204670BD70B5810701D0002070BD0023DD
:103270008060C0E90303194600EB810200EBC11432
:103280005361002204EB8206521CB063202AF9DB52
:10329000491C0929F0DB70BD70B50C460546FFF7E7
:1032A000E1FF0646A4F5976205F59761FFF7B3FFC6
:1032B000304670BD2DE9F041002611B308390546AE
:1032C0004E680C46F00700D0FEE70846E7F7E8F83E
:1032D0002179284689070CD52768AFB13979C90704
:1032E00013D03946E7F744F921463846E7F732F874
:1032F000044621462846E7F7EDF801462846E7F759
:1033000044F83046BDE8F081FEE7FEE770B50A46B6
:10331000054604211046E6F79FFC04460146284670
:10332000E7F76EF8014622462846BDE87040E7F709
:10333000F7B82DE9F05F90460C0081464FF000058C
:1033400022D0B8F1000F1BD0A4F108052846E7F7FA
:10335000DCF882466868042120F00307DAF80400EC
:1033600020F00300384400F1040B4046E6F774FCFB
:103370000646B84500D966B12879C0070CD0FEE7EB
:103380004846FFF797FF44E01146FFF7BFFF0546A9
:103390003FE00020BDE8F09FBE4216D99AF8040035
:1033A000C00701D05E4510D941464846FFF7AEFF41
:1033B00005002ED04046474500D307463A462146F1
:1033C0002846F9F7B3FC2146DAE7BE4206D929467A
:1033D0004846E7F77FF82846E7F76FF828794F4621
:1033E000C00700D0FEE731462846E6F7C4FF78B1B3
:1033F00031462846E7F7CDF80146406820F0020044
:1034000048603846E7F766F801463846E6F7BDFFFC
:1034100025462846BEE700004FF4B47190FBF1F258
:1034200001FB1200002802DA00F5B47000B20E4968
:103430005A2802DA31F910007047A0F15A025A2ACC
:1034400003D2C0F1B40000B2F4E7A0F1B4025A2AEA
:1034500001D210B202E0C0F5B47000B231F8100031
:10346000404200B270470000549A04082DE9FF4F13
:1034700083B05FEA0009119F7BD099F80000002813
:1034800077D00498002871D01098800702D541F6B3
:10349000FF70069000243F4A009401945268A346AE
:1034A000254626464FF0FF386946484690478246F3
:1034B0000098019050E0374A01A948465268904769
:1034C00083461098761CC00704D051461298E6F740
:1034D00065FB98BB5A4651460498F6F7C9FE00B200
:1034E00029180DB2002802DD0598284405B2B8F16C
:1034F000FF3F05D10598291A0698814200DDA046B4
:103500005046BAF10A0F1AD0BAF10D0F17D0014682
:10351000A0F59C4045F2A512904210D9002005E08C
:103520001DA2125C8A420AD0401CC0B21AA2125CD0
:10353000002AF5D117B1B8F1FF3F08D008E024B94F
:10354000B8F1FF3F01D107B13D60761E08E03D6054
:10355000DDE90040DA46009019F804000028AAD1FD
:10356000B8F1FF3F06D0139870B1404607B0BDE8F0
:10357000F08F0CE02EB1BAF10D0F03D1BBF10A0FA1
:1035800000D1009C2046F1E70FB1002038600020F8
:10359000ECE7000010040020202C2E3B3A2D5F00A9
:1035A0002DE9FF4F83B004464FF00000DDF848A03E
:1035B000DDF84090208093460F00608049D0BBF139
:1035C000000F46D05FEA8A7002D541F6FF70119075
:1035D0000025A846BBF8086025E00020CDE9000AD8
:1035E000781902905946119B069AE6F72DFA804405
:1035F000B4F9020006EB09010144B1F5004F28D2ED
:10360000304448446080A8EB0501CDF800A05A463C
:10361000069B029800F022F8B4F90010814200DB0A
:10362000084620804546785D0028D6D15DB17819DE
:1036300010F8010C0A2801D00D2804D1618806EB8E
:10364000090008446080B4F9020028B1A0EB090029
:10365000608007B0BDE8F08F6680FAE72DE9FF478C
:103660001E46DDF8309090460D4607000CD0B8F1AC
:10367000000F09D03878002807D0002004460290B7
:103680008DF80C00EDB923E0002004B0BDE8F08710
:1036900002AB01AA69463846E6F7BEF95FEAC9708F
:1036A00004D003A80099E6F779FA50B9DDE90012D1
:1036B0004046F6F7DDFD00B2002802DD204430442C
:1036C00004B20298A842E3D3002C01DDA01B04B28F
:1036D0002046DAE710B50146802825D3002301F003
:1036E0003F0242F08002B1F5006F0AD2C0F38411AC
:1036F00041F0C00161F3070062F30F2063F317404C
:1037000010E0C1F3851444F08004B1F5803F0CD281
:10371000C0F3033141F0E00161F3070064F30F20CF
:1037200062F3174063F31F6010BDB1F5881F10D21C
:10373000C1F3824343F0F003C1F3053163F30700A3
:1037400041F0800161F30F2064F3174062F31F60C2
:1037500010BD002010BD00002DE9F04100240F46EF
:1037600006462546DFF8248007E0D8F80010301917
:10377000884700B9012004446D1CBD4202D2305D6F
:103780000028F2D12046BDE8F0810000100400209E
:10379000F8B5074600200D460446064E009004E0AA
:1037A0007268694638469047641C0098A842F7D36F
:1037B0002046F8BD10040020F8B500240546074E49
:1037C000009404E07268694628469047641C00989B
:1037D000285C0028F6D12046F8BD00001004002027
:1037E00078B500250446009501B969460A68A05CD1
:1037F000030601D4054634E006260223B6EB501F2B
:1038000006D1C006400D24E004F03F031D1828E057
:103810000E26B6EB101F02D10007000C0FE01E268B
:10382000B6EBD00F1DD1521C0A604007A55CC00A40
:10383000B3EB951F13D105F03F0500EB0530521C8B
:103840000A60A55CB3EB951F09D105F03F0500EBBD
:103850008510521C0A60A45CB3EB941FD4D00020E6
:1038600078BD521C28460A6078BD0000F8B50746AE
:1038700008680025401E0C460D4E086001E0042D2E
:1038800013D2206831683844884718B9216861B17B
:10389000491E21606D1CEDB20028F0D02068009018
:1038A0007268694638469047F8BD0020F8BD0000B0
:1038B000100400200078010601D401207047062181
:1038C000B1EB501F01D1022070470E21B1EB101F48
:1038D00001D1032070471E21B1EBD00F01D104208C
:1038E0007047002070470000E2F7B2FEE0F71AFFD1
:1038F000E0F7FAFEE4F75AFDDFF7E8FAE2F719FA23
:10390000DFF754F9E2F71AFFE2F75EFEE1F7FEF89F
:10391000DFF760FCDFF784F9E2F73AFF02490120A4
:10392000087005F0EBFEFEE7BC0200202DE9F04137
:103930004FF480740E4607462246F2F7F6FB054622
:1039400021463846F2F72CF9002D06D022463146A2
:103950003846BDE8F041F2F7F4BBBDE8F081000065
:103960002DE9FF4F1D468A880B888BB0D21A521C56
:1039700017B2CA8849880446511A491C1C98DDF8B8
:1039800068A00FFA81F9012805D0022805D0032884
:103990004DD14F4802E04F4800E04F4880465FEA73
:1039A0000A002088ADF804002888ADF8080005D08A
:1039B0009AF80000FD283DD319983EE0DDE901109A
:1039C0004346199A9847009000202DE0002621E0F8
:1039D000BDF8080035F81610884205D1BDF804007E
:1039E00034F8161088420FD004EB46004346008896
:1039F000ADF8040005EB4600199A0088ADF8080000
:103A0000DDE901109847009004EB4600BDF8001076
:103A10000180761CBE42DBDB0D9804EB4004189855
:103A200005EB40050AF1010082464845CEDB0FB0A8
:103A3000BDE8F08F19994843000A02460090DDE97D
:103A4000011043469847099000203DE000262FE0F2
:103A50001AF8060058B3FD2801D3199802E0199905
:103A60004843000ABDF8081035F81620914208D1E5
:103A7000BDF8041034F81620914202D10099814219
:103A800010D004EB460102460988ADF8041005EB9E
:103A9000460143460988ADF808100090DDE90110A1
:103AA0009847099004EB4600BDF824100180761C6D
:103AB000BE42CDDB0D9804EB4004189805EB4005A1
:103AC0001B9882440BF1010083464845BEDBAEE7FC
:103AD0003FB40008B7B30008C3B400082DE9FF4F96
:103AE00006468A8808888BB0101A401C07B2CA881C
:103AF0004888DDE919BA101A401C0FFA80F85FEA0D
:103B00000A001D46584605D0FD287CD9A7F1040BB4
:103B1000002027E1FD2813D300247F000BE03A4664
:103B200029463046F9F702F90D98641C06EB400669
:103B3000189805EB40054445F1DB0FB0BDE8F08F68
:103B4000002021E0002415E006EB440A5A46BAF8AA
:103B50000000ADF8180005EB44000088ADF8140033
:103B6000DDE90501F2F7E4FF0590BDF81410AAF8AD
:103B70000010641CBC42E7DB0D9806EB4006189869
:103B800005EB400509F1010081464045DADBD4E749
:103B9000D14600241CE000BF99F80020AAB1FF2AFA
:103BA00006EB44001AD009900088ADF8200005EB20
:103BB00044000088ADF81C00DDE90701F2F7B8FF0A
:103BC0000690BDF818100998018009F10109641CDC
:103BD000BC427CDA5FEA8970DED178E005EB440113
:103BE0000988F1E7D9F80000F0B3401C74D099F8C7
:103BF0000020BAB1FF2A06EB44007AD00990008871
:103C0000ADF8200000E0B6E005EB44000088ADF818
:103C10001C00DDE90701F2F78BFF0690BDF81810D4
:103C20000998018009F10100059099F80120AAB1D5
:103C3000FF2A06EB440060D009904088ADF82000D0
:103C400005EB44004088ADF81C00DDE90701F2F700
:103C50006FFF0690BDF81810099841800598401C28
:103C600005900278BAB100E02EE0FF2A06EB44008E
:103C700047D009908088ADF8200005EB440080888B
:103C8000ADF81C00DDE90701F2F752FF0690BDF820
:103C900018100998818005984278AAB1FF2A06EB8E
:103CA000440032D00590C088ADF8200005EB4400F8
:103CB000C088ADF81C00DDE90701F2F739FF069076
:103CC000BDF818100598C18009F10409241D5C4550
:103CD00088DB3BE000E00CE005EB440006EB440130
:103CE00002880A8042884A8082888A80C088C88088
:103CF000EAE705EB4401098893E705EB44014988AD
:103D0000ABE705EB44018988C4E705EB4401C988AA
:103D1000D9E700BF99F80020AAB1FF2A06EB4400BA
:103D200025D009900088ADF8200005EB44000088FC
:103D3000ADF81C00DDE90701F2F7FAFE0690BDF8C8
:103D400018100998018009F10109641CBC42E1DBEB
:103D50000D981B9906EB400618988A4405EB400520
:103D60000198401C01904045FFF612AFE5E605EBD7
:103D700044010988E6E700202DE000241FE000BF91
:103D80001AF80400D0B1FD2801D35A4602E000FB26
:103D90000BF0020A06EB440003900088ADF818000F
:103DA00005EB44000088ADF81400DDE90501F2F7E9
:103DB000BFFE05900398BDF814100180641CBC423E
:103DC000DEDB0D981B9906EB400618988A4405EB3C
:103DD000400509F1010081464045CEDBADE600001B
:103DE0002DE9FF4F85B09A460C46DDF850B0E5F757
:103DF000ADFD0390A0882188401A401C06B2E088DF
:103E00006188401A401C0FFA80F8BBF1000F01D006
:103E100000204BE000271DE0002515E013980290DC
:103E20000AEB4500079A0088ADF804006088384422
:103E300000B2009020880599284403B203980068D6
:103E4000D0F81CC0E0476D1CB542E7DB12997F1C1F
:103E50000AEB410A4745DFDB09B0BDE8F08F0025DA
:103E60001BE000BF1BF80500B0B113994843000ADE
:103E700002900AEB4500079A0088ADF804006188BB
:103E800001EB090000B2009020880599284403B294
:103E900003980068C769B8476D1CB542E2DB159905
:103EA00009F101008B4412990AEB410A8146404511
:103EB000D5DBD1E770B515460E460446802805D2FD
:103EC000E117002004EB9171891006E004F06CFD0D
:103ED000411FCC4084F02001801F3060296070BDFC
:103EE000FD2902D2022901D80020704710FB01F001
:103EF00000EBC01101EBC030C0F3C75070470000A9
:103F000070B5094D04466868002808D044B12046C1
:103F1000EFF746F8A9682044884200D3002070BD1E
:103F20000248006870BD000008030020DC03002088
:103F3000002902D00068091D42507047002901D0B5
:103F400000684250704700002DE9F041044600220D
:103F50002121F6F779F800287ED0608C40F480505B
:103F6000608401E0FFF7F0FF00212046FAF760F8D7
:103F70000028F7D12046FAF727F906460020F7F780
:103F8000C7FC054600271CE0A86AA04202D0E86AE8
:103F9000A04203D121462846F7F70AFD686BA042EC
:103FA00000D16F63686DB04207D1F7F7BBFCA04248
:103FB00003D121462846F7F7FBFC2846F7F7A8FC73
:103FC0000546002DE0D12046E5F7CCFA60680426CE
:103FD0000028204602D0FAF702F92AE0FAF7C6F8DC
:103FE00005460020EA68696A05E000BF52F8203003
:103FF000A3420AD0401C8142F8D806E0E96806EBEB
:1040000080028A5841F82020401C696A491E81427A
:10401000F4D8686A401E81006862E868F8F76EFEAE
:10402000E8601DE0096806EB80028A5841F820200C
:10403000401C616889684A68521E8242F2D86068F2
:1040400080684068401E486061688200896808682E
:104050001146F8F753FE00E007E0616889680860E0
:104060002046BDE8F041F8F725BEBDE8F081C9B2B1
:104070000022FCF718BEF0B50027DDE905458E1AD1
:10408000012B05DC03280CD004280AD0052808D011
:10409000891A09B206282AD2DFE800F0290A03208B
:1040A000140E2F80208806EBD67100EB61001CE017
:1040B0002F802088304418E05B1E18B291FBF0F08E
:1040C0002880F0BD91FBF3F02988084400B22880D5
:1040D000218800EBD07001EB600006E05B1C18B299
:1040E00091FBF0F02880218808442080F0BD2F80CB
:1040F000F0BD2DE9F05F05460C46501E53B12188F6
:10410000A1EB620121800844A080E88A6080688B6E
:10411000E08009E06188A1EB620161800844E080F1
:10412000A88A2080288BA0804FF44036314628464C
:10413000FAF79EFE814631462846FAF7D5FE8246BA
:1041400031462846FAF71EFF804631462846FAF7E0
:1041500041FE834631462846FBF701F807463146C3
:104160002846FAF7F0FF0146208809EB0702801A7B
:104170002080A0880AEB07021044A080608808EB2A
:104180000102801A6080E08859440844E080BDE85C
:10419000F09F70B50446EFF74DF905001DD0FAF712
:1041A00018F806462046F9F7A7FF864215DD0021DC
:1041B0002846FAF789FF068900212846FAF79FFF6B
:1041C000E18E3044414309B20022606AFCF726FBCD
:1041D000606ABDE87040FBF791BB70BD2DE9F0410E
:1041E0001E4C0F460546E6682068001D04F0DDFE03
:1041F00038B9206890F82C1001208840216981434B
:104200002161681C15D1A7B11549226848689060E2
:1042100023688268DA6022688368121D5A60226807
:10422000121D8260206841610868401C0860BDE87A
:10423000F08120683544B5424560216805D2E06BC5
:10424000BDE8F041091D04F0EDBFA06B091D04F0AD
:10425000E9FFA06A8542EAD2A562E8E7E000002013
:10426000CCA500202DE9F041054604F0F3FF364CC3
:10427000A068401CA0602068344F10B1606940B352
:104280002DE02560A068012829D1002606EB8600D4
:1042900007EB800004F0B8FF761C052EF6D32B4800
:1042A000643004F0B1FF2948783004F0ADFF2748AE
:1042B0008C3004F0A9FF2548A03004F0A5FF234866
:1042C000B43004F0A1FF21486430A0631430E063EF
:1042D00005E02068E96AC06A884200D82560606A03
:1042E000401C60626864E96A0120226988401043CA
:1042F000206101EB810007EB80004068A8608168C5
:10430000E9608268291D51608160E86A00EB8000E5
:1043100007EB8001696157F82010491C47F820100D
:1043200004F0B8FF606900280CD02068E96AC06A10
:10433000884207D206494FF080500860BFF34F8F84
:10434000BFF36F8FBDE8F081E000002018A50020CA
:1043500004ED00E010B504F07DFF0E4C2068A0B91C
:104360000D4804F051FF0C48143004F04DFF0A488A
:10437000E0601430206100220C210A2005F084FB4B
:10438000206010B105A105F05BF8BDE8104004F015
:1043900081BF000020010020E0A50020546D725173
:1043A0000000000030B4026C0B46002A0BD0C1683C
:1043B0001144C1608468A14201D30168C16030BC6E
:1043C0001846DCF76DBA30BC70472DE9F041856BBB
:1043D000174604460026026C82B1C7B1E068DCF7DC
:1043E0005FFAE168206C091AE1602268914202D20A
:1043F000A168081AE060022F16D017E02068A8B95B
:10440000A06805F0B1FF06460020A0600EE06068DD
:10441000DCF746FA216C606808446060A168884255
:1044200004D32068606001E005B16D1E6D1CA563BA
:104430003046BDE8F08110B50446006B04F03EFF45
:104440002046BDE8104004F039BF00000E484FF48C
:104450002041420706D0C01D0B4920F00700411A39
:10446000C1F52041094A00230144C2E9000308398B
:10447000143A21F0070111604B600B600B1AC0E980
:104480000013936053607047D8040020CC000020D4
:10449000144E154CA6F1A0074FF08058DFF84C9051
:1044A00012E000BF04F0D6FEF068C568281D04F0D5
:1044B0007CFDA068401EA0606068401E606004F043
:1044C000E9FE2846FFF7B7FF60680028EAD13868A0
:1044D0000128F9D9C9F80080BFF34F8FBFF36F8F60
:1044E000F2E70000B8A50020E000002004ED00E0A5
:1044F0002DE9F0470D46DDE9098417468246910013
:104500009946089EA522206BDCF741FA6FF0030163
:10451000206B01EB8701084420F00707780707D0DC
:10452000502080F31188BFF34F8FBFF36F8FFEE7EA
:1045300065B100202218295C82F83410295C11B181
:10454000401C1028F6D3002084F84300052E07D322
:10455000502080F31188BFF34F8FBFF36F8FFEE7BA
:10456000E662201DE66404F05AFE04F1180004F02F
:1045700056FE2461C6F105006462A0614A465146B8
:10458000384600F075FA2060B8F1000F01D0C8F885
:104590000040BDE8F087000030B5114900E0114649
:1045A0000A688242FBD34B685C18844203D140689E
:1045B00018444860084643681C18944209D1084CC6
:1045C000143C2468A24209D052681A4442600A6826
:1045D00012680260814200D0086030BD0460F9E7D3
:1045E000CC00002070B5002441600B4D0061914269
:1045F00006D8D11A8269914206D2011D286907E0C6
:104600009A4203D2994201D3012403E0011DE868D4
:1046100004F008FE204670BD2001002010B50446BD
:1046200004F018FEA06B28B15FF0000404F032FE25
:10463000204610BD0124F9E770B506460D480D4629
:10464000C068C068C468201D04F0AFFC94F828005E
:10465000410705D52A463146204600F0B5F803E06B
:1046600000F0FE0084F828002046216ABDE8704072
:1046700008470000200100207FB5374E63E0009816
:10468000002860DB029C606910B1201D04F08DFCE5
:1046900003A800F0BBF8054600980A2853D2DFE8CB
:1046A00000F0520505282E460505282E94F828000E
:1046B0002A4640F0010084F828000199A069019B76
:1046C00001442046FFF78EFF40B394F828004107CD
:1046D00007D50198A1692A460144204600F074F8E4
:1046E00003E000F0FE0084F82800216A2046884795
:1046F00029E014F8280F00F0FE00207023E094F861
:10470000280040F0010084F828000198A06130B131
:1047100041192B461A462046FFF764FF13E050204C
:1047200080F31188BFF34F8FBFF36F8FFEE794F8CC
:104730002800810703D4204604F0C0FD03E000F008
:10474000FE0084F8280000226946306805F0A0FBCE
:10475000002894D17FBD000020010020F8B50D464F
:10476000064605F003F8684600F050F80446009845
:1047700010B105F01BFFF8BD1148ADB10169096822
:10478000D9B10025311B2A46006804F081FE05F0EE
:104790000DFF0028EFD10B494FF080500860BFF3A8
:1047A0004F8FBFF36F8FF8BDA642EBD805F0FEFE2A
:1047B00021463046FFF740FFF8BD0125E2E7000043
:1047C0002001002004ED00E070B516460C460546B9
:1047D00004E0A869296A044428468847A869234652
:1047E000011932462846FFF7FDFE0028F1D170BDC1
:1047F0000548816B096821B1816BC96809688162CC
:1048000070474FF0FF31FAE7E00000202DE9F0415A
:10481000064605F007FD0E4C0546A068854214D2F9
:104820004FF0FF3704E0C06839460068FFF704FF27
:10483000E06801680029F6D12169C4E9031001206C
:1048400030602846A560BDE8F0810020F8E7000050
:104850002001002008484068401C4FF0500080F3C1
:10486000118804D0BFF34F8FBFF36F8FFEE7BFF304
:104870004F8FBFF36F8FFEE7D4000020074CE06836
:10488000016841B1C0680021D0F80000FFF766FF61
:10489000FFF7F2FEF3E701210020F7E720010020F7
:1048A0002DE9F041044604F0D5FC94F9455004F19B
:1048B000240609E0606A48B1304605F009FE08B1F7
:1048C00004F074FE6D1E6DB2002DF3DC4FF0FF3668
:1048D00084F8456004F0DEFC04F0BCFC94F944501C
:1048E00004F1100709E0206948B1384605F0F0FDF1
:1048F00008B104F05BFE6D1E6DB2002DF3DC84F890
:104900004460BDE8F04104F0C5BC000070B5044649
:10491000002604F02BFF2F4D286808B9FFF796FDFD
:1049200094B304F00700C0F11000C1438C4202D8D8
:104930002118002902DC05F039FE3DE0686881425B
:10494000F9D8244814300246146801E02046144681
:1049500062688A4202D22268002AF7D12A68944209
:10496000E9D006682268026060680836421A102A98
:104970000FD96018430708D0502080F31188BFF387
:104980004F8FBFF36F8FFEE713E042606160FFF768
:1049900003FE61686868401A6860AA68904200D2A5
:1049A000A86041F00040606000202060E868401C82
:1049B000E86005F0FBFD0EB904F010FB700707D0AE
:1049C000502080F31188BFF34F8FBFF36F8FFEE746
:1049D000304670BDB80000200449086818B1086866
:1049E000026D521C0265086870470000E00000205C
:1049F0002DE9F047064690F8600040072FD5706A11
:104A0000F7F745FB174909688847040027D0304667
:104A1000FEF7EEF98146DBF7D9FE074604FB07F007
:104A2000401CF8F7E9F88046002506E005FB078002
:104A30003A464946F8F77AF96D1CA542F6D37D430C
:104A4000002108F805104146706AF7F70BFF404651
:104A5000F8F71EF93046BDE8F04700F091B9BDE81F
:104A6000F08700002804002070470068FFF7C0BFEF
:104A700010B5031F4FF080741C601B1F21F0010153
:104A80001960191F044B0B6014390A60091F6FF07D
:104A9000020244380A6010BD554802082DE9F04F63
:104AA000544E054689B070680168CC6BC968896846
:104AB0002160016809698A0701D4C90723D0F2F788
:104AC00099FA401E07B27068F2F74EFA401E03B220
:104AD0000022114601A80097F0F71EFE01A96160AF
:104AE00070680068027CC068920705D5826942F050
:104AF00002028261A16076E08169826961F341020C
:104B00008261A5606FE0A9882A88891A491C0FFA7A
:104B100081F9E9886A88891A491C0FFA81F8F2F745
:104B200069FA0146B5F90600814203DC7068F2F7C4
:104B300061FA401E07B242464946B2467068EEF737
:104B4000E9FC81460026B5F902000DF10C0B28E0C6
:104B50002A88ADF80C20AA88ADF81020ADF80E0018
:104B6000ADF81210C4F804B0C4F808B0DAF80400C4
:104B70000168C96889682160BDF91210B94201DD78
:104B8000ADF81270BDF91260B74205D10068C06877
:104B9000816941F002018161204600F02DF80FFA91
:104BA00088F000EB0908A8F10101B942D0DDB74255
:104BB0001CD02988ADF80C10A988ADF81010ADF8FC
:104BC0000E00ADF81270C4F804B0C4F808B0DAF8FA
:104BD00004000168C968896821600068C06881694B
:104BE00041F002018161204600F006F809B0BDE8FD
:104BF000F08F0000FC0200202DE9F0415F4C0746D9
:104C000094B06068F2F7ACF9F968054609B1384626
:104C10008847606800680188408811FB00F0E968F7
:104C2000884201D1012000E00020296859B169685B
:104C300031B128B907E060680068816A01B188472E
:104C400028690028F7D100256068F2F7BDF97A6875
:104C500001461046FCF772FA06466068416919B1D0
:104C60007868FCF76BFA054656EA050051D1606892
:104C7000F2F7C0F9401E0FFA80F86068F2F774F995
:104C8000401E03B20022114611A8CDF80080F0F7B3
:104C900043FD386BB0B103A8F3F79CFC606811AA20
:104CA000C16A079190F829108DF82610418DADF852
:104CB000101090F829008DF80F003B6B03A93846BF
:104CC000984726E06068C06A98B16946F6F79EFA90
:104CD00001281ED103A8F2F7F7FB606811AA90F82B
:104CE00029108DF81710C36A03A93846F2F7B8FBEC
:104CF0000FE003A8F3F76EFC6068418DADF810106B
:104D000090F829008DF80F0003A938467A68F3F768
:104D10004DFC606890F82810C9070CD006B90669E8
:104D20003846314600F096FA6068406990B105B99E
:104D3000054629460BE0406928B105B905462946D4
:104D4000384600F087FA0EB9606806693146384681
:104D500000F080FA6068F2F725F90146384600F065
:104D600079FA6068F2F716F90146384600F072FAEF
:104D7000606814B0BDE8F041E7F7B2BFFC02002064
:104D80002DE9F04F89B004460021FAF7A9F9059002
:104D900000212046FAF7CBF90790606C0690606A14
:104DA000F7F775F9724A8246069912689047DFF85C
:104DB000C4B106460AEB0600DBF80020814600215C
:104DC0009047054605982F46B0F908803846EFF71A
:104DD000D7F900B12027002239460598F5F748FA9F
:104DE00007B202AA606A0699F7F766F8606AF7F7F1
:104DF0004EF902460021606AF8F730FC616ABDF99D
:104E00000820B1F91430B1F918101A443A448A4212
:104E100027DD94F86010090723D4032821D000204F
:104E2000ADF808000798BDF80A2040441044ADF8DA
:104E30000A005DB150494846096888470644DBF8D6
:104E400000200AEB06000021904705462846EFF7B0
:104E500097F900B12025002229460598F5F708FAB0
:104E600007B24FF4E02B204659462665F9F7FEFEBF
:104E7000054659462046FAF797F800EB050A204602
:104E800011225946FAF796F800EB050959462046D3
:104E9000FAF700F84619204613225946FAF78AF81D
:104EA000BDF808302844991BBDF80A20ADF80C1055
:104EB00018447F1EA2EB0A013844ADF80E10ADF87D
:104EC000100002EB0901A8F101000844ADF812003E
:104ED00004F148010D466846F0F7BDFB606ABDF875
:104EE0000010828A1144ADF80010BDF80210C08A8B
:104EF0000844ADF80200606ABDF80410808A0844D6
:104F0000ADF80400606ABDF80610C08A0844ADF828
:104F1000060069462046FAF714FD03A92846F0F773
:104F20009AFB29466846F0F796FB606ABDF80010C8
:104F3000828A1144ADF80010BDF80210C08A0844FE
:104F4000ADF80200606ABDF80410808A0844ADF82C
:104F50000400606ABDF80610C08A0844ADF8060077
:104F600069462046FAF7EDFC09B0BDE8F08F000075
:104F70001804002014040020100400202DE9F04142
:104F80002B4C002020606068B0F85051002D4DD0AF
:104F9000002703E0411991F83011D1B16D1EF9D508
:104FA0000068416B01B1884760680168C9688A6917
:104FB00022F001028A610168C9688A6922F002024E
:104FC0008A6190F82810002641F0040180F828102A
:104FD00022E02F46E4E7811991F83011D9B9BE4299
:104FE00005D10168C9688A6942F001028A610168D5
:104FF000C9688A6922F002028A6100EBC60030307B
:10500000FFF74CFD606800EBC6003030F0F73EFB68
:10501000216808442060761C6068B0F85011B142E5
:10502000D9DC10F8281F21F004010170BDE8F081DF
:10503000FC0200202DE9F04F0C4682468BB0012186
:105040002046FAF79CF900287ED12046E4F79EFA24
:10505000050027D0204600216122F9F7ABFF00F0C0
:10506000FF09B9F1020F6FD36B462A46214650461D
:10507000EFF7F1FA012867D10127002204F11401AA
:105080006846E3F70AFDA8B100208DF82000CDF8AE
:1050900024D008AA12212046F4F7D6FF9DF820005C
:1050A00038B107E00BB021465046BDE8F04FFAF7A3
:1050B00016BE0027012D01D147F002073A46694686
:1050C0005046F2F7EBFC05003ED0204600216F224F
:1050D000F9F770FF00B260F30F068046204600210A
:1050E0007022F9F767FF01B2C8F34130642261F31F
:1050F0001F464FF4FA634FF47A7B012817D128F446
:10510000C040984213DCB4F818C0B4F81480584575
:10511000ACEB080C0CF1010C0FFA8CFC01DDC0F5B6
:105120007A700CFB00FC9CFBF2F060F30F06C1F3FD
:105130004130012813D121F4C04098420FDC618B2B
:10514000E38AC91A491C00E07EE009B2584501DD36
:10515000C0F57A70414391FBF2F060F31F4602A85C
:10516000F2F7B2F98DF81390204600216E22F9F77C
:1051700021FF00B2ADF80800B0F5616F02DDA0F5C7
:10518000616003E0002803DA00F56160ADF8080013
:10519000204600216D22F9F70DFFADF80A002046E8
:1051A00000216822F9F706FF8DF8140028484068AE
:1051B0000068007CC0F3C0008DF81C00B8070ED555
:1051C000D5E90001C5E902016889698A0844401EE1
:1051D00001B2E981B5F90600814200DDE881B5F947
:1051E0000A00BDF9061088422ADCB80705D53B46FF
:1051F0002A4651462046EFF7FBF921465046FAF77A
:105200006EFDA08A02AA8119DAF804000088081A43
:10521000ADF80C00E08A00EB2641DAF80400408883
:10522000081AADF80E0029465046F2F732FCB807CE
:1052300006D5E889401C6881698A0844401ECDE78C
:1052400029465046F2F759FC0BB0BDE8F08F00003C
:10525000FC0200202DE9F0470C00814605D11B48D7
:105260004068F1F7B1FE04002AD021464846FFF716
:10527000E1FE1FE00027F8F7EDFE0646002508E0F6
:10528000A068006850F82510E7B14846FFF7D2FE45
:105290006D1CB542F4D34A4617212046F4F7D4FEDC
:1052A0004A4618212046F4F7CFFE4A4619212046E7
:1052B000F4F7CAFEA0464046F8F7CCFF0400D9D167
:1052C000BDE8F0874145E3D10127E1E7FC0200207A
:1052D0002DE9F04792B088460646EEF7B2F8050091
:1052E0006BD0F6F7D4FE024600212846F8F7B6F94F
:1052F000012838D0022802D0032819D10CE030460A
:10530000F8F714FF04462846FAF70CF8201A00EBC9
:10531000D07040F34F0108E03046F8F707FF04462D
:105320002846F9F7FFFF201A01B22846FBF75FFD78
:1053300000213046F9F7CEFE044600213046F9F749
:10534000EAFE8246B4F908703046F8F7D5FE814689
:10535000304600216522F9F72DFE84B2B8F1000F26
:1053600003D014B104E00021DFE73046EEF710FD72
:10537000F18C07EB0A00484309EBD971491007EBA0
:10538000D772A1EB6201081A06B2B8F1000F17D06C
:10539000B4B16846EFF712FC0F48CDE9005028463B
:1053A000F9F7C6FF0B940890CDE909060B48039066
:1053B0000B4807906846EFF75FFC12B0BDE8F08736
:1053C00005492846EFF7A8FB12B031462846BDE84C
:1053D000F047FBF722BD0000D15D020841590208E9
:1053E000F14B01082DE9F04F0C464FF4A02689B08F
:1053F00005463146F9F748FD079031462846F9F74A
:105400007FFD834631462846F9F7C8FD824631467E
:105410002846F9F7EBFC814631462846F9F769FE44
:10542000069031462846F9F77CFE804631462846EC
:10543000F9F753FE059031462846F9F75FFC074619
:1054400031462846F9F754FC06461CE0079BCDF888
:1054500008B0CDE90083CDE903A9DDE90523A1B2B8
:105460002846EEF7D1F9B04201DA014600E03146B4
:10547000B94201DA384602E0B04200DB3046E96A60
:1054800021F81400641CE88CA042DFD82846FAF703
:10549000F9FE09B02846BDE8F04FFAF72FBA000030
:1054A0002DE9F04F464C8DB0606801680A7CD20748
:1054B0007ED0C968496800297FD000F5AC70E4F758
:1054C00014F8002879D160680168CA6893680C9361
:1054D00011688B4200D151688946F1F745FD0B9068
:1054E000202103A8DBF77DFA0025A0463CE0411906
:1054F00091F83011B9BB00F5AC70E3F764FF0646D4
:10550000A0462EE0D8F804003146444600F5AC70C1
:10551000E3F76BFF83466068314600EBC50203A8E2
:105520003032E3F7E9F90746401C19D000240DF1A9
:105530000C0A09E0E3F78AFF0AEBC401641C0A685D
:1055400002604968416064B2D8F80400BC42314648
:1055500000F5AC70EEDBE3F7D1FF3046F7F7AAFBBE
:105560005E46002ECED16D1CD8F804004446B0F83B
:105570005011A942BBD8254600F5AC70E3F723FFD4
:1055800012E00B98CDF80090CDE901046868DDE9E0
:105590000B2100682346C06B866BB04768682146C4
:1055A00000F5AC70E3F721FF0400EAD1686800E081
:1055B00003E000F5AC70E3F7F0FE0DB0BDE8F08F4E
:1055C000FC0200202DE9F0410746F8F743FD0546AF
:1055D000002412E0B868006850F824603046FAF7FA
:1055E0008DF900222A213046F4F72EFD3046FAF7D5
:1055F00085F93046FFF7E6FF641CAC42EAD3BDE80C
:10560000F08100002DE9FE4F0446EDF71AFF060079
:1056100009D0F6F777F98046F6F7B5F9042805D0F2
:10562000022803D012E00120BDE8FE8FE28C214663
:10563000228504280AD10846F8F7C6FD0546F5F785
:105640003BF918B100212846F5F7A4F94046F6F7D2
:105650009AF9012804D04046F6F795F9032863D15A
:10566000A06A800331D4002569464046F6F760F908
:10567000BDF80200F18A401AADF80200BDF8000042
:10568000B18A401AADF8000069463046F6F716FBBD
:1056900007463046F6F7FBFC824600208046064669
:1056A000DFF8949001900DE0D9F8002001A9504650
:1056B00090470A2803D1B84501D06D1C2DB2DDF802
:1056C0000480761CBE42EFD327E000212046F9F784
:1056D00001FD054600212046F9F71DFD2989B4F991
:1056E0001A200844B4F9161007B2501A00EBD07013
:1056F00001EB600005B20C214046F6F7AAF9F18AE9
:10570000084400B2281A90FBF7F0002800DA0020C5
:10571000A18C814200DC481E05B2002D04DBA9B239
:1057200001222046FBF755FFE08C029002AA1C21C3
:105730002046F4F789FC77E71404002070B5D1E91E
:105740000245D5B1D4B1E560AC6000EBC21505EB04
:105750008305AE6B8E420FD1AC6384420CD100EB5B
:10576000820501216C6901FA03F39C436C6103D14A
:10577000036991408B43036170BDFEE7FEE72DE9AD
:10578000F0410C46498C06460020C1F305110EE09D
:1057900026B1E26852F83020B24207D14FF6FF72CC
:1057A0004FF470212046FAF785FD02E0401C81424B
:1057B000EED82046F8F74EFC0746002507E0A06823
:1057C000006850F825103046FFF7D9FF6D1CBD4228
:1057D000F5D3BDE8F0812DE9FF5F9846DDE90E5471
:1057E000DDE911A6DDE9149BE4F7B0F80068314665
:1057F000876B4846F7F79AFB0020034630E0109984
:105800000AFB00F2414305EB212104EB222209129D
:105810004FEA222209D4DDF804C0614505DA002AE6
:1058200003DBDDF808C0624502DB09F800300AE05E
:1058300002FB0811DDF800C0139A0CEB410102EBEA
:10584000400209881180BBF1060F07D11399BAB243
:1058500031F81010914201D109F80030401C00B21B
:10586000B042CCDBBDE8FF9F70B505460068F8F795
:105870007DFC0446006900222721F4F7E5FB0022A5
:1058800028216069F4F7E0FB606928B194F82810DA
:10589000890701D5F8F746F80020606114F8281F41
:1058A000002221F0010104F818196021A060286885
:1058B000FAF7A8FD2068BDE87040FAF71FB870B588
:1058C00004460068F8F752FC0546FBF7B0FE686135
:1058D00023682B61BDE87040002226211846F4F7AA
:1058E000B3BB70B50546F8F741FC040022D0266929
:1058F0005EB1002225213046F4F7A6FB206920B1D5
:10590000002226212846F4F79FFB00202561A06194
:105910005DB1002227212846F4F796FB206920B1CB
:10592000002228213046F4F78FFB2846BDE870405E
:10593000F9F7E4BF70BD002200680A21F4F784BBC8
:1059400010B50068F8F786FCBDE81040EEF720BA05
:105950002DE9FF4F85B090460C460846F8F77AFCD3
:1059600006461021F9F70BFD00286FD03046F8F7F6
:10597000CFFC834600253046F8F797FD1434CDE977
:10598000024000B9059C00213046F9F757F98246DC
:1059900000213046F9F7D2FA504407B200213046D0
:1059A000F9F7FAF9504400B20190F08A618838445E
:1059B000421AB8F80210501A0FFA80F9728B019847
:1059C000101AE288801A081A00B200903046F8F7E0
:1059D00000FCC11B0198081A00B20490B9F1000F35
:1059E0000CDB0098002814DAB9F1000006DD05464A
:1059F0003046F8F761FD401B0AD40AE00098002801
:105A000007DD404205B23046F8F730FCE84200D5E9
:105A100000250398012804D0022807D003280DD1BF
:105A200015E0F08A61883844294421E0718B01989F
:105A3000091AE0882844081A284405B20024304690
:105A4000F8F72CFD0090A8B1029F14E0BDE0049887
:105A5000F18A00EBD07007EB60000844E2886188AF
:105A6000521A521C12B202EBD27205EB62021144BE
:105A7000401AE1E7059F00213046F9F7DBF9504471
:105A80000FFA80F900213046F9F710FA5044B18A34
:105A90000FFA80FA01EB09003988338B421AB8F803
:105AA0000010501AA3EB0A02BB8800B2D21A891A5E
:105AB00009B200280ADB002912DA002806DD0446B4
:105AC0003046F8F72DFC001B09D409E0002907DD5A
:105AD000484204B23046F8F783FCE04200D5002487
:105AE0003046F9F71FFCA0EB0901A1EB0A00009971
:105AF00000B2012904D0022907D003290DD122E0E8
:105B0000B18A01EB0900398803E0318BA1EB0A006F
:105B1000B9882144401A204404B22D493046EEF79A
:105B2000FBFF07462B493046EEF7F6FF384306D019
:105B300000220A213046F4F787FA012845D15FEAAE
:105B4000CB7011D013E000EBD072B18A09EB620088
:105B50000844B9883A88891A491C09B201EBD17105
:105B600004EB61011144D5E7002C00DA00245FEA60
:105B70008B7002D4002C00DD00245FEA4B7002D44D
:105B8000002D00DA00255FEA0B7002D4002D00DD45
:105B900000250898B8F90010002800D020460844D5
:105BA000A8F80000B8F9021002D14FF0000000E0A0
:105BB00028460844A8F80200089B09B02A46214656
:105BC0003046BDE8F04FFAF7E7BC09B0BDE8F08F0A
:105BD000655C02084D5C02081CB50446828EC18ECD
:105BE0006B46EDF7E6F9BDF90000002801DA404206
:105BF0000CE02046F9F796FBBDF9041088420BDA59
:105C00002046F9F78FFBBDF80410401A01B20123BA
:105C100000222046FAF750FDBDF90200002801DA03
:105C200040420CE02046F8F7D4FABDF9061088424D
:105C30000BDA2046F8F7CDFABDF80610401A02B28A
:105C4000012300212046FAF737FD1CBD10B503469D
:105C5000F8F739FC084401B2BDE8104000221846AC
:105C6000E3F79ABC10B50346F8F734FC084402B2D7
:105C7000BDE8104000211846E3F78EBCF8B5054694
:105C80000C460846F2F7A6FC4FF48036314628460B
:105C9000F8F7BAFFE070022808D9284631462022DA
:105CA000F9F788F90090BDF80000A0802846314639
:105CB0003122F9F77FF9C0B2002784F822000228C8
:105CC00014D9284631463222F9F774F900B22084FB
:105CD000002809DD284631463022F9F76BF900909B
:105CE000BDF80000E08301E084F8227028463146C8
:105CF0004522F9F75FF9C0B284F8360002281AD9B4
:105D0000284631464022F9F755F900B2E0850028CF
:105D10000FDD284643223146F9F74CF9A086284684
:105D200044223146F9F746F90090BDF80000A085FD
:105D300001E084F8367031462846F8F7EBFFFD287D
:105D40000AD2E17811FB00F1090AE1704143080A27
:105D500084F8220084F83600E07830B994F8220004
:105D600018B994F83600002805D031462846F9F7CE
:105D70006BF920800120F8BDA0F84410F9F7BEBDF2
:105D8000A0F84610F9F7BABD70B5040015D00B4D58
:105D9000E868002811D0052104F016F901280CD17B
:105DA000074894E80E0080E80E00E868BDE87040FF
:105DB00000231A46194603F0EFBE70BD68010020AB
:105DC00008BD002009B2FBF712B809B2FBF725B8ED
:105DD00009B2FBF722B8000070B50446006800283D
:105DE0007DD1F1F7A9F8F1F7EFF8F9F787FD002079
:105DF000F7F78CFDF0224FF4A0712060FAF701FE56
:105E000000212068FAF7E9FD0022FF212068FAF757
:105E1000FBFE0020F0F7B7FD014600222068FAF7EC
:105E2000D8FE002211462068FAF7DFFE0022D521B5
:105E30002068FAF7DFFE002211462068FAF7DFFE3D
:105E40002068F5F789FEFEA16060F6F70BFD0021E2
:105E50006068F6F7CBFC872205216068FAF7B2FD8F
:105E6000642211466068FAF7CCFD00221146606892
:105E7000FAF7E5FE00220A216068FAF744FF6FF0A6
:105E80007F452846F0F77FFD014600226068FAF75B
:105E900069FF0022F0496068FAF770FF0022FF21D5
:105EA0006068FAF77AFF002211466068FAF76BFF24
:105EB000002211466068FAF76BFF00220221606839
:105EC000FAF74BFF0022B3216068FAF79DFE48F60F
:105ED0003230F0F758FD01460022606800E0E5E34B
:105EE000FAF777FE002211466068FAF77EFE00227C
:105EF00011466068FAF702FF002211466068FAF75F
:105F0000F8FE002211466068FAF7E9FE0022114609
:105F10006068FAF7E9FE2068EFF712FE2061F5F7F6
:105F20001BFECEA16061F6F79DFC04216069F6F7C7
:105F30005DFC00231A4609216069F7F713F9002276
:105F400011462069FAF7B4FE42F2640631466069F0
:105F5000FAF737FF892207212069FAF733FD142267
:105F600060212069FAF74DFD0022FF212069FAF730
:105F70004BFEBC48F0F707FD014600222069FAF706
:105F800028FE002211462069FAF72FFE0022114652
:105F90002069FAF754FE00220A212069FAF7B3FEBD
:105FA000002203212069FAF7D3FEAF48F0F7EBFC9B
:105FB000014600222069FAF7ABFE0022FF2120698A
:105FC000FAF7BCFE002211462069FAF7BCFE002257
:105FD00001212069FAF7A8FE002202212069FAF7C0
:105FE000A8FE2846F0F7CFFC014600222069FAF708
:105FF000B9FE00229D492069FAF7C0FE0022FF2168
:106000002069FAF7CAFE002202212069FAF7A5FEEC
:106010002068F5F7A1FD96A1A060F6F723FC00210A
:10602000A068F6F7E3FBA6220A21A068FAF7CAFCEB
:1060300018225A21A068FAF7E4FC00221146A06851
:10604000FAF7FDFD00221146A068FAF75CFE28462B
:10605000F0F799FC01460022A068FAF783FE0022BF
:106060008549A068FAF78AFE0022FF21A068FAF7A6
:1060700094FE00221146A068FAF785FE0022114620
:10608000A068FAF785FE00220121A068FAF765FEF4
:1060900000221146A068FAF7B7FD00221146A06859
:1060A000FAF72CFE00221146A068FAF722FE002221
:1060B0001146A068FAF713FE00221146A068FAF70D
:1060C00013FE2068F5F748FD6CA1E060F6F7CAFB07
:1060D0000021E068F6F78AFBC6223221E068FAF771
:1060E00071FC0F223C21E068FAF78BFC002211467C
:1060F000E068FAF7A4FD00221146E068FAF703FE13
:106100002846F0F740FC01460022E068FAF72AFE34
:1061100000225C49E068FAF731FE0022F321E068D2
:10612000FAF73BFE00221146E068FAF72CFE002247
:106130001146E068FAF72CFE00220121E068FAF728
:106140000CFE00221146E068FAF75EFD00221146BF
:10615000E068FAF7D3FD00221146E068FAF7C9FDBE
:1061600000221146E068FAF7BAFD00221146E06805
:10617000FAF7BAFD2068F5F7EFFC43A1A061F6F746
:1061800071FB0021A069F6F731FB87226E21A0691F
:10619000FAF718FC64221146A069FAF732FC0022D3
:1061A0001146A069FAF74BFD00220A21A069FAF70F
:1061B000AAFD2846F0F7E7FB01460022A069FAF79E
:1061C000D1FD00222449A069FAF7D8FD0022FF2161
:1061D000A069FAF7E2FD00221146A069FAF7D3FDA3
:1061E00000221146A069FAF7D3FD00220221A0691E
:1061F000FAF7B3FD0022D821A069FAF705FD284877
:10620000F0F7C1FB01460022A069FAF7E2FC002288
:106210001146A069FAF7E9FC00221146A069FAF7D5
:106220006DFD00221146A069FAF763FD00221146B8
:10623000A069FAF754FD00221146A06932E000007F
:106240000A0A20202020202020202020202020207A
:10625000202020560000000000B30308E794B5E5B5
:106260008E8B00000585120001450600E8FA020841
:10627000302E30303000000058030308302E30300C
:1062800030205600703303080A0A202020202020E6
:10629000202020202020202020202041000000005D
:1062A0000FA2B000FAF720FD2068EFF749FC60620A
:1062B000F5F752FCFEA1A062F6F7D4FA0421A06A19
:1062C000F6F794FA00231A460921A06AF6F74AFF66
:1062D00000221146606AFAF7EBFC3146A06AFAF731
:1062E00070FD89227021606AFAF76CFB142260212C
:1062F000606AFAF786FB0022C621606AFAF784FC1E
:10630000ED48F0F740FB01460022606AFAF761FCB5
:1063100000221146606AFAF768FC00221146606AA2
:10632000FAF78DFC00220A21606AFAF7ECFC0022E1
:106330000321606AFAF70CFDE048F0F724FB014600
:106340000022606AFAF7E4FC0022FF21606AFAF793
:10635000F5FC00221146606AFAF7F5FC00220121E3
:10636000606AFAF7E1FC00220221606AFAF7E1FCB8
:106370002846F0F708FB01460022606AFAF7F2FCB3
:106380000022CF49606AFAF7F9FC0022FF21606A17
:10639000FAF703FD00220221606AFAF7DEFC2068AA
:1063A000F5F7DAFBAFF23811E061F6F75BFA00219E
:1063B000E069F6F71BFAA6227321E069FAF702FBFF
:1063C00019225A21E069FAF71CFB00221146E06904
:1063D000FAF735FC00221146E069FAF794FC2846EA
:1063E000F0F7D1FA01460022E069FAF7BBFC00227F
:1063F000B449E069FAF7C2FC0022FF21E069FAF72C
:10640000CCFC00221146E069FAF7BDFC00221146DF
:10641000E069FAF7BDFC00220121E069FAF79DFC72
:1064200000221146E069FAF7EFFB00221146E0690D
:10643000FAF764FC00221146E069FAF75AFC0022E0
:106440001146E069FAF74BFC00221146E069FAF7C1
:106450004BFC2068F5F780FB9BA12062F6F702FA5F
:106460000021206AF6F7C2F9C6229B21206AFAF7BA
:10647000A9FA0F223C21206AFAF7C3FA002211463A
:10648000206AFAF7DCFB00221146206AFAF73BFC8F
:106490002846F0F778FA01460022206AFAF762FCF3
:1064A00000228B49206AFAF769FC0022FF21206A4A
:1064B000FAF773FC00221146206AFAF764FC002206
:1064C0001146206AFAF764FC00220121206AFAF7DB
:1064D00044FC00221146206AFAF796FB002211467E
:1064E000206AFAF70BFC00221146206AFAF701FC39
:1064F00000221146206AFAF7F2FB00221146206AB8
:10650000FAF7F2FB2068F5F727FB72A1E062F6F7D5
:10651000A9F90021E06AF6F769F98722D721E06A34
:10652000FAF750FA30226421E06AFAF76AFA002298
:106530001146E06AFAF783FB00220A21E06AFAF7C3
:10654000E2FB2846F0F71FFA01460022E06AFAF75C
:1065500009FC00226249E06AFAF710FC0022FF21E0
:10656000E06AFAF71AFC00221146E06AFAF70BFC1F
:1065700000220421E06AFAF70BFC00220221E06A03
:10658000FAF7EBFB00229921E06AFAF73DFB554848
:10659000F0F7F9F901460022E06AFAF71AFB002247
:1065A0001146E06AFAF721FB00221146E06AFAF789
:1065B000A5FB00221146E06AFAF79BFB0022114678
:1065C000E06AFAF78CFB00221146E06AFAF78CFBCE
:1065D0002068EFF7B5FA2063F5F7BEFA42A16063D1
:1065E000F6F740F90421606BF6F700F900231A462C
:1065F0000921606BF6F7B6FD00221146206BFAF711
:1066000057FB3146606BFAF7DCFB8922D921206BFE
:10661000FAF7D8F912226021206BFAF7F2F900227A
:10662000FF21206BFAF7F0FA3148F0F7ACF9014698
:106630000022206BFAF7CDFA00221146206BFAF700
:10664000D4FA00221146206BFAF7F9FA00220A2147
:10665000206BFAF758FB00220321206BFAF778FB36
:106660002448F0F790F901460022206BFAF750FB1E
:106670000022FF21206BFAF761FB00221146206BFC
:10668000FAF761FB00220121206BFAF74DFB002293
:106690000221206BFAF74DFB2846F0F774F901460A
:1066A0000022206BFAF75EFB002225E0FEE30000EB
:1066B000E794B5E6B581000026AAB7000860660039
:1066C000E8FA020858030308302E30303020410029
:1066D000703303080A302E3030302057000000009D
:1066E00000B30308F2E80500E58A9FE78E87000003
:1066F000AD9D06005B501000FE49206BFAF73EFB93
:106700000022FF21206BFAF748FB00220221206BB8
:10671000FAF723FB2068F5F71FFAF7A1A063F6F755
:10672000A1F80021A06BF6F761F8BA22D721A06B7F
:10673000FAF748F930226421A06BFAF762F90022D7
:106740001146A06BFAF77BFA00220A21A06BFAF738
:10675000DAFA2846F0F717F901460022A06BFAF79B
:1067600001FB0022E749A06BFAF708FB0022FB219E
:10677000A06BFAF712FB00221146A06BFAF703FB9D
:1067800000220421A06BFAF703FB00220221A06B78
:10679000FAF7E3FA0022C221A06BFAF735FADA48D9
:1067A000F0F7F1F801460022A06BFAF712FA002286
:1067B0001146A06BFAF719FA00221146A06BFAF7FE
:1067C0009DFA00221146A06BFAF793FA00221146B7
:1067D000A06BFAF784FA00221146A06BFAF784FA4C
:1067E0002068EFF7ADF9E063F5F7B6F9C7A12064CB
:1067F000F6F738F80421206CF5F7F8FF00231A4665
:106800000921206CF6F7AEFC00221146E06BFAF786
:106810004FFA3146206CFAF7D4FABC22D921E06B4A
:10682000FAF7D0F812226021E06BFAF7EAF80022BA
:10683000B721E06BFAF7E8F9B648F0F7A4F801469B
:106840000022E06BFAF7C5F900221146E06BFAF777
:10685000CCF900221146E06BFAF7F1F900220A2187
:10686000E06BFAF750FA00220321E06BFAF770FAB6
:10687000A948F0F788F801460022E06BFAF748FAD9
:106880000022DC21E06BFAF759FA00221146E06B96
:10689000FAF759FA00220121E06BFAF745FA0022D3
:1068A0000221E06BFAF745FA2846F0F76CF801464A
:1068B0000022E06BFAF756FA00228E49E06BFAF7F5
:1068C0005DFA0022FF21E06BFAF767FA002202214D
:1068D000E06BFAF742FA2068F5F73EF98FA16064A1
:1068E000F5F7C0FF0021606CF5F780FF05225A2103
:1068F000606CFAF767F81A226421606CFAF781F885
:1069000000220221606CFAF79AF900223321606CB0
:10691000FAF78BF92846F0F736F801460022606C4A
:10692000FAF777F900220F21606CFAF783F9002259
:106930000821606CFAF7E7F92846F0F724F80146D9
:106940000022606CFAF70EFA00226E49606CFAF7CA
:1069500015FA0022E221606CFAF71FFA00221146B4
:10696000606CFAF710FA00221146606CFAF710FA20
:1069700000220221606CFAF7F0F900224521606CD8
:10698000FAF742F92846EFF7FEFF01460022606C55
:10699000FAF71FF900221146606CFAF726F9002277
:1069A0001146606CFAF7AAF900221146606CFAF7FA
:1069B000A0F900221146606CFAF791F90022114605
:1069C000606CFAF791F92068F5F7C6F856A1A06453
:1069D000F5F748FF0021A06CF5F708FF0522C32159
:1069E000A06CF9F7EFFF1A225021A06CFAF709F812
:1069F00000220221A06CFAF722F900222521A06CC6
:106A0000FAF713F92846EFF7BEFF01460022A06C03
:106A1000FAF7FFF800220F21A06CFAF70BF9002219
:106A20000821A06CFAF76FF92846EFF7ACFF014692
:106A30000022A06CFAF796F900223249A06CFAF70E
:106A40009DF90022D521A06CFAF7A7F90022114682
:106A5000A06CFAF798F900221146A06CFAF798F9A1
:106A600000220221A06CFAF778F900224521A06CDF
:106A7000FAF7CAF82846EFF786FF01460022A06C15
:106A8000FAF7A7F800221146A06CFAF7AEF8002238
:106A90001146A06CFAF732F900221146A06CFAF701
:106AA00028F900221146A06CFAF719F900221146C4
:106AB000A06CFAF719F92068F5F74EF81CA1E0640C
:106AC000F5F7D0FE0021E06CF5F790FE052240F2CC
:106AD0001711E06CF9F776FF1A222321E06CF9F721
:106AE00090FF00220221E06CFAF7A9F8002225218C
:106AF000E06C1FE0E8FA02080A20302E3030206DEA
:106B00005768000000B303084202A400E883BDE90F
:106B1000878F0000400194000E00240030303A308E
:106B2000303A303000000000302E30C2B043000058
:106B300020205200FAF779F82846EFF724FF0146A3
:106B40000022E06CFAF765F800220F21E06CFAF7FA
:106B500071F80022FE49E06CFAF710F900228C214E
:106B6000E06CFAF71AF900220821E06CFAF7CBF88A
:106B700000224521E06CFAF747F82846EFF703FFBB
:106B800001460022E06CFAF724F800221146E06C7E
:106B9000FAF72BF800221146E06CFAF7AFF8002262
:106BA0001146E06CFAF7A5F800221146E06CFAF7FE
:106BB00096F800221146E06CFAF796F82068F4F790
:106BC000CBFFE4A12065F5F74DFE0021206DF5F720
:106BD0000DFE05221146206DF9F7F4FE1A22502110
:106BE000206DF9F70EFF00220221206DFAF727F839
:106BF00000222521206DFAF718F82846EFF7C3FE8A
:106C000001460022206DFAF704F800220F21206DC2
:106C1000FAF710F800220821206DFAF774F82846D8
:106C2000EFF7B1FE01460022206DFAF79BF8002233
:106C3000C749206DFAF7A2F80022F321206DFAF778
:106C4000ACF800221146206DFAF79DF800220221CF
:106C5000206DFAF79DF800220221206DFAF77DF8E9
:106C600000224521206DF9F7CFFF2846EFF78BFE74
:106C700001460022206DF9F7ACFF00221146206D7D
:106C8000F9F7B3FF00221146206DFAF737F800221A
:106C90001146206DFAF72DF800221146206DFAF703
:106CA0001EF800221146206DFAF71EF82068F4F74E
:106CB00053FFAFF644216065F5F7D4FD0021606D08
:106CC000F5F794FD34220A21606DF9F77BFE50221E
:106CD0004FF48271606DF9F794FE00221146606DE9
:106CE000F9F7ADFF00221146606DFAF70CF828465F
:106CF000EFF749FE01460022606DFAF733F80022F3
:106D00009649606DFAF73AF80022FF21606DFAF7B4
:106D100044F800221146606DFAF735F8002211465A
:106D2000606DFAF735F800220121606DFAF715F869
:106D300000221146606DF9F767FF00221146606D71
:106D4000F9F7DCFF00221146606DF9F7D2FF00224F
:106D50001146606DF9F7C3FF00221146606DF9F727
:106D6000C3FF2068F4F7F8FE7BA1A065F5F77AFD74
:106D70000021A06DF5F73AFD5722C821A06DF9F763
:106D800021FE20226421A06DF9F73BFE002211466E
:106D9000A06DF9F754FF00221146A06DF9F7B3FF7B
:106DA0002846EFF7F0FD01460022A06DF9F7DAFF63
:106DB00000226B49A06DF9F7E1FF0022FF21A06DD1
:106DC000F9F7EBFF00221146A06DF9F7DCFF002276
:106DD0001146A06DF9F7DCFF00220221A06DF9F742
:106DE000BCFF00221146A06DF9F70EFF00221146EC
:106DF000A06DF9F783FF00221146A06DF9F779FF26
:106E000000221146A06DF9F76AFF00221146A06D1D
:106E1000F9F76AFF2068F4F79FFE52A1E065F5F7E5
:106E200021FD0021E06DF5F7E1FCDB221321E06D8F
:106E3000F9F7C8FD0F223821E06DF9F7E2FD0022D5
:106E40001146E06DF9F7FBFE00221146E06DF9F7FF
:106E50005AFF2846EFF797FD01460022E06DF9F74B
:106E600081FF00224149E06DF9F788FF0022E72108
:106E7000E06DF9F792FF00221146E06DF9F783FF0C
:106E800000221146E06DF9F783FF00220121E06D39
:106E9000F9F763FF00221146E06DF9F7B5FE002215
:106EA0001146E06DF9F72AFF002200E035E21146B5
:106EB000E06DF9F71EFF00221146E06DF9F70FFFB4
:106EC00000221146E06DF9F70FFF2068F4F744FE49
:106ED00024A12066F5F7C6FC0021206EF5F786FC9C
:106EE000DB227C21206EF9F76DFD0E222D21206E14
:106EF000F9F787FD00221146206EF9F7A0FE002267
:106F00001146206EF9F7FFFE2846EFF73CFD0146DB
:106F10000022206EF9F726FF00221449206EF9F7AF
:106F20002DFF0022FF21206EF9F737FF00221146C6
:106F3000206EF9F728FF00221146206EF9F728FF8E
:106F400000220121206EF9F708FF002211460FE010
:106F500000B3030843432F43560000003CF60208E9
:106F600058030308E8BE93E585A53A007CB3020800
:106F7000206EF9F749FE00221146206EF9F7BEFE99
:106F800000221146206EF9F7B4FE00221146206E51
:106F9000F9F7A5FE00221146206EF9F7A5FE20683C
:106FA000F4F7DAFDAFF62C516066F5F75BFC0021D3
:106FB000606EF5F71BFCDC223221606EF9F702FDF2
:106FC0000F223821606EF9F71CFD00221146606E19
:106FD000F9F735FE00221146606EF9F794FE284657
:106FE000EFF7D1FC01460022606EF9F7BBFE0022EC
:106FF000CA49606EF9F7C2FE0022F321606EF9F70C
:10700000CCFE00221146606EF9F7BDFE002211464B
:10701000606EF9F7BDFE00220121606EF9F79DFE5A
:1070200000221146606EF9F7EFFD00221146606EF6
:10703000F9F764FE00221146606EF9F75AFE00224D
:107040001146606EF9F74BFE00221146606EF9F7AB
:107050004BFE2068F4F780FDAFF69411A066F5F7BB
:1070600001FC0021A06EF5F7C1FBDC229B21A06E84
:10707000F9F7A8FC0F223821A06EF9F7C2FC002214
:107080001146A06EF9F7DBFD00221146A06EF9F75C
:107090003AFE2846EFF777FC01460022A06EF9F78A
:1070A00061FE00229D49A06EF9F768FE0022FF21D3
:1070B000A06EF9F772FE00221146A06EF9F763FE8A
:1070C00000221146A06EF9F763FE00220121A06E96
:1070D000F9F743FE00221146A06EF9F795FD002254
:1070E0001146A06EF9F70AFE00221146A06EF9F7CC
:1070F00000FE00221146A06EF9F7F1FD00221146B4
:10710000A06EF9F7F1FD2068F4F726FD84A1E06692
:10711000F5F7A8FB0021E06EF5F768FBC622132106
:10712000E06EF9F74FFC0F223821E06EF9F769FCA9
:1071300000221146E06EF9F782FD00221146E06E52
:10714000F9F7E1FD2846EFF71EFC01460022E06E4C
:10715000F9F708FE00227449E06EF9F70FFE0022ED
:10716000FB21E06EF9F719FE00221146E06EF9F7F7
:107170000AFE00221146E06EF9F70AFE0022012104
:10718000E06EF9F7EAFD00221146E06EF9F73CFDEA
:1071900000221146E06EF9F7B1FD00221146E06EC3
:1071A000F9F7A7FD00221146E06EF9F798FD0022DD
:1071B0001146E06EF9F798FD2068F4F7CDFC58A170
:1071C0002067F5F74FFB0021206FF5F70FFBC62274
:1071D0007C21206FF9F7F6FB0F223821206FF9F799
:1071E00010FC00221146206FF9F729FD00221146FC
:1071F000206FF9F788FD2846EFF7C5FB014600220E
:10720000206FF9F7AFFD00224749206FF9F7B6FD6F
:107210000022FF21206FF9F7C0FD00221146206FE8
:10722000F9F7B1FD00221146206FF9F7B1FD0022F8
:107230000121206FF9F791FD00221146206FF9F727
:10724000E3FC00221146206FF9F758FD0022114699
:10725000206FF9F74EFD00221146206FF9F73FFD30
:1072600000221146206FF9F73FFD2068F5F7A0FBDB
:1072700002222E496067F5F767FCD8220621606F6D
:10728000F9F7A0FB01226721606FF9F7BAFB002232
:107290000221606FF9F702FD2548EFF774FB014604
:1072A0000022606FF9F7E4FC0022CC21606FF9F74F
:1072B000EBFC00220121606FF9F7EBFC2068F5F789
:1072C00077FB1A4902220831A067F5F73DFCD82266
:1072D0006F21A06FF9F776FB01226721A06FF9F704
:1072E00090FB00220221A06FF9F7D8FC1148EFF7BC
:1072F0004AFB01460022A06FF9F7BAFC0022822166
:10730000A06FF9F7C1FC00220121A06FF9F7C1FCC1
:107310002068BDE87040F9F7CBBD70BD703303083D
:10732000E8AEBEE5AE9A3A007CB3020898000020B1
:1073300000430500056871002DE9F84F04464F1021
:1073400091460D464FEA610AC80700D17F1E6000D2
:107350008346F5F751FC06464B46002026E000BF69
:1073600003EB4400009030F8021C6943601E15D402
:10737000002200EB0A0C26F81010A44501DA33F8BD
:107380001C208A1AC11B012901D5198803E003EBCF
:10739000410131F8021C401E1144E9D55A463146DC
:1073A0001846F5F7C3FC009B08F101008046A04297
:1073B000D6DB4FF47F51B1FBF5F2002093B214FB02
:1073C00004FC0CE039F8102042B18A4202D129F8BD
:1073D000103003E092FBF5F229F81020401C8445A0
:1073E000F0D8002039E000BF09EB40029346138833
:1073F0006B43002123E0002B02DA4FF0000C01E088
:107400004FEAA31C26F811C0A1EB0A0CBCF1000F37
:1074100002DCB2F800C003E00CFB040839F818C025
:10742000A3EB0C0CCB195B1CA34200DB631E03FB1C
:10743000040802EB440239F81830491C6344A142A5
:10744000D9DB5A46002105E036F81130138002EBF3
:107450004402491CA142F7DB401CA042C4DB304679
:10746000BDE8F84FF5F714BC2DE9F0470E468AB099
:107470001F468046014615469146D41907A8EEF7E7
:10748000BDF805EBD57007EB600145F30002891AE2
:10749000891EADF82010012101EB6000ADF81E003F
:1074A0004046EEF70DF9BDF82010081AADF81C00A3
:1074B0004046EEF7D9F8BDF81E1000230844ADF899
:1074C00022003A4607A901A8F0F7B6FF4D46B9F1E8
:1074D000010F01D04FEA69052046F5F78DFB824682
:1074E000B046002734E021465046F5F71FFD01A8BD
:1074F0000090DDF804C023B23AB200215046E047C4
:1075000040B19AF80000800190FBF5F1A8F8001056
:10751000012018E061004046F5F7DAFC15E000BFF5
:107520000AEB00021AF8001012F8012C914204D163
:1075300008EB400131F8022C02E0890191FBF5F2E1
:1075400028F81020401CA042EADB08EB44087F1C0E
:10755000A742C8DB5046F5F79BFB01A8F0F7E4FC17
:10756000012D14D020B2324629460746FFF7E4FE2B
:1075700009F00100284401B2012926DD4FF47F50B3
:1075800090FBF1F2002093B204FB04F517E0002019
:10759000644304E036F810108A093254401C8442D7
:1075A000F8DC0AB0BDE8F08736F8102032B1FF2AC7
:1075B0000ED0920192FBF1F226F81020401C854279
:1075C000F2D832463846FFF7B7FE0020644307E0A2
:1075D00026F81030F2E700BF16F810103154401CA6
:1075E0008442F9DCDDE7F0B597B0074614460D4656
:1075F00001A8F0F7EFFFFF2211461046EFF702FA5D
:107600000090BDF800000090BDF80000ADF8080043
:1076100000262A4601A93846F0F7C8FF0FA8F0F760
:107620000DFA23462A460FA938460096EFF766FF63
:1076300017B0F0BD38B51248FEF7CEFB104D2868E4
:10764000C0B1EDF799FA0F4CA068FBF713FD0020CD
:10765000A06000900023C82209212868F9F7EEFFF6
:1076600001202070BDE8384000224FF49671064892
:10767000FBF7DEBCBDE8384004A0EBF71BBB000005
:107680005C0400207C00002039BE00086D61696E3A
:107690002073637265656E20637265617465206630
:1076A00061696C656400000030B591B005464FF427
:1076B000E0216522F7F77EFC040017D06846EDF75D
:1076C0007DFA0F480B94CDE9005001200E94002163
:1076D0000890CDE909010B4807904FF6FF70ADF80F
:1076E00040006846EDF7C8FA11B030BD044928469D
:1076F000EDF712FA15F8540F40F001002870F3E787
:10770000CDBB0008494C01082DE9FC47FE4DFF4C5C
:1077100095F82000C00703D0FD48EFF747F903E0D4
:1077200004211220F9F7F6FB0090BDF800006080FC
:1077300095F82000C00704D005211220F9F7EAFBD4
:1077400003E004211220F9F7CDFB0090BDF8000002
:10775000A08095F82000C00703D0EE48EFF726F987
:1077600001E0EFF7ADFA0090BDF80000E08095F879
:107770002000C00703D0E848EFF718F903E0022122
:107780001220F9F7C7FB0090BDF800002081E068E7
:10779000D03000F0C1FDE068D83000F0BDFD00261B
:1077A0004620CDE90006D8485023DC4ADC49283879
:1077B000FAF750FED44800965023D84AD8491438D6
:1077C0000196FAF747FED049E0682839D030FAF739
:1077D00039FECD49E0681439D830FAF733FEE06855
:1077E000083000F099FD95F82000C00704D0022170
:1077F0001220F9F777FB02E01220F9F7A5FB01460A
:10780000E0680830FAF7CCFCE06847F6FF7A5146AA
:107810000830FAF7D6FD0721E868EFF76BFA014662
:10782000E0680830FAF71CFD0521E868EFF762FA16
:107830000146E0680830FAF709FEE0686621083082
:10784000FAF7B9FCB049E06814390830FAF7FAFDE4
:10785000E068103000F060FDE068FF211030FAF7BA
:10786000AAFCE06800F058FDFF21E068FAF7A3FCED
:107870006088ADF800000099E068FAF791FCA088F4
:10788000ADF800000099E068FAF7C5FD60780128BE
:107890007ED00228E8687CD05FF00A01EFF72AFA70
:1078A0000146E068FAF7FFFC6078012872D00228F0
:1078B000E86870D05FF00A01EFF71CFA0146E06853
:1078C000FAF7E5FCE068183000F026FD6078012842
:1078D000E8687DD05FF00801EFF70CFA0146E06838
:1078E0001830FAF76EFDE068FF211830FAF763FCF4
:1078F000E088ADF80000E06800991830FAF750FC15
:107900002089ADF80000E06800991830FAF757FCBC
:107910000221E868EFF7EEF90146E0681830FAF75F
:1079200061FCE06801211830FAF754FCA088ADF83A
:107930000000E06800991830FAF76DFD60780128C2
:107940007ED00228E8687CD05FF01001EFF7D2F912
:107950000146E0681830FAF783FC6078012871D09E
:107960000228E8686FD00A21EFF7C4F90146E06801
:107970001830FAF798FC6078012865D00228E8688A
:107980007ED00A21EFF7B6F90146E068183003E02F
:107990007FE081E082E084E0FAF779FC1220F9F7D9
:1079A000D3FA0146E0681830FAF730FC0121E868A4
:1079B000EFF7A0F90146E0681830FAF732FCE0680A
:1079C000A03000F0A9FC504EE068283EB16B00E00A
:1079D00069E0A030FAF72DFC0321E868EFF78AF997
:1079E0000146E068A030FAF737FC0321E868EFF7BA
:1079F00081F90146E068A030FAF72AFCE0687F21AF
:107A0000A030FAF721FCE068A83000F085FC708F08
:107A1000ADF80000E0680099A830FAF70AFC0321ED
:107A2000E868EFF767F90146E068A830FAF714FC58
:107A3000E0687F21A830FAF707FCE068203004E016
:107A400033E035E036E038E039E000F065FC60789E
:107A5000012839D00228E86839D00821EFF74AF91F
:107A60000146E0682030FAF7ACFCE068FF212030E6
:107A7000FAF7A1FB2089ADF800000099E06800E06A
:107A800020E02030FAF78CFB95F82000C00720D0CA
:107A900070E00E21E86801E70C21FFE60E21E8689E
:107AA0000AE70C2108E70C2116E71821E8684DE7E2
:107AB00014214BE70E21E86856E70C2154E70E210C
:107AC000E8685FE70C215DE71021E868C6E70C2154
:107AD000C4E71220F9F738FA0146E0682030FAF7D7
:107AE00074FC0020EFF72EFA00EB40004FF4A07971
:107AF00050304FF0A008484517DB0020EFF722FA7E
:107B000000EB400050300DE008330120400300201E
:107B10001A171500302B280037322F00254C01088A
:107B200014B0020890FBF8F000E0012001B2E06818
:107B30002030FAF75DFCE0687F212030FAF754FC32
:107B40000020EFF7FFF9502707EB8000484507DBDF
:107B50000020EFF7F7F907EB800191FBF8F000E068
:107B6000012001B2E868EFF7C5F80146E06820306F
:107B7000FAF736FCA088ADF80000E06800992030E4
:107B8000FAF749FCE06800F12008607801287DD010
:107B90000228E8687BD01021EFF7ACF807460146D1
:107BA0004046FAF778FB39464046FAF778FBE0683A
:107BB00000F12008607801286AD00228E86868D0BF
:107BC0005FF00A01EFF796F8074601464046FAF7DC
:107BD0006EFB39464046FAF756FB0521E868EFF799
:107BE00089F80146E0682030FAF751FB0521E86882
:107BF000EFF780F80146E0682030FAF754FBFF49C0
:107C0000FD4808600831FE480860E068583000F020
:107C100083FBE068F9495830FAF7ECFAE068232171
:107C20005830FAF7EBFAE068603000F075FBF34982
:107C3000E06808316030FAF7DDFAE0687F216030F3
:107C4000FAF7DCFAE068C03000F066FBE06801217A
:107C5000C030FAF7CBFAE0680121C030FAF7BAFA7F
:107C6000E068803000F058FB607801287ED0022860
:107C7000E8687CD05FF01001EFF73CF80146E0685F
:107C80008030FAF7EDFA6078012803E006E308E3B4
:107C900009E30BE36CD00228E8686AD05FF01001BA
:107CA000EFF728F80146E0688030FAF7FCFA6078D0
:107CB00001287DD00228E8687BD01021EFF71AF860
:107CC0000146E0688030FAF7E2FAE068783000F0C8
:107CD00023FB607801286DD00228E8686BD00A2168
:107CE000EFF708F80146E0687830FAF7B9FAE0688B
:107CF00000F17808607801287ED00228E8687CD0FE
:107D00005FF00A01EEF7F6FF074601464046FAF734
:107D1000CAFA39464046FAF7BAFAE068883000F005
:107D2000FBFA0A21E868EEF7E5FF0146E0688830D3
:107D3000FAF7B9FA0A21E868EEF7DCFF0146E068D5
:107D40008830FAF7A4FAE068903000F0E5FA1421E0
:107D5000E868EEF7CFFF0146E0689030FAF766FB7F
:107D6000E068983000F0D8FA022103E0A0E2A2E235
:107D7000A3E2A5E2E0689830FAF749FBE0686830D2
:107D800000F0CAFAE06800216830FAF769FAE068A2
:107D900000216830FAF787FAE06800216830FAF7C6
:107DA00076FAE068703000F0B7FA6078012803E0F6
:107DB00088E28AE28BE28DE27ED00228E8687CD0FD
:107DC0005FF00201EEF796FF0146E0687030FAF7C7
:107DD00047FA6078012871D00228E8686FD0022144
:107DE000EEF788FF0146E0687030FAF75CFA6078D9
:107DF000012865D0022801E06EE270E2E8687DD0DB
:107E00005FF00201EEF776FF0146E0687030FAF7A6
:107E10003EFAE068283000F07FFAE068B16B283065
:107E2000FAF7BEF9EEF74CFF0146E0682830FAF7A2
:107E3000F2FAE068FF212830FAF7BDF9E068303047
:107E400000F06AFAE068B16B3030FAF7A9F9E0683F
:107E5000B16B3030FAF7DFFAE06833213030FAF7EF
:107E6000AAF9E068383000F057FA708FADF80000DA
:107E7000E06800993830FAF793F9EEF721FF0146F0
:107E8000E0683830FAF7C7FAE068FF213830FAF7CF
:107E900092F9E068403000F03FFA708FADF80000D2
:107EA000E06800994030FAF77BF9708FADF8000078
:107EB000E0680099403004E013E215E216E218E2AF
:107EC00019E2FAF7A8FAE06833214030FAF773F9BB
:107ED000E068483000F020FA2089ADF80000E06842
:107EE00000994830FAF75CF9E068FF214830FAF76A
:107EF00062F9A088ADF80000009900E0FEE1E068BA
:107F00004830FAF788FAE068503000F005FAE08867
:107F1000ADF80000E06800995030FAF741F9E068E8
:107F2000FF215030FAF747F9A088ADF80000E0686B
:107F300000995030FAF76FFAE068B03000F0ECF9D1
:107F4000E06857465146B030FAF73BFAE068B8307F
:107F500000F0E2F9E0680021B830FAF732FAE068A0
:107F6000C83000F0D9F90321E868EEF7C3FE0146F6
:107F7000E068C830FAF762FA0321E868EEF7BAFE63
:107F80000146E068C830FAF755FAE068F03000F0D2
:107F9000C3F9E068B16BF030FAF702F9E068FF214D
:107FA000F030FAF708F90621E868EEF7A3FE01467B
:107FB000E068F030FAF754F9E0683946F030FAF743
:107FC00000FAE068E03000F0A7F9E068C821E0308E
:107FD000FAF7CFF8E068E83000F09EF9E068782121
:107FE000E830FAF7C6F8E06800F5807000F094F920
:107FF0002089ADF8000005E03BBC000850030020DC
:10800000413B0108E068009900F58070FAF7B5F887
:108010000F21E868EEF76EFE0146E06800F580701B
:10802000FAF7BAF8E068012100F58070FAF7B0F8C5
:10803000E06800F5847000F06FF9E068B16B00F55E
:108040008470FAF79AF8E06800F5987000F064F927
:10805000E0684FF4827100F59870FAF7E6F8E0688E
:1080600000F59C7000F058F90421E868EEF742FE34
:10807000404201B2E06800F59C70FAF7F1F8EEF7C3
:108080001FFE0146E06800F59C70FAF789F8E06889
:1080900000F5A07000F040F9E068012100F5A07043
:1080A000FAF7BFF8A088ADF80000E068009900F585
:1080B000A070FAF7ABF8E06800F5947000F02CF9C6
:1080C000E068002100F59470FAF784F80A21E86866
:1080D000EEF710FE0146E06800F59470FAF7D7F865
:1080E0002089ADF80000E068009900F59470FAF777
:1080F0008DF8E06800F5887000F00EF90321E8685B
:10810000EEF7F8FD0146E06800F58870FAF789F8A7
:108110000321E868EEF7EEFD0146E06800F588709F
:10812000FAF74FF90821E868EEF7E4FD0146E06848
:1081300000F58870FAF760F90221E868EEF7DAFDD9
:108140000146E06800F58870FAF7A1F8E06800F5EC
:108150008C7000F0E1F8E068394600F58C70FAF7B1
:1081600030F90821E868EEF7C5FD0146E06800F542
:108170008C70FAF741F9E068B16B00F58C70FAF792
:108180000FF8E068FF2100F58C70FAF714F8E0684A
:1081900000F5907000F0C0F80121E868EEF7AAFD44
:1081A0000146E06800F59070FAF73BF8A088ADF85A
:1081B0000000E068009900F59070FAF727F80221B6
:1081C000E868EEF797FD0146E06800F59070FAF771
:1081D00047F81220F8F7B8FE0146E06800F5907005
:1081E000FAF719F9E06800F5A47000F095F801219C
:1081F000E868EEF77FFD0146E06800F5A470F9F746
:10820000F1FF2089ADF80000E068009900F5A47046
:10821000F9F7D5FFE068032100F5A470F9F7DEFF58
:10822000E06800F5A87000F077F8A088ADF80000CD
:10823000E068009900F5A870F9F7C1FF0221E8682D
:10824000EEF758FD0146E06800F5A870F9F7CAFF9F
:108250000121E868EEF74EFD404201B2E06800F50A
:10826000A870FAF718F8E068042100F5A870F9F78B
:10827000B5FFE0684FF4C87100F5A870F9F779FF11
:10828000E06800F5AC7000F047F895F82000C007F2
:1082900036D002211220F8F725FE35E01821E868D3
:1082A0007AE4142178E40E21E8688BE40C2189E457
:1082B0001821E868E0E41421DEE41821E868EFE41E
:1082C0001421EDE41821E868F8E41421F6E40E2105
:1082D000E86805E50C2103E50E21E86812E50C21AC
:1082E00010E50821E8686DE506216BE50821E868DE
:1082F00076E5062174E50821E86883E5062181E535
:1083000001211220F8F706FE0146E068BDE8FC47AF
:1083100000F5AC70FAF77FB80349097809B1F9F7AD
:1083200014BFF9F708BE0000400300202DE9F35FF9
:108330000198F5F78FFFFE4C4FF48039A8B1FD4945
:108340000198F5F79BF9A0B1E16800221831019876
:10835000F4F7B2FEE1684A4608310198F4F7ACFE42
:10836000E168F54A10310198FEE20022E1680198C7
:10837000EEE7F2490198F5F781F9A0B3E168002230
:1083800020310198F4F798FEE16800222831019825
:10839000F4F792FEE1680022D0310198F4F78CFEE8
:1083A000E168202258310198F4F786FEE168202226
:1083B000D8310198F4F780FEE1680422A0310198D9
:1083C000F4F77AFEE1682022C8310198F4F774FED0
:1083D000E168012238310198F4F76EFEE1688022ED
:1083E00060310198C0E2FFE7D5490198F5F746F9F9
:1083F00028B1E168002201F5A0710198B4E2D149E9
:108400000198F5F73BF94FF4A027DFF83C8307F11B
:10841000040A0AF1040BA8B3E1680022183101989C
:10842000F4F74AFEE1680422A0310198F4F744FE13
:10843000E1680822A8310198F4F73EFEE1683A4667
:1084400020310198F4F738FEBF4AE16860326031AC
:108450000198F4F731FEE168424658310198F4F78B
:108460002BFEE1687A1C28310198F4F725FEE168BB
:108470005246A0310198F4F71FFEE1685A46A83130
:10848000019871E2FFE7B1490198F5F7F7F84FF469
:10849000003510B3E168002230310198F4F70CFE8A
:1084A000E1680022B0310198F4F706FEE168042289
:1084B000A0310198F4F700FEE1680822A831019884
:1084C000F4F7FAFDE1682A4628310198F4F7F4FD43
:1084D000E1682A46B031019846E29D490198F5F7D6
:1084E000CDF84FF44036A8B3E1680022303101984E
:1084F000F4F7E2FDE1680022B0310198F4F7DCFD09
:10850000E1680422A0310198F4F7D6FDE168082261
:10851000A8310198F4F7D0FDE1682A462831019886
:10852000F4F7CAFDE1682A46B0310198F4F7C4FDBA
:10853000E1683246F0310198F4F7BEFD854DE168FF
:108540002A46C8310198F4F7B7FDE1683246D031C8
:108550000198ABE0FFE780490198F5F78FF8E8B3A1
:10856000E168002218310198F4F7A6FDE1680022C5
:1085700068310198F4F7A0FDE1680022B831019854
:10858000F4F79AFDE1680422A0310198F4F794FD14
:10859000E1680822A8310198F4F78EFDE1684A46A7
:1085A00008310198F4F788FDE168634A10310198B9
:1085B000F4F782FDE1683A4650310198F4F77CFD0A
:1085C000E1683A4601F5A4710198F4F775FDE16898
:1085D0003A4680310198F4F76FFD00E010E0E16861
:1085E000424658310198F4F767FDE1685246283158
:1085F0000198F4F761FDE1685A4638310198B3E11A
:1086000056490198F5F73AF8002856D0E16800225B
:1086100048310198F4F750FDE1680022B03101982B
:10862000F4F74AFDE1680022E8310198F4F744FDCF
:10863000E168802260310198F4F73EFDE168042290
:10864000A0310198F4F738FD454FE1683A462831EA
:108650000198F4F731FDE1682A46B0310198F4F74A
:108660002BFD3F4AE1687F3260310198F4F724FD29
:10867000E1683246F0310198F4F71EFDE1683246B8
:1086800050310198F4F718FDE168324601F59C710C
:108690000198F4F711FD2F4AE168603260310198CA
:1086A000F4F70AFDE1683A46D8310198F4F704FD81
:1086B000E1682A46D831019856E12A490198F4F731
:1086C000DDFF98B3E168002218310198F4F7F4FC5B
:1086D000E168002278310198F4F7EEFCE1680022AD
:1086E00001F594710198F4F7E7FCE1684A46083116
:1086F0000198F4F7E1FCE1680F4A10310198F4F7B2
:10870000DBFCE1683A4601F588710198F4F7D4FC86
:10871000E1682A4601F58C710198F4F7CDFCE16817
:108720004FF4C02201F5907101981DE025E0000092
:1087300040030020B0AE020840000100BC9B0408CA
:10874000649C0408D89B040820000500A09B040832
:10875000B89C040820000300F09C0408D49C040882
:10876000010002002CB00208F4F7A6FCE1684FF407
:10877000E02201F588710198F6E07F490198F4F74D
:108780007DFF4FF4802740B3E16800221831019843
:10879000F4F792FCE1680022E0310198F4F78CFCD8
:1087A000E168002290310198F4F786FCE16800222C
:1087B00098310198F4F780FCE1680422A031019817
:1087C000F4F77AFCE1680822A8310198F4F774FC08
:1087D000E1683A4628310198C6E068490198F4F703
:1087E0004DFF40B3E168002218310198F4F764FCB2
:1087F000E168002278310198F4F75EFCE16800221C
:10880000D0310198F4F758FCE1682022D831019862
:10881000F4F752FCE168202258310198F4F74CFC3F
:10882000E1680422A0310198F4F746FCE1680822CF
:10883000A83101983AE752490198F4F71FFFB0B305
:10884000E168002218310198F4F736FCE168002253
:10885000C0310198F4F730FCE168002290310198B2
:10886000F4F72AFCE168002201F598710198F4F709
:1088700023FCE1684A4608310198F4F71DFCE168E1
:10888000404A10310198F4F717FCE1683A4650313C
:108890000198F4F711FCE1683B4A28310198F4F79C
:1088A0000BFC394AE1681F32583101985CE0FFE760
:1088B00036490198F4F7E2FEC8B1E168002201F5FB
:1088C00080710198F4F7F8FBE1682A4601F58071A0
:1088D0000198F4F7F1FBE1682A4601F584710198EB
:1088E000F4F7EAFBE1683246F03101983CE02849B0
:1088F0000198F4F7C3FE00283BD0E168002218314C
:108900000198F4F7D9FBE168002278310198F4F777
:10891000D3FBE168802260310198F4F7CDFBE16878
:108920000422A0310198F4F7C7FBE1680822A831BE
:108930000198F4F7C1FBE1684A4608310198F4F761
:10894000BBFBE1680F4A10310198F4F7B5FBE16811
:10895000104A01F5A8710198F4F7AEFBE16801989F
:108960004FF4002201F5AC7102B0BDE8F05FF4F7FE
:10897000A3BBBDE8FC9F0000809C0408F49B040896
:10898000109C04084000010001000400849B0408BE
:108990000C9D040802000700C143491C0840B0FABE
:1089A00080F0C0F11F00704718B1B0FA80F0C0F13C
:1089B0002000401E70470000FEB5066804460025F2
:1089C000728C0420C2F305120CE000BFF36800EBC8
:1089D000C507DB599F0104D5A76823F07F43BB423D
:1089E00003D06D1CAA42F1D8FEBDA388442B5DD0F4
:1089F0000EDC332B4DD006DC202B57D0222B55D04C
:108A0000302B13D152E0342B43D0362B0ED14DE016
:108A1000622B41D006DC472B48D0552B46D0572B34
:108A200004D136E0672B34D0682B32D069B3FF29EC
:108A30002DD0D4E90302121A4A4300EB2220009001
:108A4000F068012701AA50F835001946F9F7CDF969
:108A500060B1DDE90010814208D1BDF80020BDF809
:108A600004309A4202D1814200D10027F068A188E7
:108A7000009A50F83500F9F71FFC002FB4D0A288F7
:108A8000A1682068F7F716FCFEBDE068D7E720690B
:108A9000D5E7FF29FBDAF8E7E0680028F7D022697C
:108AA000002ACCD08029CADB0092C9E7002901DC6A
:108AB000A0892AE0FF2901DB208A26E0228AC8B2A9
:108AC00091B20A02A78942EA11218AB2B9B20F0211
:108AD00047EA1121001D89B2C70841EA01400C494B
:108AE00042EA024208400A40121A7A4300EB52104E
:108AF000084040EA104080B2010241EA1020ADF87F
:108B0000080080B20290BDF80800ADF8000097E7B9
:108B10001FF8E0072DE9F04104682648A68825687B
:108B2000E0F751FC10E0A1420BD0086822689042A7
:108B300007D18868A268904203D18888A2889042B1
:108B400036D01C48E0F751FC0100ECD1698C0027BD
:108B50000420C1F3051129E0EA6800EBC703D258ED
:108B6000930122D5A36822F07F429A421DD121466B
:108B70001048E0F7C3FC2046F4F79CF8E86831465B
:108B800000EBC7042068F9F781FAE86850F837006D
:108B9000F9F7D4F900280BD06068216820F07F42F3
:108BA0002846BDE8F041F7F75CBC7F1CB942D3D83A
:108BB000BDE8F0818033012070B50468A068A28808
:108BC00000F47F0631462068F6F7F4F9E060A588E6
:108BD0000020A08023462A463146206800F00CF889
:108BE000A580A1682068EAF70FFFA1880068E26805
:108BF000BDE87040F9F760BB2DE9FF5F07469A4674
:108C00000E4600252548E0F7F7FB04464FF4702890
:108C10004FF004093CE054453CD021461F48E0F7A2
:108C2000E8FB83462068B84231D1A068B04201D049
:108C300046452CD1A1880298814203D0A0F57F41FE
:108C4000FF3924D1002511E0F86809EBC50141582E
:108C50008A010AD5464503D021F07F41B14204D1B3
:108C600050F83500A188F9F711FA6D1C788CC0F323
:108C70000510A842E8D800212046EBF74DFF214619
:108C80000648E0F73BFC2046F4F714F801255C4663
:108C9000002CC0D104B02846BDE8F09F80330120ED
:108CA0002DE9F84F92468B46044600216E22F6F7D6
:108CB00081F906B2204600216D22F6F77BF905B254
:108CC00016B9B5F5807F62D0204600216F22F6F7F5
:108CD00071F9ADF80000204600217022F6F76AF91C
:108CE000ADF80200BDF900006427C0F341314FF434
:108CF000FA684FF47A79012915D120F4C040404533
:108D000011DC04F11400ECF7CFFC0146BDF90000C2
:108D100020F4C040484501DDC0F57A70414391FB25
:108D2000F7F0ADF80000BDF90200C0F341310129B0
:108D300011D120F4C04040450DDC618BE28A891AD4
:108D4000491C09B2484501DDC0F57A70414391FBE9
:108D5000F7F0ADF80200A08ABDF80010BAF1000FDC
:108D60000844ADF80000E08ABDF802100844ADF8F0
:108D7000020006D0704206B24FF4803090FBF5F04E
:108D800005B26B462A4631465846F8F7F5F8BDE875
:108D9000F88FF0B5D0E90646059D4FF480772EB9DF
:108DA000BC4203D108021860100239E0B0F928C0B3
:108DB000A1EB0C01B0F92AC0A2EB0C029EB1BC429F
:108DC0001AD1446906694C4306FB1244066A06EB55
:108DD000A4041C6003694B434169406A01FB0231F2
:108DE00000EBA1001CE0066A01FB04611960416A06
:108DF000806902FB001013E0466907694E4307FBD8
:108E000012666643046A04EBA6241C6003694B43A4
:108E1000416901FB02318269406A514300EBA120A4
:108E20002860F0BD00880988401A70472DE9F0419C
:108E300086B00646F2F766FD050072D03046F1F7BF
:108E400001F9044690F8540080076AD52846F2F7E5
:108E50009AFD022865D02846F2F795FD042860D0D7
:108E60006946606AF5F77CF903A92846F2F760FDC8
:108E700004A92846F2F78CFDBDF90C10002950DB3F
:108E8000BDF90E0000284CDBBDF80020891AADF8B2
:108E90000810BDF80210401AADF80A003046F1F78C
:108EA00093F80646606AF6F73DFA0146606ABDF936
:108EB000082000270546002A01DA01200EE08A4238
:108EC00002DB47F6FF77F8E702A9F2F7F7FE87B271
:108ED00002A9606AF3F716F980F0010094F86010B7
:108EE0004FF6FF788A0723D550EAC1724FF44070DD
:108EF00001D1012E08D0C9071ED0022E12D0032E98
:108F000012D0082E10D019E0C4E9167894F8601039
:108F100041F00102014684F860202046F4F766FC27
:108F200006E03FE0E76503E001462046F4F778F805
:108F300094F86000C00701D1012E33D13946204694
:108F4000F9F778FF94F86000C0072BD0D4E9161029
:108F5000814208D9EA6B824202D12A6C8A4218D037
:108F6000E863A06D11E008D2EA6B8A4202D12A6C54
:108F700082420ED0E963E06D07E0E96B4046814232
:108F800002D1296C814204D0E86328642046F6F7B8
:108F9000B5FC032E01D0082E04D114F8600F20F088
:108FA0000100207006B0BDE8F081D0E9013201690E
:108FB0009A60D0E901235A604A68824201D18268EE
:108FC0004A60002202610868401E08600868704715
:108FD0000148806870470000E000002001A0E9F728
:108FE00069FEFEE74170706C69636174696F6E20A1
:108FF0006D616C6C6F63206661696C656400000074
:1090000001A0E9F757FEFEE70D0A21212120537444
:1090100061636B204F766572666C6F7720696E2096
:109020002573202121210D0A000000002DED0C8B5D
:109030008AB0DFED5F8A69460020DAF713F803A9EA
:109040000120DAF70FF89DED030AB8EEC00A9FED94
:10905000599AB3EE061AF0EE680A20EE090ADCF718
:1090600060FAF0EE409A9DED000AB8EEC00A20EEDC
:10907000090A9FED51CAF0EE680AB0EE4C1ADCF70F
:1090800050FAB0EE408AB0EE690ADDF7C9FBB0EEE7
:10909000041AF0EE680ADCF744FAF0EE409ADFEDCD
:1090A00047AAB0EE041AF0EE680A28EE2A0ADCF7A6
:1090B00038FA434CB0EE40AA0025F0EE68CA694683
:1090C0000020D9F7CFFF03A90120D9F7CBFF9DEDF1
:1090D000030AB0EE6C8AB3EE061AB8EEC00AF0EEE0
:1090E000480A60EE09BA9DED000AB8EEC00A20EE0B
:1090F00009BAB0EE6B0ADCF714FAB0EE40DAB0EE63
:109100004C1AF0EE480AB0EE4B0ADCF70AFAF5EE1C
:10911000C0BAF0EE408AF1EE10FA04D203A90120A1
:109120000395DAF70BF8B5EEC0BAF1EE10FA04D2F7
:10913000694600200095DAF701F8B0EE4D0ADDF738
:109140006FFBB0EE48BAB0EE041AF0EE4B0ADCF753
:10915000E8F9B0EE408A28EEAA0AB0EE041AF0EE62
:109160004B0ADCF7DEF9F0EE408A38EE690AB0EE21
:10917000C00A10EE100AA04207DC38EECA0AB0EEB0
:10918000C00A10EE100AA0420DDD06A8EAF7B6FCF0
:109190008DED078ACDED088A06A8FCF7F5FDF0EE07
:1091A000489AB0EE68AA0A2000F0D2F987E70000DA
:1091B00000000000CDCCCC3D00004842240C433DD3
:1091C000BD3786350B4C0C4E4FF08045686A2189BF
:1091D0002268411A09B211442160A060706AA18A14
:1091E000E268411A09B21144E1606061142000F0A4
:1091F000AFF9EBE708A6002000040040DBF748FCCD
:10920000142000F0A5F9F9E700F108014FF0FF3252
:10921000C0E90112C16001610021016070470021B5
:109220000161704730B50B685A1C02D000F108028A
:1092300002E0026904E02246546825689D42FAD99A
:1092400053684B6099608A60516008610168491CED
:10925000016030BD502080F31188BFF34F8FBFF302
:109260006F8F0A494868401C486001280CD10848A3
:10927000006810F0FF0F07D0502080F31188BFF373
:109280004F8FBFF36F8FFEE770470000D4000020C0
:1092900004ED00E00849486828B1401E486001D14B
:1092A00080F311887047502080F31188BFF34F8FEF
:1092B000BFF36F8FFEE70000D400002070B50028D8
:1092C0002AD0A0F108046068002807DB502080F352
:1092D0001188BFF34F8FBFF36F8FFEE7216839B15D
:1092E000502080F31188BFF34F8FBFF36F8FFEE7DD
:1092F00020F00040606000F039FA084D606869684D
:10930000084468602046FBF747F92869401C28613B
:10931000BDE8704001F04AB970BD0000B8000020FF
:109320004FF0E02000210161816105494FF47A721C
:109330000968B1FBF2F1491E4161072101617047E3
:10934000A800002010B5D7F769F8114910280ED3EE
:1093500000F1E02090F8F0030A78904207D2502004
:1093600080F31188BFF34F8FBFF36F8FFEE709487B
:109370000068896800F4E060884207D9502080F3D3
:109380001188BFF34F8FBFF36F8FFEE710BD000052
:10939000D40000200CED00E09AB000244FF47A6075
:1093A00000F0D6F81B4D01220AA9286800F070FDD4
:1093B000012803D10AA918A0E2F7A8FD05A8EAF739
:1093C00079FBBDF81620BDF8141014A0E2F79EFD3D
:1093D000641CE4B2142C18D3BDF820000DF1040C69
:1093E0009DF825309DF82420BDF822108CE80F0050
:1093F000BDF81E000090BDF81C30BDF81A20BDF865
:10940000181008A0E2F782FD0024012000F0A0F867
:10941000C9E70000400100202573000025642C25C9
:10942000640000002C25642C25642C25642C256404
:109430002C25642C25642C25642C25640000000058
:1094400070B5002260B100291ED0104C002300BF6F
:1094500004EBC3056E6886420AD104EBC3020FE039
:10946000502080F31188BFF34F8FBFF36F8FFEE75B
:109470001AB954F8336006B92A465B1C082BE7D3A7
:10948000002A01D0C2E9001070BD0000D8A400205D
:1094900070B515460E460446FFF7DCFE94F94410FD
:1094A0000020491C01D184F8440094F94510491C5E
:1094B00001D184F84500FFF7EDFEA06B28B92A46DC
:1094C000314604F1240000F08FF82046BDE87040DA
:1094D000FBF7E6B900B50D4885B04168491C41600D
:1094E00003AB02AA04A94068D9F708FC9DF80C1048
:1094F0009DF80800CDE900019DF8103004A210216C
:109500000748D6F7C9FF05B000BD000028000020BD
:10951000253032643A253032643A25303264000016
:109520004C0400204FF47A74204600F011F8FBE759
:10953000DDF75AF9054C207808B1D9F787FEF9F71D
:10954000B1FD322000F004F8F5E700007C000020B7
:1095500010B5020014D00F48406B38B1502080F392
:109560001188BFF34F8FBFF36F8FFEE700F0FEF857
:1095700000211046FAF732FE01F018F8002807D152
:1095800005494FF080500860BFF34F8FBFF36F8FD6
:1095900010BD0000E000002004ED00E002490A6A6E
:1095A0000260C96841607047E00000200149012065
:1095B000C8617047E000002010B50C4650B1094961
:1095C00009681831FFF72EFE2046BDE81040012142
:1095D000FAF704BE502080F31188BFF34F8FBFF31A
:1095E0006F8FFEE7E0000020F0B40C46D0B11149C7
:1095F00043680D68EB619D680E6835620D689E6872
:10960000183575600D6818359D60096888620168B5
:10961000491C01600AB14FF0FF342046F0BC1146EE
:10962000FAF7DCBD502080F31188BFF34F8FBFF3F2
:109630006F8FFEE7E000002070B5040058D0226D67
:10964000A2B1E06C884200D30146E06A88424FD064
:10965000012A4DD1274D2A6894420FD1502080F322
:109660001188BFF34F8FBFF36F8FFEE7502080F359
:109670001188BFF34F8FBFF36F8FFEE7E162A269DE
:10968000002A02DBC1F10501A1611B4E00EB800045
:10969000616906EB800081422AD1201DFFF785FC1D
:1096A000012130B994F82C002A6901FA00F08243B4
:1096B0002A61E06A2A6981401143296100EB800038
:1096C00006EB80004068A0608168E1608268211D2F
:1096D00051608160E06A00EB800006EB8000606111
:1096E000E06A00EB800056F82010491C46F8201074
:1096F00070BD0000E000002018A500207CB51748D0
:109700000025CDE900502B46802215A1164800F017
:109710004DFD124C2C3C012803D101F00FF801281B
:1097200002D0401C11D00EE0502080F31188BFF30E
:109730004F8FBFF36F8F4FF0FF30A0620120606149
:10974000E56000F015F9206B7CBD502080F3118896
:10975000BFF34F8FBFF36F8FFEE700000C010020B7
:1097600049444C4500000000914402080248416B06
:10977000491C416370470000E000002010B51F4CF9
:10978000606B10B10120E06110BD0020E061206835
:109790004FF0A531006B02688A4208D142688A42C4
:1097A00005D182688A4202D1C068884204D021680B
:1097B00020683431FFF724FC20691149B0FA80F0A9
:1097C000C0F11F0000EB800051F820206AB101EBCE
:1097D000800000F10802416849684160914201D16E
:1097E00049684160C868206010BD502080F311882E
:1097F000BFF34F8FBFF36F8FFEE70000E000002044
:1098000018A500200648012101700221417004487A
:10981000DDF70CF9DDF746F80120FFF799FEF6E7D2
:1098200008BD0020184C194D04F20A37B4F80001A5
:10983000B4F80211884216D0FFF70CFDB4F802010B
:10984000265CB4F80201401CC0B2A4F80201FFF784
:1098500021FD0D2E0BD00A2E09D028783F2802D2E8
:109860003E54401C28700A20FFF772FEDEE728787D
:1098700000263E540648DCF7E9FF2E7040210448DC
:10988000D7F78DF8EFE700008CA600205C010020E0
:1098900096A90020044C4AF6AA264FF47A75266051
:1098A0002846FFF755FEFAE700300040F8B50446B9
:1098B000B0F92E0010F5004F59D0B4F92C30658D59
:1098C00099B2A94202D201F5B4710BB294F83410E6
:1098D000C1F34101D1B301290DD0022947D100952F
:1098E000B4F93220B4F93010F3F739F905B2204653
:1098F000A28DA9B237E0E91801EBD171B4F930704B
:10990000B4F9322041F34F06B91801EBD17141F39C
:109910004F0188420CDA0A462B4639460096F3F787
:109920001EF905B2A9B22046EBF7E5FDB1B209E098
:1099300000933346F3F713F905B2B1B22046EBF7C3
:10994000DAFDA9B22046EBF79DFD0EE0FFE700939C
:10995000B4F93220B4F930102B46F3F700F905B210
:10996000AAB22046618DEBF781FDA4F84050F8BD06
:109970001CB537480168374A914207D1502080F31F
:109980001188BFF34F8FBFF36F8FFEE70068314937
:10999000491E884207D1502080F31188BFF34F8FB2
:1099A000BFF36F8FFEE72C4908780190FF20087005
:1099B00008788DF800009DF800009DF8002000F068
:1099C000F000904207D0502080F31188BFF34F8FF2
:1099D000BFF36F8FFEE79DF80000204C00F05000B1
:1099E00020700720A06005E09DF8002052008DF84F
:1099F0000020401E9DF800201206F5D4A060032828
:109A000007D0502080F31188BFF34F8FBFF36F8FC3
:109A1000FEE74FF44070A060019808700C482030B9
:109A2000016841F470010160016841F0704101601A
:109A3000FFF776FC00206060D6F7B8FC08480168A4
:109A400041F040410160D6F79DFC00201CBD0000A4
:109A500000ED00E071C20F4100E400E0D4000020FE
:109A600034EF00E010B502460021012000F00CF8B0
:109A7000041E07D00021816001600B460A46C160C8
:109A800000F08AF8204610BD2DE9F04117460E4639
:109A9000050020D04FF0FF30B0FBF5F0B0421AD3F4
:109AA00005FB06F010F1510F15D85030FAF72EFFD4
:109AB00004000CD004F150005EB12060C4E90F56E0
:109AC0002046012100F010F8204684F84C70BDE8D3
:109AD000F0812460F2E7502080F31188BFF34F8FAC
:109AE000BFF36F8FFEE700002DE9F0410F46040041
:109AF0004FF001062DD0E06B98B3B51EB5FBF0F129
:109B0000206C81423ED3FFF7A5FBD4E90F202168EA
:109B100002FB0011A1600021A163216861600A4677
:109B2000D4E90F01401E00FB01212046E16000F84E
:109B3000445F457004F11000A7B1FFF765FB04F125
:109B40002400FFF761FB00BFFFF7A4FB3046BDE830
:109B5000F081502080F31188BFF34F8FBFF36F8FD8
:109B6000FEE70FE021690029EED000F0B1FC0028EB
:109B7000EAD008494FF080500860BFF34F8FBFF321
:109B80006F8FE1E7502080F31188BFF34F8FBFF351
:109B90006F8FFEE704ED00E02DE9FF4782B01D4620
:109BA0008A464FF00008040003D0BAF1000F08D035
:109BB00011E0502080F31188BFF34F8FBFF36F8FF8
:109BC000FEE7206C38B1502080F31188BFF34F8F2F
:109BD000BFF36F8FFEE7022D0AD1E06B012807D09B
:109BE000502080F31188BFF34F8FBFF36F8FFEE7D4
:109BF00000F00AFB3F4F4FF000094FF0805648B984
:109C0000049838B1502080F31188BFF34F8FBFF311
:109C10006F8FFEE7FFF71EFBA06BE16B884207D357
:109C2000022D05D00498D0B1B8F1000F1AD01EE073
:109C30002A4651462046FAF7C8FB616A19B104F179
:109C4000240000F045FC20B13E60BFF34F8FBFF30E
:109C50006F8FFFF71FFB012006B0BDE8F087FFF70D
:109C600019FB22E06846FFF799FC4FF00108FFF767
:109C700011FBFFF77BFDFFF7EDFA94F94400401C60
:109C800001D184F8449094F94500401C01D184F836
:109C90004590FFF7FFFA04A9684600F049FA30B191
:109CA0002046FAF7FDFD00F081FC0020D4E7FFF725
:109CB000D1FAA06BE16B884213D1FFF7EBFA04F104
:109CC00010000499FFF778FC2046FAF7E9FD00F050
:109CD0006DFC00289ED13E60BFF34F8FBFF36F8FA6
:109CE00098E7FFF7D7FA2046FAF7DAFD00F05EFCB6
:109CF00090E7000004ED00E02DE9F0471F46904694
:109D00008946040003D0B9F1000F08D011E05020BB
:109D100080F31188BFF34F8FBFF36F8FFEE7206C86
:109D200038B1502080F31188BFF34F8FBFF36F8F8E
:109D3000FEE7022F0AD1E06B012807D0502080F304
:109D40001188BFF34F8FBFF36F8FFEE7FFF7FAFA6B
:109D50005020EFF3118680F31188BFF34F8FBFF3CC
:109D60006F8FA06BE16B884206D3022F04D00020D6
:109D700086F31188BDE8F08794F94550A06B3A4608
:109D800049462046FAF721FB681C0AD0FFF720F964
:109D9000854204D27F2D14D06D1C84F845500120DB
:109DA000E6E7606A0028FAD004F1240000F090FB96
:109DB0000028F4D0B8F1000FF1D00121C8F800104C
:109DC000EDE7502080F31188BFF34F8FBFF36F8F03
:109DD000FEE72DE9F0410F46040009D0206C78B170
:109DE000502080F31188BFF34F8FBFF36F8FFEE7D2
:109DF000502080F31188BFF34F8FBFF36F8FFEE7C2
:109E0000206848B9A06838B1502080F31188BFF3AA
:109E10004F8FBFF36F8FFEE7FFF794FA5020EFF3F9
:109E2000118680F31188BFF34F8FBFF36F8FA06B44
:109E3000E16B814226D994F94550401CA063681C0F
:109E40000AD0FFF7C5F8854204D27F2D12D06D1CD1
:109E500084F84550012016E0606A0028FAD004F129
:109E6000240000F035FB0028F4D0002FF2D00120B0
:109E70003860EFE7502080F31188BFF34F8FBFF3B6
:109E80006F8FFEE7002086F31188BDE8F0810000A7
:109E90002DE9F747002683B08A46040003D0BAF1C3
:109EA000000F08D011E0502080F31188BFF34F8FCE
:109EB000BFF36F8FFEE7206C38B1502080F311881C
:109EC000BFF34F8FBFF36F8FFEE700F09DF9DFF810
:109ED000F4804FF000094FF0805748B9059838B129
:109EE000502080F31188BFF34F8FBFF36F8FFEE7D1
:109EF000FFF7B0F9A56BC5B151462046FAF752FA03
:109F00006D1EA563206950B104F1100000F0E0FA65
:109F100028B1C8F80070BFF34F8FBFF36F8FFFF702
:109F2000B9F9012006B0BDE8F087059808B11EB167
:109F300006E0FFF7AFF927E06846FFF72FFB0126A1
:109F4000FFF7A8F9FFF712FCFFF784F994F9440032
:109F5000401C01D184F8449094F94500401C01D183
:109F600084F84590FFF796F905A9684600F0E0F8F7
:109F7000002820460AD0FAF793FC00F017FB204691
:109F8000FAF74CFB0028B3D00020CBE7FAF746FBEA
:109F900090B104F124000599FFF70EFB2046FAF773
:109FA0007FFC00F003FB0028A2D1C8F80070BFF3CB
:109FB0004F8FBFF36F8F9BE72046FAF771FC00F0DD
:109FC000F5FA95E704ED00E02DE9F343002683B0B0
:109FD0000400354609D0206C78B1502080F31188F8
:109FE000BFF34F8FBFF36F8FFEE7502080F31188D0
:109FF000BFF34F8FBFF36F8FFEE700F005F9DFF877
:10A000002C814FF000094FF0805748B9049838B1BF
:10A01000502080F31188BFF34F8FBFF36F8FFEE79F
:10A02000FFF718F9A06BC8B1401EA063206810B9F3
:10A03000FAF7D2FCA060206950B104F1100000F0E2
:10A0400047FA28B1C8F80070BFF34F8FBFF36F8F86
:10A05000FFF720F9012005B0BDE8F083049808B1AE
:10A060001EB106E0FFF716F95EE06846FFF796FAC4
:10A070000126FFF70FF9FFF779FBFFF7EBF894F9EB
:10A080004400401C01D184F8449094F94500401CE0
:10A0900001D184F84590FFF7FDF804A9684600F067
:10A0A00047F80028204612D0FAF7FAFB00F07EFAB3
:10A0B0002046FAF7B3FA0028B2D075B3FFF7CAF812
:10A0C000606A58B3206B0068C0F1050128E0FAF718
:10A0D000A5FAE0B1206838B9FFF7BCF8A06800F035
:10A0E0009FF90546FFF7D6F804F124000499FFF71D
:10A0F00063FA2046FAF7D4FB00F058FA00288FD113
:10A10000C8F80070BFF34F8FBFF36F8F88E720460A
:10A11000FAF7C6FB00F04AFA82E705E0FFE7002104
:10A12000A068FFF789FA9DE7002094E704ED00E0BE
:10A130002DE9F0410C46050014D0DCB1FFF78AF898
:10A14000194EF2686B682068D11A471C1AD02F6824
:10A15000D6F820C00026674516D0934214D80125B2
:10A1600026601BE0502080F31188BFF34F8FBFF3B0
:10A170006F8FFEE7502080F31188BFF34F8FBFF33E
:10A180006F8FFEE7002509E0884205D9401A20605C
:10A190002846FFF703FAF5E701252660FFF77AF86E
:10A1A0002846BDE8F0810000E00000202DE9FF5FB7
:10A1B0008346DDE90E87994616468A469000FAF7EF
:10A1C000A5FB05001DD05C20FAF7A0FB040015D00C
:10A1D0005C21D6F706FC25630021CDE90241CDE9DB
:10A1E00000874B46324651465846FAF781F92046D9
:10A1F000FAF738F8012004B0BDE8F09F2846FFF7D1
:10A200005DF84FF0FF30F6E70548416919B1406B42
:10A2100018B10020704701207047022070470000ED
:10A22000E00000200148C06870470000E000002006
:10A230002DE9F0414A4C0026606B28B1A069401C12
:10A24000A0613046BDE8F081E5686D1CE56013D182
:10A25000A06B006838B1502080F31188BFF34F8F96
:10A26000BFF36F8FFEE7A06BE16BA163E063206A31
:10A27000401C2062FAF7BCFAA16A3A488D420FD31B
:10A280004FF0000EA16B096839B1A16BC968C968AC
:10A290004A68954212D2A26202E04FF0FF31A162F9
:10A2A0002168C96A01EB810150F82100012800D919
:10A2B0000126E0690028C4D00126C2E7D1E9027274
:10A2C0004B69BA60D1E902277A605F680A1D97423C
:10A2D00001D1CF685F60C1F814E01F687F1E1F6066
:10A2E000D1F828C0BCF1000F15D0D1E907379F6025
:10A2F000D1E907377B60DCF8047001F118039F4255
:10A3000002D10B6ACCF80430C1F828E0DCF8003048
:10A310005B1ECCF80030CB6A0127D4F810C09F40F8
:10A3200047EA0C07276103EB830300EB83035B68B9
:10A330008B609F68CF609F687A609A60CA6A02EB00
:10A34000820200EB82034B6150F822305B1C40F824
:10A350002230C96A2268D26A914293D9012691E7D4
:10A36000E000002018A5002070B504004FF00001A7
:10A370004FD0294D2868844207D0502080F311889F
:10A38000BFF34F8FBFF36F8FFEE7206D38B1401ED4
:10A390002065E36CE26A9A423BD040B139E050203C
:10A3A00080F31188BFF34F8FBFF36F8FFEE7201D3F
:10A3B000FEF7FBFD012130B994F82C002A6901FA5F
:10A3C00000F082432A61E06CE062C0F10500A06108
:10A3D000E06A2A69814011432961104900EB80003D
:10A3E00001EB80004068A0608268E2608368221D03
:10A3F0005A608260E06A00EB800001EB80006061DF
:10A40000E06A00EB800051F82020521C41F8202027
:10A410000121084670BD0000E000002018A50020C2
:10A4200070B504004FF0000047D0274DE16A2A685C
:10A43000D26A914242D2A069002804DB2868C06A2F
:10A44000C0F10500A061214E01EB8101606906EBBE
:10A45000810188422DD1201DFEF7A7FD012130B9D1
:10A4600094F82C002A6901FA00F082432A612868D6
:10A47000C06AE0622A6981401143296100EB8000D3
:10A4800006EB80004068A0608168E1608268211D61
:10A4900051608160E06A00EB800006EB8000606143
:10A4A000E06A00EB800056F82010491C46F82010A6
:10A4B00002E02868C06AE062012070BDE16C2A6891
:10A4C000D26A9142F8D370BDE000002018A50020A8
:10A4D00070B5C068C06850B3D0E90732816A9A602D
:10A4E000D0E907235A604A6800F118039A4201D163
:10A4F000026A4A60002585620A68521E0A6029497C
:10A500004A6B0124DAB1284D6A68C2619668066216
:10A5100096687360936085622A68521C2A60C06ADC
:10A520000A68D26A90423AD90120CC6170BD5020AD
:10A5300080F31188BFF34F8FBFF36F8FFEE7D0E931
:10A5400002634269B360D0E9023673605668031D46
:10A550009E4201D1C6685660456115686D1E156042
:10A56000C26A0E6904FA02F535430D610E4D02EB25
:10A5700082028C3D05EB8202526882609668C6605A
:10A58000966873609360C26A02EB820205EB8203F5
:10A59000436155F822305B1C45F82230BFE70020AC
:10A5A00070BD0000E0000020A4A500202DE9F041CE
:10A5B000464D00242746686B38B1FEF74BFE686BAA
:10A5C000401E6863686B40B17AE0502080F31188C8
:10A5D000BFF34F8FBFF36F8FFEE7A8683C4B002699
:10A5E0004FF00108F0BB6BE0D868C468D4E90721DC
:10A5F000A06A9160D4E907125160426804F1180121
:10A600008A4201D1216A4160A6620168491E016047
:10A61000D4E9022160699160D4E902125160426874
:10A62000211D8A4201D1E268426066610268521EC1
:10A630000260E26AD5F810C008FA02F040EA0C00A5
:10A64000286102EB8200224A8C3A02EB80004068CB
:10A65000A060D0F808C0C4F80CC0D0F808C0CCF88E
:10A66000041000E012E08160E06A00EB800002EB81
:10A670008001616152F82010491C42F82010E06A04
:10A680002968C96A884201D3C5F81C801868002867
:10A69000AAD10CB1FAF7ACF8AC693CB1FFF7C8FD30
:10A6A00008B1C5F81C80641EF8D1AE61E86938B104
:10A6B0000849012738070860BFF34F8FBFF36F8F3A
:10A6C000FEF7E8FD3846BDE8F0810000E00000201C
:10A6D000A4A5002004ED00E02DE9F04707469946C7
:10A6E00016460D462C20DDF820A0FAF70FF90400DD
:10A6F00018D0B84600204F4684F82800D146A5B1AE
:10A70000F9F728FE04F11801C4F8008081E8A002DE
:10A71000201DFEF784FD2EB194F8280040F00401BE
:10A7200084F828102046BDE8F087502080F3118877
:10A73000BFF34F8FBFF36F8FFEE700001CB5F9F733
:10A7400009FE0C48006860B10A490220091DCDE9E4
:10A750000001C201002308A10948FFF727FD0028D6
:10A7600007D1502080F31188BFF34F8FBFF36F8F55
:10A77000FEE71CBD20010020546D7220537663005B
:10A780007D480208FEB51E4613460200089D4FF0A4
:10A79000000014D0124C2768002F0FD0CDE9001311
:10A7A0000292062915DAFFF72FFD02284FF0000369
:10A7B0000DD0002269462068FFF7EEF9FEBD50205B
:10A7C00080F31188BFF34F8FBFF36F8FFEE72A46E8
:10A7D000F0E70023324669463846FFF78DFAFEBDA2
:10A7E0002001002010B500290AD00878002807D0E1
:10A7F00005487844D6F71CF9002801D0002010BD88
:10A800000248784410BD000076F701006EF70100A1
:10A8100010B500290AD00878002807D005487844E8
:10A82000D6F706F9002801D0002010BD0248784470
:10A8300010BD000066F701005EF7010021F0004244
:10A84000A2F16052B2F5801F01F0004328BFD2F19F
:10A850007F6C0BD95FEA001C43EAC20242EB5070E6
:10A8600018BF704728BF20F001007047B2F5801F65
:10A87000BCBF184670474FEA410C1CF5001F02D2BE
:10A88000084600F043BA70B500F040F900000089B6
:10A89000FFF7F6BF4FF00040A0F5800070470000C2
:10A8A00002494FF0000000F03DBA00BF0000F87F01
:10A8B000491058BFC1F140415B1058BFC3F140433C
:10A8C0008B42EFF30080704751EA030C17D41CF55C
:10A8D000801F58BFBCF5801F00F10680994218BF49
:10A8E000704708BF9042704707D711F5801F58BFC7
:10A8F00013F5801F19D499427047894270471CF59F
:10A90000801F08D5BCF5801FF7D58B4218BF704754
:10A9100008BF824270474FF4001C1CEB410F38BF48
:10A920001CEB430F01D28B42704770B500F0EEF87C
:10A93000922449004FF000514FF08053FFF7B8BF09
:10A9400051EA030C17D41CF5801F58BFBCF5801FBB
:10A9500000F10680994218BF704708BF90427047C7
:10A9600007D711F5801F58BF13F5801F19D49942DE
:10A970007047894270471CF5801F08D5BCF5801FC1
:10A98000F7D58B4218BF704708BF824270474FF41B
:10A99000001C1CEB410F38BF1CEB430F01D28B4254
:10A9A000704770B500F0B2F8922449004FF00051A2
:10A9B0004FF08053FFF77CBFDFF848C170B51CEA49
:10A9C000111E1EBF1CEA13159EEA0C0F95EA0C0F10
:10A9D00000F06F8081EA030423EA4C134EEAD47E30
:10A9E00021EA4C1141F4801143F48013AE44A1FBE1
:10A9F000024CA0FB0365AEF17F7E361955EB0C05CA
:10AA0000A1FB034C4CF10003A0FB021C16EB0C064F
:10AA1000654153F10003094218BF46F0010613F4E3
:10AA2000007F0BD14FEA03314FEA0530340341EA8E
:10AA3000155140EA16506FF003020AE04FEAC321B5
:10AA40004FEAC520F40241EA555140EA56506FF0F2
:10AA5000020202EB2E4201EB025585EACE710AD0CA
:10AA60005FEA440C18BF24F0004450F1000041F1AB
:10AA7000000120EAD47040F2FE7C624500D270BD35
:10AA8000A84214BF4FF080444FF04044002E08BF4E
:10AA90000024BEF1806FA8BFA1F1C041BDE87040A5
:10AAA00080F282804FF0000001F1C04101F00041CE
:10AAB00070479EEA0C0F0CEA131518BF95EA0C0FAD
:10AAC00006D04FF0000081EA030E0EF0004170BD89
:10AAD00000F01CF88900013E00F007B800F009B84A
:10AAE0004FEA430C5FEA5C5C08D081EA030100F0A6
:10AAF0005BB84FEA410C5FEA5C5CF6D14FF00000B6
:10AB0000014970470000FF070000F87F0EF1020EB8
:10AB10002EF0030E5EF8046B364205D4012A43EB97
:10AB2000030515F5001F12D8012841EB010C1CF597
:10AB3000001F0CD80ED14FEAD17C15F5001F0CEB8D
:10AB40004C0C0CF1020C08BF4CEBD37C04E04FF032
:10AB5000080C01E04FEAD37C0CEB4C0526FA05F615
:10AB600006F00706B6F1040C06D20EEB860CBDE823
:10AB700070404CF0010C6047DFE80CF0090B02025A
:10AB80004FF000414FF00000A1F5002170BD1946C3
:10AB90001046012851EB010418BFD4F5001484BFFE
:10ABA000002001F0004170BD0808A0F500114FEA37
:10ABB0003101704753EA010C17D41CF5801F58BFB0
:10ABC000BCF5801F00F106808B4218BF704708BF9C
:10ABD0008242704707D713F5801F58BF11F5801FB9
:10ABE00019D48B4270479B4270471CF5801F08D5D3
:10ABF000BCF5801FF7D5994218BF704708BF904237
:10AC000070474FF4001C1CEB430F38BF1CEB410F87
:10AC100001D2994270470FB40CBC03BCFFF7C1BE10
:10AC200043004FEAD30C4FEA3C0C43401FBF4007A0
:10AC30000CF1605113F0FE4F70471CF0006F03D110
:10AC400000200CF0004170470CF0004343EA5070C4
:10AC500010B540EACC0000F00EF800BF00000092F2
:10AC60004FEA0001FFF7A0BF4FF000414FF0000096
:10AC7000A1F5002170470EF1020E2EF0030E5EF8D2
:10AC8000044B244204D44FEA4102B2F17F4F11D861
:10AC90004FEA4003B3F17F4F0CD80ED14FEAD07C7E
:10ACA000B2F17F4F0CEB4C0C0CF1020C08BF4CEBDB
:10ACB000D17C04E04FF0080C01E04FEAD17C0CEBB2
:10ACC0004C0324FA03F404F00704B4F1040C06D294
:10ACD0000EEB840CBDE810404CF0010C6047DFE83F
:10ACE0000CF0070802024FF00040A0F5800010BDF4
:10ACF0000846420018BFD2F1807288BF00F00040C1
:10AD000010BD4FF04070E1EE100A7047FF2141EA9C
:10AD1000D050C00570474FF000007047D6F72EB8EE
:10AD2000D6F718BB0CF00F03092B08BF082000F062
:10AD30005F800A2B0BD0082B18BF704708BF1CF090
:10AD4000400F0AD04FF000004FF0000170471CF098
:10AD5000400F18BF4FF0004070471CF0100F08D094
:10AD600020F0704300F07F4242EAD3014FEA437083
:10AD7000704700F0604021F07F4242EA000201F09B
:10AD80007F4040EA727070474FF0FF0C4CF4E06C6B
:10AD90001CEA11531CBF9CEA030C9445C2BFDA4263
:10ADA00001EB02517047002B0DD0BCF1000F0FD00A
:10ADB000002A01F00041A4BF41F0E04141F07F6171
:10ADC0004FF00000704701F000414FF00000704765
:10ADD00050EA01334FF09B0C18BF4CF0806C7FF4AD
:10ADE0005FAD7047D6F7F8BED7F752B8D7F7E0B9DE
:10ADF0001CF4801F11D01CF4E02F03D06FEACC317B
:10AE0000490070474FF04050EFF3008222F070424B
:10AE100042EA000282F3008870474FF0000070475A
:10AE2000081C3044586C80940000000000000000B2
:10AE300001020304060708090000000001020304E0
:10AE4000000000000404040438380000080000007A
:10AE50000800000000020406080A0C0E101400008E
:10AE600001000000020000000400000006000000D5
:10AE7000080000000A0000000C00000010000000A4
:10AE800020000000400000008000000000010000E1
:10AE9000081C3044586C8094081C3044586C8094D2
:10AEA000081C3044586C8094081C3044586C8094C2
:10AEB0000000000099D801088DD9010800000000A9
:10AEC000C9DC0108820082004A020000000001E0A3
:10AED00001E0000000FF0055AAFF00112233445595
:10AEE00066778899AABBCCDDEEFF0001020304055A
:10AEF000060708090A0B0C0D0E0F1011121314157A
:10AF0000161718191A1B1C1D1E1F20212223242569
:10AF1000262728292A2B2C2D2E2F30313233343559
:10AF2000363738393A3B3C3D3E3F40414243444549
:10AF3000464748494A4B4C4D4E4F50515253545539
:10AF4000565758595A5B5C5D5E5F60616263646529
:10AF5000666768696A6B6C6D6E6F70717273747519
:10AF6000767778797A7B7C7D7E7F80818283848509
:10AF7000868788898A8B8C8D8E8F909192939495F9
:10AF8000969798999A9B9C9D9E9FA0A1A2A3A4A5E9
:10AF9000A6A7A8A9AAABACADAEAFB0B1B2B3B4B5D9
:10AFA000B6B7B8B9BABBBCBDBEBFC0C1C2C3C4C5C9
:10AFB000C6C7C8C9CACBCCCDCECFD0D1D2D3D4D5B9
:10AFC000D6D7D8D9DADBDCDDDEDFE0E1E2E3E4E5A9
:10AFD000E6E7E8E9EAEBECEDEEEFF0F1F2F3F4F599
:10AFE000F6F7F8F9FAFBFCFDFEFF80808081818294
:10AFF000828384858687898A8C8D8F919395979992
:10B000009B9EA0A2A5A7AAADAFB2B500FF1FFF1FD0
:10B0100001E001E02100200069006A006C006B0083
:10B020006D006E006300620000000000B0AE020818
:10B0300061630108B9630108000000001D64010894
:10B0400064200401C00800006908D00000006908FD
:10B05000E000000001E400000000A900AD010000D4
:10B0600000DF86BFFF200003FC8C88B200000CE2EA
:10B070000DB9F300008FD028B894400789E2F9BDDC
:10B08000FFF60008E7F98888810008E98DFFC7000E
:10B090000009F0015F1000000AF0004F2000000AD4
:10B0A000E003CF20000004B000CC0000000000004E
:10B0B0001000000000630000000000009F5000002E
:10B0C00000000009F2000000000001FD0000000087
:10B0D0000006FF90000000001EECF500000000CF0D
:10B0E00044FF30000009F900CFF300008FB0003FAB
:10B0F000FF5009C6000005FFF70000000000010036
:10B1000000000007D40000025104F90005EFD60446
:10B11000F60000300005FAB3136AF8BEFCFD4FEEEE
:10B12000845CF0EA00BB820DB1F703F8DE4F64F5F2
:10B130000EFC5CAE08F2094002F63EE000000C6036
:10B14000CFA0000052003E200000000000000000E0
:10B1500005D600000002108F13000007F9AFFFC0F2
:10B160000006FEB89FE00007F979DF900008FFFEB7
:10B17000CA70000AF3001540000DFFDFFFF4000F56
:10B18000DFE97DF5004F6FA00CF200BD1FFEFFF15F
:10B1900003F40FE86FF01A3005800A5000001E70AB
:10B1A0000000000000AF300000002003F326700014
:10B1B0000DDBDFFEEFC006FA64464751005A7DFF03
:10B1C000FC000000026AF3000000008E9FCD4000EA
:10B1D000000CD8F863000001FFDF10000000AC5E37
:10B1E000FD8520006C101AFFFFF404000003AEC3BD
:10B1F000000000000000000000006EA00000000041
:10B2000002FF00000000001FD00000001501FC003C
:10B21000000001FB0FEAD300000FA0FFDC7000006C
:10B22000EA0FB00000000EA0FA00000000EA1FA123
:10B2300024202ABFFEFFFFFD00BEB9887778A0005A
:10B2400000000000000000BD215493000005F61F1F
:10B25000CFA000000A10F5E600003AA03F1EE6006D
:10B26000BFFF4B818A500018F25CFFF10000AD284F
:10B27000F3BC00000CEA09EF500000FF301FF200A1
:10B28000007F800BDEE20000500AD24FE40000197C
:10B2900070008FC2000D200C50000001F901FC006D
:10B2A00000005F707FD700001AFF6DC3F5001FFC20
:10B2B00067F6BCF7007DB9D8B63DC40DBFF61412D1
:10B2C000C100ACFACEFCCF40002FCCDFABF306EFD1
:10B2D000F7AAFBAF302B5F6BAF75F30002F6DAF520
:10B2E0005F30000D397D19C0000000000000000033
:10B2F0000000000000005004030601000900000DDA
:10B300000E0EFFFD6B00000D0E0BFFFFB800000DD1
:10B310000C0C00FE0001000D0C0E00FE5401000D8F
:10B320000D0D00FEA901000D0D0D00FEFE01000D2A
:10B330000D0C00FE4C02000D0D0D00FE0000225011
:10B340002B516E52F553605B286B848B598F000034
:10B350003A0000005A8F01003CB3020800000000D0
:10B360000900030048B00208ECB2020850B302081A
:10B37000000000000000010860030020C9A10108CE
:10B38000EDA001080F00030000FF010064B30208F4
:10B390000000000000000000000A5B8EA1A28F5E8A
:10B3A0000B000CD7FFFFFFFFFFFFDC0F61FFFFFF6C
:10B3B000FFFFFFFFFF6893FFFFFFFFFFFFFFFF9906
:10B3C000A4FFFFFFFFFFFFFFFFABA2FFFFFFFFFF99
:10B3D000FFFFFFA88DFFFFFFFFFFFFFFFF9055FF5F
:10B3E000FFFFFFFFFFFFFF5602B3FFFFFFFFFFFF5F
:10B3F000B80500003869797A673400000000000061
:10B400000000000000000000000A355B6B79786ADC
:10B410005A32080000000000000000000000000098
:10B42000000000000000000000001E78CAFDFFFFC1
:10B43000FFFFFFFFFFFFFCC6741A000000000000C2
:10B440000000000000000000000000001B9AFAFF4E
:10B45000FFFFFFFFFFFFFFFFFFFFFFFFFFF8941756
:10B460000000000000000000000000000000004A92
:10B47000ECFFFFFFFFFFFFFFFFFFFFFFFFFFFFFFEF
:10B48000FFFFFFE842000000000000000000000095
:10B4900000005CFEFFFFFFFFFFFFFFFFFFFFFFFF5E
:10B4A000FFFFFFFFFFFFFFFFFD5300000000000054
:10B4B000000000000044FAFFFFFFFFFFFFFFFFFF57
:10B4C000FFFFFFFFFFFFFFFFFFFFFFFFFFF73D0055
:10B4D00000000000000000000FE6FFFFFFFFFFFF7D
:10B4E000FFE082451C0B0D1E4989E7FFFFFFFFFFB0
:10B4F000FFFFE10B000000000000000096FFFFFFCF
:10B50000FFFFFFF873030000000000000000067E4C
:10B51000FCFFFFFFFFFFFF8C000000000000002188
:10B52000FDFFFFFFFFFFF9490000000000000000E1
:10B530000000000054FCFFFFFFFFFFFA1A000000AC
:10B540000000008FFFFFFFFFFFFF7D0000000000F5
:10B5500000000000000000000087FFFFFFFFFFFF6A
:10B560008600000000000BF1FFFFFFFFFFE1050078
:10B570000000000000000000000000000007E5FFE0
:10B58000FFFFFFFFED080000000058FFFFFFFFFF77
:10B59000FF7200000000000000000000000000003A
:10B5A000000077FFFFFFFFFFFF4F00000000A5FF37
:10B5B000FFFFFFFFFE180000000000000000000079
:10B5C0000000000000001AFEFFFFFFFFFF9D0000CB
:10B5D0000000E8FFFFFFFFFFC700000000000000C1
:10B5E0000000000000000000000000C8FFFFFFFF97
:10B5F000FFE000000021FFFFFFFFFFFF89000000C8
:10B6000000000000000000000000000000000089B1
:10B61000FFFFFFFFFFFF19000053FFFFFFFFFFFFCA
:10B6200056000000000000000000000000000000C4
:10B6300000000054FFFFFFFFFFFF4C00007DFFFFF5
:10B64000FFFFFFFF280000000000000000000000D6
:10B650000000000000000024FFFFFFFFFFFF760056
:10B6600000A1FFFFFFFFFFFF0A0000000000000035
:10B67000000000000000000000000006FDFFFFFFCA
:10B68000FFFF9C0000C0FFFFFFFFFFEA000000007B
:10B6900000000000000000000000000000000000AA
:10B6A000E3FFFFFFFFFFB90000DAFFFFFFFFFFD25C
:10B6B000000000000000000000000000000000008A
:10B6C00000000000C9FFFFFFFFFFD40000EEFFFFF6
:10B6D000FFFFFFC2000000000000000000000000AB
:10B6E0000000000000000000B9FFFFFFFFFFE800BE
:10B6F00001FEFFFFFFFFFFB100000000000000009F
:10B70000000000000000000000000000A9FFFFFF93
:10B71000FFFFFA000CFFFFFFFFFFFFA40000000087
:10B720000000000000000000000000000000000019
:10B730009AFFFFFFFFFFFF0616FFFFFFFFFFFF9FC0
:10B7400000000000000000000000000000000000F9
:10B750000000000095FFFFFFFFFFFF111BFFFFFF31
:10B76000FFFFFF9A00000000000000000000000042
:10B77000000000000000000090FFFFFFFFFFFF1629
:10B780001EFFFFFFFFFFFF9600000000000000000B
:10B790000000000000000000000000008BFFFFFF21
:10B7A000FFFFFF1A1FFFFFFFFFFFFF9500000000D4
:10B7B0000000000000000000000000000000000089
:10B7C0008BFFFFFFFFFFFF191BFFFFFFFFFFFF9A2C
:10B7D0000000000000000000000000000000000069
:10B7E0000000000090FFFFFFFFFFFF1616FFFFFFA6
:10B7F000FFFFFF9F000000000000000000000000AD
:10B80000000000000000000095FFFFFFFFFFFF1198
:10B810000CFFFFFFFFFFFFA400000000000000007E
:10B820000000000000000000000000009AFFFFFF81
:10B83000FFFFFF0601FEFFFFFFFFFFB20000000059
:10B8400000000000000000000000000000000000F8
:10B85000A9FFFFFFFFFFFB0000EFFFFFFFFFFFC29D
:10B8600000000000000000000000000000000000D8
:10B8700000000000B9FFFFFFFFFFE90000DBFFFF52
:10B88000FFFFFFD2000000000000000000000000E9
:10B890000000000000000000C9FFFFFFFFFFD5000F
:10B8A00000C1FFFFFFFFFFEA0000000000000000F2
:10B8B000000000000000000000000000E3FFFFFFA8
:10B8C000FFFFBA0000A3FFFFFFFFFFFF090000001A
:10B8D0000000000000000000000000000000000563
:10B8E000FDFFFFFFFFFF9D00007FFFFFFFFFFFFF4A
:10B8F0002800000000000000000000000000000020
:10B9000000000024FFFFFFFFFFFF78000056FFFF4D
:10B91000FFFFFFFF550000000000000000000000D6
:10B920000000000000000053FFFFFFFFFFFF4F007B
:10B930000024FFFFFFFFFFFF880000000000000061
:10B94000000000000000000000000088FFFFFFFF73
:10B95000FFFF1C000000EBFFFFFFFFFFC400000023
:10B96000000000000000000000000000000000C512
:10B97000FFFFFFFFFFE500000000AAFFFFFFFFFF42
:10B98000FD150000000000000000000000000000A5
:10B99000000018FDFFFFFFFFFFA2000000005EFF98
:10B9A000FFFFFFFFFF6D000000000000000000002F
:10B9B00000000000000072FFFFFFFFFFFF540000C7
:10B9C00000000EF5FFFFFFFFFFDD03000000000099
:10B9D00000000000000000000005E2FFFFFFFFFF85
:10B9E000F10A000000000096FFFFFFFFFFFF740058
:10B9F000000000000000000000000000007EFFFFCB
:10BA0000FFFFFFFF8D00000000000027FEFFFFFF8B
:10BA1000FFFFF63E000000000000000000000000F4
:10BA200048FAFFFFFFFFFFFC2000000000000000BD
:10BA30009FFFFFFFFFFFFFF4620000000000000017
:10BA40000000026EF8FFFFFFFFFFFF9600000000FE
:10BA50000000000014ECFFFFFFFFFFFFFFD2713377
:10BA60000B00000D3879DAFFFFFFFFFFFFFFE60F45
:10BA70000000000000000000004DFCFFFFFFFFFF82
:10BA8000FFFFFFFFFFFAFBFFFFFFFFFFFFFFFFFFCF
:10BA9000FFFA46000000000000000000000067FF01
:10BAA000FFFFFFFFFFFFFFFFFFFFFFFFFFFFFFFFA6
:10BAB000FFFFFFFFFE5D000000000000000000002F
:10BAC00000000054F0FFFFFFFFFFFFFFFFFFFFFF3D
:10BAD000FFFFFFFFFFFFFFEC4C0000000000000035
:10BAE000000000000000000020A2FCFFFFFFFFFF9D
:10BAF000FFFFFFFFFFFFFFFFFFFA9D1B000000009D
:10BB00000000000000000000000000000000227C97
:10BB1000CDFEFFFFFFFFFFFFFFFFFDC9791E000005
:10BB20000000000000000000000000000000000015
:10BB300000000000000C375D6D7A796C5B340A0000
:10BB400000000000000000000000000000000000F5
:10BB50000000000000000C3E73A7DBFFFFFFFF802A
:10BB6000000000000008386DA1D5FDFFFFFFFFFFBA
:10BB7000FFFFFF800532679BCFFBFFFFFFFFFFFF4B
:10BB8000FFFFFFFFFFFFFF809FFFFFFFFFFFFFFFA4
:10BB9000FFFFFFFFFFFFFFFFFFFFFF80A0FFFFFF93
:10BBA000FFFFFFFFFFFFFFFFFFFFFFFFFFFFFF8024
:10BBB000A0FFFFFFFFFFFFFFFFFFFFFFFAFFFFFFF9
:10BBC000FFFFFF80A0FFFFFFFFFFFFEEBF8E5E2D98
:10BBD00018FFFFFFFFFFFF80A0FFE1B180501F00B3
:10BBE0000000000014FFFFFFFFFFFF802312000092
:10BBF000000000000000000014FFFFFFFFFFFF80B7
:10BC000000000000000000000000000014FFFFFF23
:10BC1000FFFFFF80000000000000000000000000A7
:10BC200014FFFFFFFFFFFF80000000000000000086
:10BC30000000000014FFFFFFFFFFFF800000000076
:10BC4000000000000000000014FFFFFFFFFFFF8066
:10BC500000000000000000000000000014FFFFFFD3
:10BC6000FFFFFF8000000000000000000000000057
:10BC700014FFFFFFFFFFFF80000000000000000036
:10BC80000000000014FFFFFFFFFFFF800000000026
:10BC9000000000000000000014FFFFFFFFFFFF8016
:10BCA00000000000000000000000000014FFFFFF83
:10BCB000FFFFFF8000000000000000000000000007
:10BCC00014FFFFFFFFFFFF800000000000000000E6
:10BCD0000000000014FFFFFFFFFFFF8000000000D6
:10BCE000000000000000000014FFFFFFFFFFFF80C6
:10BCF00000000000000000000000000014FFFFFF33
:10BD0000FFFFFF80000000000000000000000000B6
:10BD100014FFFFFFFFFFFF80000000000000000095
:10BD20000000000014FFFFFFFFFFFF800000000085
:10BD3000000000000000000014FFFFFFFFFFFF8075
:10BD400000000000000000000000000014FFFFFFE2
:10BD5000FFFFFF8000000000000000000000000066
:10BD600014FFFFFFFFFFFF80000000000000000045
:10BD70000000000014FFFFFFFFFFFF800000000035
:10BD8000000000000000000014FFFFFFFFFFFF8025
:10BD900000000000000000000000000014FFFFFF92
:10BDA000FFFFFF8000000000000000000000000016
:10BDB00014FFFFFFFFFFFF800000000000000000F5
:10BDC0000000000014FFFFFFFFFFFF8000000000E5
:10BDD000000000000000000014FFFFFFFFFFFF80D5
:10BDE00000000000000000000000000014FFFFFF42
:10BDF000FFFFFF80000000000000000000000000C6
:10BE000014FFFFFFFFFFFF800000000000000000A4
:10BE10000000000014FFFFFFFFFFFF800000000094
:10BE2000000000000000000014FFFFFFFFFFFF8084
:10BE300000000000000000000000000014FFFFFFF1
:10BE4000FFFFFF8000000000000000000000000075
:10BE500014FFFFFFFFFFFF80000000000000000054
:10BE60000000000014FFFFFFFFFFFF800000000044
:10BE7000000000000000000014FFFFFFFFFFFF8034
:10BE800000000000000000000000000014FFFFFFA1
:10BE9000FFFFFF8000000000000000000000000025
:10BEA00014FFFFFFFFFFFF80000000000000000004
:10BEB0000000000014FFFFFFFFFFFF8000000000F4
:10BEC000000000000000000014FFFFFFFFFFFF80E4
:10BED00000000000000000000000000014FFFFFF51
:10BEE000FFFFFF80000000000000000000000000D5
:10BEF00014FFFFFFFFFFFF800000000000000000B4
:10BF00000000000014FFFFFFFFFFFF8000000000A3
:10BF1000000000000000000014FFFFFFFFFFFF8093
:10BF200000000000000000000000000014FFFFFF00
:10BF3000FFFFFF800000000000000005233E50636B
:10BF40006F757B7A6B5C4D270100000000000000DC
:10BF50000000000000000000001F81B3E0FDFFFFB3
:10BF6000FFFFFFFFFFFFFFFFFFFFF2C0791A000096
:10BF7000000000000000000000000054FFFFFFFF71
:10BF8000FFFFFFFFFFFFFFFFFFFFFFFFFFFFFFFCC4
:10BF9000B22C000000000000000000000054FFFF71
:10BFA000FFFFFFFFFFFFFFFFFFFFFFFFFFFFFFFFA1
:10BFB000FFFFFFFA820700000000000000000054AD
:10BFC000FFFFFFFFFFFFFFFFFFFFFFFFFFFFFFFF81
:10BFD000FFFFFFFFFFFFFFC10E0000000000000099
:10BFE0000054FFFFFFFFFFFFFFFFFFFBF7FFFFFF17
:10BFF000FFFFFFFFFFFFFFFFFFFFB903000000008F
:10C0000000000054FED6A37C5539220D0200000327
:10C01000143C6EBDFCFFFFFFFFFFFFFFFF7300003E
:10C020000000000000100F000000000000000000F1
:10C030000000000000001E9CFCFFFFFFFFFFFFF25E
:10C0400010000000000000000000000000000000E0
:10C050000000000000000000000049F2FFFFFFFFA9
:10C06000FFFF73000000000000000000000000005F
:10C070000000000000000000000000000049FFFF79
:10C08000FFFFFFFFC90000000000000000000000EB
:10C0900000000000000000000000000000000000A0
:10C0A000ABFFFFFFFFFFFD0C0000000000000000E1
:10C0B0000000000000000000000000000000000080
:10C0C00000004DFFFFFFFFFFFF3B000000000000EE
:10C0D0000000000000000000000000000000000060
:10C0E0000000000008FCFFFFFFFFFF5B00000000F6
:10C0F0000000000000000000000000000000000040
:10C1000000000000000000E8FFFFFFFFFF6F0000DD
:10C11000000000000000000000000000000000001F
:10C12000000000000000000000D2FFFFFFFFFF78CA
:10C1300000000000000000000000000000000000FF
:10C140000000000000000000000000D8FFFFFFFF1B
:10C15000FF7100000000000000000000000000006F
:10C1600000000000000000000000000000E9FFFFE8
:10C17000FFFFFF630000000000000000000000005F
:10C18000000000000000000000000000000013FF9D
:10C19000FFFFFFFFFF47000000000000000000005D
:10C1A000000000000000000000000000000000008F
:10C1B00046FFFFFFFFFFFF1D000000000000000022
:10C1C000000000000000000000000000000000006F
:10C1D000000093FFFFFFFFFFE700000000000000EA
:10C1E000000000000000000000000000000000004F
:10C1F00000000005E6FFFFFFFFFF9E0000000000BB
:10C20000000000000000000000000000000000002E
:10C2100000000000005EFFFFFFFFFFFF4A0000007C
:10C22000000000000000000000000000000000000E
:10C2300000000000000007D9FFFFFFFFFFDD020044
:10C2400000000000000000000000000000000000EE
:10C2500000000000000000007FFFFFFFFFFFFF68FD
:10C2600000000000000000000000000000000000CE
:10C2700000000000000000000036F9FFFFFFFFFF94
:10C28000D5030000000000000000000000000000D6
:10C290000000000000000000000013E1FFFFFFFFAE
:10C2A000FFFD3F0000000000000000000000000053
:10C2B000000000000000000000000007BFFFFFFFBB
:10C2C000FFFFFF8C000000000000000000000000E5
:10C2D00000000000000000000000000001A9FFFFB6
:10C2E000FFFFFFFFC8070000000000000000000083
:10C2F000000000000000000000000000000095FFAA
:10C30000FFFFFFFFFFE51900000000000000000034
:10C31000000000000000000000000000000000938A
:10C32000FFFFFFFFFFFFF2330000000000000000EE
:10C3300000000000000000000000000000000000FD
:10C3400093FFFFFFFFFFFFF7400000000000000029
:10C3500000000000000000000000000000000000DD
:10C36000029CFFFFFFFFFFFFF84B000000000000F2
:10C3700000000000000000000000000000000000BD
:10C380000007ACFFFFFFFFFFFFF6460000000000C4
:10C39000000000000000000000000000000000009D
:10C3A000000010C1FFFFFFFFFFFFF23E0000000092
:10C3B000000000000000000000000000000000007D
:10C3C00000000020D6FFFFFFFFFFFFE73200000064
:10C3D000000000000000000000000000000000005D
:10C3E0000000000038E8FFFFFFFFFFFFD72000003C
:10C3F000000000000000000000000000000000003D
:10C40000000000000058F7FFFFFFFFFFFFC212000F
:10C41000000000000000000000000000000000001C
:10C4200000000000000184FFFFFFFFFFFFFF9D06EB
:10C4300000000000000000000000000000000000FC
:10C440000000000000000DB0FFFFFFFFFFFFFD73C5
:10C4500000000000000000000000000000000000DC
:10C460000000000000000024D5FFFFFFFFFFFFF0E9
:10C470004A00000000000000000000000000000072
:10C4800000000000000000004AEFFFFFFFFFFFFF79
:10C49000D4240000000000000000000000000000A4
:10C4A0000000000000000000017EFDFFFFFFFFFF15
:10C4B000FFAA0B00000000000000000000000000C8
:10C4C00000000000000000000010B3FFFFFFFFFFAE
:10C4D000FFFC7500000000000000000000000000EC
:10C4E0000000000000000000000030DDFFFFFFFF43
:10C4F000FFFFE63E0000000000000000000000001A
:10C50000000000000000000000000000D6FFFFFF58
:10C51000FFFFFFC116000000000000000000000047
:10C520000000000000000000000000000000D8FF34
:10C53000FFFFFFFFFFB688888888888888888888FA
:10C5400088888888888888888888888888888846AD
:10C55000D8FFFFFFFFFFFFFFFFFFFFFFFFFFFFFF12
:10C56000FFFFFFFFFFFFFFFFFFFFFFFFFFFFFFFFDB
:10C57000FF84D8FFFFFFFFFFFFFFFFFFFFFFFFFF6D
:10C58000FFFFFFFFFFFFFFFFFFFFFFFFFFFFFFFFBB
:10C59000FFFFFF84D8FFFFFFFFFFFFFFFFFFFFFF4D
:10C5A000FFFFFFFFFFFFFFFFFFFFFFFFFFFFFFFF9B
:10C5B000FFFFFFFFFF84D8FFFFFFFFFFFFFFFFFF2D
:10C5C000FFFFFFFFFFFFFFFFFFFFFFFFFFFFFFFF7B
:10C5D000FFFFFFFFFFFFFF84D8FFFFFFFFFFFFFF0D
:10C5E000FFFFFFFFFFFFFFFFFFFFFFFFFFFFFFFF5B
:10C5F000FFFFFFFFFFFFFFFFFF84000000000000C0
:10C60000011A35506770797D766B583D190000002E
:10C6100000000000000000000000000E5696CAF462
:10C62000FFFFFFFFFFFFFFFFFFFFFFFFE9B0671402
:10C63000000000000000000000007CFFFFFFFFFF83
:10C64000FFFFFFFFFFFFFFFFFFFFFFFFFFFFF9A15E
:10C650002300000000000000007CFFFFFFFFFFFF41
:10C66000FFFFFFFFFFFFFFFFFFFFFFFFFFFFFFF7E2
:10C6700072000000000000007CFFFFFFFFFFFFFFD3
:10C68000FFFFFFFFFFFFFFFFFFFFFFFFFFFFFFFFBA
:10C69000990000000000007CFFFFFFFFFFFFFFF894
:10C6A000EEE3E8F3FDFFFFFFFFFFFFFFFFFFFFFFEC
:10C6B0007900000000007CFACB9A71492B10000031
:10C6C00000000005285198E6FFFFFFFFFFFFFFFA7B
:10C6D0002600000000160900000000000000000015
:10C6E000000000000000066EF3FFFFFFFFFFFFA148
:10C6F000000000000000000000000000000000003A
:10C700000000000000000034EFFFFFFFFFFFF50B0B
:10C710000000000000000000000000000000000019
:10C720000000000000000064FFFFFFFFFFFF450066
:10C7300000000000000000000000000000000000F9
:10C7400000000000000001E7FFFFFFFFFF7700008F
:10C7500000000000000000000000000000000000D9
:10C760000000000000009EFFFFFFFFFF960000009A
:10C7700000000000000000000000000000000000B9
:10C7800000000000007CFFFFFFFFFFA4000000008E
:10C790000000000000000000000000000000000099
:10C7A000000000006AFFFFFFFFFFA500000000007F
:10C7B0000000000000000000000000000000000079
:10C7C00000000081FFFFFFFFFF9400000000000059
:10C7D0000000000000000000000000000000000059
:10C7E0000000A9FFFFFFFFFF77000000000000002E
:10C7F0000000000000000000000000000000000039
:10C8000011F7FFFFFFFFFF3F0000000000000000E6
:10C810000000000000000000000000000000009484
:10C82000FFFFFFFFFFEB070000000000000000001B
:10C830000000000000000000000000000063FFFF97
:10C84000FFFFFFFF83000000000000000000000069
:10C8500000000000000000000000078CFFFFFFFF49
:10C86000FFFFDB0B000000000000000000000000E4
:10C8700000000000000000116CE4FFFFFFFFFFFF5D
:10C88000EB2E00000000000000000000000000048B
:10C890000F1B305880BFFBFFFFFFFFFFFFFFD729B3
:10C8A00000000000000000000000D4FFFFFFFFFFB9
:10C8B000FFFFFFFFFFFFFFFFFFFFFFF587080000FF
:10C8C000000000000000000000D4FFFFFFFFFFFF9A
:10C8D000FFFFFFFFFFFFFFFFD57C150000000000FA
:10C8E0000000000000000000D4FFFFFFFFFFFFFF7B
:10C8F000FFFFFFFFFFFFD8420A000000000000001A
:10C9000000000000000000D4FFFFFFFFFFFFFFFF5B
:10C91000FFFFFFFFFFFFFFFAB64E0300000000001D
:10C92000000000000000D4FFFFFFFFFFFFFFFFFF3C
:10C93000FFFFFFFFFFFFFFFFFFD0340000000000FC
:10C9400000000000000304040407121C2846698E3E
:10C95000CDFEFFFFFFFFFFFFFFFD640000000000B2
:10C9600000000000000000000000000000000000C7
:10C97000156DE1FFFFFFFFFFFFFE610000000000FB
:10C9800000000000000000000000000000000000A7
:10C9900000057FFEFFFFFFFFFFF423000000000003
:10C9A0000000000000000000000000000000000087
:10C9B00000005CFFFFFFFFFFFFAC00000000000075
:10C9C0000000000000000000000000000000000067
:10C9D0000000A0FFFFFFFFFFFB1B000000000000A6
:10C9E0000000000000000000000000000000000047
:10C9F0000016FCFFFFFFFFFF6D00000000000000BD
:10CA00000000000000000000000000000000000026
:10CA100000C0FFFFFFFFFFA50000000000000000B6
:10CA20000000000000000000000000000000000006
:10CA30007DFFFFFFFFFFD3000000000000000000AB
:10CA40000000000000000000000000000000006482
:10CA5000FFFFFFFFFFE500000000000000000000F6
:10CA600000000000000000000000000000004FFF78
:10CA7000FFFFFFFFF60000000000000000000000C4
:10CA8000000000000000000000000000005CFFFF4C
:10CA9000FFFFFFF3000000000000000000000000A6
:10CAA00000000000000000000000000074FFFFFF15
:10CAB000FFFFE50000000000000000000000000093
:10CAC0000000000000000000000000B1FFFFFFFFB9
:10CAD000FFC5000000000000000000000000000092
:10CAE0000000000000000000000EF7FFFFFFFFFF46
:10CAF000980000000000000000000000000000009E
:10CB0000000000000000000092FFFFFFFFFFFF5841
:10CB10000000000000000000000000000000000015
:10CB20000000000000004FFDFFFFFFFFFFF40C00BE
:10CB300000000000000000000000000000000000F5
:10CB40000000000169FCFFFFFFFFFFFF93001800DA
:10CB500000000000000000000000000000000000D5
:10CB60000348CBFFFFFFFFFFFFFFF01800E4E8B32F
:10CB70008A66442E1907000000010C1B406A9FECD6
:10CB8000FFFFFFFFFFFFFFFFFF5A0000E4FFFFFF73
:10CB9000FFFFFFFFFFFFF9F6FEFFFFFFFFFFFFFFB5
:10CBA000FFFFFFFFFFFFFF7F000000E4FFFFFFFF2D
:10CBB000FFFFFFFFFFFFFFFFFFFFFFFFFFFFFFFF85
:10CBC000FFFFFFFFFC7100000000E4FFFFFFFFFF1D
:10CBD000FFFFFFFFFFFFFFFFFFFFFFFFFFFFFFFF65
:10CBE000FFFFD0360000000000E4FFFFFFFFFFFF63
:10CBF000FFFFFFFFFFFFFFFFFFFFFFFFFFFFFFC57F
:10CC0000570100000000000091CAF2FFFFFFFFFF84
:10CC1000FFFFFFFFFFFFFFFFFFFFE7B070230000F4
:10CC200000000000000000000000112D4555657156
:10CC3000777B7E7A7365513511000000000000009B
:10CC400000000000000000000000000000000000E4
:10CC50000000000000000000000000009EFFFFFF39
:10CC6000FFFFFFFFA0000000000000000000000028
:10CC700000000000000000000000000000000000B4
:10CC800057FFFFFFFFFFFFFFFFA0000000000000B5
:10CC90000000000000000000000000000000000094
:10CCA0000000000020F0FFFFFFFFFFFFFFFFA000DC
:10CCB0000000000000000000000000000000000074
:10CCC000000000000000000004C7FFFFFFFFFFFF9F
:10CCD000FFFFFFA0000000000000000000000000B7
:10CCE0000000000000000000000000000086FFFFC0
:10CCF000FFFFFFFFFFFFFFFFA0000000000000009C
:10CD00000000000000000000000000000000000023
:10CD10000042FDFFFFFFFFFFFFFFFFFFFFA000003E
:10CD20000000000000000000000000000000000003
:10CD3000000000000014E5FFFFFFFFF5CAFFFFFF42
:10CD4000FFFFA00000000000000000000000000045
:10CD500000000000000000000000B3FFFFFFFFFF25
:10CD60006780FFFFFFFFFFA0000000000000000041
:10CD700000000000000000000000000000006FFF45
:10CD8000FFFFFFFFB00080FFFFFFFFFFA0000000DC
:10CD90000000000000000000000000000000000093
:10CDA000000030F8FFFFFFFFE6140080FFFFFFFFE9
:10CDB000FFA00000000000000000000000000000D4
:10CDC0000000000000000BD8FFFFFFFFFE45000041
:10CDD00080FFFFFFFFFFA000000000000000000038
:10CDE00000000000000000000000009EFFFFFFFFA9
:10CDF000FF8E00000080FFFFFFFFFFA0000000008B
:10CE000000000000000000000000000000000057CB
:10CE1000FFFFFFFFFFD00700000080FFFFFFFFFFC5
:10CE2000A000000000000000000000000000000062
:10CE300000000021F0FFFFFFFFF62A000000008045
:10CE4000FFFFFFFFFFA00000000000000000000047
:10CE50000000000000000004C7FFFFFFFFFF6B00A1
:10CE60000000000080FFFFFFFFFFA00000000000A7
:10CE700000000000000000000000000087FFFFFF2E
:10CE8000FFFFB400000000000080FFFFFFFFFFA0D5
:10CE90000000000000000000000000000000000092
:10CEA00042FDFFFFFFFFE81600000000000080FFCA
:10CEB000FFFFFFFFA00000000000000000000000D6
:10CEC0000000000015E6FFFFFFFFFF490000000023
:10CED00000000080FFFFFFFFFFA000000000000037
:10CEE000000000000000000000B4FFFFFFFFFF9102
:10CEF000000000000000000080FFFFFFFFFFA00017
:10CF00000000000000000000000000000070FFFFB3
:10CF1000FFFFFFD308000000000000000080FFFFBB
:10CF2000FFFFFFA000000000000000000000000064
:10CF30000030F8FFFFFFFFF82D00000000000000A8
:10CF4000000080FFFFFFFFFFA000000000000000C6
:10CF500000000000000BD8FFFFFFFFFF6E00000085
:10CF60000000000000000080FFFFFFFFFFA00000A6
:10CF7000000000000000000000009FFFFFFFFFFF17
:10CF8000B7010000000000000000000080FFFFFF6C
:10CF9000FFFFA0000000000000000000000058FF9C
:10CFA000FFFFFFFFEA170000000000000000000084
:10CFB0000080FFFFFFFFFFA0000000000000000056
:10CFC000000021F1FFFFFFFFFF4C00000000000008
:10CFD00000000000000080FFFFFFFFFFA000000036
:10CFE00000000000000004C8FFFFFFFFFF950000E5
:10CFF000000000000000000000000080FFFFFFFFB5
:10D00000FFA000000000000000000087FFFFFFFFFE
:10D01000FFD5090000000000000000000000000033
:10D0200080FFFFFFFFFFA0000000000000000043A2
:10D03000FDFFFFFFFFF92F000000000000000000CF
:10D04000000000000080FFFFFFFFFFA000000000C5
:10D0500000000015E6FFFFFFFFFF72000000000068
:10D060000000000000000000000080FFFFFFFFFF45
:10D07000A000000000000000B4FFFFFFFFFFBA01A6
:10D080000000000000000000000000000000008020
:10D09000FFFFFFFFFFA000000000000058FFFFFFA0
:10D0A000FFFFEB190000000000000000000000007E
:10D0B0000000000080FFFFFFFFFFA0000000000055
:10D0C0000070FFFFFFFFFF853838383838383838B0
:10D0D0003838383838383838389CFFFFFFFFFFA021
:10D0E00000000000000070FFFFFFFFFFFFFFFFFFD9
:10D0F000FFFFFFFFFFFFFFFFFFFFFFFFFFFFFFFF40
:10D10000FFFFFFFFFFFFFFFFFFFF9C70FFFFFFFF21
:10D11000FFFFFFFFFFFFFFFFFFFFFFFFFFFFFFFF1F
:10D12000FFFFFFFFFFFFFFFFFFFFFFFFFFFFFF9C72
:10D1300070FFFFFFFFFFFFFFFFFFFFFFFFFFFFFF8E
:10D14000FFFFFFFFFFFFFFFFFFFFFFFFFFFFFFFFEF
:10D15000FFFFFFFF9C70FFFFFFFFFFFFFFFFFFFFD1
:10D16000FFFFFFFFFFFFFFFFFFFFFFFFFFFFFFFFCF
:10D17000FFFFFFFFFFFFFFFFFF9C70FFFFFFFFFFB1
:10D18000FFFFFFFFFFFFFFFFFFFFFFFFFFFFFFFFAF
:10D19000FFFFFFFFFFFFFFFFFFFFFFFFFFFF9C39C8
:10D1A000848484848484848484848484848484843F
:10D1B00084848484848484C2FFFFFFFFFFD184843D
:10D1C0008484845000000000000000000000000083
:10D1D00000000000000000000000000080FFFFFFD2
:10D1E000FFFFA000000000000000000000000000A1
:10D1F000000000000000000000000000000000002F
:10D200000080FFFFFFFFFFA0000000000000000003
:10D21000000000000000000000000000000000000E
:10D2200000000000000080FFFFFFFFFFA0000000E3
:10D2300000000000000000000000000000000000EE
:10D24000000000000000000000000080FFFFFFFF62
:10D25000FFA000000000000000000000000000002F
:10D2600000000000000000000000000000000000BE
:10D2700080FFFFFFFFFFA000000000000000000093
:10D28000000000000000000000000000000000009E
:10D29000000000000080FFFFFFFFFFA00000000073
:10D2A000000000000000000000000000000000007E
:10D2B0000000000000000000000080FFFFFFFFFFF3
:10D2C000A0000000000000000000000000000000BE
:10D2D00000000000000000000000000000000080CE
:10D2E000FFFFFFFFFFA000000000000000000000A3
:10D2F000000000000000000000000000000000002E
:10D300000000000080FFFFFFFFFFA0000000000002
:10D31000000000000000000000000000000000000D
:10D3200000000000000000000080FFFFFFFFFFA0E2
:10D3300000000000000000000000000000000000ED
:10D34000000000000000000000000000000080FF5E
:10D35000FFFFFFFFA0000000000000000000000031
:10D3600000000000000000000000000000000000BD
:10D3700000000080FFFFFFFFFFA000000000000092
:10D3800000000037FFFFFFFFFFFFFFFFFFFFFFFF72
:10D39000FFFFFFFFFFFFFFFFFFFFFF800000000018
:10D3A00000005BFFFFFFFFFFFFFFFFFFFFFFFFFF2F
:10D3B000FFFFFFFFFFFFFFFFFFFF800000000000F7
:10D3C0000080FFFFFFFFFFFFFFFFFFFFFFFFFFFFEB
:10D3D000FFFFFFFFFFFFFFFFFF80000000000000D6
:10D3E000A4FFFFFFFFFFFFFFFFFFFFFFFFFFFFFFA8
:10D3F000FFFFFFFFFFFFFFFF80000000000000C9EC
:10D40000FFFFFFFFFFFFFFFFFFFFFFFFFFFFFFFF2C
:10D41000FFFFFFFFFFFFFF80000000000000EDFFA7
:10D42000FFFFFFEDACACACACACACACACACACACAC02
:10D43000ACACACACACAC56000000000011FFFFFF80
:10D44000FFFFAD0000000000000000000000000031
:10D45000000000000000000000000036FFFFFFFF9A
:10D46000FF8200000000000000000000000000003B
:10D47000000000000000000000005BFFFFFFFFFF56
:10D480005800000000000000000000000000000044
:10D490000000000000000000007FFFFFFFFFFF2EE4
:10D4A000000000000000000000000000000000007C
:10D4B0000000000000000000A4FFFFFFFFFC0700C9
:10D4C000000000000000000000000000000000005C
:10D4D00000000000000000C8FFFFFFFFDA000000AE
:10D4E000000000000000000000000000000000003C
:10D4F000000000000000EDFFFFFFFFB00000000093
:10D50000000000000000000000000000000000001B
:10D510000000000011FFFFFFFFFF86000000000079
:10D5200000000000000000000000000000000000FB
:10D5300000000036FFFFFFFFFF5C0000000000005E
:10D5400000000000000000000000000000000000DB
:10D5500000005AFFFFFFFFFF320000000000000044
:10D5600000000000000000000000000000000000BB
:10D57000007FFFFFFFFFFE0A000000000000000028
:10D58000000000000000000000000000000000009B
:10D59000A3FFFFFFFFDE000000000000000000000E
:10D5A000000000000000000000000000000000C8B3
:10D5B000FFFFFFFFE097B5D0DCE5EDE9E2D1BB9AD4
:10D5C000733E090000000000000000000000ECFFB6
:10D5D000FFFFFFFFFFFFFFFFFFFFFFFFFFFFFFFF5B
:10D5E000FFF8B358050000000000000010FFFFFF27
:10D5F000FFFFFFFFFFFFFFFFFFFFFFFFFFFFFFFF3B
:10D60000FFFFFFE56502000000000035FFFFFFFFA0
:10D61000FFFFFFFFFFFFFFFFFFFFFFFFFFFFFFFF1A
:10D62000FFFFFFFFC21D000000005AFFFFFFFFFFCA
:10D63000FFFFFFFFFFFFFFFFFFFFFFFFFFFFFFFFFA
:10D64000FFFFFFFFE4280000007EEDC39977543907
:10D65000220F0602081326426595D5FFFFFFFFFF44
:10D66000FFFFFFFFE01500000900000000000000C0
:10D6700000000000000000000000248AF4FFFFFF0B
:10D68000FFFFFFFFAD0000000000000000000000F1
:10D6900000000000000000000000001CC2FFFFFFAF
:10D6A000FFFFFFFF4100000000000000000000003D
:10D6B00000000000000000000000000AC1FFFFFFA2
:10D6C000FFFFFFB7000000000000000000000000A6
:10D6D000000000000000000000000011EDFFFFFF4F
:10D6E000FFFFFC150000000000000000000000002B
:10D6F000000000000000000000000071FFFFFFFFBD
:10D70000FFFF5B00000000000000000000000000C0
:10D71000000000000000000000000EFBFFFFFFFF04
:10D72000FF92000000000000000000000000000068
:10D7300000000000000000000000C4FFFFFFFFFF2A
:10D74000B900000000000000000000000000000020
:10D750000000000000000000008BFFFFFFFFFFD76C
:10D7600000000000000000000000000000000000B9
:10D77000000000000000000076FFFFFFFFFFE50053
:10D780000000000000000000000000000000000099
:10D790000000000000000061FFFFFFFFFFED000040
:10D7A0000000000000000000000000000000000079
:10D7B00000000000000063FFFFFFFFFFE500000026
:10D7C0000000000000000000000000000000000059
:10D7D000000000000079FFFFFFFFFFD900000000FC
:10D7E0000000000000000000000000000000000039
:10D7F000000000008FFFFFFFFFFFBE0000000000E1
:10D800000000000000000000000000000000000018
:10D81000000000CBFFFFFFFFFF9C000000000000A6
:10D8200000000000000000000000000000000000F8
:10D830000017FEFFFFFFFFFF670000000000000071
:10D8400000000000000000000000000000000000D8
:10D8500080FFFFFFFFFFFF28000000000000000026
:10D86000000000000000000000000000000021F7A0
:10D87000FFFFFFFFFFD300000000000000000000DA
:10D8800000000000000000000000000019D3FFFFAE
:10D89000FFFFFFFF6D00000000000000000000001F
:10D8A0000000000000000000000039DDFFFFFFFF66
:10D8B000FFFFE50800150000000000000000000068
:10D8C0000000000000000138ABFFFFFFFFFFFFFF7B
:10D8D000FF4F0000B8EAAF7F57321D0A0000000179
:10D8E0000B183A6696E2FFFFFFFFFFFFFFFFFF8F77
:10D8F000000000B8FFFFFFFFFFFFFFFFFAF5FDFF8D
:10D90000FFFFFFFFFFFFFFFFFFFFFFFFFF9E020084
:10D910000000B8FFFFFFFFFFFFFFFFFFFFFFFFFF5C
:10D92000FFFFFFFFFFFFFFFFFFFFFA79000000008E
:10D9300000B8FFFFFFFFFFFFFFFFFFFFFFFFFFFF3D
:10D94000FFFFFFFFFFFFFFFFC432000000000000E9
:10D95000B8FFFFFFFFFFFFFFFFFFFFFFFFFFFFFF1E
:10D96000FFFFFFFFFDB64800000000000000007050
:10D97000BCE1FDFFFFFFFFFFFFFFFFFFFFFFFFFF1A
:10D98000E2A8651700000000000000000000000091
:10D9900000072946525D68737D7B746650350E0022
:10D9A0000000000000000000000000000000000077
:10D9B0000000000000000000000000000000000067
:10D9C00000000F2F4E636D7726000000000000005E
:10D9D0000000000000000000000000000000000047
:10D9E0002C73ACE5FFFFFFFFFFFF4C0000000000C1
:10D9F0000000000000000000000000000000001611
:10DA00007ED6FFFFFFFFFFFFFFFFFFFF4900000083
:10DA100000000000000000000000000000000019ED
:10DA200093F6FFFFFFFFFFFFFFFFFFFFFFFF460033
:10DA300000000000000000000000000000000001E5
:10DA400067F0FFFFFFFFFFFFFFFFFFFFFFFFFFFF8D
:10DA50004300000000000000000000000000000083
:10DA600010B9FFFFFFFFFFFFFFFFFFFFFFFFFFFFFB
:10DA7000FFFF410000000000000000000000000067
:10DA80000022D7FFFFFFFFFFFFFFFFFFFFD49369D7
:10DA90004425190D010000000000000000000000F6
:10DAA00000001CE1FFFFFFFFFFFFFFFFD26D17002B
:10DAB0000000000000000000000000000000000066
:10DAC00000000012D6FFFFFFFFFFFFFFCC42000067
:10DAD0000000000000000000000000000000000046
:10DAE0000000000000B0FFFFFFFFFFFFF362010036
:10DAF0000000000000000000000000000000000026
:10DB00000000000000006AFFFFFFFFFFFFD22500BA
:10DB10000000000000000000000000000000000005
:10DB2000000000000000001AF4FFFFFFFFFFCA1111
:10DB300000000000000000000000000000000000E5
:10DB4000000000000000000000A1FFFFFFFFFFD960
:10DB50000F000000000000000000000000000000B6
:10DB6000000000000000000000002DFEFFFFFFFF8E
:10DB7000F42A000000000000000000000000000087
:10DB8000000000000000000000000000A1FFFFFFF7
:10DB9000FFFF760000000000000000000000000011
:10DBA0000000000000000000000000000019F9FF64
:10DBB000FFFFFFDC06000000000000000000000086
:10DBC00000000000000000000000000000000075E0
:10DBD000FFFFFFFFFF6A00000000000000000000E0
:10DBE0000000000000000000000000000000000035
:10DBF00000CCFFFFFFFFF30C00000000000000005E
:10DC0000020300000000000000000000000000000F
:10DC1000000021FFFFFFFFFFAE000000001867A714
:10DC2000D3F3FFFFF9E2C18E4D09000000000000B0
:10DC30000000000066FFFFFFFFFF66000038B0FC39
:10DC4000FFFFFFFFFFFFFFFFFFFFFFF1911A000043
:10DC5000000000000000A6FFFFFFFFFF3317A9FF31
:10DC6000FFFFFFFFFFFFFFFFFFFFFFFFFFFFFFF4CF
:10DC70007101000000000000E3FFFFFFFFFF45E926
:10DC8000FFFFFFFFFFFFFFFFFFFFFFFFFFFFFFFFA4
:10DC9000FFFFFFAD080000000010FFFFFFFFFFFEC9
:10DCA000F8FFFFFFFFFFFFFFFFFFFFFFFFFFFFFF8B
:10DCB000FFFFFFFFFFFFB6040000003BFFFFFFFF79
:10DCC000FFFFFFFFFFFFFFCE864D25150511275DE6
:10DCD000A7FBFFFFFFFFFFFFFF8B00000064FFFFBC
:10DCE000FFFFFFFFFFFFFFC53E0000000000000038
:10DCF00000000024B6FFFFFFFFFFFFFD360000829B
:10DD0000FFFFFFFFFFFFFFFF8B040000000000008C
:10DD10000000000000000293FFFFFFFFFFFFBC00B8
:10DD2000009AFFFFFFFFFFFFFF99000000000000C7
:10DD300000000000000000000000B5FFFFFFFFFF33
:10DD4000FF2A00B2FFFFFFFFFFFFD9050000000020
:10DD500000000000000000000000000015F2FFFFBE
:10DD6000FFFFFF8500C1FFFFFFFFFFFF5A0000001C
:10DD70000000000000000000000000000000009310
:10DD8000FFFFFFFFFFCD00C9FFFFFFFFFFF506000C
:10DD90000000000000000000000000000000000083
:10DDA000002EFFFFFFFFFFFB08D0FFFFFFFFFFB6C6
:10DDB0000000000000000000000000000000000063
:10DDC00000000001F0FFFFFFFFFF30D6FFFFFFFF65
:10DDD000FF8F0000000000000000000000000000B5
:10DDE000000000000000BDFFFFFFFFFF4DD2FFFF5E
:10DDF000FFFFFF7B000000000000000000000000AB
:10DE00000000000000000000A5FFFFFFFFFF64CB43
:10DE1000FFFFFFFFFF750000000000000000000092
:10DE20000000000000000000000094FFFFFFFFFF63
:10DE30006DBCFFFFFFFFFF8300000000000000003B
:10DE40000000000000000000000000008DFFFFFF48
:10DE5000FFFF70A6FFFFFFFFFF9000000000000023
:10DE600000000000000000000000000000009DFF16
:10DE7000FFFFFFFF688AFFFFFFFFFFAB000000000E
:10DE80000000000000000000000000000000000092
:10DE9000ACFFFFFFFFFF5863FFFFFFFFFFDB00004A
:10DEA0000000000000000000000000000000000072
:10DEB0000000D0FFFFFFFFFF3C37FFFFFFFFFFFE2B
:10DEC0000E00000000000000000000000000000044
:10DED00000000009FBFFFFFFFFFF1405F6FFFFFF37
:10DEE000FFFF5C00000000000000000000000000D8
:10DEF000000000000046FFFFFFFFFFE10000B9FF48
:10DF0000FFFFFFFFBA00000000000000000000005B
:10DF100000000000000000ADFFFFFFFFFF9E0000BB
:10DF200066FFFFFFFFFFFE3C000000000000000056
:10DF3000000000000000000029FBFFFFFFFFFF4E74
:10DF4000000010F4FFFFFFFFFFD5080000000000F5
:10DF500000000000000000000005CEFFFFFFFFFFF3
:10DF6000E60400000093FFFFFFFFFFFFBA09000077
:10DF7000000000000000000000000AAFFFFFFFFFEC
:10DF8000FFFF720000000017F1FFFFFFFFFFFFCC53
:10DF900038000000000000000000003CCDFFFFFF43
:10DFA000FFFFFFDD09000000000066FFFFFFFFFF2D
:10DFB000FFFFFFB86B2A100002123172BFFFFFFF94
:10DFC000FFFFFFFFFD4200000000000000A2FFFF76
:10DFD000FFFFFFFFFFFFFFFFFFFBFDFFFFFFFFFF57
:10DFE000FFFFFFFFFFFF78000000000000000004BB
:10DFF000ADFFFFFFFFFFFFFFFFFFFFFFFFFFFFFF83
:10E00000FFFFFFFFFFFFFF8800000000000000008F
:10E0100000000284FCFFFFFFFFFFFFFFFFFFFFFF89
:10E02000FFFFFFFFFFFFFFF765000000000000009B
:10E0300000000000000033BEFFFFFFFFFFFFFFFFF7
:10E04000FFFFFFFFFFFFFFFDAD220000000000000B
:10E0500000000000000000000000328EDAFFFFFF29
:10E06000FFFFFFFFFFFFFED284250000000000003D
:10E07000000000000000000000000000000000148C
:10E080004060737C7B715C3C0E000000000000006F
:10E09000000000000010FFFFFFFFFFFFFFFFFFFF7A
:10E0A000FFFFFFFFFFFFFFFFFFFFFFFFFFFFFFFF80
:10E0B000FFFFFFFFFFFFFF6010FFFFFFFFFFFFFFFE
:10E0C000FFFFFFFFFFFFFFFFFFFFFFFFFFFFFFFF60
:10E0D000FFFFFFFFFFFFFFFFFFFF6010FFFFFFFFDE
:10E0E000FFFFFFFFFFFFFFFFFFFFFFFFFFFFFFFF40
:10E0F000FFFFFFFFFFFFFFFFFFFFFFFFFF6010FFBE
:10E10000FFFFFFFFFFFFFFFFFFFFFFFFFFFFFFFF1F
:10E11000FFFFFFFFFFFFFFFFFFFFFFFFFFFFFFFF0F
:10E120006010FFFFFFFFFFFFFFFFFFFFFFFFFFFF8D
:10E13000FFFFFFFFFFFFFFFFFFFFFFFFFFFFFFFFEF
:10E14000FFFFFF600AACACACACACACACACACACAC04
:10E15000ACACACACACACACACACACACACACACACACFF
:10E16000C7FFFFFFFFFF600000000000000000008D
:10E17000000000000000000000000000000000009F
:10E18000000000A9FFFFFFFFFF49000000000000A2
:10E19000000000000000000000000000000000007F
:10E1A000000000000029FDFFFFFFFFD60100000076
:10E1B000000000000000000000000000000000005F
:10E1C0000000000000000000A6FFFFFFFFFF5E0050
:10E1D000000000000000000000000000000000003F
:10E1E0000000000000000000000027FDFFFFFFFF0F
:10E1F000DF0400000000000000000000000000003C
:10E2000000000000000000000000000000A3FFFF6D
:10E21000FFFFFF6A00000000000000000000000097
:10E2200000000000000000000000000000000024CA
:10E23000FCFFFFFFFFE708000000000000000000F7
:10E2400000000000000000000000000000000000CE
:10E250000000A0FFFFFFFFFF7600000000000000AD
:10E2600000000000000000000000000000000000AE
:10E270000000000022FBFFFFFFFFEE0D000000008A
:10E28000000000000000000000000000000000008E
:10E29000000000000000009CFFFFFFFFFF81000066
:10E2A000000000000000000000000000000000006E
:10E2B0000000000000000000001FFAFFFFFFFFF455
:10E2C000130000000000000000000000000000003B
:10E2D00000000000000000000000000099FFFFFFA8
:10E2E000FFFF8D00000000000000000000000000A3
:10E2F00000000000000000000000000000001DF908
:10E30000FFFFFFFFF81A00000000000000000000FF
:10E3100000000000000000000000000000000000FD
:10E320000096FFFFFFFFFF990000000000000000C3
:10E3300000000000000000000000000000000000DD
:10E340000000001BF8FFFFFFFFFC2300000000009F
:10E3500000000000000000000000000000000000BD
:10E3600000000000000093FFFFFFFFFFA50000007A
:10E37000000000000000000000000000000000009D
:10E38000000000000000000019F7FFFFFFFFFE2C57
:10E39000000000000000000000000000000000007D
:10E3A000000000000000000000000090FFFFFFFFE1
:10E3B000FFB10000000000000000000000000000AD
:10E3C0000000000000000000000000000017F6FF41
:10E3D000FFFFFFFF3700000000000000000000000A
:10E3E000000000000000000000000000000000002D
:10E3F0008DFFFFFFFFFFBD000000000000000000D8
:10E40000000000000000000000000000000000000C
:10E41000000015F5FFFFFFFFFF43000000000000B4
:10E4200000000000000000000000000000000000EC
:10E43000000000000089FFFFFFFFFFC80000000090
:10E4400000000000000000000000000000000000CC
:10E450000000000000000013F3FFFFFFFFFF4E006D
:10E4600000000000000000000000000000000000AC
:10E470000000000000000000000086FFFFFFFFFF1B
:10E48000D3010000000000000000000000000000B8
:10E4900000000000000000000000000012F2FFFF7A
:10E4A000FFFFFF5A00000000000000000000000015
:10E4B00000000000000000000000000000000083D9
:10E4C000FFFFFFFFFFDC0300000000000000000072
:10E4D000000000000000000000000000000000003C
:10E4E0000010F0FFFFFFFFFF6600000000000000CB
:10E4F000000000000000000000000000000000001C
:10E500000000000080FFFFFFFFFFE50700000000A4
:10E5100000000000000000000000000000000000FB
:10E520000000000000000FEFFFFFFFFFFF72000080
:10E5300000000000000000000000000000000000DB
:10E540000000000000000000007DFFFFFFFFFFEC67
:10E550000B000000000000000000000000000000B0
:10E5600000000000000000000000000DEDFFFFFFB4
:10E57000FFFF7E000000000000000000000000001F
:10E5800000000000000000000000000000007AFF12
:10E59000FFFFFFFFF211000000000000000000007C
:10E5A000000000000000000000000000000000006B
:10E5B0000BEBFFFFFFFFFF8A0000000000000000E0
:10E5C000000000000000000000000000000000004B
:10E5D00000000076FFFFFFFFFFF7180000000000BB
:10E5E000000000000000000000000000000000002B
:10E5F00000000000000AEAFFFFFFFFFF9500000097
:10E60000000000000000000000000000000000000A
:10E61000000000000000000073FFFFFFFFFFFB2071
:10E6200000000000000000000000000000000000EA
:10E630000000000000000000000009E8FFFFFFFFED
:10E64000FFA100000000000000000000000000002A
:10E650000000000000000000000000000070FFFF4C
:10E66000FFFFFFFE29000000000000000000000086
:10E670000000000000000000000000000000000892
:10E68000E6FFFFFFFFFFAD000000000000000000FC
:10E69000000000000000000000000000000000007A
:10E6A00000006DFFFFFFFFFFFF33000000000000D0
:10E6B000000000000000000000000000000000005A
:10E6C0000000000007E3FFFFFFFFFFB900000000AC
:10E6D000000000000000000000000000000000003A
:10E6E000000000000000006AFFFFFFFFFFFF3F0087
:10E6F000000000000000000000000000000000001A
:10E7000000000000000000000006E1FFFFFFFFFF27
:10E71000C500000000000000000000000000000034
:10E7200000000000000000000000000067FFFFFF85
:10E73000FFFFFF4B00000000000000000000000091
:10E74000000000000000000000000000000005DFE5
:10E75000FFFFFFFFFFD000000000000000000000EE
:10E7600000000000000000000000000000000000A9
:10E770000000000000000000214B5B6978776859B9
:10E78000481C000000000000000000000000000025
:10E7900000000000000000000E6ABAEDFFFFFFFF5E
:10E7A000FFFFFFFFFFFFE8B35F090000000000006C
:10E7B000000000000000000000001198F4FFFFFFBF
:10E7C000FFFFFFFFFFFFFFFFFFFFFFFFFFEF8909D5
:10E7D0000000000000000000000000000047E5FF0E
:10E7E000FFFFFFFFFFFFFFFFFFFFFFFFFFFFFFFF39
:10E7F000FFFFFFD93600000000000000000000000D
:10E8000054FDFFFFFFFFFFFFFFFFFFFFFFFFFFFFC5
:10E81000FFFFFFFFFFFFFFFFF73E000000000000CB
:10E820000000003FF8FFFFFFFFFFFFFFFFFFE6D103
:10E83000C2C4D3EDFFFFFFFFFFFFFFFFFFF02C007F
:10E8400000000000000005DCFFFFFFFFFFFFFCAC45
:10E850004F140000000000002165CBFFFFFFFFFF09
:10E86000FFFFC6000000000000006FFFFFFFFFFF7A
:10E87000FFD4320000000000000000000000005F34
:10E88000F1FFFFFFFFFFFF55000000000000DBFF6E
:10E89000FFFFFFFFD915000000000000000000008E
:10E8A000000000003CF6FFFFFFFFFFC0000000007B
:10E8B0000024FFFFFFFFFFFF3E00000000000000FC
:10E8C00000000000000000000074FFFFFFFFFFFBDE
:10E8D0000F0000000068FFFFFFFFFFC700000000FF
:10E8E0000000000000000000000000000007ECFF36
:10E8F000FFFFFFFF4E0000000085FFFFFFFFFF7FCF
:10E900000000000000000000000000000000000007
:10E910000000A5FFFFFFFFFF6B000000009AFFFF54
:10E92000FFFFFF5600000000000000000000000094
:10E9300000000000000075FFFFFFFFFF81000000E6
:10E9400000A7FFFFFFFFFF420000000000000000E3
:10E950000000000000000000000060FFFFFFFFFF5C
:10E960008F000000009BFFFFFFFFFF48000000003A
:10E97000000000000000000000000000000066FF32
:10E98000FFFFFFFF830000000084FFFFFFFFFF5D2C
:10E990000000000000000000000000000000000077
:10E9A00000007DFFFFFFFFFF6E0000000055FFFF2E
:10E9B000FFFFFF93000000000000000000000000C7
:10E9C000000000000000B7FFFFFFFFFF4000000055
:10E9D0000017FCFFFFFFFFDE030000000000000047
:10E9E00000000000000000000015F6FFFFFFFFF729
:10E9F0000C0000000000B5FFFFFFFFFF5B00000000
:10EA0000000000000000000000000000008FFFFF79
:10EA1000FFFFFFAA00000000000032FDFFFFFFFF24
:10EA2000ED200000000000000000000000000000D9
:10EA30004EFEFFFFFFFFFD2F0000000000000082E0
:10EA4000FFFFFFFFFFE33C000000000000000000AC
:10EA50000000016DF9FFFFFFFFFF8B0000000000C9
:10EA6000000000019BFFFFFFFFFFFEBA5A220000DB
:10EA7000000000032F70D8FFFFFFFFFFFFAC030073
:10EA800000000000000000000078FAFFFFFFFFFF19
:10EA9000FFFFF2E0D2D3E2F7FFFFFFFFFFFFFFFD32
:10EAA00088020000000000000000000000002FBFEE
:10EAB000FFFFFFFFFFFFFFFFFFFFFFFFFFFFFFFF66
:10EAC000FFFFBE3500000000000000000000000055
:10EAD00000000006A4FFFFFFFFFFFFFFFFFFFFFF97
:10EAE000FFFFFFFFFF8E0400000000000000000099
:10EAF00000000000000A7FE9FFFFFFFFFFFFFFFFAC
:10EB0000FFFFFFFFFFFFFFFFFFFFE9820E00000096
:10EB100000000000000000004AE2FFFFFFFFFFFFCF
:10EB2000FFFFFFFFFFFFFFFFFFFFFFFFFFFFFFFFF5
:10EB3000EB5400000000000000000074FDFFFFFF28
:10EB4000FFFFFFD084512616070817295689DAFFE0
:10EB5000FFFFFFFFFFFF88000000000000006AFFCA
:10EB6000FFFFFFFFFFC538000000000000000000AD
:10EB700000000042D2FFFFFFFFFFFF860000000001
:10EB80000037FCFFFFFFFFFF8A03000000000000CA
:10EB90000000000000000000069AFFFFFFFFFFFFDB
:10EBA0004500000001CAFFFFFFFFFFA100000000B9
:10EBB0000000000000000000000000000002B0FFA4
:10EBC000FFFFFFFFDC02000046FFFFFFFFFFF0102A
:10EBD0000000000000000000000000000000000035
:10EBE000000018F6FFFFFFFFFF490000A4FFFFFF32
:10EBF000FFFF88000000000000000000000000008F
:10EC00000000000000000094FFFFFFFFFFA40000D1
:10EC1000E8FFFFFFFFFF3D000000000000000000D4
:10EC2000000000000000000000000049FFFFFFFF9F
:10EC3000FFDB001CFFFFFFFFFFF9060000000000E4
:10EC40000000000000000000000000000000000CB8
:10EC5000FDFFFFFFFFFE0D3DFFFFFFFFFFE4000094
:10EC600000000000000000000000000000000000A4
:10EC700000000000EEFFFFFFFFFF234CFFFFFFFF40
:10EC8000FFD20000000000000000000000000000B3
:10EC90000000000000000000DBFFFFFFFFFF325418
:10ECA000FFFFFFFFFFD00000000000000000000099
:10ECB000000000000000000000000000D9FFFFFF7E
:10ECC000FFFF3C4CFFFFFFFFFFE5000000000000DE
:10ECD0000000000000000000000000000000000034
:10ECE000EFFFFFFFFFFF3337FFFFFFFFFFFD1100C7
:10ECF0000000000000000000000000000000000014
:10ED000000000018FFFFFFFFFFFF1F14FFFFFFFFC2
:10ED1000FFFF56000000000000000000000000009F
:10ED20000000000000000060FFFFFFFFFFFA03008B
:10ED3000DEFFFFFFFFFFC400000000000000000036
:10ED40000000000000000000000001CEFFFFFFFFF8
:10ED5000FFC8000097FFFFFFFFFFFF5B0000000000
:10ED6000000000000000000000000000000069FF3B
:10ED7000FFFFFFFFFF84000039FFFFFFFFFFFFF8E9
:10ED80004200000000000000000000000000000041
:10ED9000004EFBFFFFFFFFFFFF2A000000C0FFFF48
:10EDA000FFFFFFFFFB8309000000000000000000E0
:10EDB0000000000D90FEFFFFFFFFFFFFB10000000D
:10EDC000002CF9FFFFFFFFFFFFFFEF954D1B000039
:10EDD0000000000020519DF4FFFFFFFFFFFFFFF543
:10EDE00023000000000063FFFFFFFFFFFFFFFFFFA6
:10EDF000FFFFF3E4D6D7E5F5FFFFFFFFFFFFFFFFBF
:10EE0000FFFFFE5A000000000000006AFDFFFFFF48
:10EE1000FFFFFFFFFFFFFFFFFFFFFFFFFFFFFFFF02
:10EE2000FFFFFFFFFFFC6400000000000000000087
:10EE300037D0FFFFFFFFFFFFFFFFFFFFFFFFFFFFD9
:10EE4000FFFFFFFFFFFFFFFFCE35000000000000C7
:10EE50000000000000046ED9FFFFFFFFFFFFFFFF6F
:10EE6000FFFFFFFFFFFFFFFFFFFFD86C0300000065
:10EE70000000000000000000000000003893CCF803
:10EE8000FFFFFFFFFFFFFFFFFFFFF7CB9136000003
:10EE90000000000000000000000000000000000072
:10EEA000000000042E4E5D6C79796B5D4E2C0400E1
:10EEB0000000000000000000000000000000000052
:10EEC000000000000000001C4564737C776B4F2934
:10EED0000100000000000000000000000000000031
:10EEE000000000000000429AE5FFFFFFFFFFFFFF68
:10EEF000FFFFF0AC5504000000000000000000001F
:10EF000000000000000047D1FFFFFFFFFFFFFFFFF1
:10EF1000FFFFFFFFFFFFFFE26301000000000000B2
:10EF200000000000000009A0FFFFFFFFFFFFFFFF40
:10EF3000FFFFFFFFFFFFFFFFFFFFFFC41E000000FA
:10EF40000000000000000010CAFFFFFFFFFFFFFFEE
:10EF5000FFFFFFFFFFFFFFFFFFFFFFFFFFFFEB34A0
:10EF6000000000000000000007C6FFFFFFFFFFFFDA
:10EF7000FFFFFFFFF8E6F1FFFFFFFFFFFFFFFFFFCF
:10EF8000FFF22F0000000000000098FFFFFFFFFFCE
:10EF9000FFFFF1904A1000000007307AD4FFFFFF16
:10EFA000FFFFFFFFE211000000000044FFFFFFFF32
:10EFB000FFFFFF9412000000000000000000036645
:10EFC000F0FFFFFFFFFFFF9D0000000001D1FFFFEA
:10EFD000FFFFFFFD680000000000000000000000CF
:10EFE000000030EAFFFFFFFFFFFE2A0000004DFF98
:10EFF000FFFFFFFFFF87000000000000000000008F
:10F00000000000000034FBFFFFFFFFFFA000000036
:10F01000B2FFFFFFFFFFD606000000000000000067
:10F02000000000000000000085FFFFFFFFFFF40A62
:10F03000000BF8FFFFFFFFFF67000000000000006B
:10F04000000000000000000000000DF4FFFFFFFFC3
:10F05000FF540049FFFFFFFFFFF60C000000000017
:10F06000000000000000000000000000009CFFFF06
:10F07000FFFFFF95007DFFFFFFFFFFC300000000C3
:10F080000000000000000000000000000000004A36
:10F09000FFFFFFFFFFD000A4FFFFFFFFFF8C00007A
:10F0A0000000000000000000000000000000000060
:10F0B0000016FFFFFFFFFFF803C0FFFFFFFFFF6C1D
:10F0C0000000000000000000000000000000000040
:10F0D00000000000E5FFFFFFFFFF24CFFFFFFFFF61
:10F0E000FF5D0000000000000000000000000000C4
:10F0F000000000000000CFFFFFFFFFFF3ED5FFFF35
:10F10000FFFFFF4F000000000000000000000000B3
:10F110000000000000000000BFFFFFFFFFFF55D10F
:10F12000FFFFFFFFFF5B0000000000000000000089
:10F1300000000000000000000000B5FFFFFFFFFF1F
:10F1400064C5FFFFFFFFFF6C00000000000000002F
:10F15000000000000000000000000000C6FFFFFFEC
:10F16000FFFF6BABFFFFFFFFFF91000000000000FF
:10F170000000000000000000000000000000DFFFB1
:10F18000FFFFFFFF7188FFFFFFFFFFCC00000000C3
:10F190000000000000000000000000000000001D52
:10F1A000FFFFFFFFFFFF6C56FFFFFFFFFFFC20008C
:10F1B000000000000000000000000000000000004F
:10F1C000006EFFFFFFFFFFFF6515FDFFFFFFFFFF65
:10F1D000910000000000000000000000000000009E
:10F1E00000000AE5FFFFFFFFFFFF5D00BFFFFFFF1D
:10F1F000FFFFFA39000000000000000000000000DE
:10F20000000000009BFFFFFFFFFFFFFF4F0056FFC6
:10F21000FFFFFFFFFFE429000000000000000000E6
:10F2200000000000038CFFFFFFFFFFFFFFFF38001F
:10F2300002CEFFFFFFFFFFFFF25E020000000000B2
:10F24000000000000038C9FFFFFFFFFFFFFFFFFFC6
:10F2500020000032F9FFFFFFFFFFFFFFD7783510D6
:10F2600000000B1D4B7FD1FFFFFFFFFFFFFFFFFFE4
:10F27000FFFD070000005DFEFFFFFFFFFFFFFFFF38
:10F28000FFFFFBFCFFFFFFFFFFFFFFFFFFF1FFFFA3
:10F29000FFFFFFDD000000000054F1FFFFFFFFFF54
:10F2A000FFFFFFFFFFFFFFFFFFFFFFFFFFFFC05656
:10F2B000FFFFFFFFFFB200000000000022C8FFFFB9
:10F2C000FFFFFFFFFFFFFFFFFFFFFFFFFFFFF67CDA
:10F2D000036AFFFFFFFFFF86000000000000000040
:10F2E00048BBFFFFFFFFFFFFFFFFFFFFFFFFF292A3
:10F2F0001D00009EFFFFFFFFFF4B0000000000000D
:10F30000000000001C5A96C6D9EBFBF7E7C69553E0
:10F310000900000000DAFFFFFFFFFD0F0000000002
:10F3200000000000000000000000000000000000DD
:10F3300000000000000027FFFFFFFFFFCB000000E0
:10F3400000000000000000000000000000000000BD
:10F35000000000000000000081FFFFFFFFFF7700BA
:10F36000000000000000000000000000000000009D
:10F3700000000000000000000006E6FFFFFFFFFFA6
:10F38000210000000000000000000000000000005C
:10F3900000000000000000000000006EFFFFFFFF03
:10F3A000FFC200000000000000000000000000009C
:10F3B00000000000000000000000000014EBFFFF50
:10F3C000FFFFFF52000000000000000000000000EE
:10F3D0000000000000000000000000000000ABFF83
:10F3E000FFFFFFFFDC020000000000000000000043
:10F3F0000000000000000000000000000000007499
:10F40000FFFFFFFFFFFF57000000000000000000AB
:10F4100000000000000000000000000000000000EC
:10F420005CFDFFFFFFFFFFC40000000000000000C4
:10F4300000000000000000000000000000000000CC
:10F440000069FCFFFFFFFFFFF72D00000000000038
:10F4500000000000000000000000000000000000AC
:10F46000000D9CFFFFFFFFFFFFFF6D00000000008D
:10F47000000000000000000000000000000000008C
:10F4800000025CE2FFFFFFFFFFFFFFA8000000009B
:10F49000000000000000000000000000000000006C
:10F4A000001974DAFFFFFFFFFFFFFFFFBA0600003D
:10F4B00000000000000000000000000000051A36F7
:10F4C0005E8FCFFEFFFFFFFFFFFFFFFFFFB40B00CC
:10F4D0000000000000000000000000000079FCFFB8
:10F4E000FFFFFFFFFFFFFFFFFFFFFFFFFFFF8D029B
:10F4F000000000000000000000000000000000828A
:10F50000FFFFFFFFFFFFFFFFFFFFFFFFFFFFDD45E7
:10F5100000000000000000000000000000000000EB
:10F520000085FFFFFFFFFFFFFFFFFFFFFFFFEA7BFD
:10F530000A000000000000000000000000000000C1
:10F5400000000089FFFFFFFFFFFFFFFFFFFEC5690F
:10F5500009000000000000000000000000000000A2
:10F5600000000000008DFFFFFFFFFFFFDBA2681C13
:10F57000000000000000000000000000000000008B
:10F580000000000000000046766D6249290A000074
:10F59000000000000000000000000000000000006B
:10F5A0000000000000000000000000000000101635
:10F5B0000A0A06FF6400002A243403FFB407002A65
:10F5C000143207009C0B002A223304006212002A26
:10F5D0001F3405FFAE18002A25320200E81F002A5A
:10F5E0001F3306FF1526002A223404FFFD2C002AB3
:10F5F00023320300D333002A243403FF233B002AA1
:10F60000223404FF00000102030405060708090A6A
:10F610002E0000000C0001000000000004F60208AB
:10F620000C00000098B30208A4F5020810F60208C6
:10F63000000000000000011068030020C9A10108BB
:10F64000EDA001083400010000FB040024F60208CC
:10F650000000000000000000000000001FB30000D8
:10F66000000000000EFF2000000000000CFE000063
:10F67000000000000CFA00000026AB100DF804207A
:10F680006EFFFF700EFEFFF41BBFF14DFFFFDFFBAF
:10F69000002FF00CFFF20EF8001FF0006FD00FF6F5
:10F6A000001FF053AF900FF4002FFE60FF503FF1AA
:10F6B00059DFE305FD006FF0AFFB100CF600BFC093
:10F6C0005F60004FD001FF80000000DF31BDFF40D0
:10F6D000000009F4004FFE0000006D200008E30068
:10F6E000000050000000000000004E9100147CF962
:10F6F00000000003FFEBEFFFFFF80000001FFFFF1B
:10F70000FFFEDD70000001FFD85410000000000073
:10F710002FFA01FE700000000003FF800DFF400083
:10F720000000004FF600AFF22000000007FF424C3F
:10F73000FFFF70000000AFF9FFFFFFEB0000000EBD
:10F74000FD0ABCFE6730000002FF80008FF3FF302F
:10F7500000008FF20009FF05F200000EF800009F84
:10F76000F67AA50008FCCCDEFFFFFFFFF304F809E2
:10F77000FFFECBAA999A4061000330000000000010
:10F780000000000001000000000006D7001EF40089
:10F7900000000000CF5004F904400000004F302565
:10F7A000DDFFF4000000009FFFFB87620005E8001A
:10F7B000177FB583000000DF7002DF9BFF20000091
:10F7C0005F510EFFB86F3000000106066953A500B7
:10F7D000000000474E7CF4FF00000000D32FCAF465
:10F7E000FC00000008E02F99F3FB0000004FA05F31
:10F7F00069F3FB001008FF60AF1AF3FB00B00DFFC8
:10F8000011F90BF2FE12F506FB09D008F0DFFFFA42
:10F8100000946C1000802CFFB2000020000000005B
:10F820000000000000BC300000000000002FE000DD
:10F8300000000000000BD8BD3000000ABDFFFFFF34
:10F84000C0000005ECFE76459000009813FD8E2761
:10F85000F700005FADF9EF5FE40000096EFFF4B759
:10F8600000000005A2BF6A6EB20003AF4CFFEFC7F5
:10F87000FA0009F80FFF88C087100280044FFA9B36
:10F88000DFF46CDEFFFFFFFFFEE91EFDB97FF51020
:10F8900000000000000FF20000000000001FF30055
:10F8A00000000000000FF1000000000000068000D2
:10F8B000000000006600000000000009FD200000BC
:10F8C0000000006FF6000000000005FF202200008D
:10F8D00034105FF9CFF70008FFEFFFFFFFF4005F80
:10F8E000FEDFF41DFF1002FF25FF72EFD0000FFEB8
:10F8F000FFFFEFFB0000FFCCFF55FF80000DF76F0F
:10F90000F79FF60000BFFFFFFFFF200004FDBFF5DB
:10F910007E6012000116FF0000058000006FF000FD
:10F9200000AE100004FFA3236FF900000CFFFFFFDF
:10F93000FFC0000007CFFFEC910004A000FB2000F7
:10F94000000000AF700FF7040000001FF500EF5A31
:10F95000F400000AF8A70EFDFE400008FA4BF8EF8D
:10F96000D6000008FFFFDFEEF201B0004FE935A539
:10F97000DFDADF700089BEFF54EFFFD40008FE9E7F
:10F98000F563110000007FA6EF3FF607400007FC7B
:10F99000AEF2FF6AFF00007F76DF2FFFFF720008E4
:10F9A000FFFFF2FFC61091009F84DF2FF2000E8050
:10F9B0000AF30DF2FF844BFF00BF6CFF0DFFFFFF4A
:10F9C000C005D08F9028ACCA500000005000000045
:10F9D000000000000000057000000000ADABEFFF6C
:10F9E000D000000006FDA989FE000000002FFFFEE8
:10F9F000CF8000000000FE779EF3000000000AFCAC
:10FA0000BBDC579C40699ABDEFFFFFFFFF34FFFD51
:10FA1000B9AACE954550000EFEFFFEFF5000000033
:10FA20008F95FC7FF100000005FFFFECFD0000005A
:10FA3000003FB4FC8FA000000000DFDFEAC400003C
:10FA400000000344EECE7000000001EFDFE9860005
:10FA50000000244567FEABDEF60008FFFFFFEDDD8A
:10FA6000DDB00006431000000000000000000000B0
:10FA70000000000000000012101201FD90000012B2
:10FA80001310FFFE28010012121200FDCA0100121D
:10FA9000101201FD5A0200120F1202FEE1020012C2
:10FAA000111201FD7A030012111201FD0000EC0099
:10FAB000A21AE82096225E2E303F00009F520000DE
:10FAC000313F0100ACFA020800000000070003000B
:10FAD00058F602086CFA0208BCFA0208000000009E
:10FAE0000000010870030020C9A10108EDA0010871
:10FAF0001300030000FE0100D0FA0208000000001D
:10FB0000000000000AD505FFF06FFF01CF80000064
:10FB10007CFFD70000001DFFFFFFD20000DFFFFECB
:10FB2000FFFD0007FFFA109FFF700FFFC0000CFFE2
:10FB3000E04FFF400004FFF39FFE000000EFF7AF2F
:10FB4000FB000000BFFACFF9000000AFFBCFF900C7
:10FB500000008FFCBFFA0000009FFCAFFB0000001C
:10FB6000BFFA8FFF000000EFF94FFF500003FFF4D2
:10FB70000FFFD0000BFFF008FFFB109FFF8000DF9E
:10FB8000FFFFFFFD00002DFFFFFFD10000008DFFF4
:10FB9000C70000002874000EFFF809FFFFA0BFFF98
:10FBA000FA002FFFA000DFFA000CFFA000CFFA0040
:10FBB0000CFFA000BFFA000BFFA000BFFA000BFF74
:10FBC000A000BFFA000BFFA000BFFA000BFFA000CF
:10FBD000CFFA000AFF800005ADFFD8100002DFFF5A
:10FBE000FFFFE2000DFFFFFFFFFD001FFFF967EFC2
:10FBF000FF500FFE20004FFF900BF300000FFFB0EF
:10FC0000024000001FFF90000000007FFF50000036
:10FC10000001EFFD000000000BFFF4000000008F6A
:10FC2000FF9000000005FFFC000000004FFFE10016
:10FC3000000003FFFF400000005FFFF80000001A13
:10FC4000FFFFF55567816FFFFFFFFFFFF96FFFFFB4
:10FC5000FFFFFFFD4FFFFFFFFFFFFE000000000062
:10FC600000000005AEFFC6000000BFFFFFFFC000A0
:10FC700008FFFFFFFFFA000BFFE5008FFF100AFEF1
:10FC800020000EFF4003C300000DFF5000000000E5
:10FC90003FFF3000000015DFFD000000EFFFFFF325
:10FCA000000000DFFFFFC10000006EFFFFFD00004D
:10FCB0000000018FFF80000000000AFFD00200005A
:10FCC0000007FFF00AC200000DFFE00EFF9557DFAE
:10FCD000FFA00FFFFFFFFFFF3005FFFFFFFFF50055
:10FCE0000028CEFFD82000000000007FB5000000F3
:10FCF00000000EFFF10000000007FFFF20000000E1
:10FD000002FFFFF200000000BFFFFF200000006FB5
:10FD1000FEFFF20000001FFE6FFF2000000BFF64DB
:10FD2000FFF2000007FFB04FFF200002FFF103FFCA
:10FD3000F20000DFF6003FFF20009FFD2225FFF4C8
:10FD4000342FFFFFFFFFFFFF90EFFFFFFFFFFFF6E6
:10FD500008FFFFFFFFFFFE1003000003FFF200009B
:10FD60000000003FFF200000000003FFF200000041
:10FD700000002FFF10000000000012340008FFFFF9
:10FD8000FFFFFF8009FFFFFFFFFFC007FFFFFFFF2F
:10FD9000FFF002FFFB6666676000DFF7000000000F
:10FDA00000DFF50000000000EFF40000000000FF9D
:10FDB000FFFFEB500002FFFFFFFFF900008999AB46
:10FDC000FFFF700000000008FFF00000000000EFDF
:10FDD000F40000000000CFF60B10000000FFF62F2B
:10FDE000D2000009FFF46FFFB646CFFFE05FFFFFD0
:10FDF000FFFFFF600AFFFFFFFFF800004AEFFFDA96
:10FE0000300000000029CFE400000019FFFFFD00D2
:10FE10000002DFFFFFFF10002EFFFE84350000CF41
:10FE2000FF7000000006FFF5000000000DFFA36852
:10FE30006200001FFFFFFFFFB1004FFFFFFFFFFE4B
:10FE4000106FFFF7116FFFB07FFF400006FFF28FCA
:10FE5000FD000000EFF77FFB000000CFF84FFF0030
:10FE60000000DFF70FFF700002FFF508FFF5002D1F
:10FE7000FFE000DFFFEEFFFF50001CFFFFFFF6007A
:10FE800000005CEFD820003FFFFFFFFFFE34FFFFC4
:10FE9000FFFFFFF90EFFFFFFFFFFD05A87777FFFBD
:10FEA000E400000003FFF5000000009FFD000000DB
:10FEB000000FFF7000000005FFF100000000AFFB25
:10FEC000000000000FFF6000000004FFF1000000D0
:10FED000009FFD000000000DFFA000000001FFF8E2
:10FEE000000000005FFF5000000008FFF400000069
:10FEF00000BFFF200000000EFFF100000000EFFF38
:10FF000010000000028CFFEB60000006FFFFFFFF07
:10FF1000D20004FFFFBADFFFD000CFFD20008FFF2B
:10FF2000500FFF600000FFF700FFF600000EFF60BB
:10FF30000DFFD00005FFF2005FFFEABEFFF90000F1
:10FF40007FFFFFFFFF000006FFFFFFFFA10008FF8C
:10FF5000FFFFFFFFE103FFFC4014AFFFA08FFE1087
:10FF600000008FFF09FFB0000003FFF28FFE0000CA
:10FF7000007FFF14FFFD63249FFFD00DFFFFFFFFF5
:10FF8000FFF5001DFFFFFFFFF7000005BEFFEC823D
:10FF9000000000028DFEB50000006FFFFFFFC100F2
:10FFA00004FFFFEFFFFC000EFFD3006FFF804FFF49
:10FFB000200007FFE07FFD000000FFF48FFC000041
:10FFC00000BFF66FFE000000DFF82FFF600004FFA7
:10FFD000F70BFFF6106FFFF601EFFFFFFFFFF300D7
:10FFE0001BFFFFFFFFF0000026863BFFB000000074
:10FFF000006FFF4000000007FFFC00005347EFFFC9
:020000040803EF
:10000000E10001FFFFFFFE200000DFFFFFA1000075
:10001000004FFD930000000000000002FD91000071
:1000200000000000004DFFF800000000000000EF9D
:10003000FFFC00000000000004FFFFFF00000000C4
:10004000000009FFFFFF4000000000000EFFABFFB3
:100050009000000000004FFF56FFE000000000008D
:100060009FFF11FFF30000000000EFFB00CFF8003E
:1000700000000004FFF6008FFD000000000AFFFFF3
:10008000FFFFFF300000000FFFFFFFFFFF900000A9
:10009000006FFFFFFFFFFFE0000000DFFD5444485A
:1000A000FFF5000006FFF7000001FFFB00002EFF38
:1000B000F0000000CFFF100BFFFF700000007FFF7B
:1000C000700AFFFD000000003FFFE001BFD200000A
:1000D00000000DFFF29FFE100000005FFF78FFF7A9
:1000E00000000009FFF62FFFC0000000CFFF10BF87
:1000F000FF2000000FFFC004FFF7000003FFF70020
:100100000EFFD000007FFF20009FFF30000CFFD0CB
:100110000003FFF80000FFF800000EFFE0005FFFA3
:100120003000008FFF3009FFE0000002FFF900EF10
:10013000F80000000DFFE03FFF400000007FFF38A7
:10014000FFE000000001FFF9CFFA000000000CFF03
:10015000EFFF50000000007FFFFFF00000000001F3
:10016000FFFFFB00000000000CFFFF60000000002C
:10017000008FFFB00000009FFC00005FFF20000028
:10018000007FFF38FFF50004FFF80000000BFFF2CE
:100190002FFF90000EFFE0000000EFFD00BFFE000B
:1001A000007FFF3000001FFF8005FFF40001FFF912
:1001B000000005FFF4000FFFA0000BFFE000009F10
:1001C000FE0000AFFF00006FFF40000DFFA0000425
:1001D000FFF50004FFF90001FFF500000FFFA0008C
:1001E0008FFFE0006FFF000000AFFF000CFFFF403B
:1001F0000AFFB0000004FFF500FFFFF900EFF60072
:1002000000000EFFA05FFFFFE03FFF100000009F17
:10021000FF0AFFDFFF48FFC000000004FFF5FFF406
:10022000FFF9DFF7000000000EFFEFFE0AFFEFFF0F
:100230002000000000AFFFFFA05FFFFFE000000014
:100240000004FFFFF500FFFFF900000000000FFFB2
:10025000FF000BFFFF400000000000BFFF60007FB9
:10026000FFA00000000000000000000000000000EF
:1002700000009008050402000A0000100E1301009F
:100280008F00F00A07130100D20000100E1401FFC6
:100290005E0100100E130100E30100100F130000B7
:1002A000720200100E140100FE0200100E13010075
:1002B0008303C00D0D130000FF0300100F13010096
:1002C0008E0400100E130100130560111413FE00BC
:1002D000D105E010111300007306A01819130000D7
:1002E00000000200030004000500060007000800EB
:1002F00009000A000B001300280029002E0000004E
:100300002A000100E0020308000000000E000300C4
:1003100004060408040909010B010C0C0C0D0C0E59
:100320000D010D0C0E010E0CF8F8F8F8F808E3E3D7
:10033000EBE7EBE710030308280303080C000000B9
:1003400004FB020868020308FC02030834030308E4
:100350001000010878030020C9A10108EDA00108E0
:100360001500010000FD01004003030858030308C5
:1003700000000000050FE3FCFF1F40001FF9000014
:100380007FFFE0007FFFFE003FF9BFD02FF00BFCA6
:100390000FF400FF03FC001FE1FE0003FCBF400060
:1003A000FF2FD0003FCBF4000FF2FD0003FC7F4095
:1003B00000FF1FE0003FC3FC001FE0FF400FF41FE1
:1003C000F40BFC03FF9BFD007FFFFE0007FFFE0018
:1003D000002FF8000001007FE3FFEFFF6FFC1FF02C
:1003E0003FC0FF03FC0FF03FC0FF03FC0FF03FC016
:1003F000FF03FC0FF03FC0FF03FC0FE03E40003E58
:1004000003FD0007FC3FD0003FC3FD0003FC2FD0DD
:10041000003FC2FD0003FC2FD0003FC2FD0003FCE3
:100420002FFFFFFFC2FFFFFFFC2FFFFFFFC2FFFFF9
:10043000FFFC2FD0003FC2FD0003FC2FD0003FC2C5
:10044000FD0003FC2FD0003FC2FD0003FC2FD000B5
:100450003FC2FD0003FC1FD0002FC03E400003FD43
:1004600000003FD00003FD00002FD00002FD00007F
:100470002FD00002FD00002FD00002FD00002FD081
:100480000002FD00002FD00002FD00002FD000026E
:10049000FD00002FD00002FEAAA82FFFFFD3FFFF10
:1004A000FE3FFFFFF00000000006FFE000000FFF2E
:1004B000FF80001FFFFFFC001FFFEFFFC00FFE00CB
:1004C0007FF40BFD0003FF03FE00003FD1FF00009F
:1004D0000BF8BFC00001FF2FE000003FCBF8000089
:1004E0000FF2FE000007FCBF800001FF1FF00000BC
:1004F000FFC3FE00007FD0BFD0003FF00FFE007FA3
:10050000F801FFFFFFFC001FFFFFFC0001FFFFF4ED
:10051000000006FF900000000000000BFFFFFFF846
:10052000BFFFFFFFD7FFFFFFFE3FABFEAAD0003F9C
:10053000C0000003FC0000003FC0000003FC0000FE
:10054000003FC0000003FC0000003FC0000003FCAF
:100550000000003FC0000003FC0000003FC000009E
:1005600003FC0000003FC0000003FC0000003FC08F
:10057000000003FC0000002FC0007F800007FCBFCC
:10058000C0000BFC3FD0000FF82FF0000FF40FF06D
:10059000001FF00FF8002FE007FC003FD003FD0024
:1005A0003FC002FE007F8001FF00BF4000FF40FF10
:1005B0000000BF81FE00003FC2FD00003FD3FC00F1
:1005C000002FF7F800000FFBF400000FFFF0000011
:1005D00007FFF0000003FFD0000003FFC00000028F
:1005E000FF40000000000000000000000000600864
:1005F000000000000000E00905050200070080126D
:10060000111501006100A00C0716020088002014DB
:1006100012150100E700B00F0E1601FF340160163D
:1006200015150100A301F011121600000602801337
:100630001415000000000E001000110028002C000E
:100640002F003400360000002000000037000100B9
:10065000340603080000000009000300060706082E
:100660000609070807090802080709020907F2DE58
:10067000DEF6F6E8F6E8F6005C0603086E06030808
:100680000900000074030308E40503084806030892
:10069000780603081000010480030020C9A10108A6
:1006A000EDA001081700010000FD02008406030808
:1006B0009C060308000000000F40F30F30F20E20EC
:1006C000D10300811E303C1E3B0E3B0E1507004837
:1006D00003A000066058004FFFFFFF100A208400AF
:1006E00000C10A30000D00B100AFFFFFFB001C008D
:1006F000D00003A01C00000009200000920003CFDE
:10070000FB31F7A5744E092001F9B20002BFE800E1
:100710000097DA000924E5B4A5BA08EFFA100092B0
:1007200000000410000AC8000C10660A207600833E
:100730000742C000570A2B200009C6685C900001E0
:10074000C1C067000A43902A004901B04700C100B8
:100750007BB1009ED400005C03D00004C05C0000AC
:100760000CBD200003DE801001E31D78806B001DAE
:10077000F204F413CF6006DFD62B00000000003C2B
:100780003B3B150A71F15C0980B60C40D40C40B6B5
:1007900009805B01F10A706B00F20B607A05C04DB5
:1007A00003E04D05C07A0B60F16B0000B0089CB50A
:1007B0000BF8087C9500A000000B000000F0000082
:1007C0000F0002EEFEE2011F110000F0001804F11C
:1007D0000D03804FFD02222A04D00000340000B532
:1007E0000000F00005B0000A60000E10004C000090
:1007F000970000E20003D0000870000D20002D00DB
:1008000000009EE9000AD44DA01F2002F15E000006
:10081000D56C0000C65E0000D51F2002F10AD44D41
:10082000A0009EE900EFF322F300F300F300F300D1
:10083000F300F300F300F319EFC208B43AE000004C
:100840002F100005E00002E50001D70001D80001EB
:10085000DA22218FFFFF709FFFFF01222D80000908
:10086000B00005F200007CF8000002F200000E4B20
:100870009439F13BFFC30000009B000004E100003D
:100880001E500000AA000005E10D401E400D408FE3
:10089000FFFFFD12222E6200000E400CFFFF00E55C
:1008A00022200F100001FFEB3002239F100000D622
:1008B00000000D69B438F12AEFC400006DFD500846
:1008C000D523201F2000004D6DEA106FC43CA05FAF
:1008D0003002F02F2002F00AC32BA001AFFA10AFB4
:1008E000FFFFBA9222D776003F10000A900001F273
:1008F00000007C00000E500005E00000C80000036E
:10090000CFEA100E812CA02F1005D00E701B900680
:10091000FFFF203F5018E06C0000F23F6129E00526
:10092000CFFB2007EFC306E315E198000B87D20346
:10093000FB0AFFD9C000108B00000D70624BD01C69
:10094000FEA1004E02A00000000002A04D004E02D9
:10095000A00000000001804F10D0380000000210FD
:10096000004BE107DC5003F8000004BE71000029D1
:10097000E2000000003FFFFF300000000000000226
:10098000EEEEE20111110012000002EB4000005CEB
:10099000D6000008F2017EB402E920000000000049
:1009A0001AEFC309A32AE000003F00000AA00009D3
:1009B000C00002F10000010000028000004D0000B4
:1009C0000004BDDD8100009B30006D3007A08EE883
:1009D000D5D10D07D219F3774A0D4000F31B580FFC
:1009E0002000D30C580D4000F31B3A07D21AF577BC
:1009F0000D008EE85FB006A000000000009B3002F2
:100A000040000005BDED600000006F30000000DD1B
:100A100090000004E3F100000B80C700001F206E6F
:100A200000008C001F5000EFEEEFB006E21114F250
:100A30000C700000B9BFFFFB20B7112AD0B700032C
:100A4000F0B70008C0BFFFFF50B82226F2B7000081
:100A5000C7B71115F4BFFFFD60003BEFB3005F9314
:100A600038E00E60000004E00000006C00000004AC
:100A7000E00000000E600000005F9338E0003BFFE4
:100A8000B300BFFFEA300B82239F40B700007E0B0C
:100A9000700000F3B700000E5B700000F3B70000B9
:100AA0007E0B82239F40BFFFEB3000BFFFFF3B82E6
:100AB0002220B700000B700000BFFFFA0B8222104B
:100AC000B700000B822220BFFFFF50BFFFFF3B8219
:100AD0002220B700000B700000BFFFFA0B8222102B
:100AE000B700000B700000B7000000003BEFC4002F
:100AF0005F9438E10E70000004E00000006C00001C
:100B00000824E00000E30E60000E305F9337F3002E
:100B10003BEFC400B70000B7B70000B7B70000B79D
:100B2000B70000B7BFFFFFF7B82222C7B70000B772
:100B3000B70000B7B70000B7B7B7B7B7B7B7B7B721
:100B4000B704FFFF00225F00003F00003F00003FAE
:100B500000003F00004E0D52BA05DFB2B70007D1CA
:100B6000B7005E20B704E300B73E4000B9EF2000B5
:100B7000BF89D000BA00CA00B7001E70B70003F3E7
:100B8000B700000B700000B700000B700000B7004A
:100B9000000B700000B700000B822220BFFFFF0097
:100BA000B8000001F3BF100009F3BEA0002EF3B798
:100BB000E300B7F3B67B04D0F3B60D4C50F3B605A3
:100BC000FC00F3B600B300F3B6000000F3B9000078
:100BD000B7BF5000B7BCF200B7B7AD00B7B70D90C4
:100BE000B7B702F5B7B7006FD7B7000AF7B700007D
:100BF000D7003BEFB40005F9338F600E600005F1BC
:100C00004E000000D56C000000B74E000000D50E6D
:100C1000600005F105F9338F60003BEFB400BFFFC2
:100C2000D800B8225D90B70004E0B70003F0B70029
:100C30002CA0BFFFFA10B8220000B7000000B700D8
:100C40000000003BEFB40004F9338F600E60000534
:100C5000F14E000000D56C000000B74E000000D639
:100C60000F600005F105F8327F60004CFFC5000001
:100C7000000CB028000001BFE50000000000BFFF2D
:100C8000D800B8225D90B70004E0B70003F0B700C9
:100C90001BB0BFFFFB10B822B900B7001F30B70070
:100CA00007D003CFEB31F723744E000001F9200089
:100CB00002BFD7000004CA000004E5B423BB08DF6C
:100CC000EA10FFFFFFF223F322001F100001F100E2
:100CD000001F100001F100001F100001F100001FB3
:100CE0001000D60000E4D60000E4D60000E4D600F0
:100CF00000E4D60000E4C70000F39A0002F12F835D
:100D00005DA004CFD8000C700000D506E00004E020
:100D100000F4000A80009B001F20002F207B0000B1
:100D20000C80E4000005E5E0000000EE700000002B
:100D30008F10007C0000E80002F02F1003FD000778
:100D4000A00D60089F200C5008B00E3B701F0003E0
:100D5000F03E06C06B0000E58901F1B600009AD4B0
:100D600000B7F100004FE0006FC000000FA0001FAF
:100D700070005F1000E50AB009A001E64E10004FB8
:100D8000E400000DE000007DD80002F32F300C805D
:100D900007D08D0000C90C80000A803F1003E000DE
:100DA000AA00C60001F35D000007CE4000000EB0AF
:100DB000000000B70000000B70000000B700006FDB
:100DC000FFFFF5022229D000003F300001E60000BD
:100DD0000BA000008D000004F200001E8222217F83
:100DE000FFFFF8BFCB60B60B60B60B60B60B60B60A
:100DF0000B60B60B60BFC03500002E00000D300048
:100E000008800003D00000D200008700003C0000F2
:100E10000E100009700004C00000E10000A6CFB071
:100E20007B06B06B06B06B06B06B06B06B06B07B92
:100E3000CFB00007000005E50000B4B0002C0C2086
:100E400008606800D000D0DDDDDD271005C108DFB7
:100E5000C300A429D000001F108DEEF24E100F2405
:100E6000E007F209ED8F20E400000E400000E400EE
:100E7000000E7CFC40EF528F2E6000B8E40008AEFC
:100E80006000B8EF528F2E6DFC4002BFE800DA24FC
:100E9000C35D000007B000005D000000DA24D3024B
:100EA000BFE800000001F1000001F1000001F102C3
:100EB000BFD6F10E923DF15D0004F17B0001F15DC2
:100EC0000003F10E912DF102BFE6F102BFD500E85B
:100ED00014E45C0006B7FEEEEC5D000000E923A21E
:100EE00002BFE90001CF609A110B600DFFF30B60A8
:100EF00000B6000B6000B6000B6000B60002BFE653
:100F0000E20EA23CF25D0002F27B0000F25D000204
:100F1000F20EA23DF202BFE5F2000002F00C623BCD
:100F2000A006DFEA10E400000E400000E400000E1E
:100F30007DFC20EE42AC0E6002F0E4000F1E40008B
:100F4000F2E4000F2E4000F20D40820000E40E405B
:100F5000E40E40E40E40E4000D500072000000007A
:100F6000D4000D4000D4000D4000D4000D4000D44A
:100F7000000D4022F20DF800E400000E400000E4F5
:100F800000000E400BA0E40BB00E4BC000EEFD00C5
:100F90000EC1D900E402F40E4006E1E4E4E4E4E426
:100FA000E4E4E4E4E4E7DFB29EE80ED32CFB23E5BF
:100FB000E6004F10099E4003F0008AE4003F00085D
:100FC000AE4003F0008AE4003F0008A0E6DFC20E56
:100FD000E41AC0E6001F0E4000F1E4000F2E4000AE
:100FE000F2E4000F2002BFE8000EA23E805D000484
:100FF000F07B0001F15D0004F00DA23E8002BFE82D
:1010000000E7DFC40EF416F2E6000A8E40008AE71D
:10101000000B8EF528F2E6CFC40E400000E400007D
:101020000E40000002BFD5F10EA23EF15D0004F1BA
:101030007B0001F15D0004F10EA23EF102BFD5F18B
:10104000000001F1000001F1000001F1E6D8EE61BD
:10105000E700E400E400E400E40009EFC26D22616F
:101060007D200009FE910002C95622B84CFEA00561
:101070003000B600DFFF30B6000B6000B6000B603A
:1010800000AA1102DF60F3002F0F3002F0F3002FEF
:101090000F3002F0E4004F0AB22CF01BFE6F000D7F
:1010A00050009806C000F201F206B000A80C5000F3
:1010B0003E3E00000DD8000006F200C5003F1007BC
:1010C00086A009F600D31F00E7B02D00B54C0E181E
:1010D0008006A960A6D3001FE104ED0000BB000E4E
:1010E00080005D004E10A91E4001ED900008F10047
:1010F00002EBA000C70D607C003F200D5000980758
:10110000B000E201F205C000A70B50004D1E000028
:101110000EB9000008F3000005D000052C60001C8B
:10112000F900007FFFFB0002F3000C70009B00043D
:10113000E1001E50008FFFFD00BF04E105C005C0A7
:1011400005C006C04F6008C005C005C005C004E169
:1011500000BFB5B5B5B5B5B5B5B5B5B5B5B5B5CDD2
:10116000100C7009900990099008A003F708B009C5
:1011700090099009900C80CD200BE80A33918DA046
:1011800006B7038084640373808406B7000422FEDC
:101190000DA0000000000012000000037CFF000012
:1011A00059EFFFFF000EFFFFFFFF000FFFFD848FD1
:1011B000000FD720008F000F8000008F000F8000ED
:1011C000008F000F80007BDF023F8006FFFFAFFF34
:1011D0008002EFF9EFFF6000021029A70000000075
:1011E000B4DFFFFFFD4BE8E722227E8EC0C5000082
:1011F0006C0CFCF611117FCFC0CFFFFFFB0CFCF68F
:1012000011117FCFC0C500006C0CE8E722227E8E52
:10121000B4DFFFFFFD4BDFF69FFFFFFDFFF8CFFFC1
:10122000FFFFEFF6AFFFFFFE132003333331FFF76D
:10123000BFFFFFFFFFF8CFFFFFFFFFF7BFFFFFFF7D
:10124000132003333331EFF6AFFFFFFEFFF8CFFF7C
:10125000FFFFDFF6AFFFFFFD0000000003D400003A
:1012600000003FFE00000003FFF44D30003FFF4050
:10127000EFF303FFF4004FFF6FFF400004FFFFF4A4
:101280000000004FFF4000000003D30000001400E6
:1012900000220DF7004FF19FF74FFD00AFFFFD104B
:1012A00000BFFE10004FFFF7004FFDAFF70EFD101F
:1012B000AFF25B1000990000000770000000320FD1
:1012C000F0240005FC0FF0CF501FF40FF05FF17F0A
:1012D000800FF008F7BF200FF002FBCF100EE001E7
:1012E000FCAF40011004FA5FB000000BF60DFA10DD
:1012F00001AFD002DFFCCFFD200008EFFE9100001F
:10130000000110000000001441000000007FF70001
:10131000000343DFFD34300EFFFFFFFFE06FFFFBF4
:10132000BFFFF61BFF7007FFB107FF2002FF701B16
:10133000FF7007FFB16FFFFBBFFFF60EFFFFFFFF60
:10134000E00342CFFC233000007FF70000000004E0
:101350004100000000007303830000001DFF67F7D9
:10136000000003EE5AFEF700006FD3B57FF70009C7
:10137000FB3DFF85FE30BF95FFFFFB3EF4766FFF20
:10138000FFFFD2A100CFFFFFFFF40000CFFA02FF62
:10139000F40000CFFA02FFF40000AFF801FFF30001
:1013A00000002772000000007FF7000000008FF8A7
:1013B000000000008FF8000000008FF8000000DF40
:1013C000FFFFFD00004FFFFFF4000004FFFF40009F
:1013D00023335FF53332FFFFA44AFFFFFFFFFCCF4B
:1013E000FFFFFFFFFFFF5C8F9AAAAAAAAAA8004FDF
:1013F000FFFFFFB00001ED888889F8000AF20000C5
:1014000000AF305F700000001EC0EF886000288BC6
:10141000F6FFFFF300BFFFF8FFFFFFFFFFFFF8FF3E
:10142000FFFFFFFFFFF7BFFFFFFFFFFFF40000011B
:101430001000590019EFFD709F03EFDA9DFEBF0EFB
:10144000F600005FFF7F70003FFFFF6900002AAADF
:10145000A9000000000000AAAAA20000A6FFFEF357
:101460000007F7FFF500007FE0FBEFD9ADFE30FA93
:1014700008EFFE910095000110000000002A000214
:10148000EF788EFFFFFFFFFFFFFFFFFFFFDFFFFF94
:101490000007FF00007F00000100002A0000002E6E
:1014A000F000788EFF030FFFFFF0BAFFFFFF03FF8E
:1014B000FFFFF0AADFFFFF0400008FF00000008FA5
:1014C000000000001000000000000000000000000C
:1014D0000006D20000002A00118E100002EF007DED
:1014E0002B90788EFF030AB3F0FFFFFF0BA1F1E30F
:1014F000FFFFFF03F0E3C5FFFFFF0BA1F1E3DFFFF9
:10150000FF030AB3F00007FF007D2B9000007F006F
:10151000119E100000010006D20000000000000033
:1015200000BFFFFFFFFFFBFD5BFFFFFFFFF501FFBC
:10153000FFEFFFFB18FFF61CFFFFFCFF6001DFFF62
:10154000609600008FF9000000008FFC8888888872
:10155000CFBFFFFFFFFFFB000240000000CF1000E5
:10156000003FF700000AFFE00004FFFF8000EFFFEC
:10157000FF308FFFFFFC0EFFFFFFF2F9CFFFFF3DB3
:10158000C5FFFFF16FA3BFFA008FFFFB00002674B9
:101590000000580000359F1005FE9F106FFE9F173A
:1015A000FFFE9F9FFFFE9FFFFFFE9FEFFFFE9F2D11
:1015B000FFFE9F10CFFE9F100BFE8F00009B0000D0
:1015C000000046000000000FFD40000000FFFFA1EA
:1015D00000000FFFFFF70000FFFFFFFD500FFFFFB0
:1015E000FFFFB1FFFFFFFFFF6FFFFFFFFFB1FFFF37
:1015F000FFFD400FFFFFF70000FFFFA100000FFD00
:1016000040000000360000000000AFFE30AFFE3F9B
:10161000FFF70FFFF7FFFF80FFFF8FFFF80FFFF8C7
:10162000FFFF80FFFF8FFFF80FFFF8FFFF80FFFF36
:101630008FFFF80FFFF8FFFF80FFFF8FFFF70FFF0F
:10164000F748981048981048888888881FFFFFFF3F
:10165000FFF7FFFFFFFFFF8FFFFFFFFFF8FFFFFF19
:10166000FFFF8FFFFFFFFFF8FFFFFFFFFF8FFFFF71
:10167000FFFFF8FFFFFFFFFF8FFFFFFFFFF7AFFF49
:10168000FFFFFE30260000587FA000BF8FFB00BF89
:101690008FFFC1BF8FFFFDCF8FFFFFFF8FFFFFEFDA
:1016A0008FFFF4BF8FFF40BF8FE300BF5D2000AE10
:1016B0000000000000000370000000003FFA00007E
:1016C0000002EFFF9000001EFFFFF80001DFFFFFA8
:1016D000FF700CFFFFFFFFF40DFFFFFFFFF501346C
:1016E000444444300DFFFFFFFFF50FFFFFFFFFF8FD
:1016F0000CFFFFFFFFF5000003100005FB0005FFD6
:101700004005FF4005FF5003FF50000BFC10000B8D
:10171000FC10000CFC10000CFB00000A5003100031
:1017200003FC10000BFC10000BFC10000BFC100065
:101730000DFB0005FF5005FF5005FF5003FF500053
:101740000A500000000069100000000DF5000000C4
:1017500000EF600000000EF600005888FFB8881FF8
:10176000FFFFFFFFF79BBBFFDBBB30000EF6000067
:101770000000EF600000000EF6000000009D200059
:101780000046666666661FFFFFFFFFF7ADDDDDDD25
:10179000DD400003ADFFC70000009FE624AFE3007B
:1017A0000BFF207709FF407FF900CFA1FFE1EFF6A3
:1017B0007FFFF0EFF78FF93FFFC1FFE10BFF26CA74
:1017C00019FF40009FE624AFE30000039DFFC70020
:1017D000003200000000000000DF500000000000A8
:1017E000001CF84AEFEB500000009FFD525DFC101A
:1017F000000005FE4A70CFE1000B802DFFF74FFB84
:10180000002FFB00AFFB2FFF300BFF5007FE7FFBCD
:101810000001DFC0003EFFE100001BFC4201BFA051
:101820000000005BEFB008FC100000000000004F5B
:10183000E000000000000002400000000310000073
:1018400000000005FD000000000000EFF7000000B0
:1018500000008FFFF1000000002FFDEFA00000004E
:101860000BFB03FF30000004FFC04FFC000000DF53
:10187000FD05FFF600007FFFF8CFFFE1001FFFFC32
:1018800004FFFF900AFFFFD27FFFFF20FFFFFFFF53
:10189000FFFFF6047888888888870000000000062B
:1018A00010000000000FC1FFF8002EFFFCCDFF620A
:1018B000EFDFF9002C4EF90F900002EF90070000C7
:1018C0002EF8880FA0CDFF80DFDFF9FFF8001EFFA4
:1018D000FC000000000FC000000000061000002700
:1018E000000000002EF90000002EFFF900002EF984
:1018F0002EF9002EF9002EF90BF900002EF4270026
:101900000000270027000000270BF900002EF42E0E
:10191000F9002EF9002EF92EF900002EFFF9000033
:10192000002EF90000000026000000000100000069
:10193000000000003FC0077777720003FFFC2EFF16
:10194000FFF9000FCFCFA00000E900041E93200094
:1019500000E900000E90000000E900000E90000079
:10196000B5E997000EC77773BFFFF6000DFFFFFDC7
:101970000BFF70000000000000A600BFFFF6000093
:1019800000FFFFFF988874FFFFFFFFFFFFFFFFFFCF
:10199000FFFFFFFFFFFFFFFFFFFFFFFFFFFFFFFF57
:1019A000FFFFFFFFFFFFFFFFFFFFFFBFFFFFFFFF87
:1019B000FB00000220000000003EE300000003EFF7
:1019C000FE3000003EFFFFE30000EFFFFFFE0000DF
:1019D000008FF8000000008FF8000000008FF80072
:1019E0000023328FF82332FFFE3993EFFFFFFFC948
:1019F0009CFFFFFFFFFFFF5C8F9AAAAAAAAAA8007C
:101A000000000003620000000000CFFE00000000A4
:101A10003FFFE000000009FFFD000000002DFF90E7
:101A2000000000004FF4000000000CFD0000010069
:101A300009FF40018EE11AFF7000EFFFDEFF90000A
:101A40000CFFFFFF6000008FFFE9100000027630FE
:101A50000000000007930000220AFFF2008FF5F952
:101A60001F708FF90CFCF88FF9001AEFFFF90000D6
:101A700000EFFC000007BFFFF6000AFFFABFF60008
:101A8000F91F70BFF60CFCF400BFF41AC600005634
:101A90000000034441200000FFFF5E40241FFFF5CB
:101AA000EE2FF4FFFFC882FF4FFFFFFF5FF4FFFF41
:101AB000FFF5FF4FFFFFFF5FF4FFFFFFF5FF4FFF55
:101AC000FFFF5FF4FFFFFFF4FF934444430FFFFF6A
:101AD000FF500068888871000048888887000FFFE1
:101AE000FFFFFB00F800000BFB0F800000BFF3FBC3
:101AF00077777DFF4FFFFFFFFFF4FFFF42DFFF4FD0
:101B0000FFC008FFF4FFFE00AFFF4FFFFCAFFFF484
:101B1000AFFFFFFFFD1000000000000FFFFFFFFF01
:101B2000F79AAAAAAAAA40000000000089999999E8
:101B3000993FFFFFFFFFF712222222220000000040
:101B400000009AAAAAAAAA4FFFFFFFFFF700000011
:101B5000000000BFFFFFFFFFFBFFFFFFFFFFFF4E87
:101B6000FFFFFFFFE4C3BFFFFFFB3CFF57FFFF7515
:101B7000FFFFF93DD39FFFFFFFD55DFFFFFFFFFF95
:101B8000FFFFFFBFFFFFFFFFFB01BBBA10005FFFBE
:101B9000F10007FFFB00009FFF60000BFFFFFF60ED
:101BA000EFFFFFF10EFFFFF800000CFE000000FF4A
:101BB0005000003FC0000007F3000000A900000033
:101BC00002000000002A5000000EFF8FFF2000FFDF
:101BD000F8FFF4000FFFEBBB3000FFF49992600FA9
:101BE000FF5FFF4FA0FFF5FFF5561FFF5FFFFFF4FC
:101BF000FFF5FFFFFF4EFF5FFFFFF40005FFFFFF54
:101C000040005FFFFFF40000444444000000150062
:101C100000000009F10000002DFFF900000EFFFF99
:101C2000F70005FFFFFFD0008FFFFFFF000AFFFF57
:101C3000FFF200DFFFFFFF506FFFFFFFFD0EFFFF12
:101C4000FFFFF6244444444300002FF90000000045
:101C500046000000BFFFFFFFFFFFF4FC8E8E8E8862
:101C6000E8F7F80C0C0B00B0F8FFECFCECEECFF84A
:101C7000FFA0C0A0772FF8FFECFCECEECFF8F80C3B
:101C8000000000B0F8FC8E888888E8F7BFFFFFFFEF
:101C9000FFFFF4000000000006300000000018EF15
:101CA000E000000029FFFFB000003AFFFFFF300016
:101CB0004CFFFFFFFC000BFFFFFFFFF5000EFFFFD7
:101CC000FFFFD000013444DFFF6000000000CFFEC2
:101CD0000000000000CFF80000000000CFF100007D
:101CE000000000BF900000000000260000009BBB29
:101CF000B2700FFFFF4F90FFFFF4FF9FFFFF5444B0
:101D0000FFFFFFFFFFFFFFFFFFFFFFFFFFFFFFFFE3
:101D1000FFFFFFFFFFFFFFFFFFFFFFFFFFFFFFFFD3
:101D2000FFFFFFFF34444444300000000000000087
:101D30000000059BCB950000008FFFFFFFFF800395
:101D4000EFFA53235AFFE3DFA100000001AFD26096
:101D500005BEFEB50052001CFFFEFFFC100002ECA9
:101D600040004CE200000100010001000000000AF8
:101D7000FA000000000000FFF0000000000006D69E
:101D8000000000377777777777750FFFFFFFFFFF4A
:101D9000FFF3F834444444444FDF8CFFFFFFFFF26D
:101DA000CFF8CFFFFFFFFF08FF89CCCCCCCCC3FF1F
:101DB000FB77777777779F9CFFFFFFFFFFFFE100BF
:101DC00000000000000000377777777777750FFF06
:101DD000FFFFFFFFFFF3F834444443004FDF8CFF65
:101DE000FFFFC002CFF8CFFFFFFC0008FF89CCCC7B
:101DF000CC9003FFFB77777777779F9CFFFFFFFF00
:101E0000FFFFE100000000000000003777777777E0
:101E100077750FFFFFFFFFFFFFF3F8344442000028
:101E20004FDF8CFFFF800002CFF8CFFFF8000008E3
:101E3000FF89CCCC600003FFFB77777777779F9C97
:101E4000FFFFFFFFFFFFE100000000000000003780
:101E50007777777777750FFFFFFFFFFFFFF3F83492
:101E6000410000004FDF8CFF40000002CFF8CFF4AC
:101E700000000008FF89CC30000003FFFB77777774
:101E800077779F9CFFFFFFFFFFFFE100000000004E
:101E9000000000377777777777750FFFFFFFFFFF39
:101EA000FFF3F800000000004FDF80000000000298
:101EB000CFF8000000000008FF800000000003FFD2
:101EC000FB77777777779F9CFFFFFFFFFFFFE100AE
:101ED0000000000000000000000000000000000002
:101EE000000025FB000000000005CBFE0000000103
:101EF000000D10420000009FD1680000006800FF44
:101F0000FEEEEDDDDDEFC09FD100B3000068000103
:101F100000003B0574000000000009BEFB0000004B
:101F20000000002DFB000000000000000000000089
:101F300000342000006EFEFD2004FFF3FFD00CFFF4
:101F4000F04FF50FD5F295F82FF7413CFA3FFF60BF
:101F5000AFFB3FFE204FFB2FE29275FA0FEBF149EA
:101F6000F809FFF09FF201DFF9FF900006AB950042
:101F700000048870000BCCFFFFDCC5BCCCCCCCCC03
:101F80005288888888604FFFFFFFFC04FAAE6F5FBD
:101F9000C04FAAE6F4FC04FAAE6F4FC04FAAE6F4B5
:101FA000FC04FAAE6F4FC04FAAE6F5FC03FFFFFF3B
:101FB000FFB00688888872000000000001710000F0
:101FC000000002EFD1000000015FFFC0000002EA44
:101FD0005FFD000002EFFA5D200002EFFFF8000055
:101FE00002EFFFFE200002EFFFFE200002EFFFFEE7
:101FF000200000BFFFFE2000000DFFFE20000000BB
:10200000FFFE20000000066410000000000005EF45
:10201000FFFFFFFF8005FFFFFFFFFFFF05FFFF91B1
:10202000DD19FFF5FFFFFD1111DFFFEFFFFFFB00E3
:10203000BFFFF5FFFFFD1111DFFF05FFFF91DD1968
:10204000FFF005FFFFFFFFFFFF0004EFFFFFFFFFB3
:102050008000178887202DFFFFFD2EA0B378FEFAA1
:102060000B378FFFFFFFFFFFFFFFFFFFFFFFFFFFAC
:10207000FFFFFFFFFFFFFFFFFFFFFFFFFFFFFFFF70
:10208000FFFFFCFFFFFFFC0444444400000000008D
:102090000002000000000004F00069000000DF0002
:1020A0007FC000000DF08FFFDDDDDDFF0BFFFFFFC8
:1020B000FFFFF00BFC00000000000AC00000000061
:1020C0000000000000000000000000000000000010
:1020D000000040030000000000003003030900007E
:1020E0000E00B00404040005160070080909000081
:1020F0003F007007070D00FE6D00200A0A0900006E
:102100009A004008090A00FFC70080020204000587
:10211000CB001004030D01FDDF001004030D00FDD2
:10212000F300D004050500050001000707060002C2
:102130001501C002030400FE1B01A00404020002FA
:102140001F01C0020302000022014004060DFFFF30
:1021500049010008080900006D017004040900002D
:102160007F01E006070900009F01E0060709000063
:10217000BF01000808090000E301E00607090000AC
:102180000302600708090000270230070709000062
:102190004702C007080900006B026007070900003A
:1021A0008B02C002030700009602C002030900FE72
:1021B000A402000707070001BD020007070500028F
:1021C000CF02000707070001E802E0060709000048
:1021D0000803700C0C0C00FD5003D0080A09FF0026
:1021E0007D03100908090100A103B00809090000D6
:1021F000CA03F00909090100F303100807090100E7
:102200001304A0070709010033044009090900006D
:102210005C04C009080901008004C0030209010030
:10222000890420060609FF00A404A008080901008B
:10223000C804200707090100E804700B0A0901001F
:102240001505C009080901003905100A0A0900002E
:102250006605B008080901008A05100A0A0C00FD8D
:10226000C605C00808090100EA0570070709000053
:102270000A061007070900002A068009080901005C
:102280004E0690080A09FF007B06800D0E0900002B
:10229000BA06100808090000DE06C0070909FF0099
:1022A0000707E007080900002B070004030D01FDE4
:1022B0003F074004060DFFFF66070004030D00FD05
:1022C0007A070007070600028F070006060100FFD5
:1022D000920730070402010896073007070700003D
:1022E000AF073008070A0100D207E0060707000021
:1022F000EB073008080A0000130860070707000012
:102300002C084004050A000045084008080A00FDA2
:102310006D083008070A010090086003030A0000F6
:102320009F087003050DFEFDC0086007070A010045
:10233000E3086003020A0100ED08B00C0B0701007E
:1023400014093008070701002D09A007080700003D
:1023500049093008070A01FD6C093008080A00FD28
:102360009409F00404070100A20900060607000012
:10237000B709F00405090000CE092008070701008D
:10238000E709B0060807FF00030AD00A0B070000A0
:102390002A0AA00607070000430AB006080AFFFD44
:1023A0006B0A400606070000800A3004040D00FD99
:1023B0009A0A9003020D01FDA70A3004040D00FDE6
:1023C000C10A000707020004C80A00050505000548
:1023D000D50AC00303030002DA0A000C0C0D00FE4C
:1023E000280B000C0C0900005E0B000C0C0B00FF0E
:1023F000A00B000C0C090000D60B400809090000D6
:10240000FF0B000C0C0D00FE4D0C000C0C0D00FE23
:102410009B0C800D0E0B00FFE80C000C0C0D00FE59
:10242000360D800D0E090000750D000C0C0D00FE20
:10243000C30D0006060A00FFE10D0009090A00FFAE
:102440000E0E800D0E0D00FE690E000C0C09000032
:102450009F0E4008090D00FEDA0E800A080C01FEEE
:102460000A0F800A0B0D00FE520F800A0B0B00FFB3
:102470008F0F800A0B0B00FFCC0F800A080C01FEA7
:10248000FC0F800A0C0BFFFF3E108007070B00FFBC
:1024900065108007070B00FF8C10800A0B0B00FFF4
:1024A000C910800A0B030003DA10800D0E0900002A
:1024B0001911000F100D00FE8111800D0F0DFFFE90
:1024C000E311000C0C0B00FF2512800A0B07000122
:1024D0004C12800A0B0700017312000F100AFF0054
:1024E000C312000C0C090000F912000C0C0D00FEC8
:1024F0004713000C0D0DFFFE9C13800A0B0B00FF11
:10250000D913800A0B0D00FE2114800A0B0B00FF6B
:102510005E14800A0B0B00FF9B14000C0C090000DA
:10252000D1148007090DFFFE0C15800A0B0D00FE6B
:102530005415800A0B0D00FE9C15800D0E0900003D
:10254000DB15000C0E0DFFFE36160009090D00FE0E
:102550007116000F0F0C00FFCB16000F0F090000C3
:102560000F17000F0F0900005317000F0F0900008D
:102570009717000F0F090000DB17000F0F0900006D
:102580001F18000F100B00FF7718800A0A0D00FEBD
:10259000B818800A0B0D00FE0019000C0D0DFFFE8F
:1025A0005519000F0F09000099190009090D00FEC7
:1025B000D419100C0D0900000000721F51EF58EFE4
:1025C0005BEF5CEF5DEF61EF63EF65EF69EF6CEF81
:1025D00071EF76EF77EF78EF8EEF93EF98EF9BEF59
:1025E0009CEF9DEFA1EFA2EFA3EFA4EFB7EFB8EF41
:1025F000BEEFC0EFC1EFC4EFC7EFC8EFC9EFCBEF3D
:10260000E3EFE5EF14F015F017F019F030F037F0C4
:102610003AF043F06CF074F0ABF03BF190F191F1D3
:1026200092F193F194F1D7F1E3F13DF254F2AAF46F
:1026300012F7F2F7200000005F0001000000000028
:102640000000000000000200B0000000F3F760008E
:10265000B8250308000000003E000300000001024E
:102660000003040502060708090A090A0B0C000DFD
:102670000E0F101112130C14140000001516171869
:1026800019161A1B1C1D1D1E1F201D1D162122237D
:1026900003241E2525262728292A2B002C002D2E31
:1026A0002F303132332D343435302D2D2E2E363718
:1026B0003839333A3A3B3A3C290000093D090000D9
:1026C000000000000000000000000000000000000A
:1026D00000000000000000000000000000000000FA
:1026E00000000000000000000000000000000000EA
:1026F00000000000000000000000000001020003D4
:10270000040502060708090A090A0B0C0D0E0F1032
:10271000110C1213141515000000161718191719AB
:1027200019191719191A1919191917191719031B32
:102730001C1D1D1E1F2021222300240025262727C3
:1027400027002726282926262A2A272A272A2B2C2B
:102750002D2E2E2F2E3000002309310900000000FD
:102760000000000000000000000000000000000069
:102770000000000000000000000000000000000059
:102780000000000000000000000000000000000049
:102790000000000000000000000100000000000038
:1027A0000001000002000000000100000000000025
:1027B0000000000000000000000001000000000018
:1027C00000000000000000000001090005FC0000FE
:1027D0000000F5F401090403F801090108020600EC
:1027E000000000000000000000000C02FF000000DC
:1027F0000000000000000000000400FA00000000DB
:1028000000FC03040000FE00FF0200FE00FEFFFCCF
:1028100000000000FE0000FEFD0000FE00FC0000C5
:1028200000000000000000FEFE00FD00FB00E900CB
:1028300000FC0004060000FC02020604FD04000087
:10284000F50000000000000000000000F90000009A
:102850000000000000000000000000FBFEF700F890
:10286000FF00000000000700FAFEFF0100FD00006D
:10287000FFF20000000000000000000000F1FE0771
:10288000000000000000000000000000F800000050
:10289000000000000000000600020000FC00000034
:1028A000000000000000000000000000000007021F
:1028B0000100000000000000000000000000000017
:1028C0000000000000000000000000000000000008
:1028D0000000000000000000F900000000000000FF
:1028E00000000000000000000000000000000001E7
:1028F000040206FE000004FEFAE601050400FE00E4
:10290000070006000600EE00FE060006FE040200B8
:102910000001FE0000FD0F000F0006000802030684
:10292000000000F90000000001FF0001FDFEFC01B5
:1029300000FE000000F800000000000000000000A1
:1029400000F4000000000000000000000000000093
:102950000001F500F400000000FF0013FEFE02027B
:10296000FE00FE020000F600000000000000000073
:102970000000ED0002000000000000000000000068
:1029800000F4000C0000F9000600F3EDF3FC060073
:1029900000F30002FC00FD00000000000000000049
:1029A0000000000506E90000000000000000000033
:1029B000000009000100000000000101FEFC00FF12
:1029C000FFFE0000FF000000FC00FE00FCFC00FB1E
:1029D000FAFAFC00FC00FC00000000FE000002000F
:1029E00001FE000100000002FF000000FF0202FFE4
:1029F000000000FC00FF0000000000010002FF00DA
:102A0000FE00FD0000FF00060000FE0000000000C8
:102A1000FF01FFFF0000FE00FE00000000000000BC
:102A20000000FFFF00FEFE0000000000010000FFAC
:102A300000FEFEFE000000000000000000FF00009D
:102A40000000FFFE00FD00FAFFFA040000FC020493
:102A50000500FBFFFE00FFF702FF01F60200000188
:102A6000F600F6FEEFFF00F600040500020000008D
:102A7000000000FDFE00FA000000FE000000FE0065
:102A800000000000FFFF00FFFE000000000000004B
:102A9000FEFE00FFFEFE0000FE0000000000000041
:102AA00000000000FEFE00FE00FF00FC020000FE31
:102AB000010202000000000000FF00000000000111
:102AC0000000FE00FEFFFE0000000000000002000B
:102AD000FE00000000FEFD00FC0006FF01FA000001
:102AE00005F6F6F8FC0200FEF4FD00FD00FC03FD17
:102AF000F400FB000001FF02FF000200FAF900F6FB
:102B0000FBFCFBFAFEFB00FCFB01000100FE0000E9
:102B1000000100020000000000000000000000FEB4
:102B200000FF00FFFE00FDFCFCFF00FA00000000BB
:102B30000000FE0000000001FF0000000200000095
:102B4000000000000009000000000000010000007B
:102B5000FE0000000000000000000000FD00020078
:102B6000000000000000000000000000FF00000066
:102B7000FC00000000F6FA000000FDF60000FE0276
:102B800000FB00000000000000000000FD0000FC51
:102B90000000000000000000000000000200FD0036
:102BA000000000020001FCFC00FEFEFE0000000030
:102BB0000000FA00FE00FDFE00FCFBFAFE00FC0037
:102BC000FA000000000F0000010000FE000200F803
:102BD0000000000000EEFD0606FEF80002FD00F613
:102BE000FFFE02F3FE020003F9FDF9FAF80000F41B
:102BF000000B0000FF000000FFFFFEFBFA00EE00EC
:102C000000000000000000000100000000000000C3
:102C1000000000000000000000FE00FFFEFD0000BC
:102C2000FC00FE00000000000000000000000000AA
:102C30000000FF00FC000004FF0200FC02FFFFFB9D
:102C4000FE00FEFEFF00FDFD0000FEFFFFFDFE009A
:102C500000FE0002FF00FC000000FC00FD00FDFD86
:102C6000020000000000000000FC0200FD00FFFE6A
:102C7000FAFFFFFFFFFFFEFF0000000000FEFEFE68
:102C80000000000002FF00FF000000FFFEFFFEFE4C
:102C9000FE000208FF00FB00FF0400FEF8FE030038
:102CA00000F7FD02FD0100FFFEFA00FD010000FD3E
:102CB0000000000202FCFC00FDFEFDFEFE00FD0126
:102CC000FCFD060000000000000000000200000003
:102CD00000000000000000000000000000000000F4
:102CE00000000000FD0000000000000000000000E7
:102CF00000000000000000000000000000000000D4
:102D000000000000000000000000000000000000C3
:102D1000FF000000000000000000000000000000B4
:102D20000000000000000000000000000000FEFEA7
:102D3000000000000000000000000000FD0000FE98
:102D40000000FEFE00000000FE00000000FF00008A
:102D5000000000FF00000000FD00FC000000FA0081
:102D600001FC0400FFF70000FCFE00F8FBFB000084
:102D7000F8FEF8F9F700FB00020DFE00FCFEFFFE76
:102D8000FDFBFDF9F8FCFE0000FF00010000F3FE72
:102D90000604FCF90001FA00F6FFFE04EEFE010055
:102DA00000F4FEF6FEF20000F3000B0100FF00004D
:102DB0000000FFFFF9FF00F400000000FA00FE0031
:102DC000FFFBF70000FFFDFAFE00FF00000000F728
:102DD000FEFAFAFEFDFBFEFD00FCFEFAFD00FEFC25
:102DE000FEFC000100FFFA000400FD0000000002EC
:102DF0000001FC0800FEFEFE000000000000FA00DA
:102E0000FE00FDFE00FCFBFAFE00FC0208000000D4
:102E1000000F0000010000FE0002000000000000A2
:102E20000000000000000000FFFC0000000000FFA8
:102E3000000000FEFE0000FCFE0000FC0003FF009E
:102E400000000000000100000000030402FE00FA80
:102E5000FD0006FAFAFCFC080302EFFF04FE00FE88
:102E600002FEF900FE02FEFEFAFE0000060400FB70
:102E700000F5FE06FEF901FEFAFAFE080200FD006A
:102E8000FB000206FCF9F8FB060001F2FE02FDFF62
:102E9000FC00FCF9FDFDFE0000FCFCFE000604FE4B
:102EA000F500F5FD00F9F5FFFAFDFAFB050000FE5F
:102EB00000FCFE00FEFD0003FA020000F600FEFC2E
:102EC000FDFFFAFBFAFC00FAFEFCFCFAFE00000132
:102ED00009FD00FAFE00FEFCFCFBFBF9FEFC040011
:102EE000FD00F6FE0104FAF9FCFA06FE01EEFD040F
:102EF000FCFDF900FAF8FEFEFEFEFCFAFF000006FB
:102F000005FFF400F4FC05F9F3FCF9F8F6FA040007
:102F1000000000FE000002FE0401FC040000FAFFB5
:102F200000FF000101FE000000000000FE000000A4
:102F30000002060000FE00000000FFFFFE0000008F
:102F40000102000000000200FE000700030101FE74
:102F5000000400000002000000000000000000006B
:102F60000006000500000000000000000000000056
:102F70000000F400FE03000600001302FCFC020245
:102F8000FF01F6000009F40000000000000000004E
:102F90000000F3071B00000000000000000000001C
:102FA00000F400000000000000000000000000002D
:102FB000000000000000000000000000FD0000FC18
:102FC000FE00000000000000000000000000000003
:102FD00000000000FF00FB00000100000219FCFEE1
:102FE0000605FB0200000202FE00000000000000D7
:102FF00000000000E70500000000000000000000E5
:1030000000000000000000FB000000FB00000000CA
:10301000FCFF000000FC00FE00F7000000000000C4
:103020000000000000F300000000010000000000AC
:1030300000FE0000FC00FD00FB000000FD02FE00A1
:1030400000FBFEFC0000FB00FE00F700FE0000F0AD
:10305000FCF8FEF90000F300FBFF00000000000098
:103060000000FDFDFEFD00000000FC00FC02FE046F
:1030700000FFFCFFFDFC00FEFFFF01FBFF00000066
:10308000EFFEFD00FC00FFF7FE0000FFFE00000069
:10309000000100FFFDFF0300000000000000000031
:1030A0000000000000000000000000000000000020
:1030B0000000000000000000000000000000000010
:1030C000000002000000000000FC00FF000000FC07
:1030D00002000000FBFEFC0000FB00FE00F7000009
:1030E0000000ED00FCF9F60000F300FFFD00000019
:1030F0000000000000FEFDFFFD01000003FE0006D1
:1031000009FEFEFA02090304FB0208020604050098
:10311000000000000000000000000C09FDFE00FEA1
:103120000F080F000000020000070000FD00000073
:10313000000000000000FF0000000000000000038D
:1031400000000000F0FEFEF8F70000F300000000B1
:1031500000000000000000000000000000FD000072
:1031600000000000000000FF000000000000000060
:103170000300000000F0FEFEF8F70000F800000079
:10318000000000000000000000000000000000003F
:10319000FE000000FC0200FE020302FA0000FE0234
:1031A000000200000000FB00FEFFFC00FEF8000C27
:1031B000FE00FCFF00FFFD00FEFBFCFE000000FD2A
:1031C000000000000000000000FF00000000000000
:1031D00000000300000000F0FEFEF8F70000F3001E
:1031E00000000000000A00000000000000000000D5
:1031F000FD00FAFEFE06FEFEF801FF01FFFB0004E3
:1032000000020102FBF8FE00F9FCFBF8F900FDFCEE
:10321000FEFEFEFFFEFF00FFFF030003FF000600AF
:103220000000000000000000000000FFFEFE0000A3
:10323000FB00FF00FD000000000000000000000097
:10324000F40000000000000000000000FEFE00FE90
:1032500000000000FE0000FDFE0200FDFCFF00FA81
:10326000FFFCFFFE00FD0000000000000000000069
:1032700000F300060000FD00000000FE00FE00005C
:10328000FF0000FF00FC000008FEFAFA0102020045
:10329000FB010301060106FFFB0000F80000FAFB3A
:1032A0000000FC00FEFD00FD00FD00FF0300FEFA33
:1032B000FE070000FE00FC000002FC0002FE02000F
:1032C00000FA00FFFF00FE02FE000000F8FEFC0016
:1032D000FA0000F70007FE00FD000100FE00FEFA04
:1032E00000FE0200000000FF000002FE010000FEE0
:1032F000FF00FE00000000000000000000000000D1
:1033000000000000F400040000FE000000000000C7
:10331000FEFE0000000400040000000000F4F501BF
:10332000080603F801080007000400000000000080
:1033300000000000000A0000000000000000000083
:103340000000000000000000982703085C26030826
:10335000FA2603083D310000B8060308C820030818
:10336000342603084833030810000228880300208D
:10337000C9A10108EDA001080F00030000FF010032
:103380005833030800000000000000000EA0D90D13
:1033900090C80C80B70A60110B80D91F0991F08882
:1033A0001F0880F088000000000D203C00000F0086
:1033B00069002FFFFFFFF7015C11A610006900C331
:1033C00000008800D2009FFFFFFFF012C523E2201B
:1033D00000D203C00000F004B00000007000000044
:1033E0000E00000000E0000019EFEA300CD6E6A75E
:1033F00002F40E00001F80E000006FEF5000001686
:10340000FFE500000E0AF00100E05F13F85E6EB009
:1034100005CFFE9100000E0000000070000008DDE6
:103420003000A7004B02D004C0007700D01D200060
:103430004B03D0A7000007DC34C4CC3000001D2DA6
:1034400022D00000A63B00B30005C03A00A3001D37
:10345000200D00D000A60004CC40004DFC30000040
:10346000F718C00001F205D00000BB6E4000005FFD
:10347000F3000007E6DB03802F301DBAA05F0001D8
:10348000DF401FB448FEC003BFFC40B20000000094
:10349000001F01F01F00F0000003F10B900F404FE0
:1034A000007D009B00AA00AA009B007D004F000F3A
:1034B000400B9003F15E000E6008C004F001F300C1
:1034C000F500E600E600F501F304F008C00E605ECA
:1034D0000000930088A6C209FE404DDDB142935022
:1034E000005200000450000008A0000008A0001FC7
:1034F000FFFFF30339B3300008A0000008A000016B
:1035000003F61E60E12C00000003FFF903331000F6
:1035100003F52E4000000E400004E000009A000079
:103520000E400004F000009A00000E400003F0007E
:10353000009A00000E500003F000009A00000E50A8
:103540000003F00000004CFE70004FB68F900DB0ED
:10355000005F32F40000E74F20000CA4F20000CA24
:103560002F40000E70DB0005F204FB68F90004CF69
:10357000E700EFFB44CB00AB00AB00AB00AB00AB14
:1035800000AB00AB00AB07DFEA108E857EC0010008
:1035900006F1000006F000000D900000CC00001CB9
:1035A000C00001DB00001DE544427FFFFFF97FFF03
:1035B000FFF024445F900000BC000009E100003FE0
:1035C000D81000046DD0000002F4100002F4BD75A4
:1035D0007DD019DFEA1000000DA0000000AC000053
:1035E0000007E10000004F40100002F600F5001D4A
:1035F000A000F5007FFFFFFFF3133333F730000027
:1036000000F500000000F50009FFFFF00AB4444097
:103610000C8000000E7000000FFFFC4003345CF2D1
:10362000000000F7100000F78E856CF108DFFB301A
:10363000002AEFD5003FD657400CC0000002F4002E
:1036400000004F5BFFA104FE845DD03F80003F304F
:10365000E80003F206F845DC0005DFE9109FFFFFF4
:10366000FD9D4444E99C0004F200000BB000002FD3
:10367000400000AD000001F6000008E000000E80F0
:1036800000006F1000019EFE9100BE636EC00F60CF
:10369000006F00CC202BC002EFFFE200DC424CD0D8
:1036A0005F20001F55F20002F50ED535DE001AEF3F
:1036B000EA1003BFEA202FA44BE18E0000E99D0031
:1036C00000DD4F7129FF07FFFC9E000210AC0000D7
:1036D00002F607658FB00AEFD7002E53F500000001
:1036E0000000003F52E42E53F50000000000002EC1
:1036F00052F60D21D001000000003100006CF201F3
:103700008ED6000FC300000AFB40000017EE7000C9
:103710000005C3000000001FFFFFF3033333300038
:10372000000000000000001FFFFFF30333333004EC
:103730000000000ED71000005CF92000002AF20003
:1037400003AFB106DE82001C60000000000000072D
:10375000DFEA109E746EC0010006F0000009C00090
:10376000008E200006F2000008700000000000003B
:103770000B8000000C900000006CEFDA4000003D70
:10378000A41016D90001E509EE98CA900A80BD433D
:10379000AFC0D30F13F2000CC0693C06D00007C0C5
:1037A0003B4B06D00007C02C3C03F2000CC04A0F74
:1037B00010BD439EE3C50A8009EE91CF9001E5005C
:1037C00000000000003DA41028000000007CEFD99C
:1037D000100000000CF1000000003FD700000000C6
:1037E000B96E00000002F20E50000009A007D000E0
:1037F000001F3000F400007FFFFFFB0000E73333C1
:103800004F2005F000000C900C90000006F18FFF97
:10381000FEC408E3334BF28E00001F58E00018F19D
:103820008FFFFFF808E33337F68E000009C8E00089
:10383000009D8E33347F78FFFFFD700007CFFB4083
:1038400000CF966AF50AE20000301F600000004FCA
:10385000200000004F200000001F600000000AE26E
:1038600000003001CF966AF50007DFFB408FFFFEB6
:10387000A4008E4446CF708E000007F38E00000037
:10388000DA8E0000009D8E0000009D8E000000DAA0
:103890008E000007F38E4446BF708FFFFEA4008F9A
:1038A000FFFFF68E4444418E0000008E0000008F22
:1038B000FFFFC08E3333208E0000008E0000008E8C
:1038C0004444428FFFFFF98FFFFFF68E4444418E40
:1038D0000000008E0000008E0000008FFFFFC08EF1
:1038E0003333208E0000008E0000008E00000000A8
:1038F00007CFFC5000CF966AF60AE20000201F6056
:103900000000004F200000004F200000B91F6000A1
:1039100000B90AE30000B900CF966AF80007DFFC9F
:10392000608E000008E8E000008E8E000008E8E0ED
:1039300000008E8FFFFFFFE8E333339E8E00000808
:10394000E8E000008E8E000008E8E000008E8E8E19
:103950008E8E8E8E8E8E8E8E02FFFFC00444BC0033
:103960000009C000009C000009C000009C00000984
:10397000C02000BA0EB58F603CFE808E00004F5014
:103980008E0004F6008E003F70008E03F800008E5B
:103990002EC000008EECF600008FB07F30008E004D
:1039A0000AE1008E0000CC008E00001EA08E0000F8
:1039B000008E0000008E0000008E0000008E0000CF
:1039C000008E0000008E0000008E0000008E444437
:1039D000408FFFFFF28E00000008E8F7000002FEB3
:1039E0008FF10000BFE8DCA0004F9E8D2F300D87C7
:1039F000E8D09C06E07E8D01E7E507E8D006FC00F4
:103A00007E8D000A2007E8D00000007E8E1000089E
:103A1000E8FC00008E8FF90008E8E6F6008E8E09BB
:103A2000F308E8E00CE18E8E001EB8E8E0003FEEFF
:103A30008E00006FE8E00000AE0007CFEB50000002
:103A4000CF966BF9000AE200005F601F6000000A79
:103A5000D04F20000006F04F20000006F01F60004D
:103A6000000AD00AE200005F6000CF966BFA000007
:103A700007DFEB50008FFFFD7008E4458FB08E002C
:103A8000005F38E00001F58E00003F48E0014DD0B6
:103A90008FFFFFB208E33310008E00000008E00043
:103AA00000000007CFEB500000CF966BF9000AE250
:103AB00000005F601F6000000AD04F20000006F089
:103AC0004F20000005F01F6000000AD00AE200004D
:103AD0005F6001DF855AFA000008DFFC500000003B
:103AE00001EC21940000001BFFC100000000120047
:103AF0008FFFFD7008E4458FB08E00005F38E00056
:103B000001F58E00003F38E0014DD08FFFFFC20865
:103B1000E333DA008E0002F608E00005F3019EFDB3
:103B2000A200CE646B702F40000001F80000000678
:103B3000FD950000016AEE500000009F0020000586
:103B4000F13FA547EB004BEFE910FFFFFFFF2444D7
:103B5000BD44400009C00000009C00000009C000F6
:103B600000009C00000009C00000009C000000094B
:103B7000C00000009C00009C00000BA9C00000BA1F
:103B80009C00000BA9C00000BA9C00000BA9C0005B
:103B900000BA8E00000D94F40003F50CF868FD00E7
:103BA00009EFE9100CB000000AC05F200001F50029
:103BB000E900008E0008F0000E70001F6005F100A3
:103BC00000AD00C9000003F43F3000000CBAC00093
:103BD00000005FF500000000EE00006F10000DB067
:103BE0000002F21F60003FF10008D00BB0008BE62E
:103BF000000D7006F000E69B002F2001F503F14F49
:103C0000108D0000CA09B00E60D800006F0E600968
:103C1000B2F300001F9F1004F9D000000CFB00005D
:103C2000EF80000007F600009F30003F50000DA01D
:103C300008F2009D0000CC04F300002F9E700000ED
:103C400006FC00000009FE1000004F4DB00001E826
:103C500002F7000BD0007F207F20000BD00CB000BB
:103C6000009C002F50002F30009E000C900000E8B8
:103C700005F1000005F3E60000000CFD0000000067
:103C80003F4000000002F3000000002F3000000061
:103C900002F300004FFFFFFF9144444AF30000038A
:103CA000F6000001EA000000CC0000009E100000B9
:103CB0006F4000003F7000001ED4444436FFFFFFF9
:103CC000FC8FF68D318D008D008D008D008D008D67
:103CD000008D008D008D008D008D318FF65D000010
:103CE00000F200000B8000006D000001F200000BEC
:103CF0008000006D000001F200000B7000006D00FC
:103D00000001F200000B7000006D000001F2BFF333
:103D100025F302F302F302F302F302F302F302F3D8
:103D200002F302F302F325F3BFF300AD00001EC45B
:103D3000000885A000E20E105B00970B5002E0EE39
:103D4000EEEEE00BC00009B004CFEA100B745DB0DA
:103D5000000004F004CEEEF21F8214F24F1004F2C1
:103D60001F703DF204DFD7F2BA000000BA00000075
:103D7000BA000000BA8EFC30BFD54BF3BE1000CAAB
:103D8000BA00007EBA00007EBE1000CABFD55BF349
:103D9000B98EFC30007DFD6009F748F42F500020FB
:103DA0005F0000005F0000002F50002009F748F47A
:103DB000007DFD600000001F40000001F4000000D5
:103DC0001F4008EFC4F40AF748FF42F50007F45F0C
:103DD00000002F45F00001F42F50006F40AE637ECD
:103DE000F4008EFC4F40008EFC400AD538F42F20A2
:103DF000008C5FEEEEFF5F2111112F70001009F8AB
:103E000046E4007DFE80009EE305F44108C000CF3B
:103E1000FFF029D32008D00008D00008D00008D037
:103E20000008D00008D000007EFC4E60AF747FF622
:103E30002F50005F65F00000F65F00000F62F60093
:103E400006F609F747FF5007EFC4F50000003F20D2
:103E5000CB646EB003AEFD8000BA000000BA000073
:103E600000BA000000BA8EFB20BFC56DD0BE0003B3
:103E7000F2BA0000F4BA0000F5BA0000F5BA00008A
:103E8000F5BA0000F5BAA800BABABABABABABABA5C
:103E9000000AB0009900000000AB000AB000AB00BF
:103EA0000AB000AB000AB000AB000AB000AA064E90
:103EB00071DFA0BA000000BA000000BA000000BA2A
:103EC000001CC0BA01CC00BA1CD100BBCF6000BF3F
:103ED000DBE100BD11DC00BA003F70BA0007F3BAA5
:103EE000BABABABABABABABABABAB99EFA15DFD475
:103EF0000BFB45EDE64AF2BE0006F6000E7BA00085
:103F00004F2000C9BA0003F1000C9BA0003F100035
:103F1000C9BA0003F1000C9BA0003F1000C9B99E74
:103F2000FB20BFB45DD0BE0003F2BA0000F4BA00BB
:103F300000F5BA0000F5BA0000F5BA0000F5007D02
:103F4000FD60009F748F702F50007F05F00001F31B
:103F50005F00002F32F50007F009F748F70007DF90
:103F6000D600B98EFC30BFC43AF3BE1000CABA0006
:103F7000007EBA00007EBE1000CABFD55BF3BA7ED9
:103F8000FC30BA000000BA000000BA000000008E49
:103F9000FC3F40AF748EF42F50007F45F00001F4D9
:103FA0005F00002F42F50007F40AF748FF4008EFD2
:103FB000C4F40000001F40000001F40000001F4096
:103FC000B98E4BFD71BE100BB000BA000BA000BA49
:103FD000000BA00005DFEA13F735A06F000001EE2B
:103FE0009610016AEF300000D96C646F62AEFD700C
:103FF00008D00008D000CFFFF029D32008D0000857
:10400000D00008D00008D00005F551009FE3C8009B
:1040100002F3C80002F3C80002F3C80002F3C900AB
:1040200003F3AB0007F35F837EF306DFC5F30D9068
:10403000000AA06E0001F300F5007D0009C00E60CB
:10404000003F24F00000C8B9000006FF3000000F58
:10405000C000C80006F1000D56D000CF6003F01F6D
:10406000302F9C009A00B807B2F10E4005E0D60C44
:1040700074E0000F6F007C990000AFA001FF4000CA
:1040800005F4000BE0004F3007E109D02F4000D9C4
:10409000D900003FD000004FE10001E7BB000BB0AA
:1040A0001E707E1005F30D90000AA06F0001F30052
:1040B000F6007D0009C00D60002F34F00000C9A992
:1040C000000005FF2000000EC0000000E500009485
:1040D000AD00001BFC2000005FFFFFA13337F400A0
:1040E00001E70000CB00008E10004F40001EA333FC
:1040F00026FFFFFC006EA00F9201F4001F4001F4A8
:10410000003F303FC0006F3001F4001F4001F40059
:104110001F4000FA2005EA8B8B8B8B8B8B8B8B8B54
:104120008B8B8B8B8BBE5002AE0005F0005F0005C1
:10413000F0004F1000DF104F5005F0005F0005F059
:10414000005F002AE00BE40007EC40B41E25DFC04E
:104150000100000004CC302B01C05700932B01C09C
:1041600005CC3006A10FF60BE200000000000000B5
:104170000000000000027BFB000000049DFFFFD058
:104180000003AFFFFFFFFD0000AFFFFFFFDFD00028
:104190000AFFFFB610ED0000AF9400000ED0000A39
:1041A000F1000000ED0000AF1000000ED0000AF199
:1041B000000045FD0000AF1001EFFFD0179DF1009A
:1041C0005FFFFC0EFFFF1000AFFD31FFFFE00000BE
:1041D000010003BDA30000000000501888888884F7
:1041E00005FABFDDDDDDFDAFE47F100000CA4EE063
:1041F0004F100000C80EFEEF100000CFEFE03FEEC2
:10420000EEEEF80EF68F766666EB6FF8AF100000F4
:10421000CC8FE03F100000C80EFCDF655555EECF97
:10422000C25FFFFFFFF92C57750577777775FFFFA2
:104230001FFFFFFFFFFFFF2FFFFFFFFFEFFF0EFF3F
:10424000FFFFFE01100011111110EFFE0EFFFFFF26
:10425000FEFFFF2FFFFFFFFFFFFF1FFFFFFFFF68B6
:1042600087078888888668870788888886FFFF1F71
:10427000FFFFFFFFFFFF2FFFFFFFFFDFFD0DFFFF32
:10428000FFFD0000000000015000000000001DF8CC
:104290000000000001DFFD000000001DFFE22D60B6
:1042A0000001DFFE20DFF7001DFFE2008FFF71DF5E
:1042B000FE200008FFFEFFE20000008FFFFE20004E
:1042C000000008FFE200000000007D200000000068
:1042D000000000007F60000BE2EFF600BFF84FFF28
:1042E0006BFFD104FFFFFD10005FFFE10000BFFF87
:1042F000F6000BFFDFFF60BFFD14FFF5CFD1004FCD
:10430000F61710000360000000110000000000001C
:10431000FF000000006F21FF12F70006FF61FF168B
:10432000FF601FF901FF109FF16FE001FF100EF613
:10433000AF8001FF1008FACF6001FF1006FCAF80CC
:1043400000AA0008FB7FD00000000DF71FF8000056
:10435000008FF107FF91002AFF70009FFFEEFFF929
:10436000000005CFFFFD50000000024420000000C7
:1043700000000000000000000AFFA0000000000C88
:10438000FFC0000003D6DFFFFD6D300EFFFFFFFF13
:10439000FFE05FFFFFAAFFFFF51AFFF4004FFFA148
:1043A00003FFD0000DFF3004FFF0000FFF404FFF70
:1043B000FB22BFFFF42FFFFFFFFFFFF209FEFFFF0D
:1043C000FFEF9000505EFFE5050000000CFFC0000D
:1043D00000000004774000000000000310034100CB
:1043E0000000009FF50DF50000001BFDFF8DF5009E
:1043F0000002DFB12DFFF500004FF83EC2BFF5000F
:1044000007FF55FFFE39FE409FE38FFFFFF56FF674
:10441000AC2AFFFFFFFF73E6005FFFFFFFFFF10025
:10442000006FFFD77FFFF200006FFF900DFFF200DB
:10443000006FFF900DFFF200004FFF700BFFE100D7
:104440000000003300000000000BFFB0000000007F
:104450000CFFC0000000000CFFC0000000000CFFBB
:10446000C0000000000CFFC00000008FFFFFFFF83D
:1044700000002EFFFFFFE2000002EFFFFE20000021
:10448000002DFFE20000799982DE289997FFFFFB5B
:1044900022BFFFFFFFFFFFFFFFFFFFFFFFFFFFFA4E
:1044A000B3CFACCCCCCCCCCCCA0006BBBBBBBA30F7
:1044B00000004FFFFFFFFFE10000EF30000006FBB0
:1044C0000009F800000000CF504FD0000000002F7E
:1044D000E1DF84420000344BF9FFFFFD0001FFFFE4
:1044E000FBFFFFFF988BFFFFFCFFFFFFFFFFFFFFBE
:1044F000FCFFFFFFFFFFFFFFFB9FFFFFFFFFFFFF33
:10450000F60000000000003300018DFFC600EF0040
:104510004EFFFFFFE4DF04FFB3004CFFFF0EF90086
:1045200000008FFF6FC00001FFFFFF8E500001DE13
:10453000EEED000000000000002222220000002119
:10454000FFFFFF100008F8FFFBBC10001EF4FFFC8B
:10455000100001DFC0FEEFE8448EFE10FE1AFFFFE0
:10456000FFC100FD0028BB940000000002700002A3
:10457000EF0002EFFDFFFFFFFFFFFFFFFFFFFFFF69
:10458000FFFFFFFFFFFF3447FFF00005FF000005BE
:10459000C00000000000027000000002EF000000F8
:1045A00002EFF0000DFFFFFF0220FFFFFFF08E1F64
:1045B000FFFFFF00E7FFFFFFF03F5FFFFFFF0890F7
:1045C0003447FFF000000005FF0000000005C000B8
:1045D0000000000000000000000000077000000064
:1045E00002700005FA0000002EF000814F6000020A
:1045F000EFF001DD07F0DFFFFFF0321E80F6FFFF76
:10460000FFF08E27E0B9FFFFFFF00E73F19BFFFF75
:10461000FFF03F54F09AFFFFFFF0890AC0D83447FB
:10462000FFF0007F43F300005FF002F60CB00000E3
:1046300005C00000BF10000000000009E3000000FA
:1046400000000002100037888888888873EFFFFF19
:10465000FFFFFFFEFE32DFFFFFFFFFF9007FFFFDE0
:10466000FFFFFD10CFFFA07FFFFFFFFFFA0007FF56
:10467000FFF35FA00000CFFF3003000000CFFC007D
:1046800000000000CFFFCCCCCCCCCCFFAFFFFFFFB5
:10469000FFFFF900002000000001FA00000006FF03
:1046A0001000000DFF7000006FFFF10001EFFFFA36
:1046B000000BFFFFFF605FFFFFFFE0CFFFFFFFF694
:1046C000FEBFFFFFF9FD4FFFFFF9BF49FFFFF53FB9
:1046D000E52EFFD006FFFFFD200028BA6000043061
:1046E0000000311FE00006F91FE0007FFA1FE0091B
:1046F000FFFA1FE0AFFFFA1FEBFFFFFA1FFFFFFFFC
:10470000FA1FFFFFFFFA1FE6FFFFFA1FE05FFFFA45
:104710001FE004FFFA1FE0003EFA0FD00002D700AE
:10472000000000000200000000000CFB2000000060
:1047300000FFFF900000000FFFFFE6000000FFFFFA
:10474000FFFC30000FFFFFFFFF9100FFFFFFFFFFA7
:10475000E60FFFFFFFFFFFF2FFFFFFFFFFFD0FFF71
:10476000FFFFFFF800FFFFFFFFB2000FFFFFFD405C
:104770000000FFFFF70000000FFFA1000000006A2B
:104780004000000000001444200144420DFFFF10CF
:10479000DFFFF1FFFFF30FFFFF3FFFFF40FFFFF4DD
:1047A000FFFFF40FFFFF4FFFFF40FFFFF4FFFFF499
:1047B0000FFFFF4FFFFF40FFFFF4FFFFF40FFFFF6E
:1047C0004FFFFF40FFFFF4FFFFF40FFFFF4FFFFF1E
:1047D00030FFFFF39FFFC009FFFC00144444444432
:1047E000420DFFFFFFFFFFF1FFFFFFFFFFFF3FFF56
:1047F000FFFFFFFFF4FFFFFFFFFFFF4FFFFFFFFF84
:10480000FFF4FFFFFFFFFFFF4FFFFFFFFFFFF4FF7E
:10481000FFFFFFFFFF4FFFFFFFFFFFF4FFFFFFFF63
:10482000FFFF4FFFFFFFFFFFF39FFFFFFFFFFC00B6
:1048300002100000420FE20003FB0FFE3004FB0FEA
:10484000FFF404FB0FFFFF54FB0FFFFFFAFB0FFF0A
:10485000FFFFFB0FFFFFFFFB0FFFFFD6FB0FFFFD6F
:1048600014FB0FFFC104FB0FFB0004FB0CA00003B3
:10487000FA00000000000000001200000000000329
:10488000FF60000000002EFFF500000001EFFFFFB9
:104890004000001DFFFFFFF30000CFFFFFFFFE20E1
:1048A0000AFFFFFFFFFFE00EFFFFFFFFFFF203998C
:1048B0009999999950058888888888700FFFFFFF1B
:1048C000FFFFF30FFFFFFFFFFFF40BFFFFFFFFFFF3
:1048D000D1000000000000003F9000003FFC0000FD
:1048E0003FFD10003FFD10003FFD10001FFD1000B8
:1048F00000CFF4000000CFF4000000CFF40000006F
:10490000CFF4000000CFE0000000A4000000000091
:1049100000CD1000001FFD1000003FFD1000003F03
:10492000FD1000003FFD1000003FFD000008FF905B
:104930000008FF900008FF900008FF900002FF9021
:10494000000007800000000000045000000000028A
:10495000FF60000000003FF70000000003FF700050
:104960000000003FF7000006999AFFC99980FFFFF9
:10497000FFFFFFFF3DFFFFFFFFFFF201113FF711B8
:1049800010000003FF70000000003FF7000000006F
:1049900003FF70000000000CD30000006999999992
:1049A00099980FFFFFFFFFFFF3DFFFFFFFFFFF20DF
:1049B0000000000000000000015664000000000339
:1049C000BFFEEFF91000007FFA1003DFE40008FFDC
:1049D000A009B41EFF504FFF200BFF26FFE1EFFFA1
:1049E00009CFFF63FFFABFFF09FFFF54FFF61EFF69
:1049F00051DFFB09FFB003EFE204305FFC10002C35
:104A0000FF956AFF9000000049DFFD920000000062
:104A100000000000000000CD2000000000000000A9
:104A20008FF50014664000000004EFACFFEFFF912B
:104A30000000001CFFA1004DFE300000009FF5AB00
:104A400031EFF40007B105FFFFE17FFE100FFE30EC
:104A50002DFFF54FFF900CFFE000AFF65FFF600207
:104A6000FFF40006FFEFFB00004FFD10003EFFC00B
:104A7000000002DFE85401BFE300000005AEFF6064
:104A800007FF60000000000000004EF6000000007C
:104A900000000001A1000000000000000000000074
:104AA000003ED00000000000000CFF80000000006D
:104AB0000006FFFF200000000000EFFFFB000000E9
:104AC00000008FFCCFF4000000002FFB00FFD0009F
:104AD00000000BFFC00FFF70000004FFFD01FFFF8F
:104AE000100000DFFFE02FFFFA00007FFFFF9BFFB9
:104AF000FFF3001FFFFFB00EFFFFC00AFFFFFE2401
:104B0000FFFFFF60FFFFFFFFFFFFFFFA06CCCCCCEB
:104B1000CCCCCCCB30000000000036000000000000
:104B2000007F80DDDB00008DEFF8FFFFB007FFFFA7
:104B3000FD556FF46FF8AFE2000574FF907E200022
:104B4000003FFA0000000002EFB2504A00012EFDC3
:104B50001DF48FB0FFFFD10BFFFFFBFFFE2000CF46
:104B6000FFFB12210000029FC000000000005B005C
:104B7000000007A00000000008FFB000000008FFD0
:104B8000FFB0000008FF95FFB00008FF9005FFB0E0
:104B900007FF900005FFB09F90000005FD0040005A
:104BA000000003104C20000000B60BFE200000CFD8
:104BB000F02EFE2000CFF4002EFE20CFF400002EB9
:104BC000FECFF40000002EFFF4000000002EF400E1
:104BD000000000001300000000083000000000008A
:104BE0000000BFF308BBBBBB90000BFFFF39FFFF0A
:104BF000FFF1008FCFCFF000000AF100382F948032
:104C000000000AF100002F900000000AF100002FC0
:104C1000900000030AF130002F9000001FCBF8F83D
:104C2000002FEBBBBB39FFFFE2001FFFFFFFB09F70
:104C3000FD2000000000000008D100378887000038
:104C40000000EFFFFFA0000000FFFFFFFDCCCCB68F
:104C5000FFFFFFFFFFFFFFFFFFFFFFFFFFFFFFFF64
:104C6000FFFFFFFFFFFFFFFFFFFFFFFFFFFFFFFF54
:104C7000FFFFFFFFFFFFFFFFFFFFFFFFFFFFFFFF44
:104C8000FFAFFFFFFFFFFFF9000000000000000082
:104C90000001DD10000000001DFFD100000001DF59
:104CA000FFFD1000001DFFFFFFD100009FFFFFFF71
:104CB000F90000011CFFC1100000000CFFC0000043
:104CC00000000CFFC0000000000CFFC0000079993C
:104CD0003BFFB39997FFFFB2442BFFFFFFFFFEDDC1
:104CE000EFFFFFFFFFFFFFFAB3CFACCCCCCCCCCCB7
:104CF000CA00000000000200000000000004FFC71E
:104D00000000000000AFFFF0000000001FFFFD00EA
:104D100000000006FFFFC00000000008FFF70000D1
:104D20000000000CFF300000000004FFC000000085
:104D30000001EFF300004A3002DFF80005DFFE1546
:104D4000EFFB0000EFFFFFFFFA00000BFFFFFFF794
:104D50000000007FFFFFA200000002BA85000000F3
:104D6000000004860000001006FFFA0002DFD1EF09
:104D70003CF101DFFA0EE0AF21DFFA009FEFF6DF32
:104D8000FA00008DFFFFFB00000006FFFD000000A1
:104D900048EFFFF600006FFFFBFFF6000EF3CF2396
:104DA000FFF600EE0AF204FFF609FEFC0004FFF134
:104DB00008DA100002620000000000000000006F2E
:104DC000FFF987000008FFFF98F708A68FFFF95941
:104DD00090FFA8FFFFFCCC0FFA8FFFFFFFF1FFA8A9
:104DE000FFFFFFFF1FFA8FFFFFFFF1FFA8FFFFFF8D
:104DF000FF1FFA8FFFFFFFF1FFA8FFFFFFFF1FFA62
:104E00007FFFFFFFF0FFE3122222210FFFFFFFF9D8
:104E10000000ACCCCCCB5000004999999995000E7C
:104E2000FFFFFFFFF600FD2222224FF60FC0000019
:104E300001FFF3FC0000001FFF6FC0000002FFF63F
:104E4000FFFFFFFFFFFF6FFFFFDCFFFFF6FFFFB07D
:104E500005FFFF6FFFF6000FFFF6FFFFC006FFFF25
:104E60006FFFFFEDFFFFF69FFFFFFFFFFD10CDDDA2
:104E7000DDDDDDDD2FFFFFFFFFFFF3122222222207
:104E800022000000000000000000000000000FFFF2
:104E9000FFFFFFFFF3DEEEEEEEEEEE20000000007F
:104EA00000000000000000000DEEEEEEEEEEE2FF6E
:104EB000FFFFFFFFFF3000000000000037888888F8
:104EC000888873EFFFFFFFFFFFFEEFFFFFFFFFFF8D
:104ED000FE1CFFFFFFFFFFC1D28FFFFFFFF82DFF7A
:104EE00064EFFFFE45FFFFFA2BFFB2AFFFFFFFD3DA
:104EF000553DFFFFFFFFFFBBFFFFFFFFFFFFFFFF72
:104F0000FFFFAFFFFFFFFFFFF9000000000001FF00
:104F1000FFF00004FFFFD00006FFFF800008FFFF46
:104F200030000AFFFFAAA60CFFFFFFF80EFFFFFFED
:104F3000E10BDDDFFF6000004FFD0000007FF300AC
:104F40000000BFA0000000FF10000003F8000000F8
:104F500003C000000000200000000455EFB552001F
:104F600000FFFD1FFFB0000FFFFFFFFC0000FFFF71
:104F7000533320000FFF97FFFB5700FFF8AFFFC62A
:104F8000F80FFF8AFFFC4AA1FFF8AFFFE3220FFFF3
:104F90008AFFFFFFF4FFF8AFFFFFFF4FFF8AFFFF1D
:104FA000FFF43552AFFFFFFF40000AFFFFFFF400A0
:104FB000007FFFFFFE20000001100000000000AF96
:104FC00000000000018FFA30000002EFFFFF5000E8
:104FD00000BFFFFFFF10001FFFFFFFF50003FFFFF3
:104FE000FFFF70005FFFFFFFF90008FFFFFFFFC03A
:104FF00000DFFFFFFFFF209FFFFFFFFFFD0EFFFF12
:10500000FFFFFFF2022222222221000008FFC0003F
:1050100000000009A20000005BBBBBBBBBBBBBA385
:10502000FFFFFFFFFFFFFFFBFC0C30E11D0D11FC3C
:10503000FC0B30E01D0D10FCFFFEFFEFFEFEEFFC51
:10504000FFF15A0870A05FFCFFF37B2992C27FFC3E
:10505000FFBFCBBBBBBFCBFCFC0B2000000D00FC9B
:10506000FFCFCCCCCCCFCCFB9FFFFFFFFFFFFFF6E9
:105070000000000000000200000000000005DFB09A
:105080000000000007EFFFD000000018FFFFFF70D6
:10509000000029FFFFFFFF00003BFFFFFFFFF800BC
:1050A0000AFFFFFFFFFFF1000FFFFFFFFFFFA00060
:1050B000049AAAAFFFFF20000000000EFFFB0000D3
:1050C0000000000EFFF400000000000EFFC0000012
:1050D0000000000EFF5000000000000DFD00000069
:1050E00000000004B300000035555502000FFFFF1B
:1050F000F2F400FFFFFF2FF40FFFFFF2FFF3FFFFBB
:10510000FF32221FFFFFFFFFF7FFFFFFFFFF8FFFB1
:10511000FFFFFFF8FFFFFFFFFF8FFFFFFFFFF8FF1D
:10512000FFFFFFFF8FFFFFFFFFF8FFFFFFFFFF8F76
:10513000FFFFFFFFF88AAAAAAAAA300000002455A0
:10514000310000000003AFFFFFFFC7000002BFFFF8
:10515000FEDEFFFFF6005FFFB51000038EFFB0DF3D
:10516000D300000000008FF5180005AEFEC8100443
:10517000600002DFFFFFFFF80000000CFF95347DA8
:10518000FF40000002A200000077000000000002C3
:1051900096000000000000000DFF5000000000001D
:1051A000000EFF6000000000000005DA00000000B3
:1051B0005BBBBBBBBBBBBBBA20FFFFFFFFFFFFFF5F
:1051C000FF90FC1222222222220FF7FC5FFFFFFF3A
:1051D000FFFF2CFAFC5FFFFFFFFFFF21FAFC5FFFE0
:1051E000FFFFFFFF27FAFC2666666666661FFAFE6B
:1051F000BBBBBBBBBBBBBFB1AFFFFFFFFFFFFFFF35
:10520000500000000000000000005BBBBBBBBBBB4C
:10521000BBBA20FFFFFFFFFFFFFFFF90FC1222221F
:105220002221000FF7FC5FFFFFFFF8000CFAFC5F84
:10523000FFFFFFF80001FAFC5FFFFFFFF80007FA2D
:10524000FC2666666663000FFAFEBBBBBBBBBBBB3E
:10525000BFB1AFFFFFFFFFFFFFFF500000000000E6
:10526000000000005BBBBBBBBBBBBBBA20FFFFFFAA
:10527000FFFFFFFFFF90FC1222221000000FF7FC3F
:105280005FFFFFD000000CFAFC5FFFFFD0000001C1
:10529000FAFC5FFFFFD0000007FAFC2666665000AC
:1052A000000FFAFEBBBBBBBBBBBBBFB1AFFFFFFF79
:1052B000FFFFFFFF500000000000000000005BBB8C
:1052C000BBBBBBBBBBBA20FFFFFFFFFFFFFFFF90D5
:1052D000FC1222000000000FF7FC5FFF300000000E
:1052E0000CFAFC5FFF3000000001FAFC5FFF3000A9
:1052F000000007FAFC2666100000000FFAFEBBBB98
:10530000BBBBBBBBBFB1AFFFFFFFFFFFFFFF500049
:1053100000000000000000005BBBBBBBBBBBBBBA16
:1053200020FFFFFFFFFFFFFFFF90FC0000000000D9
:10533000000FF7FC0000000000000CFAFC00000069
:1053400000000001FAFC00000000000007FAFC0069
:1053500000000000000FFAFEBBBBBBBBBBBBBFB174
:10536000AFFFFFFFFFFFFFFF500000000000000045
:1053700000000000000007B20000000000000ADF8B
:10538000FA000000000000A93DF500000004400202
:10539000E00010000000AFF80B600000006C30FF70
:1053A000FFFFFFFFFFFFFFF4AFF9000C5000006D9F
:1053B0004005500004C00000100000000000C43E82
:1053C000E80000000000002EEFFA000000000000DE
:1053D000004FFA0000000000000000000000000084
:1053E000011000000007EFFFB30000AFFD8FFF20AA
:1053F00004FFFD09FFB00AFEFD12AFF00EF55D2CB3
:105400000EF30FFF33129FF50FFFF307FFF60FFFA9
:10541000E206FFF60FFE24137FF50DF57D2C0DF34C
:105420000AFFFD11BFF003FFFE0BFFA0007FFEBFD0
:10543000FE100003ACDC8100000034430000056670
:105440007FFFF96650FFFFFFFFFFFF356666666668
:1054500066501CCCCCCCCCC402FFFFFFFFFF602FFA
:10546000F3FB7F6DF602FF2FB7F5DF602FF2FB7FB6
:105470005DF602FF2FB7F5DF602FF2FB7F5DF602CE
:10548000FF2FB7F5DF602FF3FB7F6DF601FFFFFF06
:10549000FFFF5007BCCCCCCC900000000000000106
:1054A00020000000000004FF500000000002FFFF89
:1054B000500000000439FFFE00000004FF39FFA087
:1054C000000004FFFF39B0000004FFFFFF200000D0
:1054D00004FFFFFFB0000004FFFFFFB0000004FF67
:1054E000FFFFB0000004FFFFFFB0000000BFFFFFA0
:1054F000B00000000DFFFFB000000000FFFFB00093
:1055000000000009A8600000000000000017888863
:10551000888887400002EFFFFFFFFFFFF4003EFF97
:10552000FFCFFFCFFFF703EFFFF908F809FFF83EC1
:10553000FFFFFE20402EFFF8DFFFFFFFE101EFFF3E
:10554000F89FFFFFFF80008FFFF809FFFFF902C2FD
:1055500009FFF8009FFFFE4EFE4EFFF80009FFFF17
:10556000FFFFFFFFF700008FFFFFFFFFFFC10000FD
:105570000000000003EFFFFFE203FBFBCEBFA4FF30
:105580001D03A1FAFFF1D03A1FAFFFFFFFFFFAFFA3
:10559000FFFFFFFFAFFFFFFFFFFAFFFFFFFFFFAFC0
:1055A000FFFFFFFFFAFFFFFFFFFFAFFFFFFFFFFA65
:1055B000FFFFFFFFFFADFFFFFFFFF829AAAAAAA880
:1055C000000000000000000300000000000004F1E3
:1055D000000820000001FF100BF70000002FF10C65
:1055E000FF94444445FF1BFFFFFFFFFFFFF18FFFC8
:1055F000FFFFFFFFFD007FF70000000000006F606D
:10560000000000000000300000000000000000006A
:10561000000000000000C003000000000000C00304
:10562000030A00000F008005050500051C00D009D5
:105630000A0A00004E00B008090F00FE9200D00BCD
:105640000C0A0000CE00A0090A0B00FF0501F002C1
:10565000030500050D01B004040E01FD2901C0047D
:10566000040E00FD4501A0050606000557012008AF
:105670000807000273013003030500FE7B0160058B
:105680000503000383013003030300008801F004D5
:10569000070EFFFFB9015009090A0000E6013005B5
:1056A000040A0000FA011008080A0000220200089B
:1056B000080A00004A0260090A0A00007C02100879
:1056C000080A0000A402A008090A0000D10260082C
:1056D000080A0000F9020009090A00002603A008D0
:1056E000080A00004E033003030800005A03300389
:1056F000030B00FD6B032008080800018B03200842
:1057000008060002A303200808080001C3030008DC
:10571000080A0000EB03800E0E0D00FD4604400A4F
:105720000C0AFF008204A00A090A0100AF04200A43
:105730000A0A0000E104900B0A0A0100130560093F
:10574000080A01003B05E008080A01006305D00AC9
:105750000A0A00009505600B090A0100C205500401
:10576000020A0100CC053007070AFF00EF05100A06
:105770000A0A010021065008080A01004906600DC6
:105780000B0A01008006600B090A0100AD06C00B80
:105790000C0A0000E906200A090A01001607C00BDE
:1057A0000C0D00FD6407300A090A01009107B008DA
:1057B000090A0000BE073008090A0000EB07100BB9
:1057C000090A01001808F0090B0AFF004F08C00F72
:1057D000100A00009F0870090A0A0000D108100989
:1057E0000B0AFF0008093009090A00003509B00456
:1057F000040E01FD5109F004070EFFFF8209B004F9
:10580000040E00FD9E09300807060102B3090007D7
:10581000070100FFB709600805020109BC0960081B
:1058200008080000DC099009080B0100080A0008BC
:1058300008080000280A9009090B00005A0A90087D
:10584000080800007A0AF004060B00009B0AB00961
:10585000090B00FDCD0A9009080B0100F90AE003CD
:10586000020B0100040B0004050EFEFD270BA0082F
:10587000080B0100530BE003020B01005E0BD00E7E
:105880000D080100920B900908080100B20BE00816
:1058900009080000D60B9009080B01FD020C9009C5
:1058A000090B00FD340CC00505080100480C000779
:1058B00007080000640CD005060A0000820C80096D
:1058C00008080100A20CD0070908FF00C60C900CC4
:1058D0000D080000FA0CC007080800001A0DD007D8
:1058E000090BFFFD4C0D500707080000680DF00480
:1058F000050E00FD8B0D3004020E01FD990DF00424
:10590000050E00FDBC0D200808030003C80DE005CE
:1059100006050006D70D600404030003DD0D000E2C
:105920000F0FFFFE4E0E000E0E0B00009B0E000E22
:105930000E0D00FFF60E000E0E0B0000430FA00927
:105940000A0B00007A0F000E0E0F00FEE30F000E90
:105950000E0F00FE4C10C00F100D00FFB410000E13
:105960000E0F00FE1D11C00F100B00007511000E70
:105970000E0F00FEDE110007070C00FF0812800A60
:105980000B0C00FF4A12C00F100E00FEBA12000EE0
:105990000E0B00000713A0090A0F00FE5213400C63
:1059A0000A0E01FE9813400C0D0F00FEFA13400C76
:1059B0000D0D00FF4F14400C0D0D00FFA414400C02
:1059C0000A0E01FEEA14400C0E0DFFFF4515C0083B
:1059D000090D00FF8015C008090D00FFBB15400C24
:1059E0000D0D00FF1016400C0D0400032A16C00F09
:1059F000100B000082168011120F00FE0917C00F55
:105A0000110FFFFE8917000E0E0D00FFE417400C6A
:105A10000D0800011818400C0D0800014C188011E9
:105A2000120B0000AF18000E0E0B0000FC18000E49
:105A30000E0F00FE6519000E0F0FFFFED619400C69
:105A40000D0D00FF2B1A400C0D0F00FE8D1A400C9F
:105A50000D0D00FFE21A400C0D0C00FF301B000E74
:105A60000E0B00007D1BC0080A0FFFFEC81B400C78
:105A70000D0F00FE2A1C400C0D0F00FE8C1CC00FE9
:105A8000100B0000E41C000E100FFFFE5C1D800ACE
:105A90000B0F00FEAF1D8011120D00FF241E8011A0
:105AA000120A00007E1E8011120A0000D81E80110A
:105AB000120A0000321F8011120A00008C1F801190
:105AC000120A0000E61F8011120C00FF5220400C49
:105AD0000C0F00FEAC20400C0D0F00FE0E21000E3E
:105AE0000F0FFFFE7F218011120B0000E221800AC0
:105AF0000B0F00FE3522100E0F0A00000000721F6F
:105B000051EF58EF5BEF5CEF5DEF61EF63EF65EF37
:105B100069EF6CEF71EF76EF77EF78EF8EEF93EF41
:105B200098EF9BEF9CEF9DEFA1EFA2EFA3EFA4EF07
:105B3000B7EFB8EFBEEFC0EFC1EFC4EFC7EFC8EFEC
:105B4000C9EFCBEFE3EFE5EF14F015F017F019F024
:105B500030F037F03AF043F06CF074F0ABF03BF11A
:105B600090F191F192F193F194F1D7F1E3F13DF2DB
:105B700054F2AAF412F7F2F7200000005F000100CF
:105B8000000000000000000000000200B000000063
:105B9000F3F76000FC5A0308000000003E00030019
:105BA000000001020003040502060708090A090AA9
:105BB0000B0C000D0E0F101112130C14140000002A
:105BC0001516171819161A1B1C1D1D1E1F201D1D2A
:105BD0001621222303241E2525262728292A2B00C7
:105BE0002C002D2E2F303132332D343435302D2DE5
:105BF0002E2E36373839333A3A3B3A3C29000009E1
:105C00003D0900000000000000000000000000004E
:105C10000000000000000000000000000000000084
:105C20000000000000000000000000000000000074
:105C30000000000000000000000000000000000064
:105C400001020003040502060708090A090A0B0CF1
:105C50000D0E0F10110C121314151500000016175D
:105C60001819171919191719191A191919191719AA
:105C70001719031B1C1D1D1E1F2021222300240099
:105C80002526272727002726282926262A2A272AC5
:105C9000272A2B2C2D2E2E2F2E30000023093109E0
:105CA00000000000000000000000000000000000F4
:105CB00000000000000000000000000000000000E4
:105CC00000000000000000000000000000000000D4
:105CD00000000000000000000000000000010000C3
:105CE00000000000000100000200000000020000AF
:105CF00000000000000000000000000000000100A3
:105D000000000000000000000000000000010A0088
:105D100006FB00000000F4F3020B0504F7020B0180
:105D200009020700000000000000000000000D0252
:105D3000FE0000000000000000000000000400F968
:105D40000000000000FC04040000FE00FE0200FE53
:105D500000FEFFFC00000000FE0000FDFD0000FE54
:105D600000FC000000000000000000FEFE00FD003E
:105D7000FA00E50000FC0004070000FC0202070432
:105D8000FC040000F3000000000000000000000020
:105D9000F80000000000000000000000000000FA11
:105DA000FDF500F7FE00000000000900F9FEFF010C
:105DB00000FC0000FEEF00000000000000000000FA
:105DC00000EEFE09000000000000000000000000DE
:105DD000F7000000000000000000000700020000C3
:105DE000FC000000000000000000000000000000B7
:105DF0000000090201000000000000000000000097
:105E00000000000000000000000000000000000092
:105E1000000000000000000000000000F80000008A
:105E20000000000000000000000000000000000072
:105E300000000002040207FE000004FEF9E1020671
:105E40000400FD00080007000700EB00FD07000745
:105E5000FE0402000001FE0000FC12001200070018
:105E600009030407000000F80000000001FE000222
:105E7000FCFDFC0200FE000000F700000000000036
:105E80000000000000F10000000000000000000021
:105E9000000000000001F400F200000000FE001607
:105EA000FDFD0202FE00FD020000F4000000000003
:105EB000000000000000EA000200000000000000F6
:105EC0000000000000F2000D0000F8000700F1EAF9
:105ED000F1FC070000F10003FB00FD0000000000E2
:105EE000000000000000000607E5000000000000C0
:105EF0000000000000000B00020000000000020291
:105F0000FDFC00FFFFFE0000FE000000FC00FE00A4
:105F1000FBFC00FAF9F9FC00FC00FC00000000FEAC
:105F20000000020002FE000100000002FE0000006E
:105F3000FE0202FF000000FC00FF00000000000164
:105F40000003FE00FD00FC0000FE00070000FE0054
:105F500000000000FF01FEFE0000FE00FE00000049
:105F6000000000000000FFFF00FEFD000000000038
:105F7000010000FE00FEFEFE000000000000000028
:105F800000FF00000000FEFD00FD00F9FEF9040026
:105F900000FC02040600FAFFFD00FFF502FE02F419
:105FA00002000001F400F4FEEDFE00F5000406001E
:105FB00003000000000000FCFD00F9000000FE00EE
:105FC0000000FE0000000000FFFF00FFFD000000D9
:105FD00000000000FEFE00FEFDFE0000FE000000CE
:105FE0000000000000000000FEFE00FD00FE00FCBE
:105FF000020000FD010202000000000000FE00009F
:10600000000000020000FE00FEFEFD000000000097
:1060100000000200FE00000000FEFD00FC0007FE84
:1060200001F9000006F5F4F7FC0200FEF1FC00FCAB
:1060300000FC03FCF200FA000001FF02FE00020077
:10604000F9F700F5FBFBFBF9FDFA00FCFA01000192
:1060500000FE00000002000200000000000000003E
:10606000000000FE00FF00FFFE00FCFBFBFF00F94C
:10607000000000000000FE0000000001FF00000022
:106080000200000000000000000B00000000000003
:1060900002000000FE000000000000000000000000
:1060A000FC000200000000000000000000000000F2
:1060B000FE000000FC00000000F5F9000000FDF506
:1060C0000000FE0200FA00000000000000000000D6
:1060D000FC0000FC000000000000000000000000C8
:1060E0000200FC00000000030002FCFC00FEFEFDBC
:1060F000000000000000F900FE00FDFE00FBFAF9C0
:10610000FE00FC00F900000000120000010000FD8C
:10611000000200F60000000000EBFC0707FEF7009D
:1061200002FD00F5FFFD02F0FE030003F8FDF8F9A3
:10613000F70000F3000D0000FF000000FFFFFEFA73
:10614000F900EB000000000000000000010000006A
:1061500000000000000000000000000000FE00FF42
:10616000FEFD0000FC00FE0000000000000000003A
:10617000000000000000FF00FC000004FF0300FB23
:1061800002FEFFFAFE00FDFEFE00FDFC0000FEFF29
:10619000FEFCFD0000FE0002FE00FB000000FC0013
:1061A000FC00FCFC020000000000000000FC0200FB
:1061B000FD00FEFDF9FEFEFEFFFEFDFF00000000FB
:1061C00000FEFEFE0000000003FE00FE000000FED8
:1061D000FDFEFEFDFE000209FF00FA00FE0400FEC7
:1061E000F7FD030000F5FC02FC0200FEFEF900FDD5
:1061F000010000FC0000000202FCFC00FCFEFDFEB1
:10620000FE00FC01FCFC0700000000000000000094
:10621000020000000000000000000000000000007C
:106220000000000000000000FC0000000000000072
:10623000000000000000000000000000000000005E
:10624000000000000000000000000000000000004E
:1062500000000000FE000000000000000000000040
:10626000000000000000000000000000000000002E
:106270000000FEFE00000000000000000000000022
:10628000FD0000FD0000FEFE00000000FE0000001A
:1062900000FF0000000000FE00000000FD00FC0008
:1062A0000000F90002FB0400FEF50000FBFE00F711
:1062B000FAFA0000F6FEF7F7F500FA00020FFD000B
:1062C000FBFEFFFEFCFAFCF8F7FBFE0000FE0001FF
:1062D0000000F0FE0705FBF80001F900F5FEFE04E2
:1062E000EBFD010000F1FDF4FEF00000F0000D01F7
:1062F00000FE00000000FFFEF7FE00F100000000BD
:10630000F900FE00FFFAF50000FFFDF9FE00FE00B7
:10631000000000F6FEF9F9FEFCFAFEFC00FCFEF9B6
:10632000FD00FDFCFEFC000100FEF9000400FC0085
:10633000000000030002FC0900FEFEFD000000005A
:106340000000F900FE00FDFE00FBFAF9FE00FC0271
:106350000900000000120000010000FD0002000022
:10636000000000000000000000000000FEFC000033
:10637000000000FF000000FEFE0000FCFE0000FC2C
:106380000004FF0000000000000100000000030402
:1063900002FE00F9FC0007F9F9FCFC090402EDFE1D
:1063A00004FE00FE02FEF800FE02FDFEF9FE000003
:1063B000070400FA00F4FD06FDF701FDF9F9FE09F6
:1063C0000200FD00FA000207FBF8F7FA070001F0EF
:1063D000FE02FCFEFB00FBF8FDFDFE0000FBFBFEE9
:1063E000000705FEF400F4FD00F8F3FFF9FCF9FAEC
:1063F000060000FD00FCFE00FEFC0004F9020000A7
:10640000F400FEFBFCFEF9FAF9FB00F9FEFBFCF9D7
:10641000FE0000010BFC00F9FE00FEFCFBFAFAF79F
:10642000FDFC0400FD00F5FD0104F9F8FCF907FE90
:1064300001EBFC04FBFCF800F9F7FDFEFEFEFBF9A6
:10644000FF00000706FEF100F3FB05F7F1FCF8F78B
:10645000F5F90400000000FD000002FD0402FC0448
:106460000000F9FF00FF000101FE00000000000035
:10647000FE0000000002070000FD00000000FEFE1C
:10648000FD0000000102000000000200FE00090003
:10649000040101FD000400000002000000000000F3
:1064A00000000000000700060000000000000000DF
:1064B000000000000000F300FE04000700001603C7
:1064C000FCFC0202FE01F500000BF30000000000DE
:1064D000000000000000F1091F00000000000000A3
:1064E0000000000000F300000000000000000000B9
:1064F000000000000000000000000000000000009C
:10650000FC0000FCFE000000000000000000000095
:106510000000000000000000FE00FA000001000082
:10652000021DFCFE0706FA0200000202FD00000048
:106530000000000000000000E30600000000000072
:106540000000000000000000000000FA000000FA57
:1065500000000000FBFF000000FB00FD00F5000054
:10656000000000000000000000F100000000010039
:106570000000000000FE0000FC00FD00FA0000002A
:10658000FC02FD0000FAFEFB0000FA00FE00F50030
:10659000FE0000EEFCF7FEF80000F100FAFF00003C
:1065A000000000000000FDFCFEFC00000000FB00FD
:1065B000FB03FE0400FEFBFEFCFC00FDFFFE02FAF6
:1065C000FF000000ECFEFD00FB00FEF5FE0000FEFB
:1065D000FE000000000200FEFCFE040000000000BF
:1065E00000000000000000000000000000000000AB
:1065F000000000000000000000000000000000009B
:1066000000000000000003000000000000FB00FE8E
:10661000000000FC02000000FAFEFC0000FA00FE90
:1066200000F500000000EA00FCF8F50000F100FEB3
:10663000FD0000000000000000FEFDFFFD01000065
:1066400004FD00070BFEFEF9030B0405FA03090322
:1066500006050600000000000000000000000E0B10
:10666000FCFE00FE120A12000000020000080000FA
:10667000FC000000000000000000FE000000000020
:106680000000000300000000EDFDFEF7F50000F142
:1066900000000000000000000000000000000000FA
:1066A00000FC000000000000000000FE00000000F0
:1066B000000000000300000000EDFDFEF7F5000003
:1066C000F7000000000000000000000000000000D3
:1066D00000000000FE000000FB0200FE020402F9C0
:1066E0000000FE02000200000000FA00FEFEFC00B6
:1066F000FEF7000EFE00FBFE00FEFC00FEFAFCFDB5
:10670000000000FC000000000000000000FE00008F
:106710000000000000000300000000EDFDFEF7F5A2
:106720000000F10000000000000B0000000000006D
:1067300000000000FC00F9FDFE07FEFEF701FF016E
:10674000FEFA000500020102FBF7FD00F7FCFAF774
:10675000F700FCFCFDFDFEFEFDFE00FEFF03000356
:10676000FE0007000000000000000000000000FE26
:10677000FEFE0000FA00FF00FC0000000000000028
:1067800000000000F3000000000000000000000016
:10679000FEFE00FD00000000FE0000FCFE0200FC0A
:1067A000FCFE00FAFEFBFEFD00FC00000000000005
:1067B0000000000000F100070000FC00000000FDE8
:1067C00000FE0000FF0000FE00FB000009FDF9F9DB
:1067D00002020200FA020302070207FEFA0000F7B3
:1067E0000000F9FA0000FC00FDFC00FD00FD00FEC9
:1067F0000300FEF9FE080000FE00FC000003FB00A1
:1068000002FE020000F900FEFF00FE02FE00000092
:10681000F7FDFB00F90000F50008FE00FC00010098
:10682000FE00FEF900FE0200000000FE000002FD76
:10683000010000FDFE00FD0000000000000000005F
:106840000000000000000000F200050000FE000053
:1068500000000000FEFE0000000400050000000033
:1068600000F2F3010A0704F702090008000400001F
:106870000000000000000000000C0000000000000C
:10688000000000000000000000000000DC5C0308C5
:10689000A05B03083E5C03083D3100008C33030815
:1068A0000C560308785B03088C6803081000022864
:1068B00090030020C9A10108EDA001081000030009
:1068C00000FF01009C6803080000000000000000B9
:1068D0009F68F68F57F46F46F35F35F24F1000153F
:1068E0000AF77F40DA09ED909DD908DC808DC80851
:1068F000C000000000E5004F0000000F3006E0007F
:106900000002F1008C0000FFFFFFFFFFF2055AE5D7
:1069100055DA5500009B000E6000000B9000F4005B
:106920000011D8113F31008FFFFFFFFFF90245F63C
:10693000448E4420002F1007C0000004F0009A008D
:1069400000005E000B900000000007200000000027
:10695000E4000000000E40000002ADFFD92003FF5C
:10696000BFCDFC00BF40E403300ED00E400000DF7E
:1069700030E4000005FFAF50000004BFFFD7000067
:10698000001EBEFB000000E40BF400000E406F6030
:10699000B400E40BF31EFDAFBEFA0017CFFFC60034
:1069A00000000E4000000000E4000001BFC3000032
:1069B0002F4000C916E0000C90002F000C5007E09B
:1069C0000004D000A702F400003F000C60C90000E2
:1069D00000D704F17E00000003DFE42F41AEB200D7
:1069E00000100C90C928E0000006E13F000D5000A7
:1069F00002F404D000A70000BA003E000C50006E64
:106A00001000D705E1001F500002BFC3000004CFF3
:106A1000E900000003FB57F90000009F000AD000C6
:106A20000008F100DB0000002FB3CE200000006F53
:106A3000FC200000004EEFB00010005FA06FB01F00
:106A4000500EC0006FB7F202F800006FFB000FD0CD
:106A50000001DFB0008FE98AFE8FB0005CFFD91023
:106A60006800000000000000DAD9D9C8C800006F33
:106A7000400DC004F6009F100DD000FB002F8003D6
:106A8000F7004F6004F6003F7002F8000FB000DD21
:106A90000008F1003F6000DC0006F43F7000BE001B
:106AA00005F5001FA000CE0009F1007F3006F400BC
:106AB0005F5005F5006F4007F3009F100CE001FAEE
:106AC000005F500BE003F700000E200360E2564D1C
:106AD000DFCE601DFF304ECFBF6360E245000E2069
:106AE000000001300000008F00000008F0000122CB
:106AF0009F2220CFFFFFFF4455AF55510008F00003
:106B000000008F00000008F0000001100EF10FF2ED
:106B100007E00B900E4088887FFFFE05601FF20C97
:106B2000D000000057000000EA000003F500000953
:106B3000F000000EA000004F4000009E000000E9A1
:106B4000000004F4000009E000000E9000004F4037
:106B50000000AE000000F9000005F300000AE000AC
:106B6000000F9000005F3000000004BEEB4000000A
:106B70006FFBBFF60002FD1001DF200AF300003FAB
:106B8000A00EE000000EE00FB000000BF01FA00010
:106B9000000AF10FB000000BF00EE000000EE0095B
:106BA000F300003F9002FD1001DF20006FFBBFF6F5
:106BB000000004BEEB4000DFFFC8AAFC000FC000CD
:106BC000FC000FC000FC000FC000FC000FC000FC68
:106BD000000FC000FC000FC0018DFEC5004FFDACD2
:106BE000FF703C30002FF00000000BF20000000CA2
:106BF000F10000003FB0000002EE2000002EF30084
:106C00000002EF3000002EF3000002EF3000002EF3
:106C1000FCAAAAA75FFFFFFFFB5FFFFFFFF03AAAF6
:106C2000AACFC0000001EE1000000CF30000009F8E
:106C300060000004FE61000005DFFF500000003E20
:106C4000F200000007F600000006F66910001DF2D1
:106C50009FFCBCFF8004AEFEB5000000004FB000FA
:106C6000000001ED000000000CF2000000009F5049
:106C700000000005F9000000002FC003C50000DE81
:106C80001004F7000BF40004F7004FFFFFFFFFFDB7
:106C90003999999BFC9800000005F7000000000559
:106CA000F70000000005F70002FFFFFFF004FCAA58
:106CB000AAA005F500000007F300000009F100009C
:106CC000000AFFFFC70007AAABFFC00000000BF6D9
:106CD00000000003FA00000003FA3C20000BF66FEE
:106CE000FDBBEFB0039DFFC70000018DFEC6000491
:106CF000EFCAAD9001EE400000008F400000000E92
:106D0000E000000000FB2AEFD7001FDFD99DFB0148
:106D1000FFA0000AF50FF200003F90BF200003F82B
:106D200004FA0000AF4009FD99DFA00005CFFC6028
:106D3000007FFFFFFFFF07FBAAAAAFE07F4000052F
:106D4000F806F40000CF100000003FA00000000A89
:106D5000F300000001FC000000008F500000000E56
:106D6000E000000006F700000000DF100000004F08
:106D7000900000000BF2000000002AEFFC70003FC2
:106D8000FB89DFB00AF50000BF30BF100008F40433
:106D9000FC4226FD0006FFFFFE1005FE856AFD1081
:106DA000EE100007F82FA000001FB2FB000002FB4E
:106DB0000DF40000AF703FFB89DFC00029DFFC60ED
:106DC00000006CFFC60000AFD98CFA003FB000078E
:106DD000F607F500000FD06F600002FF11FF5104AD
:106DE000DFF204EFFFFB9F300057730AF100000051
:106DF00000DF000000004FA00000003EF2008EBA4D
:106E0000CFF50005BEFD9200000CD01FF20560001A
:106E10000000000000000005601FF20CD00CD01F25
:106E2000F20560000000000000000001100EF10FEC
:106E3000F207E00B900E40000000052000018EF4E8
:106E4000004BFF9306DFC60000CF80000005CFE7B0
:106E500010000039FFB40000016DF40000000420B0
:106E6000CFFFFFFF46777777720000000000000039
:106E70000000122222220CFFFFFFF4455555551049
:106E8000620000000CFB40000006CFE71000003954
:106E9000FFA1000002DF40004BFF9118EFC6000C7D
:106EA000FA3000005100000000029DFEC5004FFBBB
:106EB0009BFF804C20002FF00000000CF000000031
:106EC0001FC0000001CF3000001DF40000009F50E3
:106ED000000000AC000000000000000000330000D3
:106EE0000001FF10000000CD00000000029DFFEC3B
:106EF00071000000009FC75458DF6000000CE400E0
:106F0000000006F90000AE103BEFB2BD3F6004F494
:106F100004FE97CFED06E00AC00EE10008FD00E593
:106F20000E604F600000FD00A91F406F300000CDD3
:106F3000008B2F306F300000CD008B1F403F600072
:106F400000FD00990E600EE10008FE00E50AC00495
:106F5000FE87BFAF9BE004F4003BFFB31BFC300097
:106F60009E10000000000000000CE4000000000083
:106F70000000009FC7546AE000000000039DFFDB93
:106F80005000000000008FB000000000000EFF2045
:106F90000000000006F6F90000000000DD0BF00024
:106FA0000000004F604F700000000BE000DD0000AB
:106FB0000002F80006F50000009F10000EC000005F
:106FC0001FFFFFFFFF300007F8888888FA0000EDF8
:106FD0000000000BF1005F600000004F800CF1002A
:106FE000000000EE001FFFFFFEB4001FD8888AFFDC
:106FF000701FB000002FF01FB000000CF01FB00099
:10700000002FC01FD8888AFE301FFFFFFFFD401FE2
:10701000B000014DF31FB0000004F91FB0000002E2
:10702000FB1FB0000008F81FD88889CFE11FFFFFC1
:10703000FFD91000004AEFEB500001BFFCACFFB0DD
:1070400000BFB200019C006FB0000000000DF10015
:1070500000000000FC00000000001FA00000000075
:1070600000FC00000000000DF100000000006FB007
:107070000000000000BFB20001AC1001BFFCBCFF6B
:10708000B000004BEFEB50001FFFFFFDA40001FE1E
:10709000AAAACFFA001FB000002BFA01FB000000E3
:1070A0000CF41FB00000003FB1FB00000000EE1F19
:1070B000B00000000DF1FB00000000EE1FB000006A
:1070C000003FB1FB0000000CF41FB000002BFA01E0
:1070D000FEAAAACFFA001FFFFFFDA400001FFFFFBA
:1070E000FFFC01FEAAAAAA701FB000000001FB006D
:1070F0000000001FB000000001FD999999001FFFDA
:10710000FFFFF001FB000000001FB000000001FBCA
:10711000000000001FB000000001FEAAAAAAA01FE4
:10712000FFFFFFFF001FFFFFFFFC1FEAAAAAA71F28
:10713000B00000001FB00000001FB00000001FB032
:107140000000001FFFFFFFF01FE99999901FB0009A
:1071500000001FB00000001FB00000001FB00000C2
:10716000001FB000000000004ADFEB600001BFFC20
:10717000BBFFC100BFB200007D106FB00000000077
:107180000DF10000000000FC00000000001FA00046
:1071900000003930FC00000006F50CF10000006F23
:1071A000506FB0000006F500BFB200009F5000AF66
:1071B000FDBCFFD200004AEFEB60001FB0000001F1
:1071C000FB1FB0000001FB1FB0000001FB1FB0005F
:1071D0000001FB1FB0000001FB1FEAAAAAAAFB1FC7
:1071E000FFFFFFFFFB1FB0000001FB1FB00000010D
:1071F000FB1FB0000001FB1FB0000001FB1FB0002F
:107200000001FB1FB0000001FB1FB1FB1FB1FB1F02
:10721000B1FB1FB1FB1FB1FB1FB1FB1FB000EFFFA4
:10722000FF7008AAABF70000005F70000005F700D0
:1072300000005F70000005F70000005F70000005AF
:10724000F70000005F70000006F60A7000CF30CF34
:10725000DADFC0008DFE90001FB000001DE21FB0FD
:107260000001DF301FB0000CF4001FB000BF500061
:107270001FB00BF700001FB0AF8000001FB9FFB0B8
:1072800000001FFFBBF800001FFB01DF50001FD0F4
:10729000002FF2001FB00004FD101FB000007FB0EF
:1072A0001FB0000009F81FB00000001FB000000070
:1072B0001FB00000001FB00000001FB00000001F42
:1072C000B00000001FB00000001FB00000001FB0A1
:1072D0000000001FB00000001FB00000001FEAAA5D
:1072E000AAA51FFFFFFFF81FA0000000007F41FFBD
:1072F000300000001FF41FFC00000009FF41FFF5F3
:10730000000002FEF41FADE00000BE8F41FA4F8086
:10731000004F67F41FA0AF200DD07F41FA02FA079B
:10732000F407F41FA008F5EA007F41FA000EFF20E1
:1073300006F41FA0005F80006F41FA0000600006A5
:10734000F41FA0000000006F401FB0000001FB1FF1
:10735000F8000001FB1FFF500001FB1FDFF20001DE
:10736000FB1FB6FD0001FB1FB09FA001FB1FB00C6F
:10737000F601FB1FB001EF31FB1FB0004FE2FB1F16
:10738000B00007FDFB1FB00000BFFB1FB000001DD9
:10739000FB1FB0000002FB00004ADFEB50000000C2
:1073A000AFFCBCFFC10000BFB20001AFD0006FB0A6
:1073B0000000009F800CF100000000FE00FC0000B7
:1073C00000000AF21FA0000000009F30FC00000037
:1073D000000AF20CF100000000FE006FB000000097
:1073E0009F8000BFB20001AFD00000AFFCBCFFC166
:1073F0000000004AEFEB5000001FFFFFFC70001F71
:10740000EAAABEFD101FB000009F901FB000000E42
:10741000F01FB000000CF01FB000000EF01FB00015
:10742000009F901FEAAABEFD101FFFFFFC70001F07
:10743000B0000000001FB0000000001FB0000000FE
:10744000001FB00000000000004ADFEB5000000009
:10745000AFFCBCFFC10000BFB20001AFD0006FB0F5
:107460000000009F800CF100000000FE00FC000006
:1074700000000AF11FA0000000009F30FC00000087
:10748000000AF20DF100000000FE007FA0000000E5
:107490008F8000CFA100009FD00001CFFBABFFD1B8
:1074A0000000006CEFFD6000000000005FE634A704
:1074B000000000003CFFFE40000000000243001FEF
:1074C000FFFFFC70001FEAAABEFD101FB000009F66
:1074D000901FB000000EF01FB000000CF01FB000B5
:1074E000000EE01FB000009F901FD999AEFD101F45
:1074F000FFFFFFA0001FB0001FD0001FB00006F963
:10750000001FB00000BF401FB000001EE00029DFD8
:10751000FD81003FFC9ADFC00BF400002300ED006A
:107520000000000CF3000000005FFA610000003B67
:10753000FFFD7000000048EFB000000000BF4000F9
:10754000000006F60B500000CF31DFEB9AEF900001
:107550006BEFEB5000EFFFFFFFFF89AAADFBAAA581
:1075600000009F2000000009F2000000009F2000A2
:10757000000009F2000000009F2000000009F20056
:107580000000009F2000000009F2000000009F2082
:1075900000000009F2000000009F2000003F900062
:1075A0000005F73F90000005F73F90000005F73F0A
:1075B00090000005F73F90000005F73F90000005A0
:1075C000F73F90000005F73F90000005F62FB00050
:1075D0000007F50EF000000BF208FA00007FB00083
:1075E000CFFBBEFE200007CFFD81000CF2000000A3
:1075F00002F906F800000009F300EF0000001FC0C8
:10760000008F6000007F50001FD00000EE00000AD5
:10761000F40005F7000003FB000CF1000000DF2080
:107620002FA00000006F809F300000000EE1FC00E2
:1076300000000008FCF50000000001FFE000000071
:107640000000AF8000004F9000000CF3000002F833
:107650000EE000002FF8000008F309F300007FFDA2
:1076600000000DD004F80000CD8F20002F8000FE18
:107670000002F83F80007F3000AF3007F30ED000EB
:10768000DE00005F800CD008F202F900000FD02F5E
:107690008003F707F400000AF27F3000ED0CE000F1
:1076A0000005F7DD00009F4F90000000FEF800008D
:1076B0003FDF40000000BFF300000EFF00000000AD
:1076C0006FE0000009FA00002FD000000BF306FA6B
:1076D00000007F7000BF5002FC00001EE10DF200B0
:1076E0000005FB8F500000009FFA000000003FF5EE
:1076F00000000000DFFE10000009F65FA000004F50
:10770000B00AF60001EE1001EF200BF500004FC0AB
:107710006FA0000008F80CF20000005F603FB000AE
:10772000000ED0009F500008F30001EE0002FA00A6
:107730000006F800BF1000000CF14F700000003F81
:10774000BDD000000000AFF40000000002FC00000B
:107750000000001FB00000000001FB00000000005E
:107760001FB00000000001FB0000001FFFFFFFFF33
:10777000F10AAAAAAACFD000000001EF2000000061
:107780000CF5000000009F8000000005FB000000D9
:10779000002FE100000000DF300000000AF60000CA
:1077A00000007FA000000004FD000000001EFBAAF6
:1077B000AAAAA23FFFFFFFFFF41FFFA1FC741FA0B6
:1077C00001FA001FA001FA001FA001FA001FA0018A
:1077D000FA001FA001FA001FA001FA001FA001FA81
:1077E000001FC741FFFA470000005F3000000F8014
:1077F00000000AE0000005F3000000F9000000AE00
:107800000000005F4000000F9000000AE00000044C
:10781000F4000000E90000009E0000004F4000005E
:107820000EA0000009F0000004F5000000EAAFFF20
:10783000147CF100AF100AF100AF100AF100AF1094
:107840000AF100AF100AF100AF100AF100AF100A00
:10785000F100AF100AF147CF1AFFF1000AF2000061
:1078600001FE9000007D5E00000D70F50004F1093E
:10787000C000AB003F201F5000D807E00006E0FF2B
:10788000FFFFFFF222222222484000AF40007F404B
:10789000017CFFD60009FC99EF800130000DF0005B
:1078A000000009F2019EFFFFF30AF8433AF30FB01C
:1078B0000008F30FB0000EF309F946DFF3008DFE68
:1078C00087F35F5000000005F5000000005F5000E6
:1078D000000005F5000000005F56DFEA2005FDFC12
:1078E0009BFF305FF50004FE05FA000008F45F60BE
:1078F00000004F75F6000004F75FA000008F45FF01
:1079000050004FE05FCFC9BFF305F46DFEA2000049
:1079100007DFEB3000CFD9AFF409F70002C30FD077
:107920000000003F800000003F800000000FC0000A
:10793000000009F70002C300CFD9AFF30007DFEB67
:1079400030000000001FA000000001FA000000004D
:107950001FA000000001FA0008DFE82FA01DFD9B1A
:10796000FDFA0AF80002EFA0FD000006FA3F8000D1
:10797000002FA3F8000002FA0FC000005FA0AF6064
:10798000001EFA01DFB79EDFA0008DFE91FA00080D
:10799000DFE910001DFB8AFE200AF30003FB00FA5A
:1079A000000009F13FFFFFFFFF33FA333333300F9D
:1079B000D0000000009F9000091000DFDAAEF60052
:1079C000007DFFC500001AEE900AF98800FB000058
:1079D0001F9000BFFFFF558FC77201FA00001FA064
:1079E0000001FA00001FA00001FA00001FA0000122
:1079F000FA00001FA0000008DFE91EC01DFD9BFE6D
:107A0000EC0AF80001DFC0FD000004FC3F9000001C
:107A10000FC3F8000000FC0FD000004FC0AF800083
:107A20001DFC01DFD9AFDFC0008DFE91FB0000001F
:107A3000002F902700000BF407FFB9AEFA0004AE48
:107A4000FFC6005F500000005F500000005F500064
:107A500000005F500000005F56DFEA105FEFCADFF2
:107A6000D05FF4000AF65F900002F95F600000FA50
:107A70005F500000FB5F500000FB5F500000FB5FA9
:107A8000500000FB5F500000FB6F69F90400005FCD
:107A900055F55F55F55F55F55F55F55F55F50004F4
:107AA000F70007FA0000400000000004F70004F7A8
:107AB0000004F70004F70004F70004F70004F700DF
:107AC00004F70004F70004F70004F70006F54B9FE5
:107AD000E15EFC305F5000000005F5000000005F33
:107AE0005000000005F5000000005F50001DF30588
:107AF000F5002DF3005F502EF40005F52EF4000084
:107B00005F9EFE000005FFFAFA00005FE30CF6003E
:107B100005F6001EF3005F50004FD005F500007F12
:107B2000A05F55F55F55F55F55F55F55F55F55F568
:107B30005F55F55F55F55F58DFE8008DFE8005FE67
:107B4000FA9DFBDFA9DFB05FF2000DFF3000CF35FB
:107B5000F900007FA00006F65F600005F700004F07
:107B600075F500005F600004F75F500005F6000047
:107B70004F75F500005F600004F75F500005F600E8
:107B8000004F75F500005F600004F75F57DFEA10F3
:107B90005FEFA8CFD05FF30009F65F900002F95FB6
:107BA000600000FA5F500000FB5F500000FB5F5078
:107BB0000000FB5F500000FB5F500000FB0007DF90
:107BC000EA30000DFD9AFF5009F70002EF10FD00AA
:107BD0000006F73F8000002F93F8000002F90FD055
:107BE00000006F609F80002EF100CFD9AFF400003D
:107BF0007DFEA3005F46DFEA2005FDFA8AFF305FC5
:107C0000F40003FE05FA000008F45F6000004F7501
:107C1000F6000004F75FA000009F45FF50004FE012
:107C20005FDFC9BFF305F56DFEA2005F50000000E5
:107C300005F5000000005F5000000005F5000000A1
:107C4000000008DFE81FA01DFD9BFCFA0AF70002F8
:107C5000EFA0FD000006FA3F8000002FA3F800000F
:107C600002FA0FD000006FA0AF80002EFA01DFD91A
:107C7000AFDFA0008DFE82FA000000001FA0000010
:107C80000001FA000000001FA000000001FA5F469A
:107C9000DB5FCFD95FF5005FA0005F70005F500031
:107CA0005F50005F50005F50005F5000018DFEC7C5
:107CB00000CFB8ADD03F90000102FB0000000BFFE9
:107CC000B84000059CFFC00000009F60500005F711
:107CD0005FEA9AFE106CEFD92001FA00001FA000A5
:107CE000BFFFFF558FC77201FA00001FA00001FA05
:107CF00000001FA00001FA00000FC00000BFA99003
:107D000001BEE97F400003F87F400003F87F400098
:107D100003F87F400003F87F400003F87F40000431
:107D2000F86F600006F82FC0001EF80AFD89EEF813
:107D3000008DFE92F80DE000000DD006F600003F29
:107D40007000FC0000AF10009F3001F900002F9080
:107D500007F300000BF00EC0000005F65F500000B6
:107D600000EDBE000000007FF8000000001FF100E1
:107D700000BE00000CF10000AE05F40002FF600040
:107D80000F800F90008FEB0005F200AE000DB8F1F0
:107D900000BD0004F403F52F701F70000EA09E00BC
:107DA000CC06F100009F1E9006F2CC000003FAF30F
:107DB000001FAF6000000DFD0000BFF10000008F4C
:107DC000700005FB00003FB0000CF207F7007F6079
:107DD00000BF33FA00001EDED0000004FF300000B8
:107DE00006FF5000003FBCF20000DE12FC000AF467
:107DF000005F906F80000AF50DE000000CD006F6E1
:107E000000003F7000FC00009F10009F3001FA004E
:107E1000002F9006F300000CF00DC0000005F63FA7
:107E200060000000EDAE000000008FF800000000D0
:107E30001FF2000000000FB0000001007F400000B2
:107E40001FAAFB00000019EEA10000002FFFFFFF9A
:107E50009177777EF4000006F8000003FC00000133
:107E6000EE100000BF4000008F7000004FB0000017
:107E70001EF8777754FFFFFFFB007EF03FD707F433
:107E8000008F3008F3008F3008F3009F208EE00F42
:107E9000FA000BF2008F3008F3008F3008F3007FF8
:107EA0004004FD7008EF1F71F71F71F71F71F71F76
:107EB00071F71F71F71F71F71F71F71F71F71F71AE
:107EC000F7AFA1004BF90000ED0000DE0000DE007E
:107ED00000DE0000DE0000DE0000AF92005FF40074
:107EE000CF1000DE0000DE0000DE0000DE0000ED4E
:107EF000004AF900AFB1000000000101DFC100C578
:107F0000AC5CE34F2D4009FF90300002100001AF40
:107F1000D500B803E41E0006A2E0006A0C701D50F4
:107F20002CFF700000000005309FF3CFF64EC1001B
:107F300000000000000027BA00000000000048DF39
:107F4000FFF2000000016AFFFFFFFF2000007CFF3E
:107F5000FFFFFFFFF200004FFFFFFFFFFFFF2000CA
:107F600005FFFFFFFFB73FF200005FFFFE95000136
:107F7000FF200005FF730000001FF200005FE0001B
:107F8000000001FF200005FE000000001FF20000BD
:107F90005FE000000001FF200005FE000000698F87
:107FA000F200005FE00002EFFFFF200358FE000038
:107FB0008FFFFFF22DFFFFE00004FFFFFD0BFFFF2F
:107FC000FE000004BDC810AFFFFFB00000000000BD
:107FD00000AFFFB100000000000000010000000041
:107FE00000000000510688888888883015F76EFFE9
:107FF000FFFFFFFFB68FFDCFF33333336FECDFF2BC
:108000000CE00000003F702FF20CE00000003F8009
:108010002FFFFFE00000003FFFFFF42DF999999931
:10802000BF924FF20CFFFFFFFFFF702FFBAFF1116C
:1080300011115FDABFF98EE00000003FC89FF20C1B
:10804000E00000003F702FF64DE00000003FA46FFD
:10805000FEEFFBBBBBBBCFFEEFC20CFFFFFFFFFF82
:10806000802C588870288888888885FFFFF39FFFB8
:10807000FFFFFFFFFFFFF3AFFFFFFFFFFFFFFFF378
:10808000AFFFFFFFFFFFBFFFD16FFFFFFFFFFB0051
:108090000000000000000000CFFFE17FFFFFFFFFB6
:1080A000FCFFFFF3AFFFFFFFFFFFFFFFF3AFFFFF9B
:1080B000FFFFFFFFFFF39FFFFFFFFFFF58886027D1
:1080C0008888888885477750177777777774FFFF98
:1080D000F39FFFFFFFFFFFFFFFF3AFFFFFFFFFFF78
:1080E000FFFFF3AFFFFFFFFFFFDFFFF17FFFFFFFAA
:1080F000FFFD000000000000000000000000000084
:1081000000000520000000000000008FF3000000C8
:1081100000000008FFFE0000000000008FFFF800D4
:108120000000000008FFFF9009D20000008FFFF957
:10813000009FFE200008FFFF9000DFFFE2008FFF9E
:10814000F900002EFFFE28FFFF90000002EFFFFF66
:10815000FFF9000000002EFFFFFF9000000000026A
:10816000EFFFF90000000000002EFF90000000006B
:10817000000002D800000000002DB0000006E60D4F
:10818000FFC00006FFF3CFFFC006FFFF31DFFFC7D0
:10819000FFFF5001DFFFFFFF500001DFFFFF500036
:1081A0000007FFFFD0000006FFFFFFC00006FFFF33
:1081B000DFFFC006FFFF51DFFFC0FFFF5001DFFF01
:1081C00058FF500001DFD0053000000161000000C1
:1081D0000000CD50000000000000003FFA00000049
:1081E000000007E303FFA00BC1000008FFB03FFA47
:1081F00004FFD10004FFF603FFA01EFFA000DFF77D
:10820000003FFA002EFF403FFC0003FFA0006FFA82
:1082100008FF60003FFA0000EFF0AFF20003FFA09C
:10822000000BFF1BFF10001FF80000BFF19FF300C1
:10823000002400000DFF06FF900000000002FFD0A8
:108240001FFF2000000000BFF8009FFD200000007D
:108250009FFE1000CFFE710004CFFF500001DFFF32
:10826000FEDFFFFF600000009FFFFFFFFD400000FA
:10827000000028CEFDA500000000000004664000BC
:1082800000000000003FFFF30000000000004FFF6F
:10829000F4000000007817FFFFFF71870004FFFF64
:1082A000FFFFFFFFFF400DFFFFFFFFFFFFFFD03F7E
:1082B000FFFFFE88EFFFFFF308FFFFD0000DFFFF79
:1082C0008000AFFF500005FFFA0000BFFF30000341
:1082D000FFFB0001CFFF800008FFFC103EFFFFF610
:1082E000006FFFFFE31FFFFFFFFFFFFFFFF109FF2D
:1082F000FFFFFFFFFFFF9000DF8EFFFFFFE8FD00A5
:108300000011019FFFF91011000000004FFFF40061
:1083100000000000002CEED2000000000000000071
:1083200000000000000000000892006BB100000097
:1083300000002DFFE40AFF20000000004EFFFFF6C2
:10834000AFF2000000006FFE31CFFFFF2000000001
:108350009FFD2570AFFFF2000001BFFA08FFB07F5C
:10836000FF400002DFF80AFFFFD25FFF5004FFF575
:108370001DFFFFFFE42EFF70DFE33EFFFFFFFFF670
:108380001CFF13B15FFFFFFFFFFFF80960000AFF4A
:10839000FFFFFFFFFFE0000000AFFFFD88BFFFFE13
:1083A0000000000AFFFF7003FFFFE0000000AFFFC6
:1083B000F7003FFFFE0000000AFFFF7003FFFFE031
:1083C0000000008FFFF5002FFFFC00000000000000
:1083D0000000000000000000000009AA900000005A
:1083E0000000003FFFF30000000000004FFFF4001A
:1083F00000000000004FFFF40000000000004FFFED
:10840000F40000000000004FFFF400000000000036
:108410004FFFF4000000000CEEEFFFFEEEC0000086
:1084200008FFFFFFFFFF900000008FFFFFFFF80035
:1084300000000008FFFFFF8000000000008FFFF831
:1084400000000024444407FF70444442FFFFFFC182
:10845000661DFFFFFFFFFFFFFE66EFFFFFFFFFFF51
:10846000FFFFFFFFFFFFFFFFFFFFFFFFFF66C4FFF0
:10847000DFFFFFFFFFFFFFFFFD0000000000000027
:1084800000000000044444444441000000001EFF7A
:10849000FFFFFFFFF40000000BFFFFFFFFFFFFE106
:1084A000000006FF5000000001FFA00001FF900047
:1084B00000000005FF5000BFD000000000000AFED1
:1084C000106FF30000000000001EFA0EFFCCCC205D
:1084D0000000BCCCEFF2FFFFFFFA00006FFFFFFFD0
:1084E0004FFFFFFFF8888EFFFFFFF4FFFFFFFFFF46
:1084F000FFFFFFFFFF4FFFFFFFFFFFFFFFFFFFF447
:10850000FFFFFFFFFFFFFFFFFFFF37FFFFFFFFFF43
:10851000FFFFFFFFA00000001566400005CB000034
:108520003BFFFFFF9207FF0007FFFFFFFFFF66FF14
:10853000008FFFA4125BFFFDFF04FFE40000004E6C
:10854000FFFF0DFF3000004546FFFF4FF700000022
:10855000DFFFFFFF8FF1000000DFFFFFFF021000D1
:10856000000012222221000000000000000000672D
:108570007777750000000673FFFFFFFE0000003FE5
:10858000F6FFFFEEFD000000CFF1FFFF70000000DE
:1085900009FFA0FFFFFB200002BFFE10FF8DFFFCC4
:1085A000A9CFFFE200FF619FFFFFFFFB1000FF70FC
:1085B000017CEED9300000562000000000000000D1
:1085C0000000000240000002EF000002EFF0000394
:1085D000EFFFDFFFFFFFFFFFFFFFFFFFFFFFFFFFDB
:1085E000FFFFFFFFFFFFFFFFFFFFFFFFFF7BBBDF83
:1085F000FFF00000BFFF000000BFF0000000BE0061
:1086000000000000000000024000000000002EF00A
:108610000000000002EFF0000000003EFFF000004C
:10862000DFFFFFFFF00710FFFFFFFFF03FD0FFFF6E
:10863000FFFFF008F5FFFFFFFFF004F7FFFFFFFF6C
:10864000F00DF3FFFFFFFFF03F708BBBDFFFF0008B
:108650000000000BFFF00000000000BFF000000071
:1086600000000BE00000000000000000000000001F
:10867000000000000100000000000000000007F6FC
:108680000000000000024000002DF8000000000281
:10869000EF0000401CF400000002EFF0005FB01E8D
:1086A000E1000003EFFF0000AFA06F70DFFFFFFFEE
:1086B000F00710BF30FD0FFFFFFFFF03FD03F90AB6
:1086C000F0FFFFFFFFF007F50EC08F2FFFFFFFFF4A
:1086D000004F70DD07F3FFFFFFFFF01DF30FB09FAA
:1086E0002FFFFFFFFF03F707F60CF07BBBDFFFF068
:1086F0000003FE12FA000000BFFF0003FF40AF308E
:10870000000000BFF0003C306FA000000000BE0081
:1087100000006FE100000000000000006FD20000C8
:10872000000000000000039000003ABBBBBBBBBBD5
:10873000BBBBA3EFFFFFFFFFFFFFFFFEFFD56EFFF9
:10874000FFFFFFFFFFFF2004FFFFFFFFFFFFFF0012
:1087500002FFFFFFBFFFFFFF5007FFFFF508FFFF0E
:10876000FFFBBFFFFF50008FFFFFFFCBFFF50000B7
:1087700009FFFFFC00AF50000004FFFFC000030032
:10878000000004FFFF40000000000004FFFF7444ED
:108790004444444447FFFFFFFFFFFFFFFFFFFF6F1D
:1087A000FFFFFFFFFFFFFFF6000006900000000044
:1087B00001FF40000000006FFA000000000DFFF212
:1087C00000000005FFFF90000000EFFFFF300000F9
:1087D0009FFFFFFD00005FFFFFFFF9000EFFFFFF9F
:1087E000FFF307FFFFFFFFFFA0CFFFFFFFFFFF0F1C
:1087F000FBFFFFFFFFF2FF4AFFFFFFFF2CF84FFFD9
:10880000FFFFF07FF25CFFFFFB00EFE508FFFF30AA
:1088100002EFFFFFFF500001AFFFFB30000000033D
:10882000310000006B90000003A29FE000004FF9B0
:108830009FE00005FFFA9FE0006FFFFA9FE007FF4F
:10884000FFFA9FE08FFFFFFA9FE9FFFFFFFA9FFF0C
:10885000FFFFFFFA9FFFFFFFFFFA9FFEFFFFFFFAF8
:108860009FE1DFFFFFFA9FE01CFFFFFA9FE000BFE0
:10887000FFFA9FE0000AFFFA9FE000009FFA9FE0E6
:10888000000008F60000000000003A700000000040
:108890000000EFFE500000000000FFFFFB20000082
:1088A0000000FFFFFFF800000000FFFFFFFFE600F1
:1088B0000000FFFFFFFFFFC30000FFFFFFFFFFFF00
:1088C0009100FFFFFFFFFFFFFE60FFFFFFFFFFFFC5
:1088D000FFF7FFFFFFFFFFFFFFFAFFFFFFFFFFFFB5
:1088E000FFE2FFFFFFFFFFFFF800FFFFFFFFFFFBBF
:1088F0002000FFFFFFFFFD400000FFFFFFFF7000B3
:108900000000FFFFFFA100000000FFFFD3000000F8
:108910000000AFE6000000000000020000000000C0
:1089200000003ABBB91003ABBB91EFFFFFA00EFFF5
:10893000FFFAFFFFFFC00FFFFFFCFFFFFFC00FFFAD
:10894000FFFCFFFFFFC00FFFFFFCFFFFFFC00FFF9B
:10895000FFFCFFFFFFC00FFFFFFCFFFFFFC00FFF8B
:10896000FFFCFFFFFFC00FFFFFFCFFFFFFC00FFF7B
:10897000FFFCFFFFFFC00FFFFFFCFFFFFFC00FFF6B
:10898000FFFCFFFFFFC00FFFFFFCFFFFFFC00FFF5B
:10899000FFFCFFFFFFB00FFFFFFB7FFFFE4007FF65
:1089A000FFE400000000000000003ABBBBBBBBBB03
:1089B000BB91EFFFFFFFFFFFFFFAFFFFFFFFFFFF8E
:1089C000FFFCFFFFFFFFFFFFFFFCFFFFFFFFFFFFBD
:1089D000FFFCFFFFFFFFFFFFFFFCFFFFFFFFFFFFAD
:1089E000FFFCFFFFFFFFFFFFFFFCFFFFFFFFFFFF9D
:1089F000FFFCFFFFFFFFFFFFFFFCFFFFFFFFFFFF8D
:108A0000FFFCFFFFFFFFFFFFFFFCFFFFFFFFFFFF7C
:108A1000FFFCFFFFFFFFFFFFFFFCFFFFFFFFFFFF6C
:108A2000FFFB7FFFFFFFFFFFFFE4000000000000EF
:108A300000004A2000000AB4BFE300000FF8CFFF97
:108A400040000FF8CFFFF5000FF8CFFFFF600FF8E1
:108A5000CFFFFFF70FF8CFFFFFFF9FF8CFFFFFFF1C
:108A6000FFF8CFFFFFFFFFF8CFFFFFFFDFF8CFFFDB
:108A7000FFFC1FF8CFFFFFB00FF8CFFFFA000FF891
:108A8000CFFF80000FF8BFF700000FF87F600000F5
:108A90000FF700000000000000000002CA100000F4
:108AA000000000002EFFC0000000000001EFFFFBEF
:108AB00000000000001DFFFFFFA000000000CFFF2E
:108AC000FFFFF90000000BFFFFFFFFFF700000AF8A
:108AD000FFFFFFFFFFF60008FFFFFFFFFFFFFF4064
:108AE0000FFFFFFFFFFFFFFFB00AFFFFFFFFFFFFCA
:108AF000FF6000344444444444420003777777776E
:108B0000777777100FFFFFFFFFFFFFFFB00FFFFF2B
:108B1000FFFFFFFFFFC00FFFFFFFFFFFFFFFB00CD6
:108B2000FFFFFFFFFFFFFF700000000000000000DC
:108B3000000000000041000000009FD00000009FE6
:108B4000FF2000009FFF5000009FFF5000009FFF8C
:108B50005000009FFF5000009FFF5000000EFFD10B
:108B60000000003EFFC10000003EFFC10000003ECB
:108B7000FFC10000003EFFC10000003EFFC000003A
:108B8000003EFF200000003C600050000000009FFD
:108B9000C10000000EFFC10000002EFFC100000058
:108BA0002EFFC10000002EFFC10000002EFFC100FB
:108BB00000002EFFC0000000AFFF2000009FFF500C
:108BC00000009FFF5000009FFF5000009FFF5000DB
:108BD000009FFF6000000EFF600000003D5000009D
:108BE000000000003991000000000000CFF80000F4
:108BF00000000000DFF9000000000000DFF90000C5
:108C000000000000DFF9000000000000DFF90000B4
:108C100000367777EFFC777761EFFFFFFFFFFFFF0D
:108C2000FAFFFFFFFFFFFFFFFBAEFFFFFFFFFFFFAE
:108C3000E6000000DFF9000000000000DFF900009E
:108C400000000000DFF9000000000000DFF9000074
:108C500000000000DFF90000000000009FF50000A8
:108C60000000000001100000003666666666666659
:108C700061EFFFFFFFFFFFFFFAFFFFFFFFFFFFFFB7
:108C8000FBAFFFFFFFFFFFFFF60000000368874018
:108C90000000000000008EFFFFFFF920000000042C
:108CA000EFFD6325BFFF70000007FFFA0000007FA3
:108CB000FFA00006FFFD0008FC209FFFA002FFFFB1
:108CC00050008FFE12FFFF60CFFFF2167FFFF50E00
:108CD000FFFE1EFFFF12FFFFFF70DFFFF26FFFF3CB
:108CE0000EFFFFF30FFFFB00BFFF904FFFF805FFE4
:108CF000FE1001DFFF40288401EFFF300001BFFFBD
:108D0000600004EFFD300000006EFFFBBEFFF900C5
:108D10000000000005ADFFEB710000004A100000EC
:108D2000000000000000000EFE3000000000000007
:108D30000000005FFF600015787400000000002D47
:108D4000FFA6DFFFFFFFA2000000000AFFFFE832DE
:108D50005BFFF80000000006FFF6001006FFFB00B6
:108D600000000003EFF87FD309FFFB00001E700135
:108D7000BFFEFFF21FFFF70009FFA0008FFFFF708B
:108D8000DFFFF100CFFFD1005FFFF90CFFFF3005DF
:108D9000FFFF60002DFFB0EFFFB0000AFFFC0000F6
:108DA0000AFFEFFFE100000CFFF6000006FFFFF3F3
:108DB0000000000AFFF8100003EFFA0000000005B1
:108DC000EFFFCB8001BFFB10000000005ADFFE70F8
:108DD000008FFE300000000000000000005FFF3048
:108DE0000000000000000000002DE1000000000075
:108DF000000000000001000000000001CD40000064
:108E00000000000000000AFFE00000000000000079
:108E1000004FFFF80000000000000000DFFFFF101F
:108E200000000000000006FFFFFFA000000000009F
:108E3000000EFFFFFFF30000000000008FFB338FE8
:108E4000FC000000000002FFF9006FFF600000005E
:108E5000000AFFFA006FFFE0000000004FFFFB0078
:108E60007FFFF800000000DFFFFC008FFFFF100015
:108E70000006FFFFFD009FFFFFA000000EFFFFFFA9
:108E8000CBFFFFFFF300008FFFFFFC008FFFFFFC15
:108E90000002FFFFFFF9004FFFFFFF600AFFFFFF27
:108EA000FE42CFFFFFFFE00FFFFFFFFFFFFFFFFFCF
:108EB000FFF309FFFFFFFFFFFFFFFFFFD00023339A
:108EC00033333333333333000000000000000140FC
:108ED0000000000000000007F9001222100000014D
:108EE00029FF90FFFFE200006FFFFFF8FFFFFE2069
:108EF00005FFFFFFFD9AADFFD05FFFBDFFE2000061
:108F0000CF44FFF908FE200000044FFF9004D20078
:108F1000000003FFFA0000100000003FFFA19106CF
:108F2000F6000002EFFB0CFC08FF60EFFFFFB01D36
:108F3000FFFFFFF6FFFFFC0002EFFFFFFEDDDDB0ED
:108F400000002DDEFFF500000000000008FF5000CB
:108F5000000000000006F500000000000000000016
:108F60000000000004200000000000005FE200009C
:108F700000000005FFFE20000000006FFFFFE3007F
:108F8000000006FFFACFFE3000006FFF900CFFE3F9
:108F90000006FFF90000CFFE305FFF9000000CFFDD
:108FA000E2AFF900000000CFF61B80000000000BCC
:108FB0009003200000000003206FE2000000005F2B
:108FC000F2AFFE20000005FFF61CFFE300005FFF8C
:108FD0009001CFFE3005FFF900001CFFE35FFF901A
:108FE000000001CFFFFFF9000000001CFFFF900010
:108FF00000000001CFF90000000000001B900000FD
:10900000000000260000000000000000000002EF49
:10901000A00044444444420000003EFFFA04FFFF25
:10902000FFFFFD000003EFFFFFA0AFFFFFFFFE000B
:10903000000EFDEFCFF800000005FE00000BE2DFA0
:1090400067F500000005FE00000000DF6000000082
:109050000005FE00000000DF600000000005FE00CB
:10906000000000DF600000000415FE03200000DFA8
:10907000600000006FD6FE4FF10000DF94444441D1
:109080003FFFFFFFC00000DFFFFFFFFF24FFFFFCEB
:109090001000009FFFFFFFFE304FFFC000000000E8
:1090A000000000000004FC000000000000000000C0
:1090B0000000100000178888840000000000CFFF27
:1090C000FFFF5000000000FFFFFFFFF64444443064
:1090D000FFFFFFFFFFFFFFFFFAFFFFFFFFFFFFFFA5
:1090E000FFFFFFFFFFFFFFFFFFFFFFFFFFFFFFFF90
:1090F000FFFFFFFFFFFFFFFFFFFFFFFFFFFFFFFF80
:10910000FFFFFFFFFFFFFFFFFFFFFFFFFFFFFFFF6F
:10911000FFFFFFFFFFFFFFFFFFFFFFFFFFFFFFFF5F
:10912000FFFFFFFFFFFFFFFFFFFF7FFFFFFFFFFFCF
:10913000FFFFF600000000470000000000000004F0
:10914000FF900000000000004FFFF9000000000049
:1091500004FFFFFF90000000004FFFFFFFF9000039
:109160000004FFFFFFFFFF9000000CFFFFFFFFFF69
:10917000F1000000112FFFF71110000000001FFF89
:10918000F60000000000001FFFF6000000000000D5
:109190001FFFF60000000000001FFFF60000002483
:1091A00044421FFFF6244442FFFFFC08BBA2CFFF4E
:1091B000FFFFFFFFA5555AFFFFFFFFFFFFFFFFFF68
:1091C000FFFFFFFFFFFFFFFFFF66C4FFDFFFFFFFA3
:1091D000FFFFFFFFFD000000000000000000000096
:1091E0000000000002B841000000000000009FFFE6
:1091F000FB0000000000001FFFFFF0000000000067
:1092000007FFFFFE000000000000DFFFFFC00000BE
:109210000000000CFFFFF90000000000000AFFFF43
:10922000500000000000000CFFF1000000000000F2
:1092300003FFFA00000000000000DFFF2000000034
:10924000000000AFFF90000004A50000AFFFD000B9
:10925000007DFFF402CFFFE20000DFFFFFE9FFFF28
:10926000F300000DFFFFFFFFFFE20000009FFFFF84
:10927000FFFFA100000006FFFFFFFC400000000010
:109280002FFFFD83000000000000232000000000ED
:1092900000000000352000000000001CFFFA000064
:1092A000019CA1AFFEFF60002EFFF9EF60AFB0039D
:1092B000EFFFB0EF92CF903EFFFA007FFFFFE6FF97
:1092C000FFA00008FFFFFFFFFA00000001CFFFFF33
:1092D000A0000000003FFFFF1000000036EFFFFF7E
:1092E000D100001CFFFFFFFFFD1000AFFEFFC2DF3B
:1092F000FFD100EF60AFA01CFFFD20EF92CFA000D8
:10930000CFFFE27FFFFF40000BFFF908FFE5000001
:10931000005850000100000000000000006FFFFF37
:10932000F168000000AFFFFFF17F800000AFFFFF9A
:10933000F17FF83662AFFFFFF13666FFF6AFFFFF51
:10934000F62222FFF6AFFFFFFFFFFEFFF6AFFFFFA3
:10935000FFFFFEFFF6AFFFFFFFFFFEFFF6AFFFFFD1
:10936000FFFFFEFFF6AFFFFFFFFFFEFFF6AFFFFFC1
:10937000FFFFFEFFF6AFFFFFFFFFFEFFF6AFFFFFB1
:10938000FFFFFEFFF6AFFFFFFFFFFEFFF76FFFFFE0
:10939000FFFFFAFFFE300000000000FFFFFFFFFFAD
:1093A000F10000EFFFFFFFFFF000001444444444CD
:1093B0002000000566666666640000CFFFFFFFFFC1
:1093C000FF9000FFEDDDDDDDEFF900FF4000000064
:1093D0000FFF90FF400000000EFFF6FF400000006E
:1093E0000EFFF9FF400000000FFFF9FFFFFFFFFF36
:1093F000FFFFF9FFFFFFFFFFFFFFF9FFFFFFC57F43
:10940000FFFFF9FFFFFE0005FFFFF9FFFFFA000174
:10941000FFFFF9FFFFFD0004FFFFF9FFFFFF934D82
:10942000FFFFF9FFFFFFFFFFFFFFF88FFFFFFFFFC9
:10943000FFFFE301222222222221007999999999A2
:10944000999995FFFFFFFFFFFFFFFCDFFFFFFFFF85
:10945000FFFFFA0000000000000000000000000014
:109460000000000000000000000000EFFFFFFFFF11
:10947000FFFFFAFFFFFFFFFFFFFFFB688888888878
:109480008888840000000000000000000000000048
:109490000000006777777777777774FFFFFFFFFF2C
:1094A000FFFFFBEFFFFFFFFFFFFFFA0000000000E0
:1094B000000000034444444444444430AFFFFFFFF1
:1094C000FFFFFFFFFAFFFFFFFFFFFFFFFFFFCFFFE1
:1094D000FFFFFFFFFFFFFC0AFFFFFFFFFFFFFFA0F3
:1094E000A16FFFFFFFFFFFF63DFE42DFFFFFFFFD25
:1094F00026FFFFF919FFFFFF91BFFFFFFFD35FFFBB
:10950000E54EFFFFFFFFFF719917FFFFFFFFFFFF12
:10951000FD77DFFFFFFFFFFFFFFFFFFFFFFFFFFF05
:10952000FFFFFFFFFFFFFFFF7FFFFFFFFFFFFFFFCB
:10953000F600AFFFFFA000000FFFFFFB000001FFE0
:10954000FFFF6000003FFFFFF1000005FFFFFB0091
:1095500000008FFFFFA555400AFFFFFFFFFF30CF40
:10956000FFFFFFFFC00EFFFFFFFFF300EFFFFFFF56
:10957000FA00012223FFFF100000004FFF700000DF
:109580000008FFE000000000CFF5000000000FFC25
:109590000000000003FF30000000007F900000008A
:1095A0000007E10000000000000000000000008D46
:1095B00090000000008BBCFAFDBB900000FFFFD0C4
:1095C000CFFFF10000FFFFF8FFFFF10000FFFFFFFA
:1095D000FFFFF10000FFFFF30000000000FFFF9518
:1095E000FFFFF17900FFFF88FFFFF17FB0FFFF88E9
:1095F000FFFFF17FFAFFFF88FFFFF20221FFFF88E4
:10960000FFFFFFDDDCFFFF88FFFFFFFFFEFFFF889E
:10961000FFFFFFFFFEFFFF88FFFFFFFFFE7AAA5854
:10962000FFFFFFFFFE000008FFFFFFFFFE00000836
:10963000FFFFFFFFFE000006FFFFFFFFFC00000032
:1096400000000000000000000860000000000000B2
:109650003FF0000000000006CFFA4000000001CFFC
:10966000FFFFF90000000CFFFFFFFF8000005FFF1D
:10967000FFFFFFF100009FFFFFFFFFF50000BFFFAE
:10968000FFFFFFF70000CFFFFFFFFFF80000EFFF35
:10969000FFFFFFFA0002FFFFFFFFFFFE0008FFFFD2
:1096A000FFFFFFFF403FFFFFFFFFFFFFD1EFFFFF87
:1096B000FFFFFFFFFAAFFFFFFFFFFFFFF700000014
:1096C0000000000000000004FFFF00000000000098
:1096D000BFF7000000000000021000000004444436
:1096E000444444444444410BFFFFFFFFFFFFFFFF9E
:1096F000FFE0FFFFFFFFFFFFFFFFFFFF3FF404D08E
:109700002F00F303F00FF4FF405D02F00F404F0015
:10971000FF4FFFFFFFFFFFFFFFFFFFF4FFFF22B739
:1097200029A24F42CFFF4FFFF00A607902F20BFFF0
:10973000F4FFFFDDFEDFFDEFEDFFFF4FF848E444EF
:10974000444447F45FF4FF404D000000003E00FF3A
:109750004FF748E444444447F44FF4FFFFFFFFFF52
:10976000FFFFFFFFFF37FFFFFFFFFFFFFFFFFFA030
:1097700000000000000000000000000000000000E9
:1097800000018B3000000000000002AFFFD000009D
:1097900000000003BFFFFFD00000000005CFFFFF67
:1097A000FF7000000006DFFFFFFFFE00000017EF64
:1097B000FFFFFFFFF8000029FFFFFFFFFFFFF100A1
:1097C00007FFFFFFFFFFFFFF90000FFFFFFFFFFFFF
:1097D000FFFF20000BFFFFFFFFFFFFFB0000005615
:1097E00066667FFFFFF30000000000002FFFFFC050
:1097F0000000000000002FFFFF50000000000000EC
:109800002FFFFD000000000000002FFFF600000009
:10981000000000002FFFE0000000000000001FFF1C
:1098200070000000000000000CFD000000000000BF
:10983000000000300000000058888887060000FF04
:10984000FFFFFE0F9000FFFFFFFE0FF900FFFFFF7D
:10985000FE0FFF90FFFFFFFE0FFFF5FFFFFFFF3240
:109860002221FFFFFFFFFFFFF8FFFFFFFFFFFFF8D1
:10987000FFFFFFFFFFFFF8FFFFFFFFFFFFF8FFFF06
:10988000FFFFFFFFF8FFFFFFFFFFFFF8FFFFFFFFF6
:10989000FFFFF8FFFFFFFFFFFFF8FFFFFFFFFFFFE6
:1098A000F8FFFFFFFFFFFFF8FFFFFFFFFFFFF8EFED
:1098B000FFFFFFFFFFF6144444444444300000001F
:1098C0000000000000000000000000003689A974BC
:1098D00010000000000029EFFFFFFFFFC60000009E
:1098E00001AFFFFFFFFFFFFFFE600006FFFFFC75FB
:1098F00043469EFFFFB108FFFE710000000003CF4A
:10990000FFE2CFFA100000000000004EFF40B6005A
:109910000059DEFEC720001B50000005DFFFFFFFDF
:10992000FFA10000000009FFFFFEDEFFFFE30000D3
:109930000000DFFC4000028FFF5000000001B60075
:109940000000001B60000000000000003500000067
:10995000000000000000007FFE100000000000007A
:1099600000000EFFF6000000000000000000DFFF16
:1099700050000000000000000004FFB000000000E4
:1099800000000000000010000000000004444444F7
:10999000444444444444100AFFFFFFFFFFFFFFFF1D
:1099A000FFFE10FFFFFFFFFFFFFFFFFFFFF50FF4BC
:1099B0000000000000000000FFF3FF4AFFFFFFFF70
:1099C000FFFFFF0FFF5FF4AFFFFFFFFFFFFFF03F61
:1099D000F5FF4AFFFFFFFFFFFFFF00EF5FF4AFFF60
:1099E000FFFFFFFFFFF08FF5FF4588888888888894
:1099F000880FFF5FF74444444444444445FFC1FF9B
:109A0000FFFFFFFFFFFFFFFFFFF506EFFFFFFFFF79
:109A1000FFFFFFFFFB0004444444444444444444E7
:109A2000100AFFFFFFFFFFFFFFFFFFFE10FFFFFF1A
:109A3000FFFFFFFFFFFFFFF50FF400000000000035
:109A40000000FFF3FF4DFFFFFFFFFF60000FFF5F10
:109A5000F4DFFFFFFFFFF600003FF5FF4DFFFFFFC4
:109A6000FFFF600000EF5FF4DFFFFFFFFFF6000085
:109A70008FF5FF46888888888830000FFF5FF7449D
:109A800044444444444445FFC1FFFFFFFFFFFFFF40
:109A9000FFFFFFF506EFFFFFFFFFFFFFFFFFFB00EC
:109AA00004444444444444444444100AFFFFFFFF38
:109AB000FFFFFFFFFFFE10FFFFFFFFFFFFFFFFFFA6
:109AC000FFF50FF40000000000000000FFF3FF4C62
:109AD000FFFFFFF10000000FFF5FF4CFFFFFFF105B
:109AE0000000003FF5FF4CFFFFFFF100000000EF1A
:109AF0005FF4CFFFFFFF100000008FF5FF4688885E
:109B000088800000000FFF5FF7444444444444440D
:109B100045FFC1FFFFFFFFFFFFFFFFFFFFF506EF60
:109B2000FFFFFFFFFFFFFFFFFB00044444444444EA
:109B300044444444100AFFFFFFFFFFFFFFFFFFFE06
:109B400010FFFFFFFFFFFFFFFFFFFFF50FF4000017
:109B5000000000000000FFF3FF49FFFE00000000CE
:109B6000000FFF5FF49FFFE000000000003FF5FFE3
:109B700049FFFE000000000000EF5FF49FFFE000DF
:109B8000000000008FF5FF44888700000000000FF0
:109B9000FF5FF74444444444444445FFC1FFFFFF92
:109BA000FFFFFFFFFFFFFFF506EFFFFFFFFFFFFFD8
:109BB000FFFFFB0004444444444444444444100A2A
:109BC000FFFFFFFFFFFFFFFFFFFE10FFFFFFFFFF95
:109BD000FFFFFFFFFFF50FF4000000000000000092
:109BE000FFF3FF40000000000000000FFF5FF400E3
:109BF000000000000000003FF5FF400000000000F2
:109C0000000000EF5FF400000000000000008FF58E
:109C1000FF40000000000000000FFF5FF7444444D5
:109C20004444444445FFC1FFFFFFFFFFFFFFFFFF28
:109C3000FFF506EFFFFFFFFFFFFFFFFFFB00000048
:109C40000000000078100000000000000000269FC7
:109C5000FD00000000000000004FEFFFF0000000DA
:109C6000000000000E802EF700000000002000061B
:109C7000E000000000000003EFE300D70000000058
:109C800002A100CFFFD49F55555555557FF70FFFC3
:109C9000FFFFFFFFFFFFFFFFFFF5AFFFA0000BB0CF
:109CA0000000003FB2009C9000003F3000000150D7
:109CB000000000000000BB02BBB500000000000077
:109CC0000002F99FFF800000000000000003BDFFBC
:109CD000F80000000000000000003FFF80000000CE
:109CE000000000000000000000000000017BDDB863
:109CF0002000005FFFDFFFF60004FFFF68FFFF406A
:109D00000EFFFF609FFFD04FFFFF6009FFF38FF64C
:109D1000BF61C09FF7BFF60B60E25FF9DFFF502025
:109D200033FFFBEFFFF5002EFFFCEFFFFC007FFF92
:109D3000FCDFFFD10009FFFCCFFC145090AFFBAF5C
:109D4000F24F60F32FF96FFDFF7052EFF61FFFFF28
:109D5000702EFFF109FFFF72EFFF9000BFFFAEFF13
:109D6000FD100005CFFFFD80000000001100000085
:109D7000000005888830000056667FFFFFE66663B6
:109D8000FFFFFFFFFFFFFFFBCDDDDDDDDDDDDDD80C
:109D900003444444444444200EFFFFFFFFFFFFA060
:109DA0000EFFFFFFFFFFFFA00EFF1FF6AFC4FFA0D7
:109DB0000EFF0FF59FB3FFA00EFF0FF59FB3FFA09F
:109DC0000EFF0FF59FB3FFA00EFF0FF59FB3FFA08F
:109DD0000EFF0FF59FB3FFA00EFF0FF59FB3FFA07F
:109DE0000EFF0FF59FB3FFA00EFF1FF6AFC4FFA03D
:109DF0000DFFFFFFFFFFFF9008FFFFFFFFFFFF408A
:109E00000024444444443100000000000000008A63
:109E10003000000000000000BFFF30000000000024
:109E200000BFFFFF30000000000034FFFFFD000016
:109E3000000000BF44FFFFE000000000BFFF44FF40
:109E4000F400000000BFFFFF44F400000000BFFF6B
:109E5000FFFF4100000000BFFFFFFFF40000000013
:109E6000BFFFFFFFF400000000BFFFFFFFF4000092
:109E70000000BFFFFFFFF400000000BFFFFFFFF482
:109E8000000000008FFFFFFFF4000000000AFFFF4A
:109E9000FFF40000000000CFFFFFF400000000000E
:109EA0000EFFFFF4000000000000FFFFD4000000E0
:109EB000000000023100000000000000000000006F
:109EC0005788888888888872000000AFFFFFFFFFEE
:109ED000FFFFFFF20000BFFFFFFFFFFFFFFFFF706C
:109EE00000BFFFFFF8AFFFA8FFFFF800BFFFFFFABA
:109EF00000AFA00AFFFF80BFFFFFFFF3006003FF7A
:109F0000FFF8AFFFFFFFFFF30003FFFFFF8EFFFF30
:109F1000FFFFFF90009FFFFFF84FFFFFFFFFA00034
:109F200000AFFFFF804FFFFFFFB003E300BFFFF86C
:109F3000004FFFFFFE23FFF32EFFFF80004FFFFFC8
:109F4000FEFFFFFEFFFFF700004FFFFFFFFFFFFFD9
:109F5000FFFF5000003DFFFFFFFFFFFFFF900001EC
:109F6000CFFFFFFE60001CFFFFFFFFF200CF47F4B2
:109F7000D84FF50CFF03E0C50EF5CFFF03E0C50E8B
:109F8000F5FFFF24E2C62EF5FFFFFFFFFFFFF5FF01
:109F9000FFFFFFFFFFF5FFFFFFFFFFFFF5FFFFFFE5
:109FA000FFFFFFF5FFFFFFFFFFFFF5FFFFFFFFFFD5
:109FB000FFF5FFFFFFFFFFFFF5FFFFFFFFFFFFF5CF
:109FC000FFFFFFFFFFFFF5FFFFFFFFFFFFF5EFFFC5
:109FD000FFFFFFFFF35FFFFFFFFFFFA001344444DB
:109FE00044420000000000000000000300000000E8
:109FF0000000000005F10000000000000005FF1057
:10A00000003E9000000000BFF1004FFB0000000088
:10A010000BFF105FFFB000000000BFF16FFFFFFFFC
:10A02000FFFFFFFFFF1DFFFFFFFFFFFFFFFFF13EF1
:10A03000FFFECCCCCCCCCCCA002EFFB00000000080
:10A040000000001DFB00000000000000001B60007D
:10A050000000000000000000000000000000000000
:10A060000000D004000000000000D004030D010037
:10A0700014001007050601072300A00C0D0D0000B9
:10A080007800300B0B1200FEDB00300F0F0D0000CC
:10A090003D01600C0D0E00FF9801C0030206010790
:10A0A0009E011006051201FCCB011006051200FCF2
:10A0B000F8013007070700071102800A09090102A9
:10A0C0003A021004040600FD4602E00605020104FF
:10A0D0004B02100404030000510250060812FFFE58
:10A0E0009902000C0C0D0000E702B006050D0000FF
:10A0F0000803500A0A0D00004903500A0A0D000027
:10A100008A03100C0C0D0000D803500A0A0D000041
:10A110001904200B0B0D00006104C00A0B0D000098
:10A12000A904900B0B0D0000F104200B0B0D000097
:10A1300039051004040A00004D051004040D00FD4B
:10A140006705800A090901029005800A09070103D1
:10A15000B005800A09090102D905500A0A0D00005C
:10A160001A06A012121100FCB306300D0F0DFF00ED
:10A170001507A00D0C0D01006307000D0D0D00006B
:10A18000B807E00E0D0D01000D08100C0B0D0100BD
:10A190005508700B0A0D01009608E00D0D0D00002A
:10A1A000EB08A00E0C0D010039099005030D01000C
:10A1B0004D094009090DFF008809F00C0C0D010044
:10A1C000D609B00A0A0D0100170A30110F0D01005F
:10A1D000790AA00E0C0D0100C70A200F0F0D000018
:10A1E000290B000D0C0D0100770B200F0F1000FD47
:10A1F000EF0B100D0C0D01003D0C300B0B0D000092
:10A20000850C900A0B0D0000CD0C400E0C0D0100CA
:10A210001B0DD00C0E0DFF00760D4014140D000028
:10A22000F80D200C0C0D0000460EA00B0D0DFF00CC
:10A230009B0ED00B0C0D0000E90E0006051201FC70
:10A24000160F50060812FFFE5E0F0006051200FCF6
:10A250008B0F800A09080103AF0F0009090200FEF5
:10A26000B80FD00A0503020BC00FC00A0A0A00008B
:10A27000F20F400C0B0E01003F10400A0A0A0000CA
:10A280007110400C0B0E0000BE10000B0B0A0000FA
:10A29000F5106006070E00002611700C0B0E00FC76
:10A2A0007311400C0A0E0100B9110005030E0100E4
:10A2B000CE1120050612FEFC0412100B0B0E01003D
:10A2C00051120005030E010066120013110A01006D
:10A2D000BB12400C0A0A0100ED12700B0B0A0000C1
:10A2E0002413400C0B0E01FC7113400C0B0E00FCF0
:10A2F000BE136007060A0100DC130009090A00000A
:10A3000009147007070C00003314300C0A0A01000E
:10A310006514100A0C0AFF00A1143010110A000085
:10A32000F614F0090A0A00002815100A0C0EFFFCAA
:10A330007C156009090A0000A9155006051201FCE8
:10A34000D6156005031201FCF1155006061200FC3B
:10A350002716800A090501043E1690070707000624
:10A360005716A005040401035F160012131300FD25
:10A3700014170012120E000092170012121100FEA4
:10A380002B180012120E0000A918600C0D0D000011
:10A39000FE180012131200FEA9190012121300FD7C
:10A3A000541A4014151100FE071B0012121300FD71
:10A3B000B21B4014150E0000451C0012121300FDC4
:10A3C000F01C0009090F00FF341D800D0E0F00FF67
:10A3D0009D1D4014151200FE5A1E0012120E0000A0
:10A3E000D81E600C0D1300FD541FC00F0C1102FE8F
:10A3F000BA1FC00F101300FD5220C00F101100FE35
:10A40000DA20C00F101100FE6221C00F0C1102FEF5
:10A41000C821C00F1211FFFE6122400B0B1000FF7C
:10A42000B922400B0B1000FF1123C00F101100FECA
:10A430009923C00F10040005B9234014150E000025
:10A440004C248016171300FD272540141613FFFD1A
:10A45000F8250012121100FE9126C00F100A00020A
:10A46000E126C00F100A000231278016180FFFFFE7
:10A47000E5270012120E000063280012121300FDDF
:10A480000E2900121313FFFDC329C00F101100FE87
:10A490004B2AC00F101300FDE32AC00F101100FE5D
:10A4A0006B2BC00F100F00FFE32B0012120E0000E9
:10A4B000612C400B0D13FFFDDD2CC00F101300FDB0
:10A4C000752DC00F101300FD0D2E4014150E000049
:10A4D000A02E00121414FFFD682F800D0E1300FD36
:10A4E000ED2F8016171200FEBC308016170C0001ED
:10A4F00046318016170C0001D0318016170C000170
:10A500005A328016170C0001E4328016170C000135
:10A510006E338016170F00FF1B34C00F0E1301FDA2
:10A52000A034C00F101300FD383500121313FFFDC7
:10A53000ED358016170E00008E36800D0E1300FDCF
:10A5400013372012130C00010000721F51EF58EF57
:10A550005BEF5CEF5DEF61EF63EF65EF69EF6CEF71
:10A5600071EF76EF77EF78EF8EEF93EF98EF9BEF49
:10A570009CEF9DEFA1EFA2EFA3EFA4EFB7EFB8EF31
:10A58000BEEFC0EFC1EFC4EFC7EFC8EFC9EFCBEF2D
:10A59000E3EFE5EF14F015F017F019F030F037F0B5
:10A5A0003AF043F06CF074F0ABF03BF190F191F1C4
:10A5B00092F193F194F1D7F1E3F13DF254F2AAF460
:10A5C00012F7F2F7200000005F0001000000000019
:10A5D0000000000000000200B0000000F3F760007F
:10A5E00048A50308000000003E000300000001022F
:10A5F0000003040502060708090A090A0B0C000DEE
:10A600000E0F101112130C14140000001516171859
:10A6100019161A1B1C1D1D1E1F201D1D162122236D
:10A6200003241E2525262728292A2B002C002D2E21
:10A630002F303132332D343435302D2D2E2E363708
:10A640003839333A3A3B3A3C290000093D090000C9
:10A6500000000000000000000000000000000000FA
:10A6600000000000000000000000000000000000EA
:10A6700000000000000000000000000000000000DA
:10A6800000000000000000000000000001020003C4
:10A69000040502060708090A090A0B0C0D0E0F1023
:10A6A000110C12131415150000001617181917199C
:10A6B00019191719191A1919191917191719031B23
:10A6C0001C1D1D1E1F2021222300240025262727B4
:10A6D00027002726282926262A2A272A272A2B2C1C
:10A6E0002D2E2E2F2E3000002309310900000000EE
:10A6F000000000000000000000000000000000005A
:10A700000000000000000000000000000000000049
:10A710000000000000000000000000000000000039
:10A720000000000000000000000100000000000028
:10A730000001000003000000000200000000000013
:10A740000000000000000000000001000000000008
:10A75000000000000000000000010D0008FA0000E9
:10A760000000F0EF020E0605F4020E010C030900D2
:10A77000000000000000000000001102FE000000C8
:10A780000000000000000000000600F700000000CC
:10A7900000FA05060000FD00FE0300FD00FDFFFAC3
:10A7A00000000000FD0000FCFC0000FD00FA0000BD
:10A7B00000000000000000FDFD00FC00F800DD00CE
:10A7C00000FA0006090000FA03030A06FB0600006F
:10A7D000F00000000000000000000000F500000094
:10A7E0000000000000000000000000F8FDF200F48E
:10A7F000FE00000000010B00F7FEFF0100FB00005F
:10A80000FEEB0000000000000000000000E9FE0B6D
:10A81000000000000000000000000000F400000044
:10A82000000000000000000A00030000FA00000021
:10A8300000000000000000000000000000000B020B
:10A840000100000000000000000000000000000007
:10A8500000000000000000000000000000000000F8
:10A860000000000000000000F500000000000000F3
:10A8700000000000000000000000000000000002D6
:10A88000060309FD000006FDF6D902080601FC00DA
:10A890000A0009000900E500FD09000AFD060300A1
:10A8A0000001FD0000FB1700170009000C0405095A
:10A8B000000000F50000000001FE0002FBFCFA02AF
:10A8C00000FD000000F40000000000000000000097
:10A8D00000ED00000000000000000000000000008B
:10A8E0000001F000EE00000000FE001DFDFC03036F
:10A8F000FD00FC030000F10000000000000000006B
:10A900000000E40003000000000000000000000060
:10A9100000EE00110000F5000A00ECE4ECFA09007A
:10A9200000ED0003F900FC00000000000000000042
:10A930000000000709DD000000000000000000002A
:10A9400000000E000200000000000202FDFA00FFFD
:10A95000FFFD0000FE000000FA00FE00F9FA00F919
:10A96000F6F6FB00FA00FA00000000FE000003000B
:10A9700002FD000100000003FE000000FE0303FFD3
:10A98000000000FB00FF0000000000010004FE00CA
:10A99000FD00FB0000FE00090000FD0000000000BB
:10A9A000FF01FEFE0000FD00FD00000000000000B1
:10A9B0000000FFFF00FDFD0000000000010000FEA0
:10A9C00000FDFDFD000000000000000000FE000092
:10A9D0000000FEFC00FC00F7FEF7060000FA03068C
:10A9E0000800F9FFFD00FFF203FE02F10300000181
:10A9F000F100F1FEE7FE00F200060800040000008E
:10AA0000000100FBFC00F7000000FD000000FD005D
:10AA100000000000FFFF00FFFC000000000000003D
:10AA2000FDFD00FEFDFE0000FD0000000000000036
:10AA300000000000FEFE00FD00FE00FA030000FD25
:10AA4000010303000000000000FE000000000002FF
:10AA50000000FD00FDFEFD000000000000000200FF
:10AA6000FE00000000FDFC00FB0009FE01F70000F5
:10AA700008F2F1F4FA0300FEEDFB00FB00FA04FB20
:10AA8000EE00F8000001FF02FE000300F7F500F2FF
:10AA9000F9FAF9F7FDF8FFFBF802000100FD0000EC
:10AAA000000200030000000000000000000000FDA4
:10AAB00000FF00FFFD00FBFAFAFF00F700000000B6
:10AAC0000000FE0000000001FE0000000300000086
:10AAD00000000000000E0000000000000200000066
:10AAE000FD0000000000000000000000FB0003006B
:10AAF000000000000000000000000000FE00000058
:10AB0000FB00000000F2F7000000FCF20000FD0373
:10AB100000F800000000000000000000FB0000FB47
:10AB20000000000000000000000000000300FB0027
:10AB3000000000030002FAFA00FDFDFD0000000025
:10AB40000000F700FD00FCFD00FAF9F7FE00FA0036
:10AB5000F700000000170000010000FC000300F4F3
:10AB60000000000000E5FB0A09FEF40003FC00F20F
:10AB7000FFFC03ECFD040004F6FCF5F6F40000EF26
:10AB800000100000FF000000FFFFFDF8F6FFE500E9
:10AB900000000000000000000100000000000000B4
:10ABA000000000000000000000FD00FFFDFC0000B0
:10ABB000FA00FD000000000000000000000000009E
:10ABC0000000FF00FA000006FF0400FA03FEFFF990
:10ABD000FD00FCFDFE00FCFB0000FEFFFEFBFD0097
:10ABE00000FD0003FE00FA000000FA00FB00FBFB82
:10ABF000030000000000000000FA0300FC00FEFD5E
:10AC0000F7FEFEFEFFFEFDFF0000000000FDFEFE61
:10AC10000000000003FE00FE000000FEFDFEFDFD42
:10AC2000FD00020CFF00F800FE0600FDF4FC04002D
:10AC300000F2FB03FB0200FEFEF700FC010000FB3C
:10AC40000000000303FAFB00FBFDFCFDFD00FB011F
:10AC5000FBFB0900000000000000000003000000F2
:10AC600000000000000000000000000000000000E4
:10AC700000000000FB0000000000000000000000D9
:10AC800000000000000000000000000000000000C4
:10AC900000000000000000000000000000000000B4
:10ACA000FE000000000000000000000000000000A6
:10ACB0000000000000000000000000000000FEFD99
:10ACC000000000000000000000000000FC0000FC8C
:10ACD0000000FDFD00000000FD00000000FF00007E
:10ACE000000000FE00000000FC00FA000000F6007A
:10ACF00002FA0601FEF20000FAFD00F4F9F8000085
:10AD0000F4FDF4F5F200F9000213FC00F9FDFFFD7B
:10AD1000FBF8FBF5F4F9FD0000FE00010000ECFD7E
:10AD20000906FAF50001F700F2FEFD06E6FC010057
:10AD300000EDFDF1FDEB0000EC00110100FE000054
:10AD40000000FFFEF5FE00ED00000000F700FD0032
:10AD5000FFF8F20000FFFCF7FD00FE00000000F32A
:10AD6000FDF6F7FEFBF9FDFB00FAFDF6FC00FDFB2E
:10AD7000FDFB000100FEF6000600FB0000000003E2
:10AD80000002FA0C00FDFDFD000000000000F700CD
:10AD9000FD00FCFD00FAF9F7FE00FA020C000000CD
:10ADA00000170000010000FC00030000000000008C
:10ADB0000000FF0000000000FEFA0000000000FF9D
:10ADC000000000FDFD0000FAFD0000FA0005FF0094
:10ADD00000000000000100000000040602FD00F772
:10ADE000FB0009F6F7FAFA0C0503E7FE06FD00FD85
:10ADF00003FDF600FD03FCFEF7FE0000090600F867
:10AE000000F0FC08FCF501FCF6F6FD0C0300FC006C
:10AE1000F800020AF9F5F4F9090001EBFE03FBFE64
:10AE2000F900FAF5FCFCFE0000F9FAFD000907FD47
:10AE3000F000F0FC00F6EFFFF7FBF6F8080000FC6E
:10AE400000FAFD00FDFB0005F6030000F100FDFA2D
:10AE5000FBFEF7F9F6F900F7FDF9FBF7FD0000013D
:10AE60000EFB00F7FD00FDFAF9F8F8F5FCFA060014
:10AE7000FC00F2FD0206F7F5FAF60AFD01E5FB0615
:10AE8000FAFBF500F7F4FDFDFEFDFAF7FF000009FF
:10AE900008FEED00EFF907F5ECFAF6F4F2F606001D
:10AEA000000000FD000003FD0602FB060000F7FFA6
:10AEB00000FF000101FE000000000000FD00000096
:10AEC0000002090100FD00000000FEFEFD00000080
:10AED0000102000000000200FE000B00050101FC61
:10AEE000000600000002000000000000000000005A
:10AEF0000009000800000000000000000000000041
:10AF00000000EF00FD05000900001D03FAFA03032D
:10AF1000FE01F200000EEF00000000000000000043
:10AF20000000EC0B28000000000000000000000002
:10AF300000EF000000000000000000000000000022
:10AF4000000000000000000000000000FB0000FB0B
:10AF5000FD000000000000000000000000000000F4
:10AF600000000000FE00F800000100000325FAFECA
:10AF70000908F80300000303FC00000000000000C3
:10AF800000000000DB0800000000000000000000DE
:10AF900000000000000000F8000000F800000000C1
:10AFA000FAFF000000FA00FD00F2000000000000BF
:10AFB0000000000000ED00000000010000000000A3
:10AFC00000FD0000FB00FC00F8000000FB03FD009A
:10AFD00000F8FDF90000F800FD00F200FD0000E9B6
:10AFE000FBF4FDF60000ED00F8FF0000000000009B
:10AFF0000000FCFBFEFB00000000FA00FA04FD0666
:10B0000000FEF9FEFBFB00FDFFFE02F8FF00000062
:10B01000E7FEFC00FA00FEF2FD0000FEFE0000006C
:10B02000000200FEFBFE0500000000000000000022
:10B030000000000000000000000000000000000010
:10B040000000000000000000000000000000000000
:10B05000000004000000000000FA00FE000000FAFA
:10B0600003000000F8FDFA0000F800FD00F2000007
:10B070000000E400FAF5F20000ED00FEFC00000024
:10B080000000000000FDFCFFFC01000005FC0009C1
:10B090000EFDFDF7030E0506F8030C030806080075
:10B0A00000000000000000000000120EFBFD00FE8A
:10B0B000170C170000000300000B0000FB0000004D
:10B0C000000000000000FE0000000000000000047E
:10B0D00000000000E8FDFEF4F20000ED00000000BA
:10B0E00000000000000000000000000000FB000065
:10B0F00000000000000000FE000000000000000052
:10B100000400000000E8FDFEF4F20000F40000007E
:10B11000000000000000000000000000000000002F
:10B12000FE000000F90300FD020503F700FFFE0327
:10B13000000200000000F900FDFEFA00FDF400121C
:10B14000FD00FAFE00FEFB00FDF8FAFD000000FB2A
:10B15000000000000000000000FE000000000000F1
:10B1600000000400000000E8FDFEF4F20000ED0025
:10B1700000000000000E00000000000000000000C1
:10B18000FB00F7FDFD09FDFDF401FE01FEF80106DF
:10B1900001020102F9F4FD00F5FBF8F4F500FBFAF9
:10B1A000FDFCFEFEFDFE00FEFF040004FE000900A3
:10B1B0000000000000000000000000FEFDFD000097
:10B1C000F800FF00FB00000000000000000000008D
:10B1D000EF0000000000000000000000FDFD00FC8A
:10B1E00000000000FE0000FBFD0300FBFBFE00F87A
:10B1F000FEFAFEFD00FB0000000000000000000061
:10B2000000ED00090000FB00000000FC00FD000054
:10B21000FF0000FE00F900000CFCF6F7020303FF3C
:10B22000F802040209020AFEF80000F40000F7F830
:10B230000000FA00FCFB00FC00FC00FE0400FEF72E
:10B24000FD0B0000FD00FA000004F90003FD020000
:10B2500000F600FEFF00FD03FE000000F4FDFA0012
:10B26000F70000F2000BFD00FB000200FD00FDF7FF
:10B2700000FD0300000000FE000003FC010000FDD3
:10B28000FE00FD00000000000000000000000000C3
:10B2900000000000EE00060000FE000000000100BB
:10B2A000FDFD0000000600070000000000EEF001B8
:10B2B0000C0905F4020C000B000600000000000061
:10B2C00000000000000F000000000000000000006F
:10B2D000000000000000000028A70308ECA50308F8
:10B2E0008AA603083D310000D068030858A003086F
:10B2F000C4A50308D8B20308100002289803002050
:10B30000C9A10108EDA001081500040000FF01001B
:10B31000E8B2030800000000000000000000000088
:10B32000000000000000000000000000000000001D
:10B33000000000000000000000000000000000000D
:10B3400000000000000000000000000000000000FD
:10B3500000000000000000000000000000000000ED
:10B3600000000000000000000000000000000000DD
:10B3700000000000000000000000000000000000CD
:10B380000000AC51BCD3B492B492AC31AC51A41116
:10B390008B4D938EABF08B4E8B4E8410938E0000B2
:10B3A000000000000000000000000000000000009D
:10B3B000000000000000000000000000000000008D
:10B3C000000000000000000000000000000000007D
:10B3D000000000000000000000000000000000006D
:10B3E000000000000000000000000000000000005D
:10B3F000000000000000000000000000000000004D
:10B40000000000000000000000000000000000003C
:10B41000000000000000000000000000000000002C
:10B42000000000000000000000000000000000001C
:10B43000000000000000000000000000000000000C
:10B4400000000000000000000000000000000000FC
:10B4500000000000000000000000000000000000EC
:10B4600000000000000000000000000000000000DC
:10B4700000000000000000000000000000000000CC
:10B4800000000000000000000000000000000000BC
:10B4900000000000000000000000000000000000AC
:10B4A000000000000000000000000000000000009C
:10B4B000000000000000000000000000000000008C
:10B4C000000000000000000000000000000000007C
:10B4D000000000000000000000000000000000006C
:10B4E000000000000000000000000000000000005C
:10B4F000000000000000000000000000000000004C
:10B50000000000008410C535D5B7D576C514CD56DA
:10B51000BCD3938E0000000000000000DD969BAFBE
:10B5200093F0734E7BAF83D08BAF93D0A3B1000069
:10B53000000000000000000000000000000000000B
:10B5400000000000000000000000000000000000FB
:10B5500000000000000000000000000000000000EB
:10B5600000000000000000000000000000000000DB
:10B5700000000000000000000000000000000000CB
:10B5800000000000000000000000000000000000BB
:10B5900000000000000000000000000000000000AB
:10B5A000000000000000000000000000000000009B
:10B5B000000000000000000000000000000000008B
:10B5C000000000000000000000000000000000007B
:10B5D000000000000000000000000000000000006B
:10B5E000000000000000000000000000000000005B
:10B5F000000000000000000000000000000000004B
:10B60000000000000000000000000000000000003A
:10B61000000000000000000000000000000000002A
:10B62000000000000000000000000000000000001A
:10B63000000000000000000000000000000000000A
:10B6400000000000000000000000000000000000FA
:10B6500000000000000000000000000000000000EA
:10B6600000000000000000000000000000000000DA
:10B6700000000000000000000000000000000000CA
:10B680000000000000000000000093B0DE18EE593A
:10B69000D576AD750000000000000000000000003D
:10B6A000000000000000000000000000000000009A
:10B6B000000084109C718B8E8B6FA47100000000C1
:10B6C000000000000000000000000000000000007A
:10B6D000000000000000000000000000000000006A
:10B6E000000000000000000000000000000000005A
:10B6F000000000000000000000000000000000004A
:10B700000000000000000000000000000000000039
:10B710000000000000000000000000000000000029
:10B720000000000000000000000000000000000019
:10B730000000000000000000000000000000000009
:10B7400000000000000000000000000000000000F9
:10B7500000000000000000000000000000000000E9
:10B7600000000000000000000000000000000000D9
:10B7700000000000000000000000000000000000C9
:10B7800000000000000000000000000000000000B9
:10B7900000000000000000000000000000000000A9
:10B7A0000000000000000000000000000000000099
:10B7B0000000000000000000000000000000000089
:10B7C0000000000000000000000000000000000079
:10B7D0000000000000000000000000000000000069
:10B7E0000000000000000000000000000000000059
:10B7F0000000000000000000000000000000000049
:10B800000000000000000000000000000000000038
:10B81000AC72FEBBEE7AAC920000000000000000AB
:10B820000000000000000000000000000000000018
:10B83000000000000000000084109C51B4F4BCF42F
:10B84000A3F0BCB3C4B3B431D57500000000000050
:10B8500000000000000000000000000000000000E8
:10B8600000000000000000000000000000000000D8
:10B8700000000000000000000000000000000000C8
:10B8800000000000000000000000000000000000B8
:10B8900000000000000000000000000000000000A8
:10B8A0000000000000000000000000000000000098
:10B8B0000000000000000000000000000000000088
:10B8C0000000000000000000000000000000000078
:10B8D0000000000000000000000000000000000068
:10B8E0000000000000000000000000000000000058
:10B8F0000000000000000000000000000000000048
:10B900000000000000000000000000000000000037
:10B910000000000000000000000000000000000027
:10B920000000000000000000000000000000000017
:10B930000000000000000000000000000000000007
:10B9400000000000000000000000000000000000F7
:10B9500000000000000000000000000000000000E7
:10B9600000000000000000000000000000000000D7
:10B9700000000000000000000000000000000000C7
:10B9800000000000000000000000000000000000B7
:10B99000000000000000A3CEF6F9EE7ABCD3000050
:10B9A000000049C8838E8B4E8B8F93CF730C72AE81
:10B9B000000000000000000000009C51AC51CD765A
:10B9C000DDD7EE18E5D7E5F7EDF7DD96CD14C472B7
:10B9D000BBF0CCD3C514ACB20000000000000000E6
:10B9E0000000000000000000000000000000000057
:10B9F0000000000000000000000000000000000047
:10BA00000000000000000000000000000000000036
:10BA10000000000000000000000000000000000026
:10BA20000000000000000000000000000000000016
:10BA30000000000000000000000000000000000006
:10BA400000000000000000000000000000000000F6
:10BA500000000000000000000000000000000000E6
:10BA600000000000000000000000000000000000D6
:10BA700000000000000000000000000000000000C6
:10BA800000000000000000000000000000000000B6
:10BA900000000000000000000000000000000000A6
:10BAA0000000000000000000000000000000000096
:10BAB0000000000000000000000000000000000086
:10BAC0000000000000000000000000000000000076
:10BAD0000000000000000000000000000000000066
:10BAE0000000000000000000000000000000000056
:10BAF0000000000000000000000000000000000046
:10BB00000000000000000000000000000000000035
:10BB1000000000000000000000000000AC71DCAA82
:10BB2000EE97DDF90000630A7AECCD56E679FF1C4A
:10BB3000FF1CEE7AD5D7C5349C51834D7AEC9C100E
:10BB4000CD75EE79F679EE38DDD7BD14B4D39BCF41
:10BB5000BCD38208830CC576B493AC31D575DD7641
:10BB6000DD55AC9300000000000000000000000064
:10BB700000000000000000000000000000000000C5
:10BB800000000000000000000000000000000000B5
:10BB900000000000000000000000000000000000A5
:10BBA0000000000000000000000000000000000095
:10BBB0000000000000000000000000000000000085
:10BBC0000000000000000000000000000000000075
:10BBD0000000000000000000000000000000000065
:10BBE0000000000000000000000000000000000055
:10BBF0000000000000000000000000000000000045
:10BC00000000000000000000000000000000000034
:10BC10000000000000000000000000000000000024
:10BC20000000000000000000000000000000000014
:10BC30000000000000000000000000000000000004
:10BC400000000000000000000000000000000000F4
:10BC500000000000000000000000000000000000E4
:10BC600000000000000000000000000000000000D4
:10BC700000000000000000000000000000000000C4
:10BC800000000000000000000000000000000000B4
:10BC900000000000000000000000000000000000A4
:10BCA00000000000BBE9FD8AD554000083D093AFAB
:10BCB000FF5DFFDFFF3CF6FBF6FBFF3CFFFFFFBE37
:10BCC000EDF8B451CD75FEFBEE59D5D6C5759C5136
:10BCD0000000000000000000000000000000000064
:10BCE0000000B4F4B4B30000D596F638C4F30000F5
:10BCF0000000000000000000000000000000000044
:10BD00000000000000000000000000000000000033
:10BD10000000000000000000000000000000000023
:10BD20000000000000000000000000000000000013
:10BD30000000000000000000000000000000000003
:10BD400000000000000000000000000000000000F3
:10BD500000000000000000000000000000000000E3
:10BD600000000000000000000000000000000000D3
:10BD700000000000000000000000000000000000C3
:10BD800000000000000000000000000000000000B3
:10BD900000000000000000000000000000000000A3
:10BDA0000000000000000000000000000000000093
:10BDB0000000000000000000000000000000000083
:10BDC0000000000000000000000000000000000073
:10BDD0000000000000000000000000000000000063
:10BDE0000000000000000000000000000000000053
:10BDF0000000000000000000000000000000000043
:10BE00000000000000000000000000000000000032
:10BE1000000000000000000000000000832C834CA4
:10BE2000938E8410000000000000DDB6E4A8ED0B46
:10BE3000DD960000A411FFBEFF3CF6DAF6DBF6DB70
:10BE4000FF7DF71CD5B6CD54E617FEDAF638E5953A
:10BE5000C471934D000000000000000000000000CD
:10BE600000000000000000000000BDD7D535E659F5
:10BE70000000CD96FEFCB431000000000000000080
:10BE800000000000000000000000000000000000B2
:10BE900000000000000000000000000000000000A2
:10BEA0000000000000000000000000000000000092
:10BEB0000000000000000000000000000000000082
:10BEC0000000000000000000000000000000000072
:10BED0000000000000000000000000000000000062
:10BEE0000000000000000000000000000000000052
:10BEF0000000000000000000000000000000000042
:10BF00000000000000000000000000000000000031
:10BF10000000000000000000000000000000000021
:10BF20000000000000000000000000000000000011
:10BF30000000000000000000000000000000000001
:10BF400000000000000000000000000000000000F1
:10BF500000000000000000000000000000000000E1
:10BF600000000000000000000000000000000000D1
:10BF700000000000000000000000000000000000C1
:10BF800000000000000000000000000000000000B1
:10BF900000000000000000000000000000000000A1
:10BFA00000009B4BD48AE4EBD48AC44BC44CABAAAC
:10BFB000A36ACC2BFDEBCC4C7AEC6A49EEBBFFDEDE
:10BFC000FEFCF6FBF73CFF7DDDF7CCD3E596F637BC
:10BFD000E554D471D492ED34FE17F595C4308B2C12
:10BFE0009C510000000000000000000000008BAF2A
:10BFF0006AAAACB3BC319BAFA51400009BD0EDD8AE
:10C00000CD1400000000000000000000000000004F
:10C010000000000000000000000000000000000020
:10C020000000000000000000000000000000000010
:10C030000000000000000000000000000000000000
:10C0400000000000000000000000000000000000F0
:10C0500000000000000000000000000000000000E0
:10C0600000000000000000000000000000000000D0
:10C0700000000000000000000000000000000000C0
:10C0800000000000000000000000000000000000B0
:10C0900000000000000000000000000000000000A0
:10C0A0000000000000000000000000000000000090
:10C0B0000000000000000000000000000000000080
:10C0C0000000000000000000000000000000000070
:10C0D0000000000000000000000000000000000060
:10C0E0000000000000000000000000000000000050
:10C0F0000000000000000000000000000000000040
:10C10000000000000000000000000000000000002F
:10C11000000000000000000000000000000000001F
:10C120000000000000000000ABEEE50AFDCDF58D3B
:10C13000F58DFDADF56BFE0DDC6ACC29FDADDC693E
:10C14000B305C4B2FEFCDDD7DDF7EE99DD95B3EFA4
:10C15000CC51F5B6D4B2BBAFDCB3FDD7FDF7F59546
:10C16000ED75EDB5FE17FDB6D4F39BF0F8009BD04E
:10C170009BCFABEFBC30C471CC92CC92D471CC913C
:10C18000CC71C430ABCEB3CEC451938F000000004D
:10C19000000000000000000000000000000000009F
:10C1A000000000000000000000000000000000008F
:10C1B000000000000000000000000000000000007F
:10C1C000000000000000000000000000000000006F
:10C1D000000000000000000000000000000000005F
:10C1E000000000000000000000000000000000004F
:10C1F000000000000000000000000000000000003F
:10C20000000000000000000000000000000000002E
:10C21000000000000000000000000000000000001E
:10C22000000000000000000000000000000000000E
:10C2300000000000000000000000000000000000FE
:10C2400000000000000000000000000000000000EE
:10C2500000000000000000000000000000000000DE
:10C2600000000000000000000000000000000000CE
:10C2700000000000000000000000000000000000BE
:10C2800000000000000000000000000000000000AE
:10C29000000000000000000000000000000084100A
:10C2A000B48FBC4ECCD2A3CF730C5B6D0000A34CFB
:10C2B000E50AF5ADE52CE54CE54CED4CED4BF58C88
:10C2C000CC09DCAAF56CED0EBBACDD77E618E6799F
:10C2D000FEDADD34BBEFDCF3F5B6D492BC0FCC5103
:10C2E000D4B2D4F3F5D6FDD7ED75F5B6FE18F5D674
:10C2F000DCD2AB2CA32CD492E534ED14ED13ED136A
:10C30000ED13ECF3ED33F595FDF6FE58FE57F5947D
:10C31000EDD6DD96BC928B6E0000000000000000A0
:10C32000000000000000000000000000000000000D
:10C3300000000000000000000000000000000000FD
:10C34000000000000000FFFF0000000000000000EF
:10C3500000000000000000000000000000000000DD
:10C3600000000000000000000000000000000000CD
:10C3700000000000000000000000000000000000BD
:10C3800000000000000000000000000000000000AD
:10C39000000000000000000000000000000000009D
:10C3A000000000000000000000000000000000008D
:10C3B000000000000000000000000000000000007D
:10C3C000000000000000000000000000000000006D
:10C3D000000000000000000000000000000000005D
:10C3E000000000000000000000000000000000004D
:10C3F000000000000000000000000000000000003D
:10C40000000000000000000000000000000000002C
:10C41000000000000000000000000000000000001C
:10C4200000008410B40BE4EBCC4AAB8B930B7A4A3C
:10C43000418600007AEBDC89FDCDED2CED4CED4C16
:10C44000ED4CED4CED4BED2BD44AE4C8F58FE639BD
:10C45000DE59FF3CFFBDFEFACC92CC30F5B6E55478
:10C46000CC71DD34FE58FDF7E514CC51C430DD1439
:10C47000FE59ED75B3AE9ACBA30CD471ED54F5957E
:10C48000F5B6E4F3E4F3E534E514DCF3DCB2DCB256
:10C49000D4B1DCF2F5B5FE37FE58FEBAFEFBE595E9
:10C4A0008B6E000000000000000000000000000093
:10C4B000000000000000000000000000000000007C
:10C4C0000000000000000000000000000000D67A1C
:10C4D000CE39000000000000000000000000000055
:10C4E000000000000000000000000000000000004C
:10C4F000000000000000000000000000000000003C
:10C50000000000000000000000000000000000002B
:10C51000000000000000000000000000000000001B
:10C52000000000000000000000000000000000000B
:10C5300000000000000000000000000000000000FB
:10C5400000000000000000000000000000000000EB
:10C5500000000000000000000000000000000000DB
:10C5600000000000000000000000000000000000CB
:10C5700000000000000000000000000000000000BB
:10C5800000000000000000000000000000000000AB
:10C59000000000000000000000000000000000009B
:10C5A0000000000000000000BCD3D48AFD6ADCCD8E
:10C5B000CCB30000000000000000BCD3E4CBFDCDF4
:10C5C000E52CED4CED4CED2DE54CE54BED4BE50B45
:10C5D000E48AF56BEE16EE5AFF9EFF9CE5B6BBCFE4
:10C5E000DCF3EDD6D4B2D4D2EDB6F5F7ED96ED7618
:10C5F000F5B7FE18ED75C410A30CAB2DB3AFD492F4
:10C60000F5B7F5D7EDB7ED96ED76ED55ED55ED7641
:10C61000ED76ED96F597F596E534DCB3DCD3DD13D6
:10C62000F618FEBBF659FEDAF617A430000000003B
:10C6300000000000000000000000000000000000FA
:10C6400000000000000000000000000000000000EA
:10C65000000000000000FFFF9CD30000000000006D
:10C6600000000000000000000000000000000000CA
:10C6700000000000000000000000000000000000BA
:10C6800000000000000000000000000000000000AA
:10C69000000000000000000000000000000000009A
:10C6A000000000000000000000000000000000008A
:10C6B000000000000000000000000000000000007A
:10C6C000000000000000000000000000000000006A
:10C6D000000000000000000000000000000000005A
:10C6E000000000000000000000000000000000004A
:10C6F000000000000000000000000000000000003A
:10C700000000000000000000000000000000000029
:10C710000000000000000000000000000000000019
:10C720000000000000000000000000000000B4D382
:10C73000D469FE0BB3EC0000000000000000000014
:10C74000A493BC09FDADE52CED4CE54CED4CED4C56
:10C75000E54BED4BED6CDCAAD3E8FEB6E67AEE597C
:10C76000FF9DDD54BBCFF595ED75CC51E554F61723
:10C77000ED96ED76ED76ED96F5D7ED76E535E4D4EC
:10C78000BBCFDD13FE37F5B5ED53ED32ED31ED32B4
:10C79000ED32ED32ED32ED32ED31ED12ED12ED1202
:10C7A000ED53F574ECF1DC8DDC6FE555FE7AFE7A25
:10C7B000FEFBDD75ACB300000000000000000000CF
:10C7C0000000000000000000000000000000000069
:10C7D0000000000000000000000000000000000059
:10C7E000A514000000000000000000000000000090
:10C7F0000000000000000000000000000000000039
:10C800000000000000000000000000000000000028
:10C810000000000000000000000000000000000018
:10C820000000000000000000000000000000000008
:10C8300000000000000000000000000000000000F8
:10C8400000000000000000000000000000000000E8
:10C8500000000000000000000000000000000000D8
:10C8600000000000000000000000000000000000C8
:10C8700000000000000000000000000000000000B8
:10C8800000000000000000000000000000000000A8
:10C890000000000000000000000000000000000098
:10C8A0000000000000000000F800A3EFA3AAA36DA1
:10C8B00093CF94D3ADB89B29DBA7930A7BD16BCFE1
:10C8C0006B4D000000000000ABABF56BED4DED4C87
:10C8D000ED2CED2CED4CE54CED4BED4BED4ADC48F1
:10C8E000DD12FF5EEE38FEDAD513C3F0F5D7DCF3C8
:10C8F000CC71EDD6F617ED96ED75ED96F5F7ED9753
:10C90000DCD4D470DC8FED31FDB1ED2DE4CBECCA7D
:10C91000ECCAECCAECC9ECCAECCAECAAECAAECAAC8
:10C92000ECAAECAAECAAECAAE4CBE4CBE4A9ECC90F
:10C93000E469CBA9D44DF593F5F6FEDCC4F5AD75ED
:10C9400000000000000000000000000000000000E7
:10C9500000000000000000000000000000000000D7
:10C96000000000000000FFFFA4F400000000000031
:10C9700000000000000000000000000000000000B7
:10C9800000000000000000000000000000000000A7
:10C990000000000000000000000000000000000097
:10C9A0000000000000000000000000000000000087
:10C9B0000000000000000000000000000000000077
:10C9C0000000000000000000000000000000000067
:10C9D0000000000000000000000000000000000057
:10C9E0000000000000000000000000000000000047
:10C9F0000000000000000000000000000000000037
:10CA00000000000000000000000000000000000026
:10CA10000000000000000000000000000000000016
:10CA200000000000000000000000000000009B8DDE
:10CA3000D46AD429BC0DB4119BD10000B4D3DC67F7
:10CA4000D46BACD59D369CD38CB200000000932EE5
:10CA5000DCAAF5ADE52CED4CED2CE54CE52CED2BF1
:10CA6000ED2BE509E50AEE13FEDBFF1CF658C43199
:10CA7000CC51F5D6D4B2D4D3F5F7EDD6ED96ED760C
:10CA8000F5D7F5F8E4F3D44ED44CECECF52BE4E90F
:10CA9000E4C9ECCAECCAECCAECEAECCAECE9ECEA90
:10CAA000ECC9E4A9ECCAECCAECEBF50BECEAECAA95
:10CAB000E4A9E4AAE48AE4AAE4AAECCACBC8BB06C7
:10CAC000DC4BF570ECF2B4930000000000000000B5
:10CAD0000000000000000000000000000000000056
:10CAE000000000000000000000000000000094B200
:10CAF000AD75000000000000000000000000000014
:10CB00000000000000000000000000000000000025
:10CB10000000000000000000000000000000000015
:10CB20000000000000000000000000000000000005
:10CB300000000000000000000000000000000000F5
:10CB400000000000000000000000000000000000E5
:10CB500000000000000000000000000000000000D5
:10CB600000000000000000000000000000000000C5
:10CB700000000000000000000000000000000000B5
:10CB800000000000000000000000000000000000A5
:10CB90000000000000000000000000000000000095
:10CBA0000000000000000000000000000000000085
:10CBB0000000726BB3E9FDAAED2BBC9100000000F0
:10CBC00000000000C44EDCA7DD940000000000005F
:10CBD0000000A4107A699A86FDADED4DED4CED4C48
:10CBE000ED4CE54BED2AE529ED2AED6EF695FF3B80
:10CBF000FEFBFF1BBBEFC410F5D6CC71E534F61776
:10CC0000EDB6ED76ED96F618ED76D46FD40AE4899C
:10CC1000ED0AECEBECEBECEBECECECECECECECED37
:10CC2000ECEDED0DED0CED0DF50DF50DECACDC2A9C
:10CC3000D40AD3E9DC29ECCBF52CE4CAE48AE48AF3
:10CC4000E4AAE4AAE4CAD409B306CBC7FD0BB38AAD
:10CC500000000000000000000000000000000000D4
:10CC600000000000000000000000000000000000C4
:10CC70000000000000009CB3C61800000000000087
:10CC800000000000000000000000000000000000A4
:10CC90000000000000000000000000000000000094
:10CCA0000000000000000000000000000000000084
:10CCB0000000000000000000000000000000000074
:10CCC0000000000000000000000000000000000064
:10CCD0000000000000000000000000000000000054
:10CCE0000000000000000000000000000000000044
:10CCF0000000000000000000000000000000000034
:10CD00000000000000000000000000000000000023
:10CD10000000000000000000000000000000000013
:10CD20000000000000000000000000000000000003
:10CD30000000000000000000A452C3E8FE4DDCA982
:10CD4000CD5400000000000000000000D48BE52D51
:10CD5000C618000000009B4DB3EBE4CBCBC9ED4CF3
:10CD6000F58DE52BE54BE54CE52CED4BED4DE56FF9
:10CD7000F614FEFAEE97E5F6FE9ACCD2C430EDB585
:10CD8000CCB1ED75F5F7E596ED96F5D7F5F8DCB293
:10CD9000CBAADBE8ECABECABECEBED0CECECECECAD
:10CDA000ED0DF52CF52DED0DE4CCE48BE46CE46C8D
:10CDB000E46CE46CE46CE44BE44BDC0ACBC9C3A93F
:10CDC000C3A9DC8AF50BE4AAE48AE48AE48AED0BC1
:10CDD000E4AAB2E8D40ADC29A45000000000000054
:10CDE0000000000000000000000000000000000043
:10CDF000000000000000000000000000000084109F
:10CE00000000000000000000000000000000000022
:10CE10000000000000000000000000000000000012
:10CE20000000000000000000000000000000000002
:10CE300000000000000000000000000000000000F2
:10CE400000000000000000000000000000000000E2
:10CE500000000000000000000000000000000000D2
:10CE600000000000000000000000000000000000C2
:10CE700000000000000000000000000000000000B2
:10CE800000000000000000000000000000000000A2
:10CE90000000000000000000000000000000000092
:10CEA0000000000000000000000000000000000082
:10CEB0000000000000000000000000000000B4D3EB
:10CEC000BBC8FE0CED4AD4D00000000000000000FA
:10CED0000000AC91CC29E59400007AEBBC0CDCAAF4
:10CEE000FE0EDC8BCC0AF5EEE52BE54CED93EDB4B4
:10CEF000EDB4EDB4EDD6F619E5F7DD73E574F5F6AE
:10CF0000D4B2CC71E574D4B2EDB6F5F7EDB6EDD789
:10CF1000F5D7E555CC0ECB68E469ECCBECECED2C09
:10CF2000ECECED0CF54CED0CE48ADC4ADC29D42861
:10CF3000DC28DC28DC28DC48E449E468E489ECCB24
:10CF4000ECCBF50BF52BE48AC3A9BB48C3A9E4CB12
:10CF5000ED0BE48AE48AE48AECCBE4ABAAC7D3A75E
:10CF6000BC6D000000000000000000000000000098
:10CF700000000000000000000000000000000000B1
:10CF800000000000000000000000000000000000A1
:10CF90000000000000000000000000000000000091
:10CFA0000000000000000000000000000000000081
:10CFB0000000000000000000000000000000000071
:10CFC0000000000000000000000000000000000061
:10CFD0000000000000000000000000000000000051
:10CFE0000000000000000000000000000000000041
:10CFF0000000000000000000000000000000000031
:10D000000000000000000000000000000000000020
:10D010000000000000000000000000000000000010
:10D020000000000000000000000000000000000000
:10D0300000000000000000000000000000000000F0
:10D040000000000000009B8BED2AF5ACDCA9D59612
:10D0500000000000000000000000C553BBC9932C75
:10D06000B42DDCAAFD8CF5ADED6CC3AAE50DED6B1E
:10D07000ED4CEDB5EDB8EDB7EDD7F618EDF7E5559C
:10D08000D4D2DD94FE98EDD6D4B2E554C40FE53485
:10D09000F618EDD7ED96E534DCB2D431DC6CED0A50
:10D0A000F52CED2CED0CF52CF52CE4AADC2AD4099A
:10D0B000D3E8D3E8DC29E48AECCBECECECECECCC68
:10D0C000ECCCECABEC8BEC8AEC89ECA9E4A9ECC9D8
:10D0D000F52BE48BBB68B328D409ED0BE4AAE48AF2
:10D0E000E46AECCBE48AB2C5B3690000000000003A
:10D0F0000000000000000000000000000000000030
:10D10000000000000000000000005ACB00000000FA
:10D11000000000000000000000000000000000000F
:10D1200000000000000000000000000000000000FF
:10D1300000000000000000000000000000000000EF
:10D1400000000000000000000000000000000000DF
:10D1500000000000000000000000000000000000CF
:10D1600000000000000000000000000000000000BF
:10D1700000000000000000000000000000000000AF
:10D18000000000000000000000000000000000009F
:10D19000000000000000000000000000000000008F
:10D1A000000000000000000000000000000000007F
:10D1B000000000000000000000000000000000006F
:10D1C0000000000000000000000000008410BC6BA4
:10D1D000FDCCF58CD4ADCDD70000000000000000E0
:10D1E0000000B42FC3E9B36800000000E50CF5AD02
:10D1F000D46AC409F5ACED4EED94EDB7E575F5D6FE
:10D20000F5F7D4B2D4B2ED75F637FF19E595D4F33E
:10D21000DCF3CC91F5F7F5B6E575E514E514E4F229
:10D22000DCD2F575F596ED2FED0BF52CED0CDC6AE7
:10D23000D40AD3C8D3E8E48BF530F592F5B3F5B44E
:10D24000EDB4EDB4ED95EDB5ED94ED94ED73ED31F8
:10D25000ED10ECCFE4CDE4ACE48AE4A9ED09D449C7
:10D26000B308BB68E4AAECCBE46AE46AECEBE46ADA
:10D270009226B492000000000000000000000000B0
:10D2800000000000000000000000000000005AAB99
:10D29000630C84100000000000000000000000008B
:10D2A000000000000000000000000000000000007E
:10D2B000000000000000000000000000000000006E
:10D2C000000000000000000000000000000000005E
:10D2D000000000000000000000000000000000004E
:10D2E000000000000000000000000000000000003E
:10D2F000000000000000000000000000000000002E
:10D30000000000000000000000000000000000001D
:10D31000000000000000000000000000000000000D
:10D3200000000000000000000000000000000000FD
:10D3300000000000000000000000000000000000ED
:10D3400000000000000000000000000000000000DD
:10D35000000000009410CC4AF5ACED2BD4EF000097
:10D36000000000000000000082EDC3CBD42ADCAB3B
:10D370000000000000000000CC09DCCCED91ED9530
:10D38000ED96ED75FDF7E554C430CC91ED75F5D70C
:10D39000F698F657CC71CC91DCB2ED75EDB5E5148D
:10D3A000E514E575F5B6F5B5ED95ED75ED55F5506A
:10D3B000ED2BDC6AD409D3E7DC49ED30F5D4F61661
:10D3C000FE38F658F638F637F636F616F615F61530
:10D3D000F615F616EDF6EDF6EDF7ED76ED35ED34E6
:10D3E000ED12ECEFE4ADECEBECEAC388BB48E46A89
:10D3F000ECABE48ADC69ED0AC366936F00000000C1
:10D40000000000000000000000000000000000001C
:10D410000000BCD38B4E738E0000000000000000A3
:10D4200000000000000000000000000000000000FC
:10D4300000000000000000000000000000000000EC
:10D4400000000000000000000000000000000000DC
:10D4500000000000000000000000000000000000CC
:10D4600000000000000000000000000000000000BC
:10D4700000000000000000000000000000000000AC
:10D48000000000000000000000000000000000009C
:10D49000000000000000000000000000000000008C
:10D4A000000000000000000000000000000000007C
:10D4B000000000000000000000000000000000006C
:10D4C000000000000000000000000000000000005C
:10D4D000000000000000000000000000B514D42986
:10D4E000F58DF5ADBC0C0000000000000000A38C21
:10D4F000D449ECABCC6A0000000000000000D489E5
:10D50000BB6BF596ED96ED75ED95F5D6D4B2C3EF00
:10D51000DCF3FDF7EDB6EE99FEFAD4F3CC30DCF394
:10D52000F5B6DCD2DCF3ED75F5D7EDD6ED95ED75FE
:10D53000ED75ED96F593E48AD409D408DC48F54FEF
:10D54000F616F65AF67AF658F636F636F616F61651
:10D55000F5F5F5F5F5F5F5F5F5F4EDF5EDD5EDF5B4
:10D56000EDF5ED75ED74ED74F575F555ED14ECF222
:10D57000E4AFED0CDC4AD409E4A9E4A9E4A9DCA9F0
:10D58000F52AAB48AD790000000000000000000063
:10D59000FFFFAC10B3AFA38FAC51938E834E00004E
:10D5A000000000000000000000000000000000007B
:10D5B000000000000000000000000000000000006B
:10D5C000000000000000000000000000000000005B
:10D5D000000000000000000000000000000000004B
:10D5E000000000000000000000000000000000003B
:10D5F000000000000000000000000000000000002B
:10D60000000000000000000000000000000000001A
:10D61000000000000000000000000000000000000A
:10D6200000000000000000000000000000000000FA
:10D6300000000000000000000000000000000000EA
:10D6400000000000000000000000000000000000DA
:10D6500000000000000000000000000000000000CA
:10D66000000000008C71CC6AFDADF56CCC8D000023
:10D6700000009C72AB8AED2BFDADED2CED4D000052
:10D6800000000000ED2DB36CD492F5F7E554F5B62B
:10D69000EDB6CC30C40FED95F5B6E555F699FF3CE7
:10D6A000E575C450E4F3ED34ED75EDB5FE17F617EE
:10D6B000EDB6ED95E555E575ED95ED75DC4DD409C7
:10D6C000E469F50BF5D3F69BFEBCF699F657F657D1
:10D6D000F656F636FE36F636FE16F5F5F615F6155E
:10D6E000FE36F616F615F616F5B6F575FD95F554F3
:10D6F000F534ED33ED13ED14ECF4E4F2E4F0ECCE9C
:10D70000E48CDC8ADC49D449D469CB86A349D511A1
:10D71000BC2DC42CCC0BC3CABBABAB6DAB6DAC305A
:10D72000ACD100000000000000000000000000007C
:10D7300000000000000000000000000000000000E9
:10D7400000000000000000000000000000000000D9
:10D7500000000000000000000000000000000000C9
:10D7600000000000000000000000000000000000B9
:10D7700000000000000000000000000000000000A9
:10D780000000000000000000000000000000000099
:10D790000000000000000000000000000000000089
:10D7A0000000000000000000000000000000000079
:10D7B0000000000000000000000000000000000069
:10D7C0000000000000000000000000000000000059
:10D7D0000000000000000000000000000000000049
:10D7E000000000000000000000000000FFFFBC2B54
:10D7F000FDACED2BED4F00009BB0C42AFD8BF58DE9
:10D80000ED6DD48BD46A00000000E592D492CC7206
:10D81000ED95E575F5B6ED74C3EFD450F5D6ED95FD
:10D82000E534F659FF9DF658CC70C40FCC10ED13BB
:10D83000E554EDB5EDB5E533E534ED95FE37FE98ED
:10D84000F617E534D46FE489F4CBEDB5EE7AEE3813
:10D85000EDF7EDD6EDB5EDB4E5B4E573E553E5537D
:10D86000E532DD32DD12D4F2D4B1D491D471D40FCB
:10D87000CB8DC34CBB2BBB2BC36CCBCECBCEC38DC4
:10D88000BB6CBB4DBB4DBB4DBB4DBB4CB32CBB4C64
:10D89000B32AC38ACBA9AB06BBC9BBA9AB699B6B37
:10D8A0009B8D8410000000000000000000000000BC
:10D8B0000000000000000000000000000000000068
:10D8C0000000000000000000000000000000000058
:10D8D0000000000000000000000000000000000048
:10D8E0000000000000000000000000000000000038
:10D8F0000000000000000000000000000000000028
:10D900000000000000000000000000000000000017
:10D910000000000000000000000000000000000007
:10D9200000000000000000000000000000000000F7
:10D9300000000000000000000000000000000000E7
:10D9400000000000000000000000000000000000D7
:10D9500000000000000000000000000000000000C7
:10D9600000000000000000000000000000000000B7
:10D97000000000000000BC2EED2AF5ACDC8CA36E8C
:10D98000D48AFDACED6DE54CF58DCC0AB326ED9156
:10D99000F6B9EE19D4D3D491F5B5F5B6E533BBADF0
:10D9A000E4D2F5D6E574ED55F5F7EEBAEE38CC7164
:10D9B000C430D4B2ED54ED75E595EDF5F636FE586C
:10D9C000EDF7D534CCB1C470BC2FC470CC51DC6E33
:10D9D000FE99FEFCF638EDB6EDB6EDD6EDD6EDD5FA
:10D9E000EDD5EE15EDF5EDB4E553DD12E4D1E4919E
:10D9F000DC91E492E492E491E470D40FC38DBB4CCB
:10DA0000B32BAAEBAAEBB32CC3ADCBEFCBCEC38D1C
:10DA1000C3AEC3CFCBCFB32BC3ACDC6EE4719AEDF6
:10DA20007B4E00000000000000000000000000002D
:10DA300000000000000000000000000000000000E6
:10DA400000000000000000000000000000000000D6
:10DA500000000000000000000000000000000000C6
:10DA600000000000000000000000000000000000B6
:10DA700000000000000000000000000000000000A6
:10DA80000000000000000000000000000000000096
:10DA90000000000000000000000000000000000086
:10DAA0000000000000000000000000000000000076
:10DAB0000000000000000000000000000000000066
:10DAC0000000000000000000000000000000000056
:10DAD0000000000000000000000000000000000046
:10DAE0000000000000000000000000000000000036
:10DAF0000000000000000000000000000000B4B2C0
:10DB0000D469F5CDD46AD42AFDEDE52CE54DED4C74
:10DB1000F56BCC2AC450EE7BE659EE17D492E5346F
:10DB2000F5D6ED51BBACE4D3F5B5ED54F5B5E4F362
:10DB3000DD95EEBAE575CC30D4B2ED95F5F6EDF69F
:10DB4000FF1AFEDADD95C513C4D3C4B2CCD2D533E7
:10DB5000E5B4E574D4D2D513D555D4F3DD35EDD77E
:10DB6000F679FED9FE99F677F636ED94E512E4B132
:10DB7000DC50DC50DC50DC30DC30DC30DC30DC30E5
:10DB8000DC50ECB2FD54FD95ED13DC71D430CBEFDD
:10DB9000CC0FD430DC91ED34F575ECF3ECCEDC69D0
:10DBA000C3C7DC8AED0CED0FC3EDB3EF000000003E
:10DBB0000000000000000000000000000000000065
:10DBC0000000000000000000000000000000000055
:10DBD0000000000000000000000000000000000045
:10DBE0000000000000000000000000000000000035
:10DBF0000000000000000000000000000000000025
:10DC00000000000000000000000000000000000014
:10DC10000000000000000000000000000000000004
:10DC200000000000000000000000000000000000F4
:10DC300000000000000000000000000000000000E4
:10DC400000000000000000000000000000000000D4
:10DC500000000000000000000000000000000000C4
:10DC600000000000000000000000000000000000B4
:10DC700000000000000000000000000000000000A4
:10DC8000000000000000FFFFC42BF5ACE52CE4AB66
:10DC9000ED4DED2CED4DECEAF5AED595CD77DDB63D
:10DCA000FE9AE575D4B0F5B4F5B4C40BDCADFDB5A2
:10DCB000ED34F594DC90D4D2F6BAFF7CDD34CC3070
:10DCC000E554F5F6F617FE99CD34BC92BCB3CD34CD
:10DCD000EE38FF1AFEB9EE15E5B4E553D533D57528
:10DCE000D514DD34DD55DD75DD75E574E575F59527
:10DCF000ED54ECD2ECB1ECD2ECF2ECF2ECD2ECB2B2
:10DD0000ECB2E471DC50D430D430D430D430D450C0
:10DD1000DCB2F575FDD6FD75E513D4B1CC71CC71CF
:10DD2000CC92E534FDD5F572DC6EBB69DC49F52A91
:10DD3000BB88A2E9C3ACB4100000000000000000E2
:10DD400000000000000000000000000000000000D3
:10DD500000000000000000000000000000000000C3
:10DD600000000000000000000000000000000000B3
:10DD700000000000000000000000000000000000A3
:10DD80000000000000000000000000000000000093
:10DD90000000000000000000000000000000000083
:10DDA0000000000000000000000000000000000073
:10DDB0000000000000000000000000000000000063
:10DDC0000000000000000000000000000000000053
:10DDD0000000000000000000000000000000000043
:10DDE0000000000000000000000000000000000033
:10DDF0000000000000000000000000000000000023
:10DE00000000000000000000000000000000000012
:10DE1000BC4FE4CAF5AED44ADCCBED6DED0AE54D5E
:10DE2000FF3CE65BC514E617FEFBDD13E571F61259
:10DE3000DD52CC2DED4CED4FF56FDCADD430F679E5
:10DE4000FFDFE5F7CC50DD13EDD6F5F7E5B6C4B24C
:10DE5000C4B3E618FF7CFF1BEDF7DD53DD33DD5364
:10DE6000E594EDD5FEB9FEFBFEDBFEFAFEDBFE79A6
:10DE7000E574D491D430D410DC71ED13FD74ED133E
:10DE8000ECF3ECF3E4D2ECD3ECF3ED14ED54F575D4
:10DE9000F5B5F575ED13DC91D451D450DC91F575E1
:10DEA000FDB6FDB6FDD6ED34CC92C491C4B3DD779A
:10DEB000F5D8DCD4BBADCC0CCBAB9B6DD5F5C3EEAC
:10DEC000ABCF0000000000000000000000000000D8
:10DED0000000000000000000000000000000000042
:10DEE0000000000000000000000000000000000032
:10DEF0000000000000000000000000000000000022
:10DF00000000000000000000000000000000000011
:10DF10000000000000000000000000000000000001
:10DF200000000000000000000000000000000000F1
:10DF300000000000000000000000000000000000E1
:10DF400000000000000000000000000000000000D1
:10DF500000000000000000000000000000000000C1
:10DF600000000000000000000000000000000000B1
:10DF700000000000000000000000000000000000A1
:10DF80000000000000000000000000000000000091
:10DF90000000000000000000AD75D48CFDCCD48BD7
:10DFA000D44AF58BE52BF698FF7FE638DDD7E638C7
:10DFB000EDF6DD54FED8EE35D553F677ED4FED2D69
:10DFC000E4CBD42AF554FEFBF6FBDD34D491E574A2
:10DFD000F637F5F7C4D2E616FF7CF677DD73D51277
:10DFE000DD33E5B4F656FE97F657F679F69AF679EC
:10DFF000FE99FE99F617ED74ED34F595F575E4D3B9
:10E00000D450D42FDC50ECF2ED13E4F2ED33ED54A8
:10E01000ED55ED74ED74F554ED54ED34F554F5957E
:10E02000F595E4D2CC0FC3CFD471E4D2DC91D47196
:10E03000E4D3D471AB6DBC10DD75EDD7DD35CCB458
:10E04000DCB3BBCFBD14B410B2CAA2EB8B8D000001
:10E0500000000000000000000000000000000000C0
:10E0600000000000000000000000000000000000B0
:10E0700000000000000000000000000000000000A0
:10E080000000000000000000000000000000000090
:10E090000000000000000000000000000000000080
:10E0A0000000000000000000000000000000000070
:10E0B0000000000000000000000000000000000060
:10E0C0000000000000000000000000000000000050
:10E0D0000000000000000000000000000000000040
:10E0E0000000000000000000000000000000000030
:10E0F0000000000000000000000000000000000020
:10E10000000000000000000000000000000000000F
:10E1100000000000000000000000000000000000FF
:10E120000000A34CF52AF5ACCC09E4C8EDF2F73EAB
:10E13000FF3CEE38D596E618D4F3EE16FF59D553CA
:10E14000DD94FF3AF697E4EED409ED0AED90F6DBA4
:10E15000EE38DD14DCD3FE38F637C4B1F677FED8DE
:10E16000DD53D512DD53EDF5FE97FE97F656F61505
:10E17000EE16F69AF69AF69AFE99F5D6E534E53457
:10E18000ED54ED54ED34ED54F554ECD2D42FD42F9E
:10E19000E4F2F5F6F616EDD5ED55ED54F574F5749B
:10E1A000F574F554F534E4F3DCB2DC91DC91C3EFA3
:10E1B000C3CFCC30CC0FDCB2DC92DC71E4F3E513DE
:10E1C000E534F5D6F5F8FE9BFEDBFE58ED75E4F37D
:10E1D000D3EFD3EEC3CEBBAEBBEFB410ABEFA3AF68
:10E1E000FFFF000000000000000000000000000031
:10E1F000000000000000000000000000000000001F
:10E20000000000000000000000000000000000000E
:10E2100000000000000000000000000000000000FE
:10E2200000000000000000000000000000000000EE
:10E2300000000000000000000000000000000000DE
:10E2400000000000000000000000000000000000CE
:10E2500000000000000000000000000000000000BE
:10E2600000000000000000000000000000000000AE
:10E27000000000000000000000000000000000009E
:10E28000000000000000000000000000000000008E
:10E29000000000000000000000000000000000007E
:10E2A00000000000000000000000A3AECBCAF5ACE7
:10E2B000DC8ACBE8FE95F75FFF5EEE79CD34DDB604
:10E2C000DD13FED9F657D532FEB7F677FF1ADCEF2D
:10E2D000DC48F54AED8FE5F8E638DD34F5D6EE1684
:10E2E000C4D1DDB4E5D4D512DD73F657FE97F656EA
:10E2F000F636F636F656F636F635F635F679F6593A
:10E30000ED95E554ED55ED35ED34ED53ED13E4F3B6
:10E31000E4F3ED54FDF6F5D4DD32DD32EDD5EDB5A7
:10E32000ED54F574ED54E513E4D2DC91DC91DC910D
:10E33000DC71DC91DCB1E4D2E4F3DCB2C3CFBB8DA1
:10E34000DC92DCB2D450D450D430D450C410AB8D55
:10E35000C4B2EDF7DD55DD75E534D450D40FE4508B
:10E36000ECB1E4B2D430CC2FBC0FABEFA3AF0000C4
:10E37000000000000000000000000000000000009D
:10E38000000000000000000000000000000000008D
:10E39000000000000000000000000000000000007D
:10E3A000000000000000000000000000000000006D
:10E3B000000000000000000000000000000000005D
:10E3C000000000000000000000000000000000004D
:10E3D000000000000000000000000000000000003D
:10E3E000000000000000000000000000000000002D
:10E3F000000000000000000000000000000000001D
:10E40000000000000000000000000000000000000C
:10E4100000000000000000000000000000000000FC
:10E4200000000000000000000000000000000000EC
:10E430000000ACD0BB69DC6CF5ACCBE9E56FF5D185
:10E44000ED6FF699D5F9DDB6E594FEB8E5B6DD9445
:10E45000FED8F698F658E553ED0EF54CE4ABE5D74B
:10E46000F6BAF5D6EDF6C4B1DD74E5B4DD74F65751
:10E47000FE98F656F635F636F656F656F636F63574
:10E48000F636F635F636EDD6ED74ED75ED75ED55DF
:10E49000ED54ED33F555F5D6F616F636FE36FE3666
:10E4A000FE57E553E4F2ED54ED34E4F3E4D2DCB28C
:10E4B000DCD2E4F3E513ED34F574ED55ED34F554A9
:10E4C000F555F575F575DC92CC0FE4F3F575ED13A4
:10E4D000E513E4F2E513CC7092AACCD2CCD3BD768E
:10E4E000FFDFEEDBDDF7CD13B36DCBADE4B1E4D2EE
:10E4F000ECD2DC71CC30B3AEAC2F000000000000D9
:10E50000000000000000000000000000000000000B
:10E5100000000000000000000000000000000000FB
:10E5200000000000000000000000000000000000EB
:10E5300000000000000000000000000000000000DB
:10E5400000000000000000000000000000000000CB
:10E5500000000000000000000000000000000000BB
:10E5600000000000000000000000000000000000AB
:10E57000000000000000000000000000000000009B
:10E58000000000000000000000000000000000008B
:10E59000000000000000000000000000000000007B
:10E5A000000000000000000000000000000000006B
:10E5B00000000000000000000000AAB5B3AAAAE70E
:10E5C000DCCBECECCBE9F54ADC48E532E659DE1869
:10E5D000EE16E5F6E5F7E5D5FEB8FEFBE5B6E6385E
:10E5E000EDB5ECCDD409F617FF5DF658C4B1DD33B7
:10E5F000E594EE16FED8F657F636F656F656F6566B
:10E60000F656F635F636F636EE35F636F657EDB5FD
:10E61000ED54E533E4D3E4D3E513E554DD32DCF126
:10E62000E533E513DCD1DCB1DC91E4D2E4B2E4B152
:10E63000E4D2ED13ED13F514ED14ED13ECF3ED133B
:10E64000ED13ED14ED15ED15ED15ED14ED14F57557
:10E65000E4D3C3EFD471ED33E4F2E4F3E4D3F5543F
:10E66000E4D3BB8E9B0CD69A000000000000000093
:10E67000DEDBA30CCBADD42FD450DCB1DCB1ECD2BB
:10E68000C4100000000000000000000000000000B6
:10E69000000000000000000000000000000000007A
:10E6A000000000000000000000000000000000006A
:10E6B000000000000000000000000000000000005A
:10E6C000000000000000000000000000000000004A
:10E6D000000000000000000000000000000000003A
:10E6E000000000000000000000000000000000002A
:10E6F000000000000000000000000000000000001A
:10E700000000000000000000000000000000000009
:10E7100000000000000000000000000000000000F9
:10E7200000000000000000000000000000000000E9
:10E7300000000000000000000000000000000000D9
:10E74000000000007206D46BCC0AF54CD42AE4CA4F
:10E75000ECCBDC70E530D533F699E5D4E596EE37B1
:10E76000F6D9EE59DD75FEDBF677D42EE450F5F6DA
:10E77000FF7DCD13D4F2EDD5F697F6B8F656F656E2
:10E78000F656F656F676F656F635F635F636EE16B3
:10E79000EE15EE37F678EDF6EDB6E534DD34EDF74F
:10E7A000F658F679EDD6DCD1DC6EE44FE4D2E4D253
:10E7B000DC91DC71DC71DC50D430DC50DC50E47175
:10E7C000ECB2ECF3E4D2DC92E490E4ADE4CEE4D03D
:10E7D000ECF3ED14ED15ED14F555ED34CC0FD470CC
:10E7E000ED34E4F3E4D3DCB2ED14ED14A2AABD558C
:10E7F00000000000000000000000E75EBC11DC2FFC
:10E80000B36CC42FE4F2C34D822900000000000065
:10E8100000000000000000000000000000000000F8
:10E8200000000000000000000000000000000000E8
:10E8300000000000000000000000000000000000D8
:10E8400000000000000000000000000000000000C8
:10E8500000000000000000000000000000000000B8
:10E8600000000000000000000000000000000000A8
:10E870000000000000000000000000000000000098
:10E880000000000000000000000000000000000088
:10E890000000000000000000000000000000000078
:10E8A0000000000000000000000000000000000068
:10E8B0000000000000000000000000000000000058
:10E8C00000000000000000000000A3ECD572FE94E0
:10E8D000E468E4EBED0AE4ABDCCEE4F4F532C46FBB
:10E8E000E659FED9DD54F679FEDAE596E5D7FF1B49
:10E8F000F679DCB0ECD2E512E637CD54F617EDF63A
:10E90000FEB9F656F657FEB8F657E5B4E5B4E5B4E9
:10E91000F636F656EE16F658F679F679F67AF69A4F
:10E92000F69AEDF7FE79FEBAF69AF69AFEBBFEBBB2
:10E93000F617ED52E4D0E4B0ECF2F534F534ED1313
:10E94000E4D2E471DC50D430D40FD42FD450E4920C
:10E95000ECD1E4CDDCA9E489DC8BDCACE4CEE4F1E1
:10E96000ECF3ED34ED55C40FD450ED34E4D3DCD2E8
:10E97000E4B2E4D2F513B34DB555F7BEDE58D57306
:10E98000C4AFBC6DBBEEC38EC3CEA30B9A898229E4
:10E990009C92BE39CE59B576B4B3AC30A3CF9BAF01
:10E9A0009BCFAC719CD30000000000000000000071
:10E9B0000000000000000000000000000000000057
:10E9C0000000000000000000000000000000000047
:10E9D0000000000000000000000000000000000037
:10E9E0000000000000000000000000000000000027
:10E9F0000000000000000000000000000000000017
:10EA00000000000000000000000000000000000006
:10EA100000000000000000000000000000000000F6
:10EA200000000000000000000000000000000000E6
:10EA300000000000000000000000000000000000D6
:10EA400000000000000000000000000000000000C6
:10EA50009C0FD533FFFE00000000DCAAED4DF594BD
:10EA6000DC92E490F5D4DD74D575FF7DE5B6F679DA
:10EA7000F6BAE5B6EE38FEDBEE39E573DC70DCD1D4
:10EA8000CD33EE59F637EDF6F677FE98F658E5D623
:10EA9000DD75DD74DCF2DD13E595EDF7F699F69A98
:10EAA000F69AF69AF69AF6DBEDF7EDF8FEBBF67AF3
:10EAB000F67AF67AF679F679FE9AF6DAF638ED74A1
:10EAC000E510E48EE470E491ECD3F514F514ECF267
:10EAD000E4B2D451D410D40FD40FDC30E4AFE4CE80
:10EAE000DCABDC89DC89DC6ADC8CDCAEE4F1E4F3F1
:10EAF000CBF0D472ED34E4F3E4B2E4B1DCD2E4D38D
:10EB0000A2EB9ACBC38BB2C4BB89C48DEE79C57618
:10EB1000BB8EE49250A3B555000000000000000039
:10EB20000000FFFFFF9FFF9ED5B7A3EFAC30B4728C
:10EB3000C4F4C41000000000000000000000000049
:10EB400000000000000000000000000000000000C5
:10EB500000000000000000000000000000000000B5
:10EB600000000000000000000000000000000000A5
:10EB70000000000000000000000000000000000095
:10EB80000000000000000000000000000000000085
:10EB90000000000000000000000000000000000075
:10EBA0000000000000000000000000000000000065
:10EBB0000000000000000000000000000000000055
:10EBC0000000000000000000000000000000000045
:10EBD0000000000000008410BD34FFFFEE140000B0
:10EBE0000000D449E4D0F573E4F1E594FEB7F6985B
:10EBF000CD13EE99EE18F679F6BAE5F7F679F659EF
:10EC0000EE59F677D3ECDC4FDD96FF3CEE17F65865
:10EC1000F6B9E5D7E5B6E5B6EE38F699F658FE9AB8
:10EC2000F679E5F7EE59F6BAF69AF69AF69AF69A62
:10EC3000EDD7F659F67AF67AF67AF679F679F67825
:10EC4000F679F679F67AFE9BF679EDD5ED73ED322D
:10EC5000E4AFDC6EDC6FE4B1E4D2E4B1ECCFE4CB42
:10EC6000DC69DC6ADC4CD40BDC4BE48CE4ABDC8A86
:10EC7000DC6AD489D46AE4ACE4AECBEDCBEFE4D368
:10EC8000ED14E4B2DCB2DCD2ECF3B2EBC4B30000BE
:10EC90000000000000000000CD969A8AAB4CAC72D8
:10ECA0000000000000000000000000000000EF3C39
:10ECB000CDB700008410AC72B451AC10BCD3C514F5
:10ECC0000000000000000000000000000000000044
:10ECD0000000000000000000000000000000000034
:10ECE0000000000000000000000000000000000024
:10ECF0000000000000000000000000000000000014
:10ED00000000000000000000000000000000000003
:10ED100000000000000000000000000000000000F3
:10ED200000000000000000000000000000000000E3
:10ED300000000000000000000000000000000000D3
:10ED400000000000000000000000000000000000C3
:10ED50000000000000000000000000000000ACB354
:10ED6000EF1DFF7D000000000000DC6BDC2DFE3598
:10ED7000E5D5EE16F697FEF9D555D555F6BAF6BA9D
:10ED8000F69AE5F7F6BAEE38F69AF6BAE48FED950C
:10ED9000EE9AF6DAFEDBF67AE596E5D7F699FEDA34
:10EDA000F699F679F6BAF6BAF6BAFEBAEE38F67908
:10EDB000F69AF69AF69AF69AEDD7F659F67AF67A20
:10EDC000F679F679F678F679F679F659F639F6396C
:10EDD000F639F67AFE9BF69AF617ED94E511DCB05B
:10EDE000DC4EDC0CD3E9D3E8D3E8D3E7D3C7CBC8F8
:10EDF000CBC9D40ADC6BE4ABE4CBE4CBE4AAE4A952
:10EE0000E4A9E4CAD428C38BCC2FE512E4F3DCB226
:10EE1000DCB1E48FABACE71C000000000000000098
:10EE20007BD07AAAFDD5AB0BB51400000000000022
:10EE30000000DE99AC2FA3D0C6180000000000002F
:10EE400000009CD3B471B3F0B45200000000000085
:10EE500000000000000000000000000000000000B2
:10EE600000000000000000000000000000000000A2
:10EE70000000000000000000000000000000000092
:10EE80000000000000000000000000000000000082
:10EE90000000000000000000000000000000000072
:10EEA0000000000000000000000000000000000062
:10EEB0000000000000000000000000000000000052
:10EEC0000000000000000000000000000000000042
:10EED0000000000000000000000000000000000032
:10EEE000000000000000ACF4FFFFF6350000000059
:10EEF0000000E488ED30FEFAE594E5D4F697F69844
:10EF0000EE38CD14EE79F6DBF69AEE18F679EE5877
:10EF1000FEDBEE38EE17F71BF6BAFEFBEE79DD7678
:10EF2000EE18FEFAF699F699F699F699F69AF69A87
:10EF3000F69AF69AF67AF67AF69AF69AF69AF6BA71
:10EF4000E5D7EE18F6BBF679F679F679F679F67923
:10EF5000F659F638F639F639F639F639F639F6391A
:10EF6000F67AFE9BFE9AF616EDB4ED73E512DCB070
:10EF7000DC4ECBECC3AAC369C368B306AAA5B3062B
:10EF8000C388C3A9C3A9C3A8C3A7CBC8D429CBC767
:10EF9000B327BB69CC0DE4AEDCCBDCAAD3C6A36A35
:10EFA000FFFF0000DDF772290000D5D7CC30FD341B
:10EFB000B3F00000F77EBD149B8C9309CD13FFFFC7
:10EFC0000000000000000000000000000000FFFF43
:10EFD000AC51ABF0D5D700000000000000000000ED
:10EFE0000000000000000000000000000000000021
:10EFF0000000000000000000000000000000000011
:10F000000000000000000000000000000000000000
:10F0100000000000000000000000000000000000F0
:10F0200000000000000000000000000000000000E0
:10F0300000000000000000000000000000000000D0
:10F0400000000000000000000000000000000000C0
:10F0500000000000000000000000000000000000B0
:10F060000000000000000000000000000000BD558E
:10F07000FFFFF5D2000000000000ED2FF676FE98AD
:10F08000E5B4E5B4FE97F677FF1BD535DD55FF5C9B
:10F09000F6DAF659EE38EE79FEFBEE38EE59F6DA8E
:10F0A000FEDBEE59DD96EE79FEFBF699F699F69ABF
:10F0B000F69AF69AF69AF69AF69AF69AF67AF6BBCF
:10F0C000FF1CF69AEE59FEBAEE19E5B7FEBAF679CC
:10F0D000F679F679F679F659F639F659F659F63998
:10F0E000F639F639F639F639F638F638F638F6588C
:10F0F000FE59FE59FE59F658FE58FE38FE18EDB678
:10F10000E553DCF1D48FCC0CBB67C38BCBF0C3CE03
:10F11000C3AABB67BB46C388C3A8B3079A66A2E667
:10F12000B367C3C8DC6BCB87CCAED51269E70000F0
:10F1300000009492930AD40E82298B6EB513B47199
:10F14000DDF6FFFF000000000000000000000000EE
:10F1500000000000000000000000BCD3934EBD344E
:10F16000000000000000000000000000000000009F
:10F17000000000000000000000000000000000008F
:10F18000000000000000000000000000000000007F
:10F19000000000000000000000000000000000006F
:10F1A000000000000000000000000000000000005F
:10F1B000000000000000000000000000000000004F
:10F1C000000000000000000000000000000000003F
:10F1D000000000000000000000000000000000002F
:10F1E000000000000000000000000000000000001F
:10F1F000000000000000C576FFFFFF1CF56FE50D65
:10F20000EDB5FE79FED9F697E5B4E574FE97F6986C
:10F21000FEFBE618CD14FF3CF6DBEE59EE38F6BAED
:10F22000F6BAF69AEE99FEDBF659DD96F699FEDA15
:10F23000F69AF69AF69AF69AF69AF69AF69AF69A4E
:10F24000F69AF6BAFF1CEE38D555D535D515EE1819
:10F25000FEFBDDB6EDF7FEBAF659F679F679F6392A
:10F26000F639F659F638F638F638F638F659F659CA
:10F27000F638F638F638F618F5F8FE39FE39F6386D
:10F28000F617F5F7F5F7F618EDF8F5F6F5F6F616C4
:10F29000F5B2DC8EDC91E514ED13ECEFDC8CDC6B6D
:10F2A000D44AD449D428C3C8BB68B348CBC9DC4AC4
:10F2B00089A2598700005B6D52CB4A8C6A8AAAC426
:10F2C00091E2A41000000000000000000000000017
:10F2D000000000000000000000000000000000002E
:10F2E00000000000CD77A3F1000000000000000046
:10F2F000000000000000000000000000000000000E
:10F3000000000000000000000000000000000000FD
:10F3100000000000000000000000000000000000ED
:10F3200000000000000000000000000000000000DD
:10F3300000000000000000000000000000000000CD
:10F3400000000000000000000000000000000000BD
:10F3500000000000000000000000000000000000AD
:10F36000000000000000000000000000000000009D
:10F370000000000000000000000000000000B514C4
:10F38000FFFFF6FDD556C472CCB4CCB3CCB2DD745D
:10F39000EDF5E573F678F69AF69AFF1CD535E5F7A4
:10F3A000FF3BEE59F659F6DBF69AF6BAFEFBF67914
:10F3B000DD96F69AFEDAF69AF69AF69AF69AF69AA2
:10F3C000F69AF69AF69AF69AFF1CF659D555D51480
:10F3D000DD96F659EE19E5F7FEBAF679DD55F658E1
:10F3E000FEBAF638F639F659F639F638F638F63800
:10F3F000F638F638F638F658F67AFE79F658F638D2
:10F40000FE38F5B6EDB5F617FE17FE38F618EDF72F
:10F41000EDD7EDB5E594E553E553E532DCCFDC906F
:10F42000DCB2E4F4E534E4D2DCB0DC8FDC8DDC8CDF
:10F43000DC8BDC6AD428D428B3279B089BCC93AE02
:10F44000936E0000ACF5C408DC26AC2E0000000072
:10F45000000000000000DEFB0000000000000000D3
:10F460000000000000000000000000000000BD35AA
:10F47000B4B3000000000000000000000000000025
:10F48000000000000000000000000000000000007C
:10F49000000000000000000000000000000000006C
:10F4A000000000000000000000000000000000005C
:10F4B000000000000000000000000000000000004C
:10F4C000000000000000000000000000000000003C
:10F4D000000000000000000000000000000000002C
:10F4E000000000000000000000000000000000001C
:10F4F000000000000000000000000000000000000C
:10F50000000000000000B4F3FF1CEEBAE5D8E535BA
:10F51000D4B1CC6FCCD2CCB1DD53DD32EDF6FEBA36
:10F52000F6DBFF1CE5D6D514FEFAF679F69AF6BAA4
:10F53000F69AF6BAF699DDB6F69AFEDBF69AF69AE0
:10F54000F69AF69AF69AF69AF69AF67AFEFBFEBBC9
:10F55000D596D514DD96FEBBFF1CF69BF67AF658C1
:10F56000F678FEBAF618D554FE79F659EDF7F63866
:10F57000F659F638F638F637F638F638F638F5F73D
:10F58000E552EDB4F637FE7AFE9AE510DC2DED1269
:10F59000ED33ED53ED95EDB6EDD6EDF5EDF4EDB4BF
:10F5A000DD32D4F2CCD1D46FDCB1E4D3E534E575EF
:10F5B000E4F3DCB2DCD3DCD2DCB1DC8FD46DD44C30
:10F5C000E4ABEC89D406C3E6BBC9C3CDA36E9A678E
:10F5D000C2C6A38C00000000000000000000BDD7E0
:10F5E000000000000000000000000000000000001B
:10F5F000000000000000D67AB49300000000000074
:10F6000000000000000000000000000000000000FA
:10F6100000000000000000000000000000000000EA
:10F6200000000000000000000000000000000000DA
:10F6300000000000000000000000000000000000CA
:10F6400000000000000000000000000000000000BA
:10F6500000000000000000000000000000000000AA
:10F66000000000000000000000000000000000009A
:10F67000000000000000000000000000000000008A
:10F680000000000000000000000000000000A49343
:10F69000CD76FFDFF678ECABE426F571FF1AFEB805
:10F6A000EE15EDF5EDF7F6DBF6BAF636F657DD5367
:10F6B000EE17F69AF69AF69AF6BAF6BADDD7EE791A
:10F6C000FEFBF6BAF69AF69AF69AF69AF69AF69A31
:10F6D000F6BAFF1BE618D514DD56F69AFEFCF67A4C
:10F6E000F67AF67AF679F679F679F638FE99E5B68D
:10F6F000D534FE79F659E5D7EE18FE59F638F637C7
:10F70000F638F638F618F638ED52DC8DED52ED94F9
:10F71000EDB4F5B6E4F2DCB1ED12DCB1DC91E4B1AC
:10F72000E4D0E4F1E531E552EDB4EDB4D512D4F214
:10F73000ED54E4F4DCF3E5B5E5B5DCD2DCB1DCD2C4
:10F74000DCB2DCD3DCD3DCB2CC2FBB8BDC8EE4AB05
:10F75000E4A9DB48CA06B9C6B146A1E7CD55E79E84
:10F7600000000000F79E9D14000000000000000053
:10F770000000000000000000000000000000000089
:10F78000BD15FC1F0000000000000000000000008C
:10F790000000000000000000000000000000000069
:10F7A0000000000000000000000000000000000059
:10F7B0000000000000000000000000000000000049
:10F7C0000000000000000000000000000000000039
:10F7D0000000000000000000000000000000000029
:10F7E0000000000000000000000000000000000019
:10F7F0000000000000000000000000000000000009
:10F8000000000000000000000000000000000000F8
:10F81000000000000000B4F4C576FFFFEDD3E3E381
:10F82000ED0EFEB9FE77FE77FE76FE98FEFBF6B98A
:10F83000ED72E551EE35F615F636EE57F678F69997
:10F84000FEDBE5F7EE38FEFBF699F69AF69AF69AA5
:10F85000F69AF69AF67AFEDBFEDAD575D514EE380E
:10F86000FEFBF69AF67AF67AF65AF679F679F67992
:10F87000FE79EE18E5B6F638EE18EE18F659F638B9
:10F88000E5D6F617FE58F638F638F638F618F618B4
:10F89000FE59F5B5DCCEE4D0E4F2E513E534D4F25C
:10F8A000DCF3E534E534E4D3E4D2DC91D450D42F56
:10F8B000D44FDCB0E4F1E4F2E4D2E514E555D5131D
:10F8C000EE17F617DCF3D491DCB1DCB2DCB2DCB2BB
:10F8D000CC10AACC9B0DAC11BBCEBBACCBABCB6AD6
:10F8E000D34ADAC8B963B1C6BB6DFEBA94F4739259
:10F8F0000000000000000000000000000000000008
:10F900000000000000000000AD75000000000000D5
:10F9100000000000000000000000000000000000E7
:10F9200000000000000000000000000000000000D7
:10F9300000000000000000000000000000000000C7
:10F9400000000000000000000000000000000000B7
:10F9500000000000000000000000000000000000A7
:10F960000000000000000000000000000000000097
:10F970000000000000000000000000000000000087
:10F980000000000000000000000000000000000077
:10F990000000000000000000000000000000C5762C
:10F9A000FF9EF6DCED2EE489FE77F678E573DD53F5
:10F9B000DD53E5B6EDF6D46EDC71ED94ED93ED73A9
:10F9C000EDB3EE36F657F6DAEE39E5D7FEDAF69A0B
:10F9D000F69AF69AF69AF69AF69AF69AFEFBEE5987
:10F9E000CCF4D575FEDBFEBBF67AF67AF67AF679BC
:10F9F000F679F679F679F659F679EE18DD55EDD700
:10FA0000FEBAF659F638F639F618E595EDF7FE58D0
:10FA1000F638F618F5F7F617F618FE59EDB4E48F38
:10FA2000E4D2ED34ECF2E4F2D4B1CCB2CCB3E5756F
:10FA3000E575DD13ED75ED75E4F3D470D430D40CB9
:10FA4000D409D44BDCCFCCB2BC51E596FE59DD14C1
:10FA5000D451DCB1DCB2DCB2E4D2E4D3B3AF834D39
:10FA600000007B4E7B6E8B2CAB6CA32BB30AC24782
:10FA7000D9E680A24062A2ABBB6E0000000000008D
:10FA80000000000000000000000000000000000076
:10FA90000000000000000000000000000000000066
:10FAA0000000000000000000000000000000000056
:10FAB0000000000000000000000000000000000046
:10FAC0000000000000000000000000000000000036
:10FAD0000000000000000000000000000000000026
:10FAE0000000000000000000000000000000000016
:10FAF0000000000000000000000000000000000006
:10FB000000000000000000000000000000000000F5
:10FB100000000000000000000000000000000000E5
:10FB200000000000A493DE59FF9EEE17ECAAED71D1
:10FB3000E5D5D532E573E5B4EDF6F618D4B0DCB111
:10FB4000E514F5D6F575DCD1E5B4F657F658F65957
:10FB5000E5D7F69AF6BAF69AF69AF69AF69AF69AD9
:10FB6000F69AFEFBE5F7CCF3EE18FEFCF67AF67A91
:10FB7000F67AF67AF67AF678F679F679F679F6592B
:10FB8000FE79EDF7DD34EDD7FE79F639F638F63843
:10FB9000F637F617E555EDD6FE58F5F8F5F7F617F2
:10FBA000F5D6F5F6FE59F5D7DC8FE4D1ED34ECF35C
:10FBB000ED12E512D4B1CC93D4F4EDB7E576DD3592
:10FBC000E596F617F5B6E532DCAED44ACBC6DCCE08
:10FBD000D514BC31D514F659E575D451DCB3DCB37A
:10FBE000DC92DC92ECF4D4518B6D00000000BC116F
:10FBF000BBD07BCF7B6F8BEE92EB48A391E6E28884
:10FC0000BA47AAA9A41000000000000000000000EC
:10FC100000000000000000000000000000000000E4
:10FC200000000000000000000000000000000000D4
:10FC300000000000000000000000000000000000C4
:10FC400000000000000000000000000000000000B4
:10FC500000000000000000000000000000000000A4
:10FC60000000000000000000000000000000000094
:10FC70000000000000000000000000000000000084
:10FC80000000000000000000000000000000000074
:10FC90000000000000000000000000000000000064
:10FCA000000000000000000000009B539C52FFFF7A
:10FCB000F6DCEE14ECA9DCB0DD53F656FE97F677D1
:10FCC000FF3ACC91B36DFDF7FDF7E534CC0FE5526B
:10FCD000F677F615F636E5B6EE59FEDBF69AF69AA5
:10FCE000F69AF69AF69AF6BAFEFBDDB6D514F69AAF
:10FCF000FEDCF67AF67AF67AF679F679F679F6781F
:10FD0000F679F679F679F659F679EDF8DD14E5B677
:10FD1000FE9AFE59F638F658EDD6F5F7FE59DD5540
:10FD2000E555FE18FE38F617F5F7EDB5EDB5FE59B9
:10FD3000F5F7DC8FE4D2E513E4F2E4F2E511D4B098
:10FD4000CCB3D4F4EDB6EDD6D514D514DD95F63894
:10FD5000FE39EDB7E513D48CE553E597CCD3CCD47D
:10FD6000DDD7E552D40BDC6EDC70D492D493E4D4AE
:10FD7000D472A3AF93B0AB8FCD7600000000AC720D
:10FD80007A6A834E736E834CA2EABA47BA48A2AA33
:10FD90009CD30000000000000000000000000000F4
:10FDA0000000000000000000000000000000000053
:10FDB0000000000000000000000000000000000043
:10FDC0000000000000000000000000000000000033
:10FDD0000000000000000000000000000000000023
:10FDE0000000000000000000000000000000000013
:10FDF0000000000000000000000000000000000003
:10FE000000000000000000000000000000000000F2
:10FE100000000000000000000000000000000000E2
:10FE200000000000000000000000000000000000D2
:10FE30008410728BDE7AFFBEF6BCF5F3DC29DD128E
:10FE4000FE97F635FE76FE98D4D1B3AEE534FDF7D5
:10FE5000DD13C42FE534ED93EDB4F636EDF6EE3850
:10FE6000F6BAF679F69AF69AF69AF69AF6BBFEDAAA
:10FE7000DD75D555FEBBFEBBF65AEE59F67AF6791E
:10FE8000F679F679F679F679F679F679F658F6395B
:10FE9000F659EDF7DD35E575FE79EDF7F617FE5805
:10FEA000EDF7CC92E596FE9ADD34D513FE37FE379A
:10FEB000F5F7F617ED96E555F5F8F5F6DC8FE4D293
:10FEC000E513E513E4F4E4D1E4F0CC91C492DD75DC
:10FED000FE59EDD6D4F3D513DD54EDD7FE59E5B771
:10FEE000DD75ED96F618E5D7CD35D595D4ABD408AC
:10FEF000D46DD46CD46CD48DE4D0ECF1AB2B828B6C
:10FF00000000BCD2B3CFA30CB4B1000000000000CD
:10FF100000008BCFABAEBAEABB0AAB6D00000000AD
:10FF200000000000000000000000000000000000D1
:10FF300000000000000000000000000000000000C1
:10FF400000000000000000000000000000000000B1
:10FF500000000000000000000000000000000000A1
:10FF60000000000000000000000000000000000091
:10FF70000000000000000000000000000000000081
:10FF80000000000000000000000000000000000071
:10FF90000000000000000000000000000000000061
:10FFA0000000000000000000000000000000000051
:10FFB000000000000000D4D3B4F4DE39F71CFF1CAD
:10FFC000F6DCF571DC2BEE16F636FE97F616BC0F56
:10FFD000BC0FED95FE38D492BBEFED74F5F8E53229
:10FFE000E4EFF637FE9AF679EE38F69AF69AF69A34
:10FFF000F69AF6DBFEBAD534DD76FEBBF69BF67AD2
:020000040804EE
:10000000EE18F659F679F679F679F679F679F67901
:10001000F659F659F639F638F638F658ED96D4F41E
:10002000E5B6E554F5F7F638FE79F5F7C471D51461
:10003000FE99DD54CC91FDF7FE38F5F7FE17F5B6C5
:10004000DD34E575ED94E4D1E4D2E4F3E4D2E4D315
:10005000E471E4F1E573CCD3BC71EDF7FEBAEDB613
:10006000DD54CCD3CCD3E596EDF7DD54CCF3DD7580
:10007000EE18D556CD34CC70CC30CC4FCC08C3C79D
:10008000C3A9C3A8D409C3EAAB89AB4B932CFFFF28
:100090000000000000000000000000000000736E7F
:1000A000938DB34DBBCEB4D2000000000000000021
:1000B0000000000000000000000000000000000040
:1000C0000000000000000000000000000000000030
:1000D0000000000000000000000000000000000020
:1000E0000000000000000000000000000000000010
:1000F0000000000000000000000000000000000000
:1001000000000000000000000000000000000000EF
:1001100000000000000000000000000000000000DF
:1001200000000000000000000000000000000000CF
:100130000000000000000000000000000000ACB360
:10014000FF9ECDD7FF5DFF3DF6DCE4EEDC6DF637BC
:10015000FE98E574B3AED4B2F5D6FDF7D492BBCE1B
:10016000ED75F5D6ED75DC90E551F6BAF69AE5F742
:10017000F679F6BAF69AF69AF6BAF6BAD515E5B75A
:10018000FEDBF67AFE9AE5F7EE18FE99F679F67937
:10019000F679F679F679F659F639F639F659F658C8
:1001A000F638FE99EDB6CCD3CCF3F5B5F5F6F5F708
:1001B000F617FE59FE38C492CCB2FE99E554BC0F36
:1001C000F5D7FE58F5F6F617F5F7DD55DD35DD13F5
:1001D000E4F1E4F3E4D3E4B1E4D2E4B2DCB0F55307
:1001E000D534B431DD54FE79F658F679DD96CCD3AA
:1001F000D4F3E596E596DD54DD95E5D7CD75CD34A0
:10020000C3CFBBAFC3CFBB89C3C8CC2ABBA9B3681C
:10021000AAC582C900000000000000000000000024
:10022000000000000000000000008370AC50BC1013
:10023000BD340000000000000000000000000000CD
:1002400000000000000000000000000000000000AE
:10025000000000000000000000000000000000009E
:10026000000000000000000000000000000000008E
:10027000000000000000000000000000000000007E
:10028000000000000000000000000000000000006E
:10029000000000000000000000000000000000005E
:1002A000000000000000000000000000000000004E
:1002B000000000000000000000000000000000003E
:1002C000000000009C31DE7AFFBEC576FF9EFF5D18
:1002D000F6DCDCADDC6FFE79D513ABCDED95FDF72B
:1002E000F5D6DCB2B38EED75F5D6E514DC2FE5114D
:1002F000FEFBF69AE596F699F6BAF69AF67AF6BA0B
:10030000F6BAD535E5B7FEDBF67AFEBAE5D7E5D61F
:10031000FE99F679F679F679F679F659F639F639DD
:10032000F639F659F659F638F638F658F5F7E55530
:10033000CCD2EDB5F5D5F5B4F5F7F638F637FE794C
:10034000D4D3BC10FE38ED96BBCFED95FE79EDD73A
:10035000EDD7F617EDB6DD35D4B2D44FECD2ECF3D1
:10036000E4B1E4B2E4B2DC90ED73EDF7B450CCD27A
:10037000F658F679FF1CF69AD514C491CCB2CCD3BA
:10038000CCD3DD95E618EE59E5B6DC92DCD4D490FA
:10039000BBA8AB27A308AB08D409AB47B4F4000053
:1003A000000000000000000000000000000000004D
:1003B000000000000000834D9B6ECD150000000082
:1003C000000000000000000000000000000000002D
:1003D000000000000000000000000000000000001D
:1003E000000000000000000000000000000000000D
:1003F00000000000000000000000000000000000FD
:1004000000000000000000000000000000000000EC
:1004100000000000000000000000000000000000DC
:1004200000000000000000000000000000000000CC
:1004300000000000000000000000000000000000BC
:100440000000000000000000000000009C31FF9E42
:10045000F71CC576FF7EFF7EFEFCD46CECF2DD550A
:10046000AC0EFE57FE17F5B5E513B36DED55FDD790
:10047000DCB3D40FE510F6BAFEDBDD75E618F6BA8C
:10048000F67AF67AF69AFEBBD535E5B7FEDBF67955
:10049000F6BAEE38DD55FE79F679F679F679F67921
:1004A000F659F639F639F659F659F659F659F63835
:1004B000F638F618FE9AE555C451E554FE36F5D5E2
:1004C000ED72ED94FE59F5D6FE58DD34B3EFED969E
:1004D000F5B6B3CFDD34FE38EDF7E5B6EDD7F61758
:1004E000EDB6D4B2C3EED450ED13ECF2E4D1E4D2C5
:1004F000DC70F5D5F659C471BC91F638F679FEDB9F
:10050000FF1CE5F7CCF4C4B2BC51B431B451B431E2
:10051000BC71C4719ACB928B9ACAAB47D46ADCEB9C
:10052000D46BD428A307FC1F0000000000000000CB
:1005300000000000000000000000000000000000BB
:10054000830D936E0000000000000000000000001A
:10055000000000000000000000000000000000009B
:10056000000000000000000000000000000000008B
:10057000000000000000000000000000000000007B
:10058000000000000000000000000000000000006B
:10059000000000000000000000000000000000005B
:1005A000000000000000000000000000000000004B
:1005B000000000000000000000000000000000003B
:1005C000000000000000000000000000000000002B
:1005D0000000000072ECFFFFFF5DC576F73CFF7E78
:1005E000FF3CD40BC3CEC4B2F656FE77EDB5ED7525
:1005F000B38EDCF3FDD7D472D42FED31F69AFF3DE4
:10060000DDB6DD96FEDBF67AF67AF67AFEDBDD768F
:10061000E576FEDAF679F679FE99DD55EE18FE9963
:10062000F679F679F659F659F639F639F639F63992
:10063000F659F639F639F638F638F618FE59DD145B
:10064000D4D3CCB3E553FE15F5D5DC8EF594FE3945
:10065000F5D6FE79EDB6BBEFD4F3EDB6BC10CCB257
:10066000FE38F617EDB6EDB5F5D6F618DD54CC0F1D
:10067000C3ADD450ECF3ECF3DC71DCF2F618F639D0
:10068000CCF3BC51EE38F69AF69AFEFBFEFCEE79FE
:10069000DDF7EDF7E5D7D534B430BC91C4B2CC5119
:1006A000D451CC0DB368B368BBA9CC4ACBE6938CCC
:1006B000000000000000000000000000000000003A
:1006C00000000000000000000000736D8C5100006D
:1006D000000000000000000000000000000000001A
:1006E000000000000000000000000000000000000A
:1006F00000000000000000000000000000000000FA
:1007000000000000000000000000000000000000E9
:1007100000000000000000000000000000000000D9
:1007200000000000000000000000000000000000C9
:1007300000000000000000000000000000000000B9
:1007400000000000000000000000000000000000A9
:10075000000000000000000000000000838FFFBFC9
:10076000FFDFC576E69AFF9FFF3CD40D9AEBEE18AB
:10077000FEB9EDF5FE16C3EFCC50FE17D470D47160
:10078000ED32F658FF1CEE18D555FEBBF67AF67A18
:10079000F67AFEDBE5D7DD55FEBAF699F679FEBAB4
:1007A000E596DD75FEBAF679F679F659F659F6381A
:1007B000EE38F659F639F639F639F639F639F638AB
:1007C000F617FE58E596EDB7ED96CCD2CC50ED3449
:1007D000FE38ED93D3EBF5D7FE38F5B6FE18F618D4
:1007E000C471C451E555C450C451EDB6F618EDB608
:1007F000ED96EDB6F5F7EDB6D491C3AEC3AECBEF43
:10080000E4B2E4D1E554EDF7FE59D555BC92F63982
:10081000F6BAF67AF69AF679E5F8E5D7DD76EE18C7
:10082000EDF8C472B430BC71C411C3ABBB87BB89D3
:10083000BBA8BB89C3889AC78410000000000000D1
:1008400000000000000000000000000000000000A8
:100850000000C618738E00000000000000000000B9
:100860000000000000000000000000000000000088
:100870000000000000000000000000000000000078
:100880000000000000000000000000000000000068
:100890000000000000000000000000000000000058
:1008A0000000000000000000000000000000000048
:1008B0000000000000000000000000000000000038
:1008C0000000000000000000000000000000000028
:1008D0000000000000000000000000000000000018
:1008E000000000009C92F6DBFFFFC596D5F8FFDF05
:1008F000FF3CC4B3B472FF1CF638FE77DD12BBAE0A
:10090000FDD6D491CC50F553ED73F6DBF6DBD51460
:10091000EE18FEDBF67AF67AFE9AEE18EDB6FE9A3F
:10092000F679F679FE9AF638DD14FE99F679F659DD
:10093000F639F659F639EDD7F638F659F639F6396B
:10094000F639F639F639F638F618F617E575DD3466
:10095000EDB6DD34CC71C3EFFDB6FE79DCD0D40C3E
:10096000F5D6F618EDD7EDD7FE37D512BC2FCCB1A2
:10097000C471C431DD14F5F7F617EDD6EDD6DD54AC
:10098000E554E4F3D430C430C430C40FE554FE79E8
:10099000F618FE79DD96C4B3F659FEBBF679EE186B
:1009A000F639F659D555C4B2E576FE9AEDD7B4516D
:1009B0009C0F934DA286C388BBA8B368BBAAB3673C
:1009C000B3CDFFFF000000000000000000000000A9
:1009D000000000000000000000008410A5140000CA
:1009E0000000000000000000000000000000000007
:1009F00000000000000000000000000000000000F7
:100A000000000000000000000000000000000000E6
:100A100000000000000000000000000000000000D6
:100A200000000000000000000000000000000000C6
:100A300000000000000000000000000000000000B6
:100A400000000000000000000000000000000000A6
:100A50000000000000000000000000000000000096
:100A60000000000000000000000000008BD0E6BA8B
:100A7000FFFFD5F8C596FFFFFF5DBD35C555FEBA32
:100A8000F638FE37C40EE513ED13CC0FF575ED12F5
:100A9000ED94FF3CDD76DD96FEFBF659F679F679AE
:100AA000FE99EE17CD14EDF8FE9AF659FEBAD5541C
:100AB000E5D6FEBAF659F638F639FE7AE596E5F748
:100AC000F679F639F639F639F639F659F638F63850
:100AD000F638F5F7DCF3CC91FE79ED95D4D2BBEF87
:100AE000CBEFFE99F658DC4EDC4EEDD6EDF7ED96E9
:100AF000EDB4F615EDB4C470BC30BC30C471CCB2EA
:100B0000DD55FE58F618EE17E5B6D514CC51F6189B
:100B1000F699CCD2C4B2D555DD76E5B7FEBAE5D7A5
:100B2000D555FEFBFEBAE5B7F639EE18EE38CCF433
:100B300092CBC492EDF7FE79BCF30000AC929AC65A
:100B4000C387B368B348C3EABB45BB47C44DAAAB30
:100B50000000000000000000000000000000000095
:100B600000008410FFFF00000000000000000000F3
:100B70000000000000000000000000000000000075
:100B80000000000000000000000000000000000065
:100B90000000000000000000000000000000000055
:100BA0000000000000000000000000000000000045
:100BB0000000000000000000000000000000000035
:100BC0000000000000000000000000000000000025
:100BD0000000000000000000000000000000000015
:100BE0000000000000000000000000000000000005
:100BF000000000008370CDF8FFFFE6BBC575FF9EC7
:100C0000F6DCCD96EE39F659FE79D491CC50F595B7
:100C1000CBEFED34F595E4D1F5F6EE7AD534FEBAA6
:100C2000F659F659F679FEB9FEBABC50AC10F699F1
:100C3000EE38F679E5D7D514FE9AF639F639F63856
:100C4000FE9AE5B7DD55F679F659F639F639F659D3
:100C5000F659F639F638F638F638FE38C430DD1372
:100C6000FE38FE58E534D451B36DD4B1FF1CED9479
:100C7000D42FDC8FED94E595E594EDD4EDB4FDF63D
:100C8000DD12BC0EAB8DC471DD13CCD2E5B6F679A6
:100C9000F659EE38DD75D514DDB6EE38EDD7DD75D5
:100CA000E5B7DD76D575EE18D555BC92BC72CCF49F
:100CB000DDB6D575EE38DD54A36EBC51B450DD956C
:100CC000FE18C4F3000000008A88D448DC8AAB090F
:100CD0009B8DA36AAAC4B326B42E000000000000B6
:100CE0000000000000000000000000000000000004
:100CF00000000000000000000000000000000000F4
:100D000000000000000000000000000000000000E3
:100D100000000000000000000000000000000000D3
:100D200000000000000000000000000000000000C3
:100D300000000000000000000000000000000000B3
:100D400000000000000000000000000000000000A3
:100D50000000000000000000000000000000000093
:100D60000000000000000000000000000000000083
:100D70000000000000000000000000000000B55569
:100D8000FFFFFFBEC576EEBBEE9AD5F7FEFBF67A07
:100D9000F5D5C38CED34D471DCB2F575ED14ECD11E
:100DA000F657D597EE18FEBAF658F678F679FE990A
:100DB000DCD3C451FF1BEE17E596FE9ADD34E5D86F
:100DC000FE9AF639F638FE9AEDF7CCD3F659F65975
:100DD000F659F659F658F658F638F617F638F63842
:100DE000FE99DCF3B3AEF5F7F5F7F5F7FE59D492BB
:100DF000C3CFBBAEDD14FEDBE511E450E48EE5723B
:100E0000DD33ED73F5D4ED73FDF5F5D4CC90A32C63
:100E1000B3CFDD34CCB2C471E596FE9AFEBAEE18BB
:100E2000D555CD14C4B3CCD3E5B7E5F7CD34BC511B
:100E3000B410ABEFBC92DD96DD76F658D555CCD329
:100E4000CCF3ABEFE596ABCFDD75F617B4510000F0
:100E500000008AE8D3E8C3A9ACB30000AC15B3ED39
:100E6000A2E5B36ACC95000000000000000000007D
:100E70000000000000000000000000000000000072
:100E80000000000000000000000000000000000062
:100E90000000000000000000000000000000000052
:100EA0000000000000000000000000000000000042
:100EB0000000000000000000000000000000000032
:100EC0000000000000000000000000000000000022
:100ED0000000000000000000000000000000000012
:100EE0000000000000000000000000000000000002
:100EF00000000000000000000000000000000000F2
:100F0000000000000000A4D3FFDFFFFFBD55B514B3
:100F1000FF1DD5F7FF1CFEDCDCF1D40EED13D45021
:100F2000FD95E4D3E4B2F5F4E617DDB7FEDBF63861
:100F3000F679F679FE9AE514E534FF5CE617D534C8
:100F4000FE9AEDD6DD55FE58EE17F658FE79F659A5
:100F5000C492EDD7FE79F639F658F658F659F638B8
:100F6000EDF7F617F638FE79F5F7B3AEC471FE5813
:100F7000F5D6F5D6FE18ED96B34DCBEFC430D55669
:100F8000F616E4B0E4B2DC6EE551DCF2E573F5B4DC
:100F9000ED73ED94F5D5E574A36CA34DE575E534DB
:100FA000BC30BC70D554F67AFEFBF679D555C471C9
:100FB000BC30C492DD96E5D7E5B7F659F639EE18A0
:100FC000FE7ADD75B410E5B6E596ABCFD513EDB678
:100FD000ABCFE596EDB7A4510000000092A8C38600
:100FE0009BAE0000000000008410AB8CAB6EACB276
:100FF00000000000000000000000000000000000F1
:1010000000000000000000000000000000000000E0
:1010100000000000000000000000000000000000D0
:1010200000000000000000000000000000000000C0
:1010300000000000000000000000000000000000B0
:1010400000000000000000000000000000000000A0
:101050000000000000000000000000000000000090
:101060000000000000000000000000000000000080
:101070000000000000000000000000000000000070
:1010800000000000000000000000000000009411BB
:10109000F71CFFFFBD35AC92FF5DD5D7FF7EFF7E0D
:1010A000D4D1DC50DC71ED34E4F3DC91ED73F6B9AE
:1010B000DDD7F659F658F679F658FEBAE596DD13FF
:1010C000FF1BF658D4F3FE58FEBADD34E596F592D0
:1010D000EDD6FE59FE9AC471DD55FEB9F638F638E4
:1010E000F638F638FE59EDD7EDF7F658F638FE78B3
:1010F000DD34BC92DD34FE38F5D7F5D6EDB6FE38DA
:10110000CC71B34CCC51CCB3DD34CC71E4B2ECB384
:10111000DC6DDD11D4D1ED74EDB4E594DD12DD129A
:10112000F615D4F29B4EBC51EDB5CCB1BC0EBC3023
:10113000CCF3E5F7F639EDF7E596DD75EDD7F65921
:10114000EDF8EE18EDD7D555C451B38EE555F679C7
:10115000CD13D4F3C4B2CCD3DD75ABAFEE18CCF461
:10116000B4B30000C596A2E582680000000000004C
:1011700000000000B492B411C5140000000000008B
:10118000000000000000000000000000000000005F
:10119000000000000000000000000000000000004F
:1011A000000000000000000000000000000000003F
:1011B000000000000000000000000000000000002F
:1011C000000000000000000000000000000000001F
:1011D000000000000000000000000000000000000F
:1011E00000000000000000000000000000000000FF
:1011F00000000000000000000000000000000000EF
:1012000000000000000000000000000000000000DE
:101210000000000000008C10D619FFFFB4F4CD963A
:10122000F6BBD5B7FFBFFF5DDCF2DC70E4D2ED3476
:10123000D430ECD2F615E659E619F677EE37F679A2
:10124000F679F679DD54F658FEDBD4F4ED96FE79A6
:10125000EDD6DD55F616DCCFF617FE9AC4B2D4F300
:10126000FE99F617F617F638F638FE58EDF7EDD674
:10127000F638F638FE79E575DDB6D576E513FE1756
:10128000F5B6F5D5EDB5F637D4D2CC30DC92CCB28C
:10129000C492C472AB4DE4D2ECD3DCB0E552D4B10D
:1012A000E573E594E574DD12CC90E593EDB4ABAE57
:1012B000A38EEDB5F5F6D490BBCEBC30D515CD15CB
:1012C000BC72BC71CCB1C471BC51BC51CCD2BC712C
:1012D00092AABB8ED491E5B6DD75CCB2F638B430A7
:1012E000DD34DD55AC10F639B452C5140000AC51F4
:1012F0007A8A000000000000000000000000B454E2
:101300009B6EC556000000000000000000000000B9
:1013100000000000000000000000000000000000CD
:1013200000000000000000000000000000000000BD
:1013300000000000000000000000000000000000AD
:10134000000000000000000000000000000000009D
:10135000000000000000000000000000000000008D
:10136000000000000000000000000000000000007D
:10137000000000000000000000000000000000006D
:10138000000000000000000000000000000000005D
:101390000000000000000000000000000000FFFF4F
:1013A000C597FF7EBD35F73CDD76D5B7FFDFF6FC90
:1013B000DCD3E513FDB6D451DC92ECF2E574E65AC9
:1013C000F6BAF637F638F659FEBAE5D7EDF8FEFB71
:1013D000DD35D4D3FE79FE79DD34E5B6F5B4DC6FC6
:1013E000FE99D535C491FE99F638F5F7F618F6183A
:1013F000F658EE17E5B6F638F638F658F658D4F43F
:10140000E69ADDB6ED54F5D5EDD5EDD4E5B4EDB401
:10141000E594BBEFED13E554D534CCB3A3AEBBEFED
:10142000D471D471ED33EDB4DD12ED94E573E59331
:10143000E532CC4FD4D1FE77D513B3EFE575ED741B
:10144000D450D40FDCB2E5D6DDB6C470BC0EBC30CF
:10145000C491CCF3DD75E5B6CC30A2EBA2EBCC3079
:10146000C450BC71F618F618ABEFD555C4D3C4D32D
:10147000DD75AC7200006B6F84300000000000006E
:101480000000000000000000BCB7ABAFDDD70000DB
:10149000000000000000000000000000000000004C
:1014A000000000000000000000000000000000003C
:1014B000000000000000000000000000000000002C
:1014C000000000000000000000000000000000001C
:1014D000000000000000000000000000000000000C
:1014E00000000000000000000000000000000000FC
:1014F00000000000000000000000000000000000EC
:1015000000000000000000000000000000000000DB
:1015100000000000000000000000000000000000CB
:101520000000000000000000C5D7CDD7C596FF3CE5
:10153000D4D3D535FF5DF73DDD13F595ED34CC30D3
:10154000F555ECF2DD13EE9AF6B8F657F639FE9A39
:10155000EE38DDB6FEBBF67ACCB2EDB6F658F6182C
:10156000DD35F5F6E4B0FD95E595B410FE79FE584D
:10157000F5F7F5D7F5F7FE38F617E5B6F618F638AD
:10158000F638F638E595CCF4E6FBD575F5B6EDB44E
:10159000EDB4EDB4EDB3ED94FE36CC70CBEFF55475
:1015A000FE79E576DD55B3EF92AAA2EBB36DD49147
:1015B000C42FCCB0EDD4EDB4ED74ED54D491CC7017
:1015C000FE17DD55ABAEBBEFD450DC90D42FD491D9
:1015D000EE38F679DD13E4F3E595EDD6EDD7DD13BE
:1015E000D491D471BB8DA2CAC40FDD55C491D5343A
:1015F000E5B6AC10CCF3C4B3E596AC51000072EC88
:10160000732C00000000000000000000000000003B
:101610000000C5B68C1000000000000000000000B3
:1016200000000000000000000000000000000000BA
:1016300000000000000000000000000000000000AA
:10164000000000000000000000000000000000009A
:10165000000000000000000000000000000000008A
:10166000000000000000000000000000000000007A
:10167000000000000000000000000000000000006A
:10168000000000000000000000000000000000005A
:10169000000000000000000000000000000000004A
:1016A000000000000000000000000000000000003A
:1016B000D618A431E69AFF1BDCF2C431E659FF7E4E
:1016C000E595FDF7D471DCB2F555E4B2E534F71ACF
:1016D000EE78F679F659FEDBE5F7EE18FF1CE61812
:1016E000D513FE78FE58E595E596F5B5ECAFED33EC
:1016F000B410EDD7FE79F618F5D6F5F6F593EDB5FD
:10170000E5B6F617F638F617FE79E5B6DCF3E61817
:10171000FF9DD534F5F8EDB5ED93ED94ED94ED9393
:10172000F615D4F1C3EEFD34E575FE7AFE9AD514B4
:10173000BC10BBAEA2EB9AAAA2EBAB8CC42FBBEE43
:10174000C3EFCC30D491C3CEAB2CDD13E5B6BC7067
:10175000C3EFD471D4B1CC30CC30E5B6E596D451DA
:10176000D4D2DD94E5B6DD54DCD2E4F2DCB1BBAE1C
:10177000A2EBCC92EDD7CCD3C4D3D514B430ABCF3D
:10178000DD14B4510000BCD382AA000000000000A8
:10179000000000000000000000000000ACF3C410D6
:1017A0000000000000000000000000000000000039
:1017B0000000000000000000000000000000000029
:1017C0000000000000000000000000000000000019
:1017D0000000000000000000000000000000000009
:1017E00000000000000000000000000000000000F9
:1017F00000000000000000000000000000000000E9
:1018000000000000000000000000000000000000D8
:1018100000000000000000000000000000000000C8
:1018200000000000000000000000000000000000B8
:1018300000000000000000000000ACB3FFDFFE79F4
:10184000DD13ABCFD596FF1CF638E554D4B1F57453
:10185000ED34DC30E534FFBEF6DAF679FE9AEE7947
:10186000E5F8FEBAFF3CDDD7E5D7F638FE79E57539
:10187000EDB6F552ECD1AB8DE5B7FEBAF618F5F63C
:10188000F5D5FDD4E4B0DD33F638F638F617FE7939
:10189000EDF7DD34ED96F6DBFFFEDD75F5F8EDD501
:1018A000ED93ED94ED94ED94ED93FE15930CAB0C4C
:1018B000FD95F5F7EDF7F638EDB6ED55D470D40F8C
:1018C000D470AB2CB38ED491C3CFCC10CC30DC927F
:1018D000D451BBCFE575FE79CCB2B34DCC2FD4B18A
:1018E000D450D451DD34DCB2D471D4F2E595E59511
:1018F000B3AEC3EFE4F3E513CC3092AAAC51DDB73D
:10190000DD55D534E5B79B8EA36EBC71000093EF17
:101910008ACB000000000000000000000000000072
:1019200000000000B4F4C41000000000000000003B
:1019300000000000000000000000000000000000A7
:101940000000000000000000000000000000000097
:101950000000000000000000000000000000000087
:101960000000000000000000000000000000000077
:101970000000000000000000000000000000000067
:101980000000000000000000000000000000000057
:101990000000000000000000000000000000000047
:1019A0000000000000000000000000000000000037
:1019B0000000000000000000000000000000000027
:1019C0008BB1C5B7FFBEED34ED34B3EFCD14EE5996
:1019D000E576E533DD52F5B5ED34D42FDD11FF7E2C
:1019E000FFBFEE37F699E65AE67AFF1CEE9AD5B6B7
:1019F000FEFBF659F5F7D535F5D5E470BB8EDD75F0
:101A0000FEDBF679F5F7ED93F636DC8FD450F63839
:101A1000F638F617FE79F618D513F617EDB6EEDAA6
:101A2000FFFFD5B6E576EDD6ED94ED94ED93ED940C
:101A3000ED74FE36BC5061E8DC71FE17EE17EE184F
:101A4000E5B6E595ED34DC70ED13D450928AED5493
:101A5000FDB6ED14E4F3E4F3E534DCB2B3AED4D375
:101A6000FE79D4B2B36CD450DCB2D450D42FD4911C
:101A7000D471D471DCF4EDF7BC509289B36DDC9174
:101A8000E4F2D4709B8D9C71C4F4EDF8E5F7E5D7D2
:101A9000ABEF8AEB0000936EA49100000000000001
:101AA00000000000000000000000BDD7BDD700000E
:101AB0000000000000000000000000000000000026
:101AC0000000000000000000000000000000000016
:101AD0000000000000000000000000000000000006
:101AE00000000000000000000000000000000000F6
:101AF00000000000000000000000000000000000E6
:101B000000000000000000000000000000000000D5
:101B100000000000000000000000000000000000C5
:101B200000000000000000000000000000000000B5
:101B300000000000000000000000000000000000A5
:101B400000000000000000009C31E67AFEDBE4D2D9
:101B5000F554D471B410DDD7CCD3ED55F638F61763
:101B6000E534CC70F615FF5DFFFFFF7DEE37DDB786
:101B7000FF5DFFBFD5F7D5B7FF3CFF1CCCD3C4B387
:101B8000FDF5BAEBCD35FF1BF67AF699EDB4F5F518
:101B9000DCF1CC0FFE17FE59F5F8FE79F638D4D3F8
:101BA000EDB6FE59DD75F71BFFFFDDF7DD34F5F708
:101BB000ED94ED94ED94ED94ED94ED94ED53CD957D
:101BC000BC30E4B2F638EDF7F618DD75E5D6E4F38F
:101BD000D40FF5549AAB4104E4D3F535DCB2DCD331
:101BE000DCD2E513DCD3BBCFCCD2F617DCB1C38D8E
:101BF000C3CFD490D450D450CC4ED42DD450DD5536
:101C0000F637B40F928AAB2CCC2FD450C40EC53308
:101C100000009BAFDD76F659DD75AB8D92CB726A15
:101C200000000000000000000000000000000000B4
:101C30000000FFFF000000000000000000000000A6
:101C40000000000000000000000000000000000094
:101C50000000000000000000000000000000000084
:101C60000000000000000000000000000000000074
:101C70000000000000000000000000000000000064
:101C80000000000000000000000000000000000054
:101C90000000000000000000000000000000000044
:101CA0000000000000000000000000000000000034
:101CB0000000000000000000000000000000000024
:101CC0000000000000000000000000000000000014
:101CD000734DFFDFF638ECB1ED13ED34BBAFC4D379
:101CE000D534ED96FE7AFEBBDD14CC6FFF3CFF5E73
:101CF000EE16FEFBDDB7CC0BE4CCF637D63AEEDCC5
:101D0000F6FCFEFCB411DD96CC2ECCD3FF3CF69A4B
:101D1000FEBBF617EDD4DCD2D3EFF5D7FE79EDF7A5
:101D2000FE79F618CC92EDB6FE59F5D7DDB6FF7DFB
:101D3000FFFFE679D514F618E595ED94ED93ED9453
:101D4000E594E593E552DDF6DE59CBCEF5B6EE1718
:101D5000F617DD75CD14FE58D471DC50E4B1728AEB
:101D6000728BCC31ED35DCB3DCD3DCD2DCF2E4F3C6
:101D7000C3EFCC92E575D46EBB4BBB6DDC70D46FFA
:101D8000CC4ACC48C3EAD4B2E5F7DD95AB8EB34D6F
:101D90009AEAB38DCC0FBBEFCDD700009C10C4B333
:101DA000E5B6BBEFB34CB3CE7AAA5AAB0000000045
:101DB0000000000000000000000000000000000023
:101DC0000000000000000000000000000000000013
:101DD0000000000000000000000000000000000003
:101DE00000000000000000000000000000000000F3
:101DF00000000000000000000000000000000000E3
:101E000000000000000000000000000000000000D2
:101E100000000000000000000000000000000000C2
:101E200000000000000000000000000000000000B2
:101E300000000000000000000000000000000000A2
:101E40000000000000000000000000000000000092
:101E500000000000000000008BAFFF5DF617EC7182
:101E6000ECF2F534D4B2ABF0E556EDB6F617FEBBA6
:101E7000D4F4DDB4FFFFEE37E510EDB6CC70E469C5
:101E8000E447CC0ACCF4F5F6F5F6E5F8BCD3E5B7B3
:101E9000C4D3FF1CF6BAF6DBFE7AEDB5D4D1D4502C
:101EA000F595FE59F5F8FE79EDD7B3AEDD35FE9A1E
:101EB000F618ED96E617FFFEFF7DFF7DC514E5756C
:101EC000E575EDD5E573E593E594DD74ED94CCB15E
:101ED000F79DDD96D430F637EDF7FE58C492D53431
:101EE000FE78CC30DC91CC10AD14AC51CBF0E514C5
:101EF000DCB3DCD2DCB1DCD2E4F3C430C451DCCFDF
:101F0000DCABBB6AB32AD48BD46AC428CC28BBAA66
:101F1000D535F658BC50A34CC40EA2EBBBACBB4BA2
:101F2000C4D30000C55582CCBC72E575A30BB34C7D
:101F3000CC0FB36D8B2C7B4C000000000000000028
:101F40000000000000000000000000000000000091
:101F50000000000000000000000000000000000081
:101F60000000000000000000000000000000000071
:101F70000000000000000000000000000000000061
:101F80000000000000000000000000000000000051
:101F90000000000000000000000000000000000041
:101FA0000000000000000000000000000000000031
:101FB0000000000000000000000000000000000021
:101FC0000000000000000000000000000000000011
:101FD0000000000000000000000000000000000001
:101FE000AC92B534FE79E471ECF3ECD2E554B43044
:101FF000D4D3EDD5EDD5F619D575FF5DFFDFE5B48A
:10200000F574D4B2CC50ECEEECEAC387C36AEC8D25
:10201000FD92BCB3ABF0DDB7FEFBFEDBF6DBFEFCF6
:10202000EDD7D4B0DCD1ED74FE38F618FE9AEDF79A
:10203000B3F0D4D3F5F8F638F638E575E5F7FFFEDA
:10204000FF9DFFFFC596CCF3F5D7ED75E574E594DC
:10205000DD93E573ED94CCB0E658FFDFCC30ED3482
:10206000F638EE17EDD7726ACD34FE18CC4FCBE9B7
:10207000CC4FFF3DBC51CC0FE513DCD2DCB1DCB260
:10208000DCD2E512CC91B3CECC4AE4E9B369B349D2
:10209000D489CC29CC49B367C3EFE5D6F6179B0B9F
:1020A000BBCEBBCE9AA7CBEAB3ACACB4B451D596F9
:1020B0000000B450ED75A36D9B6DCC51D450D4D3BA
:1020C000B47193AE8B8F6B4D0000000000000000D8
:1020D000AD7584100000000000000000000000004A
:1020E00000000000000000000000000000000000F0
:1020F00000000000000000000000000000000000E0
:1021000000000000000000000000000000000000CF
:1021100000000000000000000000000000000000BF
:1021200000000000000000000000000000000000AF
:10213000000000000000000000000000000000009F
:10214000000000000000000000000000000000008F
:10215000000000000000000000000000000000007F
:10216000000000000000000000008C10E513FD34AA
:10217000E4D3ECF3E4D2C3EFDCF2F5B5F5F6E59683
:10218000CCB2F5F5FF1BED95ECD3C38EE492ECD207
:10219000ECECC388D40AE4A9DCCE8B0ED556FEFC49
:1021A000F659FE9AFF5CE5B7D4B1E512ED34F5D6E9
:1021B000FE38FE79F5D7B3F0EDB7EDD7EDB6F618EA
:1021C000FE38E555EEBAFFDEFF7CFFFFDE9AB47203
:1021D000F5D7DD35EDB5E553E573E573E573D4D09B
:1021E000DDF7FFFFDDF6CC10F638EDF7FEBAAC10E8
:1021F0006A49EDD7FDD7D46AC385CD12FFFFC4B2BB
:10220000C3CFE4F2DCD2DCB2DCB1DCB1E513D492B2
:10221000AB2ACC28E4EBA329AB68D48BCC29C3E848
:10222000BB8BCC92E5B5D4D392C9D48DAB07AB2888
:10223000B38792AAC4F5000000000000AC31EDF7AE
:10224000C4F3A412A410B471DD95DD54CCD3BCB298
:10225000BCB2B451830C732C736EAD7500000000DA
:10226000000000000000000000000000000000006E
:10227000000000000000000000000000000000005E
:10228000000000000000000000000000000000004E
:10229000000000000000000000000000000000003E
:1022A000000000000000000000000000000000002E
:1022B000000000000000000000000000000000001E
:1022C000000000000000000000000000000000000E
:1022D00000000000000000000000000000000000FE
:1022E00000000000000000000000000000000000EE
:1022F000000000008B2DF513F553ED14DC71B32CA9
:10230000DC70F575FDB6D4B3CC51ED32E531F59501
:10231000CC10C3AEED33E4B2E48DBB67DC6AECCA2B
:10232000B3EEC4F5FF3CEDF7F5F7F659DD96D45161
:10233000ED13ED12ED95FE79FE39E53459669BAF4C
:10234000FF5DE575EDD7F618FE38DD55EF5CFFFF54
:10235000FF1BFFDEFFDF9BCFDD14E595E575E55341
:10236000E573E573E573DCF1CD54FFBEFFBEBC91B0
:10237000D4B2F618EDF7EDB6C514B4D3D515ED7596
:10238000D468B324DD76FFDFCCF3BBAEDC91E4F39D
:10239000DCB1DCB2DCB1E533D492A2C8CC48DCAB12
:1023A000A2A7BB89D48ACC6ABB88BBCECCD2F61795
:1023B000A34BB366CC4A9246C387A32A0000000011
:1023C000000000000000BCB3E534CD540000000064
:1023D000738E9BF0B492BCB2B472AC31B492000074
:1023E00000000000000000000000000000000000ED
:1023F00000000000000000000000000000000000DD
:1024000000000000000000000000000000000000CC
:1024100000000000000000000000000000000000BC
:1024200000000000000000000000000000000000AC
:10243000000000000000000000000000000000009C
:10244000000000000000000000000000000000008C
:10245000000000000000000000000000000000007C
:10246000000000000000000000000000000000006C
:10247000000000000000000000000000FFFF930CBF
:10248000ECB1FD75CC30AB0BC3CEED34F534C3EFFE
:10249000DC92ED33DC6FE4F2BBAEDC91E4D2ECD342
:1024A000D44FBB69E489E4CDE5D8F638F575E57518
:1024B000E595DD34D451ECF3E4D2ED54FE99F5D733
:1024C000CCB2C4728B2DABF0FEDAE596EDB7FE38D8
:1024D000FE38DD55EF3CFFFFF71BFF7CFFFFC51407
:1024E000ABCFEDD6D513ED95E532E573E573ED94FD
:1024F000BC0FDEBAFFFFC534BB6DF5F7EDF7FE1874
:10250000C4F3DE99CD75CCB4DCD1DC28B326DDB6BE
:10251000FFFFDD34C430D470ECF3E4D2D491D49115
:10252000E554C42F9A86D46AD44A9AA7C3E9D46AD8
:10253000C3E8BBCCC451D513D4D3A2C7DCCBA2C74C
:10254000B306B3EB00000000000000000000000034
:10255000B471D4F3CD35000000000000000000008D
:10256000000000000000000000000000000000006B
:10257000000000000000000000000000000000005B
:10258000000000000000000000000000000000004B
:10259000000000000000000000000000000000003B
:1025A000000000000000000000000000000000002B
:1025B000000000000000000000000000000000001B
:1025C000000000000000000000000000000000000B
:1025D00000000000000000000000000000000000FB
:1025E00000000000000000000000000000000000EB
:1025F00000000000000000000000000000000000DB
:1026000000000000000000008AABF534CC30CBEFB6
:10261000E4B1ECF3DCB1C3ADED13ED13F554CBEF46
:10262000C3ADF533E4B1ECF3CC11C389ECA9E4F10B
:10263000F5D8ECF2D430D4D2DCF3DCB2ECF3E4F233
:10264000ED54FE79E535B430D514E5F7E6DAABCFD5
:10265000FE18EDB6E596FE38FE38DD55F73CFFFF77
:10266000FF9EFEFBFFFFF6DB9B4DCCF3DD75DD33FC
:10267000ED74E532E573ED94CBEEC4F4FFFFE6387C
:10268000C3EFDD13EDF7FE79BC30C595FFFFE638EB
:10269000CD35CC2EDC27B368DE5AFFFFE5F6A34D1F
:1026A000A32CCC30E4D3D4B2D492E533C3CB9A85F7
:1026B000D48ABBE9A2E7CC6AD48AB367BC2FC491A1
:1026C000E575AB4BBBA8BBA9BB47B3895AAB0000B0
:1026D00000000000000000000000BC51CC72D5F8E2
:1026E00000000000000000000000000000000000EA
:1026F00000000000000000000000000000000000DA
:1027000000000000000000000000000000000000C9
:1027100000000000000000000000000000000000B9
:1027200000000000000000000000000000000000A9
:102730000000000000000000000000000000000099
:102740000000000000000000000000000000000089
:102750000000000000000000000000000000000079
:102760000000000000000000000000000000000069
:102770000000000000000000000000000000000059
:102780000000000000000000000000000000000049
:10279000FFFF930CB30CECF3ECF3F554CC0FC3CE6A
:1027A000F554ECF3F534BB8DD450E4D2E4B3ED0F23
:1027B000C3C9CBCAF52EDC71D430CBEFD4B2ED5403
:1027C000E4F3E4B2E4B3ED34FE57E514B3F0DDF620
:1027D000DD55EE99FFBEB410E596F618E596FE3885
:1027E000FE18DD35EF1BFFFFFFFFFF3CFF9DF6DA14
:1027F000C4B3A3CFE5D6C4B2ED95E513E513E51355
:10280000F534B38EDF1BFFFFCC91DC91E554F63835
:10281000DD55D596FFBDFFFEFF9ED597B36AD3C5A4
:10282000BBA8B514DE5AF69AEE18CCD3BBCFCC0FAA
:10283000E4F3DCD4DCD0B3679AA7D48BCC09C3E92A
:10284000D449C3C7C40DBC50CCF2C42FB347CBC9C5
:10285000BB47B367A51400000000000000000000A3
:1028600000000000C472C4D300000000000000009B
:102870000000000000000000000000000000000058
:102880000000000000000000000000000000000048
:102890000000000000000000000000000000000038
:1028A0000000000000000000000000000000000028
:1028B0000000000000000000000000000000000018
:1028C0000000000000000000000000000000000008
:1028D00000000000000000000000000000000000F8
:1028E00000000000000000000000000000000000E8
:1028F00000000000000000000000000000000000D8
:1029000000000000000000000000000000000000C7
:102910000000000000000000000093AE8A08F534BB
:10292000E4F2F554C3CFCC10F534F534D450BB8D5C
:10293000ED14DC91E4B2ECECC3A6C3CAC3AEBBAEEB
:10294000CC2FDCD2ED54DCB2E4B2E4F4ECD0ED10E8
:10295000BC30AB6EE699DDB6D4B2FFBEFF3CBC51D5
:10296000CC92FE59E576FDF8FE18DD35E6DAFFFF7C
:10297000FFFFFFFFFF7DEE99DD54CD34D596DD9648
:10298000BC71F596E4D2E4F3ED54CBEFBCB2FFFF9B
:10299000C471CBEFDCD2E595E596DDF7FF9DFF1B1B
:1029A000FFFFFF9D9BD08A87CB64B325D555FFFFE2
:1029B000FFFFF679BCB2ABCFA34DCC71E535DCEDB2
:1029C000AB06A2E7DCCBBB88BB68DC8AB388B3CE9E
:1029D000C4B1CCD2BB68C3A8BB67AB67A514000069
:1029E000000000000000000000000000D618B471D4
:1029F000A3CF000000000000000000000000000065
:102A000000000000000000000000000000000000C6
:102A100000000000000000000000000000000000B6
:102A200000000000000000000000000000000000A6
:102A30000000000000000000000000000000000096
:102A40000000000000000000000000000000000086
:102A50000000000000000000000000000000000076
:102A60000000000000000000000000000000000066
:102A70000000000000000000000000000000000056
:102A80000000000000000000000000000000000046
:102A90000000000000000000000000000000000036
:102AA0000000A410C3EFCC0FED13ED13BBAEDCB2EE
:102AB000E4F3F595B36DBB8DED0FDC90D44FD44AA4
:102AC000C3A9A2A6B32AE4D2ED34E4F3E491E4B2BC
:102AD000F534E4EFC3A8B38BAB4ECD34F79DCBEF09
:102AE000E5B6FFFFE658CCD3C472F5F8E576EDD72E
:102AF000F617D534DE79FFFFFFFFFFFFFFFFDDD6BE
:102B0000C471EE799BCFCCB3CCF3C491F575E4D20C
:102B1000E4F3F534CC30BD76D4F3BB8ED491DCF243
:102B2000E535DDF7FFFFFFBEEE79AC50E659F6FD67
:102B3000A38DB2E4BB25B40DD5B7EEFBFFDEFFBE1F
:102B4000B45179C6BBEFD4B0ED2AB347AB48CC49FA
:102B50009246C3EACC08B3ACBC51CCB2C3EBB3478A
:102B6000BB67AB888410000000000000000000007C
:102B7000000000000000C4D48B4E000000000000E4
:102B80000000000000000000000000000000000045
:102B90000000000000000000000000000000000035
:102BA0000000000000000000000000000000000025
:102BB0000000000000000000000000000000000015
:102BC0000000000000000000000000000000000005
:102BD00000000000000000000000000000000000F5
:102BE00000000000000000000000000000000000E5
:102BF00000000000000000000000000000000000D5
:102C000000000000000000000000000000000000C4
:102C100000000000000000000000000000000000B4
:102C20000000000000000000B514C472DD13B38E74
:102C3000DC71DC91BBAEED34E513DCB2AAECE4D17F
:102C4000DCA9DC8CDC8CE4EAC3A8AAE7ECF0E4D3D2
:102C5000E4F3E4F3ED14E4D1C3CBB305C3EDBC520C
:102C6000BBCFEEFBFF3BC36DF6FBFFFFE699D4F451
:102C7000C555DD55EDD7DD95F617E575D5B6DEDA28
:102C8000C5D7C596CDD6BCB2BC31DDD6DE389BAF3C
:102C9000E596B410D4D2ED54E4D2E4F3ED149B2CB9
:102CA000C451CC31C42FDCD2D451D5B6FFFFFFFFC5
:102CB000BCF3E5D6FFFEFF9DFF3DB4719286A242B4
:102CC000C3EAFF5BE679A410B4B2BC3081848AAB5E
:102CD0009308AB67A2C7CC09A2E89A87D428C3C9D6
:102CE000AB4DCC91CC6FA307BB469B6800000000A6
:102CF0000000000000000000000000000000C5759A
:102D0000BCB7000000000000000000000000000050
:102D100000000000000000000000000000000000B3
:102D200000000000000000000000000000000000A3
:102D30000000000000000000000000000000000093
:102D40000000000000000000000000000000000083
:102D50000000000000000000000000000000000073
:102D60000000000000000000000000000000000063
:102D70000000000000000000000000000000000053
:102D80000000000000000000000000000000000043
:102D90000000000000000000000000000000000033
:102DA0000000000000000000000000000000000023
:102DB000BC92ED76D4F3DD13E513BBAEBBCEED34A0
:102DC000FDB5AB0B8A09DC6FE468E4CADCAAE4CB8E
:102DD000B328DC70F515DC91D430D450C38CA287B5
:102DE000AAC5ECCDC492A30BD533FFFFE5D6C3CF64
:102DF000FFDEFFFFDE59CC92F75CDDB6DD54E595D2
:102E0000F617F638BC92B513D5D7E638FF5CEE79E5
:102E1000BC72FF5CFFFFE6FBAC10E555ABAEDCF32C
:102E2000ED14DCB2E513CC71B3AEBBCFBC10ED3406
:102E3000C3AED5B6FFFFCE17E617FF7DE5D6C4D2E9
:102E4000DDB6EEBAFF7FEE178AC6612250E340205E
:102E500061867B0D61A76966926AA1C7A1E6926649
:102E6000A348A307BB88CC289AE9C451D4B2A308CD
:102E7000BBC78A05A390000000000000000000000E
:102E80000000000000000000000000000000000042
:102E90000000000000000000000000000000000032
:102EA0000000000000000000000000000000000022
:102EB0000000000000000000000000000000000012
:102EC0000000000000000000000000000000000002
:102ED00000000000000000000000000000000000F2
:102EE00000000000000000000000000000000000E2
:102EF00000000000000000000000000000000000D2
:102F000000000000000000000000000000000000C1
:102F100000000000000000000000000000000000B1
:102F200000000000000000000000000000000000A1
:102F30000000000000009C51EDB7E575D514DD756B
:102F4000EDD6A30CCC51F5B5DC91B431DEBAD5D6B3
:102F5000C40DC366F50ABB88BB68ED0FDC70D44CAA
:102F6000CBEBBB4AA265C347FD8DB3CF8228C44ECD
:102F7000FFFFFFFFCC92D4B2FFFFFFFFD597C4B392
:102F8000E6BABCF3BC30EDD6E5D6F638DD34EF1C3E
:102F9000FFFFFF3CFF9DDDD7BC51F699F6DAFFBE7F
:102FA000DE38B451D514A36DE4F3E4F3D4B2E554A0
:102FB000DC927A28ABCFFD96BBCEDE79FFFFE679B7
:102FC000FEDAF637D555BCF3FF5DFFFFD5F75A4B58
:102FD000000000002042AC10518728E4F6BB9A495B
:102FE000A246D2C9B1E799A66964B308AAA7B36794
:102FF000A2A7A2EBCC30AB49B3E8A1C6A986A41125
:1030000000000000000000000000000000000000C0
:1030100000000000000000000000000000000000B0
:1030200000000000000000000000000000000000A0
:103030000000000000000000000000000000000090
:103040000000000000000000000000000000000080
:103050000000000000000000000000000000000070
:103060000000000000000000000000000000000060
:103070000000000000000000000000000000000050
:103080000000000000000000000000000000000040
:103090000000000000000000000000000000000030
:1030A0000000000000000000000000000000000020
:1030B000000000000000000000000000A4F1BC516E
:1030C000FF1CCCB2EDB6C492ABAEBC10EDD6F5F49D
:1030D000C42FDE9AFFFFFFFFE75ED5D5AAE7B3074F
:1030E000E4CBDCAAC3C8B327C3C8BB47CBA8FD0B3E
:1030F000A30B79C8B368EEFBFFFFFFFFC3EEEE370B
:10310000FFFFDE99BC92C514DE58FF3CD5B6C492D1
:10311000EDF7F638DD55DD75FEDADDF6E637B4306D
:10312000AB8EE5B5F679FF5CFFFFD637B450C472BD
:10313000B3AEE514DCF3DCD3F5559B0CA32CFD7684
:10314000B3F0EF5DFFFFF6BAF638D554CD75FFFF4B
:10315000FFBF5229000000003126ACB3FF1CFFFF67
:10316000734D8B4DFFFF72497082A1E7CA68D28808
:10317000816699A6A9E78186C248A26791C6BBA9C4
:10318000AB68A9C8CA2789656B2C00000000000045
:10319000000000000000000000000000000000002F
:1031A000000000000000000000000000000000001F
:1031B000000000000000000000000000000000000F
:1031C00000000000000000000000000000000000FF
:1031D00000000000000000000000000000000000EF
:1031E00000000000000000000000000000000000DF
:1031F00000000000000000000000000000000000CF
:1032000000000000000000000000000000000000BE
:1032100000000000000000000000000000000000AE
:10322000000000000000000000000000000000009E
:10323000000000000000000000000000000000008E
:103240000000FFFF9BD0FE7AE576CCB2EDD7CCB381
:10325000A34DDD34F638E553D595FFFFFFFFFF9D05
:10326000EF1CFFFFB55681A4F4EAE4CAE469ECCA96
:10327000D429D3E8E4699AC9824AAAE5D5D5FFFFE3
:10328000FFFFF77DBBAEDDF7F75DCD75ABAEEEDBD7
:10329000FFFFFFFFFF5CBC30C450F658F618C4B205
:1032A000EEFAFFFFFF9DAC10DDD6F6FAD575B4102F
:1032B000CD34FFFFE679BC72B3EFBBEFE534DCD36E
:1032C000DCD3ED55C3EFB32DCD35FFFFFF9EDDD62B
:1032D000EE38B491FFFFACD400000000524ABCF4B9
:1032E000FFBFFFFFFFBEFFBEC575FF3CD658798507
:1032F000A9A68165BA08CA68A1C68986B24881456F
:10330000BA28A1E77903B2889A07C249CA48D20706
:10331000A9C68A49836D000000000000000000007B
:10332000000000000000000000000000000000009D
:10333000000000000000000000000000000000008D
:10334000000000000000000000000000000000007D
:10335000000000000000000000000000000000006D
:10336000000000000000000000000000000000005D
:10337000000000000000000000000000000000004D
:10338000000000000000000000000000000000003D
:10339000000000000000000000000000000000002D
:1033A000000000000000000000000000000000001D
:1033B000000000000000000000000000000000000D
:1033C00000000000000000000000A411F5F7D4F395
:1033D000EDD7DD55BC10FE598AEBD4F4FE38DCF293
:1033E000D5B6FFFFEEDAF73BFF1BD553FFFFD6390B
:1033F000A2A6CB65CB87C348C348DC299A8892ED47
:10340000BB27C4B0FFFFFFFFFFFFE679C3CEEEDAB4
:10341000FFFFD5B7C4D3F6BAD555C4F3E5F7FEDA46
:10342000BC91BC50FE9AE575D5D6FFFFDE17B4926D
:10343000FFFFFFFFFF9DC554CDD6FFDEFFFFEF3B33
:10344000C513B3CFBC30E534DCD3DCF3E4F382083E
:10345000C5D7FFFFE6BAF6DAE618DE3862CB000021
:103460004A29D6BBFFFFD5F7FEBAF6BAEE9AEE9A16
:10347000FF3CFFFF8C106081CA48818591A6CA6815
:10348000A1E791A6A1C7A1C6B20799C691A6918648
:10349000A9C7C248B32BB289C9C7D207A9E7928A84
:1034A0008410000000000000000000000000000088
:1034B000000000000000000000000000000000000C
:1034C00000000000000000000000000000000000FC
:1034D00000000000000000000000000000000000EC
:1034E00000000000000000000000000000000000DC
:1034F00000000000000000000000000000000000CC
:1035000000000000000000000000000000000000BB
:1035100000000000000000000000000000000000AB
:10352000000000000000000000000000000000009B
:10353000000000000000000000000000000000008B
:103540000000000000000000000000000000AAAB26
:10355000830CE576CCB3E575FE79C451BC10FE79D9
:103560009B2DCC92FE38D4B2CD95FFFFBCF4CE1982
:10357000FF19ED93DDD6FFFFBD15A3AFEF1BA38EA3
:10358000C327CBA8B34CC3AAA38BFFFFFFFFF77DD4
:10359000FFFFE658CC92FFFFF77D930CD514EE5950
:1035A000CD96EEDBFFDEFFFFFFFFDE17D514FEFB3F
:1035B000D534E5D6BC92C4D3DDF7D555F73CFFFF33
:1035C000FFFFFFFFFFFFFFFFF7DFB4929B0CA32C71
:1035D000ED13E4F2E513CC2FAC30F7BFF79DFFDE1F
:1035E000FFFF62EB0000736EDEFCFFFF8BD04A49E9
:1035F000E699F73CFF7DF6FBF679FFDE72CB68615A
:10360000C268B2277965AA07B20791A699C691A6A2
:103610009186B228A1C6A9C7C249B185A32C0000D2
:10362000B2EAB986D248CA06A9C7932C00000000A6
:10363000000000000000000000000000000000008A
:10364000000000000000000000000000000000007A
:10365000000000000000000000000000000000006A
:10366000000000000000000000000000000000005A
:10367000000000000000000000000000000000004A
:10368000000000000000000000000000000000003A
:10369000000000000000000000000000000000002A
:1036A000000000000000000000000000000000001A
:1036B000000000000000000000000000000000000A
:1036C00000000000000000000000000000000000FA
:1036D000000000007B0D82CCC514AC0FDD35FEDC94
:1036E000C492EDB7C451D512D513B3EFFE79D4927D
:1036F000C555FFFFE67ABD55F676FE76D534C595FD
:10370000FFFFE6FCFFFFD5F789A2AA87BB8A8A04E0
:10371000D619FFFFFFFFFFFFFFFFE638DD95FFFF34
:10372000BCF4BC71F6BAC5B662CB49C8396631255E
:1037300031254A0928A47A8AF5F7DD34BC92FFFFC7
:10374000FFFFDE388B6EB4D3FFFFF77DF77DFFDE22
:10375000DDF8ABF0CD55B4B29B2CDCB1E513ED3305
:10376000C3EEA3CEE73CFFFFA4B2000018A4B53619
:10377000ACF47BEF7CB18410FFFFFFFFFFFFFFFF86
:10378000FFFECDD660E49965B248B24891C78986FC
:1037900091A599A699A691C6A1C6A1C6BA28BA288C
:1037A000BA28BA089104CDD70000B2EBB9A6A1C7D8
:1037B000A1C7B944A2078B2E000000000000000042
:1037C00000000000000000000000000000000000F9
:1037D00000000000000000000000000000000000E9
:1037E00000000000000000000000000000000000D9
:1037F00000000000000000000000000000000000C9
:1038000000000000000000000000000000000000B8
:1038100000000000000000000000000000000000A8
:103820000000000000000000000000000000000098
:103830000000000000000000000000000000000088
:103840000000000000000000000000000000000078
:10385000000000000000630C5A8A4A087B6E0000DA
:10386000BCD3C472FE9ADD35CCD3EDB5CC50C44F79
:10387000FE77BC0ED4D3E535BCD3FFDEFFFFDE7987
:10388000B450DD12EDF7BD34FFFFFFFFFFFFFFFF78
:10389000D595B2E69A239247F79EFFFFFFFFFFFF01
:1038A000FFFFDDD7F658D5D77A6A72EC41A720C45E
:1038B0000801104208010000082108210000000052
:1038C00008012022200149878BF0EF5CF75DB4D31B
:1038D000EF1CFFDFEF3CE6DBD5B7EEBAFFFFFFFFE3
:1038E0009C109ACBC3CEED13ED13CBCEABCEFFFF26
:1038F000628B328A647110834229D77D85148C5182
:10390000FFFFFFFFFFDFEEFBFFFF94107862918661
:1039100091A6C269AA0781658165BA28B207C22843
:10392000C248A1C6A9E6BA48A9E7B208A9659A8A19
:1039300000000000AB2D9903932C8B2D90E3B9650B
:103940009A69AD7500000000000000000000000052
:103950000000000000000000000000000000000067
:103960000000000000000000000000000000000057
:103970000000000000000000000000000000000047
:103980000000000000000000000000000000000037
:103990000000000000000000000000000000000027
:1039A0000000000000000000000000000000000017
:1039B0000000000000000000000000000000000007
:1039C00000000000000000000000000000000000F7
:1039D0000000000000000000000000005A6A628B36
:1039E0007B4E00000000C534C472E596FE59CCB28F
:1039F000D4B1CCB0FE77B3ADB3EEF5D5C491DCD382
:103A0000B4B3FFFFFFBEFFBEEEBAEEBAFFFFCE3883
:103A1000EF3DFFFFFFFFFFFFFFFFDD72BAC5690249
:103A2000D639FFFFF79EFFDFE71CDDB6A34D182157
:103A3000000020A320A308218C11C5F8BDB718A34E
:103A4000F77EFFFF83CF8B8EB514626A390540E5A0
:103A500018010800B4F3FFFFFFFFFFFFFFFFFFFFA8
:103A6000FFFFFFFFFFFFE6BBCCD3BCB2B491BBEFBF
:103A7000DC91F574D470A38EA4727D95A75B85B696
:103A8000AEFAAEDA31A6F73DFFFFFFFFC5B6CD7542
:103A9000FFFF8B2CA94491A68185C268A9E7A207E4
:103AA00099A6A9E7B207A1E6C248A1E6A1C6BA282D
:103AB000B207A1C6B22788E3ACB300000000BBADDB
:103AC000B1E7D4DA00007208A924A1A68BEF0000A8
:103AD00000000000000000000000000000000000E6
:103AE00000000000000000000000000000000000D6
:103AF00000000000000000000000000000000000C6
:103B000000000000000000000000000000000000B5
:103B100000000000000000000000000000000000A5
:103B20000000000000000000000000000000000095
:103B30000000000000000000000000000000000085
:103B40000000000000000000000000000000000075
:103B50000000000000000000000000000000000065
:103B6000000000008410000000000000CD95C47229
:103B7000CCB2FEBADD34BBCFD491ED94F5F5C47070
:103B8000BBEEED94DD33DCD3BCD3F7DEFFDEF6FB1A
:103B9000F6FBE658CDB6836E732CFFFFFFFFFFFFE9
:103BA000FFFFFFFFE6BAAC10A38EEF3CC5D7B5967A
:103BB0005229A38E5A2800219410E65972ED21450E
:103BC000AD34B576B5B6FFFFFFFFFFFF83AFACD3D3
:103BD000FFFFFFFFFF5DFFDFFFFFBD35CE18FFFFDB
:103BE000FFFFFFFFFFFFFFDFFFBFFFDFFFFFCD9501
:103BF000ABAEDE79FFFFDE58B450BBCDE532E51247
:103C0000D4D27B4E6C718E587D743208C5B7FFFFDD
:103C1000F77DDE79D5F7FFDEEF5D71C8C1C691850E
:103C200089A6BA48C249A9E7A1C78985C24891A512
:103C3000A1E7B228A1C6A1E7A9E6B207A1E6A1645F
:103C40008A08000000000000B2CAB2A9000000000B
:103C50005AEB91C7990492EC0000000000000000AC
:103C60000000000000000000000000000000000054
:103C70000000000000000000000000000000000044
:103C80000000000000000000000000000000000034
:103C90000000000000000000000000000000000024
:103CA0000000000000000000000000000000000014
:103CB0000000000000000000000000000000000004
:103CC00000000000000000000000000000000000F4
:103CD00000000000000000000000000000000000E4
:103CE00000000000000000000000000000000000D4
:103CF0000000BD14D4D3BC30EDD6FEBACC71B34CA9
:103D0000DD33EDD5DD32D4F1F5F6C44FD4D2FE5813
:103D1000C514EF3CFFBEFF9DFFDEFF9DA4B208006F
:103D200000009C51FFFFFFFFFFFFFFFFFFFFFFFFB2
:103D3000E6BAEF1BFFFFFFFFFFBEEDD7286239E7B2
:103D4000FFFFEF3D6BAE857431868BF0A4B3C5B732
:103D5000B555C6384A69BD96FFFFFFFFFFFFFFFF5D
:103D6000FFFFFFFFFFFFFFFFFFFEFFFFFFDFFFDFA4
:103D7000FFBEFFFFDE9AA34DDE17FFFFFFFFFFFF31
:103D8000FF9DD5D6BCB2C471D4B19ACB624A9D1303
:103D9000A4F3D619FFFFE69AB4D3E638FFFFFFFF7E
:103DA000BDB63021C20799858186A1E8D289A1E7F5
:103DB000AA2891A6A1C6BA4891A5AA08A9E799C6BA
:103DC00099C5B227A9C6A1E680E3AC310000000086
:103DD000000091A5C4910000000000007A4A910300
:103DE00091E700000000000000000000000000005B
:103DF00000000000000000000000000000000000C3
:103E000000000000000000000000000000000000B2
:103E100000000000000000000000000000000000A2
:103E20000000000000000000000000000000000092
:103E30000000000000000000000000000000000082
:103E40000000000000000000000000000000000072
:103E50000000000000000000000000000000000062
:103E60000000000000000000000000000000000052
:103E70000000000000000000D67ACD34C471BC51AF
:103E8000FEFBE595AB2BCC30E594E5B3D512CCB079
:103E9000CC90D491ED74FED9BC71D659FFFFEF3BA5
:103EA000FFFFFFFFC638000069C8936FBD96FFFF94
:103EB000FFFFFFFFFFFFFFFFFFFFFFFFFFFFFFFF12
:103EC000FFFFDD96BCB3730CDE59FFBE6BEF54B23F
:103ED0003ACB288430E563AEB6B9BF3A73CFEF1D55
:103EE000FFFFFFFFFFFFFFFFFFFFFFFFFFFFFFDF02
:103EF000FFDFFFDFFFDFFFBEFFFFF77DA3AED5B71C
:103F0000FFFFFFFEFFBEFFBEFFFFFFFFFFDEE6DBA2
:103F1000DE58E678EE99FF7DFFFFFF9EEE99EE9961
:103F2000F73CFFFFFF5CFFFFB4B32800A1C6A9E781
:103F300089649289B2C9B1C6AA07AA078165C26914
:103F4000AA0799A5A1E799C7A1C6A1C6B24899A693
:103F500099258A28000000000000D4F599C7FFFFCA
:103F6000000000000000732C816581459CD3000097
:103F70000000000000000000000000000000000041
:103F80000000000000000000000000000000000031
:103F90000000000000000000000000000000000021
:103FA0000000000000000000000000000000000011
:103FB0000000000000000000000000000000000001
:103FC00000000000000000000000000000000000F1
:103FD00000000000000000000000000000000000E1
:103FE00000000000000000000000000000000000D1
:103FF00000000000000000000000000000000000C1
:10400000BCF4DD34AC10EDF7F659CC4EAAEADCD2A4
:10401000ED53F5B5CC90A32BD512ED74ED13D5135C
:10402000AB8DC5B7FFFFF77DFEBAFE36B42F7A8A97
:10403000FDF79C31AD34E71BFFFFFFFFFFFFFFFFE4
:10404000FFFFFFFFFFFFFFFFFFDED514E659FFDF95
:10405000D618FFFF9CF44C30B7BD85548534BF7C27
:10406000DFFF7D129C72FFFFFFFFFFFFFFFFFFFFDF
:10407000FFFFFFDFFFDFFFDFFFDEFFBEFFBEFFFF53
:10408000FFDEB4F3DE17FFFFFFFFFFBEFFBEFFBE84
:10409000FFBEFF9EFFDFFFFFFFFFFFFFFFFFFFFFF2
:1040A000FFBDFFBEFFFEFFDEFF9DFF3CFF3CFFFFAD
:1040B000BC3168617945AA0899A5A2889BAFB2076F
:1040C000A1E6BA488965A9E7BA08A9E7898591A652
:1040D000A9E7A1C6B227A1C799C780C3ABF000006A
:1040E00000000000B34DABCF000000000000000056
:1040F000000079C768C2AC53000000000000000057
:1041000000000000000000000000000000000000AF
:10411000000000000000000000000000000000009F
:10412000000000000000000000000000000000008F
:10413000000000000000000000000000000000007F
:10414000000000000000000000000000000000006F
:10415000000000000000000000000000000000005F
:10416000000000000000000000000000000000004F
:10417000000000000000000000000000000000003F
:1041800000000000000094B2CCF3C4D3BCF3FE9A4C
:10419000E552C3AABB6EECF3ED13F555A30BC46F48
:1041A000F5D5E4F2C3CFAB6DF5F7AC31DEFBFFFF25
:1041B000FEDAFF3AF698E5B5DD75C534FFFFD5D7D1
:1041C000D618FFFFFFFFFFFFFFFFFFFFFFFFFFFF0F
:1041D000FFFFDD75D555FFFFFFFFFFFFFF5D62ECC1
:1041E0006450A71AAF7C8E775C708C72FFFFFFFF64
:1041F000FFDFF79EFF9EFFDEFFDFFFBFFFDFFFDE7B
:10420000FFBEFFDEFFDEFFFFDE78E6BAFFFFFFDE68
:10421000FFBEFFBEFFBEFFBEFFBEFFBEFFBEFFBEB6
:10422000FFBEFFBEFFBEFFBEFF9DFF9DFF9DFF9D2A
:10423000FF7DFF3CFF3CFFFF934D99038165818526
:1042400091A5A985AC72BB6DA165BA2891A591A66F
:10425000B227B22899A68164AA07A1E7A1C6BA48E5
:1042600099C699448185FFFF00000000DD7592AA80
:104270000000000000000000000000006A287183B8
:10428000C5750000000000000000000000000000F4
:10429000000000000000000000000000000000001E
:1042A000000000000000000000000000000000000E
:1042B00000000000000000000000000000000000FE
:1042C00000000000000000000000000000000000EE
:1042D00000000000000000000000000000000000DE
:1042E00000000000000000000000000000000000CE
:1042F00000000000000000000000000000000000BE
:104300000000000000000000000000000000C514D4
:10431000D4F4B4B3D5B7F618DC8CBB8BBB8EED34BC
:10432000F555BBCFB3AEFDF5E512C3EF9ACBDD1467
:10433000FEDBDD35938FD699CDF7FFFFFFFEC4B1CD
:10434000C4D3E6BAFFFFC4F38B0CFF9EFFFFFFFF51
:10435000FFFFFFFFFFFFFFFFFFFFE5F7C4D3F79D60
:10436000FFFFFFFFFFBEA4515A08849285348D34AD
:10437000BDD7FFFFFFDFFFBEDE9AE6BAFFBEFFDF5D
:10438000FFDEFFDEFFBEFFBEFFBEFFBEFFDEFF9D06
:10439000FF9DFFFFFFDEFFBEFFBEFFBEFFBEFFBEF5
:1043A000FFBEFFBEFFBEFFBEFFBEFFBEFF9DFF9D67
:1043B000FF9DFFBEFFBDFF7CFF7CFF5CFF7DF73CE8
:1043C0007A4991238985816589859964ABCEBCB290
:1043D0008904BA4899C689A5BA48BA07A9E7898560
:1043E000A1C6BA2899C6C26999C691A688C2AB4D22
:1043F000000000000000B38FBC710000000000004E
:10440000000000000000838C40C0A4920000000067
:10441000000000000000000000000000000000009C
:10442000000000000000000000000000000000008C
:10443000000000000000000000000000000000007C
:10444000000000000000000000000000000000006C
:10445000000000000000000000000000000000005C
:10446000000000000000000000000000000000004C
:10447000000000000000000000000000000000003C
:10448000000000000000000000000000000000002C
:10449000000000000000B472CD550000DD77E5108B
:1044A000D48CC3EFBBCEF596CC30AB4DF595E53350
:1044B000B32CBB8DCC91E596EDD7FE79C471ACB32E
:1044C000EF9DBD34E594F617EE58C554FF3BD61763
:1044D000BCD2DDF7F79EFFFFFFFFFFFFFFFFFFFFEF
:1044E000FFFFF6BABC71EF1BFFFFFFBEFFFFFFFF30
:1044F000FFBEBD34BD14D5D7FF7DE69AC596F73C07
:10450000FFDEFFDEFFDEFFDEFFDEFFDEFFDEFFBEE3
:10451000FFDEFFDEFFBEFFDEFFDEFFBEFFBEFFBE33
:10452000FFBEFFBEFFBEFFBEFFBEFFBEFFBEFFBEA3
:10453000FFBEFFBEFF9DFF9DFFBDFF3CFF5CFFFE7A
:10454000FFFEFF9DFFFFD6BA694589447945A1C6A4
:1045500091A6A1C5A2AAB53489E7BA26A9E789869A
:10456000BA48C227A9C689659985916580E3BA28AA
:10457000A9E799A699857903BD7500000000C4518B
:10458000AB6D000000000000000000000000000013
:1045900062695123DE1B00000000000000000000E3
:1045A000000000000000000000000000000000000B
:1045B00000000000000000000000000000000000FB
:1045C00000000000000000000000000000000000EB
:1045D00000000000000000000000000000000000DB
:1045E00000000000000000000000000000000000CB
:1045F00000000000000000000000000000000000BB
:1046000000000000000000000000000000000000AA
:10461000000000000000000000000000AD75A3F0E5
:10462000E6590000C4B2DCACE4D0C410D471DCD2D2
:10463000A32CE4F3ED55B34BB32BDCB2CCD3EDF7A5
:10464000E5D7F659E555A2ECDE38F7BDE5F7F658A3
:10465000FE37D513D575DDD7EEDAFEFBBCF3FFFED2
:10466000FFFFFFFFFFFFFFFFFFFFFF3CBC31DE79D5
:10467000FFFFFFBEFFBEFFDEFFFFFF7DFF9EF73C9B
:10468000EEFBF73CFFBEFFFFFFBEFFBEFFBEFFBE5F
:10469000FFBEFFBEFFBEFFBEFFBEFFBEFFBEFFBE32
:1046A000FFBEFFBEFFBEFFBEFFBEFFBEFFBEFFBE22
:1046B000FFBEFFBEFFBEFF9DFF9DFF9DFF9DFFBD97
:1046C000FFBDFF5CEEBADE38DE17EEBAFF3CA41089
:1046D000608289658985A1E68985B1E5A228000007
:1046E0007ACBB1C5AA079185B9C6918489C681C71D
:1046F000722A72EB7AEC9985BA28A1C799C6810310
:104700009A8900000000D4718A6A0000000000004D
:1047100000000000000000000000622849A6000020
:104720000000000000000000000000000000000089
:104730000000000000000000000000000000000079
:104740000000000000000000000000000000000069
:104750000000000000000000000000000000000059
:104760000000000000000000000000000000000049
:104770000000000000000000000000000000000039
:104780000000000000000000000000000000000029
:104790000000000000000000000000000000000019
:1047A000000000009C31ABF000000000B3ECECCD49
:1047B000E4D3C40FD492AB4CCC50F576B32DB36593
:1047C000E4EDCC92CCF3F639EDF7EE17BC10E4B281
:1047D000B34DB4D2FFFFFFFFE679E5D6C4109B2DA1
:1047E000F73CFFFFD5B6F73CFFFFFFFFFFFFFFFFE2
:1047F000FFFFFF9DC472D596FFFFFFBEFFBEFFBD4A
:10480000FF9DFFDEFFDEFFFFFFFFFFDEFFBEFFBEFF
:10481000FFBEFFBEFFBEFFBEFFBEFFBEFFBEFFBEB0
:10482000FFBEFFBEFFBEFFBEFFBEFFBEFFBEFFBEA0
:10483000FFBEFFBEFFBEFFBEFFBEFFBEFF9DFF5C13
:10484000FF7DEEBAF73CF73CFF9DFFDEFFBDE6992A
:10485000BD34A430AC71724A698791A5A1E691C6B6
:104860008164BA06A22700007B2CC206A1A568E3DA
:104870008A698410A471A30D00000000AD7599E74A
:10488000B9E6818599C691C68902ABF00000D4D300
:10489000928A0000000000000000000000000000FC
:1048A000000000007BCF6B2D000000000000000026
:1048B00000000000000000000000000000000000F8
:1048C00000000000000000000000000000000000E8
:1048D00000000000000000000000000000000000D8
:1048E00000000000000000000000000000000000C8
:1048F00000000000000000000000000000000000B8
:1049000000000000000000000000000000000000A7
:104910000000000000000000000000000000000097
:104920000000000000000000000000006B6D949289
:104930000000000092C9AAE9F554E4F3B38DB38DE9
:10494000F575B36DB367D447ED50CCD4D514F5F8F5
:10495000FE79C4B2BC30ED74ED33BB6D9BAEF7BED7
:10496000FFFFFFDEB4D3C5B6D659FFFFFFDEFFDE83
:10497000FFFFFFFFFFFFFFDEFFDEFFFFD5B6B43115
:10498000FFBEFFFFFFBEFFBDFF9DFF9DFF9DFF9D83
:10499000FFBEFFBEFFBEFFDEFFBEFFBEFFBEFFBE0F
:1049A000FFBEFFBEFFBEFFBEFFBEFFBEFFBEFFBE1F
:1049B000FFBEFFBEFFBEFFBEFFBEFFBEFFBEFFBE0F
:1049C000FFBEFFBDFF7CFF5CFF7CEEBAF79DFFBE24
:1049D000F71BFF7DFF9DFFFFFFFFFF7CFFFF947133
:1049E0006B0C9248A1C589A57124C2279A070000C3
:1049F000BBEFC18450C36B4D00000000BC318AAADC
:104A00000000000000009965AAEB9BCF912481442F
:104A1000A9A58944AD75C4F4C4700000000000006D
:104A200000000000000000000000000000005AEB41
:104A30009CF30000000000000000000000000000E7
:104A40000000000000000000000000000000000066
:104A50000000000000000000000000000000000056
:104A60000000000000000000000000000000000046
:104A70000000000000000000000000000000000036
:104A80000000000000000000000000000000000026
:104A90000000000000000000000000000000000016
:104AA0000000000000000000000000000000000006
:104AB00000000000738E5AAB00000000B49361E860
:104AC000C430E4F2B36DDCF3BBAEBBA9D488E48B95
:104AD000CC91ABF1EDF7FE59E596B40FE574DCF33C
:104AE000D4D2ED33CBEF9B2CEF3CFFFFFFFFFFFF5A
:104AF000BD55DE99FFFFFFFFFFFFFFFFFFFFFFFF39
:104B0000FFFFFFFFFF7DA3AFDE79FFFFFF9DFF9D4E
:104B1000FF9DFF9DFF9DFFBDFF9DFFBDFFBEFFBE33
:104B2000FFBEFFBEFFBEFFBEFFBEFFBEFFBEFFBE9D
:104B3000FFBEFFBEFFBEFFBEFFBEFFBEFFBEFFBE8D
:104B4000FFBEFFBEFFBEFFBDFF9DFF9DFF7CFF7C44
:104B5000FF9DF6DADE59FFFFF75DF6FAFFBEFF9D17
:104B6000FF9DFFDEFF9E6B2D00009ACAA18489C6BF
:104B700079A6C226B289ABAEA9A648418C530000E3
:104B80000000000092CB92EC00000000ACF47186B3
:104B90008410930D99657A6A924890C191E6D67314
:104BA0000000000000000000000000000000000005
:104BB0000000000000009CD36B4DAD7500000000AC
:104BC00000000000000000000000000000000000E5
:104BD00000000000000000000000000000000000D5
:104BE00000000000000000000000000000000000C5
:104BF00000000000000000000000000000000000B5
:104C000000000000000000000000000000000000A4
:104C10000000000000000000000000000000000094
:104C20000000000000000000000000000000000084
:104C30000000000000000000000000007BD031A652
:104C400000000000000000009BCFA2CACC30C3D0FF
:104C5000C3CBDC8AE489D44D82EEBC71FEDBEDD798
:104C6000B410DD34E573D4D2D4B2E4F3E4D2BB4D56
:104C70007A08DEDAFFFFFFFFDE9ADE9AFFFFFFFF12
:104C8000FFFFFFFFFFFFFFFFFFFFFFFFFFFFBD1362
:104C9000AC31FFFFFF9DFF9DFF9DFF7DFF9DFF9DB1
:104CA000FF9DFF9DFFBDFFBEFFBEFFBEFFBEFFBE5F
:104CB000FFBEFFBEFFBEFFBEFFBEFFBEFFBEFFBE0C
:104CC000FFBEFFBEFFBEFFBEFFBEFF9DFF9DFF9D5F
:104CD000FF9DFF9DFF7CFF5CFF5CFF7DEE79EEFB9F
:104CE000EF3CFF7DFF9DFF7DFF7DFFBEEEFBCE59BC
:104CF000DD7591A6A18482498ACAC226D268B1858F
:104D000059A60000000000000000C53582490000DF
:104D10000000000094B2AD750000592499A68410DB
:104D20000000930C8061AA890000000000000000D0
:104D30000000000000000000000000000000000073
:104D4000AD757BCF000000000000000000000000F7
:104D50000000000000000000000000000000000053
:104D60000000000000000000000000000000000043
:104D70000000000000000000000000000000000033
:104D80000000000000000000000000000000000023
:104D90000000000000000000000000000000000013
:104DA0000000000000000000000000000000000003
:104DB00000000000000000000000000000000000F3
:104DC000000000008C318410000000000000000092
:104DD0000000ABCFC38FC3ADDC8BE469BAE4A45150
:104DE000BD56FE59DD558AABCCB3F638D4F2D4D2D9
:104DF000E4F3D471D430AB4C9AAAA34DDE9AFFFFF2
:104E0000FFFFFFFFFFFFFFFFFFFFFFFFFFDFFFFFD2
:104E1000FFDFFFDFFFFFFFDF9B6EDE59FFFFFF9D20
:104E2000FF9DFF7DFF7DFF9DFF9DFFBDFFBDFFBE81
:104E3000FFBEFFBEFFBEFFBEFFBEFFBEFFBEFFBE8A
:104E4000FFBEFFBEFFBEFFBEFFBEFFBEFFBEFFBD7B
:104E5000FF9DFF9DFF9DFF9DFF9DFF9DFF7CFF7CB4
:104E6000FF5BFFDED617BD34FFDEFFBEFF7DFF7D9B
:104E7000FF5DFFFFCE790000A2EB99639964832D5B
:104E8000B32CB1A588E2C45000000000000000006F
:104E90000000A2EC82AA0000000000000000000058
:104EA00000009B0B8964FFFF00000000C51471A582
:104EB0009B2D00000000000000000000000000002A
:104EC0000000000000000000000094929492000096
:104ED00000000000000000000000000000000000D2
:104EE00000000000000000000000000000000000C2
:104EF00000000000000000000000000000000000B2
:104F000000000000000000000000000000000000A1
:104F10000000000000000000000000000000000091
:104F20000000000000000000000000000000000081
:104F30000000000000000000000000000000000071
:104F40000000000000000000000000009CB3A51459
:104F50000000000000000000B4F38A4AD42FECCB1C
:104F6000DBE69A63B4D2D6DCDD96EDD7930CBC3188
:104F7000F5F8E596DCF2D4D2E4F3C40FBBEF8A690E
:104F8000D471DC0F91C6CE18FFFFFFFFDE9AB4D3B9
:104F9000DE9AFFFFFFDFFFDEFFDEFFDEFFBEFFFF6B
:104FA000D6189BAEFFFFFFDEFF7DFF9DFFBDFFBE5E
:104FB000FFBEFFBEFFBEFFBEFFBEFFBEFFBEFFBE09
:104FC000FFBEFFBEFFBEFFBEFFBEFFBEFFBEFFBEF9
:104FD000FFBEFFBEFF9DFF9DFF9DFF9DFF9DFF9DAF
:104FE000FF9DFF9DFF7DFF5CFF7CFF5CCDB6EEFB70
:104FF000FFDEFF7DFF7DFF7CFFFFE71C834D8A699D
:10500000A184A1438A49A4B4B1A6B2EB7AAAABEFBA
:105010000000000000000000DD75A36EFFFFFFFF31
:10502000FFFFFFFFFFFFFFFFFFFF820881E7000098
:1050300000000000000000007AAB83D08410000064
:10504000000000000000000000000000FFFFFFFF64
:10505000FFFFFFFFFFFFFFFFFFFF0000000000005A
:105060000000000000000000000000000000000040
:105070000000000000000000000000000000000030
:105080000000000000000000000000000000000020
:105090000000000000000000000000000000000010
:1050A0000000000000000000000000000000000000
:1050B00000000000000000000000000000000000F0
:1050C00000000000000000000000000000000000E0
:1050D000000000000000BDD700000000000000003C
:1050E000698791C4D3C7B2C3A309C5D8FFFFD5B69A
:1050F000CCB2930CD514EE18E5D8E575DCF2E513C7
:10510000C40FBBEFB38EA32CBBCFDC90CA2599652F
:10511000BC92AC2D7A0791C761C7C67AFFFFFFBE6C
:10512000FFBEFFBEFFBEFFDEFFFFB4F3AC51FFFFCB
:10513000FFDEFFBEFFBEFFBEFFBEFFBEFFBEFFBE67
:10514000FFBEFFBEFFBEFFBEFFBEFFBEFFBEFFBE77
:10515000FFBEFFBEFFBEFFBEFF9DFF9DFF9DFF9DEB
:10516000FF9DFF9DFF9DFF9DFF9DFF9DFF9DFF7D7F
:10517000FF9DFF5CF75CFFDEFF7DFF7DFF7CFFBED8
:10518000FFFF930C8881A143912379E70000BC5174
:1051900090A1CDD793CF8B2D000000000000A4106C
:1051A000C575FFFFFFFFFFFF00000000FFFFFFFFCF
:1051B000FFFFCDD7A3EF000000000000FFFFFFFFBF
:1051C000FFFFFFFFFFFFFFFFFFFF000000000000E9
:1051D000FFFFFFFFFFFFFFFF000000009CD3FFFF6A
:1051E000FFFFFFFF000000000000000000000000C3
:1051F000000000000000FFFFFFFFFFFFFFFFFFFFB9
:10520000FFFF0000000000000000000000000000A0
:10521000000000000000000000000000000000008E
:10522000000000000000000000000000000000007E
:10523000000000000000000000000000000000006E
:10524000000000000000000000000000000000005E
:10525000000000000000000000000000000000004E
:10526000000084109BEF59637143E4EFBC4DC534DB
:10527000F79EFFFFD659C4939B8EB451FE79E5B6D5
:10528000E5B6E5B6DCF2E4F3C40FAB4CAB4DCC5164
:10529000AB6ED42ECA67C9E7A183B327B38DD40FF1
:1052A00081E74966E73CFFFFFFFFFFFFFFFFFFDEEF
:1052B000FFDFFFFFB513B4D3FF7DFFDEFFBEFFBEF0
:1052C000FFBEFFBEFFBEFFBEFFBEFFBEFFBEFFBEF6
:1052D000FFBEFFBEFFBEFFBEFFBEFFBEFF9DFF9D28
:1052E000FF9DFF9DFF9DFF9DFF9DFF9DFF9DFF9DDE
:1052F000FF9DFF9DFF9DFF9DFF9DFF9DFF9DFF7DEE
:10530000FF7DFF7DFF7DFFFF93D0580089C68A494E
:1053100082EB0000000081A7A36D00008B2C9BF0A6
:10532000000000008410EF5DFFFFFFFF00000000A1
:105330000000000000000000DEFBFFDFFFFF0000B8
:105340000000FFFFFFFFFFFF00000000FFFFFFFF67
:10535000FFFFFFFF0000FFFFFFFFFFFF0000000057
:1053600000000000000000000000FFFFFFFF000041
:1053700000000000000000000000FFFFFFFFFFFF33
:10538000FFFF00000000FFFFFFFFFFFF0000000025
:10539000000000000000000000000000000000000D
:1053A00000000000000000000000000000000000FD
:1053B00000000000000000000000000000000000ED
:1053C00000000000000000000000000000000000DD
:1053D00000000000000000000000000000000000CD
:1053E00000000000FFFF738E6B4D72ABAB0B8B2A7E
:1053F000D6790000000000000000DFFFB430A3F009
:10540000B4D3F618E5B6E5B5E5B6E5B6E574D470FF
:10541000B38DAB6DC430C3EF9B6EC40CD368D26840
:10542000B227C3EDAB4DBBCEB34CA2EC8AECD63861
:10543000F77DF71CDE18FF7DFFFFFFFFFFFFD6386B
:10544000D638FF7DFFBEFF9EFFBEFFBEFFBEFFBE84
:10545000FFBEFFBEFFBEFFBEFFBEFFBEFFBEFFBE64
:10546000FF9DFF9DFF9DFF9DFF9DFF9DFF9DFF9D5C
:10547000FF9DFF9DFF9DFF9DFF9DFF9DFF9DFF9D4C
:10548000FF7DFF7DFF7DFF7DFF7DF75CFFFFC5D7C3
:1054900051E8832C7BCF00000000000094527ACBAF
:1054A0000000000049E87B6E00000000FFDFFFFF06
:1054B000FFFF0000000000000000000000000000EE
:1054C0009492CE79FFFFFFFFFFFFFFFFFFFF000079
:1054D0000000000000000000FFFFFFFF0000FFFFD2
:1054E000FFFF0000000000000000000000000000BE
:1054F00000000000FFFFFFFF0000000000000000B0
:105500000000FFFFFFFF000000000000000000009F
:10551000FFFFFFFFFFFF0000000000000000000091
:10552000000000000000000000000000000000007B
:10553000000000000000000000000000000000006B
:10554000000000000000000000000000000000005B
:10555000000000000000000000000000000000004B
:10556000000000000000000000000000FFFF6B6D65
:1055700031AD00000000AD7600000000000000002A
:105580000000AC30930CA472DDB6EDF7E5B6EDD6B5
:10559000F617FE58ED959B2C928ABBAEDCF3AB2C34
:1055A000AC31ABCBDC88CB29B207CBEDAB4DBBCE5E
:1055B000BBCDA32CE492AB2CA32C8229C575FFFF95
:1055C000FFFFFF7DFFDEFFFFFF9DFF7DFFBEFF9E14
:1055D000FF9EFFBEFFBEFF9EFFBEFFBEFFBEFFBE23
:1055E000FFBEFFBEFF9DFF9DFF9DFF9DFF9DFF9D99
:1055F000FF9DFF9DFF9DFF9DFF9DFF9DFF9DFF9DCB
:10560000FF9DFF9DFF9DFF7DFF5CFF7DFFDFFFFF97
:10561000FF9DFFFFE6DB834E00000000000000005E
:105620000000000073CFBDF70000000052AB8411F2
:1056300000000000FFFFFFFF00000000000000006E
:10564000000000000000FFFF94B20000FFFFFFFF1A
:10565000FFFFFFFF0000000000000000000000004E
:10566000FFFFFFFFFFFFFFFF000000000000000042
:10567000000000000000000000000000FFFFFFFF2E
:1056800000000000000000000000FFFFFFFF00001E
:1056900000000000000000000000FFFFFFFF00000E
:1056A0000000FFFFFFFFFFFFFFFFFFFFFFFF000006
:1056B0000000FFFFFFFFFFFFFFFFFFFFFFFFFFFFF8
:1056C000FFFFFFFFFFFFFFFFFFFFFFFFFFFF0000E8
:1056D0000000FFFFFFFFFFFFFFFFFFFFFFFFFFFFD8
:1056E000000000000000FFFFFFFFFFFFFFFFFFFFC4
:1056F000000000000000000000000000934EC556AE
:105700000000000000000000ABCD71840000CD96C9
:10571000F5F6F617EDF6DD75C4F3B471A3F093EF6B
:105720008AABB38EDCF3A30CC4B49BCEC3A5D42840
:10573000CBE8BBABA32DA30BF5748A8A7A49CCB115
:10574000BBCEDDB6FFFFE6FBA491EEFBFFFFFFBE85
:10575000FFDEFFDEFF9EFF9EFFBEFFBEFFBEFFBE61
:10576000FFBEFFBEFFBEFFBDFF9DFF9DFF9DFF9DD6
:10577000FF9DFF9DFF9DFF9DFF9DFF9DFF9DFF9D49
:10578000FF9DFF9DFFBDFFDEFFFFFFFFFFFFFF5DF2
:10579000FF9DFFFFDE79C595FF7DFFDF5249AD75A7
:1057A0000000000000000000000084109471000060
:1057B000000000009CD3949200000000FFFFFFFF58
:1057C000000000000000FFFFFFFFFFFFFFFF94B29B
:1057D000AD750000FFFFFFFFFFFFFFFF00000000AF
:1057E000FFFFFFFF00000000FFFFFFFFFFFFFFFFC5
:1057F000000000000000FFFFFFFFFFFFFFFFFFFFB3
:10580000000000000000FFFFFFFF0000000000009C
:10581000FFFFFFFF00000000FFFFFFFFFFFF000092
:105820000000FFFFFFFF0000FFFFFFFFFFFF000082
:105830000000FFFFFFFFFFFFFFFFFFFFFFFF000074
:105840000000FFFFFFFF00000000FFFFFFFF000060
:105850000000FFFFFFFF0000FFFFFFFFFFFF000052
:105860000000FFFFFFFFFFFFFFFF0000FFFFFFFF44
:10587000FFFF0000FFFFFFFF00000000000000002E
:1058800000000000934CF6FB0000000000009B8D20
:1058900081E60000BDD4DD55DD75BCD3A41093B006
:1058A000AC1000000000730C8A8AC430DCD39BCF9C
:1058B000ABCFBD16BBECD427CC67BBAABB8E9AEB93
:1058C000CC30ED1392EB9C10FF5CFF1B8B4D6A8A72
:1058D000DE59FFFFFFBEFFBEFFBEFFBEFFBEFFBE25
:1058E000FFBEFFBEFFBEFFBEFFBEFFBEFFBDFF9DF2
:1058F000FF9DFF9DFF9DFF9DFF9DFF9DFF9DFF9DC8
:10590000FF9DFF9DFF9DFF7DFFBDFFFFFFDEF6FBBF
:10591000F6BB9C108BCFFFFFFFDEC596C534DE17AC
:10592000D5F77B4D000000000000000000000000E3
:1059300000008430B596000000000000AD35AD7564
:1059400000000000FFFF000000000000FFFFFFFF5D
:105950000000FFFFFFFFFFFFFFFFFFFFFFFFFFFF55
:10596000FFFFFFFF00000000FFFFFFFF000000003F
:105970000000FFFFFFFFFFFF00000000FFFFFFFF31
:10598000FFFF0000FFFFFFFFFFFFFFFFFFFFFFFF25
:10599000FFFF000000000000FFFFFFFF000000000D
:1059A000FFFFFFFFFFFF00000000FFFFFFFFFFFF03
:1059B000FFFFFFFF00000000000000000000FFFFED
:1059C000FFFFFFFFFFFF00000000FFFFFFFF0000E1
:1059D0000000FFFFFFFF00000000FFFFFFFFFFFFD1
:1059E000FFFFFFFF00000000000000000000FFFFBD
:1059F000FFFFFFFFFFFFFFFF00000000FFFFFFFFB3
:105A000000000000000000000000BCB2A3ED000098
:105A10000000F7BF932C69E600000000A472AC30D0
:105A20009C100000000000000000000000006A8CD4
:105A30008249DCB1C42F93F1AB6ECD96BD77B36BC9
:105A4000DC8AD46BCBEF8269A32CD491BBAE9ACB0A
:105A50007A6A82CB938ED5B6FF5DFFDEFFFFFFBE75
:105A6000FFBEFFBEFFBEFFBEFFBEFFBEFFBEFFBD4F
:105A7000FF9DFF9DFF9DFF9DFF9DFF9DFF9DFF9D46
:105A8000FF9DFF9DFF9DFF9DFF9DFF9DFF7DFFDE15
:105A9000FFFFC5558B0CC451B3CFA2EB72AAFFFF19
:105AA000C595B4D2FFDDFFFEFEFB941000000000A0
:105AB00000000000000000009472A5140000000027
:105AC000000000000000000000000000FFFF0000D8
:105AD00000000000FFFFFFFF00000000FFFFFFFFCE
:105AE000FFFFFFFFFFFFFFFFFFFFFFFF00000000C2
:105AF000FFFFFFFF000000000000FFFFFFFFFFFFB0
:105B000000000000FFFFFFFF000000000000FFFF9B
:105B1000FFFFFFFFFFFFFFFFFFFF0000000000008F
:105B2000FFFFFFFF00000000FFFFFFFF000000007D
:105B30000000FFFFFFFFFFFFFFFF0000000000006D
:105B40000000000000000000FFFFFFFFFFFF00005B
:105B50000000FFFFFFFF00000000FFFFFFFF00004D
:105B60000000FFFFFFFFFFFFFFFF00000000FFFF3F
:105B7000FFFFFFFF00000000FFFFFFFFFFFF00002F
:105B800000000000FFFFFFFF000000000000000019
:105B90000000A410BCB10000D6BA62CB9B6D00001F
:105BA0000000B5B694720000000000000000000084
:105BB000000000000000A49271C7E4F2B3AD000041
:105BC000C4B3B3CF000093D0AB4CD42AECAFB32D09
:105BD0007A08C3CE9ACBCD54EEDAFF5CFFFFFF7D8F
:105BE000D5B6CD75F6FBFFFFFFFFFFBEFFBEFFBEC4
:105BF000FF9DFF9DFF9DFF9DFF9DFF9DFF9DFF9DC5
:105C0000FF9DFF9DFF9DFF9DFF7DFF9DFF9DFF9DD4
:105C1000FF9DFF9DFFDEFF9D7B6D5803B189E43042
:105C2000DBCFC38EE659EF1BE657FF9CFF1BFEFA46
:105C3000FF7CFF5C9C100000000000000000CE39DB
:105C40008C71DEBB000000000000000000000000BE
:105C500000000000FFFFFFFF00000000FFFFFFFF4C
:105C600000000000FFFFFFFF000000000000FFFF3A
:105C7000FFFFFFFF00000000FFFFFFFF000000002C
:105C80000000FFFFFFFFFFFF00000000FFFFFFFF1E
:105C9000FFFF0000FFFFFFFF000000000000FFFF0C
:105CA000FFFF000000000000FFFFFFFF00000000FA
:105CB000FFFFFFFF0000FFFFFFFFFFFFFFFFFFFFF2
:105CC000FFFF00000000FFFFFFFFFFFF00000000DC
:105CD000FFFFFFFFFFFF00000000FFFFFFFF0000CE
:105CE0000000FFFFFFFF00000000FFFFFFFFFFFFBE
:105CF000FFFF00000000FFFF0000000000000000A8
:105D0000FFFFFFFFFFFF00000000FFFFFFFFFFFF9F
:105D100000000000000000000000C514BCB3C6581D
:105D20004B6E0000000000000000B596C618000091
:105D300000000000000000000000000000008410CF
:105D400061A8E4B2BBEF0000C5968A69E5B6000021
:105D50008390934B9B8BAC108B6EABCFE4F3EDF742
:105D6000FFFFFFFFFF1CFEFBFF7DEE79DDB6D59642
:105D7000EEFBFFFFFFFFFF9DFF9DFF9DFF9DFF9D32
:105D8000FF9DFF9DFF9DFF9DFF9DFF9DFF9DFF9D33
:105D9000FF9DFF9DFF9DFF9DFF9DFF7DFFBEEEDBF5
:105DA000B4F4DDB7D514C451CC51DDB7DEB9C57438
:105DB000FF3CFF3CFEFAFEFAFED9FFDDDDF65A0994
:105DC000000000000000C618841000000000000061
:105DD000000000000000000000000000FFFFFFFFC7
:105DE00000000000FFFFFFFFFFFFFFFFFFFFFFFFBF
:105DF00000000000FFFFFFFFFFFFFFFF00000000AB
:105E0000FFFFFFFF000000000000FFFFFFFFFFFF9C
:105E1000000000000000FFFFFFFFFFFFFFFFFFFF8C
:105E200000000000FFFFFFFF000000000000000076
:105E3000FFFFFFFF00000000FFFFFFFFFFFFFFFF6E
:105E4000FFFFFFFF0000FFFFFFFF0000FFFFFFFF5E
:105E5000FFFFFFFF00000000FFFFFFFFFFFF00004C
:105E60000000FFFFFFFF00000000FFFFFFFF00003A
:105E70000000FFFFFFFFFFFFFFFF00000000FFFF2C
:105E8000FFFFFFFFFFFFFFFFFFFFFFFFFFFF000020
:105E90000000FFFFFFFFFFFF000000000000000008
:105EA00000000000ACB3FFFF000000000000000095
:105EB00000000000000000000000000000000000E2
:105EC00000000000000000006B0CB3CECCB1C6187F
:105ED0000000AC917A6AA4D300009CB38412000045
:105EE000000062ABB410A38E9B6DCD95FEFBFEFB54
:105EF000FEFBFF1BFF5CE5D6830C8B6DFF5DFFFF98
:105F0000FFFFFF9DFF9DFF9DFF9DFF9DFF9DFF9D4F
:105F1000FF9DFF9DFF9DFF9DFF9DFF9DFF7DFF7DE1
:105F2000FF7DFF7DFF5CFF9EFFFFFFFFFFFFFFFE8A
:105F3000FFFEFFFFD637FF1BF6DADE38FFBDFED9C6
:105F4000FEFAFEFAFF3B9C30C5548BCE838E0000D8
:105F50000000000000000000000000000000000041
:105F600000000000FFFFFFFFFFFF00000000000037
:105F7000000000000000000000000000FFFFFFFF25
:105F8000FFFFFFFF00000000FFFFFFFF0000000019
:105F90000000FFFFFFFFFFFFFFFF00000000000009
:105FA000000000000000000000000000FFFFFFFFF5
:105FB0000000000000000000FFFFFFFF00000000E5
:105FC000FFFFFFFF00000000000000000000FFFFD7
:105FD000FFFF00000000FFFFFFFFFFFF00000000C9
:105FE000FFFFFFFFFFFF00000000FFFFFFFF0000BB
:105FF0000000FFFFFFFF00000000FFFFFFFFFFFFAB
:10600000FFFF00000000FFFFFFFFFFFFFFFF00009A
:106010000000FFFFFFFF00000000FFFFFFFF000088
:106020000000000000000000000000000000000070
:106030000000000000000000000000000000000060
:106040000000000000000000000000000000000050
:106050000000938CC44F7BAC0000000000000000E7
:10606000B535C536D5D8BD158BB0624AB4F4A45148
:10607000AC92BCF3E679FF5CFF7CFF1BFEDAFFBE4F
:10608000F69A7AAB412493AFFFBEFFFFFFFFFFBD3F
:10609000FF9DFF9DFF9DFF9DFF9DFF9DFF9DFF9D20
:1060A000FF7DFF7DFF7DFF7DFF7DFF7DFF7DFF7D10
:1060B000FF7DFF7CFF7CFF7DFF7DFF9DF73CFF1B8D
:1060C000D595934DDE17FF9CFEDAFEDAFF5CE657AE
:1060D000EEFAFFFFCD54522900000000000000003E
:1060E0000000000000000000000000000000FFFFB2
:1060F000FFFFFFFF000000000000000000000000A4
:106100000000FFFFFFFF0000FFFFFFFF0000000097
:10611000FFFFFFFF000000000000FFFF0000FFFF87
:10612000FFFFFFFF00000000000000000000000073
:106130000000FFFFFFFF0000000000000000000063
:10614000FFFFFFFF00000000FFFFFFFF0000000057
:10615000000000000000FFFFFFFFFFFF0000000045
:10616000000000000000FFFFFFFFFFFFFFFFFFFF39
:10617000000000000000000000000000000000001F
:106180000000FFFFFFFFFFFFFFFFFFFF0000000019
:1061900000000000FFFFFFFF0000FFFFFFFF000007
:1061A0000000FFFFFFFF00000000000000000000F3
:1061B00000000000000000000000000000000000DF
:1061C00000000000000000000000000000000000CF
:1061D000000000000000000000009CB34104628A3F
:1061E000000000000000C418A432E65ADDF9E5F909
:1061F000DDB8C536BD15CDB7D5D8D5D7CDB7CD9679
:10620000DDF7F699FF3CFF7CFF7CFFFEDDB628A39F
:1062100028A2C575FF3CFFFFFFFFFFDEFF9DFF9D2E
:10622000FF9DFF9DFF9DFF7DFF7DFF7DFF7DFF7D2E
:10623000FF7DFF7DFF7DFF7DFF7DFF7DFF7DFF7D7E
:10624000FF7DFF5CFFFFE6DB732D41A86AABFFDE3D
:10625000FEFAFF1BFF3BF6D9CD74FF7CE67872CBCC
:10626000941000000000000000000000000000008A
:106270000000836E9410C534F75DFFFFFFFFFFFF42
:10628000000000000000FFFFFFFFFFFF0000000014
:10629000FFFFFFFF00000000FFFFFFFF0000000006
:1062A0000000FFFF00000000FFFFFFFFFFFFFFFFF8
:1062B000000000000000FFFFFFFFFFFFFFFF0000E6
:1062C0000000000000000000FFFFFFFF00000000D2
:1062D000FFFFFFFF000000000000000000000000C2
:1062E000FFFFFFFFFFFF00000000FFFFFFFFFFFFBA
:1062F000FFFF0000FFFFFFFFFFFF0000FFFFFFFFAA
:10630000FFFFFFFF0000FFFFFFFFFFFFFFFF000099
:10631000FFFFFFFFFFFF00000000FFFFFFFFFFFF89
:10632000FFFFFFFFFFFF00000000FFFFFFFF000077
:10633000000000000000000000000000000000005D
:10634000000000000000000000000000000000004D
:10635000000000000000000000000000000000003D
:10636000000000006B50736E000000000000B4F4E9
:10637000E5F9D598D578D577D598D5D8D5B8D5B805
:10638000CD97C515B4B3AC93AC73B493BCD3D595CA
:10639000E617F678FFFFFFFF7269080049667B0C7D
:1063A000D5D6FFFFFFFFFFFFFF9DFF5DFF7DFF7D58
:1063B000FF7DFF7DFF7DFF7DFF7DFF7DFF7DFF7DFD
:1063C000FF7DFF7DFF7DFF7DFF7DFFBEFFFF9431E1
:1063D00000007B6F5208FF5CFF5CFF3CFF3BFF9DB2
:1063E000DE17E657FF1BD5B6BD1383F00000000093
:1063F000000000000000ACD3AC92C514E618FF3CCE
:10640000BCF3FFDFFFFFFFFFFFFFFFFFFFFFFFFF0B
:10641000FFFF000000000000FFFFFFFFFFFFFFFF86
:10642000FFFFFFFFFFFFFFFFFFFFFFFF0000000078
:106430000000FFFFFFFFFFFFFFFFFFFFFFFFFFFF6A
:10644000FFFF00000000000000000000000000004E
:10645000FFFFFFFFFFFFFFFFFFFFFFFF0000000048
:1064600000000000000000000000FFFFFFFFFFFF32
:10647000FFFFFFFFFFFF0000000000000000FFFF24
:10648000FFFFFFFFFFFFFFFFFFFFFFFFFFFFFFFF1C
:10649000FFFFFFFF000000000000FFFFFFFFFFFF06
:1064A000FFFFFFFFFFFF00000000FFFFFFFFFFFFF8
:1064B000FFFFFFFFFFFF00000000000000000000E2
:1064C00000000000000000000000000000000000CC
:1064D00000000000000000000000000000000000BC
:1064E00000000000000000000000000000000000AC
:1064F000000000008410B4F5E61AD577D598D5973A
:10650000CD97D597D577CD97CD97CD98CD98D5B850
:10651000D5B8CD77BCD4B493BCF5B493BCD3EE5806
:10652000FFFFB4514905390500005209BD34FF3C55
:10653000FFFFFFFFFFFFFF9DFF7CFF7DFF7DFF7CD7
:10654000FF7DFF7DFF7DFF7DFF7DFF7DFF7DFF7C6C
:10655000FF9DFFFF9CD38410CD35A410BCF3EEDA71
:10656000FF9CFF5CFF5CFF5CF73CE678FFDEC53418
:10657000C5138C100000000000000000B513D59674
:10658000F679F679E618F659AC71000000000000C3
:1065900000000000000000000000000000000000FB
:1065A00000000000000000000000000000000000EB
:1065B00000000000000000000000000000000000DB
:1065C00000000000000000000000000000000000CB
:1065D00000000000000000000000000000000000BB
:1065E00000000000000000000000000000000000AB
:1065F000000000000000000000000000000000009B
:10660000000000000000000000000000000000008A
:10661000000000000000000000000000000000007A
:10662000000000000000000000000000000000006A
:10663000000000000000000000000000000000005A
:10664000000000000000000000000000000000004A
:10665000000000000000000000000000000000003A
:10666000000000000000000000000000000000002A
:106670000000000000000000000000008410A45290
:10668000DDF9CD97D597D597D597CD98CD98C59766
:10669000C598CD98CD98CD77CD77CD77CD97CD983E
:1066A000D598C536AC53A3F1B4D3DDD782EB30A374
:1066B00010010000000020626A8BBD34FF5CFFFF08
:1066C000FFFFFFFFFF7DFF7CFF7DFF7DFF7DFF7DE7
:1066D000FF7DFF7DFF5CFF7CFFFFBD758C71CD965C
:1066E000DD75D5B5F6DADE17FF9DFF5CFF5CFF5C5C
:1066F000FF9DE69AFF3CD5F7A450BD550000000071
:1067000000000000BCF4F699E618DDF7FEDAC4D20A
:1067100072EC00000000000000000000000000001B
:106720000000000000000000000000000000000069
:106730000000000000000000000000000000000059
:106740000000000000000000000000000000000049
:106750000000000000000000000000000000000039
:106760000000000000000000000000000000000029
:106770000000000000000000000000000000000019
:106780000000000000000000000000000000000009
:1067900000000000000000000000000000000000F9
:1067A00000000000000000000000000000000000E9
:1067B00000000000000000000000000000000000D9
:1067C00000000000000000000000000000000000C9
:1067D00000000000000000000000000000000000B9
:1067E00000000000000000000000000000000000A9
:1067F0000000000000000000000000000000000099
:1068000000000000AC93C515D5B8D597D597D5979E
:10681000D598D597CD97CD77CD77CD97CD97CD57C7
:10682000CD57CD57CD56CD57CD57CD57D598DDB98E
:10683000BCD5A452B4B47B0E49671001184218218C
:1068400000000000288372CBCDB6F6FBFFFFFFFFF0
:10685000FFDEFF7DFF7DFF7CFF5CFF5CFF7CFFFFB9
:10686000CDF78C10C556DD96E5F6F6FAFF3BD5F66A
:10687000F71BFF5CFF5CFF5CFF5CF71CD637DE5844
:10688000A430A4920000000000009C72C555F69947
:10689000DDF7FEBAEE38838D000000000000000036
:1068A00000000000000000000000000000000000E8
:1068B00000000000000000000000000000000000D8
:1068C00000000000000000000000000000000000C8
:1068D00000000000000000000000000000000000B8
:1068E00000000000000000000000000000000000A8
:1068F0000000000000000000000000000000000098
:106900000000000000000000000000000000000087
:106910000000000000000000000000000000000077
:106920000000000000000000000000000000000067
:106930000000000000000000000000000000000057
:106940000000000000000000000000000000000047
:106950000000000000000000000000000000000037
:106960000000000000000000000000000000000027
:106970000000000000000000000000000000000017
:10698000000000000000000000009C73A432E5F944
:10699000D577D597CD97CD97CD97CD97CD97CD97E7
:1069A000CD96CD97CD77C556BD15BD15C515C51569
:1069B000C536CD36CD56C536CD57CDB8CD97E61AAE
:1069C000D5976A6A180130E4516628630800000010
:1069D000100149A7838EBD35DE99FF7CFFFFFFFFC5
:1069E000FFFEFFFFFFDEC5759C920000C534FE99D7
:1069F000C513F6B9FF9DD5F7DE38FFBDFF5CFF5C20
:106A0000FF3CFF7DDE78F6DAB492628A0000000077
:106A100000009C31E679EE99FEDBD5755A0900003D
:106A20000000000000000000000000000000000066
:106A30000000000000000000000000000000000056
:106A40000000000000000000000000000000000046
:106A50000000000000000000000000000000000036
:106A60000000000000000000000000000000000026
:106A70000000000000000000000000000000000016
:106A80000000000000000000000000000000000006
:106A900000000000000000000000000000000000F6
:106AA00000000000000000000000000000000000E6
:106AB00000000000000000000000000000000000D6
:106AC00000000000000000000000000000000000C6
:106AD00000000000000000000000000000000000B6
:106AE00000000000000000000000000000000000A6
:106AF0000000000000000000000000000000000096
:106B00000000000000000000000000000000000085
:106B100000009BF1DDB8CD97CD97CD97CD77CD9780
:106B2000CD98CD97CD77CD97CD97CD97CD77C536ED
:106B3000BD15C4F5BCF5BCF4BCF4BD15C515C51533
:106B4000C515C516C515BCF4CD76EE19830D10011B
:106B500030E438C51821000041A8000000007B8EF9
:106B6000AD13C575BD34CDB7E679CD968B8E8C103F
:106B700000000000CD75E5D6D595FF3BFF9DE67979
:106B8000DE58FF9DFF5CFF3CFF3CFF5CF71BFF5C9A
:106B90009C51734D00000000B514B4F4FF1CD5D710
:106BA000B472626A000000000000000000000000F3
:106BB00000000000000000000000000000000000D5
:106BC00000000000000000000000000000000000C5
:106BD000FFFFFFFFFFFFFFFFFFFFFFFF00000000C1
:106BE00000000000000000000000000000000000A5
:106BF0000000000000000000000000000000000095
:106C00000000000000000000000000000000000084
:106C10000000000000000000FFFFFFFFFFFFFFFF7C
:106C2000FFFFFFFF00000000000000000000000068
:106C30000000000000000000000000000000000054
:106C40000000000000000000000000000000000044
:106C50000000000000000000000000000000000034
:106C60000000000000000000000000000000000024
:106C70000000000000000000000000000000000014
:106C80000000000000000000000000000000000004
:106C90000000000000000000A493BCF5D5D9CD98F9
:106CA000CD98CD98CD97CD97CD97CD97CD97CD97C2
:106CB000CD97CD97CD77C536C516C4F5C515C51486
:106CC000C514C514BCF4BCF5BD14BCF5BCF5C514A5
:106CD000BD14C535E63972AB000008001882418644
:106CE000C55700000000000000000000ACB2941185
:106CF000ACF483F094B2000000000000BD346229BF
:106D0000D5F7FFFFFF7DEEDAD658FF7DF73CFF3C5D
:106D1000FF3CF73CFF7DF73BACD3738E00000000D7
:106D20009450CDB6EEBADDF7A4307B2D0000000004
:106D30000000000000000000000000000000000053
:106D40000000000000000000000000000000000043
:106D5000000000000000FFFFFFFFFFFFFFFF00003B
:106D6000FFFFFFFF00000000000000000000000027
:106D70000000000000000000000000000000000013
:106D80000000000000000000000000000000000003
:106D900000000000000000000000000000000000F3
:106DA000FFFFFFFF00000000FFFFFFFF00000000EB
:106DB00000000000000000000000000000000000D3
:106DC00000000000000000000000000000000000C3
:106DD00000000000000000000000000000000000B3
:106DE00000000000000000000000000000000000A3
:106DF0000000000000000000000000000000000093
:106E00000000000000000000000000000000000082
:106E10000000000000000000000000000000AD7550
:106E20009C11DE19C577CD77CD97CD97CD97CD77CE
:106E3000CD96CD96CD97CD97CD97CD57C516BCF5B0
:106E4000BCF5BCF5BCF4BCF4BCF4BCF4BCF4BCF4C0
:106E5000BCF4BCF4C514C4F5C515BCF4C535DDF8E7
:106E6000834E0000832DBD350000000000000000AF
:106E70000000000000000000000000000000000012
:106E8000000000006AEB8B6EEE9AFFBEFFFECDB6EF
:106E9000ACD3FFDEF73CF73CF75CF75CF73CF73B25
:106EA000FF7D83EF7B8E0000AC92EE9AE638FF1AEE
:106EB000CD759411000000000000000000000000EB
:106EC00000000000000000000000000000000000C2
:106ED0000000000000000000000000000000FFFFB4
:106EE000FFFF000000000000FFFFFFFF00000000A8
:106EF0000000000000000000000000000000000092
:106F00000000000000000000000000000000000081
:106F10000000000000000000000000000000000071
:106F20000000000000000000FFFFFFFF0000000065
:106F3000FFFFFFFF00000000000000000000000055
:106F40000000000000000000000000000000000041
:106F50000000000000000000000000000000000031
:106F60000000000000000000000000000000000021
:106F70000000000000000000000000000000000011
:106F80000000000000000000000000000000000001
:106F900000000000000000000000000000000000F1
:106FA0000000000000009C31CD56CDB7CD97CD97A5
:106FB000CD97CD97CD97CD97CD97CD97CD77C5561A
:106FC000C516C4F6C516C536C556C576C556C5150B
:106FD000C516C535C535C515C515C4F5BD15C514CA
:106FE000C515C515BCF4C515E5F9BCD4728B8BF07D
:106FF0000000000000000000000000000000000091
:1070000000000000000072AB730C9C10C514D5B6D4
:10701000FF9DFF5CFFFF8BAE8B8EFFFFF73CF75CA5
:10702000E6DAEF1BF75CF75CFF7DDE597B0D8BAF7B
:10703000DE18FF1BEE99FF1BC55500008C0FA451F5
:10704000C575C5B60000000000000000000000008B
:107050000000000000000000000000000000000030
:10706000000000000000FFFFFFFF00000000000024
:10707000FFFFFFFFFFFFFFFFFFFFFFFFFFFFFFFF20
:10708000FFFFFFFFFFFFFFFF00000000FFFFFFFF0C
:10709000FFFFFFFFFFFFFFFF0000000000000000F8
:1070A000FFFFFFFFFFFFFFFFFFFFFFFF00000000EC
:1070B000FFFFFFFF00000000FFFFFFFFFFFFFFFFDC
:1070C000FFFFFFFFFFFFFFFFFFFFFFFFFFFF0000CE
:1070D00000000000000000000000000000000000B0
:1070E00000000000000000000000000000000000A0
:1070F0000000000000000000000000000000000090
:10710000000000000000000000000000000000007F
:10711000000000000000000000000000000000006F
:107120000000000000000000000000009C72AC7332
:10713000DDF9CD77CD97CD97CD97CD97CD77CD97FD
:10714000CD97CD77C576CD56C557CD77CD97CDB7F1
:10715000CDB8CDB8CDB8CD97CD97CD97CD97CD97AC
:10716000CD77CD77C535BD14C515C4F5C4F5C4F4C8
:10717000C4F4DDB8B4535A09526A0000000000009C
:1071800000000000000000000000000000009C1053
:10719000EE38FF5CCD75D5F7FFBEFF3CFFFEA410B7
:1071A000A491FFFFEF3CF75CE6BADE38F75CF73CF2
:1071B000FF5CFF7CC595728B93CFD5D6C554DDF7A8
:1071C0008B8E72CBC555E658F6DAD5D7ACD3000016
:1071D00000000000000000000000000000000000AF
:1071E000000000000000000000000000FFFFFFFFA3
:1071F000000000000000FFFFFFFFFFFFFFFF000097
:107200000000FFFFFFFFFFFF00000000FFFFFFFF88
:10721000FFFFFFFFFFFFFFFF00000000FFFFFFFF7A
:10722000FFFF00000000FFFFFFFFFFFF0000000066
:10723000FFFFFFFFFFFFFFFFFFFFFFFF000000005A
:10724000FFFFFFFFFFFF00000000FFFFFFFF000048
:107250000000FFFFFFFF0000000000000000000032
:10726000000000000000000000000000000000001E
:10727000000000000000000000000000000000000E
:1072800000000000000000000000000000000000FE
:1072900000000000000000000000000000000000EE
:1072A00000000000000000000000000000000000DE
:1072B000000084108BAFDDF9CD97CD97CD97CD77BA
:1072C000CD77CD97CDB7CDB7CD97CD97CD97CDB75E
:1072D000CDB7CD97CD97CD97CD98C597CD97CD9775
:1072E000CD97CD97CD97CD97CD77CD76C536BCF5DB
:1072F000C4F5C4F5C4F5C4F5C4F5C4D5D577CD1629
:1073000072AC41C700000000000000000000000057
:10731000000000000000AC92D576C514C534FF9D76
:10732000FF5CFF5CFF3CB492DE58FF9DF73CF73CEE
:10733000FF5CDDF7DE79FF9DF71BFF9DE679C53425
:107340008B8EB4F3FF3CE679DE18C555C534C554C1
:10735000EE99D5D6A4B200000000000000000000A5
:10736000000000000000000000000000000000001D
:10737000000000000000FFFF000000000000FFFF11
:10738000FFFFFFFFFFFF00000000FFFFFFFFFFFF09
:1073900000000000FFFFFFFFFFFFFFFF00000000F5
:1073A000000000000000FFFFFFFFFFFFFFFFFFFFE7
:1073B000FFFF00000000000000000000FFFFFFFFD3
:1073C000FFFFFFFF00000000FFFFFFFFFFFF0000C7
:1073D0000000FFFFFFFF00000000FFFFFFFF0000B5
:1073E000000000000000000000000000000000009D
:1073F000000000000000000000000000000000008D
:10740000000000000000000000000000000000007C
:10741000000000000000000000000000000000006C
:10742000000000000000000000000000000000005C
:10743000000000000000000000009C31BCD4D5D842
:10744000CD77CD77CD77CD77C576CD97CD97CD97C5
:10745000CD97CD77CD77CD77CD97CD97CD97CD976C
:10746000CD98CD97CD77CD97CD97CD97CD97CD971B
:10747000CD97CD77C556C4F5C4D5C4F5C4F5C4F5CC
:10748000C4F5C4D5BCD5C536D59893905A09736E4A
:107490000000000000000000000000000000F800F4
:1074A0005A4A9C0FFF5CFF7DF73CF75CE658AC71D5
:1074B000EF3CF75CF73CF73CF73CEEBAD5F7F73C0E
:1074C000F73CFF5CEEFAD618EEFBBD14D638FFDEB3
:1074D000FFFFDE589C10D5F7E679D5D69430000032
:1074E000000000000000000000000000000000009C
:1074F0000000000000000000000000000000FFFF8E
:10750000FFFF00000000FFFFFFFF0000FFFF000083
:107510000000FFFFFFFFFFFF00000000FFFFFFFF75
:10752000FFFFFFFF0000000000000000000000005F
:10753000FFFFFFFFFFFFFFFF000000000000000053
:10754000000000000000FFFFFFFFFFFF0000000041
:10755000FFFFFFFFFFFF00000000FFFFFFFF000035
:107560000000FFFFFFFF000000000000000000001F
:10757000000000000000000000000000000000000B
:1075800000000000000000000000000000000000FB
:1075900000000000000000000000000000000000EB
:1075A00000000000000000000000000000000000DB
:1075B00000000000000000000000000000000000CB
:1075C0009C5193B0D5B8C577CD77CD77CD77CD77B2
:1075D000CD77CD97CD77CD97CD97CD97CD97CD97CB
:1075E000CD97CD97CD97CD97CD97CD97CD97CD977B
:1075F000CD97CD97CD97CD97CD97CDB8CDD8C51593
:10760000C4D5C4F5C4F5C4F5C4F5C4F5BCF5B4F4EB
:10761000B4F5D598C4F57B2E6AED0000000000009B
:107620000000000000000000C596EEFAFF7CEF1B92
:10763000F73CF73CDDF7D5D6FF9DF73BF73CF73C31
:10764000F73BFF3CDE18DE58FF7CFF7CE699CDB6A9
:10765000E6BAEEFB8BCEE6B9FFBDDE58B4F3E69991
:10766000EEB9C555730E00000000000000000000D8
:10767000000000000000000000000000000000000A
:1076800000000000FFFFFFFFFFFF00000000000000
:10769000FFFFFFFFFFFF00000000FFFFFFFFFFFFF6
:1076A00000000000FFFFFFFFFFFF00000000FFFFE2
:1076B000FFFFFFFF00000000FFFFFFFFFFFFFFFFD6
:1076C00000000000FFFFFFFFFFFF00000000FFFFC2
:1076D000FFFFFFFF00000000FFFFFFFFFFFF0000B4
:1076E0000000FFFFFFFF00000000FFFFFFFF0000A2
:1076F000000000000000000000000000000000008A
:107700000000000000000000000000000000000079
:107710000000000000000000000000000000000069
:107720000000000000000000000000000000000059
:107730000000000000000000000000000000000049
:1077400000000000000000008B8FC536C516C5364E
:10775000CD77CD77CD57CD77CD97CD97CD97CD97A9
:10776000CD97CD97CD97CD97CD97CD97CD97CD97F9
:10777000CD97CD97CD97CD97CD97CD97CD97CD97E9
:10778000CD97C577CD77C515BCF5C4F5C4F5C4F55F
:10779000C4F5C4F5BD15BCF5BCF5BCF5C516CD37B3
:1077A0009BF15A4A6208000000000000000000003F
:1077B000F77EF6FBF71BF73BF75CFF5CD5D6D5D61B
:1077C000FF9DF73CF73CF73CF73CF73CEE99E67839
:1077D000FF5CF71BE679CD96CDD6E699DE58CDB5A0
:1077E000FFFED617AC51E658F6DA940F9CD3000092
:1077F0000000000000000000000000000000000089
:10780000000000000000000000000000FFFFFFFF7C
:10781000FFFFFFFF00000000FFFFFFFFFFFFFFFF74
:107820000000FFFFFFFFFFFF00000000FFFFFFFF62
:10783000FFFF00000000FFFFFFFFFFFF0000000050
:10784000FFFFFFFFFFFFFFFF00000000FFFFFFFF44
:10785000FFFF00000000FFFFFFFFFFFF0000000030
:10786000FFFFFFFFFFFF00000000FFFFFFFF000022
:107870000000FFFFFFFF000000000000000000000C
:1078800000000000000000000000000000000000F8
:1078900000000000000000000000000000000000E8
:1078A00000000000000000000000000000000000D8
:1078B00000000000000000000000000000000000C8
:1078C00000000000000000000000000000008BF03D
:1078D0009BF1CD97C515C516C556CD77CD77CD771C
:1078E000CD77CD77CD97CD97CD97CD97CD77CD77F8
:1078F000CD77CD77CD97CD97CD97CD97CD97CD77C8
:10790000C577CD77C556C556C556C516C516C51615
:10791000C516C516C536CD36C536C535C515BCD454
:10792000BCB4C515CD36BCD5CD57BCD5836E7B4E0A
:107930000000000000000000C5D7EEDBFF5CF73B55
:10794000F73CFF7DC555D5F7FF9DF73CF73CF73B6E
:10795000F75CEF1BE699F6FAFF5CE679E679F71B30
:10796000DE38B513FFBEDE38DE78E6BA8B2DAC927A
:10797000EE999C51838E0000000000000000000082
:1079800000000000000000000000000000000000F7
:1079900000000000FFFFFFFF0000000000000000EB
:1079A000FFFFFFFFFFFFFFFF00000000FFFFFFFFE3
:1079B0000000FFFFFFFFFFFFFFFF00000000FFFFD1
:1079C000FFFF000000000000FFFFFFFFFFFFFFFFC1
:1079D00000000000FFFF0000000000000000FFFFAB
:1079E000FFFFFFFF00000000FFFFFFFFFFFF0000A1
:1079F00000000000000000000000FFFFFFFF00008B
:107A00000000000000000000000000000000000076
:107A10000000000000000000000000000000000066
:107A20000000000000000000000000000000000056
:107A30000000000000000000000000000000000046
:107A40000000000000000000000000000000000036
:107A50000000000000008B8FCD77C536C536C536D7
:107A6000C536C556CD77CD77CD77CD77CD77C57671
:107A7000CD77CD77CD77CD77CD77CD77CD97CD97A6
:107A8000CD97CD77CD77CD77C556C536C536BD15E3
:107A9000BCF5BCD5BCD5BCD4B4B4B494B493B47365
:107AA000AC53A432AC32AC328B0D82ED936F8B6F42
:107AB0008B6F9BB09BD1728C830E841000000000F2
:107AC000AD75DEBAFF9DF73BFFBDCDF7728AF6FBC1
:107AD000F77CF73CF73BF71BF71BF71BEEBAEEDA28
:107AE000FF5CDE78DE58F73BEEDACDB6F71BF73BEE
:107AF000BD34D5D772ABAC92E679BD14BD148C30D1
:107B00000000000000000000000000000000000075
:107B1000000000000000000000000000FFFFFFFF69
:107B2000000000000000FFFFFFFFFFFFFFFFFFFF5F
:107B300000000000000000000000FFFFFFFFFFFF4B
:107B4000FFFF00000000FFFFFFFF00000000FFFF3D
:107B5000FFFFFFFFFFFFFFFF00000000FFFF00002F
:107B600000000000FFFFFFFFFFFFFFFF000000001D
:107B7000FFFFFFFFFFFF000000000000000000000B
:107B80000000FFFFFFFF00000000000000000000F9
:107B900000000000000000000000000000000000E5
:107BA00000000000000000000000000000000000D5
:107BB00000000000000000000000000000000000C5
:107BC00000000000000000000000000000000000B5
:107BD0000000000000000000000000009411B493B9
:107BE000D597CD57CD57CD57C556C556C556CD7728
:107BF000CD77CD77CD77CD77CD57CD57CD77CD9785
:107C0000D598D598CD97C577BD15BCD4B4B3B493EA
:107C1000B473AC53AC53AC53AC53AC53AC52AC3266
:107C2000AC32AC52AC52B452B493B4B3BCD4C5363B
:107C3000B4B4A432A432AC73B4B4B4D5AC93AC53E2
:107C4000A3D193D05249ACD40000D679FFBDFFDE5A
:107C5000FFFFDE79ACF3FFFFFFDDFF9CF75BF71B57
:107C6000F71BF71BF73BF71AFF5CE679DE38F71BCB
:107C7000FF5CF6FBE699FF9DDE58BCF47ACBC53479
:107C8000DDD7BD14EE9A8BF000000000000000006C
:107C900000000000000000000000000000000000E4
:107CA00000000000FFFFFFFF00000000FFFFFFFFDC
:107CB000FFFF00000000FFFFFFFFFFFF00000000CC
:107CC000FFFFFFFFFFFFFFFFFFFF00000000FFFFC0
:107CD000FFFF0000FFFFFFFFFFFF0000FFFFFFFFB0
:107CE00000000000FFFF00000000FFFFFFFFFFFF9C
:107CF000FFFFFFFF00000000FFFFFFFFFFFFFFFF90
:107D000000000000000000000000FFFFFFFF000077
:107D10000000000000000000000000000000000063
:107D20000000000000000000000000000000000053
:107D30000000000000000000000000000000000043
:107D40000000000000000000000000000000000033
:107D50000000000000000000000000000000000023
:107D60000000FFFF7B2DBCB4BCD5B494B4B4B4B454
:107D7000B4B4B4D4BCF5C536CD97CD97CD97D598CE
:107D8000CDB8CD97C556B4F4A452A4129390936F76
:107D90009BD1B473B494B494B4B4BCB4BCD5BCF5A6
:107DA000BCF5C516C515C515C516C536C556C55687
:107DB000C556C536C536C536C556C536C536C516CB
:107DC000BD35C536C556CD97CDB8D5D8AC736A6B21
:107DD000A452C5B7FF7DD5F7BD35CDB6DE38CDD6BB
:107DE000DE37E6B9FF5CFFFEFFBDF73BF71BF71B75
:107DF000F73CE6B9DE37F71BFF5CE699DE18F75C67
:107E0000E6DADDD69BCFB492CDB6F6BAB4F39CD306
:107E10000000000000000000000000000000000062
:107E2000000000000000000000000000FFFFFFFF56
:107E3000FFFFFFFFFFFFFFFF00000000000000004A
:107E4000FFFFFFFFFFFFFFFFFFFFFFFF0000FFFF40
:107E5000FFFF00000000FFFFFFFFFFFFFFFFFFFF2E
:107E600000000000FFFFFFFF00000000FFFFFFFF1A
:107E7000FFFFFFFFFFFF0000FFFFFFFFFFFFFFFF10
:107E8000FFFFFFFFFFFFFFFFFFFF0000FFFF0000FE
:107E90000000FFFFFFFF00000000000000000000E6
:107EA00000000000000000000000000000000000D2
:107EB00000000000000000000000000000000000C2
:107EC00000000000000000000000000000000000B2
:107ED00000000000000000000000000000000000A2
:107EE00000000000000000000000000093AFBC9400
:107EF000AC53BCF5B4B4B4B4B494B473B493A41296
:107F00009BD1A432AC32A432A411A43193B07B0D26
:107F1000832E93909BF0AC32B4B3C515CD36C536E5
:107F2000C515C515C516C515C4F5C4F5C4F5BCF50C
:107F3000BD15BD15C515C536C536C556C577C5575A
:107F4000C536C536C516C515C515C514BCF5B51657
:107F5000B4F5BCF5CD97C536AC93A4328B0D82AC8D
:107F600082CC932E9B4E9B2FA350A3B0AC31BD135C
:107F7000DE37FF7CFFFEFF5CF73BE6BADE58F71BFF
:107F8000F73CEEBAD617EF3BEF3BF6FABCF393CFD4
:107F9000C575F6DA72AB5AAB0000000000000000B5
:107FA00000000000000000000000000000000000D1
:107FB00000000000000000000000000000000000C1
:107FC00000000000000000000000000000000000B1
:107FD000000000000000FFFFFFFF00000000FFFFA7
:107FE000FFFF00000000000000000000FFFFFFFF97
:107FF00000000000FFFF0000000000000000000083
:10800000000000000000000000000000FFFFFFFF74
:10801000FFFFFFFFFFFF00000000FFFFFFFF00006A
:108020000000000000000000000000000000000050
:108030000000000000000000000000000000000040
:108040000000000000000000000000000000000030
:108050000000000000000000000000000000000020
:108060000000000000000000000000000000000010
:108070000000000094118B0E9BD1D5B8C536C536D3
:10808000C536C536C536BCD4AC52A432A432AC52C7
:10809000AC53B4B4BCD4C515D597D597CD76CD56D1
:1080A000C536BD15BD15C515BD15C4F5C4F5BCF562
:1080B000BD15BD15C516C536C556C576C576CD9751
:1080C000CD97CD98CD97C556C535C515C515BCF509
:1080D000BD15BD16B516BD16BCF6BD15C536C536E3
:1080E000CD57C51682ED934EB473AC11B411B413D1
:1080F000B413B4129B6F930E9B70AC12C555F6FB74
:10810000FFFFF71BDE79F73BF75CDE79CDF7F73B36
:10811000EF1BFF1BC53493CFE659BCB2AC3193CFF4
:10812000A531000000000000000000000000000079
:10813000000000000000000000000000000000003F
:10814000000000000000000000000000000000002F
:108150000000000000000000000000000000FFFF21
:10816000FFFF00000000FFFFFFFF00000000000015
:1081700000000000FFFFFFFF00000000FFFF000005
:1081800000000000000000000000000000000000EF
:1081900000000000FFFFFFFF0000000000000000E3
:1081A000FFFFFFFFFFFF00000000000000000000D5
:1081B00000000000000000000000000000000000BF
:1081C00000000000000000000000000000000000AF
:1081D000000000000000000000000000000000009F
:1081E000000000000000000000000000000000008F
:1081F0000000000000000000000000007B8E51E93C
:10820000D5B8C536C536C536BD36BD15BD15C5365E
:10821000C556CD77CD77C557CD56C536C515C515CD
:10822000C515BCF5BD15BD15C516C536BD15BD15A5
:10823000C516C536C556CD77CD98CD97CD97CDB758
:10824000CD97CD97CDB7CD97C576C556C515C51574
:10825000BCF4BD14BCF5BCF5BD16BD16BD16C516E7
:10826000C536C516C516C516C4F5C535C5768B4EBB
:108270008B2EAC32A3F1ABF1AC12ABF1A3D0B43383
:10828000BC55A3B2934E9BF0C555EEFBEF3BF73BBD
:10829000F73BDE79D638F73CEEFBF75CD5F7E638EE
:1082A000BCD3B472EE79F699836E00000000000032
:1082B00000000000000000000000000000000000BE
:1082C00000000000000000000000000000000000AE
:1082D000000000000000000000000000000000009E
:1082E000000000000000FFFFFFFFFFFFFFFFFFFF98
:1082F000FFFF00000000000000000000FFFFFFFF84
:10830000FFFFFFFFFFFF0000000000000000000073
:10831000000000000000000000000000FFFFFFFF61
:1083200000000000FFFFFFFFFFFFFFFF0000000055
:10833000000000000000000000000000000000003D
:10834000000000000000000000000000000000002D
:10835000000000000000000000000000000000001D
:10836000000000000000000000000000000000000D
:1083700000000000000000000000000000000000FD
:10838000000000004A098B90DE39BD55C556C577FF
:10839000C556C556C536C536C536C536C536C536C5
:1083A000C536C515C515BD15BD15C515C516C4F50C
:1083B000BD15BD15C536C557CD97CDB8CDD8CDD8CF
:1083C000CDB7CDB7CDB7CD97CD97CDB7CDB7C55636
:1083D000BD15BCF4BCF5BCF5BD15BD15BD15BD1670
:1083E000BD36C536C536C536BD36C536C516C51605
:1083F000C515BD15C536C536832E936FAC11A3F0D8
:10840000AC11ABF0ABD0B413AC14B474C515B493C9
:108410009BAF9BF0BD34F77CFFDDEF1BEEFBEEFB6B
:10842000EF1BF73CCDB69BEF8B6DDDD7DDF7DDF7AE
:108430009410000000000000000000000000000098
:10844000000000000000000000000000000000002C
:10845000000000000000000000000000000000001C
:10846000000000000000000000000000000000000C
:1084700000000000000000000000000000000000FC
:1084800000000000000000000000000000000000EC
:1084900000000000000000000000000000000000DC
:1084A00000000000FFFFFFFFFFFFFFFFFFFFFFFFD8
:1084B000FFFF0000000000000000000000000000BE
:1084C00000000000000000000000000000000000AC
:1084D000000000000000000000000000000000009C
:1084E000000000000000000000000000000000008C
:1084F000000000000000000000000000000000007C
:10850000000000000000000000009C11624ACD97AE
:10851000C556C556CD77CD77CD77CD77C556C536FF
:10852000C536C536C536C536C516C516BD36BD15E4
:10853000BD15C515C536C556CD77CD97CD98CDB8E7
:10854000CDB8CDB8CDB7CDB7CDB6CDB7CDB7CDB70A
:10855000CDB7C596C536BCF5B4F5BCF5BCF5B515BB
:10856000BD15C515BD36C536C536C536C536C53685
:10857000BD56C536C536C536C536C536BD15C53634
:10858000BCF58B4EA3D0AC11A3D0ABF0A3F0B413C9
:10859000B434B474BCB4BCB4BCF5AC739BB0AC51D3
:1085A000CDF7FFDEF75CE6DAF73CDE79C534A410E0
:1085B0008B8EC513EE38B492ACF2000000000000C0
:1085C00000000000000000000000000000000000AB
:1085D000000000000000000000000000000000009B
:1085E000000000000000000000000000000000008B
:1085F000000000000000000000000000000000007B
:10860000000000000000000000000000000000006A
:10861000000000000000000000000000000000005A
:10862000000000000000000000000000000000004A
:10863000000000000000000000000000000000003A
:10864000000000000000000000000000000000002A
:10865000000000000000000000000000000000001A
:10866000000000000000000000000000000000000A
:1086700000000000000000000000000000000000FA
:1086800000000000000000000000000000000000EA
:108690000000941193D0AC73CD98C556CD77CD77AB
:1086A000CD77CD57C536C536C515BD15BD15BD151C
:1086B000C536C536C536C556C577CD97CD98CDD804
:1086C000CDD8CDD8CDB8CDB7CDB7CDB7CDB6CDB748
:1086D000CD97C597C597C556BD36BD16BCF5B51621
:1086E000BD16BD15BD15C536C556C556C577CD9742
:1086F000C577C577C577BD56BD55C555C556C55651
:10870000BD36C536C536BD15C556AC738B0EAC111E
:10871000A3D0A3F0A3D0AC12B434B454BCB4B4B35B
:10872000AC93B4B4BCF5A432938FB4D3EF1CFFBEAA
:10873000F73CDE38B4F451E86249FEDAEE38ACB208
:108740000000000000000000000000000000000029
:108750000000000000000000000000000000000019
:108760000000000000000000000000000000000009
:1087700000000000000000000000000000000000F9
:1087800000000000000000000000000000000000E9
:1087900000000000000000000000000000000000D9
:1087A00000000000000000000000000000000000C9
:1087B00000000000000000000000000000000000B9
:1087C00000000000000000000000000000000000A9
:1087D0000000000000000000000000000000000099
:1087E0000000000000000000000000000000000089
:1087F0000000000000000000000000000000000079
:108800000000000000000000000000000000000068
:1088100000000000000000009411BD15A47393D067
:10882000D5D8CD77CD77CD77CD77C536BD36BD36AA
:10883000C556C556C576C596CD97CD97CDB8CDB89A
:10884000CDD8CDB8CDB8CDB7CDB7CDB7CDB7CDB7E5
:10885000CDB7CD97CD97C577C577C577C556BD162A
:10886000BCF6BCF6BD15BD16BCF6BD16C556CD97FB
:10887000CD97CD97CD97CD97CD97CD97CD97C57700
:10888000C556BD55C536C536BD36C536C536C536E1
:10889000BD16C556936F932EAC32A3D0A3D0ABF1C7
:1088A000B434B434B493ACB3B4B3B4B3B4B3B4D495
:1088B000B4D49BD09BF0D618FFFFD6587B8E000017
:1088C000A431EE38AC710000000000000000000090
:1088D0000000000000000000000000000000000098
:1088E0000000000000000000000000000000000088
:1088F0000000000000000000000000000000000078
:108900000000000000000000000000000000000067
:108910000000000000000000000000000000000057
:108920000000000000000000000000000000000047
:108930000000000000000000000000000000000037
:108940000000000000000000000000000000000027
:108950000000000000000000000000000000000017
:108960000000000000000000000000000000000007
:1089700000000000000000000000000000000000F7
:1089800000000000000000000000000000000000E7
:1089900000000000000000000000000000000000D7
:1089A0008BAFD5D8BD15AC73CD97CD77CD77CD77BF
:1089B000CD77C556BD36C556CD97CDB7CDB7CDB75A
:1089C000CDB7CDB7CDB7CDB7CDB7CDB6CDB6CDB68A
:1089D000CDB6CDB7CD97CD97CD97CD77C577C577A8
:1089E000C556C536BD16BD15B4F5BCF5BD15C515C6
:1089F000C536CD77CD97CD97CD97CD97CD97CD97E0
:108A0000CD97CD97CD97CD97CD97C576C556BD3629
:108A1000C516C516C536C536C536C556BCD482ED95
:108A2000A3D1ABF1ABD0A3D0AC13B434AC74B4B31A
:108A3000B4B3B4B3B4B3B4B3AC93B4F4A452936FBB
:108A4000C576DEDA000000009410836E000000009E
:108A50000000000000000000000000000000000016
:108A60000000000000000000000000000000000006
:108A700000000000000000000000000000000000F6
:108A800000000000000000000000000000000000E6
:108A900000000000000000000000000000000000D6
:108AA00000000000000000000000000000000000C6
:108AB00000000000000000000000000000000000B6
:108AC00000000000000000000000000000000000A6
:108AD0000000000000000000000000000000000096
:108AE0000000000000000000000000000000000086
:108AF0000000000000000000000000000000000076
:108B00000000000000000000000000000000000065
:108B10000000000000000000000000000000000055
:108B2000000000000000AD7593F0DE1AAC73B4B421
:108B3000CD97CD77CD77C577C556C556CD77CD972F
:108B4000CD97CDB7C5B7C5B7CDB6CDB7CDB7CDB637
:108B5000CDB7CDB7CDB7CDB7CD97CD97CD77C577BD
:108B6000C577C577C577C556C515C4F4BD15BD1500
:108B7000BCF5BD15C536CD57CD97CD97CD97CD97C3
:108B8000CD97CD97CD97CD97CD97CD97CD97CD97C5
:108B9000CD97C597C577C556C536BD36C536C516FA
:108BA000BD36BD36C5769BF08AEEB433A3D0A3D0D4
:108BB000AC12B434B454B4B3B4B3B4B3B4B3ACB30C
:108BC000B494AC94B4B4B4949BB09C10AD75000054
:108BD0000000000000000000000000000000000095
:108BE0000000000000000000000000000000000085
:108BF0000000000000000000000000000000000075
:108C00000000000000000000000000000000000064
:108C10000000000000000000000000000000000054
:108C20000000000000000000000000000000000044
:108C30000000000000000000000000000000000034
:108C40000000000000000000000000000000000024
:108C50000000000000000000000000000000000014
:108C60000000000000000000000000000000000004
:108C700000000000000000000000000000000000F4
:108C800000000000000000000000000000000000E4
:108C900000000000000000000000000000000000D4
:108CA0000000000000000000000000000000838EB3
:108CB000ACB3C5569BD1CD97CD77C577C577C55693
:108CC000BD35C556CD97CD97CD97C5B6CDB7CDB7E8
:108CD000CD97CD97CD97CD97CD98CD98CDB7CDB732
:108CE000CD97CD77C577C577C556C556BD36C51660
:108CF000BCF5BD14C515C515C536C556CD97CDB740
:108D0000CD97CD97CD97CD97CD97CD97CD97CD9743
:108D1000CD97CD97CD97C597C577C597C577C577BB
:108D2000C577C556C536BD36BD36BD36BD36BD3533
:108D30008B2E9B70B432A3D0B413B434B454B4B3F8
:108D4000ACB3B4B3B4B3B494B494B474AC74AC94DE
:108D5000BCF5A3F1834E8410000000000000000069
:108D60000000000000000000000000000000000003
:108D700000000000000000000000000000000000F3
:108D800000000000000000000000000000000000E3
:108D900000000000000000000000000000000000D3
:108DA00000000000000000000000000000000000C3
:108DB00000000000000000000000000000000000B3
:108DC00000000000000000000000000000000000A3
:108DD0000000000000000000000000000000000093
:108DE0000000000000000000000000000000000083
:108DF0000000000000000000000000000000000073
:108E00000000000000000000000000000000000062
:108E10000000000000000000000000000000000052
:108E20000000000000000000000000000000000042
:108E300000000000000083AFD5F89C119C11D5F90B
:108E4000C577C556BD36C536BD56BD36C556CD9758
:108E5000CD97CD96CD97CD97CDB7CD97CD77CD97F3
:108E6000CD97CDB6CDB6CD97CD77CD77C577C55655
:108E7000C536C536BD15BD15BD15BD15C515C536DF
:108E8000C577CD97CD97CD97CD97CD97CD97CD97EA
:108E9000CD97CD97CD97CD97CD97CD77C596BD96EC
:108EA000C597C577C576C576C576C576C536BD3650
:108EB000BD36BD36BD36C556B47382ADABF1ABF130
:108EC000AC13B434B434B4B3B4B4AC94B493B47495
:108ED000B494B493B493ACB3AC93BCD5BCB4936F1B
:108EE0008BB0000000000000000000000000000047
:108EF0000000000000000000000000000000000072
:108F00000000000000000000000000000000000061
:108F10000000000000000000000000000000000051
:108F20000000000000000000000000000000000041
:108F30000000000000000000000000000000000031
:108F40000000000000000000000000000000000021
:108F50000000000000000000000000000000000011
:108F60000000000000000000000000000000000001
:108F700000000000000000000000000000000000F1
:108F800000000000000000000000000000000000E1
:108F900000000000000000000000000000000000D1
:108FA00000000000000000000000000000000000C1
:108FB000000000000000000000000000B4D3941185
:108FC000DE1993B0B4D4C597C556BD36C555BD5648
:108FD000BD56BD56C556CD77CD97CD97CD97CDB75C
:108FE000CDB7CD97CD96CDB7CDB7CD97CD77CD7742
:108FF000CD77C556C556BD36C536C536C536C53618
:10900000BD15BD15C536CD97CDB7CD97CD97CD97AD
:10901000CD97CD97CD97CD97CD97CD97CD97CD9730
:10902000CD97CD97C596C597C597C576C576C556D4
:10903000C556C575C556BD36BD36BD36BD36BD3601
:10904000C5369B7082CEB432AC12B413B434AC9437
:10905000AC94B493B474AC94ACB3ACB3ACB3AC94C4
:10906000B494B473B494BCF5A4127B0D000000005A
:1090700000000000000000000000000000000000F0
:1090800000000000000000000000000000000000E0
:1090900000000000000000000000000000000000D0
:1090A00000000000000000000000000000000000C0
:1090B00000000000000000000000000000000000B0
:1090C00000000000000000000000000000000000A0
:1090D0000000000000000000000000000000000090
:1090E0000000000000000000000000000000000080
:1090F0000000000000000000000000000000000070
:10910000000000000000000000000000000000005F
:10911000000000000000000000000000000000004F
:10912000000000000000000000000000000000003F
:10913000000000000000000000000000000000002F
:109140000000000093D0B4F5B4F493AFCDB7C5568A
:10915000C556C556C556C556BD56C556C556C5761F
:10916000CD97CD97CD97CD97CD97CD97CD97CD97DF
:10917000CD97CD77C577C557C556BD56BD36C536D3
:10918000C536C536C536C536C516C576CD97CD9715
:10919000CD97CD97CD97CD97CD97CD97CD97CD97AF
:1091A000CD97CD97CD97CD97CD97CD97C577BD77F7
:1091B000C576C577C557C556C576BD56C556BD36A5
:1091C000BD16BD15BD15BD15BD15BCB58AEE9B7090
:1091D000B433B413B433AC94AC74B474B494B4B4C2
:1091E000B4B3B493AC94AC94B494B473AC73AC9483
:1091F000BCF5AC52834E00000000000000000000EF
:10920000000000000000000000000000000000005E
:10921000000000000000000000000000000000004E
:10922000000000000000000000000000000000003E
:10923000000000000000000000000000000000002E
:10924000000000000000000000000000000000001E
:10925000000000000000000000000000000000000E
:1092600000000000000000000000000000000000FE
:1092700000000000000000000000000000000000EE
:1092800000000000000000000000000000000000DE
:1092900000000000000000000000000000000000CE
:1092A00000000000000000000000000000000000BE
:1092B00000000000000000000000000000000000AE
:1092C00000000000000000000000000093F0E65ADB
:1092D0009BF193D0D5F8BD56C556C556C556C55653
:1092E000C556C556C535C556CD97CD97CD97CD97A3
:1092F000CD77CD97CD97C577C577C557BD56BD56A8
:10930000BD56C536C536C536C536C516C516C536AD
:10931000CD97CD97CD97CD77CD97CD97CD97CD974D
:10932000CD97CD97CD97CD97CD97CD97CD97CD971D
:10933000CD77C597C577C576C577C557C576C57648
:10934000BD56BD56C536C536BD16B515BD15BD15C0
:10935000BD36C4F6A3918AEFB433B413B413AC93FF
:10936000AC93B493B4B4B4B4AC94B474AC94AC94BF
:10937000B494B474AC73B494B473BCD5B4B38B6EFE
:109380008410000000000000000000000000000049
:1093900000000000000000000000000000000000CD
:1093A00000000000000000000000000000000000BD
:1093B00000000000000000000000000000000000AD
:1093C000000000000000000000000000000000009D
:1093D000000000000000000000000000000000008D
:1093E000000000000000000000000000000000007D
:1093F000000000000000000000000000000000006D
:10940000000000000000000000000000000000005C
:10941000000000000000000000000000000000004C
:10942000000000000000000000000000000000003C
:10943000000000000000000000000000000000002C
:10944000000000000000000000000000000000001C
:10945000000094319C11DE39834EA473CD97C5561C
:10946000C556C556C556C556C556C535BD15C5568E
:10947000CD77CD77CD77CD77CD77C576C576C577E6
:10948000C557C556BD56BD56C535C536C536C53694
:10949000C516BD15C556CD97CD97CD97CD97CD9710
:1094A000CD97CD97CD97CD97CD97CD97CD97CD979C
:1094B000CD97CD97CD77CD77CD77C577C577C57764
:1094C000C577C577C576C576C556BD56C535C5368B
:1094D000BD36BD15BD15BD15BD15BCF5BC7493508D
:1094E0009350B413B413B494ACB3ACB3AC93AC9486
:1094F000AC94B494B494AC94B494B473AC73B474A6
:10950000B454B453BCB4BCB4936F9BD100000000FE
:10951000000000000000000000000000000000004B
:10952000000000000000000000000000000000003B
:10953000000000000000000000000000000000002B
:10954000000000000000000000000000000000001B
:10955000000000000000000000000000000000000B
:1095600000000000000000000000000000000000FB
:1095700000000000000000000000000000000000EB
:1095800000000000000000000000000000000000DB
:1095900000000000000000000000000000000000CB
:1095A00000000000000000000000000000000000BB
:1095B00000000000000000000000000000000000AB
:1095C000000000000000000000000000000000009B
:1095D0000000000000000000000093F0C536AC93CE
:1095E0007AEDCDB7C556C556C556C556C556C556EE
:1095F000C556BD35BD35C556C577CD77CD77C57751
:10960000C577BD76BD56BD56C556C556C556C55659
:10961000C536C516C536BD36C536C576CD97CD9788
:10962000CD97CD97CD97CD97CD97CD97CD97CD971A
:10963000CD97CD97CD97CD77CD77CD77CD77CD77AA
:10964000C577C577C577C577C577C576C577C5773B
:10965000C577C576C536C536BD56BD15B4F5BD153D
:10966000BD15BD15B4B4B4948B4FA391B433B4B34A
:10967000ACB4AC94AC74B474B494B494B494B493E3
:10968000B474B433AC33B453AC33B414B414B4546E
:10969000AC32930E93D000000000000000000000E8
:1096A00000000000000000000000000000000000BA
:1096B00000000000000000000000000000000000AA
:1096C000000000000000000000000000000000009A
:1096D000000000000000000000000000000000008A
:1096E000000000000000000000000000000000007A
:1096F000000000000000000000000000000000006A
:109700000000000000000000000000000000000059
:109710000000000000000000000000000000000049
:109720000000000000000000000000000000000039
:109730000000000000000000000000000000000029
:109740000000000000000000000000000000000019
:109750000000000000000000000000000000000009
:10976000000093F0E65A834E8B8FDE19BD56C55626
:10977000C556C536C536C536C556C556C556C55671
:10978000C576C577C577C576C576BD56BD56BD5677
:10979000C556C556C556C536C536C536C516C536B1
:1097A000C576CDB7CD97CD97CD97CD97CD97CD97A2
:1097B000CD97CD97CD77C577CD77CD77CD77CD7751
:1097C000C577C577C577C577C577C577C577C577B9
:1097D000C577C577C577C577C577C577C557C556EA
:1097E000C556BD15B4F5BD15BD15BD15B4D4BCF435
:1097F000A4328B2EB453B474AC74B494B474B474F3
:10980000B494B494B494B494B473B413AC34AC338B
:10981000B453B454AC13ABF3AC13ABF182EDA492DC
:109820000000000000000000000000000000000038
:109830000000000000000000000000000000000028
:109840000000000000000000000000000000000018
:109850000000000000000000000000000000000008
:1098600000000000000000000000000000000000F8
:1098700000000000000000000000000000000000E8
:1098800000000000000000000000000000000000D8
:1098900000000000000000000000000000000000C8
:1098A00000000000000000000000000000000000B8
:1098B00000000000000000000000000000000000A8
:1098C0000000000000000000000000000410C312AF
:1098D000B0E500001CB30308F206E8EC993661D647
:1098E0003A9624BE055E05FA04B14D6A8E09CEE7AC
:1098F000FF47FE00FCC0FAA47AA963F19CF3EA8A50
:10990000E38EECD3FE7AFF5DEA0FF312F476FDDA14
:10991000FF3DAA37BB59CC9BE5FCF73E7AB893B91B
:10992000B4FBD63DEF3E5B587C399D5BC65DEF5E78
:10993000453E65BE965FBEFFE79F2DBE4E1E86BFAD
:10994000B73FE7BF263B4E9C86FDB75EE7BF25339A
:109950004DB58658B6FBE79E65CD8630A6B4CF39A7
:10996000EFBD9E6CAEB0C714DF79F7DDD70ADF2EEE
:10997000E773F7B8FFDCFF6BFF8EFFB3FFD8FFFC88
:10998000FE45FEA9FF10FF76FFDCFD24FDA9FE7059
:10999000FF16FF9CFB88FC4CFD52FE77FF5C8B6C36
:1099A000A44FBD54D679EF5D7C939535B5F8CEDBE9
:1099B000EF7EBDF7E71CEF7DF7BEFFDFE1C6D165A7
:1099C000C145B0E3D8CCC0CBA8AA8869893578F462
:1099D00068D348B159B65175413430D23A5531F354
:1099E00029B2190F1C5C1BBA13380A3404DC045A60
:1099F00003B702B3057804B40411030C044F03CD7C
:109A0000034B026845083C672BE61AE47D886CE747
:109A100054453343C646ADA59CE483A2FEC6FE056D
:109A2000FD44F3E2FD80FD00FC60FB60FC60F3E0C0
:109A3000EB60E280F283E243DA02B9A16A685A0677
:109A400049A53924536F42CC3229218773AE630C68
:109A50004208210400003C027804B306EE08280BFB
:109A6000610D990FD01106143A166C189D1ACB1C73
:109A7000F71E212148236C258E27AC29C72BDF2D0B
:109A8000F32F0332103418361C381C3A173C0E3EA4
:109A9000FF3FEC41D443B64593476A493C4B084DE0
:109AA000CD4E8D504652F953A5554B57EA58825A20
:109AB000135C9C5D1F5F9A600D627963DD6439669B
:109AC0008D67D9681D6A596B8C6CB76DD96EF36F51
:109AD00004710C720B730174EE74D275AD767F77DE
:109AE00047780679BB79677A0A7BA27B327CB77CA0
:109AF000337DA57D0D7E6C7EC07E0B7F4B7F827F8C
:109B0000AF7FD27FEB7FFA7FFF7F00000000000075
:109B1000000404040404040404040400000000001D
:109B2000060606060606050000000000000000000C
:109B30000000000000000000020000000000000023
:109B4000000004000002000202000000000000000B
:109B500002020202000200000002000000000000F9
:109B600002000000000101050505010500000000DC
:109B700000100101000000001002020C0C12120083
:109B800000000000B0AE0208A34D01080000000074
:109B900000000000CD4F010800000000410400005B
:109BA000B0AE02084D5801089B58010800000000A3
:109BB000B958010804010D0000060000B0AE02080B
:109BC000275B01080000000000000000000000000A
:109BD000D127D12744020000B0AE0208C15B0108C2
:109BE000E55B010800000000FD5B01080401820044
:109BF00085030000B0AE0208619A0108E99A0108E5
:109C0000000000000D9B01088200D1270504000020
:109C1000B0AE02088F9F0108C19F0108000000003C
:109C2000859C01080000000080020000B0AE020820
:109C300015AB010847B301080000000071B301082B
:109C4000D127D127C0030000B0AE0208F5BA010841
:109C500071BB010800000000B5BB0108D127D12766
:109C6000C0040000B0AE02089DC901080000000059
:109C700000000000C9C90108D127D127C002000097
:109C8000B0AE0208A51202080000000000000000AB
:109C90001D130208D1278200C5020000489C040859
:109CA0000000000000000000000000008514020811
:109CB00000000000C0040000A09B040891180208E6
:109CC0000000000000000000E91802080000000089
:109CD00085070000B0AE020897240208BF240208DE
:109CE00000000000C924020834001E0084020000A5
:109CF000B0AE020825260208612602080000000016
:109D0000C1260208D127D12785030000B0AE020882
:109D1000992A0208B32C020800000000DD2C02087A
:109D20000401820044060000040000080000000056
:109D30000000000200010000100000000000000010
:109D40000030F13D0070643E0000A33E0090CF3E25
:109D50000090F83E00400F3F00E0203F0000000070
:109D600015B78337CDE37B380EE1C53860F69138FF
:109D7000AF5F0F38E1BC3E3823F4473900000000E4
:109D80000000000030313233343536373839414243
:109D9000434445464030580030313233343536374D
:109DA000383961626364656640307800303132333F
:109DB00034353637383961626364656678700030EF
:109DC00031323334353637383941424344454658C9
:109DD0005000000002400000000000A00000000051
:109DE00005400000000000C8000000000C4000001A
:109DF0000000409C00000000194000000020BCBE94
:109E00000000000034400000BFC91B8E00000004A9
:109E1000B5400000504BCFD06607E2CF01000000F4
:109E20006C4100003E8251AADFEEA7340100000021
:109E3000D9420000DCB5A0E23A301F97FFFFFFFFD8
:109E4000B4450000FD25A0C8E9A3C14FFFFFFFFFF7
:109E5000FF3F00000000008000000000FF3F000006
:109E600000000080000000005365744441435F41DE
:109E7000000000005365744441435F42000000004D
:109E8000536574476174686572000000415F5365F3
:109E900074000000565F5365740000004B45595F25
:109EA00046554E4333202850423129004B45595FD7
:109EB000454E435F312028504331332900000000D4
:109EC0004B45595F454E435F32202850433134297A
:109ED000000000004B45595F454E435F332028503A
:109EE00043313529000000004B45595F46554E432C
:109EF00031202850413629004B45595F46554E4385
:109F000032202850413829000A00000042746E3186
:109F10000000000042746E320000000042746E3394
:109F20000000000042746E340000000042746E3580
:109F3000000000000000000094A0040800000020C1
:109F40004C04000014020008CCA104084C040020BA
:109F50009C9E010070020008000000000000F07FDD
:109F6000FFFFFFFFFFFFEF7F1C000000430000002A
:109F7000F8FFFFFF0C0000000E0000000F000000C3
:109F80002E0000001001000043000000F8FFFFFF5A
:109F900000404040404040404040414141414140FC
:109FA00040404040404040404040404040404040B1
:109FB0004005020202020202020202020202020240
:109FC0000220202020202020202020020202020245
:109FD000020290909090909010101010101010109D
:109FE00010101010101010101010101002020202A9
:109FF00002028888888888880808080808080808ED
:10A0000008080808080808080808080802020202E8
:10A010004000000000000000000000000000000000
:10A020000000000000000000000000000000000030
:10A030000000000000000000000000000000000020
:10A040000000000000000000000000000000000010
:10A050000000000000000000000000000000000000
:10A0600000000000000000000000000000000000F0
:10A0700000000000000000000000000000000000E0
:10A0800000000000000000000000000000000000D0
:10A090000000000017689E0408F5421B08740813AE
:10A0A0000D431B0880081359441B0894081AFD0827
:10A0B0001A8C081A251811032FFFFF0B2080BF04EC
:10A0C000011EAA62081324F432100227011AAA0101
:10A0D00001340233041EAC9E0408C0041AD4041ACE
:10A0E000E8041AF8041A9C04011C13DD6D1B0837E0
:10A0F0000413356F39281A810C1A0D041A1904C17A
:10A100001AC5101AB9041AD1041AAD041409022987
:10A110001301011CC03209AA3302031509211101E0
:10A12000140122021607058103022D050705010708
:10A13000291A09562C691A31130A062908434001C5
:10A1400022C0134C021420972B1B0893041A9D0461
:10A150001A75B4136D6E1B0879041AA1041AFD0454
:10A1600013E56C1B084108414F0403090412014424
:10A1700015830450571D020102034D2A1A83011B47
:10A180004B2D2F4041397C69180127A93401BB02AE
:10A190002480C5D4C3B2A1021B70180AB5380208C6
:10A1A000E137020859041ED53602086D101A910CC9
:10A1B0001AB9041E0C9F040814041A1C041A08047B
:0CA1C0001A24041A2C041A340441000074
:04000005080001D915
:00000001FF
