:020000040800F2
:100000002891012025040008755D0008E1450008DD
:10001000715D0008912B0008398500080000000080
:100020000000000000000000000000006503000860
:10003000F92E000800000000C103000865660008F2
:100040003F0400083F0400083F0400083F04000884
:100050003F0400083F0400083F0400083F04000874
:100060003F0400083F0400083F0400086D2D00080D
:10007000852D0008D12D00083F0400083F0400082A
:100080003F0400083F0400083F0400083F04000844
:100090006D8300083F0400083F0400083F04000887
:1000A0003F0400083F0400083F0400083F04000824
:1000B0003F0400083F0400083F0400083F04000814
:1000C0003F0400083F0400083F0400083F04000804
:1000D0003F0400088D6C00083F040008E96C00082C
:1000E000712F00083F0400083F0400083F04000887
:1000F0003F0400083F0400083F0400083F040008D4
:100100003F0400083F0400083F0400083F040008C3
:100110003F0400083F0400083F0400083F040008B3
:100120003F0400083F0400083F0400083F040008A3
:100130003F0400083F0400083F0400083F04000893
:100140003F0400083F0400083F04000800000000CE
:10015000000000000000000000000000000000009F
:100160000000000000000000000000003F04000844
:100170003F0400083F0400083F0400083F04000853
:100180003F0400083F0400083F0400083F04000843
:100190003F040008000000003F0400083F0400087E
:1001A0003F0400083F0400083F0400083F04000823
:1001B0003F0400083F0400083F0400083F04000813
:1001C0003F0400083F0400083F0400083F04000803
:1001D0003F0400083F04000800F002F800F0B2F805
:1001E0000AA090E8000C82448344AAF10107DA4592
:1001F00001D100F0A7F8AFF2090EBAE80F0013F032
:10020000010F18BFFB1A43F001031847649E040056
:10021000849E04000A444FF0000C10F8013B13F0D8
:10022000070408BF10F8014B1D1108BF10F8015B4F
:10023000641E05D010F8016B641E01F8016BF9D142
:1002400013F0080F1EBF10F8014BAD1C0C1B09D199
:100250006D1E58BF01F801CBFAD505E014F8016B0B
:1002600001F8016B6D1EF9D59142D6D3704700009D
:100270000023002400250026103A28BF78C1FBD8AF
:10028000520728BF30C148BF0B6070476E2900F08D
:100290008884702900F0F78766292AF0DB856529B4
:1002A0002AF0D88567292AF0D58561292AF0D485D6
:1002B00003681B0A28BF41F08001692900F05881BA
:1002C000642900F05581752900F052816F2900F0F2
:1002D0008487782900F0C387E92900F01F87E42983
:1002E00000F01C87F52900F01987EF2900F08187BD
:1002F000F82900F0C2870368DB0928BF41F08001BC
:10030000632900F0A086732900F0A586E32901F097
:10031000E981F32901F0EE81002070471FB52AF032
:100320008CFD00F0C9FF0400002000212AF00CFB26
:10033000401C6060002000212AF0F0FAE0601FBD40
:1003400010B510BD01F0C2FA1146FFF7E7FF23F028
:100350009BFB01F012FB03B4FFF7F2FF03BC01F0BB
:1003600091FD00002C4B19680868B0E8F04F80F34D
:100370000988BFF36F8F4FF0000080F3118870473A
:100380000000000008480068006880F308884FF00B
:10039000000080F3148862B661B6BFF34F8FBFF3DD
:1003A0006F8F00DF00BF00BF08ED00E0DFF80C003A
:1003B000016841F470010160704700BF88ED00E002
:1003C000EFF30980BFF36F8F134B1A681EF0100F05
:1003D00008BF20ED108A20E9F04F106009B44FF0FB
:1003E000500080F31188BFF34F8FBFF36F8F29F058
:1003F0005DFA4FF0000080F3118809BC19680868A5
:10040000B0E8F04F1EF0100F08BFB0EC108A80F378
:100410000988BFF36F8F7047B4010020EFF30580A8
:10042000704700000948804709480047FEE7FEE79B
:10043000FEE7FEE7FEE7FEE7FEE7FEE7FEE7FEE794
:1004400004480549054A064B70470000B567000897
:10045000D9010008288B012028910120288D012036
:10046000288D01207CB51D4616460C00009001D059
:100470002044401E074B7B442A4669460190304683
:1004800000F0B7FD05461CB10020694600F0C4FD30
:1004900028467CBDA90B00000FB47CB50C0009AA4E
:1004A000009001D02044401E084B7B4469460190D7
:1004B000089800F09EFD05461CB10020694600F03A
:1004C000ABFD28467CBC5DF814FB0000750B0000FA
:1004D00070B5044685690068C10601D5302600E084
:1004E0002026C00707D070BDD4E9012130469047CF
:1004F000206A401C20626D1EF6D570BD70B50446A2
:1005000085690078C00707D170BDD4E9012120209A
:100510009047206A401C20626D1EF6D570BD70B5F4
:100520000C460546012A05D02878800600D5EA69E0
:10053000002302E0012305E05B1C934202D2E05C51
:100540000028F9D1A869E618C01AA861286A1844D9
:1005500028622846FFF7BCFF04E0D5E9012114F822
:10056000010B9047B442F8D32846FFF7C7FF70BD90
:100570002DE9F0410646002410687529314616A57C
:1005800010D000F0A3FA002802DA404213A507E0D9
:1005900031688A0701D512A502E0490704D511A5E3
:1005A000012401E000F09BFA00210A2206F1240751
:1005B00009E0B0FBF2FCB0FBF2F302FB1C003030B0
:1005C00078541846491C0028F3D123462A46304661
:1005D000BDE8F04100F08CBA000000002D000000E2
:1005E0002B000000200000002DE9F05F8946044642
:1005F0004FF0000ADFF874B1FB44C0F820A0204699
:10060000E1688847002874D0252806D0D4E9012164
:100610009047206A401C2062F1E700265F46204692
:10062000E16888472028054607DB312D05D2781977
:1006300010F8200C08B10643F1E7B00701D526F009
:100640000406C4F81CA00027C4F818A02A2D09D05D
:10065000284608F0FAF938B304EB8708303DC8F8AB
:10066000185019E059F8041B204604EB87029161E9
:10067000E1688847012F054618D1E069002820DA93
:1006800026F020061DE0D8F8180000EB800005EBEE
:1006900040003038C8F818002046E1688847054611
:1006A00008F0D3F90028EED1012F0AD02E2D08D161
:1006B0002046E16888477F1C0546022F46F0200649
:1006C000C4DBA069002803DA404246F00106A061BD
:1006D000F00701D026F010066C2D0BD0682D09D044
:1006E0004C2D39D06A2D35D0742D35D07A2D33D09C
:1006F00016E038E0E1682F4620468847B8420546B4
:1007000009D16C2F26D04FF48060E1680643204663
:100710008847054604E06C2F1AD04FF480700643DA
:100720000DB3A5F14100192802D8203546F4006622
:100730004A462946204626604E46FFF7A7FD80B16F
:1007400001280BD0F61D26F0070000F1080956E736
:100750004020E4E78020D8E70020D6E706F104092E
:100760004DE7284652E7206ABDE8F09F64980400F0
:10077000401ECAB210F8011F8A4202D00029F9D1E6
:100780000020704740EA0103024630B59B0710D1B4
:100790004FF0013400E008C208C91D1B9D4315EA53
:1007A000C41FF8D013F0FF0102F8011B0DD01B0A83
:1007B000F8E711F8013B002B02F8013B05D011F8D6
:1007C000013B002B02F8013BF3D130BD10B5431CB7
:1007D00002E010F8011B71B18107FAD14FF001322C
:1007E00002C88C1A8C4314EAC211F9D0C01A0A0646
:1007F00003D0C01E10BDC01A10BD0A0401D0801E57
:1008000010BD0902FCD0401E10BD40EA010370B5C6
:100810009B072ED14FF00136042A2AD308C810C9ED
:100820009D1B9D43121F15EAC61517D0D8B2E1B221
:10083000401A50EA056110D198B2A1B2401A50EAAC
:1008400005410AD123F07F4024F07F41401A50EA4D
:10085000052102D1180EA0EB146070BDA342DBD0BD
:1008600018BA21BA884201D9012070BD4FF0FF307B
:1008700070BD0AB9002070BD10F8013B11F8014BA2
:1008800063B1A3420AD1521E08D010F8013B11F8FF
:10089000014B1BB1A34201D1521EEDD1181B70BDFB
:1008A000032A40F2308010F0030C00F0158011F89C
:1008B000013BBCF1020F624498BF11F801CB00F874
:1008C000013B38BF11F8013BA2F1040298BF00F8C8
:1008D00001CB38BF00F8013B11F0030300F0258085
:1008E000083AC0F0088051F8043B083A51F804CBAC
:1008F000A0E80810F5E7121D5CBF51F8043B40F872
:10090000043BAFF30080D20724BF11F8013B11F87C
:1009100001CB48BF11F8012B24BF00F8013B00F8C0
:1009200001CB48BF00F8012B704710B5203AC0F04A
:100930000B80B1E81850203AA0E81850B1E81850E0
:10094000A0E81850BFF4F5AF5FEA027C24BFB1E81D
:100950001850A0E8185044BF18C918C0BDE810408E
:100960005FEA827C24BF51F8043B40F8043B08BF97
:100970007047D20728BF31F8023B48BF11F8012B5E
:1009800028BF20F8023B48BF00F8012B704702F057
:10099000FF0343EA032242EA024200F002B84FF0AA
:1009A00000020429C0F0128010F0030C00F01B803C
:1009B000CCF1040CBCF1020F18BF00F8012BA8BF4A
:1009C00020F8022BA1EB0C0100F00DB85FEAC17C0E
:1009D00024BF00F8012B00F8012B48BF00F8012BC1
:1009E00070474FF0000200B51346944696462039F2
:1009F00022BFA0E80C50A0E80C50B1F12001BFF4D8
:100A0000F7AF090728BFA0E80C5048BF0CC05DF83D
:100A100004EB890028BF40F8042B08BF704748BF8B
:100A200020F8022B11F0804F18BF00F8012B7047FF
:100A30004FF0013C50F8042B51F8043B9A4221D16D
:100A4000A2EB0C03934313EACC1317D150F8042BF9
:100A500051F8043B9A4215D1A2EB0C03934313EADD
:100A6000CC130BD150F8042B51F8043B9A4209D116
:100A7000A2EB0C03934313EACC13DBD04FF000003E
:100A8000704700BFD01A01BAB1FA81F101F0180124
:100A900022FA01F0CB40C1F12001DBB2C0B2C01A92
:100AA0002CFA01F3D11A914311EAC311E6D1704730
:100AB00070477047704710B500F002FC006810BD29
:100AC00010B5044600F0FCFB046010BD09684A053F
:100AD00001D540B27047C905FCD500B2704709681E
:100AE0004A0501D5C0B27047C905FCD580B2704730
:100AF0002DE9F0470D4699469246044600F1240838
:100B00000168880604D5E06921F01001216000E049
:100B10000120A84201DD471B00E00027A1697A19E6
:100B200002EB0900081AA0612078C00602D4204612
:100B3000FFF7CEFC002608E0D4E901211AF80600F0
:100B40009047206A401C761C20624E45F4DB2078DA
:100B5000C0060AD52046FFF7BBFC06E0D4E9012118
:100B600030209047206A401C2062381EA7F1010700
:100B7000F4DC07E0D4E9012118F805009047206A69
:100B8000401C2062281EA5F10105F3DC2046FFF77A
:100B9000B5FC2078000602D50220BDE8F0870120D0
:100BA000FBE711680268006A530501D508700AE086
:100BB000D30501D5088006E0130603D5C217C1E9A5
:100BC000000200E008600120704770472DE9FF4FE8
:100BD0000C461E464FF0FF378BB0D2E90001DDF81E
:100BE00060800A908A46C1F30A5505B93D46002146
:100BF00008464FF00000BAF1000F00F4400005DA9B
:100C000000EB80004FF4400101EA50004FEA905998
:100C1000B9F1010F00DDB9460A9850EA4A000ED03A
:100C200044F61050A5F2FF3545432F14B8F1000FDC
:100C30001ED07542291E1EDDC9F100021CE0B8F16C
:100C4000010F4FF0000001D0302103E0F24305E036
:100C50002154401CB042FBDB3046002200212154CD
:100C60000B99C1F80880C1E900200FB0BDE8F08FF2
:100C7000BD1B6D1CDEE74A4600DA694206A800F09B
:100C80008FFD06AB93E8070003AB83E807005046EF
:100C90000A9901F049FB8DE80700A0F500501F38C4
:100CA00000900398002D0ADD42F21F014A460844D5
:100CB000002303A90390684601F0F4FD09E0A0F5C4
:100CC00000504A461F38002303A90390684601F0EC
:100CD00013FE8DE807000004000C03D04FF0FF3036
:100CE000410800E01046B8F1000F03D00022009246
:100CF00015461EE0751E05D400F0E6FA3032625546
:100D00006D1EF9D5B3460122084302D000227F1C94
:100D100004E02078302801D100227F1E002A0997A4
:100D200084D01DE0112D07DA00F0CEFA3032625582
:100D30006D1C50EA0102F5D1084302D00098C8B1F9
:100D40000EE00021681E05E0235C625C63542254BF
:100D5000401E491C8142F7DBAB46A81B401E099090
:100D6000002004F80B000B98099AC0F80880C0E92D
:100D7000002B7AE711264FF0000857E72DE9F04FD6
:100D800088460446D21D22F0070191B0D1E9000146
:100D9000CDE90A0107F002FC02460B98C00F01D012
:100DA0002D2007E02068810701D52B2002E02021BB
:100DB00001EAC000032A099001D0072A05DB034697
:100DC0004146204600F044FC0BE12078800601D526
:100DD000E06900E00620B8F1650F814606D0B8F161
:100DE000660F18D0B8F1670F70D131E00020B9F16B
:100DF000110F009001DB112301E009F101030AAAA0
:100E000001A90CA8FFF7E2FEDDE90C70002609F14C
:100E10000105834647E001204B4600904FF0004714
:100E20000AAA01A90CA8FFF7D1FEDDE90DB00C99C3
:100E30005D46002610B909F101000D18B9EB050057
:100E400003D4C0F1FF3609F10105A5EB09002BE041
:100E5000B9F1010F01DA4FF001090020B9F1110FCA
:100E60000090484601DD112300E003460AAA01A9CB
:100E70000CA8FFF7ABFEDDE90C704D46002683465B
:100E8000207800070AD4AB4500DA5D4601A8012DA1
:100E900004DD411911F8011C302907D04F4502DA51
:100EA00017F1040F04DA012082460FE06D1EEEE711
:100EB000002F02DCED1B3E4403E0781CA84200DD5D
:100EC0007D1CB81B00F1010A4FF000472078000795
:100ED00003D4AA4501DB4FF0FF3A0021B7F1004FE0
:100EE0000DF143088DF8431024D002202B23002F4E
:100EF00001DA7F422D230A21021EA0F1010000DC4D
:100F00005FB197FBF1FC97FBF1F201FB1C7C1746EC
:100F10000CF1300C08F801CDEEE7A8F101000370E8
:100F20002188090501D5452100E06521A0F10108CE
:100F300000F8011C09980FA9A1EB0807FF1D00B1DB
:100F40000120411901EBEA70A1693844081A401EDA
:100F5000A0612078C00602D42046FFF7B9FA0998AC
:100F600028B1D4E901219047206A401C20622078F2
:100F7000C00622D52046FFF7ABFA1EE0002E04DBA8
:100F8000B34502DD01A8805D00E03020D4E90121F5
:100F90009047206A401C2062761CAAF101005FEA9B
:100FA000000A0AD100F088F9C0680168405CD4E901
:100FB00001219047206A401C2062281EA5F10105EE
:100FC000DCDC07E0D4E9012118F8010B9047206A26
:100FD000401C2062381EA7F10107F3DC2046FFF712
:100FE0008DFA032011B041E601694A1C02610878BC
:100FF000704700B58FB0CDE9013100210591054959
:101000007944CDE9031011466846FFF7EDFA0FB0B9
:1010100000BD0000E5FFFFFF0A6802F8010B0A604F
:101020007047D1E900239A4202D2531C0B60107022
:10103000704710B5436913B1AFF3008001E0FFF7CB
:101040006EFA012010BD127800F124010A7000220E
:101050004A700122EDE711684FF0FF32E9E7000026
:101060002DE9FF5F15468A460446DFF8AC80F84458
:101070000027D8E900103E46CDE9001010E03AF80C
:1010800016106A4602A800F0FDFB411C07D021782B
:10109000890603D5E269391891420DD80744761CB8
:1010A0002078800602D5E069B84205DDAE42E6DB75
:1010B0003AF816000028E2D1A069C01BA0612046C2
:1010C000FFF706FAD8E90010CDE90010002017E07C
:1010D0003AF818106A4602A800F0D4FBB0F1FF3FBE
:1010E00081460BD000250DF1080B05E0D4E9012164
:1010F0001BF8050090476D1C4D45F7D308F1010022
:10110000B0428046E4DB206A384420622046FFF784
:10111000F5F9BDE8FF9F0000428E04002DE9F04183
:101120008046D21D22F007020025D2E90002F529EF
:1011300015A614D0011E72F1000106DA0023D0EBCF
:10114000030063EB020211A608E0D8F800108B0739
:1011500001D50FA602E0490701D50EA601251146CB
:10116000002408F1240704E000F0AEF830323A55CC
:10117000641C50EA0102F7D12B4632462146404614
:10118000BDE8F041FFF7B4BC000000002D000000F6
:101190002B0000002000000030B4002100F12404E6
:1011A00008E002F00705D208303542EA4372DB0856
:1011B0006554491C52EA0305F3D10468002310A2C8
:1011C000250707D5A40600D421B1C46901230DA2C7
:1011D000641EC46130BCFFF78BBC10B504462146C9
:1011E0001068FFF77CFC02462046BDE81040002353
:1011F000D2E7D21D22F00701D1E90023CCE700009D
:101200000000000030000000F0B40D460188090520
:1012100002D5214C7C4402E01F4C7C440E3400215A
:1012200000F1240608E002F00F071209E75D42EA28
:1012300003721B097754491C52EA0307F3D1027861
:101240000023120704D5702D06D009B102231134F2
:101250002246F0BCFFF74CBC01231034F8E770B510
:1012600004460D4621461068FFF739FC0246294620
:101270002046BDE870400023C6E7D21D22F00703D8
:10128000D3E90023C0E70368126843F0200303603A
:101290000823C3610023B7E7A48C04007CB505468E
:1012A00000236846CDE9003300F046FA6946284637
:1012B00007F0B8FB7CBD000000487047E48A0120BD
:1012C00000487047C48A012030B5B0F10A024FEAE5
:1012D000900E71F100034EEA817EB0EB0E0061EBDF
:1012E00091014FEA101E4EEA017E10EB0E0041EB19
:1012F00011114FEA102E4EEA016E10EB0E0041EB79
:1013000011214FEA104E4EEA014E10EB0E0041EB58
:101310001141401841F100014FEAD00040EA41700C
:101320004FEAD10110EB80054FEA810444EA907442
:1013300044EB01046D1944EB0404521BA3414FF02C
:10134000000348BF0A3200D530BD401C41F1000106
:1013500030BD00002DE9F04F04460D46D21D22F0AD
:10136000070089B0D0E900974846394607F016F9DA
:101370000246F80F01D02D2307E02068810701D530
:101380002B2302E0202101EAC0038DF820300BB1AD
:10139000012000E00020032A824601D0072A04DB56
:1013A0002946204600F054F93FE12078800601D418
:1013B0000D2500E0E569C7F30A560D2D49DA002135
:1013C0004FEA175B08464FF00000002F00F4400082
:1013D00007DA00EB80004FF4400100EBD07001EA27
:1013E00060008115012901DD4FF0FF3100224FEA35
:1013F000850CBCF1180F06D31346ACF118004FF062
:101400008052C24003E04FF4801323FA0CF30CF136
:101410000C0CBCF1200F04D3ACF1200C09FA0CF039
:1014200001E007FA0CF000294FF0004801DD18B97F
:101430000FE00ED140450CD319EB02095F4121B9F1
:10144000404502D19F4329EA0209BBEB175F00D058
:10145000761C2088000502D57B48784402E07A4853
:101460007844193808AA302302F80A30037C0AF1BC
:101470000101002E0AF1020A53546A4602DC4FF0C1
:10148000300101E04FF031014FF001088DF80010FC
:1014900002D0A6F2FF3603E059EA470100D06B4EB6
:1014A000002D02DC2178090704D54FF002082E2117
:1014B0008DF80110C44600210BE0C7F303433F0140
:1014C000C35C491C6D1E02F80830052908F10108AB
:1014D00001DA002DF1DC00210CE000EB1973491C4E
:1014E0001B786D1E082902F808304FEA091908F127
:1014F000010801DA002DF0DC21688B0602D516E028
:10150000A8F10108E04505DD02EB080313F8013CF2
:10151000302BF5D0B8F1000F09DD02EB080313F80A
:10152000013C2E2B03D1090701D4A8F10108002D9D
:1015300005DD3E2102F808106D1E08F10108407C0F
:10154000002E02F8080008F1010804DA2D20764286
:1015500002F8080002E02B2002F808000A214FF4EC
:101560007A70864208F101080BDB96FBF0F330330A
:1015700002F8083096FBF0F308F1010800FB13664F
:1015800001E0642E0CDB642096FBF0F3303302F8AC
:10159000083096FBF0F308F1010800FB136601E048
:1015A0000A2E06DB96FBF1F0303002F8080008F155
:1015B000010896FBF1F001FB1060303002F80800E2
:1015C000A16908F1010808EB050202EB0A00081AFC
:1015D000A0612078C00602D42046FEF779FF216A78
:1015E00008AE01EB0A00206204E0D4E9012116F8FC
:1015F000010B9047BAF1010AF7D22078C00602D554
:101600002046FEF765FF6E4609E016F8010B3E28FE
:101610000FD0D4E901219047206A401C2062B8F124
:101620000108F2D22046FEF769FF09B00320BDE8A9
:10163000F08F206A2844206203E0D4E901213020A1
:1016400090476D1EEBD3F8E7998A040002FCFFFF78
:101650002DE9F0411F46044603260168072A01F4DC
:10166000006004DB08B116A505E016A503E008B18B
:1016700015A500E015A521F010002060A069C01E8E
:10168000A0610FB1401EA0612046FEF721FF4FB1BF
:10169000D4E9012138469047206A401C2062C01CD2
:1016A000206206E0206AFAE7D4E9012115F8010B6F
:1016B0009047761EF8D22046FEF720FFBDE8F08165
:1016C0004E414E006E616E00494E4600696E6600E6
:1016D00010B5436913B1AFF3008001E0FFF7C0FC20
:1016E000012010BD128800F1240182840022C284EE
:1016F0000122EDE711684FF0FF32E9E70FB4002354
:1017000000B589B00CA900910B99CB60214B7B44AB
:101710000693214B7B44079304236FF00042CDE9ED
:1017200001321E4A7A446B4608920246002029F094
:10173000F5FB09B05DF814FB70B506464FF0FF30BD
:1017400015460C46324686B00091CDE90101694646
:101750000020049004A8FFF7D1FF02460498211846
:1017600025B108B1084600E020462860049800280A
:101770000DD0002A02DD0098884208D03246081BAE
:1017800069460094CDE9010404A8FFF7B7FF06B04D
:1017900070BD0000290200004102000001020000AB
:1017A0002DE9F047814616468AB0354878440DC881
:1017B0008DE80D0032487844801C03AC0DC884E8E5
:1017C0000D0041F69B300844372190FBF1F290FB6D
:1017D000F1F5A5F1800501FB12041B3C02D5644222
:1017E000012000E00020DFF898A080460027FA449E
:1017F000AAF1BE0A0EE0E0070AD03246684607EBBF
:10180000470101230AEB810101F076F88DE807001A
:1018100064107F1C002CEED1194F7F44AE3F19E0BD
:10182000E80715D007EB04100DF1180A90E80E0038
:101830008AE80E00C068F04201D19819089032463B
:10184000012306A903A801F057F803AB83E80700BA
:101850006D10641C002DE3D14FF001033246694640
:10186000B8F1000F03A802D001F01CF801E001F06C
:1018700043F8C9E90001C9F808200AB0BDE8F087BB
:10188000D887040070B516460C46054600F044F8AB
:10189000036893F80101012806D0FF2C0FD8185DCA
:1018A00068B101202C7070BDD3F807013246214683
:1018B00003F2071303442846BDE8704018474FF071
:1018C000FF3070BD00487047C48A01207546FFF79D
:1018D000F9FFAE4605006946534620F007008546ED
:1018E00018B020B5FEF7ACFDBDE820404FF0000673
:1018F0004FF000074FF000084FF0000B21F00701F8
:10190000AC46ACE8C009ACE8C009ACE8C009ACE83A
:10191000C0098D467047000010B5FFF7CDFC001DD3
:1019200010BD00BF2590020010B50446FFF7F4FF7C
:101930000068005D00F0010010BD426842B101681E
:1019400011F8013B23B1521EC0E90012184670473E
:101950000121C160881E704742685AB1C36801689E
:1019600043B983688B4205D0491E521CC0E900125E
:10197000002070474FF0FF30704710B50446AFF3BA
:1019800000802046BDE81040FEF7E5BC2DE9FF4F82
:1019900006468BB00878FF2806D0491C2D2805D0B4
:1019A00000244FF0000908E000200CE00124F8E7D3
:1019B00009EB8903491C00EB43090878FF28F7D19C
:1019C00014B1C9F100008146107800252C46AA46C2
:1019D00029462D2801D02B2804D1521C2D2813D0A4
:1019E000002082468B461078FF280FD04FF0000C65
:1019F0000A21521CA5FB017804FB018105FB0C1197
:101A0000C5194BEB0104EEE70120EAE70021084687
:101A10004FF00000BAF1000F02D000EB8000400848
:101A2000C0F38157012F01DD4FF0FF370E9955EAC2
:101A3000040009EB01080BD04FF0020918F5FA7FFA
:101A400016DA4FEACA70002F706008DD012007E047
:101A50004FEACA70C6E900B00FB0BDE8F08F0020B1
:101A60003060FFF72DFCC0F800901821084616E002
:101A7000B8F5FA7F18DD002F02DAF748784401E064
:101A8000F6487844D0E90010C6E9001040EACA7070
:101A90007060FFF715FCC0F80090142108460FB0E5
:101AA000BDE8F04F29F0D3B9002108464FF00000FF
:101AB000B8F10001099002DAC7F1000200E03A46ED
:101AC00001DAC8F1000106A8FFF76AFE06AB93E849
:101AD000070003AB83E8070044F23E005BEA040121
:101AE0000090584604D144F21E012C465D460091F8
:101AF000210C0904014306D10099240444EA154449
:101B00002D041039009104F07F41014306D1009962
:101B1000240244EA15642D020839009104F0704152
:101B2000014306D10099240144EA15742D01091FCF
:101B3000009104F04041014306D10099A40044EA19
:101B40009574AD00891E009104F00041084304D152
:101B500000986D196441401E00904FF001033A4611
:101B60006846B8F1000FCDE9014503A902DD00F098
:101B7000D8FE01E000F0ABFEBAF1000F04460D46BE
:101B800001D084F00044002108464FF0000009997C
:101B900040F2FF77484010F00C0F07D124F00040CE
:101BA000284303D0C4F30A50B84212D1FFF788FB90
:101BB000C0F80090C4F30A50B8420AD1A84878444B
:101BC000D0E90010C6E9001004F00041084370603D
:101BD00042E7C6E900543FE72DE9FF4F1F464FF0AB
:101BE000000A4FF0FF38454691B0D7E90146CDF8DD
:101BF0003CA0FFF761FBC0680168405C1090B969C8
:101C000012986D1C8847396A814688470028F6D1AA
:101C1000B9F1FF3F0AD0002E24F4D06411DDB9F1F0
:101C20002B0F08D0B9F12D0F0BD102E0404615B0B3
:101C300013E744F48064B96912986D1C8847761ED6
:101C40008146600504A901D52D2000E02B20002E3F
:101C500001F1010B0DF130088DF810003FDDB9F1F5
:101C6000690F08D0B9F1490F05D0B9F16E0F02D054
:101C7000B9F14E0F1CD13B4601A8009580E85002F7
:101C8000DDE912126FF0020029F04CF9C11CCED12F
:101C90000EE0B96912986D1C884781461398761E2C
:101CA00044F4007405600F98401C002E0F9016DD60
:101CB000B9F1300FEDD0B9F1780F02D0B9F1580F6A
:101CC0000DD10F9801280AD13B46CDE90054DDE93A
:101CD0001212001F029629F023F9C11CA7D11099F6
:101CE00089453ED144F0800406E01399681CAAF1AE
:101CF000010A44F400740860B9696D1C1298761EDC
:101D0000884730288146F0D02BE01099894505D1CD
:101D1000200603D4761E44F0800418E0484606F0FE
:101D200094FE08B3761E0DF123018B4544F4007434
:101D300008D2A9F130000BF8010B200607D5AAF153
:101D4000010003E0200602D40AF101008246A0054A
:101D500002D51399681C0860B96912986D1C8847F0
:101D60008146002ED1DC53E0002E51DDB9F1650F24
:101D700002D0B9F1450F4BD1A00549D5B9696D1C09
:101D80001298761E24F440748847002E81460CDD9C
:101D90002B2804D0B9F12D0F07D144F48074B96910
:101DA00012986D1C8847761E8146E00501D52D21CD
:101DB00000E02B2108F8011BCDF8008021E0761E01
:101DC0000DF13901884544F400740CD2A9F13000BA
:101DD00010F0FF0088F8000002D10099884509D969
:101DE00008F1010806E0E00501D51E4801E042F2D5
:101DF0000F708246B96912986D1C88478146139806
:101E00000560002E04DD484606F01FFE0028D6D1EE
:101E1000F96912988847FF2053468BF8000088F82C
:101E2000000000200A900B9004AA0CA90AA8FFF752
:101E3000ADFDA00502D46FF00100F8E614F0240F08
:101E400012D0E0071CD13868DDE90A12031D3B609F
:101E50000068C0E9001213E0188604000A86040036
:101E6000CE840400F1D8FFFF0AA9684606F0DAFD27
:101E7000E00705D13868009A011D396000680260EA
:101E80002846D4E601491820ABBEFEE72600020032
:101E90002DE9FF4F1F464FF03C0987B04FF000423D
:101EA000DDE9141001F10108DDF858A002EA405004
:101EB0000390002005908346054604460490B969C6
:101EC000461E08988847AAF1010A0290BAF1000F4D
:101ED0003BDD02982E2815D0102100F017FA0028BB
:101EE0002EDB4FF0010B0599014317D0B9F1000F1C
:101EF0000BDB4A46C11700F0F6F905430C43A9F184
:101F0000040905E0012004900BE008B145F001054B
:101F100001200590049820B9361D02E0049800B114
:101F2000361FB969089808F101088847BBF1000F0E
:101F3000AAF1010A0290C9D00999C1F80080C5E749
:101F40000298702808D0502806D0F9690898884768
:101F5000BBF1000F14D04FE0002002900120BBF134
:101F6000000F049009D0B969089808F10108884762
:101F7000AAF10109B9F1000F07DCF969089888474F
:101F80006FF001000BB0BDE8F08F2B2804D02D2896
:101F90000CD14FF0FF300490B969089808F101089E
:101FA0008847A9F10109B9F1000FE6DD411CE4D031
:101FB0000A2100F0ABF90028DFDB029908F10108E3
:101FC00001EB810100EB41000290B9690898884754
:101FD0000A2100F09BF9099AA9F10109B9F1000F52
:101FE000C2F8008001DD0028E7DAF969089888471F
:101FF0000499029800FB016655EA040004D004F03D
:102000004041090002D006E0039898E0A40044EAA9
:102010009574AD00B61E04F00041080002D16D19A0
:102020006441761E159810F0240F03D04FF00B0971
:102030005C4803E04FF028096FF07D00824656456A
:1020400007DAAAEB06018944B9F1410F01DD4FF02F
:10205000410901200021A9F1010200F044F90246E2
:1020600028400B462140084301D0012100E0002117
:10207000501E029143F1FF3128402140084301D016
:10208000012000E000200299834651EA0B014FD065
:10209000002108464FF00000039900F4400039B1D8
:1020A00000EB80004FF4400100EBD07001EA6000CB
:1020B0008015012802DD4FF0FF3000E013D0401CF6
:1020C00036D0029860B3BBF1000F0CD14A46012014
:1020D000002100F008F928402140084301D00120E8
:1020E00000E00020E0B101204A46002100F0FBF8AA
:1020F000034640190A4661412D1A8C4111D3B9F1AA
:10210000400F09DD159810F0240F02D0AAF1340613
:1021100003E0AAF1170600E0761C00254FF000440A
:1021200006E05B1E42F1FF3220EA030521EA0204C9
:10213000CAF10100B04206DA1B4903980843019036
:10214000002000900EE0039AC4F3D321E80A0A436A
:10215000164940EA44500A433146CDE90002684638
:1021600006F069FC159810F0240F0BD01598C007E5
:1021700015D13868DDE90012031D3B600068C0E935
:1021800000120CE002A8694606F04CFC1598C00746
:1021900005D13868029A011D396000680260404626
:1021A000F0E6000002FCFFFF0000F07F0000F03FBF
:1021B0002DE9FF4F92461D4685B04FF00041DDE905
:1021C000124BDDE914727F1E01EA4B50414940F089
:1021D000FF4940EA0108002122F02000492804912B
:1021E00002D04E2828D04CE03BA0012607C88DE83D
:1021F0000700A9690698641C88477F1E014606D41B
:102200001DF8060018B121F0200181420BD0E969C8
:1022100006988847032E34D0082E32D06FF0010084
:1022200009B0BDE8F08F761C032E01D0082EE0D156
:10223000601CCAF80000DCE7A9690698641C88479E
:102240007F1E2AD420F02000412826D1A9690698B3
:10225000641C88477F1E20D420F020004E281CD10B
:10226000A9690698641C88477F1E48F4002849F431
:102270008009CAF8004001D4282806D0E9690698E8
:1022800088475FEACB7012D022E0A9690698641CE7
:1022900088477F1E01D4002803DAE9690698884739
:1022A000BCE72928F1D1641CCAF80040E9E71BF01B
:1022B000240F07D028680499031D2B600068C0E92B
:1022C000001805E02868021D2A600068C0F8009028
:1022D0002046A5E70000F07F494E46494E49545933
:1022E000000000007047B2F120030AD5C2F12003BC
:1022F00001FA02F120FA03F300FA02F041EA0301C5
:10230000704700FA03F14FF0000070473A2800D2FE
:10231000303820F02002412A01D3A2F13700884250
:1023200001D34FF0FF3070475FEA400C08BF91F0D7
:10233000000F4FEA8C234FEAC12243EA51514FEA82
:102340001C5018BF00F5F0404FEA300018BF41F0B4
:1023500000415FEA6C5C00F02980BCF1FF3F08BFE0
:1023600040F080407047130C06BF12044FF0100C71
:102370004FF0000C130E04BF12020CF1080C130FE7
:1023800004BF12010CF1040C930F04BF92000CF176
:10239000020CD30F04BF52000CF1010C11464FF098
:1023A0000002A0F11F00A0EB0C00704711F0004FDD
:1023B00008BF704731F000413FF4D5AF0B0C06BFAA
:1023C00009044FF0100C4FF0000C0B0E04BF090273
:1023D0000CF1080C0B0F04BF09010CF1040C8B0F5E
:1023E00004BF89000CF1020CCB0F04BF49000CF1B3
:1023F000010CCCF12003A0EB0C0022FA03F302FA4B
:102400000CF241EA030100F10100704720F07F4C1B
:1024100080EA030023F07F47ACEB070303F57C530E
:1024200000F0004003F1FF032DE980494FEA154B0E
:1024300009B44FEA144325EA0B4E24EA03480FF28D
:10244000042606EB132749083E785FEA320203FBB5
:102450000667C7F5000707FB06F64FEA54374FEA51
:10246000D64606F1020607FB066CCCF1005C4FEA8B
:102470001C472CEA074C07FB06F40CFB06F504EBA3
:1024800015464FEA961634BF00204FF000404FEA41
:10249000D13706FB07FC4FEA1C4C0CFB0BF7D21B99
:1024A00003FB0CF761EB07010CFB0EF7B0EB0740E9
:1024B00072EB17420CFB08F734BFA2EB0742B2EBFA
:1024C000074261EB17414FEA0C444FEA910706FBC4
:1024D00007FC4FEA1C4C0CFB0BF7B0EBC74072EB50
:1024E000573203FB0CF734BFA2EBC742B2EBC74233
:1024F00061EB57310CFB0EF7B0EBC70072EB577274
:102500000CFB08F734BFA2EBC702B2EBC70261EBCA
:102510005771039F4FEA816141EA921104EBCC04A9
:102520004FEAD1374FEA826206FB07FC42EA90127B
:102530004FEA80604FEA1C4C0CFB0BF7D21B03FBED
:102540000CF761EB07010CFB0EF7B0EB074072EBE9
:1025500017420CFB08F734BFA2EB0742B2EB07426D
:1025600061EB17414FEA8C554FEA910704EB9C242D
:1025700006FB07FC4FEA1C4C0CFB0BF7B0EBC7400B
:1025800072EB573203FB0CF734BFA2EBC742B2EB3E
:10259000C74261EB57310CFB0EF7B0EBC70072EB93
:1025A00057720CFB08F734BFA2EBC702B2EBC702AD
:1025B00061EB577115EB4C254FEA816141EA9211AD
:1025C0004FEA82624FEAD13742EA901206FB07FCDB
:1025D00044F100044FEA80604FEA1C4C0CFB0BF7FF
:1025E000D21B03FB0CF761EB07010CFB0EF7B0EB02
:1025F000074072EB17420CFB08F734BFA2EB07420F
:10260000B2EB074261EB174115EB1C154FEA813124
:1026100041EA92414FEA823242EA90424FEA8030E8
:102620004FEA0C7644F1000448EA03434EEA0B48B3
:102630004FF0000EB2EB080C71EB030724BF6246AB
:1026400039464EEB0E0E4FF0000B00185241494137
:102650004BEB0B0BB2EB080C71EB03077BF1000BA0
:1026600024BF624639464EEB0E0E4FF0000B0018A9
:10267000524149414BEB0B0BB2EB080C71EB0307DA
:102680007BF1000B24BF624639464EEB0E0E51EA39
:10269000020718BF46F0010616EB0E7655F1000250
:1026A00054F1000103D5BDE88901BDE80088BDE80B
:1026B0008901BDE80048B619524141EB0101A3F17F
:1026C0000103704780807F7E7D7C7B7A7978777686
:1026D00076757473727171706F6E6E6D6C6C6B6AFF
:1026E0006A6968686766666564646363626161609D
:1026F000605F5F5E5E5D5D5C5C5B5B5A5A5959581A
:102700005857575656555555545453535252525183
:10271000515050504F4F4F4E4E4D4D4D4C4C4C4BD9
:102720004B4B4A4A4A494949484848474747474620
:10273000464645454544444444434343434242425C
:102740004241414146EA0646A3F570534FEA164618
:1027500046EA42564FEAD22242EA415210B54FEAC7
:10276000D121A3F1010300F02FF820F0004000F187
:10277000020C00F0004701EB00501146BCF5006F61
:1027800040EA070000D210BDBAF1000F0AD01CB514
:1027900003B44FF004004FF004014FF000000FBCF1
:1027A000BDE810404FF00001BBF1010FB9BF044874
:1027B0004FF0FF310348002140EA070010BD00BF81
:1027C000FFFFEF7F0000F07F002B9C4630D47700A6
:1027D0002BD01CB54FEA370703B44FF010004FF071
:1027E0001001BAF1000F06D0BCF1000FDCBF40F0C1
:1027F000080040F008014FF000000FBCBDE8104099
:102800000BF1010BBBF1010F08BF5FEA170722BFF5
:1028100012F1010211F101014FF0004143F10003F7
:1028200000F0004043EA00007047F9D35708D0E7B2
:1028300046EA064613F1400F4FEA16461FDD13F134
:10284000200FDFBF16430A46002120335B42BED073
:10285000C3F1200746EA064602FA07F74FEA164692
:1028600046EA0706C3F1200722FA03F201FA07F746
:1028700021FA03F14FF0000342EA0702A7E746EA14
:10288000020646EA06464FEA164646EA0106BCBF7D
:1028900046EA0646360C4FF000034FF000024FF0B8
:1028A000000194E72DE9804C9A46934670B491E874
:1028B000380007C831EA400C48BF34EA430C03D55E
:1028C000FFF7A4FDFFF780FFF0BCBDE8008C2DE909
:1028D000804C9A46934670B491E8380007C831EAB4
:1028E000400C48BF34EA430C03D5FFF78FFDFFF7D8
:1028F00029FFF0BCBDE8008C2DE9804C9A46934638
:1029000070B491E8380007C810F0804F08BF13F08A
:10291000804F03D100F01AF8FFF756FFF0BCBDE876
:10292000008C2DE9804C9A46934670B491E83800AB
:1029300007C810F0804F08BF13F0804F03D100F09C
:1029400005F8FFF7FFFEF0BCBDE8008C20F07F47E4
:1029500080EA030023F07F4C07EB0C03A3F57C53C4
:1029600000F00040A3F1FE0392F0000F00F0B380EE
:1029700095F0000F00F077802DE901494FEA1140F2
:102980004FEA144621EA004800FB06FC24EA064709
:1029900008FB06F607FB08F800FB07F718EB0648EC
:1029A0004CEB164C4FEA124B18EB07484FEA154612
:1029B0004CEB174022EA0B4E0BFB06FC25EA0647C0
:1029C0000EFB06F607FB0EFE0BFB07F71EEB064E93
:1029D0004CEB164C4FF000061EEB074E4CEB174B22
:1029E00018EB0B0840F1000018EB0E0B58EB000839
:1029F00040F100008F1A4FF000013CBFC943661B35
:102A000014BFB5EB040C00213CBFC943F61B4FEAD1
:102A100017444EEA8E0E27EA04454FEA1C4704FB92
:102A200007622CEA074C05FB07F70CFB05F604FBD5
:102A30000CFC16EB074642EB174216EB0C4642EB3A
:102A40001C421BEB060658EB0202414146EA9E0679
:102A500001D5BDE80189B619524141EB0101A3F14D
:102A60000103BDE801894FEA14454FEA114724EA02
:102A7000054621EA074C05FB07F406FB07F70CFBAC
:102A800006F105FB0CFC11EB074144EB17444FEA40
:102A9000124711EB0C4144EB1C4422EA074C05FBA6
:102AA00007F206FB07F70CFB06F605FB0CFC16EB22
:102AB000074642EB174216EB0C4642EB1C456A18E0
:102AC00054F1000148BF7047B619524141EB010172
:102AD000A3F10103704795F0000F37D04FEA114280
:102AE0004FEA144721EA024624EA074C02FB07F1A9
:102AF00006FB07F70CFB06F402FB0CFC14EB074487
:102B000041EB17414FEA154714EB0C4441EB1C41D4
:102B100025EA074C02FB07F506FB07F70CFB06F658
:102B200002FB0CFC16EB074645EB174516EB0C4673
:102B300045EB1C42121951F1000148BF7047B6190C
:102B4000524141EB0101A3F1010370474FEA1445E3
:102B50004FEA114724EA054621EA074C05FB07F135
:102B600006FB07F70CFB06F24FF0000605FB0CFC1A
:102B700012EB074241EB174112EB0C4251EB1C41A7
:102B800048BF7047921841EB0101A3F10103704760
:102B9000FEE70020704700207047000010B50022BB
:102BA0000449054804F065FA0449034804F058FA5A
:102BB000002010BD5416002084090020540E00206F
:102BC00010B50146034804F04BFA024804F010FA2D
:102BD000002010BD84090020002070471CB5002192
:102BE0000320CDE900010B464FF4007207A109480C
:102BF00027F078FB08490128086006D007A010F0EC
:102C000025F9BDE81C4000F02BBB1CBD436F6D6D6A
:102C1000000000003D99020858020020436F6D6DCE
:102C2000207461736B20637265617465204661690D
:102C30006C65640010B580210348FDF7D2FE03499E
:102C40000020087010BD000090D200204C0200202F
:102C50001CB500210320CDE900010B464FF40072A2
:102C600007A1094827F03EFB08490128086006D063
:102C700007A010F0EBF8BDE81C4000F0F1BA1CBD55
:102C8000436F6E74726F6C00D1910208580200207D
:102C9000436F6E74726F6C207461736B2063726526
:102CA000617465204661696C6564000010B5DFEDF4
:102CB000190A9FED1A1A40F6E4412DED028B884265
:102CC0009FED158A04D39FED160ABDEC028B10BD53
:102CD00000EE100AB8EE400A60EE201A00EE100A6C
:102CE000B8EE400A31EE400A81EE801A81EE200AE9
:102CF00005F09AFDC0EE080A9FED0A0A30EE800A40
:102D0000F7EE000A80EE801A9FED070A31EE400AC6
:102D1000DBE7000000401C4600E0764500404E45E1
:102D2000339388C30FCF5B3B3393884330B500297F
:102D30001BD0002A19D0002B17D0002803DA00205E
:102D40000870107010E04FF4616490FBF4F50D70A2
:102D500090FBF4F104FB11003C2190FBF1F41470A2
:102D600090FBF1F201FB1200187030BD04480168BD
:102D7000C1F34001002901D00221416070470000E9
:102D8000000002400F4808B50168C1F34011002956
:102D900016D020214160012101F054FF0020009055
:102DA00009486946806827F0B0F80098002807D0E5
:102DB00006494FF080500860BFF34F8FBFF36F8F0D
:102DC00008BD0000000002404002002004ED00E0C9
:102DD0000F4810B50168C1F34021002916D04115F4
:102DE0004160022101F024FF0A488168C1F3C0114B
:102DF0000029FAD14FF09041102088610648006800
:102E0000002803D0BDE8104014F060B910BD0000E8
:102E100000000240003001400803002010B50420EB
:102E200001F0BEFE012001F0BBFE184A154C154B07
:102E3000917808341448085115480068C0F30220FE
:102E4000C0F10701042900D90421041D072C01D277
:102E5000002000E0C01E01248C40641E04F002012A
:102E6000814008010B4981F800044FF0E0214FF444
:102E70000050C1F8000190781858917840F0020095
:102E8000585010BD000002400C300140C8AF02088D
:102E90000CED00E00DE000E0074A10B5536807496B
:102EA0004FF47A740968B1FBF4F141435068C01AD9
:102EB0008842FBD310BD0000001000E00C00002091
:102EC000024840680249B0FBF1F07047001000E092
:102ED000109802000648016841F0807101600548C1
:102EE00000214160016841F001010160704700006C
:102EF000FCED00E0001000E0704700001CB5002170
:102F00000220CDE900010B46020208A10A4827F081
:102F1000E9F90A490128086006D009A00FF096FFD8
:102F2000BDE81C4000F09CB91CBD000055617274E6
:102F300050726F63000000005D9902085802002083
:102F40004465627567207461736B20637265617498
:102F500065204661696C656400000000014601A0BF
:102F60000FF074BF4572726F723A20257300000033
:102F70002DE9F0414FF48048404601F00FFF194D14
:102F8000174E194C6F0190B14146C6F80080284693
:102F900001F0A9FF20703946284601F0A4FF10F087
:102FA000FF0F606801D0401C00E0401E60603846A2
:102FB00001F0F4FE002811D039463760284601F0B0
:102FC00092FF60704146284601F08DFF10F0FF0F20
:102FD000606801D0401E00E0401C6060BDE8F081E8
:102FE00014040140000400480802002070B58AB0B3
:102FF00018216846FDF7F5FC002422480694079442
:103000000894C16C41F00201C164C16C01F002017D
:103010000991016E41F001010166006E01254FF436
:10302000404600F001000495CDE90064099069462E
:10303000154801F0BDFE1548416921F4E061416188
:10304000416941F480714161416921F4E04141618C
:10305000416941F4805141618DF8214002208DF891
:10306000220006968DF8205006A801F0F5FD0849CB
:10307000602081F80004064928022439C1F80001C3
:103080000AB070BD0010024000040048000001407A
:1030900028E000E070B50C460546032813D294B131
:1030A000144E4FF0FF31B06827F02AF8012820D1E4
:1030B000114905EB450001EB8002022D07CA84E8A7
:1030C000070008D00DE0502080F31188BFF34F8F28
:1030D000BFF36F8FFEE770682060307820717078E2
:1030E0006071B068BDE8704000231A46194626F0AA
:1030F000EFBD70BD0802002084AF002070B5012034
:1031000026F04CFD154CA06000B34FF080400168E4
:1031100041F001010160406A11498860114802686C
:1031200042F001020260406A4861FFF75FFF0E4D06
:103130004FF48041284601F0D6FE207069012846F0
:1031400001F0D1FE60700020606070BD502080F3FF
:103150001188BFF34F8FBFF36F8FFEE70802002087
:1031600084AF0020000400400004004870B50C4605
:10317000064603280FD274B11F4D4FF0FF31A868E7
:1031800026F0BEFF012836D11C4966B1012E13D0AE
:10319000022E28D119E0502080F31188BFF34F8F01
:1031A000BFF36F8FFEE74FF08042A0685062206847
:1031B0000860A068886016E0114AA0685062206824
:1031C000C8600E49A06848610DE0206868602279F7
:1031D0002A7062796A7088610849227901F11800C1
:1031E0000A7761794171A868BDE8704000231A46EA
:1031F000194626F06DBD70BD0802002084AF002086
:10320000000400401CB500210320CDE900010B465D
:103210004FF4007207A1094827F064F80849012813
:10322000086006D007A00FF011FEBDE81C4000F0BA
:1032300017B81CBD456E636F646572006993020820
:1032400058020020456E636F646572207461736B71
:1032500020637265617465204661696C6564000075
:1032600072B602A00FF0F2FDFBE700005379737411
:10327000656D204572726F720D0A0000F0B52DED7C
:10328000028B8FB007A810F0E5FCBDF81C0000EE23
:10329000100AB8EE400A9FEDFE8AFE4CC0EE080A06
:1032A000C4ED050ABDF81E0000EE100AB8EE400A93
:1032B000C0EE080AC4ED060ABDF8200000EE100AB0
:1032C000B8EE400AC0EE080AC4ED030ABDF82200B9
:1032D00000EE100AB8EE400AC0EE080AC4ED040A77
:1032E000BDF82400FFF7E2FC84ED0B0A94ED050A1B
:1032F000D4ED060AE84EE94D20EE200A84ED070AD7
:1033000094ED050AD4ED0E0A30EE600AB0EEC00A64
:1033100010EE100AB0421DDD94ED050A84ED0E0A90
:1033200094ED050A10EE100A27F016FDCDE9000114
:10333000DBA2142102A8FDF7AFF802A9A86819F0D2
:1033400061FB9DF82D00012800D018B902A9686D15
:1033500019F058FB94ED060AD4ED0F0A30EE600A1E
:10336000B0EEC00A10EE100AB0421CDD94ED060A61
:1033700084ED0F0A94ED060A10EE100A27F0ECFC1B
:10338000CDE90001C6A2142102A8FDF785F802A923
:10339000E86919F037FB9DF82D00022803D102A936
:1033A000686D19F02FFB94ED070AD4ED100ABE4F9B
:1033B00030EE600AB0EEC00A10EE100AB04234DD02
:1033C00094ED070A84ED100A94ED070A10EE100A36
:1033D00094ED070AB84210EE100A03DC27F0BCFC9B
:1033E000B2A218E0B34994ED070A884210EE100A21
:1033F00003DC27F0B1FCB0A20DE0B14994ED070A5F
:10340000884210EE100A03DC27F0A6FCADA202E011
:1034100027F0A2FCADA2CDE90001142102A8FDF71E
:103420003BF802A9E86A19F0EDFA94ED080AD4ED28
:10343000110A30EE600AB0EEC00A10EE100AB04277
:1034400024DD94ED080A84ED110A94ED080A10EECB
:10345000100AB84207DC94ED080A10EE100A27F0B3
:103460007BFC9CA208E0D4ED080A80EE880A10EEEE
:10347000100A27F071FC9AA2CDE90001142102A8DC
:10348000FDF70AF802A9A86B19F0BCFA94ED030A3B
:10349000D4ED0C0A30EE600AB0EEC00A10EE100A4D
:1034A000B04214DD94ED030A84ED0C0A94ED030A96
:1034B00010EE100A27F050FCCDE900018BA2142178
:1034C00002A8FCF7E9FF02A9686E19F09BFA94EDD7
:1034D000040AD4ED0D0A30EE600AB0EEC00A10EE18
:1034E000100AB04214DD94ED040A84ED0D0A94ED47
:1034F000040A10EE100A27F02FFCCDE900017DA28E
:10350000142102A8FCF7C8FF02A9A86E19F07AFAE4
:1035100094ED0B0AD4ED140A30EE600AB0EEC00A46
:1035200010EE100AB04214DD94ED0B0A84ED140A7B
:1035300094ED0B0A10EE100A27F00EFCCDE9000105
:103540006EA2142102A8FCF7A7FF02A9A86C19F02B
:1035500059FA0CA810F0A2FBDDED0E0AB3EE050A35
:1035600060EE800AC4ED090ADDED0D0A9FED651AD3
:1035700070EEC10A20EE800A84ED0A0A94ED090A71
:10358000D4ED120A30EE600AB0EEC00A10EE100A56
:10359000B04214DD94ED090A84ED120A94ED090A93
:1035A00010EE100A27F0D8FBCDE9000156A2142135
:1035B00002A8FCF771FF02A9E86819F023FA94ED5C
:1035C0000A0AD4ED130A30EE600AB0EEC00A10EE1B
:1035D000100AB04214DD94ED0A0A84ED130A94ED4A
:1035E0000A0A10EE100A27F0B7FBCDE9000148A245
:1035F000142102A8FCF750FF02A9286A19F002FA68
:103600009DF82C006178884240D06070002610B18F
:10361000012826D0B3E09FED400A002284ED080A7D
:103620004521E86C1DF0C0FB3CA1E86C19F0EAF9FB
:103630006FF07F4013F064FA01460022E86C1DF041
:1036400098FB37A1686C19F0DDF92078F0B1A0681B
:10365000E0B100231A460321009627F02FF92670C7
:103660007BE00022F021E86C1DF09EFB2FA1E86CAE
:1036700019F0C8F92E4813F043FA01460022E86C0D
:103680001DF077FB207808B9A06853E065E00000E2
:1036900000007A44840200206F12833A20D3002075
:1036A000252E336600000000000020410A252E333D
:1036B000662057000000C8420A252E3266205700B7
:1036C00000007A440A252E31662057000A252E3044
:1036D000662057000A252E3266206D5768000000CC
:1036E0000A252E326620576800000000252E32661B
:1036F00056000000252E326641000000252E31665E
:10370000C2B043003333D33F252E3366560000004A
:10371000252E3366410000000000000020205300E9
:1037200030303A30303A3030000000002020520073
:103730001F741D0088B126F011FE0246009600237A
:103740000121A06827F0BAF8012020706660AFF26E
:10375000300210211B48FCF79FFE9DF82C00012829
:103760000DD194ED080AD4ED070A9FED171A1549FB
:1037700000EE810A84ED080A686C19F043F99DF89F
:103780002D00A17888420FD0A070012810D0022807
:10379000286D10D00DA100BF19F034F9AFF2B001BF
:1037A000D5F8580019F02EF90FB0BDEC028BF0BD22
:1037B00008A1286DF0E708A119F024F9AFF2C801BB
:1037C000A86DEFE710D300201B0FB63A4343202F1C
:1037D00020435600432043004320560010B518F004
:1037E00027FA1DF055FDBDE8104008F055B810B59A
:1037F0000024032000F072F80F2000F007F808B151
:10380000012401E000F024F8204610BD70B50E4EF2
:1038100005460024706898B14FF47A71B1FBF0F05E
:103820000A490968B1FBF0F000F070FD40B9102DB5
:1038300006D200222946501E00F030F8356000E024
:103840000124204670BD0000000000200C00002074
:103850000A4882B0016E41F001010166016E01F07B
:1038600001010091816D41F080518165806D00F012
:103870008050009002B000F041BD000000100240F6
:10388000002809DB00F01F0201219140400980005F
:1038900000F1E020C0F8001170470000F0B40E4BBA
:1038A0001B680C46C3F30223C3F10705042D00D99E
:1038B0000425191D072901D2002300E0DB1E012683
:1038C00006FA05F1491E214099409E40761E164099
:1038D0003143F0BC04F094BE0CED00E0064900F06A
:1038E000070208684FF6FF03184040EA0220034A27
:1038F00010430860704700000CED00E00000FA057E
:1039000001220168C0F8D022002280F8C82231F8D4
:10391000540F40F001000880088840F00200088041
:103920001046704770B50F4D044669B101290AD1A0
:10393000D4F8D80203F0B7FE607A002803D02868D4
:1039400040F00600286070BD607A28B102F0A0FE49
:10395000286820F006002860D4F8D802BDE870403E
:1039600003F039BE10ED00E010B50C0607D501F0EC
:10397000070101EB810100EBC100103005E001EB14
:10398000810100EBC10000F5A87099B232B10122AB
:1039900002730181190C4181002010BD00220273C5
:1039A000C180F9E701EB810200EBC202D0F8D80236
:1039B000526A03F0EFBC01EB810200EBC202D0F8C7
:1039C000D802D2F8642103F039BD70B504460B0665
:1039D00001F0070000EB800104EBC1014FF0010290
:1039E0004FF0000502D54A74103103E081F85151BF
:1039F00001F5A871087094F89002012808D084F8A5
:103A00009022206804F001FA84F89052002070BDE2
:103A1000022070BD70B5044601F00F00227990427B
:103A200001D9012070BD0B0601F0070000EB8001F9
:103A300004EBC1014FF001024FF0000502D54A74BA
:103A4000103103E081F8515101F5A8718D700870B3
:103A500094F89002012808D084F89022206804F09D
:103A600073FA84F89052002070BD022070BD2DE9D9
:103A7000F04704685FEA42480B788D69B4F85080DB
:103A80004FF0000C4BF68F7748F2800648F68F799E
:103A900048F2C00A444428D540F2024808EBC30863
:103AA00034F80840C4F30904A54203D32D1B8D61EB
:103AB00002D00BE0C1F818C0D0F800C03CF8235089
:103AC0003D4085F4005535432CF82350520609D566
:103AD0000B78056835F8232002EA090242EA0A0257
:103AE00025F8232074B30A8927E040F2064808EB42
:103AF000C30834F80840C4F30904A54203D32D1BBE
:103B00008D6102D00BE0C1F818C0D0F800C03CF8BD
:103B100023503D4085F4005535432CF82350520680
:103B200009D40D78036833F8252002EA090242EA35
:103B30000A0223F825202CB14A89496900682346E6
:103B400004F01DFC2046BDE8F0872DE9F05F054636
:103B500000680C465FEA42681646D1F818C0227821
:103B6000B0F8508048F6BF7A48F2800B48F68F775D
:103B70004CF280094FF6FF734FF4004E4FF00001F6
:103B800040447DD540F2024808EBC20830F80800F6
:103B9000C0F30900844514D9BCEB000CC4F818C06C
:103BA00010D0760408D5D5F800C03CF822603E401D
:103BB00046EA09062CF8226094F82420012A60D0F5
:103BC00076E1A161607810B1012813D01AE028686D
:103BD000B0F85030184400EBC200B0F80224C2F331
:103BE0000902A0F80224B0F8022442F40042A0F82E
:103BF000022407E02868B0F85030184400EBC200F7
:103C0000A0F802146278286812B1012A11D018E0D5
:103C1000B0F850100844217800EBC100B0F8061449
:103C2000C1F30901A0F80614B0F8061441F40041EC
:103C300005E0B0F850201044227800EBC200A0F854
:103C40000614E07802280BD12278296831F8220086
:103C500000EA0A0080F0200040EA0B0021F8220070
:103C600021782846FFF79EFE700408D521782A683F
:103C700032F82100384040EA090022F82100C3E070
:103C80004DE0626902446261E2690244E2612669D0
:103C9000226AB24202D33046111A03E084F824109B
:103CA0000AB110462162617811B101292BD033E0AD
:103CB0002968B1F850201144227801EBC201B1F813
:103CC0000224C2F30902A1F8022401F2024158B110
:103CD0003E280ED84208C60700D0521C0E8803EAC0
:103CE000822216430E8017E00A8842F400420A80BE
:103CF00012E04209C30600D1521E0B884EEA82220E
:103D000013430B8008E02968B1F850201144227851
:103D100001EBC201A1F8020483B22289C4E040F29F
:103D2000064808EBC20830F80800C0F309008445D3
:103D300014D3BCEB000CC4F818C010D0760408D41F
:103D4000D5F800C03CF822603E4046EA09062CF84F
:103D5000226094F82420012A59D0A9E0A16160785A
:103D600010B1012813D01AE02868B0F85030184478
:103D700000EBC200B0F80224C2F30902A0F802244A
:103D8000B0F8022442F40042A0F8022407E02868B8
:103D9000B0F85030184400EBC200A0F8021462786A
:103DA000286812B1012A11D018E0B0F85010084468
:103DB000217800EBC100B0F80614C1F30901A0F8A6
:103DC0000614B0F8061441F4004105E0B0F85020A4
:103DD0001044227800EBC200A0F80614E078022814
:103DE0000BD121782A6832F8210000EA0A0080F01D
:103DF000200040EA0B0022F8210021782846FFF736
:103E0000D1FD70047FF532AF0020BDE8F09F6269FC
:103E100002446261E2690244E2612669226AB242B6
:103E200003D33046111A216204E00AB11046216220
:103E300084F824106278296812B1012A2AD031E06E
:103E4000B1F850201144227801EBC201B1F80624E8
:103E5000C2F30902A1F8062401F2064158B13E2836
:103E60000ED84208C60700D0521C0E8803EA8222F0
:103E700016430E8016E00A8842F400420A8011E0E0
:103E80004209C30600D1521E0B884EEA8222134318
:103E90000B8007E0B1F850201144227801EBC201F9
:103EA000A1F80604628983B26169286804F082FA85
:103EB0002278296831F8220000EA0A0080F03000F8
:103EC00040EA0B0021F822009EE701F0070101EB18
:103ED000810100EBC100D0F86C0170472DE9F04181
:103EE00004460F0601F0070000EB800104EBC1015E
:103EF0004FF001064FF0000502D54E74103103E07B
:103F000081F8515101F5A871022B0870C2F30A0023
:103F10000861CB7000D10D7194F89002012809D08E
:103F200084F89062206803F0BBFD284684F8905224
:103F3000BDE8F0810220FBE710B501F0070404EBB7
:103F4000840100EBC101C1E959230022C1F86C21B1
:103F500081F8512181F85041006801F5A87104F001
:103F600045F8002010BD70B5044601F00700227925
:103F7000904201D9012070BD0B064FF000054FF0B3
:103F8000010206D500EB800104EBC1014A74103137
:103F900007E001EB810104EBC10181F8515101F50A
:103FA000A8718A70087094F89002012808D084F8EB
:103FB0009022206804F000F884F89052002070BD30
:103FC000022070BD10B501F0070404EB840100EB82
:103FD000C101C1E90923012281F834200B630023C8
:103FE000CB624A7401F8104F006803F0FFFF002015
:103FF00010BD10B50446006804F0BEF9010404D5F4
:104000002046BDE8104001F0E8BE41050ED520680D
:1040100030F8441F21F480610180204600F000F94F
:104020002046BDE81040002100F026B9410405D526
:10403000206830F8441F21F480417DE0810405D5DB
:10404000206830F8441F21F4005175E0C1041FD5E9
:10405000206830F8401F21F004010180206830F80A
:10406000401F21F00801018094F8C802012806D100
:10407000002084F8C80201462046FFF753FC204682
:1040800000F0E2F8206830F8441F21F4805153E03A
:10409000010512D5206830F8401F41F00801018069
:1040A000206830F8441F21F400610180206830F856
:1040B000401F41F0040101800AE0010629D5206873
:1040C00030F8441F21F08001018094F8C80218B133
:1040D000204600F001F910BD206830F8401F41F083
:1040E00004010180206830F8401F41F00801018080
:1040F000012084F8C8022068B0F854003C2101EA8D
:104100009000C4F8CC022046BDE810400121FFF722
:1041100009BC810509D5206830F8441F21F40071DD
:104120000180204600F0A4F810BDC005FCD5206831
:1041300030F8441F21F48071018010BD70B5040077
:1041400004D094F89102002510B106E0012070BD62
:1041500084F89052204600F03FF8032084F8910242
:10416000206803F0E9FE002001260BE000EB80014F
:1041700004EBC1014E740874CD740D624D62401C95
:10418000C0B28D6221798142F0D8002012E000BFD8
:1041900000EB800104EBC10181F8515181F850011D
:1041A00081F85351C1F86051C1F86451401CC0B24C
:1041B000C1F8685121798142EAD894E8070003F0F8
:1041C000B2FE257384F89162A07A012802D12046BC
:1041D000FFF796FB002070BD08B500680E498842C5
:1041E00018D10E4850F8881F21F0406140F830196E
:1041F000016841F4000101600068002200F4000041
:10420000009011461420FFF749FBBDE80840142038
:10421000FFF736BB08BD0000005C00400010024004
:1042200070B5044640790125022801D0FFF718F83F
:104230002946D4F8D80203F0E8F9D4F8D802BDE84A
:10424000704003F09BB9000010B50446407A30B1CD
:104250000648016821F00601016002F019FAD4F85D
:10426000D802BDE8104003F0B6B9000010ED00E040
:10427000D0F8D80203F0B9B910B5044690F890020E
:1042800001280AD0012084F890022173206804F0EC
:104290008AF8002084F8900210BD022010BDD0F8EA
:1042A000D82200F52671104603F0BBB910B50446BC
:1042B00090F8900201280CD0012084F89002206828
:1042C00004F04BF8206803F027FE002084F89002E9
:1042D00010BD022010BD000010B50446D0F8D80271
:1042E00003F0E1F9607A002804D00348016841F046
:1042F0000601016010BD000010ED00E00248816879
:1043000041F48041816070470070004010B5401E4C
:10431000B0F1807F01D3012010BD4FF0E024606137
:104320000F21601704F06CF90020A06107202061C4
:10433000002010BD01A2044900F066B85365744422
:1043400041435F41000000003CC1002001A204493C
:1043500000F05AB85365744441435F4200000000C6
:1043600040C1002038B504000BD0694604F012FBB0
:104370000098A04201D0007840B10DA007F08EFE59
:1043800038BD12A113A00EF061FD38BD02F08CFA09
:10439000164880ED010A10EE100A26F0DDFC41EC13
:1043A000100B13A053EC102B07F078FE38BD000063
:1043B000415F5365743A20696E76616C6964207060
:1043C0006172616D6574657200000000415F536544
:1043D0007400000025733A206D697373696E67205D
:1043E000706172616D6574657200000038C10020F3
:1043F000415F536574207570646174656420746FE7
:104400003A20252E36660000F8B50D461646040003
:104410000DD0694604F0BEFA0098A04201D00078A1
:1044200040B131460BA000BF0EF010FDF8BD1146A3
:104430000EA0F9E785ED000A10EE100A26F08CFCBC
:1044400041EC100B314653EC102B0EA00EF0FEFC8D
:10445000F8BD000025733A20696E76616C696420AE
:10446000706172616D6574657200000025733A2099
:104470006D697373696E6720706172616D657465D3
:104480007200000025732075706461746564207487
:104490006F3A20252E34660010B504000ED00CA112
:1044A000FCF7C6FA80B10DA12046FCF7C1FA00283E
:1044B0000CD10CA0BDE810400EF0C8BCBDE8104007
:1044C0000EA111A00EF0C2BC15A0F3E710BD0000B4
:1044D00053687574446F776E000000004F70656E0E
:1044E000000000005365744761746865723A2044A7
:1044F0006576696365204F70656E0000536574478B
:10450000617468657200000025733A206D697373E9
:10451000696E6720706172616D657465720000007C
:104520005365744761746865723A204465766963BF
:1045300065205368757420446F776E0038B50400A9
:104540000BD0694604F026FA0098A04201D000780A
:1045500040B10DA007F0A2FD38BD12A113A00EF0CE
:1045600075FC38BD02F0AEF9164880ED020A10EE77
:10457000100A26F0F1FB41EC100B13A053EC102BAA
:1045800007F08CFD38BD0000565F5365743A206912
:104590006E76616C696420706172616D65746572BC
:1045A00000000000565F53657400000025733A2038
:1045B0006D697373696E6720706172616D65746592
:1045C0007200000038C10020565F5365742075707A
:1045D000646174656420746F3A20252E366600008D
:1045E000FEE700000B494CF6CC420A6045F25552FA
:1045F0000A6003224A60B0F5805F01D340F6FF7085
:10460000C0F30B008860C8684007FCD14AF6AA20B6
:104610000860704700300040F8B53D48816C41F0BB
:1046200001018164806C3B4D00F001000090D5F8E1
:10463000000820F0FF0040F01800C5F80008364CD4
:104640002078285844F21001884321786850207857
:104650002858217820F4405040F4005068502078C9
:104660002858217840F02000685020782858217878
:1046700020F04000685020782858217840F08000D1
:10468000685020782858217820F4407068502078AD
:104690002858217820F44060685020481D4A243072
:1046A000217808321D4E88502178121D1C488850F0
:1046B0002178281D095822786FF30F0141F4006119
:1046C000115020782858217840F002006850154891
:1046D00000680022C0F30220012101F04CFB0146DA
:1046E0000B2003F09DFF0B2003F070FF207828586B
:1046F000217840F00100685016F1080656E8000FD6
:1047000040F0400046E800010029F7D1F8BD000064
:104710000010024000000240D0AF02080038014003
:1047200044C100200CED00E010B540F6B830FFF7B2
:1047300059FFFFF753F800F0E7F8FEF77BFA01F0B6
:104740008FFDFEF7DBFCBDE8104001A00EF07EBB44
:1047500041707020496E697420537563636573738B
:104760000000000010B5FFF742F800F00BFFFEF765
:1047700055FB02F0B9F902F0B5F801F035F801F097
:10478000CFF901F0CBFA00F0C3FF01F0D7F801F048
:104790004BF9FEF79FFB04A00EF058FBBDE810405C
:1047A0000AA00EF053BB00000D0A5B7665727369B8
:1047B0006F6E5D485220434E4320504F5745522064
:1047C000535550504C592056312E30004861726478
:1047D0007761726520496E697420537563636573F0
:1047E0007300000038B53548816C41F001018164E7
:1047F000806C334900F001000090081DD0F80028BB
:1048000022F0FF0242F01D02C0F800282D48427835
:104810008A5844F210039A43437842F01002CA5077
:1048200042788A58437822F4405242F40052CA50E7
:1048300042788A58437822F02002CA5042788A5837
:10484000437822F04002CA5042788A58437842F0B6
:104850008002CA5042788A58437822F44072CA5083
:1048600042788A58437822F44062CA50164A144D5E
:10487000283243780835144C5A5142788A58407887
:1048800042F002020A50114800680022C0F30220E0
:10489000082101F089FA01460C2003F0D1FE0C201A
:1048A00003F0A1FE14F1080454E8000F40F080006A
:1048B00044E800010029F7D138BD00000010024093
:1048C00000000240D8AF0208004800400CED00E0B4
:1048D000F0B500230A24302537261F4611E000BF1B
:1048E000B4EB107F02D905EB107C01E006EB107CE5
:1048F00001F813C001EB430C00015B1C8CF8017044
:10490000DBB29342ECD3F0BD70B5254D4FF40051AE
:10491000284600F0EFFA234C4FF4804120712846DE
:1049200000F0E8FA20754FF40041284600F0E2FA62
:1049300084F824004FF090454021284600F0DAFA30
:1049400084F834004FF48071284600F0D3FA84F8DC
:1049500044000221144800F0CDFA002184F85400EC
:104960004FEA010204EB0110491C03790370437004
:104970008270C270826002730629F3DB002240213C
:104980000A2025F01DF909490028086007D15020A8
:1049900080F31188BFF34F8FBFF36F8FFEE770BDB9
:1049A00000080048A8AF00200004004814020020BE
:1049B0002DE9F04F91B00D46064625F0CFFC074695
:1049C0002F48DFF8C08000EB06144FF00009207874
:1049D0004FF0010BA8F1040AA8422FD1E078401C47
:1049E000C0B2E0700A282CD32079A84229D02571C2
:1049F00084F802B045B1A06858F82630381AB0F5EE
:104A00007A7F0CD220A20BE0A76084F80C9058F8B3
:104A1000263023A240216846FBF73EFD06E024A293
:104A200040216846FBF738FDC4F8089000231A4679
:104A30006946DAF8000025F04BF902E0257084F8A9
:104A400003902079B8B9A068A8B1381AB0F57A7F78
:104A500011D3207B78B984F80CB058F8263018A20E
:104A600040216846FBF718FD00231A466946DAF82C
:104A7000000025F02DF9657011B0BDE8F08F000041
:104A8000A8AF0020180200205B4B45595D2025731C
:104A9000206F6666202873686F7274290A00000010
:104AA0005B4B45595D202573206F6E0A00000000A6
:104AB0005B4B45595D202573206F66660A00000038
:104AC0005B4B45595D202573206C6F6E670A0000B3
:104AD00010B51C4C4FF40051204600F00BFAC1B247
:104AE0000020FFF765FF4FF48041204600F002FAF6
:104AF000C1B20120FFF75CFF4FF40041204600F0F7
:104B0000F9F9C1B20220FFF753FF4FF09044402162
:104B1000204600F0EFF9C1B20320FFF749FF4FF440
:104B20008071204600F0E6F9C1B20420FFF740FF93
:104B30000221054800F0DEF9C1B2BDE810400520B1
:104B4000FFF736BF00080048000400481CB50021EC
:104B50000320CDE900010B46802208A1084825F07A
:104B6000C1FB08490128086006D007A00EF06EF9C5
:104B7000BDE81C40FEF774BB1CBD00004B6579000E
:104B8000A1930208580200204B6579207461736B71
:104B900020637265617465204661696C656400001C
:104BA000044908B58A6C02438A64896C014000910B
:104BB00008BD000000100240044908B5CA6C024359
:104BC000CA64C96C0140009108BD00000010024099
:104BD000044908B5CA6C0243CA64C96C014000911B
:104BE00008BD000000100240044908B5CA6C024329
:104BF000CA64C96C0140009108BD00000010024069
:104C0000044908B5CA6C0243CA64C96C01400091EA
:104C100008BD000000100240044908B58A6D024337
:104C20008A65896D0140009108BD000000100240B6
:104C3000034A515C425822F0010242507047000082
:104C4000C8AF0208034A515C425822F001024250A8
:104C500070470000D8AF0208F0B54F4B4E4A077AB4
:104C600020330026151F1C1F0168002F74D099B136
:104C7000477A5FB3012F31D0022F32D00126857AD7
:104C800055B1454908310A1F012D32D0022D3AD0C5
:104C9000032D3CD046F002064168002979D0427AC3
:104CA00082B3012A44D0022A45D046F00406837A12
:104CB000002B6ED0384928310A1F012B43D0022B1C
:104CC0004BD0032B4DD046F0050662E017688F43AA
:104CD000176001682A680A432A60D0E72F688F436B
:104CE00001E02F680F432F60016815680D431560C0
:104CF000C5E705680F68AF430F60016815680D438D
:104D00001560C9E70CE005681768AF4302E0056865
:104D100017682F43176002680D6815430D60BBE7E5
:104D20001A688A431A60416822680A432260BEE713
:104D300022688A4301E022680A43226041681A68B7
:104D40000A431A60B3E743680C689C430C604068F0
:104D50001168014311601CE00CE0436814689C4337
:104D600002E0436814681C43146040680A68024308
:104D70000A600EE02F688F432F60016815688D432D
:104D80001560416822688A4322604068196881433F
:104D900019603046F0BD0000040401400349096871
:104DA000884301D00020704701207047140401405F
:104DB000F0B50A680F2692FAA2F2B2FA82F303243F
:104DC0008AE001259D402A407ED04D68012D01D00A
:104DD000022D20D18D68876892FAA2FCBCFA8CFC67
:104DE0004FEA4C0E04FA0EFC27EA0C0792FAA2FCDA
:104DF000BCFA8CFC4FEA4C0C05FA0CF52F4387608B
:104E0000CF680D68D0F804C02CEA050C7D434CEA4D
:104E1000050CC0F804C00F69D0F80CC092FAA2F5D6
:104E2000B5FA85F54FEA450E04FA0EF52CEA050CA5
:104E300092FAA2F5B5FA85F56D00AF404CEA070C81
:104E4000C0F80CC04D68022D2FD1FF2A15D8D1F81B
:104E500014C0056A92FAA2F7B7FA87F7BF0006FAFC
:104E600007F7BD4392FAA2F7B7FA87F7BF000CFA2B
:104E700007FC45EA0C05056217E0D1F814E0476A23
:104E8000150A95FAA5FCBCFA8CFC4FEA8C0C06FAC4
:104E90000CFC95FAA5F5B5FA85F5AD0027EA0C07E7
:104EA0000EFA05FE47EA0E0747624D68076892FA58
:104EB000A2FCBCFA8CFC4FEA4C0C04FA0CFE27EA6C
:104EC0000E0792FAA2F200E005E0B2FA82F2520076
:104ED00095402F4307605B1C0A6832FA03F57FF4A4
:104EE00070AF0020F0BD0069814301D00020704701
:104EF000012070470069814301D0002070470120E4
:104F0000704710B5026822F001020260D1E9023256
:104F1000046843EA022224F4F854144304604A6803
:104F20000261026842F001020260826822F40042DB
:104F300082608B690A6984681A436FF30A04144318
:104F400084600A691AB1826842F4004282600A6889
:104F5000036823F44013134303604969426822F451
:104F600000420A434260002010BD000070B50024DA
:104F70001F49204D4FF40046C02803D0B0F5407FB4
:104F80001CD019E0D1F8880000F0C00040F44000C7
:104F90004038B0F5400027D0402804D080281CD1EC
:104FA00006E0044608E000F083F828B12C4603E050
:104FB00000F086F800B13446204670BDD1F8880074
:104FC0000D4900F4407040F0407040180CD0B0F52E
:104FD000807FE8D0B0F5007FEAD001F011F901F050
:104FE000DFF801F0EDF8DCE701F00AF9D9E700009D
:104FF000001002400024F40000FFFFFC70B5002404
:1050000029492A4D4FF40046032804D00C281AD011
:1050100030282FD040E0D1F888006FF4403100F004
:10502000030040F4403040180AD0012836D002284E
:105030002ED001F0E5F801F0B3F801F0D1F817E057
:1050400001F0DEF814E0D1F8880000F00C0040F424
:105050004020001FB0F54020F2D004281ED00828C0
:1050600016D000BF01F0CCF801F09AF801F0A8F8D2
:10507000044611E0D1F8880000F0300040F4401000
:105080001038B0F54010DBD0102807D02028E9D127
:1050900000F016F800B13446204670BD00F008F864
:1050A0000028F9D02C46F7E7001002400024F40055
:1050B00002480068C0F380207047000000100240E2
:1050C0000248D0F89000C0F3400070470010024042
:1050D00003498A6822F0F00202438A6070470000A8
:1050E00000100240044951F8882F22EA104280B291
:1050F00002430A60704700000010024010B50368C8
:105100000122C3F3801373BBD1E900231A43D1E911
:10511000033423431A434B691A438B691A43CB69FF
:105120001A430B6A1A4303684FF6BF74A3431A432A
:105130000260426840F604739A434B6942EA1342A4
:105140008B681A4342608A68B2F5006F03D24268E6
:1051500042F4805242600A6AB2F5005F02D1898C43
:1051600089B201610022C16921F40061C161104668
:1051700010BD000001490860704700000C000020CD
:1051800010B5012925D0042925D0102925D0402982
:1051900025D0B1F5807F24D0B1F5806F23D0B1F553
:1051A000805F22D0B1F5804F21D0B1F5803F20D073
:1051B0000921114B18305B5C184403680E4C0A340B
:1051C000615C03248C40120CA3438A4013430360A8
:1051D00010BD0021EDE70121EBE70221E9E7032102
:1051E000E7E70421E5E70521E3E70621E1E70721F9
:1051F000DFE70821DDE7000060AF020810B50129F4
:1052000025D0042925D0102925D0402925D0B1F555
:10521000807F24D0B1F5806F23D0B1F5805F22D09C
:10522000B1F5804F21D0B1F5803F20D00921114B3D
:1052300018305B5C184403680E4C0A34615CF0243F
:105240008C40120CA3438A401343036010BD00211D
:10525000EDE70121EBE70221E9E70321E7E704217C
:10526000E5E70521E3E70621E1E70721DFE708217C
:10527000DDE7000060AF020810B501291FD0042946
:105280001FD010291FD040291FD0B1F5807F1ED01C
:10529000B1F5806F1DD0B1F5805F1CD0B1F5804FA6
:1052A0001BD0B1F5803F1AD00921036A0D4C615C17
:1052B0000A248C40A3438A401343036210BD00219B
:1052C000F3E70121F1E70221EFE70321EDE70421F4
:1052D000EBE70521E9E70621E7E70721E5E70821F4
:1052E000E3E7000074AF020810B5012925D00429B6
:1052F00025D0102925D0402925D0B1F5807F24D094
:10530000B1F5806F23D0B1F5805F22D0B1F5804F29
:1053100021D0B1F5803F20D00921114B18305B5CC2
:10532000184403680E4C0A34615C0C248C40120C47
:10533000A3438A401343036010BD0021EDE7012120
:10534000EBE70221E9E70321E7E70421E5E705218F
:10535000E3E70621E1E70721DFE70821DDE70000B9
:1053600060AF02082DE9F04F02682A4B2A4E2B4FFE
:10537000DFF8ACC02B4C2C4D4FF0804B98420BD03B
:10538000584509D0B04207D0B84205D0604503D097
:10539000A04201D0A84205D1D1F8048022F07002C9
:1053A00042EA0802DFF88480DFF88490DFF884A006
:1053B000984211D058450FD0B0420DD0B8420BD012
:1053C000604509D0A04207D0404505D0484503D0EC
:1053D000504501D0A84203D1CE6822F44072324336
:1053E00002608A68C2620A888262984209D0A0423A
:1053F00007D0404505D0484503D0504501D0A842CC
:1054000001D109690163416941F001014161002055
:10541000BDE8F08F002C014000040040000800406F
:10542000000C0040003401400050014000400140A9
:1054300000440140004801402DE9F0410446006865
:105440000D46012610F0010F52D12969A868EA69BA
:10545000084369691143084321682E4A11400843F3
:105460002060E868616821F4405101436160A869E7
:10547000A16821F440710143A1602748844201D111
:10548000032008E02548844201D10C2003E0244891
:10549000844203D13020FFF7B1FD0BE02148844264
:1054A00001D1C02004E0204884421AD14FF440705A
:1054B000FFF75CFDA8B1696899B12A680026EB691D
:1054C0000B2A0ED8194FD2B2B3F5004F57F822204D
:1054D000B0FBF2F00FD000EB5100B0FBF1F080B266
:1054E000E0602888E16A80B221F00F010143E162A7
:1054F0003046BDE8F081400000EB5100B0FBF1F018
:1055000081B24FF6F07201EA0200C1F34201084392
:10551000E6E70000F369FFEF003801400044004077
:1055200000480040004C00400050004080AF02089E
:1055300010F1080050E8002F22F0606242EA416258
:1055400040E80023002BF5D17047000010F108005F
:1055500050E8002F61F35F7240E80023002BF7D181
:105560007047B4EEE00AF1EE10FA02D2B0EE600A33
:105570007047B4EEC10AF1EE10FAF9DDB0EE410A5F
:10558000704700002DE9F04F87B018216846FBF7FF
:1055900028FA0420FFF710FB2020FFF70DFB012065
:1055A000FFF70AFB0220FFF707FB4FF090470420AC
:1055B000B8610820B861544E0420B0628002B06225
:1055C0004FF40059C6F828900820B0611020B86147
:1055D0000120B0610024CDE90094DFF83081054658
:1055E0000490694640460294FFF7E2FB4FF4804086
:1055F000CDE900040495694640460294FFF7D8FBC4
:105600007001CDE900040495694640460294FFF715
:10561000CFFB4FF0040A4FF00208CDE90284CDE938
:1056200000A5694638460494FFF7C2FB0820CDE97F
:105630000005CDE90284694604943846FFF7B8FBBB
:105640001020CDE90005CDE902846946049438466E
:10565000FFF7AEFB4FF0400BCDE900B4049569466F
:1056600038460294FFF7A4FB0095CDE9015403945A
:10567000694630460494FFF79BFBCDE9008404950E
:10568000694630460294FFF793FBCDF800A0CDE9C0
:1056900001540394694630460494FFF789FB4FF4A4
:1056A00080500090CDE9015403946946304604943B
:1056B000FFF77EFBCDF80090CDE9015403946946D5
:1056C00030460494FFF774FB4FF48070CDE900047A
:1056D0000495694638460294FFF76AFB082000905B
:1056E000CDE901540394694630460494FFF760FB0A
:1056F000CDE900B40494694630460294FFF758FBA4
:1057000007B0BDE8F08F0000000400480008004822
:105710002DE9F0418EB01C2106A8FBF762F9182193
:105720006846FBF75EF92C4801684FF0030821F446
:105730004051002401600120FFF74AFA0220FFF7E0
:1057400047FA4FF4004002260125CDE90006042760
:10575000CDE90285CDE9045769464FF09040FFF747
:1057600027FB8020CDE90006CDE90285CDE904576D
:1057700069461A48FFF71CFB17488838816D41F4C9
:1057800000118165806D099400F400100D9014489B
:105790000894CDE906400A940B940C94114C06A988
:1057A0002046FFF7AEFB606840F000706060E06884
:1057B00040F2FE718843E060E06820F40040E06061
:1057C000206820F400202060206820F40030206051
:1057D0000EB0BDE8F08100008810024000040048CF
:1057E000C285B240005400402DE9F04192B028211A
:1057F00006A8FBF7F6F818216846FBF7F2F84B48C5
:10580000016E41F480510166016E01F480511091E6
:10581000C16C41F00101C164C06C022500F00100BF
:10582000109020200024CDE9000503260527CDE9AE
:105830000264CDE904474FF0904869464046FFF7BF
:10584000B7FA8020CDE90005CDE90264CDE904472F
:1058500069464046FFF7ACFA35490822083134481A
:10586000D1F8003823F0FF0343F00B03C1F80038F0
:1058700030498B78C35844F21006B3438E7843F016
:10588000100383518B78C3588E7823F4405343F42C
:10589000805383518B78C3588E7823F02003835133
:1058A0008B78C3588E7823F0400383518B78C3588C
:1058B0008E7843F0800383518B78C3588E7823F41D
:1058C000407383518B78C358897823F440634350E5
:1058D000194E3068C0F3801018B1306820F04000D5
:1058E00030604FF4404006904FF4827007904FF4C0
:1058F000E060CDE9080501200A900BA9400281E88B
:10590000150007200F9006A93046FFF7F7FB7068D7
:1059100020F010007060706820F00800706030683F
:1059200040F04000306012B0BDE8F081001002404D
:105930000000024058AF020800300140F0B58BB0C3
:10594000142106A8FBF74DF818216846FBF749F823
:105950000120FFF761F90120FFF746F90124022633
:10596000CDE9004600254FF0904702950494694622
:1059700038460594FFF71CFA009604940594CDE987
:10598000016569463846FFF713FAADF81840A01EC6
:10599000CDE90750A40706A920460995FFF7E2FCC8
:1059A000206820F080002060A0681D49084040F079
:1059B0000300A060A5132A4601212046FFF7E0FB63
:1059C0004FF44026324601212046FFF78DFCFF119F
:1059D0003A4601212046FFF711FC00220121204612
:1059E000FFF74AFC2A4610212046FFF7C9FB324642
:1059F00010212046FFF778FC3A4610212046FFF799
:105A0000FDFB022210212046FFF736FC60680549A5
:105A100008406060A06820F08000A0600BB0F0BD7E
:105A2000F8FFFEFF8FFFFFFDF0B58BB0142106A835
:105A3000FAF7D7FF18216846FAF7D3FF0220FFF7DD
:105A4000EBF80220FFF7D0F81020022400258DE8A3
:105A5000310001262E4FCDE9046469463846FFF730
:105A6000A7F920208DE83100CDE904646946384665
:105A7000FFF79EF9ADF818604FF6FF70CDE90750BB
:105A8000244C06A920460995FFF76CFC206820F0FD
:105A900080002060A0682049084040F00300A0601A
:105AA000A5132A4601212046FFF76AFB4FF4402642
:105AB000324601212046FFF717FC4FF410073A4603
:105AC00001212046FFF79AFB002201212046FFF723
:105AD000D3FB2A4610212046FFF752FB3246102105
:105AE0002046FFF701FC3A4610212046FFF786FBCF
:105AF000022210212046FFF7BFFB606807490840DB
:105B00006060A06820F08000A0600BB0F0BD0000D5
:105B10000004004800040040F8FFFEFF8FFFFFFD77
:105B20002DE9F0438FB0202106A8FAF75AFF18217B
:105B30006846FAF756FF4FF44030FFF7D3FA39487A
:105B4000016E41F480410166006E00F480400E90C9
:105B50000120FFF755F84FF4007002264FF00308BC
:105B60008DE8410103AA00240125072782E8B0003F
:105B70004FF0904969464846FFF71AF9A8028DE8A8
:105B8000410103AA694682E8B0004846FFF710F9D0
:105B900025480068C0F30220011D072901D200201A
:105BA00000E0C01E04FA00F10801204981F8000459
:105BB0001E4920202139C1F800014FF4E130CDE920
:105BC00006400C20CDE90A40089409940C940D94E9
:105BD000174C06A92046FFF72FFC00212046FFF7AF
:105BE000B5FC00212046FFF7A3FC206820F0005000
:105BF0002060606820F490406060A06820F02A0077
:105C0000A060206840F001002060E069C0F34050CF
:105C10000028FAD0E069C0F380500028F5D00FB01A
:105C2000BDE8F083001002400CED00E025E000E04C
:105C3000003801402DE9F04190B0202106A8FAF784
:105C4000D0FE18216846FAF7CCFE4FF44010FFF75B
:105C500049FA2F48816D41F480218165806D00F4FF
:105C600080200E900220FEF7CBFF4FF480600225CB
:105C70000024CDE9000503260727CDE90264DFF8FB
:105C80009480CDE9044769464046FFF791F8A802A1
:105C9000CDE90005CDE90264CDE9044769464046F7
:105CA000FFF786F84FF4E130CDE906400C20CDE94E
:105CB0000A40089409940C940D94174C06A92046A8
:105CC000FFF7BAFB00212046FFF740FC00212046E9
:105CD000FFF72EFC206820F000502060606820F460
:105CE00090406060A06820F02A00A060206840F02A
:105CF00001002060E069C0F340500028FAD0E0695C
:105D0000C0F380500028F5D010B0BDE8F08100004D
:105D100000100240000400480048004010B5002276
:105D20000F49104801F011FB08B1FDF799FA0E492F
:105D30000C4801F0E0FC08B1FDF792FA0B49094864
:105D400001F06AF908B1FDF78BFA064801F04EFD43
:105D5000002803D0BDE81040FDF782BA10BD000056
:105D6000100000208409002054010020640000205D
:105D7000FEE77047FEE730B500F00703C3F1070404
:105D8000042C00D90424181D072801D2002300E0A8
:105D9000DB1E012505FA04F0401E084098409D4096
:105DA0006D1E1540284330BD30B500F00703C3F128
:105DB0000704042C00D90424181D072801D200234D
:105DC00000E0DB1E012505FA04F0401E0840984063
:105DD0009D406D1E1540284330BD2DE9F84F044607
:105DE00040F68F7A40F2064B48F60F784FF00009E4
:105DF0008BE1B0F8441011F00F053AD030F825606F
:105E000031047DD530F8251001EA0A0141F0800106
:105E100020F8251005EB850004EBC00797F85C011E
:105E200007F5A87700286CD0F87802286AD039786E
:105E3000226832F8210048F68F73184048F2C003F8
:105E4000184322F821003878D4F800C03CF820101C
:105E50004904BCF8501001EB0C027ED540F202411F
:105E600001EBC000105A8005800D009076D03A8971
:105E7000A7E0C9062AD4018801EA080141F40041DB
:105E80000180206804F11005B0F85010227C014414
:105E900040F2024000EBC200085AC0F30900E06281
:105EA000616A0844606200212046FDF77BFD207B8B
:105EB00000289DD0A86900289AD1207B40F080015D
:105EC0002068A0F84C1084F80C901EE1018804F5BD
:105ED000A8750A051ED5B0F850100A1829780BEBE2
:105EE000C100105A04F52671C0F30903EB61EA887A
:105EF000206802F044FA2168088800EA0A0002E0FB
:105F00007BE03FE04EE040F0800008802046FEF756
:105F1000C6F9FAE00904D8D5018801EA0A0141F07E
:105F2000800101802068B0F850102A7808440BEBFB
:105F3000C201405A83059B0DEB610DD0696959B1CF
:105F4000EA88206802F01BFAE96968690844686118
:105F500000212046FDF72FFD01E02AE028E020681F
:105F600001880A050DD4C1F30131032909D0018844
:105F70004BF68F72114081F4405148F28002114378
:105F80000180C2E02068B0F850103B780A180BEB93
:105F9000C301515A8905890D009117D0FA88796992
:105FA000009B11E0324639462046FDF760FD009027
:105FB0000CE00BEBC000105A8005800D009005D05E
:105FC0007A8903466046796902F0D9F9F96900983F
:105FD0000844F8617869009908447861B86918B193
:105FE00039690098814204D939782046FDF7E3FCED
:105FF00003E03946206801F0F9FF30062DD505EBA6
:10600000850004EBC001206830F8252002EA080270
:1060100042F4004220F82520C87C103101281DD010
:10602000F0056ED42068B0F8502013180A7840F2BA
:10603000024000EBC200185A8A69C0F3090082428C
:1060400058D9121A8A6157D04A6902444A61CA690A
:106050001044C861206801F0C9FF56E0C1F81890EB
:106060000A7B48461AB3720622D54A7812B1012A31
:1060700014D041E02068B0F8502010440A7800EBBA
:10608000C200B0F80224C2F30902A0F80224B0F85A
:10609000022442F40042A0F802242DE02268B2F863
:1060A00050301A440B7802EBC302A2F8020423E03A
:1060B0004B78226813B1012B13D01DE0B2F85000C9
:1060C00010440A7800EBC200B0F80624C2F30902BB
:1060D000A0F80624B0F8062442F40042A0F80624F2
:1060E0000AE0B2F850301A440B7802EBC302A2F86F
:1060F000060401E0C1F8189009782046FDF752FC2B
:1061000003E032462046FDF720FD2068B0F8441039
:1061100009043FF56EAE0020BDE8F88F2DE9F04789
:1061200005002ED0287800282BD00024DFF85880D6
:10613000164E12E058F834703846FAF747FB81469D
:10614000024639462846FAF760FB20B915F80900DF
:106150003A280CD058B1641CE4B230788442E9D3B8
:10616000716800290DD00AA0BDE8F047084728460D
:106170003A21FAF7FDFA00B1401C08EBC401496866
:10618000F2E7BDE8F087000090D200204C0200202A
:10619000556E6B6E6F776E20636F6D6D616E640010
:1061A00005498968054A01F0F0010909515C01F0CF
:1061B0001F01C8407047000000100240B0AF020845
:1061C00005498968054A01F4E06102EB112109786B
:1061D00001F01F01C840704700100240C0AF020824
:1061E00005498968054A01F4605102EBD12109781B
:1061F00001F01F01C840704700100240C0AF020804
:106200001549886800F00C031448042B0DD0421087
:10621000082B09D00C2B08D1CB6803F00303022B09
:1062200005D0032B03D101E0104670471046CA6821
:10623000C2F306224243C868C96800F0F003012097
:1062400000EB1313B2FBF3F201F0C06100EB5160FD
:106250004000B2FBF0F07047001002400024F40050
:1062600070B5074D002400BF05EBC400416855F828
:10627000340000F007F8641C052CF5D370BD000055
:106280005C0200202DE9F041164C06460F462078AE
:10629000102805D227B11EB10025DFF84C800DE093
:1062A0006168002915D011A019E000BF58F8350029
:1062B0003146FAF7BDFB70B16D1CEDB22078854216
:1062C000F4D3C0B208EBC00148F83060401C4F6006
:1062D0002070BDE8F08161680029FAD00AA0BDE80D
:1062E000F04108474C02002090D20020436F6D6DB2
:1062F000616E6420726567697374726174696F6E30
:10630000206661696C656400436F6D6D616E642029
:10631000616C7265616479206578697374730000DB
:1063200010B54FF0904488B00420A0610120FCF724
:10633000B3FD0420A0620A20FCF7AEFD0420A0619A
:10634000C820FCF7A9FD1020A062112000F018F968
:10635000C820FCF7A1FD362000F012F9702000F0F3
:1063600041F93A2000F00CF9552000F03BF90A20E1
:10637000FCF792FDB22000F003F90C2000F032F996
:106380000C2000F02FF9002000F02CF9332000F051
:1063900029F9332000F026F9B72000F0F1F8752034
:1063A00000F020F9C22000F0EBF8012000F01AF90B
:1063B000C32000F0E5F8162000F014F9C42000F026
:1063C000DFF8202000F00EF9C62000F0D9F80F20E9
:1063D00000F008F9D02000F0D3F8A42000F002F972
:1063E000A12000F0FFF8D62000F0CAF8A12000F0AC
:1063F000F9F8BB2000F0C4F83B2000F0F3F8E020EF
:1064000000F0BEF816A10FC98DE80F000E216846F6
:1064100000F0C2F8E12000F0B3F815A30DF1100C64
:106420000FCB8CE80F000E2104A800F0B5F8E42093
:1064300000F0A6F8272000F0D5F8002000F0D2F8F0
:10644000002000F0CFF8292000F09AF82C2000F06E
:1064500097F80A20FCF720FD1020A06108B010BDBD
:10646000F00B110E0D1936334B0714142C2E0000AF
:10647000F00D120B09033244483916162D30000076
:1064800006498A68C2F34002002AFAD00873886875
:10649000C0F3C0100028FAD170470000003001405E
:1064A0007CB54FF090451024AC620824AC62334CAC
:1064B000A668C6F34006002EFAD02A262673A668E0
:1064C000C6F3C016002EFAD10826AE61060A8DF872
:1064D00000608DF80100100A8DF802008DF803208D
:1064E00000206E46A268C2F34002002AFAD0325C55
:1064F0002273401C0428F5D3A068C0F3C010002804
:10650000FAD10820A862A068C0F340000028FAD0A1
:106510002B202073A068C0F3C0100028FAD10820F7
:10652000A861080A8DF804008DF80510180A8DF886
:1065300006008DF80730002001AAA168C1F34001D0
:106540000029FAD0115C2173401C0428F5D3A068FF
:10655000C0F3C0100028FAD10820A862A068C0F3D8
:1065600040000028FAD02C202073A068C0F3C0108F
:106570000028FAD11020A8617CBD00000030014045
:1065800010B54FF090441021A1620821A162FFF7DD
:1065900077FF1020A06110BD70B54FF0904410221D
:1065A000A2620822A2610E4B9A68C2F34002002A3E
:1065B000FAD000224D1E09E0865C1E73AA4204D266
:1065C0009E68C6F34006002EFAD0521C8A42F3D3CE
:1065D0009868C0F3C0100028FAD11020A06170BDE7
:1065E0000030014010B54FF090441021A162082105
:1065F000A161FFF745FF1020A06110BD0178407830
:1066000041EA0020704700001CB500210120CDE9BF
:1066100000010B46420208A1094823F063FE094924
:106620000128086006D008A00CF010FCBDE81C4052
:10663000FCF716BE1CBD000053746F7261676500E5
:10664000559602085802002053746F7261676520E6
:106650007461736B20637265617465204661696C57
:106660006564000010B5502080F31188BFF34F8F90
:10667000BFF36F8F23F078FE18B104494FF08050BC
:106680000860002080F3118810BD000004ED00E0D8
:1066900038B54248016821F00F0141F00401016062
:1066A000016801F00F010429FAD13D4850F8801F1C
:1066B00021F4807101603B4C206840F48030206000
:1066C0002068C0F340400028FAD0D4F8980040F089
:1066D0000100C4F8980000BFD4F89800C0F340004F
:1066E0000028F9D0E16845F213502F4A11400843C1
:1066F000E060E06840F08070E060206840F080700A
:1067000020602068C0F340600028FAD0A06840F004
:106710000300A0608020FEF7DBFCA06800F00C0006
:106720000C28FAD155200090401E0090FCD1FEF7B5
:10673000CFFCA06820F4E060A060A06820F4605066
:10674000A0601A48FEF716FD0F20FDF75FF808B1AC
:10675000FCF786FD1648416821F0E0614160416820
:1067600021F000414160416821F0405141F0005169
:10677000416041684BF67F326FF30F011143416076
:10678000416821F47F0141F408114160016821F45E
:10679000FE4141F40051016038BD0000002002407C
:1067A00000700040001002400C80FFF980FE210ABA
:1067B000002000400248016841F470010160704708
:1067C00088ED00E01CB500210120CDE900010B4659
:1067D000820208A1084823F085FD084901280860C5
:1067E00006D007A00CF032FBBDE81C40FCF738BD1A
:1067F0001CBD000054465400619602085802002057
:10680000544654207461736B206372656174652013
:106810004661696C656400001CB500210120CDE96A
:1068200000010B46420208A1094823F05BFD09491B
:106830000128086006D008A00CF008FBBDE81C4049
:10684000FCF70EBD1CBD00005072696E74000000A4
:106850003D950208580200205465737420746173DA
:106860006B20637265617465204661696C656400C4
:1068700038B5074CA068002809D1064800900023CD
:1068800001224FF47A7104A023F0C2FFA06038BD4A
:10689000840200200596020852756E54696D655495
:1068A000696D657200000000F0EE400A9FED031A6A
:1068B0009FED030A00EE810A704700009A99193D86
:1068C0003333D33FDFED020A20EE200A7047000089
:1068D000240C433D002804D00178002901D0FFF7A3
:1068E0001DBC704710B5FFF71BF90E4850E8001F9C
:1068F00041F0400140E80012002AF7D10A48006840
:106900000321C0F30220FFF736FA0146252001F0EB
:1069100087FE252001F05AFEFDF77EFEBDE81040FF
:1069200001F086BD003801400CED00E02DE9F04794
:106930002648274900784058264C80B2C0F50060B0
:1069400004F60A1887B20026234D04F5805424E08B
:106950002249095C401CC0F30A006880287820B1F5
:10696000012808D0022818D11CE0AA2915D184F8E2
:106970000A6101200EE094F80A0112280CD200F8F6
:10698000081094F80A01401CC0B284F80A011228C9
:1069900003D10220287000E02E706888B842D7D159
:1069A000BDE8F0875529F7D10C481222313841460D
:1069B0008146F9F775FF22F01FFD0848122249466B
:1069C0001E38F9F76DFF22F037FDE5E7D0AF02087A
:1069D0000400024008B000203002002044C1002022
:1069E0002DE9F047DFF8A8808A4617460A21D8F833
:1069F000040023F085FB012804D0BDE8F04725A062
:106A00000CF024BA0A26284C4FF00009274D02E06A
:106A1000012022F035FE95F8040910B1761EF7D258
:106A20000AE04EB954E8000F20F0400044E80002AC
:106A3000002AF7D185F804994FF48076B74200D840
:106A40003E46324651461A48F9F72AFFA5F80699FC
:106A5000A5F80869012085F80409B5F80609291880
:106A6000401CA5F8060991F80408A06254E8000F3C
:106A700040F0400044E800010029F7D1D8F80400B4
:106A8000BDE8F04700231A46194623F021B900005B
:106A9000300200204D75746578206765742066614A
:106AA000696C6564000000000038014008B00020F7
:106AB0000CB800201FB5002813D0AA218DF80010B3
:106AC0000168CDF801104168CDF805108068CDF857
:106AD000090055208DF80D000E2269460148FFF788
:106AE0007FFF1FBD0038014010B5FFF7A3F80E4827
:106AF00050E8001F41F0200140E80012002AF7D1C1
:106B00000A4800680421C0F30220FFF74DF901464E
:106B1000272001F095FD272001F065FDFDF762FEBD
:106B2000BDE8104001F0D4BC004800400CED00E08E
:106B30002DE9F0414FF4806014460F46824200D99F
:106B4000044614486421806823F0DAFA124E0128C2
:106B500003D001213046FEF775F8114D0E4A0F485B
:106B600069780C3288500C486978001D09586A7899
:106B70006FF30F0121431150224639460748F9F7B8
:106B80008FFE68783058697840F001007050BDE899
:106B9000F081000040020020000002408ECE002064
:106BA000D8AF02082DE9F047DFF8C880DFF8C890B9
:106BB000324C98F8000016468A46012801D0304829
:106BC00012E00A21D9F8040023F09AFA01284ED1E4
:106BD000642502E0012022F053FD94F8040540B141
:106BE0006D1EF7D205E000BF94F8041509B1401EF0
:106BF000F9D294F80405234D002748B155E8000F59
:106C000020F0400045E80002002AF7D184F804751E
:106C10004FF48060864200D90646324651461A48F3
:106C2000F9F73EFEA4F80675A4F80865012084F87B
:106C30000405B4F806052118401CA4F8060591F8CF
:106C40000401A86255E8000F40F0400045E800014B
:106C50000029F7D198F80000012808D1D9F80400DC
:106C6000BDE8F04700231A46194623F031B8BDE8C5
:106C7000F0870000540200204002002044C9002098
:106C8000A08601000048004048CA00201448C1699D
:106C9000C1F38011002916D00168C1F380110029C9
:106CA00011D0402101620F4AB2F80619B2F8083932
:106CB000994209D2B2F806195318491CA2F80619CC
:106CC00093F804188162704750E8001F21F04001DA
:106CD00040E80013002BF7D1002082F80409704728
:106CE0000038014008B000201E4810B5C169C1F34A
:106CF00040121D4972B1426AD3B2B1F80021B1F815
:106D00000241521CD2B2944204D0B1F800410B555A
:106D1000A1F80021C269C2F38012002A15D00268CE
:106D2000C2F38012002A10D040220262B1F8062578
:106D3000B1F808359A4209D2B1F806258B18521CD1
:106D4000A1F8062593F80411816210BD50E8002FC8
:106D500022F0400240E80023002BF7D1002081F808
:106D6000040510BD0048004044C9002010B50A4683
:106D7000024903A000F0B9FA004810BD540C0020ED
:106D800043444320436F6E66696700002DE9F0417C
:106D90000C46D0F8C422D0F8BC12E9B104EB84064A
:106DA00000EB86050027AB693BB102EBC602126A15
:106DB000B3FBF2F602FB163282B1C1F81472D0F8BE
:106DC000C00203692BB1D1F80802224601F5047113
:106DD00098470020BDE8F0810320FBE700231A4616
:106DE0002146AF6100F068FCF3E770B5D0F8BC4213
:106DF00005466CB100F058FBC4F80C02D5F8C0127F
:106E0000D4F80402CA6804F503719047002070BDED
:106E1000032070BD70B50446812100F0B2FA002550
:106E200025870121204600F0ACFAA4F87851822190
:106E3000204600F0A6FAA4F84C50A4F84E50D4F81E
:106E4000BC0248B1D4F8C00204F52F7440688047F2
:106E5000206800F020FE2560002070BD1220088010
:106E6000004870473400002010B5D0F8BC4284B10F
:106E7000D0F8C01259B194F80002FF2807D08B68EF
:106E800094F8012221469847FF2084F80002002050
:106E900010BD032010BD00000A210180004870478A
:106EA0007C0000204321018000487047CC00002076
:106EB0004321018000487047880000204321018061
:106EC00000487047100100202DE9F04704464FF4B8
:106ED000077000F0E1FD05004FF0000735D0C4F861
:106EE000BC52207C4FF010084FF40079012680B38B
:106EF000402302228121204600F02BFB26874023DD
:106F000002220121204600F024FBA4F87861A4F8B5
:106F10004E80082303228221204600F01AFBA4F8A9
:106F20004C60D4F8C00200688047C5F81472C5F8F8
:106F30001872207CD5F80422A8B1402301212046F4
:106F400000F013FB0020BDE8F0870220C4F8BC72FB
:106F5000F9E7FFE74B4602228121204600F0F9FACB
:106F600026874B46CCE74B46E8E7000010B50A46BB
:106F7000024903A000F0B9F9004810BD540C0020EC
:106F800043444320496E7465726661636500000086
:106F900004200880004870473000002010B50A46E1
:106FA000024903A000F0A1F9004810BD540C0020D4
:106FB00053544D6963726F656C656374726F6E696B
:106FC0006373000010B50A46024903A000F08DF972
:106FD000004810BD540C002053544D3332205669E4
:106FE000727475616C20436F6D506F727400000095
:106FF00010B5D0F8BC1251B1027C002AD1F804229D
:1070000007D04023012100F0B0FA002010BD03207A
:1070100010BD4FF40073F5E719B1C0F8C01200209D
:10702000704703207047000010B51A2008800A48F6
:107030000168001D0468001D0068081809D00822B6
:107040000649FDF745FC0549042210312046FDF7AD
:107050003FFC0248801E10BD9075FF1F4A000020B3
:10706000D0F8BC0218B1C0F8041200207047032009
:107070007047D0F8BC0228B1C0F81022C0F808123E
:1070800000207047032070472DE9FC410646D0F8E8
:10709000BC7200200C468DF80000ADF804000546D7
:1070A00037B1207810F0600128D0202944D102E0C7
:1070B0000320BDE8FC81E288C2B1000660780AD5F1
:1070C000D6F8C0128B6839469847E288072A00D95B
:1070D0000722394628E087F80002A07987F80102E4
:1070E000E2883946304600F051F82AE0D6F8C0125E
:1070F000607800228B682146984722E0607830B1A2
:1071000001281ED00A2809D00B2815D110E096F8C6
:107110009C02032810D1022201A905E096F89C02E6
:10712000032809D101226946304600F049F808E0F9
:1071300096F89C02032804D02146304600F01BF844
:1071400003252846B5E710B5D0F8B8220AB1526831
:107150009047002010BD134610B50A46002100F0EC
:1071600004FA002010BD134610B50A46002100F0B5
:10717000A3FA002010BD10B50446802100F081FA6A
:107180002046BDE81040002100F07BBA10B5032373
:10719000C0F89432C0F858211346C0F85C210A4662
:1071A000002100F0E2F9002010BD10B50521C0F863
:1071B000941200231A46194600F0D7F9002010BD9A
:1071C00010B50223C0F8943282611346C2610A46A8
:1071D000002100F071FA002010BD10B50421C0F8A4
:1071E000941200231A46194600F066FA002010BDDA
:1071F000F8B504460020ADF8000048880D46010AA5
:10720000062947D006DC01290FD0022912D0032914
:1072100062D11DE0072946D00F295DD1D4F8B40210
:10722000C26920E0694690473BE0D4F8B412207C64
:107230000A68F7E7207C02260028D4F8B80205D0B7
:10724000C16A684688470146467036E0816AF8E7B9
:10725000C0B2062840D2DFE800F003090D1115196D
:10726000D4F8B4024268B2B3207CDBE7D4F8B402AD
:107270008268F8E7D4F8B402C268F4E7D4F8B4023C
:107280000269F0E7D4F8B4024269ECE7D4F8B4023A
:107290008269E8E7207CF0B9D4F8B802416B68460F
:1072A0008847014609E0207CA8B9D4F8B802016BF0
:1072B00068468847014607204870EA888AB1BDF8C9
:1072C000000040B1824200D90246ADF800202046BD
:1072D000FFF776FFF8BDFFE729462046FFF74BFF93
:1072E000F8E72046FFF779FFF4E770B500230028A0
:1072F0001ED00025044602E06D1CEDB2641C267809
:10730000002EF9D1022404EB450414801278CA54EB
:107310005B1C0322CA5400245B1C06E0CA545B1C9D
:10732000DAB28C54521CD3B2401C0278002AF5D138
:1073300070BD01004FF0000004D0012901D00229E6
:1073400001D0032070470120704778B10023C0F8B6
:10735000B832C0F8C032C0F8CC3209B1C0F8B412AB
:10736000012180F89C12027000F0A2B8032070473F
:1073700010B5D0F8C402FCF74DFBBDE81040FFF794
:10738000D8BF10B5D0F8C402FCF71FFBBDE8104011
:10739000FFF7CFBF70B51646044621B194F89C02A2
:1073A000032841D048E0D4F8941204F114000025D9
:1073B000022932D1D0E902318B4206D95A1A8260B1
:1073C00031462046FFF7CFFE0FE0994214D14068C6
:1073D000884211D3D4F8981288420DD20022114667
:1073E0002046FFF7C0FEC4F8985200231A461946FB
:1073F000204600F0BAF810E094F89C02032805D16A
:10740000D4F8B802C16809B12046884780212046D7
:1074100000F037F92046FFF7C8FE94F8A0020128D3
:107420000AD184F8A05207E0D4F8B80242691AB130
:1074300020469047002800D1002070BD10B51346AB
:10744000044621B194F89C02032823D02AE0D4F802
:10745000941204F5AA70032924D1D0E902129142B2
:107460000AD98A1A8260C068824200D3024619464D
:107470002046FFF770FE15E094F89C02032805D122
:10748000D4F8B802016909B1204688472046FFF7C1
:10749000A4FE07E0D4F8B80282691AB120469047EA
:1074A000002800D1002010BDD0F8C402FCF70DBDAB
:1074B00010B51E490446C1F8D802C0F8C4121C48D1
:1074C00008600820087102204871C8710020087205
:1074D00048728872C8720846FCF730FE08B1FBF7A4
:1074E000BFFE0022D4F8C4021823114604F53174FB
:1074F000FCF73AFA5823002280212068FCF734FA7E
:10750000C023002281212068FCF72EFA4FF48873F3
:10751000002201212068FCF727FA4FF48073002233
:1075200082212068FCF720FA002010BDA806002068
:10753000005C00400A0601F07F01D0F8C40201EBB4
:10754000810100EBC10001D5807C704790F85201A9
:10755000704710B51C461346D0F8C4022246FCF70B
:10756000BDFCBDE81040FFF7E4BE10B5D0F8C40282
:10757000FCF7E2FCBDE81040FFF7DBBE70B501256B
:10758000044680F89C520020C4F894026060C4F85D
:10759000A402D4F8B802E0B1D4F8BC1221B1426818
:1075A00012B1002120469047002240231146204678
:1075B000FFF7CFFF4026A4F8645133460022802114
:1075C0002046C4F86061FFF7C4FFA584002026624E
:1075D00070BD032070BD90F89C12042903D190F86F
:1075E0009D1280F89C120020704710B5D0F8B81298
:1075F00021B190F89C22032A02D004E0032010BDA0
:10760000C96901B18847002010BD0174002070478E
:1076100010B5D0F8C402FCF72FFEBDE81040FFF70C
:1076200088BE70B5044600F2AA20054600F04DF869
:107630000120C4F89402B4F8B002C4F8980294F897
:10764000AA0210F01F010AD001290ED0022912D07F
:1076500000F080012046BDE8704000F012B82946D5
:107660002046BDE8704000F0C3B829462046BDE87A
:10767000704000F0E7B929462046BDE8704000F0B0
:1076800041B910B5D0F8C402FCF76DFCBDE810405C
:10769000FFF74FBE10B5D0F8C402FCF707FEBDE8F7
:1076A0001040FFF746BE90F89C1280F89D1204210E
:1076B00080F89C120020704710B5D0F8C402FCF787
:1076C00081FCBDE81040FFF734BE70B5054611F8E7
:1076D000010B2870087868704C1C2046FEF78EFF5E
:1076E0006880A41C2046FEF789FFA880A01CFEF736
:1076F00085FFE88070BD38B504460020ADF8000075
:1077000049B1C4F8B812C96A19B168468847C4F8C3
:10771000CC02002038BD032038BD02460320D2F839
:10772000B832002B02D01B68104618477047000083
:107730002DE9F0410F462C4E897800250446317022
:10774000012906D939462046FFF715FD0320BDE87B
:10775000F08194F89C0202280CD003281DD03946F1
:107760002046FFF708FD31782046FFF7ECFC0325A3
:107770002846ECE799B320466160FFF7CEFF05008D
:1077800004D039462046FFF7F6FCF1E72046FFF724
:1077900024FD032084F89C02EAE74FF00208C1B1FF
:1077A000606888421BD0C1B22046FFF7CCFC31781C
:1077B00020466160FFF7B1FF050010D03946204632
:1077C000FFF7D9FC21792046FFF7BDFC84F89C82A5
:1077D000CEE784F89C8220466160FFF7B4FC204627
:1077E000FFF7FBFCC4E7000078000020FFF752BF62
:1077F0002DE9F0410A78002512F0600208D0202A15
:1078000001D0402A71D1D0F8B8229268904731E077
:107810004B78002201260A2B67D2DFE803F0415E95
:107820006658660805662D29FFF7E2FC5FE004460E
:107830008888D8B9C888C8B94888802816D200F086
:107840007F0794F89C02032810D084F89E72394672
:107850002046FFF7DDFE2046FFF7BFFC1FB10220E8
:1078600084F89C0243E084F89C6240E020463CE0BF
:10787000FFF75EFF05463AE0CB88012B35D190F843
:107880009C32012B04D0022B02D0032B2DD104E01B
:107890008260012200F1080116E00122011D13E0BF
:1078A00090F89C22012A03D0022A01D0032A1CD17D
:1078B000CA88022A19D1C660D0F8A41209B10321DE
:1078C000C160022200F10C01FFF77AFC0FE0498849
:1078D00001290CD1C0F8A46211E090F89C32012B70
:1078E00008D0022B06D0032B04D0FFF744FC284617
:1078F000BDE8F08149880129F9D1C0F8A422FFF739
:107900006CFCF4E72DE9F0410D460446287800268A
:10791000097910F060000BD0202801D040286DD1EB
:10792000D4F8B8022946826820469047064686E089
:107930006878A8B3012822D003287CD194F89C024F
:10794000022802D0032876D10BE0002973D08029C9
:1079500071D02046FFF795FE80212046FFF791FE6B
:107960006DE0688838B931B1802904D0E88810B951
:107970002046FFF786FE2046FFF72FFC5FE094F8D5
:107980009C020228E1D0032855D16888A8BB48068C
:1079900002D02046FFF7ECFC2046FFF71EFCBFE7B5
:1079A000FFE794F89C020027022802D0032842D166
:1079B00011E009B180293ED1080601F07F0000EBFB
:1079C000800004EB800101D5143101E001F5AA71BA
:1079D00002220F602BE0080601F00F0000EB800090
:1079E00004EB80000BD5808C40B101F07F0000EBF0
:1079F000800004EB800514350CE020E01BE0B0F8BB
:107A00006401C0B101F07F0000EB800004EB800551
:107A100005F5AA7541B1802906D02046FFF78AFDF9
:107A200010B10120286000E02F6002222946204684
:107A3000FFF7C6FB03E029462046FFF79CFB3046D4
:107A4000BDE8F08170B50646087800240D4610F0B8
:107A5000600003D0202801D0402817D196F89C025E
:107A6000012803D0022801D003280FD1287901284A
:107A70000CD8D6F8B8028268304690470446E888A9
:107A8000204306D13046FFF7A8FB02E03046FFF75F
:107A900072FB204670BD7047004870478804002084
:107AA0002DE9F04F0C78002530F8243048F68F127D
:107AB0001340CA78002A7DD0012A7CD0022A02D045
:107AC000032A79D0012548F28002134320F824309C
:107AD0000E7830F8263048F68F7423403343134332
:107AE00020F826300B7B48F2C00A48F6BF774CF2EC
:107AF00080094BF68F764FF6FF7B4FF4004EE3B3D1
:107B0000CB7891F800C0022B30F82C307ED048F6AC
:107B10008F6803EA0803134320F82C30B0F8503084
:107B200091F800C0034403EBCC03B1F808C02CF07B
:107B3000010CA3F800C4B0F8503091F800C0034421
:107B400003EBCC03B1F80AC02CF0010CA3F804C479
:107B50004B7891F800C0002B30F82C304FEA4343AB
:107B60007ED0002B06DA30F82C30234043EA09039C
:107B700020F82C3091F800C000E02EE030F82C30D6
:107B80005B0606D530F82C30234043EA0A0320F880
:107B90002C30CB780C78012B30F8243003EA070323
:107BA00001D083F02003134320F824300B7830F801
:107BB000231002E008E00DE009E03140114320F815
:107BC00023102846BDE8F08F43F400737BE743F4AD
:107BD000C06378E743F4806375E74B78002BB0F817
:107BE0005030034424D00E7803EBC603CE8826F031
:107BF0000106A3F800640B7830F82360760608D5F8
:107C000030F82360264046EA0A0600E061E020F8EA
:107C10002360CB78012B06D00B7830F82310394045
:107C200081F02001CAE70B7830F823103940C5E70E
:107C30000F7803EBC703CF8827F00107A3F804747C
:107C4000B0F850300F78034403EBC703B3F8067461
:107C5000C7F30907A3F8067403F206430F6900E0AF
:107C60003DE05FB13E2F0DD84FEA570CFF0701D022
:107C70000CF1010C1F880BEA8C2C0CE01F8847F4D8
:107C800000470AE04FEA571CFF0601D1ACF1010C96
:107C90001F884EEA8C2C47EA0C071F800F7830F8BB
:107CA00027305B0406D530F82730234043EA090328
:107CB00020F827300B782BB130F82310314081F4B5
:107CC00000517BE70188314081F44051114301802C
:107CD00077E7234048F2801843EA08031CE7002BAB
:107CE00006DA30F82C30234043EA090320F82C3020
:107CF00091F800C030F82C305B0606D530F82C30F7
:107D0000234043EA0A0320F82C304B7813B1012BAF
:107D10002DD035E0B0F850300C78034403EBC403A9
:107D2000B3F80244C4F30904A3F802440C6903F253
:107D300002435CB13E2C0ED84FEA540CE40701D04C
:107D40000CF1010C1C880BEA8C2C0DE01C8844F40F
:107D500000441C8014E04FEA541CE40601D1ACF14D
:107D6000010C1C884EEA8C2C44EA0C04F1E7B0F8B4
:107D700050300C78034403EBC4030C8AA3F802448C
:107D80004B7813B1012B2DD035E0B0F850300C7882
:107D9000034403EBC403B3F80644C4F30904A3F893
:107DA00006440C6903F206435CB13E2C0ED84FEA40
:107DB000540CE40701D00CF1010C1C880BEA8C2C4C
:107DC0000DE01C8844F400441C8014E04FEA541C6D
:107DD000E40601D1ACF1010C1C884EEA8C2C44EA7B
:107DE0000C04F1E7B0F8504023180C7803EBC403FF
:107DF0000C8AA3F806440C7830F82430334083F41E
:107E00004053134320F824300DE72DE9F04391F857
:107E10000C804F780A7848F6BF7C4BF68F7948F291
:107E2000800348F2C0054CF2800648F68F74B8F122
:107E3000000F28D0002F30F822704FEA474748D073
:107E4000002F05DA30F822702740374320F82270DF
:107E50000A7830F822707F0605D530F82270274066
:107E60002F4320F822700D7830F82520224032432D
:107E700020F825200C7830F8242002EA0C021A435E
:107E800020F824201AE07FB130F82260760605D56C
:107E900030F8226026402E4320F822600A7830F81D
:107EA000221001EA0C010EE030F822506D0405D5D5
:107EB00030F822502540354320F822500A7830F817
:107EC000221001EA0901194320F822100020BDE820
:107ED000F083002F05DA30F822702740374320F86E
:107EE00022700A7830F82260760605D530F82260D4
:107EF00026402E4320F822600E7830F826202240BB
:107F00002A4320F826200C7830F8242002EA0902BF
:107F10001A4320F82420C1E730F8581F41F40041EB
:107F2000018000207047012120F8401F00210180BE
:107F3000818001820846704730F8401F4BF68072FE
:107F4000914301800020704730B54B780A78002BB0
:107F500048F68F7530F8223048F2800415D05B0661
:107F600007D530F822302B4048F2C0052B4320F8CB
:107F70002230CA78012A1DD00A7830F8221048F63B
:107F8000BF73194081F0200111E05B0407D530F880
:107F900022302B404CF280052B4320F822300A7807
:107FA00030F822104BF68F73194081F44051214371
:107FB00020F82210002030BD10B54A780978002A38
:107FC00048F2800330F8212005D048F6BF742240E3
:107FD00082F0100204E04BF68F74224082F480524B
:107FE0001A4320F82120002010BD00002DE9F047A1
:107FF00006460C464878097B4FF0000848F68F7219
:1080000048F2801748F68F6348F2800A012809D0A9
:10801000002971D0E07802286FD001286ED00120AD
:10802000BDE8F087A5692069854200D9054691B170
:10803000E17802291ED0206A401B2062207836F8A1
:1080400020104906B6F85010314401EBC00075D538
:10805000A0F8065418E1ABB2E2883046616900F03E
:10806000A9F9B6F850002178304400EBC100A0F81F
:1080700002540FE1216A81427AD9217836F8210031
:108080001040384326F82100206A401B20622078E7
:1080900036F820104FF6FF77490661784FF4004913
:1080A00067D511B101292AD030E0B6F8501031441B
:1080B00001EBC000B0F80614C1F30901A0F80614E2
:1080C00000F206404DB13E2D0CD86908EA0700D0F9
:1080D000491C028807EA81210BE0018841F4004134
:1080E000018013E06909EA0600D1491E028849EAC5
:1080F00081210A43028009E0EFE008E11DE1B6F8C2
:108100005020911901EBC000A0F806546289ABB26F
:108110003046616900F04EF9606928446061216968
:10812000206A884202D9401B206202E00546C4F85A
:108130002080607818B101282BD032E02FE0B6F80B
:1081400050002178304400EBC100B0F80214C1F3B4
:108150000901A0F8021400F202405DB13E2D0ED8D4
:108160006908EA0700D0491C028807EA81210DE06E
:10817000A0E018E0018841F40041018011E06909A4
:10818000EA0600D1491E028849EA81210A43028099
:1081900007E0B6F850002178304400EBC100A0F8A9
:1081A0000254228971E011B1012927D02DE0B6F8DF
:1081B0005010314401EBC000B0F80214C1F30901C2
:1081C000A0F8021400F202404DB13E2D0CD869080F
:1081D000EA0700D0491C028807EA81210BE00188E8
:1081E00041F40041018010E06909EA0600D1491E0E
:1081F000028849EA81210A43028006E0B6F850105D
:10820000314401EBC000A0F802542289ABB23046E1
:10821000616900F0CFF86069284460612169206AD3
:10822000884202D9401B206202E00546C4F8208043
:10823000607810B1012836D026E0B6F850002178D9
:10824000304400EBC100B0F80614C1F30901A0F8F6
:10825000061400F206404DB13E2D0CD86908EA071D
:1082600000D0491C028807EA81210BE0018841F413
:108270000041018008E06909EA0600D1491E028830
:1082800049EA81210A4302806289ABB230466169C2
:1082900000F090F8217836F8210048F6BF721040BF
:1082A00080F0300053E0B6F850108819217800EBC8
:1082B000C100CDE6227836F82200184040EA0A00D4
:1082C00026F82200B6F850002278304400EBC200B5
:1082D0008BB2A0F802342289D8E7A06908B9E07807
:1082E00078B1217836F82100184040EA0A0000BF32
:1082F00026F82100A169206981421ED9081AA061CF
:108300001DE0217836F8210010403843F0E7E0699D
:10831000A8B1217836F82100430401D5430603D4DF
:1083200044F2400318420AD136F82100104048F2C6
:10833000C002104326F8210001E0C4F8188021781B
:1083400036F821004BF68F72104080F4405040EA1E
:108350000A0026F82100002062E60021A0F844105F
:108360004BF68071A0F84010002070470148FBF7E1
:1083700040BE0000A8060020B0F84400704710B5C9
:1083800010445C0800F5806008D030F8022B01F83A
:10839000012B120A01F8012B641EF6D1DA0701D075
:1083A0000088087010BD11B98021A0F84C10002081
:1083B0007047000010B55B1C10445B0800F580603E
:1083C0000AD000BF11F8012B11F8014B42EA042238
:1083D00020F8022B5B1EF5D110BD00001CB500215A
:1083E0000120CDE900010B46420208A1084821F016
:1083F00079FF08490128086006D007A00AF026FD89
:10840000BDE81C40FAF72CBF1CBD000055534200CC
:108410003599020858020020555342207461736B4D
:1084200020637265617465204661696C6564000053
:1084300010B541F21E111048F8F7B1FA012021F0F1
:10844000ADFB0E4C606010B90DA00AF0FFFC0120DE
:1084500021F0A4FBA06010B90EA00AF0F7FC0120E7
:1084600021F09CFBE060002804D1BDE8104010A082
:108470000AF0ECBC10BD000008B000203002002063
:108480004D757465782063726561746520666169F5
:108490006C65640044617461206D75746578206357
:1084A0007265617465206661696C65640000000036
:1084B00053656E642064617461206D757465782005
:1084C000637265617465206661696C6564000000B3
:1084D00010B540F20A511648F8F761FA1449002025
:1084E000A1F80001A1F80201012021F057FB114C75
:1084F000606068B103220021012021F061FBA060CF
:1085000070B10023BDE810401A46194621F0E0BBC7
:10851000502080F31188BFF34F8FBFF36F8FFEE7BA
:10852000502080F31188BFF34F8FBFF36F8FFEE7AA
:1085300044C9002040020020FEE700001CB50021D5
:108540000420CDE900010B46402208A10A4821F091
:10855000C9FE0A490128086006D009A00AF076FC85
:10856000BDE81C40FAF77CBE1CBD00005761746377
:1085700068646F6700000000CD990208580200206F
:108580005761746368646F67207461736B206372F2
:1085900065617465204661696C65640003B4019887
:1085A0004100009850EAC12018BF04204A0D18BFAE
:1085B00040F0010040F2FF72B2EB515F08BF40F0A3
:1085C0000200012808BF052002B07047002809DB1F
:1085D00000F01F02012191404009800000F1E020DD
:1085E000C0F800117047002809DB00F01F020121CC
:1085F00091404009800000F1E020C0F80011704770
:108600000907090E002804DB00F1E02080F80014BF
:10861000704700F00F0000F1E02080F8141D704753
:108620000907090E002804DB00F1E02080F800149F
:10863000704700F00F0000F1E02080F8141D704733
:108640000907090E002804DB00F1E02080F800147F
:10865000704700F00F0000F1E02080F8141D704713
:1086600030B52DED048B81B0B0EE408AF0EE608A1B
:108670006A4651EC180B0AF017FC00989FED329BEC
:108680007E300090002821DC53EC192B51EC180BA4
:1086900022F0B6F91AD0002140F608004FF0000091
:1086A000044651EC180B22F065F908EE100A40F66A
:1086B000080004EA00014FF00000B5EEC08AF1EEB8
:1086C00010FA04BF0220F8F7FBF92DE00098FF280C
:1086D00030DB002108464FF0000000F4400553EC69
:1086E000192B51EC180B22F001FB8CBF0024012444
:1086F0000220F8F7E5F99FED168A4DB1002C0CBF6A
:108700004FF400004FF48000A84218BF9FED118A7B
:10871000042108464FF00000002C01BFB1EE480ACA
:1087200001B0BDEC048B30BDB0EE480A01B0BDEC29
:10873000048B30BD51EC180B22F01CF901B000EE97
:10874000100ABDEC048B30BD0000000000000000EA
:108750000000807FFFFF7F7F30B540F2FF742DED7A
:10876000048BF0EE608A18EE901A85B0B0EE408A65
:108770009FED2B9B05468DED008B34EA115147D0C0
:1087800053EC192B51EC180B22F03AF940D02A4641
:1087900051EC180B22F094FB41EC180B18EE900AE8
:1087A0008DED008B34EA10501CD053EC192B51EC9A
:1087B000180B22F025F92BD10220F8F781F900F0EF
:1087C0000BF910EE901A18EE900A8DED020B8DED5C
:1087D000008B61F31E0003909DED020B05B0BDEC14
:1087E000048B30BD0220F8F76BF900F0E5F810EECD
:1087F000901A18EE900A8DED020B8DED008B61F34F
:108800001E0003909DED020B05B0BDEC048B30BD46
:1088100005B0B0EE480AF0EE680ABDEC048B30BD3E
:10882000000000000000000010EE100A10B5002348
:10883000A0F50001B1F1FE4F67D200BF00F50021A5
:108840006FF07E0202EBE15CC1F302524FF07E5109
:1088500001EB025100EE901AA0EBCC5003EB0C019F
:1088600000EE100A51EA020036D030EE601A70EEC7
:10887000200A9FED3D2A3E4881EE200A9FED3B1ADB
:1088800060EE000A00EE821A60EE201A61EE810AA4
:10889000784401EE101A00EB82009FED362AB8EE04
:1088A000C11AD0ED001A344841EE021A784401EEA4
:1088B000101A00EB8200B8EEC11A90ED002ADFED2D
:1088C0002F2A01EE222AB0EE001A72EE200A40EEA4
:1088D000010A31EEA00A10BDF7EE000A9FED291A39
:1088E00030EE600ADFED260A00EE201ADFED260AE0
:1088F00060EE001A40EE010A9FED241A00EE201AE5
:1089000061EE810A30EE200A10BD4FF07F41B1EBDD
:10891000400F03D2BDE8104000F078B8B0F1FF4F2F
:1089200008BF10BDB5EEC00AF1EE10FA06D2012064
:10893000F8F7C6F8BDE8104000F06CB8B5EEC00A14
:10894000F1EE10FA07D10220F8F7BAF800F054F867
:10895000B1EE400A10BDDFED0E0A6FF0160320EEF7
:10896000200A10EE100A69E766F1CC3EAAAA2A3F57
:10897000E01504000070313FE4150400F4FD0538F3
:1089800021ED423E0A1180BEC1ABAA3EFFFFFFBEF1
:108990000000004B08B59FED060A0A4601468DED22
:1089A000000A6846F8F77AFC9DED000A08BD000051
:1089B00000000000000000009FED050B10B553EC17
:1089C000102B51EC100B22F093F841EC100B10BD62
:1089D00000000000000000709FED050B10B553EC87
:1089E000102B51EC100B22F083F841EC100B10BD52
:1089F0000000000000000010DFED030AB7EE001ACF
:108A000081EE200A704700000000000030EE000AEE
:108A100070470000DFED020A80EEA00A70470000F8
:108A20000000000010B5044691ED000BFFF718FEA2
:108A300084ED000A10BD10B5044690ED000B084609
:108A4000FFF78AFE84ED000B10BD30380A2801D2F2
:108A5000012070470020704710B54421074800F0FE
:108A600097FD0022322106481AF0B2FB054CA060A7
:108A700001F0A6FA0020207010BD00009C380120F3
:108A800075A00008B00300202DE9F0470E4681468E
:108A900017461146304600F01CF94FF0FF3A002807
:108AA0007DD000223946304600F0BFF800284FF054
:108AB000000075D1B6F90480B6F900305246A8EB33
:108AC0000301491C0AFA81F10FFA81FAB6F906C0CE
:108AD000B6F90210ACEB010C0CF1010C02FA8CF2AD
:108AE000B7F802C012B2ACEB010C0FFA8CFCBCF16F
:108AF000000F0EDD63F30F0468F30F0501EB0C00AC
:108B000061F31F4460F31F45C9F800400120C9F814
:108B10000450B7F906107388CB1AD21A12B2002A81
:108B200013DDB6F9063099420FDA338863F30F0488
:108B3000B38861F31F4463F30F05114461F31F45CC
:108B400009EBC001401C0C604D60B7F90220B6F97A
:108B500002108A4200DD1146B7F90630B6F9062048
:108B6000934200DA1A463B88B6F900C0521AA3EBCA
:108B70000C031BB212B2002B10DD002A0EDD634481
:108B800063F30F058B1863F31F456CF30F0409EBB8
:108B9000C00361F31F441C605D60401C01E01AE0EB
:108BA00017E0B7F9043036889F1BAAEB070636B2E8
:108BB000002E0EDD63F30F0461F31F44334463F3AF
:108BC0000F05114461F31F4509EBC001401C0C6007
:108BD0004D60BDE8F0875046FBE770B5B1F9003055
:108BE000B2F90040A34200DC23460380B1F90250F1
:108BF000B2F90240A54200DD2C464480B1F9046080
:108C0000B2F90450AE4200DA35468580B1F906105B
:108C1000B2F90620914200DB1146C1800120AB422F
:108C200001DC8C4200DD002070BDF8B50D46044625
:108C3000B0F90000B1F900101646884247DBB4F9DC
:108C40000210B5F90220914241DBB4F90410B5F9E4
:108C5000042091423BDCB4F90610B5F9062091429C
:108C600035DC96B3ADF800006088ADF802003246FE
:108C70006946284600F099F8002827D0A088ADF86A
:108C800000006088ADF8020032466946284600F0D0
:108C90008CF800281AD02088ADF80000E088ADF8E4
:108CA000020032466946284600F07FF800280DD0C1
:108CB000A088ADF80000E088ADF8020032466946B1
:108CC000284600F072F8002800D00120F8BD0020EE
:108CD000F8BDB0F90020B1F904309A4213DCB0F9C4
:108CE0000420B1F900309A420DDBB0F90220B1F94D
:108CF00006309A4207DCB0F90600B1F9021088424A
:108D000001DB0120704700207047F8B50D4604468E
:108D1000B0F90400B1F900101646884243DBB4F9FB
:108D20000600B5F9021088423DDBB4F90000B5F940
:108D30000410884237DCB4F90210B5F906209142DC
:108D400031DC76B3ADF800006088ADF80200324641
:108D50006946284600F029F818BBA088ADF8000045
:108D60006088ADF8020032466946284600F01DF8DA
:108D7000B8B92088ADF80000E088ADF802003246AE
:108D80006946284600F011F858B9A088ADF80000EF
:108D9000E088ADF8020032466946284600F005F842
:108DA00008B10020F8BD0120F8BD2DE9FC411446B2
:108DB0000E46B1F90020B0F9001005468A423ADBB0
:108DC000B5F90400824236DCB6F90270B5F902202A
:108DD000974230DBB5F906309F422CDC002C75DD64
:108DE000401A9A1A401C521C00B212B200EBD0700A
:108DF00002EBD27240105210904200DB10468442C7
:108E000000DD0446ADF80010288800222044ADF8AB
:108E100004006888ADF80200688831462044ADF847
:108E200006006846FFF7C1FF40B1BDF804002044CA
:108E3000ADF804003FE00020BDE8FC81E888002296
:108E4000001BADF80200E888ADF806003146684620
:108E5000FFF7ABFF28B1BDF804002044ADF80400D3
:108E600011E0A8880022001BADF80000A888ADF82A
:108E7000040031466846FFF798FF50B1BDF8000086
:108E8000001BADF80000BDF80200001BADF80200A9
:108E900016E06888ADF80200688800222044ADF82A
:108EA000060031466846FFF780FF70B1BDF800004C
:108EB000001BADF80000BDF806002044ADF8060028
:108EC0003146684618F0C8F9B6E7FFE70120B3E776
:108ED00010B5B1F90040B2F900309C4200DA2346E7
:108EE0000380B1F90240B2F902309C4200DA234615
:108EF0004380B1F90440B2F904309C4200DD2346BE
:108F00008380B1F90610B2F90620914200DC1146C7
:108F1000C18010BD2DE9FC4105461AF056F9002626
:108F20007D4C074600960DB1E86801E00EF0D4F8DC
:108F30006060006918F08CF86068406908B118F04A
:108F400087F86068C06918F083F86068006A18F0F4
:108F50007FF86068016991B118F0FCF91CF072FBB0
:108F60001CF0DEF86068B0F85011E1B30068017CD5
:108F7000C9071ED0C0684068D8B1002514E0A0F829
:108F80005061BDE8FC81411991F8301151B900F5EB
:108F9000AC7000F054FB616801EBC5010A6B026024
:108FA000496B41606D1CADB26068B0F85011A942C8
:108FB000E9D860684FF48071303014F059F8606877
:108FC000202100F5987014F053F86068A0F8506103
:108FD00038461AF0F4F8009060680068436A13B1EC
:108FE00022680099984713F0C1FE00F0CFF800F016
:108FF000A1F84A4D6F69EFBB0EF06EF80EF09AF8CB
:1090000012F07AFE074600227F2117F0CDFE0022E3
:10901000114610460DF0ADFD0190BDF80410002280
:10902000384617F0A6FEFF22114610460DF0A1FDAE
:109030000190BDF804100022384617F063FF0022AB
:109040000321384617F02AFF00220321384617F083
:1090500016FF00220321384617F016FF00220321D5
:10906000384617F016FF00220321384617F045FF57
:109070002BA100E009E0384613F0C4FC00231A4697
:109080000621384614F03EF96F6128681AF097F807
:10909000B0F5967F0DD2206841F2883188427FF684
:1090A00070AF6868009908446860A868401CA860B0
:1090B00067E71AF08AF828606068406828B100689D
:1090C0004FF47A71B1FBF0F000E01420696809B93F
:1090D00001216960A968E1B14FF47A7251436A686D
:1090E000B1FBF2F46E60AE60844200D90446286998
:1090F00020442861E868401CE8601AF09DF8C0F13F
:10910000640302B022463846BDE8F04105A113F0E1
:10911000B2BC0446E6E700003C030020083801200A
:109120003F0000002575204650530A25752525204F
:109130004350550070B50A4D002400BFC4EBC4066F
:1091400055F8260008B113F085FE05EB86001C21BA
:1091500013F08EFF641CE4B2022CEFD370BD00004C
:109160000C390120084949680AE04A68824202D065
:109170000A68824203D10A7E42F001020A764969F6
:109180000029F2D170470000100300207047000052
:109190000421014800F0FCB9903801202021014849
:1091A00000F0F6B9A83801202DE9FF410446DDE9B9
:1091B0000A671D004FF0000002D1B6F5807F2BD06A
:1091C000039001900290ADF80C100090ADF80410DF
:1091D000ADF80A20ADF80E203B46324629466846D7
:1091E00017F09AFF3B463246294601A817F094FF34
:1091F0003B463246294602A817F08EFF3B463246D0
:10920000294603A817F088FFBDF90000BDF9043016
:10921000984209DA054608E02080491E6080A18056
:10922000521EE280BDE8FF811D46BDF90820BDF950
:109230000C108A4201DA164600E00E46B54203DA07
:10924000984206DB184604E08A4201DA104600E044
:109250000846801E2080BDF90030BDF904209342ED
:1092600001DD1D4600E01546BDF90800BDF90C10F2
:10927000884201DD064600E00E46B54205DD934218
:1092800001DD194604E0114602E0884200DD014696
:10929000891CA180BDF90230BDF90620934201DA94
:1092A0001D4600E01546BDF90A00BDF90E108842C2
:1092B00001DA064600E00E46B54205DA934201DACD
:1092C000194604E0114602E0884200DA0146891E90
:1092D0006180BDF90230BDF90620934201DD1D46D3
:1092E00000E01546BDF90A00BDF90E10884201DD07
:1092F000064600E00E46B54205DD934201DD194603
:1093000004E0114602E0884200DD0146891CE1804C
:1093100088E700002DE9F047404E884691463188A5
:10932000824621B13E483F4C056800200FE00020F6
:10933000BDE8F08700EB400202EBC00205EB8203C0
:109340009A6AA24201DD521E9A62401C80B2884293
:10935000F0D300241FFA88F728E000BF04EB440094
:1093600000EBC40005EB800001898F421CD1C2686C
:109370004A4519D14168504611F02EFCA0B104EBCA
:10938000440000EBC40005EB8000C269816A11440F
:109390004FF47A728162914200DD82620028C7D167
:1093A0002C460120328812E0641CA4B2308884422A
:1093B000D4D3F5E700EB400101EBC00105EB8101DF
:1093C000A66A8B6AB34200DA0C46401C80B2904217
:1093D000F0D3606810B1204611F0C5FF19F0F5FE1A
:1093E00005464B4642465146204612F00BF820B146
:1093F0000020A062E06940B10EE02C21204613F06D
:1094000037FE4FF00040A06291E7284619F0D7FEE2
:10941000E06108B90120E061204689E744030020AB
:10942000CC0300200100008010B51421074800F093
:10943000AFF811F0ABFF002807D0054901600549DE
:109440004160054981600549C16010BDB438012003
:1094500061AD0108DDB00108ADB201082DAD010814
:109460007FB50E46040003D10DF036FE04002CD06B
:109470000DF0A6FE002828D094F82800400724D438
:10948000002506B3ADF80050ADF8025020460DF0AF
:109490003BFE401EADF8040020460DF07BFE401E52
:1094A000ADF806006A46314602A8FFF796FB002891
:1094B0000BD02068017C890708D5DDE90001C4E9EB
:1094C0000C01012029E0A4F850517FBD82690AB146
:1094D00002A9904700260AE004EBC601002202A878
:1094E0003031FFF7A2FB0028EFD1761CB6B2B4F8FA
:1094F0005001B042F0D880B2202804D204EBC00062
:1095000002A9303004E0A4F8505104F1300069465B
:109510000CF020F9B4F85001401CA4F85001606828
:109520000028D2D019F036FF7FBD70B5054600F097
:1095300012F804460CE02146284600F01EF80646C4
:109540002146284600F0A2F8204613F083FC34465A
:10955000002CF0D170BD002800D04068704700B5E5
:1095600003460022FFF7F7FF03E01846521C00F005
:1095700004F80100F9D1104600BD0068091D4058EB
:109580007047006840587047002800D080687047D6
:1095900000224260C91C21F0030182600160704713
:1095A00070B504460068083013F0C8FB050013D0FE
:1095B0000146002220461AF093FD294620466268A3
:1095C0001AF088FD616819B12A4620461AF088FD14
:1095D0006560A06800B9A560284670BD2DE9F0411E
:1095E0000C4606000AD04CB1FFF7B5FFA04208D1E7
:1095F0003046FFF7D5FF051E01D01EE00020BDE874
:10960000F0813068083013F099FB051EF7D0306800
:109610002A460759304639461AF05CFD3A46294633
:1096200030461AF05DFD2A46214630461AF058FDB4
:109630002246294630461AF04DFD2846DFE770B530
:1096400004460068083013F079FB050013D001468A
:10965000002220461AF03EFD29462046A2681AF054
:109660003FFDA16819B12A4620461AF033FDA560D6
:10967000606800B96560284670BD28B1416809B9C5
:10968000806808B1002070470120704770B5040061
:109690000DD0FFF760FF00228842204608D1FFF777
:1096A0006CFF6060011E01D000221EE0A26070BD50
:1096B000FFF76AFF8842206808440AD10168A16068
:1096C00029B12046BDE8704000221AF003BD626057
:1096D00070BD05682046FFF750FF06460246294642
:1096E00020461AF0F7FC2A4631462046BDE8704075
:1096F0001AF0F6BC10B50446006882680AB121462B
:10970000904720680068002801D02060F5E710BD70
:109710008068002801D0B0F91600704780680028E2
:1097200001D0807E8009704770B5164605460C460C
:1097300051EA06001AD0284613F05EFFA8680123FC
:109740003246018A21440182A868418A314441821B
:109750002146284616F048FA00220B21284610F030
:1097600043FD012803D1284616F098F9012070BD69
:1097700077B581B00E46050017D0622215F0EAFCDD
:10978000040012D0206880B128463146632215F0CB
:10979000E1FC10F0FF0208D02368204603999847A7
:1097A0000090BDF80000ADF80C00039804B070BD47
:1097B0002DE9F047074692B0408C1A9E40F0080011
:1097C000788490463A8499468A463289384615F01C
:1097D000C1FC0546A7F8209032895146384615F05D
:1097E000B9FC0446788CA54220F00800788403D1A7
:1097F0002904B1EB044F68D0A7F820803289514684
:10980000384615F0A7FC05468046A7F8209051463B
:1098100038460AF0C9F9318900682A4618F01CFE5A
:1098200030890B2823D147F6FF794D4501D04C45AF
:109830001DD1384615F046FE00EBD0704510384675
:1098400014F097FD00EBD0704010C84506D1691C9C
:10985000431C994200DA00E0194688464C4506D17F
:10986000691C421C914201DA6C1C00E01446184845
:10987000FFF796FE050028D02F60C5E903843089E4
:10988000A8806846C5F808A00BF068FA1148FF21C7
:10989000CDE9005010480290104803900020089035
:1098A000CDE9090130880B9070889DF84210404244
:1098B0000C90F0680790002060F300018DF84210D2
:1098C0003069069068460BF0A7FA12B0BDE8F08741
:1098D000C03801205D8B02085D8D0208B98C02083A
:1098E00014210148FFF754BEC03801202DE9F84F7C
:1098F00000259046894606462C460427E5E000BF31
:10990000F16807EBC400085882017AD480B230EACB
:10991000090211D05FF0000230EA08000ED00020EA
:1099200082426ED051F834A06A461021504618F099
:109930002CFB002871D103E00122EDE70120EFE7C5
:109940006A461121504618F020FB002865D16A466E
:109950001221504618F019FB00285ED16A461321E7
:10996000504618F012FB002857D16A461521504680
:1099700018F00BFB002850D16A461421504618F00D
:1099800004FBE8BB6A460A21504618F0FEFAB8BB51
:109990006A466B21504618F0F8FA88BB6A466C217B
:1099A000504618F0F2FA58BB6A460121504618F0AA
:1099B000ECFA28BB6A460421504618F0E6FAF8B9DA
:1099C0006A460221504618F0E0FAC8B96A460321F7
:1099D000504618F0DAFA98B96A460521504618F050
:1099E000D4FA68B96A460621504618F0CEFA38B95A
:1099F0006A463221504618F0C8FA08B96A4601E0B2
:109A00000BE061E06E21504618F0BFFA28B96A46B3
:109A10006D21504618F0B9FA10B10320BDE8F88F57
:109A20006A466921504618F0B0FAE8BB6A466A21D6
:109A3000504618F0AAFAB8BB6A466E21504618F094
:109A4000A4FA88BB6A466D21504618F09EFA58BBAE
:109A50006A463721504618F098FA28BB6A463821E2
:109A6000504618F092FAF8B96A463521504618F077
:109A70008CFAC8B96A464021504618F086FA98B95F
:109A80006A464521504618F080FA68B96A46412175
:109A9000504618F07AFA38B96A464221504618F012
:109AA00074FA08B96A4600E00AE04321504618F00B
:109AB0006CFA28B96A464921504618F066FA08B18E
:109AC000022501E005B90125641C708CC0F3051066
:109AD000A0423FF615AF2846A0E7000001484068C5
:109AE000704700003C0300200448002141600161F0
:109AF000C160816001604161704700000838012049
:109B0000C0F30410072800D907207047A0F57F4153
:109B1000FF3905D0002804D0712803D208490AE093
:109B20001F2070470749713880B2096829B1064A79
:109B30005268904201D2085C7047002070470000D4
:109B4000DC5E0308E0030020F403002010B51821B8
:109B50000348FFF71DFD03490120087010BD0000F8
:109B60006C380120FC0300202DE9F04190460C46A2
:109B7000050015D0F6F72AFE0A4F06462146BA68B8
:109B8000284690470446BA6828194146904701463E
:109B9000701A03E06218AA5C2A55641CA042F9D22C
:109BA000BDE8F081100400202DE9F041094D9046F8
:109BB0000E466A681C46074619469047306020B139
:109BC00020686A68384400219047C8F80000BDE862
:109BD000F0810000100400202DE9F04F87B08A4684
:109BE000DDE910581F4693460446002105B129803F
:109BF0005CB12078002809D0BAF1000F05D000260A
:109C000018F0060F15D0002004E0002007B0BDE8D2
:109C1000F08F401C215C0A2904D00D2902D00029B4
:109C2000F7D100E0401C002DF0D04FF0FF3129802B
:109C3000ECE75FEA887001D541F6FF778946084670
:109C40008DF81410049127E00498CDF8189068B3AB
:109C50004FF0000C05AA06ABCDF80CC0CDF8008083
:109C6000CDE9013220443B465A46514619F0CEFC1C
:109C700006997A1A314417B20EB288B10499014498
:109C8000049120780A280BD00D2809D0605C0A289E
:109C90000FD00D280DD00846205C08B1002FD3DC72
:109CA000049848B105B12E800498AFE74FF0010C3D
:109CB000D0E7481C0490F3E7064A04A920465268FE
:109CC0009047002DF0D001460022504610F0A0FB36
:109CD00006B2E8E7100400202DE9F0411746884657
:109CE00006001ED0002F1CD0F6F770FD0446384643
:109CF000F6F76CFD050014D00B4A2C4441469268DF
:109D000030469047411903E0621BB25C3255641E35
:109D1000A142F9D930442A463946BDE8F04113F052
:109D200069B9BDE8F081000010040020002302782A
:109D3000232902D0012A0DD00FE02AB10021012AE7
:109D400004D0022A04D008E0012101E0017004E0FF
:109D5000017001E0202902D001231846704702213A
:109D6000F6E72DE9F0410E468046024600213346D3
:109D70000846F6F777FB04460027401C12F0DEFF8A
:109D8000050008D02F5533464246611CF6F76AFBA2
:109D90002846BDE8F0810020FBE700002DE9F047F0
:109DA0001E4614460D468246DDF8209015E000BFA1
:109DB0004FEA540808FB0657394650464A46904732
:109DC000002808DD44F30000C0EB540407EB06054F
:109DD000A4F1010401E005DA4446002CE8D1204654
:109DE000BDE8F0873846FBE710B502004FF00000F1
:109DF0000CD04B1E194200D0FEE70A44521E9A4373
:109E0000B2F5004F02D20C2A01D9104610BD0C2029
:109E100010BD08444A1E401E9043114200D0FEE788
:109E2000704700002DE9F0410F460121002504464E
:109E300041862E460BE01949F6F7FAFD10B16D1C6C
:109E4000ADB202E0608E401C6086761CB6B257F858
:109E5000260010B101780029EDD1208EA8421AD039
:109E6000A06A002610B112F0F5FFA662E06A10B1F8
:109E700012F0F0FFE662E80012F060FFA0626800F6
:109E800012F05CFFE062A16A01B100B9002569002F
:109E900013F0EEF82586BDE8F0810000906101081E
:109EA0002DE9F84F8146407A0F4600F0070002285E
:109EB00019D010468046974200DD3A4616460320E8
:109EC0002A4C2B4A00EB460020F00305A0681168DD
:109ED0001035411A636805EB010C9C4505D24168B9
:109EE00021F0004125E00846E4E79D4219D892465A
:109EF0004FF0FF3B48196168884210D9002269463B
:109F00001C48CDF800B00AF07FFB002269461A48D1
:109F10000AF07AFBA168DAF80000091AEAE7A068FB
:109F2000DDE7284612F00AFF002816D0416841F00C
:109F3000004188EA6702416089EA020101604168E4
:109F400001F04041491C31F0804141608681A0F818
:109F50000E8004D500F110018160BDE8F88FA16882
:109F600001F1100229448260A160F6E74C04002050
:109F7000DC030020392801086946010800B591B0CA
:109F800068460AF0EBFE0B485A2180690090782061
:109F90000890CDE909014FF4FA700B90064807903C
:109FA000064801900020039068460AF035FF11B082
:109FB00000BD0000D8020020914D01088F0F02085B
:109FC00010B5084C012020700748FFF7C4FA00289C
:109FD000A06803D0BDE8104019F0DCB9BDE810401E
:109FE00019F0CCB9B00300209C38012010B504460C
:109FF00090F84200A16B820709D4B4F840204AB11E
:10A00000A2F57F43FF3B1BD0521EA4F84020B4F8BA
:10A010004020AAB909B1820712D521461448FFF79A
:10A0200035FBFFF7CDFFE16809B12046884721697C
:10A0300009B1204688472046BDE8104012F00ABF0B
:10A04000E26B52422263002911D0820702D4626B74
:10A05000524222634210521C62F3410084F84200D3
:10A06000A26A206A2262A062E06AE162A06310BD77
:10A070009C38012070B5304D686819F0A0F806468C
:10A08000687880F00100687047E00020287094F83C
:10A0900042006978C0F380028A4242D061F38200B4
:10A0A00084F84200216B8A19030719D4002917DCB0
:10A0B000002A15DBC00709D1616939B120468847FC
:10A0C000216A01442162A16A0844A062A16809B121
:10A0D0002046884794F8420040F0080084F8420087
:10A0E000206B8019206316D4E16A884200DD216369
:10A0F000E169204688470146606A884204D061626F
:10A1000062680AB120689047D4E90B01814202DB02
:10A110002046FFF76BFF287818B10848FFF71BFAB5
:10A1200003E021460548FFF728FA0400ADD119F0F5
:10A130004CF8686070BD0000B00300209C3801201E
:10A1400000B591B068460AF009FE0B48C12140698C
:10A150000090F0200890CDE909014FF4FA700B90BF
:10A1600006480790064801900648039068460AF0A2
:10A1700053FE11B000BD0000D8020020914D01082F
:10A18000BB0F02087D9F000870B5044640680D466D
:10A1900008B1FFF7F9FF2268002A04D029462046BB
:10A1A000BDE87040104770BD2DE9FF4F99B098464B
:10A1B000DDE926B12D9816468A464FF0000904289D
:10A1C00011D0052811D0062812D0142870D10127EB
:10A1D0000225002418FB06F00E901A98401E0D90E0
:10A1E000701E069051E10027F2E701270325F0E7F2
:10A1F00001270225FFF772FC0068D0F83890E8E7E5
:10A20000289860430BEB2022299860430AEB202119
:10A2100010124FEA212E7DD41A9B98427ADABEF1B1
:10A22000000F77DBB64575DAD2B2CBB2802A05DAF9
:10A23000C2F17F024FF0FF31520003E001215200D2
:10A24000A2F580720992802B05DAC3F17F034FF0EB
:10A25000FF325B0003E001225B00A3F580730A93E9
:10A260000EFB080C199B0CFB053307934318119345
:10A2700072D4DDF834C063456EDC1EEB02036BD490
:10A28000DDF818C0634567DCDDF81CC011FB05C1B3
:10A29000CDE915C112FB08F101FB05C10C91D7B343
:10A2A0002D99052905D014290BD0062955D066E033
:10A2B000EFE01598807807900C9881781698807850
:10A2C00010E0199A0E990EFB08FC02EB41010A18E6
:10A2D0000EFB08111CF802000790119803FB08F30D
:10A2E000085C995C079A91420AD00A9A11FB02F223
:10A2F0000A99C1F58073079911FB0321C1F3072166
:10A30000079A90420DD0099A10FB02F20998C0F505
:10A31000807301E02FE035E0079810FB0320C0F3C5
:10A32000072008442C994008085527D01598017833
:10A33000407801EB0020ADF80C000C9801784078D3
:10A3400001EB0020ADF8100016980178407801EB81
:10A350000020ADF8080023E04CE0159801881FFAB2
:10A3600089F0814207D00C990988814203D016995F
:10A370000988814203D12C990020085583E0FF21F0
:10A380000846CEE715980088ADF80C0016980088AE
:10A39000ADF808000888ADF810002C98FF21015591
:10A3A000BDF80C00BDF81010884209D1BDF80810A6
:10A3B000884205D12B98BDF80C1000EB440017E043
:10A3C0000A98C2B2DDE903100CF0F4FC049009987D
:10A3D000C2B2DDE902010CF0EDFC7F22029004998B
:10A3E0000CF0E8FC00902B98BDF8001000EB440046
:10A3F000018048E0079B93F800C05B780CEB0323D7
:10A40000DDF8ACC09BB22CF81430DDF8B4C0BCF160
:10A41000050F06D0BCF1060F06D0BCF1140F09D110
:10A420000AE0079B9B780FE01FFA89FC634501D186
:10A43000002309E0FF2307E0199B0EFB083C0E9B5D
:10A4400000EB43031CF8033008B9002905DBDDF8F5
:10A4500034C0604503D1002901DD09980AE0BEF14E
:10A46000000F01D1002A04DB06998E4508D1002A8D
:10A4700006DD0A98C0F1FF0010FB03F0010A00E0BE
:10A4800000212C980155641C24B22A988442FFF6BE
:10A49000B7AE1DB0BDE8F08F10B5818F92B0044605
:10A4A000A9B168460AF05AFC0B480121CDE90040E9
:10A4B000A08F0B9000200890CDE909010748079074
:10A4C0000748039068460AF0A7FC12B010BD12B00E
:10A4D000BDE810401AF05EBB0D4C0208E94D0108C2
:10A4E0000F4C020810B50446406882080AD049683B
:10A4F00021F00301091D08446060204600F042F885
:10A50000204610BDFEE74068103120F0030088426D
:10A5100001D301207047002070472DE9FC47054614
:10A5200048680C4620F0030001AA694619F094FD22
:10A53000DDE9007005EBC71101EB80098046D9F811
:10A54000380060B164B1C4E9020504F10806C460D2
:10A5500030460421FFF75DFC864202D0FEE7FEE7AD
:10A56000FEE7C9F838400120296900FA07F21143D3
:10A57000296105EB870100FA08F04A6902434A6144
:10A58000BDE8FC8710B5044600F087F8046010BDF4
:10A590002DE9FC4706464FF000000D0000900746ED
:10A5A000019042D00C46E9460DF10408802907D3FA
:10A5B00008461EF0CBFA411F01208840401E04448B
:10A5C00042464946204619F047FD009C092C2CDAEA
:10A5D00006EB8400019A40694FF0FF3101FA02F264
:10A5E00010400CD1641C3069A14008401DD01EF001
:10A5F000A5FA0446009006EB8000406978B11EF091
:10A600009DFA034606EBC411019001EB8000876BB5
:10A610005FB1786820F00300A84201D2FEE7FEE7B0
:10A6200039463046009A1BF05BF93846BDE8FC8796
:10A6300010B50446FFF7A6FF416841F002014160F2
:10A64000606840F00100606010BD10B5044600F085
:10A6500024F8416821F002014160606820F00100A7
:10A66000606010BD70B506460D46084600F015F84E
:10A67000040010D02079C0070BD0686880080BD088
:10A680002146304600F03CF821462846FFF72AFFD5
:10A690000546284670BDFEE7FEE7426800F1080166
:10A6A00022F00300001F0844910800D1FEE7704724
:10A6B00070B506460C004FF000001ED0F2B12079B4
:10A6C0001546C0071BD011462046FFF71CFF78B186
:10A6D0002946204600F025F805462046FFF752FFA0
:10A6E0006868294640F0020068603046FFF715FFB1
:10A6F0002046FFF7AAFF04F1080070BDFEE7FEE761
:10A700007CB5054648680C4620F0030001AA69465E
:10A7100019F0A2FCDDE90023214628461BF0E0F8F1
:10A720007CBD2DE9F0410D46044600F10801281FCB
:10A730000E18606806F1080720F00300401BA0F126
:10A74000040838460421FFF764FB874200D0FEE787
:10A75000606820F0030108EB0500001D814200D075
:10A76000FEE7307900F0030040EA0800706020F056
:10A7700003000C2800D2FEE7207900F003002843F4
:10A7800060603046FFF754FF3046BDE8F08138B5D1
:10A79000044611F087F9054611F0B9F90028204662
:10A7A00005D0218FE18615F079F9012038BD0FF031
:10A7B00031FB002820461ED00FF00EFA218FE08ECC
:10A7C00081420CD02087E08E00906A461C212046F2
:10A7D0000FF00AFD0128E9D1204615F05FF928465F
:10A7E00011F0A1F90428E0D1204613F0BDFD0021AD
:10A7F00010F0A0F9D9E70FF069FBD6E72DE9F04F8B
:10A800000D4687B00446002113F0E2FC60B32946F0
:10A81000204600F061FA2946204600F06FF800213A
:10A82000204614F0BFFB05900021204614F044FCA4
:10A8300004900021204614F098FA012800D000204E
:10A8400080460021204614F06CFD0746002120467A
:10A8500014F000FB42F2D17906464F450BD1608CD3
:10A86000000508D4012707E007B02846BDE8F04FEF
:10A870001C2112F0FDBB0027204613F027FDDFF856
:10A8800078A0834620460021BAF8042014F062FC28
:10A89000D5F810C0AB682968CDF800C0CDF80C80A1
:10A8A000CDE90131C2B239465846059B09F034FA68
:10A8B00028834E4504D1608C400501D4012600E078
:10A8C0000026204613F0E8FC074620460021BAF88F
:10A8D000082014F03FFCC2B2686900246B68E96884
:10A8E0008DE81B0031463846049B09F015FA688351
:10A8F00007B0BDE8F08F0000520300202DE9F34FB0
:10A9000081B00C46019808F0D5FC0646019813F07A
:10A91000DDFC8246304600F0B3FF2061400012F0BB
:10A920003BFA20602069400012F036FA002541F61B
:10A930009A79A0603AE036F91510DFF82081494590
:10A9400033D10027DFF818B11FE03946019813F022
:10A950003FFC5946009014F0E9FDA8B9009808F0B2
:10A96000BBFC012810D1009808F0ACFCA8420BD128
:10A97000009814F0A7FD4146404501DA084602E080
:10A98000009814F09FFD80467F1C019813F032FC64
:10A99000B842DAD8B8F1000F03DBA16821F81580BE
:10A9A00003E0A168002021F815006D1C2069A84271
:10A9B000C1D800252F46284641F69B784B4615E026
:10A9C00036F91010414504DB0D44A5F5F8559B3DC3
:10A9D0000BE0994204D1A16831F81010394403E02A
:10A9E000A26822F8101039440FB2401C216981423C
:10A9F000E6D80021019814F0D5FA2169C1F10102CD
:10AA000000FB02A0C01B00B2002800DA00200022D8
:10AA10004FF0FF331146C44611E000BF36F9117004
:10AA200067450BDBA7F5F8579B3F3AB210FB02F3E3
:10AA3000B3FBF5F3A76827F811300B46491C2769CB
:10AA40008F42EBD8002B07DBA91A4143B1FBF5F18C
:10AA5000401AA16821F81300BDE8FE8F01E0FFFF56
:10AA6000010006002DE9F14F00221146009815F073
:10AA7000A5FF0021009814F0ABF9044600210098CE
:10AA800014F026FB20440FFA80F90021009814F0FE
:10AA90004DFA20440FFA80F8009814F021F900EBE9
:10AAA000090101EB0800DFF898A006B254460098AF
:10AAB00013F0A0FB074600252AE000982149806892
:10AAC000006850F82500834614F030FDF8B9584668
:10AAD00015F03CF840BB0021584614F025F918B396
:10AAE000012821D002281FD003281DD0002158465C
:10AAF00014F02FFC58B9BBF81A10BBF81600081A4E
:10AB0000401C00B24844A04200DB044624B26D1C45
:10AB1000BD42D2D3544504D004EB080000B2B04289
:10AB200000DC3046BDE8F88F0098BBF91A10B0F988
:10AB30001600081A411CA142E8DB0C46E6E70000BB
:10AB400001E0FFFF010004002DE9F84F00228046DC
:10AB5000114615F01DFF0021404614F039F9044656
:10AB60000021404614F06CFA20440FFA80FA0021CC
:10AB7000404614F029FA20440FFA80F9404614F0B8
:10AB8000BDF800EB090101EB0A00DFF844B105B2A2
:10AB90005C46404613F02EFB07460021404614F069
:10ABA000D2F801284FF0000644D078E0D8F8080029
:10ABB0004849006850F82600009014F0B7FCC0BB6C
:10ABC000009814F0C3FF50B10098B8F91810B0F90C
:10ABD0001400091A481CA0422ADB4C1C28E0002162
:10ABE000009814F0A1F858B1032809D0062807D01E
:10ABF000082805D00021009814F0A5FB58B118E0F2
:10AC00000098B8F91810B0F91400081A411CA142B4
:10AC10000EDB0C460CE00098143000900AF014FE95
:10AC20005044A04204DB00980AF00EFE00EB0A0438
:10AC300024B2761CBE42B9D35C453BD004EB09007C
:10AC400033E000BFD8F808002249006850F8260019
:10AC5000009014F06BFC08BB009814F077FF60BB09
:10AC60000021009814F060F838B3012825D004289A
:10AC700023D0072821D00021009814F06AFB68B97E
:10AC80000098143000900AF0DFFD4844A04204DB35
:10AC900000980AF0D9FD00EB090424B2761CBE42EC
:10ACA000D0D35C4506D004EB0A0000B2584501D071
:10ACB000A84200DC2846BDE8F88F0098B0F91810CB
:10ACC000B8F91400091A481CA042E6DB4C1CE4E762
:10ACD00001E0FFFF010004002DE9F84F0C46834618
:10ACE00008F05AFE064600F0CBFD6061400012F00D
:10ACF00053F860606069400012F04EF8002541F69C
:10AD00009A79E0603AE036F91500DFF82881484585
:10AD100033D10027DFF820A11FE03946584613F051
:10AD200057FA5146009014F001FCA8B9009808F0B9
:10AD3000BFFE012810D1009808F0B0FEA8420BD148
:10AD4000009813F016FB4146404501DA084602E040
:10AD5000009813F00EFB80467F1C584613F04AFA09
:10AD6000B842DAD8B8F1000F03DBE16821F81580AA
:10AD700003E0E168002021F815006D1C6069A8421D
:10AD8000C1D800252F46284641F69B784B4615E052
:10AD900036F91010414504DB0D44A5F5F8559B3DEF
:10ADA0000BE0994204D1E16831F81010394403E016
:10ADB000E26822F8101039440FB2401C61698142E8
:10ADC000E6D80021584614F077F98146584613F02A
:10ADD00063FA01466069C0F1010209FB0210C01B61
:10ADE00000B2002800DA002000224FF0FF331146A5
:10ADF000C44610E036F9117067450BDBA7F5F8572C
:10AE00009B3F3AB210FB02F3B3FBF5F3E76827F878
:10AE100011300B46491C67698F42EBD8002B07DBCA
:10AE2000A91A4143B1FBF5F1401AE16821F813007A
:10AE3000BDE8F88F01E0FFFF010006001CB50B889C
:10AE400004892344ADF800304B8844892344ADF88D
:10AE500002308B8804892344ADF80430C9884389C3
:10AE60001944ADF806104369694698471CBD0000B7
:10AE70002DE9FF4F89B0C8781A9CC0070D460028FD
:10AE800001D0F84800E0F848069001D0F74800E00B
:10AE9000F748049001D1F54800E0F5484FF0100361
:10AEA0004FF00C0E4FF0080BCDF814006188A2880B
:10AEB0004FF0000AA1EB0201504609B25246D4F805
:10AEC00010C00FE002EB8207E66803EB870816F874
:10AED00008805FEAC87809D00BEB8707F65B891B0F
:10AEE00009B2521C9445EDD8002254E00EEB8707BE
:10AEF000F65B304400B2F4E7E66802EB820703EB4E
:10AF0000870CB146CDF820C016F80C60F60741D189
:10AF1000002872D091FBF0F80EEB8706079639F8FF
:10AF2000066006FB08F60FFA86FCCDF800C04FF06D
:10AF3000060C0CEB870C042639F90C8006EB87060F
:10AF4000DDF800C039F90660E04500DCC44666451E
:10AF500004DC009EC446B04500DC6646DDF800C057
:10AF60000196664506D0DDF820C04FF00108C246C4
:10AF700049F80C80D4F80C80019E0BEB870728F869
:10AF80000760D4F80CC0079F3CF80770C01B891BF2
:10AF900000B209B2521C26699642ADD8BAF1000F30
:10AFA00084D10021099813F0DAFE012826D0002769
:10AFB0000020ADF80800ADF80C0003A902A8CDE907
:10AFC00000012089B4F9022003B22878189919F0F9
:10AFD00024F9E878384207D0099813F077F9BDF8DA
:10AFE00008100844ADF808000B99099813F0F0F820
:10AFF00006464FF4FA682AE1FFE7FEE70127D7E7A4
:10B000009C49304614F092FA00286FD10021304656
:10B0100013F00AFFF0B34FF00009484621690FE032
:10B02000E26800EB800352F82320B24207D1E168C6
:10B0300000EB80020BEB820031F9009002E0401C33
:10B040008142EDD8E878C007708C04D020F480608D
:10B0500040F4006003E020F4006040F480607084FD
:10B0600006F11400049982468847484528D03046A6
:10B0700014F014FDB08AADF80000F08AADF80200BB
:10B08000308BADF80400708BADF806004946504691
:10B09000069A00E010E090476A46292130460FF0FA
:10B0A000A3F8304613F0A6F9324622210FF09CF89F
:10B0B000304614F0F3FC03E0708C20F440607084A0
:10B0C000002000906878012811D0022817D1059936
:10B0D00006F114008847B4F90010491C21F0010161
:10B0E000081A00EBD07040F34F0007E0A7E0059985
:10B0F00006F1140088472188081A00B20090E87809
:10B10000384208D0049906F114008847BDF80810A9
:10B11000081AADF80800304600216B2214F01AF826
:10B120000FFA80F9304600216C2214F013F80FFA60
:10B1300080FA304614F0C6F90190304613F019F940
:10B140000146C9F3413001280FD129F4C0404045E0
:10B150000BDCB0F57A7F01DDC0F57A70019A5043BF
:10B16000642290FBF2F00FFA80F9CAF34130012813
:10B170000ED12AF4C04040450ADCB0F57A7F01DDEB
:10B18000C0F57A704843642190FBF1F00FFA80FA21
:10B19000B18A1698F28A411A01EB0900179900B298
:10B1A0008A1A02EB0A01EA7809B2D207002A02D011
:10B1B000BDF9082000E0009A10440FFA80FA01D08F
:10B1C000009801E0BDF9080008440FFA80F95AEA36
:10B1D00009011BD0304614F061FCB18A01EB0A0072
:10B1E000B082318B01EB0A003083F18A01EB090058
:10B1F000F082718B01EB09007083304614F04EFC35
:10B2000000234A465146304614F0EEFCE8783842B6
:10B210000CD1049906F11400884719990844BDF827
:10B220000C100844BDF80810084406E0BDF80C10E6
:10B2300019980844BDF80810081AADF80800E87815
:10B240000BAAC0F38001099808F06CFA0646002E9C
:10B2500004D0DDE90B0188427FF4D2AE0DB0BDE829
:10B26000F08F0000D1580108C75801086158010843
:10B2700009580108010006002DE9F04F91B00E00B9
:10B2800005463DD02E83286808B111F0E3FD06EB9A
:10B290004600062101EB400011F050FD022101EBB8
:10B2A00046010144E960042101EB86012860014464
:10B2B000C5E9010101210024012E19D0F000083058
:10B2C00011F06AFD814600EB860000F10408B00031
:10B2D00000B2A346ADF81000C0F101028010ADF835
:10B2E00012B00FFA82FA5C46CDF828B00690B4E0AE
:10B2F000B4220270E8680480E8684180A86804808D
:10B3000011B0BDE8F08F0027BDF81220BAF1000F90
:10B3100007DC032101EB42010AEB01000FFA80FA7E
:10B320000CE0BDF81010531A052202EB430202EBA9
:10B330000A00491E0FFA80FAADF81010BDF812008D
:10B34000401CADF8120004A800F0F3F868B1BDF994
:10B35000100006AA811042F827100AA900F0030085
:10B3600041F827007F1C042FCEDB042F7BD10999E5
:10B370000698884212D129F8140028F814B0DDE9A3
:10B380000A014218DDE90C010844111868680155EA
:10B39000686809010155641C24B25CE00799884281
:10B3A0001DD029F8140028F814B06A680A981055BE
:10B3B0006A6800011055641C069B20B25B1E29F8C8
:10B3C000103028F810B0DDE90B120A440D99091D60
:10B3D0000A4469680A54696812010A5439E00899F4
:10B3E000884219D029F8140028F814B0DDE90A02BF
:10B3F00010446A6810556A6800011055641C069A6A
:10B4000020B2521E29F8102028F810B0DDE90C12E5
:10B41000114408316A6818E029F8140028F814B0BB
:10B42000DDE90A0210440C9A10446A6810556A68F3
:10B4300000011055641C069A20B2521E29F81020F3
:10B4400028F810B00D996A680C3111546A68090126
:10B450001154401C04B20BF1010B04A800F069F870
:10B4600000287FF450AF40F2D32016FB00F109EB27
:10B470004402881232F9022C824205D108EB4402C0
:10B4800032F9022C82421AD0A1EB8021B1F5007F63
:10B4900003DC494341F3CF3106E0C1F58061494304
:10B4A00041F3CF31C1F10F0129F8140028F814003D
:10B4B00068680155686809010155641C24B2A01E22
:10B4C0000EE000BF38F8102029F8142039F81020B9
:10B4D00028F8142069680A5C0A55641C24B2401ECE
:10B4E0000028EFDAEB680021084619801BE0EA68C3
:10B4F00022F81100AB6839F8102023F811200AE077
:10B50000AE6839F9102036F81130934200DA1A4645
:10B5100026F81120401C38F910208A4201D1A0429F
:10B52000EEDB491C09B2A042E1DB484611F080FC89
:10B53000E6E6B0F90210B0F90000814201DC01201A
:10B5400070470020704717B581B0022A03D8BDF8B4
:10B55000080004B010BDBDF80830BDF80400C3F306
:10B56000C401C0F3C40421441F2900D31F2161F387
:10B57000C7005907890E01EB533100F0070401EBB6
:10B58000C40101EB5031ADF804003F2900D33F2145
:10B59000CC0864F3020061F34F30C3F30421C0F31D
:10B5A00004231944ADF804001F2900D31F2161F3BF
:10B5B0000C20ADF80400FF2A07D0DDE901010BF0F3
:10B5C000D3FB0090BDF80000C3E780B2C1E717B518
:10B5D00081B0022A03D8BDF8080004B010BDBDF840
:10B5E0000400BDF80810C0F3C403C1F3C40413FB86
:10B5F00004F35B0963F3C700C0F30423C1F304241D
:10B6000013FB04F35B0963F30C2043079B0E4C0709
:10B61000A40E03EB503304EB513113FB01F35B0A2F
:10B6200063F3020043079B0E03EB503313FB01F15E
:10B63000890961F34F30ADF80400FF2A07D0DDE936
:10B6400001010BF091FB0090BDF80000C5E780B24E
:10B65000C3E717B581B0022A03D8BDF8080004B0CB
:10B6600010BDBDF80830BDF80400C3F3C401C0F339
:10B67000C404091B002900DC002161F3C70059073D
:10B68000890E01EB533100F0070401EBC40101EB1B
:10B690005031ADF80400002900DC0021CC0864F32F
:10B6A000020061F34F30C3F30421C0F30423C91A2D
:10B6B000ADF80400002900DC002161F30C20ADF896
:10B6C0000400FF2A07D0DDE901010BF04DFB0090DB
:10B6D000BDF80000C3E780B2C1E72DE9FF4F89B094
:10B6E0000446169EDDE919577000DDF86090DDF81C
:10B6F00028A00FFA80FBB9F1040F22D0B9F1060F90
:10B700001FD0B9F1050F5CD0B9F1140F56D1B4F9BF
:10B710000000B4F90210CDF80CB006FB01030AEBEF
:10B7200043020092E2884FF00008511A491C0FFAB8
:10B7300081F9A188081A401C0FFA80FA4FEA4A0BD7
:10B7400081E020460AF072F801460390384611F075
:10B75000BDFCB4F90000B4F90280A18806FB080220
:10B76000081A401C00B2069040000AEB420A2E461E
:10B7700002900CE051463046029A11F0A7FB069861
:10B7800008F10108DA4406EB40060FFA88F8B4F92C
:10B7900006004045EEDAB9F1060F0FD100224EF255
:10B7A0000700ADF80000114605E035F8113083427E
:10B7B00000D17A54491C039B9942F6D30DB0BDE8E1
:10B7C000F08FB4F90010B4F9023006FB031000EB5F
:10B7D000400202EB0A00A288511A491C0AB2B11AAF
:10B7E00001EB41010EB2E188C91A491C0CB20023D9
:10B7F00017E000210DE090F802C007F801C010F832
:10B8000001CB10F8028B0CEB082C25F811C0491C59
:10B8100009B29142EFDB5B1C05EB42051744304453
:10B820001BB2A342E5DBC9E75A462846009911F04E
:10B830004DFB0099039805EB4A050844009008F178
:10B8400001000FFA80F8C845EEDBDDE90A014A0085
:10B850000C9902FB0100B4F90010B4F9022006FBB8
:10B8600002110D18002408E052462946384611F00E
:10B870002DFB641C5744354424B24C45F4DB9DE752
:10B880000146002041F6FF7200E0401C31F9103003
:10B890009342FAD1704700002DE9F043A3B0002095
:10B8A00012F004F9FE4C4FF4A075F02229466060B6
:10B8B00015F077F90021606815F05FF90022114654
:10B8C000606815F071FA606812F0F0F80022064620
:10B8D000114615F047F9F0222946304615F061F976
:10B8E0000021304615F049F900221146304615F086
:10B8F00076FA00221146304615F0D5FA0022FF21D3
:10B90000304615F051FA00200BF00DF901460022E7
:10B91000304615F02EFA00221146304615F035FA61
:10B9200000221146304615F0B9FA00221146304681
:10B9300015F0A5FA00221146304615F0A5FA0022AE
:10B940001146304615F0A5FA00221146304615F092
:10B95000CFFA60680AF0C4F9E06010F0CDF907464C
:10B96000D0A111F04FF80021384611F00FF8002354
:10B970001A460921384611F0C5FC00221146E0683C
:10B9800015F066FA42F264063146384615F0E9FAD7
:10B9900016223321E06815F0E5F81E220C21E0683C
:10B9A00015F0FFF80022FF21E06815F0FDF9BE4F09
:10B9B00038460BF0B8F801460022E06815F0D9F9D6
:10B9C00000221146E06815F0E0F900221146E06817
:10B9D00015F005FA00220521E06815F064FA00224E
:10B9E0001146E06815F084FA6FF07F4840460BF08E
:10B9F0009AF801460022E06815F084FA0022FF213F
:10BA0000E06815F09AFA00220221E06815F075FA54
:10BA1000606810F071F9A5A1606110F0F3FF0021DA
:10BA2000606910F0B3FFF0223621606915F09AF8D2
:10BA300020228021606915F0B4F800221146606967
:10BA400015F0CDF900221146606915F02CFA384640
:10BA50000BF069F801460022606915F053FA0022E4
:10BA60009449606915F05AFA0022FF21606915F0C7
:10BA700064FA00221146606915F055FA0022114659
:10BA8000606915F055FA00220221606915F035FA57
:10BA900000221146606915F087F90022114660699D
:10BAA00015F0FCF900221146606915F0F2F9002248
:10BAB0001146606915F0E3F900221146606915F03E
:10BAC000E3F900221146606915F012FA60680FF080
:10BAD00021F90221A06111F073FB7749A0690FF0F1
:10BAE00029FF32221146A0690FF0ACFE0021A069A7
:10BAF0000FF028FE22227821A06915F033F8962253
:10BB0000C421A06915F04DF800221146A06915F076
:10BB10007AF90022FF21A06915F070F90022114680
:10BB2000A06915F0C0F900220121A06915F05CF9A7
:10BB3000606810F0E1F8814660A110F063FF002119
:10BB4000484610F023FFC122AD21484615F00AF8FF
:10BB500020228021484615F024F80022114648464C
:10BB600015F03DF900221146484615F09CF9404673
:10BB70000AF0D9FF01460022484615F0C3F9002219
:10BB80004C49484615F0CAF90022FF21484615F0F5
:10BB9000D4F900221146484615F0C5F90022114695
:10BBA000484615F0C5F900220221484615F0A5F9CE
:10BBB00000221146484615F0F7F800221146484683
:10BBC00015F06CF900221146484615F062F9002282
:10BBD0001146484615F053F900221146484615F023
:10BBE00053F900221146484615F082F960680AF0C0
:10BBF00077F8206110F080F881462AA110F002FF4A
:10BC00000021484610F0C2FE00231A46092148468A
:10BC100011F078FB00221146206915F019F9314620
:10BC2000484615F09EF90A2240F20511206914F0E9
:10BC300099FF0C221E21206914F0B3FF0022FF217E
:10BC4000206915F0B1F838460AF06DFF0146002270
:10BC5000206915F08EF800221146206915F095F83C
:10BC600000221146206915F0BAF80022052120694A
:10BC700015F019F900221146206915F039F94046EE
:10BC80000AF051FF01460022206915F03BF900221D
:10BC9000FF21206915F051F900220221206911E0ED
:10BCA000D80200200000000012A4FF004820544FDA
:10BCB0004F4C0000D4950408508F040856312E30A4
:10BCC0000000000015F019F911A809F047F8E06824
:10BCD00011906FF01D001AAA96214FF4FA76199070
:10BCE00082E84300174818901748129011A809F0ED
:10BCF00093F8684609F032F8206900903E200B96D0
:10BD00000895CDE909500F48079010480190104858
:10BD10000390684609F080F8606815F099F960684A
:10BD20000BF05CFA0B4901208862002015F072FBD1
:10BD3000002240F6B831084817F04AFAA06023B054
:10BD4000BDE8F083914D0108BB0F02088F0F020878
:10BD500041A1000800040048D97702081CB5044638
:10BD600090F8540000F0010088422DD094F854005F
:10BD700011B140F0010001E020F0010084F854000E
:10BD800004F14801684609F024FD606ABDF800101E
:10BD9000828A1144ADF80010BDF80210C08A084430
:10BDA000ADF80200606ABDF80410808A0844ADF85E
:10BDB0000400606ABDF80610C08A0844ADF80600A9
:10BDC0006946204613F08DFE1CBD08B50846114695
:10BDD0000AF062FE0090BDF8000008BD2DE9F04FAA
:10BDE0000646C87A89B014460D46022831D918464D
:10BDF0002A69A968FDF78EFA071E6BD0387D00F01E
:10BE00001F000EF04FFF4FF4807808B1062011E0BC
:10BE1000387D00F01F000E2806D014280AD00EF03E
:10BE200031FF30B1052005E028884FF00E0930B908
:10BE300002E00420814606E06888404503D00020E7
:10BE40004FF00509B8613A6A22B1214630461BF02D
:10BE50009CFCB7E0B869E0B3214602A809F083FC76
:10BE6000B5F9003013B96888404529D0A0882188E9
:10BE70006288401A401C01B2E08805F1040C801A67
:10BE8000401C02B26888CDE9000C02A8FDF78CF9CD
:10BE9000BDF8080021880844ADF80800BDF80A0084
:10BEA00061880844ADF80A00BDF80C0021880844F8
:10BEB000ADF80C00BDF80E0061880844ADF80E0026
:10BEC00002AA04A8B168FCF788FE00287AD004A86A
:10BED00001E00EE051E0D6F80880B060CDF80090A7
:10BEE000224629463046BB690BF0B6FBC6F80880EF
:10BEF00068E0224604A8B168FCF76FFEF0B3BDF815
:10BF00001400BDF81010401A401C0FFA80FB0BEB18
:10BF10004B0010F041FF039004A901A8D6F808A037
:10BF200009F021FC012101A809F0CDFCBDF91000A8
:10BF3000B4F90010BDF91280401A0690B4F902005D
:10BF4000A8EB000435E001AA514607A8FCF745FE1E
:10BF500068B30398009006985B4601B222B2384657
:10BF60000FF0AEFA01280DD038460FF0FCF9039817
:10BF700010F05EFF0020C6F808A000E022E009B043
:10BF8000BDE8F08F07A8B060CDF8009001AA29465F
:10BF90003046039B0BF060FBBDF80600401CADF87B
:10BFA0000600BDF80A00401CADF80A00641C08F148
:10BFB0000108BDF916004045C5DAC6F808A0039887
:10BFC00010F036FF0120D8E770B5074C05466068D1
:10BFD00018B111F0A3FD0020606008F09DFE284616
:10BFE000BDE8704017F016B9D802002070B50C46B5
:10BFF000264915460A78EAB3C1E90104E388A28814
:10C0000061882088FAF74CFAB4F90400B4F90010FA
:10C01000B4F90220401AB4F90610401C891A491CD0
:10C02000484342001B481A498378CB58847823F050
:10C0300001030B518378CB5813F0010FFAD1144C44
:10C0400083780C341D51124B84781B1DE4586FF318
:10C050000F0414438278D4504FF09042102393621F
:10C06000082393619A014A600B4A536843F0020324
:10C07000536000E006E082788A58807842F001023E
:10C080000A5070BDBDE870400BF020B804030020DA
:10C0900000000240E0AF0208003001400FB44FF44E
:10C0A000806110B5ADF5806D0DF20C436846DDF88A
:10C0B0000824F4F7D7F900246846F4F787FB40F228
:10C0C000FE31884209D20D220DF80020401C0A22C0
:10C0D0000DF80020401C0DF8004082B2694604486B
:10C0E000FAF726FD0DF5806D10BC5DF814FB00001D
:10C0F000004800402DE9F74FC878A0B00C46022850
:10C100007DD9114601A809F076FBB4F92000012879
:10C1100029DD94F82200FD2825D3208818B394F84F
:10C120002300BDF804104008C0F380021144ADF8AC
:10C130000410BDF80610C0F340000844ADF8060036
:10C1400094F82310BDF808004908C1F3C001401A53
:10C15000ADF8080094F82310BDF80A00C1F34001BF
:10C16000401AADF80A00209801A9826805A8FCF7DA
:10C1700034FD002843D0E07B10F0070619D0E0889A
:10C18000ADF80000BDF800006189884200D10026AA
:10C1900001A80BF0B5FF07461C210EA8F4F721FCFF
:10C1A000A0788DF85100BDF80000ADF840001FB137
:10C1B00005E060680090E5E7208800B9EEB3E0781C
:10C1C000FD2800D3FF208346BDF80800BDF8041009
:10C1D000401A401C0FFA80FABDF80A00BDF806109C
:10C1E000401A401C01B289465046CA4500DB084649
:10C1F000B4F90050B5EB600F00DB451000E043E000
:10C20000BDF81810BDF81400081A401C0FFA80F889
:10C210004FF0FF301D9000200790002D00DC87B10B
:10C22000404610F0B9FD079000232A4601A916A840
:10C230000CF0D2F9002116A800E01CE00BF080FD04
:10C240001D90BDF81400ADF80C00BDF81800ADF855
:10C2500010000798119003A80E901390FF208DF8FE
:10C2600050004A465146A01D0EF0F2FA040018D0C4
:10C27000022E0CD015E001A80E90E0788DF8500049
:10C280000EA920980CF06CFC23B0BDE8F08FBDF92E
:10C290001410A06800EB4100BDF90410A0EB4100B0
:10C2A0000F90002F7DD0BDF9165027E02FB2ADF8CA
:10C2B0000E70ADF8127042465946079810F0A6FE6F
:10C2C000BDF9141043463A4607980BF0DBFE8DF893
:10C2D0004800012802D102208DF84800012E08D123
:10C2E000BDF90610A068691A00EB41000088ADF89E
:10C2F00040000EA920980CF033FC6D1CBDF91A000B
:10C30000A842D3DAB7E000BFBDF80600BDF91610A9
:10C3100038440FFA80F9BDF80A00C01B0FFA80FA02
:10C32000494503DDBDF91A10514544DB42465946E3
:10C33000079810F06BFEBDF90C1043464A4607986B
:10C340000BF0A0FE8DF84800012802D102208DF8E4
:10C350004800BDF91610494513DCADF80E90ADF854
:10C360001290012E09D1BDF90620A168A9EB0200A7
:10C3700001EB40000088ADF840000EA920980CF0B9
:10C38000EFFBBDF91A10514515DBADF80EA0ADF865
:10C3900012A0012E0BD1BDF90600A268AAEB000085
:10C3A00000E009E002EB40000088ADF840000EA973
:10C3B00020980CF0D5FB7F1CAF42A5DBBDF8040034
:10C3C000ADF87800BDF80800ADF87C00BDF80600B7
:10C3D0002844ADF87A00BDF80A00401BADF87E0095
:10C3E0001EA80BF08DFE074630430CD001208DF8BF
:10C3F0004800BDF90A008DF850B0A0EB0509BDF961
:10C400000600054435E0BDF806008DF850B028441C
:10C41000ADF80E00BDF80A000EA9401BADF81200E1
:10C420000020119020980CF09BFB24E06FB1424655
:10C430005946079810F0EAFDBDF9141043462AB298
:10C4400007980BF01FFE8DF84800ADF80E50ADF8C0
:10C450001250012E08D1BDF90600A168281A01EB7F
:10C4600040000088ADF840000EA920980CF078FB41
:10C470006D1C4D45DADD079808B110F0D9FC1D9808
:10C48000401C05D01D980CF051F916A80BF01CFEAD
:10C49000002C3FF4F9AE20460EF0D3F9F4E62DE976
:10C4A000F0410646086992B015460C4600287DD03A
:10C4B000A07E02287AD929460EA8B268FCF78DFB27
:10C4C000002873D00EA8D6F80880B06020690FF05D
:10C4D000D7FA022806D0694620690EF067FF0128C6
:10C4E00049D0C9E0002741F6FF70CDE900700297FE
:10C4F000D4E904123B4610A817F022F9284609F0A7
:10C50000BBF901462A88BDF9400001EBD17102EB6D
:10C51000610100EBD072A1EB62010844401EADF84E
:10C520001000ADF80C10284609F07AF901466A8827
:10C53000BDF9420001EBD17102EB610100EBD07259
:10C54000A1EB62010844401EADF81200ADF80E10D8
:10C5500005A80BF043FB60690590208BADF8200027
:10C56000A07E8DF82E00009703AA05A93046236906
:10C570000BF094F880E005A80BF076F8A0788DF821
:10C580002000208BADF81C00E07E8DF81E00A07E00
:10C590008DF81F00207F4FF0FF3740B10099688869
:10C5A000ADF8060007EB515108445DE066E028460F
:10C5B00009F062F9298800EBD07001EB6000009966
:10C5C000C1F38A21A0EB5100ADF80400284609F020
:10C5D00027F9698800EBD07001EB60010098A1EBAE
:10C5E0009051C0F38A22ADF80610BDF80430521EF7
:10C5F0001A4407EB5050ADF808200844ADF80A0083
:10C6000001AA05A9304623690AF0FAFF34E000992F
:10C610002888C1F38A21ADF80400491E084410E0BF
:10C6200001AA05A9304623690AF0EAFF0098BDF87F
:10C630000410C0F38A200144ADF80410BDF80810BE
:10C640000844ADF80800BDF90400B5F904108842AB
:10C65000E6DDBDF80610009801EB5051ADF806106C
:10C66000BDF80A1001EB5050ADF80A00BDF9060004
:10C67000B5F906108842CADDC6F8088012B0BDE8D8
:10C68000F081F0B5074691F8220087B016460C46B7
:10C6900002286BD9208C002868D094F8230010F071
:10C6A0003E0F63D0C00761D1B08831887288401ACC
:10C6B000401C01B2F088B4F90050801A401C00B24E
:10C6C000814200DA0846B5EB600F00DD45103146C7
:10C6D00004A809F090F894F82300BDF91020C0F3E5
:10C6E00044014807B4F9200001D4284440421044D2
:10C6F000ADF810000807BDF91420B4F9200001D4EA
:10C7000028444042101AADF8140094F82300BDF9F3
:10C71000121040088007B4F9200001D42844404298
:10C720000844ADF8120094F82300BDF91610400833
:10C73000C007B4F9200001D128444042081AADF8DE
:10C740001600208C281A00B2002800DA0020A278F7
:10C7500094F82210CDE90212E18BADF8041000909C
:10C760002B4604AA3146384600F002F807B0F0BD67
:10C770002DE9FF4FA9B01D46DDE93879DDF8D880F5
:10C7800016460C46FF2F00D3FF2708460BF0B8FCD7
:10C790002690284350EA080074D0299821468268E0
:10C7A00008A8FCF71AFA002873D0BDF82400BDF8D9
:10C7B0002010401A401C00B204901C210AA810F05E
:10C7C00057FC049810F0E8FA0D904FF0FF302490D9
:10C7D000002D0ADD00232A46214615A80BF0FCFE99
:10C7E000002115A80BF0ACFA2490012342463146F3
:10C7F0001BA80BF0F1FE00211BA80BF0A1FA25905D
:10C8000001A80A900F90BDF8DC008DF84070ADF8DB
:10C8100030008DF84190B4F900002290B6F9003054
:10C820004119994200DC1946B4F904000FFA81F964
:10C830002190B6F90410421B8A4200DB0A460FFA27
:10C8400082F8B4F902E0B6F902200EEB0500924638
:10C85000504500DC1046B4F906B007B2B6F9062020
:10C86000ABEB0500904200DB104600B20590A8EB50
:10C870000900401C00B22790D6450DDC01200CE0D9
:10C8800000E006E0009732462146379B299800F0E9
:10C89000B8F92DB0BDE8F08F00208246934501DB4A
:10C8A000012000E0002083462698D8B3BDF8200080
:10C8B000ADF80400BDF82400ADF80800BDF9224031
:10C8C00022E000BFBAF1000F01D1A7421BDCBBF18F
:10C8D000000F02D10598A0421ADB25B2ADF8065030
:10C8E000ADF80A5004990D9810F0F0FBBDF9201036
:10C8F0002A46049B0D980BF0C5FB8DF838000AA959
:10C9000029980CF02DF9641CBDF92600A042D9DA53
:10C910001BA80BF0D9FB25980BF008FF2498401CAE
:10C9200007D000E009E015A80BF0CEFB24980BF02F
:10C93000FDFE0D9810F07CFAABE72298984201DCDE
:10C94000012000E0002013902198884201DB0121A2
:10C9500000E000210120009013981291084000EAA5
:10C960000A0010EA0B0F04D02798322801DA0020C1
:10C970000090012000998DF838001AEA010F0ED0BE
:10C98000ADF80490ADF808806088ADF806007088B6
:10C990000AA9401EADF80A0029980CF0E1F80099A8
:10C9A0001BEA010F0ED0ADF80490ADF80880F088B6
:10C9B0000AA9401CADF80600E088ADF80A002998E5
:10C9C0000CF0CEF8139878B12088ADF804003088C8
:10C9D000ADF80670401EADF808000598ADF80A00E5
:10C9E0000AA929980CF0BCF8129878B1B0880AA965
:10C9F000401CADF80400A088ADF808000598ADF81B
:10CA00000670ADF80A0029980CF0AAF80098C0B199
:10CA1000BDF92400BDF92010A9F10102ADF8041000
:10CA2000904200DB1046ADF80800401A401C05B2E9
:10CA3000002D70DD139850EA0A0066D0BDF922403F
:10CA400061E0BDF82000ADF80400BDF82400ADF8A9
:10CA50000800B6F90200B4F90210401AA84200DB3F
:10CA600005460FFA85F8002533E06088284406B2B1
:10CA7000E088401B07B2BDF92200B04203DDBDF9DA
:10CA80002600B84224DB04990D9810F01FFBBDF975
:10CA900004103246049B0D980BF0F4FA8DF8380020
:10CAA000BDF92200B04207DCADF80660ADF80A60BF
:10CAB0000AA929980CF054F8BDF92600B84207DB02
:10CAC000ADF80670ADF80A700AA929980CF048F87C
:10CAD0006D1C4545C9DB8DE026B2ADF80660ADF8AA
:10CAE0000A6029460D9810F0F1FABDF904102B46A2
:10CAF00032460D980BF0C6FA8DF838000AA929982D
:10CB00000CF02EF8641CA742E6DC139850EA0B00E8
:10CB10001DD0059C16E01AE026B2ADF80660ADF80F
:10CB20000A6029460D9810F0D1FABDF904102B4681
:10CB300032460D980BF0A6FA8DF838000AA929980C
:10CB40000CF00EF8BDF92600641CA042E4DABDF931
:10CB5000200008F10101884200DC0846BDF82410DD
:10CB6000ADF80400081A401C05B2ADF80810002DFD
:10CB700040DD129850EA0A001BD0BDF9224016E0B1
:10CB800026B2ADF80660ADF80A6029460D9810F09F
:10CB90009DFABDF904102B4632460D980BF072FA3F
:10CBA0008DF838000AA929980BF0DAFF641CA74217
:10CBB000E6DC129850EA0B001CD0059C15E026B26A
:10CBC000ADF80660ADF80A6029460D9810F07EFABF
:10CBD000BDF904102B4632460D980BF053FA8DF830
:10CBE00038000AA929980BF0BBFFBDF92600641C88
:10CBF000A042E4DA1BA80BF067FA25980BF096FD2B
:10CC00008FE62DE9FF478EB00C46824615461C2163
:10CC100002A81A9E10F02CFACDF808D0BDF84400F6
:10CC2000ADF810008DF82060B4F90200B5F90210DB
:10CC3000884201DC012700E00027B4F90600B5F9BD
:10CC40000610884201DB012600E00026B4F900004E
:10CC5000B5F90010884201DC012100E0002189467D
:10CC6000B4F90410B5F90420914201DB012100E080
:10CC70000021ADF80000A088ADF804006088ADF890
:10CC8000020068888846401EADF806001FB102A960
:10CC900050460BF065FFE888401CADF80200E088C4
:10CCA000ADF806001EB102A950460BF059FF2088CE
:10CCB000ADF800002888401EADF8040017B1B5F9A2
:10CCC000020001E0B4F90200ADF8020016B1B5F9B6
:10CCD000060001E0B4F90600ADF80600B9F1000F56
:10CCE00003D002A950460BF03BFFA888401CADF8CA
:10CCF0000000A088ADF80400B8F1000F03D002A92D
:10CD000050460BF02DFF12B0BDE8F0872DE9F04F33
:10CD10008B46A2F57F4195B091460646FF3944D037
:10CD2000746A208C8046984204D02384608C40F042
:10CD3000080060844FF4802A5146204612F094FA8D
:10CD400007465146204612F0AAFA0546B7F9087080
:10CD5000304606F03FFCB0F916107A1909FB0211B3
:10CD600005EBD570A1EB6000ADF8060038446D1EF0
:10CD70002844ADF80A00706A818AADF80410008B6F
:10CD8000ADF8080006A80BF0F5FC06AA51462046AF
:10CD900012F028FD01AA06A958460BF0D7FCA4F80A
:10CDA0002080608C20F00800608415B0BDE8F08F12
:10CDB0002DE9F0430E46A2F57F4191B0904605461D
:10CDC000FF3956D06C6A278C9F4204D02384608C34
:10CDD00040F00800608406A80AF000FF4FF48029A4
:10CDE00006AA4946204612F04FFC4946204612F05A
:10CDF00056FAADF82A00284606F0ECFB050038D0BC
:10CE00000698B5F91620B0F90810BDF92A0000EB14
:10CE1000010C08FB0C2200EBD073A2EB6302104460
:10CE2000491EADF80A200844ADF80E00A08AADF8FE
:10CE30000800208BADF80C0002AA0EA8B168FBF721
:10CE4000CCFE88B10EA8D6F80880B06028460FF056
:10CE5000EEF903460020009005F1140206A93046C1
:10CE60000AF01CFCC6F808802784608C20F00800BB
:10CE7000608411B0BDE8F0832DE9F0412E4D0746E6
:10CE800068680AF03DF904463868C66B716B09B1F1
:10CE900030468847686800680188408811FB00F0C8
:10CEA000E168884201D1012000E00020216859B1E9
:10CEB000616849B128B107E068680068816A01B11A
:10CEC000884720690028F7D1012020616968096836
:10CED000C9688A69D20702D08969890700D400200D
:10CEE0006061606908B1012500E00025386841698A
:10CEF00071B1016911F0300F06D0490704D5D6E9A8
:10CF0000001000F01BF803E0D6E90021FDF796FFC2
:10CF1000206800280BD06168002908D03A68127C8C
:10CF2000AA43D20703D1A268824202D1A160BDE820
:10CF3000F081A060FBE700003C0300202DE9F34FE7
:10CF400005468A4893B041680E683069820701D56A
:10CF500042076ED4C0F3011002281ED0012801D070
:10CF6000032866D100200F9008460AF0C9F88346CE
:10CF7000A988B5F90000EA88091A491C0CB2B5F96C
:10CF80000210521A521C17B24FF40062B2FBF4F3B3
:10CF9000BB420FDAB2FBF4F20DE029463046149A98
:10CFA00000F0F0F8149A15B029463046BDE8F04F6D
:10CFB000FDF744BF3A460C920791317CC1F3011151
:10CFC000012905D06880611E0844E8800020BDE08A
:10CFD0007188081A401EE880001B401C6880F5E735
:10CFE0000C99A7EB0A00884200DD084600B20190C8
:10CFF0000120CBF81000BAF1000F20D1A7421EDBB0
:10D000000194307CC0F30110032810D00020214689
:10D01000149A00F0EAF8307CC0F30110012809D01E
:10D0200031880798081A401EA880001B56E001208E
:10D03000EDE797E0079828800798204466E00F986E
:10D0400020B94FF480500FF0A7FE0F90307CC0F352
:10D05000011003281BD000208646DDF850C001993E
:10D060000F980A9014FB01F0401E0D90601E48437B
:10D070000E9000208146884222DA0E9ABEF1000FFF
:10D0800002EB090001D00D9A101A002212E00120D3
:10D09000E2E70A9BBEF1000F03EB400863460CF188
:10D0A000020C1B88A8F8003001D0084400E0401AA8
:10D0B000521C12B2A242ECDB09F1010000B2D9E726
:10D0C000307CC0F3011001281BD031880798091A61
:10D0D000A1EB0A00401EA8800199401A401C28803C
:10D0E00001990AEB0108B84513DBDBF81800C0070B
:10D0F0000FD0DBF8180080070BD50120CBF8140007
:10D100000AE007985044288001990844401EA880EE
:10D11000E6E70021CBF814100F9828B10246294603
:10D120003046FDF78BFE05E0149AF8E7B16A09B1C5
:10D1300030468847DBF810000028F7D10198149991
:10D14000604301EB400014900FFA88F08246B84229
:10D15000FFF646AF0F98002804D015B0BDE8F04F99
:10D160000FF066BE15B0BDE8F08F00003C03002054
:10D1700030B504880D8805801088088018881080D4
:10D180001C8030BDF8B58B880C884D881B1BCC8863
:10D190005B1C641B641C13FB04F300245B1E0DE08A
:10D1A00002EB430602EB44073588ADF80050B7F8B0
:10D1B00000C0A6F800C05B1E3D80641CA342EFD8EF
:10D1C00043884C88CA881B1B5B1ECB8043889A1AF5
:10D1D000521E4A8003880C888A881B1B5B1E8B802A
:10D1E0000088801A401E0880F8BD2DE9F0470C46E3
:10D1F00017468246002601EBD47931E00025601CF9
:10D2000000EBD07827E0A01B401E01B2601B401E3F
:10D2100000B2BAF1000F0AD015FB041207EB42036B
:10D2200011FB040107EB410210FB046009E010FB55
:10D23000046207EB420311FB040007EB400215FBFD
:10D24000041007EB400116FB045007EB4000FFF70A
:10D250008FFF6D1C2DB2B5EB680FD4DB761C36B298
:10D26000B6EB690FCADBBDE8F08700002DE9F04797
:10D27000A2B005460CF0B6FF044628460CF07AFF33
:10D280008246606A0EF0D3FF054694F85400C0074A
:10D2900077D004A80BF06EFA4FF4E02904AA4946AF
:10D2A000204612F09FFA04F1480101A808F091FA13
:10D2B000606ABDF80410828A1144ADF80410BDF80C
:10D2C0000610C08A01AA0844ADF80600606ABDF8DD
:10D2D0000810808A0844ADF80800606ABDF80A109A
:10D2E000C08A0844ADF80A0004A950460BF02EFA93
:10D2F0004946204611F08AFD06464946204611F06F
:10D3000099FE87194946204611F01EFF4FF000088C
:10D310001D490644CDF87480CDF87880206D0968E9
:10D32000284488470246206D41191DA80FF0CEFD04
:10D33000BDF8040055223844ADF80400BDF80600DD
:10D3400041463044ADF80600606A11F003FF05461F
:10D3500012A80AF043FC12AA4946204612F094F99A
:10D360009DF81300022804D8BDF85400A9B28842E1
:10D3700007D01DAB01AA12A95046CDF800800AF0D3
:10D380008DF922B0BDE8F087100400202DE9F04FA0
:10D39000C3B0054630300E462690FCF76EF90028E3
:10D3A0007DD105F1140241A8B168FBF716FC0028F5
:10D3B00075D041A8D6F808A0B0603CA80AF09DFC42
:10D3C0004FF4E0243CAA2146284612F0ADF92CA8DF
:10D3D0000BF0D0F99DF8F8008DF8B30047F6FF7018
:10D3E000ADF8B0002146284611F0A1FF00EBD07047
:10D3F00047102146284611F09AFF00EBD0704FEA03
:10D40000600B3146684610F021FD29A8069018A847
:10D4100004906448019005200D9402902698FCF732
:10D42000B3F8B6E00A223CA929A80FF04FFD382234
:10D430002CA918A80FF04AFDE088ADF8A400E088F8
:10D44000ADF8640012A809903FA80A90607BC0075D
:10D4500004D0B4F90000B4F902100FE0B4F90410DC
:10D46000A1F5FE40FF3875D0A2883AAB2846A168E6
:10D4700009F0A6F9BDF9E800BDF9EA10AA8A10443E
:10D480000FFA80F8E88A08440FFA80F9C7B1BBF1B7
:10D49000000F15D001204090A8EB070000E07DE0D0
:10D4A000ADF89C0008EB0700ADF8A000A9EB0B005D
:10D4B000ADF89E0009EB0B00ADF8A20027A801E033
:10D4C000002040900390207B81072CD0C00702D021
:10D4D000B5F9140000E04046ADF84800ADF84A90B8
:10D4E000217B4846890702D5B5F9181000E041466E
:10D4F000ADF8FC10ADF8FE006A461A2128460CF083
:10D5000073FE3FAB12AA29A930460AF0E9FB409806
:10D5100020B127AA18A930460BF018F96A461B213A
:10D5200028460CF061FE217B11F00C0F2DD04046F7
:10D53000ADF84880490702D5B5F9161000E0494614
:10D54000ADF84A10ADF8FC00207B000703D5B5F913
:10D550001A0001E019E04846ADF8FE006A461A21BB
:10D5600028460CF041FE3FAB12AA29A930460AF02A
:10D57000B7FB409820B127AA18A930460BF0E6F86F
:10D580006A461B2128460CF02FFE21462698FBF701
:10D59000F8FF04007FF446AFC6F808A043B0BDE82A
:10D5A000F08F000024B002082DE9F04F88468A6809
:10D5B000A7B0044600F1140124A8FBF70EFB0028D5
:10D5C0007ED0D8F808001F9024A9C8F808100021C0
:10D5D000204611F009FC05460021204611F000FD0F
:10D5E000284400B220900021204611F07DFD2844FF
:10D5F00005B2204610F06AFEB4F88410484340F3A8
:10D600000F201B90204610F047FEB4F886104843C8
:10D6100040F30F201D9018A80AF06FFB18AA0021F4
:10D62000204612F081F84146684610F00FFC0026B3
:10D6300018A80690701E0E90DFF8CCA10D96CDE9CB
:10D6400001A609966A461A2120460A960CF0CCFDDE
:10D6500020463122314611F07DFD00F0FF09002106
:10D66000204611F0C1FB834620463322314611F09B
:10D6700071FDC6B2204610F023FF2390204610F023
:10D68000EBFFB4F87E10E9B3E18A2944081A00B22E
:10D690001E90A08AADF84C00208BADF85C000025F0
:10D6A000B4F97E70B9F1020F40D9BBF1000F3DDD36
:10D6B000B00707D50021204611F016FD10B900E093
:10D6C0009FE00125F00731D00021204611F03AFCFF
:10D6D00060BB7F1E3FB229E01D9810FB05F1B4F836
:10D6E0007E006A46401E91FBF0F01E990844ADF89A
:10D6F0004E00ADF85E000120CDE901A013A809900D
:10D7000017A800E014E00A901A210E9520460CF0AC
:10D710006BFD17AB13AA18A940460AF0E1FA6A4656
:10D720001B2120460CF060FD6D1C2DB2BD42D3DBE9
:10D73000B4F88000F0B3A18A209800270144239810
:10D74000081A00B21C90E08AADF84E00608BADF86C
:10D750005E00B4F98050B9F1020F13D9BBF1000F8C
:10D7600010DD700705D50021204611F039FC00B905
:10D770000127300706D50021204611F06DFC08B9BD
:10D780006D1E2DB256460DF14C0B0DF15C094FF09C
:10D79000020A26E01B9810FB07F1B4F880006A46E5
:10D7A000401E91FBF0F01C990844ADF84C00ADF818
:10D7B0005C0000E017E00E97CDE9016ACDE909B9F8
:10D7C0001A2120460CF010FD17AB13AA18A94046E9
:10D7D0000AF086FA6A461B2120460CF005FD7F1CE4
:10D7E0003FB2AF42D6DB4FF0FF300E9000200990E1
:10D7F0000A906A461B2120460CF0F6FC1F98C8F8D8
:10D80000080027B0BDE8F08F24B002082DE9F04FE2
:10D810009BB083460CF0A8FC064658460CF0E2FC90
:10D820000446122E7ED0152E01D0182E7BD111F079
:10D8300049FE0490204610F09CFD039020460021F4
:10D84000322211F087FC054620460021122211F0F9
:10D8500081FC28440FFA80F820460021132211F0A1
:10D8600079FC28440FFA80FA20460021102211F09A
:10D8700071FC284407B220460021112211F06AFCF5
:10D880002844618E0FFA80F901EB0800ADF86000C2
:10D89000A08E3844ADF8620094F8390000F003001F
:10D8A00001287DD018A9E08ECDE90001DDE9032132
:10D8B000B4F9303005A8FBF777FCBDF81410A08A46
:10D8C0000844ADF81400BDF81610E08A0844ADF81D
:10D8D0001600BDF81810A08A0844ADF81800BDF86D
:10D8E0001A10E08A0844ADF81A0000BF04F11401D0
:10D8F0000D4619A80C9107F05AFF05A9284607F014
:10D9000056FF5946D24810F04DFC012861D119A9A3
:10D910000C9807F04CFF152E5BD1E08D002858D0F5
:10D92000A08D01E058E054E0002852D0E08E00289D
:10D930004FD058460CF01EFC064603A80C9907F081
:10D9400036FF20460DF0DCFE054694F8390000F065
:10D95000030001287DD0BDF81800BDF81410401A4E
:10D96000BDF80C100844ADF81000BDF81A00BDF861
:10D970001610401ABDF80E1000EB0100BDF80C1097
:10D98000ADF8120001EB0800ADF80C00BDF80E0078
:10D99000BDF810103844ADF80E00A1EB0A0000E00D
:10D9A0007FE0ADF81000BDF81210A1EB0900ADF852
:10D9B000120094F8381001F0030001286FD0890795
:10D9C0006DD002286CD00023194630460C9A09F01D
:10D9D00017FE1BB0BDE8F08F58460CF001FC054661
:10D9E00000780228F5D094F838004FF00106C143C2
:10D9F00089074ED000F0030102294AD0C0F3840009
:10DA0000042801D0012844D120460021462211F0EB
:10DA1000A1FBC0B2FF283CD1208ED0BB58460CF0F1
:10DA2000DFFB0746E08EB0F5807F34D0204610F053
:10DA3000A0FC8046204611F045FD014604F132026B
:10DA4000E08ECDE900020023424603A8FBF7ACFBC1
:10DA500000E02BE0BDF80C00A18A00220844ADF8DC
:10DA60000C00BDF80E00E18A0844ADF80E00BDF8C8
:10DA70001000A18A0844ADF81000BDF81200E18A38
:10DA80000844ADF8120003A93846FBF7CEF8002889
:10DA90009FD12E709DE7002204F11401F4E730E0DD
:10DAA000C5E005A9204610F02BFC1FE7B4F92C00B7
:10DAB00029B2401ABDF80C10401C00EBD070A1EB4D
:10DAC0006001ADF80C10BDF81010BDF80E20A1EBF0
:10DAD0006000ADF81000B4F92E002914401A401C63
:10DAE00000EBD070A2EB6000ADF80E00B4F92E0090
:10DAF000401ABDF81210401C00EBD070A1EB600082
:10DB00003CE70FA809F0B0FD0FAA0021204611F054
:10DB100068FDE08EADF83E00208EADF83C00608ED2
:10DB2000ADF84000A08EADF8420094F8380016AA77
:10DB3000C0098DF85000BDF8141001EB0800ADF8D5
:10DB40005800BDF81600BDF818103844ADF85A005A
:10DB5000A1EB0A00BDF81A10ADF85C00A1EB0900BA
:10DB6000ADF85E00B16810460F46FBF736F80028A6
:10DB700090D016A8B060B4F92800B4F92C1090FB2E
:10DB8000F1F201FB1208B4F92A00B4F92E1090FB4F
:10DB9000F1F201FB1200BDF90E10084400B2ADF81D
:10DBA0000200884203DDE18D401AADF80200E18DEC
:10DBB00080B20844401E30E0BDF90C1001EB0800B3
:10DBC00000B2ADF80000884203DDA18D401AADF827
:10DBD0000000A18D80B20844401E0DE06A460FA9E6
:10DBE0003046636A09F00CFDBDF800002844ADF82A
:10DBF0000000BDF804002844ADF80400BDF90000A1
:10DC0000BDF910108842E9DBBDF802102814014468
:10DC1000ADF80210BDF806100844ADF80600BDF9D5
:10DC20000200BDF912108842C6DBB760D1E60DA82C
:10DC300009F0D4FF0DAA0021204611F025FD002097
:10DC40000090636A0DA930460C9A09F027FDC0E6E2
:10DC5000F85F03082DE9F04FD3B005460CF0C2FA87
:10DC6000044628460CF086FA4F9010A9204610F082
:10DC700047FB00216922204611F06CFA054600217D
:10DC80006A22204611F066FABDF84010BDF8442023
:10DC9000491BADF840102A44BDF84230ADF844208D
:10DCA0001B1ABDF84650511A2844ADF84600C01A58
:10DCB000401C0FFA80FAADF84230D4E90A02491C40
:10DCC0000FFA81FBA2EB0008D34501DB012100E044
:10DCD0000021894600213E9194F85C1001F0030177
:10DCE000012908D1002806DA002A04DD216B8142CF
:10DCF00001D101203E900021204611F07DF92190B4
:10DD00000021204611F0B4F936900021204611F090
:10DD1000F7F920900021204611F020F9359004F108
:10DD2000340010A9139007F030FDA18E219808440B
:10DD3000A086218F3698081A2087E18E209801440A
:10DD4000E186618F3598081A00B26087B9F1000F3B
:10DD500011D0E18E401A401C00B204281DDAE18A7D
:10DD60000AEBDA726FF0010000EB62000844E08613
:10DD7000001D608711E0218FA08E081A401C00B2A0
:10DD800004280ADAA18A0BEBDB726FF0010000EBCA
:10DD900062000844A086001D2087218FA08E081AEB
:10DDA000401C00B21890618FE08E081A401C00B22F
:10DDB0002290B9F1000F05D004F13805DC48189F16
:10DDC000139E04E004F13606DA48229F351D3A908E
:10DDD000A36D581C14D0216DA06A626D091A101A27
:10DDE0007943784391FBF8F190FBF8F009B200B267
:10DDF000401A5843C21700EB126001EB202005E0E7
:10DE0000216BA06A081A784390FBF8F000B21690D4
:10DE1000A26C501C14D0216CA06A636C091A181AE9
:10DE20007943784391FBF8F190FBF8F009B200B226
:10DE3000401A5043C21700EB126001EB202005E0AE
:10DE4000D4E90910081A784390FBF8F000B23F902B
:10DE500020460021162211F07DF9C0B2B9F1000F61
:10DE600028D001280AD130462E4605463F98404228
:10DE700000B23F901698404200B2169031883F9809
:10DE80000844288031881698084430803E9888B32A
:10DE9000A06A4042784390FBF8F000B2B9F1000F5D
:10DEA00015D031880844B5F9001000B281420BDD6D
:10DEB000308039E029883F98081A401C3080298832
:10DEC0001698081A2880E1E7318028802CE02988FC
:10DED000081A401CB6F9001000B2814201DD28800A
:10DEE00001E029803080B5F90010B6F900008142C8
:10DEF000EADB19E0FFE73A9913988847012813DC19
:10DF000035A84F990FF0A2FF4FF4003042908A4895
:10DF10003690002037901398389035AA1A21204661
:10DF20000CF062F935AAFBE050A8139907F02DFC1C
:10DF300068460AF01FFC4FF400356A462946204621
:10DF400011F050FC23A84F990FF080FF4FF000080C
:10DF50007948CDE924083095CDF89CD013982690C7
:10DF6000454623AA1A2120460CF03EF920460B22F2
:10DF7000294611F0EFF805B258465146D34500DB6B
:10DF80000846B5EB600F00DD4510229A1899BDF9DF
:10DF90000000914200DB1146B0EB610F00DD48103C
:10DFA000B9F1000F02D0228FA18E01E0628FE18EC5
:10DFB000511A491C09B2B1EB400F18DD9DF822003F
:10DFC00012909DF803709DF81A608DF803808DF80B
:10DFD0001A808DF822806946139A4F980AF0B6FB92
:10DFE00012988DF803708DF81A608DF82200A18ABE
:10DFF000219800230844ADF83401218B36982A4635
:10E00000081AADF83801E18A20980844ADF83601C5
:10E01000618B3598081AADF83A014DA947A80AF066
:10E02000DBFA002147A809F08BFE17909DF82260CB
:10E030008DF8228045468DF8368010A90EA807F08D
:10E04000A4FBBDF838102198084400B2ADF83800A0
:10E05000BDF83A20209911440BB2ADF83A30BDF822
:10E060003C203699511A0AB2ADF83C20BDF83E70FA
:10E070003599791A09B2ADF83E10B9F1000F12D0F6
:10E08000C81A401C00B204281FDAE18A0AEBDA72CF
:10E090006FF0010000EB62000844ADF83A00001D8B
:10E0A000ADF83E0011E0101A401C00B204280CDA52
:10E0B000A18A0BEBDB726FF0010000EB62000844F9
:10E0C000ADF83800001DADF83C00BDF9002000237C
:10E0D00019A813990AF080FA002119A809F030FE56
:10E0E00007460EAA69464F980AF030FB8DF8226069
:10E0F0008DF803508DF81A508DF836506946139AF2
:10E100004F980AF023FB19A809F0DEFF47A809F091
:10E11000DBFF38460AF00AFB17980AF007FB23AA30
:10E120001B2120460CF060F853B0BDE8F08F0000D2
:10E130006D580108155801086C5F03082DE9F04778
:10E14000B8B005460CF04EF8044628460CF012F81C
:10E1500082460021204610F00EFE01280CD0002738
:10E16000204606F0CFF8054694F85C00002600F043
:10E170000300012802D008E00127F1E7A06A002887
:10E1800003DAE06A002800DD012620468DB110F098
:10E19000F0F8804626B1606A002801DAA08E05E01A
:10E1A00017B1B4F9340001E0B4F93800ADF89400C7
:10E1B0000BE011F087F9804626B1606A002801DA89
:10E1C000608F00E0E08EADF8960012A80AF0D2FA57
:10E1D0004FF4403612AA3146204611F003FB2B467D
:10E1E000424625A9204616F056F804F1680025A9F4
:10E1F000814607F0E5FA514668460FF027FE2F48A2
:10E20000019000200290CDE90D6012AECDE9039699
:10E21000204613F0B1FE022806D06A461A21204695
:10E220000BF0E2FF4A463CE0382212A927A80EF084
:10E230004DFE6A461A2120460BF0D6FF4A4612A927
:10E2400050460AF083FA6A461B2120460BF0CCFFA9
:10E2500045B127B1B4F93800ADF8940005E0B4F940
:10E260003400F9E7608FADF896002B46424625A9A9
:10E27000204616F010F804F1600025A9054607F0C5
:10E280009FFA382227A912A80EF020FE02A9012029
:10E2900081E861000E906A461A2120460BF0A4FF27
:10E2A0002A4612A950460AF051FA6A461B21204616
:10E2B0000BF09AFF38B0BDE8F087000084600308D7
:10E2C0002DE9F0438FB004460BF08CFF054610F0AB
:10E2D00091F8074603A809F081FC03AA00213846FB
:10E2E00011F0D2F928460DF09DFF28B19DF82900C4
:10E2F00040F001008DF8290020460BF03BFF8168BB
:10E3000004460E4607F114020DA8FAF766FC002831
:10E3100050D00DA8A0600BA9384605F0D3FBA88A01
:10E32000ADF80400E88AADF80600288BADF80800C7
:10E33000BDF82E00ADF80A0001AA1046A168FAF750
:10E340004CFC4FF000090DF1040878B1A76828468D
:10E35000C4F808800DF06BFF034605F1140203A911
:10E360002046CDF8009009F099F9A760A88AADF889
:10E370000400BDF83200ADF80600288BADF80800A7
:10E38000688BADF80A0001AA1046A168FAF725FCCF
:10E3900078B1A7682846C4F808800DF048FF034606
:10E3A00005F1140203A92046CDF8009009F076F992
:10E3B000A760A6600FB0BDE8F08300002DE9FF4F15
:10E3C0009FB0987B8A7E00F00F04DDF8B0E00E4627
:10E3D000032C18D0012C1DD0022C21D0042C13D0DA
:10E3E000082C7DD1A24D4FF0FF0A6101FD2A2FD2EA
:10E3F000A04F3878904202D17868A04225D0002002
:10E40000DFF874821FE00424994D4FF0F00A103DAC
:10E410001021EBE7964D4FF0800A163D0221E5E70B
:10E42000934D4FF0C00A143D0421DFE715F800C0FA
:10E43000BCF1FF0F1DD01CFB02FC4FEA1C2C00BFDF
:10E4400008F800C0401C8842F0D38B4D3A707C60C5
:10E450001F9AB3F80680188907902199926808FBE3
:10E4600004F0B1F90010B2F90030994203DB002347
:10E4700002E09446E4E75B1A9B46B2F9043001EBF4
:10E4800008079F4201DC414601E0591A491C8946B0
:10E490002199B2F90230B1F90210994201DB00234F
:10E4A00000E05B1A1193079BB2F906200B449342DC
:10E4B00001DC079901E0511A491C0A911199414365
:10E4C0000BFB04100EEBD00100F007072C911C2170
:10E4D00015A80EF0CDFDB089ADF85C00B07E00E06F
:10E4E000C2E08DF86C00B07FC0F3C2008DF86D0003
:10E4F000FBF7F4FA08F008FE079A08FB02F18142E4
:10E5000000DC08461C900EF047FC079018902198FC
:10E510000026018801EB0B02ADF80C200188A9F15F
:10E52000010001442198ADF8101043881198184457
:10E530008B1AADF81200ADF80E00ADF83810ADF83A
:10E5400034200A99ADF836005B1C08441BB2ADF8C4
:10E550003A000B930DA809F0D3FD1D9003A8159068
:10E560001A90C4F1080008EB0B010F90A1EB090011
:10E5700060431290119860E033462AFA07F059463A
:10E580004FF0000C1FE02C9ADDF83C801278A8EBCD
:10E590000708024032FA08F205D015F80280079AFF
:10E5A00002F8068002E0079A02F806C00F9A974226
:10E5B00002D22744E04004E02C9A0027521C504627
:10E5C0002C92491C761C4945DDDB1D9880B10798CB
:10E5D000BDF912201844BDF90C1080460B9B09F0C0
:10E5E00051FD8DF8640018B940460B990EF040FDBE
:10E5F000A9EB0B0081191C98814205D2BDF81200CD
:10E60000401CADF812000EE002208DF8640015A940
:10E610001F980AF0A5FABDF81200401CADF80E00D4
:10E62000ADF81200002612982C99384401EBD00165
:10E6300000F0070701982C91401C0A99019088422C
:10E640009ADBBDF90E10BDF91200814209D0401EBF
:10E65000ADF8120002208DF8640015A91F980AF089
:10E660007FFA07980EF0E4FB23B0BDE8F08F0000BE
:10E670000A61030858040020C48901202DE9F04FE5
:10E680008346B1F902000C46401E411000F0010023
:10E690004618B2F90050B3F9000089B0854200DA9B
:10E6A0002846ADF80000B2F90000B3F900309842F6
:10E6B00000DC1846401EADF804005088801BADF801
:10E6C000020050880844ADF8060069460846DBF8A9
:10E6D0000820FAF782FA00281FD0E08818B1A08835
:10E6E00008B1012700E000270125684609F008FD70
:10E6F00000B907B100251C2102A80EF0B9FCCDF825
:10E7000008D02088ADF81000207A6E468DF82000E1
:10E7100035B102A958460AF023FA09B0BDE8F08FD6
:10E72000BDF80410BDF90000BDF90680091A491CA6
:10E730000DB2BDF80210ADF806104FF0000A47B157
:10E74000B4F90610B4F90420114490FBF1F201FB76
:10E75000120A28460EF020FB079605908146BDF967
:10E7600002603EE0294648460EF0B0FCBDF90010BC
:10E770002B4632B2484609F085FC8DF818000FB3DD
:10E7800000B3002150460B4617E000BFB4F9042047
:10E79000824205DB121A1144104409B200B208E0AB
:10E7A000B4F906C06244824201DC002001E009F8AD
:10E7B0000130491C401C09B200B2A942E6DB02202C
:10E7C0008DF8180002A958460AF0CAF9BDF80200EF
:10E7D000401CADF80200BDF80600401CADF8060074
:10E7E000761C4645BEDD48460EF022FB95E700004C
:10E7F0002DE9FF4FB2F90240B3F90250C5B0AC4267
:10E8000008DA128864F31F4062F30F0065F31F41BA
:10E810001A8807E01B8865F31F40128864F31F41C4
:10E8200063F30F0062F30F010FFA81F904B20514CC
:10E83000A9EB04064FEA214AAAEB05070391002E33
:10E8400001DD314600E07142002F01DD384600E075
:10E850007842814201DD012000E0002015904698B9
:10E86000B0F90210159858B1002F01DD384600E0CC
:10E8700078424201002E01DD30460CE070420AE091
:10E88000002E01DD304600E070424201002F01DD24
:10E89000384600E0784292FBF0F0AB4A105C10FB87
:10E8A00001F03F30C0114FEA600800F0010202EBB6
:10E8B000080B49464C4500DA2146A1EB0001ADF8B2
:10E8C000581001DD214600E049460144ADF85C10D6
:10E8D0005146554500DA2946A1EB0001ADF85A1022
:10E8E00001DD294600E051460844ADF85E00459838
:10E8F00016A982680846FAF770F900287ED01598A4
:10E90000002100287BD0002E16DDAAEB080000B203
:10E91000CDE90001A5EB080002B24B46214620A834
:10E9200009F092FC0AEB0B00012100B2CDE90001D5
:10E930004B4605EB0B0015E00AEB0B0000B2CDE9EE
:10E94000000105EB0B0002B24B46214620A809F05E
:10E950007BFCAAEB0800012100B2CDE900014B4687
:10E96000A5EB080002B221460AA809F06DFC0021BF
:10E9700020A809F0E5F9189000210AA809F0E0F9AB
:10E98000159046984FF0FF39C846407AC00623D408
:10E99000A819032100B2CDE90001E01B03B22A4609
:10E9A00021462BA809F050FC039902200A14911962
:10E9B00009B2CDE90010039801B2C81B03B236A812
:10E9C00009F042FC00212BA809F0BAF98146002188
:10E9D00036A809F0B5F98046BDF85C00BDF85810BE
:10E9E000401A401C04B2FBF779F808F08DFB05468D
:10E9F00016A806F01BFFA84206D201E0A1E027E01E
:10EA000016A806F013FF0546AA4628460EF0C4F9DC
:10EA10008346BDF95E70BDF85A00ADF85E00002572
:10EA2000514658460EF052FB1C2119A80EF020FB4F
:10EA300016A9199146980088ADF86C004698BDF962
:10EA40005A60007A8DF87C00CDF870B01E9145E0D8
:10EA500009EB0B00CDE900A103B204EB0B0001B2FE
:10EA60002A4620A809F0F0FB0121A9EB0800CDE916
:10EA700000A103B2A4EB080001B22A4674E700BF6C
:10EA8000BDF958100BEB0500234632B2079009F090
:10EA9000F9FA8DF8740018B9214607980EF0E8FAD3
:10EAA00025442919514505D2BDF85E00401CADF83A
:10EAB0005E0012E002208DF8740019A945980AF052
:10EAC0004FF8BDF85E000025401CADF85A00ADF8C7
:10EAD0005E00514658460EF0F9FA761CBE42CFDD74
:10EAE000BDF95A10BDF95E00814209D0401EADF853
:10EAF0005E0002208DF8740019A945980AF030F8DC
:10EB000058460EF095F920A809F0DEFA0AA809F097
:10EB1000DBFAB9F1FF3F02D02BA809F0D5FAB8F122
:10EB2000FF3F02D036A809F0CFFA189809F0FEFD91
:10EB3000159809F0FBFD484609F0F8FD404609F03C
:10EB4000F5FD49B0BDE8F08F0A6203082DE9F04FEA
:10EB50008346B1F902000C46401E411000F001004E
:10EB6000158889B00844281AADF8000010880844B8
:10EB7000ADF80400B2F90210B3F90200814200DAE4
:10EB80000846ADF80200B2F90200B3F9021088425B
:10EB900000DC0846401EADF8060069460846DBF872
:10EBA0000820FAF71AF800281FD0E08818B1A088CA
:10EBB00008B1012600E000260127684609F0A0FA06
:10EBC00000B906B100271C2102A80EF051FACDF8B9
:10EBD00008D02088ADF81000207A6D468DF820000E
:10EBE00037B102A9584609F0BBFF09B0BDE8F08F64
:10EBF000BDF80400BDF80010BDF90670401A401CB5
:10EC00000FFA80F9BDF80200ADF8060048460EF094
:10EC1000C3F8824605900795002056B1B4F9060066
:10EC2000B4F904100844BDF9021091FBF0F200FBA6
:10EC300012108046BDF9025031E0494650460EF0B0
:10EC400045FABDF900104B462AB2504609F01AFAAF
:10EC50008DF81800A6B178B1B4F90410414502DA74
:10EC600000208DF81800B4F90600B4F9041001442E
:10EC7000414501DC4FF0000808F101000FFA80F86F
:10EC800002A9584609F06CFFBDF80200401CADF81F
:10EC90000200BDF80600401CADF806006D1CBD4228
:10ECA000CBDD50460EF0C4F89FE77CB505460BF06F
:10ECB00099FA446A28460BF05DFA626A0546816853
:10ECC00068461432F9F789FF002835D0AE68C5F8D8
:10ECD00008D094F83C00800621D5628FE08E8242F5
:10ECE00008D1212329462046FEF710F82046628FDE
:10ECF00021231DE0202329462046FEF707F8204661
:10ED0000628F20232946FEF753F82046E28E012326
:10ED10002946FDF7FBFF2046E28E012308E020464E
:10ED2000628F20232946FDF7F1FF628F20462023C2
:10ED30002946FEF73DF8AE607CBD00002DE9F04F9E
:10ED4000D5B005460BF04EFA0446008E00287DD063
:10ED500028460BF00FFA4F90608C49A940F008004C
:10ED6000608420460FF0CCFA0025278C2584608C27
:10ED7000A94640F008012E46C846618433A809F030
:10ED8000F9FC41A808F02AFF4FF4A02A33AA514603
:10ED9000204610F027FD41AA5146204610F074FC91
:10EDA000608C002120F0080060842046278410F049
:10EDB000ADF953900021204610F0D6F85290002172
:10EDC000204610F01FF951900021204610F056F90E
:10EDD000509020A84F990FF039F8B548CDF8B4A05D
:10EDE000CDE9210812A824900AA8259054E1761CA8
:10EDF000B6B2606AAFA150F82600F1F719FE0028FC
:10EE0000F5D0E06A30F81500C0F30011002974D184
:10EE10008846C0F3002109B14FF00108C0F380100B
:10EE200010B148F0800014E0A08EA84212D1B806BC
:10EE300001D548F02008B80701D548F00208780746
:10EE400001D548F00408380704D500E02CE148F06B
:10EE500008008046A06A00EBC50103A806F09EFCEE
:10EE6000BDF80C10BDF82401B8F1000F0144ADF855
:10EE70000C10BDF80E20BDF826110A44ADF80E2086
:10EE8000BDF810201044ADF81000BDF81200084481
:10EE9000ADF8120026D0A4F82080608C40F0080164
:10EEA000618412A809F066FC0AA808F097FE12AA6D
:10EEB0005146204610F096FC0AAA5146204610F012
:10EEC000E3FB2784608C20F008016184E06A30F85D
:10EED0001500C0F3C02000289DF845000ED040F07A
:10EEE00001000DE0382233A912A80DF0EFFF202217
:10EEF00041A90AA80DF0EAFFE8E7C9E020F0010007
:10EF00008DF8450003A8239020AA1A212E952046AB
:10EF10000BF06AF99DF86B004108C9063CD520F05A
:10EF20003E001E308DF86B00B4F914305199BDF9D4
:10EF30000C2019448A4203D120F008008DF86B00A0
:10EF4000B4F918205098BDF91010101A814205D15B
:10EF50009DF86B0020F010008DF86B00B4F91620BE
:10EF60005398BDF90E101044814205D19DF86B00F5
:10EF700020F004008DF86B00B4F91A205298BDF906
:10EF80001210101A814207D19DF86B0081084900C8
:10EF900061F345008DF86B00BDF81210BDF90E004D
:10EFA000091A491C0FFA81FB5FEA886108D5E16AFA
:10EFB00031F81510490503D5A0EB0B00ADF80E0094
:10EFC00003AA12A94F9809F0C1FB606ABDF93C3051
:10EFD000BDF93A1050F826000890BDF82801BDF898
:10EFE00024C10A9AA0EB0C00401C00B2CDE900102D
:10EFF0009DF845C0CDF808C054A8089914F0A0FBAE
:10F00000BDF81010BDF80C00BDF95031091A491CAB
:10F0100009B2C91A01EBD17100EB6100ADF80C0027
:10F02000BDF81210BDF80EC0BDF95221A1EB0C01C4
:10F03000491C09B2891A01EBD1710CEB610109B2CB
:10F040001844ADF81000881802B2ADF80E10ADF8F3
:10F0500012205FEA88600ED5E06A30F8150040059E
:10F0600009D50BEBDB70A1EB6001A2EB6000ADF802
:10F070000E10ADF81200CDF8009003AA0AA9089B63
:10F080004F9808F00BFB20AA1B2120460BF0ACF890
:10F090006D1C761CADB2B6B2208EA8423FF6A9AE6A
:10F0A000608C20F00800608455B0BDE8F08F00004F
:10F0B000A45F03080A0000002DE9F04FA7B0054641
:10F0C0000BF090F8044628460BF054F822900021EB
:10F0D00020460FF08FFE054600211222204610F038
:10F0E00039F828440FFA80FB00211322204610F043
:10F0F00031F828440FFA80FA0021204610F00CF86D
:10F1000028440FFA80F918A808F068FD18AA4FF4EF
:10F110000031204610F0B8FAA06A08B1179009E053
:10F1200080200DF039FE05460146802220460AF077
:10F1300041FE179594F83C00002700F00F000128CD
:10F1400000D1012720460021162210F003F8C0B29A
:10F15000012800D10127E06A002868D00CF090FC5B
:10F16000804602280DD002A9E06A0CF01FF90128A0
:10F170001BD04FF0FF363546E7B1A18A01EB0B00FB
:10F180001CE0BDF972009DF87D2041F6FF718DE80D
:10F190000700BDF97430189A15A8E16A14F0D0FA86
:10F1A000BDF95460BDF95650E6E70298C0F38A26CF
:10F1B000450DE1E7218BA1EB0A00801B711EADF824
:10F1C00014000844ADF81800B8F1020F5DD02046D5
:10F1D0000FF0CFF8401BE18A00EBD07001EB60002C
:10F1E000ADF81600691E0844ADF81A0011A808F021
:10F1F0003BFA4FF4003811AA4146204610F0F1F9CD
:10F2000006EBD6704010ADF8480005EBD570401005
:10F21000ADF84A0020466E2241460FF09BFFADF844
:10F22000440005AA11A9E36A229808F0E9F909A89F
:10F2300008F0D4FC09AA0021204610F025FABDF9F7
:10F2400036009DF8412041F6FF718DE80700BDF9B9
:10F25000383007A8099A179914F072FAE18A01EB7D
:10F260000900BDF81E10ADF80E000844ADF81200FC
:10F27000E06AE0B13FB3218BA1EB0A00BDF81C109E
:10F28000B0EB0100ADF80C0024E0E18A6D1E01EB4B
:10F290000900ADF816002844ADF81A0000200090CF
:10F2A00005AA18A9E36A229808F0F8F9BFE72046F2
:10F2B00010F008F9BDF91C10A28A401A00EBD070BA
:10F2C00002EB6000DEE7A18A01EB0B00BDF81C1029
:10F2D000ADF80C000844ADF810000020009003AA1F
:10F2E00009A9179B229808F0D9F9A06A002802D131
:10F2F00017980DF09DFD27B0BDE8F08F2DE9F04780
:10F3000098B005460AF06EFF044628460AF032FF20
:10F31000064609A920460EF091FF94F84800002502
:10F32000C10600D50125800601D545F00205002162
:10F33000204610F002F8A0F51C51D13904D1608CA0
:10F34000000501D445F004050BA808F047FCB4F80B
:10F350004400ADF84200B4F84600ADF844008DF822
:10F3600049500BAA0021204610F08EF99DF8480064
:10F370004FF0010808B98DF84880E06B0C90206CC4
:10F380000D900C994FF6FF7081421ED00D9981426D
:10F390001BD04FF4802927465522494620460FF0BE
:10F3A000D9FE024649463846FAF7E2F90090BDF820
:10F3B0000000ADF83A002046202249460FF0CAFE70
:10F3C0000090BDF80000ADF83C0094F8480041F60C
:10F3D000FF7A00F00700022801D003281ED19DF813
:10F3E0004800022801D0032818D1BDF93E10CDE90C
:10F3F000001A0295BDF940300B9A16A8616A14F004
:10F400009FF9BDF82800BDF82410401A401CBDF932
:10F41000581000B2884201DA8DF8488094F848000C
:10F4200004F1300700F00700032809D0BDF82A00D6
:10F43000BDF82610401A401C00B2B0F5806F00DA0B
:10F44000002709A914A8B268F9F7C7FB00287DD0E6
:10F4500094F8480040070BD120460FF0FDF84042D9
:10F4600002B2002109A806F01AFA608BADF82A0052
:10F4700094F848000DF1500900F00700022813D05D
:10F48000032811D0009709AA0BA93046636A08F037
:10F4900005F9B068C6F80890804694F8480000F076
:10F4A000070003280FD05FE0D6F80880C6F8089060
:10F4B000009709AA0BA93046636A08F0EFF84046A6
:10F4C000C6F80880E6E7BDF93E10CDE9001A0295BE
:10F4D000BDF940300B9A06A8616A14F031F9BDF805
:10F4E0002800BDF82410401A401CBDF9181000B2C5
:10F4F000884219DA202211460B980AF089FFB4F8E5
:10F500004410BDF8182000EB400011440844ADF849
:10F510004200B4F84600ADF84400009709AA0BA9D0
:10F520003046636A08F0BAF8BDF82A00BDF8261024
:10F53000401A401C01B2BDF91A00814214DAB4F835
:10F540004410ADF842100B99098900E00EE0B4F8C0
:10F550004620009710440844ADF8440009AA0BA9BE
:10F560003046636A08F09AF8C6F8088018B0BDE81B
:10F57000F0872DE9F04397B007460AF0F5FD054600
:10F5800038460AF02FFE04464FF48026152D7ED013
:10F59000182D7DD138460AF0EDFD054607A808F084
:10F5A0001DFB07AA3146204610F06EF813A920462D
:10F5B00004F088FA13AA15A8A968F9F70EFB002829
:10F5C00066D0204604F00DF881460CF02BFE28B1E1
:10F5D0009DF8390040F001008DF8390020460FF009
:10F5E00071FF064648460CF022FE0146BDF92E008A
:10F5F0000222CDE900060292BDF9303005A8079A33
:10F6000014F09EF820460EF0B4FEB4F9161000EB8C
:10F61000D076B9F9160001EB6601471A48460EF09C
:10F62000A8FEB90391FBF0F7002120460FF022FE5F
:10F630000799B0F90800B1F90810081A00EBD0706A
:10F64000BDF816104010091A09B2ADF81610E28A7A
:10F65000794302EB660202EBA1310F1A002120462A
:10F660000FF0CEFB80462046002112220FF072FDE3
:10F6700006462046002113220FF06CFDA28A06EBFD
:10F6800008011144ADF84010ADF8427001E023E0EC
:10F690001FE0218B081AA0EB0800ADF84400BDF86C
:10F6A00016003844ADF846009DF8390040F00200DD
:10F6B0008DF8390015A8AC68A86048460CF0B7FD75
:10F6C00003460020009010AA07A9284607F0E6FF8D
:10F6D000AC6017B0BDE8F08338460AF04BFD054634
:10F6E00010A9204604F0EEF9684609F043F86A468E
:10F6F0003146204610F076F810AA6946284609F0EF
:10F7000025F8E6E72DE9F043ABB005460AF06AFDBF
:10F71000044628460AF02EFD8146002120460FF0BF
:10F720007DFC0746002120460FF0B4FC0646002170
:10F7300020460FF0FDFC0546002120460FF020FC7E
:10F74000A18AE28AADF88A20238BADF88C30B4F818
:10F750001AC03944ADF88810991BADF88C10ACEB89
:10F7600000005119ADF88E00ADF88A1006A809F016
:10F7700001F806AA4FF40031204610F033F822AA0F
:10F7800006A9484608F0E2FF20460EF0F2FD0546C5
:10F79000208BA18A411A491C481B06B2606A411C91
:10F7A00006D07043C11700EB116040F30F2708E04B
:10F7B00020460FF0B1FA10F0010F01D0374600E0FB
:10F7C00000272046002116220FF0C4FCC0B20128F9
:10F7D00001D1F01B07B2A08A3844ADF800002844DC
:10F7E000ADF80400E08AADF80200608BADF80600C9
:10F7F0004FF44037394620460FF010FC0646394694
:10F8000020460FF047FC8046394620460FF090FC1A
:10F810000546394620460FF0B3FBBDF80010BDF891
:10F820000420891BADF8001002EB0801ADF80410AC
:10F83000BDF80210491BADF80210BDF806100844CF
:10F84000ADF8060014A808F095FF14AA3946204622
:10F850000FF0C8FF6A4614A9484608F077FF2BB09E
:10F86000BDE8F0832DE9F04FE1B005460AF0BAFC9F
:10F87000044628460AF07EFC8246826804F11401A0
:10F8800030A8F9F7AAF900287ED0DAF808000F901E
:10F8900030A8CAF808002046002132220FF05AFC96
:10F8A00000B25790002120460FF048FC5B900021E9
:10F8B00020460FF06BFB5D90002120460FF0B4FB5B
:10F8C0005A90002120460FF0EBFB5990208C002627
:10F8D00009902684608C40F00800608422A808F01B
:10F8E00049FF4FF4A02522AA294620460FF07AFFAF
:10F8F00032A808F073F932AA294620460FF0C4FE58
:10F9000009982084608C002720F00800608420463D
:10F910000EF0B0FE0146E28A5B981044411A5798F7
:10F920000844401EADF8160020460EF09CFE58908C
:10F93000002120460FF025FA012800D00020834640
:10F94000514642A80EF082FA4FF4A0204F90EB48A7
:10F9500043900020449014A846903AA84790002075
:10F9600089E0E06A30F91910BDF816005491401C86
:10F9700000B2491E0144ADF81200ADF81610BDF9F1
:10F98000C61088427CDC00E07DE0BBF1000F0AD0AD
:10F99000218B5998091A5898091A5798081A401E25
:10F9A000ADF8100009E0A18A5A9801445898091A44
:10F9B00057980844401EADF81400002555E000207B
:10F9C0005590A06A50F8270008B100785590BBF117
:10F9D000000F0CD0BDF81000401EADF81400216BD4
:10F9E00031F81510401A401CADF810000BE0BDF8BE
:10F9F0001400401CADF81000216B31F815100844BC
:10FA0000401EADF8140000261DE0A06AB91950F898
:10FA10002100E8B10078C0071AD0206BA919022292
:10FA200002EB4101405EBBF1000F05D0BDF81010A4
:10FA3000081AADF8100004E0BDF814100844ADF841
:10FA40001400761CB6B2A08C7119401E8142DCDB1A
:10FA5000BDF91600BDF9C210884217DAB819401C6A
:10FA600087B2A81980B2401C85B2A08CA842A6D843
:10FA700009F1010080B2E18C814649453FF671AF42
:10FA80000F99CAF8081061B0BDE8F08FBDF91020D9
:10FA9000ADF82820BDF91280ADF82A80BDF9141008
:10FAA000ADF82C10ADF82E0086469DF8AB00C0F3E3
:10FAB000440043070DD5B4F914C05A9B63449A42DD
:10FAC00007DDBDF9A83003EBD373A2EB6302ADF8F9
:10FAD000282082070DD5B4F916305B9A1A44904558
:10FAE00007DDBDF9A82002EBD272A8EB6202ADF8E7
:10FAF0002A20020711D5B4F91830599A9A1A521EC1
:10FB000091420ADABDF9A82002F0010302EBD27299
:10FB100003EB62021144ADF82C10C00712D0B4F907
:10FB20001A205D98101A401E86450BDABDF9A80010
:10FB300000F0010100EBD07001EB600101EB0E0061
:10FB4000ADF82E00E28E00214A457DD1A08EA8425C
:10FB50007AD1208C420602D4820600D52021820769
:10FB600001D541F00201420701D541F0040100072F
:10FB700001D541F00801002966D02184608C40F055
:10FB80000801618414A808F0F5FD3AA808F026F8E9
:10FB90004FF4A02814AA414620460FF023FE3AAAAB
:10FBA000414620460FF070FD09982084608C20F0BB
:10FBB000080161840AA84590A18C42AA09FB015062
:10FBC00050901A2120460AF00FFB0AAA14A95046A9
:10FBD00008F0BCFDA06A50F8270000287ED04FF442
:10FBE000A028414620460FF01FFA0C9041462046BF
:10FBF0000FF056FA1290414620460FF09FFA0290FD
:10FC0000414620460FF0C2F9BDF810300C9ABDF8FD
:10FC100012C01A440FFA82F8BDF81430129AADF8E7
:10FC200040809A1A13B2ADF84430029A01466244F9
:10FC3000ADF84220BDF816200020511AADF846104C
:10FC40005599C1F3400100E018E05E9101B1022036
:10FC5000A3EB0801491CBDF9FA2009B20092CDE9D5
:10FC60000110A06ABDF9FC30329A50F827105CA848
:10FC7000083113F065FD5E9858B11FE0382222A9C3
:10FC800014A80DF023F9202232A93AA80DF01EF98C
:10FC900090E75498BDF81210BDF9722100EBD070B6
:10FCA00001EB600302EBD272401000EB6200A3EBA9
:10FCB00062030844ADF84230ADF8460004AA30A90A
:10FCC0005FA8F8F78AFF48B15FA90020CAF80810BA
:10FCD0000090A06A10AA50F8273000E007E03AA987
:10FCE0005046083307F0DAFC30A9CAF8081042AAD7
:10FCF0001B2120460AF078FAB0E60000BC60030839
:10FD000030B5054691F82A0089B00C4602285FD923
:10FD1000E08C00285CD0114604A805F06CFD208D15
:10FD2000BDF81010401E091AADF81010BDF81210E1
:10FD3000091AADF81210BDF814100144ADF81410F2
:10FD4000BDF816100844ADF8160004A906A805F081
:10FD500052FDBDF81810E08CBDF81220091AADF85C
:10FD60001810BDF81C100844ADF81C00BDF81A00AE
:10FD7000E18C401AADF81A00BDF81E00E18C084471
:10FD8000ADF81E00BDF81400BDF81010401ABDF803
:10FD90001610401C891A491C00B209B2B4F900209F
:10FDA000884200DA0146B2EB610F00DD4A10E08CB8
:10FDB000A178104403B294F82A00CDE90201A08C86
:10FDC000ADF80400009204AA06A92846FCF7D0FC6E
:10FDD00009B030BD2DE9F0418CB005460AF002FAB9
:10FDE000044628460AF0C6F98046606A0CF01FFAFD
:10FDF000007800283BD1A06A002838D0007800287D
:10FE000035D001A807F0EAFE01AA4FF400212046F0
:10FE10000FF03AFC94F86000000705D59DF821002A
:10FE200040F002008DF82100002120460FF002F979
:10FE30000746002120460FF087F90646002120469C
:10FE40000EF0E4FF054604F1140109A805F0C1FC19
:10FE5000701902B2781901B209A805F020FD00203E
:10FE6000009009AA01A94046A36A07F017FC0CB04C
:10FE7000BDE8F0817CB50446806961896D4686687D
:10FE8000A08961B1002865D0814203D12289E3882D
:10FE90009A427CD302297BD003297AD0AFE010BBF1
:10FEA000E088218988421ED2B4F9060013F084FB51
:10FEB000B4F90410B4F90E20891A4843216849881E
:10FEC00001EBE030ADF80200E0885A3000B213F0E8
:10FED00073FBA18810FB01F02168098801EBE03079
:10FEE000ADF8040040E020680088ADF8000020680C
:10FEF000A18840880844ADF80600B4F9060013F064
:10FF00005BFBB4F90410B4F90E20891A4843216848
:10FF1000498801EBE030ADF80200E0885A3000B2C9
:10FF200013F04AFBA18810FB01F0216832460988D2
:10FF300001EBE030ADF8040069460846F8F74DFEE5
:10FF400030B1A0698560D4E90520216908F0FEFB85
:10FF5000A08970BB2068A18800880844ADF804001F
:10FF600020684088ADF80200B4F9080013F024FBC3
:10FF7000A18810FB01F02168498801EBE030ADF861
:10FF8000060020895A3000B213F016FB02E015E09B
:10FF900012E00FE0B4F90410B4F90E20891A4843B6
:10FFA00021683246098801EBE030ADF8000069466F
:10FFB0001AE024E0022801D0012820D1206832462E
:10FFC0000088ADF8000020684088ADF80200206885
:10FFD000A18800880844ADF804002068A188408802
:10FFE0000844ADF8060029460846F8F7F6FD30B19A
:10FFF000A0698560D4E90520216908F0A7FBA06904
:020000040801F1
:1000000086607CBD7CB50446806961896D468668E2
:10001000A08901290CD0012867D0814203D122890F
:10002000E3889A427ED300297DD003297CD0B5E0B5
:10003000012822D1E088218988421ED2B4F9060025
:1000400013F0BAFAA18810FB01F02168498801EB8E
:10005000E030ADF80600E0885A3000B213F0ACFA98
:10006000B4F90410B4F90E20891A484321680988AC
:1000700001EBE030ADF8040042E02068A188008880
:10008000401AADF8000020684088ADF80200B4F9CD
:10009000060013F091FAA18810FB01F0216849884D
:1000A00001EBE030ADF80600E0885A3000B213F002
:1000B00083FAB4F90410B4F90E20891A4843216870
:1000C0003246098801EBE030ADF804006946084685
:1000D000F8F783FD30B1A0698560D4E90520216976
:1000E00008F034FBA089012858D120680088401E00
:1000F000ADF804002068A18840880844ADF80600E7
:10010000B4F9080013F058FAB4F90410B4F90E2049
:10011000891A48432168498801EBE030ADF80200B4
:10012000208902E018E010E014E05A3000B213F029
:1001300043FAA18810FB01F021683246098801EBDF
:10014000E030ADF8000069461DE0022804D0032825
:1001500002D023E0022821D12068A18832460088FD
:10016000401AADF8000020684088ADF80200206811
:100170000088401EADF804002068A188408808442B
:10018000ADF8060029460846F8F727FD30B1A0690A
:100190008560D4E90520216908F0D8FAA069866055
:1001A0007CBD7CB50446806961896D468668A089FE
:1001B00002290CD002287ED0814203D12289E38813
:1001C0009A4279D3002978D0012977D0D4E0022847
:1001D0003FD1E088218988423BD25A3000B213F0E7
:1001E000EBF9A18810FB01F02168098801EBE030F0
:1001F000ADF80000B4F9060013F0DEF9B4F904100C
:10020000B4F90E20891A48432168498801EBE0308F
:10021000ADF80600B4F9080013F0CEF9A18810FB80
:1002200001F02168498801EBE030ADF80200208937
:100230005A3000B213F0C0F9B4F90410B4F90E202A
:10024000891A48432168098801EBE030ADF80400C1
:1002500066E020680088401EADF804002068A18890
:100260004088401AADF80200E0885A3000B213F01E
:10027000A3F9A18810FB01F02168098801EBE030A7
:10028000ADF80000B4F9060013F096F9B4F90410C3
:10029000B4F90E20891A484321683246498801EB97
:1002A000E030ADF8060069460846F8F796FC58B10C
:1002B000A069856003E00AE03BE034E036E0D4E981
:1002C0000520216908F042FAA089022854D120684B
:1002D000A1880088401AADF8000020684088401EC0
:1002E000ADF8060020895A3000B213F065F9B4F970
:1002F0000410B4F90E20891A48432168098801EBDB
:10030000E030ADF80400B4F9080013F055F9A18805
:1003100010FB01F02168498801EBE030ADF80200E4
:10032000324669461DE0032803D025E0032800D0AB
:1003300010BB2068A18832460088401AADF8000042
:100340002068A1884088401AADF80200206829463C
:100350000088401EADF8040020684088401EADF8BB
:1003600006000846F8F739FC30B1A0698560D4E989
:100370000520216908F0EAF9A06986607CBD7CB59A
:100380000446806961896D468668A08903290ED07C
:10039000032867D0814203D12289E3889A427ED321
:1003A00002297DD001297CD002297BD0B1E003282D
:1003B0001FD1E088218988421BD25A3000B213F045
:1003C000FBF8B4F90410B4F90E20891A48432168E7
:1003D000098801EBE030ADF80000B4F9060013F035
:1003E000EBF8A18810FB01F02168498801EBE030AF
:1003F00040E02068A18800880844ADF80400206827
:100400004088401EADF80600E0885A3000B213F074
:10041000D3F8B4F90410B4F90E20891A48432168BE
:10042000098801EBE030ADF80000B4F9060013F0E4
:10043000C3F8A18810FB01F021683246498801EB1E
:10044000E030ADF8020069460846F8F7C6FB30B167
:10045000A0698560D4E90520216908F077F9A089B1
:10046000032856D120680088ADF800002068A188D4
:100470004088401AADF8020020895A3000B213F0CB
:100480009BF8A18810FB01F02168098801EBE0309E
:10049000ADF80400B4F9080013F08EF803E016E09C
:1004A00010E013E00FE0B4F90410B4F90E20891A3B
:1004B000484321683246498801EBE030ADF8060038
:1004C00069461BE018B1012801D022E008BB206872
:1004D00032460088ADF800002068A1884088401AA4
:1004E000ADF802002068A18800880844ADF8040037
:1004F000206829464088401EADF806000846F8F7F7
:100500006CFB30B1A0698560D4E90520216908F051
:100510001DF9A06986607CBD70B5A4B00C46054687
:1005200020AA22A90EF0ADF822A805F07FF920B983
:1005300020A805F07BF900283ED012A9284615F026
:100540006FFC012838D1214668460DF07FFC1B481E
:1005500001900220029012A804904FF480300D9078
:1005600022A805F063F980B122A803906A461A21F7
:10057000284609F039FE22AA12A9204608F0E6F81A
:100580006A461B21284609F02FFE20A805F04EF9E7
:10059000002811D020AE6A461A212846039609F099
:1005A00023FE20AA12A92046039608F0CFF86A4637
:1005B0001B21284609F018FE24B070BDE8AF0208E0
:1005C0002DE9F04F88468A68B5B0044600F1140161
:1005D00025A8F8F702FB00287ED0D8F80800309054
:1005E00025A9C8F80810002120460EF0F9FC06469F
:1005F000002120460EF078FD299020460DF066FE81
:10060000B4F88410484340F30F2B20460DF044FE0D
:10061000B4F88610484340F30F20289004F12400DA
:100620002790F8F79CFF0546002120460EF0C0FCFD
:10063000B4F884104FF4A0294843B4F88210021291
:10064000C1F1010303FB02B090FBF1F00FFA80FA55
:10065000494620460EF0ACFCB4F88410C5F1010206
:1006600048430012219002FB00A0B0FBF5F007B256
:10067000012F00DA0127002120460EF0B5FB0546C8
:1006800020460DF01DFF301A284400B2319020465C
:100690000DF0E2FF2999081A284400B2329012A8FE
:1006A00008F068F812AA4D46494620460FF09AF81D
:1006B0009DF8570020F007008DF85700FF208DF8B7
:1006C0004B00608BBDF848100844ADF8AE004146C1
:1006D00068460DF0BBFB00E08AE04748019004202B
:1006E0000D95002602907BE0ABEB0A017143401EA2
:1006F00091FBF0F131980144A08A0E9608440FFA5C
:1007000080F92798F8F740FF66E0287BC0075FD1A3
:100710002946204606F02EF97A1E4A4412B2ADF858
:10072000AC20219B01B23B444846ADF8A89003445D
:100730000FFA83F9BDF994309A4249DBBDF998204C
:1007400090424BDC2889ADF84C008819B4F882102F
:10075000DDF8A0C090FBF1F201FB12002A7B696872
:10076000C2F3001304EB430200B232F96C3F31F9DB
:100770001010B2F90420C91A01FB0CF1D21A91FB36
:10078000F2F1ACEB01023299E38A11441944ADF85D
:10079000AA10696831F91010A1F5FE42FF3A17D08E
:1007A0002AA9039112A91195049169686A4631F941
:1007B000100010901A21204609F016FD2AAA12A94D
:1007C000404607F0C3FF6A461B21204609F00CFD96
:1007D00029462798F8F7D5FE050096D1761CB6B2C3
:1007E000B4F88200B0423FF67FAF3098C8F80800F6
:1007F00035B0BDE8F08F000024B002082DE9F04FBD
:1008000089468A6800F11401C1B005460F463CA82C
:10081000F8F7E3F900287DD03CA9D9F808A0C9F879
:100820000810B5F88200022874D3002128460EF083
:10083000DBFA0446002128460EF0D2FB06190021FF
:1008400028460EF051FC044428460DF03FFDB5F853
:100850008410484340F30F200F9028460DF01CFDF4
:10086000B5F88610484340F30F20099028460DF054
:1008700027FE0146A88A3044401A00B23990284623
:100880000DF0EAFEE98A2144081A00B23A9039468E
:100890003EA8D9F80820F8F7A0F900283AD027A8F0
:1008A00007F02BFA27AA4FF4A02128460EF03CFFB0
:1008B0002AA807F05FFF4FF400342AAA21462846F1
:1008C0000EF090FF214628460EF031FD00EBD0706F
:1008D0004710214628460EF0C3FA00EBD0704110B5
:1008E0008B46BDF99E005F4501DA3A4600E00A46B4
:1008F00000EBD071B2EB610F05DD9DF8A51041F062
:1009000010018DF8A510012807D19DF8A50040F031
:10091000100000E086E18DF8A500B5F882100F9870
:10092000814201DB012000E000203B9005F1240022
:100930003890F8F729FE70E1207BC0077ED120892E
:10094000ADF89C002089ADF8AC002146284606F0A1
:1009500011F800B20C903998ADF81800ADF8080005
:100960000C98059013906168099B31F91000217B68
:10097000C1F3001205EB420131F96C2FB1F90410FB
:10098000801A5843891A90FBF1F0191A3A980844D2
:10099000ADF80A00494614A80DF058FAA34815907E
:1009A000032016904FF4A020219027A81A902AA87F
:1009B00025941890BDF90A00039000260790E9E0FD
:1009C000BDF90810ADF81810BDF80A00ADF81A000E
:1009D000BAF90420781C104481427BDC0F98B5F8EA
:1009E00082207043531E90FBF3F33998184400B2F1
:1009F000ADF808000C9B334493FBF2FC02FB1C3265
:100A000012B205926368DDF824C033F91220237B0B
:100A1000C3F3001305EB4303B3F96C80B3F97030F3
:100A2000A2EB080202FB0CF2A3EB080392FBF3F229
:100A3000ACEB02033A9A1A4412B200E0E9E0ADF8D6
:100A40000A209046BAF90020D21B521E90423FDB8A
:100A5000002E3DD03B9AE2B36368139A33F912C07B
:100A600047F6FF72944533D0DDF814C033F91C30DB
:100A700093422DD0079B984501DA1A4600E0424682
:100A8000039B0792984501DD1A4600E04246039217
:100A900081427BD0401EADF81800ADF808000798E1
:100AA000ADF81A20ADF80A00824202D1401CADF820
:100AB0000A0002AB06AA27A9484607F011F9BDF8BB
:100AC0000800CDF80C80401CADF80800CDF81C8063
:100AD0005CE000E063E0BDF81800C11B3844ADF8ED
:100AE0003800BDF81A00ADF83410A0EB0B015844E3
:100AF000ADF83A00701E2290ADF836106168139878
:100B000031F9101047F6FF70814201D006A900E0CC
:100B100000211D9162680599804632F91110414506
:100B200001D002A800E000201E900DA81790616877
:100B3000139814AA31F9100024901A21284609F0BC
:100B400053FB6068139930F9112042450AD005998A
:100B500030F91110414505D002AB06AA27A9484635
:100B600007F0BEF86FB1BBF1000F0AD061681398AF
:100B700031F91010414504D00DAA2AA9484607F0C2
:100B8000E5FD14AA1B21284609F02EFB0598761CCA
:100B9000B6B21390B5F88200B0423FF611AF3B9861
:100BA000B8BBB5F88200B04233D16168059831F91D
:100BB0001010A1F5FE40FF382BD0BDF80800761EBE
:100BC000C11B3844ADF83010ADF83400BDF80A0050
:100BD00014AAA0EB0B015844ADF8360000201D907C
:100BE0001E900CA81790ADF83210229661680598F7
:100BF00031F9100024901A21284609F0F5FA0CAAC0
:100C00002AA9484607F0A2FD14AA1B21284609F08C
:100C1000EBFA21463898F8F7B4FC04007FF48CAE68
:100C2000C9F808A041B0BDE8F08F000024B0020868
:100C30002DE9F04F8A468A68B9B0054600F11401E3
:100C400037A8F7F7CAFF00287BD0DAF808003490FD
:100C500037A9CAF80810002128460EF0C5F8044646
:100C6000002128460EF0BCF90646002128460EF069
:100C70003BFA074628460DF029FBB5F88410484397
:100C800040F30F20339028460DF006FBB5F8861090
:100C9000484340F30F20249028460DF011FCA98A08
:100CA00032191144081A00B2259028460DF0D4FCE0
:100CB0000146E88A3A191044401A00B228902CA83C
:100CC00007F01BF82CAA4FF4A02128460EF02CFDAB
:100CD00016A807F04FFD4FF4003416AA2146284607
:100CE0000EF080FD214628460EF021FB00EBD0706F
:100CF0004FEA6009214628460EF0B2F800EBD070AA
:100D000043109846BDF9B2004A46C14500DB1A4679
:100D100000EBD071B2EB610F05DD9DF8B91041F029
:100D200010018DF8B910012805D19DF8B90040F0E7
:100D300010008DF8B90005F124002A90F8F724FC82
:100D40003EE143E1207BC0077ED12089ADF8B000B1
:100D50002089ADF85C002146284605F00BFE06B25E
:100D60002598ADF8D8002996ADF89C006068B34688
:100D700030F816000A282CD0339800902068002301
:100D800030F91670207BC0F3C00105EB4100B0F9CB
:100D90007820B0F9741038460BF0B1FF2599002384
:100DA0000844ADF89C0024980090606830F91670F3
:100DB000207BC0F3001105EB4100B0F97020B0F9C1
:100DC0006C1038460BF09BFF2499081A28990844A8
:100DD00002E08048ADF89C00ADF89E00514602A8A4
:100DE0000DF034F84FF4A0200F907B4803900320BF
:100DF00004902CA8089016A80027139406909FE052
:100E0000BDF89C00ADF8D800BDF89E00ADF8DA0042
:100E10002998B5F88220C11991FBF2F002FB10105D
:100E200006B2606830F91600A0F5FE41FF3969D0BE
:100E300024990091217BC1F3001205EB4201B1F925
:100E40007020B1F96C1000E0B6E000230BF057FF02
:100E500024990023081A28990844ADF89E00339875
:100E60000090217B2068C1F3C00105EB410130F9FE
:100E70001600B1F97820B1F974100BF040FF2599F4
:100E80000844ADF89C00EFB3BDF8D800A0EB090111
:100E9000ADF8BC104844BDF8DA10ADF8C000A1EBC5
:100EA0000800ADF8BE0001EB0800ADF8C200781EE6
:100EB0001090616831F91B10A1F5FE40FF3801D098
:100EC00036A900E000210B91616831F91610A1F5F7
:100ED000FE40FF3801D027A800E000200C902FA88A
:100EE0000590616802AA31F91B0012901A21284668
:100EF00009F07AF9616847F6FF7031F91B208242E8
:100F000016D000E019E031F91610814210D027AB5D
:100F100036AA2CA9504606F0E3FEB9F1000F07D01F
:100F2000B8F1000F04D02FAA16A9504607F00EFC06
:100F300002AA1B21284609F057F97F1CB346BFB20D
:100F4000B5F88200B8423FF65BAFB5F88200B84210
:100F500032D1606830F91610A1F5FE40FF382BD071
:100F6000BDF89C007F1EA0EB09014844ADF8C0000D
:100F7000BDF89E00ADF8BC10A0EB08014044ADF8F0
:100F8000C2000020ADF8BE100B900C902FA8109757
:100F90000590606802AA1A2130F9160012902846BE
:100FA00009F022F92FAA16A9504607F0CFFB02AA92
:100FB0001B21284609F018F921462A98F8F7E1FA8A
:100FC00004007FF4BFAE3499CAF8081039B0BDE808
:100FD000F08F000001E0FFFF24B002082DE9F74F79
:100FE000B1F92E00AAB014460E46002872D096F829
:100FF000361002296ED9012808D1B6F9340000282C
:1010000004DC308E10B9708E0028EFD02088318E2D
:101010004218B08E151AADF82850A28811440B184A
:10102000ADF82C306088718E0844B18E421AADF84C
:101030002A20E088718E0844B18E0144ADF82E104C
:10104000B6F92E0000EBD070A5EB60056D1EADF873
:101050004C50012505EB60001844ADF85000B6F97E
:101060002E0000EBD070A2EB6000401EADF84E00E9
:10107000B6F92E0000EBD07005EB60000844ADF827
:10108000520096F836002990FD2801D9FF202990BA
:101090002A9813A9826827A8F7F79FFD0028A5D0F2
:1010A00021461DA804F0A7FB4FF0FF3841464246F9
:1010B0001DA804F0E7FBB6F900901DA804F0DCFBC6
:1010C00004461DA804F0ACFB84421DA803DA04F01A
:1010D000D3FB02E0FEE304F0A3FBB9EB600F01DDFC
:1010E0004FEA6009B6F900400AA804F0C5FB0546BE
:1010F0000AA804F095FB85420AA802DA04F0BCFBBA
:1011000001E004F08DFBB4EB600F00DD4410B6F994
:101110002E00051905FB05F040000BF03DFE109078
:101120000146B6F92E2023460AA816F06FFA13A836
:1011300006F0E6FF012720B9F078FF2801D3B07848
:1011400060B1002701234A461DA920A807F044FAF0
:10115000002120A806F0F4FD269001E0CDF898804B
:1011600013A804F089FB0BF017FE83461C2115A879
:101170000BF07EFFCDF854D0CDF860B0CDF868D03C
:10118000B08DADF85C0096F836008DF86C00B07844
:101190008DF86D00BDF85000BDF84C20ADF804008E
:1011A000811A491C09B201EBD17102EB61010FFAFE
:1011B00081FABDF85220BDF84E10401B521A521C45
:1011C00012B202EBD27201EB6202401C14B200B206
:1011D0006A1EADF80000ADF80210114409B2099280
:1011E000ADF806105246504500DC1046ADF8000040
:1011F000A14200DB21462A98ADF8061069468268B4
:1012000006A8F7F7EAFCD0B34A461DA906A8F7F7E7
:101210000CFDA0BBBDF81C00BDF91810BDF91A20CB
:10122000401A401C00B20890BDF94E301098D21AF6
:1012300002FB0500BDF95020521B891A0844401ECC
:10124000059047B14A461DA906A8F7F75EFD10B103
:1012500001200F9000E00F970898002827DDBDF8C7
:101260001800ADF80000BDF81C00ADF80400022025
:10127000CDF860B08DF86400BDF91A8013E016E077
:10128000ADF802800F98ADF8068070B305981890FD
:1012900015A92A9807F064FC05982844059008F1E0
:1012A00001000FFA80F8BDF91E104145E8DABDF8DB
:1012B0005000ADF80400401B401C00B2ADF8000027
:1012C000BDF85220ADF80620511B491C09B2ADF8FB
:1012D00002105246504500DC1046ADF80000601C7C
:1012E0001190814216DD084615E0FFE72A46584670
:1012F00005990BF0EBFDBDF9181042465846089BC6
:1013000006F0C0FE8DF864000128C1D102208DF8DE
:101310006400BDE7601CADF802002A986946826847
:1013200006A8F7F75AFCD0B34A461DA906A8F7F756
:101330007CFCA0BBBDF81C00BDF91810BDF906204F
:10134000401A401C00B20890BDF91E301098D21A05
:1013500002FB0500BDF95020521B891A0844401EAB
:10136000059047B14A461DA906A8F7F7CEFC10B173
:1013700001200F9000E00F970898002827DDBDF8A6
:101380001800ADF80000BDF81C00ADF80400022004
:10139000CDF860B08DF86400BDF91E8013E016E052
:1013A000ADF802800F98ADF80680B0B3059818909C
:1013B00015A92A9807F0D4FB059828440590A8F1B0
:1013C00001000FFA80F8BDF91A104145E8DDBDF8BB
:1013D0004C0009992844ADF80000BDF85000401BAE
:1013E000ADF80400BDF84E00ADF80200084400B2AC
:1013F000ADF80600A04200DB2046ADF806002A98B2
:101400006946826806A8F7F7E8FBB0B34A461DA90B
:1014100006A8F7F70AFCA8B17CE0FFE72A46584681
:1014200005990BF053FDBDF9181042465846089B2C
:1014300006F028FE8DF864000128B9D102208DF84D
:101440006400B5E7BDF81C00BDF81810BDF9022016
:10145000401A401C00B20890BDF91A101098891A61
:1014600001FB050005904FB14A461DA906A8F7F7F4
:101470004CFC18B101200F9001E04BE00F97089849
:10148000002847DD0F9860B100201890BDF81800C3
:10149000ADF80000BDF81C00ADF80400BDF91A005D
:1014A00033E0CDF860B0F1E7ADF802800F98ADF809
:1014B000068060B12998FF280598007804D096F836
:1014C000361010FB01F0000A8DF86C0013E005984F
:1014D000089A017858460BF099FDBDF9181042465C
:1014E0005846089B06F0CEFD8DF86400012802D115
:1014F00002208DF8640015A92A9807F031FB0598A1
:101500002844059008F1010000B2BDF91E10804684
:101510004145C9DA96F836008DF86C00BDF84C00EC
:101520002844ADF80000BDF85000BDF85210401B33
:10153000ADF80400481B401CADF8061000B211992C
:10154000ADF80200884200DC601CADF802002A9869
:101550006946826806A8F7F740FB78B34A461DA99A
:1015600006A8F7F762FB48BBBDF81C00BDF81810D1
:10157000BDF91E20401A401C00B20890BDF90610AB
:101580001098891A01FB050005900898002851DD84
:101590003FB14A461DA906A8F7F7B7FB00201890EF
:1015A00001E0CDF860B0BDF81800ADF80000BDF85E
:1015B0001C00ADF80400BDF91E0036E03AE000BFA3
:1015C000ADF80280ADF806808FB14A461DA906A885
:1015D000F7F79BFB2998FF280598007804D096F828
:1015E000361010FB01F0000A8DF86C0013E005982E
:1015F000089A017858460BF009FDBDF918104246CB
:101600005846089B06F03EFD8DF86400012802D183
:1016100002208DF8640015A92A9807F0A1FA059810
:1016200028440590A8F1010000B2BDF91A108046C7
:101630004145C5DD96F836008DF86C00BDF85000C8
:10164000ADF80400411BBDF84E00491C0AB2284405
:10165000ADF8002000B2ADF80200BDF85210119BA9
:10166000491B09B2ADF80610984200DB601CADF8CA
:101670000200A14200DC2146ADF80610504652455A
:1016800000DC02462A98ADF800206946826806A868
:10169000F7F7A3FAB8B34A464E461DA906A8F7F7CE
:1016A000C4FA80BBBDF81C00BDF91810099A401A95
:1016B000401C00B20890109802FB0500BDF95020B4
:1016C000521B891A0844401E0590EFB132461DA9ED
:1016D00006A8F7F71AFB10B14FF0010800E0B84672
:1016E000059818900898002836DDBDF81800ADF868
:1016F0000000BDF81C00ADF8040002208DF8640065
:10170000BDF91A6024E027E0B8465846E9E700BF73
:10171000ADF80260ADF80660B8F1000F12D158467E
:10172000089A05990BF0D2FBBDF9181032465846BD
:10173000089B06F0A7FC8DF86400012802D1022066
:101740008DF8640015A92A9807F00AFA761C36B2BB
:10175000BDF91E00B042DBDA0022109817E000BF8E
:1017600000EB050EAEF10101002305EBD57608E094
:1017700090F800C091F8008000F8018B01F801C9D1
:101780005B1CB3EB660FF3DB521C704612B2AA422D
:10179000E6DBBDF84C000999ADF80000084401B241
:1017A000BDF84E00119B284400B2ADF80200BDF810
:1017B0005220ADF80410521B12B2ADF80620984228
:1017C00000DB601CADF80200A24200DC2246AAF158
:1017D0000100ADF806200C90814200DB01462A98FA
:1017E000ADF804106946826806A8F7F7F6F9A8B3C1
:1017F0004A464E461DA906A8F7F717FA70BBBDF872
:101800001C00BDF91810099A401A401C00B208903B
:10181000109802FB0500BDF90020891A08440590C4
:10182000EFB132461DA906A8F7F76FFA10B14FF0D5
:10183000010800E0B846059818900898002835DDA2
:10184000BDF81800ADF80000BDF81C00ADF80400AC
:1018500002208DF86400BDF91A6023E026E0B84646
:101860005846E9E7ADF80260ADF80660B8F1000F40
:1018700012D15846089A05990BF028FBBDF91810AB
:1018800032465846089B06F0FDFB8DF8640001289F
:1018900002D102208DF8640015A92A9807F060F99A
:1018A000761C36B2BDF91E00B042DBDABDF84C0042
:1018B0000999ADF800000844BDF84E10099AADF83A
:1018C0000210114400B2ADF8040009B2ADF80610E0
:1018D0000C9A00E05AE1904201DBAAF10100ADF858
:1018E0000400A14200DB21462A98ADF806106946A3
:1018F000826806A8F7F771F9C0B34A461DA906A881
:10190000F7F793F990BBBDF81C00BDF91810BDF9AD
:101910001A20401A401C00B20890BDF902301098FD
:10192000D21A02FB0500BDF90020891A01EB00085C
:1019300047B14A461DA906A8F7F7E7F910B10120FB
:101940000F9000E00F970898CDF860B0002822DDD6
:10195000BDF81800ADF80000BDF81C00ADF804009B
:1019600002208DF86400BDF91A6010E013E000BF9A
:10197000ADF802600F98ADF80660C8B3CDF860808E
:1019800015A92A9807F0ECF8761CA84436B2BDF9E0
:101990001E00B042ECDABDF84C00ADF80000099929
:1019A000BDF85220084401B2501BADF80410401C91
:1019B000ADF8062000B2119AADF80200904200DCAA
:1019C000601CADF802000C98814201DBAAF1010114
:1019D0002A98ADF804106946826806A8F7F7FDF862
:1019E000C8B34A461DA906A8F7F71FF9A8B15AE0DF
:1019F000FFE72A46414658460BF068FABDF9181031
:101A000032465846089B06F03DFB8DF864000128DD
:101A1000B6D102208DF86400B2E7BDF81C00BDF914
:101A20001810BDF90620401A401C0FFA80FABDF9C3
:101A30001E301098D21A02FB0500BDF90020891A49
:101A40000E184FB14A461DA906A8F7F75EF918B15E
:101A50004FF0010801E026E0B846CDF860B0BAF1D9
:101A6000000F20DDBDF81800ADF80000BDF81C0027
:101A7000ADF8040002208DF86400BDF91E400EE0B0
:101A8000ADF80240ADF80640B8F1000F2FD018961F
:101A900015A92A9807F064F8641E2E4424B2BDF9F3
:101AA0001A00A042ECDDBDF84C0069462844ADF8B0
:101AB0000000BDF85000401BADF80400BDF84E001A
:101AC000CDF860B02844ADF80200BDF85200401BCC
:101AD000ADF806002A98826806A8F7F77EF8E8B302
:101AE0004A461DA906A8F7F7A0F8A0B141E02A468A
:101AF000314658460BF0EAF9BDF918105346224614
:101B0000584606F0BFFA8DF864000128C0D10220C3
:101B10008DF86400BCE7BDF91C10BDF918000A1A65
:101B2000521C15B2002D24DDADF80410ADF80000F4
:101B3000BDF91A4019E000BFADF80240ADF806400B
:101B4000294658460BF0C2FABDF918102B4622461A
:101B5000584606F097FA8DF8640000E009E015A9F0
:101B60002A9806F0FDFF641C24B2BDF91E00A042B5
:101B7000E2DA2FB920A806F0A7FA269806F0D6FDDB
:101B800010980BF055F958460BF052F92DB0BDE8FE
:101B9000F08F00002DE9F74FB4B09246054611468C
:101BA00001F0F0FF04468068C0F30E07012F7DD9D5
:101BB000000404D4208810B96088002876D06068BA
:101BC0007F1EC0F30E40474370D0002128460DF021
:101BD00007FA0646002128460DF006F90644284675
:101BE0000CF074FBB5F88410484340F30F2806A8A6
:101BF00005F0F4FF06AA4FF4C02128460DF044FD7D
:101C000028460CF05DFCA98A3144081A0FFA80F9C5
:101C10002089BAF1020F4FEA004007D000284BDAC2
:101C20004FF4C02128460DF05FFA46E0002805DA9F
:101C30004FF4C02128460DF085F900E000208346CE
:101C4000688B401C06B235988068B0F90610B14226
:101C50002CDB0699B4F90020B0F90200B1F90810A4
:101C6000114406EB0B02114481421FDB28A806F049
:101C700044F828AA4FF4C02128460DF055FD002055
:101C8000ADF8A600ADF8A4000FA835990CF0DEF869
:101C90008E4810900620119002201D904FF4C02015
:101CA0001C9006A8149028A8159000E00AE1BAF14B
:101CB000020F07D0012006E000208346E88A401E7C
:101CC00006B2D3E70020269095F8880000F00700C0
:101CD000022819D1002128460DF06AF9B5F88410C0
:101CE000B5F882204843001208EB000191FBF2F1A5
:101CF00009B2081A00EBD07209EB6201A8EB0000F0
:101D00000FFA81F90FFA80F8ADF886600026D6E068
:101D100060684FF0000AC0F30E40B6FBF0F100FB24
:101D2000116008B94FF0010ABDF9A210A8EB01003B
:101D30007043B0FBF7F101EB0900ADF88400ADF89A
:101D40000C00BDF98610269848B1BAF1000F02D0F8
:101D5000B4F9000001E0B4F90200081A08E0BAF191
:101D6000000F02D0B4F9000001E0B4F90200084409
:101D7000ADF80E0021A8189003A8199095F88800D6
:101D800000F00700032848D06068C0F30E40B6FB9F
:101D9000F0F31F93BAF1000F68D02089000465D5D5
:101DA0004BA2102130A8EEF777FB06A8149030A8BC
:101DB0001A9010201B900FAA1A21284608F014FA36
:101DC000BDF92A104FF0000A41F6FF728DE80604B3
:101DD000BDF92C3025A8069A1A9911F0B1FCBDF96D
:101DE0009410BDF80C0001EBD172A0EB620100EB86
:101DF000620002B209B2BDF80E302698ADF88C1020
:101E0000ADF89020C0B1A3EB0B00BDF89630ADF853
:101E10009200C01AADF88E0017E026983A4605EBFE
:101E20004001B1F978000090B1F9743000213046DA
:101E30000AF065FF0346ACE703EB0B00BDF89630F4
:101E4000ADF88E001844ADF89200B5F91400824246
:101E500015DBB5F91800814211DCCDF800A023AAEA
:101E600006A91A9B359805F019FC08E0002014908B
:101E70001A901B900FAA1A21284608F0B5F9BDF94F
:101E8000A200BDF9841000EBD07001EB6002B5F93F
:101E900014108A420DDBBDF90C10A1EB6000B5F9FE
:101EA0001810884205DC03AB21AA28A9359805F053
:101EB00017FF0FAA1B21284608F096F9761CBE4290
:101EC0007FF626AF37B0BDE8F08F000024B00208DF
:101ED000256400002DE9F74FB8B09046044611463E
:101EE00001F050FE05468068010404D4298811B928
:101EF000698800296FD0C0F30E06012E6BD968687F
:101F0000761EC0F30E40464365D05FEA080000D05D
:101F100001201D90002120460CF066FF8146002123
:101F200020460DF0E1F8074620460CF0B5F9B4F86C
:101F30008610484340F30F202D9020460CF08CFB78
:101F4000024607EB0900E38A4FF4C0271844801AC1
:101F500000B23290B8F1000F394620460DD00DF096
:101F60007BF82190B4F91800B5F900A0B5F90290FA
:101F70008346B8F1010F06D00DE00DF031F8219045
:101F8000B4F91400F0E7CAF100000FFA80FAC9F1C1
:101F900000000FFA80F919A805F0AFFE19AA39461A
:101FA00020460DF0C1FB23A805F018FE23AA3946F0
:101FB00020460DF069FB03A839990BF047FF7248E2
:101FC00004900620059019A8CDE91078099023A85F
:101FD00008900027D2E0D4E0BDF966102D98401A91
:101FE0007843B0FBF6F13298B8F1000F0844ADF831
:101FF0005600ADF85E005846ADF854B069D0401CAC
:10200000ADF85400002002906868C0F30E40B7FBA2
:10201000F0F100FB1170002874D0BDF85410A1EB52
:10202000090000BFADF85C0015A80C9017A81D9919
:102030000D9004EB41003246B0F970100091B0F9F8
:102040006C30F01B00210AF05AFE034613900298F0
:10205000F0B32889000468D54CA2102133A8EEF70C
:102060001BFA23A8089033A80E9010200F9003AA03
:102070001A21204608F0B8F8BDF99E00002241F66A
:10208000FF718DE80700BDF9A0302BA8239A0E99A7
:1020900011F056FBBDF9AE10BDF85E0001EBD17139
:1020A000A0EB610200EB61001D9912B2002900B2A1
:1020B000BDF85C10ADF87E20ADF8820029D0219BE0
:1020C0000B44ADF87C30BDF8AC300B44219901E0F5
:1020D0002BE015E001EB0301ADF88010B4F9161008
:1020E00088422BDBB4F91A00824227DC00200090E2
:1020F0001FAA23A90E9B399805F0D0FA1EE001E033
:10210000401E7DE70120BDF854100290A1EB0A00AB
:1021100088E7BDF8AC30A1EB030C219BACEB0303CB
:10212000ADF87C30219BC91AD6E7002008900E90AC
:102130000F9003AA1A21204608F056F8BDF9660050
:10214000BDF9561000EBD07001EB6002B4F9161027
:102150008A420DDBBDF95E10A1EB6001B4F91A00F3
:10216000814205DC17AB15AA19A9399805F0B8FD0D
:1021700003AA1B21204608F037F87F1CB7427FF6E0
:102180002BAF3BB0BDE8F08F24B0020825640000FF
:1021900070B5044609F086FC48B1006882680AB14F
:1021A000217A9047207E810742D4C0077BD100214D
:1021B00060680CF0C9F8002518E0017A0A0610D50D
:1021C000802904D0227A21F08001914209D141680E
:1021D000E160016820468847207E810728D4C00737
:1021E00061D16D1C294660680CF0AEF818B1016829
:1021F0000029F6D0E1E7214600200BF0D3FF0500CF
:1022000053D0002160680CF09FF8002619E00168A7
:1022100091B1017A0A060FD411B1227A91420BD101
:102220004168E160016820468847207E810701D52A
:10223000012070BDC00736D1761C314660680CF0B5
:1022400083F810B1012DE2D02FE0012D2DD160686F
:10225000416851B3217E490727D4217A232919D017
:10226000242917D0A9030DF05AF9F0B1207A1138BA
:102270001C280FD2DFE800F01919191919191919BA
:102280001919190E0E190E0E191919190E0E0E0E16
:1022900019190E196068406860602046FFF778FFE2
:1022A0000546012801D0002070BD284670BD000001
:1022B0002DE9FF4F8A880B8889B0D21A521C17B2B9
:1022C000CA8849880446511ADDE916B8491C19988C
:1022D0000FFA81F9012813D0022813D0032843D123
:1022E000434E00BF5FEA08000ED000200690208811
:1022F000ADF8140098F80000FD2838D35A4639E0AC
:102300003C4EEFE73C4EEDE72088ADF80000ADF81D
:1023100008005A4600990C98B0470590002020E02C
:10232000002517E0BDF8080034F8151088420BD0DE
:1023300004EB45005A460088ADF81400ADF80800DB
:1023400005990C98B047059004EB4500BDF81410B2
:1023500001806D1CBD42E5DB0B9804EB400408F1E5
:10236000010080464845DBDB0DB0BDE8F08F00FB87
:102370000BF0020A05990C98B0470890002033E052
:10238000002528E018F8050020B30699884205D1F9
:10239000BDF8141034F81520914216D0FD2801D351
:1023A0005A4602E000FB0BF0020A04EB45000088ED
:1023B000ADF8180006990C98B047089018F8050079
:1023C000069034F81500ADF8140004EB4500BDF894
:1023D000201001806D1CBD42D4DB0B98189904EBD2
:1023E000400488440AF1010082464845C8DBBBE747
:1023F000CFB5000847B5000853B600082DE9FF4FD8
:10240000044688880A8883B0801A401C05B2C888B0
:102410004988DDE910A6401A401C0FFA80F976B110
:10242000BDF81800BAF1FD0F00EB004000907CD31E
:10243000A5F104084FF0000BBDF818A049E1BAF16E
:10244000FD0F0FD3002608E02A462046069904F027
:1024500031FB0598761C04EB40044E45F4DB07B0D5
:10246000BDE8F08FBDF80010002060F3020189B2D2
:1024700060F3C70189B260F30C2189B260F34F3178
:10248000ADF8001088B20090BDF800000090014641
:102490005246069804F068FC01900AF1040006997F
:1024A000C008C00689B2000EC1F3C40212FB00F2DC
:1024B00062F30F064A07920E02EB513212FB00F252
:1024C00062F31F46C1F3042111FB00F161F30F0712
:1024D000BA46C0F1FF0200235AE0002052E000BFDC
:1024E000BDF8007034F810108F4245D004EB400165
:1024F0000988ADF80810BDF80870ADF80010B1B249
:10250000C7F3C40C1CFB021101EBC11C0CEBC13165
:10251000C1F3C45CBDF804106CF3C7014FEA477CFB
:102520004FEA9C6C0CEB573C00E0D9E04FEA1648B0
:102530001CFB028C0CEBCC1808EBCC384FEA9868EB
:1025400068F302010CEBCC1808EBCC3CCCF3C25C7A
:102550006CF34F311FFA8AFCC7F3042717FB02C73D
:1025600007EBC71C0CEBC737C7F3C45767F30C2145
:10257000ADF8041089B2019104EB4007BDF80410D6
:102580003980401CA842ABDB05985B1C04EB40047F
:102590004B45A2DB63E7002710E03278FF2A12D018
:1025A0002088ADF804000199069804F0DDFB019045
:1025B000BDF804002080A41C761C7F1CAF425DDAAD
:1025C000B007EAD15AE0A4F800A0F4E73068411C53
:1025D00043D0E8B33278FF2A53D02088ADF8040006
:1025E0000199069804F0C0FB0190BDF8040020801A
:1025F00016F8012FA41CFF2A46D02088ADF804004D
:102600000199069804F0B0FB0190BDF80400208009
:1026100016F8012FA41CFF2A39D02088ADF8040039
:102620000199069804F0A0FB0190BDF804002080F9
:1026300016F8012FA41CFF2A2CD02088ADF8040026
:102640000199069804F090FB0190BDF8040000E0A9
:1026500011E02080A41C761C0FE0A00707D0A4F88E
:1026600000A0022000990151A4F806A003E0009800
:102670002060009860600834361D3F1D4745A5DD89
:102680001CE0A4F800A0B3E7A4F800A0C0E7A4F8F9
:1026900000A0CDE7A4F800A0DCE73278FF2A1CD028
:1026A0002088ADF804000199069804F05DFB0190C4
:1026B000BDF804002080A41C761C7F1CAF42ECDB1C
:1026C00005980BF1010B401B04EB40041298401BD2
:1026D0000644CB45FFF65FAFC1E6A4F800A0EAE7E9
:1026E00000222188ADF800109346104633E0002701
:1026F00027E0307818B3904205D0FF282FD000FB98
:102700000AF31B0A9B46904203D134F8170081421A
:1027100010D0BBF1FF0F24D004EB47005A460088CD
:10272000ADF800000099069804F01EFB0090327886
:1027300034F8171004EB4700BDF800300380761C16
:102740007F1CAF42D5DB059804EB40041298401B78
:10275000064408F1010080464845C8DB7FE6534641
:10276000D0E70698E2E700002DE9FF4F83B00C4662
:10277000DDF84480F7F7B2F9BDF818A08146B8F14A
:10278000000F0CD0A0882188401A401C07B2E088B6
:102790006188401A401C0FFA80FB002641E0B4F922
:1027A000026017E0B4F900500FFA86F80DE01098B7
:1027B0000290ADF804A0CDF80080D9F800002BB24B
:1027C000059AC7690399B8476D1CB4F90400A8427B
:1027D000EDDA761CB4F90600B042E3DA07B0BDE8E2
:1027E000F08F002518E000BF18F8050098B1109987
:1027F000ADF804A04843000A029060880399304471
:1028000000B200902088059A284403B2D9F800004D
:10281000D0F81CC0E0476D1CBD42E5DB1298761C69
:1028200080445E45DDDBD9E700680968884201D154
:10283000012070470020704740680A6820F040403F
:10284000904200D208600020704700002DE9FF4F41
:1028500083B00E46DDE910B41746002103980CF052
:102860005AFD0546002103980CF0EEFA0146F07877
:1028700082070BD5C30742F2D17202D0954202D033
:1028800006E0914206D120F00200F070C00701D0AE
:102890007B4800E07B488146F078C00712D0794839
:1028A0004FF0000AA4F802A0A4F804A0C4F810A0F5
:1028B000A4F800A0C4F808A0C4F80CA080463946CB
:1028C0000197AAE06E48EBE70198B84206D04FF4B2
:1028D000000128460CF023FE00286FD16A492846E3
:1028E0000CF024FE00286AD1002128460CF09CFA46
:1028F000029070B32069401C2061A28802EB0B019A
:10290000A180217DC9076DD000EB800080000AF016
:1029100043FA009000287AD0E16851B12069401E46
:1029200000EB8000820000980AF0D0FAE0680AF01C
:102930007FFA206900EB8001009800EB81004FF0E6
:10294000000140F8145CF078C007284602D002224B
:1029500001E035E005220CF0FDFB216900B201EB3E
:102960008102009901EB820121F8100CF0784FF000
:102970000001C007284601D0032200E006220CF027
:10298000E9FB216900B201EB8102009901EB8201B0
:1029900021F80E0C2069029900EB8002009800EBF0
:1029A000820040F8081C206900EB8002009800EBD0
:1029B000820040F804AC0098E06013E033E020E0CF
:1029C0002846494688470146F078800705D5B4F97E
:1029D000040042180698824225DCA28801EB0B0015
:1029E0001044A0802846414688470146B4F90000BB
:1029F000814202DD2846414688472080A068401C6D
:102A0000A060F078400703D54FF0FF3001E033E0DD
:102A1000012001994118019105D403980BF0D8FBCE
:102A2000051E7FF451AFB4F90400002802DDA0EBCD
:102A30000B00A080206908B1069801E0B4F90400F9
:102A40006080CDB10198B84216D1039901AA896876
:102A5000096851F82050F078C0F38001039800F025
:102A600061FE4DB1284641468847208028464946A8
:102A7000884760800120A060019807B0BDE8F08F12
:102A8000C5F4010873E30108010006002DE9F04FC9
:102A9000B14D93B0044600216A880CF05BFB9DF8B1
:102AA0001710421C62F30001820862F34101C00862
:102AB00060F382018DF8171020460021AA880CF0DF
:102AC00049FB8DF8140020460021EA880CF042FBF7
:102AD0008DF81500204600212A890CF03BFB8DF86B
:102AE0001600002120460CF03AF9012800D0002001
:102AF00081469DF817004FF00001C00720460CD01A
:102B00000CF0D4FA82469DF817004FF00001C00780
:102B1000204605D00CF040FA04E00CF03DFAF1E755
:102B20000CF0C4FA07909DF81700C007204602D0A9
:102B30000BF0CCFB01E00BF0AFFB06902046002130
:102B400032220CF007FB05462046002110220CF033
:102B500001FBE18A2844461820460BF08BFD301A11
:102B6000ADF820002046002112220CF0F3FAA18AD1
:102B70002844451820460BF076FD281AADF8400091
:102B80009DF817009DF81660C00701D008AD00E061
:102B900010AD002120460CF0BEFB11900021204614
:102BA0000CF052F983469DF81700C10708D0ABF529
:102BB0001C52D13A02D1618C490509D5C10708D10F
:102BC000119AA2F51C51D13903D1618C090500D4A9
:102BD0000026B9F1000F08D0C00706D116B1012EAA
:102BE00002D002E0012600E000260027ADF83C708C
:102BF000B8468EB39DF81700400703D5A068426819
:102C0000521E15E0002213E000200E9009A907983B
:102C1000CDE9000105A92046069BFFF717FE0246F5
:102C2000BDF8241007EB0A00084407B208F10108B8
:102C3000A0684068904201DD002AE5DAB8F1000F93
:102C400002D0A7EB0A0007B29DF81700C007204684
:102C500003D00BF021FB02E00BE00BF037FB0FA9D8
:102C6000CDE9005101460FFA88F33A46304611F09B
:102C7000D4FA9DF81700410703D5A1684E68761E67
:102C800000E00026B9F1000F04D0C00702D1288867
:102C90003844288009AFA0684068B04249DD002E62
:102CA00047DB01200E900798CDE90007324605A9C1
:102CB0002046069BFFF7CAFD8046B9F1000F08D0F9
:102CC0009DF81700C00704D12888BDF82410401AC9
:102CD0002880DDE90601BDF9202002AB019283E8DE
:102CE0008300BDF9400000904346324605A92046C6
:102CF000F8F7BEF846460C980AF09AF800200C90B7
:102D0000B9F1000F03D09DF81700C0070AD028883A
:102D1000BDF82410BDF83C20014402EB0A00084431
:102D20002880B8E7BDF83C20298802EB0A00081A81
:102D3000F6E7119942F2D170814201D0834502D168
:102D400020460DF0EDF900222B21204607F04CFA29
:102D500013B0BDE8F08F0000460300202DE9F74FC7
:102D60000546007F93464FF0000AC00760D14FF040
:102D70000108EC680026C1467CB9287FC0F3C0007A
:102D8000401E304254D1B9F1000F51D0019928466C
:102D900088474FF000080446C1460EB9261E47D0AA
:102DA000B8F1000F06D0214628465A4690470446FF
:102DB000B0423DD04FF00108002CDED020680BF06F
:102DC000ABFF0006D8D427681FE0012138460CF07D
:102DD000A6FBB0B12FB1012138460CF0A0FB0028B2
:102DE000CAD1E868A04223D0B0B1284600F032FB37
:102DF0000246E8680F21006807F0F6F9012817D1AC
:102E000006E038460BF0F6FA0746002FDDD1E8E77A
:102E1000E86800680CF042FE2846EC6000F01AFBFF
:102E20000246E8680E21006807F0DEF9012802D0AA
:102E30005046BDE8FE8FE86800680CF02FFE296957
:102E400009B1284688470120F3E700000FB44FF48A
:102E5000806110B5ADF5806D0DF20C436846DDF86C
:102E60000824EDF7FFFA00246846EDF7AFFC40F2C6
:102E7000FE31884209D20D220DF80020401C0A22A2
:102E80000DF80020401C0DF8004082B2694604484D
:102E9000F3F788FE0DF5806D10BC5DF814FB0000A3
:102EA000004800400000000010B582B01446CDE993
:102EB00000010023009A2360194B21F00040984242
:102EC0002ADA024328D0B0F5801FA8BF226810DAA2
:102ED0009FED150B53EC102B9DED000B51EC100BDF
:102EE00017F006FECDE900016FF0350221F0004039
:102EF00022600F4B6FF31E5103EB205010442060F3
:102F000041F0FF5040F0005001909DED000B00BFDC
:102F100002B051EC100B10BD9DED000BF8E7000066
:102F20000000F07F0000000000000000000050439F
:102F300002FCFFFF70B5426B818C12F0060F06D0C9
:102F4000C2F34102022A04D0012A05D022E0008DFA
:102F500000E0C08C08441CE0B0F92C50468DAAB2A9
:102F6000B24202D202F5B47215B2B0F92830C48C64
:102F70009AB2A24202D202F5B47003B2701900EB09
:102F8000D0704010844201DA601802E0834203DD11
:102F9000501881B208B270BD0844FAE72DE9F34F2A
:102FA0008FB0054669460BF0ABF928460CF08AFA5B
:102FB0000B9028460BF0DDF90A90002128460CF012
:102FC00021F80790002128460CF058F80746002108
:102FD00028460CF09BF80446002128460BF0C4FF5D
:102FE0008346002128460CF06DF80646002128464D
:102FF0000BF0E4FF06F0010106EBD67201EB620173
:1030000000F0010200EBD07002EB6000491C401C94
:1030100009B200B20D2900DB0D218A460D2800DB24
:103020000D2081460D2F00DB0D27B8460D2C00DB4F
:103030000D2426465846BBF10D0F01DA074600E085
:103040000D2700246BE0A86A00EBC40108A802F079
:10305000A5FBBDF920000799884213DCBDF90020CB
:103060000D2900DB0D21511A00EB0100ADF8200005
:10307000BDF92200B04233DCBDF902100D2E07DA93
:10308000324606E0BDF80020A2EB09010844EDE756
:103090000D22891A00EB01000B99ADF82200BDF951
:1030A0002400A1EB0801891E424688421EDBBDF9BF
:1030B0000010B8F10D0F0144104600DB0D2008444C
:1030C0000A99ADF82400BDF92600C91B891E884263
:1030D0001DDBBDF902100D2F08440DDA39460CE056
:1030E000BDF80220A2EB0A010844D5E7BDF80010A4
:1030F000014401EB0900E3E70D210844ADF8260087
:10310000002208A81099F5F750FE58B905E0BDF85F
:103110000210014401EB0A00F0E7641CA4B2288EFF
:10312000A04290D8288EA04201D14FF6FF7411B072
:103130002046BDE8F08F10F00F0000D1012070474D
:10314000B0F90C00032101EB400020F00300103027
:1031500070472DE9F0474FF0000805461C4616461B
:103160000F46A3F80080404606E0296B228831F81C
:103170001010401C11442180B042F6D30021284693
:103180000BF0FFFD0128284615D00BF06CFA2188C2
:10319000081A2080002128460BF046FF21880844A9
:1031A0002080296B31F816100844401EA080A4F836
:1031B000028000201FE00BF056FA2188084420808E
:1031C00028460CF07FF98146002128460BF068FF65
:1031D00022880146A9EB0200401AA080296B31F831
:1031E0001610401A2080E2E7E96A628831F8101070
:1031F000401C11446180B842F6D3002128460BF0F0
:103200009DFF61880844608028460BF033FA61888E
:10321000081A6080E96A31F817100844401EE080FF
:10322000BDE8F0872DE9F05F89469346824600218C
:103230000BF0DCFE0546002150460BF013FF8046E4
:10324000002150460BF056FF0446002150460BF07B
:103250007FFE064650460CF035F9411BA1EB0807EE
:1032600050460BF086F8001B801B8742504605DA5B
:103270000CF028F9411BA1EB080003E00BF079F8F2
:10328000001B801B00EBD07040F34F00BAF8141005
:1032900042191144A9F80010BAF816100219114485
:1032A000A9F80210BBF1000F01D0ABF80000BDE897
:1032B000F09F0000024A002152880BF04BBF000033
:1032C00052030020034A10B5002152890BF042FF3F
:1032D000C0B210BD52030020034A10B500219289EC
:1032E0000BF038FFC0B210BD520300202DE9FC479F
:1032F0000F0023D00569686928B10168B94202D17D
:103300004068BDE8FC87698A00224FF0040CC1F3D5
:1033100008040CE0AE6802EB820356F823100CEBB5
:103320008303F35A791A8B420AD2521C92B2944206
:10333000F0D818B107606969002048600020E0E714
:1033400002EB82041222A86802EB84020026825C4F
:103350004FF00609022A0CD04FF00C0A6AB1DFF8D0
:10336000A8C008234FF01008032A0FD0012A26D046
:1033700043E009EB8402805A06E00AEB840209EB81
:1033800084038258C05A515C461836E0ADF80410E8
:1033900008EB8401CDF800C003EB8408425A50F8D2
:1033A0000810022301A8F6F7F9FC30B3A96851F818
:1033B0000820801A09EB84024010895A1CE0ADF8FD
:1033C000041008EB8401CDF800C003EB8408425AD6
:1033D00050F80810022301A8F6F7E0FC68B1A968CC
:1033E00009EB840351F80820801A0AEB840240108C
:1033F0008A58C95A32F810000E18686910B107606F
:103400006869466030467CE7C98F02082DE9F041C3
:103410000D46044600F0DEF8071E19D0F88A002198
:103420002D1A38460BF020FF0689002138460BF094
:1034300036FF00EBD07105EB6101304409B200B2F8
:1034400091FBF0F0A18E80B2814201D8491E88B272
:10345000BDE8F0812DE9F0410026074635463046AB
:1034600010E000BF08F05FFB616DB94209D102288E
:1034700002D0042803D003E02046BDE8F0812646B0
:103480002546204608F014FB0400EBD10EB130466F
:10349000F3E70DB12846F0E7BDE8F041002008F061
:1034A00007BB00007CB50369006900255B8AC4681E
:1034B0009E04A3682BD4980F17D00120B0EB937F04
:1034C00031D101EB02402668019018480090A068B5
:1034D000042320F04042314601A8F6F75FFC10B308
:1034E000801B801061680D561DE001EB02202668EC
:1034F000ADF804000E4823F040420090022331460C
:1035000001A8F6F74BFC70B1801B4010EAE7606839
:10351000405C995C38B131B1637B2268401E10FB7E
:103520000320491E455628467CBD00003F46010841
:10353000534601082DE9FF4F81B00E461D46174640
:103540004FF4003101980BF0F8FB00EBD070441001
:103550003F1B0198FFF7EEFC81465A3000B210F095
:103560002BF810FB07F04FEAE038484610F024F83B
:1035700010FB07F0C7134FF44039494601980BF090
:1035800035FD8346494601980BF06CFD0090494695
:1035900001980BF0AFFD8246494601980BF0D8FC2C
:1035A000328820444244A2EB0B01091B2980328857
:1035B0000099424421441144A9807188CA19A2EBA0
:1035C0000A01091B6980718839440844E88005B004
:1035D000BDE8F08F406A002802D000210AF0F8BD53
:1035E000704700210AF0F4BD2DE9F04105460F4671
:1035F000698C00200426C1F30513EA680FE000BFC0
:1036000006EBC00414595FEAC41C07D524F07F44BC
:10361000BC4203D152F83000BDE8F081401C834227
:10362000EED84FF0806000EBB1204FEAB0506884D4
:10363000C0F30510C100104609F030FCE860688C4A
:10364000C0F30514641E17D06FF003025FEA420353
:10365000E86802EBC40141585FEAC11C0CD489013F
:103660000AD403EBC40C00EBC4018444641EDCE9FF
:10367000000CC1E9000CEBD1E868082100EBC400A4
:1036800009F0F6FC082009F059FBE96841F834001C
:103690000EF021FDEA6806EBC401505840F080703E
:1036A0005050EA6867F317005050E86850F834004B
:1036B000B2E700002DE9FC410068C068C068B0FBBB
:1036C000F1F4944200DD1446154F78680068806973
:1036D00020B30020ADF80000ADF80400ADF8020002
:1036E00025B2681E06B2ADF80660786869460068C3
:1036F00082699047BDF80600BDF80210401A401CD0
:1037000000B2A04202DD351EEBDC01E0002D02DC40
:103710000020BDE8FC81BDF90640641C2046F8E7A6
:103720003C030020136821B15B1E13600BD480683A
:1037300005E05B1C1360806841688B4203DA006817
:1037400050F823007047002070472DE9F8431546D4
:103750000E46044608F0A6F908F0E5F901280AD05B
:10376000032808D04FF6FF7005B1288006B13080DD
:103770000020BDE8F88308F095F9694608F0A8F93B
:103780004FF0000875B320460AF06DFFBDF8001039
:10379000084407B2002120460BF0F3FA01280CD0B0
:1037A000A08A00213F1A20460BF03EFC381A02B2D4
:1037B00040460021A5F8008010E0002120460BF0D3
:1037C0006FFC218B081AC01BF1E7236B33F8103014
:1037D000194409B28A4205DB401C2880A38C80B2C0
:1037E0009842F2D3FEB120460AF044FFBDF8021021
:1037F0000844E18A451A002120460BF09FFC281A54
:1038000002B240460021A6F8008008E0E36A33F8DF
:103810001030194409B28A4205DB401C3080E38C29
:1038200080B29842F2D30120A3E72DE9FF4F83B085
:1038300005461F460598F6F763F9014601208840C2
:10384000B5F8209000F0FF086FEA090080B20190FF
:1038500095F822004FF0FF36C0F3C00A00244FF065
:10386000040B1FE0E96801EBC4004268920140D5F7
:10387000BAF1000F15D10BEBC4028958049AC1F3B9
:103880000741090491420CD10068817911EA080FBF
:1038900007D06A4605990EF078FB012830D002283F
:1038A00031D0641C688CC0F30510A042DAD820E047
:1038B000E96851F83400827912EA080F18D00BEB4E
:1038C000C4028A58C2F307411FFA82FA049A090413
:1038D00091420DD1019A1AEA020F09D1B24507DDD2
:1038E0006A4605990EF051FB01280FD002280AD034
:1038F000641C688CC0F30510A042D9D8002E0EDBE2
:1039000000983860012007B0BDE8F08F5046CA45E6
:10391000F6D05645ECDA064600983860E8E7002015
:10392000F1E72DE9F047814642F30006C0F15A0065
:103930001D460F46540800B2761C0FF03DFEA7EB63
:10394000040800FB08F0C71148460FF035FE00FBE5
:1039500008F0C011002F06DD7F3F39120A1B3244E8
:103960002A80214405E07F3739120A1B21442A802E
:10397000891BA980002806DD7F380012011B314415
:103980006980204405E07F300012011B20446980DB
:10399000801BE880BDE8F087024A0021D2880BF046
:1039A000D9BB0000520300202DE9FF4F85B0074628
:1039B0000798DDE9153200891A4410440FFA80FA9D
:1039C0000492B88C484384B2A14600255CE0BA6AF0
:1039D00052F82410A1B33B6B00264FF0020E33F9CE
:1039E00015B0401E18E000BF04EB060C52F82CC0C6
:1039F000BCF1000F14D09CF800C05FEACC7C0FD063
:103A000005EB06080EEB480C33F80C80761C08EB2F
:103A10000B0C0FFA8CFBB6B206EB050C8445E3DB0E
:103A2000087880070DD507981599B0F9080001446A
:103A3000169808445146504500DC08460FFA80FAB3
:103A40001EE0DDE913020244ABEB020000B2129A61
:103A5000CDE9002000230293DDE9072303A8083104
:103A60000FF06EFEBDF90E10049808445146504503
:103A700000DC08460FFA80FAA01984B2A81985B2B2
:103A8000641C6D1CA4B2ADB2B88C00EB0901A1425C
:103A90009DD809B05046BDE8F08F0000034A10B52C
:103AA0000021128A0BF056FBC0B210BD5203002059
:103AB000034A10B50021528A0BF04CFBC0B210BD76
:103AC000520300202DE9FC410C46064600210BF074
:103AD000D1FB05464FF4802130460BF0CBFBB5F906
:103AE0000870B0F90850002130460BF0E4FBE919EA
:103AF00001EBD17100EB610005B230460AF039FCF0
:103B0000F18A00EBD07001EB600005EBD571A0EB02
:103B1000610060802844E080694630460AF0F0FB8E
:103B2000BDF800002080BDF80400A080BDE8FC8145
:103B30002DE9FF410646FFF754FD040020D04FF465
:103B40008027394630460BF095FB05463046582213
:103B500039460BF0FFFA06B2204608F068FB014632
:103B6000002041F6FF72CDE90002029033462A465A
:103B700003A80FF0E5FDBDF90C0004B0BDE8F0812D
:103B80000020FAE739B1012909D0022905D004291A
:103B900007D0002070473C307047483070475430A1
:103BA00070476030704700002DE9F04104460D4633
:103BB000668C00200423C6F30511E2680BE000BF09
:103BC00003EBC007D7595FEA871C03D527F07F476F
:103BD000AF4202D0401C8142F2D8814203D002EBB6
:103BE000C000BDE8F0814FF0806000EBB6204FEAE6
:103BF000B0506084C0F30510C100104609F04EF9C2
:103C0000E060608CC0F30510401E0DD06FF007021D
:103C1000E16802EBC00601EBC0030E44401ED6E98A
:103C20000016C3E90016F3D10821E06809F020FA74
:103C3000082009F083F8E16808600EF04CFAE168AA
:103C4000486840F000704860E16865F3170048601C
:103C5000E068C6E730B585B0054614216846ECF744
:103C6000C0FE0C4C0521A06816F04AFA01280AD1C2
:103C7000122209496846ECF713FE00231A4619463A
:103C8000A06816F025F8122269462846ECF708FECF
:103C900005B030BD3002002026C100202DE9F041E2
:103CA0000D4F804600242546F8682E4668B1052150
:103CB00016F026FA012808D1084800231A4690E891
:103CC00070001946F86816F003F8C8E90045C8F80E
:103CD0000860BDE8F08100003002002038C10020FB
:103CE00038B50C480D46144690F820004FF00201FC
:103CF000C0074FF0120002D00DF0C4F901E00DF042
:103D0000D9F92246294602F0E3FF0090BDF80000F1
:103D100038BD0000483801202DE9F0474FF0000C75
:103D2000DDE90964089DDDF82CA0E1466F1E09BBA2
:103D3000052A03D0062A01D0042A02D10023012D2E
:103D400001D0002109E001225FF000019C4436F817
:103D50001180491CC4440FFA8CFCA942F6D3ACEB89
:103D6000030109B2072A2AD2DFE802F004070B296F
:103D700021160D00A4F8009021E0411A01EBD17149
:103D800012E0411A11E0411A09B23AB291FBF2F184
:103D9000A4F800900BB212E0411A09B22AB291FBCA
:103DA000F2F10BB203EBD3714910218007E0411A05
:103DB0000AB2691C09B292FBF1F10BB22380002117
:103DC0000BE000BF34F8112036F811C0624404EB58
:103DD000410C1A44ACF80220491CB942F2D304EB5E
:103DE000450106EB450231F8021C32F8022C114461
:103DF0002288891A0AB2BAF1000F0CD0002108E01B
:103E000034F8113036F81170C31ADB1B24F8113066
:103E1000491CA942F4D31046BDE8F08770B58AB0BA
:103E20000446FFF747FA05462046FFF7B5FD002D8B
:103E30005CD000285AD069462046F6F7DFFC0C21FA
:103E400007A809F015F92046002132220BF082F96B
:103E500005462046002112220BF07CF94619204627
:103E6000002110220BF076F9054420460AF0FBFBF6
:103E7000A18A3144081AADF8240020460AF0FAFB62
:103E8000E18A2944081AADF82600002507E00068F9
:103E900007AA694650F8250000F04CFA6D1CA0688E
:103EA0004168A942F3D8009808F0C2FF019808F0D1
:103EB000BFFF029808F0BCFF039808F0B9FF00218B
:103EC00020460BF02EFA0546002120460AF0C2FFDC
:103ED00042F2D1718D4201D0884202D120460CF0CD
:103EE0001FF900222B21204606F07EF90AB070BD92
:103EF0000021A0F13002092A01D8D1B216E06128D0
:103F000001D32038C0B2413806280FD2DFE800F0D4
:103F1000030507090B0D0A2108E00B2106E00C211F
:103F200004E00D2102E00E2100E00F210846704759
:103F30002DE9F041044690F82A00C00738D0A08C43
:103F40000721B0FBF1F0E18CB1FBF0F200FB1212A3
:103F500000EB40010A4492B2B2FBF0F300FB1320E5
:103F60000844E2842085002120460BF083F90546B1
:103F7000002120460BF09FF90746B5F9085020466E
:103F80000AF08AF906462046FFF72BFB0246E18C31
:103F9000E819414306EBD67005EBD573BDE8F04157
:103FA0004010A0EB6300401A01B210460DF005B8B6
:103FB000BDE8F08170B50D4C064600200D460A465E
:103FC00020601D21304606F00FF9206858B10178B5
:103FD00039B12946ECF72CFD28B1304621680EF0A6
:103FE000A3FD002070BD012070BD0000480400202A
:103FF0002DE9F04188B01F4614460D4606460BF0E9
:10400000BBFD002842D0A54240D04FF4B470854299
:1040100002D9A5F5B475ADB2844202D9A4F5B47441
:10402000A4B2B18C4A1995B221448CB2854202D90E
:10403000A5F5B475ADB2844202D9A4F5B474A4B2A6
:1040400007AA06A93046FFF7EDF8394630460AF0D0
:1040500074FE80463046394651220BF07BF804A9A5
:1040600008B1012200E00022CDE90221CDE900489B
:10407000BDF81C00BDF91A1082B2BDF918002B461C
:1040800003F0E6F804A930460BF02BFD08B0BDE8BC
:10409000F0811FB5044603AA02A9FFF7C3F86B46D7
:1040A000BDF90C2002A92046FFF744FA204600F093
:1040B0000FFB011E03DD0246684601F0E3FB694683
:1040C00020460BF00EFD1FBDF0B50546A1F57F4063
:1040D0008BB00E46FF3858D0288EB04255D9A86A0A
:1040E00000EBC601684601F059FB03A928460AF017
:1040F00007F9002128460AF0E5FF07460021284677
:104100000AF05CFF044628460AF000F902F0EAFFD4
:104110000A2190FBF1F2BA4201DB90FBF1F790FB30
:10412000F1F33AB2A34201DB90FBF1F4BDF80C309D
:10413000BDF80000991A0844ADF80000BDF80E1053
:10414000BDF802000F1B3844BDF8047000B23B44B8
:104150001A44ADF80420BDF80620ADF80200114461
:10416000214409B2ADF80610AA8EB24209D1EA6A1A
:1041700032F81620520504D5091A491C401AADF828
:104180000200694628460BF0ACFC0BB0F0BD2DE9EF
:10419000FC470446B0F882000D46A8427DD920466F
:1041A0000AF094F8B4F88410484340F30F262046F0
:1041B0000AF086F9074694F88800010705D500F053
:1041C0000700012806D002286DD02046BDE8FC4734
:1041D0000BF064BC002120460AF006FE8046002158
:1041E00020460AF0FDFEA28A40441044C01B0FFA8C
:1041F00080F920464FF4A02149220AF0ABFF0FFAC4
:1042000080F84FF4003120460BF091F80746A08A61
:10421000ADF80000E28AADF80220208BADF8040072
:1042200008EB0700618B121A0844ADF80220ADF8C4
:104230000600B4F88200401EA84217DD06FB05F117
:1042400091FBF0F24A44A2EB0801C91BADF8001043
:10425000691C714391FBF0F1494401EB08003844BB
:10426000ADF80400694620460BF03BFC002D47D01A
:10427000681E06FB00F1B4F88200401E91FBF0F2CC
:104280004A44A2EB0801C91BADF800106E4396FB2F
:10429000F0F1494401EB080001E031E003E038446B
:1042A000ADF8040028E0002120460AF081FEB4F8B1
:1042B000841048434FEA2028B4F8820006EB080136
:1042C00091FBF0F6002120460AF08EFD81467543F1
:1042D000002120460AF084FEA18A4844294445185A
:1042E000694620460AF00CF8E81B8119A0EB08008B
:1042F000ADF80410ADF80000694620460BF0F1FB64
:10430000BDE8FC8770B505460BF0DCF8044628468E
:104310000AF02FF8844201DB012070BD002070BD3F
:1043200028B10A2803D00D2801D0002070470120B1
:10433000704700002DE9F74F0D4682B00446B049A2
:104340000BF0F4F800287DD12046FEF7C5FF824629
:104350002046FFF7ADFB5FEA000973D0BAF1000F0A
:1043600070D02046FEF7AEFF07462046FFF796FBCB
:10437000DFF890B2064620460021BBF80E200AF076
:10438000E9FE00F0FF0820460021BBF814200AF0E7
:10439000E1FEC0B201902B6807EB0A006FF001024A
:1043A000D5F808C033F8171002EB40001B5A3CF850
:1043B00000001844401A00B200906B6806EB090038
:1043C00002EB400033F816101A5AEB68185A1044E2
:1043D000401A0FFA80FB002120460AF0C6FC012893
:1043E0000AD1B8F1000F03D0B8F1020F02D003E0F8
:1043F000022000E000208046208BA18A401A401C49
:104400000FFA80FA608BE18A401A401C0FFA80F99B
:104410004046B8F1010F1BD0022824D02868B8F11B
:10442000030F30F9170028D18046608CDDF800A01A
:1044300040F400606084019801287BD0022877D086
:10444000032800E0D8E0686830F9167071D119E0EF
:1044500029680098A0EB0A0031F8171000EBD07023
:1044600001EB600008E020460BF02CF8296831F8D9
:10447000172000991144081A00B28046608C20F47D
:104480000060D7E7608CD94640F4806060842046A5
:104490000BF018F8504504D1204609F06AFF484552
:1044A00027D0A08AADF80000E08AADF80200208B8A
:1044B000ADF80400608BADF8060020460BF0EEFA74
:1044C00004F114005146054601F002FA4946284617
:1044D00001F0F9F920460BF0E1FA6A46292120465D
:1044E00005F082FE204609F085FF2246222105F0D4
:1044F0007BFE204600216B220AF02CFE06B22046ED
:1045000000216C220AF026FE05B220460AF0DAFFEE
:104510008146204609F02DFF0146C6F34130642252
:104520004FF4FA634FF47A7C01281BD027E001E0B6
:104530000AE013E06968ABEB090000EBD07031F8DA
:10454000161001EB600008E0204609F012FF6968D0
:1045500031F8162002EB0B01081A07B2608C20F428
:10456000806093E726F4C040984208DC604501DD96
:10457000C0F57A7000FB09F090FBF2F006B2C5F3CB
:10458000413001280BD125F4C040984207DC60453A
:1045900001DDC0F57A70484390FBF2F005B2049A51
:1045A00008EB0600791912891044A28A801A05B214
:1045B000049840890844E18A401A06B255EA060088
:1045C0001AD020460BF06AFAA08A2844A082208BD9
:1045D00028442083E08A3044E082608B304460834A
:1045E00020460BF05BFA05B0324629462046BDE86E
:1045F000F04F00230BF0F8BA05B0BDE8F08F0000D3
:1046000001000600520300202DE9F0410646154640
:104610000F46002005E039462046B04701280AD061
:1046200020460FF03FFD040002D060688000F2D108
:104630000020BDE8F08105B12C600120F9E7038876
:104640000A88934201D0981A704740884988401AD6
:10465000704703780A78934201D0981A70474078DF
:104660004978401A704700002DE9F0414268096816
:1046700022F040428A4227D10446FEF761FDDFF86E
:104680004C800546D8F80820131BA2EB05005E1BE2
:10469000C8F8080015D0274661193246384608F098
:1046A00015FC06E0A068401BA0602046FEF748FD10
:1046B0000444D8F808008442F4D1B819294608F017
:1046C000D7FC0120BDE8F0810020FBE74C0400206E
:1046D0002DE9F0414FF440360446402231460AF0BD
:1046E00039FD05462046432231460AF033FD284471
:1046F00005B2314620460AF083FD002831462046A7
:1047000002DD0AF07DFD02E00AF07AFD4042284415
:1047100005B2314620460AF07FFD0028314620468A
:1047200002DD0AF079FD02E00AF076FD40422844FD
:1047300005B22046352231460AF00CFD07462046D8
:10474000382231460AF006FD384400B2854200DDC9
:104750002846BDE8F08170B5054605F005FD044624
:10476000284605F03FFD064609F044FE05462A2C82
:1047700001D0292C0BD10021304608F043F92846FE
:1047800010F0D0FB2846BDE8704013F05FB870BD54
:104790002DE9FC41064614468846D80729D004F185
:1047A00008000125002206F114010746F4F73DFA3E
:1047B00058B100208DF800006A461221304601975A
:1047C00005F012FD9DF8000098B16089218A084427
:1047D000401EE081B4F90E10B4F90600814200DDFC
:1047E000E08102B02A4621464046BDE8F04103F090
:1047F0001BBA0025EEE72DE9F041074688B01D46BB
:10480000164688460846F4F783FF044602A9404648
:1048100009F076FD2246114602A801F033F8022E77
:1048200005D0012E29D0002008B0BDE8F081DDE9D7
:104830000201CDE9040100231A4604A940460AF00A
:104840008EFD04AA6846B968F4F7C7F90028EBD0D2
:10485000DDE90001CDE906010123002206A9404659
:104860000AF07DFD06A902AA0846F4F7B6F9002869
:10487000DAD006982860079809E002AA6846B96865
:10488000F4F7ABF90028CFD0009828600198686051
:104890000120C9E770B5044609F0ACFC06460025C6
:1048A00006E0A068006850F82500FFF7F3FF6D1CD4
:1048B000B542F6D3608CC1071AD020F001006084A5
:1048C00020460BF02DFC20460BF04CFB86B100215E
:1048D00020460AF0D1FA58B10C494968884207D8F5
:1048E0000B49096801EBC00050E9022120469047BE
:1048F000608C810708D520F0020060842046BDE866
:10490000704000210BF072BA70BD0000300300202F
:10491000C80300202DE9F0478046089D1F46E8693E
:1049200000FB01F39B12002807DD934207DD00BF67
:1049300095F8280080070DD48BE09342F8DBCB1963
:1049400043439B12002808DD934239DA95F828008A
:1049500080077ED40120BDE8F0879342F6DCA86989
:10496000521C504340F395000312C0B2FF220028AE
:1049700028D000BF6E6AC0F1FF0404FB06F4A2EB6E
:10498000242600BFA3EB0104A14636D0002C15DB82
:10499000BC4213DAC0F1FF00C6F1FF014843A2EBAD
:1049A0006020C1B295F82800800701D5C1F1FF0150
:1049B00018F804000FF066FB08F80400641C1CE003
:1049C000A869CEE74FF0FF06DCE7002C10DBBC4205
:1049D0000EDAA6EB6000C1B295F82800800701D579
:1049E000C1F1FF0118F804000FF04CFB08F80400B7
:1049F000686A641C361ABC4202DA686AB042E4DBB8
:104A0000BC4218DA002C16DBA86970438012704390
:104A1000C0F34721E869002801DAC1F1FF0195F8E8
:104A20002800800701D5C1F1FF0118F804000FF03C
:104A300029FB08F8040095F82800800707D54946A7
:104A4000B94506DC00290DDB404609E001E0641CA5
:104A500001D500207FE7BC4204DC391B08EB0400D1
:104A600008F006FB022076E72DE9F05F06460A9F74
:104A70008A461D46B86900FB02F18C12002800DD51
:104A8000641C97F82830544502DA980707D4D5E01B
:104A90008C120AEB050CA44502DA98077ED483E059
:104AA000521C424341F3950142F395044FEA2129F8
:104AB000221204F0FF08C9B2A9EB0A04914505D0FF
:104AC000002803DA11B9FF219146641E914528D1CF
:104AD000002C0CDBAC420ADA01EB08004108980715
:104AE00001D5C1F1FF01305D0FF0CCFA305597F8D8
:104AF0002800641C800706D5A9EB0A01A9424DDAFB
:104B00008EE030460AE0AC4200DD2C46002C45D059
:104B100006DD00BFA5EB040106EB040008F0A8FACF
:104B200089E04FF0FF0B002844DAF869404248431F
:104B30004FEAA028002C0DDBAC420BDA08FB01F099
:104B4000C0F34721980701D5C1F1FF01305D0FF097
:104B500099FA3055B969A8F1FF0041438812641EE3
:104B600011D4AC420FDAC8F1FF014143ABEB612035
:104B7000C1B297F82800800701D5C1F1FF01305D6F
:104B80000FF080FA305597F82800A41C800709D54B
:104B9000A9EB0A01491EA9424DDC00E04EE00029C4
:104BA000AFDC48E0AC4202DD0120BDE8F09F002C04
:104BB000B0DA40E0C1F1FF00F96941434FEAA128B2
:104BC000002C0EDBAC420CDA00FB08F0ABEB6020F3
:104BD000C1B2980701D5C1F1FF01305D0FF052FA63
:104BE0003055B969C8F1FF0041438912641C0ED4E5
:104BF000AC420CDA4843C0F3472197F828008007FD
:104C000001D5C1F1FF01305D0FF03CFA305597F846
:104C10002800641C800707D5A9EB0A01A9420DDC16
:104C20000029BFF66EAF06E0AC4200DD2C46002C3A
:104C300004D03FF76FAF4FF00200B6E74FF000002F
:104C4000B3E77CB5446A06F02DFF054606F06BFF1E
:104C500004280CD1E18E2046218709F085FB064609
:104C600005F0FAFE18B10021304605F063FF284632
:104C700006F059FF012804D0284606F054FF032807
:104C80000AD101A9284606F023FFBDF906102046E7
:104C9000FEF7BCFBE0862087204604F09DFFA06A5B
:104CA00010B920460AF0FAFEE08E00906A461C21F8
:104CB000204605F099FA7CBD2DE9F041074688466B
:104CC00000261448F4F747FC04461DE0214611482D
:104CD000F4F753FC05462068B84200D09FB96168DC
:104CE000414502D0B8F1000F0DD121460948F4F733
:104CF000CDFC216909B120468847204608F0AAF872
:104D0000F5F75EF901262C46002CDFD13046BDE8D0
:104D1000F08100009C38012010B50348F4F705FC31
:104D2000BDE81040F5F74CB99C38012070B5054638
:104D30000C460948F4F70FFC0BE00168A94204D1C6
:104D40004168A14207D0002C05D001460248F4F783
:104D500014FC0028F1D170BD9C38012010B5044628
:104D6000442108F085F94FF4FA70E06200202062D7
:104D70006420A0620120A4F840000448E06194F897
:104D8000420040F0010084F8420010BDC54D01080A
:104D900038B504464FF480650095D4E90B20002314
:104DA000194607F0ACFF40F2B6334FF461720021B0
:104DB000009500F061FF226AA16A891A414302EB63
:104DC000A12038BD38B504464FF480600090D4E986
:104DD0000B200023194607F092FF226AA16A891A64
:104DE000414302EBA12038BDD0E90B128A4201DB1E
:104DF000806A7047006A70470020F5F73BB98B1A4C
:104E0000002B00DC531A4FF47A714B43B3FBF0F0E4
:104E1000002800D10120704770B54168054611B1E6
:104E20002868FFF749FF1948F4F727FC184E10B11E
:104E30000EF0CBF970601548F4F7B2FB041E23D0D6
:104E40004422294608F042F82868A84200D124608C
:104E5000717894F8420061F3820084F84200C00740
:104E60000FD0616939B120468847216A0144216227
:104E7000A16A0844A06262681AB1206808B1216A78
:104E80009047F5F79DF8204670BD00009C38012042
:104E9000B003002070B5458D848D0023A54201D25A
:104EA0002B4602E0C5F5B4752C448B420FD8A142C5
:104EB0000DD8E21AB1EB520F416B02D841F0080154
:104EC00001E021F00801416341F0100134E04FF4AA
:104ED000B475934207D19E1A2644AE4203D0416B6B
:104EE00041F00801F0E7934209D3C2F5B4768E424F
:104EF00005D8A94203D8416B41F008011AE093425A
:104F000006D2D61AC6F5B4768E4201D8A942F2D995
:104F10002244AA4205D81944A14210D3914206D98D
:104F20000DE0A2F5B4728A4209D3A14207D9416BC0
:104F300021F0080121F010014163012070BD002023
:104F400070BD10B500200C468884872161852D2214
:104F5000A285E18449002185616B21F0060161632E
:104F60004FF40041E185616B2086642041F0080127
:104F7000608621F0010060631001A0630EF025F946
:104F8000E063208DA4F84000606B022120F0100047
:104F90006063204608F014F94FF44471204608F08D
:104FA000F5FC2046BDE810400D210BF03EBD000091
:104FB0002DE9F04FAFB0044605F014F9074620463E
:104FC00005F0D8F82A9028AA2CA93846FEF72AF925
:104FD00006A82A9908F03AFFBDF9A000DFF88881F9
:104FE0000DF1B00A0DF1080B00282DDD584602F036
:104FF0000DF902AA002138460AF0A2FA0020CDF8E5
:105000003CA01390CDE90780BDF8A000ADF8540096
:1050100006AA1A213846CDF838B005F0E5F8B98D62
:10502000B88C7A8D0144104489B280B2CDE9000178
:10503000BDF854302CAA02A92A9802F0D7F806AA83
:105040001B21384605F0D0F84FF400394946384660
:1050500009F0CCFF0646494638460AF003F80546F3
:10506000494638460AF046F804464946384609F0AB
:105070006FFFAE4201DD314600E02946844201DD8A
:10508000224600E00246914205DDAE4201DD304697
:1050900004E0284602E0844200DD2046BDF8A0106E
:1050A000081A04B2002C34DD02A802F0AFF802AAFC
:1050B0004D46494638460AF043FA0120CDF83CA057
:1050C0001395CDE90780ADF8544006AA1A21384659
:1050D000CDF838B005F088F8BDF90A10BDF95400D4
:1050E000814201DDADF80A00398DB88CFA8C01449B
:1050F000104489B280B2CDE90001BDF854302CAA29
:1051000002A92A9802F072F806AA1B21384605F077
:105110006BF82DABBDF9A0202CA93846FEF70AFA92
:1051200018A803F027FB4FF4403418AA214638464C
:105130000AF058FB02201394CDE907802DA80990AE
:1051400018A80A9006AA1A21384605F04DF82DAA8B
:1051500018A92A9803F0FAFA06AA1B21384605F086
:1051600043F82FB0BDE8F08F505F03082DE9F047FA
:1051700086B08A46FD4809F015F801287ED15046D0
:1051800004F0F2FF0546504605F02CF8064650465E
:1051900005F028F80446022D11D0082D6FD0032DFC
:1051A000FCD00D2D6CD0112D6BD0132D6AD0152D88
:1051B00064D106B05046BDE8F047FFF7F9BE06F0EF
:1051C00071FC05005AD006F0AEFC012856D101A9A9
:1051D000284606F07DFC03AA02A93046FEF722F815
:1051E000BDF80400BDF80810401AADF80400BDF881
:1051F0000600BDF80A10401AADF8060094F8340015
:10520000C00744D14FF40031304609F096FD054601
:10521000BDF80C004FF48031401BADF80C00304657
:105220000AF07DF910B1BDF80C0008E0BDF90C00E2
:10523000C11700EB9171B5EBA10F00DA8D10401B87
:10524000ADF80C0000B2012802DA0120ADF80C0024
:10525000BDF8040010FB00F1BDF8060010FB0010C3
:10526000BDF80C1011FB01F1884206DD606B40F0C7
:10527000010060630DF0A9FFE06304E079E0DEE087
:10528000F7E01AE15AE194F83400C00771D0BDF993
:10529000041019B9BDF8060000286AD0B4F92C70C2
:1052A000628DB8B2904202D200F5B47007B2BDF977
:1052B000060000F039FBA18C401A618D401A05B23E
:1052C000002D02DA05F5B4752DB2BDF80C004FF4CF
:1052D0001D7110FB01F06421B0FBF1F8002001F01A
:1052E00001FF00EBC00101EB00114FF0500909EB89
:1052F0004100B0F5A07F0CD3002001F0F3FE00EBDD
:10530000C00101EB001109EB4100A021B0FBF1F05D
:1053100000E001204FF4B4714843B0FBF8F294F878
:1053200034002946C0F3C0093046FFF7B3FD00281A
:105330001FD0618DB4F84020781A511A0FFA81F805
:10534000A5EB080109B24FF40C7301F58C7100B2A2
:10535000994205D994F8342012070BD500250AE0AC
:10536000626B5FEAC26C06D4120703D5424215B2E3
:1053700001E061E00546B9F1000F08D0606B02075B
:105380000ED4C0060CD499420AD9002508E0B9F120
:10539000000F05D1616B0A0702D5C90600D4054686
:1053A000A5EB080005B2E06B0DF009FFA16B4143CE
:1053B0004FF47A70B1FBF0F080B2854202DC4042DB
:1053C000854200DA05B2618DB4F93220B4F930308B
:1053D00008EB0500A7EB010CD51A4FEACC0C9CFB9F
:1053E000F5F52D1D00EB2510B4F92E500844009260
:1053F00000B23A4607F083FC07B2B6F92E00B84275
:105400000FD00DF0E2FEE0633946304600F07CF943
:10541000AF4206D000221C21304604F0E5FE0128F0
:105420000AD1B4F93000B84203D0B4F93200B8421E
:1054300002D10DF0CAFEE06306B0BDE8F087606BF4
:1054400020F001006063304608F08EFF054605F04D
:1054500003FB044606F026FB06F065FB0428EBD1AF
:10546000002CE9D006B02846BDE8F047002105F041
:1054700061BB504604F0B4FE0078B4F92E501328F6
:1054800006D0112804D0142805D0122803D008E033
:10549000F08D401C01E0F08D401E01B2304600F05E
:1054A00033F9B4F92E00A842C6D006B03046BDE8A4
:1054B000F04700221C2104F097BE504604F090FEF5
:1054C000044604AA03A93046FDF7ACFEB0680025E7
:1054D00008B1B0F914500021304609F02EFC064600
:1054E000BDF810102844081ABDF80E20ADF81000C1
:1054F000111809B20091BDF80C10121A0B18081AF5
:1055000001B21BB212B201A800F0D6F947F6FF773C
:105510003A4601A82168F3F748FC08B100200BE0E7
:1055200006EB450002B2114601A800F0ABF93A467D
:1055300001A82168F3F739FC20717DE7002130468E
:1055400009F054FD07460021304609F08BFD054661
:105550000021304609F0CEFD04460021304609F016
:10556000F7FCAF4204DD394603E00000505F03085A
:105570002946844201DD224600E00246914205DDD3
:10558000AF4201DD384604E0284602E0844200DDF7
:10559000204680464FF440394946304609F026FD02
:1055A00007464946304609F05DFD05464946304606
:1055B00009F0A0FD04464946304609F0C9FCAF4257
:1055C00001DD394600E02946844201DD224600E043
:1055D0000246914205DDAF4201DD384604E028462F
:1055E00002E0844200DD2046801CA0EB0804304627
:1055F000FFF76EF8204404B2504604F0F1FDB0F914
:105600000010A14200DD0C46048015E770B50C4681
:105610000546114600F006F821462846BDE87040D0
:1056200000F039B870B54FF4B47305460C46994292
:1056300002D9A1F5B474A4B2288DE98C421A611A7A
:1056400012B209B2002A02DA02F5B47212B20029CB
:1056500002DA01F5B47109B28E1AB4369E4203D94A
:1056600028460AF01BFA0DE04FF40033914202DAAB
:105670000246214603E08A4204DA224601462846D1
:10568000FEF7B6FC2846FEF704FD28462C85BDE84B
:105690007040FEF7FEBC70B54FF4B47305460C467F
:1056A000994202D9A1F5B474A4B2298DE88C0A1AE2
:1056B000091B12B209B2002A02DA02F5B47212B260
:1056C000002902DA01F5B47109B28E1AB4369E428D
:1056D00003D928460AF0E2F90DE04FF40033914275
:1056E00002DA2246014603E08A4204DA02462146F3
:1056F0002846FEF77DFC2846FEF7CBFC2846EC84C6
:10570000BDE87040FEF7C5BCB0F92E308B420ED01C
:10571000B0F932208A4200DA1146B0F930208A42CC
:1057200000DD11468B4202D0C18514F05BB9704791
:105730000A8802804A8842808A888280C988C1801B
:1057400070470A8802804A8842808A888280C98895
:10575000C18070470A8802804A8842808A88828095
:10576000C988C18070470A8802804A8842808A8836
:105770008280C988C18070470A8802804A88428036
:105780008A888280C988C18070470A8802804A88D6
:1057900042808A888280C988C18070470A880280D6
:1057A0004A8842808A888280C988C18070470A8876
:1057B00002804A8842808A888280C988C180704776
:1057C0000A8802804A8842808A888280C988C1808B
:1057D00070470A8802804A8842808A888280C98805
:1057E000C18070470A8802804A8842808A88828005
:1057F000C988C18070470A8802804A8842808A88A6
:105800008280C988C1807047C1884088081A401CBE
:1058100000B27047C1884088081A401C00B2704727
:10582000C1884088081A401C00B27047B0F90410C3
:10583000B0F90020891AB0F90620B0F90200101A58
:10584000401C491C4843704781880088081A401C46
:1058500000B2704781880088081A401C00B2704767
:1058600081880088081A401C00B27047818800882F
:10587000081A401C00B2704781880088081A401C32
:1058800000B2704703885B1A0380838819448180C3
:105890004188891A4180C1881144C18070470388BA
:1058A0000B440380838819448180418811444180DE
:1058B000C1881144C180704710B5029C01804280AC
:1058C0008380C48010BD4288491E1144C180704746
:1058D0000288491E114481807047000070B5064659
:1058E0000D46082007F02AFA041E0BD002460021BC
:1058F00007480DF06DFC30B1C4E9006501210DF0E1
:105900004CFD012070BD204607F0A4FA002070BDB8
:105910001559010810B5C468D4E90010884720461D
:10592000BDE8104007F096BA0022002801DA0122F3
:105930004042002901DA4942921C884207D9C1EB52
:10594000011101EB4101B1FBF0F3103205E0C0EBB6
:10595000001000EB4000B0FBF1F30020D9B2162993
:105960000BD92C2900D80120292900D8401C252931
:1059700000D8401C20290BD90BE0022900D30120BC
:10598000062900D3401C0A2900D3401C0F2900D34C
:10599000401C1844D10601D5C0F15A0091074FEAC6
:1059A000C27105D509B1B43005E0C0F1B40002E020
:1059B00009B1C0F5B47080B27047C16000680AF0E8
:1059C0006DB800684FF0FF320168C26001F13C021F
:1059D000904202D182684A6205E001F14C02904295
:1059E00001D182680A6300680AF058B810B50C4605
:1059F00000206421C4E90A0120636062A086208738
:105A0000E086608784F85C0004F13C01204600F0E9
:105A1000A6F804F14C01204600F0A1F80821204628
:105A200007F0B4FF1021204607F0B0FF2046002207
:105A3000BDE81040114600F0BEB810B50C4600217C
:105A400004F13C00FFF738F904F14C00BDE81040C8
:105A50000021FFF731B900002DE9F0410D46314832
:105A600008F0A0FB012854D1284604F07DFB044631
:105A7000284604F0B7FB8046132C0AD0012C4AD0EC
:105A8000082C48D0152C44D12846BDE8F041F8F741
:105A9000E1B84FF4003107F047FE0446284604F011
:105AA0009FFB0546B0F90000A04200DD04462C80B3
:105AB0000021404609F0A0FA07460021404609F0BF
:105AC000D7FA06460021404609F01AFB0446002199
:105AD000404609F043FAB74201DA394600E0314660
:105AE000844201DA224600E00246914205DAB742DA
:105AF00001DA384604E0304602E0844200DA20460B
:105B0000002806DAB5F900104042814200DC014667
:105B10002980BDE8F08108F134014046BDE8F0413C
:105B200009F0DFBF6C5F030890F85C0000F0030031
:105B3000704790F85C1001F00301022901D0806ADF
:105B40007047816D491C01D0406D7047006B7047F4
:105B5000816C491C01D0406C7047406A70470860F6
:105B6000002048608860401EC860704738B5134602
:105B700090F85C2002F00302022A1BD1D0E90A420D
:105B80008A4201DD0D4600E01546AC4201DD2146AA
:105B900002E08A4200DC1146426A8A4200DA11467B
:105BA000026B8A4206D0009300F14C0300F13002F0
:105BB00000F022F838BDF8B5456A13468D421AD078
:105BC000D0E90A428A4201DD0E4600E01646B442A0
:105BD00001DD214602E08A4200DC1146026B8A4266
:105BE00000DD11468D4206D0009300F13C0300F128
:105BF000240200F001F8F8BDF0B591B00746169800
:105C00001C4616460D4618B3E068401C2ED0A0680E
:105C1000C4E90105002118461560FFF74DF86846F4
:105C2000FFF79CF812484FF48071CDE90040002046
:105C30000890CDE909010F480390384600216522FC
:105C400009F088FA0B906846FFF7E6F811B0F0BD4E
:105C500000211846FFF730F84FF0FF30E060356064
:105C600011B03846BDE8F04009F018BF3068CFE702
:105C7000BB590108C3590108F0B5C0F5806404FBA5
:105C800004F5AD0A05FB04F64FEA962C00FB00F67E
:105C9000B60A06FB00F745435543BF0A0CFB01FC5F
:105CA00074434FEA9C2105EB45005C43DDF814E0AA
:105CB00004EB440201EB105007FB0EF700EB12500F
:105CC00000EB9720F0BD10B50C461021204607F0E0
:105CD0005DFE2046BDE810404FF4806107F070BAC9
:105CE00010B50146034807F0A3FD044607F014FE73
:105CF000204610BD885F030870B50646008E0D462D
:105D00001446A8421BD9E00608D50121304609F007
:105D100006FC18B10121304607F038FEF06A30F871
:105D20001510A14320F8151029463046FEF7CCF98E
:105D3000600504D53046BDE870400AF047BB70BD31
:105D400070B50E460546002406E032462146284638
:105D5000FFF7D2FF641CA4B2288EA042F5D870BD14
:105D600008460021018641864FF6FF7282868162D5
:105D7000C162416280F83610014900F0EFBA0000BC
:105D80002C04002010B50C46886A07F063F8E06A1E
:105D900007F060F80020A062E06210BD2DE9FC472A
:105DA0008A46FA4808F0FEF9012843D1504604F02B
:105DB000DBF90646504604F015FA00270446132E78
:105DC00002D02A2E49D01AE0608EA146002831D098
:105DD0000025D9F8248031E0D9F82C0030F81500DE
:105DE000C0F3802040B3608E28B1204608F054FAFA
:105DF000618E90FBF1F001B2504604F015FA292EA5
:105E00002FD04FF6FF75012E2DD0022E6CD0082E0C
:105E10007ED0062E7DD0032E7CD00E2E7BD00F2E72
:105E20007AD0102EFCD00D2E77D0152E02D15046F0
:105E3000F8F784FFBDE8FC876D1CADB258F825006B
:105E40000028F7D0D2A1EAF7F3FD0028F2D058F8E5
:105E5000250000780028BFD1ECE7616A00F07EFAE7
:105E6000E8E72046F9E7504604F0BAF9064620462E
:105E7000A18EFEF729F905F015FE05F054FE012864
:105E800001D003281BD16946304605F021FE694642
:105E90002046FDF783F82146A586A8421CD0E16A7A
:105EA00031F81010C1F38012002AC3D1C1F30011E0
:105EB0000029BFD1A08601462046FEF705F9A18E34
:105EC000A942B7D0E06A30F81100C0F34022002A9E
:105ED000B0D1C0F380229EE08D86ABE7C0F3001006
:105EE0000028A7D1019148E0504604F079F907460F
:105EF00005F0D8FD064605F016FE04289AD00228C3
:105F000098D06946304605F0E3FD6946204605E035
:105F100039E078E087E089E0CAE0D1E0FDF73EF8BB
:105F20000646A18E2046B14284D0A94201D0FEF798
:105F3000CBF8A686384605F04FFEAE428CD0E06A1C
:105F400030F81600C0F38011002985D1C0F300108D
:105F5000002885D131462046FEF7B6F8E06A30F8D1
:105F60001610C1F340210029B7D1A18E30F81100DD
:105F7000C0F380200028B0D1019601AA1C21204640
:105F800004F032F956E7A18EA94237D0E26A32F81E
:105F90001100C0F3C013ABB1C0F3801393B9C0F3C9
:105FA00000231BB194F83630DB0713D040F4807027
:105FB00022F8110094F83600C00703D02046A18EC5
:105FC0000DF086FDA18EE26A32F81100C0F3402286
:105FD00032B902E020F48070EAE7C0F380226AB1AF
:105FE000C0F3801252B9C0F3001038B9019101AA70
:105FF0001C21204604F0F8F80128C3D12046A18EC8
:10600000FEF762F816E7A18EA942BBD0E06A30F82D
:106010001100C0F34012002AB4D1C0F38012002A4C
:106020003FF45CAF06E72046A18E45E0208E0028B5
:10603000A8D0504604F0D4F8074605F074FD064693
:106040002FB9002005F034FD05F06DFD0646204611
:1060500008F08AF904F000FDA18EA94292D1022E27
:1060600002D0042E2AD148B394F836100020E26AF8
:10607000C90701D110E0401C32F81010C1F3001321
:10608000002BF8D1C1F38013002BF4D1C1F3002110
:106090000029F0D00AE0401C32F81010C1F30013C0
:1060A000002BF8D1C1F380110029F4D1A086C1E6FC
:1060B000A18E2046A94201D0FEF706F8A586B9E6D2
:1060C0002046A18EFEF700F8504604F089F80078CB
:1060D000132813D0142836D004264FF002091228B2
:1060E00058D011288AD10021204608F067FFA28EDF
:1060F0008446AA427BD1A786E26AA5E0A08EA84288
:1061000001D1A78601E0401CA086A18E238E994272
:1061100000D3A786A28EE66A08E0491C88B2A08652
:10612000984200D3A786A08E90427DD0A18E36F8EB
:106130001100C0F3001CBCF1000FEED1C0F38010C1
:106140000028EAD15AE7A08EA84201D1A78600E034
:1061500000B9208E401EA08683B2E26A09E011B128
:10616000491EA18602E0208E401EA086A08E984285
:1061700068D0A18E32F81100C0F30016002EEED1C7
:10618000C0F380100028EAD138E70000A45F0308BC
:106190000A0000000021204608F010FFA28E804671
:1061A000AA4214D1A786E26A05E0491C88B2A086FB
:1061B000218E884246D2A18E32F81100C0F300131E
:1061C000002BF2D1C0F380100028EED116E7A16AAF
:1061D00006EBC2000B5A31F832001B1A5B1C43F36A
:1061E0004E0318440FFA80FC1046238E1FE037E060
:1061F00009EBC00709EBC205CF5F4D5FAF4212DD6F
:1062000031F9305065450EDC06EBC0054D5F454465
:10621000654508DBE56A35F81070C7F3801515B9D8
:10622000C7F300152DB100E00CE0401C80B28342A2
:10623000DED8834247D8E1E6491C88B2A086218E89
:10624000884201D3A586D9E6A18E32F81100C0F3A9
:106250000013002BF0D1C0F380100028ECD1CDE664
:10626000A16A06EBC2000B5A31F832001B1A5B1C04
:1062700043F34E03184405B2B4F934001EE000BFE6
:1062800009EBC00709EBC203CF5FCB5E9F4213DA75
:1062900031F93030A3EB0C03AB420DDC06EBC0034D
:1062A000CB5EAB4208DBE36A33F81030C3F38017F0
:1062B00017B9C3F3001323B1401E00B20028DFDA80
:1062C0009CE60028B7DBA08698E6038E8B4204D9B3
:1062D000C06A30F81100824301D0002070470120CD
:1062E000704770B50446008E0E461546B04234D94C
:1062F00094F83600C00706D0E80504D54FF4807145
:106300002046FFF71DFDE80616D5218E0120012944
:106310000ED9002309E0B34205D0E26A12F8132037
:10632000D20600D400205B1C9BB29942F3D818B16E
:106330000121204606F044FFE06A30F81610294398
:1063400020F8161031462046FDF7BEFE680504D53C
:106350002046BDE870400AF039B870BD2DE9F34F12
:1063600097B00D0079D0179C2046F3F75BFD65626E
:1063700000211622179808F0EDFEC0B212900021FD
:10638000179808F03FFE0B900021179808F0BEFE0A
:106390000F900021179808F095FE029000211798A1
:1063A00008F00CFE0990179807F090FF04901798DA
:1063B00007F072FF618E0027C1F101020299A94620
:1063C00001FB020000B21090384685E04FF0000B50
:1063D0005D460AE0E06A791930F81100FCF7ABFE7F
:1063E00058446D1C1FFA80FBADB259F8250040B12E
:1063F00042A1EAF71DFB20B159F8250000780028DA
:10640000E8D15DB31099608E01FB08F1B1FBF0F2A9
:106410000F995318029A08FB023109B2089110999A
:1064200008F101025143B1FBF0F10F9A0298491EA5
:1064300008FB0020084400B2149009990498C5F1A3
:10644000010201FB020000B20E90002801DA0020D8
:106450000E904FF0000A564636E04BE0FFE709F198
:10646000040036E0E06A30F81700FCF764FE0E998D
:1064700001FB0AF1B1FBFBF20999824406FB012101
:106480000E9A09B20AFB02F0B0FBFBF0099A401E1B
:1064900006FB0200129A00B2012A06D10A460499AC
:1064A000081A01B20498801A00B20B9A104403B281
:1064B000149800901144A06A09B200EBC700089A32
:1064C000FFF7FAF9761C7F1CAE42CBD309EB8500AF
:1064D000001D814608F101008046608E40453FF670
:1064E00075AF179809F072FF179819B0BDE8F04F13
:1064F00009F0D4BA19B0BDE8F08F00000A0000001E
:1065000010B50C46102104F12400F3F741F81021D6
:1065100004F13000F3F73CF8002024F86C0F2081E0
:10652000608060816420A080A081E080E081032001
:1065300060820520A0820A20E08247F6FF70208258
:10654000207F20F00700401C20F0080020774FF447
:1065500080702083608310BD70B50C4601F1240665
:1065600010E000BFF2F7F7FF0546007B400702D4BA
:10657000686806F06FFC29463046F3F787F828462E
:1065800006F068FCA06A00283046EBD1F2F7CDFF98
:1065900004F130050AE000BFF2F7DDFF06460146D0
:1065A0002846F3F773F8304606F054FC606B002879
:1065B0002846F1D1BDE87040F2F7B7BFF8B50D46F7
:1065C0007E4807F0EFFD012874D1284603F0CCFD8A
:1065D0000646284603F006FE0446012E2DD0082E5E
:1065E00069D0292E68D0132E67D02C2E7ED0152E80
:1065F0007FD1284603F0BEFD054601462046F6F74A
:10660000D3FF2646002229462046FBF763FC0122E1
:1066100029463046FBF75EFC022229463046FBF74E
:10662000B9FA042229463046FBF7B4FA04F12400F3
:10663000F3F723F8002871D0B9E005F033FA694682
:1066400005F046FABDF80010A08A2546081AADF8F4
:106650000000284607F034FFBDF800104618284611
:1066600007F034FEB5F88410484340F30F270021AB
:10667000284608F0B5FC301A00B20026002822DBBC
:10668000B84203DDB5F88260761E1CE095F88810EC
:1066900001F00701012902D002290FD013E0B5F85B
:1066A0008210491E414307EBD77001EB600090FB5D
:1066B000F7F608E01DE01DE024E027E0B5F88210C1
:1066C000414391FBF7F6B4F97C00B04211D0B1B26E
:1066D0002046FDF75CFD2046B4F87C10FDF757FD21
:1066E00000222046A4F87C601C2100E031E003F089
:1066F0007BFDF8BD34F87C1FFDF749FD47F6FF70C0
:106700002080F8BDBDE8F84009F08CBEB4F9402007
:10671000B4F94C00824202DD164601E02EE0064646
:1067200034F9581FB4F90C30994201DD0C4600E0F1
:106730001C46A64205DD824201DD114604E0014609
:1067400002E0994200DC19462846BDE8F84003F013
:106750006BBD284603F044FD0546204607F0B6FD14
:10676000B4F88410484300122880204607F094FDB6
:10677000B4F88610484300126880F8BD94F8880089
:1067800000F00700012804D0022807D003280AD00F
:106790000DE029462046FAF731F808E02946204660
:1067A000F9F70EFF03E029462046FAF741FA294699
:1067B0002046BDE8F840F6F7E9BD000024B0020825
:1067C0002DE9F04F8BB090460E4604001D460AD0CE
:1067D00056B1B4F88210414507D80020288058806F
:1067E0000BB0BDE8F08FFEE7FEE7204607F06EFD38
:1067F000B4F88410484340F30F27204607F04CFDBF
:10680000B4F88610484340F30F20049094F88800B1
:1068100000F00700012804D003280AD0022819D06C
:1068200065E0B4F8820007FB08F7401E97FBF0F024
:106830005CE000973168002331F91800317BC1F327
:10684000C00204EB4201B1F97820B1F9741006F0EE
:1068500056FA4BE004F1240003900790F2F77FFE14
:1068600081464FF4A021204608F0A2FBB4F8841022
:106870004843001206900021204608F099FBB4F826
:1068800084104FF0000A484301120291B4F88200CC
:10689000C0F1010202FB017191FBF0F00FFA80FBE5
:1068A0000798F2F771FE06E0B14206D00AF1010A3C
:1068B0000398F2F766FE0100F6D10298B4F8821050
:1068C000384400FB08F090FBF1F00BFB0AF1B1FB40
:1068D000F9F1069AC9F1010302FB03B20144B2FBCC
:1068E000F9F000B200EBD07001EB600028800021CD
:1068F000204608F079FA07460021204608F070FB90
:106900002988384408442880204607F0D9FD298882
:10691000081A28803146204600F02CF800EB0801C8
:10692000B4F88200049B91FBF0F200FB1210716836
:1069300080B231F91000317BC1F3001204EB420246
:1069400032F96C1F401AB2F904205843511A90FBD7
:10695000F1F0181A68800021204608F0C5FB69880C
:10696000384408446880204607F076FE6988081A93
:10697000688035E729B190F88800000702D448897B
:106980007047FEE700207047F0B504464FF4FA6602
:10699000C1F341307710642501280BD121F4C040A8
:1069A000B04207DCB84201DDC0F57A70584390FB75
:1069B000F5F001B2C2F3413001280BD122F4C040FE
:1069C000B04207DCB84201DDC0F57A70584390FB55
:1069D000F5F002B2944201DA204600E01046884207
:1069E00001DA0846F0BD944201DA2046F0BD1046B7
:1069F000F0BDF0B504464FF4FA66C1F341307710AC
:106A0000642501280BD121F4C040B04207DCB84214
:106A100001DDC0F57A70584390FBF5F001B2C2F386
:106A2000413001280BD122F4C040B04207DCB8420B
:106A300001DDC0F57A70584390FBF5F002B2944244
:106A400001DA204600E01046884201DA0846F0BD2F
:106A5000944201DA2046F0BD1046F0BD002208B590
:106A60001146104600F0B7F80090BDF8000008BDD0
:106A7000002208B51146104600F0C6F80090BDF897
:106A8000000008BD002208B51146104600F0EEF8DF
:106A90000090BDF8000008BD38B50C460546FFF76C
:106AA000F1FF2246294600F039F90090BDF80000B8
:106AB00038BD000007B58107BDF8043002D020F8CA
:106AC000023B521EBDF8041001EB01410EE002C072
:106AD000103A02C040F8081B40F8041C40F8101B94
:106AE00040F80C1C40F8081C40F8041C102AEED892
:106AF00003E000BF20F8023B521E002AFAD10EBD6F
:106B0000F82101EA1041C0F34232114300F4E0528F
:106B100008B541EAC20100F0F80041EA4010ADF8C2
:106B2000000080B208BDF82101EA1041C0F34232F2
:106B3000114300F4E05208B541EAC20100F0F80048
:106B400041EA4010ADF8000080B208BDF82101EA2A
:106B50001041C0F34232114300F4E05208B541EA5B
:106B6000C20100F0F80041EA4010ADF8000080B228
:106B700008BD18B54C09BDF80030D20864F3020313
:106B8000ADF80030C308BDF80000890863F3C70002
:106B900080B262F30C2080B261F34F30ADF8000098
:106BA00080B218BD18B54C09BDF80030D20864F3A6
:106BB0000203ADF80030C308BDF80000890863F394
:106BC000C70080B262F30C2080B261F34F30ADF8A1
:106BD000000080B218BD18B54C09BDF80030D208CD
:106BE00064F30203ADF80030C308BDF80000890863
:106BF00063F3C70080B262F30C2080B261F34F30C0
:106C0000ADF8000080B218BD18B54C09BDF80030D1
:106C1000D20864F30203ADF80030C308BDF80000E9
:106C2000890863F3C70080B262F30C2080B261F37D
:106C30004F30ADF8000080B218BD18B54C09BDF852
:106C40000030D20864F30203ADF80030C308BDF889
:106C50000000890863F3C70080B262F30C2080B2A1
:106C600061F34F30ADF8000080B218BD18B54C0983
:106C7000BDF80030D20864F30203ADF80030C30859
:106C8000BDF80000890863F3C70080B262F30C20EE
:106C900080B261F34F30ADF8000080B218BD18B576
:106CA0004C09BDF80030D20864F30203ADF800309F
:106CB000C308BDF80000890863F3C70080B262F31F
:106CC0000C2080B261F34F30ADF8000080B218BDE7
:106CD00018B580B2030243EA102084B288B20102E0
:106CE00041EA1020121D0C4980B2D30840EA00404E
:106CF00044EA044208400A40121A5A4300EB521078
:106D0000084040EA104080B2010241EA1020ADF88C
:106D1000000080B218BD00001FF8E00718B580B26F
:106D2000030243EA102084B288B2010241EA102033
:106D3000121D0C4980B2D30840EA004044EA0442E4
:106D400008400A40121A5A4300EB5210084040EA29
:106D5000104080B2010241EA1020ADF8000080B27C
:106D600018BD00001FF8E00718B580B2030243EA1F
:106D7000102084B288B2010241EA1020121D0C4991
:106D800080B2D30840EA004044EA044208400A4086
:106D9000121A5A4300EB5210084040EA104080B2E9
:106DA000010241EA1020ADF8000080B218BD0000D9
:106DB0001FF8E00718B580B2030243EA102084B23E
:106DC00088B2010241EA1020121D0C4980B2D3089A
:106DD00040EA004044EA044208400A40121A5A437A
:106DE00000EB5210084040EA104080B2010241EA34
:106DF0001020ADF8000080B218BD00001FF8E007B9
:106E000080B2C0F3C402C2EBC20303EB0222D21D64
:106E1000520962F317414207920E02EB503202EB25
:106E2000420303EB0222D21C920962F30F21C0F34A
:106E30000420C0EBC00202EB0020C01D400960F33B
:106E400007010846FF2161F31F607047FF2208B564
:106E500011461046FFF7D8FE0090BDF8000008BDAF
:106E600008B50720BDF8001060F30201ADF800106E
:106E7000BDF800201F2161F3C70292B261F30C221A
:106E800091B260F34F31ADF8001088B20090BDF8B8
:106E9000000008BD70B50C00054611D000F022F9C5
:106EA00010FB04F05030B0F5A07F0BDB284600F05B
:106EB00019F910FB04F0A021503090FBF1F002E032
:106EC000002000E0012000B270BD2DE9F0410D4628
:106ED0001E46174604461C2106F0CAF8C4E90057AE
:106EE000C4E90256BDE8F08138B50446502106F0E9
:106EF000BFF84FF4A0702080F02060804FF0FF308A
:106F0000A080E0800020208160812069822120F023
:106F1000400040F0080061F3D01020614EF20700FD
:106F2000ADF800000090BDF8000020870248206402
:106F300060645820A06438BD29910108F8B5054661
:106F40005448F2F72DFB041E7DD0E86B48B9A86CBD
:106F500005F0F4FE060077D001462A6C28469047DB
:106F6000EE634FF4B471204606F082F801202560EC
:106F7000C4F85401082104F5AC70F2F709FB464E41
:106F800022463221F7684548F4600CF021F9606030
:106F9000002865D0286981070AD529886A8811FBED
:106FA00002F1EA68D268914202D920F00200286119
:106FB000BDF80000072161F30200ADF80000BDF844
:106FC00000201F2060F3C70292B260F30C2290B23F
:106FD00061F34F30ADF8000080B20090BDF80000C2
:106FE0000090BDF800006085FF2084F829000CF0B7
:106FF000D3F850B30CF074F8A060002006F056FDF2
:107000002061002006F052FDE061002006F04EFDF8
:10701000234D20622A460021E06909F0F2FA2A464F
:107020000021206A09F0EDFA0221E06906F0AEFCC9
:107030000221206A06F0AAFC0021E06909F09DFD0A
:107040000021206A02E00AE008E00DE009F095FD69
:10705000206908F023FDF760B7B116E00020F8BD05
:10706000204605F0F7FEF9E700200AF03DF8054656
:1070700005200AF039F801460A48009001232A4603
:1070800020460CF037F8B7E7F46060680CF079F947
:107090002046F8BD78380120A0030020158F000895
:1070A000FFFF0F003C12030810B50C4618B900F0A2
:1070B00013F8002809D0D0F854110CB1012201E0D6
:1070C0004FF0FF321144C0F8541110BDC2680021C6
:1070D0001161C068416170470148C0687047000095
:1070E000A003002010B90548C06820B100680069FD
:1070F000C0F3C9107047822070470000A003002031
:107100000068C0687047000018B90948C0680028C6
:1071100009D00068017CC1F30111012904D00329C1
:1071200002D0B0F900007047B0F9020070470000CB
:10713000A003002010B518B9FFF7CEFF002800D03B
:10714000006A10BD10B518B9FFF7C6FF002800D0BF
:10715000C06910BD18B101460248F2F70EBA0148E5
:10716000F2F7F9B97838012010B518B9FFF7B4FF74
:10717000002800D0006910BD10B518B9FFF7ACFFAA
:10718000002800D0406910BD10B508B9FFF7A4FF72
:10719000806810BD18B90948C068002809D0006887
:1071A000017CC1F30111012904D0032902D0B0F9F7
:1071B00002007047B0F9000070470000A0030020F3
:1071C00010B518B9FFF788FF002804D0D0F8540193
:1071D000002801DD012010BD002010BD08B50021F0
:1071E0000B460A4600910AF0F9FA08BD7CB50E7B01
:1071F000DDE90654022E08D94E88002E05D0A5429E
:1072000003D0CDE900544469A0477CBD38B504469D
:10721000102105F02DFF01206080FF202073BDF8B4
:107220000010002060F3020189B260F3C70189B247
:1072300060F30C2189B260F34F31ADF8001088B2D1
:107240000090BDF800000090BDF80000208038BD1F
:107250002DE9F04F85B0824610B294468B460FFA66
:1072600082F9AAEB000EDDF838800FFA8EF2049254
:10727000ABEB000217B203920AEB000203F5B47104
:10728000119C58441E46029212B203B201908845E6
:107290007DD04FF4B4718E4202D9A6F5B476B6B261
:1072A000884503D9A8F5B4701FFA80F80F99ACEBA4
:1072B000010000B20090109818B101EBD17040109D
:1072C000401C05B25A21B6FBF1F0B8FBF1F1C0B297
:1072D000C9B2042800D10320042900D10321884227
:1072E0007ED146457CD868B3012854D0022878D096
:1072F00003287ED106F15A0000B20CF05DF9009926
:1073000010FB01F10AEBE130401B208030B20CF0A1
:1073100053F910FB09F10BEBE130401B608008F1E1
:107320005A0000B20CF048F910FB09F10AEBE13009
:107330002844A0800FFA88F00CF03EF9009910FB69
:1073400001F15AE130B20CF037F9009910FB01F16C
:107350000BEBE130401B60805A3630B20CF02CF958
:1073600010FB09F10AEBE1302844A0800FFA88F005
:107370000CF022F910FB09F10BEBE1302844E0801E
:1073800008F15A0000B20CF017F9009900E0E6E0AD
:1073900010FB01F129E030B20CF00EF910FB09F1FD
:1073A0000BEBE1302844E0805A3630B20CF004F99F
:1073B000009910FB01F10AEBE1302844A0800FFA9C
:1073C00088F00CF0F9F8009910FB01F10BEBE130BB
:1073D000401B608008F15A0000B20CF0EDF802E0AA
:1073E00036E009E005E010FB09F10AEBE130401B53
:1073F000208005B0BDE8F08F06F15A0000B20CF015
:10740000DBF810FB09F10AEBE130401B208030B2C1
:107410000CF0D2F8009910FB01F10BEBE13028449D
:10742000E0800FFA88F00CF0C7F810FB09F10BEBC5
:10743000E130401B608008F15A0000B20CF0BCF84B
:10744000009910FB01F10AEBE1302844A080D0E75D
:1074500030B1012837D0022861D003287ED099E0CE
:1074600001297CD108F15A0000B20CF0A5F810FBFC
:1074700009F10AEBE130401B20800FFA88F00290FE
:107480000CF09AF8074630B280460CF095F8874227
:1074900001DA029800E040460CF08EF8009910FBEB
:1074A00001F10BEBE130401B60805A3630B20CF03A
:1074B00083F810FB09F10AEBE1302844A080019821
:1074C0002844E08095E7022964D1AEEB05002080D6
:1074D0000FFA88F00CF070F810FB09F10BEBE130BB
:1074E000401B608006F15A0000B201900CF064F875
:1074F000074608F15A0000B280460CF05DF887425A
:1075000001DD019800E040460CF056F8009910FBB0
:1075100001F10AEBE1302844A08030B269E0032990
:1075200038D106F15A0000B20CF046F810FB09F110
:107530000AEBE130401B20800398401B608008F17B
:107540005A0000B20CF038F810FB09F10AEBE130F8
:107550002844A0800FFA88F0804601E019E019E085
:107560000CF02AF8009910FB01F730B206460CF037
:1075700023F8009910FB01F0874201DD404600E04E
:1075800030460CF019F8009910FB01F00BEBE030DD
:1075900096E729B1049820806780A280E38028E7DD
:1075A00008F15A0000B203900CF006F8074606F105
:1075B0005A0000B201900BF0FFFF874201DA0398F6
:1075C00000E001980BF0F8FF009910FB01F10AEBC5
:1075D000E130401B208030B20BF0EEFF10FB09F1D0
:1075E0000BEBE130401B608002982844A0800FFA2A
:1075F00088F00BF0E1FF10FB09F10BEBE1305FE7E6
:107600002DE9F0411D0017460E4604461AD0F07AC7
:1076100002281AD9D4F81CC0BCF1000F03D02046B0
:10762000E047012811D02B463A4631462046F4F770
:10763000D5FB012809D006A239462046BDE8F04115
:1076400010F0A3B802A23946F8E7BDE8F0810000C7
:107650004E6F0A646174610038B58469049D002C22
:1076600001D00095A04738BD38B50446182105F073
:10767000FFFC002211461046FFF794FA0090BDF877
:1076800000000090BDF800002081FF20E072401C47
:1076900060800120207538BD704700002DE9FF4F44
:1076A000B5B0887E429F1E4692460C4602287DD980
:1076B000206800287AD03598006A002876D02022E9
:1076C00022A8E9F732F920680390002E6ED03078B6
:1076D00000286BD03598514682682EA8F1F77DFAC4
:1076E000002863D0207FB0F1000B01D14FF0010BD7
:1076F000607F810707D4BAF80410BAF80000081AAE
:10770000401C03B20FE0B4F91210009141F6FF7271
:10771000CDE90120B4F91430314606A822680CF0F6
:107720000FF8BDF918300398B4F912100025B0F91C
:1077300008906A1E01EB09000B90BAF80000ADF842
:107740001000BAF80210ADF81210B4F91600069045
:10775000B4F918000144ADF8121007B3F8B9BAF93A
:10776000021000291BDAD7F808C0ACEB0100002892
:1077700001DCA1EB0C000B99C1F1000C4FF480610E
:1077800001EB4C01884200DD3A603868002806DBD6
:107790000546BDF81210B8880844ADF81200617FA4
:1077A0000020CDE90001B4F9142000E0A2E0701936
:1077B0002D930399F2F710FA00EB050829E0617F99
:1077C0000020CDE90001B4F9142006EB08002D9B40
:1077D0000399F2F701FA454600EB0508BDF81200DF
:1077E0000B99084400B2ADF812007FB110F5806F1C
:1077F0000CDB3868002809DA3D60BDF91210BAF9CF
:107800000200081A7860BAF90200B860705D0028BA
:1078100070D0BDF9121001EB090035998968B1F9F2
:1078200002108842CBDB5846CDF8C0B0BBF1020F46
:1078300002D0032816D029E0607F0090B4F91430FC
:10784000A8EB05017019039A0BF0D8FF07465046C4
:10785000FEF700F8C01BBDF8101000EBD07001EB74
:10786000600011E0607F0090B4F91430A8EB0501CE
:107870007019039A0BF0C2FF07465046FDF7EAFF66
:10788000BDF81010C01B0844ADF81000D4E9019BEE
:10789000D94502D94846D9468346A07F800717D0EC
:1078A0000FA800F02AFAA089ADF83C00039890F9DF
:1078B0000E0000B90120ADF83E00A07E8DF8440016
:1078C000A07F9DF84510C00860F301018DF84510B8
:1078D00000200E90FFF7C2F83390FFF7BFF8319009
:1078E00012A800F047FF208AADF84C00BDF9100047
:1078F00032906AE16DE100BFBDF8101006980027D4
:107900000844ADF81000701908972190A8EB050005
:107910002A90BAE00021A9F57F420991FF3A09D0E7
:10792000ABF57F41FF3905D0AB4A291830461268C4
:107930009047099008AB6A4601A92198F2F734F9FB
:10794000607FC0070AD00198232802D0012F13D0EE
:1079500004E047B1012F0AD0022F0BD0E06831902C
:10796000022F4ED04FE008980E90012047E00027EC
:10797000E06847E0002042E0202841D108990E98B5
:10798000081A072801D0A08937E00E9A21982BA960
:107990001044062210F8013B01F8013B521EF9D1B8
:1079A00000208DF8B2009DF8AD00FCF7A1FA074663
:1079B0009DF8AC00FCF79CFA07EB001007909DF8CF
:1079C000AF00FCF795FA07469DF8AE00FCF790FA79
:1079D00007EB001009909DF8B100FCF789FA074603
:1079E0009DF8B000FCF784FA07EB0010C2B20998CA
:1079F000C1B20798C0B2FFF7EEF8339002200746F5
:107A000043E033983190DDE90021039802F000FD56
:107A10002C904FF6FF70814522D0834520D00998E5
:107A200048451DD358451BD2BDF81010ADF82410A1
:107A3000BDF81200ADF82600A28A0A442C99491E0E
:107A40001144ADF828100B9909AA491E0844ADF855
:107A50002A0012A9359800F079FEE089ADF8C4003B
:107A6000BDF8C400ADF8940004AA22A9019B359882
:107A700000F031F92C98002807DDBDF81010A08A1D
:107A800001442C980844ADF810002A9908988142C6
:107A90003FF640AFA07F800723D53298ADF80000B5
:107AA000206802AB6A46B0F90810BDF93E0001EB50
:107AB000D171491000EBD07001EB6000BDF81210DD
:107AC0000844BDF81010ADF80810ADF80200ADF88C
:107AD0000A00BDF8C400ADF83C000FA9359800F0CD
:107AE000FFF8A07FC0071FD03298ADF800002068D3
:107AF000BDF8121002AB028940891144091A03989B
:107B00006A4690F90D00081ABDF81010ADF808107B
:107B1000ADF80200ADF80A00BDF8C400ADF83C00B5
:107B20000FA9359800F0DCF8617F0020CDE9000155
:107B300006EB0800B4F9142007462D9B0399F2F7D1
:107B40004BF8454600EB0508BAF80000ADF8100008
:107B50003098022802D0032816D029E0607F0090D8
:107B6000B4F91430A8EB05013846039A0BF046FE31
:107B700007465046FDF76EFEC01BBDF8101000EB27
:107B8000D07001EB600011E0607F0090B4F9143018
:107B9000A8EB05013846039A0BF030FE0746504625
:107BA000FDF758FEBDF81010C01B0844ADF81000DA
:107BB000BDF812100B980844359900B2ADF81200C8
:107BC0008968B1F90610884203DC705D00287FF4F3
:107BD00093AE39B0BDE8F08F2404002038B50446D8
:107BE000202105F045FAFF20A076FEF737FF009030
:107BF000BDF80000A0810B4820604FF6FF70606068
:107C0000A060FEF72BFF0090BDF80000E08105208A
:107C100009F06AFA0090BDF8000020820020E076AA
:107C200038BD00003C120308036C002B00D018473D
:107C30007047436C002B00D0184770472DE9F04186
:107C40000546C06B17460E46002824D0E86C05F0A8
:107C500075F8041E1FD0E96C05F00AFAF1F73EFF33
:107C6000296821626968E161A968A16100683A46F2
:107C70002146007CC0F3801084F824003068206026
:107C800070686060EB6B28469847050002D120467B
:107C900005F0E0F82846BDE8F08170B50C460546D1
:107CA00001F095FF206A2860E0696860A069A8601B
:107CB000F1F714FF006894F82420016962F386113B
:107CC0000161AA6C12B12146284690472046BDE8C2
:107CD000704005F0BFB830B4046AA44630BC6047B9
:107CE00030B44C88002C06D00C7A022C03D9446A9C
:107CF000A44630BC604730BC704738B504460A2102
:107D000005F0B6F901206080FF202072BDF8001058
:107D1000002060F3020189B260F3C70189B260F309
:107D20000C2189B260F34F31ADF8001088B2009099
:107D3000BDF800000090BDF80000208038BD0000B4
:107D400010B503460A4A002052F8304024B1401CC6
:107D5000C0B21028F8D301E0102802D34FF0FF3052
:107D600010BD42F8303002EBC002516010BD00007F
:107D7000443901202DE9FF4F81B08B460E9D1646F8
:107D80001C46B5F90A10B5F90C00571AB5F90820C8
:107D900005F11009ABEB020305F13C0AB4285DDAEA
:107DA000B5F90E20B42A7DDA00287BD0002A79D0DC
:107DB000904277DDB1425ADC696D79434FEAA12CDC
:107DC000A96A7F1C79438912A0F20F15582D01D89A
:107DD000002909DB451E592D01D8002904DB5B3839
:107DE000B32802D2002900DD0021A2F20F1058288A
:107DF00001D8002909DB501E592801D8002904DBCD
:107E00005B3AB32A02D2002900DD0021ACEB01006D
:107E100001EB60000125C71AA74200DD2746002FAD
:107E20000DDD3BB232465946CDF80090019800F086
:107E300091F9050003D13946019805F019F9A742D7
:107E400000DD2746002F00DA0027CDF800A05DE016
:107E5000B54276D1284605B0BDE8F08F68DDB5F9AA
:107E60000E20B42A64DD904262DDB14201DA0120C5
:107E7000F1E7696D79434FEAA12CA96A7F1C794328
:107E80008912A0F20F15582D01D8002909DB451ED3
:107E9000592D01D8002904DB5B38B32804D200290E
:107EA00002DD00E044E00021A2F20F10582801D8C2
:107EB000002909DB501E592801D8002904DB5B3A50
:107EC000B32A02D2002900DD0021ACEB010001EB56
:107ED00060000125C71AA74200DD2746002F0DDDEF
:107EE0003BB232465946CDF800A0019800F032F975
:107EF000050003D13946019805F0BAF8A74200DD24
:107F00002746002F00DA0027CDF800900BEB070082
:107F100001B20198E41B384423B20746324600F010
:107F200019F9060094D12146384605F0A1F88FE7EB
:107F30000127B846B42805D038B109DAB14209DCC6
:107F40000AE047E0B14210DC04E0B14202DC0CE0A0
:107F5000B14201DC032708E0234632465946CDF8FA
:107F60000090019800F0F6F80746B5F90E00B42825
:107F700006D060B1B5F90A000FDAB04204DC0EE0B9
:107F8000B5F90A00B04206DD4FF0030803E0B5F989
:107F90000A00B042F8DDBFB10EE0B042F4DD234686
:107FA00032465946CDF800A0019800F0D3F880463B
:107FB00057B1B8F1000F07D0032F02D0012F05D021
:107FC00008E0B8F1030F05D1002044E74046B8F1BE
:107FD000010FFAD002203EE72DE9F8430546884616
:107FE00040F26710411C089C1746002B01DA002361
:107FF00002E08B4200DB0346002C01DA002402E0A1
:108000008C4200DB04469C4203DAC3F5B470204482
:1080100003E0E01A002800DC181BA5F86800AB811B
:10802000EC81A5F808806F8115482860012028712F
:108030008B4200D9FEE7B42B01D2002000E00120E2
:10804000002C01DB8B4200DDFEE7B42C05D3A4F14C
:10805000B401B42901D2002600E0012600903A467E
:10806000414605F1100000F0CBF823463A46414660
:1080700005F13C00009600F0C3F8BDE8F88300006D
:10808000757D01082DE9F8431E461746884681464E
:1080900000250C4C0DE00090D0F800C033463A4665
:1080A00041464846E047002808D0022800D1012573
:1080B000083420680028EED115B10220BDE8F8830D
:1080C0000120FBE74439012010B50179022906D0CF
:1080D000052913D18068BDE8104004F0BBBE0446FA
:1080E000406900280AD00169002904DA406804F0D8
:1080F000B1FE6069EFE74169491E416110BD0000B2
:1081000070B5134D060008D05FF0000455F8341028
:10811000B9B10879022805D002E02868002800D00B
:10812000012070BD887CB1F91020C007304601F1F4
:10813000080102D0F0F7E9FD01E0F0F776FD002834
:10814000EED0641CE4B2102CE0D3002070BD00001F
:1081500044390120F8B5069CA58A266A521B658A17
:1081600012B2491B94F8285009B24FEAC57526B1DE
:10817000009485B3FCF7CEFBF8BD85B1207C810768
:1081800027D000F00301012923D0022901D1511C7D
:108190001FD4C043800728D1002A1ADC25E0227CA6
:1081A00002F00304022C14D0D543AD0711D0012CEA
:1081B00001D100290DDC920701EB030207D0002A50
:1081C00013DB49420FD50021002B0EDD0FE0002A02
:1081D00002DA0120F8BD10E04A4206D49A420ADAD7
:1081E000991A104405E0994201DB0020F2E7994218
:1081F00001DA04F03DFF0220ECE7FCF735FCE9E78B
:108200002DE9FC471C46DDF8288016460F468146BE
:10821000B42B01DDB43C24B204F15A0000B20BF0DF
:10822000CBF907EB601520460BF0C6F906EB6010A2
:1082300000B2CDE900082BB232463946484600F07C
:1082400003F8BDE8FC8700002DE9F0470F46DDE9A3
:1082500008699846154604462C2104F009FFB542EA
:1082600006D1B9F1030F03D16D1E761E2DB236B2C1
:10827000B54205DD4046B846074630462E4605461F
:1082800027816581A4F80C80E68184F810906782CC
:10829000A8EB07004B46A582002801DD014601E05E
:1082A000A7EB0801721B002A01DD154600E0AD1B9B
:1082B000A94294F8281002DD41F0010101E021F00B
:1082C000010184F828100025E561244E2660A5618F
:1082D0002571CE074FF480150DD020B195FBF0F637
:1082E0005643B612E66122B195FBF2F24243901278
:1082F000A061E0690CE022B195FBF2F64643B612AC
:10830000A66120B195FBF0F050438012E061A069B6
:108310002062980709D003F00300012808D0022842
:1083200013D0D843800714D006E021F0020001E00A
:1083300041F0020084F82800216A88106062002958
:1083400001DA40426062BDE8F087206A0028EFDC75
:10835000EBE7206A0028EBDDE7E700005581010824
:108360002DE9FE4F8046DDF830900E461C4699F808
:108370001200174600F0010AB9F91050684609F1D9
:108380000801FDF7F9F9BDF90200BAF1000F2FD08D
:10839000B84250DCBDF90600B8424CDBBDF9000024
:1083A0004119B14205DCBDF904203119521B91423B
:1083B00009DDBDF902104A19BA4240DCBDF90620B8
:1083C000521BBA423BDBBAF1000F18D0801B00D51C
:1083D0000020A04231DCBDF90410891B091A491C98
:1083E0004218A24200DD211A002926DB4044EFE0BA
:1083F000B84213DCBDF90600B8420FDBCEE7871B9D
:10840000A7420BDC002F03DB3946404604F030FE68
:10841000BDF90400851B6D1C002D02DC0020BDE8A9
:10842000FE8FA54204DA611B08EB050004F020FE74
:108430001FB9A54201D10120F1E70220EFE7BDF805
:108440000430821B181A401C0FFA80FCBDF806008D
:10845000401A401C03B2781A00B2A84202DA281A65
:10846000401E01E0591B401AD9F8141000B2022333
:10847000CF6803EB4003FB5A37F810609B1B1EB21A
:108480008B68496833F8103037F810004FF0000758
:1084900000EB010B02EB0C00401B18440FFA80F9B3
:1084A0005019C01A401E05B2BAF1000F22D06BE07D
:1084B000F11B01EB0B0010F8010C029009EB070017
:1084C0005FEA000A08D4A24506DA18F80A100298F2
:1084D0000BF0D8FD08F80A00B5EB070A08D4A2454E
:1084E00006DA18F80A1002980BF0CCFD08F80A001A
:1084F0007F1C3FB2B742DBDB09EB0700A04201DA89
:10850000014600E02146002901DA002002E0A042F5
:1085100000DB204600B2211A404404F0A9FDA81B4C
:10852000411CA14201DA0A4600E02246002A01DA93
:10853000002402E0A14200DA0C4621B2404647E0A6
:10854000F11B01EB0B0010F8010CC0F1FF000290D1
:1085500009EB07005FEA000A08D4A24506DA18F81A
:108560000A1002980BF08EFD08F80A00B5EB070A16
:1085700008D4A24506DA18F80A1002980BF082FD1A
:1085800008F80A007F1C3FB2B742D9DB681CA04242
:1085900001DA691C00E02146002901DA002504E027
:1085A000A04201DA6D1C00E025462AB2A9EB0200C8
:1085B000A11A884201DA034600E00B46002B01DADB
:1085C000002002E0884200DB084601B208EB02000E
:1085D00004F04EFD31E700002DE9F0411546064656
:1085E00088880A881C46801A401C02B2C8884B88BA
:1085F000C01A401C00B2824200DA1046B5EB600F90
:1086000000DD4510002D00DA002506F10800FDF719
:10861000B3F83582B47437483060022030710023DB
:10862000C5B1354800214FF47A7200BFC1EBC104D7
:1086300000EB8404B4F91840AC421BD1C1EBC1017A
:1086400000EB81004169491C41610169102D04DA88
:10865000012303E07361BDE8F0812B110B449342C9
:1086600005DA102D01DA012200E02A110A44026124
:108670007061F0E7491C0229D8D300244FEA0401B5
:10868000C1EBC10700EB8707D7F814C0BCF1000F9E
:1086900007D12CB1D7F810C0D4F810E0F44500DAB7
:1086A0003C46491C0229EBD33CB16069401CC4E93B
:1086B0000430102D0CDA01200BE01C2004F03EFBEE
:1086C00004461C2104F0D4FC4FF0FF3020610AE086
:1086D00028111844904205DA102D01DA012000E03B
:1086E00028111A182261204629467461BDE8F0411C
:1086F000F2F7C2BD618301080C390120F0B50025F5
:10870000094E07462C4600BF06EBC4004068B8423D
:1087100004D156F83450204600F008F8641CE4B246
:10872000102CF1D32846F0BD443901200021421C11
:1087300008D0054A002352F8301042F8303002EBDE
:10874000C0004360084670474439012030B4D388E4
:1087500054881B1B5B1C1BB2012B09DB93881488FC
:108760001B1B5B1C1BB2012B02DB036930BC1847CF
:1087700030BC704738B50446382104F079FCFEF768
:1087800065FB0090BDF8000024F8040FFEF75EFBC7
:108790000090BDF800006080FEF76AF90090BDF817
:1087A0000000E080FF2525720220A072FEF760F92C
:1087B0000090BDF800006083FEF75AF90090BDF804
:1087C000000020850748206104F8015CA57584F845
:1087D0002650A57784F83250E07F20F03E001E300E
:1087E000E07738BD3C1203082DE9F04FCBB083464B
:1087F000DDE95465087B984614460F4602287DD96A
:10880000B7F90200002879D0AE4277D01AB281467B
:108810009246404500DD914601A8FFF7ABFF787B0B
:1088200000F003008DF80600B86840B100208DF814
:108830000700B8680590387B8DF81E0005E0387B8E
:108840008DF807003888ADF808002188A8F10103E9
:10885000A1EB0802ADF840206188A1EB0801ADF85A
:10886000421020881844ADF84400B4F802C0ADF8B6
:10887000D4006344ADF84630ADF8D020ADF8D21046
:10888000ADF8D630B7F802C06244ADF8D020B7F8E2
:1088900002C0614409B2ADF8D210B7F802C0A0EB33
:1088A0000C00ADF8D400B7F802C0801AA3EB0C039B
:1088B0004FF0FF3C1BB2CDF80CC1401CADF8D630D8
:1088C0004FF0000C00B2CDF810C1002812DD581A8C
:1088D000401C00B200280DDD012347F6FF7234A9C9
:1088E00037A8FFF779FE01204490002137A8FFF751
:1088F00027FA4390002347F6FF7200E02DE010A90D
:108900003DA8FFF769FE00213DA8FFF719FA459041
:1089100006F5B470A84205D005F5B4714FF4B470F3
:108920008E4220D147F6FF70ADF8040010AA01A9CD
:108930005846FFF70BFF4598FFF7F8FE4398401C99
:1089400002D04398FFF7F2FE3DA8FFF7BDFB449825
:10895000002802D037A8FFF7B7FB4BB0BDE8F08F77
:10896000A6F5B476B6B28642FAD202E0A5F5B475A1
:10897000ADB28542FAD228B249900090B4F90220F3
:10898000B4F9001033B219A84A93FFF725FB002170
:1089900019A8FFF7D5F94690B54203D9A81BC0F531
:1089A000B47000E0701BDBF8081000913C282ADD51
:1089B000B8F10A0F27D95A20B6FBF0F1B5FBF0F059
:1089C00000F00300ADF8540001A8ADF84CA0ADF8DC
:1089D000505001F0030116901294ADF84E60ADF8BE
:1089E0005210ADF8569010A8CDE9170B12A8F7F762
:1089F00041FA12A8F7F706FB12A8F7F7D2FB12A864
:108A0000F7F7BDFC04E010AA01A95846FFF79EFE47
:108A100019A8FFF759FB3DA8FFF756FB449810B182
:108A200037A8FFF751FB4698FFF780FE4598FFF700
:108A30007DFE4398401C02D04398FFF777FE787B79
:108A400040078AD509F0FF0212AB51464A98FAF75F
:108A500068FFBDF84800218812AA0844ADF8480014
:108A6000BDF84C0021880844ADF84C00BDF84A0020
:108A700061880844ADF84A00BDF84E00618808449A
:108A8000ADF84E0015A80099F0F7A7F815AEC0B1E3
:108A9000002347F6FF7212A943A8FFF79DFD0021AE
:108AA00043A8FFF74DF90546584610AA01A9CBF88F
:108AB0000860FFF74BFE2846FFF738FE43A8FFF794
:108AC00003FB09F0FF0212AB51464998FAF729FF60
:108AD000BDF84800218812AA0844ADF84800BDF846
:108AE0004C0021880844ADF84C00BDF84A0061886C
:108AF0000844ADF84A00BDF84E0061880844ADF85E
:108B00004E0015A80099F0F768F8C0B1002347F6A9
:108B1000FF7212A943A8FFF75FFD002143A8FFF7EA
:108B20000FF90446584610AA01A9CBF80860FFF7D0
:108B30000DFE2046FFF7FAFD43A8FFF7C5FA00989F
:108B4000CBF8080009E770B514460D460646F3F762
:108B5000D1FA224629463046BDE87040F3F79FBC63
:108B60007CB50446087E0D4602280ED9A2686846E8
:108B70002968F0F732F8002807D0616B09B1204668
:108B80008847626D2946204690477CBD2DE9F04F0D
:108B9000CD6889B00C46074615B1207C00287DD0F1
:108BA000207C012800D10025786881880088081A77
:108BB000401C00B20790BA6805A82168F0F70DF8CC
:108BC00000286BD0F0F78AFF83460068D7F8009042
:108BD000C16941BB017C490610D47968BDF91420F4
:108BE000B1F90030B1F90210D21ABDF916305B1A92
:108BF000079901FB032209EB420113E07A68BDF9F2
:108C00001630B2F90260B2F900209B1B079E734335
:108C100003EB430303EB0901BDF914309A1A02EB8D
:108C2000420211448946D4F804A05FEA0A0114D034
:108C300021688B88B1F90020B1F902109B1A5B1CE6
:108C40000FFA83F8BDF914309A1ABDF91630591A83
:108C500008FB01220AEB420A01E04FF000083DB395
:108C6000007C00070FD46069FCF7E0FD014600209E
:108C700007E02A5C802A01D9FF2200E000222A5462
:108C8000401C8842F5DB60698288B0F90010521AF6
:108C9000521C16B2BDF91420511A00E026E0BDF9AD
:108CA0001620B0F902002944101A06FB001500E056
:108CB000002678684188008849420AB2404201B2E1
:108CC00005A8FCF7ECFDDBF80000C069D0B16068D6
:108CD0000028207E0DD001A9CDF8008081E8610038
:108CE000534605A94846079A0BF04CF909B0BDE870
:108CF000F08F8DE86100A36805A94846079AF9F747
:108D000033FDF3E7607E80B161680029217E25D0C4
:108D1000CDF80080CDE90360CDE90115534605A9E2
:108D20004846079A0AF0EEFEE0E760680028207ED9
:108D30000BD001A9CDF8008081E86100534605A958
:108D40004846079A0AF09CFFD0E78DE86100A368C7
:108D500005A94846079AF9F751FBC7E7CDE9026034
:108D6000CDE90015A36805A94846079AF9F7A0FAC6
:108D7000BCE72DE9F047B3F90240DDE908091D46DB
:108D8000904614FB08F301EB4303B5F900100A9A6F
:108D900003EB4106B2F90230B2F9002003FB09F3FC
:108DA00000EB430000EB4207A888401A401C00B2C9
:108DB0004FEA400A0AE052463946304604F086F847
:108DC000641C06EB480607EB490724B2B5F9060018
:108DD000A042F0DABDE8F0872DE9FF4FA1B00D46C3
:108DE000824681681446DDF8B89019A8FCF7FAFCB1
:108DF00019A8FFF785F91790288818B96888B0F581
:108E0000807F01D0012100E0002116911C2108A8DB
:108E100004F02EF9E87A8DF83800287B4FF0000630
:108E200000F00F008DF8390006A80890DDE9161053
:108E300008432CD1B9F1040F06D0B9F10E0F0AD0B6
:108E4000B9F1140F21D022E0A87A00BB249808A918
:108E5000CDE9084013E021466846DAF80820EFF72C
:108E6000BCFE00280ED0249809960D940B902889FA
:108E7000ADF8280002208DF8300008946EE05046CE
:108E8000FFF76EFE25B0BDE8F08FA87AF0B3DAF8F0
:108E900008000288ADF818208088ADF81C00DAF8C8
:108EA0000810801A401C4988ADF81A10DAF808300A
:108EB0000FFA80FBDB88ADF81E30A6882788591A88
:108EC000F61B761C36B21096E6886788491CF61B9E
:108ED000761C36B20FB21196F0F700FEFEF714F9C9
:108EE000804606A8FCF7A2FC5E46404501D9B8FBC7
:108EF000FBF77E43700003F04FFF1290304603F003
:108F00004BFF14900B9006A80D9000E011E002209A
:108F10008DF83000129809907F1EBDF81A00BDF937
:108F20001E8038441897ADF81E00B9F1040F1DD10A
:108F300016E0A08821886288401A401C01B2E088AF
:108F4000801A249A401C00B2490001FB0020CDE9A0
:108F500008420B9002200D948DF8300008A98EE78E
:108F6000288818B96888B0F5807F01D0022000E019
:108F700001208DF83000CAE006A91BA8FCF732FCDE
:108F80006088404202B22088404201B21BA8FCF730
:108F900086FC16981299002814980ED0CDE904107A
:108FA000CDE90259DDE91010CDE900011BA95046B9
:108FB000109B249A00F0F0FD0BE0CDE90310CDE901
:108FC00001591098DDE9102300901BA82499F2F7AD
:108FD00084FBA87A022865D92A8992B2C2F3C40711
:108FE00017FB00F767F30F015707BF0E07EB523768
:108FF00017FB00F767F31F418E46C2F3042111FBF4
:1090000000F161F30F03C0F1FF010022059347E077
:10901000129800EB420002900088ADF80400BDF801
:1090200004301FFA8EF0C3F3C40717FB010000EBF6
:10903000C01707EBC030C0F3C457BDF878004FEA43
:109040001E4C67F3C7005F07BF0E07EB533717FBD4
:1090500001C707EBC71C0CEBC73C4FEA9C6C6CF3D9
:10906000020007EBC71C0CEBC737C7F3C25767F307
:109070004F30059FC3F30423BFB213FB017303EB0F
:10908000C31707EBC333C3F3C45363F30C20ADF82A
:10909000780080B201900298BDF80430521C038021
:1090A000B242B5D3179800B314980090BDF91A7066
:1090B00017E000BFBDF918105B463A460098FEF76E
:1090C000E1FF10B1022804D006E05946009803F0F1
:1090D000CFFF02208DF8300000987F1C58443FB22B
:1090E0000090BDF91E00B842E4DA08A95046FFF727
:1090F00037FDBDF81E001899401CADF81A00084451
:1091000001B2ADF81E10414501DDADF81E80BDF97C
:109110001A1041457FF730AF149803F089FE12987A
:1091200003F086FEAEE6000010B50C46582120463E
:1091300003F09EFF104860611048206110482063D2
:10914000104820621048A061104860621048A06278
:109150001048E062104860631048A0631048E06364
:1091600010482064104860641048A064104860658E
:109170002C20E06410BD0000E9870108BD980108BB
:10918000478B010883930108D98D01089994010840
:109190003D960108F5980108979B0108738D010819
:1091A00087920108B5910108019201087D93010899
:1091B0008D8B01082DE9F04117460C460646F0F765
:1091C0008DFC0546F807A06A20F000410BD06069CD
:1091D00003F04EFFA06A40F00041A16228680169D7
:1091E00041F0400104E0A1622868016921F04001DA
:1091F000016160690834C6E90004B460BDE8F0812B
:10920000FEB505460068029000980C4620F0E0008C
:1092100000906868164681880088081A0099401CEA
:1092200060F3942100916868C1884088081A009909
:10923000401C60F35F510091A06A002801DA05210B
:1092400000E00421009861F304000090206A286087
:10925000E0696860A069A860F0F740FC006894F8D5
:1092600024206B46016962F38611016104F1080252
:1092700031462846FEF7C4F9284600F0A8FC6846A7
:1092800001F07AFCFEBD70B5064615460C46D007C7
:1092900001D0002070BDA80743D5A06A00F00040AF
:1092A00000F58050A0622046FCF7C0FAA16A400099
:1092B00021F00042824202D960F31E01A162A06A3D
:1092C00020F0004003F03AFD2146606168B9A06AD1
:1092D00000F0004000F58060A06220F0004003F044
:1092E0002DFD214660610028D4D00846D0E9001247
:1092F0008160E2606188E181A1892089081A401CAF
:10930000A16A00B221F0004100EB400291FBF2F1B2
:109310002182A16A21F0004191FBF0F041106182AD
:109320002AE00846D0E900128160E260FCF77EFA8C
:109330004100A06A61F31E00A06220F0004003F02B
:10934000FDFC6061A16A21F0004103F091FEA06A7A
:1093500005F0010565F3DF70A0626069002899D00F
:10936000306004F108007060B060F0F7B7FB00688F
:10937000016965F386110161204670BD486903F0FB
:1093800069BDF0B51C46074697B015460E460868FD
:109390000023224601A900F094FFF0B3BDF80C2091
:1093A000002A3FD0BDF80A1000293BD02888BDF81C
:1093B0000E30184400B2ADF84C0033686D88B3F835
:1093C00008C05B89ACEB03032B44BDF810509B1A1B
:1093D0005B1B1BB2ADF84E304518B968B1F900C03F
:1093E00065451FDBB1F90450A8421BDC9818B1F9A0
:1093F0000220904216DBB1F90600834212DC2146BE
:10940000019800F05AFF00280CD00199097B8907C8
:1094100008D101AB13AA314600E005E000903846C0
:10942000F4F7CCFF17B0F0BD202CFBD3A4F57840A7
:10943000FF38F7D0A4F500500C38F3D02888BDF8D9
:109440000E10BDF81020084401B26888104402B222
:10945000BDF80C00104400B20090BDF80A000844AA
:1094600003B214A8FCF728FA05A8FFF783F9022035
:109470008DF817008DF83E008DF84A008DF82E000B
:10948000B089ADF832000120ADF834003B6914AA70
:1094900005A938469847C5E72DE9F0470E46B1F9CA
:1094A000021096B01C461546814600297ED0307ABF
:1094B00002287BD9B5F90000B4F90020904205D10B
:1094C000B5F90230B4F90270BB426FD0904200DBB4
:1094D000104601EBD171A0EB6100ADF84400B5F985
:1094E0000010B4F90000B6F90220814200DD084600
:1094F00002EBD27100EB6100ADF84800B5F9021043
:10950000B4F90200B6F90220814200DA084602EB03
:10951000D271A0EB6100ADF84600B5F90210B4F9C4
:109520000200B6F90220814200DD084602EBD2714A
:1095300000EB6100ADF84A0011A90846D9F80820EF
:10954000EFF74BFB002875D011A9D9F808A0C9F88E
:109550000810B5F90200B4F90210884206D123467A
:109560002A4631464846F5F789F80EE0B5F900007D
:10957000B4F90010234688422A463146484602D1B3
:10958000F5F7E4FA01E0F5F733F9707A010701D451
:1095900040074DD502A8FFF7EDF83088ADF80C0074
:1095A00047F6FF70ADF80800307A00E042E08DF831
:1095B0000B00B6F90200471040F3000000F101086B
:1095C000707A400718D528886A46C01BADF800009D
:1095D0006888C01BADF802002888C119A1EB0800FB
:1095E000ADF804006888C119A1EB0800ADF80600C9
:1095F00002A94846FFF7AAF8707A000718D5208814
:109600006A46C01BADF800006088C01BADF80200C0
:109610002088C119A1EB0800ADF804006088C119C9
:10962000A1EB0800ADF8060002A94846FFF78EF846
:10963000C9F808A016B0BDE8F08700002DE9FF4F7B
:109640008BB01E461746032B7ED3002F7CD0B00074
:1096500003F0A2FB05007BD0002438682860204678
:10966000721E15E007EB800137F92030B1F904C014
:10967000634505D1B1F90230B1F906C0634505D0A3
:1096800005EB84030968641C1960A4B2401C80B215
:109690009042E7DB07EB8600B7F9001030F9042CA5
:1096A000914205D1B7F9021030F9022C914206D04F
:1096B00005EB840150F8040C641C0860A4B2032C70
:1096C00043D37D49D1E90001CDE90201002027E023
:1096D000BDF9082035F920108A4200DA1146ADF8AC
:1096E000081005EB8002BDF90A10B2F90230994268
:1096F00000DB1946ADF80A10BDF90C3035F9201021
:109700008B4200DD1946ADF80C10BDF90E30B2F9F0
:1097100002108B4200DD1946401CADF80E1080B2DD
:10972000A042D5D30B9802A9826805A8EFF755FA95
:1097300058B10B9805A90026806809900B988160A4
:10974000B5F90210012011E002E0284603F070FB99
:109750000FB0BDE8F08F00BF05EB8002B2F9022028
:109760008A4201DA114606B2401C80B2A042F3D30D
:109770002C2104FB01F003F00FFB8346B24604905A
:10978000D1464FF00008701E00D52044621E09F13A
:1097900001010892914200DD002135F8262035F8BC
:1097A000203035F8217005EB80009B1ABF1A4288E3
:1097B00005EB860005EB810140884988121A081ADA
:1097C0000021079112FB07F110FB03F0814267DAD9
:1097D0000120079001E00798F0B308980AF101060C
:1097E000864200DD0026B9F1010700D5274405EBCC
:1097F000860005EB8A01B0F90200B1F9022090421F
:1098000016DB12D035F9263035F92A108B420CD0F0
:109810004FF0010CCDE9000C5846FEF715FD5846F7
:109820000499FEF78DFA0BF12C0B08F10108B246F2
:10983000A04523D005EB870005EB8901B0F90200B4
:10984000B1F90220904217DB13D035F9273035F9F2
:1098500029108B420DD000E022E00026CDE9000661
:109860005846FEF7F1FC58460499FEF769FA0BF1E9
:109870002C0B08F10108B946A045ACD3DDE90B017A
:1098800002AAFEF763FF0498FEF738FF049803F07E
:10989000CFFA284603F0CCFA0B990998886057E76D
:1098A000BAF1010600D52644089809F1010787425C
:1098B0009DDD00279BE700002C62030870B514466D
:1098C0000D460646F7F78AFB224629463046F2F750
:1098D00011FC224629463046F2F7E1FD2246294690
:1098E0003046F2F7CEFE224629463046BDE87040AB
:1098F000F6F706BA2DE9FF4FA1B00D46309FDDF80F
:10990000CCB04FF48031B7F900004FF00A09404263
:109910001A907888B1FBF0F01A99199091FBF9F43C
:1099200078681D90604200EB800001EB400604F176
:10993000010820B209F040FE05900FFA88F009F006
:109940003BFE82465A3420B209F036FE044608F146
:109950005A0000B209F030FE02460598C6F10A012D
:1099600001FB00F30AFB063393FBF9F0614302FBB2
:109970000611179091FBF9F0189017984011179065
:10998000189840111890BDF9740000021B90BDF9A1
:10999000760000021C90A8882988401A401C04B256
:1099A000E8886988401A401C0FFA80FA002648E0CF
:1099B0000CA80090B5F90200B5F9001082190BABA4
:1099C00013A80FF0B8FA0EA80090B5F90200B5F987
:1099D000041082190DAB13A80FF0ADFA0B9B0D9874
:1099E0000E99A0EB03080C980022A1EB000C114685
:1099F000012C08DD4FEA0822611E92FBF1F24FEACA
:109A00000C2C9CFBF1F103F180093B7D8030DB07DE
:109A10001CD0DDE9318CCDF80090CDE9010203AB1B
:109A200083E81210CDE906B8DDE92301DDE92E2334
:109A3000F0F7BAFB3298761C00EB4400A34436B230
:109A400032905645B4DB25B0BDE8F08F319B042B36
:109A500054D0052B13D0062B50D0142BEAD1239BC6
:109A60001E93249B12932E9B079305912F9B329953
:109A7000864609920020CDF88090109188E0239BC3
:109A80001293249B1093DDE92E3C0491CE4632992B
:109A90008146E0460192002009912CE0049A019948
:109AA000424341430EEB212109EB222209124FEAE6
:109AB000222207D4DDF840C0614503DA002A01DB29
:109AC0009A4203DB00210BF8001012E002FB0811A0
:109AD000DDF848C001EB410161440A7891F801C00A
:109AE00002EB0C22DDF824C02CF810208A780BF849
:109AF0000020401C00B2A042D0DB9BE7DDF8C8C0CC
:109B0000CDF80090CDE901020DF10C0888E81210A3
:109B1000CDE906B3DDE92301DDE92E230BF02DFFAE
:109B200088E70999209A414302EB2121059A424393
:109B30000EEB222209124FEA222209D4DDF848C096
:109B4000614505DA002A03DBDDF81CC0624501DB54
:109B5000002219E002FB0319DDF87880DDF840C02F
:109B600008EB49080CEB4009B8F80080A9F8008020
:109B7000DDF81C8003FB08FCDDF8788008EB4C0C5A
:109B8000614402FB03110A780BF80020401C00B26C
:109B9000A042C6DB4EE770472DE9F04387B0894607
:109BA000DDE91251DDE91076DDE90E8C70B1C46A91
:109BB000002C08D0CDF80080CDE904510396CDE902
:109BC00001C74946A04707B0BDE8F083FEE7416BF7
:109BD000002900D00847704710B50446012103F062
:109BE0000FFF4FF6FF7060870121606A03F0E8FA0B
:109BF00020460022BDE81040202100F0F5BA000008
:109C000070B500200C46486216A1C4E90B10A06292
:109C100094F83C1041F0300184F83C10E086208735
:109C20004FF6FF716187A08694F83C004FF4806185
:109C300020F00F00083084F83C00204603F0C0FA02
:109C400009A1204600F041FA204604F0D7FB014666
:109C50000C4803F0EDFD054603F05EFE65626C62A4
:109C600070BD0000EF81B8004F7074696F6E2031D5
:109C70000A4F7074696F6E20320A4F7074696F6E8C
:109C800020330000DC5F030870B5486A0C460025ED
:109C900010B103F017FF656294F83C00C00603D4CE
:109CA000206B03F0D7F8256370BD000070B50E4639
:109CB0003F4804F077FA012843D1304600F054FAC7
:109CC0000546304600F08EFA04460E2D14D00F2DB6
:109CD00021D0102D1FD0082D21D02A2D23D0292DA1
:109CE00021D02C2D23D00D2D2CD0152D29D130464F
:109CF000BDE87040F5F7E0B904F036FB00F0ACFECB
:109D0000054601F0CFFE01F00EFF042819D17DBBFE
:109D1000218F2046E186BDE87040FFF75DBFBDE8BA
:109D20007040F0F734BDBDE8704006F07BBB3046B4
:109D300000F056FA05460021204605F095FA008904
:109D4000688070BD304600F04BFA0078132810D0C0
:109D500012280ED0142817D0112815D01B28D7D0C0
:109D60000A28EED101F0AEFEA042EAD02046D6E7A6
:109D700019E0204600F04EF8A8B1E08EA18E401CFC
:109D80008842DED2214608E0204600F043F850B178
:109D9000E08E0028D5D02146401EE086BDE8704008
:109DA00008460AF0C8BA2046BDE8704000F08EB8F8
:109DB000C05F03082DE9F04104460025006B904682
:109DC0000E462F4620B1E6F701FD0246002008E0CE
:109DD0000F70BDE8F081216B095C0A2900D16D1C70
:109DE000401C904202D2218FA942F4D10021A8F157
:109DF000010507E0B8F1000F01D0A94208D2735461
:109E0000401C491C904203D2236B1B5C0A2BF1D1EE
:109E10007754DEE710B5406A012105F080FB80F041
:109E2000010010BDF8B50F46084600F09DF9054643
:109E3000182805D03946244804F0B4F901283AD14D
:109E4000384600F0CFF9446A0646082D0ED0012DA1
:109E500017D0092D30D0182D2DD13846F4F725FF15
:109E60003946BDE8F840184804F09CB901F01AFEE4
:109E700001F04DFE00281ED13046BDE8F840FAF74B
:109E8000E0BE01F00FFE050015D001F04CFE0128E8
:109E900004D0284601F047FE03280CD16946284625
:109EA00001F016FEBDF902102046F9F7AFFA6087FF
:109EB000304605F0F3FDF8BD4FF6FF706087304681
:109EC000BDE8F84005F0EABDDC5F03082DE9F84382
:109ED0000446012103F0B8F9204604F08FFA014648
:109EE000606A06F0D4FD4FF0FF31606A05F03CFF78
:109EF0000121606A03F04AFD00221F21204600F084
:109F000073F92046F9F766FB8046216B02F0E1FD0C
:109F100042F2D171606A07F024F8404607F098F8E1
:109F2000606A05F0CFFA0546204605F0CBFA854277
:109F30000EDC94F83C0000F00F00042801D0082843
:109F400006D1204605F0BEFA0146606A07F009F81E
:109F5000404604F00EFA07460021606A04F04AFF0A
:109F600005460021606A05F0D7F846190021112244
:109F7000606A05F0EFF82844B919084407B294F86C
:109F80003C003D4600F00F06082E02D0042E1ED0E5
:109F900034E0FDF7A1F8FDF7FDF8B4F91A102944F3
:109FA00088422BDAFDF798F8FDF7F4F8B4F91A10A7
:109FB000411AB4F91600814201DA042605E0FDF7E2
:109FC0008BF8FDF7E7F8618B401A401E15E0B4F9F5
:109FD0001600401B12D5FDF77FF8FDF7DBF8B4F94A
:109FE0001A10B4F91650411AA94207DD0826FDF7E8
:109FF00073F8FDF7CFF8618B401A05B2BD4200DD62
:10A000003D462946606A06F018FD20460AF093F99D
:10A010000020082E06D0042E09D0012E0CD0022ECE
:10A020000FD015E0009000230D22606A0DE0009033
:10A0300000230A22606A08E0009000231022606A70
:10A0400003E000900023606A1322214603F068F9C0
:10A05000606A06F0FDFF94F83C0000F00F00012854
:10A0600001D0022818D1606A05F032FA0646606A0B
:10A0700005F04AFA0546FDF72FF8FDF78BF8A842E0
:10A080000ADCFDF729F8FDF785F8281A301A401E7A
:10A0900001B2606A06F091FF00214046226B03F096
:10A0A000ADFB022808D04FF0000303281A4601D068
:10A0B000012104E0032102E000231A46022101B03D
:10A0C0004046BDE8F04303F01DB970B50E000446EC
:10A0D00003D00025A586294606E0FEE70A2802D11E
:10A0E000A08E401CA086491C705C0028F6D1A08E72
:10A0F000401CA086E586258794F83C00C00604D461
:10A10000206B10B102F0A6FE256394F83C0040F0ED
:10A11000100184F83C102046266305F0BFFC606AFD
:10A12000002803D0BDE8704005F0B8BC70BD10B584
:10A130000C464FF48061204603F028FC04212046A1
:10A1400003F024FC4FF40031204603F039F80121DC
:10A15000204603F035F82046BDE8104001F0CCBDA4
:10A16000486A002141627047007A20F08000704701
:10A1700040687047017A15290BD0142909D0162997
:10A1800007D0182905D0172903D0192901D000209C
:10A19000704700697047017A01291FD002291DD03C
:10A1A00003291BD0042919D0052917D0062915D059
:10A1B000072913D0082911D009290FD00A290DD059
:10A1C0000B290BD00C2909D00D2907D00E2905D059
:10A1D0000F2903D0102901D0002070470069704773
:10A1E000006970470068704710B588B0C0B1009032
:10A1F00001908DF808100020CDE903029DF81800A9
:10A20000084C20F007008DF8180060680590C4F82D
:10A2100004D06846F7F7BCFF0599616008B010BD2F
:10A220000120FBE710030020027A132A06D10069FF
:10A23000B0F900208A4200DD11460180704710B558
:10A2400000F004F8BDE8104000F068BB10B5002134
:10A250000C4802F059FC0C4C2080002007F0B4FFA1
:10A260006080042007F0B0FFA080042007F0ACFF5E
:10A27000E080042007F0A8FF2081042007F0A4FF5D
:10A28000608110BD8D2A01084603002010B5092900
:10A2900000D120210469F9F729F8002806D0616867
:10A2A00001EBC000618A890B01D0002010BD00685D
:10A2B0002168C0F31300084410BD08B1426810477C
:10A2C000FEE72DE9F0479A4690460C46070011D06C
:10A2D0008CB100260546B1462660D5F800C053462D
:10A2E000424621462846E04740B1A07BC00603D441
:10A2F00025600EE0FEE7FEE706B92E466D69002DEB
:10A30000EBD14EB135685346424621463046A84708
:10A3100026600120BDE8F087B8F1200F20D3A8F512
:10A320007841FF391CD0A8F500510C3918D0B7F985
:10A33000080000EBD0704008E080801CA080C4F8CA
:10A34000009039892181A4F80A90A4F80C90A07B90
:10A3500020F00F00401C40F01000A0730020D9E74F
:10A360004846A4F80690E9E72DE9F0479A460C46DE
:10A370008146092A47D000261146D9F81050F8F72F
:10A38000B5FF071E3DD0E8684FF0000850B15146B8
:10A390004846F8F7ABFF020004D039464846F9F7C3
:10A3A00081F880466868298A00EBC70001FB08F144
:10A3B0000A110168090D002E02D000BF4FEA4101C9
:10A3C000114401F108014FEA1111A1804179218165
:10A3D0000179E18090F90620628190F90700A0815F
:10A3E000688A4FEA5022A07B62F3030020F010003D
:10A3F000A07304D04FF6FF7000EA4100E0804FF0F8
:10A400000100BDE8F0874FF001064FF02002B3E7EE
:10A410001FB540B113460A466946FFF752FFBDF823
:10A42000040004B010BDFEE770B504464068B0B14A
:10A43000C268B2B12168904705466068408840B163
:10A44000A06830B1C06808B102F004FDA06802F055
:10A4500001FD002020606060A060284670BD0B20D8
:10A4600070BD092070BD000010B504460748EFF725
:10A4700072F808E008680078A04201D1086810BDB1
:10A480000248EFF77AF80100F4D110BD90380120AE
:10A4900010B50446E6F79AF940B1215C2E2907D0A1
:10A4A0002F2903D05C2901D0401EF6D102A010BD97
:10A4B0002044401C10BD00000000000010F8011FE7
:10A4C0003A2900D1401C70472DE9F04117460E0093
:10A4D00005462AD03078FFF7C7FF040027D061680F
:10A4E00009B1884728B3A06828B33046FFF7E6FFD4
:10A4F0000146A3683A4620469847F0B1411C1CD05B
:10A50000C5E90004608868B1102002F017FC102132
:10A51000A86002F0ADFDA9684FF0FF300860A9689F
:10A52000400048600020BDE8F0810B20FBE70320DD
:10A53000F9E70120F7E70920F5E70C20F3E77CB500
:10A540001C004FF0000500D02560436853B11B6923
:10A5500053B1019545686B88002B01AB06D000F024
:10A5600012F80BE00B207CBD09207CBD0093006835
:10A5700013460A4601462E692846B047002CF4D0FF
:10A58000019921607CBD2DE9FC5F05468068144679
:10A590008B4690E84600D0F80C8068680027994602
:10A5A000B0F802A0B14247D8964245D2701A80B2A4
:10A5B000AAEB0001961BB14200D20E46B44208EB52
:10A5C000000106D82246584602F080FCC9F8004037
:10A5D00061E03246584602F079FC0020019001A863
:10A5E0005445009008D9D5E90010A31B07690BEB6F
:10A5F0000602B847074617E0D5E900105346076939
:10A600004246B8470746A86842680260A9680198B0
:10A6100002444A60A11B814200D2084682B20BEB81
:10A620000600414602F052FC01983044A04200D29C
:10A630000446C9F800402DE0544508D9CDF80090F3
:10A640000669296823465A46B047074622E0B8F112
:10A65000000F05D1504602F071FBA9688046C86022
:10A660000020019001A80090D5E900105346076929
:10A670004246B8470746A8680660019AA868B1181C
:10A680009442416000D2224641465846C9F8002013
:10A6900002F01CFC2FB9A868D9F800108268114498
:10A6A00081603846BDE8FC9FF8B545680446E5B1D1
:10A6B000AE69E6B16B880020C3B3D2B1012A21D0C4
:10A6C000022A11D1134620680A4601462846B0479F
:10A6D000002809D1D4E900106A46C36998470028C8
:10A6E00002D1A26800999160F8BD0B20F8BD092045
:10A6F000F8BDA2689160A3680A461D68A9420CD300
:10A70000596808E0A3689A680A449A60A1680B68CF
:10A710009A4202D349688A42EAD9D4E90010002358
:10A72000846901B0A446BDE8F0406047FFE71346E6
:10A7300020680A46014601B02846B446BDE8F0400C
:10A7400060472DE9FC410C468178154611FB04F168
:10A7500009128A4202DC0088BDE8FC81017A00EB24
:10A76000810212F8023C13FB04F31B129D4202DB30
:10A7700032F8040CF0E7012360E000EB83029278EA
:10A7800012FB04F21212954256DC00EB830737F8F5
:10A79000040DADF804000198FCF732FB0646B888BA
:10A7A000ADF804000198FCF72BFBB97811FB04F11C
:10A7B000BA79091212FB04F2D1EB222240D0691AB5
:10A7C00009B2C1EB012191FBF2F1CAB2C2F1FF0360
:10A7D000C0F3072111FB02F1C6F3072414FB031198
:10A7E00001EBC11404EBC134BDF80010250F65F373
:10A7F0000201C0F3074515FB02F5C6F3074717FB37
:10A80000035505EBC51707EBC535AD0E65F3C7015D
:10A81000C0B210FB02F0F2B212FB030000EBC01258
:10A8200002EBC030800E60F30C21600E60F34F31FC
:10A83000ADF8001088B28FE75B1CDBB299429CD860
:10A84000FEE74168002901DA02F004BB704700000E
:10A85000FEB50546407A16460C4640072FD0224FDB
:10A86000387820B9002000F043F801203870687A69
:10A8700000F00700022818D04FEA060080EA6400C2
:10A8800068400190002000906A4601A91748F9F736
:10A89000BBFE01280BD0324621462846EFF700FBCD
:10A8A000009000280BD0002418E02046E6E700982E
:10A8B0000422416802EBB1714FEAB1014160FEBD73
:10A8C00022462846FFF73DFF02900098BDF8081089
:10A8D000806800EB4400641C018024B20098B0F949
:10A8E0000E10A142ECDCFEBD4C040020292801081A
:10A8F00070B5084D0446286802F0ACFA204602F014
:10A900001DFA2860044D2146A86002F0B1FB6C607E
:10A9100070BD0000DC0300204C04002010B50021B5
:10A92000164802F0F1F8164C2080042007F04CFC89
:10A930006080042007F048FCE080042007F044FC1D
:10A94000A080042007F040FC2081042007F03CFC9C
:10A950006082042007F038FC2082042007F034FCD9
:10A96000A081042007F030FC6081042007F02CFC5B
:10A97000E081042007F028FCA08210BD1D3E0108E4
:10A980005203002070B506000C4632D0084600F095
:10A9900085F83046EEF7DFFD05E00868A04228D0D4
:10A9A0003046EEF7EAFD0100F7D1204603F0DCFC6B
:10A9B00040B1A168896829B1C9680968A14201D17B
:10A9C00000F057F8A06810B9204602F015FEA06804
:10A9D00086603046EEF733FE05000AD030462C6024
:10A9E000EEF7B9FDA84204D13046BDE8704000F052
:10A9F00040B870BD10B50446074A0849F8F7AEF9EB
:10AA00006269002A06D0002804D12046BDE8104023
:10AA10000121104710BD00007B95000857950008E4
:10AA200010B50446074A0849F8F798F96269002A00
:10AA300006D0002804D12046BDE810400021104770
:10AA400010BD000083950008899500080148006842
:10AA50007047000018030020002802D0007FC0F3D8
:10AA600040007047002803D0C068002800D000686C
:10AA7000704770B50446007FC0F3C00540F0080081
:10AA800020774007204602D4FFF7B4FF01E0FFF72C
:10AA9000C7FF207F65F3C300207770BD2DE9F0412B
:10AAA000064603F061FC04003DD0E068002740B397
:10AAB0000068B04220D1207FC10702D020F0010001
:10AAC00020772046EEF747FDE16888420FD1204607
:10AAD000EEF75AFDE168884209D12046F8F7BAFC42
:10AAE0000246E0680F210068FFF77EFB02E0204687
:10AAF000FFF7BFFFE06820B1E0680068B04200D116
:10AB0000E7602046EEF727FD11E028682946B042AD
:10AB100020460AD1EEF7BAFD284602F09BF9B0684C
:10AB2000002800D08760BDE8F081EEF726FD050023
:10AB3000EBD1F8E770B504001CD0207FC0F34002D1
:10AB40008A4217D061F3410020772046FFF78AFF41
:10AB500005000FD02046F8F77DFC0246E0680E2184
:10AB60000068FFF741FB012804D12846BDE870408A
:10AB700004F094BF70BD00002DE9F04180461448F8
:10AB80000024144F06681EE0B8F1000F0AD004EB51
:10AB9000440000EBC40006EB80004168404600F032
:10ABA0001BF870B104EB440000EBC40006EB800519
:10ABB000686810B1284600F0D6FB28462C2102F028
:10ABC00057FA641CA4B238888442DDD3BDE8F08112
:10ABD000CC0300204403002070B50C46054600F06D
:10ABE0004FFF10B101280DD102E0A5420CD009E0C1
:10ABF000204600F045FF012804D121462846E5F70C
:10AC000017FF08B1002070BD012070BD70B50E4D5A
:10AC10000646286828B10020FFF7AEFF286802F03A
:10AC200019F92C2006FB00F4204602F087F80749AA
:10AC3000286028B10E802146BDE8704002F018BAA5
:10AC40000020088070BD0000CC03002044030020D9
:10AC5000014600200F290AD2DFE801F0090909099D
:10AC6000080A080C0E10120C0E101200102070476B
:10AC70001820704701207047022070470420704759
:10AC80000820704701460020891E0D2909D2DFE8FF
:10AC900001F0070808070807070707070707070065
:10ACA0000120704701460020032901D0062900D168
:10ACB0000120704770B500254D6291F838000C46B0
:10ACC00020F07C0040F0030081F83800084604F0D2
:10ACD000F9FBA085204603F04CFBE08525864FF468
:10ACE0008070E08694F83800022140F0800084F8FB
:10ACF0003800258565856586A58684F83950204607
:10AD000002F044FE2046BDE870404FF4803102F06E
:10AD100057BA000010B50146034802F089FD044609
:10AD200002F0FAFD204610BDF85F030870B54C6ACA
:10AD30000D46002C12D0287C012802D12046FFF7B6
:10AD400073FBE06808B102F085F8206908B102F0F1
:10AD500081F8204602F07EF80020686270BD000095
:10AD60007FB514460D46084600F08AFE20B1012842
:10AD700017D0022839D035E0296801F01F00001FE4
:10AD800011282FD2880A216860F394212160286855
:10AD9000400D60F35F512160287860F30401216069
:10ADA0002FE02846FFF774FB17A1E5F741FEC8B96D
:10ADB000022229466846FFF787FB68B903AB0422E5
:10ADC00021466846FFF7BBFB05466846FFF72CFBAC
:10ADD00045B90398042805D1207800F01F00001F12
:10ADE00011280ED3002004B070BD2068012161F34A
:10ADF0009420C0F3140000F5001020F01F000B3069
:10AE000020600120EFE7000062696E002DE9FF4F2E
:10AE100080465CA087B0006804905BA05BA30068DC
:10AE200093460F4605900FCB8DE80F00B8F8081039
:10AE3000002089B2CAB2090A09E000BF149C00EBE5
:10AE40004003401CE254149C00B2234459700A9BF6
:10AE50009842F3DB98F814004FF0000900F01F004F
:10AE6000FFF7F6FE8246012101FA0AF1491E88B277
:10AE700006900025D8F814002C4600F01F012E463D
:10AE80000B2906D00C2912D00D2920D00E2931D142
:10AE90002CE0C0F38A20C01DC50804EBE70115FBB8
:10AEA0000B1407F00700C0F1070604A80DE0C0F37B
:10AEB0008A20C01C850804EBA70115FB0B1407F0C2
:10AEC00003000621A1EB400605A8814612E0C0F36D
:10AED0008A20401C450804EB670115FB0B1407F0A2
:10AEE00001000421A1EB80066846EEE7C0F38A2545
:10AEF00015FB0B742846D8F8247001F04DFF5FEA6B
:10AF0000000B13D098F81000A0B10022211D384684
:10AF1000FFF7CAFB00232A4659463846FFF70FFBC6
:10AF20005946CAF10802002053B222E000200BB0BB
:10AF3000BDE8F08FD8F8040080680119F1E70A78BD
:10AF4000069CF240224098F8144004F01F040E2C96
:10AF500001D019F80220149C00EB40052C44A2708B
:10AF6000A6EB0A0256B2002E01DA1E46491C401C0E
:10AF700000B20A9A9042E2DB584601F059FF0120E4
:10AF8000D5E7000000FF00000055AAFF00112233A2
:10AF9000445566778899AABBCCDDEEFF2DE9FF4FBB
:10AFA0008046007D81B091460E4600F01F00FFF7FD
:10AFB0004FFE8246012101FA0AF1491E0025D8F808
:10AFC00014001FFA81FB00F01F012F462C460729B1
:10AFD00006D0082912D009291FD00A2932D12BE026
:10AFE000C0F38A20C01DC50804EBE60115FB091457
:10AFF00006F00700C0F10707083423E0C0F38A20F9
:10B00000C01C850804EBA60115FB0914062106F0F7
:10B010000300A1EB4007103414E0C0F38A20401C69
:10B02000450804EB660115FB0914042106F0010034
:10B03000A1EB8007403405E0C0F38A2515FB0964C5
:10B0400004F580642846D8F8249001F0A5FE061E79
:10B0500040D098F8100068B10022211D4846FFF743
:10B0600023FB00232A4631464846FFF768FA31465B
:10B07000002028E0D8F8040080680119F8E70A7871
:10B08000D9F80C30FA4002EA0B0203EB42030E9DA2
:10B090001B8800EB4004ADF800302B55BDF80030A4
:10B0A0001D0A0E9B23445D70D9F81040A25C9A7073
:10B0B000A7EB0A0257B2002F03DACAF1080257B20F
:10B0C000491C401C00B2049A9042D8DB304601F083
:10B0D000AFFE012005B0BDE8F08F00002DE9FE4372
:10B0E0000646087C0C46012801D040B32BE060687E
:10B0F000FFF7CEF96CA1E5F79BFC00281ED10222D8
:10B1000068466168FFF7E0F90028F7D1606A38B94E
:10B11000142001F013FE606268B1142101F0A8FF51
:10B12000D4F8240069460C2211F8013B00F8013BD9
:10B13000521EF9D107E06846FFF776F9B2E0606881
:10B140008068002872D0616901F01F000E2816D0B7
:10B15000142814D004283BD0052839D0062837D02D
:10B16000072839D0082837D0092835D00A2833D005
:10B170000B2828D00C2826D00D2824D08EE0227C45
:10B18000F2B1C1F38A22490D12FB01F114281BD040
:10B1900001264E43304601F0D1FD05000FD0676A0D
:10B1A000002204213846FFF77FFA00233246294661
:10B1B0003846FFF7C4F948B1284601F04BFE71E06C
:10B1C00060688068A06166E00326E2E7A56162E04E
:10B1D000207C0028F4D05EE0FFF73AFD012787408D
:10B1E000606A40B9142001F0A9FD6062002853D0C4
:10B1F000142101F03DFF7800656A01F09FFDE860D1
:10B20000384601F09BFD2861E968E9B3E0B3207C92
:10B21000012804D060680024D0F8088039E00022BA
:10B2200004212846FFF740FA00241AE034E0002306
:10B23000042269462846FFF782F99DF800209DF810
:10B2400001109DF80200FBF7F8FC0190E868BDF8DA
:10B25000041000EB4400018029699DF803000855A3
:10B26000641CBC42E3D316E008EB840618F82420E3
:10B270007178B078FBF7E1FC0090E868BDF8001049
:10B2800000EB4400018000E008E02969F0780855EF
:10B29000641CBC42E8D30120BDE8FE832146304651
:10B2A000FFF744FD0020F7E762696E002DE9F84FD3
:10B2B0000C461D461646207DDDE90A32002100F0CD
:10B2C0001F00042816D0052814D0062812D00B28F9
:10B2D00039D00C2837D00D2835D00E2833D0072888
:10B2E00038D0082836D0092834D00A2832D0002097
:10B2F000BDE8F88F277C012F33D198469146D4F8CA
:10B3000024A0FFF7A5FC07466069C0F38A2015FB5F
:10B3100000607843C11000225046091DFFF7C4F9B0
:10B32000002470B9FD0805FB08F56B462A4649461E
:10B3300050460094FFF703F918B90098854200D1F0
:10B34000012421460DE000922A4631462046FFF7AF
:10B350005DFD05E000922A4631462046FFF71EFEBD
:10B3600001460846C4E710B50446006800280BD023
:10B37000C2680AB121469047207C012804D1606848
:10B3800001F068FD0020606010BD000010B50648A7
:10B39000EEF706F9040004D0142101F069FE2046FE
:10B3A00010BD002010BD0000B43801202DE9F0418F
:10B3B0000F4605460421384601F05AFE25B12846BD
:10B3C00000F05EFB18B105E00020BDE8F081A86840
:10B3D0000028FAD000260A48EEF7BDF80BE02368F3
:10B3E0002BB13A46294698470646012805D0214602
:10B3F0000348EEF7C2F80400F1D13046E5E700005B
:10B40000B43801202DE9FF410E461D46044628218F
:10B4100001F02EFEAEB1304600F032FB08B9B16843
:10B4200079B1BDF8081021812074E56001280CD0A5
:10B43000666000272148EEF78EF8054604F11408EF
:10B4400031E0002004B0BDE8F0813046E5F7BEF9F8
:10B45000401C01F073FC60600028F3D03146E5F732
:10B4600091F9E6E72B68CBB16868B8B1424631463E
:10B47000284698470746012810D125606A6821466A
:10B480002846904707460128DCD00421404601F0B9
:10B49000EFFD00202062A0616062E061294607485C
:10B4A000EEF76BF80546002DDCD1207C012802D197
:10B4B000606801F0CFFC3846C4E70000B4380120D2
:10B4C0002DE9FC4105680E46089FAC6800213CB19F
:10B4D000CDE900371346014632462846A0470146CB
:10B4E0000846BDE8FC8110B591F838000C4600F024
:10B4F0000300012801D0022809D154F8240F01F0DB
:10B50000A9FC00202060207D40F00300207510BDC4
:10B510002DE9FF410F460846FEF726FE0546152891
:10B5200007D0182D05D03946744802F03BFE01289B
:10B5300069D13846FEF756FE04462A2D13D04FF443
:10B540008076132D21D0112D5FD02C2D7ED0152D7E
:10B5500003D0182D01D0122D55D104B03846BDE8C6
:10B56000F041F2F753B994F8380000F003000228D4
:10B57000204604D004B0BDE8F04104F027BF616A62
:10B5800004B0BDE8F04100F0D5B93846FEF728FE1A
:10B590000546208E10B9E08EB04234D0204603F02C
:10B5A00091FF0646204602F0E4FE074604F1320110
:10B5B000E08ECDE90001B4F930303A46314602A8B8
:10B5C000EDF7F2FDBDF90800B5F9001040428142E7
:10B5D00000DD084600B22880BDF90A1049428842C1
:10B5E00000DC084600B22880BDF90C10891B884297
:10B5F00000DC084600B22880BDF90E10C91B884245
:10B6000000DC08462880BDE8FF813846FEF7E8FDEB
:10B610000546204603F056FFB4F92C1088424DD160
:10B62000204602F0A6FE0146B4F92E00814245D123
:10B63000E18EB14213D1218E89B9B4F92C10B4F93D
:10B64000322001EBD171B2EB610F00E041E006D195
:10B65000B4F9341000EBD070B1EB600F2ED020465F
:10B6600003F030FF0646204602F083FE024604F156
:10B670003201E08ECDE90001B4F93030314602A844
:10B68000EDF792FDBDF80800A18A00220844ADF84C
:10B690000800BDF80A00E18A0844ADF80A00BDF8C8
:10B6A0000C00A18A0844ADF80C00BDF80E00E18A38
:10B6B0000844ADF80E0002A8296806E06946204655
:10B6C00002F09DFD002268462968EDF76EFB2871A7
:10B6D00099E73846FEF784FD054694F8390000F0F6
:10B6E0000300012804D0A08D2880E08D68808AE7BF
:10B6F000204600F005F8286085E70000F85F0308A1
:10B700001FB500F13202C18ECDE90012B0F9303020
:10B71000B0F92E20B0F92C1002A8EDF745FDBDF8C8
:10B720000C00BDF80810BDF80A20411A2046491C3B
:10B7300061F30F00BDF80E1004B0891A491C61F3C3
:10B740001F4010BD2DE9FF4105460C464FF46160D6
:10B7500003E000BFA4F5616424B28442FADA02E097
:10B7600004F5616424B2002CFADB288EA04267D075
:10B77000284605F06DFC284603F0A4FE80462846C6
:10B7800002F0F7FD074605F13206E88ECDE9000626
:10B79000B5F930303A46414602A8EDF705FDBDF84F
:10B7A0000810A88A0844ADF80800BDF80A10E88A15
:10B7B0000844ADF80A00BDF80C10A88A0844ADF89A
:10B7C0000C00BDF80E10E88A0844ADF80E0002A97E
:10B7D000284604F086F928462C8602F097FD044698
:10B7E0000021FBF761FC284604F0F0FD0121204612
:10B7F000FBF75AFCE88ECDE90006B5F930303A4641
:10B80000414602A8EDF7D0FCBDF80800A98A08441B
:10B81000ADF80800BDF80A00E98A0844ADF80A004E
:10B82000BDF80C00A98A0844ADF80C00BDF80E0064
:10B83000E98A0844ADF80E0002A9284604F051F93F
:10B84000BDE8FF812DE9FF470446B0F932000F46FD
:10B850001646B84203D1B4F93400B04268D020464D
:10B8600005F0F6FB204603F02DFE8146204602F04F
:10B8700080FD804604F13205E08ECDE90005B4F983
:10B8800030304246494602A8EDF78EFCBDF808105C
:10B89000A08A0844ADF80800BDF80A10E08A084400
:10B8A000ADF80A00BDF80C10A08A0844ADF80C00F1
:10B8B000BDF80E10E08A0844ADF80E0002A920463B
:10B8C00004F00FF967862046A68602F01FFD0646A3
:10B8D0000021FBF7E9FB204604F078FD012130460A
:10B8E000FBF7E2FBE08ECDE90005B4F930304246CB
:10B8F000494602A8EDF758FCBDF80800A18A0844A3
:10B90000ADF80800BDF80A00E18A0844ADF80A0065
:10B91000BDF80C00A18A0844ADF80C00BDF80E007B
:10B92000E18A0844ADF80E0002A9204604F0D9F8D7
:10B93000BDE8FF872DE9F04385B08846044604F052
:10B94000ADF8404600F09CF805464FF0000903288A
:10B9500009D003A94046FFF729FDC5B1012D24D028
:10B96000022D22D066E094F8380000F0030002288F
:10B9700001D0012802D1606A01F06CFA44F8249FDA
:10B98000207D40F00300207505B0BDE8F08394F8F9
:10B99000380000F00300012801D0022802D1606ABB
:10B9A00001F058FAC4F8248044E0606A404519D098
:10B9B00094F83810002601F00301012901D0022972
:10B9C00000D106464046E4F701FF401C01F0B6F9FD
:10B9D0000700D9D04146E4F7D5FE676216B130467C
:10B9E00001F038FA022D25D120460021572203F01C
:10B9F000B1FB064620460021582203F0ABFB07B2FC
:10BA000020460021592203F0A5FB00B241F6FF7247
:10BA10008DE805023B463246414604A807F090FEF9
:10BA2000BDF81010039861F39420BDF8121061F373
:10BA30005F50039094F8380065F3010084F83800F3
:10BA40000398C0F38A21A185430DE38594F838203B
:10BA500060F3860284F838204A08810D6286204609
:10BA6000A18604F0DFFC208E18B9E08EB0F5807F4F
:10BA700002D0204604F0AAFC204604F00FF883E729
:10BA8000032130B10078A0F120015F2903D8012003
:10BA9000704708467047802801D302207047002075
:10BAA0007047000001488068704700001C030020B8
:10BAB00018B101460248EDF760BD0148EDF74BBDF6
:10BAC0008438012001484068704700001C030020B2
:10BAD00038B102681278012A05D0032A03D04FF04A
:10BAE000FF30088002E002890A8040894880704760
:10BAF000002806D001680978012903D0032901D064
:10BB00000020704790F8440000F00F0070470028B4
:10BB100006D001680978012903D0032901D000204B
:10BB20007047006B7047002801D0006800787047AC
:10BB300000220A804A80002809D002681278012A6F
:10BB400001D0032A03D1028B0A80408B48807047C2
:10BB500070B5204E0C460025B0B3417941F002018A
:10BB60004171B168814200D175600168097801298D
:10BB700001D002290ED114B1416BA14201D145631C
:10BB800014B1816AA14201D1856214B1C16AA14296
:10BB900000D1C56270BD417941F002014171016877
:10BBA0000978012901D002290ED114B1416BA142BB
:10BBB00001D1456314B1816AA14201D1856214B1FA
:10BBC000C16AA14200D1C562FFF772FF0028E2D12D
:10BBD000756070BD1C03002010B50446407920F04C
:10BBE0000100607107F0F1FAE06407F0EEFAA0647A
:10BBF00010BD002804D0032906D00C2901D0002054
:10BC00007047B0F9261001E0B0F924100068427EB8
:10BC10000020C2F16402642306E0084400B212FB73
:10BC200001F191FBF3F109B20029F6D17047000050
:10BC300010B5154C2078002824D101F021F9EDF73A
:10BC400085FFEDF7A5FAECF707FFEDF7A7FAFBF78D
:10BC500023FDEDF745FE4FF4B4710C48EDF798FC69
:10BC60005C210B48EDF794FCEDF73EFFEDF7DCFBB4
:10BC70000120FEF7CBFF4420112804D0FEF7DFFAA5
:10BC80000120207010BDFEE7280300207838012035
:10BC90008438012010B50C460020486214F8481F73
:10BCA00021F0180104F81C19411E2160227F22F0A6
:10BCB0000702227720836083E060C4E90110090C49
:10BCC0002161616144F8040C14F81C0F022120F07A
:10BCD000400004F84809204601F058FE00212046A3
:10BCE00000F054FE2046BDE8104001A100F08ABEDD
:10BCF000546578740000000010B50146034801F057
:10BD000097FD044601F008FE204610BD14600308AC
:10BD100010B508460C4600F00AF894F848000007F1
:10BD200002D4606A01F096F80020606210BD10B580
:10BD3000044690F84800400603D5A06A08B101F017
:10BD400089F894F8480020F0400084F8480000206A
:10BD5000A06210BD2DE9FF470E463F4802F022FACF
:10BD6000012876D13046FEF7FFF904463046FEF74B
:10BD700039FA05462A2C1CD0132C0BD0292C18D0AC
:10BD80002C2C1ED0152C64D104B03046BDE8F047F1
:10BD9000F3F7B4BA002103F06AFAB0F9080004B06E
:10BDA000C11700EB917081103046BDE8F047FEF7F7
:10BDB0003BBA00F0B9FD04B02846BDE8F04700F0FA
:10BDC0004FBB002103F053FA81460021284603F0BF
:10BDD0005AFA80460021284603F067FA074695F88C
:10BDE00048000024C10600D50124800601D544F096
:10BDF0000204284602F06AFA0021284603F09DFA60
:10BE0000A0F51C51D13905D1688C000502D441F64A
:10BE1000FF7002E0284602F059FA0097CDE90104CC
:10BE200043464A4603A8696A07F08AFC3046FEF793
:10BE3000D7F9B0F90020BDF90C108A4200DD114697
:10BE40000180B0F90220BDF90E108A4200DD1146D2
:10BE50004180BDE8FF870000146003082DE9F04F22
:10BE60008BB00D00804659D00021122203F072F9E8
:10BE700029881022081A60F30F044046002103F0BD
:10BE800069F96988081A60F31F44A14608A9404669
:10BE900002F0D4F9BDF82400BDF820100025401AA6
:10BEA000401C00B2D8F8247005902C462946404624
:10BEB00003F0DDF902900021404603F0F6F900900E
:10BEC0000021404603F0DFF903900298AB465E463E
:10BED000B0F90800079098F84800C10600D501267F
:10BEE000800601D546F002060021404603F025FAFF
:10BEF000A0F51C51D13905D1B8F82200000501D4B4
:10BF000046F0040640460021D8F8242001F076FCD3
:10BF100082460099079800EB010821E0FEE7002027
:10BF2000CDE90006DDE902127819059BEDF754FE14
:10BF3000044407984FEA2942584482420BDC444AA1
:10BF4000009469461268384690470A280BD0385D3D
:10BF500048B9641C07E008EB0B000FFA80FB25468C
:10BF6000785D0028DBD107EB050B4FF00008BAF134
:10BF7000020F03D0BAF1030F16D025E0DDE902234A
:10BF8000611B5846009607F039FCBDF82410BDF837
:10BF9000202000EBD070891A491C09B201EBD17145
:10BFA0004910A1EB60000DE0DDE90223611B58465A
:10BFB000009607F023FCBDF82410BDF82020891A54
:10BFC000491C081A0FFA80F800208DF818008246E4
:10BFD000049044BB2BE004AB6A4601A95846EDF738
:10BFE000E3FDF00706D004981BF8001006A8EDF753
:10BFF0009DFEC0B9DDE90110009AFEF709FA01B211
:10C000000FFA89F208EB010082421EDB04994A19FB
:10C01000A2421AD00AEB0502BA5CB2B1039A8A4670
:10C0200010440FFA80F804982844A042D3D3094C56
:10C0300058460499226890470646226829463846A1
:10C0400090470BB03044BDE8F08FCDF810A0EEE77C
:10C0500020040020240400202DE9F74F8AB05FEA75
:10C060000209804664D0D8F8245040462A46002170
:10C0700001F0C4FB8346287800285AD007A940461F
:10C0800002F0DCF8BDF82000BDF81C100024401AB6
:10C09000401C00B2049026462146404603F0E7F8D3
:10C0A00003900021404603F000F90690002140462D
:10C0B00003F0E9F802900398A2465746B0F9080049
:10C0C000059098F84800C10600D50127800601D5E3
:10C0D00047F002070021404603F02FF9A0F51C515C
:10C0E000D13905D1B8F82200000501D447F0040782
:10C0F0004B4A28460B99126890478046A85DA8B322
:10C10000DDE90510084409900020CDE90007DDE9CC
:10C1100002212819049BEDF75FFD0644B04526D3A4
:10C12000A85D18B30998344650440FFA80FAEBE73B
:10C13000FEE70020A9F802005946BBF1010F07D025
:10C1400002290AD0BBF1030F04D1404602F0BEF829
:10C15000A9F800000DB0BDE8F08F404602F0B6F837
:10C1600000EBD0704110A9F80010F3E7FFE7B8F139
:10C17000000F12D005EB080010F8010C0A2801D0BE
:10C180000D280AD115F8080038B9DDE90501014488
:10C1900001EB0A000FFA80FA44462819CDE9007035
:10C1A000DDE90103A8EB0401039A07F027FB05462C
:10C1B0000B98A04202D00298284405B2BBF1020FAE
:10C1C00003D0BBF1030F16D025E00097DDE9010392
:10C1D000311B039A07F012FBBDF82010BDF81C209C
:10C1E00000EBD070891A491C09B201EBD1714910DA
:10C1F000A1EB60000DE00097DDE90103311B039A1C
:10C2000007F0FCFABDF82010BDF81C20891A491C63
:10C21000081A284405B2A9F80050A9F802A099E725
:10C220001804002090F84800C0F300107047406ADE
:10C230007047006C7047C06B704700002DE9F041FB
:10C2400017000D46044628D094F84800000725D46E
:10C25000204603F023FC606AE4F7B8FA0646384645
:10C26000E4F7B4FA8119491C606A00F017FE6062B5
:10C27000002813D0A5F57F41FF3903D1084909688B
:10C28000884705463A462946606AEDF725FD20466F
:10C29000BDE8F041002100F0B5BBFEE7BDE8F0814C
:10C2A000280400202DE9F04F95B05FEA010A80468E
:10C2B0005FD010A9404601F0C1FFBDF84400BDF8B1
:10C2C00040100024401A401C00B2D8F824700A9094
:10C2D00025462146404602F0CAFF03900021404611
:10C2E00002F0E3FF00900021404602F0CCFF0290F4
:10C2F00003980021B0F908000B904046D8F824209C
:10C3000001F07CFA834698F84800A1464E46C106E3
:10C3100000D50126800601D546F0020600214046E0
:10C3200003F00BF8A0F51C52D13A05D1B8F8221051
:10C33000090501D446F004060B99009801EB0008AA
:10C34000385DB8B10020CDE90006DDE902213819D9
:10C350000A9BEDF741FC0B990544BAF9022009EB61
:10C360000100824206DD08EB09000FFA80F92C4635
:10C37000E6E7FEE74FF00008C146BBF1020F03D02D
:10C38000BBF1030F16D025E0DDE90232291B381975
:10C39000009607F033FABDF84410BDF8402000EBDA
:10C3A000D070891A491C09B201EBD1714910A1EB77
:10C3B00060000DE0DDE90232291B3819009607F014
:10C3C0001DFABDF84410BDF84020891A491C081A0E
:10C3D0000FFA80F800208DF84800089004940C9023
:10C3E000FDB16D1E0498A8421BD804AB0CAA08A985
:10C3F0003846EDF7D9FBF00706D00498395C12A84F
:10C40000EDF794FC0028EDD1C1460C9A08990398E9
:10C41000FDF7FEFF4044BAF9001000B2814216DA7F
:10C4200004940C9A08990398FDF7F2FF0299029B75
:10C430000144BAF90000A9EB0302491C90420CDB4D
:10C440004944884209DC012015B0BDE8F08F02990B
:10C45000049C08440FFA80F8C4E70020F4E70000C9
:10C460002DE9F04F0446406A97B000287ED04FF087
:10C47000FF3903A92046C4F8309001F0DFFEBDF873
:10C480001000BDF80C10401A401C0FFA80F8002173
:10C49000204602F0ECFE05460021204602F005FF92
:10C4A00007460021204602F0EEFE824694F848003E
:10C4B0000026C10600D50126800601D546F00206F9
:10C4C0000021204602F039FFA0F51C51D13904D1DA
:10C4D000608C000501D446F004060097CDE9018682
:10C4E00053462A4616A8616A07F02AF9204603F047
:10C4F00099FF94F848004FF6FF7B00F007004FF0DB
:10C500000008022804D003287ED001287DD0F6E15F
:10C510000021204602F00EFC0604360C08D120460D
:10C5200001F0F4FEFAF7DEFD032190FBF1F086B294
:10C5300005A8F8F713FC4FF4967005941290149028
:10C54000BDF81000BDF80C10BDF95820401A401C71
:10C55000002700B2ADF854B0904233DA0021801ABF
:10C56000CDE90E10E9480D91014600E0CAE10690C0
:10C570002046F8F7DBFB00210A4620B1016B90F85A
:10C580004200C0F34002109888420FDD9DF856002B
:10C59000119120F001008DF856003AB140F00200F0
:10C5A0008DF856000F990D980D910F9030460F9A07
:10C5B0000D99F8F724FC1090139005A8F8F72CFCBF
:10C5C000012705E0D1492046F8F776FBA4F844801E
:10C5D000BDF81200BDF80E10BDF95A20401A401CDB
:10C5E00000B290427EDA002F7CD1821AB5F90800A1
:10C5F0000021101ACDE90E10C5480D910146069094
:10C600002046F8F793FB01E023E0C5E000210A464D
:10C6100020B1016B90F84200C0F3400210988842AC
:10C620000FDD9DF85600119120F001008DF85600A5
:10C630003AB140F002008DF856000F990D980D9117
:10C640000F9030460F9A0D99F8F7D9FB1090139080
:10C650009EE020460021642202F07CFD0646002177
:10C66000204602F067FB07043F0C08D1204601F08A
:10C670004DFEFAF737FD032190FBF1F087B205A8D4
:10C68000F8F76CFBBDF81000BDF80C100594401ACB
:10C69000401CBDF9581000B2ADF854B04FF000097D
:10C6A000884234DA202211462846FDF7B1FEBDF952
:10C6B000581000EB400008444142CDE90E919348E8
:10C6C0000A460690CDF8349049463846F8F797FB6D
:10C6D00010908E492046F8F729FB00B1006B36B167
:10C6E000306B00E027E01190F06B149009E0109996
:10C6F000814206DD11909DF8560020F001008DF872
:10C70000560005A8F8F788FB4FF0010905E07F49BE
:10C710002046F8F7D1FAA4F84480BDF81200BDF81D
:10C720000E10401A401CBDF95A1000B2884202DABD
:10C73000B9F1000F06D076492046F8F7BDFAA4F803
:10C740004680DCE0B5F908200020114449420D90F4
:10C75000CDE90E016E480A46069038460D99F8F765
:10C760004EFB10906A492046F8F7E0FA00B1006BE2
:10C7700026B1306B1190F06B149009E01099814252
:10C7800006DD11909DF8560020F001008DF856004E
:10C7900005A8F8F741FBB2E0BDF81200BDF80E1095
:10C7A000401A401C01B2BDF95A00814209DAB5F9BC
:10C7B0000810884205DD5749606A096888470328E0
:10C7C00002D8C4F82C909AE0BDF81000BDF80C1007
:10C7D0002E22461A11462846761CFDF719FE5044B3
:10C7E000A0EB80003044ADF80000BDF81200BDF8A9
:10C7F0000E10401A401C00B2ADF80200B5F9082036
:10C80000D11990FBF1F301FB13018A42A0EB010067
:10C8100004DCADF802002989084400E0C01BADF833
:10C82000020069462046FFF719FB8146606AE3F77C
:10C83000CDFF394A074649461268606A9047374D2E
:10C84000019005E02A6801A9606A9047A9F10109F1
:10C850000198C01CB842F5D80025DFF8C4B0019E8D
:10C86000AA46606A01990844DBF8001088472D4AFF
:10C870002844C5B2126801A9606A9047032D07D801
:10C880000198B84204D80AF1010ABAF1030FE8D9B5
:10C89000616A204601EB060A0746FFF748FA042DB5
:10C8A00012D9681C00F04AFAB86240B32A465146D1
:10C8B00000F00CFBB96A01F8058097F8480040F0D9
:10C8C000400087F848000BE097F848002A4620F01F
:10C8D000400087F84800514607F1280000F0F6FABA
:10C8E00000202E213318626A401C0328D154F9D34A
:10C8F000616AF61C09F1030001F80680E062204637
:10C9000003F0CCF817B0BDE8F08F00001D5F0208FF
:10C91000255F0208280400201804002020040020BD
:10C9200010040020140400202DE9F04104460546BF
:10C9300090F8480000F00700012823D1E96A481C5C
:10C9400020D0114A686AC91E12689047024694F8BE
:10C9500048100020490601D5A16A06E004F128012B
:10C9600003E00F5C401CF754C0B26E6A1318F75C0A
:10C97000002FF6D1095C104431542046FFF7D7F957
:10C98000781EE862BDE8F0811804002070B50D46FD
:10C9900004461A49F8F790F919492046F8F78CF936
:10C9A0000020A4F84400A4F84600022D0FD0032D67
:10C9B0000DD0042D0BD094F8480020F0200100BFCA
:10C9C00001F0070084F84810012805D00AE094F827
:10C9D000480040F02001F3E7E06A401C02D0204606
:10C9E000FFF7A2FF94F8480065F3020084F84800BE
:10C9F0002046BDE87040FFF733BD00001D5F020810
:10CA0000255F020870B50D46044603F047F805B9E6
:10CA1000656A606AA8420DD194F84810090709D4E4
:10CA2000E3F7D4FE411C606A00F038FA6062002827
:10CA300020D01AE038B194F84810090703D400F068
:10CA400009FA002161622846E3F7C0FE401C00F0AD
:10CA500075F9606200280DD02946E3F793FE94F83B
:10CA6000480020F0080184F848102046BDE87040D6
:10CA7000FFF7F6BC70BD0FB470B504460598F8B169
:10CA8000204603F00BF80598D8B1606A002530B154
:10CA900094F84810090702D400F0DCF9656206A991
:10CAA0000598EDF75EF9606294F8480020F00801FF
:10CAB000204684F84810FFF7D3FC70BC5DF814FBE7
:10CAC000FEE72046F7E7016402F0E8BFC16302F029
:10CAD000E5BF70B5044690F848000D46000705D440
:10CAE000606A18B100F0B6F90021616235B194F8BE
:10CAF000480040F0080184F8481065622046BDE80F
:10CB00007040FFF7ADBC00002DE9F041094C06462E
:10CB1000094D60680F46401CC1006060286800F045
:10CB2000BDF92860616800EBC10040E90267084672
:10CB3000BDE8F08130030020C80300200846002132
:10CB40000185416280F82A10022100F01FBF000019
:10CB500010B50146034800F06BFE044600F0DCFE11
:10CB6000204610BD306003082DE9F04F87B00D4618
:10CB70005C4801F017FB012849D12846FDF7F4FA7B
:10CB800006462846FDF72EFB0446132E33D04FF001
:10CB900002082C2E3ED0152E39D107462846FDF727
:10CBA000E9FA8346388D3C46002830D0786A002860
:10CBB0002DD005A9384601F0A3FB204601F053FD16
:10CBC000BDF81410081A06B2204601F053FDBDF856
:10CBD0001610081A05B2204601F0CBFB82466846C3
:10CBE000FBF78BF86A460021204602F09DFD0024E9
:10CBF0004FF0060967E0002102F044F90446284698
:10CC0000FDF7EEFAB0F90010A14200DA048007B097
:10CC1000BDE8F08F208D0028F9D0606A0028F6D09A
:10CC20002846FDF7DDFA002507462E462846228DC8
:10CC3000C4460DE0636A33F92010A94200DD0D46B9
:10CC40000CEB8001595EB14200DD0E46401C80B203
:10CC50008242EFD80021204602F014F9291830440E
:10CC600039807880D3E7786A30F824103144ADF801
:10CC70000C10042101EB8401415A3144ADF810102D
:10CC800097F82A10C90708EB840121D0415AAAEB72
:10CC900001002844ADF80E00796A09EB8400095AB6
:10CCA000AAEB01002844ADF8120004AB03AA6946C0
:10CCB0005846FBF715F89DF80900641C20F00400A5
:10CCC0008DF80900A4B2388D401EA042CBDC9EE74F
:10CCD000405A2844ADF80E00796A09EB8400085ADE
:10CCE000E0E700003060030810B5416204460285A9
:10CCF00003F098FB2046BDE8104002F0CFBE10B50F
:10CD00008A42029C01DB904207DA8A4201DB8842B8
:10CD100009DD8A4203DC904201DC204610BD8A42D4
:10CD200003DC884201DB184610BD521AE41A401A8F
:10CD3000604390FBF2F0184410BD000070B5040091
:10CD400010D0094D0146686806F0B0FB010007D01D
:10CD5000A8682044A860EA68904200D81046E860BD
:10CD6000084670BD004870BDE403002070B5002483
:10CD7000084E254656F8340038B100F06BF806EB43
:10CD8000C40046F8345085718580641CE4B2082CD8
:10CD9000F0D370BDCC3801202DE9F04105000BD057
:10CDA0000022224C4FF0FF30012600BF04EBC201ED
:10CDB0008B79DB0703D014E00020BDE8F08189887F
:10CDC000A9420ED305D104EBC200867154F832009B
:10CDD000F3E7002804DB04EBC0039B88994200D2F0
:10CDE00050B2521CD2B2082AE0D3002805DB04EB73
:10CDF000C0018E7154F83000DFE7002704EBC70054
:10CE00008079C00704D07F1CFFB2082FF6D3FEE75D
:10CE100054F83700294600F041F830B104EBC7015F
:10CE20008E718D8044F83700C7E7FEE7CC380120CB
:10CE3000074A002152F83130834204D102EBC1018C
:10CE4000002088717047491CC9B20829F2D3704785
:10CE5000CC380120094910B588420DD000280BD0EC
:10CE6000064C0146606806F0F5FAA168814201D9D6
:10CE7000081A00E00020A06010BD0000E4030020BC
:10CE800010B54FF4A041034806F0D6FA02494860B5
:10CE900010BD0000C4390120E403002010B539B1F1
:10CEA000094A904208D1BDE810400846FFF746BF46
:10CEB000FFF7D0FF044810BD0A460146024840680B
:10CEC000BDE8104006F005BBE403002030B500F0DB
:10CED000030401F003050346A54243D14EE00C785C
:10CEE0001C704C785C708C789C70CC78DC700C7901
:10CEF0001C714C795C718C799C71CC79DC710C7AE9
:10CF00001C724C7A5C728C7A9C72CC7ADC720C7BD0
:10CF10001C734C7B5C738C7B9C73CC7BDC730C7CB8
:10CF20001C744C7C5C748C7C9C74CC7CDC740C7DA0
:10CF30001C754C7D5C758C7D9C75CC7DDC750C7E88
:10CF40001C764C7E5C768C7E9C76CC7EDC760C7F70
:10CF50001C774C7F5C778C7F9C77CC7FDC77203193
:10CF6000203A2033202ABAD805E000BF11F8014B3F
:10CF700003F8014B521E002AF8D130BD4CB3C4F166
:10CF8000040405E011F8015B521E03F8015B641E06
:10CF9000FCB1002AF6D11CE010C9203A10C310C918
:10CFA00010C351F8084B43F8084B51F8044C43F8B0
:10CFB000044C51F8104B43F8104B51F80C4C43F80B
:10CFC0000C4C51F8084C43F8084C51F8044C43F809
:10CFD000044C202AE0D802E010C9121F10C3042A12
:10CFE000FAD804E011F8014B03F8014B521E002A55
:10CFF000F8D130BD10B5034605E000BF11F8014B74
:10D0000003F8014B521E002AF8D110BD10F00303A3
:10D0100009D0C3F1040303E0521E00F8011B5B1E9C
:10D020000BB1002AF8D101EB012303EB014303EB21
:10D0300001630EE008C0203A08C040F8083B40F801
:10D04000043C40F8103B40F80C3C40F8083C40F8E9
:10D05000043C202AEED801E008C0121F042AFBD8A5
:10D0600003E000BF00F8011B521E002AFAD17047EE
:10D0700010F003034FF0000219D0C3F1040303E0E2
:10D08000491E00F8012B5B1E8BB10029F8D17047B7
:10D0900004C0203904C040F8082B40F8042C40F8A4
:10D0A000102B40F80C2C40F8082C40F8042C2029B8
:10D0B000EED801E004C0091F0429FBD803E000BF3B
:10D0C00000F8012B491E0029FAD1704710F0030225
:10D0D0004FF0FF030AD0C2F1040203E0491E00F83A
:10D0E000013B521E12B10029F8D170474FF0FF32B8
:10D0F0000EE004C0203904C040F8082B40F8042C8E
:10D1000040F8102B40F80C2C40F8082C40F8042C68
:10D110002029EED801E004C0091F0429FBD802E051
:10D1200000F8013B491E0029FAD170472DE9F04172
:10D130001D4616460F46044600F05EFAA0684FF002
:10D140008062817E02EBB1114FEAB1618176A06805
:10D1500001F03F0101EB41018900C068FFF79EFE2D
:10D16000A1686FF00303C860A168897E01F03F01E8
:10D1700001EB41026FF00B0101EB82028750A068C6
:10D18000C268807E00F03F0000EB400003EB8000AF
:10D190000B1D1654A068C268807E00F03F0000EBB3
:10D1A000400003EB80001550A068C268807E00F04C
:10D1B0003F0000EB400001EB80001044BDE8F0812F
:10D1C0002DE9FF410C46074602F0C0FC0646E00789
:10D1D00002D0384602F062FCF8692043F861E007AB
:10D1E00011D00221384602F0A6F960B1384601F0AC
:10D1F000BBF8050007D0FDF7FDFB2846FDF732FC24
:10D2000008B102F04BFC384602F0A0FCB04202D15B
:10D2100014F0C07F07D0384601F0ECF802F0CFFCE4
:10D22000384602F0CCFCE0060CD502AA6946384626
:10D2300001F027FA6946384602F053FC02A9384645
:10D2400002F04FFCBDE8FF81028C11438A4201D0FD
:10D2500003F0B2BC704700002DE9F047174688463E
:10D260004FF6FF79044600234A4639460BF096FDF7
:10D27000618C00250426C1F30512E06809E000BFB7
:10D2800006EBC503C3585FEA831C01D4DB0102D55A
:10D290006D1CAA42F4D84FF0806202EBB1214FEA34
:10D2A000B1516184C1F30511C900FFF7F7FDE060DA
:10D2B000608C6FF00702C0F3051009E0E16802EB33
:10D2C000C00C01EBC0036144D1E900C1C3E900C156
:10D2D000401EA842F2D8E068082100EBC500FFF725
:10D2E000C7FEE16841F83580E06806EBC5014258A9
:10D2F00067F3170242504A4639462046BDE8F047D8
:10D3000003F0A8B870B516461D460446002203F087
:10D310002BFD2A4631462046BDE8704003F022BC72
:10D320002DE9FF4F81B093468846019803F090FEA7
:10D33000B8F1000F03D1019801F05CF88046002499
:10D340002546019801F056F88146002101F040FD84
:10D3500006460021484601F037FE30440FFA80FAB5
:10D360000021484601F0B4FE304400B20090002194
:10D37000404601F02DFD06460021404601F024FE06
:10D38000304407B20021404601F0A2FE304406B20C
:10D39000BBF1000F0FD0BBF1160F34D2DFE80BF05A
:10D3A000D51123343F4454676913828797A1A6B5EA
:10D3B000BFC5CBD1FDFC0021404601F0C4FC0128D3
:10D3C00022D03C461EE0404600F080FF0246019815
:10D3D00002F078F8014602EBD270401001EBD171F7
:10D3E000A0EB61004DE0404600F070FF024601985E
:10D3F00002F068F802EBD271491000EBD070A1EB9B
:10D40000600009E03546A0E0404600F05FFF0246BC
:10D41000019802F057F8101A384404B2F2E73C467B
:10D420001CE0304405B290E0404600F04FFF024659
:10D43000019802F047F8014602EBD270401001EB70
:10D44000D171A0EB610007E0404600F03FFF0246CB
:10D45000019802F037F8101A384404B2404600F040
:10D460001BFF0246019800F084FF101AD9E73C46E2
:10D4700009E0404600F02AFF0246019802F022F837
:10D48000101A384404B2404600F006FF02460198E4
:10D4900000F06FFF02EBD271491000EBD070A1EBEE
:10D4A0006000BEE7019800F064FF4042BAE74046E2
:10D4B00002F008F80246019802F004F8014602EB77
:10D4C000D270401001EBD171A0EB610007E0404643
:10D4D00001F0F8FF0246019801F0F4FF101A04B2BF
:10D4E000E0E7404600F045FF05462EE0404601F0EB
:10D4F000E9FF0246019801F0E5FF02EBD271491005
:10D5000000EBD070A1EB600007E0404601F0DAFFCD
:10D510000246019801F0D6FF101A04B2E1E7019823
:10D5200001F0D0FF404204B20FE0019801F0CAFFC1
:10D53000404204B241E0019801F0C4FF404204B20D
:10D540004EE0404601F0BEFF04460021484601F08F
:10D55000FAFB012848464CD000F0B2FFB8F814207E
:10D5600004990A44B9F81410511A0144A1EB0A00B5
:10D57000204404B2484601F06FF8B8F816200E991E
:10D580000A44B9F81610511A014400980022081AEA
:10D59000284405B2012101E01EE00AE0019803F0F1
:10D5A000E3FB019805B02A462146BDE8F04F03F0A1
:10D5B000D9BA404601F086FF0446404600F0D9FE45
:10D5C0000246019800F0D5FE02EBD271491000EB43
:10D5D000D070A1EB600025E7404601F073FF0446E0
:10D5E000404600F0C6FE0246019800F0C2FE101A46
:10D5F00018E700F0C5FFB1E710B5044680680028C1
:10D6000014D10B484168491C41601C20FFF796FB70
:10D61000A06000280AD01C21FFF72AFDA1680F2076
:10D620004876A068017E41F00301017610BD00003C
:10D63000280300202DE9FC410E460546012101F09A
:10D640006EFFE0BB284600F0D9FE044600F05EFE07
:10D650000746F9F789FDA0420ED03846F9F78CFD50
:10D66000A04209D03846F9F76DFDA04204D03846F3
:10D67000F9F760FDA04237D14FF400242146284637
:10D6800001F054FF28BB2846ECF742F8074605F1A5
:10D6900014016846F8F755F8BDF80000C01BADF856
:10D6A0000000BDF80200C01BADF80200BDF8040088
:10D6B0003844ADF80400BDF80600384400E013E03B
:10D6C000ADF8060031466A460846EBF786FA0028B0
:10D6D0000BD0002301223146284601F040FE1CE019
:10D6E000012101F01CFF10B10020BDE8FC812146A2
:10D6F000284601F01BFF80B9D5E90501CDE90001FD
:10D70000002301226946284601F029FE31466A4677
:10D710000846EBF762FA0028E7D0284600F06AFED8
:10D72000051EDDD10120E0E72DE9F0410E46074658
:10D73000002501F083FD040035D03146384601F064
:10D7400071FD02282FD904EBD470012101EB600494
:10D750003146384601F06CFD20440FFA80F831461E
:10D76000384601F047FD04463146384601F04EFD8B
:10D77000002C01DD214600E06142002801DD024667
:10D7800000E04242914205DD002C01DD204604E02C
:10D79000604202E0002800DC4042404400B2002821
:10D7A00000DA284605463146384601F0B9FB040048
:10D7B0000ED03146384601F0A7FB022808D9314681
:10D7C000384601F0A7FB2044A84200DB05462DB2F5
:10D7D00038463146692201F0BDFC04B23846314674
:10D7E0006A2201F0B7FC00B2844200DC0446002C3F
:10D7F00001DD281905B22846BDE8F08170B50D4657
:10D8000006465B2201F0A6FCC4B230462946162229
:10D8100001F0A0FC04B90124204670BD002803D00B
:10D820000068884201D10120704700207047000045
:10D830002DE9F0410D4607460026364900E0006814
:10D84000B8B182690A42FAD08069C0F30F108046ED
:10D85000FFF774FA041E31D04146FFF709FCC4E912
:10D8600000754FF001086FF0030725B1A86878B381
:10D8700032E03046EBE7F9F72FFC05001AD0EA68F2
:10D88000F2B1686A401C810068621046FFF706FB2F
:10D89000E860696A07EB81014450A682E6820020B5
:10D8A000F9F732FC401E20830020F9F773FC401E7C
:10D8B000608323E02046FFF7CDFA0020BDE8F08129
:10D8C0000420FFF73BFAE8600460C5F82480E4E731
:10D8D000FFE72846FFF790FEA868016881B141681C
:10D8E000491C4160A86889000068FFF7D7FAA96859
:10D8F0000860A968496807EB810144502046DDE7CC
:10D900000420FFF71BFAA96808600460A968C1F841
:10D910000480F3E7F0FF0F0070B5054602F04FF901
:10D92000002000F09BFA284605F0C6FB284600F0D0
:10D930006FF8012000F092FA4FF6FF724FF4702159
:10D94000284602F087FD284602F06CFDFDF77EF8C0
:10D95000030007D0284602F0EBF818B12946184614
:10D96000FDF710F8284600F045FD04000DD02A46CA
:10D970002221FCF739FC2A4623212046FCF734FCFF
:10D980002846BDE8704002F089B870BD7FB50C46EE
:10D99000064602F0DBF80546E0060CD502AA694609
:10D9A000304600F06EFE6946304602F09AF802A951
:10D9B000304602F096F8F069A043F061E0070ED01F
:10D9C000304602F06BF8304602F0C0F838B130460D
:10D9D00000F010FD02F0F3F8304602F0F0F83046A7
:10D9E00002F0B4F8A84202D114F0C07F07D030464C
:10D9F00000F000FD04B0BDE8704002F0E0B87FBD6B
:10DA0000028C22EA01018A4201D003F0D5B87047A6
:10DA100070B504680546206818B128602846FFF7ED
:10DA2000F7FF2C6062682046002A03D02946BDE833
:10DA30007040104770BD00002DE9F0414D680C4664
:10DA4000EDB1284600F03CFD0646284600F004FEF5
:10DA5000074628460021102201F07CFBE98A1222A9
:10DA60000844C01BE082401E60832846002101F06C
:10DA700071FBA98A0844801BA082401E208341F2CA
:10DA80000200E061002D06D043F20200C4F81C0041
:10DA900043F20230E06140F0740040F40060E06165
:10DAA00002D040F40040E061BDE8F08110B50146CD
:10DAB0000348FFF7BDFE0446FFF72EFF204610BDCA
:10DAC000E8AF020870B5054601F0E8FF284600F00F
:10DAD00091FC0400284610D006F008FB204602F016
:10DAE00083FF002222212046FCF77EFB2046BDE872
:10DAF000704000222421FCF777BB00F007FC0400F3
:10DB000007D02069A842284604D106F0EFFA002089
:10DB1000206170BDBDE8704006F0E8BA01460148DA
:10DB2000F7F7DCBE29DB0108FFF7CCBF70B50C4668
:10DB30000846EBF717FB002000F090F92046144A46
:10DB4000002102F05EFD012000F088F9002120464E
:10DB5000F7F7B2F8204600F007FC10B12046FCF7BA
:10DB60009DFFA068002811D00068002518B1FFF7BC
:10DB700071F9A0680560A068C06818B1FFF76AF97C
:10DB8000A068C560A068FFF765F9A56070BD0000DA
:10DB9000FFFF0F002DE9F047A2B08046FCF7E4FA42
:10DBA00006464046FCF71EFB012700240546122EC0
:10DBB00072D0DFF89492152E6CD0182E7AD1404690
:10DBC000FCF7D8FA824601462846F2F7A5FC002168
:10DBD000284601F021F950B105F59070FAF78EFD55
:10DBE000060004D0FAF770FA3046FFF721F9002159
:10DBF000284601F0E5F800285CD002A8FAF7BAFD43
:10DC00008DF80B408DF822408DF832408DF83E4063
:10DC100002AA0021284601F0E5FD0021284601F076
:10DC200068FB80460021284601F057FB064605F1B7
:10DC300014016846F7F77CFDBDF80010A1EB080061
:10DC4000BDF80410ADF8000001EB0800ADF80400C9
:10DC5000BDF802005146801BADF80200BDF8060079
:10DC60003044ADF8060010A800F0F0F802A81490B7
:10DC700068461D94CDE91270CDF8449010AA1A217F
:10DC80002846FCF7B1FA6A4602A95046FAF75EFD4B
:10DC9000D4E001E055E00DE04046FCF7A1FA06466D
:10DCA0000078022806D00021284601F0B5F820B1FE
:10DCB0000220307022B0BDE8F0870021284601F034
:10DCC00093FA82460021284601F013FB8146002189
:10DCD000284601F002FB804605F114016846F7F77B
:10DCE00027FDBDF800105246A1EB0900BDF8041055
:10DCF000ADF8000001EB0900BDF80210ADF804001A
:10DD0000A1EB0800BDF80610ADF8020001EB080019
:10DD1000ADF8060069467068EAF787FF68B1002130
:10DD2000284601F041F8FD2807D32846002160224B
:10DD300001F010FAC0B2FD2801D23770BAE7347092
:10DD4000B8E74046FCF716FA804602A8FAF712FD3B
:10DD50000021284601F034F828B19DF82B0040F04E
:10DD600001008DF82B0002AA0021284601F03AFD9F
:10DD70000021284601F0BDFA06460021284601F0A0
:10DD8000ACFA074605F114018A466846F7F7D0FC5D
:10DD9000BDF800004146801BADF80000BDF804004E
:10DDA0003044ADF80400BDF80200C01BADF802001D
:10DDB000BDF806003844ADF8060010A800F046F89B
:10DDC00002A814906846CDE91240CDF8449010AAFC
:10DDD0001A2128461D94FCF707FA0021284601F075
:10DDE0001BF830B1BDF8080018B1069E0127069453
:10DDF00001E0069E00276A4602A94046FAF7A6FC03
:10DE0000E7B11820FEF7C8FF0746BDF90820002338
:10DE10005146FAF7E1FB05F590713846F9F790FFA6
:10DE200066B18DF80B408DF82A408DF832408DF8A0
:10DE30003E406A4602A94046069627E710AA1B21E3
:10DE40002846FCF7D1F935E7E8AF020870B50D4672
:10DE500004464821FFF70CF9256070BD01490870A0
:10DE600070470000380300202DE9FF41884608462E
:10DE7000FCF77AF904464046FCF77AF90546012C8E
:10DE800023D0082C23D0032C3ED02A2C3ED00D2C9E
:10DE90004CD00E2C7DD0092C7CD00A2C7BD00F2CA2
:10DEA0007AD0292C79D0222C78D0242C77D0132C1E
:10DEB00076D0152C03D0182C01D0122C34D104B0FC
:10DEC0004046BDE8F041FFF765BE2021FAE0202181
:10DED000FFF796FD4046FCF75EF9FDF718FE0028B7
:10DEE00022D10821284601F01AFB00281CD095F801
:10DEF00020004FF00101C007284602D0FFF780FD47
:10DF000030E0FFF7A1F92DE02021F8E000F072F9F0
:10DF10000646002406E0A868006850F8240001F0D6
:10DF20004EFE641CB442F6D3BDE8FF81082101F027
:10DF3000F6FAF8B14046FCF753F90478132C06D0F2
:10DF4000112C04D0142C07D0122C05D008E001218C
:10DF50002846FFF779F903E001212846FFF750FD35
:10DF60000A2CE1D004B02846BDE8F04100221C2173
:10DF7000FCF73AB94FF40161284601F0D0FA0028C5
:10DF8000D2D0284601F0C7FD0028CDD10027284671
:10DF900007E06DE095E09AE0B0E0B5E0D1E0F2E0B6
:10DFA000F6E000F08DFA0646284600F0E9FA04464D
:10DFB0004046FCF715F9007812281BD011280CD028
:10DFC00013282BD01428AFD1284600F071FA80070F
:10DFD00003D0002E38DC002C36DC284600F0C9F9CE
:10DFE0000446284600F046FBE11704EB9171A0EBD4
:10DFF000A1000BE0284600F0BCF90446284600F0DA
:10E0000039FBE11704EB917100EBA10001B204B000
:10E010003A462846BDE8F04102F0D0BC284600F060
:10E0200047FA8007E6D0002E01DC002CE2DD28460E
:10E0300001F048FA0446284600F015FBE11704EB0E
:10E04000917100EBA1000BE0284601F03BFA044679
:10E05000284600F008FBE11704EB9171A0EBA1004A
:10E0600001B204B03A462846BDE8F04102F090BC47
:10E070004FF4806101F053FA18B10121284602F0F3
:10E080006AFC284600F070F9FCF7E6FC064602241C
:10E09000FDF708FD10B94046FCF77DF8FDF743FD9C
:10E0A000022801D0042800D106241EB144F0080142
:10E0B000284607E021462846FFF7C6F808212846EB
:10E0C0001DE0402104B0BDE8F041FFF7BDB840219C
:10E0D000FFF796FC284600F0FAFD02287FF424AFF3
:10E0E00002AA6946284600F0CCFA6946284601F0A3
:10E0F000F8FC02A9284601F0F4FC15E70E2104B053
:10E10000BDE8F041FFF77CBC002100F007FE0446AB
:10E110000021284600F0AAFE204302D0284601F044
:10E120004EFD284600F066F80646002406E0A86882
:10E13000006850F8240001F042FD641CB442F6D39C
:10E14000F2E60021012201F005F806B2284600217E
:10E15000042200F0FFFF04B20021284600F0DEFD9B
:10E1600007460021284600F081FE384305D142F2DF
:10E17000D170864201D08442BFD104B02846BDE8A8
:10E18000F04101F01CBD688C40F002006884F4E7A7
:10E190000021FFF7C9FA014604B04046BDE8F0414E
:10E1A000FCF742B810B50C4600B96068006868B169
:10E1B00001690029FAD00021E160026921469047F7
:10E1C000217E0120C90700D0002010BD012010BD14
:10E1D0008068002809D0002902DA4268511803D467
:10E1E00043680A468B4201D800207047006850F807
:10E1F000220070478068002800D04068704770B5E2
:10E200000C46054600F114012046F7F79AFAA86873
:10E21000002812D02188808A081A2080A968A08846
:10E22000898A0844A080A9686088898A401A608029
:10E23000A968E088898A0844E08070BD70B50C4602
:10E240000546002100F0C4FD06462146284600F0A0
:10E2500057F8704202B211462046F7F713FB00212F
:10E26000284600F0B1FE218808442080002128467D
:10E2700000F0E6FEA188081AA0800021284600F0E0
:10E2800027FF6188084460800021284600F04EFE88
:10E29000E188081AE08070BD70B50446002100F0E6
:10E2A00017FF05460021204600F040FE06460021EB
:10E2B000204600F08DFD0246204600F05AF8401B33
:10E2C000801B514200EB410000B270BD70B50446A6
:10E2D000002100F079FE05460021204600F0B0FE46
:10E2E00006460021204600F073FD0246204601F05C
:10E2F000E9F8401B801B514200EB410000B270BDA9
:10E300000A4600F114011046F7F71BBA10B5416830
:10E3100009B100F073F804460A48EBF71CF90EE067
:10E320000021426A05E0C36853F82130A34208D0B7
:10E33000491C8A42F7D801460248EBF71EF900282B
:10E34000EED110BD783801208068002805D0827E8B
:10E3500002F03F028A4201D800207047C06801EBFA
:10E36000410100EB810070478068002800D0806880
:10E370007047418BC08A081A401C00B2704770B5C4
:10E38000064600F037F8050001D000240AE000201E
:10E3900070BD21462846FFF71BFFB04201D1204641
:10E3A00070BD641C2846FFF725FFA042F1D84FF04E
:10E3B000FF3070BDF0B4468C00240425C6F305166A
:10E3C00013E000BFC76805EBC40C57F80C705FEA98
:10E3D000C71C09D527F07F479F4205D1C06850F878
:10E3E0003400F0BC03F0D1BD641CA642EAD8F0BCF6
:10E3F00000207047002800D04068704700B50146F3
:10E40000FFF7F8FF0028FAD1084600BD2DE9F047D4
:10E41000DFF8948006464446FFF7ECFE07460025E9
:10E42000DFF888A00EE0B0685146006850F825007B
:10E43000814601F07BF820B9B9F91A00A04200DB4F
:10E4400004466D1CBD42EED30021304600F046FE6E
:10E4500081460021304600F06FFD0746002130461E
:10E4600000F0BCFC0546444504D0708BC01B401B2B
:10E47000201A04B2304600F033FC80463046FFF7E5
:10E4800078FFA0EB0900C01B694200EB4101A8EB3B
:10E490000101304600F0EEF8081A00B2844200DDB7
:10E4A0002046BDE8F087000001E0FFFF0100040006
:10E4B000806818B1407E00F00F0070470F20704751
:10E4C0002DE9F84F0646002100F043FC012807D053
:10E4D000B068002802D0008A404200B2BDE8F88F40
:10E4E0000021304600F0B2FD00900021304600F0DF
:10E4F00071FD81460021304600F070FC804641F6F7
:10E50000FF7A54463046FFF775FE074600250EE0B9
:10E51000B0681949006850F82500834601F006F8F4
:10E5200020B9BBF91400A04200DC04466D1CBD42BA
:10E53000EED3544506D0B28A09EB08001044001B04
:10E5400004B200E00D4C304600F0D8FB05463046E2
:10E5500000F0B8FF0099411AA1EB0901C8F10000D1
:10E5600001EB4000291A304600F07DF8084400B263
:10E570008442B3DD2046B1E70100040001E0FFFF63
:10E580002DE9F0470646002100F0E3FB01280AD000
:10E59000DFF8A08030464446FFF72CFE07460025F2
:10E5A000DFF894A015E0B068002801D0B0F91000A1
:10E5B000BDE8F087B0685146006850F825008146F4
:10E5C00000F0B4FF20B9B9F91800A04200DB0446FE
:10E5D0006D1CBD42EED30021304600F037FD0746EA
:10E5E0000021304600F0F6FC81460021304600F064
:10E5F000F5FB0546444504D0308BC01B401B201A58
:10E6000004B2304600F07AFB8046304600F05AFFF4
:10E61000C11BA1EB0900694200EB4101A8EB01011C
:10E62000304600F020F8081A00B28442C0DD2046CF
:10E63000BEE7000001E0FFFF010004008068002841
:10E6400002D0007EC0F3810070478068002802D0AD
:10E65000007EC0F3011070478068002802D0408A15
:10E66000404200B270478068002802D0008A4042D1
:10E6700000B270478068002802D0408A404200B251
:10E6800070472DE9F04F91B016460C464FF0FF371A
:10E69000054600223B46114620460097F7F70CF945
:10E6A00000223B46114630460097F7F705F9102146
:10E6B000284600F034FF002816D0284600F007FB5B
:10E6C000070011D00020FDF7F3F98046022F08D093
:10E6D00010E0FDF71CFAA84209D04046FDF7E8F922
:10E6E0008046B8F1000FF4D111B0BDE8F08FB8F159
:10E6F000000FF9D02846FFF7AFFF05902846FFF737
:10E7000085FE0C902846FFF7DBFE0A902846FFF7AF
:10E7100037FF08902846FFF7CBFE8146002019F00E
:10E720000C0F009014D0012F10D0032F02D0022F15
:10E7300007D00DE00598002808DC0C98002805DCBF
:10E7400006E04046FDF7D4F90C2801D101200090E5
:10E75000002009905FEA897014D0012F10D0032F98
:10E7600002D0022F07D00DE00A98002808DC089894
:10E77000002805DC06E04046FDF7BAF9032801D180
:10E7800001200990009909980843ADD04FF48037D3
:10E790003946284600F0DDFA012800D000200E900E
:10E7A0003946284600F09AFC06903946284600F083
:10E7B000C3FB0F903946284600F00CFC80463946D2
:10E7C000284600F043FC814628460122394600F0E5
:10E7D000C1FC0FFA80FB2846FFF7CBFD04902846CA
:10E7E00000F070FE0390009800B1584682460998E8
:10E7F00000B15846109028463946212200F0AAFC64
:10E80000C0B2022808D228463946312200F0A2FCC4
:10E81000C0B20228FFF468AFDDE9040101440C989E
:10E82000A027084400B20B900098002870D00B98E5
:10E830000028FBD0E88A7080688BF0800E9840B189
:10E84000A98A01EB08003080ABF101010844B080D7
:10E8500007E0298BA1EB0900B080A0EB0B00401C66
:10E86000308006990498411A0F98091A1098081ACE
:10E870000499009048430B9990FBF1F000B2059089
:10E880000020F8F72FFC00EB8001502000EB410046
:10E89000B0F5A07F0ADB0020F8F724FC00EB800134
:10E8A000502000EB410090FBF7F000E001200599BB
:10E8B000884201DA084616E00020F8F713FC00EB66
:10E8C0008001502000EB4100B0F5A07F0ADB002062
:10E8D000F8F708FC00EB8001502000EB410090FBB2
:10E8E000F7F000E00120009900B2091A0AB2049B77
:10E8F0000B99C91A09B200290BDCE98A0698084469
:10E900007080698B0F98091A1098081A401EF080C1
:10E9100090E00C9B12FB03F393FBF1F1511A069A62
:10E92000EB8A1144194409B2401E71800844F080FA
:10E93000B5F9162006981044814238DA708000201C
:10E94000F8F7D0FB00EB8001502000EB4100B0F560
:10E95000A07F0ADB0020F8F7C5FB00EB8001502008
:10E9600000EB410090FBF7F000E00120B6F9021047
:10E970000844B6F90610884219DD0020F8F7B2FB0A
:10E9800000EB8001502000EB4100B0F5A07F0ADBD6
:10E990000020F8F7A7FB00EB8001502000EB4100BE
:10E9A00090FBF7F000E0012071880844F080B5F991
:10E9B0001A201098B6F90610121A0F98101A8142F0
:10E9C00038DDF0800020F8F78DFB00EB800150204F
:10E9D00000EB4100B0F5A07F0ADB0020F8F782FBD6
:10E9E00000EB8001502000EB410090FBF7F000E0CD
:10E9F0000120B6F90610081AB6F90210884219DA91
:10EA00000020F8F76FFB00EB8001502000EB410085
:10EA1000B0F5A07F0ADB0020F8F764FB00EB800173
:10EA2000502000EB410090FBF7F000E00120F1885E
:10EA3000081A70800A99039801440898084400B2A3
:10EA40000490099800283FF44FAE04980028FAD0AB
:10EA5000698B0F98081AE080A0EB0B00401C6080C7
:10EA6000A88A2080288BA0800399A1EB0801A1EB44
:10EA70000901A1EB0A00039900904843049990FB17
:10EA8000F1F000B202900020F8F72CFB00EB8000C0
:10EA9000502606EB40004FF4A07B584509DB0020D0
:10EAA000F8F720FB00EB800006EB400090FBF7F04E
:10EAB00000E001200299884201DA084613E00020B4
:10EAC000F8F710FB00EB800006EB4000584509DB2F
:10EAD0000020F8F707FB00EB800006EB400090FBFE
:10EAE000F7F000E00120009900B2091A0AB2DDE94E
:10EAF0000331C91A09B2002916DCA98A0E9840B15F
:10EB00004144AAF1010008442080298BA1EB0900AF
:10EB100008E001EB08002080298BA1EB0901A1EBA3
:10EB20000A00401EA080DFE5089B12FB03F393FB65
:10EB3000F1F1511A0E9A09B2EAB3AA8A401E53188B
:10EB400008EB0A02991809B221800844A080B5F99F
:10EB500014001044884233DD20800020F8F7C2FA08
:10EB600000EB800006EB4000584509DB0020F8F779
:10EB7000B9FA00EB800006EB400090FBF7F000E0F4
:10EB80000120B4F900100844B4F90410884217DDDC
:10EB90000020F8F7A7FA00EB800006EB400058458C
:10EBA0000ADB0020F8F79EFA00EB800006EB40003D
:10EBB00090FBF7F001E039E0012021880844A080B3
:10EBC000B4F90410B5F9182077E0A0800020F8F718
:10EBD00089FA00EB800006EB40005D46A84272DB3C
:10EBE0000020F8F77FFA00EB800006EB400090FB76
:10EBF000F7F0B4F90410081AB4F90010884292DA58
:10EC00000020F8F76FFA00EB800006EB4000A84206
:10EC10005BDB0020F8F766FA00EB800006EB4000B3
:10EC200090FBF7F0A188081A20805DE5AB8A41448B
:10EC3000194409B2401E21800844A080B5F914206F
:10EC400002EB0800814232DA20800020F8F74AFA0D
:10EC500000EB800006EB4000584509DB0020F8F788
:10EC600041FA00EB800006EB400090FBF7F000E07B
:10EC70000120B4F900100844B4F90410884216DDEC
:10EC80000020F8F72FFA00EB800006EB4000584513
:10EC900009DB0020F8F726FA00EB800006EB4000C5
:10ECA00090FBF7F000E0012021880844A080B5F92E
:10ECB0001820B4F90410A2EB0A02A2EB0900814269
:10ECC00083DC11E5FFE7012093E70120AAE78068D4
:10ECD00018B1007E00F00300704703207047000069
:10ECE00008B505496A46496800912C21FBF77CFA72
:10ECF000BDF9020008BD000004B0020808B50549CE
:10ED00006A46096800912C21FBF76EFABDF90000F4
:10ED100008BD000004B00208008C704710B509223D
:10ED200000F018FAC0B210BD10B5092200F012FAB6
:10ED3000C0B210BD662200F00DBA10B5502200F02E
:10ED400009FA00B210BD10B5162200F003FAC0B2E5
:10ED500010BD10B5162200F0FDF9C0B210BD10B5FF
:10ED6000162200F0F7F9C0B210BD10B5162200F05F
:10ED7000F1F9C0B210BD10B5162200F0EBF9C0B227
:10ED800010BD10B5162200F0E5F9C0B210BD70B587
:10ED90000C460546202200F0DDF9024621462846B1
:10EDA000BDE87040EAF7E4BC10B5212200F0D2F9CA
:10EDB000C0B210BD10B5682200F0CCF9C0B210BDD1
:10EDC00010B5342200F0C6F9002800D0012010BD93
:10EDD00010B5322200F0BEF900B210BD10B53222DB
:10EDE00000F0B8F900B210BD10B5322200F0B2F94F
:10EDF00000B210BD10B5322200F0ACF900B210BD67
:10EE000010B5322200F0A6F900B210BD10B53222C2
:10EE100000F0A0F900B210BD10B5172200F09AF969
:10EE2000002800D0012010BD034A10B5528900F01F
:10EE300091F9C0B210BD00004603002010B50422B5
:10EE400000F088F900B210BD10B5042200F082F97C
:10EE500000B210BD10B5042200F07CF900B210BD64
:10EE600010B5042200F076F900B210BD10B50A22E8
:10EE700000F070F980B210BD10B50A2200F06AF9F6
:10EE800080B210BD10B5492200F064F900B210BD87
:10EE900010B5062200F05EF900B210BD10B50522D3
:10EEA00000F058F900B210BD10B5602200F052F920
:10EEB000C0B210BD70B50E460546FFF7F5FF02283B
:10EEC0001AD9FF24FD2802D2C0EB0020040A0EB19B
:10EED000002603E02846FFF78DFA054655B1314676
:10EEE0002846FFF7E1FF022806D9FD28F2D2444365
:10EEF000240AEFE7022C01D8002070BDFD2C01D3BD
:10EF0000FF2070BD204670BD10B5372200F022F9F9
:10EF1000C0B210BD10B5382200F01CF900B210BD0F
:10EF200010B5352200F016F900B210BD10B511224F
:10EF300000F010F900B210BD10B5112200F00AF96E
:10EF400000B210BD10B5112200F004F900B210BDDE
:10EF500010B5112200F0FEF800B210BD10B511225C
:10EF600000F0F8F800B210BD10B5112200F0F2F870
:10EF700000B210BD10B5112200F0ECF800B210BDC7
:10EF800010B5112200F0E6F800B210BD10B5112244
:10EF900000F0E0F800B210BD10B5152200F0DAF86C
:10EFA00000B210BD10B5152200F0D4F800B210BDAB
:10EFB00010B5152200F0CEF800B210BD10B5152224
:10EFC00000F0C8F800B210BD10B5122200F0C2F86F
:10EFD00000B210BD10B5122200F0BCF800B210BD96
:10EFE00010B5122200F0B6F800B210BD10B5122212
:10EFF00000F0B0F800B210BD10B5122200F0AAF86F
:10F0000000B210BD10B5122200F0A4F800B210BD7D
:10F0100010B5122200F09EF800B210BD10B51222F9
:10F0200000F098F800B210BD10B5122200F092F86E
:10F0300000B210BD10B5122200F08CF800B210BD65
:10F0400010B5132200F086F800B210BD10B51322DF
:10F0500000F080F800B210BD10B5132200F07AF86D
:10F0600000B210BD10B5132200F074F800B210BD4C
:10F0700010B5132200F06EF800B210BD10B51322C7
:10F0800000F068F800B210BD10B5132200F062F86D
:10F0900000B210BD10B5132200F05CF800B210BD34
:10F0A00010B5132200F056F800B210BD10B51422AE
:10F0B00000F050F800B210BD10B5142200F04AF86C
:10F0C00000B210BD10B5142200F044F800B210BD1B
:10F0D00010B5102200F03EF800B210BD10B510229D
:10F0E00000F038F800B210BD10B5102200F032F870
:10F0F00000B210BD10B5102200F02CF800B210BD07
:10F1000010B5102200F026F800B210BD10B5102284
:10F1100000F020F800B210BD10B5102200F01AF86F
:10F1200000B210BD10B5102200F014F800B210BDEE
:10F1300010B5102200F00EF800B210BD10B510226C
:10F1400000F008F800B210BD10B5102200F002F86F
:10F1500000B210BD2DE9F843884606461446012149
:10F16000104603F029F80746002515E06B462246B5
:10F1700041463046F4F759FB0546012827D07FB1B8
:10F18000022D05D0B8F1000F02D04FF0000803E0C7
:10F190003046FFF72FF90646002EE7D1012D16D095
:10F1A000B8F1000F03D1012C05D0042C03D0204668
:10F1B00002F09AFF0AE031680FE0012C0AD0C88AF9
:10F1C00050B161B1012C0CD0B1F91600009000983B
:10F1D000BDE8F883888AF3E709680029EDD10020AB
:10F1E000F4E7B1F91400F1E710B50B22FFF7B2FF15
:10F1F00000B210BD10B54122FFF7ACFF00B210BD48
:10F2000010B54122FFF7A6FF00B210BD10B5422293
:10F21000FFF7A0FF00B210BD10B54222FFF79AFF22
:10F2200000B210BD10B54522FFF794FFC0B210BD6B
:10F2300010B54322FFF78EFF00B210BD10B540227B
:10F24000FFF788FF00B210BD70B50C460546552289
:10F25000FFF780FF024621462846BDE87040EAF7E6
:10F2600087BA5722FFF776BF5722FFF773BF57229F
:10F27000FFF770BF5722FFF76DBF5722FFF76ABF36
:10F280005722FFF767BF10B55822FFF763FF00B2A0
:10F2900010BD10B55822FFF75DFF00B210BD10B5CC
:10F2A0005922FFF757FF00B210BD10B55922FFF7E2
:10F2B00051FF00B210BD10B55922FFF74BFF00B24D
:10F2C00010BD10B55922FFF745FF00B210BD10B5B3
:10F2D0005922FFF73FFF00B210BD10B56A22FFF7B9
:10F2E00039FF00B210BD10B56A22FFF733FF00B23C
:10F2F00010BD10B56922FFF72DFF00B210BD10B58B
:10F300006922FFF727FF00B210BD10B50122FFF7F9
:10F3100021FF00B210BD10B50122FFF71BFF00B2A4
:10F3200010BD10B50122FFF715FF00B210BD10B5DA
:10F330000122FFF70FFF00B210BD10B50122FFF749
:10F3400009FF00B210BD10B50722FFF703FF00B29E
:10F3500010BD10B50822FFF7FDFE00B210BD2DE96B
:10F36000FF4107460888ADF800004888ADF8020064
:10F370000888ADF80400C888ADF806008888ADF8A4
:10F38000080048880C46ADF80A00A088ADF80C00CB
:10F39000E088ADF80E001D4616466946384601F075
:10F3A00027FE2B463246384601A901F021FE2B46A6
:10F3B0003246384602A901F01BFE2B46324638463B
:10F3C00003A901F015FEBDF90030BDF90400834228
:10F3D00001DA1D4600E00546BDF90810BDF90C2014
:10F3E000914201DA0E4600E01646B54205DA834244
:10F3F00001DA1A4604E0024602E0914200DA0A46C7
:10F400002280BDF90030BDF904108B4201DD1D469C
:10F4100000E00D46BDF90800BDF90C20904201DD69
:10F42000064600E01646B54205DD8B4201DD1A4670
:10F4300004E00A4602E0904200DD0246A280BDF9E7
:10F440000230BDF90620934201DA1D4600E0154660
:10F45000BDF90A10BDF90E00814201DA0E4600E046
:10F460000646B54205DA934201DA184604E0104632
:10F4700002E0814200DA08466080BDF90230BDF941
:10F4800006108B4201DD1D4600E00D46BDF90A0065
:10F49000BDF90E20904201DD064600E01646B54259
:10F4A00005DD8B4201DD184604E0084602E090428B
:10F4B00000DC1046E080052211462046F6F7E2F90E
:10F4C000BDE8FF81018B808A081A401C00B270479A
:10F4D00070B50546FEF78EFF040012D0E88AE18A77
:10F4E000451A2046FFF7C6F8054400212046FFF7DD
:10F4F000EFFD2D1A00212046FFF76AFC281A00B202
:10F5000070BDB5F9160070BD10B50446FFF7E0FFF9
:10F5100002462046FEF72DFF104400B210BDC06920
:10F52000814301D00020704701207047C069084026
:10F5300000D001207047008C084000D001207047A7
:10F54000F8B514460D4606465022FFF703FE00B2FA
:10F550006080002810D0304629465322FFF7FAFD7C
:10F56000C0B22073022807D929463046FFF7A2FC13
:10F57000022802D800202073F8BDFD2804D2217B88
:10F5800011FB00F0000A2073207B0228F4D95222DC
:10F5900029463046FFF7DEFD024629463046EAF7A7
:10F5A000E7F80090BDF8000020803046294654223C
:10F5B000FFF7D0FDA060304629465122FFF7CAFD73
:10F5C00000B10120617B002D60F382016173D3D013
:10F5D00029463046FFF7EEFB617B60F30101617362
:10F5E000F8BDF8B514460E4605464622FFF7B2FDB3
:10F5F000C0B2E072022807D931462846FFF75AFC0C
:10F600000021022801D8E172F8BDFD2804D2E27A77
:10F6100012FB00F0000AE072E07A0228F4D921809F
:10F620004FF480706080288BA98A4822401A401CC1
:10F6300000B200EBD0704010A080688BE98A401ABD
:10F64000401C00B200EBD0704010E08028463146EC
:10F65000FFF780FD10F0FF00A0720DD04722314669
:10F660002846FFF777FD024631462846EAF780F83C
:10F670000090BDF800002081002EC5D031462846FC
:10F68000FFF798FB2073F8BDF8B514460D46064603
:10F690005622FFF75FFDC0B2A076022807D929469F
:10F6A0003046FFF707FC022802D80020A076F8BDFC
:10F6B000FD2804D2A17E11FB00F0000AA076A07EF6
:10F6C0000228F4D929463046FFF7BEFD0090BDF868
:10F6D0000000A081304629465822FFF73BFDA0825A
:10F6E000304629465922FFF735FD608230462946CB
:10F6F0005A22FFF72FFDA17F60F30201A1773DB1F0
:10F7000029463046FFF756FBA17F60F3C501A1777C
:10F7100029463046FFF7A5FD2060304629465B228A
:10F72000FFF718FD2077F8BDF8B514460D460646DC
:10F730004E22FFF70FFDC0B22072022807D92946DA
:10F740003046FFF7B7FB022802D800202072F8BD30
:10F75000FD2804D2217A11FB00F0000A2072207AE1
:10F760000228F4D9304629464922FFF7F3FC00B2BB
:10F7700060800028EBD04D2229463046FFF7EAFC96
:10F78000024629463046E9F7F3FF0090BDF8000035
:10F790002080304629464A22FFF7DCFC00B2A080D8
:10F7A00028B1304629464B22FFF7D4FCE080304692
:10F7B00029464C22FFF7CEFC08B1012100E00021D0
:10F7C000607A61F38200810861F3C3006072002DEA
:10F7D000BDD029463046FFF7EDFA617A60F30101AA
:10F7E0006172F8BDF8B514460D460646FFF762FB98
:10F7F000074685B1022F09D80020E070A07684F872
:10F80000220084F82A0084F83600F8BD29463046E4
:10F81000FFF7D0FAA070304629460B22FFF79AFC7A
:10F820002080E078002855D0304629462122FFF775
:10F8300091FCC0B2E07002284CD929463046FFF74F
:10F84000A6FA0090BDF80000A08030462946262286
:10F85000FFF780FC010007D0487A400704D00A2255
:10F86000A01DFDF733FB35E0304629462322FFF784
:10F8700071FCE17B60F30201E173480721D0294666
:10F880003046FFF784FA0090BDF80000E0802222A5
:10F8900029463046FFF75EFC024629463046E9F726
:10F8A00067FF0090BDF800006081304629462422A1
:10F8B000FFF750FC2072304629462522FFF74AFC0C
:10F8C0002073304629462722FFF744FCE17B60F392
:10F8D000C501E173304629463222FFF73BFC00B2F6
:10F8E000208428B394F8220010B3304629463122F0
:10F8F000FFF730FCC0B284F82200022818D9304645
:10F9000029463322FFF726FC94F82310302260F3B7
:10F91000450184F8231029463046FFF71BFC0246B8
:10F9200029463046E9F724FF0090BDF80000E08347
:10F9300029463046FFF7F4FAE084E8B194F82A004B
:10F94000D0B129463046FFF7DFFA84F82A000228B2
:10F9500012D929463046FFF7DDFA2085362229469E
:10F960003046FFF7F7FB024629463046E9F700FF2D
:10F970000090BDF80000A084A07E80B330462946E8
:10F980002822FFF7E7FB206148B3304629462922A9
:10F99000FFF7E0FBC0B2A076022820D92069FCF76F
:10F9A0006FF802286CD02A2229463046FFF7D2FB96
:10F9B000024629463046E9F7DBFE0090BDF800001C
:10F9C0002083304629462B22FFF7C4FBE0763046E1
:10F9D00029462C22FFF7BEFB00B10120207794F8C6
:10F9E000360070B329463046FFF728FCE08540B367
:10F9F00094F83600022824D929463046FFF712FC35
:10FA000084F8360002281CD929463046FFF7F2FB5D
:10FA1000208629463046FFF7F9FB608629463046A6
:10FA2000FFF706FCA086442229463046FFF792FBEA
:10FA3000024629463046E9F79BFE0090BDF80000DB
:10FA4000A085FD2FBFF4E1AE14F8030F10FB07F003
:10FA5000000A04F8140BE07810FB07F0000AE070CD
:10FA6000E07A10FB07F0000AE072E07C10FB07F080
:10FA7000000AE074E07F10FB07F0000AE077F8BDB1
:10FA800029463046FFF7EDFB606129463046FFF717
:10FA9000DBFB0090BDF800002083A0E77CB50546A5
:10FAA000E9F736FE044605F114016846F5F749FE0C
:10FAB000BDF800006946001BADF80000BDF802006B
:10FAC000001BADF80200BDF804002044ADF80400AE
:10FAD000BDF806002044ADF80600284600F001F805
:10FAE0007CBD7CB50C460546FEF710FCF7F768FBBD
:10FAF00000280FD021466846F5F723FE69462846C0
:10FB0000FDF798FD002805D02846FEF7FFFB694663
:10FB1000E9F7A6FC7CBD0068002808D0017E8907B3
:10FB2000F9D0007E00F00300012800D000207047CB
:10FB30000068002809D0017E11F00C0FF8D0007E7B
:10FB4000C0F38100012800D00020704710B50446A2
:10FB50000849FFF7EBFC08B1002010BD2046FEF776
:10FB600049FC0028F9D00021FFF786F90028F4D0DD
:10FB7000012010BD010006007CB50546E9F7C8FD6F
:10FB8000044605F114016846F5F7DBFDBDF80000F9
:10FB90006946001BADF80000BDF80200001BADF87F
:10FBA0000200BDF804002044ADF80400BDF80600D2
:10FBB0002044ADF806002846FDF73CFD7CBD10B59D
:10FBC000418C41F001014184FEF718FC418C41F069
:10FBD00004014184FEF79AFB4068002803D0BDE889
:10FBE000104003F0D7BB10BD2DE9F04799461746EA
:10FBF00088468246FEF7FEFA0646002523E000BF4F
:10FC0000DAF80800B9F1000F006850F8254005D077
:10FC10004FF480212046FFF782FC98B9A18A002387
:10FC200001EB0800A082E08A3A463844E082218B4A
:10FC300001EB08002083608B4146384460832046F6
:10FC4000FFF7D2FF6D1CB542DAD3BDE8F0872DE98E
:10FC5000FF47456816460F4604469DB300212846D7
:10FC6000FFF7B2F9804600212846FFF731FA8146B6
:10FC70004FF480212046FFF752FC48B1A98A07EBD8
:10FC80000800084407B2E98A06EB0900084410E0BE
:10FC90002846FEF7E8FCAA8A02EB0801081A384455
:10FCA00007B22846FEF7E6FCEA8A02EB0901081AC9
:10FCB000304406B200212846FFF78AF8391830444C
:10FCC0000FB206B2A08A381A07B2E08A301A06B21A
:10FCD0000FB9002E40D02046FFF7E0FE02A92046D3
:10FCE000FEF70EFB4FF0000875B169462846FEF797
:10FCF000A5FA0022694602A8E8F797FF5FEA000824
:10FD000002D1284600F070FEA08A32463844A08214
:10FD1000E08A39463044E082208B00233844208337
:10FD2000608B304460832046FFF75EFF8DB1224632
:10FD300022212846FAF758FA2046FFF7AFFE0022A4
:10FD4000694604F11400E8F770FFB8F1000F07D11D
:10FD500004E02046FFF7A2FEBDE8FF870028FBD0A5
:10FD6000284600F041FEF7E770B50C00064604D5C2
:10FD7000FEF740FBFEF73EFA04443046FEF7FFFA7A
:10FD800002463046FEF736FB0546002C2DDBFEF71B
:10FD900031FAA04229DD944227D015DA6FF0030131
:10FDA000A24214DDA86801EB82030068C35840F842
:10FDB0002230521EF4E7A86801EB82030068C358A2
:10FDC00040F82230521C00E00421A242F3DBA86874
:10FDD00000222221006840F824602846FAF704FA3D
:10FDE0002846BDE87040FFF759BE70BD2DE9F041CF
:10FDF0000D460646FEF729FCA0B93046FEF72CFC5E
:10FE000004463046FEF702FB00280BDA002C09DD21
:10FE10004042844200DB044622B22B460021304699
:10FE200000F08AFC3046FEF709FC002825D1304658
:10FE3000FEF746FB04463046FEF7A2FB07460021CC
:10FE40003046FEF786FF01280BD0002F15DA002C74
:10FE500013DD7842844200DB044621B22B460022A7
:10FE600006E0002C09DA002F07DD2B460022214690
:10FE70003046BDE8F04100F05FBCBDE8F0812DE9FF
:10FE8000F047894686B00446866802A94846FEF7D0
:10FE900037FA4846E9F73CFC0146024602A8F5F766
:10FEA000F1FC02AA314604A8E8F797FE4FF40025BA
:10FEB0000DF1100A20B929464846FFF730FB98B1EA
:10FEC0004FF00108224614214846C4F808A0FAF76A
:10FED0008BF9224615214846FAF786F92246162163
:10FEE0004846FAF781F901E04FF0000829464846F4
:10FEF000FFF715FB20B1306800907068019006E0B4
:10FF000009F1140231466846E8F767FE90B1C4F87B
:10FF100008D04846FEF76EF90746002508E0D9F8F4
:10FF20000800006850F82510204605F055F96D1CB2
:10FF3000BD42F4D3B8F1000F10D022461721484635
:10FF4000C4F808A0FAF750F9224618214846FAF7F3
:10FF50004BF9224619214846FAF746F9A66006B041
:10FF6000BDE8F0872DE9F14F82B00298FFF7EEFD72
:10FF700000287CD10298FEF73DFA009000210298FB
:10FF8000FFF7E1F9824600210298FFF7E2F9074600
:10FF9000009868B1FEF79AF981460098FEF77CF95F
:10FFA0000546CAF341304FF0640B012803D012E03C
:10FFB0003A46514692E02AF4C040B0F5FA6F0ADCA6
:10FFC000B0F57A7F01DDC0F57A7000FB09F090FB97
:10FFD000FBF00FFA80FAC7F3413001280DD127F466
:10FFE000C040B0F5FA6F08DCB0F57A7F01DDC0F5EE
:10FFF0007A70684390FBFBF007B200216B220298F5
:020000040802F0
:10000000FFF7A8F806B200216C220298FFF7A2F8C9
:1000100002B20298FFF756FA80460298FEF7A9F955
:100020000446C6F3413001280ED126F4C040B0F595
:10003000FA6F09DCB0F57A7F01DDC0F57A7000FB5C
:1000400008F090FBFBF006B2C2F3413001280DD15D
:1000500022F4C040B0F5FA6F08DCB0F57A7F01DD1C
:10006000C0F57A70604390FBFBF002B200E055E00F
:100070000AEB060006B2B81807B200210298FEF794
:1000800053FE50B1012827D0801E082824D2DFE873
:1000900000F00B13202B3318383B00210098FEF79B
:1000A00052FE012808D017E009EBD971491008EB7E
:1000B000D870A1EB600001E0A9EB0800304406B263
:1000C0000AE005EBD570401004EBD471A0EB6100A1
:1000D00000E0281B384407B23A463146029803B084
:1000E000BDE8F04FFFF7B3BD09EBD971491008EB3C
:1000F000D870A1EB600001E0A9EB0800304406B223
:10010000E7E7A9EB080006E009EBD971491008EB15
:10011000D870A1EB6000304406B2D2E7BDE8FE8F94
:100120002DE9F04F0446408C87B0010501D540050C
:100130007ED42046FEF75EF95FEA000878D02046BC
:10014000FEF7BEF90190608C002600054FF4FA6BB3
:1001500042F2D17A03D52046FFF7B4F95DE00021E1
:100160002046FFF7D2F80546504501D1012600E0B0
:100170000026C5F34130012805D125F4C04058457B
:1001800001DC012000E0002081464046FEF79EF899
:10019000074626B12046EAF7D7FC05462BE0B9F121
:1001A000000F28D0B8F82200000518D400214046DE
:1001B000FFF7ABF8504512D100212046FEF708FEAC
:1001C000054600212046FEF7FFFE00EB0509002151
:1001D0002046FEF735FF411901EB09000AE025F43E
:1001E000C040B0F57A7F01DDC0F57A7078436421B4
:1001F00090FBF1F005B2204600210222FEF7AAFF93
:100200000FFA80F9204600210322FEF7A3FF02B275
:100210003B4649462846F6F7ECFB07462046FEF7E4
:100220001BFA0090608C4FF00009400505D500E0F6
:100230006BE02046FEF79DF853E000212046FEF7D4
:10024000FDFDA0F51C510546D13906D000208146A0
:10025000C5F34130012802D007E00120F7E725F47B
:10026000C040584501DC012000E0002083464046A4
:10027000FEF712F88246B9F1000F04D02046EAF7E3
:10028000F1FB05461BE0BBF1000F18D0B8F82200C7
:10029000400507D400214046FEF7D0FDA0F51C51D3
:1002A000D13936D025F4C040B0F57A7F01DDC0F5F4
:1002B0007A7000FB0AF0642190FBF1F005B2204651
:1002C00000210522FEF746FF0FFA80FB20460021A1
:1002D0000622FEF73FFF02B2534659462846F6F77C
:1002E00053FB054656EA090605D0DDE90021002347
:1002F000204600F022FB2046FFF7E4F8B8421BD16D
:100300002046FEF736F8A84216D1002007B0BDE817
:10031000F08F00212046FEF75BFD054600212046B8
:10032000FEF7D6FE00EB050B00212046FEF7FEFD92
:10033000411901EB0B00C1E72046FFF7AFFB02A913
:100340002046FDF7DDFF04A94046FDF777FF0022B8
:1003500004A902A8E8F769FC060002D1404600F0B3
:1003600043FBE08A6D1E2844608300212046FEF78F
:10037000EAFC01281CD0A08A7F1E3844208302AAF0
:1003800029212046F9F730FF224622214046F9F77D
:100390002BFF2046FFF782FB608C002240F002001A
:1003A000608404A904F11400E8F73FFC36B904E0C6
:1003B000208BC01B401CA082E1E710B1404600F03A
:1003C00013FB204600F002F801209FE738B50446F1
:1003D000E9F79EF905460020ADF800006A461321B2
:1003E0002046F9F701FFBDF90000A84202D02046DF
:1003F000FFF754FBA06818B1BDF80010C18209E0F6
:10040000BDF8000030B12046FDF7F6F8A168BDF850
:100410000000C882BDF90000A84202D02046FFF7C4
:100420003DFB38BD70B505460021FEF76EFF044662
:1004300000212846FEF702FD42F2D1718C4203D022
:10044000884201D0002070BD2846FFF7B8FB01208C
:1004500070BD00002DE9F84F0446514890460D4606
:100460000078002870D02046FFF718FB05F47F05C0
:100470000421404601F0A0FE06460221404601F05C
:100480009BFE81460121404601F096FE009010211E
:10049000404601F091FE07464FF6FF7BEEB1B5F501
:1004A000702F12D08DB1204600210422FEF752FE9B
:1004B00000B242F2D17A504507D0204600210122F5
:1004C000FEF748FE00B250454DD100222A212046B9
:1004D000F9F78AFE2046FFF772FB4FF4702A554564
:1004E00000D085BBD84500D02EB12046FDF782FF55
:1004F00008B1FFF764FB554500D025BB1FB320466C
:1005000000216E22FEF726FE00B240B920460021EF
:100510006D22FEF71FFE00B2B0F5807F01D00227EA
:1005200014E0204600216122FEF714FEC0B2FF282D
:1005300007D1204600216822FEF70CFE10F0FF0FC5
:1005400003D0012702E00EE028E00027A06820B1D8
:10055000817E67F38711817605E027B12046FDF79C
:100560004BF8A068F4E75F46B84502D0B9F1000F38
:1005700002D02046FFF72AFF2046FFF78FFAB84542
:1005800004D0009949EA0600084207D0B5F5803F3B
:1005900004D02046BDE8F84F05F0E6B8BDE8F88F76
:1005A000380300202DE9F04104460E46408C00211E
:1005B00015460423C0F305100BE000BFE26803EB0F
:1005C000C107D259D70103D522F07F42AA4202D0F7
:1005D000491C8842F2D8884202D10020BDE8F0814F
:1005E000E06850F83100314601F020FE28B1324673
:1005F00029462046FFF72EFF01E00028EED001201B
:10060000ECE72DE9F05F4FF6FF7A0F0005461FFA81
:1006100082F802F47F09564602D0F87900B9002624
:100620000024214659E0EA68042000EBC40B9646FA
:1006300052F80B00C0F307424FEA024C524683B215
:10064000904501D0434509D1B9F5702F01D0CC4573
:1006500004D12FB15EF83430BB4201D0641C3CE0C1
:10066000800104D500234946284608F097FBE86836
:1006700050F80B10CA0101D489010CD550F8340090
:1006800001F033FEE86850F83400FCF7E3FBE9685A
:10069000002041F83400204608220AE0E96802EB15
:1006A000C00C01EBC0036144401CD1E900C1C3E9A7
:1006B00000C1698CC1F30511491E8142EED8688CD6
:1006C0000109491E61F309106884C0F30510C100D7
:1006D000E868FCF7E3FB0121E860688CC0F30510D3
:1006E000A042A0D8002908D0002E06D032464946A4
:1006F0002846BDE8F05FFFF7ADBEBDE8F09F000003
:1007000070B506460B480078002812D000200CE097
:10071000002506E0E06850F82510304605F001F9A4
:100720006D1C606AA842F5D82046F6F713FD040058
:10073000EED170BD380300202DE9F0411646074682
:1007400092B00D4651EA06007AD0012B1DD03E49E9
:100750003846F4F7B1FA3D493846F4F7ADFA0022CD
:1007600009213846F9F740FD012869D1324629466A
:100770003846E8F7D9FF012862D112B03846BDE803
:10078000F04100220A21F9F72FBD3846FDF7BEFDE2
:1007900080466846F4F7E2FA2D484FF4C874009793
:1007A00003902DB34046F6F7AFFC40102A460021D7
:1007B000F4F725FBC82801D2C82002E0A04200D9E6
:1007C00020460B903846FDF74EFF4142281A08910B
:1007D000CDE909101D4801901E4807906A4609217D
:1007E0003846F9F701FD01282AD16846F4F714FBD1
:1007F000002E25D04046F6F7CDFC401032460021B1
:10080000F4F7FDFAC82801D2C82002E0A04200D9BE
:1008100020460B903846FDF72DFF4142301A0891D3
:10082000CDE90910084801900A4807906A46092155
:100830003846F9F7D9FC012802D16846F4F7ECFAFA
:1008400012B0BDE8F0810000095E0208F15D020807
:10085000DB5A0208914D01082DE9F0471546824602
:1008600099460C4651EA050065D0504600F0F0FB71
:100870005046FDF7F8FE40420FFA80F808EB0400FE
:1008800004B200215046FEF764FA012813D0002C70
:1008900013DC25DA5046FDF713FE06465046FDF7F9
:1008A0006FFE304400B2002800DA0020404284424B
:1008B00016DA04B214E0002C02DA4FF000040FE064
:1008C0000EDD5046FDF7FCFD06465046FDF758FE8E
:1008D000304400B2002800DA0020844200DD0446E3
:1008E0005046FDF7C7FE404206B2701905B2002D12
:1008F00002DD4FF0000510E00FDA5046FDF7ACFEC8
:1009000007465046FDF782FD384400B2002800DA61
:1009100000204042854200DA05B2A4EB080001B293
:10092000A81B02B251EA020005D04B465046BDE872
:10093000F047FFF701BFBDE8F08770B516461D46CA
:1009400004461A4600F024F82A4631462046BDE8FF
:10095000704000F033B8F8B50E46044600F078FB5E
:10096000002000902046FDF745FD054604F11407E0
:100970000AE033466A462146384605F0BBF82C4665
:100980002046FDF737FD0546002DF2D1F8BD0000E9
:1009900070B50D46144606460749F4F78DF9304602
:1009A000FDF761FE401B01B223463046BDE87040B2
:1009B0000022FFF751BF0000F15D020870B50D463F
:1009C000144606460749F4F777F93046FDF752FE1C
:1009D000401B02B223463046BDE870400021FFF7BD
:1009E0003BBF0000095E02081FB5044602AA694623
:1009F000FDF747FE6846F4F719FF20B902A8F4F79F
:100A000015FF002810D06846F4F710FF18B16946AA
:100A10002046FFF766F802A8F4F708FF002803D085
:100A200002A92046FFF75DF81FBD70B50D460446CC
:100A3000FCF7E2FDA068858270BD38B50C4605461E
:100A400000236A460421FDF7B5FC012807D00028E1
:100A500004D100222146284600F0CBF938BD009889
:100A6000A042F6D138BD2DE9F0410C4615461F468F
:100A700006461946F2F7B8FD2A46214601F0ECFC7D
:100A8000224639463046BDE8F041FFF7E3BC70B579
:100A9000064640680C46002863D0002C61D03046E2
:100AA000FEF7FCFF2046FCF7A7FD30467568FDF712
:100AB00066FC0146042207E0A86802EB8103006897
:100AC000C35840F82130491C2846FDF793FB801E8F
:100AD0008842F1DAA9684868401E4860A96805D0D4
:100AE000820008681146FCF7D9F903E00868FCF7B2
:100AF000B1F90020A9680860A1684868401C4860F6
:100B0000A26881001068FCF7C9F9A1680860204656
:100B1000FDF770FB6FF0030101EB8000A16809682D
:100B20000E5028467460FFF75FFF324622212846A8
:100B3000F9F75AFB002224212846F9F755FB3246E3
:100B400022212046F9F750FB002223212046F9F705
:100B50004BFB3046FFF733F83046BDE87040FEF7F8
:100B60009DBF70BD70B51546044600F010FA2946C9
:100B70002046BDE8704000F020BA70B50C4605462E
:100B8000FCF73AFDA868017E01F00302A24207D0FB
:100B900064F3010101762846BDE87040FEF77EBF90
:100BA00070BD70B51546044600F0DBF929462046B5
:100BB000BDE87040FFF741BF2DE9F34F8FB081468C
:100BC000008C109988427DD00490A9F820104846E6
:100BD000109A0499E8F78AFE5FEA000872D04FF491
:100BE00020742046FCF7D8F821460390FCF740FA21
:100BF0000024204672E000BFD9F80C00042200EB6C
:100C0000CA0102EBCA050A91405920F07F4000F06A
:100C1000EDF90590D9F80C00405920F07F4000F024
:100C2000E2F9069010990598884355D10A984068D2
:100C3000800151D40A980BAA6721006801F0A8F935
:100C4000012849D100270B9D40E000261EE000BF8F
:100C5000039806EB860100EB81010E91D1F804B0F8
:100C6000584600F0C3F90890584600F0BCF92968CE
:100C700031F817200E9909898A4206D106998842CF
:100C800003D105990898884202D2761CA642DFD388
:100C9000A6421AD1039A04EB8400A98922F82010F5
:100CA000039A298A02EB80004180A968C160296803
:100CB00031F817100181696801610A99496821F0CA
:100CC0007F4100E04DE0641C41607F1C286830F8E3
:100CD000170008B1202CB8D30AF101008246B9F8F8
:100CE0002200C0F30511514501D9202C84D30025E1
:100CF00010E000BF039805EB850100EB81067068EA
:100D000000F071F9014600964846109B049AE8F7F6
:100D10004FFD6D1CA542EDD30398FCF789F8B8F19F
:100D2000010F0ED0B8F1030F11D0B8F1020F18D196
:100D30004846FEF7B3FE11B04846BDE8F04FFFF756
:100D400045BB11B04846BDE8F04FFEF7A7BE11B055
:100D50004846BDE8F04F4FF6FF724FF47021FFF7A1
:100D600079BB11B0BDE8F08F13460A460921FFF7A1
:100D70007ABE07B481B01346BDF80810ADF8001074
:100D8000009A202104B0FFF76EBE13460A462321C5
:100D9000FFF769BE13460A462921FFF764BE1346D2
:100DA0000A462B21FFF75FBE13460A462121FFF7B3
:100DB0005ABE07B481B01346BDF80810ADF8001054
:100DC000009A302104B0FFF74EBE13460A46312187
:100DD000FFF749BE13460A463321FFF744BE1346C8
:100DE0000A463221FFF73FBE13460A461721FFF796
:100DF0003ABE13460A460421FFF735BE13460A469B
:100E00004621FFF730BE13460A464821FFF72BBEA6
:100E100007B481B01346BDF80810ADF80010009A71
:100E20004D2104B0FFF71FBE13460A464E21FFF7BF
:100E30001ABE13460A464C21FFF715BE13460A4652
:100E40004921FFF710BE13460A466021FFF70BBE8B
:100E500070B514460D46064600F016F8224629469F
:100E6000304600F016F822462946304600F016F8C3
:100E7000224629463046BDE87040AFF30080134655
:100E80000A461121FFF7EFBD13460A461221FFF76C
:100E9000EABD13460A461321FFF7E5BD13460A468D
:100EA0001021FFF7E0BD13460A460B21FFF7DBBD1B
:100EB00007B481B01346BDF80810ADF80010009AD1
:100EC000442104B0FFF7CFBD13460A464121FFF786
:100ED000CABD13460A464221FFF7C5BD13460A465E
:100EE0004521FFF7C0BD13460A464321FFF7BBBDAE
:100EF00013460A464021FFF7B6BD13460A465B215A
:100F0000FFF7B1BD07B481B01346BDF80810ADF8C6
:100F10000010009A552104B0FFF7A5BD13460A46FC
:100F20005721FFF7A0BD13460A465821FFF79BBD86
:100F300013460A465921FFF796BD13460A46562125
:100F4000FFF791BD13460A460121FFF78CBD1346FA
:100F50000A460721FFF787BD13460A460821FFF717
:100F600082BD38B50C46054600236A460121FDF7CF
:100F700021FA012807D0002804D100222146284662
:100F8000FFF7E0FF38BD0098A042F6D138BD38B574
:100F90000C46054600236A460721FDF70BFA012897
:100FA00007D0002804D1002221462846FFF7CFFFB2
:100FB00038BD0098A042F6D138BD38B50C4605467C
:100FC00000236A460821FDF7F5F9012807D000281B
:100FD00004D1002221462846FFF7BEFF38BD009805
:100FE000A042F6D138BD00F47F00704780B2704750
:100FF0002DE9F0411E4615468846070025D0E8F742
:101000008DFB022813D000249EB13DB13846FDF778
:10101000F1F933462A464146FFF7EAFF002C14D087
:10102000324641463846BDE8F04107F00BBF012487
:10103000EAE724B132464146384607F003FF002D67
:1010400003D03846FDF7D6F9D7E7BDE8F0810000B8
:1010500070B50B4D2978002911D101212970FDF7B8
:10106000CDF9044606E000BF20F00400608420466D
:10107000F3F710FC608C4107F6D40020287070BD97
:101080003003002008B5132802D209B1042905D97C
:10109000F5F7F8FC0090BDF8000008BD044A491EB1
:1010A000C9B202EBC00000EB4100008808BD00009F
:1010B000885D030808B5132802D209B1052905D9AE
:1010C000F5F7E0FC0090BDF8000008BD054A491E98
:1010D00000EB8000C9B202EB400000EB4100008849
:1010E00008BD0000CA5C030808B5132805D3F5F74E
:1010F000C9FC0090BDF8000008BD024901EB4000AA
:10110000008808BDA45C0308002801DAC0F57A70E5
:1011100040F4005000B270472DE9FE4F17460C0016
:1011200005461E4602D1B7F5807F73D028883188E6
:10113000401A01B2298068887288801A00B26880DB
:10114000002C69D0DFF80CB1DBF80000A04244D0DD
:101150002046B4F5616F01DDA4F56160002801DA75
:1011600000F561600A2190FBF1F8C8F1000101EB84
:10117000810100EB410908F1010A0FFA88F002F041
:101180001BFA02900FFA8AF002F016FA08F15A01DF
:10119000019008B202F010FA0AF15A01009008B268
:1011A00002F00AFA03460298C9F10A0808FB00F1A6
:1011B0000198009A00FB09110A2091FBF0FC08FB42
:1011C00002F103FB09120A2192FBF1F14FEA6C12C2
:1011D0004911CBE90121CBF80040B5F90010B5F970
:1011E0000200B7F5807F21D0DBF80820DBF804305F
:1011F00002FB01F403FB1044B6F800C07C434B43F0
:101200000CEBA4442C8002FB00307188784301EB86
:10121000A0406880BDE8FE8F3288794302EB21212F
:1012200029805988784301EB2020F2E7DBF8083069
:10123000DBF8042003FB01F402FB104437884A4327
:1012400007EBA4242C8003FB0020718801EBA02075
:10125000DFE70000BC03002010B5B0F90420B0F9AE
:1012600000304088D21A02EBD27252100C8813441C
:1012700049881044E31A081A12FB02F113FB03F227
:1012800010FB0020884201D8012010BD002010BDB5
:1012900010B5E5F745F80D4A4FF4C853A2F548518B
:1012A000A1F11C00F5F711FE0948F5F71DFE0848ED
:1012B0004FF4A0710180F021418006494161064947
:1012C000C160BDE81040F5F739BE0000B805012047
:1012D000B8370120EDBF00089CD300202DE9FC4168
:1012E0000E46002507462A461431E7F79EFC0028E3
:1012F00026D001213046FEF712F900BB3046E8F750
:101300000DFAE0B900208DF800006A46122130463F
:101310000197F8F769FF9DF8000002280FD03046CA
:10132000FCF768FF401E04000ED4B068006850F857
:1013300024103846FFF7D2FF050009D102E0002053
:10134000BDE8FC81641EF0D59DF8000000B935466B
:101350002846F5E72DE9FC410025DFF8B4804FE091
:10136000294491F83011E9BB002441E0011991F8BA
:101370003011C1BBA5423AD000EBC40100EBC5005F
:1013800030303031E7F7A5FC68B37068B04600EB49
:10139000C40200EBC501684630313032E7F798FDF2
:1013A0006846F4F743FA0646D8F8040000EBC50097
:1013B0003030F4F73BFA0746D8F8040000EBC400DD
:1013C0003030F4F733FA3844864210D2D8F80400AB
:1013D000464600EBC50069463030F4F7BBF9012002
:1013E000716801E00BE002E0214481F83001641CE7
:1013F000D8F804004646B0F85011A142B6D86D1C8A
:10140000D8F80410B1F85021AA42A9D8BDE8FC814F
:101410003C03002010B50446F3F7EEFC34B16068DD
:1014200000280ED0BDE81040E7F774BD002004E0AE
:10143000606808B1E7F76EFD2046F5F78BFE040003
:10144000F6D110BD10B591F82A000C4620F001002D
:1014500081F82A0000208884C8840885102120464D
:10146000FCF794FA4FF400712046FCF78FFA2146FE
:101470000548FCF7DDF9FCF74FFA2046BDE81040BF
:10148000002202A100F00AB9686003084F70746975
:101490006F6E20310A4F7074696F6E20320A4F7080
:1014A00074696F6E20330A4F7074696F6E20340A4E
:1014B0004F7074696F6E203500000000F8B50E465D
:1014C0005648FCF76FFE01282ED13046F8F74CFE47
:1014D00005463046F8F786FE04462C2D1CD02A2DF2
:1014E00023D0292D2DD0012D2DD0022D37D0082D20
:1014F00050D0032D4ED00E2D50D00F2D5DD00D2D80
:1015000066D0132D7CD0152D01D0182D0CD130466E
:10151000BDE8F840EEF72DB83046F8F761FE054615
:101520002046F2F705FB2880F8BDF2F75AF818B10B
:1015300000222A21F8F758FE2046FEF773FF00210B
:1015400041E0002140E0A06A20F400312046A16281
:10155000F2F747F8BDE8F8403149F3F7ADBBFAF7C9
:10156000A1FA6946FAF7E4FABDF802000028DBD0D8
:101570002046F2F736F80546FDF7AAFFBDF802103F
:10158000084401B22846FFF718FDA06A40F4003075
:10159000A062F8BDBDE8F84004F006B9FCF7E4FE2F
:1015A000F9F75AFA0546FAF77DFAFAF7BCFA042871
:1015B00000D115B1E08C2085F8BDE18C208D8142F1
:1015C000FAD0E08401212046BDE8F84003F052BF84
:1015D0003046F8F705FE0078132812D0122810D0F4
:1015E000142801D01128E7D1E08C0028E4D0258D03
:1015F000401E81B20122204600F0BBF82585F8BDCF
:1016000006E0E08CA18C401C8842F8D2258DF0E7E2
:10161000F1F7E7FFBDE8F840FEF7D8BE4C600308DD
:10162000755F020870B50E460846F8F79DFD044642
:10163000152805D031461848FCF7B4FD012823D100
:101640003046F8F7CFFD0546132C08D0292C1CD0C6
:10165000152C19D13046BDE87040ECF731BE30464C
:10166000F8F7BEFD04462846FCF7C4FEF2F760FA20
:1016700006462846FDF726FF0246B4F90000B11AD7
:10168000884200DC0846208070BDFCF7B3FEBDE850
:101690007040002103F0EEBE686003082DE9F84FAA
:1016A00015465FEA010904460DD02046F1F799FF7F
:1016B0004FF0000B0090A4F826B0A4F828B0A4F8CE
:1016C00024B0584606E0FEE70A2902D1A18C491C45
:1016D000A184401C19F800100029F5D1A08C401CF1
:1016E000A08494F82A00DDB340F0010184F82A10A8
:1016F0004846DFF76BF8471CC7EBC7008246FBF78D
:101700004BFB06460025A0F1010800BF07FB056062
:101710004946DFF737F86D1C07FB05F10A20EDB2EB
:1017200001F80800072DF1D30AEB060101F801BC0E
:1017300031460098FBF766F93046FBF779FBA08C41
:1017400000EB4001E184C0EBC000A0842046F2F72A
:10175000EFFBE08C20850098BDE8F84FFEF736BE21
:1017600020F0010084F82A0049460098FBF74AF966
:10177000EFE7F0B490F82A30DC07838C1ED0072402
:10178000B3FBF4F4C58CA142B5FBF4F716D207FB0A
:101790001455AEB20FFA86FCACEB0105002D01DC4E
:1017A000A1EB0C05B5EB540F05D90D468E4201D9BE
:1017B000291900E0291B04FB071189B28B4200D8CC
:1017C000591EC1840185F0BC114603F053BE10B50B
:1017D000F5F782FCBDE81040F5F7C6BC2DE9F047EF
:1017E000A6B09946154688460646DDF8B8A0FCF72F
:1017F0008DFD0446FFF7EBFF0746B04275D0A069A8
:10180000B04272D0B8B10021F3F756FA0022114667
:10181000A069FFF7A7F900226021A069FEF7C2FEC8
:1018200094F82800800702D53846FCF74BF9A069E8
:10183000074604F028F9A661606938B194F82810C9
:10184000890703D5FCF73EF9002060614046B8F1F6
:101850000A0F55D00B2853D00C2851D00D284FD04B
:10186000B8F10E0F4CD0002194F8280061F300006D
:101870006AF3410084F8280000213046F3F71CFA8F
:10188000FFF7A5FF0021F3F717FA002211463046B3
:10189000FFF768F9FFF79BFF00221146FFF762F997
:1018A000002260213046FEF77DFEFFF790FF002208
:1018B0006021FEF777FE55EA090023D014A8F3F75C
:1018C0004DFA56481690564814961790C9F10006DE
:1018D000CDE91F5603A8F3F741FA2069CDE90E566A
:1018E0000390B8F10F0F26D200E014E0DFE808F013
:1018F000161A242A3037475B6C7D8240516476008B
:101900000121B1E7304604F0BEF8BAF1000F02D071
:101910003846FCF7D7F826B0BDE8F0874148159067
:10192000002004E03F4815902046F5F7EDFB00212C
:101930001C90CDE91D0164E03A4815902046F5F76A
:10194000E3FB0AE0384815902046F5F723FCEEE764
:10195000354815902046F5F71DFC4042E7E7314831
:1019600015902046F5F7D0FB00211C90CDE91D0114
:101970002C48049000252046F5F7C6FB22E02948B4
:1019800015902046F5F7C0FB404200211C90CDE9A0
:101990001D012448049000252046F5F7B5FBCDE94C
:1019A0000C500B952DE0204815902046F5F7F2FBE2
:1019B00000211C90CDE91D011B4804900025204604
:1019C000F5F7E8FB4042EAE7174815902046F5F79F
:1019D000E1FB404200211C90CDE91D01124804901A
:1019E00000252046F5F7D6FBD9E7104815900020D2
:1019F000FF219DE70D480490FF2000210B90CDE9C9
:101A00000C01002225213846F8F7EEFB14A8F3F765
:101A100003FA03A8F3F700FA7DE70000635A02080F
:101A20000D5A0208695F02086F5F0208134202083C
:101A300070B50020086791F874000C4620F0030090
:101A400081F874004FF440712046FBF79FFF10218E
:101A50002046FBF79BFF0020F5F744FB502505EBE4
:101A6000C000B0F5A07F08DB0020F5F73BFB05EBDD
:101A7000C000A02190FBF1F000E0012001B220465F
:101A8000BDE87040FEF7D1BF2DE9F34F83B0FE48AB
:101A90000499FCF787FB012852D10498F8F764FBFE
:101AA00005460498F8F79EFB044600F065FA0646E2
:101AB000112D17D0012D46D0022D78D0082D77D0CA
:101AC000032DFCD00E2D74D0292D73D0132D72D080
:101AD0000D2D71D0152D33D1049805B0BDE8F04F10
:101AE000ECF72CBB0498F8F77BFB0546A06810B117
:101AF000B0F9147000E0002704F168016846F3F7BC
:101B00005FFE3A4611466846F3F7BCFE002268467F
:101B10002968E7F74AF92871002811D1022E0FD160
:101B200004F160016846F3F74BFE3A4611466846F9
:101B3000F3F7A8FE002268462968E7F736F928710E
:101B400005B0BDE8F08F2046FDF7A8FF94F87400BB
:101B500040F0010184F874109EB1012E11D0022EC4
:101B6000EED1F9F79FFF6946F9F7B2FF2046FDF77E
:101B7000A9FC05462046FCF7FCFB854204DB012559
:101B800003E004F1240042E0002500212046FDF797
:101B9000F2F8DDB30128BDF900000ED0B4F96C10E5
:101BA0008842EEDCB4F9601088423EDB0DE069E06B
:101BB000F2E024E131E136E1A6E1B4F968108842AF
:101BC000DFDBB4F9641088422FDCB4F96400B4F9A7
:101BD0006010401A00EBD07001EB6002BDF90010FC
:101BE000501A002800DC881A02B2B4F96C30B4F93B
:101BF00068001B1A03EBD37300EB6303581A002829
:101C000000DCC81A00B290422CDB33E003E020670E
:101C100096E7207194E7BDF90200B4F96A30984262
:101C2000AFDBB4F96620904202DD04F13000EEE74C
:101C3000B4F96210521A02EBD27201EB6202111A6D
:101C4000002900DC811A0DB2B4F96E10C91A01EB3B
:101C5000D17103EB6102111A002900DC811A08B26C
:101C6000A84207DA04F1240044F8700F207920F02C
:101C70000200CEE704F1300044F8700F207940F004
:101C80000200C6E7206F0028C2D0F9F70BFF054617
:101C9000F9F749FF0128BBD169462846F9F718FF33
:101CA000D4E90A010F1A2046F2F72CFB00284FF066
:101CB0000001204634D0FDF7ABF9804600212046D4
:101CC000FDF7E2F906462046FDF7FCFBA0EB080015
:101CD000801B05B200212046FDF74DF8012818D0E1
:101CE000B4F91420BDF9001002EB0800081A78437B
:101CF00005EBD57100EB610090FBF5F0A16A256F53
:101D00000844D4E90A2104F130039D4224D1616AD8
:101D100023E0B4F91800BDF90010801B401AE6E773
:101D2000FDF700FA064600212046FDF723F9054697
:101D30002046FCF71EFB401BB4F91A10801BBDF9AE
:101D400002202944511A00B2794300EBD072C1EB52
:101D5000620191FBF0F0D1E7226B884201DA06467E
:101D600000E00E46964201DA114602E0884200DAAF
:101D700001462868884287D09D424FF001022046E4
:101D800002D1F3F7F3FE01E0F3F715FF00221C2167
:101D90002046F8F729FAD3E694F8740020F0010100
:101DA00084F87410002120462167FDF777FE204655
:101DB000FCF7DAFA0646F8F74FFE0546F9F772FE29
:101DC000F9F7B1FE0428E6D1002DE4D0204600F05A
:101DD000D3F802280CD194F87400810704D440F0A1
:101DE000020084F87400ABE620F0020084F874006E
:101DF00005B03046BDE8F04F0021F8F79BBEF9F77B
:101E000051FEF9F790FE042801D00228C3D114F83E
:101E1000740F20F00200207092E605B02046BDE865
:101E2000F04FFEF7D3BA4FF4403739462046FDF75E
:101E3000EFF8814639462046FDF726F980463946B7
:101E40002046FDF76FF9064639462046FDF792F821
:101E500005466D2239462046FDF77CF900B2009018
:101E600039462046FDF74BFA834639462046FDF7B2
:101E70003AFA82462046FDF725FB00EB4B07204649
:101E8000FCF777FA02E000008460030800EB4A00E8
:101E90008742204604DAFDF715FB00EB4B0003E018
:101EA000FCF767FA00EB4A000099401010FB01F0C4
:101EB00040F30F2049464246C14500DC1146B54279
:101EC00001DD2A4600E03246914207DD494642469E
:101ED000C14501DD0D4604E0154602E0B54200DCD7
:101EE000354605444FF440312046AD1CFBF71CFC41
:101EF000284404B20498F8F773F9B0F90010A1422D
:101F000000DD0C4604801BE60498F8F769F90078B8
:101F1000132813D0112811D0142801D01228F2D17F
:101F200094F874008007204617D4F3F711FE0122BD
:101F3000401E01462046F3F73EFE15E094F874007B
:101F40008007204604D4F3F703FE0122401CF0E78B
:101F5000F3F7EFFD0122411C03E0F3F7EAFD411E18
:101F600001222046F3F702FE05B02046BDE8F04FFF
:101F700000221C21F8F738B910B5F3F7D5FD012878
:101F800002D0022800D0002010BD00F053B800009D
:101F900070B514468288C379A2F57F45FF3D07D00E
:101FA0007BB3012B35D90668002206EB83052DE0B3
:101FB000002213E0056805EBC2052E8826F4404692
:101FC0008E420AD12888010429D4400401D5304624
:101FD00014E068682060012070BD521C9342E9D86B
:101FE00025E000BF35F8120020F4404088420CD1B3
:101FF00035F812100B0412D4490403D500F074F81C
:10200000E8E714E006EB82000FE0521C9342E9D8A7
:102010000DE022F440438B4209D1110401D5022086
:1020200070BD510401D51846E8E70068D2E70020EA
:1020300070BD000070B514468288C379A2F57F4553
:10204000FF3D07D07BB3012B35D90668002206EB94
:1020500083052DE0002213E0056805EBC2052E88FC
:1020600026F440468E420AD12888010429D440042F
:1020700001D5304614E068682060012070BD521C14
:102080009342E9D825E000BF35F8120020F4404023
:1020900088420CD135F812100B0412D4490403D530
:1020A00000F022F8E8E714E006EB82000FE0521C93
:1020B0009342E9D80DE022F440438B4209D1110448
:1020C00001D5022070BD510401D51846E8E700682B
:1020D000D2E7002070BD0821FAF7CABFC07908B165
:1020E00000207047012070471CB50022FF214528C1
:1020F00055D01EDC302844D00EDC222841D006DC2E
:10210000032853D0062851D0202830D135E0252887
:1021100045D029282BD142E0362832D004DC3128A2
:102120003DD0332823D13CE0372838D044281ED175
:1021300027E0552825D00EDC4E2830D006DC462876
:102140002DD047281DD04D2811D11AE0522818D083
:1021500053280CD123E0602821D004DC56281ED05F
:10216000572804D120E0612819D06D2802D00092B0
:1021700000981CBD4FF4807014E0FF2211461046F9
:1021800002E0002211461046F4F789FD0190BDF8E7
:1021900004000190BDF80400ADF80000E8E70091EC
:1021A000E6E70F200090E3E70248FBE741F6FF7007
:1021B000F8E700003C12030810B50C46E7F7A6FC50
:1021C000204000D0012010BD2DE9F041154D0646FC
:1021D000154C286818B90021616070212180218880
:1021E0004A1C12F4404F02D00020BDE8F081626822
:1021F0006F398A420AD21F3131F01F0710D0394699
:10220000FAF74CFE0028F0D0286067602088401C58
:1022100080B22080296821B1014401F8716CE4E7A3
:10222000FEE7FEE7E0030020F40300202DE9F04183
:102230000F4681880446A1F57F40FF3853D0E079EE
:1022400000284BD0012804D02668002106EB800529
:1022500047E021F44040B84245D10020A080E07121
:102260003BE000BF35F8112022F44042BA4237D19A
:10227000022811D0401E00EB40004000FAF75EFD3E
:10228000010030D02160E079401EC0B2E07101EB66
:1022900080030020024619E00120E07121B1288866
:1022A000A0803068206015E06888A0807068F9E739
:1022B00035F810C0BC4508D056F820E041F822E0BF
:1022C00035F810C023F812C0521C401C94F807C007
:1022D0008445EDD23046FAF7BDFD0120BDE8F0811E
:1022E000491C8842BED80020F8E710B50446808813
:1022F000A0F57F41FF390BD0E079012802D9206891
:10230000FAF7A8FD2046BDE810400821FAF7B0BE54
:1023100010BD0A46652100F09FB803B482B0BDF835
:102320000C10ADF80010009A522104B000F094B8DF
:102330000A46512100F090B80A46502100F08CB8AE
:1023400003B482B0BDF80C10ADF80010009A202143
:1023500004B000F081B80A46212100F07DB803B432
:1023600082B0BDF80C10ADF80010009A302104B016
:1023700000F072B80A46342100F06EB80A463321E4
:1023800000F06AB80A46322100F066B80A46172102
:1023900000F062B80A46622100F05EB80A46632186
:1023A00000F05AB80A46042100F056B803B482B0CF
:1023B000BDF80C10ADF80010009A4D2104B000F0EB
:1023C0004BB80A46492100F047B80A46062100F0FA
:1023D00043B803B482B0BDF80C10ADF80010009AF9
:1023E000362104B000F038B80A46372100F034B87E
:1023F0000A46382100F030B80A46352100F02CB8E2
:1024000070B50C46054600F016F82146284600F047
:1024100016F82146284600F01AF821462846BDE85D
:102420007040AFF300800A46112100F015B80A464B
:10243000152100F011B80A46122100F00DB80A4625
:10244000132100F009B80A46142100F005B80A4625
:10245000102100F001B80000014B00F007B80000A7
:102460006524020810801960704700002DE9F047CC
:10247000044680888946A0F57F411D46FF3969D012
:10248000E17929F4404617464FF00108012937D970
:102490002268084602EB81030CE000BF33F810C04D
:1024A0002CF4404CB44505D102EB800103EB400213
:1024B0000B462CE0401EF1D5491C01EB41004100C8
:1024C0001046FAF7EBFC010044D02160E07901EB03
:1024D000800205E002EB400C32F81030ACF804301A
:1024E000401EF7D5E079401CC0B201EB800303EB3E
:1024F0004002191FE0710B4639464846921E20E003
:102500002AD120F44040B04207D12346221D39464B
:102510004846AC46BDE8F04760470C20FAF70EFC91
:10252000002817D021682060E279521CD2B2E271F3
:1025300000EB8202A38822F8023B031D01603946AA
:102540004846A8473046E7F7DBFAA17908FA00F2D7
:102550001143A171BDE8F08784F807802346221D4E
:10256000EDE70A460B21FFF777BF03B482B0BDF851
:102570000C10ADF80010009A442104B0FFF76CBFB6
:102580000A464221FFF768BF0A464521FFF764BFAC
:102590000A464021FFF760BF70B50C46054600F0C3
:1025A00025F821462846BDE87040FFF7FBBE0A46E5
:1025B0005B21FFF751BF03B482B0BDF80C10ADF83A
:1025C0000010009A552104B0FFF746BF0A46592172
:1025D000FFF742BF0A466A21FFF73EBF0A4669215C
:1025E000FFF73ABF0A466721FFF736BF0A460121C7
:1025F000FFF732BF2DE9F0470F46DDE908891E4697
:10260000154604461421FAF733FD276005B9044D39
:10261000C4F80490083484E86001BDE8F087000045
:10262000C54D01084162FDF739BA00684FF0FF312E
:102630004162FDF733BA10B54FF0FF300C464862E7
:1026400010212046FBF7A2F908212046FAF7B8FD31
:102650002046BDE810404FF48061FAF7B1BD08464E
:102660000021F2F729BB00002DE9F04789463548E3
:10267000FBF798FD01285CD14846F7F775FD044645
:102680004846F7F7AFFD8046132C08D01C2C52D0DB
:10269000152C4ED14846BDE8F047EDF733B84FF45E
:1026A00040352946FCF7BAFC074629464046FCF768
:1026B000F1FC064629464046FCF73AFD0446294609
:1026C0004046FCF75DFCB74201DD394600E031468B
:1026D000A04201DD024600E02246914205DDB742FC
:1026E00001DD384604E0304602E0A04200DC20462E
:1026F000841C29464046FBF717F8204405B248469B
:10270000F7F76EFD0446B0F90000A84200DD05466B
:1027100025804FF4003529464046FBF705F8014671
:10272000B4F90000814203DB29464046FAF7FCFF7A
:102730002080BDE8F08700F007F84046BDE8F0478C
:10274000FDF7ACB9A0600308F0B591B006460021D2
:102750006522FCF7FFFC07002DD03046FCF7DCFAC1
:10276000746A00F00100611C4FF4807501D038B923
:1027700005E008B1002403E02C46002503E0002515
:10278000601B002801DD601B00E0281B7843070A5E
:1027900000213046F2F790FA6846F2F7DFFA074870
:1027A0000894CDE900600648039009A9684681E8CD
:1027B000B000F2F731FB11B0F0BD00002526020891
:1027C0002B26020810B501208884C8840C460220FC
:1027D000FAF7B4FA2063E08C4000FAF7AFFAE0624F
:1027E000216B82200880E16A0880E08CA18C48433C
:1027F0008100A06AFAF752FB0021A062016010BDBF
:1028000070B500250C462E4615E000BF50F8250097
:1028100078B1406828B1FAF71DFBA06A50F825008E
:102820004660A06A50F82500FAF714FBA06A40F849
:1028300025606D1CADB2A08CE18C4843A842A06A13
:10284000E4DC08B1FAF706FBE06A08B1FAF702FB2C
:10285000206B002803D0BDE87040FAF7FBBA70BDCA
:102860002DE9FC410F466E48FBF79CFC012843D143
:102870003846F7F779FC05463846F7F7B3FC0446C7
:102880002A2D14D02C2D17D0012D37D0022D35D064
:102890004FF6FF76082D49D00E2D66D00D2D68D04D
:1028A000152D29D13846BDE8FC41ECF7DBBFBDE86A
:1028B000FC41002102F068BE3846F7F791FC034660
:1028C00000200146A28C05E0256B35F81150491C0B
:1028D000284400B28A42F7D800210A46E58C05E078
:1028E000E66A36F81260521C314409B29542F7D8B4
:1028F000401E1880491E5980BDE8FC8101AA694626
:10290000F0F723FF0128F7D1A18EBDF80400814222
:1029100004D1E18EBDF800209142EDD0A086BDF833
:1029200000102046E186FDF7B9F8E5E7FDF7B6F8B7
:10293000F9F7B8F8F9F7EBF8A18EB1420AD0E18EB9
:10294000B14207D030B900221C212046F7F74CFCD9
:102950000128D1D1F9F7A6F8F9F7E5F8012801D057
:102960000328C9D1A686E686C6E7BDE8FC41FDF787
:1029700095B83846F7F734FCA18E0568E08E0F460F
:102980008446B14201D0B04207D10020A086E08643
:10299000204603F0F3F92046E7E7A38C8B4200DCE6
:1029A0000021E28C824200DC0020142D0ED0132D79
:1029B0000ED0112D0ED0122D9ED1401C8B420DDC5D
:1029C000511E814208DD0021401C0EE0491EF5E742
:1029D000491CF3E7401EF1E7591E06E0002904DA1E
:1029E00010B1591E401E00E00021824201DC501E41
:1029F00002E0002800DA00208F4201D1844594D003
:102A0000A186E0862046FDF749F8204603F0B6F996
:102A100002B02046BDE8F04100221C21F7F7E4BBDC
:102A2000BC6003082DE9F343044690F8600083B0CE
:102A30000107049803D50A2830D00D282ED000278E
:102A4000CDE90007E94649462046F1F7B3FA0128E7
:102A500024D1DFF8CC80002104A8D8F800209047CA
:102A60000646A16B2046254639B100F0A9FA2D494A
:102A700009688847A96B884210D2686B88B10078D2
:102A800078B10297474604E03A6802A99047B042FD
:102A900007D0686B0299415C0029F5D105B0BDE80B
:102AA000F08394F86000400702D5204602F072F8E7
:102AB000A06A38B1606AF9F7BAFB007810B920460D
:102AC000FCF7ECFF4A46616C606AF9F7B7FB2046F9
:102AD00000F098F894F86000400715D5E06ADDF73B
:102AE00075FE05464846DDF771FE2918491CE06A67
:102AF000FAF7D4F9E0620028D0D04A46616CE7F7D3
:102B0000EBF82046E7F7C8FC616C2046491C00F052
:102B100061FA00221C212046F7F766FBBEE70000A1
:102B20001404002028040020F8B50D00044609D044
:102B300094F86000400702D5204602F02BF8606B45
:102B400018B900E0FEE7A06B98B100202A4E2B4F89
:102B5000009009E0326869462846904739688847FE
:102B600001462046FFF75EFF0098285C0028F1D15F
:102B7000F8BD29462046F1F71DFA0128F8D1A06AD0
:102B800038B1606AF9F753FB007810B92046FCF7BA
:102B900085FF2A46616C606AF9F750FB204600F019
:102BA00031F894F86000400715D5E06ADDF70EFEB5
:102BB00006462846DDF70AFE3118491CE06AFAF796
:102BC0006DF9E0620028D3D02A46616CE7F784F8FB
:102BD0002046E7F761FC0A492846666C0968884781
:102BE0003118204600F0F6F92046BDE8F8400022F2
:102BF0001C21F7F7F9BA0000140400201C0400207F
:102C00002804002070B50446406AF9F714FB4FF61B
:102C1000FF75A84204D1606AF9F70BFBA84209D0FE
:102C20002946606AF9F752FF2946606ABDE870409C
:102C3000F9F749BF70BD000010B591F860000C466F
:102C400020F0040081F860000020C862086340F2B0
:102C5000DC51A1876063A06394F8541041F0010136
:102C600084F854100121616494F8541041F0020179
:102C700084F85410A4F8400094F8601021F00A0180
:102C800084F860106062A0622046F9F735F860624F
:102C90006420FEF739FA0146606AFEF762F90CA17A
:102CA000606AF9F7AFFE00231A460A49606AFAF72C
:102CB0003DFA4FF480612046FAF782FA002120465F
:102CC00000F088F92046BDE8104004F0BFBD0000C8
:102CD000000000005747010838B50446416C406ABF
:102CE0006A46F9F7B9F900212046FCF7F0FA0546E3
:102CF00000212046FCF7C4FA0089BDF802106D1CC3
:102D000008442844ADF80200B4F84000ADF80000D3
:102D1000606AFBF72EFBBDF9021088420ADD6946A6
:102D2000606AF9F79BF80146204634F8405F00F0EE
:102D300051F9258038BD416C002902D0491E00F0B0
:102D400049B97047416C491C00F044B938B5044694
:102D5000416C406A6A46F9F77FF900212046FCF78A
:102D6000B6FA054600212046FCF78AFA0189BDF82B
:102D700002002944401A401CADF80200B4F840009B
:102D8000ADF800006946606AF9F768F80146B4F8E2
:102D90004050204600F01EF9A4F8405038BD000015
:102DA00038B50446406C002840D021A06946006830
:102DB00000902046F1F7FEF8012837D1606AF9F754
:102DC00036FA616C05460122491EE6F7CDFE29461A
:102DD000606AF9F717FE2046FFF714FFA06A38B1C2
:102DE000606AF9F724FA007810B92046FCF756FE1D
:102DF00094F8600040070FD5616C0122491EE06A1B
:102E0000E6F7B2FEE06ADDF7E1FC411CE06AFAF7A2
:102E100045F8E062002809D0616C2046491E00F0A8
:102E2000D9F800221C212046F7F7DEF938BD000052
:102E30007F00000070B5456C0446691C00F0CAF8BC
:102E4000606CA84204D02046BDE87040FFF7A8BFE0
:102E500070BD70B5C86A0C46002510B1F9F7FAFFCD
:102E6000E562206B10B1F9F7F5FF2563A06A002831
:102E700002D0F9F7EFFFA56270BD000070B50E46F5
:102E80003F48FBF78FF9012878D13046F7F76CF906
:102E900004463046F7F7A6F905460E2C12D00D2C45
:102EA00014D0012C60D0022C5ED0032C5CD0082CF6
:102EB0005AD0152C5DD0182C60D13046BDE870403A
:102EC000EAF7D4B9BDE8704004F0C0BC3046F7F76B
:102ED00087F90168132910D0142913D0112916D0AD
:102EE000122919D008291CD07F291FD0022922D0ED
:102EF000032922D00A2927D031E02846BDE87040B6
:102F0000FFF720BF2846BDE87040FFF714BF2846F2
:102F1000BDE87040FFF71ABF2846BDE87040FFF7D4
:102F2000DBBE2846BDE87040FFF73ABF2846BDE843
:102F30007040FFF77FBF002101E047F6FF71284690
:102F4000BDE8704000F046B8284600F01BF830B1EC
:102F50002846BDE8704000221F21F7F745B92846F2
:102F6000BDE87040FFF75EBD3046BDE8704006F03A
:102F70002FB83046BDE87040ECF72CBF70BD0000A4
:102F8000D860030890F86000C0F3C00070470000EC
:102F90001FB5016B11B1084604B010BD0021FCF74C
:102FA0006FF9002342F222026946F7F78AF908B165
:102FB00001A0F1E701A0EFE7E280A2002A000000F3
:102FC00090F86010490702D4406AF9F730B9C06A36
:102FD00070470000F8B50546406C0C46A04267D02B
:102FE000686AF9F724F9334909688847002C00DA40
:102FF0000444844203DCA4F5FE41FF3900D10446B9
:1030000028466C64FEF724F800212846FCF738F9BE
:1030100006466A462146686AF9F71EF8B6F908407E
:103020002846FBF719FBBDF90210884203DD012297
:103030002846FDF7C3FC2846FBF72EF9064628462E
:10304000FBF70AFBBDF902100A19101AB04206DD9F
:10305000881B204401B201222846FDF7AFFC284618
:10306000FBF72EFABDF90010884203DD0122284645
:10307000FDF78EFC2846FBF729F906462846FBF7A4
:103080001FFABDF900100A19101AB04206DD881B9C
:10309000204401B201222846FDF77AFCBDF8001059
:1030A0002846A5F8401004F0D1FB284601F03AFF6D
:1030B000F8BD00002804002070B5044600F074F844
:1030C00005000AD02046054A0021FDF79AFA21465C
:1030D0002846BDE87040E7F757B870BDFFFF0F0006
:1030E00000B500F059F8002800D0014800BD0000EC
:1030F000483801202DE9FF47994607460C9E00F00D
:103100004BF8214D40B9002028704FF4B070F9F70A
:1031100015FE1E490860E860F3F7DEFFF3F7F4FFE1
:103120004FF00108B0F5A07F01DC032007E0F3F7C2
:10313000D3FFF3F7E9FFB0F5347F02DA02206870BD
:1031400001E085F80180124CA4F12800E760BDF889
:1031500004100187BDF80810418766610D48A6611B
:103160002060C4E9076904F0A1FB27B13846F4F7F1
:103170000BF8A04202D10020FDF7C2FA85F80080CA
:1031800004B00348BDE8F08768030020D4030020A2
:1031900048380120D184020802480068002800D085
:1031A00001207047D403002010B510B1FBF7AEF832
:1031B00001E0F3F791FFBDE81040F3F7E5BF10B56C
:1031C0000446DFF77DFE001B10BDDFF779BE00006F
:1031D0002DE9F041074615460E460C48E6F7E0F9A2
:1031E000040010D0A7604FF0FF302660206100205F
:1031F0006061FFF7EAFFE560054960600120087142
:103200002046BDE8F0810020FBE700006C3801207B
:10321000FC03002010B5044601460548E6F736FADF
:1032200004490120C8702046BDE81040F9F712BEDD
:103230006C380120FC0300200148407870470000F2
:10324000FC0300202DE9F047494CA07810B1012083
:10325000BDE8F0870120A0702078002628B1FFF794
:10326000B4FF5FEA000902D007E0A670EFE720692B
:10327000401C2061642800D926613E4D4FEA0608B3
:1032800084F8038084F804803B48E6F764F92860FA
:1032900037E03948E6F771F92E680746307DC007F8
:1032A0002ED18246304600F07AF888B93069B0F104
:1032B000000A01DD401E3061FFF787FF7060B168D2
:1032C00021B1BAF1000F01D0304688474FF0010A12
:1032D000E07820B9306910B93046FFF79BFFBAF1AA
:1032E000000F0DD02079E178084309D02868002824
:1032F000C6D100BF4FF0FF351F48E6F72CF911E0AB
:103300002F6029680029C4D1F4E7307DC00705D1BA
:10331000304600F044F8A84200D20546314616482F
:10332000E6F72BF90600F0D14846FFF748FFE168C1
:103330000844E060A068FFF742FFB0F5FA7F13D3BE
:10334000E16864225143B1FBF0F0C0B260706428C0
:1033500001D9002001E0C0F1640060702646C4F885
:103360000C80FFF732FFB06084F8028028466FE7D8
:10337000FC030020D00300206C38012001214161B2
:10338000704710B50446FFF720FF2168401A401E21
:10339000606010BD0021416170470161704710B548
:1033A00004464068FFF70BFF2168814201D80020E6
:1033B00010BD081A10BD70B50346083A0C4602F05D
:1033C0000300111AA00705D1A1F10C0047F6F57210
:1033D000904201D3002070BD2078251F00F003002B
:1033E000084320F0020040F0010121602946184600
:1033F000E7F793F82846E7F7C5F80179022141601D
:10340000204670BD70B5810701D0002070BD00233B
:103410008060C0E90303194600EB810200EBC11490
:103420005361002204EB8206521CB063202AF9DBB0
:10343000491C0929F0DB70BD70B50C460546FFF745
:10344000E1FF0646A4F5976205F59761FFF7B3FF24
:10345000304670BD2DE9F041002611B3083905460C
:103460004E680C46F00700D0FEE70846E7F7E0F8A4
:103470002179284689070CD52768AFB13979C90762
:1034800013D03946E7F73CF921463846E7F72AF8E2
:10349000044621462846E7F7E5F801462846E7F7BF
:1034A0003CF83046BDE8F081FEE7FEE770B50A461D
:1034B000054604211046E6F797FC044601462846D7
:1034C000E7F766F8014622462846BDE87040E7F770
:1034D000EFB82DE9F05F90460C0081464FF00005F3
:1034E00022D0B8F1000F1BD0A4F108052846E7F759
:1034F000D4F882466868042120F00307DAF8040053
:1035000020F00300384400F1040B4046E6F76CFC61
:103510000646B84500D966B12879C0070CD0FEE749
:103520004846FFF797FF44E01146FFF7BFFF054607
:103530003FE00020BDE8F09FBE4216D99AF8040093
:10354000C00701D05E4510D941464846FFF7AEFF9F
:1035500005002ED04046474500D307463A4621464F
:103560002846F9F7B3FC2146DAE7BE4206D92946D8
:103570004846E7F777F82846E7F767F828794F468F
:10358000C00700D0FEE731462846E6F7BCFF78B119
:1035900031462846E7F7C5F80146406820F00200AA
:1035A00048603846E7F75EF801463846E6F7B5FF6B
:1035B00025462846BEE700004FF4B47190FBF1F2B7
:1035C00001FB1200002802DA00F5B47000B20E49C7
:1035D0005A2802DA31F910007047A0F15A025A2A2B
:1035E00003D2C0F1B40000B2F4E7A0F1B4025A2A49
:1035F00001D210B202E0C0F5B47000B231F8100090
:10360000404200B270470000205E03082DE9FF4FE2
:1036100083B05FEA0009119F7BD099F80000002871
:1036200077D00498002871D01098800702D541F611
:10363000FF70069000243F4A009401945268A3460C
:10364000254626464FF0FF38694648469047824651
:103650000098019050E0374A01A9484652689047C7
:1036600083461098761CC00704D051461298E6F79E
:103670005DFB98BB5A4651460498F6F7C9FE00B266
:1036800029180DB2002802DD0598284405B2B8F1CA
:10369000FF3F05D10598291A0698814200DDA04612
:1036A0005046BAF10A0F1AD0BAF10D0F17D00146E1
:1036B000A0F59C4045F2A512904210D9002005E0EB
:1036C0001DA2125C8A420AD0401CC0B21AA2125C2F
:1036D000002AF5D117B1B8F1FF3F08D008E024B9AE
:1036E000B8F1FF3F01D107B13D60761E08E03D60B3
:1036F000DDE90040DA46009019F804000028AAD15C
:10370000B8F1FF3F06D0139870B1404607B0BDE84E
:10371000F08F0CE02EB1BAF10D0F03D1BBF10A0FFF
:1037200000D1009C2046F1E70FB100203860002056
:10373000ECE7000010040020202C2E3B3A2D5F0007
:103740002DE9FF4F83B004464FF00000DDF848A09C
:10375000DDF84090208093460F00608049D0BBF197
:10376000000F46D05FEA8A7002D541F6FF701190D3
:103770000025A846BBF8086025E00020CDE9000A36
:10378000781902905946119B069AE6F725FA80446B
:10379000B4F9020006EB09010144B1F5004F28D24B
:1037A000304448446080A8EB0501CDF800A05A469B
:1037B000069B029800F022F8B4F90010814200DB69
:1037C000084620804546785D0028D6D15DB178193D
:1037D00010F8010C0A2801D00D2804D1618806EBED
:1037E000090008446080B4F9020028B1A0EB090088
:1037F000608007B0BDE8F08F6680FAE72DE9FF47EB
:103800001E46DDF8309090460D4607000CD0B8F10A
:10381000000F09D03878002807D000200446029015
:103820008DF80C00EDB923E0002004B0BDE8F0876E
:1038300002AB01AA69463846E6F7B6F95FEAC970F5
:1038400004D003A80099E6F771FA50B9DDE9001237
:103850004046F6F7DDFD00B2002802DD204430448A
:1038600004B20298A842E3D3002C01DDA01B04B2ED
:103870002046DAE710B50146802825D3002301F061
:103880003F0242F08002B1F5006F0AD2C0F384110A
:1038900041F0C00161F3070062F30F2063F31740AA
:1038A00010E0C1F3851444F08004B1F5803F0CD2E0
:1038B000C0F3033141F0E00161F3070064F30F202E
:1038C00062F3174063F31F6010BDB1F5881F10D27B
:1038D000C1F3824343F0F003C1F3053163F3070002
:1038E00041F0800161F30F2064F3174062F31F6021
:1038F00010BD002010BD00002DE9F04100240F464E
:1039000006462546DFF8248007E0D8F80010301975
:10391000884700B9012004446D1CBD4202D2305DCD
:103920000028F2D12046BDE8F081000010040020FC
:10393000F8B5074600200D460446064E009004E008
:103940007268694638469047641C0098A842F7D3CD
:103950002046F8BD10040020F8B500240546074EA7
:10396000009404E07268694628469047641C0098F9
:10397000285C0028F6D12046F8BD00001004002085
:1039800078B500250446009501B969460A68A05C2F
:10399000030601D4054634E006260223B6EB501F89
:1039A00006D1C006400D24E004F03F031D1828E0B6
:1039B0000E26B6EB101F02D10007000C0FE01E26EA
:1039C000B6EBD00F1DD1521C0A604007A55CC00A9F
:1039D000B3EB951F13D105F03F0500EB0530521CEA
:1039E0000A60A55CB3EB951F09D105F03F0500EB1C
:1039F0008510521C0A60A45CB3EB941FD4D0002045
:103A000078BD521C28460A6078BD0000F8B507460C
:103A100008680025401E0C460D4E086001E0042D8C
:103A200013D2206831683844884718B9216861B1D9
:103A3000491E21606D1CEDB20028F0D02068009076
:103A40007268694638469047F8BD0020F8BD00000E
:103A5000100400200078010601D4012070470621DF
:103A6000B1EB501F01D1022070470E21B1EB101FA6
:103A700001D1032070471E21B1EBD00F01D10420EA
:103A80007047002070470000E2F702FEE0F76AFE90
:103A9000E0F74AFEE4F752FDDFF730FAE2F769F9A2
:103AA000DFF79CF8E2F78EFEE2F7AEFDE1F74EF8A5
:103AB000DFF7A8FBDFF7CCF8E2F7AEFEE4F78EFC09
:103AC00002490120087005F0B1FEFEE75402002013
:103AD0002DE9F0414FF480740E4607462246F2F776
:103AE000F4FB054621463846F2F72AF9002D06D0A8
:103AF000224631463846BDE8F041F2F7F2BBBDE858
:103B0000F08100002DE9FF4F1D468A880B888BB09D
:103B1000D21A521C17B2CA8849880446511A491C45
:103B20001C98DDF868A00FFA81F9012805D0022859
:103B300005D003284DD14F4802E04F4800E04F48E0
:103B400080465FEA0A002088ADF804002888ADF8B6
:103B5000080005D09AF80000FD283DD319983EE0F2
:103B6000DDE901104346199A9847009000202DE0A6
:103B7000002621E0BDF8080035F81610884205D16E
:103B8000BDF8040034F8161088420FD004EB46004C
:103B900043460088ADF8040005EB4600199A0088FA
:103BA000ADF80800DDE901109847009004EB4600ED
:103BB000BDF800100180761CBE42DBDB0D9804EBE3
:103BC0004004189805EB40050AF10100824648457B
:103BD000CEDB0FB0BDE8F08F19994843000A0246CA
:103BE0000090DDE9011043469847099000203DE030
:103BF00000262FE01AF8060058B3FD2801D31998C3
:103C000002E019994843000ABDF8081035F816205B
:103C1000914208D1BDF8041034F81620914202D127
:103C20000099814210D004EB460102460988ADF8A4
:103C3000041005EB460143460988ADF808100090D2
:103C4000DDE901109847099004EB4600BDF8241007
:103C50000180761CBE42CDDB0D9804EB4004189821
:103C600005EB40051B9882440BF101008346484553
:103C7000BEDBAEE7CFB5000847B5000853B6000875
:103C80002DE9FF4F06468A8808888BB0101A401C21
:103C900007B2CA884888DDE919BA101A401C0FFA21
:103CA00080F85FEA0A001D46584605D0FD287CD9F9
:103CB000A7F1040B002027E1FD2813D300247F0087
:103CC0000BE03A4629463046F9F700F90D98641C96
:103CD00006EB4006189805EB40054445F1DB0FB0B4
:103CE000BDE8F08F002021E0002415E006EB440A37
:103CF0005A46BAF80000ADF8180005EB44000088F9
:103D0000ADF81400DDE90501F3F72EF80590BDF8D4
:103D10001410AAF80010641CBC42E7DB0D9806EBF7
:103D20004006189805EB400509F101008146404521
:103D3000DADBD4E7D14600241CE000BF99F800206C
:103D4000AAB1FF2A06EB44001AD009900088ADF80A
:103D5000200005EB44000088ADF81C00DDE90701F8
:103D6000F3F702F80690BDF818100998018009F1E0
:103D70000109641CBC427CDA5FEA8970DED178E01C
:103D800005EB44010988F1E7D9F80000F0B3401CC5
:103D900074D099F80020BAB1FF2A06EB44007AD01B
:103DA00009900088ADF8200000E0B6E005EB440083
:103DB0000088ADF81C00DDE90701F2F7D5FF069099
:103DC000BDF818100998018009F10100059099F8D3
:103DD0000120AAB1FF2A06EB440060D00990408878
:103DE000ADF8200005EB44004088ADF81C00DDE98B
:103DF0000701F2F7B9FF0690BDF818100998418045
:103E00000598401C05900278BAB100E02EE0FF2A28
:103E100006EB440047D009908088ADF8200005EB00
:103E200044008088ADF81C00DDE90701F2F79CFF33
:103E30000690BDF818100998818005984278AAB1BB
:103E4000FF2A06EB440032D00590C088ADF8200070
:103E500005EB4400C088ADF81C00DDE90701F2F76E
:103E600083FF0690BDF818100598C18009F1040978
:103E7000241D5C4588DB3BE000E00CE005EB4400E2
:103E800006EB440102880A8042884A8082888A8040
:103E9000C088C880EAE705EB4401098893E705EB91
:103EA00044014988ABE705EB44018988C4E705EB89
:103EB0004401C988D9E700BF99F80020AAB1FF2AB8
:103EC00006EB440025D009900088ADF8200005EBF2
:103ED00044000088ADF81C00DDE90701F2F744FF5B
:103EE0000690BDF818100998018009F10109641CB9
:103EF000BC42E1DB0D981B9906EB400618988A44FA
:103F000005EB40050198401C01904045FFF612AFBB
:103F1000E5E605EB44010988E6E700202DE00024F2
:103F20001FE000BF1AF80400D0B1FD2801D35A46A3
:103F300002E000FB0BF0020A06EB4400039000884D
:103F4000ADF8180005EB44000088ADF81400DDE979
:103F50000501F2F709FF05900398BDF814100180E0
:103F6000641CBC42DEDB0D981B9906EB40061898DA
:103F70008A4405EB400509F1010081464045CEDB4E
:103F8000ADE600002DE9FF4F85B09A460C46DDF8FE
:103F900050B0E5F7A3FD0390A0882188401A401C8B
:103FA00006B2E0886188401A401C0FFA80F8BBF125
:103FB000000F01D000204BE000271DE0002515E098
:103FC000139802900AEB4500079A0088ADF80400A8
:103FD0006088384400B2009020880599284403B2D4
:103FE00003980068D0F81CC0E0476D1CB542E7DBC1
:103FF00012997F1C0AEB410A4745DFDB09B0BDE897
:10400000F08F00251BE000BF1BF80500B0B113992D
:104010004843000A02900AEB4500079A0088ADF871
:104020000400618801EB090000B200902088059926
:10403000284403B203980068C769B8476D1CB542AD
:10404000E2DB159909F101008B4412990AEB410A50
:1040500081464045D5DBD1E770B515460E4604468E
:10406000802805D2E117002004EB9171891006E049
:1040700004F06CFD411FCC4084F02001801F3060B3
:10408000296070BDFD2902D2022901D800207047A5
:1040900010FB01F000EBC01101EBC030C0F3C750C2
:1040A0007047000070B5094D04466868002808D0C4
:1040B00044B12046EFF744F8A9682044884200D371
:1040C000002070BD0248006870BD00004C04002054
:1040D000DC030020002902D00068091D425070470F
:1040E000002901D000684250704700002DE9F041DE
:1040F000044600222121F6F777F800287ED0608C54
:1041000040F48050608401E0FFF7F0FF002120467A
:10411000FAF75EF80028F7D12046FAF725F90646A7
:104120000020F7F7C5FC054600271CE0A86AA0425E
:1041300002D0E86AA04203D121462846F7F708FDDD
:10414000686BA04200D16F63686DB04207D1F7F78A
:10415000B9FCA04203D121462846F7F7F9FC2846CE
:10416000F7F7A6FC0546002DE0D12046E5F7C2FA98
:10417000606804260028204602D0FAF700F92AE0F9
:10418000FAF7C4F805460020EA68696A05E000BF4E
:1041900052F82030A3420AD0401C8142F8D806E0F1
:1041A000E96806EB80028A5841F82020401C696AC1
:1041B000491E8142F4D8686A401E81006862E8683E
:1041C000F8F76CFEE8601DE0096806EB80028A588B
:1041D00041F82020401C616889684A68521E82426A
:1041E000F2D8606880684068401E4860616882005C
:1041F000896808681146F8F751FE00E007E0616839
:10420000896808602046BDE8F041F8F723BEBDE8A4
:10421000F081C9B20022FCF716BEF0B50027DDE937
:1042200005458E1A012B05DC03280CD004280AD082
:10423000052808D0891A09B206282AD2DFE800F03A
:10424000290A0320140E2F80208806EBD67100EB7C
:1042500061001CE02F802088304418E05B1E18B2FB
:1042600091FBF0F02880F0BD91FBF3F02988084421
:1042700000B22880218800EBD07001EB600006E0DE
:104280005B1C18B291FBF0F0288021880844208044
:10429000F0BD2F80F0BD2DE9F05F05460C46501EA5
:1042A00053B12188A1EB620121800844A080E88AF3
:1042B0006080688BE08009E06188A1EB6201618029
:1042C0000844E080A88A2080288BA0804FF44036E4
:1042D00031462846FAF79CFE814631462846FAF7D1
:1042E000D3FE824631462846FAF71CFF8046314607
:1042F0002846FAF73FFE834631462846FAF7FFFF85
:10430000074631462846FAF7EEFF0146208809EBBA
:104310000702801A2080A0880AEB07021044A080C0
:10432000608808EB0102801A6080E08859440844E4
:10433000E080BDE8F09F70B50446EFF74BF905004B
:104340001DD0FAF716F806462046F9F7A5FF864273
:1043500015DD00212846FAF787FF06890021284647
:10436000FAF79DFFE18E3044414309B20022606AB2
:10437000FCF724FB606ABDE87040FBF78FBB70BDA3
:104380002DE9F0411E4C0F460546E6682068001DE9
:1043900004F0DDFE38B9206890F82C100120884028
:1043A000216981432161681C15D1A7B11549226893
:1043B0004868906023688268DA6022688368121D0A
:1043C0005A602268121D8260206841610868401CA2
:1043D0000860BDE8F08120683544B5424560216839
:1043E00005D2E06BBDE8F041091D04F0EDBFA06B04
:1043F000091D04F0E9FFA06A8542EAD2A562E8E758
:10440000B401002048AF00202DE9F041054604F03A
:10441000F3FF364CA068401CA0602068344F10B1F8
:10442000606940B32DE02560A068012829D10026ED
:1044300006EB860007EB800004F0B8FF761C052E23
:10444000F6D32B48643004F0B1FF2948783004F0EB
:10445000ADFF27488C3004F0A9FF2548A03004F0B8
:10446000A5FF2348B43004F0A1FF21486430A063C5
:104470001430E06305E02068E96AC06A884200D829
:104480002560606A401C60626864E96A01202269F4
:1044900088401043206101EB810007EB80004068F9
:1044A000A8608168E9608268291D51608160E86ABE
:1044B00000EB800007EB8001696157F82010491C70
:1044C00047F8201004F0B8FF606900280CD020687D
:1044D000E96AC06A884207D206494FF080500860F6
:1044E000BFF34F8FBFF36F8FBDE8F081B4010020A1
:1044F00094AE002004ED00E010B504F07DFF0E4CFA
:104500002068A0B90D4804F051FF0C48143004F0A5
:104510004DFF0A48E0601430206100220C210A207F
:1045200005F04EFB206010B105A105F021F8BDE8B3
:10453000104004F081BF0000F40100205CAF0020B7
:10454000546D72510000000030B4026C0B46002A1A
:104550000BD0C1681144C1608468A14201D30168D5
:10456000C16030BC1846DCF79BB930BC70472DE900
:10457000F041856B174604460026026C82B1C7B134
:10458000E068DCF78DF9E168206C091AE1602268C7
:10459000914202D2A168081AE060022F16D017E0FB
:1045A0002068A8B9A06805F07BFF06460020A0603F
:1045B0000EE06068DCF774F9216C606808446060A4
:1045C000A168884204D32068606001E005B16D1ED7
:1045D0006D1CA5633046BDE8F08110B50446006B44
:1045E00004F03EFF2046BDE8104004F039BF000053
:1045F0000E484FF41041420706D0C01D0B4920F071
:104600000700411AC1F51041094A00230144C2E9DB
:1046100000030839143A21F0070111604B600B6068
:104620000B1AC0E90013936053607047541E0020BA
:10463000A0010020144E154CA6F1A0074FF08058A1
:10464000DFF84C9012E000BF04F0D6FEF068C568B9
:10465000281D04F07CFDA068401EA0606068401E1C
:10466000606004F0E9FE2846FFF7B7FF60680028A5
:10467000EAD138680128F9D9C9F80080BFF34F8F13
:10468000BFF36F8FF2E7000034AF0020B4010020C9
:1046900004ED00E02DE9F0470D46DDE909841746F9
:1046A000824691009946089EA522206BDCF76FF99F
:1046B0006FF00301206B01EB8701084420F007072E
:1046C000780707D0502080F31188BFF34F8FBFF3D6
:1046D0006F8FFEE765B100202218295C82F8341044
:1046E000295C11B1401C1028F6D3002084F8430047
:1046F000052E07D3502080F31188BFF34F8FBFF3EF
:104700006F8FFEE7E662201DE66404F05AFE04F1B6
:10471000180004F056FE2461C6F105006462A06131
:104720004A465146384600F075FA2060B8F1000F4D
:1047300001D0C8F80040BDE8F087000030B511494D
:1047400000E011460A688242FBD34B685C18844241
:1047500003D1406818444860084643681C189442D6
:1047600009D1084C143C2468A24209D052681A446A
:1047700042600A6812680260814200D0086030BD61
:104780000460F9E7A001002070B5002441600B4DE2
:104790000061914206D8D11A8269914206D2011D68
:1047A000286907E09A4203D2994201D3012403E029
:1047B000011DE86804F008FE204670BDF4010020E9
:1047C00010B5044604F018FEA06B28B15FF0000499
:1047D00004F032FE204610BD0124F9E770B506460C
:1047E0000D480D46C068C068C468201D04F0AFFCC9
:1047F00094F82800410705D52A463146204600F0A6
:10480000B5F803E000F0FE0084F828002046216A95
:10481000BDE8704008470000F40100207FB5374E26
:1048200063E00098002860DB029C606910B1201DE5
:1048300004F08DFC03A800F0BBF8054600980A2898
:1048400053D2DFE800F0520505282E460505282E34
:1048500094F828002A4640F0010084F828000199C5
:10486000A069019B01442046FFF78EFF40B394F8F6
:104870002800410707D50198A1692A46014420462E
:1048800000F074F803E000F0FE0084F82800216ACC
:104890002046884729E014F8280F00F0FE00207019
:1048A00023E094F8280040F0010084F828000198E3
:1048B000A06130B141192B461A462046FFF764FF2C
:1048C00013E0502080F31188BFF34F8FBFF36F8F39
:1048D000FEE794F82800810703D4204604F0C0FDC9
:1048E00003E000F0FE0084F82800002269463068EA
:1048F00005F06AFB002894D17FBD0000F401002080
:10490000F8B50D46064604F0C9FF684600F050F8B9
:104910000446009810B105F0E5FEF8BD1148ADB1B0
:1049200001690968D9B10025311B2A46006804F0E5
:1049300047FE05F0D7FE0028EFD10B494FF080501D
:104940000860BFF34F8FBFF36F8FF8BDA642EBD85F
:1049500005F0C8FE21463046FFF740FFF8BD0125AF
:10496000E2E70000F401002004ED00E070B5164617
:104970000C46054604E0A869296A0444284688478D
:10498000A8692346011932462846FFF7FDFE002894
:10499000F1D170BD0548816B096821B1816BC9688F
:1049A0000968816270474FF0FF31FAE7B4010020D7
:1049B0002DE9F041064605F0D1FC0E4C0546A068F5
:1049C000854214D24FF0FF3704E0C06839460068D2
:1049D000FFF704FFE06801680029F6D12169C4E906
:1049E0000310012030602846A560BDE8F08100205A
:1049F000F8E70000F401002008484068401C4FF030
:104A0000500080F3118804D0BFF34F8FBFF36F8F36
:104A1000FEE7BFF34F8FBFF36F8FFEE7A8010020C3
:104A2000074CE068016841B1C0680021D0F800007F
:104A3000FFF766FFFFF7F2FEF3E701210020F7E73B
:104A4000F40100202DE9F041044604F0D5FC94F96E
:104A5000455004F1240609E0606A48B1304605F08B
:104A6000D3FD08B104F03AFE6D1E6DB2002DF3DCEB
:104A70004FF0FF3684F8456004F0DEFC04F0BCFC27
:104A800094F9445004F1100709E0206948B1384610
:104A900005F0BAFD08B104F021FE6D1E6DB2002DC7
:104AA000F3DC84F84460BDE8F04104F0C5BC0000CC
:104AB00070B50446002604F0F1FE2F4D286808B9B1
:104AC000FFF796FD94B304F00700C0F11000C14356
:104AD0008C4202D82118002902DC05F003FE3DE0DB
:104AE00068688142F9D8244814300246146801E00D
:104AF0002046144662688A4202D22268002AF7D110
:104B00002A689442E9D00668226802606068083624
:104B1000421A102A0FD96018430708D0502080F39A
:104B20001188BFF34F8FBFF36F8FFEE713E0426032
:104B30006160FFF703FE61686868401A6860AA68F0
:104B4000904200D2A86041F00040606000202060E8
:104B5000E868401CE86005F0C5FD0EB904F010FBE4
:104B6000700707D0502080F31188BFF34F8FBFF339
:104B70006F8FFEE7304670BD8C0100200449086845
:104B800018B10868026D521C026508687047000081
:104B9000B40100202DE9F047064690F86000400778
:104BA0002FD5706AF7F743FB174909688847040057
:104BB00027D03046FEF7ECF98146DBF707FE0746C3
:104BC00004FB07F0401CF8F7E7F88046002506E0F4
:104BD00005FB07803A464946F8F778F96D1CA5426F
:104BE000F6D37D43002108F805104146706AF7F7B7
:104BF00009FF4046F8F71CF93046BDE8F04700F0E1
:104C000091B9BDE8F08700002804002070470068D3
:104C1000FFF7C0BF10B5031F4FF080741C601B1F4F
:104C200021F001011960191F044B0B6014390A604F
:104C3000091F6FF0020244380A6010BDF9490208EA
:104C40002DE9F04F544E054689B070680168CC6B71
:104C5000C96889682160016809698A0701D4C907A0
:104C600023D0F2F797FA401E07B27068F2F74CFAB9
:104C7000401E03B20022114601A80097F0F71CFE67
:104C800001A9616070680068027CC068920705D560
:104C9000826942F002028261A16076E081698269E4
:104CA00061F341028261A5606FE0A9882A88891AB0
:104CB000491C0FFA81F9E9886A88891A491C0FFA98
:104CC00081F8F2F767FA0146B5F90600814203DC84
:104CD0007068F2F75FFA401E07B242464946B24694
:104CE0007068EEF7E7FC81460026B5F902000DF189
:104CF0000C0B28E02A88ADF80C20AA88ADF810200B
:104D0000ADF80E00ADF81210C4F804B0C4F808B045
:104D1000DAF804000168C96889682160BDF91210D9
:104D2000B94201DDADF81270BDF91260B74205D18C
:104D30000068C068816941F002018161204600F08D
:104D40002DF80FFA88F000EB0908A8F10101B9422B
:104D5000D0DDB7421CD02988ADF80C10A988ADF879
:104D60001010ADF80E00ADF81270C4F804B0C4F81D
:104D700008B0DAF804000168C96889682160006831
:104D8000C068816941F002018161204600F006F8A7
:104D900009B0BDE8F08F00003C0300202DE9F04190
:104DA0005F4C074694B06068F2F7AAF9F9680546C7
:104DB00009B138468847606800680188408811FB5F
:104DC00000F0E968884201D1012000E00020296854
:104DD00059B1696831B128B907E060680068816A33
:104DE00001B1884728690028F7D100256068F2F7EB
:104DF000BBF97A6801461046FCF770FA064660680F
:104E0000416919B17868FCF769FA054656EA050068
:104E100051D16068F2F7BEF9401E0FFA80F8606861
:104E2000F2F772F9401E03B20022114611A8CDF824
:104E30000080F0F741FD386BB0B103A8F3F79AFC9E
:104E4000606811AAC16A079190F829108DF82610A0
:104E5000418DADF8101090F829008DF80F003B6BD4
:104E600003A93846984726E06068C06A98B1694649
:104E7000F6F79CFA01281ED103A8F2F7F5FB60684B
:104E800011AA90F829108DF81710C36A03A93846A3
:104E9000F2F7B6FB0FE003A8F3F76CFC6068418DF6
:104EA000ADF8101090F829008DF80F0003A93846CE
:104EB0007A68F3F74BFC606890F82810C9070CD0AB
:104EC00006B906693846314600F096FA60684069CE
:104ED00090B105B9054629460BE0406928B105B9EE
:104EE00005462946384600F087FA0EB9606806691B
:104EF0003146384600F080FA6068F2F723F901463F
:104F0000384600F079FA6068F2F714F9014638463D
:104F100000F072FA606814B0BDE8F041E7F7ACBF8A
:104F20003C0300202DE9F04F89B004460021FAF738
:104F3000A7F9059000212046FAF7C9F90790606C9F
:104F40000690606AF7F773F9724A8246069912680A
:104F50009047DFF8C4B106460AEB0600DBF80020F4
:104F6000814600219047054605982F46B0F90880F4
:104F70003846EFF7D5F900B12027002239460598C9
:104F8000F5F746FA07B202AA606A0699F7F764F8DD
:104F9000606AF7F74CF902460021606AF8F72EFCC8
:104FA000616ABDF90820B1F91430B1F918101A443A
:104FB0003A448A4227DD94F86010090723D4032875
:104FC00021D00020ADF808000798BDF80A20404421
:104FD0001044ADF80A005DB1504948460968884759
:104FE0000644DBF800200AEB060000219047054646
:104FF0002846EFF795F900B12025002229460598AB
:10500000F5F706FA07B24FF4E02B2046594626651D
:10501000F9F7FCFE054659462046FAF795F800EBED
:10502000050A204611225946FAF794F800EB0509C3
:1050300059462046F9F7FEFF4619204613225946E5
:10504000FAF788F8BDF808302844991BBDF80A2003
:10505000ADF80C1018447F1EA2EB0A013844ADF8DD
:105060000E10ADF8100002EB0901A8F10100084490
:10507000ADF8120004F148010D466846F0F7A9FBAF
:10508000606ABDF80010828A1144ADF80010BDF8C6
:105090000210C08A0844ADF80200606ABDF804102E
:1050A000808A0844ADF80400606ABDF80610C08A22
:1050B0000844ADF8060069462046FAF712FD03A938
:1050C0002846F0F786FB29466846F0F782FB606ABF
:1050D000BDF80010828A1144ADF80010BDF802102E
:1050E000C08A0844ADF80200606ABDF80410808AE6
:1050F0000844ADF80400606ABDF80610C08A084490
:10510000ADF8060069462046FAF7EBFC09B0BDE8A9
:10511000F08F000018040020140400201004002068
:105120002DE9F0412B4C002020606068B0F8505110
:10513000002D4DD0002703E0411991F83011D1B175
:105140006D1EF9D50068416B01B188476068016840
:10515000C9688A6922F001028A610168C9688A699E
:1051600022F002028A6190F82810002641F0040122
:1051700080F8281022E02F46E4E7811991F83011D9
:10518000D9B9BE4205D10168C9688A6942F00102F5
:105190008A610168C9688A6922F002028A6100EBAB
:1051A000C6003030FFF74CFD606800EBC6003030C1
:1051B000F0F73CFB216808442060761C6068B0F87A
:1051C0005011B142D9DC10F8281F21F00401017000
:1051D000BDE8F0813C0300202DE9F04F0C468246EB
:1051E0008BB001212046FAF79AF900287ED120469B
:1051F000E4F794FA050027D0204600216122F9F750
:10520000A9FF00F0FF09B9F1020F6FD36B462A46E0
:1052100021465046EFF7EFFA012867D10127002217
:1052200004F114016846E3F700FDA8B100208DF8F1
:105230002000CDF824D008AA12212046F4F7D4FF8C
:105240009DF8200038B107E00BB021465046BDE87C
:10525000F04FFAF714BE0027012D01D147F00207E5
:105260003A4669465046F2F7E9FC05003ED0204632
:1052700000216F22F9F76EFF00B260F30F0680463F
:10528000204600217022F9F765FF01B2C8F34130D2
:10529000642261F31F464FF4FA634FF47A7B0128CE
:1052A00017D128F4C040984213DCB4F818C0B4F801
:1052B00014805845ACEB080C0CF1010C0FFA8CFC77
:1052C00001DDC0F57A700CFB00FC9CFBF2F060F392
:1052D0000F06C1F34130012813D121F4C040984298
:1052E0000FDC618BE38AC91A491C00E07EE009B239
:1052F000584501DDC0F57A70414391FBF2F060F34F
:105300001F4602A8F2F7B0F98DF81390204600214D
:105310006E22F9F71FFF00B2ADF80800B0F5616F1B
:1053200002DDA0F5616003E0002803DA00F56160AA
:10533000ADF80800204600216D22F9F70BFFADF80B
:105340000A00204600216822F9F704FF8DF81400B6
:10535000284840680068007CC0F3C0008DF81C003D
:10536000B8070ED5D5E90001C5E902016889698A47
:105370000844401E01B2E981B5F90600814200DD12
:10538000E881B5F90A00BDF9061088422ADCB807A1
:1053900005D53B462A4651462046EFF7F9F9214606
:1053A0005046FAF76CFDA08A02AA8119DAF80400C7
:1053B0000088081AADF80C00E08A00EB2641DAF804
:1053C00004004088081AADF80E0029465046F2F74E
:1053D00030FCB80706D5E889401C6881698A084412
:1053E000401ECDE729465046F2F757FC0BB0BDE80A
:1053F000F08F00003C0300202DE9F0470C008146AF
:1054000005D11B484068F1F7AFFE04002AD02146C1
:105410004846FFF7E1FE1FE00027F8F7EBFE0646DF
:10542000002508E0A068006850F82510E7B148465C
:10543000FFF7D2FE6D1CB542F4D34A461721204631
:10544000F4F7D2FE4A4618212046F4F7CDFE4A462C
:1054500019212046F4F7C8FEA0464046F8F7CAFFD7
:105460000400D9D1BDE8F0874145E3D10127E1E748
:105470003C0300202DE9F04792B088460646EEF73F
:10548000B0F805006BD0F6F7D2FE024600212846A0
:10549000F8F7B4F9012838D0022802D0032819D12E
:1054A0000CE03046F8F712FF04462846FAF70AF8EF
:1054B000201A00EBD07040F34F0108E03046F8F7B7
:1054C00005FF04462846F9F7FDFF201A01B22846D9
:1054D000FBF75DFD00213046F9F7CCFE04460021C4
:1054E0003046F9F7E8FE8246B4F908703046F8F71E
:1054F000D3FE8146304600216522F9F72BFE84B2A7
:10550000B8F1000F03D014B104E00021DFE730460A
:10551000EEF70EFDF18C07EB0A00484309EBD97159
:10552000491007EBD772A1EB6201081A06B2B8F175
:10553000000F17D0B4B16846EFF710FC0F48CDE963
:1055400000502846F9F7C4FF0B940890CDE90906EE
:105550000B4803900B4807906846EFF75DFC12B0CC
:10556000BDE8F08705492846EFF7A6FB12B03146A3
:105570002846BDE8F047FBF720BD0000755F020834
:10558000E55A0208914D01082DE9F04F0C464FF401
:10559000A02689B005463146F9F746FD0790314609
:1055A0002846F9F77DFD834631462846F9F7C6FDC2
:1055B000824631462846F9F7E9FC814631462846BD
:1055C000F9F767FE069031462846F9F77AFE8046DD
:1055D00031462846F9F751FE059031462846F9F73D
:1055E0005DFC074631462846F9F752FC06461CE0AA
:1055F000079BCDF808B0CDE90083CDE903A9DDE92B
:105600000523A1B22846EEF7CFF9B04201DA0146F0
:1056100000E03146B94201DA384602E0B04200DB30
:105620003046E96A21F81400641CE88CA042DFD8F7
:105630002846FAF7F7FE09B02846BDE8F04FFAF71A
:105640002DBA00002DE9F04F464C8DB0606801681E
:105650000A7CD2077ED0C968496800297FD000F54E
:10566000AC70E4F70AF8002879D160680168CA686C
:1056700093680C9311688B4200D151688946F1F709
:1056800043FD0B90202103A8DBF7ABF90025A046D2
:105690003CE0411991F83011B9BB00F5AC70E3F76B
:1056A0005AFF0646A0462EE0D8F80400314644468C
:1056B00000F5AC70E3F761FF83466068314600EBAC
:1056C000C50203A83032E3F7DFF90746401C19D0C2
:1056D00000240DF10C0A09E0E3F780FF0AEBC40196
:1056E000641C0A6802604968416064B2D8F804002A
:1056F000BC42314600F5AC70EEDBE3F7C7FF304645
:10570000F7F7A8FB5E46002ECED16D1CD8F804003A
:105710004446B0F85011A942BBD8254600F5AC70FC
:10572000E3F719FF12E00B98CDF80090CDE90104E2
:105730006868DDE90B2100682346C06B866BB047C3
:105740006868214600F5AC70E3F717FF0400EAD162
:10575000686800E003E000F5AC70E3F7E6FE0DB02A
:10576000BDE8F08F3C0300202DE9F0410746F8F733
:1057700041FD0546002412E0B868006850F8246036
:105780003046FAF78BF900222A213046F4F72CFD37
:105790003046FAF783F93046FFF7E6FF641CAC4267
:1057A000EAD3BDE8F08100002DE9FE4F0446EDF795
:1057B00018FF060009D0F6F775F98046F6F7B3F939
:1057C000042805D0022803D012E00120BDE8FE8F96
:1057D000E28C2146228504280AD10846F8F7C4FD48
:1057E0000546F5F739F918B100212846F5F7A2F971
:1057F0004046F6F798F9012804D04046F6F793F9A9
:10580000032863D1A06A800331D40025694640464D
:10581000F6F75EF9BDF80200F18A401AADF8020011
:10582000BDF80000B18A401AADF800006946304664
:10583000F6F714FB07463046F6F7F9FC82460020DF
:1058400080460646DFF8949001900DE0D9F80020DC
:1058500001A9504690470A2803D1B84501D06D1CD4
:105860002DB2DDF80480761CBE42EFD327E0002184
:105870002046F9F7FFFC054600212046F9F71BFDFD
:105880002989B4F91A200844B4F9161007B2501A3D
:1058900000EBD07001EB600005B20C214046F6F73A
:1058A000A8F9F18A084400B2281A90FBF7F0002802
:1058B00000DA0020A18C814200DC481E05B2002DD8
:1058C00004DBA9B201222046FBF753FFE08C0290D3
:1058D00002AA1C212046F4F787FC77E71404002075
:1058E00070B5D1E90245D5B1D4B1E560AC6000EB4B
:1058F000C21505EB8305AE6B8E420FD1AC638442BB
:105900000CD100EB820501216C6901FA03F39C4381
:105910006C6103D1036991408B43036170BDFEE765
:10592000FEE72DE9F0410C46498C06460020C1F304
:1059300005110EE026B1E26852F83020B24207D1DC
:105940004FF6FF724FF470212046FAF783FD02E014
:10595000401C8142EED82046F8F74CFC0746002553
:1059600007E0A068006850F825103046FFF7D9FF1F
:105970006D1CBD42F5D3BDE8F0812DE9FF5F98466F
:10598000DDE90E54DDE911A6DDE9149BE4F7A6F884
:1059900000683146876B4846F7F798FB00200346BE
:1059A00030E010990AFB00F2414305EB212104EBA2
:1059B000222209124FEA222209D4DDF804C06145EF
:1059C00005DA002A03DBDDF808C0624502DB09F8CE
:1059D00000300AE002FB0811DDF800C0139A0CEB5E
:1059E000410102EB400209881180BBF1060F07D18B
:1059F0001399BAB231F81010914201D109F8003070
:105A0000401C00B2B042CCDBBDE8FF9F70B505463C
:105A10000068F8F77BFC0446006900222721F4F7B0
:105A2000E3FB002228216069F4F7DEFB606928B1FE
:105A300094F82810890701D5F8F744F80020606130
:105A400014F8281F002221F0010104F81819602120
:105A5000A0602868FAF7A6FD2068BDE87040FAF754
:105A60001DB870B504460068F8F750FC0546FBF712
:105A7000AEFE686123682B61BDE8704000222621DC
:105A80001846F4F7B1BB70B50546F8F73FFC0400C3
:105A900022D026695EB1002225213046F4F7A4FB0E
:105AA000206920B1002226212846F4F79DFB002022
:105AB0002561A0615DB1002227212846F4F794FBFF
:105AC000206920B1002228213046F4F78DFB2846BA
:105AD000BDE87040F9F7E2BF70BD002200680A21FE
:105AE000F4F782BB10B50068F8F784FCBDE81040FD
:105AF000EEF71EBA2DE9FF4F85B090460C460846DA
:105B0000F8F778FC06461021F9F709FD00286FD058
:105B10003046F8F7CDFC834600253046F8F795FD72
:105B20001434CDE9024000B9059C00213046F9F754
:105B300055F9824600213046F9F7D0FA504407B2B1
:105B400000213046F9F7F8F9504400B20190F08A8C
:105B500061883844421AB8F80210501A0FFA80F9D6
:105B6000728B0198101AE288801A081A00B200900D
:105B70003046F8F7FEFBC11B0198081A00B20490EA
:105B8000B9F1000F0CDB0098002814DAB9F100001D
:105B900006DD05463046F8F75FFD401B0AD40AE0F3
:105BA0000098002807DD404205B23046F8F72EFC89
:105BB000E84200D500250398012804D0022807D028
:105BC00003280DD115E0F08A61883844294421E08A
:105BD000718B0198091AE0882844081A284405B2F4
:105BE00000243046F8F72AFD0090A8B1029F14E087
:105BF000BDE00498F18A00EBD07007EB6000084428
:105C0000E2886188521A521C12B202EBD27205EB82
:105C100062021144401AE1E7059F00213046F9F77E
:105C2000D9F950440FFA80F900213046F9F70EFAFD
:105C30005044B18A0FFA80FA01EB09003988338B9E
:105C4000421AB8F80010501AA3EB0A02BB8800B23F
:105C5000D21A891A09B200280ADB002912DA0028B0
:105C600006DD04463046F8F72BFC001B09D409E09A
:105C7000002907DD484204B23046F8F781FCE042D3
:105C800000D500243046F9F71DFCA0EB0901A1EB7B
:105C90000A00009900B2012904D0022907D0032983
:105CA0000DD122E0B18A01EB0900398803E0318B84
:105CB000A1EB0A00B9882144401A204404B22D49BE
:105CC0003046EEF7F9FF07462B493046EEF7F4FF72
:105CD000384306D000220A213046F4F785FA01281D
:105CE00045D15FEACB7011D013E000EBD072B18ADE
:105CF00009EB62000844B9883A88891A491C09B23C
:105D000001EBD17104EB61011144D5E7002C00DAFD
:105D100000245FEA8B7002D4002C00DD00245FEACF
:105D20004B7002D4002D00DA00255FEA0B7002D41C
:105D3000002D00DD00250898B8F90010002800D0DB
:105D400020460844A8F80000B8F9021002D14FF02C
:105D5000000000E028460844A8F80200089B09B0AB
:105D60002A4621463046BDE8F04FFAF7E5BC09B0B7
:105D7000BDE8F08F095E0208F15D02081CB504461B
:105D8000828EC18E6B46EDF7E4F9BDF90000002864
:105D900001DA40420CE02046F9F794FBBDF904100B
:105DA00088420BDA2046F9F78DFBBDF80410401A43
:105DB00001B2012300222046FAF74EFDBDF9020090
:105DC000002801DA40420CE02046F8F7D2FABDF98B
:105DD000061088420BDA2046F8F7CBFABDF8061019
:105DE000401A02B2012300212046FAF735FD1CBDFE
:105DF00010B50346F8F737FC084401B2BDE810407F
:105E000000221846E3F790BC10B50346F8F732FCC1
:105E1000084402B2BDE8104000211846E3F784BCF4
:105E2000F8B505460C460846F2F7A4FC4FF4803658
:105E300031462846F8F7B8FFE070022808D928460E
:105E400031462022F9F786F90090BDF80000A080C5
:105E5000284631463122F9F77DF9C0B2002784F88F
:105E60002200022814D9284631463222F9F772F965
:105E700000B22084002809DD284631463022F9F797
:105E800069F90090BDF80000E08301E084F8227019
:105E9000284631464522F9F75DF9C0B284F836004C
:105EA00002281AD9284631464022F9F753F900B2A0
:105EB000E08500280FDD284643223146F9F74AF9EC
:105EC000A086284644223146F9F744F90090BDF8EF
:105ED0000000A08501E084F8367031462846F8F7C6
:105EE000E9FFFD280AD2E17811FB00F1090AE1700F
:105EF0004143080A84F8220084F83600E07830B97B
:105F000094F8220018B994F83600002805D03146DC
:105F10002846F9F769F920800120F8BDA0F844105F
:105F2000F9F7BCBDA0F84610F9F7B8BD70B504008C
:105F300015D00B4DE868002811D0052104F0E0F8D9
:105F400001280CD1074894E80E0080E80E00E868AC
:105F5000BDE8704000231A46194603F0B9BE70BD73
:105F60003002002038C1002009B2FBF710B809B296
:105F7000FBF723B809B2FBF720B8000070B5044660
:105F8000006800287DD1F1F7A7F8F1F7EDF8F9F7EF
:105F900085FD0020F7F78AFDF0224FF4A071206004
:105FA000FAF7FFFD00212068FAF7E7FD0022FF2144
:105FB0002068FAF7F9FE0020F0F7B5FD014600224F
:105FC0002068FAF7D6FE002211462068FAF7DDFEB7
:105FD0000022D5212068FAF7DDFE00221146206854
:105FE000FAF7DDFE2068F5F787FEFEA16060F6F7A0
:105FF00009FD00216068F6F7C9FC87220521606869
:10600000FAF7B0FD642211466068FAF7CAFD002273
:1060100011466068FAF7E3FE00220A216068FAF789
:1060200042FF6FF07F452846F0F77DFD01460022D4
:106030006068FAF767FF0022F0496068FAF76EFFC0
:106040000022FF216068FAF778FF0022114660689D
:10605000FAF769FF002211466068FAF769FF00222B
:1060600002216068FAF749FF0022B3216068FAF75D
:106070009BFE48F63230F0F756FD0146002260687C
:1060800000E0E5E3FAF775FE002211466068FAF7D2
:106090007CFE002211466068FAF700FF00221146DC
:1060A0006068FAF7F6FE002211466068FAF7E7FE2C
:1060B000002211466068FAF7E7FE2068EFF710FE4D
:1060C0002061F5F719FECEA16061F6F79BFC042173
:1060D0006069F6F75BFC00231A4609216069F7F74F
:1060E00011F9002211462069FAF7B2FE42F2640665
:1060F00031466069FAF735FF892207212069FAF7EE
:1061000031FD142260212069FAF74BFD0022FF21A6
:106110002069FAF749FEBC48F0F705FD0146002268
:106120002069FAF726FE002211462069FAF72DFEB3
:10613000002211462069FAF752FE00220A21206946
:10614000FAF7B1FE002203212069FAF7D1FEAF4829
:10615000F0F7E9FC014600222069FAF7A9FE0022C7
:10616000FF212069FAF7BAFE002211462069FAF7EA
:10617000BAFE002201212069FAF7A6FE00220221C0
:106180002069FAF7A6FE2846F0F7CDFC014600226A
:106190002069FAF7B7FE00229D492069FAF7BEFE92
:1061A0000022FF212069FAF7C8FE0022022120699F
:1061B000FAF7A3FE2068F5F79FFD96A1A060F6F719
:1061C00021FC0021A068F6F7E1FBA6220A21A068C5
:1061D000FAF7C8FC18225A21A068FAF7E2FC00225C
:1061E0001146A068FAF7FBFD00221146A068FAF7F5
:1061F0005AFE2846F0F797FC01460022A068FAF7FD
:1062000081FE00228549A068FAF788FE0022FF215E
:10621000A068FAF792FE00221146A068FAF783FE02
:1062200000221146A068FAF783FE00220121A0682F
:10623000FAF763FE00221146A068FAF7B5FD0022C6
:106240001146A068FAF72AFE00221146A068FAF764
:1062500020FE00221146A068FAF711FE0022114626
:10626000A068FAF711FE2068F5F746FD6CA1E06022
:10627000F6F7C8FB0021E068F6F788FBC62232215A
:10628000E068FAF76FFC0F223C21E068FAF789FC1E
:1062900000221146E068FAF7A2FD00221146E068EC
:1062A000FAF701FE2846F0F73EFC01460022E068BE
:1062B000FAF728FE00225C49E068FAF72FFE002278
:1062C000F321E068FAF739FE00221146E068FAF798
:1062D0002AFE00221146E068FAF72AFE0022012178
:1062E000E068FAF70AFE00221146E068FAF75CFD62
:1062F00000221146E068FAF7D1FD00221146E0685D
:10630000FAF7C7FD00221146E068FAF7B8FD00224F
:106310001146E068FAF7B8FD2068F5F7EDFC43A1F7
:10632000A061F6F76FFB0021A069F6F72FFB87222B
:106330006E21A069FAF716FC64221146A069FAF7EB
:1063400030FC00221146A069FAF749FD00220A211B
:10635000A069FAF7A8FD2846F0F7E5FB0146002200
:10636000A069FAF7CFFD00222449A069FAF7D6FD0B
:106370000022FF21A069FAF7E0FD00221146A06982
:10638000FAF7D1FD00221146A069FAF7D1FD0022EB
:106390000221A069FAF7B1FD0022D821A069FAF71D
:1063A00003FD2848F0F7BFFB01460022A069FAF779
:1063B000E0FC00221146A069FAF7E7FC0022114632
:1063C000A069FAF76BFD00221146A069FAF761FD9A
:1063D00000221146A069FAF752FD00221146A06979
:1063E00032E000000A0A2020202020202020202047
:1063F000202020202020205600000000885C030878
:10640000E794B5E58E8B0000058512000145060076
:10641000C4660308302E303030000000449E04086B
:10642000302E303030205600F8DC02080A0A2020D6
:10643000202020202020202020202020202020413B
:10644000000000000FA2B000FAF71EFD2068EFF771
:1064500047FC6062F5F750FCFEA1A062F6F7D2FAA5
:106460000421A06AF6F792FA00231A460921A06ACD
:10647000F6F748FF00221146606AFAF7E9FC314658
:10648000A06AFAF76EFD89227021606AFAF76AFB4A
:1064900014226021606AFAF784FB0022C621606A38
:1064A000FAF782FCED48F0F73EFB01460022606AF5
:1064B000FAF75FFC00221146606AFAF766FC0022D8
:1064C0001146606AFAF78BFC00220A21606AFAF72B
:1064D000EAFC00220321606AFAF70AFDE048F0F7BF
:1064E00022FB01460022606AFAF7E2FC0022FF214B
:1064F000606AFAF7F3FC00221146606AFAF7F3FCCF
:1065000000220121606AFAF7DFFC00220221606AA2
:10651000FAF7DFFC2846F0F706FB01460022606A26
:10652000FAF7F0FC0022CF49606AFAF7F7FC002284
:10653000FF21606AFAF701FD00220221606AFAF782
:10654000DCFC2068F5F7D8FBAFF23811E061F6F714
:1065500059FA0021E069F6F719FAA6227321E069D9
:10656000FAF700FB19225A21E069FAF71AFB002218
:106570001146E069FAF733FC00221146E069FAF7A8
:1065800092FC2846F0F7CFFA01460022E069FAF7BC
:10659000B9FC0022B449E069FAF7C0FC0022FF21EF
:1065A000E069FAF7CAFC00221146E069FAF7BBFC81
:1065B00000221146E069FAF7BBFC00220121E069E4
:1065C000FAF79BFC00221146E069FAF7EDFB002286
:1065D0001146E069FAF762FC00221146E069FAF719
:1065E00058FC00221146E069FAF749FC00221146E6
:1065F000E069FAF749FC2068F5F77EFB9BA1206271
:10660000F6F700FA0021206AF6F7C0F9C6229B21AE
:10661000206AFAF7A7FA0F223C21206AFAF7C1FA9A
:1066200000221146206AFAF7DAFB00221146206A9E
:10663000FAF739FC2846F0F776FA01460022206A7C
:10664000FAF760FC00228B49206AFAF767FC002207
:10665000FF21206AFAF771FC00221146206AFAF73E
:1066600062FC00221146206AFAF762FC0022012136
:10667000206AFAF742FC00221146206AFAF794FBDE
:1066800000221146206AFAF709FC00221146206A0E
:10669000FAF7FFFB00221146206AFAF7F0FB00220E
:1066A0001146206AFAF7F0FB2068F5F725FB72A186
:1066B000E062F6F7A7F90021E06AF6F767F98722AA
:1066C000D721E06AFAF74EFA30226421E06AFAF73D
:1066D00068FA00221146E06AFAF781FB00220A21DB
:1066E000E06AFAF7E0FB2846F0F71DFA01460022BF
:1066F000E06AFAF707FC00226249E06AFAF70EFC4A
:106700000022FF21E06AFAF718FC00221146E06A35
:10671000FAF709FC00220421E06AFAF709FC0022DA
:106720000221E06AFAF7E9FB00229921E06AFAF710
:106730003BFB5548F0F7F7F901460022E06AFAF70B
:1067400018FB00221146E06AFAF71FFB00221146EF
:10675000E06AFAF7A3FB00221146E06AFAF799FB18
:1067600000221146E06AFAF78AFB00221146E06A2D
:10677000FAF78AFB2068EFF7B3FA2063F5F7BCFA63
:1067800042A16063F6F73EF90421606BF6F7FEF86C
:1067900000231A460921606BF6F7B4FD002211466A
:1067A000206BFAF755FB3146606BFAF7DAFB89226A
:1067B000D921206BFAF7D6F912226021206BFAF763
:1067C000F0F90022FF21206BFAF7EEFA3148F0F7DA
:1067D000AAF901460022206BFAF7CBFA00221146F3
:1067E000206BFAF7D2FA00221146206BFAF7F7FA7B
:1067F00000220A21206BFAF756FB00220321206BAE
:10680000FAF776FB2448F0F78EF901460022206B58
:10681000FAF74EFB0022FF21206BFAF75FFB002204
:106820001146206BFAF75FFB00220121206BFAF77B
:106830004BFB00220221206BFAF74BFB2846F0F7B6
:1068400072F901460022206BFAF75CFB002225E07A
:10685000FEE30000E794B5E6B581000026AAB70084
:1068600008606600C4660308449E0408302E303079
:1068700030204100F8DC02080A302E30303020573A
:1068800000000000885C0308F2E80500E58A9FE745
:106890008E870000AD9D06005B501000FE49206B06
:1068A000FAF73CFB0022FF21206BFAF746FB00229F
:1068B0000221206BFAF721FB2068F5F71DFAF7A1FA
:1068C000A063F6F79FF80021A06BF6F75FF8BA22F5
:1068D000D721A06BFAF746F930226421A06BFAF7B2
:1068E00060F900221146A06BFAF779FA00220A211A
:1068F000A06BFAF7D8FA2846F0F715F901460022FE
:10690000A06BFAF7FFFA0022E749A06BFAF706FB43
:106910000022FB21A06BFAF710FB00221146A06BAE
:10692000FAF701FB00220421A06BFAF701FB002219
:106930000221A06BFAF7E1FA0022C221A06BFAF75C
:1069400033FADA48F0F7EFF801460022A06BFAF7C5
:1069500010FA00221146A06BFAF717FA002211462E
:10696000A06BFAF79BFA00221146A06BFAF791FA96
:1069700000221146A06BFAF782FA00221146A06BA2
:10698000FAF782FA2068EFF7ABF9E063F5F7B4F9AC
:10699000C7A12064F6F736F80421206CF5F7F6FF5E
:1069A00000231A460921206CF6F7ACFC00221146A0
:1069B000E06BFAF74DFA3146206CFAF7D2FABC22B6
:1069C000D921E06BFAF7CEF812226021E06BFAF7DA
:1069D000E8F80022B721E06BFAF7E6F9B648F0F7DD
:1069E000A2F801460022E06BFAF7C3F90022114633
:1069F000E06BFAF7CAF900221146E06BFAF7EFF9FB
:106A000000220A21E06BFAF74EFA00220321E06B24
:106A1000FAF76EFAA948F0F786F801460022E06B13
:106A2000FAF746FA0022DC21E06BFAF757FA002267
:106A30001146E06BFAF757FA00220121E06BFAF7F2
:106A400043FA00220221E06BFAF743FA2846F0F7F6
:106A50006AF801460022E06BFAF754FA00228E49E8
:106A6000E06BFAF75BFA0022FF21E06BFAF765FAB8
:106A700000220221E06BFAF740FA2068F5F73CF9B2
:106A80008FA16064F5F7BEFF0021606CF5F77EFF13
:106A900005225A21606CFAF765F81A226421606CAD
:106AA000FAF77FF800220221606CFAF798F90022C9
:106AB0003321606CFAF789F92846F0F734F801467B
:106AC0000022606CFAF775F900220F21606CFAF76A
:106AD00081F900220821606CFAF7E5F92846F0F701
:106AE00022F801460022606CFAF70CFA00226E4987
:106AF000606CFAF713FA0022E221606CFAF71DFAD3
:106B000000221146606CFAF70EFA00221146606C02
:106B1000FAF70EFA00220221606CFAF7EEF9002271
:106B20004521606CFAF740F92846EFF7FCFF014673
:106B30000022606CFAF71DF900221146606CFAF72A
:106B400024F900221146606CFAF7A8F900221146D8
:106B5000606CFAF79EF900221146606CFAF78FF923
:106B600000221146606CFAF78FF92068F5F7C4F837
:106B700056A1A064F5F746FF0021A06CF5F706FFCB
:106B80000522C321A06CF9F7EDFF1A225021A06C59
:106B9000FAF707F800220221A06CFAF720F9002288
:106BA0002521A06CFAF711F92846EFF7BCFF014642
:106BB0000022A06CFAF7FDF800220F21A06CFAF772
:106BC00009F900220821A06CFAF76DF92846EFF7C1
:106BD000AAFF01460022A06CFAF794F9002232497C
:106BE000A06CFAF79BF90022D521A06CFAF7A5F961
:106BF00000221146A06CFAF796F900221146A06C0B
:106C0000FAF796F900220221A06CFAF776F9002231
:106C10004521A06CFAF7C8F82846EFF784FF014633
:106C20000022A06CFAF7A5F800221146A06CFAF732
:106C3000ACF800221146A06CFAF730F90022114698
:106C4000A06CFAF726F900221146A06CFAF717F9A2
:106C500000221146A06CFAF717F92068F5F74CF8F6
:106C60001CA1E064F5F7CEFE0021E06CF5F78EFE86
:106C7000052240F21711E06CF9F774FF1A22232164
:106C8000E06CF9F78EFF00220221E06CFAF7A7F81A
:106C900000222521E06C1FE0C46603080A20302E84
:106CA0003030206D57680000885C03084202A40061
:106CB000E883BDE9878F0000400194000E002400A6
:106CC00030303A30303A303000000000302E30C2E0
:106CD000B043000020205200FAF777F82846EFF77B
:106CE00022FF01460022E06CFAF763F800220F2130
:106CF000E06CFAF76FF80022FE49E06CFAF70EF943
:106D000000228C21E06CFAF718F900220821E06CCF
:106D1000FAF7C9F800224521E06CFAF745F8284651
:106D2000EFF701FF01460022E06CFAF722F800229B
:106D30001146E06CFAF729F800221146E06CFAF7E8
:106D4000ADF800221146E06CFAF7A3F800221146D4
:106D5000E06CFAF794F800221146E06CFAF794F828
:106D60002068F4F7C9FFE4A12065F5F74BFE002188
:106D7000206DF5F70BFE05221146206DF9F7F2FEA6
:106D80001A225021206DF9F70CFF00220221206DFC
:106D9000FAF725F800222521206DFAF716F8284683
:106DA000EFF7C1FE01460022206DFAF702F800223B
:106DB0000F21206DFAF70EF800220821206DFAF756
:106DC00072F82846EFF7AFFE01460022206DFAF771
:106DD00099F80022C749206DFAF7A0F80022F321A4
:106DE000206DFAF7AAF800221146206DFAF79BF8F9
:106DF00000220221206DFAF79BF800220221206D6B
:106E0000FAF77BF800224521206DF9F7CDFF2846DF
:106E1000EFF789FE01460022206DF9F7AAFF002254
:106E20001146206DF9F7B1FF00221146206DFAF7E7
:106E300035F800221146206DFAF72BF80022114692
:106E4000206DFAF71CF800221146206DFAF71CF8A5
:106E50002068F4F751FFAFF644216065F5F7D2FDE5
:106E60000021606DF5F792FD34220A21606DF9F77B
:106E700079FE50224FF48271606DF9F792FE002284
:106E80001146606DF9F7ABFF00221146606DFAF70D
:106E90000AF82846EFF747FE01460022606DFAF730
:106EA00031F800229649606DFAF738F80022FF2188
:106EB000606DFAF742F800221146606DFAF733F878
:106EC00000221146606DFAF733F800220121606D4F
:106ED000FAF713F800221146606DF9F765FF0022FA
:106EE0001146606DF9F7DAFF00221146606DF9F77F
:106EF000D0FF00221146606DF9F7C1FF0022114654
:106F0000606DF9F7C1FF2068F4F7F6FE7BA1A0657C
:106F1000F5F778FD0021A06DF5F738FD5722C8215F
:106F2000A06DF9F71FFE20226421A06DF9F739FE4C
:106F300000221146A06DF9F752FF00221146A06D04
:106F4000F9F7B1FF2846EFF7EEFD01460022A06DEC
:106F5000F9F7D8FF00226B49A06DF9F7DFFF002297
:106F6000FF21A06DF9F7E9FF00221146A06DF9F7A6
:106F7000DAFF00221146A06DF9F7DAFF00220221A4
:106F8000A06DF9F7BAFF00221146A06DF9F70CFFCA
:106F900000221146A06DF9F781FF00221146A06D75
:106FA000F9F777FF00221146A06DF9F768FF00227C
:106FB0001146A06DF9F768FF2068F4F79DFE52A115
:106FC000E065F5F71FFD0021E06DF5F7DFFCDB2242
:106FD0001321E06DF9F7C6FD0F223821E06DF9F7B6
:106FE000E0FD00221146E06DF9F7F9FE002211469E
:106FF000E06DF9F758FF2846EFF795FD01460022AE
:10700000E06DF9F77FFF00224149E06DF9F786FF57
:107010000022E721E06DF9F790FF00221146E06DB4
:10702000F9F781FF00221146E06DF9F781FF002298
:107030000121E06DF9F761FF00221146E06DF9F7DB
:10704000B3FE00221146E06DF9F728FF002200E0B0
:1070500035E21146E06DF9F71CFF00221146E06DA4
:10706000F9F70DFF00221146E06DF9F70DFF2068DA
:10707000F4F742FE24A12066F5F7C4FC0021206E3F
:10708000F5F784FCDB227C21206EF9F76BFD0E22E4
:107090002D21206EF9F785FD00221146206EF9F7AB
:1070A0009EFE00221146206EF9F7FDFE2846EFF7FE
:1070B0003AFD01460022206EF9F724FF0022144910
:1070C000206EF9F72BFF0022FF21206EF9F735FF24
:1070D00000221146206EF9F726FF00221146206E8D
:1070E000F9F726FF00220121206EF9F706FF0022A2
:1070F00011460FE0885C030843432F43560000000D
:1071000084A90308449E0408E8BE93E585A53A00D7
:1071100090920408206EF9F747FE00221146206E77
:10712000F9F7BCFE00221146206EF9F7B2FE0022EC
:107130001146206EF9F7A3FE00221146206EF9F7E2
:10714000A3FE2068F4F7D8FDAFF62C516066F5F782
:1071500059FC0021606EF5F719FCDC223221606ECB
:10716000F9F700FD0F223821606EF9F71AFD0022B1
:107170001146606EF9F733FE00221146606EF9F792
:1071800092FE2846EFF7CFFC01460022606EF9F729
:10719000B9FE0022CA49606EF9F7C0FE0022F32151
:1071A000606EF9F7CAFE00221146606EF9F7BBFE69
:1071B00000221146606EF9F7BBFE00220121606ECD
:1071C000F9F79BFE00221146606EF9F7EDFD0022F3
:1071D0001146606EF9F762FE00221146606EF9F703
:1071E00058FE00221146606EF9F749FE0022114652
:1071F000606EF9F749FE2068F4F77EFDAFF6941152
:10720000A066F5F7FFFB0021A06EF5F7BFFBDC22BF
:107210009B21A06EF9F7A6FC0F223821A06EF9F78A
:10722000C0FC00221146A06EF9F7D9FD00221146DC
:10723000A06EF9F738FE2846EFF775FC01460022EC
:10724000A06EF9F75FFE00229D49A06EF9F766FE79
:107250000022FF21A06EF9F770FE00221146A06EF9
:10726000F9F761FE00221146A06EF9F761FE0022D7
:107270000121A06EF9F741FE00221146A06EF9F738
:1072800093FD00221146A06EF9F708FE0022114678
:10729000A06EF9F7FEFD00221146A06EF9F7EFFD92
:1072A00000221146A06EF9F7EFFD2068F4F724FDE7
:1072B00084A1E066F5F7A6FB0021E06EF5F766FB1A
:1072C000C6221321E06EF9F74DFC0F223821E06E43
:1072D000F9F767FC00221146E06EF9F780FD002205
:1072E0001146E06EF9F7DFFD2846EFF71CFC01467A
:1072F0000022E06EF9F706FE00227449E06EF9F70D
:107300000DFE0022FB21E06EF9F717FE0022114668
:10731000E06EF9F708FE00221146E06EF9F708FE6C
:1073200000220121E06EF9F7E8FD00221146E06E2F
:10733000F9F73AFD00221146E06EF9F7AFFD0022A1
:107340001146E06EF9F7A5FD00221146E06EF9F74F
:1073500096FD00221146E06EF9F796FD2068F4F7DD
:10736000CBFC58A12067F5F74DFB0021206FF5F706
:107370000DFBC6227C21206FF9F7F4FB0F22382188
:10738000206FF9F70EFC00221146206FF9F727FD58
:1073900000221146206FF9F786FD2846EFF7C3FB60
:1073A00001460022206FF9F7ADFD00224749206F0A
:1073B000F9F7B4FD0022FF21206FF9F7BEFD00228E
:1073C0001146206FF9F7AFFD00221146206FF9F743
:1073D000AFFD00220121206FF9F78FFD0022114639
:1073E000206FF9F7E1FC00221146206FF9F756FDF6
:1073F00000221146206FF9F74CFD00221146206F44
:10740000F9F73DFD00221146206FF9F73DFD206898
:10741000F5F79EFB02222E496067F5F765FCD8223E
:107420000621606FF9F79EFB01226721606FF9F773
:10743000B8FB00220221606FF9F700FD2548EFF745
:1074400072FB01460022606FF9F7E2FC0022CC21BA
:10745000606FF9F7E9FC00220121606FF9F7E9FCA0
:107460002068F5F775FB1A4902220831A067F5F785
:107470003BFCD8226F21A06FF9F774FB0122672132
:10748000A06FF9F78EFB00220221A06FF9F7D6FC5E
:107490001148EFF748FB01460022A06FF9F7B8FC4E
:1074A00000228221A06FF9F7BFFC00220121A06F0A
:1074B000F9F7BFFC2068BDE87040F9F7C9BD70BDA1
:1074C000F8DC0208E8AEBEE5AE9A3A0090920408F5
:1074D000F402002000430500056871002DE9F84F13
:1074E00004464F1091460D464FEA610AC80700D185
:1074F0007F1E60008346F5F74FFC06464B46002092
:1075000026E000BF03EB4400009030F8021C694302
:10751000601E15D4002200EB0A0C26F81010A445BA
:1075200001DA33F81C208A1AC11B012901D51988F8
:1075300003E003EB410131F8021C401E1144E9D580
:107540005A4631461846F5F7C1FC009B08F1010088
:107550008046A042D6DB4FF47F51B1FBF5F200200C
:1075600093B214FB04FC0CE039F8102042B18A42BB
:1075700002D129F8103003E092FBF5F229F810202F
:10758000401C8445F0D8002039E000BF09EB4002E0
:10759000934613886B43002123E0002B02DA4FF05F
:1075A000000C01E04FEAA31C26F811C0A1EB0A0C65
:1075B000BCF1000F02DCB2F800C003E00CFB0408D1
:1075C00039F818C0A3EB0C0CCB195B1CA34200DBF1
:1075D000631E03FB040802EB440239F81830491C0F
:1075E0006344A142D9DB5A46002105E036F8113048
:1075F000138002EB4402491CA142F7DB401CA0426D
:10760000C4DB3046BDE8F84FF5F712BC2DE9F04772
:107610000E468AB01F468046014615469146D4194B
:1076200007A8EEF7E8F805EBD57007EB600145F326
:107630000002891A891EADF82010012101EB6000BB
:10764000ADF81E004046EEF717F9BDF82010081AF5
:10765000ADF81C004046EEF7E3F8BDF81E1000231D
:107660000844ADF822003A4607A901A8F0F7B4FF94
:107670004D46B9F1010F01D04FEA69052046F5F7F3
:107680008BFB8246B046002734E021465046F5F792
:107690001DFD01A80090DDF804C023B23AB200211C
:1076A0005046E04740B19AF80000800190FBF5F1A8
:1076B000A8F80010012018E061004046F5F7D8FC5A
:1076C00015E000BF0AEB00021AF8001012F8012CB6
:1076D000914204D108EB400131F8022C02E089010B
:1076E00091FBF5F228F81020401CA042EADB08EBE1
:1076F00044087F1CA742C8DB5046F5F799FB01A858
:10770000F0F7E2FC012D14D020B23246294607469C
:10771000FFF7E4FE09F00100284401B2012926DD4B
:107720004FF47F5090FBF1F2002093B204FB04F57C
:1077300017E00020644304E036F810108A09325440
:10774000401C8442F8DC0AB0BDE8F08736F810200F
:1077500032B1FF2A0ED0920192FBF1F226F81020EE
:10776000401C8542F2D832463846FFF7B7FE00206B
:10777000644307E026F81030F2E700BF16F8101057
:107780003154401C8442F9DCDDE7F0B597B0074680
:1077900014460D4601A8F0F7EDFFFF2211461046F2
:1077A000EFF700FA0090BDF800000090BDF800006F
:1077B000ADF8080000262A4601A93846F0F7C6FFB2
:1077C0000FA8F0F70BFA23462A460FA93846009671
:1077D000EFF764FF17B0F0BD38B51248FEF7CEFBE7
:1077E000104D2868C0B1EDF797FA0F4CA068FBF771
:1077F00011FD0020A06000900023C8220921286804
:10780000F9F7ECFF01202070BDE8384000224FF46A
:1078100096710648FBF7DCBCBDE8384004A0EBF7E6
:1078200015BB000020D30020D8020020C9BF0008EB
:107830006D61696E2073637265656E206372656148
:107840007465206661696C656400000030B591B0B4
:1078500005464FF4E0216522F7F77CFC040017D0C1
:107860006846EDF77BFA0F480B94CDE900500120F4
:107870000E9400210890CDE909010B4807904FF6BE
:10788000FF70ADF840006846EDF7C6FA11B030BDA4
:1078900004492846EDF710FA15F8540F40F001009E
:1078A0002870F3E75DBD0008E94D01082DE9FC47AC
:1078B000FE4DFF4C95F82000C00703D0FD48EFF7C0
:1078C00045F903E004211220F9F7F4FB0090BDF81C
:1078D0000000608095F82000C00704D00521122028
:1078E000F9F7E8FB03E004211220F9F7CBFB009045
:1078F000BDF80000A08095F82000C00703D0EE4836
:10790000EFF724F901E0EFF7ABFA0090BDF80000C3
:10791000E08095F82000C00703D0E848EFF716F99B
:1079200003E002211220F9F7C5FB0090BDF800002A
:107930002081E068D03000F0C1FDE068D83000F070
:10794000BDFD00264620CDE90006D8485023DC4A7C
:10795000DC492838FAF74EFED44800965023D84A1E
:10796000D84914380196FAF745FED049E06828391D
:10797000D030FAF737FECD49E0681439D830FAF73D
:1079800031FEE068083000F099FD95F82000C0074E
:1079900004D002211220F9F775FB02E01220F9F75A
:1079A000A3FB0146E0680830FAF7CAFCE06847F636
:1079B000FF7A51460830FAF7D4FD0721E868EFF75F
:1079C00069FA0146E0680830FAF71AFD0521E8680F
:1079D000EFF760FA0146E0680830FAF707FEE06862
:1079E00066210830FAF7B7FCB049E068143908306E
:1079F000FAF7F8FDE068103000F060FDE068FF2164
:107A00001030FAF7A8FCE06800F058FDFF21E068AC
:107A1000FAF7A1FC6088ADF800000099E068FAF779
:107A20008FFCA088ADF800000099E068FAF7C3FD6C
:107A3000607801287ED00228E8687CD05FF00A01D7
:107A4000EFF728FA0146E068FAF7FDFC60780128B4
:107A500072D00228E86870D05FF00A01EFF71AFAD6
:107A60000146E068FAF7E3FCE068183000F026FD14
:107A700060780128E8687DD05FF00801EFF70AFA26
:107A80000146E0681830FAF76CFDE068FF21183015
:107A9000FAF761FCE088ADF80000E0680099183062
:107AA000FAF74EFC2089ADF80000E0680099183024
:107AB000FAF755FC0221E868EFF7ECF90146E068B7
:107AC0001830FAF75FFCE06801211830FAF752FC31
:107AD000A088ADF80000E06800991830FAF76BFD57
:107AE000607801287ED00228E8687CD05FF0100121
:107AF000EFF7D0F90146E0681830FAF781FC6078BA
:107B0000012871D00228E8686FD00A21EFF7C2F986
:107B10000146E0681830FAF796FC6078012865D0D5
:107B20000228E8687ED00A21EFF7B4F90146E06840
:107B3000183003E07FE081E082E084E0FAF777FC30
:107B40001220F9F7D1FA0146E0681830FAF72EFC56
:107B50000121E868EFF79EF90146E0681830FAF76E
:107B600030FCE068A03000F0A9FC504EE068283EF0
:107B7000B16B00E069E0A030FAF72BFC0321E86864
:107B8000EFF788F90146E068A030FAF735FC0321E9
:107B9000E868EFF77FF90146E068A030FAF728FCC3
:107BA000E0687F21A030FAF71FFCE068A83000F001
:107BB00085FC708FADF80000E0680099A830FAF7F6
:107BC00008FC0321E868EFF765F90146E068A83092
:107BD000FAF712FCE0687F21A830FAF705FCE068AC
:107BE000203004E033E035E036E038E039E000F002
:107BF00065FC6078012839D00228E86839D008216E
:107C0000EFF748F90146E0682030FAF7AAFCE0688F
:107C1000FF212030FAF79FFB2089ADF80000009982
:107C2000E06800E020E02030FAF78AFB95F82000B9
:107C3000C00720D070E00E21E86801E70C21FFE6C4
:107C40000E21E8680AE70C2108E70C2116E7182145
:107C5000E8684DE714214BE70E21E86856E70C2150
:107C600054E70E21E8685FE70C215DE71021E86822
:107C7000C6E70C21C4E71220F9F736FA0146E0689E
:107C80002030FAF772FC0020EFF72CFA00EB4000EE
:107C90004FF4A07950304FF0A008484517DB002082
:107CA000EFF720FA00EB400050300DE0483801209B
:107CB000680300201A171500302B280037322F00D8
:107CC000C54D01080CB0020890FBF8F000E001205F
:107CD00001B2E0682030FAF75BFCE0687F212030D9
:107CE000FAF752FC0020EFF7FDF9502707EB800070
:107CF000484507DB0020EFF7F5F907EB800191FB22
:107D0000F8F000E0012001B2E868EFF7C3F801469F
:107D1000E0682030FAF734FCA088ADF80000E06895
:107D200000992030FAF747FCE06800F120086078FD
:107D300001287DD00228E8687BD01021EFF7AAF84F
:107D4000074601464046FAF776FB39464046FAF7C1
:107D500076FBE06800F12008607801286AD00228EC
:107D6000E86868D05FF00A01EFF794F8074601462B
:107D70004046FAF76CFB39464046FAF754FB0521BA
:107D8000E868EFF787F80146E0682030FAF74FFB24
:107D90000521E868EFF77EF80146E0682030FAF741
:107DA00052FBFF49FD4808600831FE480860E06862
:107DB000583000F083FBE068F9495830FAF7EAFAE6
:107DC000E06823215830FAF7E9FAE068603000F003
:107DD00075FBF349E06808316030FAF7DBFAE068D8
:107DE0007F216030FAF7DAFAE068C03000F066FB15
:107DF000E0680121C030FAF7C9FAE0680121C0301B
:107E0000FAF7B8FAE068803000F058FB6078012893
:107E10007ED00228E8687CD05FF01001EFF73AF8D6
:107E20000146E0688030FAF7EBFA6078012803E059
:107E300006E308E309E30BE36CD00228E8686AD0A4
:107E40005FF01001EFF726F80146E0688030FAF79E
:107E5000FAFA607801287DD00228E8687BD01021EA
:107E6000EFF718F80146E0688030FAF7E0FAE068CA
:107E7000783000F023FB607801286DD00228E86894
:107E80006BD00A21EFF706F80146E0687830FAF780
:107E9000B7FAE06800F17808607801287ED00228FF
:107EA000E8687CD05FF00A01EEF7F4FF0746014670
:107EB0004046FAF7C8FA39464046FAF7B8FAE06899
:107EC000883000F0FBFA0A21E868EEF7E3FF01468C
:107ED000E0688830FAF7B7FA0A21E868EEF7DAFFC7
:107EE0000146E0688830FAF7A2FAE068903000F0C6
:107EF000E5FA1421E868EEF7CDFF0146E06890301E
:107F0000FAF764FBE068983000F0D8FA022103E049
:107F1000A0E2A2E2A3E2A5E2E0689830FAF747FB0C
:107F2000E068683000F0CAFAE06800216830FAF7CB
:107F300067FAE06800216830FAF785FAE068002106
:107F40006830FAF774FAE068703000F0B7FA6078D9
:107F5000012803E088E28AE28BE28DE27ED00228EB
:107F6000E8687CD05FF00201EEF794FF0146E0681C
:107F70007030FAF745FA6078012871D00228E86875
:107F80006FD00221EEF786FF0146E0687030FAF705
:107F90005AFA6078012865D0022801E06EE270E2AA
:107FA000E8687DD05FF00201EEF774FF0146E068FB
:107FB0007030FAF73CFAE068283000F07FFAE068A9
:107FC000B16B2830FAF7BCF9EEF74AFF0146E068DA
:107FD0002830FAF7F0FAE068FF212830FAF7BBF909
:107FE000E068303000F06AFAE068B16B3030FAF7E0
:107FF000A7F9E068B16B3030FAF7DDFAE0683321B9
:108000003030FAF7A8F9E068383000F057FA708F8E
:10801000ADF80000E06800993830FAF791F9EEF712
:108020001FFF0146E0683830FAF7C5FAE068FF2123
:108030003830FAF790F9E068403000F03FFA708F7E
:10804000ADF80000E06800994030FAF779F9708FD8
:10805000ADF80000E0680099403004E013E215E25A
:1080600016E218E219E2FAF7A6FAE0683321403086
:10807000FAF771F9E068483000F020FA2089ADF88D
:108080000000E06800994830FAF75AF9E068FF21EB
:108090004830FAF760F9A088ADF80000009900E0D8
:1080A000FEE1E0684830FAF786FAE068503000F008
:1080B00005FAE088ADF80000E06800995030FAF762
:1080C0003FF9E068FF215030FAF745F9A088ADF894
:1080D0000000E06800995030FAF76DFAE068B030BF
:1080E00000F0ECF9E06857465146B030FAF739FA3B
:1080F000E068B83000F0E2F9E0680021B830FAF743
:1081000030FAE068C83000F0D9F90321E868EEF7EA
:10811000C1FE0146E068C830FAF760FA0321E8685A
:10812000EEF7B8FE0146E068C830FAF753FAE068A7
:10813000F03000F0C3F9E068B16BF030FAF700F905
:10814000E068FF21F030FAF706F90621E868EEF75B
:10815000A1FE0146E068F030FAF752F9E0683946CE
:10816000F030FAF7FEF9E068E03000F0A7F9E068D7
:10817000C821E030FAF7CDF8E068E83000F09EF969
:10818000E0687821E830FAF7C4F8E06800F580701C
:1081900000F094F92089ADF8000005E0CBBD00089F
:1081A00078030020E13C0108E068009900F5807048
:1081B000FAF7B3F80F21E868EEF76CFE0146E068C5
:1081C00000F58070FAF7B8F8E068012100F58070DA
:1081D000FAF7AEF8E06800F5847000F06FF9E06837
:1081E000B16B00F58470FAF798F8E06800F59870C4
:1081F00000F064F9E0684FF4827100F59870FAF7C6
:10820000E4F8E06800F59C7000F058F90421E86893
:10821000EEF740FE404201B2E06800F59C70FAF7CC
:10822000EFF8EEF71DFE0146E06800F59C70FAF7E6
:1082300087F8E06800F5A07000F040F9E0680121DF
:1082400000F5A070FAF7BDF8A088ADF80000E0686E
:10825000009900F5A070FAF7A9F8E06800F59470AD
:1082600000F02CF9E068002100F59470FAF782F82C
:108270000A21E868EEF70EFE0146E06800F594700A
:10828000FAF7D5F82089ADF80000E068009900F50C
:108290009470FAF78BF8E06800F5887000F00EF93A
:1082A0000321E868EEF7F6FD0146E06800F5887006
:1082B000FAF787F80321E868EEF7ECFD0146E0687D
:1082C00000F58870FAF74DF90821E868EEF7E2FD4D
:1082D0000146E06800F58870FAF75EF90221E86867
:1082E000EEF7D8FD0146E06800F58870FAF79FF8D0
:1082F000E06800F58C7000F0E1F8E068394600F5C0
:108300008C70FAF72EF90821E868EEF7C3FD0146F4
:10831000E06800F58C70FAF73FF9E068B16B00F5A2
:108320008C70FAF70DF8E068FF2100F58C70FAF711
:1083300012F8E06800F5907000F0C0F80121E868DC
:10834000EEF7A8FD0146E06800F59070FAF739F8FD
:10835000A088ADF80000E068009900F59070FAF789
:1083600025F80221E868EEF795FD0146E06800F582
:108370009070FAF745F81220F8F7B6FE0146E0686B
:1083800000F59070FAF717F9E06800F5A47000F0B6
:1083900095F80121E868EEF77DFD0146E06800F5FB
:1083A000A470F9F7EFFF2089ADF80000E0680099AC
:1083B00000F5A470F9F7D3FFE068032100F5A4707D
:1083C000F9F7DCFFE06800F5A87000F077F8A08806
:1083D000ADF80000E068009900F5A870F9F7BFFF5C
:1083E0000221E868EEF756FD0146E06800F5A87046
:1083F000F9F7C8FF0121E868EEF74CFD404201B2F1
:10840000E06800F5A870FAF716F8E068042100F5B6
:10841000A870F9F7B3FFE0684FF4C87100F5A870D1
:10842000F9F777FFE06800F5AC7000F047F895F8D1
:108430002000C00736D002211220F8F723FE35E0D5
:108440001821E8687AE4142178E40E21E8688BE4C6
:108450000C2189E41821E868E0E41421DEE4182105
:10846000E868EFE41421EDE41821E868F8E4142149
:10847000F6E40E21E86805E50C2103E50E21E86825
:1084800012E50C2110E50821E8686DE506216BE591
:108490000821E86876E5062174E50821E86883E5A7
:1084A000062181E501211220F8F704FE0146E0686B
:1084B000BDE8FC4700F5AC70FAF77DB803490978D0
:1084C00009B1F9F712BFF9F706BE000068030020F2
:1084D0002DE9F35F0198F5F78DFFFE4C4FF48039DD
:1084E000A8B1FD490198F5F799F9A0B1E16800221A
:1084F00018310198F4F7B0FEE1684A460831019856
:10850000F4F7AAFEE168F54A10310198FEE2002274
:10851000E1680198EEE7F2490198F5F77FF9A0B319
:10852000E168002220310198F4F796FEE16800220C
:1085300028310198F4F790FEE1680022D0310198CB
:10854000F4F78AFEE168202258310198F4F784FE9E
:10855000E1682022D8310198F4F77EFEE168042218
:10856000A0310198F4F778FEE1682022C831019823
:10857000F4F772FEE168012238310198F4F76CFEDD
:10858000E168802260310198C0E2FFE7D549019897
:10859000F5F744F928B1E168002201F5A0710198CE
:1085A000B4E2D1490198F5F739F94FF4A027DFF883
:1085B0003C8307F1040A0AF1040BA8B3E168002226
:1085C00018310198F4F748FEE1680422A0310198BF
:1085D000F4F742FEE1680822A8310198F4F73CFE66
:1085E000E1683A4620310198F4F736FEBF4AE16867
:1085F000603260310198F4F72FFEE168424658314D
:108600000198F4F729FEE1687A1C28310198F4F703
:1086100023FEE1685246A0310198F4F71DFEE1689F
:108620005A46A831019871E2FFE7B1490198F5F780
:10863000F5F84FF4003510B3E168002230310198AD
:10864000F4F70AFEE1680022B0310198F4F704FE65
:10865000E1680422A0310198F4F7FEFDE1680822E8
:10866000A8310198F4F7F8FDE1682A46283101980D
:10867000F4F7F2FDE1682A46B031019846E29D49DF
:108680000198F5F7CBF84FF44036A8B3E168002223
:1086900030310198F4F7E0FDE1680022B031019833
:1086A000F4F7DAFDE1680422A0310198F4F7D4FD73
:1086B000E1680822A8310198F4F7CEFDE1682A4666
:1086C00028310198F4F7C8FDE1682A46B0310198D5
:1086D000F4F7C2FDE1683246F0310198F4F7BCFDD1
:1086E000854DE1682A46C8310198F4F7B5FDE16887
:1086F0003246D0310198ABE0FFE780490198F5F7A9
:108700008DF8E8B3E168002218310198F4F7A4FD70
:10871000E168002268310198F4F79EFDE1680022CB
:10872000B8310198F4F798FDE1680422A03101986E
:10873000F4F792FDE1680822A8310198F4F78CFD66
:10874000E1684A4608310198F4F786FDE168634A1A
:1087500010310198F4F780FDE1683A4650310198F4
:10876000F4F77AFDE1683A4601F5A4710198F4F74F
:1087700073FDE1683A4680310198F4F76DFD00E041
:1087800010E0E168424658310198F4F765FDE16870
:10879000524628310198F4F75FFDE1685A463831B6
:1087A0000198B3E156490198F5F738F8002856D0FA
:1087B000E168002248310198F4F74EFDE16800229B
:1087C000B0310198F4F748FDE1680022E8310198E2
:1087D000F4F742FDE168802260310198F4F73CFD36
:1087E000E1680422A0310198F4F736FD454FE168B5
:1087F0003A4628310198F4F72FFDE1682A46B03156
:108800000198F4F729FD3F4AE1687F326031019811
:10881000F4F722FDE1683246F0310198F4F71CFDCF
:10882000E168324650310198F4F716FDE1683246AE
:1088300001F59C710198F4F70FFD2F4AE168603251
:1088400060310198F4F708FDE1683A46D8310198A3
:10885000F4F702FDE1682A46D831019856E12A4929
:108860000198F4F7DBFF98B3E16800221831019812
:10887000F4F7F2FCE168002278310198F4F7ECFC9F
:10888000E168002201F594710198F4F7E5FCE168D4
:108890004A4608310198F4F7DFFCE1680F4A1031CD
:1088A0000198F4F7D9FCE1683A4601F5887101981E
:1088B000F4F7D2FCE1682A4601F58C710198F4F7CF
:1088C000CBFCE1684FF4C02201F5907101981DE0E6
:1088D00025E0000068030020E8AF02084000010026
:1088E000885F030830600308A45F030820000500C8
:1088F0006C5F03088460030820000300BC60030869
:10890000A06003080100020024B00208F4F7A4FCF0
:10891000E1684FF4E02201F588710198F6E07F49A3
:108920000198F4F77BFF4FF4802740B3E168002201
:1089300018310198F4F790FCE1680022E0310198C9
:10894000F4F78AFCE168002290310198F4F784FC86
:10895000E168002298310198F4F77EFCE168042276
:10896000A0310198F4F778FCE1680822A831019859
:10897000F4F772FCE1683A4628310198C6E068498C
:108980000198F4F74BFF40B3E168002218310198D9
:10899000F4F762FCE168002278310198F4F75CFC9E
:1089A000E1680022D0310198F4F756FCE1682022FA
:1089B000D8310198F4F750FCE16820225831019831
:1089C000F4F74AFCE1680422A0310198F4F744FC72
:1089D000E1680822A83101983AE752490198F4F772
:1089E0001DFFB0B3E168002218310198F4F734FCA0
:1089F000E1680022C0310198F4F72EFCE168002202
:108A000090310198F4F728FCE168002201F5987193
:108A10000198F4F721FCE1684A4608310198F4F71F
:108A20001BFCE168404A10310198F4F715FCE1683D
:108A30003A4650310198F4F70FFCE1683B4A28317F
:108A40000198F4F709FC394AE1681F32583101985E
:108A50005CE0FFE736490198F4F7E0FEC8B1E16851
:108A6000002201F580710198F4F7F6FBE1682A46CF
:108A700001F580710198F4F7EFFBE1682A4601F5F2
:108A800084710198F4F7E8FBE1683246F03101980F
:108A90003CE028490198F4F7C1FE00283BD0E1688A
:108AA000002218310198F4F7D7FBE16800227831F1
:108AB0000198F4F7D1FBE168802260310198F4F766
:108AC000CBFBE1680422A0310198F4F7C5FBE16813
:108AD0000822A8310198F4F7BFFBE1684A46083143
:108AE0000198F4F7B9FBE1680F4A10310198F4F7E7
:108AF000B3FBE168104A01F5A8710198F4F7ACFBEB
:108B0000E16801984FF4002201F5AC7102B0BDE8B4
:108B1000F05FF4F7A1BBBDE8FC9F00004C600308C8
:108B2000C05F0308DC5F030840000100010004008F
:108B3000505F0308D860030802000700C143491CC6
:108B40000840B0FA80F0C0F11F00704718B1B0FAC9
:108B500080F0C0F12000401E70470000FEB506689E
:108B600004460025728C0420C2F305120CE000BFFD
:108B7000F36800EBC507DB599F0104D5A76823F014
:108B80007F43BB4203D06D1CAA42F1D8FEBDA3882F
:108B9000442B5DD00EDC332B4DD006DC202B57D080
:108BA000222B55D0302B13D152E0342B43D0362B0F
:108BB0000ED14DE0622B41D006DC472B48D0552B1F
:108BC00046D0572B04D136E0672B34D0682B32D0F7
:108BD00069B3FF292DD0D4E90302121A4A4300EBEE
:108BE00022200090F068012701AA50F835001946AC
:108BF000F9F7CBF960B1DDE90010814208D1BDF889
:108C00000020BDF804309A4202D1814200D10027F1
:108C1000F068A188009A50F83500F9F71DFC002F84
:108C2000B4D0A288A1682068F7F714FCFEBDE06804
:108C3000D7E72069D5E7FF29FBDAF8E7E0680028E5
:108C4000F7D02269002ACCD08029CADB0092C9E77C
:108C5000002901DCA0892AE0FF2901DB208A26E027
:108C6000228AC8B291B20A02A78942EA11218AB2C5
:108C7000B9B20F0247EA1121001D89B2C70841EAC3
:108C800001400C4942EA024208400A40121A7A4363
:108C900000EB5210084040EA104080B2010241EA65
:108CA0001020ADF8080080B20290BDF80800ADF8C1
:108CB000000097E71FF8E0072DE9F0410468264817
:108CC000A6882568E0F747FC10E0A1420BD00868B1
:108CD0002268904207D18868A268904203D18888B0
:108CE000A288904236D01C48E0F747FC0100ECD146
:108CF000698C00270420C1F3051129E0EA6800EB24
:108D0000C703D258930122D5A36822F07F429A422A
:108D10001DD121461048E0F7B9FC2046F4F79AF837
:108D2000E868314600EBC7042068F9F77FFAE86885
:108D300050F83700F9F7D2F900280BD060682168A5
:108D400020F07F422846BDE8F041F7F75ABC7F1C6F
:108D5000B942D3D8BDE8F081C038012070B50468AD
:108D6000A068A28800F47F0631462068F6F7F2F981
:108D7000E060A5880020A08023462A46314620686E
:108D800000F00CF8A580A1682068EAF70DFFA18823
:108D90000068E268BDE87040F9F75EBB2DE9FF5F4F
:108DA00007469A460E4600252548E0F7EDFB0446A7
:108DB0004FF470284FF004093CE054453CD0214664
:108DC0001F48E0F7DEFB83462068B84231D1A06837
:108DD000B04201D046452CD1A1880298814203D0EF
:108DE000A0F57F41FF3924D1002511E0F86809EB97
:108DF000C50141588A010AD5464503D021F07F417B
:108E0000B14204D150F83500A188F9F70FFA6D1C72
:108E1000788CC0F30510A842E8D800212046EBF773
:108E20004BFF21460648E0F731FC2046F4F712F8E4
:108E300001255C46002CC0D104B02846BDE8F09F57
:108E4000C03801202DE9F84F92468B460446002198
:108E50006E22F6F77FF906B2204600216D22F6F762
:108E600079F905B216B9B5F5807F62D020460021A8
:108E70006F22F6F76FF9ADF800002046002170224E
:108E8000F6F768F9ADF80200BDF900006427C0F3F9
:108E900041314FF4FA684FF47A79012915D120F461
:108EA000C040404511DC04F11400ECF7CDFC014654
:108EB000BDF9000020F4C040484501DDC0F57A70DE
:108EC000414391FBF7F0ADF80000BDF90200C0F39B
:108ED0004131012911D120F4C04040450DDC618BA6
:108EE000E28A891A491C09B2484501DDC0F57A7049
:108EF000414391FBF7F0ADF80200A08ABDF80010E5
:108F0000BAF1000F0844ADF80000E08ABDF8021085
:108F10000844ADF8020006D0704206B24FF480302B
:108F200090FBF5F005B26B462A4631465846F8F7F5
:108F3000F3F8BDE8F88FF0B5D0E90646059D4FF48B
:108F400080772EB9BC4203D108021860100239E0C4
:108F5000B0F928C0A1EB0C01B0F92AC0A2EB0C02B9
:108F60009EB1BC421AD1446906694C4306FB1244C7
:108F7000066A06EBA4041C6003694B434169406A1E
:108F800001FB023100EBA1001CE0066A01FB046159
:108F90001960416A806902FB001013E046690769A5
:108FA0004E4307FB12666643046A04EBA6241C606A
:108FB00003694B43416901FB02318269406A5143B5
:108FC00000EBA1202860F0BD00880988401A704796
:108FD0002DE9F04186B00646F2F764FD050072D037
:108FE0003046F1F7FFF8044690F8540080076AD540
:108FF0002846F2F798FD022865D02846F2F793FD3F
:10900000042860D06946606AF5F77AF903A9284612
:10901000F2F75EFD04A92846F2F78AFDBDF90C10AF
:10902000002950DBBDF90E0000284CDBBDF8002004
:10903000891AADF80810BDF80210401AADF80A0000
:109040003046F1F791F80646606AF6F73BFA0146BA
:10905000606ABDF9082000270546002A01DA0120D0
:109060000EE08A4202DB47F6FF77F8E702A9F2F743
:10907000F5FE87B202A9606AF3F714F980F00100E7
:1090800094F860104FF6FF788A0723D550EAC17232
:109090004FF4407001D1012E08D0C9071ED0022E16
:1090A00012D0032E12D0082E10D019E0C4E9167881
:1090B00094F8601041F00102014684F860202046D7
:1090C000F4F764FC06E03FE0E76503E00146204674
:1090D000F4F776F894F86000C00701D1012E33D17F
:1090E00039462046F9F776FF94F86000C0072BD088
:1090F000D4E91610814208D9EA6B824202D12A6C67
:109100008A4218D0E863A06D11E008D2EA6B8A4267
:1091100002D12A6C82420ED0E963E06D07E0E96B70
:109120004046814202D1296C814204D0E863286420
:109130002046F6F7B3FC032E01D0082E04D114F814
:10914000600F20F00100207006B0BDE8F081D0E98A
:10915000013201699A60D0E901235A604A6882426B
:1091600001D182684A60002202610868401E0860DE
:10917000086870470148806870470000B40100200B
:1091800001A0E9F763FEFEE74170706C69636174EA
:10919000696F6E206D616C6C6F63206661696C65D0
:1091A0006400000001A0E9F751FEFEE70D0A21214D
:1091B0002120537461636B204F766572666C6F7704
:1091C00020696E202573202121210D0A0000000056
:1091D0002DED0C8B8AB0DFED5F8A69460020D9F750
:1091E00059FF03A90120D9F755FF9DED030AB8EEF9
:1091F000C00A9FED599AB3EE061AF0EE680A20EE07
:10920000090ADCF7AEF9F0EE409A9DED000AB8EEDF
:10921000C00A20EE090A9FED51CAF0EE680AB0EECE
:109220004C1ADCF79EF9B0EE408AB0EE690ADDF721
:109230003BFBB0EE041AF0EE680ADCF792F9F0EEB0
:10924000409ADFED47AAB0EE041AF0EE680A28EE65
:109250002A0ADCF786F9434CB0EE40AA0025F0EE6E
:1092600068CA69460020D9F715FF03A90120D9F77C
:1092700011FF9DED030AB0EE6C8AB3EE061AB8EE4C
:10928000C00AF0EE480A60EE09BA9DED000AB8EE99
:10929000C00A20EE09BAB0EE6B0ADCF762F9B0EE54
:1092A00040DAB0EE4C1AF0EE480AB0EE4B0ADCF7AA
:1092B00058F9F5EEC0BAF0EE408AF1EE10FA04D299
:1092C00003A901200395D9F751FFB5EEC0BAF1EE1D
:1092D00010FA04D2694600200095D9F747FFB0EE96
:1092E0004D0ADDF7E1FAB0EE48BAB0EE041AF0EE3E
:1092F0004B0ADCF736F9B0EE408A28EEAA0AB0EE47
:10930000041AF0EE4B0ADCF72CF9F0EE408A38EE46
:10931000690AB0EEC00A10EE100AA04207DC38EE6F
:10932000CA0AB0EEC00A10EE100AA0420DDD06A86F
:10933000EAF7B4FC8DED078ACDED088A06A8FCF7A4
:10934000F5FDF0EE489AB0EE68AA0A2000F098F910
:1093500087E7000000000000CDCCCC3D0000484273
:10936000240C433DBD3786350B4C0C4E4FF08045E9
:10937000686A21892268411A09B211442160A060FB
:10938000706AA18AE268411A09B21144E160606121
:10939000142000F075F9EBE784AF002000040040D2
:1093A000DBF796FB142000F06BF9F9E700F10801F8
:1093B0004FF0FF32C0E90112C1600161002101607C
:1093C000704700210161704730B50B685A1C02D00C
:1093D00000F1080202E0026904E0224654682568B0
:1093E0009D42FAD953684B6099608A605160086168
:1093F0000168491C016030BD502080F31188BFF323
:109400004F8FBFF36F8F0A494868401C486001289E
:109410000CD10848006810F0FF0F07D0502080F3EF
:109420001188BFF34F8FBFF36F8FFEE770470000C7
:10943000A801002004ED00E00849486828B1401E5A
:10944000486001D180F311887047502080F3118863
:10945000BFF34F8FBFF36F8FFEE70000A80100201E
:1094600070B500282AD0A0F108046068002807DB46
:10947000502080F31188BFF34F8FBFF36F8FFEE74B
:10948000216839B1502080F31188BFF34F8FBFF3AB
:109490006F8FFEE720F00040606000F0FFF9084D9C
:1094A00060686968084468602046FBF747F92869E6
:1094B000401C2861BDE8704001F014B970BD000087
:1094C0008C0100204FF0E0200021016181610549FD
:1094D0004FF47A720968B1FBF2F1491E416107212C
:1094E000016170470C00002010B5D6F797FF1149B5
:1094F00010280ED300F1E02090F8F0030A78904293
:1095000007D2502080F31188BFF34F8FBFF36F8FC6
:10951000FEE709480068896800F4E060884207D9DE
:10952000502080F31188BFF34F8FBFF36F8FFEE79A
:1095300010BD0000A80100200CED00E090B04FF439
:109540007A6000F09DF8084C01226946206800F01E
:109550003BFD012803D1694604A0E2F79FFD0120ED
:1095600000F08EF8F0E700001402002025730000E0
:1095700070B5002260B100291ED0104C002300BF3E
:1095800004EBC3056E6886420AD104EBC3020FE008
:10959000502080F31188BFF34F8FBFF36F8FFEE72A
:1095A0001AB954F8336006B92A465B1C082BE7D376
:1095B000002A01D0C2E9001070BD000054AE0020A6
:1095C00070B515460E460446FFF716FF94F9441091
:1095D0000020491C01D184F8440094F94510491C2D
:1095E00001D184F84500FFF727FFA06B28B92A4670
:1095F000314604F1240000F08FF82046BDE87040A9
:10960000FBF720BA00B50D4885B04168491C4160A0
:1096100003AB02AA04A94068D9F788FB9DF80C1097
:109620009DF80800CDE900019DF8103004A210213A
:109630000748D6F731FF05B000BD000084020020C6
:10964000253032643A253032643A253032640000E5
:1096500010D300204FF47A74204600F011F8FBE795
:10966000DDF706F9054C207808B1D9F707FEF9F7C0
:10967000E9FD322000F004F8F5E70000D8020020F0
:1096800010B5020014D00F48406B38B1502080F361
:109690001188BFF34F8FBFF36F8FFEE700F0FEF826
:1096A00000211046FAF76CFE01F01CF8002807D1E3
:1096B00005494FF080500860BFF34F8FBFF36F8FA5
:1096C00010BD0000B401002004ED00E002490A6A68
:1096D0000260C96841607047B4010020014901205F
:1096E000C8617047B401002010B50C4650B109495B
:1096F00009681831FFF768FE2046BDE810400121D7
:10970000FAF73EBE502080F31188BFF34F8FBFF3AE
:109710006F8FFEE7B4010020F0B40C46D0B11149C0
:1097200043680D68EB619D680E6835620D689E6840
:10973000183575600D6818359D6009688862016884
:10974000491C01600AB14FF0FF342046F0BC1146BD
:10975000FAF716BE502080F31188BFF34F8FBFF386
:109760006F8FFEE7B401002070B5040058D0226D61
:10977000A2B1E06C884200D30146E06A88424FD033
:10978000012A4DD1274D2A6894420FD1502080F3F1
:109790001188BFF34F8FBFF36F8FFEE7502080F328
:1097A0001188BFF34F8FBFF36F8FFEE7E162A269AD
:1097B000002A02DBC1F10501A1611B4E00EB800014
:1097C000616906EB800081422AD1201DFFF7BFFCB2
:1097D000012130B994F82C002A6901FA00F0824383
:1097E0002A61E06A2A6981401143296100EB800007
:1097F00006EB80004068A0608168E1608268211DFE
:1098000051608160E06A00EB800006EB80006061DF
:10981000E06A00EB800056F82010491C46F8201042
:1098200070BD0000B401002094AE00207CB5174844
:109830000025CDE900502B46802215A1164800F0E6
:1098400051FD124C2C3C012803D101F013F80128E2
:1098500002D0401C11D00EE0502080F31188BFF3DD
:109860004F8FBFF36F8F4FF0FF30A0620120606118
:10987000E56000F019F9206B7CBD502080F3118861
:10988000BFF34F8FBFF36F8FFEE70000E0010020B2
:1098900049444C4500000000354602080248416B2F
:1098A000491C416370470000B401002010B51F4CF3
:1098B000606B10B10120E06110BD0020E061206804
:1098C0004FF0A531006B02688A4208D142688A4293
:1098D00005D182688A4202D1C068884204D02168DA
:1098E00020683431FFF75EFC20691149B0FA80F03E
:1098F000C0F11F0000EB800051F820206AB101EB9D
:10990000800000F10802416849684160914201D13C
:1099100049684160C868206010BD502080F31188FC
:10992000BFF34F8FBFF36F8FFEE70000B40100203D
:1099300094AE00200A20FFF7A3FEFBE706480121B2
:109940000170022141700448DDF7B4F8DCF7EEFF46
:109950000120FFF795FEF6E738C10020184C194D9D
:1099600004F20A57B4F80001B4F80211884216D084
:10997000FFF742FDB4F80201265CB4F80201401C76
:10998000C0B2A4F80201FFF757FD0D2E0BD00A2E2E
:1099900009D028783F2802D23E54401C28700A2063
:1099A000FFF76EFEDEE7287800263E540648DCF717
:1099B00091FF2E7040210448D6F7F1FFEFE7000039
:1099C00044C90020400200204ECE0020044C4AF63C
:1099D000AA264FF47A7526602846FFF751FEFAE76B
:1099E00000300040F8B50446B0F92E0010F5004FE5
:1099F00059D0B4F92C30658D99B2A94202D201F543
:109A0000B4710BB294F83410C1F34101D1B3012900
:109A10000DD0022947D10095B4F93220B4F93010A5
:109A2000F3F76DF905B22046A28DA9B237E0E91827
:109A300001EBD171B4F93070B4F9322041F34F0623
:109A4000B91801EBD17141F34F0188420CDA0A4693
:109A50002B4639460096F3F752F905B2A9B22046D3
:109A6000EBF719FEB1B209E000933346F3F747F97B
:109A700005B2B1B22046EBF70EFEA9B22046EBF7D5
:109A8000D1FD0EE0FFE70093B4F93220B4F93010B5
:109A90002B46F3F734F905B2AAB22046618DEBF7F5
:109AA000B5FDA4F84050F8BD1CB537480168374AE9
:109AB000914207D1502080F31188BFF34F8FBFF33D
:109AC0006F8FFEE700683149491E884207D1502058
:109AD00080F31188BFF34F8FBFF36F8FFEE72C49E0
:109AE00008780190FF20087008788DF800009DF834
:109AF00000009DF8002000F0F000904207D05020B8
:109B000080F31188BFF34F8FBFF36F8FFEE79DF88F
:109B10000000204C00F0500020700720A06005E0FD
:109B20009DF8002052008DF80020401E9DF8002076
:109B30001206F5D4A060032807D0502080F31188C6
:109B4000BFF34F8FBFF36F8FFEE74FF44070A060FD
:109B5000019808700C482030016841F470010160E0
:109B6000016841F070410160FFF7ACFC00206060CB
:109B7000D6F71CFC0848016841F040410160D6F767
:109B800001FC00201CBD000000ED00E071C20F418F
:109B900000E400E0A801002034EF00E010B5024628
:109BA0000021012000F00CF8041E07D00021816084
:109BB00001600B460A46C16000F08AF8204610BDDD
:109BC0002DE9F04117460E46050020D04FF0FF303A
:109BD000B0FBF5F0B0421AD305FB06F010F1510FBF
:109BE00015D85030FAF764FF04000CD004F150008F
:109BF0005EB12060C4E90F562046012100F010F844
:109C0000204684F84C70BDE8F0812460F2E75020D3
:109C100080F31188BFF34F8FBFF36F8FFEE7000013
:109C20002DE9F0410F4604004FF001062DD0E06B06
:109C300098B3B51EB5FBF0F1206C81423ED3FFF71F
:109C4000DBFBD4E90F20216802FB0011A160002199
:109C5000A163216861600A46D4E90F01401E00FB40
:109C600001212046E16000F8445F457004F11000D6
:109C7000A7B1FFF79BFB04F12400FFF797FB00BFA0
:109C8000FFF7DAFB3046BDE8F081502080F3118801
:109C9000BFF34F8FBFF36F8FFEE70FE021690029FD
:109CA000EED000F0B1FC0028EAD008494FF0805017
:109CB0000860BFF34F8FBFF36F8FE1E7502080F351
:109CC0001188BFF34F8FBFF36F8FFEE704ED00E005
:109CD0002DE9FF4782B01D468A464FF00008040078
:109CE00003D0BAF1000F08D011E0502080F31188A2
:109CF000BFF34F8FBFF36F8FFEE7206C38B150205A
:109D000080F31188BFF34F8FBFF36F8FFEE7022DF3
:109D10000AD1E06B012807D0502080F31188BFF3EF
:109D20004F8FBFF36F8FFEE700F00AFB3F4F4FF0FE
:109D300000094FF0805648B9049838B1502080F39C
:109D40001188BFF34F8FBFF36F8FFEE7FFF754FB10
:109D5000A06BE16B884207D3022D05D00498D0B1E7
:109D6000B8F1000F1AD01EE02A4651462046FAF7F5
:109D7000FEFB616A19B104F1240000F045FC20B13A
:109D80003E60BFF34F8FBFF36F8FFFF755FB01208E
:109D900006B0BDE8F087FFF74FFB22E06846FFF70B
:109DA00095FC4FF00108FFF747FBFFF777FDFFF742
:109DB00023FB94F94400401C01D184F8449094F9A9
:109DC0004500401C01D184F84590FFF735FB04A9FC
:109DD000684600F049FA30B12046FAF733FE00F049
:109DE00081FC0020D4E7FFF707FBA06BE16B884202
:109DF00013D1FFF721FB04F110000499FFF774FC65
:109E00002046FAF71FFE00F06DFC00289ED13E6050
:109E1000BFF34F8FBFF36F8F98E7FFF70DFB20461F
:109E2000FAF710FE00F05EFC90E7000004ED00E0A1
:109E30002DE9F0471F4690468946040003D0B9F14A
:109E4000000F08D011E0502080F31188BFF34F8F2E
:109E5000BFF36F8FFEE7206C38B1502080F311887C
:109E6000BFF34F8FBFF36F8FFEE7022F0AD1E06B76
:109E7000012807D0502080F31188BFF34F8FBFF324
:109E80006F8FFEE7FFF730FB5020EFF3118680F372
:109E90001188BFF34F8FBFF36F8FA06BE16B8842C8
:109EA00006D3022F04D0002086F31188BDE8F08786
:109EB00094F94550A06B3A4649462046FAF757FBBD
:109EC000681C0AD0FFF756F9854204D27F2D14D0C2
:109ED0006D1C84F845500120E6E7606A0028FAD03E
:109EE00004F1240000F090FB0028F4D0B8F1000F3A
:109EF000F1D00121C8F80010EDE7502080F311885F
:109F0000BFF34F8FBFF36F8FFEE72DE9F0410F4690
:109F1000040009D0206C78B1502080F31188BFF381
:109F20004F8FBFF36F8FFEE7502080F31188BFF390
:109F30004F8FBFF36F8FFEE7206848B9A06838B134
:109F4000502080F31188BFF34F8FBFF36F8FFEE770
:109F5000FFF7CAFA5020EFF3118680F31188BFF3A0
:109F60004F8FBFF36F8FA06BE16B814226D994F9BD
:109F70004550401CA063681C0AD0FFF7FBF88542DF
:109F800004D27F2D12D06D1C84F84550012016E0BC
:109F9000606A0028FAD004F1240000F035FB0028A4
:109FA000F4D0002FF2D001203860EFE7502080F38A
:109FB0001188BFF34F8FBFF36F8FFEE7002086F34A
:109FC0001188BDE8F08100002DE9F747002683B035
:109FD0008A46040003D0BAF1000F08D011E05020E7
:109FE00080F31188BFF34F8FBFF36F8FFEE7206CB4
:109FF00038B1502080F31188BFF34F8FBFF36F8FBC
:10A00000FEE700F09DF9DFF8F4804FF000094FF013
:10A01000805748B9059838B1502080F31188BFF3B4
:10A020004F8FBFF36F8FFEE7FFF7E6F9A56BC5B162
:10A0300051462046FAF788FA6D1EA563206950B193
:10A0400004F1100000F0E0FA28B1C8F80070BFF386
:10A050004F8FBFF36F8FFFF7EFF9012006B0BDE818
:10A06000F087059808B11EB106E0FFF7E5F927E093
:10A070006846FFF72BFB0126FFF7DEF9FFF70EFC22
:10A08000FFF7BAF994F94400401C01D184F84490D8
:10A0900094F94500401C01D184F84590FFF7CCF9B4
:10A0A00005A9684600F0E0F8002820460AD0FAF733
:10A0B000C9FC00F017FB2046FAF782FB0028B3D05A
:10A0C0000020CBE7FAF77CFB90B104F1240005995E
:10A0D000FFF70AFB2046FAF7B5FC00F003FB002867
:10A0E000A2D1C8F80070BFF34F8FBFF36F8F9BE70B
:10A0F0002046FAF7A7FC00F0F5FA95E704ED00E03A
:10A100002DE9F343002683B00400354609D0206CC6
:10A1100078B1502080F31188BFF34F8FBFF36F8F5A
:10A12000FEE7502080F31188BFF34F8FBFF36F8F8E
:10A13000FEE700F005F9DFF82C814FF000094FF041
:10A14000805748B9049838B1502080F31188BFF384
:10A150004F8FBFF36F8FFEE7FFF74EF9A06BC8B1CB
:10A16000401EA063206810B9FAF708FDA0602069BE
:10A1700050B104F1100000F047FA28B1C8F800709F
:10A18000BFF34F8FBFF36F8FFFF756F9012005B074
:10A19000BDE8F083049808B11EB106E0FFF74CF962
:10A1A0005EE06846FFF792FA0126FFF745F9FFF7F0
:10A1B00075FBFFF721F994F94400401C01D184F8A4
:10A1C000449094F94500401C01D184F84590FFF774
:10A1D00033F904A9684600F047F80028204612D059
:10A1E000FAF730FC00F07EFA2046FAF7E9FA002888
:10A1F000B2D075B3FFF700F9606A58B3206B0068FE
:10A20000C0F1050128E0FAF7DBFAE0B1206838B9BF
:10A21000FFF7F2F8A06800F09FF90546FFF70CF988
:10A2200004F124000499FFF75FFA2046FAF70AFCCC
:10A2300000F058FA00288FD1C8F80070BFF34F8F94
:10A24000BFF36F8F88E72046FAF7FCFB00F04AFA6D
:10A2500082E705E0FFE70021A068FFF785FA9DE7A8
:10A26000002094E704ED00E02DE9F0410C460500E4
:10A2700014D0DCB1FFF7C0F8194EF2686B682068A3
:10A28000D11A471C1AD02F68D6F820C0002667457F
:10A2900016D0934214D8012526601BE0502080F38D
:10A2A0001188BFF34F8FBFF36F8FFEE7502080F30D
:10A2B0001188BFF34F8FBFF36F8FFEE7002509E0D2
:10A2C000884205D9401A20602846FFF7FFF9F5E7D4
:10A2D00001252660FFF7B0F82846BDE8F0810000B0
:10A2E000B40100202DE9FF5F8346DDE90E87994622
:10A2F00016468A469000FAF7DBFB05001DD05C206D
:10A30000FAF7D6FB040015D05C21D6F76AFB25636B
:10A310000021CDE90241CDE900874B463246514646
:10A320005846FAF7B7F92046FAF76EF8012004B05C
:10A33000BDE8F09F2846FFF793F84FF0FF30F6E7AF
:10A340000548416919B1406B18B1002070470120E0
:10A350007047022070470000B40100200148C06827
:10A3600070470000B40100202DE9F0414A4C00265E
:10A37000606B28B1A069401CA0613046BDE8F08147
:10A38000E5686D1CE56013D1A06B006838B1502002
:10A3900080F31188BFF34F8FBFF36F8FFEE7A06B81
:10A3A000E16BA163E063206A401C2062FAF7F2FAD5
:10A3B000A16A3A488D420FD34FF0000EA16B096895
:10A3C00039B1A16BC968C9684A68954212D2A262C4
:10A3D00002E04FF0FF31A1622168C96A01EB8101FF
:10A3E00050F82100012800D90126E0690028C4D0D6
:10A3F0000126C2E7D1E902724B69BA60D1E90227AE
:10A400007A605F680A1D974201D1CF685F60C1F82A
:10A4100014E01F687F1E1F60D1F828C0BCF1000F38
:10A4200015D0D1E907379F60D1E907377B60DCF8A9
:10A43000047001F118039F4202D10B6ACCF804307A
:10A44000C1F828E0DCF800305B1ECCF80030CB6AA5
:10A450000127D4F810C09F4047EA0C07276103EB9F
:10A46000830300EB83035B688B609F68CF609F680A
:10A470007A609A60CA6A02EB820200EB82034B6147
:10A4800050F822305B1C40F82230C96A2268D26A38
:10A49000914293D9012691E7B401002094AE0020A7
:10A4A00070B504004FF000014FD0294D2868844258
:10A4B00007D0502080F31188BFF34F8FBFF36F8F09
:10A4C000FEE7206D38B1401E2065E36CE26A9A42D7
:10A4D0003BD040B139E0502080F31188BFF34F8F5B
:10A4E000BFF36F8FFEE7201DFEF731FE012130B96B
:10A4F00094F82C002A6901FA00F082432A61E06C8A
:10A50000E062C0F10500A061E06A2A698140114360
:10A510002961104900EB800001EB80004068A060D9
:10A520008268E2608368221D5A608260E06A00EB04
:10A53000800001EB80006061E06A00EB800051F870
:10A540002020521C41F820200121084670BD000047
:10A55000B401002094AE002070B504004FF000005C
:10A5600047D0274DE16A2A68D26A914242D2A06957
:10A57000002804DB2868C06AC0F10500A061214EF4
:10A5800001EB8101606906EB810188422DD1201D1C
:10A59000FEF7DDFD012130B994F82C002A6901FA9B
:10A5A00000F082432A612868C06AE0622A6981401B
:10A5B0001143296100EB800006EB80004068A06039
:10A5C0008168E1608268211D51608160E06A00EB72
:10A5D000800006EB80006061E06A00EB800056F8C6
:10A5E0002010491C46F8201002E02868C06AE0628A
:10A5F000012070BDE16C2A68D26A9142F8D370BD27
:10A60000B401002094AE002070B5C068C06850B39B
:10A61000D0E90732816A9A60D0E907235A604A6814
:10A6200000F118039A4201D1026A4A60002585624E
:10A630000A68521E0A6029494A6B0124DAB1284D82
:10A640006A68C26196680662966873609360856204
:10A650002A68521C2A60C06A0A68D26A90423AD9B3
:10A660000120CC6170BD502080F31188BFF34F8F63
:10A67000BFF36F8FFEE7D0E902634269B360D0E9B0
:10A68000023673605668031D9E4201D1C66856604B
:10A69000456115686D1E1560C26A0E6904FA02F5FF
:10A6A00035430D610E4D02EB82028C3D05EB8202BB
:10A6B000526882609668C660966873609360C26AEA
:10A6C00002EB820205EB8203436155F822305B1CEA
:10A6D00045F82230BFE7002070BD0000B401002023
:10A6E00020AF00202DE9F041464D00242746686B3D
:10A6F00038B1FEF781FE686B401E6863686B40B13D
:10A700007AE0502080F31188BFF34F8FBFF36F8F33
:10A71000FEE7A8683C4B00264FF00108F0BB6BE059
:10A72000D868C468D4E90721A06A9160D4E9071207
:10A730005160426804F118018A4201D1216A4160E6
:10A74000A6620168491E0160D4E902216069916036
:10A75000D4E9021251604268211D8A4201D1E268A7
:10A76000426066610268521E0260E26AD5F810C05B
:10A7700008FA02F040EA0C00286102EB8200224A4B
:10A780008C3A02EB80004068A060D0F808C0C4F8A2
:10A790000CC0D0F808C0CCF8041000E012E08160D2
:10A7A000E06A00EB800002EB8001616152F820104A
:10A7B000491C42F82010E06A2968C96A884201D31E
:10A7C000C5F81C8018680028AAD10CB1FAF7E2F885
:10A7D000AC693CB1FFF7C8FD08B1C5F81C80641E28
:10A7E000F8D1AE61E86938B1084901273807086037
:10A7F000BFF34F8FBFF36F8FFEF71EFE3846BDE8E5
:10A80000F0810000B401002020AF002004ED00E042
:10A810002DE9F0470746994616460D462C20DDF8EF
:10A8200020A0FAF745F9040018D0B84600204F469A
:10A8300084F82800D146A5B1F9F75EFE04F11801AD
:10A84000C4F8008081E8A002201DFEF7BAFD2EB1F9
:10A8500094F8280040F0040184F828102046BDE850
:10A86000F087502080F31188BFF34F8FBFF36F8FB5
:10A87000FEE700001CB5F9F73FFE0C48006860B128
:10A880000A490220091DCDE900010023802208A108
:10A890000948FFF727FD002807D1502080F31188D1
:10A8A000BFF34F8FBFF36F8FFEE71CBDF401002095
:10A8B000546D722053766300214A0208FEB51E468D
:10A8C00013460200089D4FF0000014D0124C276878
:10A8D000002F0FD0CDE900130292062915DAFFF7F9
:10A8E0002FFD02284FF000030DD00022694620689A
:10A8F000FFF7EEF9FEBD502080F31188BFF34F8FB4
:10A90000BFF36F8FFEE72A46F0E700233246694621
:10A910003846FFF78DFAFEBDF401002010B500297E
:10A920000AD00878002807D005487844D6F780F880
:10A93000002801D0002010BD0248784410BD00005E
:10A9400076F701006EF7010010B500290AD00878EB
:10A95000002807D005487844D6F76AF8002801D0C7
:10A96000002010BD0248784410BD000066F70100C9
:10A970005EF7010021F00042A2F16052B2F5801FA3
:10A9800001F0004328BFD2F17F6C0BD95FEA001CB5
:10A9900043EAC20242EB507018BF704728BF20F054
:10A9A00001007047B2F5801FBCBF184670474FEAE0
:10A9B000410C1CF5001F02D2084600F043BA70B5E6
:10A9C00000F040F900000089FFF7F6BF4FF00040AB
:10A9D000A0F580007047000002494FF0000000F031
:10A9E0003DBA00BF0000F87F491058BFC1F1404197
:10A9F0005B1058BFC3F140438B42EFF300807047B8
:10AA000051EA030C17D41CF5801F58BFBCF5801FFA
:10AA100000F10680994218BF704708BF9042704706
:10AA200007D711F5801F58BF13F5801F19D499421D
:10AA30007047894270471CF5801F08D5BCF5801F00
:10AA4000F7D58B4218BF704708BF824270474FF45A
:10AA5000001C1CEB410F38BF1CEB430F01D28B4293
:10AA6000704770B500F0EEF8922449004FF00051A5
:10AA70004FF08053FFF7B8BF51EA030C17D41CF511
:10AA8000801F58BFBCF5801F00F10680994218BF97
:10AA9000704708BF9042704707D711F5801F58BF15
:10AAA00013F5801F19D499427047894270471CF5ED
:10AAB000801F08D5BCF5801FF7D58B4218BF7047A3
:10AAC00008BF824270474FF4001C1CEB410F38BF97
:10AAD0001CEB430F01D28B42704770B500F0B2F807
:10AAE000922449004FF000514FF08053FFF77CBF94
:10AAF000DFF848C170B51CEA111E1EBF1CEA131511
:10AB00009EEA0C0F95EA0C0F00F06F8081EA0304B7
:10AB100023EA4C134EEAD47E21EA4C1141F4801111
:10AB200043F48013AE44A1FB024CA0FB0365AEF1DD
:10AB30007F7E361955EB0C05A1FB034C4CF100034D
:10AB4000A0FB021C16EB0C06654153F10003094201
:10AB500018BF46F0010613F4007F0BD14FEA033112
:10AB60004FEA0530340341EA155140EA16506FF0C0
:10AB700003020AE04FEAC3214FEAC520F40241EA8A
:10AB8000555140EA56506FF0020202EB2E4201EBA3
:10AB9000025585EACE710AD05FEA440C18BF24F052
:10ABA000004450F1000041F1000120EAD47040F26D
:10ABB000FE7C624500D270BDA84214BF4FF08044B5
:10ABC0004FF04044002E08BF0024BEF1806FA8BFA4
:10ABD000A1F1C041BDE8704080F282804FF00000DA
:10ABE00001F1C04101F0004170479EEA0C0F0CEAF0
:10ABF000131518BF95EA0C0F06D04FF0000081EA3C
:10AC0000030E0EF0004170BD00F01CF88900013EFB
:10AC100000F007B800F009B84FEA430C5FEA5C5C4B
:10AC200008D081EA030100F05BB84FEA410C5FEA0B
:10AC30005C5CF6D14FF00000014970470000FF074F
:10AC40000000F87F0EF1020E2EF0030E5EF8046B8A
:10AC5000364205D4012A43EB030515F5001F12D82F
:10AC6000012841EB010C1CF5001F0CD80ED14FEA56
:10AC7000D17C15F5001F0CEB4C0C0CF1020C08BF3D
:10AC80004CEBD37C04E04FF0080C01E04FEAD37C9E
:10AC90000CEB4C0526FA05F606F00706B6F1040C97
:10ACA00006D20EEB860CBDE870404CF0010C6047FC
:10ACB000DFE80CF0090B02024FF000414FF00000FA
:10ACC000A1F5002170BD19461046012851EB010481
:10ACD00018BFD4F5001484BF002001F0004170BDFE
:10ACE0000808A0F500114FEA3101704753EA010C42
:10ACF00017D41CF5801F58BFBCF5801F00F10680DB
:10AD00008B4218BF704708BF8242704707D713F5C0
:10AD1000801F58BF11F5801F19D48B4270479B428A
:10AD200070471CF5801F08D5BCF5801FF7D59942E8
:10AD300018BF704708BF904270474FF4001C1CEBCF
:10AD4000430F38BF1CEB410F01D2994270470FB43B
:10AD50000CBC03BCFFF7C1BE43004FEAD30C4FEA63
:10AD60003C0C43401FBF40070CF1605113F0FE4FF5
:10AD700070471CF0006F03D100200CF000417047B9
:10AD80000CF0004343EA507010B540EACC0000F0EC
:10AD90000EF800BF000000924FEA0001FFF7A0BFCD
:10ADA0004FF000414FF00000A1F5002170470EF177
:10ADB000020E2EF0030E5EF8044B244204D44FEA38
:10ADC0004102B2F17F4F11D84FEA4003B3F17F4FF8
:10ADD0000CD80ED14FEAD07CB2F17F4F0CEB4C0C6B
:10ADE0000CF1020C08BF4CEBD17C04E04FF0080CD6
:10ADF00001E04FEAD17C0CEB4C0324FA03F404F09D
:10AE00000704B4F1040C06D20EEB840CBDE810402C
:10AE10004CF0010C6047DFE80CF0070802024FF02D
:10AE20000040A0F5800010BD0846420018BFD2F1D6
:10AE3000807288BF00F0004010BD4FF04070E1EE1E
:10AE4000100A7047FF2141EAD050C00570474FF00B
:10AE500000007047D5F792BFD6F77CBA0CF00F030D
:10AE6000092B08BF082000F05F800A2B0BD0082BAD
:10AE700018BF704708BF1CF0400F0AD04FF0000009
:10AE80004FF0000170471CF0400F18BF4FF000401A
:10AE900070471CF0100F08D020F0704300F07F4284
:10AEA00042EAD3014FEA4370704700F0604021F05E
:10AEB0007F4242EA000201F07F4040EA7270704730
:10AEC0004FF0FF0C4CF4E06C1CEA11531CBF9CEAE1
:10AED000030C9445C2BFDA4201EB02517047002BCC
:10AEE0000DD0BCF1000F0FD0002A01F00041A4BF2B
:10AEF00041F0E04141F07F614FF00000704701F008
:10AF000000414FF00000704750EA01334FF09B0CB6
:10AF100018BF4CF0806C7FF45FAD7047D6F75CBE15
:10AF2000D6F7B6BFD7F744B91CF4801F11D01CF474
:10AF3000E02F03D06FEACC31490070474FF040500A
:10AF4000EFF3008222F0704242EA000282F30088AE
:10AF500070474FF000007047081C3044586C8094D4
:10AF60000000000004040404383800000800000059
:10AF70000800000000020406080A0C0E101400006D
:10AF800001000000020000000400000006000000B4
:10AF9000080000000A0000000C0000001000000083
:10AFA00020000000400000008000000000010000C0
:10AFB0000000000000000000010203040607080969
:10AFC0000000000001020304081C3044586C809407
:10AFD000081C3044586C8094081C3044586C809491
:10AFE000081C3044586C80940000000039DA0108D5
:10AFF0002DDB01080000000069DE010882008200EC
:10B000004A020000000001E001E0000021002000F1
:10B0100069006A006C006B006D006E0063006200E6
:10B0200000000000E8AF0208016501085965010849
:10B0300000000000BD65010864200401C008000094
:10B040000F40F30F30F20E20D10300811E303C1E62
:10B050003B0E3B0E1507004803A000066058004F4A
:10B06000FFFFFF100A20840000C10A30000D00B16C
:10B0700000AFFFFFFB001C00D00003A01C0000007D
:10B0800009200000920003CFFB31F7A5744E092080
:10B0900001F9B20002BFE8000097DA000924E5B424
:10B0A000A5BA08EFFA10009200000410000AC800C8
:10B0B0000C10660A207600830742C000570A2B2036
:10B0C0000009C6685C900001C1C067000A43902A6D
:10B0D000004901B04700C1007BB1009ED400005C74
:10B0E00003D00004C05C00000CBD200003DE801013
:10B0F00001E31D78806B001DF204F413CF6006DFBE
:10B10000D62B00000000003C3B3B150A71F15C09A6
:10B1100080B60C40D40C40B609805B01F10A706B1C
:10B1200000F20B607A05C04D03E04D05C07A0B605C
:10B13000F16B0000B0089CB50BF8087C9500A000EE
:10B14000000B000000F000000F0002EEFEE2011F05
:10B15000110000F0001804F10D03804FFD02222AB7
:10B1600004D00000340000B50000F00005B0000A73
:10B1700060000E10004C0000970000E20003D000B9
:10B180000870000D20002D0000009EE9000AD44D3B
:10B19000A01F2002F15E0000D56C0000C65E00001A
:10B1A000D51F2002F10AD44DA0009EE900EFF32242
:10B1B000F300F300F300F300F300F300F300F319DE
:10B1C000EFC208B43AE000002F100005E00002E5ED
:10B1D0000001D70001D80001DA22218FFFFF709F04
:10B1E000FFFF01222D800009B00005F200007CF86D
:10B1F000000002F200000E4B9439F13BFFC3000047
:10B20000009B000004E100001E500000AA000005A1
:10B21000E10D401E400D408FFFFFFD12222E620007
:10B22000000E400CFFFF00E522200F100001FFEB95
:10B230003002239F100000D600000D69B438F12AB7
:10B24000EFC400006DFD5008D523201F2000004DE5
:10B250006DEA106FC43CA05F3002F02F2002F00AAC
:10B26000C32BA001AFFA10AFFFFFBA9222D776002E
:10B270003F10000A900001F200007C00000E500018
:10B2800005E00000C8000003CFEA100E812CA02FBB
:10B290001005D00E701B9006FFFF203F5018E06C89
:10B2A0000000F23F6129E005CFFB2007EFC306E372
:10B2B00015E198000B87D203FB0AFFD9C000108B61
:10B2C00000000D70624BD01CFEA1004E02A00000D9
:10B2D000000002A04D004E02A00000000001804FBF
:10B2E00010D0380000000210004BE107DC5003F8DA
:10B2F000000004BE71000029E2000000003FFFFFD3
:10B300003000000000000002EEEEE2011111001218
:10B31000000002EB4000005CD6000008F2017EB4A1
:10B3200002E92000000000001AEFC309A32AE00090
:10B33000003F00000AA00009C00002F10000010067
:10B3400000028000004D00000004BDDD8100009B74
:10B3500030006D3007A08EE8D5D10D07D219F377F4
:10B360004A0D4000F31B580F2000D30C580D40002D
:10B37000F31B3A07D21AF5770D008EE85FB006A0EE
:10B3800000000000009B300240000005BDED6000A1
:10B3900000006F30000000DD90000004E3F10000C9
:10B3A0000B80C700001F206E00008C001F5000EFB4
:10B3B000EEEFB006E21114F20C700000B9BFFFFB13
:10B3C00020B7112AD0B70003F0B70008C0BFFFFFB5
:10B3D00050B82226F2B70000C7B71115F4BFFFFD21
:10B3E00060003BEFB3005F9338E00E60000004E0C4
:10B3F0000000006C00000004E00000000E6000008F
:10B40000005F9338E0003BFFB300BFFFEA300B82E0
:10B41000239F40B700007E0B700000F3B700000EC2
:10B420005B700000F3B700007E0B82239F40BFFFDC
:10B43000EB3000BFFFFF3B822220B700000B700003
:10B4400000BFFFFA0B822210B700000B822220BF40
:10B45000FFFF50BFFFFF3B822220B700000B7000B0
:10B4600000BFFFFA0B822210B700000B700000B77C
:10B47000000000003BEFC4005F9438E10E70000054
:10B4800004E00000006C00000824E00000E30E600F
:10B49000000E305F9337F3003BEFC400B70000B7F6
:10B4A000B70000B7B70000B7B70000B7BFFFFFF79E
:10B4B000B82222C7B70000B7B70000B7B70000B77F
:10B4C000B7B7B7B7B7B7B7B7B704FFFF00225F008A
:10B4D000003F00003F00003F00003F00004E0D52C3
:10B4E000BA05DFB2B70007D1B7005E20B704E300AA
:10B4F000B73E4000B9EF2000BF89D000BA00CA00B3
:10B50000B7001E70B70003F3B700000B700000B760
:10B5100000000B700000B700000B700000B70000C7
:10B520000B822220BFFFFF00B8000001F3BF100014
:10B5300009F3BEA0002EF3B7E300B7F3B67B04D047
:10B54000F3B60D4C50F3B605FC00F3B600B300F3B0
:10B55000B6000000F3B90000B7BF5000B7BCF2005E
:10B56000B7B7AD00B7B70D90B7B702F5B7B7006F73
:10B57000D7B7000AF7B70000D7003BEFB40005F9D2
:10B58000338F600E600005F14E000000D56C0000A6
:10B5900000B74E000000D50E600005F105F9338FAD
:10B5A00060003BEFB400BFFFD800B8225D90B70049
:10B5B00004E0B70003F0B7002CA0BFFFFA10B822D8
:10B5C0000000B7000000B7000000003BEFB400042B
:10B5D000F9338F600E600005F14E000000D56C005D
:10B5E0000000B74E000000D60F600005F105F832EC
:10B5F0007F60004CFFC50000000CB028000001BFB8
:10B60000E50000000000BFFFD800B8225D90B70041
:10B6100004E0B70003F0B7001BB0BFFFFB10B82277
:10B62000B900B7001F30B70007D003CFEB31F723C5
:10B63000744E000001F9200002BFD7000004CA00C8
:10B640000004E5B423BB08DFEA10FFFFFFF223F399
:10B6500022001F100001F100001F100001F1000086
:10B660001F100001F100001F1000D60000E4D600FA
:10B6700000E4D60000E4D60000E4D60000E4C700F1
:10B6800000F39A0002F12F835DA004CFD8000C7064
:10B690000000D506E00004E000F4000A80009B00F2
:10B6A0001F20002F207B00000C80E4000005E5E057
:10B6B000000000EE700000008F10007C0000E80029
:10B6C00002F02F1003FD0007A00D60089F200C5012
:10B6D00008B00E3B701F0003F03E06C06B0000E593
:10B6E0008901F1B600009AD400B7F100004FE000E4
:10B6F0006FC000000FA0001F70005F1000E50AB0CF
:10B7000009A001E64E10004FE400000DE000007DAE
:10B71000D80002F32F300C8007D08D0000C90C80B8
:10B72000000A803F1003E000AA00C60001F35D009C
:10B730000007CE4000000EB0000000B70000000B74
:10B7400070000000B700006FFFFFF5022229D00053
:10B75000003F300001E600000BA000008D00000457
:10B76000F200001E8222217FFFFFF8BFCB60B60BE4
:10B7700060B60B60B60B60B60B60B60B60BFC03531
:10B7800000002E00000D300008800003D00000D221
:10B7900000008700003C00000E100009700004C08B
:10B7A0000000E10000A6CFB07B06B06B06B06B06D0
:10B7B000B06B06B06B06B07BCFB00007000005E5AC
:10B7C0000000B4B0002C0C2008606800D000D0DD70
:10B7D000DDDD271005C108DFC300A429D000001F4C
:10B7E000108DEEF24E100F24E007F209ED8F20E4E9
:10B7F00000000E400000E400000E7CFC40EF528F81
:10B800002E6000B8E40008AE6000B8EF528F2E6DD5
:10B81000FC4002BFE800DA24C35D000007B000006E
:10B820005D000000DA24D302BFE800000001F1004F
:10B830000001F1000001F102BFD6F10E923DF15D71
:10B840000004F17B0001F15D0003F10E912DF10286
:10B85000BFE6F102BFD500E814E45C0006B7FEEED7
:10B86000EC5D000000E923A202BFE90001CF609A6D
:10B87000110B600DFFF30B6000B6000B6000B6000B
:10B880000B6000B60002BFE6E20EA23CF25D0002D1
:10B89000F27B0000F25D0002F20EA23DF202BFE573
:10B8A000F2000002F00C623BA006DFEA10E40000A8
:10B8B0000E400000E400000E7DFC20EE42AC0E6065
:10B8C00002F0E4000F1E4000F2E4000F2E4000F2F0
:10B8D0000D40820000E40E40E40E40E40E40E4001F
:10B8E0000D50007200000000D4000D4000D4000D87
:10B8F0004000D4000D4000D4000D4022F20DF800AD
:10B90000E400000E400000E400000E400BA0E40B39
:10B91000B00E4BC000EEFD000EC1D900E402F40EE3
:10B920004006E1E4E4E4E4E4E4E4E4E4E4E7DFB290
:10B930009EE80ED32CFB23E5E6004F10099E400342
:10B94000F0008AE4003F0008AE4003F0008AE40003
:10B950003F0008A0E6DFC20EE41AC0E6001F0E405A
:10B9600000F1E4000F2E4000F2E4000F2002BFE8D7
:10B97000000EA23E805D0004F07B0001F15D00043A
:10B98000F00DA23E8002BFE800E7DFC40EF416F21D
:10B99000E6000A8E40008AE7000B8EF528F2E6CF1B
:10B9A000C40E400000E400000E40000002BFD5F1CC
:10B9B0000EA23EF15D0004F17B0001F15D0004F197
:10B9C0000EA23EF102BFD5F1000001F1000001F12D
:10B9D000000001F1E6D8EE61E700E400E400E400D5
:10B9E000E40009EFC26D22617D200009FE91000292
:10B9F000C95622B84CFEA0053000B600DFFF30B6B5
:10BA0000000B6000B6000B6000AA1102DF60F300BB
:10BA10002F0F3002F0F3002F0F3002F0E4004F0A36
:10BA2000B22CF01BFE6F000D50009806C000F20112
:10BA3000F206B000A80C50003E3E00000DD80000F9
:10BA400006F200C5003F100786A009F600D31F00CC
:10BA5000E7B02D00B54C0E188006A960A6D3001FD4
:10BA6000E104ED0000BB000E80005D004E10A91E39
:10BA70004001ED900008F10002EBA000C70D607CD2
:10BA8000003F200D50009807B000E201F205C00011
:10BA9000A70B50004D1E00000EB9000008F3000077
:10BAA00005D000052C60001CF900007FFFFB0002A0
:10BAB000F3000C70009B0004E1001E50008FFFFD9E
:10BAC00000BF04E105C005C005C006C04F6008C046
:10BAD00005C005C005C004E100BFB5B5B5B5B5B535
:10BAE000B5B5B5B5B5B5B5CD100C700990099009CF
:10BAF0009008A003F708B00990099009900C80CD38
:10BB0000200BE80A33918DA006B703808464037389
:10BB1000808406B7000422FE0DA000000000001281
:10BB2000000000037CFF000059EFFFFF000EFFFF45
:10BB3000FFFF000FFFFD848F000FD720008F000F45
:10BB40008000008F000F8000008F000F80007BDFDF
:10BB5000023F8006FFFFAFFF8002EFF9EFFF6000BA
:10BB6000021029A700000000B4DFFFFFFD4BE8E74B
:10BB700022227E8EC0C500006C0CFCF611117FCF16
:10BB8000C0CFFFFFFB0CFCF611117FCFC0C500003A
:10BB90006C0CE8E722227E8EB4DFFFFFFD4BDFF660
:10BBA0009FFFFFFDFFF8CFFFFFFFEFF6AFFFFFFEA8
:10BBB000132003333331FFF7BFFFFFFFFFF8CFFF41
:10BBC000FFFFFFF7BFFFFFFF132003333331EFF613
:10BBD000AFFFFFFEFFF8CFFFFFFFDFF6AFFFFFFD78
:10BBE0000000000003D4000000003FFE000000033E
:10BBF000FFF44D30003FFF40EFF303FFF4004FFF31
:10BC00006FFF400004FFFFF40000004FFF40000002
:10BC10000003D3000000140000220DF7004FF19F35
:10BC2000F74FFD00AFFFFD1000BFFE10004FFFF704
:10BC3000004FFDAFF70EFD10AFF25B100099000052
:10BC4000000770000000320FF0240005FC0FF0CF59
:10BC5000501FF40FF05FF17F800FF008F7BF200F47
:10BC6000F002FBCF100EE001FCAF40011004FA5FC0
:10BC7000B000000BF60DFA1001AFD002DFFCCFFDD3
:10BC8000200008EFFE9100000001100000000014E9
:10BC900041000000007FF700000343DFFD34300E59
:10BCA000FFFFFFFFE06FFFFBBFFFF61BFF7007FF0B
:10BCB000B107FF2002FF701BFF7007FFB16FFFFB92
:10BCC000BFFFF60EFFFFFFFFE00342CFFC23300073
:10BCD000007FF70000000004410000000000730333
:10BCE000830000001DFF67F7000003EE5AFEF70017
:10BCF000006FD3B57FF70009FB3DFF85FE30BF9590
:10BD0000FFFFFB3EF4766FFFFFFFD2A100CFFFFFE6
:10BD1000FFF40000CFFA02FFF40000CFFA02FFF4B4
:10BD20000000AFF801FFF3000000277200000000E0
:10BD30007FF7000000008FF8000000008FF800007F
:10BD400000008FF8000000DFFFFFFD00004FFFFF45
:10BD5000F4000004FFFF400023335FF53332FFFFA0
:10BD6000A44AFFFFFFFFFCCFFFFFFFFFFFFF5C8F39
:10BD70009AAAAAAAAAA8004FFFFFFFB00001ED8867
:10BD80008889F8000AF2000000AF305F7000000000
:10BD90001EC0EF886000288BF6FFFFF300BFFFF89E
:10BDA000FFFFFFFFFFFFF8FFFFFFFFFFFFF7BFFFF2
:10BDB000FFFFFFFFF40000011000590019EFFD70B4
:10BDC0009F03EFDA9DFEBF0EF600005FFF7F70005D
:10BDD0003FFFFF6900002AAAA9000000000000AA96
:10BDE000AAA20000A6FFFEF30007F7FFF500007F00
:10BDF000E0FBEFD9ADFE30FA08EFFE9100950001AF
:10BE000010000000002A0002EF788EFFFFFFFFFF06
:10BE1000FFFFFFFFFFDFFFFF0007FF00007F0000C5
:10BE20000100002A0000002EF000788EFF030FFFB3
:10BE3000FFF0BAFFFFFF03FFFFFFF0AADFFFFF04E1
:10BE400000008FF00000008F0000000010000000D4
:10BE500000000000000000000006D20000002A00E0
:10BE6000118E100002EF007D2B90788EFF030AB335
:10BE7000F0FFFFFF0BA1F1E3FFFFFF03F0E3C5FFBE
:10BE8000FFFF0BA1F1E3DFFFFF030AB3F00007FFA1
:10BE9000007D2B9000007F00119E10000001000625
:10BEA000D20000000000000000BFFFFFFFFFFBFD0D
:10BEB0005BFFFFFFFFF501FFFFEFFFFB18FFF61C25
:10BEC000FFFFFCFF6001DFFF609600008FF90000BC
:10BED00000008FFC88888888CFBFFFFFFFFFFB0032
:10BEE0000240000000CF1000003FF700000AFFE012
:10BEF0000004FFFF8000EFFFFF308FFFFFFC0EFF0D
:10BF0000FFFFF2F9CFFFFF3DC5FFFFF16FA3BFFABF
:10BF1000008FFFFB000026740000580000359F10C2
:10BF200005FE9F106FFE9F17FFFE9F9FFFFE9FFF66
:10BF3000FFFE9FEFFFFE9F2DFFFE9F10CFFE9F1085
:10BF40000BFE8F00009B0000000046000000000F69
:10BF5000FD40000000FFFFA100000FFFFFF7000001
:10BF6000FFFFFFFD500FFFFFFFFFB1FFFFFFFFFFD0
:10BF70006FFFFFFFFFB1FFFFFFFD400FFFFFF70067
:10BF800000FFFFA100000FFD400000003600000090
:10BF90000000AFFE30AFFE3FFFF70FFFF7FFFF805F
:10BFA000FFFF8FFFF80FFFF8FFFF80FFFF8FFFF805
:10BFB0000FFFF8FFFF80FFFF8FFFF80FFFF8FFFF75
:10BFC00080FFFF8FFFF70FFFF74898104898104841
:10BFD000888888881FFFFFFFFFF7FFFFFFFFFF8FA5
:10BFE000FFFFFFFFF8FFFFFFFFFF8FFFFFFFFFF8DF
:10BFF000FFFFFFFFFF8FFFFFFFFFF8FFFFFFFFFFC8
:10C000008FFFFFFFFFF7AFFFFFFFFE302600005856
:10C010007FA000BF8FFB00BF8FFFC1BF8FFFFDCF91
:10C020008FFFFFFF8FFFFFEF8FFFF4BF8FFF40BF3A
:10C030008FE300BF5D2000AE000000000000037031
:10C04000000000003FFA00000002EFFF9000001E19
:10C05000FFFFF80001DFFFFFFF700CFFFFFFFFF4A1
:10C060000DFFFFFFFFF50134444444300DFFFFFF97
:10C07000FFF50FFFFFFFFFF80CFFFFFFFFF50000CC
:10C0800003100005FB0005FF4005FF4005FF5003BE
:10C09000FF50000BFC10000BFC10000CFC10000CFF
:10C0A000FB00000A5003100003FC10000BFC100002
:10C0B0000BFC10000BFC10000DFB0005FF5005FFF2
:10C0C0005005FF5003FF50000A50000000006910A7
:10C0D0000000000DF500000000EF600000000EF60B
:10C0E00000005888FFB8881FFFFFFFFFF79BBBFFCA
:10C0F000DBBB30000EF600000000EF600000000E19
:10C10000F6000000009D20000046666666661FFF80
:10C11000FFFFFFF7ADDDDDDDDD400003ADFFC70054
:10C1200000009FE624AFE3000BFF207709FF407F6C
:10C13000F900CFA1FFE1EFF67FFFF0EFF78FF93FB6
:10C14000FFC1FFE10BFF26CA19FF40009FE624AFA5
:10C15000E30000039DFFC700003200000000000064
:10C1600000DF500000000000001CF84AEFEB500018
:10C1700000009FFD525DFC10000005FE4A70CFE1FB
:10C18000000B802DFFF74FFB002FFB00AFFB2FFFB5
:10C19000300BFF5007FE7FFB0001DFC0003EFFE1D8
:10C1A00000001BFC4201BFA00000005BEFB008FCD8
:10C1B000100000000000004FE0000000000000023E
:10C1C000400000000310000000000005FD0000001A
:10C1D000000000EFF700000000008FFFF1000000FA
:10C1E000002FFDEFA00000000BFB03FF3000000458
:10C1F000FFC04FFC000000DFFD05FFF600007FFFE1
:10C20000F8CFFFE1001FFFFC04FFFF900AFFFFD201
:10C210007FFFFF20FFFFFFFFFFFFF604788888887D
:10C22000888700000000000610000000000FC1FF1A
:10C23000F8002EFFFCCDFF62EFDFF9002C4EF90F66
:10C24000900002EF900700002EF8880FA0CDFF802D
:10C25000DFDFF9FFF8001EFFFC000000000FC00048
:10C260000000000610000027000000002EF900006A
:10C27000002EFFF900002EF92EF9002EF9002EF9FC
:10C280000BF900002EF42700000027002700000013
:10C29000270BF900002EF42EF9002EF9002EF92EAE
:10C2A000F900002EFFF90000002EF9000000002622
:10C2B0000000000001000000000000003FC0077700
:10C2C00077720003FFFC2EFFFFF9000FCFCFA00015
:10C2D00000E900041E93200000E900000E90000019
:10C2E00000E900000E900000B5E997000EC77773D3
:10C2F000BFFFF6000DFFFFFD0BFF70000000000008
:10C3000000A600BFFFF6000000FFFFFF988874FF43
:10C31000FFFFFFFFFFFFFFFFFFFFFFFFFFFFFFFF2D
:10C32000FFFFFFFFFFFFFFFFFFFFFFFFFFFFFFFF1D
:10C33000FFFFFFBFFFFFFFFFFB0000022000000028
:10C34000003EE300000003EFFE3000003EFFFFE38D
:10C350000000EFFFFFFE0000008FF8000000008FDC
:10C36000F8000000008FF8000023328FF82332FF1E
:10C37000FE3993EFFFFFFFC99CFFFFFFFFFFFF5C4C
:10C380008F9AAAAAAAAAA8000000000362000000CF
:10C390000000CFFE000000003FFFE000000009FFAA
:10C3A000FD000000002DFF90000000004FF4000091
:10C3B00000000CFD0000010009FF40018EE11AFFA2
:10C3C0007000EFFFDEFF90000CFFFFFF6000008FAA
:10C3D000FFE9100000027630000000000793000023
:10C3E000220AFFF2008FF5F91F708FF90CFCF88F0D
:10C3F000F9001AEFFFF9000000EFFC000007BFFF93
:10C40000F6000AFFFABFF600F91F70BFF60CFCF445
:10C4100000BFF41AC600005600000344412000008B
:10C42000FFFF5E40241FFFF5EE2FF4FFFFC882FFE1
:10C430004FFFFFFF5FF4FFFFFFF5FF4FFFFFFF5FC1
:10C44000F4FFFFFFF5FF4FFFFFFF5FF4FFFFFFF477
:10C45000FF934444430FFFFFFF500068888871003A
:10C460000048888887000FFFFFFFFB00F800000BE3
:10C47000FB0F800000BFF3FB77777DFF4FFFFFFFCF
:10C48000FFF4FFFF42DFFF4FFFC008FFF4FFFE0095
:10C49000AFFF4FFFFCAFFFF4AFFFFFFFFD10000049
:10C4A0000000000FFFFFFFFFF79AAAAAAAAA400008
:10C4B0000000000089999999993FFFFFFFFFF7124B
:10C4C000222222220000000000009AAAAAAAAA4F53
:10C4D000FFFFFFFFF7000000000000BFFFFFFFFFAE
:10C4E000FBFFFFFFFFFFFF4EFFFFFFFFE4C3BFFFA8
:10C4F000FFFB3CFF57FFFF75FFFFF93DD39FFFFF99
:10C50000FFD55DFFFFFFFFFFFFFFFFBFFFFFFFFF47
:10C51000FB01BBBA10005FFFF10007FFFB00009FAB
:10C52000FF60000BFFFFFF60EFFFFFF10EFFFFF862
:10C5300000000CFE000000FF5000003FC00000079C
:10C54000F3000000A900000002000000002A5000D3
:10C55000000EFF8FFF2000FFF8FFF4000FFFEBBB82
:10C560003000FFF49992600FFF5FFF4FA0FFF5FFCF
:10C57000F5561FFF5FFFFFF4FFF5FFFFFF4EFF5F64
:10C58000FFFFF40005FFFFFF40005FFFFFF4000026
:10C59000444444000000150000000009F1000000C0
:10C5A0002DFFF900000EFFFFF70005FFFFFFD00091
:10C5B0008FFFFFFF000AFFFFFFF200DFFFFFFF50CA
:10C5C0006FFFFFFFFD0EFFFFFFFFF62444444443CF
:10C5D00000002FF90000000046000000BFFFFFFF31
:10C5E000FFFFF4FC8E8E8E88E8F7F80C0C0B00B081
:10C5F000F8FFECFCECEECFF8FFA0C0A0772FF8FF1F
:10C60000ECFCECEECFF8F80C000000B0F8FC8E88E3
:10C610008888E8F7BFFFFFFFFFFFF400000000007D
:10C6200006300000000018EFE000000029FFFFB016
:10C6300000003AFFFFFF30004CFFFFFFFC000BFF44
:10C64000FFFFFFF5000EFFFFFFFFD000013444DFC6
:10C65000FF6000000000CFFE0000000000CFF800E7
:10C6600000000000CFF10000000000BF90000000BB
:10C670000000260000009BBBB2700FFFFF4F90FF31
:10C68000FFF4FF9FFFFF5444FFFFFFFFFFFFFFFF8B
:10C69000FFFFFFFFFFFFFFFFFFFFFFFFFFFFFFFFAA
:10C6A000FFFFFFFFFFFFFFFFFFFFFFFF3444444496
:10C6B00030000000000000000000059BCB9500004A
:10C6C000008FFFFFFFFF8003EFFA53235AFFE3DFE2
:10C6D000A100000001AFD26005BEFEB50052001CF3
:10C6E000FFFEFFFC100002EC40004CE200000100E5
:10C6F000010001000000000AFA000000000000FF35
:10C70000F0000000000006D600000037777777774A
:10C7100077750FFFFFFFFFFFFFF3F83444444444F5
:10C720004FDF8CFFFFFFFFF2CFF8CFFFFFFFFF08C7
:10C73000FF89CCCCCCCCC3FFFB77777777779F9CF6
:10C74000FFFFFFFFFFFFE1000000000000000037D7
:10C750007777777777750FFFFFFFFFFFFFF3F834E9
:10C76000444443004FDF8CFFFFFFC002CFF8CFFFF0
:10C77000FFFC0008FF89CCCCCC9003FFFB777777D8
:10C7800077779F9CFFFFFFFFFFFFE10000000000A5
:10C79000000000377777777777750FFFFFFFFFFF90
:10C7A000FFF3F834444200004FDF8CFFFF800002AB
:10C7B000CFF8CFFFF8000008FF89CCCC600003FF62
:10C7C000FB77777777779F9CFFFFFFFFFFFFE10005
:10C7D00000000000000000377777777777750FFF4C
:10C7E000FFFFFFFFFFF3F834410000004FDF8CFF35
:10C7F00040000002CFF8CFF400000008FF89CC30E1
:10C80000000003FFFB77777777779F9CFFFFFFFFA1
:10C81000FFFFE10000000000000000377777777726
:10C8200077750FFFFFFFFFFFFFF3F8000000000028
:10C830004FDF800000000002CFF800000000000879
:10C84000FF800000000003FFFB77777777779F9CDE
:10C85000FFFFFFFFFFFFE1000000000000000000FD
:10C860000000000000000000000025FB00000000A8
:10C870000005CBFE00000001000D10420000009FEB
:10C88000D1680000006800FFFEEEEDDDDDEFC09F27
:10C89000D100B3000068000100003B0574000000F7
:10C8A000000009BEFB0000000000002DFB0000009E
:10C8B000000000000000000000342000006EFEFDBB
:10C8C0002004FFF3FFD00CFFF04FF50FD5F295F8E1
:10C8D0002FF7413CFA3FFF60AFFB3FFE204FFB2F9D
:10C8E000E29275FA0FEBF149F809FFF09FF201DFD0
:10C8F000F9FF900006AB950000048870000BCCFF98
:10C90000FFDCC5BCCCCCCCCC5288888888604FFF7B
:10C91000FFFFFC04FAAE6F5FC04FAAE6F4FC04FA16
:10C92000AE6F4FC04FAAE6F4FC04FAAE6F4FC04F93
:10C93000AAE6F5FC03FFFFFFFFB0068888887200B7
:10C940000000000001710000000002EFD1000000B3
:10C95000015FFFC0000002EA5FFD000002EFFA5D28
:10C96000200002EFFFF8000002EFFFFE200002EFC0
:10C97000FFFE200002EFFFFE200000BFFFFE2000B0
:10C98000000DFFFE20000000FFFE200000000664F6
:10C9900010000000000005EFFFFFFFFF8005FFFF14
:10C9A000FFFFFFFF05FFFF91DD19FFF5FFFFFD1101
:10C9B00011DFFFEFFFFFFB00BFFFF5FFFFFD1111D0
:10C9C000DFFF05FFFF91DD19FFF005FFFFFFFFFF10
:10C9D000FF0004EFFFFFFFFF8000178887202DFF77
:10C9E000FFFD2EA0B378FEFA0B378FFFFFFFFFFF8E
:10C9F000FFFFFFFFFFFFFFFFFFFFFFFFFFFFFFFF47
:10CA0000FFFFFFFFFFFFFFFFFFFFFCFFFFFFFC0437
:10CA10004444440000000000000200000000000444
:10CA2000F00069000000DF007FC000000DF08FFF04
:10CA3000DDDDDDFF0BFFFFFFFFFFF00BFC00000063
:10CA400000000AC00000000000000000000000001C
:10CA50000000000000000000000040030000000093
:10CA600000003003030900000E00B00404040005B8
:10CA700016007008090900003F007007070D00FE4E
:10CA80006D00200A0A0900009A004008090A00FF08
:10CA9000C700800202040005CB001004030D01FD55
:10CAA000DF001004030D00FDF300D00405050005B0
:10CAB00000010007070600021501C002030400FE82
:10CAC0001B01A004040200021F01C00203020000B7
:10CAD00022014004060DFFFF49010008080900007B
:10CAE0006D017004040900007F01E00607090000E1
:10CAF0009F01E00607090000BF01000808090000C7
:10CB0000E301E006070900000302600708090000CE
:10CB100027023007070900004702C0070809000084
:10CB20006B026007070900008B02C00203070000C8
:10CB30009602C002030900FEA402000707070001D5
:10CB4000BD02000707050002CF020007070700012A
:10CB5000E802E006070900000803700C0C0C00FD59
:10CB60005003D0080A09FF007D03100908090100DD
:10CB7000A103B00809090000CA03F009090901006E
:10CB8000F3031008070901001304A00707090100B7
:10CB900033044009090900005C04C00908090100C8
:10CBA0008004C00302090100890420060609FF0071
:10CBB000A404A00808090100C8042007070901000F
:10CBC000E804700B0A0901001505C00908090100F5
:10CBD0003905100A0A0900006605B00808090100B5
:10CBE0008A05100A0A0C00FDC605C00808090100E4
:10CBF000EA057007070900000A0610070709000088
:10CC00002A068009080901004E0690080A09FF005B
:10CC10007B06800D0E090000BA0610080809000006
:10CC2000DE06C0070909FF000707E0070809000042
:10CC30002B070004030D01FD3F074004060DFFFF15
:10CC400066070004030D00FD7A07000707060002CF
:10CC50008F070006060100FF920730070402010853
:10CC60009607300707070000AF073008070A0100E2
:10CC7000D207E00607070000EB073008080A0000AB
:10CC800013086007070700002C084004050A00008D
:10CC900045084008080A00FD6D083008070A010031
:10CCA00090086003030A00009F087003050DFEFD55
:10CCB000C0086007070A0100E3086003020A0100D8
:10CCC000ED08B00C0B07010014093008070701003C
:10CCD0002D09A0070807000049093008070A01FDCF
:10CCE0006C093008080A00FD9409F00404070100EB
:10CCF000A209000606070000B709F00405090000B4
:10CD0000CE09200807070100E709B0060807FF0061
:10CD1000030AD00A0B0700002A0AA0060707000032
:10CD2000430AB006080AFFFD6B0A4006060700002A
:10CD3000800A3004040D00FD9A0A9003020D01FDE3
:10CD4000A70A3004040D00FDC10A00070702000411
:10CD5000C80A000505050005D50AC0030303000243
:10CD6000DA0A000C0C0D00FE280B000C0C09000068
:10CD70005E0B000C0C0B00FFA00B000C0C0900005C
:10CD8000D60B400809090000FF0B000C0C0D00FE3B
:10CD90004D0C000C0C0D00FE9B0C800D0E0B00FFCB
:10CDA000E80C000C0C0D00FE360D800D0E09000085
:10CDB000750D000C0C0D00FEC30D0006060A00FFE9
:10CDC000E10D0009090A00FF0E0E800D0E0D00FE98
:10CDD000690E000C0C0900009F0E4008090D00FEB2
:10CDE000DA0E800A080C01FE0A0F800A0B0D00FE05
:10CDF000520F800A0B0B00FF8F0F800A0B0B00FFF6
:10CE0000CC0F800A080C01FEFC0F800A0C0BFFFF00
:10CE10003E108007070B00FF65108007070B00FF1F
:10CE20008C10800A0B0B00FFC910800A0B03000353
:10CE3000DA10800D0E0900001911000F100D00FE10
:10CE40008111800D0F0DFFFEE311000C0C0B00FF94
:10CE50002512800A0B0700014C12800A0B07000103
:10CE60007312000F100AFF00C312000C0C0900001F
:10CE7000F912000C0C0D00FE4713000C0D0DFFFE07
:10CE80009C13800A0B0B00FFD913800A0B0D00FEC8
:10CE90002114800A0B0B00FF5E14800A0B0B00FFAD
:10CEA0009B14000C0C090000D1148007090DFFFE33
:10CEB0000C15800A0B0D00FE5415800A0B0D00FEA8
:10CEC0009C15800D0E090000DB15000C0E0DFFFEF9
:10CED00036160009090D00FE7116000F0F0C00FF39
:10CEE000CB16000F0F0900000F17000F0F090000ED
:10CEF0005317000F0F0900009717000F0F090000CC
:10CF0000DB17000F0F0900001F18000F100B00FFA8
:10CF10007718800A0A0D00FEB818800A0B0D00FE73
:10CF20000019000C0D0DFFFE5519000F0F09000030
:10CF300099190009090D00FED419100C0D09000003
:10CF40000000721F51EF58EF5BEF5CEF5DEF61EF98
:10CF500063EF65EF69EF6CEF71EF76EF77EF78EFE6
:10CF60008EEF93EF98EF9BEF9CEF9DEFA1EFA2EF79
:10CF7000A3EFA4EFB7EFB8EFBEEFC0EFC1EFC4EF80
:10CF8000C7EFC8EFC9EFCBEFE3EFE5EF14F015F013
:10CF900017F019F030F037F03AF043F06CF074F01D
:10CFA000ABF03BF190F191F192F193F194F1D7F163
:10CFB000E3F13DF254F2AAF412F7F2F72000000078
:10CFC0005F000100000000000000000000000200FF
:10CFD000B0000000F3F7600040CF0208000000003E
:10CFE0003E000300000001020003040502060708DA
:10CFF000090A090A0B0C000D0E0F101112130C1464
:10D00000140000001516171819161A1B1C1D1D1EDA
:10D010001F201D1D1621222303241E252526272817
:10D02000292A2B002C002D2E2F303132332D343471
:10D0300035302D2D2E2E36373839333A3A3B3A3C9F
:10D04000290000093D090000000000000000000068
:10D0500000000000000000000000000000000000D0
:10D0600000000000000000000000000000000000C0
:10D0700000000000000000000000000000000000B0
:10D080000000000001020003040502060708090A67
:10D09000090A0B0C0D0E0F10110C121314151500AC
:10D0A000000016171819171919191719191A19192B
:10D0B000191917191719031B1C1D1D1E1F202122CA
:10D0C000230024002526272727002726282926266F
:10D0D0002A2A272A272A2B2C2D2E2E2F2E300000ED
:10D0E00023093109000000000000000000000000DA
:10D0F0000000000000000000000000000000000030
:10D10000000000000000000000000000000000001F
:10D11000000000000000000000000000000000000F
:10D1200000010000000000000001000002000000FB
:10D1300000010000000000000000000000000000EE
:10D1400000000100000000000000000000000000DE
:10D150000001090005FC00000000F5F401090403CA
:10D16000F8010901080206000000000000000000AC
:10D1700000000C02FF0000000000000000000000A2
:10D18000000400FA0000000000FC03040000FE00A0
:10D19000FF0200FE00FEFFFC00000000FE0000FE9B
:10D1A000FD0000FE00FC000000000000000000FE8A
:10D1B000FE00FD00FB00E90000FC0004060000FC8E
:10D1C00002020604FD040000F5000000000000005B
:10D1D00000000000F9000000000000000000000056
:10D1E000000000FBFEF700F8FF0000000000070051
:10D1F000FAFEFF0100FD0000FFF200000000000049
:10D200000000000000F1FE07000000000000000028
:10D2100000000000F8000000000000000000000610
:10D2200000020000FC000000000000000000000000
:10D2300000000000000007020100000000000000E4
:10D2400000000000000000000000000000000000DE
:10D2500000000000000000000000000000000000CE
:10D26000F9000000000000000000000000000000C5
:10D270000000000000000001040206FE000004FEA1
:10D28000FAE601050400FE00070006000600EE00B5
:10D29000FE060006FE0402000001FE0000FD0F0075
:10D2A0000F00060008020306000000F9000000005D
:10D2B00001FF0001FDFEFC0100FE000000F800007F
:10D2C000000000000000000000F40000000000006A
:10D2D00000000000000000000001F500F400000064
:10D2E00000FF0013FEFE0202FE00FE020000F60038
:10D2F00000000000000000000000ED00020000003F
:10D30000000000000000000000F4000C0000F90024
:10D310000600F3EDF3FC060000F30002FC00FD0044
:10D3200000000000000000000000000506E9000009
:10D3300000000000000000000000090001000000E3
:10D3400000000101FEFC00FFFFFE0000FF000000E6
:10D35000FC00FE00FCFC00FBFAFAFC00FC00FC00F8
:10D36000000000FE0000020001FE000100000002BB
:10D37000FF000000FF0202FF000000FC00FF0000B1
:10D38000000000010002FF00FE00FD0000FF00069B
:10D390000000FE0000000000FF01FFFF0000FE0093
:10D3A000FE000000000000000000FFFF00FEFE0085
:10D3B00000000000010000FF00FEFEFE0000000073
:10D3C0000000000000FF00000000FFFE00FD00FA6A
:10D3D000FFFA040000FC02040500FBFFFE00FFF75B
:10D3E00002FF01F602000001F600F6FEEFFF00F674
:10D3F0000004050002000000000000FDFE00FA002D
:10D400000000FE000000FE0000000000FFFF00FF23
:10D41000FE00000000000000FEFE00FFFEFE000017
:10D42000FE0000000000000000000000FEFE00FE04
:10D4300000FF00FC020000FE0102020000000000EC
:10D4400000FF0000000000010000FE00FEFFFE00E3
:10D450000000000000000200FE00000000FEFD00D1
:10D46000FC0006FF01FA000005F6F6F8FC0200FEDB
:10D47000F4FD00FD00FC03FDF400FB000001FF02D1
:10D48000FF000200FAF900F6FBFCFBFAFEFB00FCD1
:10D49000FB01000100FE000000010002000000008E
:10D4A00000000000000000FE00FF00FFFE00FDFC89
:10D4B000FCFF00FA000000000000FE000000000178
:10D4C000FF00000002000000000000000009000052
:10D4D0000000000001000000FE000000000000004D
:10D4E00000000000FD00020000000000000000003D
:10D4F00000000000FF000000FC00000000F6FA0041
:10D500000000FDF60000FE0200FB0000000000002D
:10D5100000000000FD0000FC000000000000000012
:10D52000000000000200FD00000000020001FCFC01
:10D5300000FEFEFE000000000000FA00FE00FDFEFE
:10D5400000FCFBFAFE00FC00FA000000000F0000E7
:10D55000010000FE000200F80000000000EEFD06E1
:10D5600006FEF80002FD00F6FFFE02F3FE020003D5
:10D57000F9FDF9FAF80000F4000B0000FF000000CC
:10D58000FFFFFEFBFA00EE000000000000000000BC
:10D59000010000000000000000000000000000008A
:10D5A00000FE00FFFEFD0000FC00FE000000000089
:10D5B00000000000000000000000FF00FC0000046C
:10D5C000FF0200FC02FFFFFBFE00FEFEFF00FDFD70
:10D5D0000000FEFFFFFDFE0000FE0002FF00FC0059
:10D5E0000000FC00FD00FDFD020000000000000046
:10D5F00000FC0200FD00FFFEFAFFFFFFFFFFFEFF41
:10D600000000000000FEFEFE0000000002FF00FF20
:10D61000000000FFFEFFFEFEFE000208FF00FB0010
:10D62000FF0400FEF8FE030000F7FD02FD0100FF0D
:10D63000FEFA00FD010000FD0000000202FCFC00FB
:10D64000FDFEFDFEFE00FD01FCFD060000000000E9
:10D6500000000000020000000000000000000000C8
:10D66000000000000000000000000000FD000000BD
:10D6700000000000000000000000000000000000AA
:10D68000000000000000000000000000000000009A
:10D690000000000000000000FF000000000000008B
:10D6A000000000000000000000000000000000007A
:10D6B000000000000000FEFE00000000000000006E
:10D6C00000000000FD0000FE0000FEFE0000000063
:10D6D000FE00000000FF0000000000FF000000004E
:10D6E000FD00FC000000FA0001FC0400FFF7000050
:10D6F000FCFE00F8FBFB0000F8FEF8F9F700FB0069
:10D70000020DFE00FCFEFFFEFDFBFDF9F8FCFE0035
:10D7100000FF00010000F3FE0604FCF90001FA001E
:10D72000F6FFFE04EEFE010000F4FEF6FEF200003D
:10D73000F3000B0100FF00000000FFFFF9FF00F401
:10D7400000000000FA00FE00FFFBF70000FFFDFAFA
:10D75000FE00FF00000000F7FEFAFAFEFDFBFEFDF2
:10D7600000FCFEFAFD00FEFCFEFC000100FFFA00DA
:10D770000400FD00000000020001FC0800FEFEFEA7
:10D78000000000000000FA00FE00FDFE00FCFBFAB5
:10D79000FE00FC0208000000000F0000010000FE77
:10D7A0000002000000000000000000000000000077
:10D7B000FFFC0000000000FF000000FEFE0000FC77
:10D7C000FE0000FC0003FF0000000000000100005C
:10D7D0000000030402FE00FAFD0006FAFAFCFC0851
:10D7E0000302EFFF04FE00FE02FEF900FE02FEFE51
:10D7F000FAFE0000060400FB00F5FE06FEF901FE3D
:10D80000FAFAFE080200FD00FB000206FCF9F8FB34
:10D81000060001F2FE02FDFFFC00FCF9FDFDFE002A
:10D8200000FCFCFE000604FEF500F5FD00F9F5FF26
:10D83000FAFDFAFB050000FE00FCFE00FEFD000301
:10D84000FA020000F600FEFCFDFFFAFBFAFC00FA0B
:10D85000FEFCFCFAFE00000109FD00FAFE00FEFCE1
:10D86000FCFBFBF9FEFC0400FD00F6FE0104FAF9E6
:10D87000FCFA06FE01EEFD04FCFDF900FAF8FEFEDE
:10D88000FEFEFCFAFF00000605FFF400F4FC05F9BB
:10D89000F3FCF9F8F6FA0400000000FE000002FEB6
:10D8A0000401FC040000FAFF00FF000101FE00007B
:10D8B00000000000FE0000000002060000FE000064
:10D8C0000000FFFFFE000000010200000000020057
:10D8D000FE000700030101FE00040000000200003A
:10D8E000000000000000000000060005000000002D
:10D8F00000000000000000000000F400FE0300062D
:10D9000000001302FCFC0202FF01F6000009F40013
:10D9100000000000000000000000F3071B000000F2
:10D92000000000000000000000F400000000000003
:10D9300000000000000000000000000000000000E7
:10D9400000000000FD0000FCFE00000000000000E0
:10D95000000000000000000000000000FF00FB00CD
:10D96000000100000219FCFE0605FB020000020295
:10D97000FE0000000000000000000000E7050000BD
:10D98000000000000000000000000000000000FB9C
:10D99000000000FB00000000FCFF000000FC00FE97
:10D9A00000F70000000000000000000000F300008D
:10D9B000000001000000000000FE0000FC00FD006F
:10D9C000FB000000FD02FE0000FBFEFC0000FB006F
:10D9D000FE00F700FE0000F0FCF8FEF90000F30086
:10D9E000FBFF0000000000000000FDFDFEFD000048
:10D9F0000000FC00FC02FE0400FFFCFFFDFC00FE3A
:10DA0000FFFF01FBFF000000EFFEFD00FC00FFF741
:10DA1000FE0000FFFE000000000100FFFDFF03000C
:10DA200000000000000000000000000000000000F6
:10DA300000000000000000000000000000000000E6
:10DA400000000000000000000000020000000000D4
:10DA500000FC00FF000000FC02000000FBFEFC00D8
:10DA600000FB00FE00F700000000ED00FCF9F600EE
:10DA700000F300FFFD0000000000000000FEFDFFBD
:10DA8000FD01000003FE000609FEFEFA0209030480
:10DA9000FB02080206040500000000000000000070
:10DAA00000000C09FDFE00FE0F080F000000020040
:10DAB00000070000FD000000000000000000FF0063
:10DAC000000000000000000300000000F0FEFEF86F
:10DAD000F70000F30000000000000000000000005C
:10DAE0000000000000FD000000000000000000FF3A
:10DAF00000000000000000000300000000F0FEFE37
:10DB0000F8F70000F800000000000000000000002E
:10DB10000000000000000000FE000000FC0200FE0B
:10DB2000020302FA0000FE02000200000000FB00F7
:10DB3000FEFFFC00FEF8000CFE00FCFF00FFFD00F5
:10DB4000FEFBFCFE000000FD0000000000000000E5
:10DB500000FF00000000000000000300000000F0D3
:10DB6000FEFEF8F70000F30000000000000A0000CD
:10DB70000000000000000000FD00FAFEFE06FEFEB0
:10DB8000F801FF01FFFB000400020102FBF8FE00A8
:10DB9000F9FCFBF8F900FDFCFEFEFEFFFEFF00FFB6
:10DBA000FF030003FF00060000000000000000006B
:10DBB000000000FFFEFE0000FB00FF00FD00000073
:10DBC0000000000000000000F40000000000000061
:10DBD00000000000FEFE00FE00000000FE0000FD50
:10DBE000FE0200FDFCFF00FAFFFCFFFE00FD00004E
:10DBF000000000000000000000F300060000FD002F
:10DC0000000000FE00FE0000FF0000FF00FC00001E
:10DC100008FEFAFA01020200FB010301060106FFF9
:10DC2000FB0000F80000FAFB0000FC00FEFD00FD18
:10DC300000FD00FF0300FEFAFE070000FE00FC00EE
:10DC40000002FC0002FE020000FA00FFFF00FE02DC
:10DC5000FE000000F8FEFC00FA0000F70007FE00DE
:10DC6000FD000100FE00FEFA00FE0200000000FFC1
:10DC7000000002FE010000FEFF00FE0000000000A8
:10DC8000000000000000000000000000F40004009C
:10DC900000FE000000000000FEFE00000004000482
:10DCA0000000000000F4F501080603F80108000771
:10DCB000000400000000000000000000000A000056
:10DCC0000000000000000000000000000000000054
:10DCD00020D10208E4CF020882D002083D310000C2
:10DCE00040B0020850CA0208BCCF0208D0DC0208CB
:10DCF000100002288803002069A301088DA20108F2
:10DD00000F00030000FF0100E0DC0208000000003B
:10DD1000000000000EA0D90D90C80C80B70A601159
:10DD20000B80D91F0991F0881F0880F0880000003F
:10DD3000000D203C00000F0069002FFFFFFFF701DE
:10DD40005C11A610006900C300008800D2009FFF8C
:10DD5000FFFFF012C523E22000D203C00000F00450
:10DD6000B0000000700000000E00000000E00000A5
:10DD700019EFEA300CD6E6A702F40E00001F80E08F
:10DD800000006FEF50000016FFE500000E0AF001E2
:10DD900000E05F13F85E6EB005CFFE9100000E004C
:10DDA00000000070000008DD3000A7004B02D00426
:10DDB000C0007700D01D20004B03D0A7000007DC77
:10DDC00034C4CC3000001D2D22D00000A63B00B38F
:10DDD0000005C03A00A3001D200D00D000A60004DD
:10DDE000CC40004DFC300000F718C00001F205D017
:10DDF0000000BB6E4000005FF3000007E6DB03801D
:10DE00002F301DBAA05F0001DF401FB448FEC003E1
:10DE1000BFFC40B200000000001F01F01F00F00036
:10DE20000003F10B900F404F007D009B00AA00AA59
:10DE3000009B007D004F000F400B9003F15E000E31
:10DE40006008C004F001F300F500E600E600F5010B
:10DE5000F304F008C00E605E0000930088A6C209BB
:10DE6000FE404DDDB14293500052000004500000CE
:10DE700008A0000008A0001FFFFFF30339B3300023
:10DE800008A0000008A0000103F61E60E12C0000BD
:10DE90000003FFF90333100003F52E4000000E408D
:10DEA0000004E000009A00000E400004F000009A18
:10DEB00000000E400003F000009A00000E50000326
:10DEC000F000009A00000E500003F00000004CFE2D
:10DED00070004FB68F900DB0005F32F40000E74F36
:10DEE00020000CA4F20000CA2F40000E70DB0005D9
:10DEF000F204FB68F90004CFE700EFFB44CB00AB72
:10DF000000AB00AB00AB00AB00AB00AB00AB07DF7E
:10DF1000EA108E857EC0010006F1000006F00000C8
:10DF20000D900000CC00001CC00001DB00001DE5CE
:10DF300044427FFFFFF97FFFFFF024445F90000021
:10DF4000BC000009E100003FD81000046DD00000C3
:10DF500002F4100002F4BD757DD019DFEA10000054
:10DF60000DA0000000AC00000007E10000004F40E1
:10DF7000100002F600F5001DA000F5007FFFFFFF76
:10DF8000F3133333F730000000F500000000F50014
:10DF900009FFFFF00AB444400C8000000E7000003E
:10DFA0000FFFFC4003345CF2000000F7100000F7A4
:10DFB0008E856CF108DFFB30002AEFD5003FD65785
:10DFC000400CC0000002F40000004F5BFFA104FE03
:10DFD000845DD03F80003F30E80003F206F845DC66
:10DFE0000005DFE9109FFFFFFD9D4444E99C00040C
:10DFF000F200000BB000002F400000AD000001F661
:10E00000000008E000000E8000006F1000019EFE7E
:10E010009100BE636EC00F60006F00CC202BC00269
:10E02000EFFFE200DC424CD05F20001F55F20002FF
:10E03000F50ED535DE001AEFEA1003BFEA202FA453
:10E040004BE18E0000E99D0000DD4F7129FF07FFC5
:10E05000FC9E000210AC000002F607658FB00AEFCC
:10E06000D7002E53F50000000000003F52E42E536D
:10E07000F50000000000002E52F60D21D001000036
:10E0800000003100006CF2018ED6000FC300000AC0
:10E09000FB40000017EE70000005C3000000001FE9
:10E0A000FFFFF30333333000000000000000001FC7
:10E0B000FFFFF303333330040000000ED7100000DD
:10E0C0005CF92000002AF20003AFB106DE82001CDA
:10E0D0006000000000000007DFEA109E746EC001BF
:10E0E0000006F0000009C000008E200006F20000CB
:10E0F00008700000000000000B8000000C90000081
:10E10000006CEFDA4000003DA41016D90001E509CB
:10E11000EE98CA900A80BD43AFC0D30F13F2000C33
:10E12000C0693C06D00007C03B4B06D00007C02C9E
:10E130003C03F2000CC04A0F10BD439EE3C50A80A9
:10E1400009EE91CF9001E50000000000003DA41011
:10E1500028000000007CEFD9100000000CF1000046
:10E1600000003FD700000000B96E00000002F20E70
:10E1700050000009A007D000001F3000F400007F0D
:10E18000FFFFFB0000E733334F2005F000000C9049
:10E190000C90000006F18FFFFEC408E3334BF28EB3
:10E1A00000001F58E00018F18FFFFFF808E3333735
:10E1B000F68E000009C8E000009D8E33347F78FFA2
:10E1C000FFFD700007CFFB4000CF966AF50AE20022
:10E1D00000301F600000004F200000004F200000B2
:10E1E000001F600000000AE200003001CF966AF5CF
:10E1F0000007DFFB408FFFFEA4008E4446CF708EE9
:10E20000000007F38E000000DA8E0000009D8E00F3
:10E2100000009D8E000000DA8E000007F38E444659
:10E22000BF708FFFFEA4008FFFFFF68E4444418E27
:10E230000000008E0000008FFFFFC08E3333208E61
:10E240000000008E0000008E4444428FFFFFF98FD3
:10E25000FFFFF68E4444418E0000008E0000008EC9
:10E260000000008FFFFFC08E3333208E0000008E31
:10E270000000008E0000000007CFFC5000CF966A1F
:10E28000F60AE20000201F600000004F200000009E
:10E290004F200000B91F600000B90AE30000B90078
:10E2A000CF966AF80007DFFC608E000008E8E00007
:10E2B000008E8E000008E8E000008E8FFFFFFFE870
:10E2C000E333339E8E000008E8E000008E8E0000ED
:10E2D00008E8E000008E8E8E8E8E8E8E8E8E8E8E54
:10E2E00002FFFFC00444BC000009C000009C000005
:10E2F00009C000009C000009C02000BA0EB58F6064
:10E300003CFE808E00004F508E0004F6008E003FD1
:10E3100070008E03F800008E2EC000008EECF60018
:10E32000008FB07F30008E000AE1008E0000CC002C
:10E330008E00001EA08E0000008E0000008E0000E7
:10E34000008E0000008E0000008E0000008E000095
:10E35000008E0000008E4444408FFFFFF28E0000CC
:10E360000008E8F7000002FE8FF10000BFE8DCA023
:10E37000004F9E8D2F300D87E8D09C06E07E8D01EA
:10E38000E7E507E8D006FC007E8D000A2007E8D00C
:10E390000000007E8E100008E8FC00008E8FF9005F
:10E3A00008E8E6F6008E8E09F308E8E00CE18E8EB0
:10E3B000001EB8E8E0003FEE8E00006FE8E00000CD
:10E3C000AE0007CFEB500000CF966BF9000AE200D9
:10E3D000005F601F6000000AD04F20000006F04F71
:10E3E00020000006F01F6000000AD00AE200005F73
:10E3F0006000CF966BFA000007DFEB50008FFFFD47
:10E400007008E4458FB08E00005F38E00001F58EA3
:10E4100000003F48E0014DD08FFFFFB208E333100A
:10E42000008E00000008E00000000007CFEB500065
:10E4300000CF966BF9000AE200005F601F600000E9
:10E440000AD04F20000006F04F20000005F01F60AA
:10E4500000000AD00AE200005F6001DF855AFA007E
:10E460000008DFFC5000000001EC21940000001BBC
:10E47000FFC10000000012008FFFFD7008E4458F0F
:10E48000B08E00005F38E00001F58E00003F38E0FC
:10E49000014DD08FFFFFC208E333DA008E0002F691
:10E4A00008E00005F3019EFDA200CE646B702F40D2
:10E4B000000001F800000006FD950000016AEE5022
:10E4C0000000009F00200005F13FA547EB004BEF47
:10E4D000E910FFFFFFFF2444BD44400009C00000D5
:10E4E000009C00000009C00000009C00000009C062
:10E4F0000000009C00000009C00000009C00009C7F
:10E5000000000BA9C00000BA9C00000BA9C00000CD
:10E51000BA9C00000BA9C00000BA8E00000D94F454
:10E520000003F50CF868FD0009EFE9100CB00000DD
:10E530000AC05F200001F500E900008E0008F0002D
:10E540000E70001F6005F10000AD00C9000003F46B
:10E550003F3000000CBAC00000005FF50000000072
:10E56000EE00006F10000DB00002F21F60003FF1DE
:10E570000008D00BB0008BE6000D7006F000E69BA3
:10E58000002F2001F503F14F108D0000CA09B00ED5
:10E5900060D800006F0E6009B2F300001F9F1004E6
:10E5A000F9D000000CFB0000EF80000007F600002F
:10E5B0009F30003F50000DA008F2009D0000CC04E9
:10E5C000F300002F9E70000006FC00000009FE1002
:10E5D00000004F4DB00001E802F7000BD0007F2093
:10E5E0007F20000BD00CB000009C002F50002F307B
:10E5F000009E000C900000E805F1000005F3E60025
:10E6000000000CFD000000003F4000000002F3008D
:10E610000000002F3000000002F300004FFFFFFF5A
:10E620009144444AF3000003F6000001EA000000B0
:10E63000CC0000009E1000006F4000003F70000002
:10E640001ED4444436FFFFFFFC8FF68D318D008DC4
:10E65000008D008D008D008D008D008D008D008D52
:10E66000008D318FF65D000000F200000B8000008D
:10E670006D000001F200000B8000006D000001F24F
:10E6800000000B7000006D000001F200000B700034
:10E69000006D000001F2BFF325F302F302F302F371
:10E6A00002F302F302F302F302F302F302F325F39F
:10E6B000BFF300AD00001EC4000885A000E20E10EC
:10E6C0005B00970B5002E0EEEEEEE00BC00009B0ED
:10E6D00004CFEA100B745DB0000004F004CEEEF23B
:10E6E0001F8214F24F1004F21F703DF204DFD7F2C4
:10E6F000BA000000BA000000BA000000BA8EFC3078
:10E70000BFD54BF3BE1000CABA00007EBA00007E2F
:10E71000BE1000CABFD55BF3B98EFC30007DFD6032
:10E7200009F748F42F5000205F0000005F00000050
:10E730002F50002009F748F4007DFD600000001F05
:10E7400040000001F40000001F4008EFC4F40AF785
:10E7500048FF42F50007F45F00002F45F00001F488
:10E760002F50006F40AE637EF4008EFC4F40008E51
:10E77000FC400AD538F42F20008C5FEEEEFF5F21BD
:10E7800011112F70001009F846E4007DFE80009EF4
:10E79000E305F44108C000CFFFF029D32008D000E2
:10E7A00008D00008D00008D00008D00008D0000031
:10E7B0007EFC4E60AF747FF62F50005F65F0000066
:10E7C000F65F00000F62F60006F609F747FF5007F4
:10E7D000EFC4F50000003F20CB646EB003AEFD80B7
:10E7E00000BA000000BA000000BA000000BA8EFBB8
:10E7F00020BFC56DD0BE0003F2BA0000F4BA00001D
:10E80000F5BA0000F5BA0000F5BA0000F5BAA800A4
:10E81000BABABABABABABABA000AB00099000000D5
:10E8200000AB000AB000AB000AB000AB000AB000B9
:10E83000AB000AB000AA064E71DFA0BA000000BA11
:10E84000000000BA000000BA001CC0BA01CC00BA37
:10E850001CD100BBCF6000BFDBE100BD11DC00BA02
:10E86000003F70BA0007F3BABABABABABABABABABB
:10E87000BABAB99EFA15DFD40BFB45EDE64AF2BEF3
:10E880000006F6000E7BA0004F2000C9BA0003F17D
:10E89000000C9BA0003F1000C9BA0003F1000C9BC4
:10E8A000A0003F1000C9B99EFB20BFB45DD0BE00E0
:10E8B00003F2BA0000F4BA0000F5BA0000F5BA009D
:10E8C00000F5BA0000F5007DFD60009F748F702F89
:10E8D00050007F05F00001F35F00002F32F50007C4
:10E8E000F009F748F70007DFD600B98EFC30BFC447
:10E8F0003AF3BE1000CABA00007EBA00007EBE1015
:10E9000000CABFD55BF3BA7EFC30BA000000BA0083
:10E910000000BA000000008EFC3F40AF748EF42F60
:10E9200050007F45F00001F45F00002F42F5000722
:10E93000F40AF748FF4008EFC4F40000001F40004D
:10E940000001F40000001F40B98E4BFD71BE100B9A
:10E95000B000BA000BA000BA000BA00005DFEA135C
:10E96000F735A06F000001EE9610016AEF3000004D
:10E97000D96C646F62AEFD7008D00008D000CFFF84
:10E98000F029D32008D00008D00008D00008D0001B
:10E9900005F551009FE3C80002F3C80002F3C80068
:10E9A00002F3C80002F3C90003F3AB0007F35F836F
:10E9B0007EF306DFC5F30D90000AA06E0001F300A0
:10E9C000F5007D0009C00E60003F24F00000C8B9CA
:10E9D000000006FF3000000FC000C80006F1000D67
:10E9E00056D000CF6003F01F302F9C009A00B8076C
:10E9F000B2F10E4005E0D60C74E0000F6F007C9978
:10EA00000000AFA001FF400005F4000BE0004F3014
:10EA100007E109D02F4000D9D900003FD000004FB6
:10EA2000E10001E7BB000BB01E707E1005F30D90F6
:10EA3000000AA06F0001F300F6007D0009C00D6020
:10EA4000002F34F00000C9A9000005FF2000000ECF
:10EA5000C0000000E5000094AD00001BFC20000099
:10EA60005FFFFFA13337F40001E70000CB00008E09
:10EA700010004F40001EA33326FFFFFC006EA00FC6
:10EA80009201F4001F4001F4003F303FC0006F309E
:10EA900001F4001F4001F4001F4000FA2005EA8B3A
:10EAA0008B8B8B8B8B8B8B8B8B8B8B8B8BBE500247
:10EAB000AE0005F0005F0005F0004F1000DF104FC2
:10EAC0005005F0005F0005F0005F002AE00BE40055
:10EAD00007EC40B41E25DFC00100000004CC302B41
:10EAE00001C05700932B01C005CC3006A10FF60BD7
:10EAF000E2000000000000000000000000027BFBBC
:10EB0000000000049DFFFFD00003AFFFFFFFFD00EA
:10EB100000AFFFFFFFDFD0000AFFFFB610ED0000DF
:10EB2000AF9400000ED0000AF1000000ED0000AF2D
:10EB30001000000ED0000AF1000045FD0000AF10EB
:10EB400001EFFFD0179DF1005FFFFC0EFFFF1000EB
:10EB5000AFFD31FFFFE00000010003BDA300000096
:10EB6000000050188888888405FABFDDDDDDFDAF20
:10EB7000E47F100000CA4EE04F100000C80EFEEF08
:10EB8000100000CFEFE03FEEEEEEF80EF68F766667
:10EB900066EB6FF8AF100000CC8FE03F100000C8AC
:10EBA0000EFCDF655555EECFC25FFFFFFFF92C5716
:10EBB000750577777775FFFF1FFFFFFFFFFFFF2FBB
:10EBC000FFFFFFFFEFFF0EFFFFFFFE01100011111F
:10EBD0001110EFFE0EFFFFFFFEFFFF2FFFFFFFFFF5
:10EBE000FFFF1FFFFFFFFF68870788888886688709
:10EBF0000788888886FFFF1FFFFFFFFFFFFF2FFFAB
:10EC0000FFFFFFDFFD0DFFFFFFFD00000000000123
:10EC10005000000000001DF80000000001DFFD00B2
:10EC20000000001DFFE22D600001DFFE20DFF70085
:10EC30001DFFE2008FFF71DFFE200008FFFEFFE2F4
:10EC40000000008FFFFE2000000008FFE20000002F
:10EC500000007D2000000000000000007F60000B2D
:10EC6000E2EFF600BFF84FFF6BFFD104FFFFFD108E
:10EC7000005FFFE10000BFFFF6000BFFDFFF60BF9A
:10EC8000FD14FFF5CFD1004FF61710000360000010
:10EC90000011000000000000FF000000006F21FFD5
:10ECA00012F70006FF61FF16FF601FF901FF109FBA
:10ECB000F16FE001FF100EF6AF8001FF1008FACFF0
:10ECC0006001FF1006FCAF8000AA0008FB7FD000A7
:10ECD00000000DF71FF80000008FF107FF91002AD8
:10ECE000FF70009FFFEEFFF9000005CFFFFD500011
:10ECF00000000244200000000000000000000000AE
:10ED00000AFFA0000000000CFFC0000003D6DFFFD8
:10ED1000FD6D300EFFFFFFFFFFE05FFFFFAAFFFF6B
:10ED2000F51AFFF4004FFFA103FFD0000DFF3004E0
:10ED3000FFF0000FFF404FFFFB22BFFFF42FFFFF4C
:10ED4000FFFFFFF209FEFFFFFFEF9000505EFFE5BF
:10ED5000050000000CFFC000000000047740000028
:10ED600000000003100341000000009FF50DF500B6
:10ED700000001BFDFF8DF5000002DFB12DFFF50047
:10ED8000004FF83EC2BFF50007FF55FFFE39FE40B9
:10ED90009FE38FFFFFF56FF6AC2AFFFFFFFF73E6DF
:10EDA000005FFFFFFFFFF100006FFFD77FFFF20062
:10EDB000006FFF900DFFF200006FFF900DFFF2005B
:10EDC000004FFF700BFFE100000000330000000067
:10EDD000000BFFB0000000000CFFC0000000000CA2
:10EDE000FFC0000000000CFFC0000000000CFFC0CE
:10EDF0000000008FFFFFFFF800002EFFFFFFE20082
:10EE00000002EFFFFE200000002DFFE200007999D4
:10EE100082DE289997FFFFFB22BFFFFFFFFFFFFF66
:10EE2000FFFFFFFFFFFFFFFAB3CFACCCCCCCCCCCC5
:10EE3000CA0006BBBBBBBA3000004FFFFFFFFFE1BB
:10EE40000000EF30000006FB0009F800000000CFD2
:10EE5000504FD0000000002FE1DF84420000344B0F
:10EE6000F9FFFFFD0001FFFFFBFFFFFF988BFFFF96
:10EE7000FCFFFFFFFFFFFFFFFCFFFFFFFFFFFFFFA8
:10EE8000FB9FFFFFFFFFFFFFF600000000000033C5
:10EE900000018DFFC600EF004EFFFFFFE4DF04FF1F
:10EEA000B3004CFFFF0EF90000008FFF6FC00001A0
:10EEB000FFFFFF8E500001DEEEED000000000000BD
:10EEC0000022222200000021FFFFFF100008F8FFAF
:10EED000FBBC10001EF4FFFC100001DFC0FEEFE8D9
:10EEE000448EFE10FE1AFFFFFFC100FD0028BB94F8
:10EEF0000000000002700002EF0002EFFDFFFFFFC4
:10EF0000FFFFFFFFFFFFFFFFFFFFFFFFFFFF344794
:10EF1000FFF00005FF000005C000000000000270C7
:10EF200000000002EF00000002EFF0000DFFFFFF05
:10EF30000220FFFFFFF08E1FFFFFFF00E7FFFFFF34
:10EF4000F03F5FFFFFFF08903447FFF0000000052F
:10EF5000FF0000000005C0000000000000000000ED
:10EF6000000000077000000002700005FA000000B9
:10EF70002EF000814F600002EFF001DD07F0DFFFAF
:10EF8000FFF0321E80F6FFFFFFF08E27E0B9FFFF93
:10EF9000FFF00E73F19BFFFFFFF03F54F09AFFFF6D
:10EFA000FFF0890AC0D83447FFF0007F43F3000028
:10EFB0005FF002F60CB0000005C00000BF100000BA
:10EFC00000000009E3000000000000021000378884
:10EFD0008888888873EFFFFFFFFFFFFEFE32DFFFA8
:10EFE000FFFFFFF9007FFFFDFFFFFD10CFFFA07FB8
:10EFF000FFFFFFFFFA0007FFFFF35FA00000CFFF56
:10F000003003000000CFFC0000000000CFFFCCCC9C
:10F01000CCCCCCFFAFFFFFFFFFFFF90000200000CA
:10F020000001FA00000006FF1000000DFF70000054
:10F030006FFFF10001EFFFFA000BFFFFFF605FFFC2
:10F04000FFFFE0CFFFFFFFF6FEBFFFFFF9FD4FFF21
:10F05000FFF9BF49FFFFF53FE52EFFD006FFFFFD9B
:10F06000200028BA600004300000311FE00006F9DB
:10F070001FE0007FFA1FE009FFFA1FE0AFFFFA1F51
:10F08000EBFFFFFA1FFFFFFFFA1FFFFFFFFA1FE66C
:10F09000FFFFFA1FE05FFFFA1FE004FFFA1FE00026
:10F0A0003EFA0FD00002D70000000000020000006E
:10F0B00000000CFB2000000000FFFF900000000F8C
:10F0C000FFFFE6000000FFFFFFFC30000FFFFFFF27
:10F0D000FF9100FFFFFFFFFFE60FFFFFFFFFFFF2C3
:10F0E000FFFFFFFFFFFD0FFFFFFFFFF800FFFFFF28
:10F0F000FFB2000FFFFFFD400000FFFFF700000020
:10F100000FFFA1000000006A40000000000014444E
:10F11000200144420DFFFF10DFFFF1FFFFF30FFF5F
:10F12000FF3FFFFF40FFFFF4FFFFF40FFFFF4FFF24
:10F13000FF40FFFFF4FFFFF40FFFFF4FFFFF40FF13
:10F14000FFF4FFFFF40FFFFF4FFFFF40FFFFF4FF4F
:10F15000FFF40FFFFF4FFFFF30FFFFF39FFFC009DA
:10F16000FFFC001444444444420DFFFFFFFFFFF145
:10F17000FFFFFFFFFFFF3FFFFFFFFFFFF4FFFFFF6A
:10F18000FFFFFF4FFFFFFFFFFFF4FFFFFFFFFFFF4A
:10F190004FFFFFFFFFFFF4FFFFFFFFFFFF4FFFFFEA
:10F1A000FFFFFFF4FFFFFFFFFFFF4FFFFFFFFFFF2A
:10F1B000F39FFFFFFFFFFC0002100000420FE20080
:10F1C00003FB0FFE3004FB0FFFF404FB0FFFFF54A3
:10F1D000FB0FFFFFFAFB0FFFFFFFFB0FFFFFFFFB24
:10F1E0000FFFFFD6FB0FFFFD14FB0FFFC104FB0F4A
:10F1F000FB0004FB0CA00003FA000000000000006C
:10F200000012000000000003FF60000000002EFF5D
:10F21000F500000001EFFFFF4000001DFFFFFFF3BE
:10F220000000CFFFFFFFFE200AFFFFFFFFFFE00E01
:10F23000FFFFFFFFFFF2039999999999500588887C
:10F24000888888700FFFFFFFFFFFF30FFFFFFFFFAE
:10F25000FFF40BFFFFFFFFFFD100000000000000E4
:10F260003F9000003FFC00003FFD10003FFD1000FC
:10F270003FFD10001FFD100000CFF4000000CFF490
:10F28000000000CFF4000000CFF4000000CFE00049
:10F290000000A4000000000000CD1000001FFD10C1
:10F2A00000003FFD1000003FFD1000003FFD10007A
:10F2B000003FFD000008FF900008FF900008FF904D
:10F2C0000008FF900002FF9000000780000000008F
:10F2D0000004500000000002FF60000000003FF743
:10F2E0000000000003FF70000000003FF700000670
:10F2F000999AFFC99980FFFFFFFFFFFF3DFFFFFFC6
:10F30000FFFFF201113FF71110000003FF70000032
:10F3100000003FF70000000003FF70000000000C39
:10F32000D30000006999999999980FFFFFFFFFFF9B
:10F33000F3DFFFFFFFFFFF200000000000000000E0
:10F340000156640000000003BFFEEFF91000007FCB
:10F35000FA1003DFE40008FFA009B41EFF504FFFBE
:10F36000200BFF26FFE1EFFF09CFFF63FFFABFFF8E
:10F3700009FFFF54FFF61EFF51DFFB09FFB003EF4B
:10F38000E204305FFC10002CFF956AFF9000000043
:10F3900049DFFD920000000000000000000000CDE9
:10F3A00020000000000000008FF5001466400000FF
:10F3B0000004EFACFFEFFF910000001CFFA1004D27
:10F3C000FE300000009FF5AB31EFF40007B105FF00
:10F3D000FFE17FFE100FFE302DFFF54FFF900CFF79
:10F3E000E000AFF65FFF6002FFF40006FFEFFB00F6
:10F3F000004FFD10003EFFC0000002DFE85401BFD7
:10F40000E300000005AEFF6007FF600000000000A1
:10F4100000004EF60000000000000001A100000006
:10F420000000000000000000003ED00000000000CE
:10F43000000CFF80000000000006FFFF200000001D
:10F440000000EFFFFB00000000008FFCCFF4000085
:10F4500000002FFB00FFD00000000BFFC00FFF706B
:10F46000000004FFFD01FFFF100000DFFFE02FFFA1
:10F47000FA00007FFFFF9BFFFFF3001FFFFFB00EAE
:10F48000FFFFC00AFFFFFE24FFFFFF60FFFFFFFF3B
:10F49000FFFFFFFA06CCCCCCCCCCCCCB30000000AC
:10F4A0000000360000000000007F80DDDB00008DE2
:10F4B000EFF8FFFFB007FFFFFD556FF46FF8AFE205
:10F4C000000574FF907E2000003FFA00000000025B
:10F4D000EFB2504A00012EFD1DF48FB0FFFFD10B9B
:10F4E000FFFFFBFFFE2000CFFFFB12210000029F69
:10F4F000C000000000005B00000007A0000000004A
:10F5000008FFB000000008FFFFB0000008FF95FFF3
:10F51000B00008FF9005FFB007FF900005FFB09F07
:10F5200090000005FD004000000003104C2000008A
:10F5300000B60BFE200000CFF02EFE2000CFF4001E
:10F540002EFE20CFF400002EFECFF40000002EFF90
:10F55000F4000000002EF400000000001300000082
:10F5600000083000000000000000BFF308BBBBBB78
:10F5700090000BFFFF39FFFFFFF1008FCFCFF000AE
:10F58000000AF100382F948000000AF100002F904B
:10F590000000000AF100002F900000030AF1300083
:10F5A0002F9000001FCBF8F8002FEBBBBB39FFFFFB
:10F5B000E2001FFFFFFFB09FFD20000000000000E1
:10F5C00008D10037888700000000EFFFFFA000008F
:10F5D00000FFFFFFFDCCCCB6FFFFFFFFFFFFFFFFEB
:10F5E000FFFFFFFFFFFFFFFFFFFFFFFFFFFFFFFF2B
:10F5F000FFFFFFFFFFFFFFFFFFFFFFFFFFFFFFFF1B
:10F60000FFFFFFFFFFFFFFFFFFAFFFFFFFFFFFF960
:10F6100000000000000000000001DD1000000000FC
:10F620001DFFD100000001DFFFFD1000001DFFFFE6
:10F63000FFD100009FFFFFFFF90000011CFFC11078
:10F640000000000CFFC0000000000CFFC000000024
:10F65000000CFFC0000079993BFFB39997FFFFB200
:10F66000442BFFFFFFFFFEDDEFFFFFFFFFFFFFFA71
:10F67000B3CFACCCCCCCCCCCCA0000000000020094
:10F68000000000000004FFC70000000000AFFFF012
:10F69000000000001FFFFD0000000006FFFFC0008B
:10F6A00000000008FFF700000000000CFF30000021
:10F6B000000004FFC00000000001EFF300004A302A
:10F6C00002DFF80005DFFE15EFFB0000EFFFFFFF94
:10F6D000FA00000BFFFFFFF70000007FFFFFA20012
:10F6E000000002BA8500000000000486000000103F
:10F6F00006FFFA0002DFD1EF3CF101DFFA0EE0AFC6
:10F7000021DFFA009FEFF6DFFA00008DFFFFFB001C
:10F71000000006FFFD00000048EFFFF600006FFF4D
:10F72000FBFFF6000EF3CF23FFF600EE0AF204FF14
:10F73000F609FEFC0004FFF108DA10000262000086
:10F74000000000000000006FFFF987000008FFFFC5
:10F7500098F708A68FFFF95990FFA8FFFFFCCC0F80
:10F76000FA8FFFFFFFF1FFA8FFFFFFFF1FFA8FFFD8
:10F77000FFFFF1FFA8FFFFFFFF1FFA8FFFFFFFF161
:10F78000FFA8FFFFFFFF1FFA7FFFFFFFF0FFE3125D
:10F790002222210FFFFFFFF90000ACCCCCCB5000A0
:10F7A000004999999995000EFFFFFFFFF600FD2291
:10F7B00022224FF60FC0000001FFF3FC0000001FE3
:10F7C000FF6FC0000002FFF6FFFFFFFFFFFF6FFFAC
:10F7D000FFDCFFFFF6FFFFB005FFFF6FFFF6000F36
:10F7E000FFF6FFFFC006FFFF6FFFFFEDFFFFF69F75
:10F7F000FFFFFFFFFD10CDDDDDDDDDDD2FFFFFFFB6
:10F80000FFFFF3122222222222000000000000004B
:10F810000000000000000FFFFFFFFFFFF3DEEEEE31
:10F82000EEEEEE20000000000000000000000000EE
:10F830000DEEEEEEEEEEE2FFFFFFFFFFFF30000009
:10F840000000000037888888888873EFFFFFFFFF7B
:10F85000FFFEEFFFFFFFFFFFFE1CFFFFFFFFFFC1EB
:10F86000D28FFFFFFFF82DFF64EFFFFE45FFFFFA89
:10F870002BFFB2AFFFFFFFD3553DFFFFFFFFFFBBE5
:10F88000FFFFFFFFFFFFFFFFFFFFAFFFFFFFFFFFD8
:10F89000F9000000000001FFFFF00004FFFFD000AE
:10F8A00006FFFF800008FFFF30000AFFFFAAA60C3A
:10F8B000FFFFFFF80EFFFFFFE10BDDDFFF60000041
:10F8C0004FFD0000007FF3000000BFA0000000FF1C
:10F8D00010000003F800000003C00000000020003A
:10F8E00000000455EFB5520000FFFD1FFFB0000FF0
:10F8F000FFFFFFFC0000FFFF533320000FFF97FFC7
:10F90000FB5700FFF8AFFFC6F80FFF8AFFFC4AA1C4
:10F91000FFF8AFFFE3220FFF8AFFFFFFF4FFF8AF0E
:10F92000FFFFFF4FFF8AFFFFFFF43552AFFFFFFFDE
:10F9300040000AFFFFFFF400007FFFFFFE200000F1
:10F9400001100000000000AF00000000018FFA303D
:10F95000000002EFFFFF500000BFFFFFFF10001F7D
:10F96000FFFFFFF50003FFFFFFFF70005FFFFFFFDA
:10F97000F90008FFFFFFFFC000DFFFFFFFFF209F30
:10F98000FFFFFFFFFD0EFFFFFFFFFFF2022222221B
:10F990002221000008FFC00000000009A2000000B2
:10F9A0005BBBBBBBBBBBBBA3FFFFFFFFFFFFFFFB03
:10F9B000FC0C30E11D0D11FCFC0B30E01D0D10FCAA
:10F9C000FFFEFFEFFEFEEFFCFFF15A0870A05FFCA8
:10F9D000FFF37B2992C27FFCFFBFCBBBBBBFCBFC3D
:10F9E000FC0B2000000D00FCFFCFCCCCCCCFCCFB1F
:10F9F0009FFFFFFFFFFFFFF6000000000000020076
:10FA0000000000000005DFB00000000007EFFFD09D
:10FA100000000018FFFFFF70000029FFFFFFFF003C
:10FA2000003BFFFFFFFFF8000AFFFFFFFFFFF100B1
:10FA30000FFFFFFFFFFFA000049AAAAFFFFF200007
:10FA40000000000EFFFB00000000000EFFF40000AD
:10FA50000000000EFFC000000000000EFF5000007C
:10FA60000000000DFD00000000000004B3000000D5
:10FA700035555502000FFFFFF2F400FFFFFF2FF492
:10FA80000FFFFFF2FFF3FFFFFF32221FFFFFFFFF19
:10FA9000F7FFFFFFFFFF8FFFFFFFFFF8FFFFFFFFF5
:10FAA000FF8FFFFFFFFFF8FFFFFFFFFF8FFFFFFF4D
:10FAB000FFF8FFFFFFFFFF8FFFFFFFFFF88AAAAAF3
:10FAC000AAAA300000002455310000000003AFFF57
:10FAD000FFFFC7000002BFFFFEDEFFFFF6005FFF73
:10FAE000B51000038EFFB0DFD300000000008FF5DB
:10FAF000180005AEFEC81004600002DFFFFFFFF82B
:10FB00000000000CFF95347DFF40000002A20000C1
:10FB100000770000000000029600000000000000D6
:10FB20000DFF500000000000000EFF60000000000C
:10FB3000000005DA000000005BBBBBBBBBBBBBBA6F
:10FB400020FFFFFFFFFFFFFFFF90FC122222222277
:10FB5000220FF7FC5FFFFFFFFFFF2CFAFC5FFFFFA8
:10FB6000FFFFFF21FAFC5FFFFFFFFFFF27FAFC26E4
:10FB700066666666661FFAFEBBBBBBBBBBBBBFB19E
:10FB8000AFFFFFFFFFFFFFFF50000000000000007D
:10FB900000005BBBBBBBBBBBBBBA20FFFFFFFFFFD3
:10FBA000FFFFFF90FC1222222221000FF7FC5FFFD3
:10FBB000FFFFF8000CFAFC5FFFFFFFF80001FAFC02
:10FBC0005FFFFFFFF80007FAFC2666666663000F1A
:10FBD000FAFEBBBBBBBBBBBBBFB1AFFFFFFFFFFFB1
:10FBE000FFFF500000000000000000005BBBBBBB3B
:10FBF000BBBBBBBA20FFFFFFFFFFFFFFFF90FC1264
:10FC000022221000000FF7FC5FFFFFD000000CFA6B
:10FC1000FC5FFFFFD0000001FAFC5FFFFFD0000097
:10FC200007FAFC2666665000000FFAFEBBBBBBBBA2
:10FC3000BBBBBFB1AFFFFFFFFFFFFFFF50000000E6
:10FC40000000000000005BBBBBBBBBBBBBBA20FF1E
:10FC5000FFFFFFFFFFFFFF90FC1222000000000FDC
:10FC6000F7FC5FFF300000000CFAFC5FFF30000083
:10FC70000001FAFC5FFF3000000007FAFC26661066
:10FC80000000000FFAFEBBBBBBBBBBBBBFB1AFFFED
:10FC9000FFFFFFFFFFFF500000000000000000001A
:10FCA0005BBBBBBBBBBBBBBA20FFFFFFFFFFFFFFC4
:10FCB000FF90FC0000000000000FF7FC00000000B7
:10FCC00000000CFAFC00000000000001FAFC00003B
:10FCD0000000000007FAFC0000000000000FFAFE20
:10FCE000BBBBBBBBBBBBBFB1AFFFFFFFFFFFFFFF9A
:10FCF000500000000000000000000000000007B2FB
:10FD00000000000000000ADFFA000000000000A967
:10FD10003DF5000000044002E00010000000AFF8D4
:10FD20000B600000006C30FFFFFFFFFFFFFFFFF4E0
:10FD3000AFF9000C5000006D4005500004C00000F9
:10FD4000100000000000C43EE80000000000002E8B
:10FD5000EFFA000000000000004FFA000000000071
:10FD60000000000000000000011000000007EFFF8D
:10FD7000B30000AFFD8FFF2004FFFD09FFB00AFEB6
:10FD8000FD12AFF00EF55D2C0EF30FFF33129FF551
:10FD90000FFFF307FFF60FFFE206FFF60FFE241337
:10FDA0007FF50DF57D2C0DF30AFFFD11BFF003FF6C
:10FDB000FE0BFFA0007FFEBFFE100003ACDC810045
:10FDC00000003443000005667FFFF96650FFFFFF27
:10FDD000FFFFFF356666666666501CCCCCCCCCC493
:10FDE00002FFFFFFFFFF602FF3FB7F6DF602FF2F87
:10FDF000B7F5DF602FF2FB7F5DF602FF2FB7F5DF6F
:10FE0000602FF2FB7F5DF602FF2FB7F5DF602FF367
:10FE1000FB7F6DF601FFFFFFFFFF5007BCCCCCCC92
:10FE2000900000000000000120000000000004FF1E
:10FE3000500000000002FFFF500000000439FFFEE8
:10FE400000000004FF39FFA0000004FFFF39B000EC
:10FE50000004FFFFFF20000004FFFFFFB0000004CC
:10FE6000FFFFFFB0000004FFFFFFB0000004FFFF32
:10FE7000FFB0000000BFFFFFB00000000DFFFFB0AB
:10FE800000000000FFFFB00000000009A8600000B3
:10FE90000000000000178888888887400002EFFF74
:10FEA000FFFFFFFFF4003EFFFFCFFFCFFFF703EFA1
:10FEB000FFF908F809FFF83EFFFFFE20402EFFF88B
:10FEC000DFFFFFFFE101EFFFF89FFFFFFF80008FE3
:10FED000FFF809FFFFF902C209FFF8009FFFFE4E7D
:10FEE000FE4EFFF80009FFFFFFFFFFFFF700008F46
:10FEF000FFFFFFFFFFC100000000000003EFFFFF56
:10FF0000E203FBFBCEBFA4FF1D03A1FAFFF1D03A31
:10FF10001FAFFFFFFFFFFAFFFFFFFFFFAFFFFFFF76
:10FF2000FFFAFFFFFFFFFFAFFFFFFFFFFAFFFFFF3B
:10FF3000FFFFAFFFFFFFFFFAFFFFFFFFFFADFFFF78
:10FF4000FFFFF829AAAAAAA80000000000000003E9
:10FF500000000000000004F1000820000001FF1074
:10FF60000BF70000002FF10CFF94444445FF1BFFEA
:10FF7000FFFFFFFFFFF18FFFFFFFFFFFFD007FF798
:10FF80000000000000006F60000000000000300072
:10FF90000000000000000000000000000000C0039E
:10FFA000000000000000C003030A00000F008005ED
:10FFB000050500051C00D0090A0A00004E00B00823
:10FFC000090F00FE9200D00B0C0A0000CE00A00921
:10FFD0000A0B00FF0501F002030500050D01B00446
:10FFE000040E01FD2901C004040E00FD4501A00519
:10FFF00006060005570120080807000273013003B8
:020000040803EF
:10000000030500FE7B016005050300038301300347
:10001000030300008801F004070EFFFFB901500937
:10002000090A0000E6013005040A0000FA01100880
:10003000080A000022020008080A00004A026009BB
:100040000A0A00007C021008080A0000A402A008A6
:10005000090A0000D1026008080A0000F90200093C
:10006000090A00002603A008080A00004E03300316
:10007000030800005A033003030B00FD6B03200844
:10008000080800018B03200808060002A3032008CB
:1000900008080001C3030008080A0000EB03800EF3
:1000A0000E0D00FD4604400A0C0AFF008204A00A5F
:1000B000090A0100AF04200A0A0A0000E104900BBB
:1000C0000A0A010013056009080A01003B05E0085F
:1000D000080A01006305D00A0A0A00009505600BB2
:1000E000090A0100C2055004020A0100CC053007CC
:1000F000070AFF00EF05100A0A0A0100210650084E
:10010000080A01004906600D0B0A01008006600B19
:10011000090A0100AD06C00B0C0A0000E906200A1E
:10012000090A01001607C00B0C0D00FD6407300A18
:10013000090A01009107B008090A0000BE0730084B
:10014000090A0000EB07100B090A01001808F00962
:100150000B0AFF004F08C00F100A00009F0870092B
:100160000A0A0000D10810090B0AFF00080930092B
:10017000090A00003509B004040E01FD5109F0041C
:10018000070EFFFF8209B004040E00FD9E0930082F
:1001900007060102B3090007070100FFB70960085D
:1001A00005020109BC09600808080000DC09900983
:1001B000080B0100080A000808080000280A900936
:1001C000090B00005A0A9008080800007A0AF00497
:1001D000060B00009B0AB009090B00FDCD0A90092F
:1001E000080B0100F90AE003020B0100040B0004F4
:1001F000050EFEFD270BA008080B0100530BE003C2
:10020000020B01005E0BD00E0D080100920B90094D
:1002100008080100B20BE00809080000D60B90099D
:10022000080B01FD020C9009090B00FD340CC00500
:1002300005080100480C000707080000640CD00501
:10024000060A0000820C800908080100A20CD007F1
:100250000908FF00C60C900C0D080000FA0CC0073E
:10026000080800001A0DD007090BFFFD4C0D5007C0
:1002700007080000680DF004050E00FD8B0D30042A
:10028000020E01FD990DF004050E00FDBC0D2008C5
:1002900008030003C80DE00506050006D70D60043D
:1002A00004030003DD0D000E0F0FFFFE4E0E000EC7
:1002B0000E0B00009B0E000E0E0D00FFF60E000E42
:1002C0000E0B0000430FA0090A0B00007A0F000E6E
:1002D0000E0F00FEE30F000E0E0F00FE4C10C00FBD
:1002E000100D00FFB410000E0E0F00FE1D11C00F08
:1002F000100B00007511000E0E0F00FEDE1100073E
:10030000070C00FF0812800A0B0C00FF4A12C00FF6
:10031000100E00FEBA12000E0E0B00000713A0090B
:100320000A0F00FE5213400C0A0E01FE9813400CF7
:100330000D0F00FEFA13400C0D0D00FF4F14400C82
:100340000D0D00FFA414400C0A0E01FEEA14400C2F
:100350000E0DFFFF4515C008090D00FF8015C008F0
:10036000090D00FFBB15400C0D0D00FF1016400CD1
:100370000D0400032A16C00F100B00008216801116
:10038000120F00FE0917C00F110FFFFE8917000E94
:100390000E0D00FFE417400C0D0800011818400C6A
:1003A0000D0800014C188011120B0000AF18000E50
:1003B0000E0B0000FC18000E0E0F00FE6519000E5B
:1003C0000F0FFFFED619400C0D0D00FF2B1A400C2D
:1003D0000D0F00FE8D1A400C0D0D00FFE21A400CAF
:1003E0000D0C00FF301B000E0E0B00007D1BC00823
:1003F0000A0FFFFEC81B400C0D0F00FE2A1C400C0C
:100400000D0F00FE8C1CC00F100B0000E41C000E32
:10041000100FFFFE5C1D800A0B0F00FEAF1D801148
:10042000120D00FF241E8011120A00007E1E801192
:10043000120A0000D81E8011120A0000321F80111B
:10044000120A00008C1F8011120A0000E61F8011A2
:10045000120C00FF5220400C0C0F00FEAC20400C90
:100460000D0F00FE0E21000E0F0FFFFE7F218011E9
:10047000120B0000E221800A0B0F00FE3522100E45
:100480000F0A00000000721F51EF58EF5BEF5CEFA6
:100490005DEF61EF63EF65EF69EF6CEF71EF76EFA2
:1004A00077EF78EF8EEF93EF98EF9BEF9CEF9DEF58
:1004B000A1EFA2EFA3EFA4EFB7EFB8EFBEEFC0EF4D
:1004C000C1EFC4EFC7EFC8EFC9EFCBEFE3EFE5EF44
:1004D00014F015F017F019F030F037F03AF043F05F
:1004E0006CF074F0ABF03BF190F191F192F193F17B
:1004F00094F1D7F1E3F13DF254F2AAF412F7F2F7D6
:10050000200000005F00010000000000000000006B
:1005100000000200B0000000F3F76000840403084C
:10052000000000003E00030000000102000304057B
:1005300002060708090A090A0B0C000D0E0F10111C
:1005400012130C14140000001516171819161A1B94
:100550001C1D1D1E1F201D1D1621222303241E25C8
:1005600025262728292A2B002C002D2E2F3031322A
:10057000332D343435302D2D2E2E36373839333A4D
:100580003A3B3A3C290000093D0900000000000008
:10059000000000000000000000000000000000005B
:1005A000000000000000000000000000000000004B
:1005B000000000000000000000000000000000003B
:1005C0000000000000000000010200030405020614
:1005D0000708090A090A0B0C0D0E0F10110C121353
:1005E00014151500000016171819171919191719DD
:1005F000191A1919191917191719031B1C1D1D1E72
:100600001F20212223002400252627272700272614
:10061000282926262A2A272A272A2B2C2D2E2E2F38
:100620002E30000023093109000000000000000006
:1006300000000000000000000000000000000000BA
:1006400000000000000000000000000000000000AA
:10065000000000000000000000000000000000009A
:100660000000000000010000000000000001000088
:100670000200000000020000000000000000000076
:100680000000000000000100000000000000000069
:100690000000000000010A0006FB00000000F4F367
:1006A000020B0504F7020B0109020700000000001D
:1006B0000000000000000D02FE000000000000002D
:1006C00000000000000400F90000000000FC040429
:1006D0000000FE00FE0200FE00FEFFFC0000000025
:1006E000FE0000FDFD0000FE00FC00000000000018
:1006F000000000FEFE00FD00FA00E50000FC000422
:10070000070000FC02020704FC040000F3000000E4
:100710000000000000000000F800000000000000E1
:1007200000000000000000FAFDF500F7FE000000E8
:1007300000000900F9FEFF0100FC0000FEEF0000D0
:10074000000000000000000000EEFE0900000000B4
:100750000000000000000000F700000000000000A2
:100760000000000700020000FC0000000000000084
:10077000000000000000000000000902010000006D
:100780000000000000000000000000000000000069
:100790000000000000000000000000000000000059
:1007A00000000000F8000000000000000000000051
:1007B000000000000000000000000002040207FE2C
:1007C000000004FEF9E102060400FD000800070035
:1007D0000700EB00FD070007FE0402000001FE0019
:1007E00000FC12001200070009030407000000F8D3
:1007F0000000000001FE0002FCFDFC0200FE000003
:1008000000F70000000000000000000000F1000000
:100810000000000000000000000000000001F400E3
:10082000F200000000FE0016FDFD0202FE00FD02C7
:100830000000F40000000000000000000000EA00DA
:1008400002000000000000000000000000F2000DA7
:100850000000F8000700F1EAF1FC070000F10003D6
:10086000FB00FD000000000000000000000000068A
:1008700007E50000000000000000000000000B0081
:100880000200000000000202FDFC00FFFFFE00006D
:10089000FE000000FC00FE00FBFC00FAF9F9FC0081
:1008A000FC00FC00000000FE0000020002FE00014F
:1008B00000000002FE000000FE0202FF000000FC3B
:1008C00000FF0000000000010003FE00FD00FC002E
:1008D00000FE00070000FE0000000000FF01FEFE19
:1008E0000000FE00FE000000000000000000FFFF0E
:1008F00000FEFD0000000000010000FE00FEFEFE04
:10090000000000000000000000FF00000000FEFDED
:1009100000FD00F9FEF9040000FC02040600FAFFE5
:10092000FD00FFF502FE02F402000001F400F4FEF7
:10093000EDFE00F50004060003000000000000FCCE
:10094000FD00F9000000FE000000FE0000000000B5
:10095000FFFF00FFFD00000000000000FEFE00FEA3
:10096000FDFE0000FE00000000000000000000008E
:10097000FEFE00FD00FE00FC020000FD0102020080
:100980000000000000FE0000000000020000FE0069
:10099000FEFEFD000000000000000200FE0000005E
:1009A00000FEFD00FC0007FE01F9000006F5F4F76B
:1009B000FC0200FEF1FC00FC00FC03FCF200FA006B
:1009C0000001FF02FE000200F9F700F5FBFBFBF956
:1009D000FDFA00FCFA01000100FE00000002000226
:1009E0000000000000000000000000FE00FF00FF0B
:1009F000FE00FCFBFBFF00F9000000000000FE0011
:100A000000000001FF0000000200000000000000E4
:100A1000000B00000000000002000000FE000000CB
:100A20000000000000000000FC00020000000000C8
:100A30000000000000000000FE000000FC000000BC
:100A400000F5F9000000FDF50000FE0200FA0000CC
:100A50000000000000000000FC0000FC000000009E
:100A600000000000000000000200FC000000000385
:100A70000002FCFC00FEFEFD000000000000F9008A
:100A8000FE00FDFE00FBFAF9FE00FC00F90000008C
:100A900000120000010000FD000200F6000000004E
:100AA00000EBFC0707FEF70002FD00F5FFFD02F07A
:100AB000FE030003F8FDF8F9F70000F3000D000055
:100AC000FF000000FFFFFEFAF900EB00000000004D
:100AD0000000000001000000000000000000000015
:100AE0000000000000FE00FFFEFD0000FC00FE0014
:100AF0000000000000000000000000000000FF00F7
:100B0000FC000004FF0300FB02FEFFFAFE00FDFEF6
:100B1000FE00FDFC0000FEFFFEFCFD0000FE0002EA
:100B2000FE00FB000000FC00FC00FCFC02000000DA
:100B30000000000000FC0200FD00FEFDF9FEFEFECC
:100B4000FFFEFDFF0000000000FEFEFE00000000B2
:100B500003FE00FE000000FEFDFEFEFDFE00020999
:100B6000FF00FA00FE0400FEF7FD030000F5FC02A2
:100B7000FC0200FEFEF900FD010000FC0000000286
:100B800002FCFC00FCFEFDFEFE00FC01FCFC07007C
:100B90000000000000000000020000000000000053
:100BA0000000000000000000000000000000000045
:100BB000FC00000000000000000000000000000039
:100BC0000000000000000000000000000000000025
:100BD000000000000000000000000000FE00000017
:100BE0000000000000000000000000000000000005
:100BF00000000000000000000000FEFE00000000F9
:100C00000000000000000000FD0000FD0000FEFEEE
:100C100000000000FE00000000FF0000000000FED9
:100C200000000000FD00FC000000F90002FB0400D1
:100C3000FEF50000FBFE00F7FAFA0000F6FEF7F7FB
:100C4000F500FA00020FFD00FBFEFFFEFCFAFCF8C7
:100C5000F7FBFE0000FE00010000F0FE0705FBF8B8
:100C60000001F900F5FEFE04EBFD010000F1FDF4CA
:100C7000FEF00000F0000D0100FE00000000FFFE8D
:100C8000F7FE00F100000000F900FE00FFFAF50099
:100C900000FFFDF9FE00FE00000000F6FEF9F9FE7F
:100CA000FCFAFEFC00FCFEF9FD00FDFCFEFC000170
:100CB00000FEF9000400FC00000000030002FC0933
:100CC00000FEFEFD000000000000F900FE00FDFE39
:100CD00000FBFAF9FE00FC0209000000001200000F
:100CE000010000FD00020000000000000000000004
:100CF00000000000FEFC0000000000FF000000FEFD
:100D0000FE0000FCFE0000FC0004FF0000000000EC
:100D1000000100000000030402FE00F9FC0007F9D6
:100D2000F9FCFC090402EDFE04FE00FE02FEF800E0
:100D3000FE02FDFEF9FE0000070400FA00F4FD06C5
:100D4000FDF701FDF9F9FE090200FD00FA000207B6
:100D5000FBF8F7FA070001F0FE02FCFEFB00FBF8CF
:100D6000FDFDFE0000FBFBFE000705FEF400F4FDA8
:100D700000F8F3FFF9FCF9FA060000FD00FCFE00A4
:100D8000FEFC0004F9020000F400FEFBFCFEF9FA90
:100D9000F9FB00F9FEFBFCF9FE0000010BFC00F979
:100DA000FE00FEFCFBFAFAF7FDFC0400FD00F5FD79
:100DB0000104F9F8FCF907FE01EBFC04FBFCF80068
:100DC000F9F7FDFEFEFEFBF9FF00000706FEF1004D
:100DD000F3FB05F7F1FCF8F7F5F90400000000FD5E
:100DE000000002FD0402FC040000F9FF00FF000106
:100DF00001FE000000000000FE00000000020700ED
:100E000000FD00000000FEFEFD00000001020000E9
:100E100000000200FE000900040101FD00040000C2
:100E200000020000000000000000000000070006B3
:100E30000000000000000000000000000000F300BF
:100E4000FE04000700001603FCFC0202FE01F50090
:100E5000000BF30000000000000000000000F1099A
:100E60001F000000000000000000000000F3000070
:100E70000000000000000000000000000000000072
:100E80000000000000000000FC0000FCFE0000006C
:100E90000000000000000000000000000000000052
:100EA000FE00FA0000010000021DFCFE0706FA0227
:100EB00000000202FD000000000000000000000031
:100EC000E306000000000000000000000000000039
:100ED000000000FA000000FA00000000FBFF000024
:100EE00000FB00FD00F50000000000000000000015
:100EF00000F10000000001000000000000FE000002
:100F0000FC00FD00FA000000FC02FD0000FAFEFB00
:100F10000000FA00FE00F500FE0000EEFCF7FEF80F
:100F20000000F100FAFF0000000000000000FDFCDE
:100F3000FEFC00000000FB00FB03FE0400FEFBFEC5
:100F4000FCFC00FDFFFE02FAFF000000ECFEFD00CD
:100F5000FB00FEF5FE0000FEFE000000000200FEA9
:100F6000FCFE040000000000000000000000000083
:100F70000000000000000000000000000000000071
:100F8000000000000000000000000000000003005E
:100F90000000000000FB00FE000000FC020000005A
:100FA000FAFEFC0000FA00FE00F500000000EA0076
:100FB000FCF8F50000F100FEFD000000000000005C
:100FC00000FEFDFFFD01000004FD00070BFEFEF921
:100FD000030B0405FA0309030605060000000000E0
:100FE0000000000000000E0BFCFE00FE120A1200C2
:100FF0000000020000080000FC00000000000000EB
:101000000000FE00000000000000000300000000DF
:10101000EDFDFEF7F50000F100000000000000000B
:10102000000000000000000000FC000000000000C4
:10103000000000FE000000000000000003000000AF
:1010400000EDFDFEF7F50000F700000000000000D5
:10105000000000000000000000000000FE00000092
:10106000FB0200FE020402F90000FE020002000082
:101070000000FA00FEFEFC00FEF7000EFE00FBFE84
:1010800000FEFC00FEFAFCFD000000FC0000000079
:101090000000000000FE000000000000000003004F
:1010A000000000EDFDFEF7F50000F100000000007B
:1010B000000B00000000000000000000FC00F9FD33
:1010C000FE07FEFEF701FF01FEFA00050002010225
:1010D000FBF7FD00F7FCFAF7F700FCFCFDFDFEFE58
:1010E000FDFE00FEFF030003FE00070000000000FD
:1010F00000000000000000FEFEFE0000FA00FF00FD
:10110000FC0000000000000000000000F3000000F0
:101110000000000000000000FEFE00FD00000000D6
:10112000FE0000FCFE0200FCFCFE00FAFEFBFEFDE1
:1011300000FC0000000000000000000000F10007BB
:101140000000FC00000000FD00FE0000FF0000FEAB
:1011500000FB000009FDF9F902020200FA02030295
:10116000070207FEFA0000F70000F9FA0000FC0091
:10117000FDFC00FD00FD00FE0300FEF9FE0800007E
:10118000FE00FC000003FB0002FE020000F900FE6E
:10119000FF00FE02FE000000F7FDFB00F90000F575
:1011A0000008FE00FC000100FE00FEF900FE020047
:1011B000000000FE000002FD010000FDFE00FD0039
:1011C000000000000000000000000000000000001F
:1011D000F200050000FE000000000000FEFE00001E
:1011E000000400050000000000F2F3010A0704F704
:1011F00002090008000400000000000000000000D8
:10120000000C0000000000000000000000000000D2
:10121000000000006406030828050308C60503084B
:101220003D31000014DD020894FF020800050308A8
:1012300014120308100002289003002069A301087B
:101240008DA201081000030000FF01002412030812
:1012500000000000000000009F68F68F57F46F4602
:10126000F35F35F24F1000150AF77F40DA09ED9071
:101270009DD908DC808DC808C000000000E5004F43
:101280000000000F3006E0000002F1008C0000FFBB
:10129000FFFFFFFFF2055AE555DA5500009B000EEF
:1012A0006000000B9000F4000011D8113F31008F56
:1012B000FFFFFFFFF90245F6448E4420002F100780
:1012C000C0000004F0009A0000005E000B900000D7
:1012D0000000072000000000E4000000000E4000B5
:1012E0000002ADFFD92003FFBFCDFC00BF40E403E7
:1012F000300ED00E400000DF30E4000005FFAF509C
:10130000000004BFFFD70000001EBEFB000000E489
:101310000BF400000E406F60B400E40BF31EFDAF51
:10132000BEFA0017CFFFC60000000E40000000000C
:10133000E4000001BFC300002F4000C916E0000C0C
:1013400090002F000C5007E00004D000A702F4002A
:10135000003F000C60C9000000D704F17E000000CF
:1013600003DFE42F41AEB20000100C90C928E0006A
:101370000006E13F000D500002F404D000A7000079
:10138000BA003E000C50006E1000D705E1001F505F
:101390000002BFC3000004CFE900000003FB57F9BF
:1013A0000000009F000AD0000008F100DB000000F0
:1013B0002FB3CE200000006FFC200000004EEFB0E5
:1013C0000010005FA06FB01F500EC0006FB7F20298
:1013D000F800006FFB000FD00001DFB0008FE98A3A
:1013E000FE8FB0005CFFD910680000000000000014
:1013F000DAD9D9C8C800006F400DC004F6009F10AC
:101400000DD000FB002F8003F7004F6004F6003F73
:101410007002F8000FB000DD0008F1003F6000DC52
:101420000006F43F7000BE0005F5001FA000CE00CE
:1014300009F1007F3006F4005F5005F5006F4007AA
:10144000F3009F100CE001FA005F500BE003F7007F
:10145000000E200360E2564DDFCE601DFF304ECF00
:10146000BF6360E245000E20000001300000008FE5
:1014700000000008F00001229F2220CFFFFFFF4460
:1014800055AF55510008F00000008F00000008F033
:10149000000001100EF10FF207E00B900E4088885B
:1014A0007FFFFE05601FF20CD00000005700000017
:1014B000EA000003F5000009F000000EA000004F54
:1014C0004000009E000000E9000004F4000009E074
:1014D00000000E9000004F400000AE000000F90038
:1014E0000005F300000AE000000F9000005F3000EC
:1014F000000004BEEB4000006FFBBFF60002FD10D1
:1015000001DF200AF300003FA00EE000000EE00F14
:10151000B000000BF01FA000000AF10FB000000B9C
:10152000F00EE000000EE009F300003F9002FD1015
:1015300001DF20006FFBBFF6000004BEEB4000DFC0
:10154000FFC8AAFC000FC000FC000FC000FC000F89
:10155000C000FC000FC000FC000FC000FC000FC06A
:10156000018DFEC5004FFDACFF703C30002FF00038
:1015700000000BF20000000CF10000003FB0000082
:1015800002EE2000002EF3000002EF3000002EF3E8
:10159000000002EF3000002EFCAAAAA75FFFFFFFA9
:1015A000FB5FFFFFFFF03AAAAACFC0000001EE10D8
:1015B00000000CF30000009F60000004FE610000CA
:1015C00005DFFF500000003EF200000007F60000BB
:1015D0000006F66910001DF29FFCBCFF8004AEFE01
:1015E000B5000000004FB000000001ED0000000059
:1015F0000CF2000000009F5000000005F900000000
:10160000002FC003C50000DE1004F7000BF4000437
:10161000F7004FFFFFFFFFFD3999999BFC980000F1
:101620000005F70000000005F70000000005F700C6
:1016300002FFFFFFF004FCAAAAA005F500000007C6
:10164000F300000009F10000000AFFFFC70007AA2D
:10165000ABFFC00000000BF600000003FA00000022
:1016600003FA3C20000BF66FFDBBEFB0039DFFC7F4
:101670000000018DFEC60004EFCAAD9001EE4000EF
:1016800000008F400000000EE000000000FB2AEF89
:10169000D7001FDFD99DFB01FFA0000AF50FF20064
:1016A000003F90BF200003F804FA0000AF4009FD9E
:1016B00099DFA00005CFFC60007FFFFFFFFF07FB65
:1016C000AAAAAFE07F400005F806F40000CF1000A2
:1016D00000003FA00000000AF300000001FC000031
:1016E00000008F500000000EE000000006F7000030
:1016F0000000DF100000004F900000000BF200001F
:1017000000002AEFFC70003FFB89DFB00AF5000003
:10171000BF30BF100008F404FC4226FD0006FFFFA6
:10172000FE1005FE856AFD10EE100007F82FA000E0
:10173000001FB2FB000002FB0DF40000AF703FFB86
:1017400089DFC00029DFFC6000006CFFC60000AF2D
:10175000D98CFA003FB00007F607F500000FD06FF4
:10176000600002FF11FF5104DFF204EFFFFB9F3026
:101770000057730AF100000000DF000000004FA0D6
:101780000000003EF2008EBACFF50005BEFD9200CB
:10179000000CD01FF20560000000000000000005F2
:1017A000601FF20CD00CD01FF2056000000000009A
:1017B00000000001100EF10FF207E00B900E400048
:1017C0000000052000018EF4004BFF9306DFC600E9
:1017D00000CF80000005CFE710000039FFB4000003
:1017E000016DF40000000420CFFFFFFF46777777FC
:1017F00072000000000000000000122222220CFFF4
:10180000FFFFF44555555510620000000CFB4000E9
:101810000006CFE710000039FFA1000002DF400002
:101820004BFF9118EFC6000CFA3000005100000089
:1018300000029DFEC5004FFB9BFF804C20002FF057
:101840000000000CF00000001FC0000001CF3000BD
:10185000001DF40000009F50000000AC00000000DC
:1018600000000000003300000001FF10000000CD68
:1018700000000000029DFFEC71000000009FC754B3
:1018800058DF6000000CE400000006F90000AE1014
:101890003BEFB2BD3F6004F404FE97CFED06E00AD3
:1018A000C00EE10008FD00E50E604F600000FD0085
:1018B000A91F406F300000CD008B2F306F3000002B
:1018C000CD008B1F403F600000FD00990E600EE1CF
:1018D0000008FE00E50AC004FE87BFAF9BE004F4E9
:1018E000003BFFB31BFC30009E1000000000000016
:1018F000000CE400000000000000009FC7546AE0F4
:1019000000000000039DFFDB5000000000008FB0CE
:1019100000000000000EFF200000000006F6F900A5
:1019200000000000DD0BF0000000004F604F700071
:1019300000000BE000DD00000002F80006F50000EA
:10194000009F10000EC000001FFFFFFFFF300007C8
:10195000F8888888FA0000ED0000000BF1005F6055
:101960000000004F800CF100000000EE001FFFFFA0
:10197000FEB4001FD8888AFF701FB000002FF01F30
:10198000B000000CF01FB000002FC01FD8888AFEE6
:10199000301FFFFFFFFD401FB000014DF31FB000DF
:1019A0000004F91FB0000002FB1FB0000008F81F80
:1019B000D88889CFE11FFFFFFFD91000004AEFEB65
:1019C000500001BFFCACFFB000BFB200019C006F33
:1019D000B0000000000DF10000000000FC0000005D
:1019E00000001FA00000000000FC00000000000D2F
:1019F000F100000000006FB00000000000BFB20066
:101A000001AC1001BFFCBCFFB000004BEFEB50007D
:101A10001FFFFFFDA40001FEAAAACFFA001FB0001D
:101A2000002BFA01FB0000000CF41FB00000003F87
:101A3000B1FB00000000EE1FB00000000DF1FB0044
:101A4000000000EE1FB00000003FB1FB0000000CE2
:101A5000F41FB000002BFA01FEAAAACFFA001FFF64
:101A6000FFFDA400001FFFFFFFFC01FEAAAAAA7051
:101A70001FB000000001FB000000001FB0000000CC
:101A800001FD999999001FFFFFFFF001FB00000085
:101A9000001FB000000001FB000000001FB00000AC
:101AA0000001FEAAAAAAA01FFFFFFFFF001FFFFF61
:101AB000FFFC1FEAAAAAA71FB00000001FB0000089
:101AC000001FB00000001FB00000001FFFFFFFF06C
:101AD0001FE99999901FB00000001FB00000001F7F
:101AE000B00000001FB00000001FB00000000000A8
:101AF0004ADFEB600001BFFCBBFFC100BFB20000CA
:101B00007D106FB0000000000DF10000000000FC2F
:101B100000000000001FA00000003930FC000000A1
:101B200006F50CF10000006F506FB0000006F500E4
:101B3000BFB200009F5000AFFDBCFFD200004AEFD3
:101B4000EB60001FB0000001FB1FB0000001FB1F95
:101B5000B0000001FB1FB0000001FB1FB00000013E
:101B6000FB1FEAAAAAAAFB1FFFFFFFFFFB1FB00093
:101B70000001FB1FB0000001FB1FB0000001FB1FB4
:101B8000B0000001FB1FB0000001FB1FB00000010E
:101B9000FB1FB1FB1FB1FB1FB1FB1FB1FB1FB1FB53
:101BA0001FB1FB1FB000EFFFFF7008AAABF70000EA
:101BB000005F70000005F70000005F70000005F78F
:101BC0000000005F70000005F70000005F7000007B
:101BD00006F60A7000CF30CFDADFC0008DFE90002D
:101BE0001FB000001DE21FB00001DF301FB0000C6D
:101BF000F4001FB000BF50001FB00BF700001FB073
:101C0000AF8000001FB9FFB000001FFFBBF800004D
:101C10001FFB01DF50001FD0002FF2001FB0000497
:101C2000FD101FB000007FB01FB0000009F81FB00A
:101C30000000001FB00000001FB00000001FB00037
:101C400000001FB00000001FB00000001FB0000027
:101C5000001FB00000001FB00000001FB000000017
:101C60001FB00000001FEAAAAAA51FFFFFFFF81F70
:101C7000A0000000007F41FF300000001FF41FFCA7
:101C800000000009FF41FFF5000002FEF41FADE077
:101C90000000BE8F41FA4F80004F67F41FA0AF20B5
:101CA0000DD07F41FA02FA07F407F41FA008F5EA05
:101CB000007F41FA000EFF2006F41FA0005F8000A5
:101CC0006F41FA0000600006F41FA0000000006FE2
:101CD000401FB0000001FB1FF8000001FB1FFF5078
:101CE0000001FB1FDFF20001FB1FB6FD0001FB1F1F
:101CF000B09FA001FB1FB00CF601FB1FB001EF313C
:101D0000FB1FB0004FE2FB1FB00007FDFB1FB00040
:101D100000BFFB1FB000001DFB1FB0000002FB0056
:101D2000004ADFEB50000000AFFCBCFFC10000BF69
:101D3000B20001AFD0006FB00000009F800CF10036
:101D4000000000FE00FC000000000AF21FA00000DE
:101D500000009F30FC000000000AF20CF1000000BF
:101D600000FE006FB00000009F8000BFB20001AF16
:101D7000D00000AFFCBCFFC10000004AEFEB5000F8
:101D8000001FFFFFFC70001FEAAABEFD101FB0007D
:101D9000009F901FB000000EF01FB000000CF01F5D
:101DA000B000000EF01FB000009F901FEAAABEFD19
:101DB000101FFFFFFC70001FB0000000001FB000EC
:101DC0000000001FB0000000001FB0000000000075
:101DD000004ADFEB50000000AFFCBCFFC10000BFB9
:101DE000B20001AFD0006FB00000009F800CF10086
:101DF000000000FE00FC000000000AF11FA000002F
:101E000000009F30FC000000000AF20DF10000000D
:101E100000FE007FA00000008F8000CFA100009F87
:101E2000D00001CFFBABFFD10000006CEFFD6000E4
:101E3000000000005FE634A7000000003CFFFE4009
:101E4000000000000243001FFFFFFC70001FEAAA11
:101E5000BEFD101FB000009F901FB000000EF01FCD
:101E6000B000000CF01FB000000EE01FB000009F9B
:101E7000901FD999AEFD101FFFFFFFA0001FB000FB
:101E80001FD0001FB00006F9001FB00000BF401FA8
:101E9000B000001EE00029DFFD81003FFC9ADFC09A
:101EA0000BF400002300ED000000000CF300000024
:101EB000005FFA610000003BFFFD7000000048EF8A
:101EC000B000000000BF4000000006F60B5000000C
:101ED000CF31DFEB9AEF90006BEFEB5000EFFFFF9D
:101EE000FFFF89AAADFBAAA500009F200000000902
:101EF000F2000000009F2000000009F20000000036
:101F00009F2000000009F2000000009F2000000058
:101F100009F2000000009F2000000009F20000000C
:101F2000009F2000003F90000005F73F9000000553
:101F3000F73F90000005F73F90000005F73F900045
:101F40000005F73F90000005F73F90000005F73FC0
:101F500090000005F62FB0000007F50EF000000B12
:101F6000F208FA00007FB000CFFBBEFE200007CFD2
:101F7000FD81000CF200000002F906F800000009E3
:101F8000F300EF0000001FC0008F6000007F5000D2
:101F90001FD00000EE00000AF40005F7000003FB6C
:101FA000000CF1000000DF202FA00000006F809FD8
:101FB000300000000EE1FC0000000008FCF500000D
:101FC000000001FFE00000000000AF8000004F9023
:101FD00000000CF3000002F80EE000002FF80000F3
:101FE00008F309F300007FFD00000DD004F80000A5
:101FF000CD8F20002F8000FE0002F83F80007F3050
:1020000000AF3007F30ED000DE00005F800CD00878
:10201000F202F900000FD02F8003F707F400000A46
:10202000F27F3000ED0CE0000005F7DD00009F4F6F
:1020300090000000FEF800003FDF40000000BFF30A
:1020400000000EFF000000006FE0000009FA000031
:102050002FD000000BF306FA00007F7000BF500283
:10206000FC00001EE10DF2000005FB8F5000000097
:102070009FFA000000003FF500000000DFFE1000A6
:102080000009F65FA000004FB00AF60001EE100153
:10209000EF200BF500004FC06FA0000008F80CF215
:1020A0000000005F603FB000000ED0009F500008AD
:1020B000F30001EE0002FA000006F800BF10000075
:1020C0000CF14F700000003FBDD000000000AFF4E5
:1020D0000000000002FC00000000001FB000000033
:1020E0000001FB00000000001FB00000000001FB29
:1020F0000000001FFFFFFFFFF10AAAAAAACFD0002D
:10210000000001EF200000000CF5000000009F809F
:1021100000000005FB000000002FE100000000DFD0
:10212000300000000AF6000000007FA0000000045C
:10213000FD000000001EFBAAAAAAA23FFFFFFFFFAE
:10214000F41FFFA1FC741FA001FA001FA001FA00F8
:102150001FA001FA001FA001FA001FA001FA001F32
:10216000A001FA001FA001FA001FC741FFFA4700B3
:1021700000005F3000000F8000000AE0000005F35F
:10218000000000F9000000AE0000005F4000000FFA
:102190009000000AE0000004F4000000E9000000E4
:1021A0009E0000004F4000000EA0000009F000005B
:1021B00004F5000000EAAFFF147CF100AF100AF153
:1021C00000AF100AF100AF100AF100AF100AF100E1
:1021D000AF100AF100AF100AF100AF100AF147CFBB
:1021E0001AFFF1000AF2000001FE9000007D5E007F
:1021F000000D70F50004F109C000AB003F201F5036
:1022000000D807E00006E0FFFFFFFFF222222222B3
:10221000484000AF40007F40017CFFD60009FC9998
:10222000EF800130000DF000000009F2019EFFFF79
:10223000F30AF8433AF30FB00008F30FB0000EF3BF
:1022400009F946DFF3008DFE87F35F5000000005BB
:10225000F5000000005F5000000005F500000000E0
:102260005F56DFEA2005FDFC9BFF305FF50004FEB2
:1022700005FA000008F45F6000004F75F6000004E6
:10228000F75FA000008F45FF50004FE05FCFC9BF50
:10229000F305F46DFEA2000007DFEB3000CFD9AFED
:1022A000F409F70002C30FD00000003F80000000D7
:1022B0003F800000000FC000000009F70002C300CB
:1022C000CFD9AFF30007DFEB30000000001FA00004
:1022D000000001FA000000001FA000000001FA0049
:1022E00008DFE82FA01DFD9BFDFA0AF80002EFA011
:1022F000FD000006FA3F8000002FA3F8000002FA5C
:102300000FC000005FA0AF60001EFA01DFB79EDFC4
:10231000A0008DFE91FA0008DFE910001DFB8AFE87
:10232000200AF30003FB00FA000009F13FFFFFFF62
:10233000FF33FA333333300FD0000000009F90009A
:10234000091000DFDAAEF600007DFFC500001AEECE
:10235000900AF98800FB00001F9000BFFFFF558F17
:10236000C77201FA00001FA00001FA00001FA000C0
:1023700001FA00001FA00001FA00001FA0000008E1
:10238000DFE91EC01DFD9BFEEC0AF80001DFC0FD69
:10239000000004FC3F9000000FC3F8000000FC0F99
:1023A000D000004FC0AF80001DFC01DFD9AFDFC0FF
:1023B000008DFE91FB000000002F902700000BF421
:1023C00007FFB9AEFA0004AEFFC6005F5000000080
:1023D0005F500000005F500000005F500000005F91
:1023E00056DFEA105FEFCADFD05FF4000AF65F90B5
:1023F0000002F95F600000FA5F500000FB5F5000D0
:1024000000FB5F500000FB5F500000FB5F500000CE
:10241000FB6F69F90400005F55F55F55F55F55F5F1
:102420005F55F55F55F50004F70007FA000040001E
:1024300000000004F70004F70004F70004F70004AC
:10244000F70004F70004F70004F70004F70004F7AE
:102450000004F70006F54B9FE15EFC305F50000082
:102460000005F5000000005F5000000005F50000C9
:1024700000005F50001DF305F5002DF3005F502EA6
:10248000F40005F52EF400005F9EFE000005FFFA43
:10249000FA00005FE30CF60005F6001EF3005F5043
:1024A000004FD005F500007FA05F55F55F55F55F43
:1024B00055F55F55F55F55F55F55F55F55F55F5877
:1024C000DFE8008DFE8005FEFA9DFBDFA9DFB05F2F
:1024D000F2000DFF3000CF35F900007FA00006F6B6
:1024E0005F600005F700004F75F500005F600004B5
:1024F000F75F500005F600004F75F500005F6000C3
:1025000004F75F500005F600004F75F500005F60AE
:102510000004F75F57DFEA105FEFA8CFD05FF3004A
:1025200009F65F900002F95F600000FA5F5000005A
:10253000FB5F500000FB5F500000FB5F500000FBA2
:102540005F500000FB0007DFEA30000DFD9AFF50EE
:1025500009F70002EF10FD000006F73F8000002F92
:1025600093F8000002F90FD000006F609F80002EEA
:10257000F100CFD9AFF400007DFEA3005F46DFEA93
:102580002005FDFA8AFF305FF40003FE05FA000023
:1025900008F45F6000004F75F6000004F75FA000CC
:1025A000009F45FF50004FE05FDFC9BFF305F56DA9
:1025B000FEA2005F5000000005F5000000005F5023
:1025C00000000005F5000000000008DFE81FA01D66
:1025D000FD9BFCFA0AF70002EFA0FD000006FA3F9F
:1025E0008000002FA3F8000002FA0FD000006FA0B7
:1025F000AF80002EFA01DFD9AFDFA0008DFE82FA96
:10260000000000001FA000000001FA000000001FF1
:10261000A000000001FA5F46DB5FCFD95FF5005FE5
:10262000A0005F70005F50005F50005F50005F507F
:10263000005F5000018DFEC700CFB8ADD03F9000C5
:102640000102FB0000000BFFB84000059CFFC0002A
:1026500000009F60500005F75FEA9AFE106CEFD90A
:102660002001FA00001FA000BFFFFF558FC77201B5
:10267000FA00001FA00001FA00001FA00001FA00EC
:10268000000FC00000BFA99001BEE97F400003F821
:102690007F400003F87F400003F87F400003F87F8D
:1026A000400003F87F400004F86F600006F82FC078
:1026B000001EF80AFD89EEF8008DFE92F80DE0008C
:1026C000000DD006F600003F7000FC0000AF1000C7
:1026D0009F3001F900002F9007F300000BF00EC0AF
:1026E000000005F65F50000000EDBE000000007F16
:1026F000F8000000001FF10000BE00000CF1000017
:10270000AE05F40002FF60000F800F90008FEB0019
:1027100005F200AE000DB8F100BD0004F403F52F82
:10272000701F70000EA09E00CC06F100009F1E904E
:1027300006F2CC000003FAF3001FAF6000000DFDAD
:102740000000BFF10000008F700005FB00003FB0EB
:10275000000CF207F7007F6000BF33FA00001EDEB6
:10276000D0000004FF30000006FF5000003FBCF224
:102770000000DE12FC000AF4005F906F80000AF592
:102780000DE000000CD006F600003F7000FC0000D9
:102790009F10009F3001FA00002F9006F300000CFC
:1027A000F00DC0000005F63F60000000EDAE000037
:1027B00000008FF8000000001FF2000000000FB0C2
:1027C000000001007F4000001FAAFB00000019EE7E
:1027D000A10000002FFFFFFF9177777EF400000635
:1027E000F8000003FC000001EE100000BF400000F4
:1027F0008F7000004FB000001EF8777754FFFFFF86
:10280000FB007EF03FD707F4008F3008F3008F30D5
:1028100008F3009F208EE00FFA000BF2008F3008C3
:10282000F3008F3008F3007F4004FD7008EF1F7144
:10283000F71F71F71F71F71F71F71F71F71F71F7FE
:102840001F71F71F71F71F71F7AFA1004BF900005F
:10285000ED0000DE0000DE0000DE0000DE0000DE35
:102860000000AF92005FF400CF1000DE0000DE0039
:1028700000DE0000DE0000ED004AF900AFB100000C
:1028800000000101DFC100C5AC5CE34F2D4009FF32
:1028900090300002100001AFD500B803E41E00061E
:1028A000A2E0006A0C701D502CFF700000000005B3
:1028B000309FF3CFF64EC10000000000000027BAA1
:1028C00000000000000048DFFFF2000000016AFF86
:1028D000FFFFFF2000007CFFFFFFFFFFF200004F23
:1028E000FFFFFFFFFFFF200005FFFFFFFFB73FF2E5
:1028F00000005FFFFE950001FF200005FF73000050
:10290000001FF200005FE000000001FF200005FE54
:10291000000000001FF200005FE000000001FF2047
:102920000005FE000000698FF200005FE00002EF8A
:10293000FFFF200358FE00008FFFFFF22DFFFFE096
:102940000004FFFFFD0BFFFFFE000004BDC810AF39
:10295000FFFFB0000000000000AFFFB1000000006A
:1029600000000001000000000000000051068888FF
:102970008888883015F76EFFFFFFFFFFB68FFDCF09
:10298000F33333336FECDFF20CE00000003F702FC5
:10299000F20CE00000003F802FFFFFE00000003F4E
:1029A000FFFFF42DF9999999BF924FF20CFFFFFFA9
:1029B000FFFF702FFBAFF11111115FDABFF98EE04D
:1029C0000000003FC89FF20CE00000003F702FF6AF
:1029D0004DE00000003FA46FFEEFFBBBBBBBCFFE92
:1029E000EFC20CFFFFFFFFFF802C588870288888FB
:1029F000888885FFFFF39FFFFFFFFFFFFFFFF3AF17
:102A0000FFFFFFFFFFFFFFF3AFFFFFFFFFFFBFFF72
:102A1000D16FFFFFFFFFFB0000000000000000007F
:102A2000CFFFE17FFFFFFFFFFCFFFFF3AFFFFFFFE3
:102A3000FFFFFFFFF3AFFFFFFFFFFFFFFFF39FFF6E
:102A4000FFFFFFFF58886027888888888547775070
:102A5000177777777774FFFFF39FFFFFFFFFFFFF85
:102A6000FFF3AFFFFFFFFFFFFFFFF3AFFFFFFFFF2E
:102A7000FFDFFFF17FFFFFFFFFFD00000000000010
:102A80000000000000000000000005200000000021
:102A90000000008FF300000000000008FFFE0000AF
:102AA000000000008FFFF8000000000008FFFF900A
:102AB00009D20000008FFFF9009FFE200008FFFFF1
:102AC0009000DFFFE2008FFFF900002EFFFE28FFDD
:102AD000FF90000002EFFFFFFFF9000000002EFF53
:102AE000FFFF900000000002EFFFF900000000006F
:102AF000002EFF9000000000000002D8000000003F
:102B0000002DB0000006E60DFFC00006FFF3CFFF6A
:102B1000C006FFFF31DFFFC7FFFF5001DFFFFFFFF0
:102B2000500001DFFFFF50000007FFFFD00000064C
:102B3000FFFFFFC00006FFFFDFFFC006FFFF51DF02
:102B4000FFC0FFFF5001DFFF58FF500001DFD0053D
:102B500030000001610000000000CD5000000000C6
:102B60000000003FFA000000000007E303FFA00B95
:102B7000C1000008FFB03FFA04FFD10004FFF603D4
:102B8000FFA01EFFA000DFF7003FFA002EFF403F2E
:102B9000FC0003FFA0006FFA08FF60003FFA00008E
:102BA000EFF0AFF20003FFA0000BFF1BFF10001FB0
:102BB000F80000BFF19FF300002400000DFF06FFA6
:102BC000900000000002FFD01FFF2000000000BFA7
:102BD000F8009FFD200000009FFE1000CFFE710056
:102BE00004CFFF500001DFFFFEDFFFFF60000000A9
:102BF0009FFFFFFFFD400000000028CEFDA5000064
:102C0000000000000466400000000000003FFFF3E9
:102C10000000000000004FFFF4000000007817FFE4
:102C2000FFFF71870004FFFFFFFFFFFFFF400DFF65
:102C3000FFFFFFFFFFFFD03FFFFFFE88EFFFFFF327
:102C400008FFFFD0000DFFFF8000AFFF500005FF21
:102C5000FA0000BFFF300003FFFB0001CFFF800040
:102C600008FFFC103EFFFFF6006FFFFFE31FFFFFB2
:102C7000FFFFFFFFFFF109FFFFFFFFFFFFFF9000D6
:102C8000DF8EFFFFFFE8FD000011019FFFF910112B
:102C9000000000004FFFF40000000000002CEED206
:102CA0000000000000000000000000000000000024
:102CB0000892006BB100000000002DFFE40AFF2025
:102CC000000000004EFFFFF6AFF2000000006FFEB4
:102CD00031CFFFFF200000009FFD2570AFFFF20005
:102CE0000001BFFA08FFB07FFF400002DFF80AFFD3
:102CF000FFD25FFF5004FFF51DFFFFFFE42EFF70C2
:102D0000DFE33EFFFFFFFFF61CFF13B15FFFFFFF96
:102D1000FFFFF80960000AFFFFFFFFFFFFE0000070
:102D200000AFFFFD88BFFFFE0000000AFFFF700339
:102D3000FFFFE0000000AFFFF7003FFFFE000000D4
:102D40000AFFFF7003FFFFE00000008FFFF5002F78
:102D5000FFFC000000000000000000000000000078
:102D6000000009AA900000000000003FFFF30000EF
:102D7000000000004FFFF40000000000004FFFF4CF
:102D80000000000000004FFFF40000000000004FB2
:102D9000FFF40000000000004FFFF4000000000CF2
:102DA000EEEFFFFEEEC0000008FFFFFFFFFF900008
:102DB00000008FFFFFFFF80000000008FFFFFF800A
:102DC00000000000008FFFF800000024444407FFCB
:102DD00070444442FFFFFFC1661DFFFFFFFFFFFF7E
:102DE000FE66EFFFFFFFFFFFFFFFFFFFFFFFFFFF9D
:102DF000FFFFFFFFFF66C4FFDFFFFFFFFFFFFFFFD7
:102E0000FD000000000000000000000004444444F5
:102E10004441000000001EFFFFFFFFFFF400000020
:102E20000BFFFFFFFFFFFFE1000006FF5000000067
:102E300001FFA00001FF900000000005FF5000BF4F
:102E4000D000000000000AFE106FF3000000000038
:102E5000001EFA0EFFCCCC200000BCCCEFF2FFFF2E
:102E6000FFFA00006FFFFFFF4FFFFFFFF8888EFFA4
:102E7000FFFFF4FFFFFFFFFFFFFFFFFFFF4FFFFF1D
:102E8000FFFFFFFFFFFFFFF4FFFFFFFFFFFFFFFF5D
:102E9000FFFF37FFFFFFFFFFFFFFFFFFA000000066
:102EA0001566400005CB00003BFFFFFF9207FF00C7
:102EB00007FFFFFFFFFF66FF008FFFA4125BFFFD10
:102EC000FF04FFE40000004EFFFF0DFF300000454F
:102ED00046FFFF4FF7000000DFFFFFFF8FF100000C
:102EE00000DFFFFFFF02100000001222222100007D
:102EF000000000000000006777777500000006738F
:102F0000FFFFFFFE0000003FF6FFFFEEFD000000A8
:102F1000CFF1FFFF7000000009FFA0FFFFFB2000C2
:102F200002BFFE10FF8DFFFCA9CFFFE200FF619FF3
:102F3000FFFFFFFB1000FF70017CEED93000005650
:102F4000200000000000000000000002400000021D
:102F5000EF000002EFF00003EFFFDFFFFFFFFFFFD6
:102F6000FFFFFFFFFFFFFFFFFFFFFFFFFFFFFFFF71
:102F7000FFFFFFFFFF7BBBDFFFF00000BFFF000094
:102F800000BFF0000000BE000000000000000002D2
:102F90004000000000002EF00000000002EFF000F2
:102FA0000000003EFFF00000DFFFFFFFF00710FF12
:102FB000FFFFFFF03FD0FFFFFFFFF008F5FFFFFF2F
:102FC000FFF004F7FFFFFFFFF00DF3FFFFFFFFF03F
:102FD0003F708BBBDFFFF0000000000BFFF0000034
:102FE000000000BFF000000000000BE00000000047
:102FF00000000000000000000000000001000000D0
:1030000000000000000007F6000000000002400081
:10301000002DF80000000002EF0000401CF400004A
:103020000002EFF0005FB01EE1000003EFFF0000C0
:10303000AFA06F70DFFFFFFFF00710BF30FD0FFF85
:10304000FFFFFF03FD03F90AF0FFFFFFFFF007F5A5
:103050000EC08F2FFFFFFFFF004F70DD07F3FFFF54
:10306000FFFFF01DF30FB09F2FFFFFFFFF03F707D8
:10307000F60CF07BBBDFFFF00003FE12FA0000004D
:10308000BFFF0003FF40AF30000000BFF0003C3046
:103090006FA000000000BE0000006FE10000000013
:1030A000000000006FD2000000000000000003904C
:1030B00000003ABBBBBBBBBBBBBBA3EFFFFFFFFF2B
:1030C000FFFFFFFEFFD56EFFFFFFFFFFFFFF2004A6
:1030D000FFFFFFFFFFFFFF0002FFFFFFBFFFFFFF3C
:1030E0005007FFFFF508FFFFFFFBBFFFFF50008FFA
:1030F000FFFFFFCBFFF5000009FFFFFC00AF500012
:103100000004FFFFC0000300000004FFFF400000B8
:1031100000000004FFFF74444444444447FFFFFFA1
:10312000FFFFFFFFFFFFFF6FFFFFFFFFFFFFFFF648
:10313000000006900000000001FF40000000006F4A
:10314000FA000000000DFFF200000005FFFF9000F4
:103150000000EFFFFF3000009FFFFFFD00005FFF5A
:10316000FFFFF9000EFFFFFFFFF307FFFFFFFFFF69
:10317000A0CFFFFFFFFFFF0FFBFFFFFFFFF2FF4AA4
:10318000FFFFFFFF2CF84FFFFFFFF07FF25CFFFF18
:10319000FB00EFE508FFFF3002EFFFFFFF500001EB
:1031A000AFFFFB3000000003310000006B90000017
:1031B00003A29FE000004FF99FE00005FFFA9FE0A7
:1031C000006FFFFA9FE007FFFFFA9FE08FFFFFFA13
:1031D0009FE9FFFFFFFA9FFFFFFFFFFA9FFFFFFF3F
:1031E000FFFA9FFEFFFFFFFA9FE1DFFFFFFA9FE07C
:1031F0001CFFFFFA9FE000BFFFFA9FE0000AFFFA02
:103200009FE000009FFA9FE0000008F60000000029
:1032100000003A70000000000000EFFE50000000C7
:103220000000FFFFFB2000000000FFFFFFF8000090
:103230000000FFFFFFFFE6000000FFFFFFFFFFC3EE
:103240000000FFFFFFFFFFFF9100FFFFFFFFFFFFF9
:10325000FE60FFFFFFFFFFFFFFF7FFFFFFFFFFFF26
:10326000FFFAFFFFFFFFFFFFFFE2FFFFFFFFFFFF90
:10327000F800FFFFFFFFFFFB2000FFFFFFFFFD4007
:103280000000FFFFFFFF70000000FFFFFFA1000034
:103290000000FFFFD30000000000AFE600000000C8
:1032A000000002000000000000003ABBB91003ABB0
:1032B000BB91EFFFFFA00EFFFFFAFFFFFFC00FFF64
:1032C000FFFCFFFFFFC00FFFFFFCFFFFFFC00FFF72
:1032D000FFFCFFFFFFC00FFFFFFCFFFFFFC00FFF62
:1032E000FFFCFFFFFFC00FFFFFFCFFFFFFC00FFF52
:1032F000FFFCFFFFFFC00FFFFFFCFFFFFFC00FFF42
:10330000FFFCFFFFFFC00FFFFFFCFFFFFFC00FFF31
:10331000FFFCFFFFFFC00FFFFFFCFFFFFFB00FFF31
:10332000FFFB7FFFFE4007FFFFE4000000000000FE
:1033300000003ABBBBBBBBBBBB91EFFFFFFFFFFF76
:10334000FFFAFFFFFFFFFFFFFFFCFFFFFFFFFFFF95
:10335000FFFCFFFFFFFFFFFFFFFCFFFFFFFFFFFF83
:10336000FFFCFFFFFFFFFFFFFFFCFFFFFFFFFFFF73
:10337000FFFCFFFFFFFFFFFFFFFCFFFFFFFFFFFF63
:10338000FFFCFFFFFFFFFFFFFFFCFFFFFFFFFFFF53
:10339000FFFCFFFFFFFFFFFFFFFCFFFFFFFFFFFF43
:1033A000FFFCFFFFFFFFFFFFFFFB7FFFFFFFFFFFB4
:1033B000FFE400000000000000004A2000000AB402
:1033C000BFE300000FF8CFFF40000FF8CFFFF5007C
:1033D0000FF8CFFFFF600FF8CFFFFFF70FF8CFFF19
:1033E000FFFF9FF8CFFFFFFFFFF8CFFFFFFFFFF8C2
:1033F000CFFFFFFFDFF8CFFFFFFC1FF8CFFFFFB0CD
:103400000FF8CFFFFA000FF8CFFF80000FF8BFF7DB
:1034100000000FF87F6000000FF7000000000000C0
:1034200000000002CA100000000000002EFFC000D3
:103430000000000001EFFFFB00000000001DFFFF87
:10344000FFA000000000CFFFFFFFF90000000BFF0E
:10345000FFFFFFFF700000AFFFFFFFFFFFF6000858
:10346000FFFFFFFFFFFFFF400FFFFFFFFFFFFFFF1B
:10347000B00AFFFFFFFFFFFFFF60003444444444F5
:103480004442000377777777777777100FFFFFFF56
:10349000FFFFFFFFB00FFFFFFFFFFFFFFFC00FFFAA
:1034A000FFFFFFFFFFFFB00CFFFFFFFFFFFFFF70FD
:1034B00000000000000000000000000000410000CB
:1034C00000009FD00000009FFF2000009FFF5000E1
:1034D000009FFF5000009FFF5000009FFF50000022
:1034E0009FFF5000000EFFD10000003EFFC1000012
:1034F000003EFFC10000003EFFC10000003EFFC1D2
:103500000000003EFFC00000003EFF200000003C25
:10351000600050000000009FC10000000EFFC100CD
:1035200000002EFFC10000002EFFC10000002EFF92
:10353000C10000002EFFC10000002EFFC0000000EF
:10354000AFFF2000009FFF5000009FFF5000009F32
:10355000FF5000009FFF5000009FFF6000000EFF23
:10356000600000003D5000000000000039910000A4
:1035700000000000CFF8000000000000DFF90000AC
:1035800000000000DFF9000000000000DFF900008B
:1035900000000000DFF9000000367777EFFC777756
:1035A00061EFFFFFFFFFFFFFFAFFFFFFFFFFFFFFDE
:1035B000FBAEFFFFFFFFFFFFE6000000DFF90000AA
:1035C00000000000DFF9000000000000DFF900004B
:1035D00000000000DFF9000000000000DFF900003B
:1035E000000000009FF50000000000000110000036
:1035F000003666666666666661EFFFFFFFFFFFFFE7
:10360000FAFFFFFFFFFFFFFFFBAFFFFFFFFFFFFF23
:10361000F6000000036887400000000000008EFFF5
:10362000FFFFF92000000004EFFD6325BFFF7000DD
:103630000007FFFA0000007FFFA00006FFFD000862
:10364000FC209FFFA002FFFF50008FFE12FFFF60D3
:10365000CFFFF2167FFFF50EFFFE1EFFFF12FFFFEA
:10366000FF70DFFFF26FFFF30EFFFFF30FFFFB00B2
:10367000BFFF904FFFF805FFFE1001DFFF402884D9
:1036800001EFFF300001BFFF600004EFFD300000DC
:10369000006EFFFBBEFFF9000000000005ADFFEB70
:1036A000710000004A100000000000000000000E41
:1036B000FE300000000000000000005FFF60001509
:1036C000787400000000002DFFA6DFFFFFFFA200BE
:1036D0000000000AFFFFE8325BFFF8000000000670
:1036E000FFF6001006FFFB0000000003EFF87FD399
:1036F00009FFFB00001E7001BFFEFFF21FFFF70075
:1037000009FFA0008FFFFF70DFFFF100CFFFD100A6
:103710005FFFF90CFFFF3005FFFF60002DFFB0EFEA
:10372000FFB0000AFFFC00000AFFEFFFE100000C01
:10373000FFF6000006FFFFF30000000AFFF810008C
:1037400003EFFA0000000005EFFFCB8001BFFB1084
:10375000000000005ADFFE70008FFE300000000005
:1037600000000000005FFF300000000000000000CB
:10377000002DE1000000000000000000000100003A
:1037800000000001CD4000000000000000000AFF22
:10379000E000000000000000004FFFF80000000003
:1037A00000000000DFFFFF1000000000000006FF27
:1037B000FFFFA00000000000000EFFFFFFF300006D
:1037C000000000008FFB338FFC000000000002FFB0
:1037D000F9006FFF60000000000AFFFA006FFFE0D1
:1037E000000000004FFFFB007FFFF800000000DF3B
:1037F000FFFC008FFFFF10000006FFFFFD009FFF92
:10380000FFA000000EFFFFFFCBFFFFFFF300008FC4
:10381000FFFFFC008FFFFFFC0002FFFFFFF9004FDE
:10382000FFFFFF600AFFFFFFFE42CFFFFFFFE00F39
:10383000FFFFFFFFFFFFFFFFFFF309FFFFFFFFFF9A
:10384000FFFFFFFFD00023333333333333333300F1
:103850000000000000000140000000000000000720
:10386000F90012221000000129FF90FFFFE2000082
:103870006FFFFFF8FFFFFE2005FFFFFFFD9AADFF82
:10388000D05FFFBDFFE20000CF44FFF908FE20003B
:1038900000044FFF9004D200000003FFFA00001064
:1038A0000000003FFFA19106F6000002EFFB0CFCB8
:1038B00008FF60EFFFFFB01DFFFFFFF6FFFFFC00FA
:1038C00002EFFFFFFEDDDDB000002DDEFFF50000A2
:1038D0000000000008FF5000000000000006F50096
:1038E00000000000000000000000000004200000B4
:1038F000000000005FE2000000000005FFFE200065
:103900000000006FFFFFE300000006FFFACFFE306B
:1039100000006FFF900CFFE30006FFF90000CFFEF0
:10392000305FFF9000000CFFE2AFF900000000CF15
:10393000F61B80000000000B900320000000000335
:10394000206FE2000000005FF2AFFE20000005FFE4
:10395000F61CFFE300005FFF9001CFFE3005FFF98A
:1039600000001CFFE35FFF90000001CFFFFFF900A4
:103970000000001CFFFF900000000001CFF90000D4
:10398000000000001B900000000000260000000066
:1039900000000000000002EFA00044444444420044
:1039A00000003EFFFA04FFFFFFFFFD000003EFFFF2
:1039B000FFA0AFFFFFFFFE00000EFDEFCFF80000FD
:1039C0000005FE00000BE2DF67F500000005FE00C9
:1039D000000000DF600000000005FE00000000DFC6
:1039E000600000000005FE00000000DF6000000035
:1039F0000415FE03200000DF600000006FD6FE4FBC
:103A0000F10000DF944444413FFFFFFFC00000DFAE
:103A1000FFFFFFFF24FFFFFC1000009FFFFFFFFEE2
:103A2000304FFFC000000000000000000004FC0058
:103A3000000000000000000000001000001788884F
:103A4000840000000000CFFFFFFF5000000000FFD7
:103A5000FFFFFFF644444430FFFFFFFFFFFFFFFF7F
:103A6000FAFFFFFFFFFFFFFFFFFFFFFFFFFFFFFF6B
:103A7000FFFFFFFFFFFFFFFFFFFFFFFFFFFFFFFF56
:103A8000FFFFFFFFFFFFFFFFFFFFFFFFFFFFFFFF46
:103A9000FFFFFFFFFFFFFFFFFFFFFFFFFFFFFFFF36
:103AA000FFFFFFFFFFFFFFFFFFFFFFFFFFFFFFFF26
:103AB000FFFF7FFFFFFFFFFFFFFFF6000000004753
:103AC0000000000000000004FF9000000000000063
:103AD0004FFFF9000000000004FFFFFF900000000E
:103AE000004FFFFFFFF900000004FFFFFFFFFF9002
:103AF00000000CFFFFFFFFFFF1000000112FFFF798
:103B00001110000000001FFFF60000000000001F61
:103B1000FFF60000000000001FFFF600000000009C
:103B2000001FFFF60000002444421FFFF624444219
:103B3000FFFFFC08BBA2CFFFFFFFFFFFA5555AFF09
:103B4000FFFFFFFFFFFFFFFFFFFFFFFFFFFFFFFF85
:103B5000FF66C4FFDFFFFFFFFFFFFFFFFD00000068
:103B600000000000000000000000000002B841005A
:103B70000000000000009FFFFB0000000000001F8D
:103B8000FFFFF0000000000007FFFFFE0000000044
:103B90000000DFFFFFC000000000000CFFFFF90085
:103BA00000000000000AFFFF500000000000000CB1
:103BB000FFF100000000000003FFFA000000000019
:103BC0000000DFFF20000000000000AFFF900000B9
:103BD00004A50000AFFFD000007DFFF402CFFFE29C
:103BE0000000DFFFFFE9FFFFF300000DFFFFFFFF15
:103BF000FFE20000009FFFFFFFFFA100000006FFA3
:103C0000FFFFFC40000000002FFFFD8300000000CC
:103C1000000023200000000000000000352000000C
:103C20000000001CFFFA0000019CA1AFFEFF600035
:103C30002EFFF9EF60AFB003EFFFB0EF92CF903EF1
:103C4000FFFA007FFFFFE6FFFFA00008FFFFFFFF76
:103C5000FA00000001CFFFFFA0000000003FFFFFBF
:103C60001000000036EFFFFFD100001CFFFFFFFF38
:103C7000FD1000AFFEFFC2DFFFD100EF60AFA01C60
:103C8000FFFD20EF92CFA000CFFFE27FFFFF4000BB
:103C90000BFFF908FFE5000000585000010000008C
:103CA00000000000006FFFFFF168000000AFFFFFA1
:103CB000F17F800000AFFFFFF17FF83662AFFFFFBA
:103CC000F13666FFF6AFFFFFF62222FFF6AFFFFFE9
:103CD000FFFFFEFFF6AFFFFFFFFFFEFFF6AFFFFFA8
:103CE000FFFFFEFFF6AFFFFFFFFFFEFFF6AFFFFF98
:103CF000FFFFFEFFF6AFFFFFFFFFFEFFF6AFFFFF88
:103D0000FFFFFEFFF6AFFFFFFFFFFEFFF6AFFFFF77
:103D1000FFFFFEFFF76FFFFFFFFFFAFFFE3000001F
:103D2000000000FFFFFFFFFFF10000EFFFFFFFFFBC
:103D3000F0000014444444442000000566666666B2
:103D4000640000CFFFFFFFFFFF9000FFEDDDDDDD32
:103D5000EFF900FF400000000FFF90FF400000005F
:103D60000EFFF6FF400000000EFFF9FF40000000CC
:103D70000FFFF9FFFFFFFFFFFFFFF9FFFFFFFFFF4F
:103D8000FFFFF9FFFFFFC57FFFFFF9FFFFFE000503
:103D9000FFFFF9FFFFFA0001FFFFF9FFFFFD00043D
:103DA000FFFFF9FFFFFF934DFFFFF9FFFFFFFFFF4D
:103DB000FFFFF88FFFFFFFFFFFFFE3012222222218
:103DC0002221007999999999999995FFFFFFFFFF11
:103DD000FFFFFCDFFFFFFFFFFFFFFA000000000016
:103DE00000000000000000000000000000000000D3
:103DF000000000EFFFFFFFFFFFFFFAFFFFFFFFFFE5
:103E0000FFFFFB688888888888888400000000009D
:103E1000000000000000000000000067777777775F
:103E2000777774FFFFFFFFFFFFFFFBEFFFFFFFFF51
:103E3000FFFFFA0000000000000000034444444477
:103E400044444430AFFFFFFFFFFFFFFFFAFFFFFFD7
:103E5000FFFFFFFFFFFFCFFFFFFFFFFFFFFFFC0A9A
:103E6000FFFFFFFFFFFFFFA0A16FFFFFFFFFFFF6B8
:103E70003DFE42DFFFFFFFFD26FFFFF919FFFFFFB9
:103E800091BFFFFFFFD35FFFE54EFFFFFFFFFF7115
:103E90009917FFFFFFFFFFFFFD77DFFFFFFFFFFF2A
:103EA000FFFFFFFFFFFFFFFFFFFFFFFFFFFFFFFF22
:103EB0007FFFFFFFFFFFFFFFF600AFFFFFA0000047
:103EC0000FFFFFFB000001FFFFFF6000003FFFFF4F
:103ED000F1000005FFFFFB0000008FFFFFA555402C
:103EE0000AFFFFFFFFFF30CFFFFFFFFFC00EFFFF06
:103EF000FFFFF300EFFFFFFFFA00012223FFFF1097
:103F00000000004FFF7000000008FFE0000000000C
:103F1000CFF5000000000FFC0000000003FF3000A0
:103F20000000007F900000000007E100000000009A
:103F3000000000000000008D90000000008BBCFA23
:103F4000FDBB900000FFFFD0CFFFF10000FFFFF8A6
:103F5000FFFFF10000FFFFFFFFFFF10000FFFFF395
:103F60000000000000FFFF95FFFFF17900FFFF88D0
:103F7000FFFFF17FB0FFFF88FFFFF17FFAFFFF88AF
:103F8000FFFFF20221FFFF88FFFFFFDDDCFFFF885C
:103F9000FFFFFFFFFEFFFF88FFFFFFFFFEFFFF8821
:103FA000FFFFFFFFFE7AAA58FFFFFFFFFE00000899
:103FB000FFFFFFFFFE000008FFFFFFFFFE000006FF
:103FC000FFFFFFFFFC0000000000000000000000F9
:103FD00008600000000000003FF000000000000644
:103FE000CFFA4000000001CFFFFFF90000000CFFF6
:103FF000FFFFFF8000005FFFFFFFFFF100009FFF5A
:10400000FFFFFFF50000BFFFFFFFFFF70000CFFF3E
:10401000FFFFFFF80000EFFFFFFFFFFA0002FFFFC6
:10402000FFFFFFFE0008FFFFFFFFFFFF403FFFFF16
:10403000FFFFFFFFD1EFFFFFFFFFFFFFFAAFFFFF23
:10404000FFFFFFFFF7000000000000000000000479
:10405000FFFF000000000000BFF7000000000000AC
:104060000210000000044444444444444444410BCE
:10407000FFFFFFFFFFFFFFFFFFE0FFFFFFFFFFFF6F
:10408000FFFFFFFF3FF404D02F00F303F00FF4FF16
:10409000405D02F00F404F00FF4FFFFFFFFFFFFFAB
:1040A000FFFFFFF4FFFF22B729A24F42CFFF4FFFD0
:1040B000F00A607902F20BFFF4FFFFDDFEDFFDEF97
:1040C000EDFFFF4FF848E444444447F45FF4FF40F9
:1040D0004D000000003E00FF4FF748E444444447D1
:1040E000F44FF4FFFFFFFFFFFFFFFFFFFF37FFFF6E
:1040F000FFFFFFFFFFFFFFA0000000000000000027
:10410000000000000000000000018B3000000000F3
:10411000000002AFFFD0000000000003BFFFFFD08F
:104120000000000005CFFFFFFF7000000006DFFF6A
:10413000FFFFFE00000017EFFFFFFFFFF800002960
:10414000FFFFFFFFFFFFF10007FFFFFFFFFFFFFF84
:1041500090000FFFFFFFFFFFFFFF20000BFFFFFF9F
:10416000FFFFFFFB0000005666667FFFFFF30000C5
:10417000000000002FFFFFC00000000000002FFF24
:10418000FF500000000000002FFFFD0000000000B5
:1041900000002FFFF6000000000000002FFFE000ED
:1041A0000000000000001FFF700000000000000081
:1041B0000CFD0000000000000000003000000000C6
:1041C00058888887060000FFFFFFFE0F9000FFFF62
:1041D000FFFE0FF900FFFFFFFE0FFF90FFFFFFFE46
:1041E0000FFFF5FFFFFFFF322221FFFFFFFFFFFF61
:1041F000F8FFFFFFFFFFFFF8FFFFFFFFFFFFF8FFE4
:10420000FFFFFFFFFFF8FFFFFFFFFFFFF8FFFFFFCC
:10421000FFFFFFF8FFFFFFFFFFFFF8FFFFFFFFFFBC
:10422000FFF8FFFFFFFFFFFFF8FFFFFFFFFFFFF8B3
:10423000FFFFFFFFFFFFF8EFFFFFFFFFFFF6144454
:10424000444444443000000000000000000000002E
:10425000000000003689A97410000000000029EF5A
:10426000FFFFFFFFC600000001AFFFFFFFFFFFFFE2
:10427000FE600006FFFFFC7543469EFFFFB108FF8E
:10428000FE710000000003CFFFE2CFFA1000000033
:104290000000004EFF40B6000059DEFEC720001BA4
:1042A00050000005DFFFFFFFFFA10000000009FF35
:1042B000FFFEDEFFFFE300000000DFFC4000028F96
:1042C000FF5000000001B6000000001B600000006D
:1042D0000000000035000000000000000000007F2A
:1042E000FE1000000000000000000EFFF6000000BD
:1042F000000000000000DFFF500000000000000090
:104300000004FFB0000000000000000000001000EA
:104310000000000004444444444444444444100A1B
:10432000FFFFFFFFFFFFFFFFFFFE10FFFFFFFFFF8D
:10433000FFFFFFFFFFF50FF400000000000000008A
:10434000FFF3FF4AFFFFFFFFFFFFFF0FFF5FF4AF29
:10435000FFFFFFFFFFFFF03FF5FF4AFFFFFFFFFFFB
:10436000FFFF00EF5FF4AFFFFFFFFFFFFFF08FF5F0
:10437000FF45888888888888880FFF5FF744444411
:104380004444444445FFC1FFFFFFFFFFFFFFFFFF21
:10439000FFF506EFFFFFFFFFFFFFFFFFFB000444F9
:1043A0004444444444444444100AFFFFFFFFFFFFD9
:1043B000FFFFFFFE10FFFFFFFFFFFFFFFFFFFFF507
:1043C0000FF40000000000000000FFF3FF4DFFFFAE
:1043D000FFFFFF60000FFF5FF4DFFFFFFFFFF6004E
:1043E000003FF5FF4DFFFFFFFFFF600000EF5FF4B0
:1043F000DFFFFFFFFFF600008FF5FF468888888803
:104400008830000FFF5FF74444444444444445FF70
:10441000C1FFFFFFFFFFFFFFFFFFFFF506EFFFFFFD
:10442000FFFFFFFFFFFFFB000444444444444444B7
:104430004444100AFFFFFFFFFFFFFFFFFFFE10FFD6
:10444000FFFFFFFFFFFFFFFFFFF50FF4000000007D
:1044500000000000FFF3FF4CFFFFFFF10000000F22
:10446000FF5FF4CFFFFFFF100000003FF5FF4CFFA0
:10447000FFFFF100000000EF5FF4CFFFFFFF10002F
:1044800000008FF5FF46888888800000000FFF5FDE
:10449000F74444444444444445FFC1FFFFFFFFFF49
:1044A000FFFFFFFFFFF506EFFFFFFFFFFFFFFFFF2F
:1044B000FB0004444444444444444444100AFFFF81
:1044C000FFFFFFFFFFFFFFFE10FFFFFFFFFFFFFFEC
:1044D000FFFFFFF50FF40000000000000000FFF3F5
:1044E000FF49FFFE00000000000FFF5FF49FFFE0A8
:1044F00000000000003FF5FF49FFFE000000000043
:1045000000EF5FF49FFFE000000000008FF5FF4424
:10451000888700000000000FFF5FF74444444444D4
:10452000444445FFC1FFFFFFFFFFFFFFFFFFFFF513
:1045300006EFFFFFFFFFFFFFFFFFFB0004444444C3
:10454000444444444444100AFFFFFFFFFFFFFFFFC1
:10455000FFFE10FFFFFFFFFFFFFFFFFFFFF50FF460
:104560000000000000000000FFF3FF40000000001A
:104570000000000FFF5FF400000000000000003F9B
:10458000F5FF400000000000000000EF5FF40000B5
:104590000000000000008FF5FF4000000000000058
:1045A000000FFF5FF74444444444444445FFC1FFC7
:1045B000FFFFFFFFFFFFFFFFFFF506EFFFFFFFFF1E
:1045C000FFFFFFFFFB00000000000000781000006C
:1045D000000000000000269FFD0000000000000019
:1045E000004FEFFFF0000000000000000E802EF7EB
:1045F0000000000000200006E000000000000003B2
:10460000EFE300D70000000002A100CFFFD49F55C8
:10461000555555557FF70FFFFFFFFFFFFFFFFFFFCA
:10462000FFF5AFFFA0000BB00000003FB2009C9070
:1046300000003F3000000150000000000000BB02FD
:10464000BBB50000000000000002F99FFF800000E1
:10465000000000000003BDFFF800000000000000A3
:1046600000003FFF8000000000000000000000008C
:1046700000000000017BDDB82000005FFFDFFFF6D7
:104680000004FFFF68FFFF400EFFFF609FFFD04F59
:10469000FFFF6009FFF38FF6BF61C09FF7BFF60B06
:1046A00060E25FF9DFFF502033FFFBEFFFF5002EE4
:1046B000FFFCEFFFFC007FFFFCDFFFD10009FFFCE8
:1046C000CFFC145090AFFBAFF24F60F32FF96FFDAA
:1046D000FF7052EFF61FFFFF702EFFF109FFFF7210
:1046E000EFFF9000BFFFAEFFFD100005CFFFFD8084
:1046F0000000000011000000000005888830000064
:1047000056667FFFFFE66663FFFFFFFFFFFFFFFBCD
:10471000CDDDDDDDDDDDDDD803444444444444200B
:104720000EFFFFFFFFFFFFA00EFFFFFFFFFFFFA039
:104730000EFF1FF6AFC4FFA00EFF0FF59FB3FFA043
:104740000EFF0FF59FB3FFA00EFF0FF59FB3FFA065
:104750000EFF0FF59FB3FFA00EFF0FF59FB3FFA055
:104760000EFF0FF59FB3FFA00EFF0FF59FB3FFA045
:104770000EFF1FF6AFC4FFA00DFFFFFFFFFFFF906E
:1047800008FFFFFFFFFFFF40002444444444310082
:10479000000000000000008A30000000000000005F
:1047A000BFFF30000000000000BFFFFF300000002E
:1047B000000034FFFFFD0000000000BF44FFFFE0E9
:1047C00000000000BFFF44FFF400000000BFFFFF37
:1047D00044F400000000BFFFFFFF4100000000BFE5
:1047E000FFFFFFF400000000BFFFFFFFF400000028
:1047F00000BFFFFFFFF400000000BFFFFFFFF40059
:10480000000000BFFFFFFFF4000000008FFFFFFF6C
:10481000F4000000000AFFFFFFF40000000000CFDA
:10482000FFFFF400000000000EFFFFF40000000096
:104830000000FFFFD4000000000000023100000073
:10484000000000000000000057888888888888726F
:10485000000000AFFFFFFFFFFFFFFFF20000BFFF00
:10486000FFFFFFFFFFFFFF7000BFFFFFF8AFFFA8D4
:10487000FFFFF800BFFFFFFA00AFA00AFFFF80BFF5
:10488000FFFFFFF3006003FFFFF8AFFFFFFFFFF341
:104890000003FFFFFF8EFFFFFFFFFF90009FFFFF62
:1048A000F84FFFFFFFFFA00000AFFFFF804FFFFFAB
:1048B000FFB003E300BFFFF8004FFFFFFE23FFF34D
:1048C0002EFFFF80004FFFFFFEFFFFFEFFFFF70000
:1048D000004FFFFFFFFFFFFFFFFF5000003DFFFF06
:1048E000FFFFFFFFFF900001CFFFFFFE60001CFFF6
:1048F000FFFFFFF200CF47F4D84FF50CFF03E0C5F0
:104900000EF5CFFF03E0C50EF5FFFF24E2C62EF53E
:10491000FFFFFFFFFFFFF5FFFFFFFFFFFFF5FFFFBB
:10492000FFFFFFFFF5FFFFFFFFFFFFF5FFFFFFFFAB
:10493000FFFFF5FFFFFFFFFFFFF5FFFFFFFFFFFF9B
:10494000F5FFFFFFFFFFFFF5FFFFFFFFFFFFF5FF95
:10495000FFFFFFFFFFF5EFFFFFFFFFFFF35FFFFF2D
:10496000FFFFFFA001344444444200000000000067
:1049700000000003000000000000000005F100003E
:10498000000000000005FF10003E9000000000BF86
:10499000F1004FFB000000000BFF105FFFB00000B4
:1049A0000000BFF16FFFFFFFFFFFFFFFFF1DFFFFD5
:1049B000FFFFFFFFFFFFF13EFFFECCCCCCCCCCCA0B
:1049C000002EFFB0000000000000001DFB000000F2
:1049D00000000000001B600000000000000000005C
:1049E00000000000000000000000D00400000000F3
:1049F0000000D004030D0100140010070506010794
:104A00002300A00C0D0D00007800300B0B1200FEEF
:104A1000DB00300F0F0D00003D01600C0D0E00FF9C
:104A20009801C003020601079E011006051201FC51
:104A3000CB011006051200FCF8013007070700073C
:104A40001102800A090901023A021004040600FD5D
:104A50004602E006050201044B02100404030000B4
:104A6000510250060812FFFE9902000C0C0D0000C6
:104A7000E702B006050D00000803500A0A0D000009
:104A80004903500A0A0D00008A03100C0C0D0000A7
:104A9000D803500A0A0D00001904200B0B0D00006A
:104AA0006104C00A0B0D0000A904900B0B0D00005F
:104AB000F104200B0B0D000039051004040A00005E
:104AC0004D051004040D00FD6705800A0909010267
:104AD0009005800A09070103B005800A090901024F
:104AE000D905500A0A0D00001A06A012121100FC86
:104AF000B306300D0F0DFF001507A00D0C0D0100C2
:104B00006307000D0D0D0000B807E00E0D0D01004C
:104B10000D08100C0B0D01005508700B0A0D01005B
:104B20009608E00D0D0D0000EB08A00E0C0D010025
:104B300039099005030D01004D094009090DFF00D9
:104B40008809F00C0C0D0100D609B00A0A0D01000D
:104B5000170A30110F0D0100790AA00E0C0D01008B
:104B6000C70A200F0F0D0000290B000D0C0D0100CE
:104B7000770B200F0F1000FDEF0B100D0C0D010037
:104B80003D0C300B0B0D0000850C900A0B0D000046
:104B9000CD0C400E0C0D01001B0DD00C0E0DFF00B6
:104BA000760D4014140D0000F80D200C0C0D0000C3
:104BB000460EA00B0D0DFF009B0ED00B0C0D000040
:104BC000E90E0006051201FC160F50060812FFFE42
:104BD0005E0F0006051200FC8B0F800A0908010316
:104BE000AF0F0009090200FEB80FD00A0503020B3F
:104BF000C00FC00A0A0A0000F20F400C0B0E0100A1
:104C00003F10400A0A0A00007110400C0B0E000011
:104C1000BE10000B0B0A0000F5106006070E000026
:104C20002611700C0B0E00FC7311400C0A0E0100D3
:104C3000B9110005030E0100CE1120050612FEFC7D
:104C40000412100B0B0E010051120005030E01009F
:104C500066120013110A0100BB12400C0A0A01007F
:104C6000ED12700B0B0A00002413400C0B0E01FC1C
:104C70007113400C0B0E00FCBE136007060A010006
:104C8000DC130009090A000009147007070C000072
:104C90003314300C0A0A01006514100A0C0AFF00D4
:104CA000A1143010110A0000F614F0090A0A0000DD
:104CB0002815100A0C0EFFFC7C156009090A00007B
:104CC000A9155006051201FCD6156005031201FC5A
:104CD000F1155006061200FC2716800A090501048A
:104CE0003E169007070700065716A00504040103A7
:104CF0005F160012131300FD14170012120E0000AD
:104D000092170012121100FE2B180012120E000052
:104D1000A918600C0D0D0000FE180012131200FE01
:104D2000A9190012121300FD541A4014151100FEA7
:104D3000071B0012121300FDB21B4014150E0000D9
:104D4000451C0012121300FDF01C0009090F00FFA2
:104D5000341D800D0E0F00FF9D1D4014151200FE26
:104D60005A1E0012120E0000D81E600C0D1300FD1A
:104D7000541FC00F0C1102FEBA1FC00F101300FD0C
:104D80005220C00F101100FEDA20C00F101100FEDB
:104D90006221C00F0C1102FEC821C00F1211FFFECC
:104DA0006122400B0B1000FFB922400B0B1000FFDB
:104DB0001123C00F101100FE9923C00F100400052D
:104DC000B9234014150E00004C248016171300FD63
:104DD000272540141613FFFDF8250012121100FEBE
:104DE0009126C00F100A0002E126C00F100A00022F
:104DF00031278016180FFFFFE5270012120E000062
:104E000063280012121300FD0E2900121313FFFD78
:104E1000C329C00F101100FE4B2AC00F101300FD54
:104E2000E32AC00F101100FE6B2BC00F100F00FF04
:104E3000E32B0012120E0000612C400B0D13FFFD3E
:104E4000DD2CC00F101300FD752DC00F101300FDD9
:104E50000D2E4014150E0000A02E00121414FFFD9C
:104E6000682F800D0E1300FDED2F8016171200FE27
:104E7000BC308016170C000146318016170C00015B
:104E8000D0318016170C00015A328016170C000121
:104E9000E4328016170C00016E338016170F00FFE6
:104EA0001B34C00F0E1301FDA034C00F101300FD02
:104EB000383500121313FFFDED358016170E000074
:104EC0008E36800D0E1300FD13372012130C0001D7
:104ED0000000721F51EF58EF5BEF5CEF5DEF61EF89
:104EE00063EF65EF69EF6CEF71EF76EF77EF78EFD7
:104EF0008EEF93EF98EF9BEF9CEF9DEFA1EFA2EF6A
:104F0000A3EFA4EFB7EFB8EFBEEFC0EFC1EFC4EF70
:104F1000C7EFC8EFC9EFCBEFE3EFE5EF14F015F003
:104F200017F019F030F037F03AF043F06CF074F00D
:104F3000ABF03BF190F191F192F193F194F1D7F153
:104F4000E3F13DF254F2AAF412F7F2F72000000068
:104F50005F000100000000000000000000000200EF
:104F6000B0000000F3F76000D04E0308000000001E
:104F70003E000300000001020003040502060708CA
:104F8000090A090A0B0C000D0E0F101112130C1454
:104F9000140000001516171819161A1B1C1D1D1ECB
:104FA0001F201D1D1621222303241E252526272808
:104FB000292A2B002C002D2E2F303132332D343462
:104FC00035302D2D2E2E36373839333A3A3B3A3C90
:104FD000290000093D090000000000000000000059
:104FE00000000000000000000000000000000000C1
:104FF00000000000000000000000000000000000B1
:1050000000000000000000000000000000000000A0
:105010000000000001020003040502060708090A57
:10502000090A0B0C0D0E0F10110C1213141515009C
:10503000000016171819171919191719191A19191B
:10504000191917191719031B1C1D1D1E1F202122BA
:10505000230024002526272727002726282926265F
:105060002A2A272A272A2B2C2D2E2E2F2E300000DD
:1050700023093109000000000000000000000000CA
:105080000000000000000000000000000000000020
:105090000000000000000000000000000000000010
:1050A0000000000000000000000000000000000000
:1050B00000010000000000000001000003000000EB
:1050C00000020000000000000000000000000000DE
:1050D00000000100000000000000000000000000CF
:1050E00000010D0008FA00000000F0EF020E0605B6
:1050F000F4020E010C030900000000000000000093
:1051000000001102FE00000000000000000000008E
:10511000000600F70000000000FA05060000FD0090
:10512000FE0300FD00FDFFFA00000000FD0000FC92
:10513000FC0000FD00FA000000000000000000FD7F
:10514000FD00FC00F800DD0000FA0006090000FA8E
:1051500003030A06FB060000F00000000000000048
:1051600000000000F500000000000000000000004A
:10517000000000F8FDF200F4FE00000000010B004A
:10518000F7FEFF0100FB0000FEEB00000000000046
:105190000000000000E9FE0B00000000000000001D
:1051A00000000000F4000000000000000000000A01
:1051B00000030000FA0000000000000000000000F2
:1051C0000000000000000B020100000000000000D1
:1051D00000000000000000000000000000000000CF
:1051E00000000000000000000000000000000000BF
:1051F000F5000000000000000000000000000000BA
:105200000000000000000002060309FD000006FD8A
:10521000F6D902080601FC000A0009000900E500B1
:10522000FD09000AFD0603000001FD0000FB170058
:10523000170009000C040509000000F5000000003B
:1052400001FE0002FBFCFA0200FD000000F4000079
:10525000000000000000000000ED00000000000061
:1052600000000000000000000001F000EE0000005F
:1052700000FE001DFDFC0303FD00FC030000F10027
:1052800000000000000000000000E4000300000037
:10529000000000000000000000EE00110000F5001A
:1052A0000A00ECE4ECFA090000ED0003F900FC0050
:1052B00000000000000000000000000709DD000001
:1052C000000000000000000000000E0002000000CE
:1052D00000000202FDFA00FFFFFD0000FE000000DA
:1052E000FA00FE00F9FA00F9F6F6FB00FA00FA00FF
:1052F000000000FE0000030002FD000100000003AA
:10530000FE000000FE0303FF000000FB00FF0000A2
:10531000000000010004FE00FD00FB0000FE00098B
:105320000000FD0000000000FF01FEFE0000FD0087
:10533000FD000000000000000000FFFF00FDFD0078
:1053400000000000010000FE00FDFDFD0000000067
:105350000000000000FE00000000FEFC00FC00F762
:10536000FEF7060000FA03060800F9FFFD00FFF251
:1053700003FE02F103000001F100F1FEE7FE00F27E
:105380000006080004000000000100FBFC00F7001C
:105390000000FD000000FD0000000000FFFF00FF16
:1053A000FC00000000000000FDFD00FEFDFE00000E
:1053B000FD0000000000000000000000FEFE00FDF7
:1053C00000FE00FA030000FD0103030000000000DE
:1053D00000FE0000000000020000FD00FDFEFD00D8
:1053E0000000000000000200FE00000000FDFC00C4
:1053F000FB0009FE01F7000008F2F1F4FA0300FED9
:10540000EDFB00FB00FA04FBEE00F8000001FF02D8
:10541000FE000300F7F500F2F9FAF9F7FDF8FFFBDB
:10542000F802000100FD000000020003000000007F
:1054300000000000000000FD00FF00FFFD00FBFA7F
:10544000FAFF00F7000000000000FE00000000016D
:10545000FE0000000300000000000000000E00003D
:105460000000000002000000FD000000000000003D
:1054700000000000FB00030000000000000000002E
:1054800000000000FE000000FB00000000F2F7003A
:105490000000FCF20000FD0300F800000000000026
:1054A00000000000FB0000FB000000000000000006
:1054B000000000000300FB00000000030002FAFAF5
:1054C00000FDFDFD000000000000F700FD00FCFDF8
:1054D00000FAF9F7FE00FA00F700000000170000DC
:1054E000010000FC000300F40000000000E5FB0ADE
:1054F00009FEF40003FC00F2FFFC03ECFD040004D1
:10550000F6FCF5F6F40000EF00100000FF000000CC
:10551000FFFFFDF8F6FFE5000000000000000000BE
:10552000010000000000000000000000000000007A
:1055300000FD00FFFDFC0000FA00FD00000000007F
:1055400000000000000000000000FF00FA0000065C
:10555000FF0400FA03FEFFF9FD00FCFDFE00FCFB6A
:105560000000FEFFFEFBFD0000FD0003FE00FA0050
:105570000000FA00FB00FBFB03000000000000003D
:1055800000FA0300FC00FEFDF7FEFEFEFFFEFDFF3D
:105590000000000000FDFEFE0000000003FE00FE13
:1055A000000000FEFDFEFDFDFD00020CFF00F80006
:1055B000FE0600FDF4FC040000F2FB03FB0200FE0B
:1055C000FEF700FC010000FB0000000303FAFB00F3
:1055D000FBFDFCFDFD00FB01FBFB090000000000E2
:1055E00000000000030000000000000000000000B8
:1055F000000000000000000000000000FB000000B0
:10560000000000000000000000000000000000009A
:10561000000000000000000000000000000000008A
:105620000000000000000000FE000000000000007C
:10563000000000000000000000000000000000006A
:10564000000000000000FEFD00000000000000005F
:1056500000000000FC0000FC0000FDFD0000000058
:10566000FD00000000FF0000000000FE0000000040
:10567000FC00FA000000F60002FA0601FEF200004B
:10568000FAFD00F4F9F80000F4FDF4F5F200F90079
:105690000213FC00F9FDFFFDFBF8FBF5F4F9FD003A
:1056A00000FE00010000ECFD0906FAF50001F7001C
:1056B000F2FEFD06E6FC010000EDFDF1FDEB000051
:1056C000EC00110100FE00000000FFFEF5FE00ED01
:1056D00000000000F700FD00FFF8F20000FFFCF7FB
:1056E000FD00FE00000000F3FDF6F7FEFBF9FDFBF8
:1056F00000FAFDF6FC00FDFBFDFB000100FEF600DC
:105700000600FB00000000030002FA0C00FDFDFD96
:10571000000000000000F700FD00FCFD00FAF9F7B2
:10572000FE00FA020C00000000170000010000FC5F
:1057300000030000000000000000FF000000000067
:10574000FEFA0000000000FF000000FDFD0000FA6E
:10575000FD0000FA0005FF0000000000000100004D
:105760000000040602FD00F7FB0009F6F7FAFA0C48
:105770000503E7FE06FD00FD03FDF600FD03FCFE4C
:10578000F7FE0000090600F800F0FC08FCF501FC3B
:10579000F6F6FD0C0300FC00F800020AF9F5F4F936
:1057A000090001EBFE03FBFEF900FAF5FCFCFE002C
:1057B00000F9FAFD000907FDF000F0FC00F6EFFF2C
:1057C000F7FBF6F8080000FC00FAFD00FDFB000501
:1057D000F6030000F100FDFAFBFEF7F9F6F900F719
:1057E000FDF9FBF7FD0000010EFB00F7FD00FDFADF
:1057F000F9F8F8F5FCFA0600FC00F2FD0206F7F5F0
:10580000FAF60AFD01E5FB06FAFBF500F7F4FDFDEB
:10581000FEFDFAF7FF00000908FEED00EFF907F5BD
:10582000ECFAF6F4F2F60600000000FD000003FDBD
:105830000602FB060000F7FF00FF000101FE00006A
:1058400000000000FD0000000002090100FD000052
:105850000000FEFEFD00000001020000000002004A
:10586000FE000B00050101FC000600000002000024
:105870000000000000000000000900080000000017
:1058800000000000000000000000EF00FD0500091E
:1058900000001D03FAFA0303FE01F200000EEF0000
:1058A00000000000000000000000EC0B28000000D9
:1058B000000000000000000000EF000000000000F9
:1058C00000000000000000000000000000000000D8
:1058D00000000000FB0000FBFD00000000000000D5
:1058E000000000000000000000000000FE00F800C2
:1058F000000100000325FAFE0908F8030000030375
:10590000FC0000000000000000000000DB080000B8
:10591000000000000000000000000000000000F88F
:10592000000000F800000000FAFF000000FA00FD8F
:1059300000F20000000000000000000000ED000088
:10594000000001000000000000FD0000FB00FC0062
:10595000F8000000FB03FD0000F8FDF90000F8006E
:10596000FD00F200FD0000E9FBF4FDF60000ED0093
:10597000F8FF0000000000000000FCFBFEFB000040
:105980000000FA00FA04FD0600FEF9FEFBFB00FD34
:10599000FFFE02F8FF000000E7FEFC00FA00FEF246
:1059A000FD0000FEFE000000000200FEFBFE050000
:1059B00000000000000000000000000000000000E7
:1059C00000000000000000000000000000000000D7
:1059D00000000000000000000000040000000000C3
:1059E00000FA00FE000000FA03000000F8FDFA00D3
:1059F00000F800FD00F200000000E400FAF5F200FB
:105A000000ED00FEFC0000000000000000FDFCFFB7
:105A1000FC01000005FC00090EFDFDF7030E050664
:105A2000F8030C0308060800000000000000000056
:105A30000000120EFBFD00FE170C17000000030013
:105A4000000B0000FB000000000000000000FE0052
:105A5000000000000000000400000000E8FDFEF46B
:105A6000F20000ED00000000000000000000000057
:105A70000000000000FB000000000000000000FE2D
:105A800000000000000000000400000000E8FDFE2F
:105A9000F4F20000F400000000000000000000002C
:105AA0000000000000000000FE000000F90300FDFF
:105AB000020503F700FFFE03000200000000F900EA
:105AC000FDFEFA00FDF40012FD00FAFE00FEFB00F0
:105AD000FDF8FAFD000000FB0000000000000000DF
:105AE00000FE00000000000000000400000000E8CC
:105AF000FDFEF4F20000ED0000000000000E0000CA
:105B00000000000000000000FB00F7FDFD09FDFDA6
:105B1000F401FE01FEF8010601020102F9F4FD00A4
:105B2000F5FBF8F4F500FBFAFDFCFEFEFDFE00FEC1
:105B3000FF040004FE000900000000000000000057
:105B4000000000FEFDFD0000F800FF00FB0000006B
:105B50000000000000000000EF0000000000000056
:105B600000000000FDFD00FC00000000FE0000FB46
:105B7000FD0300FBFBFE00F8FEFAFEFD00FB00004B
:105B8000000000000000000000ED00090000FB0024
:105B9000000000FC00FD0000FF0000FE00F9000016
:105BA0000CFCF6F7020303FFF802040209020AFEE6
:105BB000F80000F40000F7F80000FA00FCFB00FC1D
:105BC00000FC00FE0400FEF7FD0B0000FD00FA00E3
:105BD0000004F90003FD020000F600FEFF00FD03D3
:105BE000FE000000F4FDFA00F70000F2000BFD00DB
:105BF000FB000200FD00FDF700FD0300000000FEB9
:105C0000000003FC010000FDFE00FD00000000009C
:105C1000000000000000000000000000EE00060090
:105C200000FE000000000100FDFD0000000600076E
:105C30000000000000EEF0010C0905F4020C000B5E
:105C4000000600000000000000000000000F00003F
:105C50000000000000000000000000000000000044
:105C6000B0500308744F0308125003083D31000080
:105C700058120308E04903084C4F0308605C03080E
:105C8000100002289803002069A301088DA20108D2
:105C90001500040000FF0100705C03080000000014
:105CA00000000000F206E8EC993661D63A9624BE70
:105CB000055E05FA04B14D6A8E09CEE7FF47FE0086
:105CC000FCC0FAA47AA963F19CF3EA8AE38EECD3D0
:105CD000FE7AFF5DEA0FF312F476FDDAFF3DAA3794
:105CE000BB59CC9BE5FCF73E7AB893B9B4FBD63DE3
:105CF000EF3E5B587C399D5BC65DEF5E453E65BE01
:105D0000965FBEFFE79F2DBE4E1E86BFB73FE7BF23
:105D1000263B4E9C86FDB75EE7BF25334DB58658C2
:105D2000B6FBE79E65CD8630A6B4CF39EFBD9E6C3D
:105D3000AEB0C714DF79F7DDD70ADF2EE773F7B807
:105D4000FFDCFF6BFF8EFFB3FFD8FFFCFE45FEA913
:105D5000FF10FF76FFDCFD24FDA9FE70FF16FF9CFF
:105D6000FB88FC4CFD52FE77FF5C8B6CA44FBD544E
:105D7000D679EF5D7C939535B5F8CEDBEF7EBDF738
:105D8000E71CEF7DF7BEFFDFE1C6D165C145B0E39B
:105D9000D8CCC0CBA8AA8869893578F468D348B133
:105DA00059B65175413430D23A5531F329B2190FF1
:105DB0001C5C1BBA13380A3404DC045A03B702B360
:105DC000057804B40411030C044F03CD034B02689F
:105DD00045083C672BE61AE47D886CE7544533435D
:105DE000C646ADA59CE483A2FEC6FE05FD44F3E2D3
:105DF000FD80FD00FC60FB60FC60F3E0EB60E28096
:105E0000F283E243DA02B9A16A685A0649A5392445
:105E1000536F42CC3229218773AE630C42082104B0
:105E200000003C027804B306EE08280B610D990FC0
:105E3000D01106143A166C189D1ACB1CF71E21219E
:105E400048236C258E27AC29C72BDF2DF32F033277
:105E5000103418361C381C3A173C0E3EFF3FEC41FC
:105E6000D443B64593476A493C4B084DCD4E8D50BF
:105E70004652F953A5554B57EA58825A135C9C5D1C
:105E80001F5F9A600D627963DD6439668D67D9683A
:105E90001D6A596B8C6CB76DD96EF36F04710C72FF
:105EA0000B730174EE74D275AD767F7747780679FF
:105EB000BB79677A0A7BA27B327CB77C337DA57D78
:105EC0000D7E6C7EC07E0B7F4B7F827FAF7FD27F4B
:105ED000EB7FFA7FFF7F0000000000000004040455
:105EE000040404040404040000000000060606067E
:105EF0000606050000000000000000000000000091
:105F0000000000000200000000000000000004008B
:105F10000002000202000000000000000202020273
:105F2000000200000002000000000000020000006B
:105F30000001010505050105000000000010010138
:105F4000000000001002020C0C1212000000000001
:105F5000E8AF0208434F0108000000000000000005
:105F60006D5101080000000041040000E8AF020884
:105F7000ED5901083B5A010800000000595A010878
:105F800004010D0000060000E8AF0208C75C01082C
:105F9000000000000000000000000000D127D12711
:105FA00044020000E8AF0208615D0108855D010858
:105FB000000000009D5D01080401820085030000CF
:105FC000E8AF0208019C0108899C0108000000005C
:105FD000AD9C01088200D12705040000E8AF02084B
:105FE0002FA1010861A1010800000000259E010801
:105FF0000000000080020000E8AF0208B5AC010814
:10600000E7B401080000000011B50108D127D1272D
:10601000C0030000E8AF020895BC010811BD0108EB
:106020000000000055BD0108D127D127C0040000A1
:10603000E8AF02083DCB01080000000000000000AE
:1060400069CB0108D127D127C0020000E8AF0208C0
:10605000451402080000000000000000BD14020802
:10606000D1278200C5020000146003080000000070
:1060700000000000000000002516020800000000DB
:10608000C00400006C5F0308311A02080000000021
:1060900000000000891A02080000000085070000C7
:1060A000E8AF0208372602085F2602080000000059
:1060B0006926020834001E0084020000E8AF0208CE
:1060C000C527020801280208000000006128020814
:1060D000D127D12785030000E8AF0208392C020838
:1060E000532E0208000000007D2E020804018200E9
:1060F0004406000000FF0055AAFF0011223344555A
:1061000066778899AABBCCDDEEFF00010203040587
:10611000060708090A0B0C0D0E0F101112131415A7
:10612000161718191A1B1C1D1E1F20212223242597
:10613000262728292A2B2C2D2E2F30313233343587
:10614000363738393A3B3C3D3E3F40414243444577
:10615000464748494A4B4C4D4E4F50515253545567
:10616000565758595A5B5C5D5E5F60616263646557
:10617000666768696A6B6C6D6E6F70717273747547
:10618000767778797A7B7C7D7E7F80818283848537
:10619000868788898A8B8C8D8E8F90919293949527
:1061A000969798999A9B9C9D9E9FA0A1A2A3A4A517
:1061B000A6A7A8A9AAABACADAEAFB0B1B2B3B4B507
:1061C000B6B7B8B9BABBBCBDBEBFC0C1C2C3C4C5F7
:1061D000C6C7C8C9CACBCCCDCECFD0D1D2D3D4D5E7
:1061E000D6D7D8D9DADBDCDDDEDFE0E1E2E3E4E5D7
:1061F000E6E7E8E9EAEBECEDEEEFF0F1F2F3F4F5C7
:10620000F6F7F8F9FAFBFCFDFEFF808080818182C1
:10621000828384858687898A8C8D8F9193959799BF
:106220009B9EA0A2A5A7AAADAFB2B500FF1FFF1FFE
:1062300001E001E0000000001FB3000000000000CA
:106240000EFF2000000000000CFE00000000000017
:106250000CFA00000026AB100DF804206EFFFF7052
:106260000EFEFFF41BBFF14DFFFFDFFB002FF00C14
:10627000FFF20EF8001FF0006FD00FF6001FF05372
:10628000AF900FF4002FFE60FF503FF159DFE305A0
:10629000FD006FF0AFFB100CF600BFC05F60004F59
:1062A000D001FF80000000DF31BDFF40000009F495
:1062B000004FFE0000006D200008E30000005000C9
:1062C0000000000000004E9100147CF90000000363
:1062D000FFEBEFFFFFF80000001FFFFFFFFEDD7088
:1062E000000001FFD8541000000000002FFA01FE4A
:1062F000700000000003FF800DFF40000000004F11
:10630000F600AFF22000000007FF424CFFFF7000D4
:106310000000AFF9FFFFFFEB0000000EFD0ABCFE1E
:106320006730000002FF80008FF3FF3000008FF223
:106330000009FF05F200000EF800009FF67AA500A4
:1063400008FCCCDEFFFFFFFFF304F809FFFECBAA39
:10635000999A406100033000000000000000000036
:1063600001000000000006D7001EF400000000003D
:10637000CF5004F904400000004F3025DDFFF40049
:106380000000009FFFFB87620005E800177FB583D0
:10639000000000DF7002DF9BFF2000005F510EFF56
:1063A000B86F3000000106066953A50000000047E1
:1063B0004E7CF4FF00000000D32FCAF4FC00000064
:1063C00008E02F99F3FB0000004FA05F69F3FB008A
:1063D0001008FF60AF1AF3FB00B00DFF11F90BF2CC
:1063E000FE12F506FB09D008F0DFFFFA00946C10EE
:1063F00000802CFFB2000020000000000000000020
:1064000000BC300000000000002FE0000000000091
:10641000000BD8BD3000000ABDFFFFFFC000000523
:10642000ECFE76459000009813FD8E27F700005F84
:10643000ADF9EF5FE40000096EFFF4B7000000055E
:10644000A2BF6A6EB20003AF4CFFEFC7FA0009F8B3
:106450000FFF88C087100280044FFA9BDFF46CDEC8
:10646000FFFFFFFFFEE91EFDB97FF51000000000F1
:10647000000FF20000000000001FF3000000000009
:10648000000FF10000000000000680000000000086
:106490006600000000000009FD2000000000006F01
:1064A000F6000000000005FF2022000034105FF914
:1064B000CFF70008FFEFFFFFFFF4005FFEDFF41DE2
:1064C000FF1002FF25FF72EFD0000FFEFFFFEFFB72
:1064D0000000FFCCFF55FF80000DF76FF79FF6001F
:1064E00000BFFFFFFFFF200004FDBFF57E6012002C
:1064F0000116FF0000058000006FF00000AE1000E4
:1065000004FFA3236FF900000CFFFFFFFFC0000092
:1065100007CFFFEC910004A000FB2000000000AFBB
:10652000700FF7040000001FF500EF5AF400000A96
:10653000F8A70EFDFE400008FA4BF8EFD600000861
:10654000FFFFDFEEF201B0004FE935A5DFDADF70C3
:106550000089BEFF54EFFFD40008FE9EF5631100D2
:1065600000007FA6EF3FF607400007FCAEF2FF6A8F
:10657000FF00007F76DF2FFFFF720008FFFFF2FFB2
:10658000C61091009F84DF2FF2000E800AF30DF2F7
:10659000FF844BFF00BF6CFF0DFFFFFFC005D08FD6
:1065A0009028ACCA5000000050000000000000001D
:1065B0000000057000000000ADABEFFFD000000050
:1065C00006FDA989FE000000002FFFFECF8000001D
:1065D0000000FE779EF3000000000AFCBBDC579C25
:1065E00040699ABDEFFFFFFFFF34FFFDB9AACE95CA
:1065F0004550000EFEFFFEFF500000008F95FC7F0F
:10660000F100000005FFFFECFD000000003FB4FCBE
:106610008FA000000000DFDFEAC400000000034498
:10662000EECE7000000001EFDFE986000000244597
:1066300067FEABDEF60008FFFFFFEDDDDDB0000614
:1066400043100000000000000000000000000000F7
:1066500000000012101201FD900000121310FFFE46
:1066600028010012121200FDCA010012101201FDD1
:106670005A0200120F1202FEE1020012111201FD75
:106680007A030012111201FD0000EC00A21AE820AA
:1066900096225E2E303F00009F520000313F0100E5
:1066A0008866030800000000070003003462030846
:1066B000486603089866030800000000000001080F
:1066C0006004002069A301088DA2010813000300E3
:1066D00000FE0100AC66030800000000000000009E
:1066E000000A5B8EA1A28F5E0B000CD7FFFFFFFF9D
:1066F000FFFFDC0F61FFFFFFFFFFFFFFFF6893FF5E
:10670000FFFFFFFFFFFFFF99A4FFFFFFFFFFFFFF5A
:10671000FFABA2FFFFFFFFFFFFFFFFA88DFFFFFF03
:10672000FFFFFFFFFF9055FFFFFFFFFFFFFFFF563B
:1067300002B3FFFFFFFFFFFFB80500003869797A59
:1067400067340000000000000000000000000000AE
:10675000000A355B6B79786A5A3208000000000045
:106760000000000000000000000000000000000029
:1067700000001E78CAFDFFFFFFFFFFFFFFFFFCC602
:10678000741A00000000000000000000000000007B
:10679000000000001B9AFAFFFFFFFFFFFFFFFFFF53
:1067A000FFFFFFFFFFF8941700000000000000004B
:1067B000000000000000004AECFFFFFFFFFFFFFFAA
:1067C000FFFFFFFFFFFFFFFFFFFFFFE842000000AA
:1067D000000000000000000000005CFEFFFFFFFF63
:1067E000FFFFFFFFFFFFFFFFFFFFFFFFFFFFFFFFB9
:1067F000FD53000000000000000000000044FAFF0C
:10680000FFFFFFFFFFFFFFFFFFFFFFFFFFFFFFFF98
:10681000FFFFFFFFFFF73D00000000000000000049
:106820000FE6FFFFFFFFFFFFFFE082451C0B0D1E81
:106830004989E7FFFFFFFFFFFFFFE10B00000000BA
:106840000000000096FFFFFFFFFFFFF8730300004A
:10685000000000000000067EFCFFFFFFFFFFFF8C32
:106860000000000000000021FDFFFFFFFFFFF949CD
:1068700000000000000000000000000054FCFFFFCA
:10688000FFFFFFFA1A0000000000008FFFFFFFFF6C
:10689000FFFF7D000000000000000000000000007D
:1068A0000087FFFFFFFFFFFF8600000000000BF1E5
:1068B000FFFFFFFFFFE105000000000000000000F7
:1068C000000000000007E5FFFFFFFFFFED080000EC
:1068D000000058FFFFFFFFFFFF72000000000000F4
:1068E0000000000000000000000077FFFFFFFFFF36
:1068F000FF4F00000000A5FFFFFFFFFFFE18000094
:1069000000000000000000000000000000001AFE6F
:10691000FFFFFFFFFF9D00000000E8FFFFFFFFFFFC
:10692000C7000000000000000000000000000000A0
:10693000000000C8FFFFFFFFFFE000000021FFFF95
:10694000FFFFFFFF890000000000000000000000C2
:106950000000000000000089FFFFFFFFFFFF19009B
:106960000053FFFFFFFFFFFF560000000000000084
:10697000000000000000000000000054FFFFFFFFC7
:10698000FFFF4C00007DFFFFFFFFFFFF280000001E
:1069900000000000000000000000000000000024D3
:1069A000FFFFFFFFFFFF760000A1FFFFFFFFFFFFDC
:1069B0000A000000000000000000000000000000CD
:1069C00000000006FDFFFFFFFFFF9C0000C0FFFF6F
:1069D000FFFFFFEA000000000000000000000000D0
:1069E0000000000000000000E3FFFFFFFFFFB90010
:1069F00000DAFFFFFFFFFFD20000000000000000F0
:106A0000000000000000000000000000C9FFFFFFC0
:106A1000FFFFD40000EEFFFFFFFFFFC200000000F9
:106A20000000000000000000000000000000000066
:106A3000B9FFFFFFFFFFE80001FEFFFFFFFFFFB10F
:106A40000000000000000000000000000000000046
:106A500000000000A9FFFFFFFFFFFA000CFFFFFF8F
:106A6000FFFFFFA400000000000000000000000085
:106A700000000000000000009AFFFFFFFFFFFF067C
:106A800016FFFFFFFFFFFF9F000000000000000057
:106A900000000000000000000000000095FFFFFF64
:106AA000FFFFFF111BFFFFFFFFFFFF9A0000000029
:106AB00000000000000000000000000000000000D6
:106AC00090FFFFFFFFFFFF161EFFFFFFFFFFFF9678
:106AD00000000000000000000000000000000000B6
:106AE000000000008BFFFFFFFFFFFF1A1FFFFFFFEB
:106AF000FFFFFF9500000000000000000000000004
:106B000000000000000000008BFFFFFFFFFFFF19E7
:106B10001BFFFFFFFFFFFF9A0000000000000000C6
:106B200000000000000000000000000090FFFFFFD8
:106B3000FFFFFF1616FFFFFFFFFFFF9F0000000093
:106B40000000000000000000000000000000000045
:106B500095FFFFFFFFFFFF110CFFFFFFFFFFFFA4EB
:106B60000000000000000000000000000000000025
:106B7000000000009AFFFFFFFFFFFF0601FEFFFF7E
:106B8000FFFFFFB200000000000000000000000056
:106B90000000000000000000A9FFFFFFFFFFFB0056
:106BA00000EFFFFFFFFFFFC2000000000000000039
:106BB000000000000000000000000000B9FFFFFF1F
:106BC000FFFFE90000DBFFFFFFFFFFD20000000036
:106BD00000000000000000000000000000000000B5
:106BE000C9FFFFFFFFFFD50000C1FFFFFFFFFFEA66
:106BF0000000000000000000000000000000000095
:106C000000000000E3FFFFFFFFFFBA0000A3FFFF4B
:106C1000FFFFFFFF0900000000000000000000006F
:106C20000000000000000005FDFFFFFFFFFF9D00CA
:106C3000007FFFFFFFFFFFFF2800000000000000B3
:106C4000000000000000000000000024FFFFFFFF24
:106C5000FFFF78000056FFFFFFFFFFFF5500000019
:106C600000000000000000000000000000000053D1
:106C7000FFFFFFFFFFFF4F000024FFFFFFFFFFFFAD
:106C8000880000000000000000000000000000007C
:106C900000000088FFFFFFFFFFFF1C000000EBFF6C
:106CA000FFFFFFFFC4000000000000000000000024
:106CB00000000000000000C5FFFFFFFFFFE500002F
:106CC0000000AAFFFFFFFFFFFD150000000000000D
:106CD0000000000000000000000018FDFFFFFFFFA3
:106CE000FFA2000000005EFFFFFFFFFFFF6D00003E
:106CF000000000000000000000000000000072FF23
:106D0000FFFFFFFFFF54000000000EF5FFFFFFFF35
:106D1000FFDD030000000000000000000000000094
:106D20000005E2FFFFFFFFFFF10A000000000096F0
:106D3000FFFFFFFFFFFF74000000000000000000E5
:106D400000000000007EFFFFFFFFFFFF8D0000003E
:106D500000000027FEFFFFFFFFFFF63E00000000DF
:106D6000000000000000000048FAFFFFFFFFFFFCEA
:106D700020000000000000009FFFFFFFFFFFFFF466
:106D800062000000000000000000026EF8FFFFFF3C
:106D9000FFFFFF96000000000000000014ECFFFF62
:106DA000FFFFFFFFFFD271330B00000D3879DAFFD0
:106DB000FFFFFFFFFFFFE60F0000000000000000E4
:106DC000004DFCFFFFFFFFFFFFFFFFFFFFFAFBFF90
:106DD000FFFFFFFFFFFFFFFFFFFA4600000000007C
:106DE00000000000000067FFFFFFFFFFFFFFFFFF45
:106DF000FFFFFFFFFFFFFFFFFFFFFFFFFE5D000044
:106E0000000000000000000000000054F0FFFFFF41
:106E1000FFFFFFFFFFFFFFFFFFFFFFFFFFFFFFEC95
:106E20004C00000000000000000000000000000016
:106E300020A2FCFFFFFFFFFFFFFFFFFFFFFFFFFFA1
:106E4000FFFA9D1B00000000000000000000000091
:106E5000000000000000227CCDFEFFFFFFFFFFFFCF
:106E6000FFFFFDC9791E00000000000000000000C7
:106E7000000000000000000000000000000C375D72
:106E80006D7A796C5B340A0000000000000000009D
:106E900000000000000000000000000000000C3EA8
:106EA00073A7DBFFFFFFFF80000000000008386DC4
:106EB000A1D5FDFFFFFFFFFFFFFFFF800532679BAE
:106EC000CFFBFFFFFFFFFFFFFFFFFFFFFFFFFF8085
:106ED0009FFFFFFFFFFFFFFFFFFFFFFFFFFFFFFF22
:106EE000FFFFFF80A0FFFFFFFFFFFFFFFFFFFFFF90
:106EF000FFFFFFFFFFFFFF80A0FFFFFFFFFFFFFF80
:106F0000FFFFFFFFFAFFFFFFFFFFFF80A0FFFFFF74
:106F1000FFFFFFEEBF8E5E2D18FFFFFFFFFFFF801C
:106F2000A0FFE1B180501F000000000014FFFFFF30
:106F3000FFFFFF802312000000000000000000009F
:106F400014FFFFFFFFFFFF800000000000000000B3
:106F50000000000014FFFFFFFFFFFF8000000000A3
:106F6000000000000000000014FFFFFFFFFFFF8093
:106F700000000000000000000000000014FFFFFF00
:106F8000FFFFFF8000000000000000000000000084
:106F900014FFFFFFFFFFFF80000000000000000063
:106FA0000000000014FFFFFFFFFFFF800000000053
:106FB000000000000000000014FFFFFFFFFFFF8043
:106FC00000000000000000000000000014FFFFFFB0
:106FD000FFFFFF8000000000000000000000000034
:106FE00014FFFFFFFFFFFF80000000000000000013
:106FF0000000000014FFFFFFFFFFFF800000000003
:10700000000000000000000014FFFFFFFFFFFF80F2
:1070100000000000000000000000000014FFFFFF5F
:10702000FFFFFF80000000000000000000000000E3
:1070300014FFFFFFFFFFFF800000000000000000C2
:107040000000000014FFFFFFFFFFFF8000000000B2
:10705000000000000000000014FFFFFFFFFFFF80A2
:1070600000000000000000000000000014FFFFFF0F
:10707000FFFFFF8000000000000000000000000093
:1070800014FFFFFFFFFFFF80000000000000000072
:107090000000000014FFFFFFFFFFFF800000000062
:1070A000000000000000000014FFFFFFFFFFFF8052
:1070B00000000000000000000000000014FFFFFFBF
:1070C000FFFFFF8000000000000000000000000043
:1070D00014FFFFFFFFFFFF80000000000000000022
:1070E0000000000014FFFFFFFFFFFF800000000012
:1070F000000000000000000014FFFFFFFFFFFF8002
:1071000000000000000000000000000014FFFFFF6E
:10711000FFFFFF80000000000000000000000000F2
:1071200014FFFFFFFFFFFF800000000000000000D1
:107130000000000014FFFFFFFFFFFF8000000000C1
:10714000000000000000000014FFFFFFFFFFFF80B1
:1071500000000000000000000000000014FFFFFF1E
:10716000FFFFFF80000000000000000000000000A2
:1071700014FFFFFFFFFFFF80000000000000000081
:107180000000000014FFFFFFFFFFFF800000000071
:10719000000000000000000014FFFFFFFFFFFF8061
:1071A00000000000000000000000000014FFFFFFCE
:1071B000FFFFFF8000000000000000000000000052
:1071C00014FFFFFFFFFFFF80000000000000000031
:1071D0000000000014FFFFFFFFFFFF800000000021
:1071E000000000000000000014FFFFFFFFFFFF8011
:1071F00000000000000000000000000014FFFFFF7E
:10720000FFFFFF8000000000000000000000000001
:1072100014FFFFFFFFFFFF800000000000000000E0
:107220000000000014FFFFFFFFFFFF8000000000D0
:10723000000000000000000014FFFFFFFFFFFF80C0
:1072400000000000000000000000000014FFFFFF2D
:10725000FFFFFF80000000000000000000000000B1
:1072600014FFFFFFFFFFFF80000000000000000090
:107270000000000014FFFFFFFFFFFF800000000080
:1072800000000005233E50636F757B7A6B5C4D27D1
:1072900001000000000000000000000000000000ED
:1072A000001F81B3E0FDFFFFFFFFFFFFFFFFFFFFB8
:1072B000FFFFF2C0791A000000000000000000008B
:1072C00000000054FFFFFFFFFFFFFFFFFFFFFFFF76
:1072D000FFFFFFFFFFFFFFFCB22C000000000000DB
:1072E000000000000054FFFFFFFFFFFFFFFFFFFF54
:1072F000FFFFFFFFFFFFFFFFFFFFFFFA8207000016
:107300000000000000000054FFFFFFFFFFFFFFFF31
:10731000FFFFFFFFFFFFFFFFFFFFFFFFFFFFFFC1BB
:107320000E000000000000000054FFFFFFFFFFFF01
:10733000FFFFFFFBF7FFFFFFFFFFFFFFFFFFFFFF69
:10734000FFFFB9030000000000000054FED6A37C3C
:107350005539220D02000003143C6EBDFCFFFFFFF7
:10736000FFFFFFFFFF7300000000000000100F0090
:1073700000000000000000000000000000001E9C53
:10738000FCFFFFFFFFFFFFF2100000000000000005
:1073900000000000000000000000000000000000ED
:1073A000000049F2FFFFFFFFFFFF73000000000035
:1073B00000000000000000000000000000000000CD
:1073C000000000000049FFFFFFFFFFFFC9000000B1
:1073D00000000000000000000000000000000000AD
:1073E0000000000000000000ABFFFFFFFFFFFD0CEE
:1073F000000000000000000000000000000000008D
:10740000000000000000000000004DFFFFFFFFFF34
:10741000FF3B000000000000000000000000000032
:1074200000000000000000000000000008FCFFFF5A
:10743000FFFFFF5B000000000000000000000000F4
:10744000000000000000000000000000000000E854
:10745000FFFFFFFFFF6F00000000000000000000C2
:10746000000000000000000000000000000000001C
:1074700000D2FFFFFFFFFF780000000000000000C7
:1074800000000000000000000000000000000000FC
:10749000000000D8FFFFFFFFFF71000000000000A8
:1074A00000000000000000000000000000000000DC
:1074B0000000000000E9FFFFFFFFFF630000000085
:1074C00000000000000000000000000000000000BC
:1074D00000000000000013FFFFFFFFFFFF47000058
:1074E000000000000000000000000000000000009C
:1074F000000000000000000046FFFFFFFFFFFF1D2F
:10750000000000000000000000000000000000007B
:107510000000000000000000000093FFFFFFFFFFDD
:10752000E700000000000000000000000000000074
:10753000000000000000000000000005E6FFFFFF63
:10754000FFFF9E000000000000000000000000009F
:10755000000000000000000000000000005EFFFFCF
:10756000FFFFFFFF4A0000000000000000000000D5
:10757000000000000000000000000000000007D92B
:10758000FFFFFFFFFFDD0200000000000000000021
:1075900000000000000000000000000000000000EB
:1075A0007FFFFFFFFFFFFF680000000000000000FA
:1075B00000000000000000000000000000000000CB
:1075C0000036F9FFFFFFFFFFD503000000000000B9
:1075D00000000000000000000000000000000000AB
:1075E000000013E1FFFFFFFFFFFD3F000000000070
:1075F000000000000000000000000000000000008B
:1076000000000007BFFFFFFFFFFFFF8C000000002E
:10761000000000000000000000000000000000006A
:107620000000000001A9FFFFFFFFFFFFC8070000E7
:10763000000000000000000000000000000000004A
:1076400000000000000095FFFFFFFFFFFFE51900AD
:10765000000000000000000000000000000000002A
:107660000000000000000093FFFFFFFFFFFFF23368
:10767000000000000000000000000000000000000A
:10768000000000000000000093FFFFFFFFFFFFF776
:1076900040000000000000000000000000000000AA
:1076A0000000000000000000029CFFFFFFFFFFFF42
:1076B000F84B000000000000000000000000000087
:1076C00000000000000000000007ACFFFFFFFFFF0C
:1076D000FFF646000000000000000000000000006F
:1076E0000000000000000000000010C1FFFFFFFFCD
:1076F000FFFFF23E0000000000000000000000005C
:10770000000000000000000000000020D6FFFFFF86
:10771000FFFFFFE732000000000000000000000053
:1077200000000000000000000000000038E8FFFF3B
:10773000FFFFFFFFD7200000000000000000000056
:107740000000000000000000000000000058F7FFEB
:10775000FFFFFFFFFFC2120000000000000000005A
:10776000000000000000000000000000000184FF95
:10777000FFFFFFFFFFFF9D0600000000000000006C
:1077800000000000000000000000000000000DB03C
:10779000FFFFFFFFFFFFFD7300000000000000007F
:1077A00000000000000000000000000000000024B5
:1077B000D5FFFFFFFFFFFFF04A00000000000000C0
:1077C00000000000000000000000000000000000B9
:1077D0004AEFFFFFFFFFFFFFD4240000000000007E
:1077E0000000000000000000000000000000000099
:1077F000017EFDFFFFFFFFFFFFAA0B00000000005E
:107800000000000000000000000000000000000078
:107810000010B3FFFFFFFFFFFFFC7500000000003A
:107820000000000000000000000000000000000058
:10783000000030DDFFFFFFFFFFFFE63E000000001D
:107840000000000000000000000000000000000038
:1078500000000000D6FFFFFFFFFFFFC11600000081
:107860000000000000000000000000000000000018
:10787000000000000000D8FFFFFFFFFFFFB6888870
:107880008888888888888888888888888888888878
:107890008888888888888846D8FFFFFFFFFFFFFF19
:1078A000FFFFFFFFFFFFFFFFFFFFFFFFFFFFFFFFE8
:1078B000FFFFFFFFFFFFFFFFFF84D8FFFFFFFFFF7A
:1078C000FFFFFFFFFFFFFFFFFFFFFFFFFFFFFFFFC8
:1078D000FFFFFFFFFFFFFFFFFFFFFF84D8FFFFFF5A
:1078E000FFFFFFFFFFFFFFFFFFFFFFFFFFFFFFFFA8
:1078F000FFFFFFFFFFFFFFFFFFFFFFFFFF84D8FF3A
:10790000FFFFFFFFFFFFFFFFFFFFFFFFFFFFFFFF87
:10791000FFFFFFFFFFFFFFFFFFFFFFFFFFFFFF84F2
:10792000D8FFFFFFFFFFFFFFFFFFFFFFFFFFFFFF8E
:10793000FFFFFFFFFFFFFFFFFFFFFFFFFFFFFFFF57
:10794000FF84000000000000011A35506770797D47
:10795000766B583D19000000000000000000000098
:107960000000000E5696CAF4FFFFFFFFFFFFFFFF67
:10797000FFFFFFFFE9B067140000000000000000F7
:1079800000007CFFFFFFFFFFFFFFFFFFFFFFFFFF88
:10799000FFFFFFFFFFFFF9A1230000000000000030
:1079A000007CFFFFFFFFFFFFFFFFFFFFFFFFFFFF69
:1079B000FFFFFFFFFFFFFFF7720000000000000065
:1079C0007CFFFFFFFFFFFFFFFFFFFFFFFFFFFFFF4A
:1079D000FFFFFFFFFFFFFFFF990000000000007C9A
:1079E000FFFFFFFFFFFFFFF8EEE3E8F3FDFFFFFF00
:1079F000FFFFFFFFFFFFFFFF7900000000007CFAA0
:107A0000CB9A71492B10000000000005285198E620
:107A1000FFFFFFFFFFFFFFFA26000000001609002E
:107A20000000000000000000000000000000066EE2
:107A3000F3FFFFFFFFFFFFA10000000000000000B8
:107A40000000000000000000000000000000003402
:107A5000EFFFFFFFFFFFF50B00000000000000003C
:107A600000000000000000000000000000000064B2
:107A7000FFFFFFFFFFFF45000000000000000000C7
:107A8000000000000000000000000000000001E70E
:107A9000FFFFFFFFFF770000000000000000000074
:107AA00000000000000000000000000000009EFF39
:107AB000FFFFFFFF96000000000000000000000034
:107AC000000000000000000000000000007CFFFF3C
:107AD000FFFFFFA400000000000000000000000005
:107AE0000000000000000000000000006AFFFFFF2F
:107AF000FFFFA500000000000000000000000000E3
:107B0000000000000000000000000081FFFFFFFFF8
:107B1000FF940000000000000000000000000000D2
:107B200000000000000000000000A9FFFFFFFFFFB1
:107B300077000000000000000000000000000000CE
:107B4000000000000000000011F7FFFFFFFFFF3FF3
:107B50000000000000000000000000000000000025
:107B60000000000000000094FFFFFFFFFFEB070094
:107B70000000000000000000000000000000000005
:107B8000000000000063FFFFFFFFFFFF8300000015
:107B900000000000000000000000000000000000E5
:107BA0000000078CFFFFFFFFFFFFDB0B0000000062
:107BB00000000000000000000000000000000011B4
:107BC0006CE4FFFFFFFFFFFFEB2E00000000000052
:107BD00000000000000000040F1B305880BFFBFFB6
:107BE000FFFFFFFFFFFFD72900000000000000009B
:107BF0000000D4FFFFFFFFFFFFFFFFFFFFFFFFFFBE
:107C0000FFFFFFF5870800000000000000000000F3
:107C100000D4FFFFFFFFFFFFFFFFFFFFFFFFFFFF9E
:107C2000D57C1500000000000000000000000000EE
:107C3000D4FFFFFFFFFFFFFFFFFFFFFFFFFFD84263
:107C40000A0000000000000000000000000000D456
:107C5000FFFFFFFFFFFFFFFFFFFFFFFFFFFFFFFA39
:107C6000B64E030000000000000000000000D4FF3A
:107C7000FFFFFFFFFFFFFFFFFFFFFFFFFFFFFFFF14
:107C8000FFD03400000000000000000000030404E6
:107C90000407121C2846698ECDFEFFFFFFFFFFFF81
:107CA000FFFD640000000000000000000000000074
:107CB0000000000000000000156DE1FFFFFFFFFF66
:107CC000FFFE610000000000000000000000000056
:107CD000000000000000000000057FFEFFFFFFFF26
:107CE000FFF423000000000000000000000000007E
:107CF000000000000000000000005CFFFFFFFFFF2D
:107D0000FFAC0000000000000000000000000000C8
:107D100000000000000000000000A0FFFFFFFFFFC8
:107D2000FB1B00000000000000000000000000003D
:107D300000000000000000000016FCFFFFFFFFFF36
:107D40006D000000000000000000000000000000C6
:107D5000000000000000000000C0FFFFFFFFFFA5C3
:107D60000000000000000000000000000000000013
:107D700000000000000000007DFFFFFFFFFFD300B8
:107D800000000000000000000000000000000000F3
:107D90000000000000000064FFFFFFFFFFE500009F
:107DA00000000000000000000000000000000000D3
:107DB0000000000000004FFFFFFFFFFFF600000083
:107DC00000000000000000000000000000000000B3
:107DD00000000000005CFFFFFFFFFFF30000000059
:107DE0000000000000000000000000000000000093
:107DF0000000000074FFFFFFFFFFE500000000002F
:107E00000000000000000000000000000000000072
:107E1000000000B1FFFFFFFFFFC5000000000000F1
:107E20000000000000000000000000000000000052
:107E3000000EF7FFFFFFFFFF9800000000000000AA
:107E40000000000000000000000000000000000032
:107E500092FFFFFFFFFFFF5800000000000000003E
:107E600000000000000000000000000000004FFDC6
:107E7000FFFFFFFFFFF40C00000000000000000007
:107E800000000000000000000000000169FCFFFF8E
:107E9000FFFFFFFF9300180000000000000000003B
:107EA00000000000000000000348CBFFFFFFFFFFC1
:107EB000FFFFF01800E4E8B38A66442E19070000BB
:107EC00000010C1B406A9FECFFFFFFFFFFFFFFFF5D
:107ED000FF5A0000E4FFFFFFFFFFFFFFFFFFF9F67F
:107EE000FEFFFFFFFFFFFFFFFFFFFFFFFFFFFF7F23
:107EF000000000E4FFFFFFFFFFFFFFFFFFFFFFFFAA
:107F0000FFFFFFFFFFFFFFFFFFFFFFFFFC71000010
:107F10000000E4FFFFFFFFFFFFFFFFFFFFFFFFFF8A
:107F2000FFFFFFFFFFFFFFFFFFFFD0360000000055
:107F300000E4FFFFFFFFFFFFFFFFFFFFFFFFFFFF6B
:107F4000FFFFFFFFFFFFFFC557010000000000001B
:107F500091CAF2FFFFFFFFFFFFFFFFFFFFFFFFFFE1
:107F6000FFFFE7B0702300000000000000000000E9
:107F70000000112D45556571777B7E7A736551350B
:107F800011000000000000000000000000000000E0
:107F900000000000000000000000000000000000E1
:107FA000000000009EFFFFFFFFFFFFFFA00000009A
:107FB00000000000000000000000000000000000C1
:107FC000000000000000000057FFFFFFFFFFFFFF61
:107FD000FFA0000000000000000000000000000002
:107FE00000000000000000000000000020F0FFFF83
:107FF000FFFFFFFFFFFFA0000000000000000000E7
:108000000000000000000000000000000000000070
:1080100004C7FFFFFFFFFFFFFFFFFFA000000000FE
:108020000000000000000000000000000000000050
:10803000000000000086FFFFFFFFFFFFFFFFFFFFC4
:10804000A000000000000000000000000000000090
:1080500000000000000000000042FDFFFFFFFFFFE6
:10806000FFFFFFFFFFA00000000000000000000075
:108070000000000000000000000000000014E5FF08
:10808000FFFFFFF5CAFFFFFFFFFFA0000000000099
:1080900000000000000000000000000000000000E0
:1080A0000000B3FFFFFFFFFF6780FFFFFFFFFFA0A0
:1080B00000000000000000000000000000000000C0
:1080C0000000000000006FFFFFFFFFFFB00080FF17
:1080D000FFFFFFFFA0000000000000000000000004
:1080E0000000000000000000000030F8FFFFFFFF6C
:1080F000E6140080FFFFFFFFFFA00000000000006B
:1081000000000000000000000000000000000BD88C
:10811000FFFFFFFFFE45000080FFFFFFFFFFA00005
:10812000000000000000000000000000000000004F
:108130000000009EFFFFFFFFFF8E00000080FFFF9A
:10814000FFFFFFA000000000000000000000000092
:108150000000000000000057FFFFFFFFFFD00700F6
:10816000000080FFFFFFFFFFA000000000000000F4
:10817000000000000000000000000021F0FFFFFFF1
:10818000FFF62A0000000080FFFFFFFFFFA00000B5
:1081900000000000000000000000000000000004DB
:1081A000C7FFFFFFFFFF6B000000000080FFFFFF25
:1081B000FFFFA00000000000000000000000000021
:1081C0000000000087FFFFFFFFFFB4000000000079
:1081D0000080FFFFFFFFFFA0000000000000000084
:1081E000000000000000000042FDFFFFFFFFE81656
:1081F00000000000000080FFFFFFFFFFA000000064
:1082000000000000000000000000000015E6FFFF75
:10821000FFFFFF490000000000000080FFFFFFFF9C
:10822000FFA00000000000000000000000000000AF
:1082300000B4FFFFFFFFFF910000000000000000FE
:1082400080FFFFFFFFFFA000000000000000000013
:10825000000000000070FFFFFFFFFFD308000000D8
:10826000000000000080FFFFFFFFFFA000000000F3
:1082700000000000000000000030F8FFFFFFFFF8E2
:108280002D00000000000000000080FFFFFFFFFF46
:10829000A00000000000000000000000000BD8FF5C
:1082A000FFFFFFFF6E0000000000000000000080E4
:1082B000FFFFFFFFFFA00000000000000000000023
:1082C00000009FFFFFFFFFFFB7010000000000005C
:1082D0000000000080FFFFFFFFFFA0000000000083
:1082E00000000000000058FFFFFFFFFFEA1700003A
:1082F00000000000000000000080FFFFFFFFFFA063
:108300000000000000000000000021F1FFFFFFFF5F
:10831000FF4C00000000000000000000000080FF93
:10832000FFFFFFFFA000000000000000000004C8E5
:10833000FFFFFFFFFF9500000000000000000000AD
:1083400000000080FFFFFFFFFFA000000000000012
:1083500000000087FFFFFFFFFFD5090000000000BD
:10836000000000000000000080FFFFFFFFFFA000F2
:108370000000000000000043FDFFFFFFFFF92F0099
:108380000000000000000000000000000080FFFF6F
:10839000FFFFFFA00000000000000015E6FFFFFF48
:1083A000FFFF72000000000000000000000000005D
:1083B000000080FFFFFFFFFFA000000000000000A2
:1083C000B4FFFFFFFFFFBA01000000000000000043
:1083D0000000000000000080FFFFFFFFFFA0000082
:1083E0000000000058FFFFFFFFFFEB190000000036
:1083F00000000000000000000000000080FFFFFF00
:10840000FFFFA000000000000070FFFFFFFFFF85DE
:1084100038383838383838383838383838383838DC
:10842000389CFFFFFFFFFFA000000000000070FF6E
:10843000FFFFFFFFFFFFFFFFFFFFFFFFFFFFFFFF4C
:10844000FFFFFFFFFFFFFFFFFFFFFFFFFFFFFFFF3C
:10845000FFFF9C70FFFFFFFFFFFFFFFFFFFFFFFF1E
:10846000FFFFFFFFFFFFFFFFFFFFFFFFFFFFFFFF1C
:10847000FFFFFFFFFFFFFF9C70FFFFFFFFFFFFFFFE
:10848000FFFFFFFFFFFFFFFFFFFFFFFFFFFFFFFFFC
:10849000FFFFFFFFFFFFFFFFFFFFFFFF9C70FFFFDE
:1084A000FFFFFFFFFFFFFFFFFFFFFFFFFFFFFFFFDC
:1084B000FFFFFFFFFFFFFFFFFFFFFFFFFFFFFFFFCC
:1084C000FF9C70FFFFFFFFFFFFFFFFFFFFFFFFFFAE
:1084D000FFFFFFFFFFFFFFFFFFFFFFFFFFFFFFFFAC
:1084E000FFFFFFFFFFFF9C3984848484848484849D
:1084F000848484848484848484848484848484C2FE
:10850000FFFFFFFFFFD184848484845000000000BB
:10851000000000000000000000000000000000005B
:108520000000000080FFFFFFFFFFA0000000000030
:10853000000000000000000000000000000000003B
:1085400000000000000000000080FFFFFFFFFFA010
:10855000000000000000000000000000000000001B
:10856000000000000000000000000000000080FF8C
:10857000FFFFFFFFA000000000000000000000005F
:1085800000000000000000000000000000000000EB
:1085900000000080FFFFFFFFFFA0000000000000C0
:1085A00000000000000000000000000000000000CB
:1085B000000000000000000080FFFFFFFFFFA000A0
:1085C00000000000000000000000000000000000AB
:1085D0000000000000000000000000000080FFFF1D
:1085E000FFFFFFA0000000000000000000000000EE
:1085F000000000000000000000000000000000007B
:10860000000080FFFFFFFFFFA0000000000000004F
:10861000000000000000000000000000000000005A
:108620000000000000000080FFFFFFFFFFA000002F
:10863000000000000000000000000000000000003A
:1086400000000000000000000000000080FFFFFFAD
:10865000FFFFA0000000000000000000000000007C
:10866000000000000000000000000000000000000A
:108670000080FFFFFFFFFFA00000000000000000DF
:1086800000000000000000000000000000000000EA
:1086900000000000000080FFFFFFFFFFA0000000BF
:1086A00000000000000000000000000000000000CA
:1086B000000000000000000000000080FFFFFFFF3E
:1086C000FFA000000000000000000037FFFFFFFFD8
:1086D000FFFFFFFFFFFFFFFFFFFFFFFFFFFFFFFFAA
:1086E000FFFFFF800000000000005BFFFFFFFFFFB7
:1086F000FFFFFFFFFFFFFFFFFFFFFFFFFFFFFFFF8A
:10870000FFFF8000000000000080FFFFFFFFFFFF71
:10871000FFFFFFFFFFFFFFFFFFFFFFFFFFFFFFFF69
:10872000FF80000000000000A4FFFFFFFFFFFFFF2D
:10873000FFFFFFFFFFFFFFFFFFFFFFFFFFFFFFFF49
:1087400080000000000000C9FFFFFFFFFFFFFFFFE8
:10875000FFFFFFFFFFFFFFFFFFFFFFFFFFFFFF80A8
:10876000000000000000EDFFFFFFFFEDACACACAC83
:10877000ACACACACACACACACACACACACACAC56003B
:108780000000000011FFFFFFFFFFAD000000000030
:1087900000000000000000000000000000000000D9
:1087A00000000036FFFFFFFFFF8200000000000016
:1087B00000000000000000000000000000000000B9
:1087C00000005BFFFFFFFFFF5800000000000000FB
:1087D0000000000000000000000000000000000099
:1087E000007FFFFFFFFFFF2E0000000000000000E1
:1087F0000000000000000000000000000000000079
:10880000A4FFFFFFFFFC07000000000000000000C5
:10881000000000000000000000000000000000C890
:10882000FFFFFFFFDA000000000000000000000072
:108830000000000000000000000000000000EDFF4C
:10884000FFFFFFB00000000000000000000000007B
:1088500000000000000000000000000011FFFFFF0A
:10886000FFFF860000000000000000000000000084
:10887000000000000000000000000036FFFFFFFFC6
:10888000FF5C00000000000000000000000000008D
:10889000000000000000000000005AFFFFFFFFFF83
:1088A0003200000000000000000000000000000096
:1088B0000000000000000000007FFFFFFFFFFE0A35
:1088C00000000000000000000000000000000000A8
:1088D0000000000000000000A3FFFFFFFFDE00001B
:1088E0000000000000000000000000000000000088
:1088F00000000000000000C8FFFFFFFFE097B5D0B8
:10890000DCE5EDE9E2D1BB9A733E0900000000000E
:10891000000000000000ECFFFFFFFFFFFFFFFFFF74
:10892000FFFFFFFFFFFFFFFFFFF8B3580500000048
:108930000000000010FFFFFFFFFFFFFFFFFFFFFF32
:10894000FFFFFFFFFFFFFFFFFFFFFFE565020000E6
:1089500000000035FFFFFFFFFFFFFFFFFFFFFFFFEE
:10896000FFFFFFFFFFFFFFFFFFFFFFFFC21D000034
:1089700000005AFFFFFFFFFFFFFFFFFFFFFFFFFFAA
:10898000FFFFFFFFFFFFFFFFFFFFFFFFE4280000E7
:10899000007EEDC399775439220F06020813264250
:1089A0006595D5FFFFFFFFFFFFFFFFFFE01500000C
:1089B00009000000000000000000000000000000AE
:1089C0000000248AF4FFFFFFFFFFFFFFAD0000005F
:1089D0000000000000000000000000000000000097
:1089E0000000001CC2FFFFFFFFFFFFFF410000006F
:1089F0000000000000000000000000000000000077
:108A00000000000AC1FFFFFFFFFFFFB700000000EA
:108A10000000000000000000000000000000000056
:108A200000000011EDFFFFFFFFFFFC15000000003C
:108A30000000000000000000000000000000000036
:108A400000000071FFFFFFFFFFFF5B000000000060
:108A50000000000000000000000000000000000016
:108A600000000EFBFFFFFFFFFF9200000000000070
:108A700000000000000000000000000000000000F6
:108A80000000C4FFFFFFFFFFB9000000000000006E
:108A900000000000000000000000000000000000D6
:108AA000008BFFFFFFFFFFD7000000000000000069
:108AB00000000000000000000000000000000000B6
:108AC00076FFFFFFFFFFE500000000000000000050
:108AD0000000000000000000000000000000006135
:108AE000FFFFFFFFFFED000000000000000000009E
:108AF000000000000000000000000000000063FF14
:108B0000FFFFFFFFE5000000000000000000000084
:108B10000000000000000000000000000079FFFFDE
:108B2000FFFFFFD90000000000000000000000006F
:108B30000000000000000000000000008FFFFFFFA9
:108B4000FFFFBE0000000000000000000000000069
:108B50000000000000000000000000CBFFFFFFFF4E
:108B6000FF9C00000000000000000000000000006A
:108B700000000000000000000017FEFFFFFFFFFFE5
:108B8000670000000000000000000000000000007E
:108B9000000000000000000080FFFFFFFFFFFF2833
:108BA00000000000000000000000000000000000C5
:108BB00000000000000021F7FFFFFFFFFFD30000CF
:108BC00000000000000000000000000000000000A5
:108BD0000000000019D3FFFFFFFFFFFF6D00000042
:108BE0000000000000000000000000000000000085
:108BF000000039DDFFFFFFFFFFFFE5080015000063
:108C0000000000000000000000000000000001382B
:108C1000ABFFFFFFFFFFFFFFFF4F0000B8EAAF7F92
:108C200057321D0A000000010B183A6696E2FFFF5A
:108C3000FFFFFFFFFFFFFF8F000000B8FFFFFFFFF8
:108C4000FFFFFFFFFAF5FDFFFFFFFFFFFFFFFFFF45
:108C5000FFFFFFFFFF9E02000000B8FFFFFFFFFFC6
:108C6000FFFFFFFFFFFFFFFFFFFFFFFFFFFFFFFF14
:108C7000FFFFFA790000000000B8FFFFFFFFFFFFD1
:108C8000FFFFFFFFFFFFFFFFFFFFFFFFFFFFFFFFF4
:108C9000C432000000000000B8FFFFFFFFFFFFFF2D
:108CA000FFFFFFFFFFFFFFFFFFFFFFFFFDB64800D5
:108CB0000000000000000070BCE1FDFFFFFFFFFFAF
:108CC000FFFFFFFFFFFFFFFFE2A8651700000000A6
:108CD000000000000000000000072946525D687394
:108CE0007D7B746650350E0000000000000000001F
:108CF0000000000000000000000000000000000074
:108D0000000000000000000000000F2F4E636D7790
:108D1000260000000000000000000000000000002D
:108D200000000000000000002C73ACE5FFFFFFFF17
:108D3000FFFF4C00000000000000000000000000E9
:108D400000000000000000167ED6FFFFFFFFFFFFBF
:108D5000FFFFFFFF490000000000000000000000CE
:108D6000000000000000001993F6FFFFFFFFFFFF67
:108D7000FFFFFFFFFFFF46000000000000000000B3
:108D8000000000000000000167F0FFFFFFFFFFFF91
:108D9000FFFFFFFFFFFFFFFF430000000000000098
:108DA000000000000000000010B9FFFFFFFFFFFF00
:108DB000FFFFFFFFFFFFFFFFFFFF4100000000007C
:108DC00000000000000000000022D7FFFFFFFFFFAF
:108DD000FFFFFFFFFFD493694425190D0100000038
:108DE000000000000000000000001CE1FFFFFFFF8A
:108DF000FFFFFFFFD26D1700000000000000000021
:108E0000000000000000000000000012D6FFFFFF7D
:108E1000FFFFFFFFCC420000000000000000000048
:108E200000000000000000000000000000B0FFFF94
:108E3000FFFFFFFFF36201000000000000000000E0
:108E400000000000000000000000000000006AFFB9
:108E5000FFFFFFFFFFD22500000000000000000020
:108E60000000000000000000000000000000001AE8
:108E7000F4FFFFFFFFFFCA11000000000000000028
:108E800000000000000000000000000000000000E2
:108E900000A1FFFFFFFFFFD90F000000000000004E
:108EA00000000000000000000000000000000000C2
:108EB00000002DFEFFFFFFFFF42A0000000000006D
:108EC00000000000000000000000000000000000A2
:108ED00000000000A1FFFFFFFFFF76000000000080
:108EE0000000000000000000000000000000000082
:108EF000000000000019F9FFFFFFFFDC0600000082
:108F00000000000000000000000000000000000061
:108F10000000000000000075FFFFFFFFFF6A000077
:108F20000000000000000000000000000000000041
:108F3000000000000000000000CCFFFFFFFFF30C6A
:108F4000000000000000000002030000000000001C
:108F50000000000000000000000021FFFFFFFFFFF5
:108F6000AE000000001867A7D3F3FFFFF9E2C18E3F
:108F70004D090000000000000000000066FFFFFF38
:108F8000FFFF66000038B0FCFFFFFFFFFFFFFFFFA1
:108F9000FFFFFFF1911A0000000000000000A6FF93
:108FA000FFFFFFFF3317A9FFFFFFFFFFFFFFFFFFDB
:108FB000FFFFFFFFFFFFFFF4710100000000000052
:108FC000E3FFFFFFFFFF45E9FFFFFFFFFFFFFFFF9D
:108FD000FFFFFFFFFFFFFFFFFFFFFFAD08000000E7
:108FE0000010FFFFFFFFFFFEF8FFFFFFFFFFFFFF87
:108FF000FFFFFFFFFFFFFFFFFFFFFFFFFFFFB604C5
:109000000000003BFFFFFFFFFFFFFFFFFFFFFFCE62
:10901000864D25150511275DA7FBFFFFFFFFFFFF0D
:10902000FF8B00000064FFFFFFFFFFFFFFFFFFC596
:109030003E0000000000000000000024B6FFFFFF1B
:10904000FFFFFFFD36000082FFFFFFFFFFFFFFFF76
:109050008B040000000000000000000000000293EC
:10906000FFFFFFFFFFFFBC00009AFFFFFFFFFFFFB6
:10907000FF99000000000000000000000000000058
:109080000000B5FFFFFFFFFFFF2A00B2FFFFFFFF59
:10909000FFFFD905000000000000000000000000F4
:1090A0000000000015F2FFFFFFFFFF8500C1FFFF7A
:1090B000FFFFFFFF5A00000000000000000000005A
:1090C0000000000000000093FFFFFFFFFFCD00C97C
:1090D000FFFFFFFFFFF5060000000000000000009A
:1090E0000000000000000000002EFFFFFFFFFFFB5C
:1090F00008D0FFFFFFFFFFB60000000000000000E7
:10910000000000000000000000000001F0FFFFFF71
:10911000FFFF30D6FFFFFFFFFF8F000000000000C1
:109120000000000000000000000000000000BDFF83
:10913000FFFFFFFF4DD2FFFFFFFFFF7B000000009E
:10914000000000000000000000000000000000001F
:10915000A5FFFFFFFFFF64CBFFFFFFFFFF750000D0
:1091600000000000000000000000000000000000FF
:10917000000094FFFFFFFFFF6DBCFFFFFFFFFF83B9
:1091800000000000000000000000000000000000DF
:10919000000000008DFFFFFFFFFF70A6FFFFFFFF35
:1091A000FF90000000000000000000000000000030
:1091B0000000000000009DFFFFFFFFFF688AFFFF27
:1091C000FFFFFFAB000000000000000000000000F7
:1091D0000000000000000000ACFFFFFFFFFF58632D
:1091E000FFFFFFFFFFDB00000000000000000000A9
:1091F00000000000000000000000D0FFFFFFFFFFA4
:109200003C37FFFFFFFFFFFE0E00000000000000E4
:10921000000000000000000000000009FBFFFFFF4D
:10922000FFFF1405F6FFFFFFFFFF5C0000000000DA
:109230000000000000000000000000000046FFFFEA
:10924000FFFFFFE10000B9FFFFFFFFFFBA000000D2
:10925000000000000000000000000000000000AD61
:10926000FFFFFFFFFF9E000066FFFFFFFFFFFE3CCA
:1092700000000000000000000000000000000000EE
:1092800029FBFFFFFFFFFF4E000010F4FFFFFFFF71
:10929000FFD50800000000000000000000000000F2
:1092A0000005CEFFFFFFFFFFE60400000093FFFF75
:1092B000FFFFFFFFBA0900000000000000000000EF
:1092C00000000AAFFFFFFFFFFFFF72000000001762
:1092D000F1FFFFFFFFFFFFCC38000000000000009F
:1092E0000000003CCDFFFFFFFFFFFFDD0900000095
:1092F000000066FFFFFFFFFFFFFFFFB86B2A1000B3
:1093000002123172BFFFFFFFFFFFFFFFFD420000AF
:109310000000000000A2FFFFFFFFFFFFFFFFFFFFB5
:10932000FFFBFDFFFFFFFFFFFFFFFFFFFFFF7800D9
:109330000000000000000004ADFFFFFFFFFFFFFF83
:10934000FFFFFFFFFFFFFFFFFFFFFFFFFFFFFF88A4
:10935000000000000000000000000284FCFFFFFF8E
:10936000FFFFFFFFFFFFFFFFFFFFFFFFFFFFFFF715
:10937000650000000000000000000000000033BE97
:10938000FFFFFFFFFFFFFFFFFFFFFFFFFFFFFFFDEF
:10939000AD220000000000000000000000000000FE
:1093A0000000328EDAFFFFFFFFFFFFFFFFFFFED25C
:1093B0008425000000000000000000000000000004
:1093C00000000000000000144060737C7B715C3C76
:1093D0000E00000000000000000000000010FFFF71
:1093E000FFFFFFFFFFFFFFFFFFFFFFFFFFFFFFFF8D
:1093F000FFFFFFFFFFFFFFFFFFFFFFFFFFFFFF601C
:1094000010FFFFFFFFFFFFFFFFFFFFFFFFFFFFFF5B
:10941000FFFFFFFFFFFFFFFFFFFFFFFFFFFFFFFF5C
:10942000FFFF6010FFFFFFFFFFFFFFFFFFFFFFFFDA
:10943000FFFFFFFFFFFFFFFFFFFFFFFFFFFFFFFF3C
:10944000FFFFFFFFFF6010FFFFFFFFFFFFFFFFFFBA
:10945000FFFFFFFFFFFFFFFFFFFFFFFFFFFFFFFF1C
:10946000FFFFFFFFFFFFFFFF6010FFFFFFFFFFFF9A
:10947000FFFFFFFFFFFFFFFFFFFFFFFFFFFFFFFFFC
:10948000FFFFFFFFFFFFFFFFFFFFFF600AACACAC79
:10949000ACACACACACACACACACACACACACACACAC0C
:1094A000ACACACACACACACACC7FFFFFFFFFF60003A
:1094B00000000000000000000000000000000000AC
:1094C0000000000000000000000000A9FFFFFFFFF7
:1094D000FF49000000000000000000000000000044
:1094E0000000000000000000000000000029FDFF57
:1094F000FFFFFFD601000000000000000000000098
:10950000000000000000000000000000000000005B
:10951000A6FFFFFFFFFF5E0000000000000000004C
:10952000000000000000000000000000000000003B
:10953000000027FDFFFFFFFFDF0400000000000028
:10954000000000000000000000000000000000001B
:109550000000000000A3FFFFFFFFFF6A0000000003
:1095600000000000000000000000000000000000FB
:109570000000000000000024FCFFFFFFFFE70800E0
:1095800000000000000000000000000000000000DB
:1095900000000000000000000000A0FFFFFFFFFF30
:1095A0007600000000000000000000000000000045
:1095B00000000000000000000000000022FBFFFF90
:1095C000FFFFEE0D000000000000000000000000A2
:1095D0000000000000000000000000000000009CEF
:1095E000FFFFFFFFFF8100000000000000000000FF
:1095F000000000000000000000000000000000006B
:10960000001FFAFFFFFFFFF413000000000000003E
:10961000000000000000000000000000000000004A
:109620000000000099FFFFFFFFFF8D000000000019
:10963000000000000000000000000000000000002A
:109640000000000000001DF9FFFFFFFFF81A0000F6
:10965000000000000000000000000000000000000A
:1096600000000000000000000096FFFFFFFFFF99D0
:1096700000000000000000000000000000000000EA
:1096800000000000000000000000001BF8FFFFFFCA
:10969000FFFC2300000000000000000000000000AC
:1096A000000000000000000000000000000093FF28
:1096B000FFFFFFFFA5000000000000000000000009
:1096C000000000000000000000000000000000009A
:1096D00019F7FFFFFFFFFE2C000000000000000054
:1096E000000000000000000000000000000000007A
:1096F00000000090FFFFFFFFFFB10000000000002E
:109700000000000000000000000000000000000059
:10971000000000000017F6FFFFFFFFFF370000000A
:109720000000000000000000000000000000000039
:1097300000000000000000008DFFFFFFFFFFBD00E4
:109740000000000000000000000000000000000019
:109750000000000000000000000015F5FFFFFFFF03
:10976000FF430000000000000000000000000000B7
:109770000000000000000000000000000089FFFF62
:10978000FFFFFFC800000000000000000000000014
:1097900000000000000000000000000000000013B6
:1097A000F3FFFFFFFFFF4E0000000000000000007D
:1097B00000000000000000000000000000000000A9
:1097C000000086FFFFFFFFFFD30100000000000044
:1097D0000000000000000000000000000000000089
:1097E0000000000012F2FFFFFFFFFF5A0000000020
:1097F0000000000000000000000000000000000069
:109800000000000000000083FFFFFFFFFFDC0300FB
:109810000000000000000000000000000000000048
:1098200000000000000000000010F0FFFFFFFFFF3D
:1098300066000000000000000000000000000000C2
:1098400000000000000000000000000080FFFFFF9B
:10985000FFFFE5070000000000000000000000001E
:1098600000000000000000000000000000000FEFFA
:10987000FFFFFFFFFF72000000000000000000007B
:1098800000000000000000000000000000000000D8
:10989000007DFFFFFFFFFFEC0B0000000000000059
:1098A00000000000000000000000000000000000B8
:1098B0000000000DEDFFFFFFFFFF7E000000000035
:1098C0000000000000000000000000000000000098
:1098D0000000000000007AFFFFFFFFFFF211000010
:1098E0000000000000000000000000000000000078
:1098F00000000000000000000BEBFFFFFFFFFF8AED
:109900000000000000000000000000000000000057
:10991000000000000000000000000076FFFFFFFFD5
:10992000FFF7180000000000000000000000000029
:10993000000000000000000000000000000AEAFF34
:10994000FFFFFFFF95000000000000000000000086
:109950000000000000000000000000000000000007
:1099600073FFFFFFFFFFFB2000000000000000006E
:1099700000000000000000000000000000000000E7
:10998000000009E8FFFFFFFFFFA10000000000004A
:1099900000000000000000000000000000000000C7
:1099A000000000000070FFFFFFFFFFFE2900000025
:1099B00000000000000000000000000000000000A7
:1099C0000000000000000008E6FFFFFFFFFFAD0001
:1099D0000000000000000000000000000000000087
:1099E000000000000000000000006DFFFFFFFFFF0F
:1099F000FF33000000000000000000000000000035
:109A000000000000000000000000000007E3FFFF6E
:109A1000FFFFFFB900000000000000000000000090
:109A20000000000000000000000000000000006ACC
:109A3000FFFFFFFFFFFF3F000000000000000000ED
:109A40000000000000000000000000000000000016
:109A50000006E1FFFFFFFFFFC5000000000000005F
:109A600000000000000000000000000000000000F6
:109A70000000000067FFFFFFFFFFFF4B000000003A
:109A800000000000000000000000000000000000D6
:109A900000000000000005DFFFFFFFFFFFD0000017
:109AA00000000000000000000000000000000000B6
:109AB00000000000000000000000000000000000A6
:109AC000214B5B6978776859481C00000000000052
:109AD0000000000000000000000000000000000086
:109AE0000E6ABAEDFFFFFFFFFFFFFFFFFFFFE8B3C6
:109AF0005F090000000000000000000000000000FE
:109B000000001198F4FFFFFFFFFFFFFFFFFFFFFFC3
:109B1000FFFFFFFFFFEF89090000000000000000C9
:109B2000000000000047E5FFFFFFFFFFFFFFFFFF12
:109B3000FFFFFFFFFFFFFFFFFFFFFFD93600000021
:109B4000000000000000000054FDFFFFFFFFFFFFCA
:109B5000FFFFFFFFFFFFFFFFFFFFFFFFFFFFFFFF15
:109B6000F73E0000000000000000003FF8FFFFFF8C
:109B7000FFFFFFFFFFFFE6D1C2C4D3EDFFFFFFFFF2
:109B8000FFFFFFFFFFF02C0000000000000005DCDD
:109B9000FFFFFFFFFFFFFCAC4F14000000000000C0
:109BA0002165CBFFFFFFFFFFFFFFC60000000000A5
:109BB00000006FFFFFFFFFFFFFD432000000000036
:109BC000000000000000005FF1FFFFFFFFFFFF55F6
:109BD000000000000000DBFFFFFFFFFFD9150000C1
:109BE0000000000000000000000000003CF6FFFF45
:109BF000FFFFFFC0000000000024FFFFFFFFFFFF8A
:109C00003E00000000000000000000000000000016
:109C10000074FFFFFFFFFFFB0F0000000068FFFF65
:109C2000FFFFFFC700000000000000000000000070
:109C3000000000000007ECFFFFFFFFFF4E000000E8
:109C40000085FFFFFFFFFF7F000000000000000015
:109C500000000000000000000000A5FFFFFFFFFF64
:109C60006B000000009AFFFFFFFFFF56000000009E
:109C7000000000000000000000000000000075FF70
:109C8000FFFFFFFF8100000000A7FFFFFFFFFF4273
:109C900000000000000000000000000000000000C4
:109CA000000060FFFFFFFFFF8F000000009BFFFF31
:109CB000FFFFFF480000000000000000000000005F
:109CC00000000000000066FFFFFFFFFF83000000B0
:109CD0000084FFFFFFFFFF5D0000000000000000A8
:109CE000000000000000000000007DFFFFFFFFFFFC
:109CF0006E0000000055FFFFFFFFFF930000000013
:109D00000000000000000000000000000000B7FF9D
:109D1000FFFFFFFF400000000017FCFFFFFFFFDE1A
:109D20000300000000000000000000000000000030
:109D30000015F6FFFFFFFFF70C0000000000B5FF65
:109D4000FFFFFFFF5B0000000000000000000000BC
:109D500000000000008FFFFFFFFFFFAA00000000CF
:109D6000000032FDFFFFFFFFED20000000000000BB
:109D700000000000000000004EFEFFFFFFFFFD2F6F
:109D80000000000000000082FFFFFFFFFFE33C0037
:109D900000000000000000000000016DF9FFFFFF5F
:109DA000FFFF8B0000000000000000019BFFFFFF91
:109DB000FFFFFEBA5A220000000000032F70D8FFF8
:109DC000FFFFFFFFFFAC03000000000000000000E9
:109DD0000078FAFFFFFFFFFFFFFFF2E0D2D3E2F7C8
:109DE000FFFFFFFFFFFFFFFD8802000000000000F3
:109DF0000000000000002FBFFFFFFFFFFFFFFFFF7D
:109E0000FFFFFFFFFFFFFFFFFFFFBE350000000069
:109E1000000000000000000000000006A4FFFFFF9B
:109E2000FFFFFFFFFFFFFFFFFFFFFFFFFF8E0400AD
:109E3000000000000000000000000000000A7FE9B0
:109E4000FFFFFFFFFFFFFFFFFFFFFFFFFFFFFFFF22
:109E5000FFFFE9820E00000000000000000000008B
:109E60004AE2FFFFFFFFFFFFFFFFFFFFFFFFFFFFD4
:109E7000FFFFFFFFFFFFFFFFEB54000000000000AB
:109E800000000074FDFFFFFFFFFFFFD08451261686
:109E9000070817295689DAFFFFFFFFFFFFFF880039
:109EA0000000000000006AFFFFFFFFFFFFC5380051
:109EB000000000000000000000000042D2FFFFFF91
:109EC000FFFFFF86000000000037FCFFFFFFFFFFE1
:109ED0008A030000000000000000000000000000F5
:109EE000069AFFFFFFFFFFFF4500000001CAFFFFCA
:109EF000FFFFFFA1000000000000000000000000C4
:109F0000000000000002B0FFFFFFFFFFDC020000C6
:109F100046FFFFFFFFFFF010000000000000000000
:109F20000000000000000000000018F6FFFFFFFF27
:109F3000FF490000A4FFFFFFFFFF880000000000B2
:109F4000000000000000000000000000000000947D
:109F5000FFFFFFFFFFA40000E8FFFFFFFFFF3D0042
:109F600000000000000000000000000000000000F1
:109F700000000049FFFFFFFFFFDB001CFFFFFFFFAA
:109F8000FFF90600000000000000000000000000D3
:109F9000000000000000000CFDFFFFFFFFFE0D3D74
:109FA000FFFFFFFFFFE400000000000000000000D2
:109FB000000000000000000000000000EEFFFFFFB6
:109FC000FFFF234CFFFFFFFFFFD200000000000057
:109FD0000000000000000000000000000000000081
:109FE000DBFFFFFFFFFF3254FFFFFFFFFFD000004A
:109FF0000000000000000000000000000000000061
:10A0000000000000D9FFFFFFFFFF3C4CFFFFFFFFF8
:10A01000FFE500000000000000000000000000005C
:10A020000000000000000000EFFFFFFFFFFF3337DC
:10A03000FFFFFFFFFFFD1100000000000000000017
:10A04000000000000000000000000018FFFFFFFFFC
:10A05000FFFF1F14FFFFFFFFFFFF5600000000007F
:10A060000000000000000000000000000000006090
:10A07000FFFFFFFFFFFA0300DEFFFFFFFFFFC4004B
:10A0800000000000000000000000000000000000D0
:10A09000000001CEFFFFFFFFFFC8000097FFFFFF9A
:10A0A000FFFFFF5B00000000000000000000000058
:10A0B00000000000000069FFFFFFFFFFFF840000B9
:10A0C00039FFFFFFFFFFFFF8420000000000000023
:10A0D0000000000000000000004EFBFFFFFFFFFF3C
:10A0E000FF2A000000C0FFFFFFFFFFFFFB83090006
:10A0F00000000000000000000000000D90FEFFFFC7
:10A10000FFFFFFFFB1000000002CF9FFFFFFFFFF82
:10A11000FFFFEF954D1B00000000000020519DF453
:10A12000FFFFFFFFFFFFFFF523000000000063FFBC
:10A13000FFFFFFFFFFFFFFFFFFFFF3E4D6D7E5F5CB
:10A14000FFFFFFFFFFFFFFFFFFFFFE5A00000000C1
:10A150000000006AFDFFFFFFFFFFFFFFFFFFFFFFA3
:10A16000FFFFFFFFFFFFFFFFFFFFFFFFFFFC64009C
:10A17000000000000000000037D0FFFFFFFFFFFFDE
:10A18000FFFFFFFFFFFFFFFFFFFFFFFFFFFFFFFFDF
:10A19000CE350000000000000000000000046ED971
:10A1A000FFFFFFFFFFFFFFFFFFFFFFFFFFFFFFFFBF
:10A1B000FFFFD86C0300000000000000000000005A
:10A1C000000000003893CCF8FFFFFFFFFFFFFFFF08
:10A1D000FFFFF7CB913600000000000000000000F8
:10A1E0000000000000000000000000042E4E5D6C26
:10A1F00079796B5D4E2C0400000000000000000027
:10A200000000000000000000000000000000001C32
:10A210004564737C776B4F2901000000000000004B
:10A220000000000000000000000000000000429A52
:10A23000E5FFFFFFFFFFFFFFFFFFF0AC550400004D
:10A24000000000000000000000000000000047D1F6
:10A25000FFFFFFFFFFFFFFFFFFFFFFFFFFFFFFE22B
:10A26000630100000000000000000000000009A0E1
:10A27000FFFFFFFFFFFFFFFFFFFFFFFFFFFFFFFFEE
:10A28000FFFFFFC41E0000000000000000000010DF
:10A29000CAFFFFFFFFFFFFFFFFFFFFFFFFFFFFFF03
:10A2A000FFFFFFFFFFFFEB34000000000000000095
:10A2B00007C6FFFFFFFFFFFFFFFFFFFFF8E6F1FF0D
:10A2C000FFFFFFFFFFFFFFFFFFF22F000000000076
:10A2D000000098FFFFFFFFFFFFFFF1904A10000012
:10A2E0000007307AD4FFFFFFFFFFFFFFE2110000FD
:10A2F00000000044FFFFFFFFFFFFFF94120000007B
:10A300000000000000000366F0FFFFFFFFFFFF9D5D
:10A310000000000001D1FFFFFFFFFFFD680000000B
:10A320000000000000000000000030EAFFFFFFFF17
:10A33000FFFE2A0000004DFFFFFFFFFFFF87000028
:10A340000000000000000000000000000034FBFFDF
:10A35000FFFFFFFFA0000000B2FFFFFFFFFFD606D8
:10A3600000000000000000000000000000000000ED
:10A3700085FFFFFFFFFFF40A000BF8FFFFFFFFFF61
:10A380006700000000000000000000000000000066
:10A3900000000DF4FFFFFFFFFF540049FFFFFFFF28
:10A3A000FFF60C00000000000000000000000000AC
:10A3B00000000000009CFFFFFFFFFF95007DFFFFF6
:10A3C000FFFFFFC3000000000000000000000000CD
:10A3D000000000000000004AFFFFFFFFFFD000A4C4
:10A3E000FFFFFFFFFF8C00000000000000000000E6
:10A3F00000000000000000000016FFFFFFFFFFF854
:10A4000003C0FFFFFFFFFF6C000000000000000022
:10A41000000000000000000000000000E5FFFFFF5A
:10A42000FFFF24CFFFFFFFFFFF5D000000000000E3
:10A430000000000000000000000000000000CFFF4E
:10A44000FFFFFFFF3ED5FFFFFFFFFF4F00000000B3
:10A4500000000000000000000000000000000000FC
:10A46000BFFFFFFFFFFF55D1FFFFFFFFFF5B0000B6
:10A4700000000000000000000000000000000000DC
:10A480000000B5FFFFFFFFFF64C5FFFFFFFFFF6C8C
:10A4900000000000000000000000000000000000BC
:10A4A00000000000C6FFFFFFFFFF6BABFFFFFFFFD9
:10A4B000FF9100000000000000000000000000000C
:10A4C000000000000000DFFFFFFFFFFF7188FFFFBB
:10A4D000FFFFFFCC000000000000000000000000B3
:10A4E000000000000000001DFFFFFFFFFFFF6C5693
:10A4F000FFFFFFFFFFFC2000000000000000000045
:10A500000000000000000000006EFFFFFFFFFFFFE3
:10A510006515FDFFFFFFFFFF910000000000000038
:10A52000000000000000000000000AE5FFFFFFFF40
:10A53000FFFF5D00BFFFFFFFFFFFFA3900000000D3
:10A540000000000000000000000000009BFFFFFF73
:10A55000FFFFFFFF4F0056FFFFFFFFFFFFE4290053
:10A56000000000000000000000000000038CFFFF5E
:10A57000FFFFFFFFFFFF380002CEFFFFFFFFFFFFDF
:10A58000F25E020000000000000000000038C9FF79
:10A59000FFFFFFFFFFFFFFFF20000032F9FFFFFF7B
:10A5A000FFFFFFFFD778351000000B1D4B7FD1FF59
:10A5B000FFFFFFFFFFFFFFFFFFFD070000005DFE45
:10A5C000FFFFFFFFFFFFFFFFFFFFFBFCFFFFFFFFA2
:10A5D000FFFFFFFFFFF1FFFFFFFFFFDD00000000B7
:10A5E0000054F1FFFFFFFFFFFFFFFFFFFFFFFFFF33
:10A5F000FFFFFFFFFFFFC056FFFFFFFFFFB200009E
:10A600000000000022C8FFFFFFFFFFFFFFFFFFFF6A
:10A61000FFFFFFFFFFFFF67C036AFFFFFFFFFF86E0
:10A62000000000000000000048BBFFFFFFFFFFFF2D
:10A63000FFFFFFFFFFFFF2921D00009EFFFFFFFFE5
:10A64000FF4B000000000000000000001C5A96C6EE
:10A65000D9EBFBF7E7C695530900000000DAFFFFCE
:10A66000FFFFFD0F000000000000000000000000E0
:10A67000000000000000000000000000000027FFB4
:10A68000FFFFFFFFCB000000000000000000000003
:10A6900000000000000000000000000000000000BA
:10A6A00081FFFFFFFFFF77000000000000000000B7
:10A6B000000000000000000000000000000000009A
:10A6C0000006E6FFFFFFFFFF210000000000000082
:10A6D000000000000000000000000000000000007A
:10A6E0000000006EFFFFFFFFFFC20000000000003F
:10A6F000000000000000000000000000000000005A
:10A700000000000014EBFFFFFFFFFF5200000000FD
:10A710000000000000000000000000000000000039
:10A72000000000000000ABFFFFFFFFFFDC020000A5
:10A730000000000000000000000000000000000019
:10A740000000000000000074FFFFFFFFFFFF570044
:10A7500000000000000000000000000000000000F9
:10A7600000000000000000005CFDFFFFFFFFFFC4D1
:10A7700000000000000000000000000000000000D9
:10A7800000000000000000000069FCFFFFFFFFFF69
:10A79000F72D000000000000000000000000000095
:10A7A0000000000000000000000D9CFFFFFFFFFF05
:10A7B000FFFF6D000000000000000000000000002E
:10A7C000000000000000000000025CE2FFFFFFFF4D
:10A7D000FFFFFFA8000000000000000000000000D4
:10A7E0000000000000000000001974DAFFFFFFFF06
:10A7F000FFFFFFFFBA06000000000000000000009D
:10A800000000000000051A365E8FCFFEFFFFFFFF3D
:10A81000FFFFFFFFFFB40B0000000000000000007E
:10A82000000000000079FCFFFFFFFFFFFFFFFFFFBC
:10A83000FFFFFFFFFFFF8D0200000000000000008F
:10A840000000000000000082FFFFFFFFFFFFFFFF8E
:10A85000FFFFFFFFFFFFDD450000000000000000DC
:10A8600000000000000000000085FFFFFFFFFFFF69
:10A87000FFFFFFFFFFFFEA7B0A000000000000006F
:10A88000000000000000000000000089FFFFFFFF43
:10A89000FFFFFFFFFFFEC569090000000000000088
:10A8A000000000000000000000000000008DFFFF1D
:10A8B000FFFFFFFFDBA2681C00000000000000009B
:10A8C0000000000000000000000000000000004642
:10A8D000766D6249290A00000000000000000000B7
:10A8E0000000000000000000000000000000000068
:10A8F00000000000000010160A0A06FF6400002A8B
:10A90000243403FFB407002A143207009C0B002AEA
:10A91000223304006212002A1F3405FFAE18002AF9
:10A9200025320200E81F002A1F3306FF1526002AE1
:10A93000223404FFFD2C002A23320300D333002AE3
:10A94000243403FF233B002A223404FF00000102C9
:10A95000030405060708090A2E0000000C00010088
:10A96000000000004CA903080C000000E06603088A
:10A97000ECA8030858A9030800000000000001101B
:10A980006804002069A301088DA2010834000100B9
:10A9900000FB04006CA90308000000000000000098
:10A9A00000000000000000000000000000000000A7
:10A9B0000000000000000000000000000000000097
:10A9C0000000000000000000000000000000000087
:10A9D0000000000000000000000000000000000077
:10A9E0000000000000000000000000000000000067
:10A9F0000000000000000000000000000000000057
:10AA0000000000000000AC51BCD3B492B492AC3151
:10AA1000AC51A4118B4D938EABF08B4E8B4E8410AA
:10AA2000938E000000000000000000000000000005
:10AA30000000000000000000000000000000000016
:10AA40000000000000000000000000000000000006
:10AA500000000000000000000000000000000000F6
:10AA600000000000000000000000000000000000E6
:10AA700000000000000000000000000000000000D6
:10AA800000000000000000000000000000000000C6
:10AA900000000000000000000000000000000000B6
:10AAA00000000000000000000000000000000000A6
:10AAB0000000000000000000000000000000000096
:10AAC0000000000000000000000000000000000086
:10AAD0000000000000000000000000000000000076
:10AAE0000000000000000000000000000000000066
:10AAF0000000000000000000000000000000000056
:10AB00000000000000000000000000000000000045
:10AB10000000000000000000000000000000000035
:10AB20000000000000000000000000000000000025
:10AB30000000000000000000000000000000000015
:10AB40000000000000000000000000000000000005
:10AB500000000000000000000000000000000000F5
:10AB600000000000000000000000000000000000E5
:10AB700000000000000000000000000000000000D5
:10AB800000000000000000008410C535D5B7D57660
:10AB9000C514CD56BCD3938E000000000000000009
:10ABA000DD969BAF93F0734E7BAF83D08BAF93D08A
:10ABB000A3B1000000000000000000000000000041
:10ABC0000000000000000000000000000000000085
:10ABD0000000000000000000000000000000000075
:10ABE0000000000000000000000000000000000065
:10ABF0000000000000000000000000000000000055
:10AC00000000000000000000000000000000000044
:10AC10000000000000000000000000000000000034
:10AC20000000000000000000000000000000000024
:10AC30000000000000000000000000000000000014
:10AC40000000000000000000000000000000000004
:10AC500000000000000000000000000000000000F4
:10AC600000000000000000000000000000000000E4
:10AC700000000000000000000000000000000000D4
:10AC800000000000000000000000000000000000C4
:10AC900000000000000000000000000000000000B4
:10ACA00000000000000000000000000000000000A4
:10ACB0000000000000000000000000000000000094
:10ACC0000000000000000000000000000000000084
:10ACD0000000000000000000000000000000000074
:10ACE0000000000000000000000000000000000064
:10ACF0000000000000000000000000000000000054
:10AD0000000000000000000000000000000093B000
:10AD1000DE18EE59D576AD75000000000000000089
:10AD20000000000000000000000000000000000023
:10AD300000000000000084109C718B8E8B6FA4714A
:10AD40000000000000000000000000000000000003
:10AD500000000000000000000000000000000000F3
:10AD600000000000000000000000000000000000E3
:10AD700000000000000000000000000000000000D3
:10AD800000000000000000000000000000000000C3
:10AD900000000000000000000000000000000000B3
:10ADA00000000000000000000000000000000000A3
:10ADB0000000000000000000000000000000000093
:10ADC0000000000000000000000000000000000083
:10ADD0000000000000000000000000000000000073
:10ADE0000000000000000000000000000000000063
:10ADF0000000000000000000000000000000000053
:10AE00000000000000000000000000000000000042
:10AE10000000000000000000000000000000000032
:10AE20000000000000000000000000000000000022
:10AE30000000000000000000000000000000000012
:10AE40000000000000000000000000000000000002
:10AE500000000000000000000000000000000000F2
:10AE600000000000000000000000000000000000E2
:10AE700000000000000000000000000000000000D2
:10AE800000000000000000000000000000000000C2
:10AE900000000000AC72FEBBEE7AAC920000000035
:10AEA00000000000000000000000000000000000A2
:10AEB00000000000000000000000000084109C5111
:10AEC000B4F4BCF4A3F0BCB3C4B3B431D575000082
:10AED0000000000000000000000000000000000072
:10AEE0000000000000000000000000000000000062
:10AEF0000000000000000000000000000000000052
:10AF00000000000000000000000000000000000041
:10AF10000000000000000000000000000000000031
:10AF20000000000000000000000000000000000021
:10AF30000000000000000000000000000000000011
:10AF40000000000000000000000000000000000001
:10AF500000000000000000000000000000000000F1
:10AF600000000000000000000000000000000000E1
:10AF700000000000000000000000000000000000D1
:10AF800000000000000000000000000000000000C1
:10AF900000000000000000000000000000000000B1
:10AFA00000000000000000000000000000000000A1
:10AFB0000000000000000000000000000000000091
:10AFC0000000000000000000000000000000000081
:10AFD0000000000000000000000000000000000071
:10AFE0000000000000000000000000000000000061
:10AFF0000000000000000000000000000000000051
:10B000000000000000000000000000000000000040
:10B0100000000000000000000000A3CEF6F9EE7A68
:10B02000BCD30000000049C8838E8B4E8B8F93CF1A
:10B03000730C72AE000000000000000000009C5184
:10B04000AC51CD76DDD7EE18E5D7E5F7EDF7DD9617
:10B05000CD14C472BBF0CCD3C514ACB20000000058
:10B0600000000000000000000000000000000000E0
:10B0700000000000000000000000000000000000D0
:10B0800000000000000000000000000000000000C0
:10B0900000000000000000000000000000000000B0
:10B0A00000000000000000000000000000000000A0
:10B0B0000000000000000000000000000000000090
:10B0C0000000000000000000000000000000000080
:10B0D0000000000000000000000000000000000070
:10B0E0000000000000000000000000000000000060
:10B0F0000000000000000000000000000000000050
:10B10000000000000000000000000000000000003F
:10B11000000000000000000000000000000000002F
:10B12000000000000000000000000000000000001F
:10B13000000000000000000000000000000000000F
:10B1400000000000000000000000000000000000FF
:10B1500000000000000000000000000000000000EF
:10B1600000000000000000000000000000000000DF
:10B1700000000000000000000000000000000000CF
:10B1800000000000000000000000000000000000BF
:10B1900000000000000000000000000000000000AF
:10B1A000AC71DCAAEE97DDF90000630A7AECCD56AB
:10B1B000E679FF1CFF1CEE7AD5D7C5349C51834D30
:10B1C0007AEC9C10CD75EE79F679EE38DDD7BD14AA
:10B1D000B4D39BCFBCD38208830CC576B493AC3177
:10B1E000D575DD76DD55AC93000000000000000051
:10B1F000000000000000000000000000000000004F
:10B20000000000000000000000000000000000003E
:10B21000000000000000000000000000000000002E
:10B22000000000000000000000000000000000001E
:10B23000000000000000000000000000000000000E
:10B2400000000000000000000000000000000000FE
:10B2500000000000000000000000000000000000EE
:10B2600000000000000000000000000000000000DE
:10B2700000000000000000000000000000000000CE
:10B2800000000000000000000000000000000000BE
:10B2900000000000000000000000000000000000AE
:10B2A000000000000000000000000000000000009E
:10B2B000000000000000000000000000000000008E
:10B2C000000000000000000000000000000000007E
:10B2D000000000000000000000000000000000006E
:10B2E000000000000000000000000000000000005E
:10B2F000000000000000000000000000000000004E
:10B30000000000000000000000000000000000003D
:10B31000000000000000000000000000000000002D
:10B320000000000000000000BBE9FD8AD5540000C9
:10B3300083D093AFFF5DFFDFFF3CF6FBF6FBFF3CE6
:10B34000FFFFFFBEEDF8B451CD75FEFBEE59D5D62B
:10B35000C5759C51000000000000000000000000C6
:10B36000000000000000B4F4B4B30000D596F63835
:10B37000C4F3000000000000000000000000000016
:10B3800000000000000000000000000000000000BD
:10B3900000000000000000000000000000000000AD
:10B3A000000000000000000000000000000000009D
:10B3B000000000000000000000000000000000008D
:10B3C000000000000000000000000000000000007D
:10B3D000000000000000000000000000000000006D
:10B3E000000000000000000000000000000000005D
:10B3F000000000000000000000000000000000004D
:10B40000000000000000000000000000000000003C
:10B41000000000000000000000000000000000002C
:10B42000000000000000000000000000000000001C
:10B43000000000000000000000000000000000000C
:10B4400000000000000000000000000000000000FC
:10B4500000000000000000000000000000000000EC
:10B4600000000000000000000000000000000000DC
:10B4700000000000000000000000000000000000CC
:10B4800000000000000000000000000000000000BC
:10B4900000000000000000000000000000000000AC
:10B4A000832C834C938E8410000000000000DDB6D6
:10B4B000E4A8ED0BDD960000A411FFBEFF3CF6DA18
:10B4C000F6DBF6DBFF7DF71CD5B6CD54E617FEDACA
:10B4D000F638E595C471934D0000000000000000AF
:10B4E0000000000000000000000000000000BDD7C8
:10B4F000D535E6590000CD96FEFCB43100000000C1
:10B50000000000000000000000000000000000003B
:10B51000000000000000000000000000000000002B
:10B52000000000000000000000000000000000001B
:10B53000000000000000000000000000000000000B
:10B5400000000000000000000000000000000000FB
:10B5500000000000000000000000000000000000EB
:10B5600000000000000000000000000000000000DB
:10B5700000000000000000000000000000000000CB
:10B5800000000000000000000000000000000000BB
:10B5900000000000000000000000000000000000AB
:10B5A000000000000000000000000000000000009B
:10B5B000000000000000000000000000000000008B
:10B5C000000000000000000000000000000000007B
:10B5D000000000000000000000000000000000006B
:10B5E000000000000000000000000000000000005B
:10B5F000000000000000000000000000000000004B
:10B60000000000000000000000000000000000003A
:10B61000000000000000000000000000000000002A
:10B620000000000000009B4BD48AE4EBD48AC44B9A
:10B63000C44CABAAA36ACC2BFDEBCC4C7AEC6A4988
:10B64000EEBBFFDEFEFCF6FBF73CFF7DDDF7CCD367
:10B65000E596F637E554D471D492ED34FE17F5959E
:10B66000C4308B2C9C510000000000000000000042
:10B6700000008BAF6AAAACB3BC319BAFA51400002D
:10B680009BD0EDD8CD1400000000000000000000A9
:10B6900000000000000000000000000000000000AA
:10B6A000000000000000000000000000000000009A
:10B6B000000000000000000000000000000000008A
:10B6C000000000000000000000000000000000007A
:10B6D000000000000000000000000000000000006A
:10B6E000000000000000000000000000000000005A
:10B6F000000000000000000000000000000000004A
:10B700000000000000000000000000000000000039
:10B710000000000000000000000000000000000029
:10B720000000000000000000000000000000000019
:10B730000000000000000000000000000000000009
:10B7400000000000000000000000000000000000F9
:10B7500000000000000000000000000000000000E9
:10B7600000000000000000000000000000000000D9
:10B7700000000000000000000000000000000000C9
:10B7800000000000000000000000000000000000B9
:10B7900000000000000000000000000000000000A9
:10B7A000000000000000000000000000ABEEE50A11
:10B7B000FDCDF58DF58DFDADF56BFE0DDC6ACC296B
:10B7C000FDADDC69B305C4B2FEFCDDD7DDF7EE9953
:10B7D000DD95B3EFCC51F5B6D4B2BBAFDCB3FDD73A
:10B7E000FDF7F595ED75EDB5FE17FDB6D4F39BF0BD
:10B7F000F8009BD09BCFABEFBC30C471CC92CC9205
:10B80000D471CC91CC71C430ABCEB3CEC451938F34
:10B810000000000000000000000000000000000028
:10B820000000000000000000000000000000000018
:10B830000000000000000000000000000000000008
:10B8400000000000000000000000000000000000F8
:10B8500000000000000000000000000000000000E8
:10B8600000000000000000000000000000000000D8
:10B8700000000000000000000000000000000000C8
:10B8800000000000000000000000000000000000B8
:10B8900000000000000000000000000000000000A8
:10B8A0000000000000000000000000000000000098
:10B8B0000000000000000000000000000000000088
:10B8C0000000000000000000000000000000000078
:10B8D0000000000000000000000000000000000068
:10B8E0000000000000000000000000000000000058
:10B8F0000000000000000000000000000000000048
:10B900000000000000000000000000000000000037
:10B910000000000000000000000000000000000027
:10B9200000008410B48FBC4ECCD2A3CF730C5B6DDF
:10B930000000A34CE50AF5ADE52CE54CE54CED4CDB
:10B94000ED4BF58CCC09DCAAF56CED0EBBACDD77CC
:10B95000E618E679FEDADD34BBEFDCF3F5B6D49217
:10B96000BC0FCC51D4B2D4F3F5D6FDD7ED75F5B6F6
:10B97000FE18F5D6DCD2AB2CA32CD492E534ED1412
:10B98000ED13ED13ED13ECF3ED33F595FDF6FE58E5
:10B99000FE57F594EDD6DD96BC928B6E000000004C
:10B9A0000000000000000000000000000000000097
:10B9B0000000000000000000000000000000000087
:10B9C00000000000000000000000FFFF0000000079
:10B9D0000000000000000000000000000000000067
:10B9E0000000000000000000000000000000000057
:10B9F0000000000000000000000000000000000047
:10BA00000000000000000000000000000000000036
:10BA10000000000000000000000000000000000026
:10BA20000000000000000000000000000000000016
:10BA30000000000000000000000000000000000006
:10BA400000000000000000000000000000000000F6
:10BA500000000000000000000000000000000000E6
:10BA600000000000000000000000000000000000D6
:10BA700000000000000000000000000000000000C6
:10BA800000000000000000000000000000000000B6
:10BA900000000000000000000000000000000000A6
:10BAA0000000000000008410B40BE4EBCC4AAB8B28
:10BAB000930B7A4A418600007AEBDC89FDCDED2CB0
:10BAC000ED4CED4CED4CED4CED4BED2BD44AE4C878
:10BAD000F58FE639DE59FF3CFFBDFEFACC92CC3043
:10BAE000F5B6E554CC71DD34FE58FDF7E514CC51C4
:10BAF000C430DD14FE59ED75B3AE9ACBA30CD471EE
:10BB0000ED54F595F5B6E4F3E4F3E534E514DCF330
:10BB1000DCB2DCB2D4B1DCF2F5B5FE37FE58FEBAC9
:10BB2000FEFBE5958B6E00000000000000000000A9
:10BB30000000000000000000000000000000000005
:10BB400000000000000000000000000000000000F5
:10BB50000000D67ACE39000000000000000000008E
:10BB600000000000000000000000000000000000D5
:10BB700000000000000000000000000000000000C5
:10BB800000000000000000000000000000000000B5
:10BB900000000000000000000000000000000000A5
:10BBA0000000000000000000000000000000000095
:10BBB0000000000000000000000000000000000085
:10BBC0000000000000000000000000000000000075
:10BBD0000000000000000000000000000000000065
:10BBE0000000000000000000000000000000000055
:10BBF0000000000000000000000000000000000045
:10BC00000000000000000000000000000000000034
:10BC10000000000000000000000000000000000024
:10BC2000000000000000000000000000BCD3D48A27
:10BC3000FD6ADCCDCCB30000000000000000BCD3E6
:10BC4000E4CBFDCDE52CED4CED4CED2DE54CE54B7D
:10BC5000ED4BE50BE48AF56BEE16EE5AFF9EFF9C6A
:10BC6000E5B6BBCFDCF3EDD6D4B2D4D2EDB6F5F762
:10BC7000ED96ED76F5B7FE18ED75C410A30CAB2D5F
:10BC8000B3AFD492F5B7F5D7EDB7ED96ED76ED55A8
:10BC9000ED55ED76ED76ED96F597F596E534DCB35A
:10BCA000DCD3DD13F618FEBBF659FEDAF617A43026
:10BCB0000000000000000000000000000000000084
:10BCC0000000000000000000000000000000000074
:10BCD00000000000000000000000FFFF9CD30000F7
:10BCE0000000000000000000000000000000000054
:10BCF0000000000000000000000000000000000044
:10BD00000000000000000000000000000000000033
:10BD10000000000000000000000000000000000023
:10BD20000000000000000000000000000000000013
:10BD30000000000000000000000000000000000003
:10BD400000000000000000000000000000000000F3
:10BD500000000000000000000000000000000000E3
:10BD600000000000000000000000000000000000D3
:10BD700000000000000000000000000000000000C3
:10BD800000000000000000000000000000000000B3
:10BD900000000000000000000000000000000000A3
:10BDA0000000000000000000000000000000000093
:10BDB0000000B4D3D469FE0BB3EC00000000000017
:10BDC00000000000A493BC09FDADE52CED4CE54C52
:10BDD000ED4CED4CE54BED4BED6CDCAAD3E8FEB63B
:10BDE000E67AEE59FF9DDD54BBCFF595ED75CC514C
:10BDF000E554F617ED96ED76ED76ED96F5D7ED7602
:10BE0000E535E4D4BBCFDD13FE37F5B5ED53ED32A8
:10BE1000ED31ED32ED32ED32ED32ED32ED31ED124C
:10BE2000ED12ED12ED53F574ECF1DC8DDC6FE555A0
:10BE3000FE7AFE7AFEFBDD75ACB300000000000068
:10BE400000000000000000000000000000000000F2
:10BE500000000000000000000000000000000000E2
:10BE600000000000A5140000000000000000000019
:10BE700000000000000000000000000000000000C2
:10BE800000000000000000000000000000000000B2
:10BE900000000000000000000000000000000000A2
:10BEA0000000000000000000000000000000000092
:10BEB0000000000000000000000000000000000082
:10BEC0000000000000000000000000000000000072
:10BED0000000000000000000000000000000000062
:10BEE0000000000000000000000000000000000052
:10BEF0000000000000000000000000000000000042
:10BF00000000000000000000000000000000000031
:10BF10000000000000000000000000000000000021
:10BF2000000000000000000000000000F800A3EF87
:10BF3000A3AAA36D93CF94D3ADB89B29DBA7930A93
:10BF40007BD16BCF6B4D000000000000ABABF56BFD
:10BF5000ED4DED4CED2CED2CED4CE54CED4BED4B62
:10BF6000ED4ADC48DD12FF5EEE38FEDAD513C3F091
:10BF7000F5D7DCF3CC71EDD6F617ED96ED75ED96B1
:10BF8000F5F7ED97DCD4D470DC8FED31FDB1ED2DFC
:10BF9000E4CBECCAECCAECCAECC9ECCAECCAECAA19
:10BFA000ECAAECAAECAAECAAECAAECAAE4CBE4CBAF
:10BFB000E4A9ECC9E469CBA9D44DF593F5F6FEDC10
:10BFC000C4F5AD7500000000000000000000000096
:10BFD0000000000000000000000000000000000061
:10BFE00000000000000000000000FFFFA4F40000BB
:10BFF0000000000000000000000000000000000041
:10C000000000000000000000000000000000000030
:10C010000000000000000000000000000000000020
:10C020000000000000000000000000000000000010
:10C030000000000000000000000000000000000000
:10C0400000000000000000000000000000000000F0
:10C0500000000000000000000000000000000000E0
:10C0600000000000000000000000000000000000D0
:10C0700000000000000000000000000000000000C0
:10C0800000000000000000000000000000000000B0
:10C0900000000000000000000000000000000000A0
:10C0A0000000000000000000000000000000000090
:10C0B00000009B8DD46AD429BC0DB4119BD1000023
:10C0C000B4D3DC67D46BACD59D369CD38CB2000066
:10C0D0000000932EDCAAF5ADE52CED4CED2CE54CE3
:10C0E000E52CED2BED2BE509E50AEE13FEDBFF1C3D
:10C0F000F658C431CC51F5D6D4B2D4D3F5F7EDD639
:10C10000ED96ED76F5D7F5F8E4F3D44ED44CECEC9F
:10C11000F52BE4E9E4C9ECCAECCAECCAECEAECCAD7
:10C12000ECE9ECEAECC9E4A9ECCAECCAECEBF50BDF
:10C13000ECEAECAAE4A9E4AAE48AE4AAE4AAECCA38
:10C14000CBC8BB06DC4BF570ECF2B49300000000EA
:10C1500000000000000000000000000000000000DF
:10C1600000000000000000000000000000000000CF
:10C17000000094B2AD750000000000000000000057
:10C1800000000000000000000000000000000000AF
:10C19000000000000000000000000000000000009F
:10C1A000000000000000000000000000000000008F
:10C1B000000000000000000000000000000000007F
:10C1C000000000000000000000000000000000006F
:10C1D000000000000000000000000000000000005F
:10C1E000000000000000000000000000000000004F
:10C1F000000000000000000000000000000000003F
:10C20000000000000000000000000000000000002E
:10C21000000000000000000000000000000000001E
:10C22000000000000000000000000000000000000E
:10C23000000000000000726BB3E9FDAAED2BBC9179
:10C240000000000000000000C44EDCA7DD940000E8
:10C25000000000000000A4107A699A86FDADED4D43
:10C26000ED4CED4CED4CE54BED2AE529ED2AED6E5C
:10C27000F695FF3BFEFBFF1BBBEFC410F5D6CC7160
:10C28000E534F617EDB6ED76ED96F618ED76D46F4B
:10C29000D40AE489ED0AECEBECEBECEBECECECEC27
:10C2A000ECECECEDECEDED0DED0CED0DF50DF50D13
:10C2B000ECACDC2AD40AD3E9DC29ECCBF52CE4CABB
:10C2C000E48AE48AE4AAE4AAE4CAD409B306CBC7A0
:10C2D000FD0BB38A00000000000000000000000019
:10C2E000000000000000000000000000000000004E
:10C2F000000000000000000000009CB3C618000011
:10C30000000000000000000000000000000000002D
:10C31000000000000000000000000000000000001D
:10C32000000000000000000000000000000000000D
:10C3300000000000000000000000000000000000FD
:10C3400000000000000000000000000000000000ED
:10C3500000000000000000000000000000000000DD
:10C3600000000000000000000000000000000000CD
:10C3700000000000000000000000000000000000BD
:10C3800000000000000000000000000000000000AD
:10C39000000000000000000000000000000000009D
:10C3A000000000000000000000000000000000008D
:10C3B000000000000000000000000000A452C3E8DC
:10C3C000FE4DDCA9CD54000000000000000000007C
:10C3D000D48BE52DC618000000009B4DB3EBE4CBD9
:10C3E000CBC9ED4CF58DE52BE54BE54CE52CED4B44
:10C3F000ED4DE56FF614FEFAEE97E5F6FE9ACCD217
:10C40000C430EDB5CCB1ED75F5F7E596ED96F5D701
:10C41000F5F8DCB2CBAADBE8ECABECABECEBED0C6B
:10C42000ECECECECED0DF52CF52DED0DE4CCE48B06
:10C43000E46CE46CE46CE46CE46CE44BE44BDC0A28
:10C44000CBC9C3A9C3A9DC8AF50BE4AAE48AE48AB0
:10C45000E48AED0BE4AAB2E8D40ADC29A450000077
:10C4600000000000000000000000000000000000CC
:10C4700000000000000000000000000000000000BC
:10C480000000841000000000000000000000000018
:10C49000000000000000000000000000000000009C
:10C4A000000000000000000000000000000000008C
:10C4B000000000000000000000000000000000007C
:10C4C000000000000000000000000000000000006C
:10C4D000000000000000000000000000000000005C
:10C4E000000000000000000000000000000000004C
:10C4F000000000000000000000000000000000003C
:10C50000000000000000000000000000000000002B
:10C51000000000000000000000000000000000001B
:10C52000000000000000000000000000000000000B
:10C5300000000000000000000000000000000000FB
:10C540000000B4D3BBC8FE0CED4AD4D000000000FC
:10C55000000000000000AC91CC29E59400007AEBCB
:10C56000BC0CDCAAFE0EDC8BCC0AF5EEE52BE54C10
:10C57000ED93EDB4EDB4EDB4EDD6F619E5F7DD735A
:10C58000E574F5F6D4B2CC71E574D4B2EDB6F5F736
:10C59000EDB6EDD7F5D7E555CC0ECB68E469ECCB1D
:10C5A000ECECED2CECECED0CF54CED0CE48ADC4AFB
:10C5B000DC29D428DC28DC28DC28DC48E449E468D1
:10C5C000E489ECCBECCBF50BF52BE48AC3A9BB4893
:10C5D000C3A9E4CBED0BE48AE48AE48AECCBE4ABB8
:10C5E000AAC7D3A7BC6D0000000000000000000037
:10C5F000000000000000000000000000000000003B
:10C60000000000000000000000000000000000002A
:10C61000000000000000000000000000000000001A
:10C62000000000000000000000000000000000000A
:10C6300000000000000000000000000000000000FA
:10C6400000000000000000000000000000000000EA
:10C6500000000000000000000000000000000000DA
:10C6600000000000000000000000000000000000CA
:10C6700000000000000000000000000000000000BA
:10C6800000000000000000000000000000000000AA
:10C69000000000000000000000000000000000009A
:10C6A000000000000000000000000000000000008A
:10C6B000000000000000000000000000000000007A
:10C6C000000000000000000000009B8BED2AF5AC8C
:10C6D000DCA9D59600000000000000000000C55352
:10C6E000BBC9932CB42DDCAAFD8CF5ADED6CC3AAAF
:10C6F000E50DED6BED4CEDB5EDB8EDB7EDD7F618FA
:10C70000EDF7E555D4D2DD94FE98EDD6D4B2E554DC
:10C71000C40FE534F618EDD7ED96E534DCB2D4312C
:10C72000DC6CED0AF52CED2CED0CF52CF52CE4AAC7
:10C73000DC2AD409D3E8D3E8DC29E48AECCBECEC9E
:10C74000ECECECCCECCCECABEC8BEC8AEC89ECA913
:10C75000E4A9ECC9F52BE48BBB68B328D409ED0B35
:10C76000E4AAE48AE46AECCBE48AB2C5B3690000C7
:10C7700000000000000000000000000000000000B9
:10C7800000000000000000000000000000005ACB84
:10C790000000000000000000000000000000000099
:10C7A0000000000000000000000000000000000089
:10C7B0000000000000000000000000000000000079
:10C7C0000000000000000000000000000000000069
:10C7D0000000000000000000000000000000000059
:10C7E0000000000000000000000000000000000049
:10C7F0000000000000000000000000000000000039
:10C800000000000000000000000000000000000028
:10C810000000000000000000000000000000000018
:10C820000000000000000000000000000000000008
:10C8300000000000000000000000000000000000F8
:10C8400000000000000000000000000000000000E8
:10C850008410BC6BFDCCF58CD4ADCDD700000000AE
:10C86000000000000000B42FC3E9B368000000001E
:10C87000E50CF5ADD46AC409F5ACED4EED94EDB719
:10C88000E575F5D6F5F7D4B2D4B2ED75F637FF19E4
:10C89000E595D4F3DCF3CC91F5F7F5B6E575E51441
:10C8A000E514E4F2DCD2F575F596ED2FED0BF52CE1
:10C8B000ED0CDC6AD40AD3C8D3E8E48BF530F592EA
:10C8C000F5B3F5B4EDB4EDB4ED95EDB5ED94ED94AF
:10C8D000ED73ED31ED10ECCFE4CDE4ACE48AE4A9E6
:10C8E000ED09D449B308BB68E4AAECCBE46AE46A76
:10C8F000ECEBE46A9226B492000000000000000015
:10C900000000000000000000000000000000000027
:10C9100000005AAB630C841000000000000000000F
:10C920000000000000000000000000000000000007
:10C9300000000000000000000000000000000000F7
:10C9400000000000000000000000000000000000E7
:10C9500000000000000000000000000000000000D7
:10C9600000000000000000000000000000000000C7
:10C9700000000000000000000000000000000000B7
:10C9800000000000000000000000000000000000A7
:10C990000000000000000000000000000000000097
:10C9A0000000000000000000000000000000000087
:10C9B0000000000000000000000000000000000077
:10C9C0000000000000000000000000000000000067
:10C9D00000000000000000009410CC4AF5ACED2BE4
:10C9E000D4EF0000000000000000000082EDC3CB87
:10C9F000D42ADCAB0000000000000000CC09DCCC35
:10CA0000ED91ED95ED96ED75FDF7E554C430CC91C3
:10CA1000ED75F5D7F698F657CC71CC91DCB2ED7583
:10CA2000EDB5E514E514E575F5B6F5B5ED95ED75DF
:10CA3000ED55F550ED2BDC6AD409D3E7DC49ED3038
:10CA4000F5D4F616FE38F658F638F637F636F616FA
:10CA5000F615F615F615F616EDF6EDF6EDF7ED769C
:10CA6000ED35ED34ED12ECEFE4ADECEBECEAC38820
:10CA7000BB48E46AECABE48ADC69ED0AC366936FF9
:10CA800000000000000000000000000000000000A6
:10CA9000000000000000BCD38B4E738E000000002D
:10CAA0000000000000000000000000000000000086
:10CAB0000000000000000000000000000000000076
:10CAC0000000000000000000000000000000000066
:10CAD0000000000000000000000000000000000056
:10CAE0000000000000000000000000000000000046
:10CAF0000000000000000000000000000000000036
:10CB00000000000000000000000000000000000025
:10CB10000000000000000000000000000000000015
:10CB20000000000000000000000000000000000005
:10CB300000000000000000000000000000000000F5
:10CB400000000000000000000000000000000000E5
:10CB500000000000000000000000000000000000D5
:10CB6000B514D429F58DF5ADBC0C00000000000013
:10CB70000000A38CD449ECABCC6A0000000000009C
:10CB80000000D489BB6BF596ED96ED75ED95F5D665
:10CB9000D4B2C3EFDCF3FDF7EDB6EE99FEFAD4F3B1
:10CBA000CC30DCF3F5B6DCD2DCF3ED75F5D7EDD6A1
:10CBB000ED95ED75ED75ED96F593E48AD409D408FD
:10CBC000DC48F54FF616F65AF67AF658F636F6368B
:10CBD000F616F616F5F5F5F5F5F5F5F5F5F4EDF5CA
:10CBE000EDD5EDF5EDF5ED75ED74ED74F575F555E7
:10CBF000ED14ECF2E4AFED0CDC4AD409E4A9E4A9AD
:10CC0000E4A9DCA9F52AAB48AD79000000000000DA
:10CC100000000000FFFFAC10B3AFA38FAC51938EA8
:10CC2000834E000000000000000000000000000033
:10CC300000000000000000000000000000000000F4
:10CC400000000000000000000000000000000000E4
:10CC500000000000000000000000000000000000D4
:10CC600000000000000000000000000000000000C4
:10CC700000000000000000000000000000000000B4
:10CC800000000000000000000000000000000000A4
:10CC90000000000000000000000000000000000094
:10CCA0000000000000000000000000000000000084
:10CCB0000000000000000000000000000000000074
:10CCC0000000000000000000000000000000000064
:10CCD0000000000000000000000000000000000054
:10CCE00000000000000000008C71CC6AFDADF56C06
:10CCF000CC8D000000009C72AB8AED2BFDADED2CBD
:10CD0000ED4D000000000000ED2DB36CD492F5F75E
:10CD1000E554F5B6EDB6CC30C40FED95F5B6E55556
:10CD2000F699FF3CE575C450E4F3ED34ED75EDB5CF
:10CD3000FE17F617EDB6ED95E555E575ED95ED7534
:10CD4000DC4DD409E469F50BF5D3F69BFEBCF699EE
:10CD5000F657F657F656F636FE36F636FE16F5F563
:10CD6000F615F615FE36F616F615F616F5B6F57541
:10CD7000FD95F554F534ED33ED13ED14ECF4E4F2D8
:10CD8000E4F0ECCEE48CDC8ADC49D449D469CB866F
:10CD9000A349D511BC2DC42CCC0BC3CABBABAB6D06
:10CDA000AB6DAC30ACD10000000000000000000012
:10CDB0000000000000000000000000000000000073
:10CDC0000000000000000000000000000000000063
:10CDD0000000000000000000000000000000000053
:10CDE0000000000000000000000000000000000043
:10CDF0000000000000000000000000000000000033
:10CE00000000000000000000000000000000000022
:10CE10000000000000000000000000000000000012
:10CE20000000000000000000000000000000000002
:10CE300000000000000000000000000000000000F2
:10CE400000000000000000000000000000000000E2
:10CE500000000000000000000000000000000000D2
:10CE600000000000000000000000000000000000C2
:10CE7000FFFFBC2BFDACED2BED4F00009BB0C42A97
:10CE8000FD8BF58DED6DD48BD46A00000000E5922A
:10CE9000D492CC72ED95E575F5B6ED74C3EFD45030
:10CEA000F5D6ED95E534F659FF9DF658CC70C40FD4
:10CEB000CC10ED13E554EDB5EDB5E533E534ED9566
:10CEC000FE37FE98F617E534D46FE489F4CBEDB560
:10CED000EE7AEE38EDF7EDD6EDB5EDB4E5B4E573E9
:10CEE000E553E553E532DD32DD12D4F2D4B1D4910D
:10CEF000D471D40FCB8DC34CBB2BBB2BC36CCBCE0F
:10CF0000CBCEC38DBB6CBB4DBB4DBB4DBB4DBB4CEA
:10CF1000B32CBB4CB32AC38ACBA9AB06BBC9BBA9F4
:10CF2000AB699B6B9B8D841000000000000000002B
:10CF300000000000000000000000000000000000F1
:10CF400000000000000000000000000000000000E1
:10CF500000000000000000000000000000000000D1
:10CF600000000000000000000000000000000000C1
:10CF700000000000000000000000000000000000B1
:10CF800000000000000000000000000000000000A1
:10CF90000000000000000000000000000000000091
:10CFA0000000000000000000000000000000000081
:10CFB0000000000000000000000000000000000071
:10CFC0000000000000000000000000000000000061
:10CFD0000000000000000000000000000000000051
:10CFE0000000000000000000000000000000000041
:10CFF00000000000000000000000BC2EED2AF5AC8F
:10D00000DC8CA36ED48AFDACED6DE54CF58DCC0ABD
:10D01000B326ED91F6B9EE19D4D3D491F5B5F5B6A2
:10D02000E533BBADE4D2F5D6E574ED55F5F7EEBAD0
:10D03000EE38CC71C430D4B2ED54ED75E595EDF514
:10D04000F636FE58EDF7D534CCB1C470BC2FC470A1
:10D05000CC51DC6EFE99FEFCF638EDB6EDB6EDD6A1
:10D06000EDD6EDD5EDD5EE15EDF5EDB4E553DD12CC
:10D07000E4D1E491DC91E492E492E491E470D40F81
:10D08000C38DBB4CB32BAAEBAAEBB32CC3ADCBEF38
:10D09000CBCEC38DC3AEC3CFCBCFB32BC3ACDC6E73
:10D0A000E4719AED7B4E00000000000000000000DB
:10D0B0000000000000000000000000000000000070
:10D0C0000000000000000000000000000000000060
:10D0D0000000000000000000000000000000000050
:10D0E0000000000000000000000000000000000040
:10D0F0000000000000000000000000000000000030
:10D10000000000000000000000000000000000001F
:10D11000000000000000000000000000000000000F
:10D1200000000000000000000000000000000000FF
:10D1300000000000000000000000000000000000EF
:10D1400000000000000000000000000000000000DF
:10D1500000000000000000000000000000000000CF
:10D1600000000000000000000000000000000000BF
:10D1700000000000000000000000000000000000AF
:10D180000000B4B2D469F5CDD46AD42AFDEDE52C03
:10D19000E54DED4CF56BCC2AC450EE7BE659EE170D
:10D1A000D492E534F5D6ED51BBACE4D3F5B5ED54EE
:10D1B000F5B5E4F3DD95EEBAE575CC30D4B2ED9576
:10D1C000F5F6EDF6FF1AFEDADD95C513C4D3C4B249
:10D1D000CCD2D533E5B4E574D4D2D513D555D4F338
:10D1E000DD35EDD7F679FED9FE99F677F636ED9472
:10D1F000E512E4B1DC50DC50DC50DC30DC30DC30FB
:10D20000DC30DC30DC50ECB2FD54FD95ED13DC710C
:10D21000D430CBEFCC0FD430DC91ED34F575ECF39A
:10D22000ECCEDC69C3C7DC8AED0CED0FC3EDB3EFC8
:10D2300000000000000000000000000000000000EE
:10D2400000000000000000000000000000000000DE
:10D2500000000000000000000000000000000000CE
:10D2600000000000000000000000000000000000BE
:10D2700000000000000000000000000000000000AE
:10D28000000000000000000000000000000000009E
:10D29000000000000000000000000000000000008E
:10D2A000000000000000000000000000000000007E
:10D2B000000000000000000000000000000000006E
:10D2C000000000000000000000000000000000005E
:10D2D000000000000000000000000000000000004E
:10D2E000000000000000000000000000000000003E
:10D2F000000000000000000000000000000000002E
:10D3000000000000000000000000FFFFC42BF5AC8F
:10D31000E52CE4ABED4DED2CED4DECEAF5AED595FD
:10D32000CD77DDB6FE9AE575D4B0F5B4F5B4C40B8F
:10D33000DCADFDB5ED34F594DC90D4D2F6BAFF7CCB
:10D34000DD34CC30E554F5F6F617FE99CD34BC92B9
:10D35000BCB3CD34EE38FF1AFEB9EE15E5B4E55393
:10D36000D533D575D514DD34DD55DD75DD75E57442
:10D37000E575F595ED54ECD2ECB1ECD2ECF2ECF2B3
:10D38000ECD2ECB2ECB2E471DC50D430D430D43016
:10D39000D430D450DCB2F575FDD6FD75E513D4B1AB
:10D3A000CC71CC71CC92E534FDD5F572DC6EBB69E5
:10D3B000DC49F52ABB88A2E9C3ACB4100000000028
:10D3C000000000000000000000000000000000005D
:10D3D000000000000000000000000000000000004D
:10D3E000000000000000000000000000000000003D
:10D3F000000000000000000000000000000000002D
:10D40000000000000000000000000000000000001C
:10D41000000000000000000000000000000000000C
:10D4200000000000000000000000000000000000FC
:10D4300000000000000000000000000000000000EC
:10D4400000000000000000000000000000000000DC
:10D4500000000000000000000000000000000000CC
:10D4600000000000000000000000000000000000BC
:10D4700000000000000000000000000000000000AC
:10D48000000000000000000000000000000000009C
:10D4900000000000BC4FE4CAF5AED44ADCCBED6D11
:10D4A000ED0AE54DFF3CE65BC514E617FEFBDD1318
:10D4B000E571F612DD52CC2DED4CED4FF56FDCAD84
:10D4C000D430F679FFDFE5F7CC50DD13EDD6F5F774
:10D4D000E5B6C4B2C4B3E618FF7CFF1BEDF7DD531D
:10D4E000DD33DD53E594EDD5FEB9FEFBFEDBFEFA40
:10D4F000FEDBFE79E574D491D430D410DC71ED13E9
:10D50000FD74ED13ECF3ECF3E4D2ECD3ECF3ED1497
:10D51000ED54F575F5B5F575ED13DC91D451D45096
:10D52000DC91F575FDB6FDB6FDD6ED34CC92C49117
:10D53000C4B3DD77F5D8DCD4BBADCC0CCBAB9B6DE5
:10D54000D5F5C3EEABCF00000000000000000000E6
:10D5500000000000000000000000000000000000CB
:10D5600000000000000000000000000000000000BB
:10D5700000000000000000000000000000000000AB
:10D58000000000000000000000000000000000009B
:10D59000000000000000000000000000000000008B
:10D5A000000000000000000000000000000000007B
:10D5B000000000000000000000000000000000006B
:10D5C000000000000000000000000000000000005B
:10D5D000000000000000000000000000000000004B
:10D5E000000000000000000000000000000000003B
:10D5F000000000000000000000000000000000002B
:10D60000000000000000000000000000000000001A
:10D61000000000000000000000000000AD75D48C88
:10D62000FDCCD48BD44AF58BE52BF698FF7FE638FA
:10D63000DDD7E638EDF6DD54FED8EE35D553F67776
:10D64000ED4FED2DE4CBD42AF554FEFBF6FBDD3493
:10D65000D491E574F637F5F7C4D2E616FF7CF67779
:10D66000DD73D512DD33E5B4F656FE97F657F6793D
:10D67000F69AF679FE99FE99F617ED74ED34F59564
:10D68000F575E4D3D450D42FDC50ECF2ED13E4F272
:10D69000ED33ED54ED55ED74ED74F554ED54ED347A
:10D6A000F554F595F595E4D2CC0FC3CFD471E4D2FF
:10D6B000DC91D471E4D3D471AB6DBC10DD75EDD7C2
:10D6C000DD35CCB4DCB3BBCFBD14B410B2CAA2EB11
:10D6D0008B8D000000000000000000000000000032
:10D6E000000000000000000000000000000000003A
:10D6F000000000000000000000000000000000002A
:10D700000000000000000000000000000000000019
:10D710000000000000000000000000000000000009
:10D7200000000000000000000000000000000000F9
:10D7300000000000000000000000000000000000E9
:10D7400000000000000000000000000000000000D9
:10D7500000000000000000000000000000000000C9
:10D7600000000000000000000000000000000000B9
:10D7700000000000000000000000000000000000A9
:10D780000000000000000000000000000000000099
:10D790000000000000000000000000000000000089
:10D7A000000000000000A34CF52AF5ACCC09E4C849
:10D7B000EDF2F73EFF3CEE38D596E618D4F3EE16C0
:10D7C000FF59D553DD94FF3AF697E4EED409ED0AFC
:10D7D000ED90F6DBEE38DD14DCD3FE38F637C4B15D
:10D7E000F677FED8DD53D512DD53EDF5FE97FE97A3
:10D7F000F656F615EE16F69AF69AF69AFE99F5D6BC
:10D80000E534E534ED54ED54ED34ED54F554ECD2FB
:10D81000D42FD42FE4F2F5F6F616EDD5ED55ED54F0
:10D82000F574F574F574F554F534E4F3DCB2DC9179
:10D83000DC91C3EFC3CFCC30CC0FDCB2DC92DC7117
:10D84000E4F3E513E534F5D6F5F8FE9BFEDBFE5870
:10D85000ED75E4F3D3EFD3EEC3CEBBAEBBEFB410A4
:10D86000ABEFA3AFFFFF00000000000000000000CE
:10D8700000000000000000000000000000000000A8
:10D880000000000000000000000000000000000098
:10D890000000000000000000000000000000000088
:10D8A0000000000000000000000000000000000078
:10D8B0000000000000000000000000000000000068
:10D8C0000000000000000000000000000000000058
:10D8D0000000000000000000000000000000000048
:10D8E0000000000000000000000000000000000038
:10D8F0000000000000000000000000000000000028
:10D900000000000000000000000000000000000017
:10D910000000000000000000000000000000000007
:10D920000000000000000000000000000000A3AEA6
:10D93000CBCAF5ACDC8ACBE8FE95F75FFF5EEE79EB
:10D94000CD34DDB6DD13FED9F657D532FEB7F67706
:10D95000FF1ADCEFDC48F54AED8FE5F8E638DD34F8
:10D96000F5D6EE16C4D1DDB4E5D4D512DD73F65785
:10D97000FE97F656F636F636F656F636F635F635A0
:10D98000F679F659ED95E554ED55ED35ED34ED5359
:10D99000ED13E4F3E4F3ED54FDF6F5D4DD32DD32BE
:10D9A000EDD5EDB5ED54F574ED54E513E4D2DC910D
:10D9B000DC91DC91DC71DC91DCB1E4D2E4F3DCB22B
:10D9C000C3CFBB8DDC92DCB2D450D450D430D45011
:10D9D000C410AB8DC4B2EDF7DD55DD75E534D45020
:10D9E000D40FE450ECB1E4B2D430CC2FBC0FABEF89
:10D9F000A3AF0000000000000000000000000000D5
:10DA00000000000000000000000000000000000016
:10DA10000000000000000000000000000000000006
:10DA200000000000000000000000000000000000F6
:10DA300000000000000000000000000000000000E6
:10DA400000000000000000000000000000000000D6
:10DA500000000000000000000000000000000000C6
:10DA600000000000000000000000000000000000B6
:10DA700000000000000000000000000000000000A6
:10DA80000000000000000000000000000000000096
:10DA90000000000000000000000000000000000086
:10DAA0000000000000000000000000000000000076
:10DAB000000000000000ACD0BB69DC6CF5ACCBE929
:10DAC000E56FF5D1ED6FF699D5F9DDB6E594FEB8C1
:10DAD000E5B6DD94FED8F698F658E553ED0EF54C14
:10DAE000E4ABE5D7F6BAF5D6EDF6C4B1DD74E5B42E
:10DAF000DD74F657FE98F656F635F636F656F656B7
:10DB0000F636F635F636F635F636EDD6ED74ED75B5
:10DB1000ED75ED55ED54ED33F555F5D6F616F636B3
:10DB2000FE36FE36FE57E553E4F2ED54ED34E4F3F1
:10DB3000E4D2DCB2DCD2E4F3E513ED34F574ED5558
:10DB4000ED34F554F555F575F575DC92CC0FE4F32D
:10DB5000F575ED13E513E4F2E513CC7092AACCD27F
:10DB6000CCD3BD76FFDFEEDBDDF7CD13B36DCBADF0
:10DB7000E4B1E4D2ECD2DC71CC30B3AEAC2F000017
:10DB80000000000000000000000000000000000095
:10DB90000000000000000000000000000000000085
:10DBA0000000000000000000000000000000000075
:10DBB0000000000000000000000000000000000065
:10DBC0000000000000000000000000000000000055
:10DBD0000000000000000000000000000000000045
:10DBE0000000000000000000000000000000000035
:10DBF0000000000000000000000000000000000025
:10DC00000000000000000000000000000000000014
:10DC10000000000000000000000000000000000004
:10DC200000000000000000000000000000000000F4
:10DC30000000000000000000000000000000AAB585
:10DC4000B3AAAAE7DCCBECECCBE9F54ADC48E53239
:10DC5000E659DE18EE16E5F6E5F7E5D5FEB8FEFB6B
:10DC6000E5B6E638EDB5ECCDD409F617FF5DF6580C
:10DC7000C4B1DD33E594EE16FED8F657F636F65607
:10DC8000F656F656F656F635F636F636EE35F636DE
:10DC9000F657EDB5ED54E533E4D3E4D3E513E5549D
:10DCA000DD32DCF1E533E513DCD1DCB1DC91E4D22B
:10DCB000E4B2E4B1E4D2ED13ED13F514ED14ED1379
:10DCC000ECF3ED13ED13ED14ED15ED15ED15ED146D
:10DCD000ED14F575E4D3C3EFD471ED33E4F2E4F35E
:10DCE000E4D3F554E4D3BB8E9B0CD69A000000001D
:10DCF00000000000DEDBA30CCBADD42FD450DCB190
:10DD0000DCB1ECD2C41000000000000000000000F4
:10DD10000000000000000000000000000000000003
:10DD200000000000000000000000000000000000F3
:10DD300000000000000000000000000000000000E3
:10DD400000000000000000000000000000000000D3
:10DD500000000000000000000000000000000000C3
:10DD600000000000000000000000000000000000B3
:10DD700000000000000000000000000000000000A3
:10DD80000000000000000000000000000000000093
:10DD90000000000000000000000000000000000083
:10DDA0000000000000000000000000000000000073
:10DDB0000000000000000000000000000000000063
:10DDC00000000000000000007206D46BCC0AF54C85
:10DDD000D42AE4CAECCBDC70E530D533F699E5D42F
:10DDE000E596EE37F6D9EE59DD75FEDBF677D42EE3
:10DDF000E450F5F6FF7DCD13D4F2EDD5F697F6B8E5
:10DE0000F656F656F656F656F676F656F635F635D4
:10DE1000F636EE16EE15EE37F678EDF6EDB6E5349D
:10DE2000DD34EDF7F658F679EDD6DCD1DC6EE44F53
:10DE3000E4D2E4D2DC91DC71DC71DC50D430DC5013
:10DE4000DC50E471ECB2ECF3E4D2DC92E490E4ADAB
:10DE5000E4CEE4D0ECF3ED14ED15ED14F555ED340E
:10DE6000CC0FD470ED34E4F3E4D3DCB2ED14ED1454
:10DE7000A2AABD5500000000000000000000E75EFF
:10DE8000BC11DC2FB36CC42FE4F2C34D8229000017
:10DE90000000000000000000000000000000000082
:10DEA0000000000000000000000000000000000072
:10DEB0000000000000000000000000000000000062
:10DEC0000000000000000000000000000000000052
:10DED0000000000000000000000000000000000042
:10DEE0000000000000000000000000000000000032
:10DEF0000000000000000000000000000000000022
:10DF00000000000000000000000000000000000011
:10DF10000000000000000000000000000000000001
:10DF200000000000000000000000000000000000F1
:10DF300000000000000000000000000000000000E1
:10DF40000000000000000000000000000000A3EC42
:10DF5000D572FE94E468E4EBED0AE4ABDCCEE4F4C5
:10DF6000F532C46FE659FED9DD54F679FEDAE5964E
:10DF7000E5D7FF1BF679DCB0ECD2E512E637CD54DD
:10DF8000F617EDF6FEB9F656F657FEB8F657E5B4B5
:10DF9000E5B4E5B4F636F656EE16F658F679F679A7
:10DFA000F67AF69AF69AEDF7FE79FEBAF69AF69AAE
:10DFB000FEBBFEBBF617ED52E4D0E4B0ECF2F53454
:10DFC000F534ED13E4D2E471DC50D430D40FD42F07
:10DFD000D450E492ECD1E4CDDCA9E489DC8BDCAC58
:10DFE000E4CEE4F1ECF3ED34ED55C40FD450ED3450
:10DFF000E4D3DCD2E4B2E4D2F513B34DB555F7BEA9
:10E00000DE58D573C4AFBC6DBBEEC38EC3CEA30BBD
:10E010009A8982299C92BE39CE59B576B4B3AC3078
:10E02000A3CF9BAF9BCFAC719CD30000000000003E
:10E0300000000000000000000000000000000000E0
:10E0400000000000000000000000000000000000D0
:10E0500000000000000000000000000000000000C0
:10E0600000000000000000000000000000000000B0
:10E0700000000000000000000000000000000000A0
:10E080000000000000000000000000000000000090
:10E090000000000000000000000000000000000080
:10E0A0000000000000000000000000000000000070
:10E0B0000000000000000000000000000000000060
:10E0C0000000000000000000000000000000000050
:10E0D000000000009C0FD533FFFE00000000DCAA0A
:10E0E000ED4DF594DC92E490F5D4DD74D575FF7DAB
:10E0F000E5B6F679F6BAE5B6EE38FEDBEE39E5734D
:10E10000DC70DCD1CD33EE59F637EDF6F677FE98BC
:10E11000F658E5D6DD75DD74DCF2DD13E595EDF737
:10E12000F699F69AF69AF69AF69AF6DBEDF7EDF886
:10E13000FEBBF67AF67AF67AF679F679FE9AF6DA90
:10E14000F638ED74E510E48EE470E491ECD3F51448
:10E15000F514ECF2E4B2D451D410D40FD40FDC3067
:10E16000E4AFE4CEDCABDC89DC89DC6ADC8CDCAEE1
:10E17000E4F1E4F3CBF0D472ED34E4F3E4B2E4B1CF
:10E18000DCD2E4D3A2EB9ACBC38BB2C4BB89C48DDF
:10E19000EE79C576BB8EE49250A3B5550000000021
:10E1A000000000000000FFFFFF9FFF9ED5B7A3EF18
:10E1B000AC30B472C4F4C4100000000000000000D1
:10E1C000000000000000000000000000000000004F
:10E1D000000000000000000000000000000000003F
:10E1E000000000000000000000000000000000002F
:10E1F000000000000000000000000000000000001F
:10E20000000000000000000000000000000000000E
:10E2100000000000000000000000000000000000FE
:10E2200000000000000000000000000000000000EE
:10E2300000000000000000000000000000000000DE
:10E2400000000000000000000000000000000000CE
:10E25000000000000000000000008410BD34FFFF3B
:10E26000EE1400000000D449E4D0F573E4F1E59425
:10E27000FEB7F698CD13EE99EE18F679F6BAE5F7F3
:10E28000F679F659EE59F677D3ECDC4FDD96FF3C84
:10E29000EE17F658F6B9E5D7E5B6E5B6EE38F699D5
:10E2A000F658FE9AF679E5F7EE59F6BAF69AF69A26
:10E2B000F69AF69AEDD7F659F67AF67AF67AF6796C
:10E2C000F679F678F679F679F67AFE9BF679EDD559
:10E2D000ED73ED32E4AFDC6EDC6FE4B1E4D2E4B1B7
:10E2E000ECCFE4CBDC69DC6ADC4CD40BDC4BE48C9B
:10E2F000E4ABDC8ADC6AD489D46AE4ACE4AECBED6E
:10E30000CBEFE4D3ED14E4B2DCB2DCD2ECF3B2EB4D
:10E31000C4B300000000000000000000CD969A8AFF
:10E32000AB4CAC72000000000000000000000000D8
:10E330000000EF3CCDB700008410AC72B451AC10BB
:10E34000BCD3C51400000000000000000000000065
:10E3500000000000000000000000000000000000BD
:10E3600000000000000000000000000000000000AD
:10E37000000000000000000000000000000000009D
:10E38000000000000000000000000000000000008D
:10E39000000000000000000000000000000000007D
:10E3A000000000000000000000000000000000006D
:10E3B000000000000000000000000000000000005D
:10E3C000000000000000000000000000000000004D
:10E3D000000000000000000000000000000000003D
:10E3E0000000ACB3EF1DFF7D000000000000DC6BFF
:10E3F000DC2DFE35E5D5EE16F697FEF9D555D5554B
:10E40000F6BAF6BAF69AE5F7F6BAEE38F69AF6BA2A
:10E41000E48FED95EE9AF6DAFEDBF67AE596E5D72F
:10E42000F699FEDAF699F679F6BAF6BAF6BAFEBABF
:10E43000EE38F679F69AF69AF69AF69AEDD7F659F4
:10E44000F67AF67AF679F679F678F679F679F65973
:10E45000F639F639F639F67AFE9BF69AF617ED9408
:10E46000E511DCB0DC4EDC0CD3E9D3E8D3E8D3E72C
:10E47000D3C7CBC8CBC9D40ADC6BE4ABE4CBE4CBC9
:10E48000E4AAE4A9E4A9E4CAD428C38BCC2FE512FA
:10E49000E4F3DCB2DCB1E48FABACE71C00000000BD
:10E4A000000000007BD07AAAFDD5AB0BB5140000AC
:10E4B000000000000000DE99AC2FA3D0C6180000B9
:10E4C0000000000000009CD3B471B3F0B45200000F
:10E4D000000000000000000000000000000000003C
:10E4E000000000000000000000000000000000002C
:10E4F000000000000000000000000000000000001C
:10E50000000000000000000000000000000000000B
:10E5100000000000000000000000000000000000FB
:10E5200000000000000000000000000000000000EB
:10E5300000000000000000000000000000000000DB
:10E5400000000000000000000000000000000000CB
:10E5500000000000000000000000000000000000BB
:10E5600000000000000000000000ACF4FFFFF635E2
:10E57000000000000000E488ED30FEFAE594E5D4E8
:10E58000F697F698EE38CD14EE79F6DBF69AEE189B
:10E59000F679EE58FEDBEE38EE17F71BF6BAFEFB07
:10E5A000EE79DD76EE18FEFAF699F699F699F69977
:10E5B000F69AF69AF69AF69AF67AF67AF69AF69A1B
:10E5C000F69AF6BAE5D7EE18F6BBF679F679F6794B
:10E5D000F679F679F659F638F639F639F639F63924
:10E5E000F639F639F67AFE9BFE9AF616EDB4ED731F
:10E5F000E512DCB0DC4ECBECC3AAC369C368B3063A
:10E60000AAA5B306C388C3A9C3A9C3A8C3A7CBC877
:10E61000D429CBC7B327BB69CC0DE4AEDCCBDCAAD5
:10E62000D3C6A36AFFFF0000DDF772290000D5D72B
:10E63000CC30FD34B3F00000F77EBD149B8C930901
:10E64000CD13FFFF000000000000000000000000EC
:10E650000000FFFFAC51ABF0D5D700000000000078
:10E6600000000000000000000000000000000000AA
:10E67000000000000000000000000000000000009A
:10E68000000000000000000000000000000000008A
:10E69000000000000000000000000000000000007A
:10E6A000000000000000000000000000000000006A
:10E6B000000000000000000000000000000000005A
:10E6C000000000000000000000000000000000004A
:10E6D000000000000000000000000000000000003A
:10E6E000000000000000000000000000000000002A
:10E6F0000000BD55FFFFF5D2000000000000ED2F27
:10E70000F676FE98E5B4E5B4FE97F677FF1BD535AF
:10E71000DD55FF5CF6DAF659EE38EE79FEFBEE38A1
:10E72000EE59F6DAFEDBEE59DD96EE79FEFBF69950
:10E73000F699F69AF69AF69AF69AF69AF69AF69A5A
:10E74000F67AF6BBFF1CF69AEE59FEBAEE19E5B75B
:10E75000FEBAF679F679F679F679F659F639F65978
:10E76000F659F639F639F639F639F639F638F63813
:10E77000F638F658FE59FE59FE59F658FE58FE383E
:10E78000FE18EDB6E553DCF1D48FCC0CBB67C38B20
:10E79000CBF0C3CEC3AABB67BB46C388C3A8B3072D
:10E7A0009A66A2E6B367C3C8DC6BCB87CCAED51242
:10E7B00069E7000000009492930AD40E82298B6EC0
:10E7C000B513B471DDF6FFFF00000000000000008B
:10E7D0000000000000000000000000000000BCD3AA
:10E7E000934EBD3400000000000000000000000057
:10E7F0000000000000000000000000000000000019
:10E800000000000000000000000000000000000008
:10E8100000000000000000000000000000000000F8
:10E8200000000000000000000000000000000000E8
:10E8300000000000000000000000000000000000D8
:10E8400000000000000000000000000000000000C8
:10E8500000000000000000000000000000000000B8
:10E8600000000000000000000000000000000000A8
:10E8700000000000000000000000C576FFFFFF1C44
:10E88000F56FE50DEDB5FE79FED9F697E5B4E574C3
:10E89000FE97F698FEFBE618CD14FF3CF6DBEE592A
:10E8A000EE38F6BAF6BAF69AEE99FEDBF659DD9630
:10E8B000F699FEDAF69AF69AF69AF69AF69AF69A91
:10E8C000F69AF69AF69AF6BAFF1CEE38D555D53573
:10E8D000D515EE18FEFBDDB6EDF7FEBAF659F67962
:10E8E000F679F639F639F659F638F638F638F63854
:10E8F000F659F659F638F638F638F618F5F8FE39BE
:10E90000FE39F638F617F5F7F5F7F618EDF8F5F6DF
:10E91000F5F6F616F5B2DC8EDC91E514ED13ECEFAE
:10E92000DC8CDC6BD44AD449D428C3C8BB68B34858
:10E93000CBC9DC4A89A2598700005B6D52CB4A8C57
:10E940006A8AAAC491E2A41000000000000000003E
:10E9500000000000000000000000000000000000B7
:10E960000000000000000000CD77A3F100000000CF
:10E970000000000000000000000000000000000097
:10E980000000000000000000000000000000000087
:10E990000000000000000000000000000000000077
:10E9A0000000000000000000000000000000000067
:10E9B0000000000000000000000000000000000057
:10E9C0000000000000000000000000000000000047
:10E9D0000000000000000000000000000000000037
:10E9E0000000000000000000000000000000000027
:10E9F0000000000000000000000000000000000017
:10EA00000000B514FFFFF6FDD556C472CCB4CCB3EC
:10EA1000CCB2DD74EDF5E573F678F69AF69AFF1C44
:10EA2000D535E5F7FF3BEE59F659F6DBF69AF6BA1F
:10EA3000FEFBF679DD96F69AFEDAF69AF69AF69AE3
:10EA4000F69AF69AF69AF69AF69AF69AFF1CF659FC
:10EA5000D555D514DD96F659EE19E5F7FEBAF679D7
:10EA6000DD55F658FEBAF638F639F659F639F63865
:10EA7000F638F638F638F638F638F658F67AFE797B
:10EA8000F658F638FE38F5B6EDB5F617FE17FE382F
:10EA9000F618EDF7EDD7EDB5E594E553E553E5321E
:10EAA000DCCFDC90DCB2E4F4E534E4D2DCB0DC8F23
:10EAB000DC8DDC8CDC8BDC6AD428D428B3279B0863
:10EAC0009BCC93AE936E0000ACF5C408DC26AC2E54
:10EAD00000000000000000000000DEFB000000005D
:10EAE0000000000000000000000000000000000026
:10EAF0000000BD35B4B300000000000000000000BD
:10EB00000000000000000000000000000000000005
:10EB100000000000000000000000000000000000F5
:10EB200000000000000000000000000000000000E5
:10EB300000000000000000000000000000000000D5
:10EB400000000000000000000000000000000000C5
:10EB500000000000000000000000000000000000B5
:10EB600000000000000000000000000000000000A5
:10EB70000000000000000000000000000000000095
:10EB800000000000000000000000B4F3FF1CEEBA1B
:10EB9000E5D8E535D4B1CC6FCCD2CCB1DD53DD3284
:10EBA000EDF6FEBAF6DBFF1CE5D6D514FEFAF679D3
:10EBB000F69AF6BAF69AF6BAF699DDB6F69AFEDB4A
:10EBC000F69AF69AF69AF69AF69AF69AF69AF67AE5
:10EBD000FEFBFEBBD596D514DD96FEBBFF1CF69B57
:10EBE000F67AF658F678FEBAF618D554FE79F65944
:10EBF000EDF7F638F659F638F638F637F638F638CF
:10EC0000F638F5F7E552EDB4F637FE7AFE9AE510E0
:10EC1000DC2DED12ED33ED53ED95EDB6EDD6EDF5C2
:10EC2000EDF4EDB4DD32D4F2CCD1D46FDCB1E4D369
:10EC3000E534E575E4F3DCB2DCD3DCD2DCB1DC8FA7
:10EC4000D46DD44CE4ABEC89D406C3E6BBC9C3CDC8
:10EC5000A36E9A67C2C6A38C0000000000000000EB
:10EC60000000BDD700000000000000000000000010
:10EC700000000000000000000000D67AB4930000FD
:10EC80000000000000000000000000000000000084
:10EC90000000000000000000000000000000000074
:10ECA0000000000000000000000000000000000064
:10ECB0000000000000000000000000000000000054
:10ECC0000000000000000000000000000000000044
:10ECD0000000000000000000000000000000000034
:10ECE0000000000000000000000000000000000024
:10ECF0000000000000000000000000000000000014
:10ED00000000000000000000000000000000000003
:10ED10000000A493CD76FFDFF678ECABE426F57126
:10ED2000FF1AFEB8EE15EDF5EDF7F6DBF6BAF6369E
:10ED3000F657DD53EE17F69AF69AF69AF6BAF6BA41
:10ED4000DDD7EE79FEFBF6BAF69AF69AF69AF69ABF
:10ED5000F69AF69AF6BAFF1BE618D514DD56F69A1F
:10ED6000FEFCF67AF67AF67AF679F679F679F638DE
:10ED7000FE99E5B6D534FE79F659E5D7EE18FE5979
:10ED8000F638F637F638F638F618F638ED52DC8DE8
:10ED9000ED52ED94EDB4F5B6E4F2DCB1ED12DCB178
:10EDA000DC91E4B1E4D0E4F1E531E552EDB4EDB449
:10EDB000D512D4F2ED54E4F4DCF3E5B5E5B5DCD2DC
:10EDC000DCB1DCD2DCB2DCD3DCD3DCB2CC2FBB8B4D
:10EDD000DC8EE4ABE4A9DB48CA06B9C6B146A1E7BC
:10EDE000CD55E79E00000000F79E9D140000000036
:10EDF0000000000000000000000000000000000013
:10EE000000000000BD15FC1F000000000000000015
:10EE100000000000000000000000000000000000F2
:10EE200000000000000000000000000000000000E2
:10EE300000000000000000000000000000000000D2
:10EE400000000000000000000000000000000000C2
:10EE500000000000000000000000000000000000B2
:10EE600000000000000000000000000000000000A2
:10EE70000000000000000000000000000000000092
:10EE80000000000000000000000000000000000082
:10EE900000000000000000000000B4F4C576FFFF91
:10EEA000EDD3E3E3ED0EFEB9FE77FE77FE76FE9836
:10EEB000FEFBF6B9ED72E551EE35F615F636EE5776
:10EEC000F678F699FEDBE5F7EE38FEFBF699F69A52
:10EED000F69AF69AF69AF69AF67AFEDBFEDAD57587
:10EEE000D514EE38FEFBF69AF67AF67AF65AF679EB
:10EEF000F679F679FE79EE18E5B6F638EE18EE18E2
:10EF0000F659F638E5D6F617FE58F638F638F638DC
:10EF1000F618F618FE59F5B5DCCEE4D0E4F2E513A8
:10EF2000E534D4F2DCF3E534E534E4D3E4D2DC9127
:10EF3000D450D42FD44FDCB0E4F1E4F2E4D2E514A1
:10EF4000E555D513EE17F617DCF3D491DCB1DCB23E
:10EF5000DCB2DCB2CC10AACC9B0DAC11BBCEBBACEE
:10EF6000CBABCB6AD34ADAC8B963B1C6BB6DFEBAC4
:10EF700094F4739200000000000000000000000004
:10EF8000000000000000000000000000AD7500005F
:10EF90000000000000000000000000000000000071
:10EFA0000000000000000000000000000000000061
:10EFB0000000000000000000000000000000000051
:10EFC0000000000000000000000000000000000041
:10EFD0000000000000000000000000000000000031
:10EFE0000000000000000000000000000000000021
:10EFF0000000000000000000000000000000000011
:10F000000000000000000000000000000000000000
:10F0100000000000000000000000000000000000F0
:10F020000000C576FF9EF6DCED2EE489FE77F678CB
:10F03000E573DD53DD53E5B6EDF6D46EDC71ED948A
:10F04000ED93ED73EDB3EE36F657F6DAEE39E5D71C
:10F05000FEDAF69AF69AF69AF69AF69AF69AF69AE8
:10F06000FEFBEE59CCF4D575FEDBFEBBF67AF67AE4
:10F07000F67AF679F679F679F679F659F679EE18A0
:10F08000DD55EDD7FEBAF659F638F639F618E5959E
:10F09000EDF7FE58F638F618F5F7F617F618FE599C
:10F0A000EDB4E48FE4D2ED34ECF2E4F2D4B1CCB2BE
:10F0B000CCB3E575E575DD13ED75ED75E4F3D4704E
:10F0C000D430D40CD409D44BDCCFCCB2BC51E596AF
:10F0D000FE59DD14D451DCB1DCB2DCB2E4D2E4D3AD
:10F0E000B3AF834D00007B4E7B6E8B2CAB6CA32BA0
:10F0F000B30AC247D9E680A24062A2ABBB6E000051
:10F1000000000000000000000000000000000000FF
:10F1100000000000000000000000000000000000EF
:10F1200000000000000000000000000000000000DF
:10F1300000000000000000000000000000000000CF
:10F1400000000000000000000000000000000000BF
:10F1500000000000000000000000000000000000AF
:10F16000000000000000000000000000000000009F
:10F17000000000000000000000000000000000008F
:10F18000000000000000000000000000000000007F
:10F19000000000000000000000000000000000006F
:10F1A0000000000000000000A493DE59FF9EEE174F
:10F1B000ECAAED71E5D5D532E573E5B4EDF6F618B8
:10F1C000D4B0DCB1E514F5D6F575DCD1E5B4F6576D
:10F1D000F658F659E5D7F69AF6BAF69AF69AF69AE6
:10F1E000F69AF69AF69AFEFBE5F7CCF3EE18FEFCDB
:10F1F000F67AF67AF67AF67AF67AF678F679F67993
:10F20000F679F659FE79EDF7DD34EDD7FE79F6396A
:10F21000F638F638F637F617E555EDD6FE58F5F818
:10F22000F5F7F617F5D6F5F6FE59F5D7DC8FE4D1EC
:10F23000ED34ECF3ED12E512D4B1CC93D4F4EDB788
:10F24000E576DD35E596F617F5B6E532DCAED44A5F
:10F25000CBC6DCCED514BC31D514F659E575D451E6
:10F26000DCB3DCB3DC92DC92ECF4D4518B6D0000A7
:10F270000000BC11BBD07BCF7B6F8BEE92EB48A321
:10F2800091E6E288BA47AAA9A41000000000000095
:10F29000000000000000000000000000000000006E
:10F2A000000000000000000000000000000000005E
:10F2B000000000000000000000000000000000004E
:10F2C000000000000000000000000000000000003E
:10F2D000000000000000000000000000000000002E
:10F2E000000000000000000000000000000000001E
:10F2F000000000000000000000000000000000000E
:10F3000000000000000000000000000000000000FD
:10F3100000000000000000000000000000000000ED
:10F3200000000000000000000000000000009B53EF
:10F330009C52FFFFF6DCEE14ECA9DCB0DD53F65670
:10F34000FE97F677FF3ACC91B36DFDF7FDF7E53404
:10F35000CC0FE552F677F615F636E5B6EE59FEDB3C
:10F36000F69AF69AF69AF69AF69AF6BAFEFBDDB691
:10F37000D514F69AFEDCF67AF67AF67AF679F6790C
:10F38000F679F678F679F679F679F659F679EDF8B0
:10F39000DD14E5B6FE9AFE59F638F658EDD6F5F7C7
:10F3A000FE59DD55E555FE18FE38F617F5F7EDB5B3
:10F3B000EDB5FE59F5F7DC8FE4D2E513E4F2E4F2A3
:10F3C000E511D4B0CCB3D4F4EDB6EDD6D514D51444
:10F3D000DD95F638FE39EDB7E513D48CE553E597A6
:10F3E000CCD3CCD4DDD7E552D40BDC6EDC70D49218
:10F3F000D493E4D4D472A3AF93B0AB8FCD76000096
:10F400000000AC727A6A834E736E834CA2EABA47EC
:10F41000BA48A2AA9CD3000000000000000000002F
:10F4200000000000000000000000000000000000DC
:10F4300000000000000000000000000000000000CC
:10F4400000000000000000000000000000000000BC
:10F4500000000000000000000000000000000000AC
:10F46000000000000000000000000000000000009C
:10F47000000000000000000000000000000000008C
:10F48000000000000000000000000000000000007C
:10F49000000000000000000000000000000000006C
:10F4A000000000000000000000000000000000005C
:10F4B000000000008410728BDE7AFFBEF6BCF5F30C
:10F4C000DC29DD12FE97F635FE76FE98D4D1B3AE78
:10F4D000E534FDF7DD13C42FE534ED93EDB4F636D6
:10F4E000EDF6EE38F6BAF679F69AF69AF69AF69AB4
:10F4F000F6BBFEDADD75D555FEBBFEBBF65AEE59FE
:10F50000F67AF679F679F679F679F679F679F67982
:10F51000F658F639F659EDF7DD35E575FE79EDF774
:10F52000F617FE58EDF7CC92E596FE9ADD34D5132A
:10F53000FE37FE37F5F7F617ED96E555F5F8F5F6D3
:10F54000DC8FE4D2E513E513E4F4E4D1E4F0CC91EC
:10F55000C492DD75FE59EDD6D4F3D513DD54EDD745
:10F56000FE59E5B7DD75ED96F618E5D7CD35D5959D
:10F57000D4ABD408D46DD46CD46CD48DE4D0ECF17D
:10F58000AB2B828B0000BCD2B3CFA30CB4B1000074
:10F590000000000000008BCFABAEBAEABB0AAB6D37
:10F5A000000000000000000000000000000000005B
:10F5B000000000000000000000000000000000004B
:10F5C000000000000000000000000000000000003B
:10F5D000000000000000000000000000000000002B
:10F5E000000000000000000000000000000000001B
:10F5F000000000000000000000000000000000000B
:10F6000000000000000000000000000000000000FA
:10F6100000000000000000000000000000000000EA
:10F6200000000000000000000000000000000000DA
:10F6300000000000000000000000D4D3B4F4DE3964
:10F64000F71CFF1CF6DCF571DC2BEE16F636FE9788
:10F65000F616BC0FBC0FED95FE38D492BBEFED74DF
:10F66000F5F8E532E4EFF637FE9AF679EE38F69AD9
:10F67000F69AF69AF69AF6DBFEBAD534DD76FEBB3C
:10F68000F69BF67AEE18F659F679F679F679F67968
:10F69000F679F679F659F659F639F638F638F65815
:10F6A000ED96D4F4E5B6E554F5F7F638FE79F5F7BE
:10F6B000C471D514FE99DD54CC91FDF7FE38F5F7F1
:10F6C000FE17F5B6DD34E575ED94E4D1E4D2E4F34C
:10F6D000E4D2E4D3E471E4F1E573CCD3BC71EDF78B
:10F6E000FEBAEDB6DD54CCD3CCD3E596EDF7DD54C0
:10F6F000CCF3DD75EE18D556CD34CC70CC30CC4F74
:10F70000CC08C3C7C3A9C3A8D409C3EAAB89AB4B10
:10F71000932CFFFF0000000000000000000000002C
:10F720000000736E938DB34DBBCEB4D200000000C9
:10F7300000000000000000000000000000000000C9
:10F7400000000000000000000000000000000000B9
:10F7500000000000000000000000000000000000A9
:10F760000000000000000000000000000000000099
:10F770000000000000000000000000000000000089
:10F780000000000000000000000000000000000079
:10F790000000000000000000000000000000000069
:10F7A0000000000000000000000000000000000059
:10F7B0000000000000000000000000000000000049
:10F7C0000000ACB3FF9ECDD7FF5DFF3DF6DCE4EE5D
:10F7D000DC6DF637FE98E574B3AED4B2F5D6FDF71E
:10F7E000D492BBCEED75F5D6ED75DC90E551F6BA49
:10F7F000F69AE5F7F679F6BAF69AF69AF6BAF6BAFE
:10F80000D515E5B7FEDBF67AFE9AE5F7EE18FE9918
:10F81000F679F679F679F679F679F659F639F63910
:10F82000F659F658F638FE99EDB6CCD3CCF3F5B5CB
:10F83000F5F6F5F7F617FE59FE38C492CCB2FE99EC
:10F84000E554BC0FF5D7FE58F5F6F617F5F7DD557C
:10F85000DD35DD13E4F1E4F3E4D3E4B1E4D2E4B262
:10F86000DCB0F553D534B431DD54FE79F658F67971
:10F87000DD96CCD3D4F3E596E596DD54DD95E5D75A
:10F88000CD75CD34C3CFBBAFC3CFBB89C3C8CC2AE2
:10F89000BBA9B368AAC582C900000000000000002F
:10F8A0000000000000000000000000000000837065
:10F8B000AC50BC10BD34000000000000000000008F
:10F8C0000000000000000000000000000000000038
:10F8D0000000000000000000000000000000000028
:10F8E0000000000000000000000000000000000018
:10F8F0000000000000000000000000000000000008
:10F9000000000000000000000000000000000000F7
:10F9100000000000000000000000000000000000E7
:10F9200000000000000000000000000000000000D7
:10F9300000000000000000000000000000000000C7
:10F9400000000000000000009C31DE7AFFBEC5769A
:10F95000FF9EFF5DF6DCDCADDC6FFE79D513ABCD31
:10F96000ED95FDF7F5D6DCB2B38EED75F5D6E51461
:10F97000DC2FE511FEFBF69AE596F699F6BAF69AB3
:10F98000F67AF6BAF6BAD535E5B7FEDBF67AFEBA00
:10F99000E5D7E5D6FE99F679F679F679F679F6594E
:10F9A000F639F639F639F659F659F638F638F65882
:10F9B000F5F7E555CCD2EDB5F5D5F5B4F5F7F63854
:10F9C000F637FE79D4D3BC10FE38ED96BBCFED955B
:10F9D000FE79EDD7EDD7F617EDB6DD35D4B2D44FBD
:10F9E000ECD2ECF3E4B1E4B2E4B2DC90ED73EDF709
:10F9F000B450CCD2F658F679FF1CF69AD514C491BF
:10FA0000CCB2CCD3CCD3DD95E618EE59E5B6DC927A
:10FA1000DCD4D490BBA8AB27A308AB08D409AB4770
:10FA2000B4F400000000000000000000000000002E
:10FA300000000000000000000000834D9B6ECD150B
:10FA400000000000000000000000000000000000B6
:10FA500000000000000000000000000000000000A6
:10FA60000000000000000000000000000000000096
:10FA70000000000000000000000000000000000086
:10FA80000000000000000000000000000000000076
:10FA90000000000000000000000000000000000066
:10FAA0000000000000000000000000000000000056
:10FAB0000000000000000000000000000000000046
:10FAC0000000000000000000000000000000000036
:10FAD0009C31FF9EF71CC576FF7EFF7EFEFCD46C3A
:10FAE000ECF2DD55AC0EFE57FE17F5B5E513B36D20
:10FAF000ED55FDD7DCB3D40FE510F6BAFEDBDD75AE
:10FB0000E618F6BAF67AF67AF69AFEBBD535E5B778
:10FB1000FEDBF679F6BAEE38DD55FE79F679F67940
:10FB2000F679F679F659F639F639F659F659F6595D
:10FB3000F659F638F638F618FE9AE555C451E554EC
:10FB4000FE36F5D5ED72ED94FE59F5D6FE58DD344E
:10FB5000B3EFED96F5B6B3CFDD34FE38EDF7E5B68D
:10FB6000EDD7F617EDB6D4B2C3EED450ED13ECF2E8
:10FB7000E4D1E4D2DC70F5D5F659C471BC91F63805
:10FB8000F679FEDBFF1CE5F7CCF4C4B2BC51B4310E
:10FB9000B451B431BC71C4719ACB928B9ACAAB4741
:10FBA000D46ADCEBD46BD428A307FC1F0000000050
:10FBB0000000000000000000000000000000000045
:10FBC00000000000830D936E0000000000000000A4
:10FBD0000000000000000000000000000000000025
:10FBE0000000000000000000000000000000000015
:10FBF0000000000000000000000000000000000005
:10FC000000000000000000000000000000000000F4
:10FC100000000000000000000000000000000000E4
:10FC200000000000000000000000000000000000D4
:10FC300000000000000000000000000000000000C4
:10FC400000000000000000000000000000000000B4
:10FC5000000000000000000072ECFFFFFF5DC576B1
:10FC6000F73CFF7EFF3CD40BC3CEC4B2F656FE7702
:10FC7000EDB5ED75B38EDCF3FDD7D472D42FED3135
:10FC8000F69AFF3DDDB6DD96FEDBF67AF67AF67A79
:10FC9000FEDBDD76E576FEDAF679F679FE99DD555E
:10FCA000EE18FE99F679F679F659F659F639F639DD
:10FCB000F639F639F659F639F639F638F638F618CF
:10FCC000FE59DD14D4D3CCB3E553FE15F5D5DC8E47
:10FCD000F594FE39F5D6FE79EDB6BBEFD4F3EDB66B
:10FCE000BC10CCB2FE38F617EDB6EDB5F5D6F61869
:10FCF000DD54CC0FC3ADD450ECF3ECF3DC71DCF28B
:10FD0000F618F639CCF3BC51EE38F69AF69AFEFBAB
:10FD1000FEFCEE79DDF7EDF7E5D7D534B430BC91D4
:10FD2000C4B2CC51D451CC0DB368B368BBA9CC4A92
:10FD3000CBE6938C000000000000000000000000F3
:10FD40000000000000000000000000000000736DD3
:10FD50008C510000000000000000000000000000C6
:10FD60000000000000000000000000000000000093
:10FD70000000000000000000000000000000000083
:10FD80000000000000000000000000000000000073
:10FD90000000000000000000000000000000000063
:10FDA0000000000000000000000000000000000053
:10FDB0000000000000000000000000000000000043
:10FDC0000000000000000000000000000000000033
:10FDD0000000000000000000000000000000000023
:10FDE000838FFFBFFFDFC576E69AFF9FFF3CD40DF0
:10FDF0009AEBEE18FEB9EDF5FE16C3EFCC50FE17E8
:10FE0000D470D471ED32F658FF1CEE18D555FEBBF8
:10FE1000F67AF67AF67AFEDBE5D7DD55FEBAF69984
:10FE2000F679FEBAE596DD75FEBAF679F679F659F9
:10FE3000F659F638EE38F659F639F639F639F63914
:10FE4000F639F638F617FE58E596EDB7ED96CCD2B2
:10FE5000CC50ED34FE38ED93D3EBF5D7FE38F5B644
:10FE6000FE18F618C471C451E555C450C451EDB61E
:10FE7000F618EDB6ED96EDB6F5F7EDB6D491C3AE46
:10FE8000C3AECBEFE4B2E4D1E554EDF7FE59D5555E
:10FE9000BC92F639F6BAF67AF69AF679E5F8E5D72D
:10FEA000DD76EE18EDF8C472B430BC71C411C3AB8A
:10FEB000BB87BB89BBA8BB89C3889AC784100000D5
:10FEC0000000000000000000000000000000000032
:10FED000000000000000C618738E00000000000043
:10FEE0000000000000000000000000000000000012
:10FEF0000000000000000000000000000000000002
:10FF000000000000000000000000000000000000F1
:10FF100000000000000000000000000000000000E1
:10FF200000000000000000000000000000000000D1
:10FF300000000000000000000000000000000000C1
:10FF400000000000000000000000000000000000B1
:10FF500000000000000000000000000000000000A1
:10FF600000000000000000009C92F6DBFFFFC59639
:10FF7000D5F8FFDFFF3CC4B3B472FF1CF638FE7740
:10FF8000DD12BBAEFDD6D491CC50F553ED73F6DB4C
:10FF9000F6DBD514EE18FEDBF67AF67AFE9AEE184A
:10FFA000EDB6FE9AF679F679FE9AF638DD14FE99EA
:10FFB000F679F659F639F659F639EDD7F638F65995
:10FFC000F639F639F639F639F639F638F618F617FD
:10FFD000E575DD34EDB6DD34CC71C3EFFDB6FE79E9
:10FFE000DCD0D40CF5D6F618EDD7EDD7FE37D51208
:10FFF000BC2FCCB1C471C431DD14F5F7F617EDD6C2
:020000040804EE
:10000000EDD6DD54E554E4F3D430C430C430C40F2D
:10001000E554FE79F618FE79DD96C4B3F659FEBBB9
:10002000F679EE18F639F659D555C4B2E576FE9A4A
:10003000EDD7B4519C0F934DA286C388BBA8B3687B
:10004000BBAAB367B3CDFFFF0000000000000000B3
:10005000000000000000000000000000000084100C
:10006000A5140000000000000000000000000000D7
:100070000000000000000000000000000000000080
:100080000000000000000000000000000000000070
:100090000000000000000000000000000000000060
:1000A0000000000000000000000000000000000050
:1000B0000000000000000000000000000000000040
:1000C0000000000000000000000000000000000030
:1000D0000000000000000000000000000000000020
:1000E0000000000000000000000000000000000010
:1000F0008BD0E6BAFFFFD5F8C596FFFFFF5DBD3593
:10010000C555FEBAF638FE37C40EE513ED13CC0F15
:10011000F575ED12ED94FF3CDD76DD96FEFBF659AC
:10012000F679F679FE99EE17CD14EDF8FE9AF659A8
:10013000FEBAD554E5D6FEBAF659F638F639FE7A47
:10014000E596E5F7F679F639F639F639F639F659DE
:10015000F638F638F638F5F7DCF3CC91FE79ED9504
:10016000D4D2BBEFCBEFFE99F658DC4EDC4EEDD689
:10017000EDF7ED96EDB4F615EDB4C470BC30BC30BF
:10018000C471CCB2DD55FE58F618EE17E5B6D5149D
:10019000CC51F618F699CCD2C4B2D555DD76E5B778
:1001A000FEBAE5D7D555FEFBFEBAE5B7F639EE182F
:1001B000EE38CCF492CBC492EDF7FE79BCF300009C
:1001C000AC929AC6C387B368B348C3EABB45BB4782
:1001D000C44DAAAB000000000000000000000000B9
:1001E0000000000000008410FFFF0000000000007D
:1001F00000000000000000000000000000000000FF
:1002000000000000000000000000000000000000EE
:1002100000000000000000000000000000000000DE
:1002200000000000000000000000000000000000CE
:1002300000000000000000000000000000000000BE
:1002400000000000000000000000000000000000AE
:10025000000000000000000000000000000000009E
:10026000000000000000000000000000000000008E
:1002700000000000000000008370CDF8FFFFE6BB27
:10028000C575FF9EF6DCCD96EE39F659FE79D49110
:10029000CC50F595CBEFED34F595E4D1F5F6EE7A4B
:1002A000D534FEBAF659F659F679FEB9FEBABC5005
:1002B000AC10F699EE38F679E5D7D514FE9AF639F2
:1002C000F639F638FE9AE5B7DD55F679F659F6397E
:1002D000F639F659F659F639F638F638F638FE3862
:1002E000C430DD13FE38FE58E534D451B36DD4B1BB
:1002F000FF1CED94D42FDC8FED94E595E594EDD4BF
:10030000EDB4FDF6DD12BC0EAB8DC471DD13CCD2A5
:10031000E5B6F679F659EE38DD75D514DDB6EE386A
:10032000EDD7DD75E5B7DD76D575EE18D555BC9200
:10033000BC72CCF4DDB6D575EE38DD54A36EBC517D
:10034000B450DD95FE18C4F3000000008A88D4483C
:10035000DC8AAB099B8DA36AAAC4B326B42E000025
:10036000000000000000000000000000000000008D
:10037000000000000000000000000000000000007D
:10038000000000000000000000000000000000006D
:10039000000000000000000000000000000000005D
:1003A000000000000000000000000000000000004D
:1003B000000000000000000000000000000000003D
:1003C000000000000000000000000000000000002D
:1003D000000000000000000000000000000000001D
:1003E000000000000000000000000000000000000D
:1003F00000000000000000000000000000000000FD
:100400000000B555FFFFFFBEC576EEBBEE9AD5F7EF
:10041000FEFBF67AF5D5C38CED34D471DCB2F575FC
:10042000ED14ECD1F657D597EE18FEBAF658F678DB
:10043000F679FE99DCD3C451FF1BEE17E596FE9AC0
:10044000DD34E5D8FE9AF639F638FE9AEDF7CCD3CE
:10045000F659F659F659F659F658F658F638F61789
:10046000F638F638FE99DCF3B3AEF5F7F5F7F5F7A5
:10047000FE59D492C3CFBBAEDD14FEDBE511E450D0
:10048000E48EE572DD33ED73F5D4ED73FDF5F5D44F
:10049000CC90A32CB3CFDD34CCB2C471E596FE9AD8
:1004A000FEBAEE18D555CD14C4B3CCD3E5B7E5F7F5
:1004B000CD34BC51B410ABEFBC92DD96DD76F6586E
:1004C000D555CCD3CCF3ABEFE596ABCFDD75F617B6
:1004D000B451000000008AE8D3E8C3A9ACB300001F
:1004E000AC15B3EDA2E5B36ACC95000000000000A6
:1004F00000000000000000000000000000000000FC
:1005000000000000000000000000000000000000EB
:1005100000000000000000000000000000000000DB
:1005200000000000000000000000000000000000CB
:1005300000000000000000000000000000000000BB
:1005400000000000000000000000000000000000AB
:10055000000000000000000000000000000000009B
:10056000000000000000000000000000000000008B
:10057000000000000000000000000000000000007B
:1005800000000000000000000000A4D3FFDFFFFF18
:10059000BD55B514FF1DD5F7FF1CFEDCDCF1D40EF4
:1005A000ED13D450FD95E4D3E4B2F5F4E617DDB7CE
:1005B000FEDBF638F679F679FE9AE514E534FF5C51
:1005C000E617D534FE9AEDD6DD55FE58EE17F658EF
:1005D000FE79F659C492EDD7FE79F639F658F658F9
:1005E000F659F638EDF7F617F638FE79F5F7B3AEAB
:1005F000C471FE58F5D6F5D6FE18ED96B34DCBEF87
:10060000C430D556F616E4B0E4B2DC6EE551DCF247
:10061000E573F5B4ED73ED94F5D5E574A36CA34DD6
:10062000E575E534BC30BC70D554F67AFEFBF6793E
:10063000D555C471BC30C492DD96E5D7E5B7F659FF
:10064000F639EE18FE7ADD75B410E5B6E596ABCF57
:10065000D513EDB6ABCFE596EDB7A4510000000081
:1006600092A8C3869BAE0000000000008410AB8CF3
:10067000AB6EACB200000000000000000000000003
:10068000000000000000000000000000000000006A
:10069000000000000000000000000000000000005A
:1006A000000000000000000000000000000000004A
:1006B000000000000000000000000000000000003A
:1006C000000000000000000000000000000000002A
:1006D000000000000000000000000000000000001A
:1006E000000000000000000000000000000000000A
:1006F00000000000000000000000000000000000FA
:1007000000000000000000000000000000000000E9
:1007100000009411F71CFFFFBD35AC92FF5DD5D7EB
:10072000FF7EFF7ED4D1DC50DC71ED34E4F3DC914C
:10073000ED73F6B9DDD7F659F658F679F658FEBAE4
:10074000E596DD13FF1BF658D4F3FE58FEBADD34F0
:10075000E596F592EDD6FE59FE9AC471DD55FEB9C7
:10076000F638F638F638F638FE59EDD7EDF7F65884
:10077000F638FE78DD34BC92DD34FE38F5D7F5D698
:10078000EDB6FE38CC71B34CCC51CCB3DD34CC716A
:10079000E4B2ECB3DC6DDD11D4D1ED74EDB4E594CD
:1007A000DD12DD12F615D4F29B4EBC51EDB5CCB185
:1007B000BC0EBC30CCF3E5F7F639EDF7E596DD7508
:1007C000EDD7F659EDF8EE18EDD7D555C451B38EE7
:1007D000E555F679CD13D4F3C4B2CCD3DD75ABAF08
:1007E000EE18CCF4B4B30000C596A2E58268000010
:1007F0000000000000000000B492B411C514000015
:1008000000000000000000000000000000000000E8
:1008100000000000000000000000000000000000D8
:1008200000000000000000000000000000000000C8
:1008300000000000000000000000000000000000B8
:1008400000000000000000000000000000000000A8
:100850000000000000000000000000000000000098
:100860000000000000000000000000000000000088
:100870000000000000000000000000000000000078
:100880000000000000000000000000000000000068
:10089000000000000000000000008C10D619FFFFCF
:1008A000B4F4CD96F6BBD5B7FFBFFF5DDCF2DC70CC
:1008B000E4D2ED34D430ECD2F615E659E619F677E9
:1008C000EE37F679F679F679DD54F658FEDBD4F496
:1008D000ED96FE79EDD6DD55F616DCCFF617FE9ACD
:1008E000C4B2D4F3FE99F617F617F638F638FE5868
:1008F000EDF7EDD6F638F638FE79E575DDB6D57646
:10090000E513FE17F5B6F5D5EDB5F637D4D2CC30F4
:10091000DC92CCB2C492C472AB4DE4D2ECD3DCB066
:10092000E552D4B1E573E594E574DD12CC90E5931E
:10093000EDB4ABAEA38EEDB5F5F6D490BBCEBC3026
:10094000D515CD15BC72BC71CCB1C471BC51BC51B4
:10095000CCD2BC7192AABB8ED491E5B6DD75CCB277
:10096000F638B430DD34DD55AC10F639B452C51468
:100970000000AC517A8A0000000000000000000076
:100980000000B4549B6EC55600000000000000003B
:100990000000000000000000000000000000000057
:1009A0000000000000000000000000000000000047
:1009B0000000000000000000000000000000000037
:1009C0000000000000000000000000000000000027
:1009D0000000000000000000000000000000000017
:1009E0000000000000000000000000000000000007
:1009F00000000000000000000000000000000000F7
:100A000000000000000000000000000000000000E6
:100A100000000000000000000000000000000000D6
:100A20000000FFFFC597FF7EBD35F73CDD76D5B7EB
:100A3000FFDFF6FCDCD3E513FDB6D451DC92ECF21B
:100A4000E574E65AF6BAF637F638F659FEBAE5D73F
:100A5000EDF8FEFBDD35D4D3FE79FE79DD34E5B665
:100A6000F5B4DC6FFE99D535C491FE99F638F5F7EB
:100A7000F618F618F658EE17E5B6F638F638F658C2
:100A8000F658D4F4E69ADDB6ED54F5D5EDD5EDD4AF
:100A9000E5B4EDB4E594BBEFED13E554D534CCB338
:100AA000A3AEBBEFD471D471ED33EDB4DD12ED9490
:100AB000E573E593E532CC4FD4D1FE77D513B3EF90
:100AC000E575ED74D450D40FDCB2E5D6DDB6C47054
:100AD000BC0EBC30C491CCF3DD75E5B6CC30A2EBD6
:100AE000A2EBCC30C450BC71F618F618ABEFD5555C
:100AF000C4D3C4D3DD75AC7200006B6F84300000CA
:100B0000000000000000000000000000BCB7ABAF18
:100B1000DDD7000000000000000000000000000021
:100B200000000000000000000000000000000000C5
:100B300000000000000000000000000000000000B5
:100B400000000000000000000000000000000000A5
:100B50000000000000000000000000000000000095
:100B60000000000000000000000000000000000085
:100B70000000000000000000000000000000000075
:100B80000000000000000000000000000000000065
:100B90000000000000000000000000000000000055
:100BA000000000000000000000000000C5D7CDD705
:100BB000C596FF3CD4D3D535FF5DF73DDD13F595E4
:100BC000ED34CC30F555ECF2DD13EE9AF6B8F6576D
:100BD000F639FE9AEE38DDB6FEBBF67ACCB2EDB64B
:100BE000F658F618DD35F5F6E4B0FD95E595B41048
:100BF000FE79FE58F5F7F5D7F5F7FE38F617E5B6A6
:100C0000F618F638F638F638E595CCF4E6FBD575E7
:100C1000F5B6EDB4EDB4EDB4EDB3ED94FE36CC70B5
:100C2000CBEFF554FE79E576DD55B3EF92AAA2EB52
:100C3000B36DD491C42FCCB0EDD4EDB4ED74ED54BC
:100C4000D491CC70FE17DD55ABAEBBEFD450DC9029
:100C5000D42FD491EE38F679DD13E4F3E595EDD693
:100C6000EDD7DD13D491D471BB8DA2CAC40FDD556D
:100C7000C491D534E5B6AC10CCF3C4B3E596AC5111
:100C8000000072EC732C0000000000000000000067
:100C9000000000000000C5B68C100000000000003D
:100CA0000000000000000000000000000000000044
:100CB0000000000000000000000000000000000034
:100CC0000000000000000000000000000000000024
:100CD0000000000000000000000000000000000014
:100CE0000000000000000000000000000000000004
:100CF00000000000000000000000000000000000F4
:100D000000000000000000000000000000000000E3
:100D100000000000000000000000000000000000D3
:100D200000000000000000000000000000000000C3
:100D300000000000D618A431E69AFF1BDCF2C43193
:100D4000E659FF7EE595FDF7D471DCB2F555E4B2C6
:100D5000E534F71AEE78F679F659FEDBE5F7EE188A
:100D6000FF1CE618D513FE78FE58E595E596F5B517
:100D7000ECAFED33B410EDD7FE79F618F5D6F5F6F5
:100D8000F593EDB5E5B6F617F638F617FE79E5B644
:100D9000DCF3E618FF9DD534F5F8EDB5ED93ED9451
:100DA000ED94ED93F615D4F1C3EEFD34E575FE7ABE
:100DB000FE9AD514BC10BBAEA2EB9AAAA2EBAB8CE8
:100DC000C42FBBEEC3EFCC30D491C3CEAB2CDD131C
:100DD000E5B6BC70C3EFD471D4B1CC30CC30E5B63D
:100DE000E596D451D4D2DD94E5B6DD54DCD2E4F2FC
:100DF000DCB1BBAEA2EBCC92EDD7CCD3C4D3D5142F
:100E0000B430ABCFDD14B4510000BCD382AA0000D3
:100E100000000000000000000000000000000000D2
:100E2000ACF3C4100000000000000000000000004F
:100E300000000000000000000000000000000000B2
:100E400000000000000000000000000000000000A2
:100E50000000000000000000000000000000000092
:100E60000000000000000000000000000000000082
:100E70000000000000000000000000000000000072
:100E80000000000000000000000000000000000062
:100E90000000000000000000000000000000000052
:100EA0000000000000000000000000000000000042
:100EB0000000000000000000000000000000ACB3D3
:100EC000FFDFFE79DD13ABCFD596FF1CF638E55476
:100ED000D4B1F574ED34DC30E534FFBEF6DAF679E2
:100EE000FE9AEE79E5F8FEBAFF3CDDD7E5D7F63895
:100EF000FE79E575EDB6F552ECD1AB8DE5B7FEBAEE
:100F0000F618F5F6F5D5FDD4E4B0DD33F638F6384D
:100F1000F617FE79EDF7DD34ED96F6DBFFFEDD75B5
:100F2000F5F8EDD5ED93ED94ED94ED94ED93FE157C
:100F3000930CAB0CFD95F5F7EDF7F638EDB6ED55E6
:100F4000D470D40FD470AB2CB38ED491C3CFCC104B
:100F5000CC30DC92D451BBCFE575FE79CCB2B34D29
:100F6000CC2FD4B1D450D451DD34DCB2D471D4F20E
:100F7000E595E595B3AEC3EFE4F3E513CC3092AA63
:100F8000AC51DDB7DD55D534E5B79B8EA36EBC7192
:100F9000000093EF8ACB000000000000000000007A
:100FA0000000000000000000B4F4C41000000000C5
:100FB0000000000000000000000000000000000031
:100FC0000000000000000000000000000000000021
:100FD0000000000000000000000000000000000011
:100FE0000000000000000000000000000000000001
:100FF00000000000000000000000000000000000F1
:1010000000000000000000000000000000000000E0
:1010100000000000000000000000000000000000D0
:1010200000000000000000000000000000000000C0
:1010300000000000000000000000000000000000B0
:10104000000000008BB1C5B7FFBEED34ED34B3EF47
:10105000CD14EE59E576E533DD52F5B5ED34D42FF8
:10106000DD11FF7EFFBFEE37F699E65AE67AFF1CE8
:10107000EE9AD5B6FEFBF659F5F7D535F5D5E47001
:10108000BB8EDD75FEDBF679F5F7ED93F636DC8F7A
:10109000D450F638F638F617FE79F618D513F61749
:1010A000EDB6EEDAFFFFD5B6E576EDD6ED94ED942C
:1010B000ED93ED94ED74FE36BC5061E8DC71FE17E3
:1010C000EE17EE18E5B6E595ED34DC70ED13D4506F
:1010D000928AED54FDB6ED14E4F3E4F3E534DCB2AA
:1010E000B3AED4D3FE79D4B2B36CD450DCB2D45006
:1010F000D42FD491D471D471DCF4EDF7BC50928923
:10110000B36DDC91E4F2D4709B8D9C71C4F4EDF866
:10111000E5F7E5D7ABEF8AEB0000936EA4910000F2
:101120000000000000000000000000000000BDD72B
:10113000BDD700000000000000000000000000001B
:10114000000000000000000000000000000000009F
:10115000000000000000000000000000000000008F
:10116000000000000000000000000000000000007F
:10117000000000000000000000000000000000006F
:10118000000000000000000000000000000000005F
:10119000000000000000000000000000000000004F
:1011A000000000000000000000000000000000003F
:1011B000000000000000000000000000000000002F
:1011C0000000000000000000000000009C31E67AF2
:1011D000FEDBE4D2F554D471B410DDD7CCD3ED5599
:1011E000F638F617E534CC70F615FF5DFFFFFF7D8E
:1011F000EE37DDB7FF5DFFBFD5F7D5B7FF3CFF1C6E
:10120000CCD3C4B3FDF5BAEBCD35FF1BF67AF69916
:10121000EDB4F5F5DCF1CC0FFE17FE59F5F8FE79CB
:10122000F638D4D3EDB6FE59DD75F71BFFFFDDF7B9
:10123000DD34F5F7ED94ED94ED94ED94ED94ED94AB
:10124000ED53CD95BC30E4B2F638EDF7F618DD7508
:10125000E5D6E4F3D40FF5549AAB4104E4D3F53565
:10126000DCB2DCD3DCD2E513DCD3BBCFCCD2F617B7
:10127000DCB1C38DC3CFD490D450D450CC4ED42D38
:10128000D450DD55F637B40F928AAB2CCC2FD45006
:10129000C40EC53300009BAFDD76F659DD75AB8D0E
:1012A00092CB726A00000000000000000000000005
:1012B000000000000000FFFF000000000000000030
:1012C000000000000000000000000000000000001E
:1012D000000000000000000000000000000000000E
:1012E00000000000000000000000000000000000FE
:1012F00000000000000000000000000000000000EE
:1013000000000000000000000000000000000000DD
:1013100000000000000000000000000000000000CD
:1013200000000000000000000000000000000000BD
:1013300000000000000000000000000000000000AD
:10134000000000000000000000000000000000009D
:1013500000000000734DFFDFF638ECB1ED13ED3403
:10136000BBAFC4D3D534ED96FE7AFEBBDD14CC6F93
:10137000FF3CFF5EEE16FEFBDDB7CC0BE4CCF63790
:10138000D63AEEDCF6FCFEFCB411DD96CC2ECCD3C6
:10139000FF3CF69AFEBBF617EDD4DCD2D3EFF5D7BF
:1013A000FE79EDF7FE79F618CC92EDB6FE59F5D739
:1013B000DDB6FF7DFFFFE679D514F618E595ED94CF
:1013C000ED93ED94E594E593E552DDF6DE59CBCE51
:1013D000F5B6EE17F617DD75CD14FE58D471DC5056
:1013E000E4B1728A728BCC31ED35DCB3DCD3DCD264
:1013F000DCF2E4F3C3EFCC92E575D46EBB4BBB6D6E
:10140000DC70D46FCC4ACC48C3EAD4B2E5F7DD95A2
:10141000AB8EB34D9AEAB38DCC0FBBEFCDD70000A6
:101420009C10C4B3E5B6BBEFB34CB3CE7AAA5AABAB
:1014300000000000000000000000000000000000AC
:10144000000000000000000000000000000000009C
:10145000000000000000000000000000000000008C
:10146000000000000000000000000000000000007C
:10147000000000000000000000000000000000006C
:10148000000000000000000000000000000000005C
:10149000000000000000000000000000000000004C
:1014A000000000000000000000000000000000003C
:1014B000000000000000000000000000000000002C
:1014C000000000000000000000000000000000001C
:1014D0000000000000000000000000008BAFFF5D76
:1014E000F617EC71ECF2F534D4B2ABF0E556EDB68C
:1014F000F617FEBBD4F4DDB4FFFFEE37E510EDB612
:10150000CC70E469E447CC0ACCF4F5F6F5F6E5F8DE
:10151000BCD3E5B7C4D3FF1CF6BAF6DBFE7AEDB553
:10152000D4D1D450F595FE59F5F8FE79EDD7B3AE88
:10153000DD35FE9AF618ED96E617FFFEFF7DFF7D7E
:10154000C514E575E575EDD5E573E593E594DD74B2
:10155000ED94CCB1F79DDD96D430F637EDF7FE581B
:10156000C492D534FE78CC30DC91CC10AD14AC51A3
:10157000CBF0E514DCB3DCD2DCB1DCD2E4F3C43074
:10158000C451DCCFDCABBB6AB32AD48BD46AC42889
:10159000CC28BBAAD535F658BC50A34CC40EA2EB40
:1015A000BBACBB4BC4D30000C55582CCBC72E57547
:1015B000A30BB34CCC0FB36D8B2C7B4C0000000005
:1015C000000000000000000000000000000000001B
:1015D000000000000000000000000000000000000B
:1015E00000000000000000000000000000000000FB
:1015F00000000000000000000000000000000000EB
:1016000000000000000000000000000000000000DA
:1016100000000000000000000000000000000000CA
:1016200000000000000000000000000000000000BA
:1016300000000000000000000000000000000000AA
:10164000000000000000000000000000000000009A
:10165000000000000000000000000000000000008A
:1016600000000000AC92B534FE79E471ECF3ECD2EA
:10167000E554B430D4D3EDD5EDD5F619D575FF5D6D
:10168000FFDFE5B4F574D4B2CC50ECEEECEAC387DE
:10169000C36AEC8DFD92BCB3ABF0DDB7FEFBFEDBA5
:1016A000F6DBFEFCEDD7D4B0DCD1ED74FE38F618D5
:1016B000FE9AEDF7B3F0D4D3F5F8F638F638E575C1
:1016C000E5F7FFFEFF9DFFFFC596CCF3F5D7ED755F
:1016D000E574E594DD93E573ED94CCB0E658FFDF57
:1016E000CC30ED34F638EE17EDD7726ACD34FE18F3
:1016F000CC4FCBE9CC4FFF3DBC51CC0FE513DCD236
:10170000DCB1DCB2DCD2E512CC91B3CECC4AE4E958
:10171000B369B349D489CC29CC49B367C3EFE5D6C3
:10172000F6179B0BBBCEBBCE9AA7CBEAB3ACACB43F
:10173000B451D5960000B450ED75A36D9B6DCC519E
:10174000D450D4D3B47193AE8B8F6B4D0000000096
:1017500000000000AD7584100000000000000000D3
:101760000000000000000000000000000000000079
:101770000000000000000000000000000000000069
:101780000000000000000000000000000000000059
:101790000000000000000000000000000000000049
:1017A0000000000000000000000000000000000039
:1017B0000000000000000000000000000000000029
:1017C0000000000000000000000000000000000019
:1017D0000000000000000000000000000000000009
:1017E00000000000000000000000000000008C105D
:1017F000E513FD34E4D3ECF3E4D2C3EFDCF2F5B54A
:10180000F5F6E596CCB2F5F5FF1BED95ECD3C38E5E
:10181000E492ECD2ECECC388D40AE4A9DCCE8B0EC3
:10182000D556FEFCF659FE9AFF5CE5B7D4B1E51239
:10183000ED34F5D6FE38FE79F5D7B3F0EDB7EDD738
:10184000EDB6F618FE38E555EEBAFFDEFF7CFFFF79
:10185000DE9AB472F5D7DD35EDB5E553E573E57382
:10186000E573D4D0DDF7FFFFDDF6CC10F638EDF7E9
:10187000FEBAAC106A49EDD7FDD7D46AC385CD1244
:10188000FFFFC4B2C3CFE4F2DCD2DCB2DCB1DCB126
:10189000E513D492AB2ACC28E4EBA329AB68D48B14
:1018A000CC29C3E8BB8BCC92E5B5D4D392C9D48DF7
:1018B000AB07AB28B38792AAC4F500000000000074
:1018C000AC31EDF7C4F3A412A410B471DD95DD546E
:1018D000CCD3BCB2BCB2B451830C732C736EAD7557
:1018E00000000000000000000000000000000000F8
:1018F00000000000000000000000000000000000E8
:1019000000000000000000000000000000000000D7
:1019100000000000000000000000000000000000C7
:1019200000000000000000000000000000000000B7
:1019300000000000000000000000000000000000A7
:101940000000000000000000000000000000000097
:101950000000000000000000000000000000000087
:101960000000000000000000000000000000000077
:1019700000000000000000008B2DF513F553ED145E
:10198000DC71B32CDC70F575FDB6D4B3CC51ED32FF
:10199000E531F595CC10C3AEED33E4B2E48DBB6711
:1019A000DC6AECCAB3EEC4F5FF3CEDF7F5F7F65987
:1019B000DD96D451ED13ED12ED95FE79FE39E53447
:1019C00059669BAFFF5DE575EDD7F618FE38DD551E
:1019D000EF5CFFFFFF1BFFDEFFDF9BCFDD14E59514
:1019E000E575E553E573E573E573DCF1CD54FFBEB2
:1019F000FFBEBC91D4B2F618EDF7EDB6C514B4D362
:101A0000D515ED75D468B324DD76FFDFCCF3BBAE1E
:101A1000DC91E4F3DCB1DCB2DCB1E533D492A2C8F2
:101A2000CC48DCABA2A7BB89D48ACC6ABB88BBCE2E
:101A3000CCD2F617A34BB366CC4A9246C387A32AEF
:101A400000000000000000000000BCB3E534CD54ED
:101A500000000000738E9BF0B492BCB2B472AC3143
:101A6000B492000000000000000000000000000030
:101A70000000000000000000000000000000000066
:101A80000000000000000000000000000000000056
:101A90000000000000000000000000000000000046
:101AA0000000000000000000000000000000000036
:101AB0000000000000000000000000000000000026
:101AC0000000000000000000000000000000000016
:101AD0000000000000000000000000000000000006
:101AE00000000000000000000000000000000000F6
:101AF00000000000000000000000000000000000E6
:101B0000FFFF930CECB1FD75CC30AB0BC3CEED34C5
:101B1000F534C3EFDC92ED33DC6FE4F2BBAEDC9165
:101B2000E4D2ECD3D44FBB69E489E4CDE5D8F638F0
:101B3000F575E575E595DD34D451ECF3E4D2ED545B
:101B4000FE99F5D7CCB2C4728B2DABF0FEDAE596D8
:101B5000EDB7FE38FE38DD55EF3CFFFFF71BFF7C8D
:101B6000FFFFC514ABCFEDD6D513ED95E532E57388
:101B7000E573ED94BC0FDEBAFFFFC534BB6DF5F71E
:101B8000EDF7FE18C4F3DE99CD75CCB4DCD1DC28BA
:101B9000B326DDB6FFFFDD34C430D470ECF3E4D2FD
:101BA000D491D491E554C42F9A86D46AD44A9AA782
:101BB000C3E9D46AC3E8BBCCC451D513D4D3A2C7FC
:101BC000DCCBA2C7B306B3EB0000000000000000AE
:101BD00000000000B471D4F3CD3500000000000017
:101BE00000000000000000000000000000000000F5
:101BF00000000000000000000000000000000000E5
:101C000000000000000000000000000000000000D4
:101C100000000000000000000000000000000000C4
:101C200000000000000000000000000000000000B4
:101C300000000000000000000000000000000000A4
:101C40000000000000000000000000000000000094
:101C50000000000000000000000000000000000084
:101C60000000000000000000000000000000000074
:101C70000000000000000000000000000000000064
:101C80000000000000000000000000008AABF534F6
:101C9000CC30CBEFE4B1ECF3DCB1C3ADED13ED131D
:101CA000F554CBEFC3ADF533E4B1ECF3CC11C389FC
:101CB000ECA9E4F1F5D8ECF2D430D4D2DCF3DCB208
:101CC000ECF3E4F2ED54FE79E535B430D514E5F7E4
:101CD000E6DAABCFFE18EDB6E596FE38FE38DD55F8
:101CE000F73CFFFFFF9EFEFBFFFFF6DB9B4DCCF3B7
:101CF000DD75DD33ED74E532E573ED94CBEEC4F4C0
:101D0000FFFFE638C3EFDD13EDF7FE79BC30C59574
:101D1000FFFFE638CD35CC2EDC27B368DE5AFFFF57
:101D2000E5F6A34DA32CCC30E4D3D4B2D492E53362
:101D3000C3CB9A85D48ABBE9A2E7CC6AD48AB367BD
:101D4000BC2FC491E575AB4BBBA8BBA9BB47B389FE
:101D50005AAB000000000000000000000000BC5171
:101D6000CC72D5F800000000000000000000000068
:101D70000000000000000000000000000000000063
:101D80000000000000000000000000000000000053
:101D90000000000000000000000000000000000043
:101DA0000000000000000000000000000000000033
:101DB0000000000000000000000000000000000023
:101DC0000000000000000000000000000000000013
:101DD0000000000000000000000000000000000003
:101DE00000000000000000000000000000000000F3
:101DF00000000000000000000000000000000000E3
:101E000000000000000000000000000000000000D2
:101E100000000000FFFF930CB30CECF3ECF3F5545F
:101E2000CC0FC3CEF554ECF3F534BB8DD450E4D2D3
:101E3000E4B3ED0FC3C9CBCAF52EDC71D430CBEFC0
:101E4000D4B2ED54E4F3E4B2E4B3ED34FE57E51458
:101E5000B3F0DDF6DD55EE99FFBEB410E596F61849
:101E6000E596FE38FE18DD35EF1BFFFFFFFFFF3C58
:101E7000FF9DF6DAC4B3A3CFE5D6C4B2ED95E51362
:101E8000E513E513F534B38EDF1BFFFFCC91DC9136
:101E9000E554F638DD55D596FFBDFFFEFF9ED5977C
:101EA000B36AD3C5BBA8B514DE5AF69AEE18CCD3E4
:101EB000BBCFCC0FE4F3DCD4DCD0B3679AA7D48BD0
:101EC000CC09C3E9D449C3C7C40DBC50CCF2C42F5C
:101ED000B347CBC9BB47B367A5140000000000009F
:101EE0000000000000000000C472C4D30000000025
:101EF00000000000000000000000000000000000E2
:101F000000000000000000000000000000000000D1
:101F100000000000000000000000000000000000C1
:101F200000000000000000000000000000000000B1
:101F300000000000000000000000000000000000A1
:101F40000000000000000000000000000000000091
:101F50000000000000000000000000000000000081
:101F60000000000000000000000000000000000071
:101F70000000000000000000000000000000000061
:101F80000000000000000000000000000000000051
:101F9000000000000000000000000000000093AE00
:101FA0008A08F534E4F2F554C3CFCC10F534F53497
:101FB000D450BB8DED14DC91E4B2ECECC3A6C3CAE3
:101FC000C3AEBBAECC2FDCD2ED54DCB2E4B2E4F451
:101FD000ECD0ED10BC30AB6EE699DDB6D4B2FFBEEE
:101FE000FF3CBC51CC92FE59E576FDF8FE18DD357C
:101FF000E6DAFFFFFFFFFFFFFF7DEE99DD54CD34F2
:10200000D596DD96BC71F596E4D2E4F3ED54CBEFB2
:10201000BCB2FFFFC471CBEFDCD2E595E596DDF7EE
:10202000FF9DFF1BFFFFFF9D9BD08A87CB64B325DD
:10203000D555FFFFFFFFF679BCB2ABCFA34DCC71F6
:10204000E535DCEDAB06A2E7DCCBBB88BB68DC8A00
:10205000B388B3CEC4B1CCD2BB68C3A8BB67AB67EF
:10206000A5140000000000000000000000000000B7
:10207000D618B471A3CF00000000000000000000DB
:102080000000000000000000000000000000000050
:102090000000000000000000000000000000000040
:1020A0000000000000000000000000000000000030
:1020B0000000000000000000000000000000000020
:1020C0000000000000000000000000000000000010
:1020D0000000000000000000000000000000000000
:1020E00000000000000000000000000000000000F0
:1020F00000000000000000000000000000000000E0
:1021000000000000000000000000000000000000CF
:1021100000000000000000000000000000000000BF
:10212000000000000000A410C3EFCC0FED13ED136E
:10213000BBAEDCB2E4F3F595B36DBB8DED0FDC9077
:10214000D44FD44AC3A9A2A6B32AE4D2ED34E4F30F
:10215000E491E4B2F534E4EFC3A8B38BAB4ECD34D5
:10216000F79DCBEFE5B6FFFFE658CCD3C472F5F888
:10217000E576EDD7F617D534DE79FFFFFFFFFFFFD9
:10218000FFFFDDD6C471EE799BCFCCB3CCF3C49105
:10219000F575E4D2E4F3F534CC30BD76D4F3BB8EE0
:1021A000D491DCF2E535DDF7FFFFFFBEEE79AC50F0
:1021B000E659F6FDA38DB2E4BB25B40DD5B7EEFB11
:1021C000FFDEFFBEB45179C6BBEFD4B0ED2AB347F2
:1021D000AB48CC499246C3EACC08B3ACBC51CCB2B4
:1021E000C3EBB347BB67AB8884100000000000005E
:1021F00000000000000000000000C4D48B4E00006E
:1022000000000000000000000000000000000000CE
:1022100000000000000000000000000000000000BE
:1022200000000000000000000000000000000000AE
:10223000000000000000000000000000000000009E
:10224000000000000000000000000000000000008E
:10225000000000000000000000000000000000007E
:10226000000000000000000000000000000000006E
:10227000000000000000000000000000000000005E
:10228000000000000000000000000000000000004E
:10229000000000000000000000000000000000003E
:1022A000000000000000000000000000B514C4722F
:1022B000DD13B38EDC71DC91BBAEED34E513DCB223
:1022C000AAECE4D1DCA9DC8CDC8CE4EAC3A8AAE7A4
:1022D000ECF0E4D3E4F3E4F3ED14E4D1C3CBB305C1
:1022E000C3EDBC52BBCFEEFBFF3BC36DF6FBFFFF64
:1022F000E699D4F4C555DD55EDD7DD95F617E575AE
:10230000D5B6DEDAC5D7C596CDD6BCB2BC31DDD6E2
:10231000DE389BAFE596B410D4D2ED54E4D2E4F3AA
:10232000ED149B2CC451CC31C42FDCD2D451D5B682
:10233000FFFFFFFFBCF3E5D6FFFEFF9DFF3DB4713D
:102340009286A242C3EAFF5BE679A410B4B2BC3025
:1023500081848AAB9308AB67A2C7CC09A2E89A87AD
:10236000D428C3C9AB4DCC91CC6FA307BB469B68A7
:10237000000000000000000000000000000000005D
:102380000000C575BCB700000000000000000000A0
:10239000000000000000000000000000000000003D
:1023A000000000000000000000000000000000002D
:1023B000000000000000000000000000000000001D
:1023C000000000000000000000000000000000000D
:1023D00000000000000000000000000000000000FD
:1023E00000000000000000000000000000000000ED
:1023F00000000000000000000000000000000000DD
:1024000000000000000000000000000000000000CC
:1024100000000000000000000000000000000000BC
:1024200000000000000000000000000000000000AC
:1024300000000000BC92ED76D4F3DD13E513BBAED3
:10244000BBCEED34FDB5AB0B8A09DC6FE468E4CAA2
:10245000DCAAE4CBB328DC70F515DC91D430D45081
:10246000C38CA287AAC5ECCDC492A30BD533FFFFC2
:10247000E5D6C3CFFFDEFFFFDE59CC92F75CDDB6B9
:10248000DD54E595F617F638BC92B513D5D7E63886
:10249000FF5CEE79BC72FF5CFFFFE6FBAC10E5551C
:1024A000ABAEDCF3ED14DCB2E513CC71B3AEBBCF55
:1024B000BC10ED34C3AED5B6FFFFCE17E617FF7DD7
:1024C000E5D6C4D2DDB6EEBAFF7FEE178AC661222A
:1024D00050E3402061867B0D61A76966926AA1C7BF
:1024E000A1E69266A348A307BB88CC289AE9C45109
:1024F000D4B2A308BBC78A05A39000000000000067
:1025000000000000000000000000000000000000CB
:1025100000000000000000000000000000000000BB
:1025200000000000000000000000000000000000AB
:10253000000000000000000000000000000000009B
:10254000000000000000000000000000000000008B
:10255000000000000000000000000000000000007B
:10256000000000000000000000000000000000006B
:10257000000000000000000000000000000000005B
:10258000000000000000000000000000000000004B
:10259000000000000000000000000000000000003B
:1025A000000000000000000000000000000000002B
:1025B000000000000000000000009C51EDB7E57530
:1025C000D514DD75EDD6A30CCC51F5B5DC91B43145
:1025D000DEBAD5D6C40DC366F50ABB88BB68ED0F5D
:1025E000DC70D44CCBEBBB4AA265C347FD8DB3CFA7
:1025F0008228C44EFFFFFFFFCC92D4B2FFFFFFFF43
:10260000D597C4B3E6BABCF3BC30EDD6E5D6F63800
:10261000DD34EF1CFFFFFF3CFF9DDDD7BC51F69979
:10262000F6DAFFBEDE38B451D514A36DE4F3E4F35B
:10263000D4B2E554DC927A28ABCFFD96BBCEDE79DE
:10264000FFFFE679FEDAF637D555BCF3FF5DFFFFF5
:10265000D5F75A4B000000002042AC10518728E407
:10266000F6BB9A49A246D2C9B1E799A66964B308F4
:10267000AAA7B367A2A7A2EBCC30AB49B3E8A1C627
:10268000A986A41100000000000000000000000066
:10269000000000000000000000000000000000003A
:1026A000000000000000000000000000000000002A
:1026B000000000000000000000000000000000001A
:1026C000000000000000000000000000000000000A
:1026D00000000000000000000000000000000000FA
:1026E00000000000000000000000000000000000EA
:1026F00000000000000000000000000000000000DA
:1027000000000000000000000000000000000000C9
:1027100000000000000000000000000000000000B9
:1027200000000000000000000000000000000000A9
:102730000000000000000000000000000000000099
:10274000A4F1BC51FF1CCCB2EDB6C492ABAEBC1030
:10275000EDD6F5F4C42FDE9AFFFFFFFFE75ED5D577
:10276000AAE7B307E4CBDCAAC3C8B327C3C8BB47F7
:10277000CBA8FD0BA30B79C8B368EEFBFFFFFFFFEF
:10278000C3EEEE37FFFFDE99BC92C514DE58FF3C66
:10279000D5B6C492EDF7F638DD55DD75FEDADDF617
:1027A000E637B430AB8EE5B5F679FF5CFFFFD63780
:1027B000B450C472B3AEE514DCF3DCD3F5559B0C16
:1027C000A32CFD76B3F0EF5DFFFFF6BAF638D554D3
:1027D000CD75FFFFFFBF5229000000003126ACB3CA
:1027E000FF1CFFFF734D8B4DFFFF72497082A1E705
:1027F000CA68D288816699A6A9E78186C248A2677D
:1028000091C6BBA9AB68A9C8CA2789656B2C000013
:1028100000000000000000000000000000000000B8
:1028200000000000000000000000000000000000A8
:102830000000000000000000000000000000000098
:102840000000000000000000000000000000000088
:102850000000000000000000000000000000000078
:102860000000000000000000000000000000000068
:102870000000000000000000000000000000000058
:102880000000000000000000000000000000000048
:102890000000000000000000000000000000000038
:1028A0000000000000000000000000000000000028
:1028B0000000000000000000000000000000000018
:1028C000000000000000FFFF9BD0FE7AE576CCB24E
:1028D000EDD7CCB3A34DDD34F638E553D595FFFFE6
:1028E000FFFFFF9DEF1CFFFFB55681A4F4EAE4CA89
:1028F000E469ECCAD429D3E8E4699AC9824AAAE512
:10290000D5D5FFFFFFFFF77DBBAEDDF7F75DCD75DA
:10291000ABAEEEDBFFFFFFFFFF5CBC30C450F658F0
:10292000F618C4B2EEFAFFFFFF9DAC10DDD6F6FA42
:10293000D575B410CD34FFFFE679BC72B3EFBBEFB1
:10294000E534DCD3DCD3ED55C3EFB32DCD35FFFF3C
:10295000FF9EDDD6EE38B491FFFFACD4000000003E
:10296000524ABCF4FFBFFFFFFFBEFFBEC575FF3C70
:10297000D6587985A9A68165BA08CA68A1C689868C
:10298000B2488145BA28A1E77903B2889A07C249BB
:10299000CA48D207A9C68A49836D0000000000001A
:1029A0000000000000000000000000000000000027
:1029B0000000000000000000000000000000000017
:1029C0000000000000000000000000000000000007
:1029D00000000000000000000000000000000000F7
:1029E00000000000000000000000000000000000E7
:1029F00000000000000000000000000000000000D7
:102A000000000000000000000000000000000000C6
:102A100000000000000000000000000000000000B6
:102A200000000000000000000000000000000000A6
:102A30000000000000000000000000000000000096
:102A40000000000000000000000000000000A411D1
:102A5000F5F7D4F3EDD7DD55BC10FE598AEBD4F46D
:102A6000FE38DCF2D5B6FFFFEEDAF73BFF1BD5539D
:102A7000FFFFD639A2A6CB65CB87C348C348DC2964
:102A80009A8892EDBB27C4B0FFFFFFFFFFFFE679F6
:102A9000C3CEEEDAFFFFD5B7C4D3F6BAD555C4F32B
:102AA000E5F7FEDABC91BC50FE9AE575D5D6FFFF7E
:102AB000DE17B492FFFFFFFFFF9DC554CDD6FFDEAA
:102AC000FFFFEF3BC513B3CFBC30E534DCD3DCF301
:102AD000E4F38208C5D7FFFFE6BAF6DAE618DE3877
:102AE00062CB00004A29D6BBFFFFD5F7FEBAF6BA83
:102AF000EE9AEE9AFF3CFFFF8C106081CA488185F8
:102B000091A6CA68A1E791A6A1C7A1C6B20799C6B6
:102B100091A69186A9C7C248B32BB289C9C7D2076B
:102B2000A9E7928A84100000000000000000000065
:102B30000000000000000000000000000000000095
:102B40000000000000000000000000000000000085
:102B50000000000000000000000000000000000075
:102B60000000000000000000000000000000000065
:102B70000000000000000000000000000000000055
:102B80000000000000000000000000000000000045
:102B90000000000000000000000000000000000035
:102BA0000000000000000000000000000000000025
:102BB0000000000000000000000000000000000015
:102BC0000000000000000000000000000000000005
:102BD0000000AAAB830CE576CCB3E575FE79C45151
:102BE000BC10FE799B2DCC92FE38D4B2CD95FFFF60
:102BF000BCF4CE19FF19ED93DDD6FFFFBD15A3AFD1
:102C0000EF1BA38EC327CBA8B34CC3AAA38BFFFF94
:102C1000FFFFF77DFFFFE658CC92FFFFF77D930C97
:102C2000D514EE59CD96EEDBFFDEFFFFFFFFDE177A
:102C3000D514FEFBD534E5D6BC92C4D3DDF7D5550B
:102C4000F73CFFFFFFFFFFFFFFFFFFFFF7DFB4923F
:102C50009B0CA32CED13E4F2E513CC2FAC30F7BFA3
:102C6000F79DFFDEFFFF62EB0000736EDEFCFFFFEF
:102C70008BD04A49E699F73CFF7DF6FBF679FFDEFB
:102C800072CB6861C268B2277965AA07B20791A6BC
:102C900099C691A69186B228A1C6A9C7C249B18595
:102CA000A32C0000B2EAB986D248CA06A9C7932C61
:102CB0000000000000000000000000000000000014
:102CC0000000000000000000000000000000000004
:102CD00000000000000000000000000000000000F4
:102CE00000000000000000000000000000000000E4
:102CF00000000000000000000000000000000000D4
:102D000000000000000000000000000000000000C3
:102D100000000000000000000000000000000000B3
:102D200000000000000000000000000000000000A3
:102D30000000000000000000000000000000000093
:102D40000000000000000000000000000000000083
:102D500000000000000000007B0D82CCC514AC0F09
:102D6000DD35FEDCC492EDB7C451D512D513B3EFF7
:102D7000FE79D492C555FFFFE67ABD55F676FE760C
:102D8000D534C595FFFFE6FCFFFFD5F789A2AA87DA
:102D9000BB8A8A04D619FFFFFFFFFFFFFFFFE6385B
:102DA000DD95FFFFBCF4BC71F6BAC5B662CB49C86D
:102DB0003966312531254A0928A47A8AF5F7DD34A8
:102DC000BC92FFFFFFFFDE388B6EB4D3FFFFF77DB1
:102DD000F77DFFDEDDF8ABF0CD55B4B29B2CDCB156
:102DE000E513ED33C3EEA3CEE73CFFFFA4B2000032
:102DF00018A4B536ACF47BEF7CB18410FFFFFFFF65
:102E0000FFFFFFFFFFFECDD660E49965B248B248F0
:102E100091C7898691A599A699A691C6A1C6A1C672
:102E2000BA28BA28BA28BA089104CDD70000B2EB64
:102E3000B9A6A1C7A1C7B944A2078B2E0000000004
:102E40000000000000000000000000000000000082
:102E50000000000000000000000000000000000072
:102E60000000000000000000000000000000000062
:102E70000000000000000000000000000000000052
:102E80000000000000000000000000000000000042
:102E90000000000000000000000000000000000032
:102EA0000000000000000000000000000000000022
:102EB0000000000000000000000000000000000012
:102EC0000000000000000000000000000000000002
:102ED00000000000000000000000630C5A8A4A084D
:102EE0007B6E0000BCD3C472FE9ADD35CCD3EDB549
:102EF000CC50C44FFE77BC0ED4D3E535BCD3FFDE37
:102F0000FFFFDE79B450DD12EDF7BD34FFFFFFFFA8
:102F1000FFFFFFFFD595B2E69A239247F79EFFFF8A
:102F2000FFFFFFFFFFFFDDD7F658D5D77A6A72ECB7
:102F300041A720C40801104208010000082108210F
:102F40000000000008012022200149878BF0EF5C7F
:102F5000F75DB4D3EF1CFFDFEF3CE6DBD5B7EEBA8D
:102F6000FFFFFFFF9C109ACBC3CEED13ED13CBCE2A
:102F7000ABCEFFFF628B328A647110834229D77D0A
:102F800085148C51FFFFFFFFFFDFEEFBFFFF941066
:102F90007862918691A6C269AA0781658165BA287F
:102FA000B207C228C248A1C6A9E6BA48A9E7B20832
:102FB000A9659A8A00000000AB2D9903932C8B2DF4
:102FC00090E3B9659A69AD7500000000000000004B
:102FD00000000000000000000000000000000000F1
:102FE00000000000000000000000000000000000E1
:102FF00000000000000000000000000000000000D1
:1030000000000000000000000000000000000000C0
:1030100000000000000000000000000000000000B0
:1030200000000000000000000000000000000000A0
:103030000000000000000000000000000000000090
:103040000000000000000000000000000000000080
:103050000000000000000000000000000000000070
:103060005A6A628B7B4E00000000C534C472E5963C
:10307000FE59CCB2D4B1CCB0FE77B3ADB3EEF5D53A
:10308000C491DCD3B4B3FFFFFFBEFFBEEEBAEEBA0D
:10309000FFFFCE38EF3DFFFFFFFFFFFFFFFFDD72B9
:1030A000BAC56902D639FFFFF79EFFDFE71CDDB620
:1030B000A34D1821000020A320A308218C11C5F8DE
:1030C000BDB718A3F77EFFFF83CF8B8EB514626A5E
:1030D000390540E518010800B4F3FFFFFFFFFFFFCB
:1030E000FFFFFFFFFFFFFFFFFFFFE6BBCCD3BCB23C
:1030F000B491BBEFDC91F574D470A38EA4727D956E
:10310000A75B85B6AEFAAEDA31A6F73DFFFFFFFF4B
:10311000C5B6CD75FFFF8B2CA94491A68185C268E9
:10312000A9E7A20799A6A9E7B207A1E6C248A1E6C6
:10313000A1C6BA28B207A1C6B22788E3ACB3000083
:103140000000BBADB1E7D4DA00007208A924A1A643
:103150008BEF0000000000000000000000000000F5
:10316000000000000000000000000000000000005F
:10317000000000000000000000000000000000004F
:10318000000000000000000000000000000000003F
:10319000000000000000000000000000000000002F
:1031A000000000000000000000000000000000001F
:1031B000000000000000000000000000000000000F
:1031C00000000000000000000000000000000000FF
:1031D00000000000000000000000000000000000EF
:1031E000000000000000000084100000000000004B
:1031F000CD95C472CCB2FEBADD34BBCFD491ED9480
:10320000F5F5C470BBEEED94DD33DCD3BCD3F7DE53
:10321000FFDEF6FBF6FBE658CDB6836E732CFFFFA0
:10322000FFFFFFFFFFFFFFFFE6BAAC10A38EEF3CEE
:10323000C5D7B5965229A38E5A2800219410E65975
:1032400072ED2145AD34B576B5B6FFFFFFFFFFFF48
:1032500083AFACD3FFFFFFFFFF5DFFDFFFFFBD3597
:10326000CE18FFFFFFFFFFFFFFFFFFDFFFBFFFDF06
:10327000FFFFCD95ABAEDE79FFFFDE58B450BBCD7E
:10328000E532E512D4D27B4E6C718E587D743208D3
:10329000C5B7FFFFF77DDE79D5F7FFDEEF5D71C8BB
:1032A000C1C6918589A6BA48C249A9E7A1C789853F
:1032B000C24891A5A1E7B228A1C6A1E7A9E6B20735
:1032C000A1E6A1648A08000000000000B2CAB2A909
:1032D000000000005AEB91C7990492EC0000000036
:1032E00000000000000000000000000000000000DE
:1032F00000000000000000000000000000000000CE
:1033000000000000000000000000000000000000BD
:1033100000000000000000000000000000000000AD
:10332000000000000000000000000000000000009D
:10333000000000000000000000000000000000008D
:10334000000000000000000000000000000000007D
:10335000000000000000000000000000000000006D
:10336000000000000000000000000000000000005D
:10337000000000000000BD14D4D3BC30EDD6FEBA6E
:10338000CC71B34CDD33EDD5DD32D4F1F5F6C44F5D
:10339000D4D2FE58C514EF3CFFBEFF9DFFDEFF9D5B
:1033A000A4B2080000009C51FFFFFFFFFFFFFFFFDA
:1033B000FFFFFFFFE6BAEF1BFFFFFFFFFFBEEDD7EA
:1033C000286239E7FFFFEF3D6BAE857431868BF0E5
:1033D000A4B3C5B7B555C6384A69BD96FFFFFFFF10
:1033E000FFFFFFFFFFFFFFFFFFFFFFFFFFFEFFFFEE
:1033F000FFDFFFDFFFBEFFFFDE9AA34DDE17FFFFFB
:10340000FFFFFFFFFF9DD5D6BCB2C471D4B19ACBEC
:10341000624A9D13A4F3D619FFFFE69AB4D3E638A7
:10342000FFFFFFFFBDB63021C20799858186A1E865
:10343000D289A1E7AA2891A6A1C6BA4891A5AA084F
:10344000A9E799C699C5B227A9C6A1E680E3AC3120
:1034500000000000000091A5C491000000000000E1
:103460007A4A910391E7000000000000000000008C
:10347000000000000000000000000000000000004C
:10348000000000000000000000000000000000003C
:10349000000000000000000000000000000000002C
:1034A000000000000000000000000000000000001C
:1034B000000000000000000000000000000000000C
:1034C00000000000000000000000000000000000FC
:1034D00000000000000000000000000000000000EC
:1034E00000000000000000000000000000000000DC
:1034F000000000000000000000000000D67ACD347B
:10350000C471BC51FEFBE595AB2BCC30E594E5B323
:10351000D512CCB0CC90D491ED74FED9BC71D659F3
:10352000FFFFEF3BFFFFFFFFC638000069C8936F46
:10353000BD96FFFFFFFFFFFFFFFFFFFFFFFFFFFF46
:10354000FFFFFFFFFFFFDD96BCB3730CDE59FFBE2C
:103550006BEF54B23ACB288430E563AEB6B9BF3ACC
:1035600073CFEF1DFFFFFFFFFFFFFFFFFFFFFFFF19
:10357000FFFFFFDFFFDFFFDFFFDFFFBEFFFFF77DA6
:10358000A3AED5B7FFFFFFFEFFBEFFBEFFFFFFFFED
:10359000FFDEE6DBDE58E678EE99FF7DFFFFFF9E5B
:1035A000EE99EE99F73CFFFFFF5CFFFFB4B32800F4
:1035B000A1C6A9E789649289B2C9B1C6AA07AA07B8
:1035C0008165C269AA0799A5A1E799C7A1C6A1C645
:1035D000B24899A699258A28000000000000D4F579
:1035E00099C7FFFF000000000000732C8165814532
:1035F0009CD300000000000000000000000000005C
:1036000000000000000000000000000000000000BA
:1036100000000000000000000000000000000000AA
:10362000000000000000000000000000000000009A
:10363000000000000000000000000000000000008A
:10364000000000000000000000000000000000007A
:10365000000000000000000000000000000000006A
:10366000000000000000000000000000000000005A
:10367000000000000000000000000000000000004A
:1036800000000000BCF4DD34AC10EDF7F659CC4E70
:10369000AAEADCD2ED53F5B5CC90A32BD512ED748C
:1036A000ED13D513AB8DC5B7FFFFF77DFEBAFE3620
:1036B000B42F7A8AFDF79C31AD34E71BFFFFFFFF83
:1036C000FFFFFFFFFFFFFFFFFFFFFFFFFFDED51440
:1036D000E659FFDFD618FFFF9CF44C30B7BD855488
:1036E0008534BF7CDFFF7D129C72FFFFFFFFFFFF71
:1036F000FFFFFFFFFFFFFFDFFFDFFFDFFFDEFFBE9C
:10370000FFBEFFFFFFDEB4F3DE17FFFFFFFFFFBECC
:10371000FFBEFFBEFFBEFF9EFFDFFFFFFFFFFFFFFD
:10372000FFFFFFFFFFBDFFBEFFFEFFDEFF9DFF3C73
:10373000FF3CFFFFBC3168617945AA0899A5A288C2
:103740009BAFB207A1E6BA488965A9E7BA08A9E71D
:10375000898591A6A9E7A1C6B227A1C799C780C349
:10376000ABF0000000000000B34DABCF0000000044
:1037700000000000000079C768C2AC5300000000E0
:103780000000000000000000000000000000000039
:103790000000000000000000000000000000000029
:1037A0000000000000000000000000000000000019
:1037B0000000000000000000000000000000000009
:1037C00000000000000000000000000000000000F9
:1037D00000000000000000000000000000000000E9
:1037E00000000000000000000000000000000000D9
:1037F00000000000000000000000000000000000C9
:103800000000000000000000000094B2CCF3C4D31C
:10381000BCF3FE9AE552C3AABB6EECF3ED13F5556B
:10382000A30BC46FF5D5E4F2C3CFAB6DF5F7AC31A4
:10383000DEFBFFFFFEDAFF3AF698E5B5DD75C5342D
:10384000FFFFD5D7D618FFFFFFFFFFFFFFFFFFFFEA
:10385000FFFFFFFFFFFFDD75D555FFFFFFFFFFFFF8
:10386000FF5D62EC6450A71AAF7C8E775C708C723F
:10387000FFFFFFFFFFDFF79EFF9EFFDEFFDFFFBFC3
:10388000FFDFFFDEFFBEFFDEFFDEFFFFDE78E6BA12
:10389000FFFFFFDEFFBEFFBEFFBEFFBEFFBEFFBEDF
:1038A000FFBEFFBEFFBEFFBEFFBEFFBEFF9DFF9D72
:1038B000FF9DFF9DFF7DFF3CFF3CFFFF934D990364
:1038C0008165818591A5A985AC72BB6DA165BA287A
:1038D00091A591A6B227B22899A68164AA07A1E76B
:1038E000A1C6BA4899C699448185FFFF000000002F
:1038F000DD7592AA0000000000000000000000003A
:103900006A287183C57500000000000000000000F7
:1039100000000000000000000000000000000000A7
:103920000000000000000000000000000000000097
:103930000000000000000000000000000000000087
:103940000000000000000000000000000000000077
:103950000000000000000000000000000000000067
:103960000000000000000000000000000000000057
:103970000000000000000000000000000000000047
:103980000000000000000000000000000000000037
:103990000000C514D4F4B4B3D5B7F618DC8CBB8BD7
:1039A000BB8EED34F555BBCFB3AEFDF5E512C3EFDD
:1039B0009ACBDD14FEDBDD35938FD699CDF7FFFF73
:1039C000FFFEC4B1C4D3E6BAFFFFC4F38B0CFF9E65
:1039D000FFFFFFFFFFFFFFFFFFFFFFFFFFFFE5F719
:1039E000C4D3F79DFFFFFFFFFFBEA4515A08849286
:1039F00085348D34BDD7FFFFFFDFFFBEDE9AE6BA08
:103A0000FFBEFFDFFFDEFFDEFFBEFFBEFFBEFFBE6D
:103A1000FFDEFF9DFF9DFFFFFFDEFFBEFFBEFFBE7F
:103A2000FFBEFFBEFFBEFFBEFFBEFFBEFFBEFFBEAE
:103A3000FF9DFF9DFF9DFFBEFFBDFF7CFF7CFF5CE8
:103A4000FF7DF73C7A499123898581658985996451
:103A5000ABCEBCB28904BA4899C689A5BA48BA07A0
:103A6000A9E78985A1C6BA2899C6C26999C691A64F
:103A700088C2AB4D000000000000B38FBC71000095
:103A800000000000000000000000838C40C0A492F1
:103A90000000000000000000000000000000000026
:103AA0000000000000000000000000000000000016
:103AB0000000000000000000000000000000000006
:103AC00000000000000000000000000000000000F6
:103AD00000000000000000000000000000000000E6
:103AE00000000000000000000000000000000000D6
:103AF00000000000000000000000000000000000C6
:103B000000000000000000000000000000000000B5
:103B100000000000000000000000B472CD5500005D
:103B2000DD77E510D48CC3EFBBCEF596CC30AB4D32
:103B3000F595E533B32CBB8DCC91E596EDD7FE79A9
:103B4000C471ACB3EF9DBD34E594F617EE58C5547F
:103B5000FF3BD617BCD2DDF7F79EFFFFFFFFFFFF4D
:103B6000FFFFFFFFFFFFF6BABC71EF1BFFFFFFBEB9
:103B7000FFFFFFFFFFBEBD34BD14D5D7FF7DE69A22
:103B8000C596F73CFFDEFFDEFFDEFFDEFFDEFFDE79
:103B9000FFDEFFBEFFDEFFDEFFBEFFDEFFDEFFBE9D
:103BA000FFBEFFBEFFBEFFBEFFBEFFBEFFBEFFBE2D
:103BB000FFBEFFBEFFBEFFBEFF9DFF9DFFBDFF3CE2
:103BC000FF5CFFFEFFFEFF9DFFFFD6BA69458944FB
:103BD0007945A1C691A6A1C5A2AAB53489E7BA269E
:103BE000A9E78986BA48C227A9C6896599859165DA
:103BF00080E3BA28A9E799A699857903BD750000E5
:103C00000000C451AB6D0000000000000000000087
:103C10000000000062695123DE1B0000000000006C
:103C20000000000000000000000000000000000094
:103C30000000000000000000000000000000000084
:103C40000000000000000000000000000000000074
:103C50000000000000000000000000000000000064
:103C60000000000000000000000000000000000054
:103C70000000000000000000000000000000000044
:103C80000000000000000000000000000000000034
:103C90000000000000000000000000000000000024
:103CA000AD75A3F0E6590000C4B2DCACE4D0C4109A
:103CB000D471DCD2A32CE4F3ED55B34BB32BDCB2BF
:103CC000CCD3EDF7E5D7F659E555A2ECDE38F7BDD4
:103CD000E5F7F658FE37D513D575DDD7EEDAFEFBDE
:103CE000BCF3FFFEFFFFFFFFFFFFFFFFFFFFFF3CF7
:103CF000BC31DE79FFFFFFBEFFBEFFDEFFFFFF7DB1
:103D0000FF9EF73CEEFBF73CFFBEFFFFFFBEFFBE92
:103D1000FFBEFFBEFFBEFFBEFFBEFFBEFFBEFFBEBB
:103D2000FFBEFFBEFFBEFFBEFFBEFFBEFFBEFFBEAB
:103D3000FFBEFFBEFFBEFFBEFFBEFF9DFF9DFF9DFE
:103D4000FF9DFFBDFFBDFF5CEEBADE38DE17EEBAA9
:103D5000FF3CA410608289658985A1E68985B1E56B
:103D6000A22800007ACBB1C5AA079185B9C6918473
:103D700089C681C7722A72EB7AEC9985BA28A1C7E5
:103D800099C681039A8900000000D4718A6A0000F4
:103D90000000000000000000000000000000622899
:103DA00049A6000000000000000000000000000024
:103DB0000000000000000000000000000000000003
:103DC00000000000000000000000000000000000F3
:103DD00000000000000000000000000000000000E3
:103DE00000000000000000000000000000000000D3
:103DF00000000000000000000000000000000000C3
:103E000000000000000000000000000000000000B2
:103E100000000000000000000000000000000000A2
:103E200000000000000000009C31ABF0000000002A
:103E3000B3ECECCDE4D3C40FD492AB4CCC50F576BC
:103E4000B32DB365E4EDCC92CCF3F639EDF7EE1774
:103E5000BC10E4B2B34DB4D2FFFFFFFFE679E5D664
:103E6000C4109B2DF73CFFFFD5B6F73CFFFFFFFFCB
:103E7000FFFFFFFFFFFFFF9DC472D596FFFFFFBE50
:103E8000FFBEFFBDFF9DFFDEFFDEFFFFFFFFFFDE8A
:103E9000FFBEFFBEFFBEFFBEFFBEFFBEFFBEFFBE3A
:103EA000FFBEFFBEFFBEFFBEFFBEFFBEFFBEFFBE2A
:103EB000FFBEFFBEFFBEFFBEFFBEFFBEFFBEFFBE1A
:103EC000FF9DFF5CFF7DEEBAF73CF73CFF9DFFDEF8
:103ED000FFBDE699BD34A430AC71724A698791A5E3
:103EE000A1E691C68164BA06A22700007B2CC20617
:103EF000A1A568E38A698410A471A30D00000000E5
:103F0000AD7599E7B9E6818599C691C68902ABF08E
:103F10000000D4D3928A00000000000000000000DE
:103F200000000000000000007BCF6B2D00000000AF
:103F30000000000000000000000000000000000081
:103F40000000000000000000000000000000000071
:103F50000000000000000000000000000000000061
:103F60000000000000000000000000000000000051
:103F70000000000000000000000000000000000041
:103F80000000000000000000000000000000000031
:103F90000000000000000000000000000000000021
:103FA0000000000000000000000000000000000011
:103FB0006B6D94920000000092C9AAE9F554E4F3F5
:103FC000B38DB38DF575B36DB367D447ED50CCD4D5
:103FD000D514F5F8FE79C4B2BC30ED74ED33BB6D89
:103FE0009BAEF7BEFFFFFFDEB4D3C5B6D659FFFFC9
:103FF000FFDEFFDEFFFFFFFFFFFFFFDEFFDEFFFF55
:10400000D5B6B431FFBEFFFFFFBEFFBDFF9DFF9DD4
:10401000FF9DFF9DFFBEFFBEFFBEFFDEFFBEFFBEDA
:10402000FFBEFFBEFFBEFFBEFFBEFFBEFFBEFFBEA8
:10403000FFBEFFBEFFBEFFBEFFBEFFBEFFBEFFBE98
:10404000FFBEFFBEFFBEFFBDFF7CFF5CFF7CEEBA84
:10405000F79DFFBEF71BFF7DFF9DFFFFFFFFFF7C6E
:10406000FFFF94716B0C9248A1C589A57124C227EA
:104070009A070000BBEFC18450C36B4D00000000E5
:10408000BC318AAA0000000000009965AAEB9BCF12
:1040900091248144A9A58944AD75C4F4C47000007D
:1040A0000000000000000000000000000000000010
:1040B00000005AEB9CF3000000000000000000002C
:1040C00000000000000000000000000000000000F0
:1040D00000000000000000000000000000000000E0
:1040E00000000000000000000000000000000000D0
:1040F00000000000000000000000000000000000C0
:1041000000000000000000000000000000000000AF
:10411000000000000000000000000000000000009F
:10412000000000000000000000000000000000008F
:104130000000000000000000738E5AAB0000000079
:10414000B49361E8C430E4F2B36DDCF3BBAEBBA959
:10415000D488E48BCC91ABF1EDF7FE59E596B40F22
:10416000E574DCF3D4D2ED33CBEF9B2CEF3CFFFFB7
:10417000FFFFFFFFBD55DE99FFFFFFFFFFFFFFFFC2
:10418000FFFFFFFFFFFFFFFFFF7DA3AFDE79FFFF14
:10419000FF9DFF9DFF9DFF9DFF9DFFBDFF9DFFBDFF
:1041A000FFBEFFBEFFBEFFBEFFBEFFBEFFBEFFBE27
:1041B000FFBEFFBEFFBEFFBEFFBEFFBEFFBEFFBE17
:1041C000FFBEFFBEFFBEFFBEFFBEFFBDFF9DFF9D4A
:1041D000FF7CFF7CFF9DF6DADE59FFFFF75DF6FA04
:1041E000FFBEFF9DFF9DFFDEFF9E6B2D00009ACA64
:1041F000A18489C679A6C226B289ABAEA9A64841D8
:104200008C5300000000000092CB92EC00000000F4
:10421000ACF471868410930D99657A6A924890C1C6
:1042200091E6D673000000000000000000000000CE
:10423000000000000000000000009CD36B4DAD7535
:10424000000000000000000000000000000000006E
:10425000000000000000000000000000000000005E
:10426000000000000000000000000000000000004E
:10427000000000000000000000000000000000003E
:10428000000000000000000000000000000000002E
:10429000000000000000000000000000000000001E
:1042A000000000000000000000000000000000000E
:1042B00000000000000000000000000000000000FE
:1042C0007BD031A600000000000000009BCFA2CAF6
:1042D000CC30C3D0C3CBDC8AE489D44D82EEBC7130
:1042E000FEDBEDD7B410DD34E573D4D2D4B2E4F301
:1042F000E4D2BB4D7A08DEDAFFFFFFFFDE9ADE9ADA
:10430000FFFFFFFFFFFFFFFFFFFFFFFFFFFFFFFFBD
:10431000FFFFBD13AC31FFFFFF9DFF9DFF9DFF7DA4
:10432000FF9DFF9DFF9DFF9DFFBDFFBEFFBEFFBE2A
:10433000FFBEFFBEFFBEFFBEFFBEFFBEFFBEFFBE95
:10434000FFBEFFBEFFBEFFBEFFBEFFBEFFBEFF9DA6
:10435000FF9DFF9DFF9DFF9DFF7CFF5CFF5CFF7D40
:10436000EE79EEFBEF3CFF7DFF9DFF7DFF7DFFBE05
:10437000EEFBCE59DD7591A6A18482498ACAC22678
:10438000D268B18559A60000000000000000C535C4
:10439000824900000000000094B2AD75000059246D
:1043A00099A684100000930C8061AA890000000087
:1043B00000000000000000000000000000000000FD
:1043C00000000000AD757BCF000000000000000081
:1043D00000000000000000000000000000000000DD
:1043E00000000000000000000000000000000000CD
:1043F00000000000000000000000000000000000BD
:1044000000000000000000000000000000000000AC
:10441000000000000000000000000000000000009C
:10442000000000000000000000000000000000008C
:10443000000000000000000000000000000000007C
:1044400000000000000000008C318410000000001B
:10445000000000000000ABCFC38FC3ADDC8BE4696C
:10446000BAE4A451BD56FE59DD558AABCCB3F6383B
:10447000D4F2D4D2E4F3D471D430AB4C9AAAA34D85
:10448000DE9AFFFFFFFFFFFFFFFFFFFFFFFFFFFFC2
:10449000FFDFFFFFFFDFFFDFFFFFFFDF9B6EDE5968
:1044A000FFFFFF9DFF9DFF7DFF7DFF9DFF9DFFBDEA
:1044B000FFBDFFBEFFBEFFBEFFBEFFBEFFBEFFBE15
:1044C000FFBEFFBEFFBEFFBEFFBEFFBEFFBEFFBE04
:1044D000FFBEFFBDFF9DFF9DFF9DFF9DFF9DFF9DBB
:1044E000FF7CFF7CFF5BFFDED617BD34FFDEFFBE27
:1044F000FF7DFF7DFF5DFFFFCE790000A2EB99639A
:104500009964832DB32CB1A588E2C450000000004B
:10451000000000000000A2EC82AA000000000000E1
:104520000000000000009B0B8964FFFF00000000FA
:10453000C51471A59B2D00000000000000000000C4
:104540000000000000000000000000000000949245
:104550009492000000000000000000000000000035
:10456000000000000000000000000000000000004B
:10457000000000000000000000000000000000003B
:10458000000000000000000000000000000000002B
:10459000000000000000000000000000000000001B
:1045A000000000000000000000000000000000000B
:1045B00000000000000000000000000000000000FB
:1045C00000000000000000000000000000000000EB
:1045D0009CB3A5140000000000000000B4F38A4A58
:1045E000D42FECCBDBE69A63B4D2D6DCDD96EDD7E4
:1045F000930CBC31F5F8E596DCF2D4D2E4F3C40FA9
:10460000BBEF8A69D471DC0F91C6CE18FFFFFFFFA4
:10461000DE9AB4D3DE9AFFFFFFDFFFDEFFDEFFDEB0
:10462000FFBEFFFFD6189BAEFFFFFFDEFF7DFF9DA5
:10463000FFBDFFBEFFBEFFBEFFBEFFBEFFBEFFBE93
:10464000FFBEFFBEFFBEFFBEFFBEFFBEFFBEFFBE82
:10465000FFBEFFBEFFBEFFBEFF9DFF9DFF9DFF9DF6
:10466000FF9DFF9DFF9DFF9DFF7DFF5CFF7CFF5C2D
:10467000CDB6EEFBFFDEFF7DFF7DFF7CFFFFE71C7D
:10468000834D8A69A184A1438A49A4B4B1A6B2EB3F
:104690007AAAABEF0000000000000000DD75A36EF9
:1046A000FFFFFFFFFFFFFFFFFFFFFFFFFFFF82088E
:1046B00081E7000000000000000000007AAB83D01A
:1046C0008410000000000000000000000000000056
:1046D000FFFFFFFFFFFFFFFFFFFFFFFFFFFF0000E8
:1046E00000000000000000000000000000000000CA
:1046F00000000000000000000000000000000000BA
:1047000000000000000000000000000000000000A9
:104710000000000000000000000000000000000099
:104720000000000000000000000000000000000089
:104730000000000000000000000000000000000079
:104740000000000000000000000000000000000069
:1047500000000000000000000000BDD700000000C5
:1047600000000000698791C4D3C7B2C3A309C5D8AC
:10477000FFFFD5B6CCB2930CD514EE18E5D8E5758D
:10478000DCF2E513C40FBBEFB38EA32CBBCFDC90E0
:10479000CA259965BC92AC2D7A0791C761C7C67AC4
:1047A000FFFFFFBEFFBEFFBEFFBEFFDEFFFFB4F395
:1047B000AC51FFFFFFDEFFBEFFBEFFBEFFBEFFBE70
:1047C000FFBEFFBEFFBEFFBEFFBEFFBEFFBEFFBE01
:1047D000FFBEFFBEFFBEFFBEFFBEFFBEFF9DFF9D33
:1047E000FF9DFF9DFF9DFF9DFF9DFF9DFF9DFF9DE9
:1047F000FF9DFF7DFF9DFF5CF75CFFDEFF7DFF7D82
:10480000FF7CFFBEFFFF930C8881A143912379E7D2
:104810000000BC5190A1CDD793CF8B2D000000009C
:104820000000A410C575FFFFFFFFFFFF00000000A0
:10483000FFFFFFFFFFFFCDD7A3EF00000000000048
:10484000FFFFFFFFFFFFFFFFFFFFFFFFFFFF000076
:1048500000000000FFFFFFFFFFFFFFFF0000000060
:104860009CD3FFFFFFFFFFFF0000000000000000DF
:1048700000000000000000000000FFFFFFFFFFFF3E
:10488000FFFFFFFFFFFF000000000000000000002E
:104890000000000000000000000000000000000018
:1048A0000000000000000000000000000000000008
:1048B00000000000000000000000000000000000F8
:1048C00000000000000000000000000000000000E8
:1048D00000000000000000000000000000000000D8
:1048E00000000000000084109BEF59637143E4EF67
:1048F000BC4DC534F79EFFFFD659C4939B8EB4516F
:10490000FE79E5B6E5B6E5B6DCF2E4F3C40FAB4CF0
:10491000AB4DCC51AB6ED42ECA67C9E7A183B32788
:10492000B38DD40F81E74966E73CFFFFFFFFFFFF30
:10493000FFFFFFDEFFDFFFFFB513B4D3FF7DFFDE18
:10494000FFBEFFBEFFBEFFBEFFBEFFBEFFBEFFBE7F
:10495000FFBEFFBEFFBEFFBEFFBEFFBEFFBEFFBE6F
:10496000FF9DFF9DFF9DFF9DFF9DFF9DFF9DFF9D67
:10497000FF9DFF9DFF9DFF9DFF9DFF9DFF9DFF9D57
:10498000FF9DFF7DFF7DFF7DFF7DFFFF93D05800E2
:1049900089C68A4982EB0000000081A7A36D000050
:1049A0008B2C9BF0000000008410EF5DFFFFFFFFE9
:1049B000000000000000000000000000DEFBFFDF40
:1049C000FFFF00000000FFFFFFFFFFFF00000000EF
:1049D000FFFFFFFFFFFFFFFF0000FFFFFFFFFFFFE5
:1049E0000000000000000000000000000000FFFFC9
:1049F000FFFF000000000000000000000000FFFFBB
:104A0000FFFFFFFFFFFF00000000FFFFFFFFFFFFB2
:104A10000000000000000000000000000000000096
:104A20000000000000000000000000000000000086
:104A30000000000000000000000000000000000076
:104A40000000000000000000000000000000000066
:104A50000000000000000000000000000000000056
:104A60000000000000000000FFFF738E6B4D72AB72
:104A7000AB0B8B2AD6790000000000000000DFFF9E
:104A8000B430A3F0B4D3F618E5B6E5B5E5B6E5B6AF
:104A9000E574D470B38DAB6DC430C3EF9B6EC40CA2
:104AA000D368D268B227C3EDAB4DBBCEB34CA2ECFA
:104AB0008AECD638F77DF71CDE18FF7DFFFFFFFF7D
:104AC000FFFFD638D638FF7DFFBEFF9EFFBEFFBE7C
:104AD000FFBEFFBEFFBEFFBEFFBEFFBEFFBEFFBEEE
:104AE000FFBEFFBEFF9DFF9DFF9DFF9DFF9DFF9DA4
:104AF000FF9DFF9DFF9DFF9DFF9DFF9DFF9DFF9DD6
:104B0000FF9DFF9DFF7DFF7DFF7DFF7DFF7DF75CAE
:104B1000FFFFC5D751E8832C7BCF000000000000C9
:104B200094527ACB0000000049E87B6E0000000040
:104B3000FFDFFFFFFFFF000000000000000000009B
:104B4000000000009492CE79FFFFFFFFFFFFFFFF00
:104B5000FFFF00000000000000000000FFFFFFFF5B
:104B60000000FFFFFFFF0000000000000000000049
:104B70000000000000000000FFFFFFFF0000000039
:104B8000000000000000FFFFFFFF00000000000029
:104B900000000000FFFFFFFFFFFF0000000000001B
:104BA0000000000000000000000000000000000005
:104BB00000000000000000000000000000000000F5
:104BC00000000000000000000000000000000000E5
:104BD00000000000000000000000000000000000D5
:104BE00000000000000000000000000000000000C5
:104BF000FFFF6B6D31AD00000000AD7600000000DE
:104C0000000000000000AC30930CA472DDB6EDF79C
:104C1000E5B6EDD6F617FE58ED959B2C928ABBAE05
:104C2000DCF3AB2CAC31ABCBDC88CB29B207CBEDC2
:104C3000AB4DBBCEBBCDA32CE492AB2CA32C8229D5
:104C4000C575FFFFFFFFFF7DFFDEFFFFFF9DFF7DBF
:104C5000FFBEFF9EFF9EFFBEFFBEFF9EFFBEFFBECC
:104C6000FFBEFFBEFFBEFFBEFF9DFF9DFF9DFF9DE0
:104C7000FF9DFF9DFF9DFF9DFF9DFF9DFF9DFF9D54
:104C8000FF9DFF9DFF9DFF9DFF9DFF7DFF5CFF7DC5
:104C9000FFDFFFFFFF9DFFFFE6DB834E000000000C
:104CA000000000000000000073CFBDF7000000000E
:104CB00052AB841100000000FFFFFFFF0000000066
:104CC00000000000000000000000FFFF94B20000A0
:104CD000FFFFFFFFFFFFFFFF0000000000000000DC
:104CE00000000000FFFFFFFFFFFFFFFF00000000CC
:104CF00000000000000000000000000000000000B4
:104D0000FFFFFFFF00000000000000000000FFFFA9
:104D1000FFFF000000000000000000000000FFFF97
:104D2000FFFF00000000FFFFFFFFFFFFFFFFFFFF8F
:104D3000FFFF00000000FFFFFFFFFFFFFFFFFFFF7F
:104D4000FFFFFFFFFFFFFFFFFFFFFFFFFFFFFFFF73
:104D5000FFFF00000000FFFFFFFFFFFFFFFFFFFF5F
:104D6000FFFFFFFF000000000000FFFFFFFFFFFF4D
:104D7000FFFFFFFF00000000000000000000000037
:104D8000934EC5560000000000000000ABCD7184BA
:104D90000000CD96F5F6F617EDF6DD75C4F3B471A7
:104DA000A3F093EF8AABB38EDCF3A30CC4B49BCE19
:104DB000C3A5D428CBE8BBABA32DA30BF5748A8A7B
:104DC0007A49CCB1BBCEDDB6FFFFE6FBA491EEFB8A
:104DD000FFFFFFBEFFDEFFDEFF9EFF9EFFBEFFBEAA
:104DE000FFBEFFBEFFBEFFBEFFBEFFBDFF9DFF9D1E
:104DF000FF9DFF9DFF9DFF9DFF9DFF9DFF9DFF9DD3
:104E0000FF9DFF9DFF9DFF9DFFBDFFDEFFFFFFFF9D
:104E1000FFFFFF5DFF9DFFFFDE79C595FF7DFFDF93
:104E20005249AD7500000000000000000000841031
:104E300094710000000000009CD3949200000000D8
:104E4000FFFFFFFF000000000000FFFFFFFFFFFF6C
:104E5000FFFF94B2AD750000FFFFFFFFFFFFFFFFF4
:104E600000000000FFFFFFFF00000000FFFFFFFF4A
:104E7000FFFFFFFF000000000000FFFFFFFFFFFF3C
:104E8000FFFFFFFF000000000000FFFFFFFF00002A
:104E900000000000FFFFFFFF00000000FFFFFFFF1A
:104EA000FFFF00000000FFFFFFFF0000FFFFFFFF0C
:104EB000FFFF00000000FFFFFFFFFFFFFFFFFFFFFE
:104EC000FFFF00000000FFFFFFFF00000000FFFFEA
:104ED000FFFF00000000FFFFFFFF0000FFFFFFFFDC
:104EE000FFFF00000000FFFFFFFFFFFFFFFF0000CC
:104EF000FFFFFFFFFFFF0000FFFFFFFF00000000BC
:104F00000000000000000000934CF6FB00000000D1
:104F100000009B8D81E60000BDD4DD55DD75BCD35E
:104F2000A41093B0AC1000000000730C8A8AC43047
:104F3000DCD39BCFABCFBD16BBECD427CC67BBAAD1
:104F4000BB8E9AEBCC30ED1392EB9C10FF5CFF1BF9
:104F50008B4D6A8ADE59FFFFFFBEFFBEFFBEFFBE5C
:104F6000FFBEFFBEFFBEFFBEFFBEFFBEFFBEFFBE59
:104F7000FFBDFF9DFF9DFF9DFF9DFF9DFF9DFF9D31
:104F8000FF9DFF9DFF9DFF9DFF9DFF7DFFBDFFFFDF
:104F9000FFDEF6FBF6BB9C108BCFFFFFFFDEC59656
:104FA000C534DE17D5F77B4D00000000000000007F
:104FB0000000000000008430B596000000000000F2
:104FC000AD35AD7500000000FFFF000000000000DF
:104FD000FFFFFFFF0000FFFFFFFFFFFFFFFFFFFFDF
:104FE000FFFFFFFFFFFFFFFF00000000FFFFFFFFCD
:104FF000000000000000FFFFFFFFFFFF00000000B7
:10500000FFFFFFFFFFFF0000FFFFFFFFFFFFFFFFAE
:10501000FFFFFFFFFFFF000000000000FFFFFFFF9A
:1050200000000000FFFFFFFFFFFF00000000FFFF88
:10503000FFFFFFFFFFFFFFFF000000000000000078
:105040000000FFFFFFFFFFFFFFFF00000000FFFF6A
:10505000FFFF00000000FFFFFFFF00000000FFFF58
:10506000FFFFFFFFFFFFFFFF000000000000000048
:105070000000FFFFFFFFFFFFFFFFFFFF000000003A
:10508000FFFFFFFF00000000000000000000BCB2B6
:10509000A3ED00000000F7BF932C69E600000000BC
:1050A000A472AC309C100000000000000000000062
:1050B00000006A8C8249DCB1C42F93F1AB6ECD96AF
:1050C000BD77B36BDC8AD46BCBEF8269A32CD49110
:1050D000BBAE9ACB7A6A82CB938ED5B6FF5DFFDEEC
:1050E000FFFFFFBEFFBEFFBEFFBEFFBEFFBEFFBE97
:1050F000FFBEFFBDFF9DFF9DFF9DFF9DFF9DFF9D8F
:10510000FF9DFF9DFF9DFF9DFF9DFF9DFF9DFF9DBF
:10511000FF7DFFDEFFFFC5558B0CC451B3CFA2EB63
:1051200072AAFFFFC595B4D2FFDDFFFEFEFB94100F
:105130000000000000000000000000009472A514B0
:10514000000000000000000000000000000000005F
:10515000FFFF000000000000FFFFFFFF0000000055
:10516000FFFFFFFFFFFFFFFFFFFFFFFFFFFFFFFF4F
:1051700000000000FFFFFFFF000000000000FFFF35
:10518000FFFFFFFF00000000FFFFFFFF0000000027
:105190000000FFFFFFFFFFFFFFFFFFFFFFFF00001B
:1051A00000000000FFFFFFFF00000000FFFFFFFF07
:1051B000000000000000FFFFFFFFFFFFFFFF0000F7
:1051C000000000000000000000000000FFFFFFFFE3
:1051D000FFFF00000000FFFFFFFF00000000FFFFD7
:1051E000FFFF00000000FFFFFFFFFFFFFFFF0000C9
:1051F0000000FFFFFFFFFFFF00000000FFFFFFFFB9
:10520000FFFF000000000000FFFFFFFF00000000A4
:10521000000000000000A410BCB10000D6BA62CBB0
:105220009B6D00000000B5B6947200000000000005
:1052300000000000000000000000A49271C7E4F22A
:10524000B3AD0000C4B3B3CF000093D0AB4CD42AAD
:10525000ECAFB32D7A08C3CE9ACBCD54EEDAFF5C17
:10526000FFFFFF7DD5B6CD75F6FBFFFFFFFFFFBE4D
:10527000FFBEFFBEFF9DFF9DFF9DFF9DFF9DFF9D0C
:10528000FF9DFF9DFF9DFF9DFF9DFF9DFF7DFF9D5E
:10529000FF9DFF9DFF9DFF9DFFDEFF9D7B6D5803E2
:1052A000B189E430DBCFC38EE659EF1BE657FF9C94
:1052B000FF1BFEFAFF7CFF5C9C100000000000005A
:1052C0000000CE398C71DEBB000000000000000041
:1052D0000000000000000000FFFFFFFF00000000D2
:1052E000FFFFFFFF00000000FFFFFFFF00000000C6
:1052F0000000FFFFFFFFFFFF00000000FFFFFFFFB8
:10530000000000000000FFFFFFFFFFFF00000000A3
:10531000FFFFFFFFFFFF0000FFFFFFFF0000000097
:105320000000FFFFFFFF000000000000FFFFFFFF85
:1053300000000000FFFFFFFF0000FFFFFFFFFFFF77
:10534000FFFFFFFFFFFF00000000FFFFFFFFFFFF69
:1053500000000000FFFFFFFFFFFF00000000FFFF55
:10536000FFFF00000000FFFFFFFF00000000FFFF45
:10537000FFFFFFFFFFFF00000000FFFF0000000035
:1053800000000000FFFFFFFFFFFF00000000FFFF25
:10539000FFFFFFFF00000000000000000000C51438
:1053A000BCB3C6584B6E0000000000000000B5966C
:1053B000C61800000000000000000000000000000F
:1053C0000000841061A8E4B2BBEF0000C5968A69B2
:1053D000E5B600008390934B9B8BAC108B6EABCFEC
:1053E000E4F3EDF7FFFFFFFFFF1CFEFBFF7DEE790F
:1053F000DDB6D596EEFBFFFFFFFFFF9DFF9DFF9DF6
:10540000FF9DFF9DFF9DFF9DFF9DFF9DFF9DFF9DBC
:10541000FF9DFF9DFF9DFF9DFF9DFF9DFF9DFF7DCC
:10542000FFBEEEDBB4F4DDB7D514C451CC51DDB70B
:10543000DEB9C574FF3CFF3CFEFAFEFAFED9FFDD83
:10544000DDF65A09000000000000C61884100000B4
:10545000000000000000000000000000000000004C
:10546000FFFFFFFF00000000FFFFFFFFFFFFFFFF48
:10547000FFFFFFFF00000000FFFFFFFFFFFFFFFF38
:1054800000000000FFFFFFFF000000000000FFFF22
:10549000FFFFFFFF000000000000FFFFFFFFFFFF16
:1054A000FFFFFFFF00000000FFFFFFFF0000000004
:1054B00000000000FFFFFFFF00000000FFFFFFFFF4
:1054C000FFFFFFFFFFFFFFFF0000FFFFFFFF0000E8
:1054D000FFFFFFFFFFFFFFFF00000000FFFFFFFFD8
:1054E000FFFF00000000FFFFFFFF00000000FFFFC4
:1054F000FFFF00000000FFFFFFFFFFFFFFFF0000B6
:105500000000FFFFFFFFFFFFFFFFFFFFFFFFFFFFA9
:10551000FFFF00000000FFFFFFFFFFFF0000000093
:105520000000000000000000ACB3FFFF000000001E
:10553000000000000000000000000000000000006B
:105540000000000000000000000000006B0CB3CE63
:10555000CCB1C6180000AC917A6AA4D300009CB309
:1055600084120000000062ABB410A38E9B6DCD9539
:10557000FEFBFEFBFEFBFF1BFF5CE5D6830C8B6D89
:10558000FF5DFFFFFFFFFF9DFF9DFF9DFF9DFF9DB7
:10559000FF9DFF9DFF9DFF9DFF9DFF9DFF9DFF9D2B
:1055A000FF7DFF7DFF7DFF7DFF5CFF9EFFFFFFFF17
:1055B000FFFFFFFEFFFEFFFFD637FF1BF6DADE38E8
:1055C000FFBDFED9FEFAFEFAFF3B9C30C5548BCEE0
:1055D000838E0000000000000000000000000000BA
:1055E0000000000000000000FFFFFFFFFFFF0000C1
:1055F00000000000000000000000000000000000AB
:10560000FFFFFFFFFFFFFFFF00000000FFFFFFFFA6
:10561000000000000000FFFFFFFFFFFFFFFF000092
:10562000000000000000000000000000000000007A
:10563000FFFFFFFF0000000000000000FFFFFFFF72
:1056400000000000FFFFFFFF00000000000000005E
:105650000000FFFFFFFF00000000FFFFFFFFFFFF54
:1056600000000000FFFFFFFFFFFF00000000FFFF42
:10567000FFFF00000000FFFFFFFF00000000FFFF32
:10568000FFFFFFFFFFFF00000000FFFFFFFFFFFF26
:10569000FFFF00000000FFFFFFFF00000000FFFF12
:1056A000FFFF0000000000000000000000000000FC
:1056B00000000000000000000000000000000000EA
:1056C00000000000000000000000000000000000DA
:1056D000000000000000938CC44F7BAC0000000071
:1056E00000000000B535C536D5D8BD158BB0624A6F
:1056F000B4F4A451AC92BCF3E679FF5CFF7CFF1BD1
:10570000FEDAFFBEF69A7AAB412493AFFFBEFFFFED
:10571000FFFFFFBDFF9DFF9DFF9DFF9DFF9DFF9D27
:10572000FF9DFF9DFF7DFF7DFF7DFF7DFF7DFF7D59
:10573000FF7DFF7DFF7DFF7CFF7CFF7DFF7DFF9D6B
:10574000F73CFF1BD595934DDE17FF9CFEDAFEDA82
:10575000FF5CE657EEFAFFFFCD545229000000002F
:105760000000000000000000000000000000000039
:105770000000FFFFFFFFFFFF00000000000000002F
:10578000000000000000FFFFFFFF0000FFFFFFFF21
:1057900000000000FFFFFFFF000000000000FFFF0F
:1057A0000000FFFFFFFFFFFF0000000000000000FF
:1057B000000000000000FFFFFFFF000000000000ED
:1057C00000000000FFFFFFFF00000000FFFFFFFFE1
:1057D00000000000000000000000FFFFFFFFFFFFCF
:1057E00000000000000000000000FFFFFFFFFFFFBF
:1057F000FFFFFFFF000000000000000000000000AD
:10580000000000000000FFFFFFFFFFFFFFFFFFFFA2
:105810000000000000000000FFFFFFFF0000FFFF8E
:10582000FFFF00000000FFFFFFFF0000000000007E
:105830000000000000000000000000000000000068
:105840000000000000000000000000000000000058
:1058500000000000000000000000000000009CB3F9
:105860004104628A000000000000C418A432E65A15
:10587000DDF9E5F9DDB8C536BD15CDB7D5D8D5D735
:10588000CDB7CD96DDF7F699FF3CFF7CFF7CFFFEA0
:10589000DDB628A328A2C575FF3CFFFFFFFFFFDE92
:1058A000FF9DFF9DFF9DFF9DFF9DFF7DFF7DFF7D78
:1058B000FF7DFF7DFF7DFF7DFF7DFF7DFF7DFF7D08
:1058C000FF7DFF7DFF7DFF5CFFFFE6DB732D41A8C1
:1058D0006AABFFDEFEFAFF1BFF3BF6D9CD74FF7CFF
:1058E000E67872CB94100000000000000000000079
:1058F000000000000000836E9410C534F75DFFFFC8
:10590000FFFFFFFF000000000000FFFFFFFFFFFFA1
:1059100000000000FFFFFFFF00000000FFFFFFFF8F
:10592000000000000000FFFF00000000FFFFFFFF7D
:10593000FFFFFFFF000000000000FFFFFFFFFFFF71
:10594000FFFF00000000000000000000FFFFFFFF5D
:1059500000000000FFFFFFFF00000000000000004B
:1059600000000000FFFFFFFFFFFF00000000FFFF3F
:10597000FFFFFFFFFFFF0000FFFFFFFFFFFF000033
:10598000FFFFFFFFFFFFFFFF0000FFFFFFFFFFFF25
:10599000FFFF0000FFFFFFFFFFFF00000000FFFF11
:1059A000FFFFFFFFFFFFFFFFFFFF00000000FFFF03
:1059B000FFFF0000000000000000000000000000E9
:1059C00000000000000000000000000000000000D7
:1059D00000000000000000000000000000000000C7
:1059E00000000000000000006B50736E000000001B
:1059F0000000B4F4E5F9D598D578D577D598D5D801
:105A0000D5B8D5B8CD97C515B4B3AC93AC73B49332
:105A1000BCD3D595E617F678FFFFFFFF7269080043
:105A200049667B0CD5D6FFFFFFFFFFFFFF9DFF5DA3
:105A3000FF7DFF7DFF7DFF7DFF7DFF7DFF7DFF7D86
:105A4000FF7DFF7DFF7DFF7DFF7DFF7DFF7DFFBE35
:105A5000FFFF943100007B6F5208FF5CFF5CFF3C4E
:105A6000FF3BFF9DDE17E657FF1BD5B6BD1383F046
:105A700000000000000000000000ACD3AC92C51490
:105A8000E618FF3CBCF3FFDFFFFFFFFFFFFFFFFF58
:105A9000FFFFFFFFFFFF000000000000FFFFFFFF10
:105AA000FFFFFFFFFFFFFFFFFFFFFFFFFFFFFFFF06
:105AB000000000000000FFFFFFFFFFFFFFFFFFFFF0
:105AC000FFFFFFFFFFFF00000000000000000000DC
:105AD00000000000FFFFFFFFFFFFFFFFFFFFFFFFD2
:105AE0000000000000000000000000000000FFFFB8
:105AF000FFFFFFFFFFFFFFFFFFFF000000000000B0
:105B00000000FFFFFFFFFFFFFFFFFFFFFFFFFFFFA3
:105B1000FFFFFFFFFFFFFFFF000000000000FFFF8F
:105B2000FFFFFFFFFFFFFFFFFFFF00000000FFFF81
:105B3000FFFFFFFFFFFFFFFFFFFF0000000000006F
:105B40000000000000000000000000000000000055
:105B50000000000000000000000000000000000045
:105B60000000000000000000000000000000000035
:105B700000000000000000008410B4F5E61AD5779C
:105B8000D598D597CD97D597D577CD97CD97CD98F3
:105B9000CD98D5B8D5B8CD77BCD4B493BCF5B49373
:105BA000BCD3EE58FFFFB451490539050000520936
:105BB000BD34FF3CFFFFFFFFFFFFFF9DFF7CFF7D2C
:105BC000FF7DFF7CFF7DFF7DFF7DFF7DFF7DFF7DF6
:105BD000FF7DFF7CFF9DFFFF9CD38410CD35A4107B
:105BE000BCF3EEDAFF9CFF5CFF5CFF5CF73CE67801
:105BF000FFDEC534C5138C1000000000000000005B
:105C0000B513D596F679F679E618F659AC71000019
:105C10000000000000000000000000000000000084
:105C20000000000000000000000000000000000074
:105C30000000000000000000000000000000000064
:105C40000000000000000000000000000000000054
:105C50000000000000000000000000000000000044
:105C60000000000000000000000000000000000034
:105C70000000000000000000000000000000000024
:105C80000000000000000000000000000000000014
:105C90000000000000000000000000000000000004
:105CA00000000000000000000000000000000000F4
:105CB00000000000000000000000000000000000E4
:105CC00000000000000000000000000000000000D4
:105CD00000000000000000000000000000000000C4
:105CE00000000000000000000000000000000000B4
:105CF00000000000000000000000000000000000A4
:105D00008410A452DDF9CD97D597D597D597CD9826
:105D1000CD98C597C598CD98CD98CD77CD77CD77CF
:105D2000CD97CD98D598C536AC53A3F1B4D3DDD774
:105D300082EB30A310010000000020626A8BBD34AA
:105D4000FF5CFFFFFFFFFFFFFF7DFF7CFF7DFF7D0F
:105D5000FF7DFF7DFF7DFF7DFF5CFF7CFFFFBD754D
:105D60008C71CD96DD75D5B5F6DADE17FF9DFF5C3B
:105D7000FF5CFF5CFF9DE69AFF3CD5F7A450BD5544
:105D80000000000000000000BCF4F699E618DDF702
:105D9000FEDAC4D272EC0000000000000000000037
:105DA00000000000000000000000000000000000F3
:105DB00000000000000000000000000000000000E3
:105DC00000000000000000000000000000000000D3
:105DD00000000000000000000000000000000000C3
:105DE00000000000000000000000000000000000B3
:105DF00000000000000000000000000000000000A3
:105E00000000000000000000000000000000000092
:105E10000000000000000000000000000000000082
:105E20000000000000000000000000000000000072
:105E30000000000000000000000000000000000062
:105E40000000000000000000000000000000000052
:105E50000000000000000000000000000000000042
:105E60000000000000000000000000000000000032
:105E70000000000000000000000000000000000022
:105E80000000000000000000AC93C515D5B8D59700
:105E9000D597D597D598D597CD97CD77CD77CD9701
:105EA000CD97CD57CD57CD57CD56CD57CD57CD5793
:105EB000D598DDB9BCD5A452B4B47B0E49671001A6
:105EC0001842182100000000288372CBCDB6F6FBE3
:105ED000FFFFFFFFFFDEFF7DFF7DFF7CFF5CFF5CC0
:105EE000FF7CFFFFCDF78C10C556DD96E5F6F6FA80
:105EF000FF3BD5F6F71BFF5CFF5CFF5CFF5CF71C0C
:105F0000D637DE58A430A4920000000000009C7236
:105F1000C555F699DDF7FEBAEE38838D0000000016
:105F20000000000000000000000000000000000071
:105F30000000000000000000000000000000000061
:105F40000000000000000000000000000000000051
:105F50000000000000000000000000000000000041
:105F60000000000000000000000000000000000031
:105F70000000000000000000000000000000000021
:105F80000000000000000000000000000000000011
:105F90000000000000000000000000000000000001
:105FA00000000000000000000000000000000000F1
:105FB00000000000000000000000000000000000E1
:105FC00000000000000000000000000000000000D1
:105FD00000000000000000000000000000000000C1
:105FE00000000000000000000000000000000000B1
:105FF00000000000000000000000000000000000A1
:1060000000000000000000000000000000009C7381
:10601000A432E5F9D577D597CD97CD97CD97CD9784
:10602000CD97CD97CD96CD97CD77C556BD15BD15DE
:10603000C515C515C536CD36CD56C536CD57CDB8E7
:10604000CD97E61AD5976A6A180130E4516628633D
:1060500008000000100149A7838EBD35DE99FF7C42
:10606000FFFFFFFFFFFEFFFFFFDEC5759C920000F4
:10607000C534FE99C513F6B9FF9DD5F7DE38FFBDCF
:10608000FF5CFF5CFF3CFF7DDE78F6DAB492628A4B
:106090000000000000009C31E679EE99FEDBD5752A
:1060A0005A0900000000000000000000000000008D
:1060B00000000000000000000000000000000000E0
:1060C00000000000000000000000000000000000D0
:1060D00000000000000000000000000000000000C0
:1060E00000000000000000000000000000000000B0
:1060F00000000000000000000000000000000000A0
:10610000000000000000000000000000000000008F
:10611000000000000000000000000000000000007F
:10612000000000000000000000000000000000006F
:10613000000000000000000000000000000000005F
:10614000000000000000000000000000000000004F
:10615000000000000000000000000000000000003F
:10616000000000000000000000000000000000002F
:10617000000000000000000000000000000000001F
:10618000000000000000000000000000000000000F
:106190000000000000009BF1DDB8CD97CD97CD97B2
:1061A000CD77CD97CD98CD97CD77CD97CD97CD970E
:1061B000CD77C536BD15C4F5BCF5BCF4BCF4BD1532
:1061C000C515C515C515C516C515BCF4CD76EE1992
:1061D000830D100130E438C51821000041A80000EB
:1061E00000007B8EAD13C575BD34CDB7E679CD9675
:1061F0008B8E8C1000000000CD75E5D6D595FF3B49
:10620000FF9DE679DE58FF9DFF5CFF3CFF3CFF5C95
:10621000F71BFF5C9C51734D00000000B514B4F4F3
:10622000FF1CD5D7B472626A0000000000000000B5
:10623000000000000000000000000000000000005E
:10624000000000000000000000000000000000004E
:1062500000000000FFFFFFFFFFFFFFFFFFFFFFFF4A
:10626000000000000000000000000000000000002E
:10627000000000000000000000000000000000001E
:10628000000000000000000000000000000000000E
:10629000000000000000000000000000FFFFFFFF02
:1062A000FFFFFFFFFFFFFFFF0000000000000000F6
:1062B00000000000000000000000000000000000DE
:1062C00000000000000000000000000000000000CE
:1062D00000000000000000000000000000000000BE
:1062E00000000000000000000000000000000000AE
:1062F000000000000000000000000000000000009E
:10630000000000000000000000000000000000008D
:10631000000000000000000000000000A493BCF595
:10632000D5D9CD98CD98CD98CD97CD97CD97CD9700
:10633000CD97CD97CD97CD97CD77C536C516C4F5FA
:10634000C515C514C514C514BCF4BCF5BD14BCF505
:10635000BCF5C514BD14C535E63972AB00000800A4
:1063600018824186C55700000000000000000000B0
:10637000ACB29411ACF483F094B2000000000000C1
:10638000BD346229D5F7FFFFFF7DEEDAD658FF7DD9
:10639000F73CFF3CFF3CF73CFF7DF73BACD3738EF3
:1063A000000000009450CDB6EEBADDF7A4307B2D8E
:1063B00000000000000000000000000000000000DD
:1063C00000000000000000000000000000000000CD
:1063D00000000000000000000000FFFFFFFFFFFFC3
:1063E000FFFF0000FFFFFFFF0000000000000000B3
:1063F000000000000000000000000000000000009D
:10640000000000000000000000000000000000008C
:10641000000000000000000000000000000000007C
:1064200000000000FFFFFFFF00000000FFFFFFFF74
:10643000000000000000000000000000000000005C
:10644000000000000000000000000000000000004C
:10645000000000000000000000000000000000003C
:10646000000000000000000000000000000000002C
:10647000000000000000000000000000000000001C
:10648000000000000000000000000000000000000C
:1064900000000000000000000000000000000000FC
:1064A0000000AD759C11DE19C577CD77CD97CD97DE
:1064B000CD97CD77CD96CD96CD97CD97CD97CD571E
:1064C000C516BCF5BCF5BCF5BCF4BCF4BCF4BCF41E
:1064D000BCF4BCF4BCF4BCF4C514C4F5C515BCF4E0
:1064E000C535DDF8834E0000832DBD35000000006A
:1064F000000000000000000000000000000000009C
:1065000000000000000000006AEB8B6EEE9AFFBEF8
:10651000FFFECDB6ACD3FFDEF73CF73CF75CF75C93
:10652000F73CF73BFF7D83EF7B8E0000AC92EE9A49
:10653000E638FF1ACD75941100000000000000003D
:10654000000000000000000000000000000000004B
:10655000000000000000000000000000000000003B
:106560000000FFFFFFFF000000000000FFFFFFFF33
:10657000000000000000000000000000000000001B
:10658000000000000000000000000000000000000B
:1065900000000000000000000000000000000000FB
:1065A000000000000000000000000000FFFFFFFFEF
:1065B00000000000FFFFFFFF0000000000000000DF
:1065C00000000000000000000000000000000000CB
:1065D00000000000000000000000000000000000BB
:1065E00000000000000000000000000000000000AB
:1065F000000000000000000000000000000000009B
:10660000000000000000000000000000000000008A
:10661000000000000000000000000000000000007A
:10662000000000000000000000009C31CD56CDB7F6
:10663000CD97CD97CD97CD97CD97CD97CD97CD973A
:10664000CD77C556C516C4F6C516C536C556C5762A
:10665000C556C515C516C535C535C515C515C4F509
:10666000BD15C514C515C515BCF4C515E5F9BCD4D3
:10667000728B8BF0000000000000000000000000A2
:106680000000000000000000000072AB730C9C10C2
:10669000C514D5B6FF9DFF5CFFFF8BAE8B8EFFFF51
:1066A000F73CF75CE6DAEF1BF75CF75CFF7DDE5941
:1066B0007B0D8BAFDE18FF1BEE99FF1BC55500004D
:1066C0008C0FA451C575C5B6000000000000000085
:1066D00000000000000000000000000000000000BA
:1066E00000000000000000000000FFFFFFFF0000AE
:1066F00000000000FFFFFFFFFFFFFFFFFFFFFFFFA6
:10670000FFFFFFFFFFFFFFFFFFFFFFFF0000000095
:10671000FFFFFFFFFFFFFFFFFFFFFFFF0000000085
:1067200000000000FFFFFFFFFFFFFFFFFFFFFFFF75
:1067300000000000FFFFFFFF00000000FFFFFFFF61
:10674000FFFFFFFFFFFFFFFFFFFFFFFFFFFFFFFF59
:10675000FFFF00000000000000000000000000003B
:106760000000000000000000000000000000000029
:106770000000000000000000000000000000000019
:106780000000000000000000000000000000000009
:1067900000000000000000000000000000000000F9
:1067A00000000000000000000000000000000000E9
:1067B0009C72AC73DDF9CD77CD97CD97CD97CD9702
:1067C000CD77CD97CD97CD77C576CD56C557CD77BB
:1067D000CD97CDB7CDB8CDB8CDB8CD97CD97CD9716
:1067E000CD97CD97CD77CD77C535BD14C515C4F5FB
:1067F000C4F5C4F4C4F4DDB8B4535A09526A0000B5
:106800000000000000000000000000000000000088
:1068100000009C10EE38FF5CCD75D5F7FFBEFF3C45
:10682000FFFEA410A491FFFFEF3CF75CE6BADE3850
:10683000F75CF73CFF5CFF7CC595728B93CFD5D698
:10684000C554DDF78B8E72CBC555E658F6DAD5D731
:10685000ACD30000000000000000000000000000B9
:106860000000000000000000000000000000000028
:10687000FFFFFFFF000000000000FFFFFFFFFFFF22
:10688000FFFF00000000FFFFFFFFFFFF0000000010
:10689000FFFFFFFFFFFFFFFFFFFFFFFF0000000004
:1068A000FFFFFFFFFFFF00000000FFFFFFFFFFFFF4
:1068B00000000000FFFFFFFFFFFFFFFFFFFFFFFFE4
:1068C00000000000FFFFFFFFFFFF00000000FFFFD0
:1068D000FFFF00000000FFFFFFFF000000000000BE
:1068E00000000000000000000000000000000000A8
:1068F0000000000000000000000000000000000098
:106900000000000000000000000000000000000087
:106910000000000000000000000000000000000077
:106920000000000000000000000000000000000067
:1069300000000000000084108BAFDDF9CD97CD97EB
:10694000CD97CD77CD77CD97CDB7CDB7CD97CD9727
:10695000CD97CDB7CDB7CD97CD97CD97CD98C597DE
:10696000CD97CD97CD97CD97CD97CD97CD77CD7648
:10697000C536BCF5C4F5C4F5C4F5C4F5C4F5C4D535
:10698000D577CD1672AC41C70000000000000000B2
:1069900000000000000000000000AC92D576C51495
:1069A000C534FF9DFF5CFF5CFF3CB492DE58FF9D49
:1069B000F73CF73CFF5CDDF7DE79FF9DF71BFF9DA1
:1069C000E679C5348B8EB4F3FF3CE679DE18C55505
:1069D000C534C554EE99D5D6A4B20000000000001D
:1069E00000000000000000000000000000000000A7
:1069F00000000000000000000000FFFF0000000099
:106A00000000FFFFFFFFFFFFFFFF00000000FFFF90
:106A1000FFFFFFFF00000000FFFFFFFFFFFFFFFF82
:106A200000000000000000000000FFFFFFFFFFFF6C
:106A3000FFFFFFFFFFFF000000000000000000005C
:106A4000FFFFFFFFFFFFFFFF00000000FFFFFFFF52
:106A5000FFFF00000000FFFFFFFF00000000FFFF3E
:106A6000FFFF000000000000000000000000000028
:106A70000000000000000000000000000000000016
:106A80000000000000000000000000000000000006
:106A900000000000000000000000000000000000F6
:106AA00000000000000000000000000000000000E6
:106AB00000000000000000000000000000009C3109
:106AC000BCD4D5D8CD77CD77CD77CD77C576CD97DA
:106AD000CD97CD97CD97CD77CD77CD77CD97CD97F6
:106AE000CD97CD97CD98CD97CD77CD97CD97CD97A5
:106AF000CD97CD97CD97CD77C556C4F5C4D5C4F500
:106B0000C4F5C4F5C4F5C4D5BCD5C536D5989390A5
:106B10005A09736E00000000000000000000000031
:106B20000000F8005A4A9C0FFF5CFF7DF73CF75CC1
:106B3000E658AC71EF3CF75CF73CF73CF73CEEBA3B
:106B4000D5F7F73CF73CFF5CEEFAD618EEFBBD1428
:106B5000D638FFDEFFFFDE589C10D5F7E679D5D694
:106B60009430000000000000000000000000000061
:106B70000000000000000000000000000000000015
:106B80000000FFFFFFFF00000000FFFFFFFF00000D
:106B9000FFFF00000000FFFFFFFFFFFF00000000FD
:106BA000FFFFFFFFFFFFFFFF0000000000000000ED
:106BB00000000000FFFFFFFFFFFFFFFF00000000DD
:106BC00000000000000000000000FFFFFFFFFFFFCB
:106BD00000000000FFFFFFFFFFFF00000000FFFFBD
:106BE000FFFF00000000FFFFFFFF000000000000AB
:106BF0000000000000000000000000000000000095
:106C00000000000000000000000000000000000084
:106C10000000000000000000000000000000000074
:106C20000000000000000000000000000000000064
:106C30000000000000000000000000000000000054
:106C4000000000009C5193B0D5B8C577CD77CD77C3
:106C5000CD77CD77CD77CD97CD77CD97CD97CD9794
:106C6000CD97CD97CD97CD97CD97CD97CD97CD9704
:106C7000CD97CD97CD97CD97CD97CD97CD97CDB8D3
:106C8000CDD8C515C4D5C4F5C4F5C4F5C4F5C4F54F
:106C9000BCF5B4F4B4F5D598C4F57B2E6AED0000CC
:106CA000000000000000000000000000C596EEFAA1
:106CB000FF7CEF1BF73CF73CDDF7D5D6FF9DF73B9C
:106CC000F73CF73CF73BFF3CDE18DE58FF7CFF7CCF
:106CD000E699CDB6E6BAEEFB8BCEE6B9FFBDDE583F
:106CE000B4F3E699EEB9C555730E0000000000003C
:106CF0000000000000000000000000000000000094
:106D00000000000000000000FFFFFFFFFFFF000089
:106D100000000000FFFFFFFFFFFF00000000FFFF7B
:106D2000FFFFFFFF00000000FFFFFFFFFFFF00006D
:106D30000000FFFFFFFFFFFF00000000FFFFFFFF5D
:106D4000FFFFFFFF00000000FFFFFFFFFFFF00004D
:106D50000000FFFFFFFFFFFF00000000FFFFFFFF3D
:106D6000FFFF00000000FFFFFFFF00000000FFFF2B
:106D7000FFFF000000000000000000000000000015
:106D80000000000000000000000000000000000003
:106D900000000000000000000000000000000000F3
:106DA00000000000000000000000000000000000E3
:106DB00000000000000000000000000000000000D3
:106DC0000000000000000000000000008B8FC536AE
:106DD000C516C536CD77CD77CD57CD77CD97CD9725
:106DE000CD97CD97CD97CD97CD97CD97CD97CD9783
:106DF000CD97CD97CD97CD97CD97CD97CD97CD9773
:106E0000CD97CD97CD97C577CD77C515BCF5C4F592
:106E1000C4F5C4F5C4F5C4F5BD15BCF5BCF5BCF5A9
:106E2000C516CD379BF15A4A6208000000000000E9
:106E300000000000F77EF6FBF71BF73BF75CFF5CFA
:106E4000D5D6D5D6FF9DF73CF73CF73CF73CF73C51
:106E5000EE99E678FF5CF71BE679CD96CDD6E699FC
:106E6000DE58CDB5FFFED617AC51E658F6DA940FD2
:106E70009CD30000000000000000000000000000A3
:106E80000000000000000000000000000000000002
:106E9000FFFFFFFFFFFFFFFF00000000FFFFFFFFFE
:106EA000FFFFFFFF0000FFFFFFFFFFFF00000000EC
:106EB000FFFFFFFFFFFF00000000FFFFFFFFFFFFDE
:106EC00000000000FFFFFFFFFFFFFFFF00000000CA
:106ED000FFFFFFFFFFFF00000000FFFFFFFFFFFFBE
:106EE00000000000FFFFFFFFFFFF00000000FFFFAA
:106EF000FFFF00000000FFFFFFFF00000000000098
:106F00000000000000000000000000000000000081
:106F10000000000000000000000000000000000071
:106F20000000000000000000000000000000000061
:106F30000000000000000000000000000000000051
:106F40000000000000000000000000000000000041
:106F500000008BF09BF1CD97C515C516C556CD77B2
:106F6000CD77CD77CD77CD77CD97CD97CD97CD9781
:106F7000CD77CD77CD77CD77CD97CD97CD97CD9771
:106F8000CD97CD77C577CD77C556C556C556C516AD
:106F9000C516C516C516C516C536CD36C536C53592
:106FA000C515BCD4BCB4C515CD36BCD5CD57BCD5E4
:106FB000836E7B4E0000000000000000C5D7EEDBB2
:106FC000FF5CF73BF73CFF7DC555D5F7FF9DF73CD0
:106FD000F73CF73BF75CEF1BE699F6FAFF5CE679C6
:106FE000E679F71BDE38B513FFBEDE38DE78E6BA89
:106FF0008B2DAC92EE999C51838E00000000000016
:107000000000000000000000000000000000000080
:107010000000000000000000FFFFFFFF0000000074
:1070200000000000FFFFFFFFFFFFFFFF0000000068
:10703000FFFFFFFF0000FFFFFFFFFFFFFFFF00005C
:107040000000FFFFFFFF000000000000FFFFFFFF48
:10705000FFFFFFFF00000000FFFF00000000000036
:107060000000FFFFFFFFFFFF00000000FFFFFFFF2A
:10707000FFFF000000000000000000000000FFFF14
:10708000FFFF000000000000000000000000000002
:1070900000000000000000000000000000000000F0
:1070A00000000000000000000000000000000000E0
:1070B00000000000000000000000000000000000D0
:1070C00000000000000000000000000000000000C0
:1070D000000000000000000000008B8FCD77C53657
:1070E000C536C536C536C556CD77CD77CD77CD7784
:1070F000CD77C576CD77CD77CD77CD77CD77CD7779
:10710000CD97CD97CD97CD77CD77CD77C556C53671
:10711000C536BD15BCF5BCD5BCD5BCD4B4B4B4948F
:10712000B493B473AC53A432AC32AC328B0D82ED59
:10713000936F8B6F8B6F9BB09BD1728C830E84107F
:1071400000000000AD75DEBAFF9DF73BFFBDCDF737
:10715000728AF6FBF77CF73CF73BF71BF71BF71B34
:10716000EEBAEEDAFF5CDE78DE58F73BEEDACDB64B
:10717000F71BF73BBD34D5D772ABAC92E679BD14A3
:10718000BD148C3000000000000000000000000072
:1071900000000000000000000000000000000000EF
:1071A000FFFFFFFF000000000000FFFFFFFFFFFFE9
:1071B000FFFFFFFF00000000000000000000FFFFD5
:1071C000FFFFFFFFFFFF00000000FFFFFFFF0000C9
:1071D0000000FFFFFFFFFFFFFFFFFFFF00000000B9
:1071E000FFFF000000000000FFFFFFFFFFFFFFFFA9
:1071F00000000000FFFFFFFFFFFF00000000000095
:10720000000000000000FFFFFFFF00000000000082
:10721000000000000000000000000000000000006E
:10722000000000000000000000000000000000005E
:10723000000000000000000000000000000000004E
:10724000000000000000000000000000000000003E
:10725000000000000000000000000000000000002E
:107260009411B493D597CD57CD57CD57C556C55624
:10727000C556CD77CD77CD77CD77CD77CD57CD5757
:10728000CD77CD97D598D598CD97C577BD15BCD47A
:10729000B4B3B493B473AC53AC53AC53AC53AC531E
:1072A000AC52AC32AC32AC52AC52B452B493B4B374
:1072B000BCD4C536B4B4A432A432AC73B4B4B4D51F
:1072C000AC93AC53A3D193D05249ACD40000D6793F
:1072D000FFBDFFDEFFFFDE79ACF3FFFFFFDDFF9CAC
:1072E000F75BF71BF71BF71BF73BF71AFF5CE67919
:1072F000DE38F71BFF5CF6FBE699FF9DDE58BCF419
:107300007ACBC534DDD7BD14EE9A8BF000000000B7
:10731000000000000000000000000000000000006D
:107320000000000000000000FFFFFFFF0000000061
:10733000FFFFFFFFFFFF00000000FFFFFFFFFFFF59
:1073400000000000FFFFFFFFFFFFFFFFFFFF000047
:107350000000FFFFFFFF0000FFFFFFFFFFFF000037
:10736000FFFFFFFF00000000FFFF00000000FFFF25
:10737000FFFFFFFFFFFFFFFF00000000FFFFFFFF19
:10738000FFFFFFFF00000000000000000000FFFF03
:10739000FFFF0000000000000000000000000000EF
:1073A00000000000000000000000000000000000DD
:1073B00000000000000000000000000000000000CD
:1073C00000000000000000000000000000000000BD
:1073D00000000000000000000000000000000000AD
:1073E000000000000000FFFF7B2DBCB4BCD5B494AE
:1073F000B4B4B4B4B4B4B4D4BCF5C536CD97CD9759
:10740000CD97D598CDB8CD97C556B4F4A452A41253
:107410009390936F9BD1B473B494B494B4B4BCB44C
:10742000BCD5BCF5BCF5C516C515C515C516C53604
:10743000C556C556C556C536C536C536C556C536F4
:10744000C536C516BD35C536C556CD97CDB8D5D8C8
:10745000AC736A6BA452C5B7FF7DD5F7BD35CDB609
:10746000DE38CDD6DE37E6B9FF5CFFFEFFBDF73B69
:10747000F71BF71BF73CE6B9DE37F71BFF5CE69915
:10748000DE18F75CE6DADDD69BCFB492CDB6F6BA5D
:10749000B4F39CD3000000000000000000000000D6
:1074A00000000000000000000000000000000000DC
:1074B000FFFFFFFFFFFFFFFFFFFFFFFF00000000D8
:1074C00000000000FFFFFFFFFFFFFFFFFFFFFFFFC8
:1074D0000000FFFFFFFF00000000FFFFFFFFFFFFB6
:1074E000FFFFFFFF00000000FFFFFFFF00000000A4
:1074F000FFFFFFFFFFFFFFFFFFFF0000FFFFFFFF9A
:10750000FFFFFFFFFFFFFFFFFFFFFFFFFFFF000089
:10751000FFFF00000000FFFFFFFF00000000000071
:10752000000000000000000000000000000000005B
:10753000000000000000000000000000000000004B
:10754000000000000000000000000000000000003B
:10755000000000000000000000000000000000002B
:10756000000000000000000000000000000000001B
:1075700093AFBC94AC53BCF5B4B4B4B4B494B4738A
:10758000B493A4129BD1A432AC32A432A411A4317E
:1075900093B07B0D832E93909BF0AC32B4B3C515A2
:1075A000CD36C536C515C515C516C515C4F5C4F502
:1075B000C4F5BCF5BD15BD15C515C536C536C556D2
:1075C000C577C557C536C536C516C515C515C51405
:1075D000BCF5B516B4F5BCF5CD97C536AC93A43261
:1075E0008B0D82AC82CC932E9B4E9B2FA350A3B0CD
:1075F000AC31BD13DE37FF7CFFFEFF5CF73BE6BA24
:10760000DE58F71BF73CEEBAD617EF3BEF3BF6FA26
:10761000BCF393CFC575F6DA72AB5AAB000000002D
:10762000000000000000000000000000000000005A
:10763000000000000000000000000000000000004A
:10764000000000000000000000000000000000003A
:1076500000000000000000000000FFFFFFFF00002E
:107660000000FFFFFFFF000000000000000000001E
:10767000FFFFFFFF00000000FFFF00000000000010
:1076800000000000000000000000000000000000FA
:10769000FFFFFFFFFFFFFFFFFFFF00000000FFFFF6
:1076A000FFFF0000000000000000000000000000DC
:1076B00000000000000000000000000000000000CA
:1076C00000000000000000000000000000000000BA
:1076D00000000000000000000000000000000000AA
:1076E000000000000000000000000000000000009A
:1076F000000000000000000094118B0E9BD1D5B853
:10770000C536C536C536C536C536BCD4AC52A4322E
:10771000A432AC52AC53B4B4BCD4C515D597D597EC
:10772000CD76CD56C536BD15BD15C515BD15C4F5EF
:10773000C4F5BCF5BD15BD15C516C536C556C5760F
:10774000C576CD97CD97CD98CD97C556C535C5157E
:10775000C515BCF5BD15BD16B516BD16BCF6BD15D7
:10776000C536C536CD57C51682ED934EB473AC11F0
:10777000B411B413B413B4129B6F930E9B70AC127C
:10778000C555F6FBFFFFF71BDE79F73BF75CDE79AB
:10779000CDF7F73BEF1BFF1BC53493CFE659BCB2C7
:1077A000AC3193CFA53100000000000000000000C4
:1077B00000000000000000000000000000000000C9
:1077C00000000000000000000000000000000000B9
:1077D00000000000000000000000000000000000A9
:1077E0000000FFFFFFFF00000000FFFFFFFF0000A1
:1077F0000000000000000000FFFFFFFF000000008D
:10780000FFFF00000000000000000000000000007A
:107810000000000000000000FFFFFFFF000000006C
:1078200000000000FFFFFFFFFFFF0000000000005E
:107830000000000000000000000000000000000048
:107840000000000000000000000000000000000038
:107850000000000000000000000000000000000028
:107860000000000000000000000000000000000018
:107870000000000000000000000000000000000008
:107880007B8E51E9D5B8C536C536C536BD36BD1572
:10789000BD15C536C556CD77CD77C557CD56C5363E
:1078A000C515C515C515BCF5BD15BD15C516C5361F
:1078B000BD15BD15C516C536C556CD77CD98CD9726
:1078C000CD97CDB7CD97CD97CDB7CD97C576C556CA
:1078D000C515C515BCF4BD14BCF5BCF5BD16BD166B
:1078E000BD16C516C536C516C516C516C4F5C535AB
:1078F000C5768B4E8B2EAC32A3F1ABF1AC12ABF153
:10790000A3D0B433BC55A3B2934E9BF0C555EEFB48
:10791000EF3BF73BF73BDE79D638F73CEEFBF75C05
:10792000D5F7E638BCD3B472EE79F699836E0000D1
:107930000000000000000000000000000000000047
:107940000000000000000000000000000000000037
:107950000000000000000000000000000000000027
:1079600000000000000000000000FFFFFFFFFFFF1D
:10797000FFFFFFFFFFFF000000000000000000000D
:10798000FFFFFFFFFFFFFFFFFFFF00000000000001
:1079900000000000000000000000000000000000E7
:1079A000FFFFFFFF00000000FFFFFFFFFFFFFFFFE3
:1079B00000000000000000000000000000000000C7
:1079C00000000000000000000000000000000000B7
:1079D00000000000000000000000000000000000A7
:1079E0000000000000000000000000000000000097
:1079F0000000000000000000000000000000000087
:107A000000000000000000004A098B90DE39BD55DF
:107A1000C556C577C556C556C536C536C536C536ED
:107A2000C536C536C536C515C515BD15BD15C51533
:107A3000C516C4F5BD15BD15C536C557CD97CDB80E
:107A4000CDD8CDD8CDB7CDB7CDB7CD97CD97CDB714
:107A5000CDB7C556BD15BCF4BCF5BCF5BD15BD15FF
:107A6000BD15BD16BD36C536C536C536BD36C5369F
:107A7000C516C516C515BD15C536C536832E936FFB
:107A8000AC11A3F0AC11ABF0ABD0B413AC14B47424
:107A9000C515B4939BAF9BF0BD34F77CFFDDEF1BA6
:107AA000EEFBEEFBEF1BF73CCDB69BEF8B6DDDD70E
:107AB000DDF7DDF79410000000000000000000007A
:107AC00000000000000000000000000000000000B6
:107AD00000000000000000000000000000000000A6
:107AE0000000000000000000000000000000000096
:107AF0000000000000000000000000000000000086
:107B00000000000000000000000000000000000075
:107B10000000000000000000000000000000000065
:107B20000000000000000000FFFFFFFFFFFFFFFF5D
:107B3000FFFFFFFFFFFF000000000000000000004B
:107B40000000000000000000000000000000000035
:107B50000000000000000000000000000000000025
:107B60000000000000000000000000000000000015
:107B70000000000000000000000000000000000005
:107B800000000000000000000000000000009C1148
:107B9000624ACD97C556C556CD77CD77CD77CD778F
:107BA000C556C536C536C536C536C536C516C5161D
:107BB000BD36BD15BD15C515C536C556CD77CD9796
:107BC000CD98CDB8CDB8CDB8CDB7CDB7CDB6CDB7B2
:107BD000CDB7CDB7CDB7C596C536BCF5B4F5BCF5B8
:107BE000BCF5B515BD15C515BD36C536C536C5368A
:107BF000C536C536BD56C536C536C536C536C53695
:107C0000BD15C536BCF58B4EA3D0AC11A3D0ABF0DF
:107C1000A3F0B413B434B474BCB4BCB4BCF5AC734A
:107C20009BB0AC51CDF7FFDEF75CE6DAF73CDE79CE
:107C3000C534A4108B8EC513EE38B492ACF200009C
:107C40000000000000000000000000000000000034
:107C50000000000000000000000000000000000024
:107C60000000000000000000000000000000000014
:107C70000000000000000000000000000000000004
:107C800000000000000000000000000000000000F4
:107C900000000000000000000000000000000000E4
:107CA00000000000000000000000000000000000D4
:107CB00000000000000000000000000000000000C4
:107CC00000000000000000000000000000000000B4
:107CD00000000000000000000000000000000000A4
:107CE0000000000000000000000000000000000094
:107CF0000000000000000000000000000000000084
:107D00000000000000000000000000000000000073
:107D1000000000000000941193D0AC73CD98C556BC
:107D2000CD77CD77CD77CD57C536C536C515BD15C1
:107D3000BD15BD15C536C536C536C556C577CD97F3
:107D4000CD98CDD8CDD8CDD8CDB8CDB7CDB7CDB7CE
:107D5000CDB6CDB7CD97C597C597C556BD36BD161F
:107D6000BCF5B516BD16BD15BD15C536C556C556EF
:107D7000C577CD97C577C577C577BD56BD55C55570
:107D8000C556C556BD36C536C536BD15C556AC73C8
:107D90008B0EAC11A3D0A3F0A3D0AC12B434B45466
:107DA000BCB4B4B3AC93B4B4BCF5A432938FB4D325
:107DB000EF1CFFBEF73CDE38B4F451E86249FEDA4E
:107DC000EE38ACB20000000000000000000000002F
:107DD00000000000000000000000000000000000A3
:107DE0000000000000000000000000000000000093
:107DF0000000000000000000000000000000000083
:107E00000000000000000000000000000000000072
:107E10000000000000000000000000000000000062
:107E20000000000000000000000000000000000052
:107E30000000000000000000000000000000000042
:107E40000000000000000000000000000000000032
:107E50000000000000000000000000000000000022
:107E60000000000000000000000000000000000012
:107E70000000000000000000000000000000000002
:107E800000000000000000000000000000000000F2
:107E90000000000000000000000000009411BD156B
:107EA000A47393D0D5D8CD77CD77CD77CD77C536A0
:107EB000BD36BD36C556C556C576C596CD97CD9748
:107EC000CDB8CDB8CDD8CDB8CDB8CDB7CDB7CDB76D
:107ED000CDB7CDB7CDB7CD97CD97C577C577C5779A
:107EE000C556BD16BCF6BCF6BD15BD16BCF6BD1616
:107EF000C556CD97CD97CD97CD97CD97CD97CD97AB
:107F0000CD97C577C556BD55C536C536BD36C536C0
:107F1000C536C536BD16C556936F932EAC32A3D069
:107F2000A3D0ABF1B434B434B493ACB3B4B3B4B3FE
:107F3000B4B3B4D4B4D49BD09BF0D618FFFFD658BA
:107F40007B8E0000A431EE38AC7100000000000010
:107F50000000000000000000000000000000000021
:107F60000000000000000000000000000000000011
:107F70000000000000000000000000000000000001
:107F800000000000000000000000000000000000F1
:107F900000000000000000000000000000000000E1
:107FA00000000000000000000000000000000000D1
:107FB00000000000000000000000000000000000C1
:107FC00000000000000000000000000000000000B1
:107FD00000000000000000000000000000000000A1
:107FE0000000000000000000000000000000000091
:107FF0000000000000000000000000000000000081
:108000000000000000000000000000000000000070
:108010000000000000000000000000000000000060
:10802000000000008BAFD5D8BD15AC73CD97CD77D0
:10803000CD77CD77CD77C556BD36C556CD97CDB763
:10804000CDB7CDB7CDB7CDB7CDB7CDB7CDB7CDB611
:10805000CDB6CDB6CDB6CDB7CD97CD97CD97CD77A3
:10806000C577C577C556C536BD16BD15B4F5BCF583
:10807000BD15C515C536CD77CD97CD97CD97CD9785
:10808000CD97CD97CD97CD97CD97CD97CD97C576F9
:10809000C556BD36C516C516C536C536C536C55610
:1080A000BCD482EDA3D1ABF1ABD0A3D0AC13B4342C
:1080B000AC74B4B3B4B3B4B3B4B3B4B3AC93B4F4B6
:1080C000A452936FC576DEDA000000009410836E30
:1080D00000000000000000000000000000000000A0
:1080E0000000000000000000000000000000000090
:1080F0000000000000000000000000000000000080
:10810000000000000000000000000000000000006F
:10811000000000000000000000000000000000005F
:10812000000000000000000000000000000000004F
:10813000000000000000000000000000000000003F
:10814000000000000000000000000000000000002F
:10815000000000000000000000000000000000001F
:10816000000000000000000000000000000000000F
:1081700000000000000000000000000000000000FF
:1081800000000000000000000000000000000000EF
:1081900000000000000000000000000000000000DF
:1081A00000000000000000000000AD7593F0DE1A32
:1081B000AC73B4B4CD97CD77CD77C577C556C556DA
:1081C000CD77CD97CD97CDB7C5B7C5B7CDB6CDB720
:1081D000CDB7CDB6CDB7CDB7CDB7CDB7CD97CD97C0
:1081E000CD77C577C577C577C577C556C515C4F4AE
:1081F000BD15BD15BCF5BD15C536CD57CD97CD9771
:10820000CD97CD97CD97CD97CD97CD97CD97CD974E
:10821000CD97CD97CD97C597C577C556C536BD3691
:10822000C536C516BD36BD36C5769BF08AEEB4336D
:10823000A3D0A3D0AC12B434B454B4B3B4B3B4B375
:10824000B4B3ACB3B494AC94B4B4B4949BB09C1039
:10825000AD750000000000000000000000000000FC
:10826000000000000000000000000000000000000E
:1082700000000000000000000000000000000000FE
:1082800000000000000000000000000000000000EE
:1082900000000000000000000000000000000000DE
:1082A00000000000000000000000000000000000CE
:1082B00000000000000000000000000000000000BE
:1082C00000000000000000000000000000000000AE
:1082D000000000000000000000000000000000009E
:1082E000000000000000000000000000000000008E
:1082F000000000000000000000000000000000007E
:10830000000000000000000000000000000000006D
:10831000000000000000000000000000000000005D
:10832000000000000000000000000000000000004D
:108330000000838EACB3C5569BD1CD97CD77C57762
:10834000C577C556BD35C556CD97CD97CD97C5B622
:10835000CDB7CDB7CD97CD97CD97CD97CD98CD98BB
:10836000CDB7CDB7CD97CD77C577C577C556C556AF
:10837000BD36C516BCF5BD14C515C515C536C556E3
:10838000CD97CDB7CD97CD97CD97CD97CD97CD97AD
:10839000CD97CD97CD97CD97CD97C597C577C597F5
:1083A000C577C577C577C556C536BD36BD36BD362A
:1083B000BD36BD358B2E9B70B432A3D0B413B4340C
:1083C000B454B4B3ACB3B4B3B4B3B494B494B47459
:1083D000AC74AC94BCF5A3F1834E84100000000093
:1083E000000000000000000000000000000000008D
:1083F000000000000000000000000000000000007D
:10840000000000000000000000000000000000006C
:10841000000000000000000000000000000000005C
:10842000000000000000000000000000000000004C
:10843000000000000000000000000000000000003C
:10844000000000000000000000000000000000002C
:10845000000000000000000000000000000000001C
:10846000000000000000000000000000000000000C
:1084700000000000000000000000000000000000FC
:1084800000000000000000000000000000000000EC
:1084900000000000000000000000000000000000DC
:1084A00000000000000000000000000000000000CC
:1084B0000000000000000000000083AFD5F89C1110
:1084C0009C11D5F9C577C556BD36C536BD56BD36E6
:1084D000C556CD97CD97CD96CD97CD97CDB7CD97A6
:1084E000CD77CD97CD97CDB6CDB6CD97CD77CD778E
:1084F000C577C556C536C536BD15BD15BD15BD15E7
:10850000C515C536C577CD97CD97CD97CD97CD9766
:10851000CD97CD97CD97CD97CD97CD97CD97CD775B
:10852000C596BD96C597C577C576C576C576C57619
:10853000C536BD36BD36BD36BD36C556B47382AD03
:10854000ABF1ABF1AC13B434B434B4B3B4B4AC9455
:10855000B493B474B494B493B493ACB3AC93BCD5A7
:10856000BCB4936F8BB0000000000000000000005E
:1085700000000000000000000000000000000000FB
:1085800000000000000000000000000000000000EB
:1085900000000000000000000000000000000000DB
:1085A00000000000000000000000000000000000CB
:1085B00000000000000000000000000000000000BB
:1085C00000000000000000000000000000000000AB
:1085D000000000000000000000000000000000009B
:1085E000000000000000000000000000000000008B
:1085F000000000000000000000000000000000007B
:10860000000000000000000000000000000000006A
:10861000000000000000000000000000000000005A
:10862000000000000000000000000000000000004A
:10863000000000000000000000000000000000003A
:10864000B4D39411DE1993B0B4D4C597C556BD36D2
:10865000C555BD56BD56BD56C556CD77CD97CD97A0
:10866000CD97CDB7CDB7CD97CD96CDB7CDB7CD976B
:10867000CD77CD77CD77C556C556BD36C536C5360F
:10868000C536C536BD15BD15C536CD97CDB7CD9709
:10869000CD97CD97CD97CD97CD97CD97CD97CD97BA
:1086A000CD97CD97CD97CD97C596C597C597C576EC
:1086B000C576C556C556C575C556BD36BD36BD361B
:1086C000BD36BD36C5369B7082CEB432AC12B41303
:1086D000B434AC94AC94B493B474AC94ACB3ACB3C5
:1086E000ACB3AC94B494B473B494BCF5A4127B0D45
:1086F000000000000000000000000000000000007A
:108700000000000000000000000000000000000069
:108710000000000000000000000000000000000059
:108720000000000000000000000000000000000049
:108730000000000000000000000000000000000039
:108740000000000000000000000000000000000029
:108750000000000000000000000000000000000019
:108760000000000000000000000000000000000009
:1087700000000000000000000000000000000000F9
:1087800000000000000000000000000000000000E9
:1087900000000000000000000000000000000000D9
:1087A00000000000000000000000000000000000C9
:1087B00000000000000000000000000000000000B9
:1087C000000000000000000093D0B4F5B4F493AFB3
:1087D000CDB7C556C556C556C556C556BD56C55660
:1087E000C556C576CD97CD97CD97CD97CD97CD97DB
:1087F000CD97CD97CD97CD77C577C557C556BD5683
:10880000BD36C536C536C536C536C536C516C57678
:10881000CD97CD97CD97CD97CD97CD97CD97CD9738
:10882000CD97CD97CD97CD97CD97CD97CD97CD9728
:10883000C577BD77C576C577C557C556C576BD56CC
:10884000C556BD36BD16BD15BD15BD15BD15BCB58E
:108850008AEE9B70B433B413B433AC94AC74B47478
:10886000B494B4B4B4B3B493AC94AC94B494B473BB
:10887000AC73AC94BCF5AC52834E00000000000019
:1088800000000000000000000000000000000000E8
:1088900000000000000000000000000000000000D8
:1088A00000000000000000000000000000000000C8
:1088B00000000000000000000000000000000000B8
:1088C00000000000000000000000000000000000A8
:1088D0000000000000000000000000000000000098
:1088E0000000000000000000000000000000000088
:1088F0000000000000000000000000000000000078
:108900000000000000000000000000000000000067
:108910000000000000000000000000000000000057
:108920000000000000000000000000000000000047
:108930000000000000000000000000000000000037
:108940000000000000000000000000000000000027
:1089500093F0E65A9BF193D0D5F8BD56C556C5564F
:10896000C556C556C556C556C535C556CD97CD97BE
:10897000CD97CD97CD77CD97CD97C577C577C5578F
:10898000BD56BD56BD56C536C536C536C536C516E7
:10899000C516C536CD97CD97CD97CD77CD97CD97C9
:1089A000CD97CD97CD97CD97CD97CD97CD97CD97A7
:1089B000CD97CD97CD77C597C577C576C577C55780
:1089C000C576C576BD56BD56C536C536BD16B51578
:1089D000BD15BD15BD36C4F6A3918AEFB433B413EB
:1089E000B413AC93AC93B493B4B4B4B4AC94B474C3
:1089F000AC94AC94B494B474AC73B494B473BCD568
:108A0000B4B38B6E84100000000000000000000072
:108A10000000000000000000000000000000000056
:108A20000000000000000000000000000000000046
:108A30000000000000000000000000000000000036
:108A40000000000000000000000000000000000026
:108A50000000000000000000000000000000000016
:108A60000000000000000000000000000000000006
:108A700000000000000000000000000000000000F6
:108A800000000000000000000000000000000000E6
:108A900000000000000000000000000000000000D6
:108AA00000000000000000000000000000000000C6
:108AB00000000000000000000000000000000000B6
:108AC00000000000000000000000000000000000A6
:108AD00000000000000094319C11DE39834EA47325
:108AE000CD97C556C556C556C556C556C556C53586
:108AF000BD15C556CD77CD77CD77CD77CD77C576FA
:108B0000C576C577C557C556BD56BD56C535C5369C
:108B1000C536C536C516BD15C556CD97CD97CD976B
:108B2000CD97CD97CD97CD97CD97CD97CD97CD9725
:108B3000CD97CD97CD97CD97CD77CD77CD77C5779D
:108B4000C577C577C577C577C576C576C556BD5691
:108B5000C535C536BD36BD15BD15BD15BD15BCF534
:108B6000BC7493509350B413B413B494ACB3ACB37B
:108B7000AC93AC94AC94B494B494AC94B494B473F7
:108B8000AC73B474B454B453BCB4BCB4936F9BD141
:108B900000000000000000000000000000000000D5
:108BA00000000000000000000000000000000000C5
:108BB00000000000000000000000000000000000B5
:108BC00000000000000000000000000000000000A5
:108BD0000000000000000000000000000000000095
:108BE0000000000000000000000000000000000085
:108BF0000000000000000000000000000000000075
:108C00000000000000000000000000000000000064
:108C10000000000000000000000000000000000054
:108C20000000000000000000000000000000000044
:108C30000000000000000000000000000000000034
:108C40000000000000000000000000000000000024
:108C5000000000000000000000000000000093F091
:108C6000C536AC937AEDCDB7C556C556C556C55673
:108C7000C556C556C556BD35BD35C556C577CD7724
:108C8000CD77C577C577BD76BD56BD56C556C55699
:108C9000C556C556C536C516C536BD36C536C576A4
:108CA000CD97CD97CD97CD97CD97CD97CD97CD97A4
:108CB000CD97CD97CD97CD97CD97CD77CD77CD77F4
:108CC000CD77CD77C577C577C577C577C577C576B5
:108CD000C577C577C577C576C536C536BD56BD15CA
:108CE000B4F5BD15BD15BD15B4B4B4948B4FA391A7
:108CF000B433B4B3ACB4AC94AC74B474B494B494AE
:108D0000B494B493B474B433AC33B453AC33B41438
:108D1000B414B454AC32930E93D0000000000000A1
:108D20000000000000000000000000000000000043
:108D30000000000000000000000000000000000033
:108D40000000000000000000000000000000000023
:108D50000000000000000000000000000000000013
:108D60000000000000000000000000000000000003
:108D700000000000000000000000000000000000F3
:108D800000000000000000000000000000000000E3
:108D900000000000000000000000000000000000D3
:108DA00000000000000000000000000000000000C3
:108DB00000000000000000000000000000000000B3
:108DC00000000000000000000000000000000000A3
:108DD0000000000000000000000000000000000093
:108DE00000000000000093F0E65A834E8B8FDE19DE
:108DF000BD56C556C556C536C536C536C556C55603
:108E0000C556C556C576C577C577C576C576BD56F0
:108E1000BD56BD56C556C556C556C536C536C536EA
:108E2000C516C536C576CDB7CD97CD97CD97CD971D
:108E3000CD97CD97CD97CD97CD77C577CD77CD779A
:108E4000CD77CD77C577C577C577C577C577C57732
:108E5000C577C577C577C577C577C577C577C57732
:108E6000C557C556C556BD15B4F5BD15BD15BD15BF
:108E7000B4D4BCF4A4328B2EB453B474AC74B49494
:108E8000B474B474B494B494B494B494B473B41384
:108E9000AC34AC33B453B454AC13ABF3AC13ABF14C
:108EA00082EDA4920000000000000000000000001D
:108EB00000000000000000000000000000000000B2
:108EC00000000000000000000000000000000000A2
:108ED0000000000000000000000000000000000092
:108EE0000000000000000000000000000000000082
:108EF0000000000000000000000000000000000072
:108F00000000000000000000000000000000000061
:108F10000000000000000000000000000000000051
:108F20000000000000000000000000000000000041
:108F30000000000000000000000000000000000031
:108F40000000000000000000000000000000000021
:108F50000410C312B0E50000A0A903086908D000FE
:108F600000006908E000000001E400000000A90022
:108F7000AD01000000DF86BFFF200003FC8C88B23B
:108F800000000CE20DB9F300008FD028B894400720
:108F900089E2F9BDFFF60008E7F98888810008E951
:108FA0008DFFC7000009F0015F1000000AF0004FBC
:108FB0002000000AE003CF20000004B000CC000035
:108FC000000000001000000000630000000000002E
:108FD0009F50000000000009F2000000000001FDA9
:108FE000000000000006FF90000000001EECF500ED
:108FF000000000CF44FF30000009F900CFF300006B
:109000008FB0003FFF5009C6000005FFF7000000C9
:109010000000010000000007D40000025104F90024
:1090200005EFD604F60000300005FAB3136AF8BE67
:10903000FCFD4FEE845CF0EA00BB820DB1F703F853
:10904000DE4F64F50EFC5CAE08F2094002F63EE02D
:1090500000000C60CFA0000052003E200000000085
:109060000000000005D600000002108F130000076A
:10907000F9AFFFC00006FEB89FE00007F979DF9066
:109080000008FFFECA70000AF3001540000DFFDF64
:10909000FFF4000FDFE97DF5004F6FA00CF200BD7B
:1090A0001FFEFFF103F40FE86FF01A3005800A503D
:1090B00000001E700000000000AF30000000200320
:1090C000F32670000DDBDFFEEFC006FA6446475161
:1090D000005A7DFFFC000000026AF3000000008ED1
:1090E0009FCD4000000CD8F863000001FFDF1000A6
:1090F0000000AC5EFD8520006C101AFFFFF4040038
:109100000003AEC3000000000000000000006EA0DD
:109110000000000002FF00000000001FD00000005F
:109120001501FC00000001FB0FEAD300000FA0FFB7
:10913000DC700000EA0FB00000000EA0FA00000092
:1091400000EA1FA124202ABFFEFFFFFD00BEB98850
:109150007778A00000000000000000BD21549300BB
:109160000005F61FCFA000000A10F5E600003AA0A7
:109170003F1EE600BFFF4B818A500018F25CFFF1F2
:109180000000AD28F3BC00000CEA09EF500000FF1E
:10919000301FF200007F800BDEE20000500AD24F49
:1091A000E400001970008FC2000D200C5000000177
:1091B000F901FC0000005F707FD700001AFF6DC34B
:1091C000F5001FFC67F6BCF7007DB9D8B63DC40DAD
:1091D000BFF61412C100ACFACEFCCF40002FCCDF9A
:1091E000ABF306EFF7AAFBAF302B5F6BAF75F30065
:1091F00002F6DAF55F30000D397D19C0000000007D
:109200000000000000000000000050040306010000
:109210000900000D0E0EFFFD6B00000D0E0BFFFF91
:10922000B800000D0C0C00FE0001000D0C0E00FE3D
:109230005401000D0D0D00FEA901000D0D0D00FEE5
:10924000FE01000D0D0C00FE4C02000D0D0D00FE88
:10925000000022502B516E52F553605B286B848BBB
:10926000598F00003A0000005A8F01005092040804
:1092700000000000090003005C8F0408009204084D
:10928000649204080000000000000108700400203F
:1092900069A301088DA201080F00030000FF01006F
:1092A000789204080000000000000000050FE3FCB5
:1092B000FF1F40001FF900007FFFE0007FFFFE005E
:1092C0003FF9BFD02FF00BFC0FF400FF03FC001F91
:1092D000E1FE0003FCBF4000FF2FD0003FCBF400B5
:1092E0000FF2FD0003FC7F4000FF1FE0003FC3FCC6
:1092F000001FE0FF400FF41FF40BFC03FF9BFD0079
:109300007FFFFE0007FFFE00002FF8000001007F36
:10931000E3FFEFFF6FFC1FF03FC0FF03FC0FF03FC8
:10932000C0FF03FC0FF03FC0FF03FC0FF03FC0FF86
:1093300003FC0FE03E40003E03FD0007FC3FD00071
:109340003FC3FD0003FC2FD0003FC2FD0003FC2FF4
:10935000D0003FC2FD0003FC2FFFFFFFC2FFFFFF55
:10936000FC2FFFFFFFC2FFFFFFFC2FD0003FC2FD1D
:109370000003FC2FD0003FC2FD0003FC2FD0003FB4
:10938000C2FD0003FC2FD0003FC2FD0003FC1FD034
:10939000002FC03E400003FD00003FD00003FD0051
:1093A000002FD00002FD00002FD00002FD00002F92
:1093B000D00002FD00002FD00002FD00002FD000E1
:1093C00002FD00002FD00002FD00002FD00002FEA1
:1093D000AAA82FFFFFD3FFFFFE3FFFFFF000000012
:1093E0000006FFE000000FFFFF80001FFFFFFC00F2
:1093F0001FFFEFFFC00FFE007FF40BFD0003FF0314
:10940000FE00003FD1FF00000BF8BFC00001FF2F9E
:10941000E000003FCBF800000FF2FE000007FCBFA9
:10942000800001FF1FF00000FFC3FE00007FD0BFDF
:10943000D0003FF00FFE007FF801FFFFFFFC001F90
:10944000FFFFFC0001FFFFF4000006FF900000009A
:109450000000000BFFFFFFF8BFFFFFFFD7FFFFFF7C
:10946000FE3FABFEAAD0003FC0000003FC0000009E
:109470003FC0000003FC0000003FC0000003FC00F0
:1094800000003FC0000003FC0000003FC0000003DC
:10949000FC0000003FC0000003FC0000003FC000D3
:1094A0000003FC0000003FC0000003FC0000002F90
:1094B000C0007F800007FCBFC0000BFC3FD0000F46
:1094C000F82FF0000FF40FF0001FF00FF8002FE05E
:1094D00007FC003FD003FD003FC002FE007F80017B
:1094E000FF00BF4000FF40FF0000BF81FE00003FC3
:1094F000C2FD00003FD3FC00002FF7F800000FFB77
:10950000F400000FFFF0000007FFF0000003FFD0A1
:10951000000003FFC0000002FF4000000000000048
:109520000000000000006008000000000000E009EA
:109530000505020007008012111501006100A00C52
:10954000071602008800201412150100E700B00F72
:109550000E1601FF3401601615150100A301F0116C
:1095600012160000060280131415000000000E0001
:109570001000110028002C002F00340036000000DD
:1095800020000000370001006C9504080000000076
:10959000090003000607060806090708070908026C
:1095A000080709020907F2DEDEF6F6E8F6E8F6003B
:1095B00094950408A695040809000000AC920408DC
:1095C0001C95040880950408B09504081000010457
:1095D0007804002069A301088DA20108170001008A
:1095E00000FD0200BC950408D495040800000000AA
:1095F0000AD505FFF06FFF01CF8000007CFFD70088
:1096000000001DFFFFFFD20000DFFFFEFFFD00078F
:10961000FFFA109FFF700FFFC0000CFFE04FFF40EC
:109620000004FFF39FFE000000EFF7AFFB00000017
:10963000BFFACFF9000000AFFBCFF90000008FFCAC
:10964000BFFA0000009FFCAFFB000000BFFA8FFFD5
:10965000000000EFF94FFF500003FFF40FFFD000B0
:109660000BFFF008FFFB109FFF8000DFFFFFFFFDF7
:1096700000002DFFFFFFD10000008DFFC70000009C
:109680002874000EFFF809FFFFA0BFFFFA002FFFAC
:10969000A000DFFA000CFFA000CFFA000CFFA00032
:1096A000BFFA000BFFA000BFFA000BFFA000BFFA3B
:1096B000000BFFA000BFFA000BFFA000CFFA000ACA
:1096C000FF800005ADFFD8100002DFFFFFFFE200C2
:1096D0000DFFFFFFFFFD001FFFF967EFFF500FFEBB
:1096E00020004FFF900BF300000FFFB0024000007E
:1096F0001FFF90000000007FFF5000000001EFFD01
:10970000000000000BFFF4000000008FFF9000003D
:109710000005FFFC000000004FFFE100000003FF18
:10972000FF400000005FFFF80000001AFFFFF55542
:1097300067816FFFFFFFFFFFF96FFFFFFFFFFFFD77
:109740004FFFFFFFFFFFFE000000000000000005CC
:10975000AEFFC6000000BFFFFFFFC00008FFFFFF15
:10976000FFFA000BFFE5008FFF100AFE20000EFF3E
:109770004003C300000DFF50000000003FFF300019
:10978000000015DFFD000000EFFFFFF3000000DF29
:10979000FFFFC10000006EFFFFFD00000000018F11
:1097A000FF80000000000AFFD00200000007FFF069
:1097B0000AC200000DFFE00EFF9557DFFFA00FFF6C
:1097C000FFFFFFFF3005FFFFFFFFF5000028CEFF82
:1097D000D82000000000007FB500000000000EFF50
:1097E000F10000000007FFFF2000000002FFFFF271
:1097F00000000000BFFFFF200000006FFEFFF2002E
:1098000000001FFE6FFF2000000BFF64FFF200004E
:1098100007FFB04FFF200002FFF103FFF20000DF5F
:10982000F6003FFF20009FFD2225FFF4342FFFFFAD
:10983000FFFFFFFF90EFFFFFFFFFFFF608FFFFFFB7
:10984000FFFFFE1003000003FFF200000000003FD6
:10985000FF200000000003FFF200000000002FFFC7
:1098600010000000000012340008FFFFFFFFFF801F
:1098700009FFFFFFFFFFC007FFFFFFFFFFF002FF31
:10988000FB6666676000DFF70000000000DFF500A0
:1098900000000000EFF40000000000FFFFFFEB50AD
:1098A0000002FFFFFFFFF900008999ABFFFF700086
:1098B00000000008FFF00000000000EFF4000000CE
:1098C0000000CFF60B10000000FFF62FD2000009B9
:1098D000FFF46FFFB646CFFFE05FFFFFFFFFFF60C3
:1098E0000AFFFFFFFFF800004AEFFFDA3000000038
:1098F0000029CFE400000019FFFFFD000002DFFF98
:10990000FFFF10002EFFFE84350000CFFF70000027
:109910000006FFF5000000000DFFA3686200001FB5
:10992000FFFFFFFFB1004FFFFFFFFFFE106FFFF7CC
:10993000116FFFB07FFF400006FFF28FFD000000B7
:10994000EFF77FFB000000CFF84FFF000000DFF7CC
:109950000FFF700002FFF508FFF5002DFFE000DFAC
:10996000FFEEFFFF50001CFFFFFFF60000005CEF62
:10997000D820003FFFFFFFFFFE34FFFFFFFFFFF98E
:109980000EFFFFFFFFFFD05A87777FFFE400000044
:1099900003FFF5000000009FFD000000000FFF70B6
:1099A00000000005FFF100000000AFFB0000000018
:1099B0000FFF6000000004FFF1000000009FFD00A9
:1099C0000000000DFFA000000001FFF800000000F3
:1099D0005FFF5000000008FFF400000000BFFF2000
:1099E0000000000EFFF100000000EFFF100000007B
:1099F000028CFFEB60000006FFFFFFFFD20004FFB8
:109A0000FFBADFFFD000CFFD20008FFF500FFF60B7
:109A10000000FFF700FFF600000EFF600DFFD00012
:109A200005FFF2005FFFEABEFFF900007FFFFFFFC6
:109A3000FF000006FFFFFFFFA10008FFFFFFFFFF81
:109A4000E103FFFC4014AFFFA08FFE1000008FFF6A
:109A500009FFB0000003FFF28FFE0000007FFF143B
:109A6000FFFD63249FFFD00DFFFFFFFFFFF5001DEB
:109A7000FFFFFFFFF7000005BEFFEC8200000002C1
:109A80008DFEB50000006FFFFFFFC10004FFFFEF78
:109A9000FFFC000EFFD3006FFF804FFF200007FF89
:109AA000E07FFD000000FFF48FFC000000BFF66FB8
:109AB000FE000000DFF82FFF600004FFF70BFFF649
:109AC000106FFFF601EFFFFFFFFFF3001BFFFFFF2B
:109AD000FFF0000026863BFFB0000000006FFF4053
:109AE00000000007FFFC00005347EFFFE10001FF0B
:109AF000FFFFFE200000DFFFFFA10000004FFD93ED
:109B00000000000000000002FD91000000000000C5
:109B1000004DFFF800000000000000EFFFFC000017
:109B20000000000004FFFFFF00000000000009FF2C
:109B3000FFFF4000000000000EFFABFF90000000A0
:109B400000004FFF56FFE000000000009FFF11FFE4
:109B5000F30000000000EFFB00CFF800000000045D
:109B6000FFF6008FFD000000000AFFFFFFFFFF303F
:109B70000000000FFFFFFFFFFF900000006FFFFFDE
:109B8000FFFFFFE0000000DFFD544448FFF5000048
:109B900006FFF7000001FFFB00002EFFF0000000B1
:109BA000CFFF100BFFFF700000007FFF700AFFFD6A
:109BB000000000003FFFE001BFD2000000000DFFE9
:109BC000F29FFE100000005FFF78FFF70000000921
:109BD000FFF62FFFC0000000CFFF10BFFF200000E6
:109BE0000FFFC004FFF7000003FFF7000EFFD000D7
:109BF000007FFF20009FFF30000CFFD00003FFF824
:109C00000000FFF800000EFFE0005FFF3000008F53
:109C1000FF3009FFE0000002FFF900EFF80000004C
:109C20000DFFE03FFF400000007FFF38FFE0000035
:109C30000001FFF9CFFA000000000CFFEFFF500019
:109C40000000007FFFFFF00000000001FFFFFB00AD
:109C5000000000000CFFFF6000000000008FFFB05C
:109C60000000009FFC00005FFF200000007FFF3825
:109C7000FFF50004FFF80000000BFFF22FFF90003B
:109C80000EFFE0000000EFFD00BFFE00007FFF3090
:109C900000001FFF8005FFF40001FFF9000005FF31
:109CA000F4000FFFA0000BFFE000009FFE0000AFDC
:109CB000FF00006FFF40000DFFA00004FFF500044F
:109CC000FFF90001FFF500000FFFA0008FFFE0008B
:109CD0006FFF000000AFFF000CFFFF400AFFB00065
:109CE0000004FFF500FFFFF900EFF60000000EFF93
:109CF000A05FFFFFE03FFF100000009FFF0AFFDFB3
:109D0000FF48FFC000000004FFF5FFF4FFF9DFF794
:109D1000000000000EFFEFFE0AFFEFFF2000000032
:109D200000AFFFFFA05FFFFFE00000000004FFFFA7
:109D3000F500FFFFF900000000000FFFFF000BFF20
:109D4000FF400000000000BFFF60007FFFA0000098
:109D5000000000000000000000000000000090086B
:109D6000050402000A0000100E1301008F00F00A23
:109D700007130100D20000100E1401FF5E01001055
:109D80000E130100E30100100F1300007202001017
:109D90000E140100FE0200100E1301008303C00D1B
:109DA0000D130000FF0300100F1301008E040010BC
:109DB0000E130100130560111413FE00D105E0100D
:109DC000111300007306A018191300000000020010
:109DD00003000400050006000700080009000A004F
:109DE0000B001300280029002E0000002A000100AB
:109DF000CC9D0408000000000E00030004060408C7
:109E0000040909010B010C0C0C0D0C0E0D010D0CBD
:109E10000E010E0CF8F8F8F8F808E3E3EBE7EBE7CF
:109E2000FC9D0408149E04080C000000F095040832
:109E3000549D0408E89D0408209E040810000108B1
:109E40008004002069A301088DA20108150001000B
:109E500000FD01002C9E0408449E04080000000040
:109E600004000008000000000000000200010000E3
:109E700010000000000000000030F13D0070643E62
:109E80000000A33E0090CF3E0090F83E00400F3F00
:109E900000E0203F0000000015B78337CDE37B389A
:109EA0000EE1C53860F69138AF5F0F38E1BC3E383F
:109EB00023F4473900000000000000003031323345
:109EC00034353637383941424344454640305800EE
:109ED0003031323334353637383961626364656620
:109EE00040307800303132333435363738396162BA
:109EF0006364656678700030313233343536373814
:109F00003941424344454658500000000240000099
:109F1000000000A00000000005400000000000C894
:109F2000000000000C4000000000409C0000000009
:109F3000194000000020BCBE0000000034400000BA
:109F4000BFC91B8E00000004B5400000504BCFD0AD
:109F50006607E2CF010000006C4100003E8251AA7A
:109F6000DFEEA73401000000D9420000DCB5A0E21A
:109F70003A301F97FFFFFFFFB4450000FD25A0C842
:109F8000E9A3C14FFFFFFFFFFF3F0000000000807B
:109F900000000000FF3F0000000000800000000003
:109FA0004B45595F46554E433320285042312900D6
:109FB0004B45595F454E435F31202850433133298B
:109FC000000000004B45595F454E435F322028504A
:109FD00043313429000000004B45595F454E435F33
:109FE0003320285043313529000000004B45595F8C
:109FF00046554E4331202850413629004B45595F84
:10A0000046554E4332202850413829005365744448
:10A0100041435F41000000005365744441435F4287
:10A0200000000000536574476174686572000000A9
:10A03000415F536574000000565F53657400000073
:10A040000A00000042746E310000000042746E325B
:10A050000000000042746E330000000042746E3451
:10A060000000000042746E35000000000000000097
:10A07000CCA104080000002088040000140200089D
:10A080002CA3040888040020A08C010070020008A2
:10A09000000000000000F07FFFFFFFFFFFFFEF7FE9
:10A0A0001C00000043000000F8FFFFFF0C00000050
:10A0B0000E0000000F0000002E0000001001000044
:10A0C00043000000F8FFFFFF004040404040404098
:10A0D000404041414141414040404040404040407B
:10A0E000404040404040404040050202020202021F
:10A0F000020202020202020202202020202020206E
:10A100002020200202020202020290909090909081
:10A11000101010101010101010101010101010103F
:10A1200010101010020202020202888888888888B3
:10A13000080808080808080808080808080808089F
:10A1400008080808020202024000000000000000A7
:10A1500000000000000000000000000000000000FF
:10A1600000000000000000000000000000000000EF
:10A1700000000000000000000000000000000000DF
:10A1800000000000000000000000000000000000CF
:10A1900000000000000000000000000000000000BF
:10A1A00000000000000000000000000000000000AF
:10A1B000000000000000000000000000000000009F
:10A1C00000000000000000000000000032108201CA
:10A1D0001324F4135D6E1408916F1B089D041AC5B7
:10A1E000041329701C086D6D04190C411704030930
:10A1F000041201140202021640830440571D02019A
:10A20000020341031A1A03139D2B1B0897041A9388
:10A21000041AC1041AD90441130A0632022A4080E2
:10A220001C0902434B111DC0320904911A020B1381
:10A230000524161001052401100901042402020559
:10A240002406170107058203081C10090481320A3D
:10A250001D07050102432C070581070938442A40E0
:10A26000072A8107112B0907440A3B044413C96ECE
:10A270001B0815044B8970E81A690C138D6D1B08B7
:10A28000EB04C11AB1181AA5041ABD041A990401E5
:10A29000201AAA01013419CA01311EB09F0408C452
:10A2A000041AD8041AEC041AFC041AA00401208B26
:10A2B0005D2FC8170CA0040835431B0818081A4D59
:10A2C000081A24081399441B083808133D451B0835
:10A2D00030081A651811032FFFFF0B2080BF0401FF
:10A2E0001E9A6208B20102272DA934017B02248044
:10A2F000C5D4C3B2A1021B70180E553A02088139A9
:10A300000208F938020875041A0D101A31101A598A
:10A31000041E44A004084C041A54041A40041A5C95
:0CA32000041A64041A6C040140000000E0
:04000005080001D915
:00000001FF
